exposure,outcome,id.exposure,id.outcome,samplesize,SNP,b,se,p,outcome_code
Years of schooling || id:ieu-a-1239,"Ischaemic heart disease, wide definition || id:finn-b-I9_IHD",ieu-a-1239,finn-b-I9_IHD,,rs10038382,-0.377831006693082,0.0505680984092471,7.9149316537548e-14,IHD
Years of schooling || id:ieu-a-1239,"Ischaemic heart disease, wide definition || id:finn-b-I9_IHD",ieu-a-1239,finn-b-I9_IHD,,rs10044730,-0.378853983524909,0.050543996121434,6.60315546710787e-14,IHD
Years of schooling || id:ieu-a-1239,"Ischaemic heart disease, wide definition || id:finn-b-I9_IHD",ieu-a-1239,finn-b-I9_IHD,,rs10073890,-0.377996398586768,0.0505758855737438,7.78840660413231e-14,IHD
Years of schooling || id:ieu-a-1239,"Ischaemic heart disease, wide definition || id:finn-b-I9_IHD",ieu-a-1239,finn-b-I9_IHD,,rs1008078,-0.373293260856968,0.0505886241688909,1.59487493008954e-13,IHD
Years of schooling || id:ieu-a-1239,"Ischaemic heart disease, wide definition || id:finn-b-I9_IHD",ieu-a-1239,finn-b-I9_IHD,,rs1018542,-0.377288874906594,0.0505561297297415,8.47208085346027e-14,IHD
Years of schooling || id:ieu-a-1239,"Ischaemic heart disease, wide definition || id:finn-b-I9_IHD",ieu-a-1239,finn-b-I9_IHD,,rs10189857,-0.373015171539845,0.0505798713959128,1.64622825773679e-13,IHD
Years of schooling || id:ieu-a-1239,"Ischaemic heart disease, wide definition || id:finn-b-I9_IHD",ieu-a-1239,finn-b-I9_IHD,,rs10190064,-0.377164858089493,0.0505498847004707,8.57114932409295e-14,IHD
Years of schooling || id:ieu-a-1239,"Ischaemic heart disease, wide definition || id:finn-b-I9_IHD",ieu-a-1239,finn-b-I9_IHD,,rs10205801,-0.378264295122636,0.050574616397876,7.47019197968898e-14,IHD
Years of schooling || id:ieu-a-1239,"Ischaemic heart disease, wide definition || id:finn-b-I9_IHD",ieu-a-1239,finn-b-I9_IHD,,rs10215082,-0.374896734896473,0.0505522446941583,1.20687287838908e-13,IHD
Years of schooling || id:ieu-a-1239,"Ischaemic heart disease, wide definition || id:finn-b-I9_IHD",ieu-a-1239,finn-b-I9_IHD,,rs10240905,-0.376146445117721,0.0505539113021885,1.00303894806709e-13,IHD
Years of schooling || id:ieu-a-1239,"Ischaemic heart disease, wide definition || id:finn-b-I9_IHD",ieu-a-1239,finn-b-I9_IHD,,rs10456918,-0.377158352410566,0.0505704993295112,8.77986493062107e-14,IHD
Years of schooling || id:ieu-a-1239,"Ischaemic heart disease, wide definition || id:finn-b-I9_IHD",ieu-a-1239,finn-b-I9_IHD,,rs10460095,-0.378735815903644,0.0505688524314721,6.91323636473127e-14,IHD
Years of schooling || id:ieu-a-1239,"Ischaemic heart disease, wide definition || id:finn-b-I9_IHD",ieu-a-1239,finn-b-I9_IHD,,rs1047586,-0.377392916163225,0.0505584130120101,8.36210078518711e-14,IHD
Years of schooling || id:ieu-a-1239,"Ischaemic heart disease, wide definition || id:finn-b-I9_IHD",ieu-a-1239,finn-b-I9_IHD,,rs1051474,-0.377591297377533,0.0505914826412485,8.42315400263621e-14,IHD
Years of schooling || id:ieu-a-1239,"Ischaemic heart disease, wide definition || id:finn-b-I9_IHD",ieu-a-1239,finn-b-I9_IHD,,rs10518910,-0.379200781850064,0.050534416908036,6.19880242527076e-14,IHD
Years of schooling || id:ieu-a-1239,"Ischaemic heart disease, wide definition || id:finn-b-I9_IHD",ieu-a-1239,finn-b-I9_IHD,,rs10760023,-0.376223949378246,0.0505483495303268,9.85335015036945e-14,IHD
Years of schooling || id:ieu-a-1239,"Ischaemic heart disease, wide definition || id:finn-b-I9_IHD",ieu-a-1239,finn-b-I9_IHD,,rs10765775,-0.376517352392886,0.0505954548334519,9.93805552319574e-14,IHD
Years of schooling || id:ieu-a-1239,"Ischaemic heart disease, wide definition || id:finn-b-I9_IHD",ieu-a-1239,finn-b-I9_IHD,,rs1076780,-0.377314718854179,0.0505504832477407,8.38600941407608e-14,IHD
Years of schooling || id:ieu-a-1239,"Ischaemic heart disease, wide definition || id:finn-b-I9_IHD",ieu-a-1239,finn-b-I9_IHD,,rs10772644,-0.38375983927736,0.0503134036084262,2.3955820133599e-14,IHD
Years of schooling || id:ieu-a-1239,"Ischaemic heart disease, wide definition || id:finn-b-I9_IHD",ieu-a-1239,finn-b-I9_IHD,,rs10773002,-0.376037424087323,0.0506761264612794,1.16762005093779e-13,IHD
Years of schooling || id:ieu-a-1239,"Ischaemic heart disease, wide definition || id:finn-b-I9_IHD",ieu-a-1239,finn-b-I9_IHD,,rs10783860,-0.375678565051039,0.0505160972906073,1.03146548101084e-13,IHD
Years of schooling || id:ieu-a-1239,"Ischaemic heart disease, wide definition || id:finn-b-I9_IHD",ieu-a-1239,finn-b-I9_IHD,,rs10844179,-0.37579315285474,0.0505360426826708,1.03668966824044e-13,IHD
Years of schooling || id:ieu-a-1239,"Ischaemic heart disease, wide definition || id:finn-b-I9_IHD",ieu-a-1239,finn-b-I9_IHD,,rs10849559,-0.381347734512228,0.0503309518219129,3.54172438953189e-14,IHD
Years of schooling || id:ieu-a-1239,"Ischaemic heart disease, wide definition || id:finn-b-I9_IHD",ieu-a-1239,finn-b-I9_IHD,,rs10856785,-0.377770790923894,0.0505752390567302,8.05116874817468e-14,IHD
Years of schooling || id:ieu-a-1239,"Ischaemic heart disease, wide definition || id:finn-b-I9_IHD",ieu-a-1239,finn-b-I9_IHD,,rs10862376,-0.380984921049021,0.050519483202149,4.65143845108951e-14,IHD
Years of schooling || id:ieu-a-1239,"Ischaemic heart disease, wide definition || id:finn-b-I9_IHD",ieu-a-1239,finn-b-I9_IHD,,rs10867522,-0.377547996441809,0.0505565901079446,8.15283665934351e-14,IHD
Years of schooling || id:ieu-a-1239,"Ischaemic heart disease, wide definition || id:finn-b-I9_IHD",ieu-a-1239,finn-b-I9_IHD,,rs10875121,-0.377168910863531,0.050634698714423,9.41765835817632e-14,IHD
Years of schooling || id:ieu-a-1239,"Ischaemic heart disease, wide definition || id:finn-b-I9_IHD",ieu-a-1239,finn-b-I9_IHD,,rs10887801,-0.378074379845392,0.0505796415427716,7.73018878034157e-14,IHD
Years of schooling || id:ieu-a-1239,"Ischaemic heart disease, wide definition || id:finn-b-I9_IHD",ieu-a-1239,finn-b-I9_IHD,,rs10940921,-0.377203896399159,0.0505784582376839,8.79807864990764e-14,IHD
Years of schooling || id:ieu-a-1239,"Ischaemic heart disease, wide definition || id:finn-b-I9_IHD",ieu-a-1239,finn-b-I9_IHD,,rs10951590,-0.375133352459137,0.0504658595375452,1.05834359645001e-13,IHD
Years of schooling || id:ieu-a-1239,"Ischaemic heart disease, wide definition || id:finn-b-I9_IHD",ieu-a-1239,finn-b-I9_IHD,,rs10963297,-0.371903661065784,0.0505214599674626,1.82126713519137e-13,IHD
Years of schooling || id:ieu-a-1239,"Ischaemic heart disease, wide definition || id:finn-b-I9_IHD",ieu-a-1239,finn-b-I9_IHD,,rs10994777,-0.377012109985797,0.050559900647972,8.86884541494833e-14,IHD
Years of schooling || id:ieu-a-1239,"Ischaemic heart disease, wide definition || id:finn-b-I9_IHD",ieu-a-1239,finn-b-I9_IHD,,rs11023749,-0.380671044528727,0.0504989011253957,4.7648618522217e-14,IHD
Years of schooling || id:ieu-a-1239,"Ischaemic heart disease, wide definition || id:finn-b-I9_IHD",ieu-a-1239,finn-b-I9_IHD,,rs11030086,-0.378014711594705,0.050556911047078,7.60305479768033e-14,IHD
Years of schooling || id:ieu-a-1239,"Ischaemic heart disease, wide definition || id:finn-b-I9_IHD",ieu-a-1239,finn-b-I9_IHD,,rs1106090,-0.379988142861182,0.0505467306298917,5.58074217136347e-14,IHD
Years of schooling || id:ieu-a-1239,"Ischaemic heart disease, wide definition || id:finn-b-I9_IHD",ieu-a-1239,finn-b-I9_IHD,,rs11081529,-0.377857181474579,0.0505947056500536,8.12284265298206e-14,IHD
Years of schooling || id:ieu-a-1239,"Ischaemic heart disease, wide definition || id:finn-b-I9_IHD",ieu-a-1239,finn-b-I9_IHD,,rs11123818,-0.37704025330674,0.0507116306921686,1.04579208587679e-13,IHD
Years of schooling || id:ieu-a-1239,"Ischaemic heart disease, wide definition || id:finn-b-I9_IHD",ieu-a-1239,finn-b-I9_IHD,,rs11124434,-0.373648823303876,0.0502758164917587,1.06984613128241e-13,IHD
Years of schooling || id:ieu-a-1239,"Ischaemic heart disease, wide definition || id:finn-b-I9_IHD",ieu-a-1239,finn-b-I9_IHD,,rs11130380,-0.378426617837205,0.050548063247796,7.07500808588897e-14,IHD
Years of schooling || id:ieu-a-1239,"Ischaemic heart disease, wide definition || id:finn-b-I9_IHD",ieu-a-1239,finn-b-I9_IHD,,rs111821073,-0.378143713474735,0.0505647065249496,7.52259856547348e-14,IHD
Years of schooling || id:ieu-a-1239,"Ischaemic heart disease, wide definition || id:finn-b-I9_IHD",ieu-a-1239,finn-b-I9_IHD,,rs11214468,-0.375187968112295,0.0504824206070052,1.06925857149803e-13,IHD
Years of schooling || id:ieu-a-1239,"Ischaemic heart disease, wide definition || id:finn-b-I9_IHD",ieu-a-1239,finn-b-I9_IHD,,rs11222609,-0.378679774833315,0.0505567055742059,6.87693760358357e-14,IHD
Years of schooling || id:ieu-a-1239,"Ischaemic heart disease, wide definition || id:finn-b-I9_IHD",ieu-a-1239,finn-b-I9_IHD,,rs112372188,-0.379583180644059,0.0505310950661014,5.82872164668671e-14,IHD
Years of schooling || id:ieu-a-1239,"Ischaemic heart disease, wide definition || id:finn-b-I9_IHD",ieu-a-1239,finn-b-I9_IHD,,rs11245388,-0.377804650131456,0.0505648204273379,7.91715021576048e-14,IHD
Years of schooling || id:ieu-a-1239,"Ischaemic heart disease, wide definition || id:finn-b-I9_IHD",ieu-a-1239,finn-b-I9_IHD,,rs112687095,-0.376903258717278,0.0505311147482551,8.72906871198592e-14,IHD
Years of schooling || id:ieu-a-1239,"Ischaemic heart disease, wide definition || id:finn-b-I9_IHD",ieu-a-1239,finn-b-I9_IHD,,rs113182709,-0.379721218244897,0.0504617714263685,5.27492118971959e-14,IHD
Years of schooling || id:ieu-a-1239,"Ischaemic heart disease, wide definition || id:finn-b-I9_IHD",ieu-a-1239,finn-b-I9_IHD,,rs113520408,-0.373207244622911,0.0503829604638526,1.28789838456797e-13,IHD
Years of schooling || id:ieu-a-1239,"Ischaemic heart disease, wide definition || id:finn-b-I9_IHD",ieu-a-1239,finn-b-I9_IHD,,rs113615161,-0.374391424058356,0.0504252577270118,1.13052538249119e-13,IHD
Years of schooling || id:ieu-a-1239,"Ischaemic heart disease, wide definition || id:finn-b-I9_IHD",ieu-a-1239,finn-b-I9_IHD,,rs1143770,-0.37854563960035,0.0505724438615227,7.14298436020908e-14,IHD
Years of schooling || id:ieu-a-1239,"Ischaemic heart disease, wide definition || id:finn-b-I9_IHD",ieu-a-1239,finn-b-I9_IHD,,rs115000530,-0.37296535286354,0.0503689331681291,1.31476520554415e-13,IHD
Years of schooling || id:ieu-a-1239,"Ischaemic heart disease, wide definition || id:finn-b-I9_IHD",ieu-a-1239,finn-b-I9_IHD,,rs11575902,-0.37461382893108,0.0504150266319776,1.08107271685639e-13,IHD
Years of schooling || id:ieu-a-1239,"Ischaemic heart disease, wide definition || id:finn-b-I9_IHD",ieu-a-1239,finn-b-I9_IHD,,rs1158542,-0.378563164145763,0.0505461195167571,6.91573076595206e-14,IHD
Years of schooling || id:ieu-a-1239,"Ischaemic heart disease, wide definition || id:finn-b-I9_IHD",ieu-a-1239,finn-b-I9_IHD,,rs11601122,-0.380921450769337,0.0506163409699554,5.24540553310552e-14,IHD
Years of schooling || id:ieu-a-1239,"Ischaemic heart disease, wide definition || id:finn-b-I9_IHD",ieu-a-1239,finn-b-I9_IHD,,rs11620355,-0.374984483872228,0.0504666692887932,1.08319336342982e-13,IHD
Years of schooling || id:ieu-a-1239,"Ischaemic heart disease, wide definition || id:finn-b-I9_IHD",ieu-a-1239,finn-b-I9_IHD,,rs11627087,-0.378632289087723,0.0505388226532713,6.78786866624424e-14,IHD
Years of schooling || id:ieu-a-1239,"Ischaemic heart disease, wide definition || id:finn-b-I9_IHD",ieu-a-1239,finn-b-I9_IHD,,rs11635092,-0.376647333385262,0.0505685252568164,9.4581992277272e-14,IHD
Years of schooling || id:ieu-a-1239,"Ischaemic heart disease, wide definition || id:finn-b-I9_IHD",ieu-a-1239,finn-b-I9_IHD,,rs11657342,-0.377050458831986,0.0506045939958481,9.26960395112444e-14,IHD
Years of schooling || id:ieu-a-1239,"Ischaemic heart disease, wide definition || id:finn-b-I9_IHD",ieu-a-1239,finn-b-I9_IHD,,rs11658532,-0.375025317403837,0.0504528562050113,1.06014999588567e-13,IHD
Years of schooling || id:ieu-a-1239,"Ischaemic heart disease, wide definition || id:finn-b-I9_IHD",ieu-a-1239,finn-b-I9_IHD,,rs11663602,-0.3769053760544,0.0505815729027156,9.23293645486722e-14,IHD
Years of schooling || id:ieu-a-1239,"Ischaemic heart disease, wide definition || id:finn-b-I9_IHD",ieu-a-1239,finn-b-I9_IHD,,rs11678980,-0.381114002782976,0.0506107084041858,5.06224568225911e-14,IHD
Years of schooling || id:ieu-a-1239,"Ischaemic heart disease, wide definition || id:finn-b-I9_IHD",ieu-a-1239,finn-b-I9_IHD,,rs11681861,-0.378417105048147,0.0505518524298329,7.11549646027256e-14,IHD
Years of schooling || id:ieu-a-1239,"Ischaemic heart disease, wide definition || id:finn-b-I9_IHD",ieu-a-1239,finn-b-I9_IHD,,rs11694904,-0.380186290125257,0.0505053515147157,5.16641453523997e-14,IHD
Years of schooling || id:ieu-a-1239,"Ischaemic heart disease, wide definition || id:finn-b-I9_IHD",ieu-a-1239,finn-b-I9_IHD,,rs1171044,-0.377724819969441,0.0505532054724333,7.90887731892608e-14,IHD
Years of schooling || id:ieu-a-1239,"Ischaemic heart disease, wide definition || id:finn-b-I9_IHD",ieu-a-1239,finn-b-I9_IHD,,rs11713577,-0.376047036074217,0.0505158824581595,9.75818571770895e-14,IHD
Years of schooling || id:ieu-a-1239,"Ischaemic heart disease, wide definition || id:finn-b-I9_IHD",ieu-a-1239,finn-b-I9_IHD,,rs11732657,-0.3775668653722,0.0505788652967922,8.33542142561616e-14,IHD
Years of schooling || id:ieu-a-1239,"Ischaemic heart disease, wide definition || id:finn-b-I9_IHD",ieu-a-1239,finn-b-I9_IHD,,rs11733040,-0.374443523982387,0.050434806143526,1.13371249662466e-13,IHD
Years of schooling || id:ieu-a-1239,"Ischaemic heart disease, wide definition || id:finn-b-I9_IHD",ieu-a-1239,finn-b-I9_IHD,,rs117468730,-0.37570166603142,0.0505051835634493,1.01547590962849e-13,IHD
Years of schooling || id:ieu-a-1239,"Ischaemic heart disease, wide definition || id:finn-b-I9_IHD",ieu-a-1239,finn-b-I9_IHD,,rs11752914,-0.376654422223594,0.0505475464487539,9.22934764273762e-14,IHD
Years of schooling || id:ieu-a-1239,"Ischaemic heart disease, wide definition || id:finn-b-I9_IHD",ieu-a-1239,finn-b-I9_IHD,,rs11772580,-0.380435760723095,0.0505011556169503,4.95082669484709e-14,IHD
Years of schooling || id:ieu-a-1239,"Ischaemic heart disease, wide definition || id:finn-b-I9_IHD",ieu-a-1239,finn-b-I9_IHD,,rs117813291,-0.378386932555657,0.0504813379311018,6.60055763673559e-14,IHD
Years of schooling || id:ieu-a-1239,"Ischaemic heart disease, wide definition || id:finn-b-I9_IHD",ieu-a-1239,finn-b-I9_IHD,,rs117862461,-0.379326146879043,0.0504700406958978,5.65347181947949e-14,IHD
Years of schooling || id:ieu-a-1239,"Ischaemic heart disease, wide definition || id:finn-b-I9_IHD",ieu-a-1239,finn-b-I9_IHD,,rs11787240,-0.379291914724309,0.0505181345025904,6.00215259614884e-14,IHD
Years of schooling || id:ieu-a-1239,"Ischaemic heart disease, wide definition || id:finn-b-I9_IHD",ieu-a-1239,finn-b-I9_IHD,,rs11789013,-0.379828583627136,0.0504892019045116,5.35470738481183e-14,IHD
Years of schooling || id:ieu-a-1239,"Ischaemic heart disease, wide definition || id:finn-b-I9_IHD",ieu-a-1239,finn-b-I9_IHD,,rs11791889,-0.379982857943873,0.0504638263305784,5.08154902069277e-14,IHD
Years of schooling || id:ieu-a-1239,"Ischaemic heart disease, wide definition || id:finn-b-I9_IHD",ieu-a-1239,finn-b-I9_IHD,,rs117931400,-0.378909265331844,0.0505506676663668,6.59790380827767e-14,IHD
Years of schooling || id:ieu-a-1239,"Ischaemic heart disease, wide definition || id:finn-b-I9_IHD",ieu-a-1239,finn-b-I9_IHD,,rs11846738,-0.378377164931312,0.0505497225605665,7.14126392021566e-14,IHD
Years of schooling || id:ieu-a-1239,"Ischaemic heart disease, wide definition || id:finn-b-I9_IHD",ieu-a-1239,finn-b-I9_IHD,,rs11871429,-0.374934265279122,0.0505360600327871,1.17880422483781e-13,IHD
Years of schooling || id:ieu-a-1239,"Ischaemic heart disease, wide definition || id:finn-b-I9_IHD",ieu-a-1239,finn-b-I9_IHD,,rs11930840,-0.37398332538635,0.0503568498296022,1.11372098973678e-13,IHD
Years of schooling || id:ieu-a-1239,"Ischaemic heart disease, wide definition || id:finn-b-I9_IHD",ieu-a-1239,finn-b-I9_IHD,,rs11956806,-0.376478639948241,0.0505332462047324,9.32568843926443e-14,IHD
Years of schooling || id:ieu-a-1239,"Ischaemic heart disease, wide definition || id:finn-b-I9_IHD",ieu-a-1239,finn-b-I9_IHD,,rs1200083,-0.376293921266721,0.0505245461263113,9.49493221787102e-14,IHD
Years of schooling || id:ieu-a-1239,"Ischaemic heart disease, wide definition || id:finn-b-I9_IHD",ieu-a-1239,finn-b-I9_IHD,,rs12005151,-0.377457722690526,0.0505572972436427,8.27073415860358e-14,IHD
Years of schooling || id:ieu-a-1239,"Ischaemic heart disease, wide definition || id:finn-b-I9_IHD",ieu-a-1239,finn-b-I9_IHD,,rs12028010,-0.375982978130269,0.0506008713917552,1.08297860559357e-13,IHD
Years of schooling || id:ieu-a-1239,"Ischaemic heart disease, wide definition || id:finn-b-I9_IHD",ieu-a-1239,finn-b-I9_IHD,,rs12126231,-0.376408837504418,0.050543657459267,9.53404341027967e-14,IHD
Years of schooling || id:ieu-a-1239,"Ischaemic heart disease, wide definition || id:finn-b-I9_IHD",ieu-a-1239,finn-b-I9_IHD,,rs12131391,-0.377931449445815,0.0505516835522844,7.65375804978763e-14,IHD
Years of schooling || id:ieu-a-1239,"Ischaemic heart disease, wide definition || id:finn-b-I9_IHD",ieu-a-1239,finn-b-I9_IHD,,rs12137565,-0.378070364192361,0.0505579783115799,7.54871550774432e-14,IHD
Years of schooling || id:ieu-a-1239,"Ischaemic heart disease, wide definition || id:finn-b-I9_IHD",ieu-a-1239,finn-b-I9_IHD,,rs12147929,-0.379571155937684,0.0504947681445861,5.60305844139576e-14,IHD
Years of schooling || id:ieu-a-1239,"Ischaemic heart disease, wide definition || id:finn-b-I9_IHD",ieu-a-1239,finn-b-I9_IHD,,rs12148463,-0.378238278661092,0.050565910142451,7.42636843131409e-14,IHD
Years of schooling || id:ieu-a-1239,"Ischaemic heart disease, wide definition || id:finn-b-I9_IHD",ieu-a-1239,finn-b-I9_IHD,,rs12193669,-0.375276956907667,0.0504813672564926,1.05386083860824e-13,IHD
Years of schooling || id:ieu-a-1239,"Ischaemic heart disease, wide definition || id:finn-b-I9_IHD",ieu-a-1239,finn-b-I9_IHD,,rs12195064,-0.379132511431899,0.0505340875053237,6.26070984530881e-14,IHD
Years of schooling || id:ieu-a-1239,"Ischaemic heart disease, wide definition || id:finn-b-I9_IHD",ieu-a-1239,finn-b-I9_IHD,,rs12316750,-0.38008650675862,0.0504636450927592,5.00119709822904e-14,IHD
Years of schooling || id:ieu-a-1239,"Ischaemic heart disease, wide definition || id:finn-b-I9_IHD",ieu-a-1239,finn-b-I9_IHD,,rs12332731,-0.377512001014481,0.0505448596947091,8.08983795727271e-14,IHD
Years of schooling || id:ieu-a-1239,"Ischaemic heart disease, wide definition || id:finn-b-I9_IHD",ieu-a-1239,finn-b-I9_IHD,,rs12375949,-0.373609361433341,0.0505263475706072,1.42104558332689e-13,IHD
Years of schooling || id:ieu-a-1239,"Ischaemic heart disease, wide definition || id:finn-b-I9_IHD",ieu-a-1239,finn-b-I9_IHD,,rs12468040,-0.382466877478361,0.0504954744432154,3.61123950400857e-14,IHD
Years of schooling || id:ieu-a-1239,"Ischaemic heart disease, wide definition || id:finn-b-I9_IHD",ieu-a-1239,finn-b-I9_IHD,,rs1247777,-0.377812999886308,0.0505583635866361,7.8500686900032e-14,IHD
Years of schooling || id:ieu-a-1239,"Ischaemic heart disease, wide definition || id:finn-b-I9_IHD",ieu-a-1239,finn-b-I9_IHD,,rs12503522,-0.375612737836431,0.0505293158724186,1.05712628851138e-13,IHD
Years of schooling || id:ieu-a-1239,"Ischaemic heart disease, wide definition || id:finn-b-I9_IHD",ieu-a-1239,finn-b-I9_IHD,,rs12519073,-0.381168453307103,0.0504428480583385,4.14244638750857e-14,IHD
Years of schooling || id:ieu-a-1239,"Ischaemic heart disease, wide definition || id:finn-b-I9_IHD",ieu-a-1239,finn-b-I9_IHD,,rs12548614,-0.379724147185341,0.0504905269360346,5.44833974089022e-14,IHD
Years of schooling || id:ieu-a-1239,"Ischaemic heart disease, wide definition || id:finn-b-I9_IHD",ieu-a-1239,finn-b-I9_IHD,,rs12574281,-0.380201962623865,0.0505098119849682,5.18045438639241e-14,IHD
Years of schooling || id:ieu-a-1239,"Ischaemic heart disease, wide definition || id:finn-b-I9_IHD",ieu-a-1239,finn-b-I9_IHD,,rs12602286,-0.375509445959965,0.050568693267074,1.12159864107108e-13,IHD
Years of schooling || id:ieu-a-1239,"Ischaemic heart disease, wide definition || id:finn-b-I9_IHD",ieu-a-1239,finn-b-I9_IHD,,rs12614263,-0.379797755067565,0.0504911480760291,5.39172966725449e-14,IHD
Years of schooling || id:ieu-a-1239,"Ischaemic heart disease, wide definition || id:finn-b-I9_IHD",ieu-a-1239,finn-b-I9_IHD,,rs12638072,-0.377035645335063,0.0505550569009155,8.78980151243414e-14,IHD
Years of schooling || id:ieu-a-1239,"Ischaemic heart disease, wide definition || id:finn-b-I9_IHD",ieu-a-1239,finn-b-I9_IHD,,rs12643771,-0.375214839056142,0.0505653699922765,1.16774682809187e-13,IHD
Years of schooling || id:ieu-a-1239,"Ischaemic heart disease, wide definition || id:finn-b-I9_IHD",ieu-a-1239,finn-b-I9_IHD,,rs12644463,-0.379365909663763,0.0505169924245999,5.92768908722674e-14,IHD
Years of schooling || id:ieu-a-1239,"Ischaemic heart disease, wide definition || id:finn-b-I9_IHD",ieu-a-1239,finn-b-I9_IHD,,rs12647336,-0.376161005710868,0.0505342467454463,9.79149474032658e-14,IHD
Years of schooling || id:ieu-a-1239,"Ischaemic heart disease, wide definition || id:finn-b-I9_IHD",ieu-a-1239,finn-b-I9_IHD,,rs12655753,-0.379045567891333,0.0506070379932013,6.88855051433969e-14,IHD
Years of schooling || id:ieu-a-1239,"Ischaemic heart disease, wide definition || id:finn-b-I9_IHD",ieu-a-1239,finn-b-I9_IHD,,rs12682775,-0.375695801426933,0.0505411184521792,1.05786559767734e-13,IHD
Years of schooling || id:ieu-a-1239,"Ischaemic heart disease, wide definition || id:finn-b-I9_IHD",ieu-a-1239,finn-b-I9_IHD,,rs12789951,-0.375951238817314,0.0504937916493188,9.65820885373453e-14,IHD
Years of schooling || id:ieu-a-1239,"Ischaemic heart disease, wide definition || id:finn-b-I9_IHD",ieu-a-1239,finn-b-I9_IHD,,rs12804787,-0.375964817407034,0.0504871810515652,9.56762464830414e-14,IHD
Years of schooling || id:ieu-a-1239,"Ischaemic heart disease, wide definition || id:finn-b-I9_IHD",ieu-a-1239,finn-b-I9_IHD,,rs12890551,-0.378417370363634,0.0505370740884047,6.99757364640084e-14,IHD
Years of schooling || id:ieu-a-1239,"Ischaemic heart disease, wide definition || id:finn-b-I9_IHD",ieu-a-1239,finn-b-I9_IHD,,rs1291818,-0.37503047583464,0.0505105440505473,1.12954031763528e-13,IHD
Years of schooling || id:ieu-a-1239,"Ischaemic heart disease, wide definition || id:finn-b-I9_IHD",ieu-a-1239,finn-b-I9_IHD,,rs12940014,-0.372250466653407,0.0501894212513053,1.19883516811609e-13,IHD
Years of schooling || id:ieu-a-1239,"Ischaemic heart disease, wide definition || id:finn-b-I9_IHD",ieu-a-1239,finn-b-I9_IHD,,rs13009008,-0.379762514255737,0.05051188926789,5.55016462750426e-14,IHD
Years of schooling || id:ieu-a-1239,"Ischaemic heart disease, wide definition || id:finn-b-I9_IHD",ieu-a-1239,finn-b-I9_IHD,,rs13029509,-0.374801840942116,0.0504892266288114,1.14149381240722e-13,IHD
Years of schooling || id:ieu-a-1239,"Ischaemic heart disease, wide definition || id:finn-b-I9_IHD",ieu-a-1239,finn-b-I9_IHD,,rs13090388,-0.37109768009845,0.050829984380652,2.86139930760333e-13,IHD
Years of schooling || id:ieu-a-1239,"Ischaemic heart disease, wide definition || id:finn-b-I9_IHD",ieu-a-1239,finn-b-I9_IHD,,rs13097447,-0.377406701418407,0.0505660516226595,8.4165675772677e-14,IHD
Years of schooling || id:ieu-a-1239,"Ischaemic heart disease, wide definition || id:finn-b-I9_IHD",ieu-a-1239,finn-b-I9_IHD,,rs13141210,-0.377516390205213,0.0506107531702493,8.70407722252068e-14,IHD
Years of schooling || id:ieu-a-1239,"Ischaemic heart disease, wide definition || id:finn-b-I9_IHD",ieu-a-1239,finn-b-I9_IHD,,rs13145650,-0.378439034158561,0.0505731976763847,7.26471127827393e-14,IHD
Years of schooling || id:ieu-a-1239,"Ischaemic heart disease, wide definition || id:finn-b-I9_IHD",ieu-a-1239,finn-b-I9_IHD,,rs13298735,-0.377254993333602,0.0505397823517215,8.36066148394762e-14,IHD
Years of schooling || id:ieu-a-1239,"Ischaemic heart disease, wide definition || id:finn-b-I9_IHD",ieu-a-1239,finn-b-I9_IHD,,rs1334297,-0.372355013732702,0.05067386474545,2.01091907115585e-13,IHD
Years of schooling || id:ieu-a-1239,"Ischaemic heart disease, wide definition || id:finn-b-I9_IHD",ieu-a-1239,finn-b-I9_IHD,,rs13422673,-0.378257771570592,0.0505891585363076,7.60083160194915e-14,IHD
Years of schooling || id:ieu-a-1239,"Ischaemic heart disease, wide definition || id:finn-b-I9_IHD",ieu-a-1239,finn-b-I9_IHD,,rs13428598,-0.376700388494527,0.050633063834116,1.00830008362834e-13,IHD
Years of schooling || id:ieu-a-1239,"Ischaemic heart disease, wide definition || id:finn-b-I9_IHD",ieu-a-1239,finn-b-I9_IHD,,rs1358906,-0.379042550701751,0.0505418027585206,6.40201498498796e-14,IHD
Years of schooling || id:ieu-a-1239,"Ischaemic heart disease, wide definition || id:finn-b-I9_IHD",ieu-a-1239,finn-b-I9_IHD,,rs1363862,-0.376688819311617,0.0505564093119747,9.27324571834841e-14,IHD
Years of schooling || id:ieu-a-1239,"Ischaemic heart disease, wide definition || id:finn-b-I9_IHD",ieu-a-1239,finn-b-I9_IHD,,rs1368885,-0.381064369732492,0.0503661676751887,3.85248215593589e-14,IHD
Years of schooling || id:ieu-a-1239,"Ischaemic heart disease, wide definition || id:finn-b-I9_IHD",ieu-a-1239,finn-b-I9_IHD,,rs1381247,-0.381377478030305,0.0504271643986098,3.94067858052301e-14,IHD
Years of schooling || id:ieu-a-1239,"Ischaemic heart disease, wide definition || id:finn-b-I9_IHD",ieu-a-1239,finn-b-I9_IHD,,rs1391438,-0.380166056366069,0.0506145074582587,5.86730453376166e-14,IHD
Years of schooling || id:ieu-a-1239,"Ischaemic heart disease, wide definition || id:finn-b-I9_IHD",ieu-a-1239,finn-b-I9_IHD,,rs1427298,-0.37670078179351,0.0505612725430597,9.30705338937645e-14,IHD
Years of schooling || id:ieu-a-1239,"Ischaemic heart disease, wide definition || id:finn-b-I9_IHD",ieu-a-1239,finn-b-I9_IHD,,rs143743568,-0.376984292531664,0.050550462026843,8.81237032524725e-14,IHD
Years of schooling || id:ieu-a-1239,"Ischaemic heart disease, wide definition || id:finn-b-I9_IHD",ieu-a-1239,finn-b-I9_IHD,,rs1437543,-0.378264709948993,0.0505629562975181,7.37232863765298e-14,IHD
Years of schooling || id:ieu-a-1239,"Ischaemic heart disease, wide definition || id:finn-b-I9_IHD",ieu-a-1239,finn-b-I9_IHD,,rs143970234,-0.377588124595136,0.0505493485552043,8.03820174283727e-14,IHD
Years of schooling || id:ieu-a-1239,"Ischaemic heart disease, wide definition || id:finn-b-I9_IHD",ieu-a-1239,finn-b-I9_IHD,,rs144596928,-0.376522708038964,0.0505549729786601,9.49183682650039e-14,IHD
Years of schooling || id:ieu-a-1239,"Ischaemic heart disease, wide definition || id:finn-b-I9_IHD",ieu-a-1239,finn-b-I9_IHD,,rs1447360,-0.3772279058076,0.0505548322150174,8.53758175093097e-14,IHD
Years of schooling || id:ieu-a-1239,"Ischaemic heart disease, wide definition || id:finn-b-I9_IHD",ieu-a-1239,finn-b-I9_IHD,,rs144760360,-0.377774832881185,0.0505585530336361,7.89692795458446e-14,IHD
Years of schooling || id:ieu-a-1239,"Ischaemic heart disease, wide definition || id:finn-b-I9_IHD",ieu-a-1239,finn-b-I9_IHD,,rs1450782,-0.377400176217793,0.0505664914193223,8.42897202600041e-14,IHD
Years of schooling || id:ieu-a-1239,"Ischaemic heart disease, wide definition || id:finn-b-I9_IHD",ieu-a-1239,finn-b-I9_IHD,,rs145702246,-0.377228026242356,0.0505502829537201,8.49401466179578e-14,IHD
Years of schooling || id:ieu-a-1239,"Ischaemic heart disease, wide definition || id:finn-b-I9_IHD",ieu-a-1239,finn-b-I9_IHD,,rs1462043,-0.383565099569533,0.0500198723866483,1.74353008056778e-14,IHD
Years of schooling || id:ieu-a-1239,"Ischaemic heart disease, wide definition || id:finn-b-I9_IHD",ieu-a-1239,finn-b-I9_IHD,,rs147323855,-0.376804663129265,0.0505175310330544,8.72549880349145e-14,IHD
Years of schooling || id:ieu-a-1239,"Ischaemic heart disease, wide definition || id:finn-b-I9_IHD",ieu-a-1239,finn-b-I9_IHD,,rs1505676,-0.37800544006902,0.0505514918633839,7.56738944591787e-14,IHD
Years of schooling || id:ieu-a-1239,"Ischaemic heart disease, wide definition || id:finn-b-I9_IHD",ieu-a-1239,finn-b-I9_IHD,,rs1521328,-0.378445637006833,0.0505381019496382,6.97591198445554e-14,IHD
Years of schooling || id:ieu-a-1239,"Ischaemic heart disease, wide definition || id:finn-b-I9_IHD",ieu-a-1239,finn-b-I9_IHD,,rs152603,-0.378153185690341,0.05056006807811,7.47277545396753e-14,IHD
Years of schooling || id:ieu-a-1239,"Ischaemic heart disease, wide definition || id:finn-b-I9_IHD",ieu-a-1239,finn-b-I9_IHD,,rs1544,-0.378051575515054,0.050552061890998,7.51985505154822e-14,IHD
Years of schooling || id:ieu-a-1239,"Ischaemic heart disease, wide definition || id:finn-b-I9_IHD",ieu-a-1239,finn-b-I9_IHD,,rs1558727,-0.382150075793899,0.0503771029385139,3.30469715744159e-14,IHD
Years of schooling || id:ieu-a-1239,"Ischaemic heart disease, wide definition || id:finn-b-I9_IHD",ieu-a-1239,finn-b-I9_IHD,,rs1566085,-0.380842135332846,0.050610124420538,5.27127581363807e-14,IHD
Years of schooling || id:ieu-a-1239,"Ischaemic heart disease, wide definition || id:finn-b-I9_IHD",ieu-a-1239,finn-b-I9_IHD,,rs1569092,-0.378941115523709,0.0505772395636466,6.76641262115777e-14,IHD
Years of schooling || id:ieu-a-1239,"Ischaemic heart disease, wide definition || id:finn-b-I9_IHD",ieu-a-1239,finn-b-I9_IHD,,rs1582173,-0.378496346252845,0.05056668598867,7.14965016268827e-14,IHD
Years of schooling || id:ieu-a-1239,"Ischaemic heart disease, wide definition || id:finn-b-I9_IHD",ieu-a-1239,finn-b-I9_IHD,,rs1584469,-0.380554623626599,0.0505408408153146,5.08781939473041e-14,IHD
Years of schooling || id:ieu-a-1239,"Ischaemic heart disease, wide definition || id:finn-b-I9_IHD",ieu-a-1239,finn-b-I9_IHD,,rs1592757,-0.373300279102368,0.0503520876680853,1.22731485866772e-13,IHD
Years of schooling || id:ieu-a-1239,"Ischaemic heart disease, wide definition || id:finn-b-I9_IHD",ieu-a-1239,finn-b-I9_IHD,,rs1595973,-0.377384281560613,0.0505690759326556,8.47361742706566e-14,IHD
Years of schooling || id:ieu-a-1239,"Ischaemic heart disease, wide definition || id:finn-b-I9_IHD",ieu-a-1239,finn-b-I9_IHD,,rs1620977,-0.380139729786205,0.0506540620801162,6.16048015907827e-14,IHD
Years of schooling || id:ieu-a-1239,"Ischaemic heart disease, wide definition || id:finn-b-I9_IHD",ieu-a-1239,finn-b-I9_IHD,,rs165633,-0.376194914229287,0.0505396088782817,9.80031049207748e-14,IHD
Years of schooling || id:ieu-a-1239,"Ischaemic heart disease, wide definition || id:finn-b-I9_IHD",ieu-a-1239,finn-b-I9_IHD,,rs1662233,-0.375188351143387,0.050464469621188,1.04803049673319e-13,IHD
Years of schooling || id:ieu-a-1239,"Ischaemic heart disease, wide definition || id:finn-b-I9_IHD",ieu-a-1239,finn-b-I9_IHD,,rs1671770,-0.377140764287403,0.0505654640731516,8.75359985059291e-14,IHD
Years of schooling || id:ieu-a-1239,"Ischaemic heart disease, wide definition || id:finn-b-I9_IHD",ieu-a-1239,finn-b-I9_IHD,,rs16846463,-0.375974001184789,0.0505697008677637,1.0475153076542e-13,IHD
Years of schooling || id:ieu-a-1239,"Ischaemic heart disease, wide definition || id:finn-b-I9_IHD",ieu-a-1239,finn-b-I9_IHD,,rs16854920,-0.380274714898453,0.0504778849174523,4.94012453829286e-14,IHD
Years of schooling || id:ieu-a-1239,"Ischaemic heart disease, wide definition || id:finn-b-I9_IHD",ieu-a-1239,finn-b-I9_IHD,,rs1689510,-0.376564115850472,0.050643574835141,1.04113811944507e-13,IHD
Years of schooling || id:ieu-a-1239,"Ischaemic heart disease, wide definition || id:finn-b-I9_IHD",ieu-a-1239,finn-b-I9_IHD,,rs1693584,-0.3790759838783,0.0505393777477555,6.35232340285263e-14,IHD
Years of schooling || id:ieu-a-1239,"Ischaemic heart disease, wide definition || id:finn-b-I9_IHD",ieu-a-1239,finn-b-I9_IHD,,rs16995054,-0.377307543894702,0.0505773782469437,8.65185569387488e-14,IHD
Years of schooling || id:ieu-a-1239,"Ischaemic heart disease, wide definition || id:finn-b-I9_IHD",ieu-a-1239,finn-b-I9_IHD,,rs17014806,-0.380225482342122,0.0504053383220066,4.58023598006595e-14,IHD
Years of schooling || id:ieu-a-1239,"Ischaemic heart disease, wide definition || id:finn-b-I9_IHD",ieu-a-1239,finn-b-I9_IHD,,rs17048855,-0.379550020788119,0.0505613773108093,6.06279562272755e-14,IHD
Years of schooling || id:ieu-a-1239,"Ischaemic heart disease, wide definition || id:finn-b-I9_IHD",ieu-a-1239,finn-b-I9_IHD,,rs17104413,-0.374548629838391,0.0504353631057369,1.11669303612137e-13,IHD
Years of schooling || id:ieu-a-1239,"Ischaemic heart disease, wide definition || id:finn-b-I9_IHD",ieu-a-1239,finn-b-I9_IHD,,rs17110109,-0.380937554085567,0.0504633021271644,4.3927488326546e-14,IHD
Years of schooling || id:ieu-a-1239,"Ischaemic heart disease, wide definition || id:finn-b-I9_IHD",ieu-a-1239,finn-b-I9_IHD,,rs17115183,-0.378631442749677,0.0505489084015822,6.8665068023964e-14,IHD
Years of schooling || id:ieu-a-1239,"Ischaemic heart disease, wide definition || id:finn-b-I9_IHD",ieu-a-1239,finn-b-I9_IHD,,rs17126938,-0.378491107022068,0.0505523541298645,7.04059398917296e-14,IHD
Years of schooling || id:ieu-a-1239,"Ischaemic heart disease, wide definition || id:finn-b-I9_IHD",ieu-a-1239,finn-b-I9_IHD,,rs17144467,-0.378922956548184,0.0505287416722914,6.42296595829776e-14,IHD
Years of schooling || id:ieu-a-1239,"Ischaemic heart disease, wide definition || id:finn-b-I9_IHD",ieu-a-1239,finn-b-I9_IHD,,rs17243165,-0.381065851685287,0.0501676682952655,3.05789467105061e-14,IHD
Years of schooling || id:ieu-a-1239,"Ischaemic heart disease, wide definition || id:finn-b-I9_IHD",ieu-a-1239,finn-b-I9_IHD,,rs1738050,-0.376766500477926,0.050542403819873,9.02343061399607e-14,IHD
Years of schooling || id:ieu-a-1239,"Ischaemic heart disease, wide definition || id:finn-b-I9_IHD",ieu-a-1239,finn-b-I9_IHD,,rs17425572,-0.382483930458742,0.0504243431773852,3.31710510724997e-14,IHD
Years of schooling || id:ieu-a-1239,"Ischaemic heart disease, wide definition || id:finn-b-I9_IHD",ieu-a-1239,finn-b-I9_IHD,,rs17489649,-0.375778852420589,0.0505750494640058,1.08496511400753e-13,IHD
Years of schooling || id:ieu-a-1239,"Ischaemic heart disease, wide definition || id:finn-b-I9_IHD",ieu-a-1239,finn-b-I9_IHD,,rs175325,-0.374859302056532,0.0505205856825542,1.17180626518683e-13,IHD
Years of schooling || id:ieu-a-1239,"Ischaemic heart disease, wide definition || id:finn-b-I9_IHD",ieu-a-1239,finn-b-I9_IHD,,rs17536059,-0.376491609402061,0.0505213173212674,9.1842606237365e-14,IHD
Years of schooling || id:ieu-a-1239,"Ischaemic heart disease, wide definition || id:finn-b-I9_IHD",ieu-a-1239,finn-b-I9_IHD,,rs17551064,-0.379066894771985,0.0505631743491179,6.53464377740482e-14,IHD
Years of schooling || id:ieu-a-1239,"Ischaemic heart disease, wide definition || id:finn-b-I9_IHD",ieu-a-1239,finn-b-I9_IHD,,rs17563464,-0.379437212334353,0.0505427251605407,6.03792565139813e-14,IHD
Years of schooling || id:ieu-a-1239,"Ischaemic heart disease, wide definition || id:finn-b-I9_IHD",ieu-a-1239,finn-b-I9_IHD,,rs17565975,-0.377808975619855,0.0505862403470135,8.10454365999542e-14,IHD
Years of schooling || id:ieu-a-1239,"Ischaemic heart disease, wide definition || id:finn-b-I9_IHD",ieu-a-1239,finn-b-I9_IHD,,rs17598675,-0.377730808031332,0.0505900188790909,8.23506308110111e-14,IHD
Years of schooling || id:ieu-a-1239,"Ischaemic heart disease, wide definition || id:finn-b-I9_IHD",ieu-a-1239,finn-b-I9_IHD,,rs176218,-0.375357356442594,0.0506243442219542,1.22027095324455e-13,IHD
Years of schooling || id:ieu-a-1239,"Ischaemic heart disease, wide definition || id:finn-b-I9_IHD",ieu-a-1239,finn-b-I9_IHD,,rs1827540,-0.376633363782099,0.0505642898268802,9.43331612927579e-14,IHD
Years of schooling || id:ieu-a-1239,"Ischaemic heart disease, wide definition || id:finn-b-I9_IHD",ieu-a-1239,finn-b-I9_IHD,,rs1866823,-0.376723487370455,0.05055862417453,9.2480221874001e-14,IHD
Years of schooling || id:ieu-a-1239,"Ischaemic heart disease, wide definition || id:finn-b-I9_IHD",ieu-a-1239,finn-b-I9_IHD,,rs1882273,-0.377162760926712,0.0505842340313901,8.90990173648599e-14,IHD
Years of schooling || id:ieu-a-1239,"Ischaemic heart disease, wide definition || id:finn-b-I9_IHD",ieu-a-1239,finn-b-I9_IHD,,rs192436652,-0.377465052940194,0.0506274076900789,8.93612812600732e-14,IHD
Years of schooling || id:ieu-a-1239,"Ischaemic heart disease, wide definition || id:finn-b-I9_IHD",ieu-a-1239,finn-b-I9_IHD,,rs1925576,-0.377875760771403,0.0505712751974697,7.88996619701793e-14,IHD
Years of schooling || id:ieu-a-1239,"Ischaemic heart disease, wide definition || id:finn-b-I9_IHD",ieu-a-1239,finn-b-I9_IHD,,rs1934363,-0.376710878749011,0.0505364504382305,9.03866751038484e-14,IHD
Years of schooling || id:ieu-a-1239,"Ischaemic heart disease, wide definition || id:finn-b-I9_IHD",ieu-a-1239,finn-b-I9_IHD,,rs1938391,-0.378291949554197,0.0505354215025619,7.11781078470858e-14,IHD
Years of schooling || id:ieu-a-1239,"Ischaemic heart disease, wide definition || id:finn-b-I9_IHD",ieu-a-1239,finn-b-I9_IHD,,rs1947114,-0.380908600166516,0.0504578530070357,4.38461556586575e-14,IHD
Years of schooling || id:ieu-a-1239,"Ischaemic heart disease, wide definition || id:finn-b-I9_IHD",ieu-a-1239,finn-b-I9_IHD,,rs1964927,-0.372694045972803,0.0504688835583572,1.52877592937494e-13,IHD
Years of schooling || id:ieu-a-1239,"Ischaemic heart disease, wide definition || id:finn-b-I9_IHD",ieu-a-1239,finn-b-I9_IHD,,rs1981627,-0.377896363536819,0.0505631155149487,7.79378822565864e-14,IHD
Years of schooling || id:ieu-a-1239,"Ischaemic heart disease, wide definition || id:finn-b-I9_IHD",ieu-a-1239,finn-b-I9_IHD,,rs200234,-0.380709454588363,0.0504357783635862,4.40636153229725e-14,IHD
Years of schooling || id:ieu-a-1239,"Ischaemic heart disease, wide definition || id:finn-b-I9_IHD",ieu-a-1239,finn-b-I9_IHD,,rs2016392,-0.382346766095854,0.0503731748999212,3.19202018949641e-14,IHD
Years of schooling || id:ieu-a-1239,"Ischaemic heart disease, wide definition || id:finn-b-I9_IHD",ieu-a-1239,finn-b-I9_IHD,,rs2041120,-0.376577620705592,0.0505470285925184,9.33086365095379e-14,IHD
Years of schooling || id:ieu-a-1239,"Ischaemic heart disease, wide definition || id:finn-b-I9_IHD",ieu-a-1239,finn-b-I9_IHD,,rs2043294,-0.379251513687975,0.0505066000475573,5.96036702480032e-14,IHD
Years of schooling || id:ieu-a-1239,"Ischaemic heart disease, wide definition || id:finn-b-I9_IHD",ieu-a-1239,finn-b-I9_IHD,,rs2052285,-0.380144130481681,0.0505294266922623,5.34422739441439e-14,IHD
Years of schooling || id:ieu-a-1239,"Ischaemic heart disease, wide definition || id:finn-b-I9_IHD",ieu-a-1239,finn-b-I9_IHD,,rs2067854,-0.379147506919349,0.0505904938275704,6.6581150025534e-14,IHD
Years of schooling || id:ieu-a-1239,"Ischaemic heart disease, wide definition || id:finn-b-I9_IHD",ieu-a-1239,finn-b-I9_IHD,,rs2163048,-0.376409981011966,0.0505235088511421,9.320253777783e-14,IHD
Years of schooling || id:ieu-a-1239,"Ischaemic heart disease, wide definition || id:finn-b-I9_IHD",ieu-a-1239,finn-b-I9_IHD,,rs2179152,-0.375973144802815,0.0505904095651341,1.07204362683089e-13,IHD
Years of schooling || id:ieu-a-1239,"Ischaemic heart disease, wide definition || id:finn-b-I9_IHD",ieu-a-1239,finn-b-I9_IHD,,rs2182505,-0.377539585262693,0.0505589204215764,8.18452119349133e-14,IHD
Years of schooling || id:ieu-a-1239,"Ischaemic heart disease, wide definition || id:finn-b-I9_IHD",ieu-a-1239,finn-b-I9_IHD,,rs2212430,-0.377240865239798,0.0505687095811184,8.65446656132041e-14,IHD
Years of schooling || id:ieu-a-1239,"Ischaemic heart disease, wide definition || id:finn-b-I9_IHD",ieu-a-1239,finn-b-I9_IHD,,rs2221929,-0.376062867254372,0.0505230413457042,9.81313708062258e-14,IHD
Years of schooling || id:ieu-a-1239,"Ischaemic heart disease, wide definition || id:finn-b-I9_IHD",ieu-a-1239,finn-b-I9_IHD,,rs2242523,-0.379941773260008,0.0504715077144268,5.1583898526797e-14,IHD
Years of schooling || id:ieu-a-1239,"Ischaemic heart disease, wide definition || id:finn-b-I9_IHD",ieu-a-1239,finn-b-I9_IHD,,rs225291,-0.378949693252852,0.0505495327965505,6.54938052507652e-14,IHD
Years of schooling || id:ieu-a-1239,"Ischaemic heart disease, wide definition || id:finn-b-I9_IHD",ieu-a-1239,finn-b-I9_IHD,,rs2256965,-0.368966939054102,0.0497947654528978,1.26534358223949e-13,IHD
Years of schooling || id:ieu-a-1239,"Ischaemic heart disease, wide definition || id:finn-b-I9_IHD",ieu-a-1239,finn-b-I9_IHD,,rs2274568,-0.375069090881604,0.0504648483653846,1.06738223022135e-13,IHD
Years of schooling || id:ieu-a-1239,"Ischaemic heart disease, wide definition || id:finn-b-I9_IHD",ieu-a-1239,finn-b-I9_IHD,,rs2283076,-0.37503597426977,0.0504400916023715,1.04350296588238e-13,IHD
Years of schooling || id:ieu-a-1239,"Ischaemic heart disease, wide definition || id:finn-b-I9_IHD",ieu-a-1239,finn-b-I9_IHD,,rs2287838,-0.381059797873862,0.0504923605294587,4.45808180168645e-14,IHD
Years of schooling || id:ieu-a-1239,"Ischaemic heart disease, wide definition || id:finn-b-I9_IHD",ieu-a-1239,finn-b-I9_IHD,,rs2295654,-0.381429478888616,0.0503666768041817,3.64555378615449e-14,IHD
Years of schooling || id:ieu-a-1239,"Ischaemic heart disease, wide definition || id:finn-b-I9_IHD",ieu-a-1239,finn-b-I9_IHD,,rs2297293,-0.377670036953219,0.0505600052313728,8.03541110853922e-14,IHD
Years of schooling || id:ieu-a-1239,"Ischaemic heart disease, wide definition || id:finn-b-I9_IHD",ieu-a-1239,finn-b-I9_IHD,,rs2302761,-0.376460962158021,0.0505593239216276,9.6267081285717e-14,IHD
Years of schooling || id:ieu-a-1239,"Ischaemic heart disease, wide definition || id:finn-b-I9_IHD",ieu-a-1239,finn-b-I9_IHD,,rs2347526,-0.377933991011366,0.0505962257728888,8.04338502521201e-14,IHD
Years of schooling || id:ieu-a-1239,"Ischaemic heart disease, wide definition || id:finn-b-I9_IHD",ieu-a-1239,finn-b-I9_IHD,,rs242093,-0.375847292174838,0.0505359243995647,1.02818459285963e-13,IHD
Years of schooling || id:ieu-a-1239,"Ischaemic heart disease, wide definition || id:finn-b-I9_IHD",ieu-a-1239,finn-b-I9_IHD,,rs2422858,-0.380447368921147,0.0504252478806925,4.5305390716619e-14,IHD
Years of schooling || id:ieu-a-1239,"Ischaemic heart disease, wide definition || id:finn-b-I9_IHD",ieu-a-1239,finn-b-I9_IHD,,rs2447535,-0.378041571778583,0.0505873376999218,7.83586137975985e-14,IHD
Years of schooling || id:ieu-a-1239,"Ischaemic heart disease, wide definition || id:finn-b-I9_IHD",ieu-a-1239,finn-b-I9_IHD,,rs2469226,-0.375917888195703,0.0504890108503082,9.65495643806855e-14,IHD
Years of schooling || id:ieu-a-1239,"Ischaemic heart disease, wide definition || id:finn-b-I9_IHD",ieu-a-1239,finn-b-I9_IHD,,rs2506141,-0.377377226068176,0.0505575543054477,8.37376514230897e-14,IHD
Years of schooling || id:ieu-a-1239,"Ischaemic heart disease, wide definition || id:finn-b-I9_IHD",ieu-a-1239,finn-b-I9_IHD,,rs2520122,-0.377174880915779,0.0505501925391917,8.56121104788915e-14,IHD
Years of schooling || id:ieu-a-1239,"Ischaemic heart disease, wide definition || id:finn-b-I9_IHD",ieu-a-1239,finn-b-I9_IHD,,rs2554835,-0.377363767650342,0.0505679891406421,8.48941199565194e-14,IHD
Years of schooling || id:ieu-a-1239,"Ischaemic heart disease, wide definition || id:finn-b-I9_IHD",ieu-a-1239,finn-b-I9_IHD,,rs2570497,-0.382619405417744,0.0504005299781038,3.16040053630002e-14,IHD
Years of schooling || id:ieu-a-1239,"Ischaemic heart disease, wide definition || id:finn-b-I9_IHD",ieu-a-1239,finn-b-I9_IHD,,rs269636,-0.378381737699108,0.0505505209438559,7.14277362673322e-14,IHD
Years of schooling || id:ieu-a-1239,"Ischaemic heart disease, wide definition || id:finn-b-I9_IHD",ieu-a-1239,finn-b-I9_IHD,,rs2725370,-0.371423096649794,0.0503653018092724,1.64860290889594e-13,IHD
Years of schooling || id:ieu-a-1239,"Ischaemic heart disease, wide definition || id:finn-b-I9_IHD",ieu-a-1239,finn-b-I9_IHD,,rs2728741,-0.377319275061612,0.0505572320354688,8.44391557689819e-14,IHD
Years of schooling || id:ieu-a-1239,"Ischaemic heart disease, wide definition || id:finn-b-I9_IHD",ieu-a-1239,finn-b-I9_IHD,,rs277828,-0.378368336254878,0.0505507654145651,7.15917970490497e-14,IHD
Years of schooling || id:ieu-a-1239,"Ischaemic heart disease, wide definition || id:finn-b-I9_IHD",ieu-a-1239,finn-b-I9_IHD,,rs2799448,-0.376780463034589,0.0505448457023118,9.0291736556326e-14,IHD
Years of schooling || id:ieu-a-1239,"Ischaemic heart disease, wide definition || id:finn-b-I9_IHD",ieu-a-1239,finn-b-I9_IHD,,rs2819336,-0.385480840444514,0.0504552367947647,2.17127087630939e-14,IHD
Years of schooling || id:ieu-a-1239,"Ischaemic heart disease, wide definition || id:finn-b-I9_IHD",ieu-a-1239,finn-b-I9_IHD,,rs2820314,-0.376471540260647,0.050555328032185,9.56869991947584e-14,IHD
Years of schooling || id:ieu-a-1239,"Ischaemic heart disease, wide definition || id:finn-b-I9_IHD",ieu-a-1239,finn-b-I9_IHD,,rs28373063,-0.376360598538689,0.0505364542479714,9.52632054951865e-14,IHD
Years of schooling || id:ieu-a-1239,"Ischaemic heart disease, wide definition || id:finn-b-I9_IHD",ieu-a-1239,finn-b-I9_IHD,,rs28513670,-0.376674164854573,0.0505938675096129,9.69034787645156e-14,IHD
Years of schooling || id:ieu-a-1239,"Ischaemic heart disease, wide definition || id:finn-b-I9_IHD",ieu-a-1239,finn-b-I9_IHD,,rs28703682,-0.378964181021399,0.0505354675082834,6.43190488310975e-14,IHD
Years of schooling || id:ieu-a-1239,"Ischaemic heart disease, wide definition || id:finn-b-I9_IHD",ieu-a-1239,finn-b-I9_IHD,,rs2885198,-0.376898567914676,0.050567736599762,9.10058855810576e-14,IHD
Years of schooling || id:ieu-a-1239,"Ischaemic heart disease, wide definition || id:finn-b-I9_IHD",ieu-a-1239,finn-b-I9_IHD,,rs2901616,-0.376210008828252,0.050538941900904,9.77089463538599e-14,IHD
Years of schooling || id:ieu-a-1239,"Ischaemic heart disease, wide definition || id:finn-b-I9_IHD",ieu-a-1239,finn-b-I9_IHD,,rs2903739,-0.376844625685927,0.0505476748370624,8.97100639874554e-14,IHD
Years of schooling || id:ieu-a-1239,"Ischaemic heart disease, wide definition || id:finn-b-I9_IHD",ieu-a-1239,finn-b-I9_IHD,,rs2905426,-0.379587066688565,0.0505219436486912,5.76504231596547e-14,IHD
Years of schooling || id:ieu-a-1239,"Ischaemic heart disease, wide definition || id:finn-b-I9_IHD",ieu-a-1239,finn-b-I9_IHD,,rs2923431,-0.375760354069818,0.050546980738837,1.05455045607271e-13,IHD
Years of schooling || id:ieu-a-1239,"Ischaemic heart disease, wide definition || id:finn-b-I9_IHD",ieu-a-1239,finn-b-I9_IHD,,rs2929032,-0.376902412294889,0.0505466096950179,8.88295345433777e-14,IHD
Years of schooling || id:ieu-a-1239,"Ischaemic heart disease, wide definition || id:finn-b-I9_IHD",ieu-a-1239,finn-b-I9_IHD,,rs2971970,-0.374905859997562,0.0505361038534205,1.18387426756024e-13,IHD
Years of schooling || id:ieu-a-1239,"Ischaemic heart disease, wide definition || id:finn-b-I9_IHD",ieu-a-1239,finn-b-I9_IHD,,rs2998315,-0.378234116506584,0.0505969942939553,7.69538078578339e-14,IHD
Years of schooling || id:ieu-a-1239,"Ischaemic heart disease, wide definition || id:finn-b-I9_IHD",ieu-a-1239,finn-b-I9_IHD,,rs3013014,-0.377546582323225,0.0505719658489876,8.29643111585533e-14,IHD
Years of schooling || id:ieu-a-1239,"Ischaemic heart disease, wide definition || id:finn-b-I9_IHD",ieu-a-1239,finn-b-I9_IHD,,rs301800,-0.377985836627877,0.050584941031179,7.88053064793927e-14,IHD
Years of schooling || id:ieu-a-1239,"Ischaemic heart disease, wide definition || id:finn-b-I9_IHD",ieu-a-1239,finn-b-I9_IHD,,rs3026996,-0.376264551856828,0.0505858459483286,1.02113611287664e-13,IHD
Years of schooling || id:ieu-a-1239,"Ischaemic heart disease, wide definition || id:finn-b-I9_IHD",ieu-a-1239,finn-b-I9_IHD,,rs307913,-0.378174074345143,0.0505448803995562,7.3229942756054e-14,IHD
Years of schooling || id:ieu-a-1239,"Ischaemic heart disease, wide definition || id:finn-b-I9_IHD",ieu-a-1239,finn-b-I9_IHD,,rs3127447,-0.378753528296754,0.0505423315919241,6.69136693822552e-14,IHD
Years of schooling || id:ieu-a-1239,"Ischaemic heart disease, wide definition || id:finn-b-I9_IHD",ieu-a-1239,finn-b-I9_IHD,,rs31940,-0.377603555698031,0.0505686079022988,8.19481769143173e-14,IHD
Years of schooling || id:ieu-a-1239,"Ischaemic heart disease, wide definition || id:finn-b-I9_IHD",ieu-a-1239,finn-b-I9_IHD,,rs319,-0.377334156790121,0.0505606741074882,8.45763040182718e-14,IHD
Years of schooling || id:ieu-a-1239,"Ischaemic heart disease, wide definition || id:finn-b-I9_IHD",ieu-a-1239,finn-b-I9_IHD,,rs324300,-0.377041730926289,0.0505581508151354,8.81223991262982e-14,IHD
Years of schooling || id:ieu-a-1239,"Ischaemic heart disease, wide definition || id:finn-b-I9_IHD",ieu-a-1239,finn-b-I9_IHD,,rs337637,-0.383322746902914,0.0502922659427637,2.49963842826307e-14,IHD
Years of schooling || id:ieu-a-1239,"Ischaemic heart disease, wide definition || id:finn-b-I9_IHD",ieu-a-1239,finn-b-I9_IHD,,rs338119,-0.381159410751807,0.0503895323631037,3.90085568126192e-14,IHD
Years of schooling || id:ieu-a-1239,"Ischaemic heart disease, wide definition || id:finn-b-I9_IHD",ieu-a-1239,finn-b-I9_IHD,,rs34316,-0.384584893016769,0.050572740008163,2.85811135276579e-14,IHD
Years of schooling || id:ieu-a-1239,"Ischaemic heart disease, wide definition || id:finn-b-I9_IHD",ieu-a-1239,finn-b-I9_IHD,,rs34363861,-0.377870635373494,0.0505599878777719,7.79654643030581e-14,IHD
Years of schooling || id:ieu-a-1239,"Ischaemic heart disease, wide definition || id:finn-b-I9_IHD",ieu-a-1239,finn-b-I9_IHD,,rs34485537,-0.379615894273035,0.0505440196427613,5.88571501689649e-14,IHD
Years of schooling || id:ieu-a-1239,"Ischaemic heart disease, wide definition || id:finn-b-I9_IHD",ieu-a-1239,finn-b-I9_IHD,,rs34853711,-0.374108587427903,0.0504819824526142,1.25601468252477e-13,IHD
Years of schooling || id:ieu-a-1239,"Ischaemic heart disease, wide definition || id:finn-b-I9_IHD",ieu-a-1239,finn-b-I9_IHD,,rs35039375,-0.375334958798396,0.0505230583986224,1.09435532895728e-13,IHD
Years of schooling || id:ieu-a-1239,"Ischaemic heart disease, wide definition || id:finn-b-I9_IHD",ieu-a-1239,finn-b-I9_IHD,,rs35309068,-0.376705117623752,0.0505980918094676,9.69106945910335e-14,IHD
Years of schooling || id:ieu-a-1239,"Ischaemic heart disease, wide definition || id:finn-b-I9_IHD",ieu-a-1239,finn-b-I9_IHD,,rs35316276,-0.377817988393604,0.050579551799072,8.03306491436078e-14,IHD
Years of schooling || id:ieu-a-1239,"Ischaemic heart disease, wide definition || id:finn-b-I9_IHD",ieu-a-1239,finn-b-I9_IHD,,rs35417702,-0.376322402588059,0.0506112983783856,1.04140572437093e-13,IHD
Years of schooling || id:ieu-a-1239,"Ischaemic heart disease, wide definition || id:finn-b-I9_IHD",ieu-a-1239,finn-b-I9_IHD,,rs35475880,-0.379215594827095,0.0505980222604642,6.64642168715909e-14,IHD
Years of schooling || id:ieu-a-1239,"Ischaemic heart disease, wide definition || id:finn-b-I9_IHD",ieu-a-1239,finn-b-I9_IHD,,rs35532491,-0.376939307504617,0.0505382314820804,8.75142287845594e-14,IHD
Years of schooling || id:ieu-a-1239,"Ischaemic heart disease, wide definition || id:finn-b-I9_IHD",ieu-a-1239,finn-b-I9_IHD,,rs35550545,-0.376991962644784,0.0505512613745535,8.81011032203393e-14,IHD
Years of schooling || id:ieu-a-1239,"Ischaemic heart disease, wide definition || id:finn-b-I9_IHD",ieu-a-1239,finn-b-I9_IHD,,rs36083520,-0.372890156114566,0.0503885848172261,1.35887086570024e-13,IHD
Years of schooling || id:ieu-a-1239,"Ischaemic heart disease, wide definition || id:finn-b-I9_IHD",ieu-a-1239,finn-b-I9_IHD,,rs36119825,-0.381020876852204,0.0504726348805819,4.38415697019297e-14,IHD
Years of schooling || id:ieu-a-1239,"Ischaemic heart disease, wide definition || id:finn-b-I9_IHD",ieu-a-1239,finn-b-I9_IHD,,rs363096,-0.374659676568961,0.050545753185795,1.24138863612576e-13,IHD
Years of schooling || id:ieu-a-1239,"Ischaemic heart disease, wide definition || id:finn-b-I9_IHD",ieu-a-1239,finn-b-I9_IHD,,rs3747631,-0.381762277868583,0.0506272773533024,4.67655987575643e-14,IHD
Years of schooling || id:ieu-a-1239,"Ischaemic heart disease, wide definition || id:finn-b-I9_IHD",ieu-a-1239,finn-b-I9_IHD,,rs3766979,-0.378107858329391,0.0505564199938444,7.49309346366367e-14,IHD
Years of schooling || id:ieu-a-1239,"Ischaemic heart disease, wide definition || id:finn-b-I9_IHD",ieu-a-1239,finn-b-I9_IHD,,rs3788556,-0.37632272684389,0.0505652175421933,9.89292945701413e-14,IHD
Years of schooling || id:ieu-a-1239,"Ischaemic heart disease, wide definition || id:finn-b-I9_IHD",ieu-a-1239,finn-b-I9_IHD,,rs3800546,-0.377788995749457,0.0505796149884479,8.0687036327403e-14,IHD
Years of schooling || id:ieu-a-1239,"Ischaemic heart disease, wide definition || id:finn-b-I9_IHD",ieu-a-1239,finn-b-I9_IHD,,rs3809634,-0.378220056017301,0.0505634998006245,7.42658417253325e-14,IHD
Years of schooling || id:ieu-a-1239,"Ischaemic heart disease, wide definition || id:finn-b-I9_IHD",ieu-a-1239,finn-b-I9_IHD,,rs382196,-0.378075025059866,0.0505615096731893,7.57345383617826e-14,IHD
Years of schooling || id:ieu-a-1239,"Ischaemic heart disease, wide definition || id:finn-b-I9_IHD",ieu-a-1239,finn-b-I9_IHD,,rs3890802,-0.377427939910892,0.0505666311872821,8.39521895745391e-14,IHD
Years of schooling || id:ieu-a-1239,"Ischaemic heart disease, wide definition || id:finn-b-I9_IHD",ieu-a-1239,finn-b-I9_IHD,,rs3897821,-0.38273673349735,0.0504671634534308,3.35380488492219e-14,IHD
Years of schooling || id:ieu-a-1239,"Ischaemic heart disease, wide definition || id:finn-b-I9_IHD",ieu-a-1239,finn-b-I9_IHD,,rs406413,-0.378788731378721,0.050606978875526,7.15956535839116e-14,IHD
Years of schooling || id:ieu-a-1239,"Ischaemic heart disease, wide definition || id:finn-b-I9_IHD",ieu-a-1239,finn-b-I9_IHD,,rs4068854,-0.377099648351861,0.0505504892633389,8.66134802507421e-14,IHD
Years of schooling || id:ieu-a-1239,"Ischaemic heart disease, wide definition || id:finn-b-I9_IHD",ieu-a-1239,finn-b-I9_IHD,,rs4073894,-0.378574945524859,0.0505896981034572,7.25112672397828e-14,IHD
Years of schooling || id:ieu-a-1239,"Ischaemic heart disease, wide definition || id:finn-b-I9_IHD",ieu-a-1239,finn-b-I9_IHD,,rs4273712,-0.375620472184278,0.0504846193567501,1.00460534341052e-13,IHD
Years of schooling || id:ieu-a-1239,"Ischaemic heart disease, wide definition || id:finn-b-I9_IHD",ieu-a-1239,finn-b-I9_IHD,,rs4328757,-0.376256667176129,0.0505567165799637,9.8970684197653e-14,IHD
Years of schooling || id:ieu-a-1239,"Ischaemic heart disease, wide definition || id:finn-b-I9_IHD",ieu-a-1239,finn-b-I9_IHD,,rs4333644,-0.378811915334283,0.0505384755191831,6.60384124020948e-14,IHD
Years of schooling || id:ieu-a-1239,"Ischaemic heart disease, wide definition || id:finn-b-I9_IHD",ieu-a-1239,finn-b-I9_IHD,,rs4352658,-0.379423415379177,0.0505821986395729,6.32722189726866e-14,IHD
Years of schooling || id:ieu-a-1239,"Ischaemic heart disease, wide definition || id:finn-b-I9_IHD",ieu-a-1239,finn-b-I9_IHD,,rs4358081,-0.377954125500812,0.0505605921365871,7.70449452871376e-14,IHD
Years of schooling || id:ieu-a-1239,"Ischaemic heart disease, wide definition || id:finn-b-I9_IHD",ieu-a-1239,finn-b-I9_IHD,,rs4366937,-0.37843968916762,0.0505516482034936,7.08969706760906e-14,IHD
Years of schooling || id:ieu-a-1239,"Ischaemic heart disease, wide definition || id:finn-b-I9_IHD",ieu-a-1239,finn-b-I9_IHD,,rs4369924,-0.376420930048085,0.0505370945209983,9.44728362237117e-14,IHD
Years of schooling || id:ieu-a-1239,"Ischaemic heart disease, wide definition || id:finn-b-I9_IHD",ieu-a-1239,finn-b-I9_IHD,,rs4380820,-0.376318325888137,0.0505228501065521,9.44233363292852e-14,IHD
Years of schooling || id:ieu-a-1239,"Ischaemic heart disease, wide definition || id:finn-b-I9_IHD",ieu-a-1239,finn-b-I9_IHD,,rs4382592,-0.377019934812312,0.0506214724488926,9.48906254710339e-14,IHD
Years of schooling || id:ieu-a-1239,"Ischaemic heart disease, wide definition || id:finn-b-I9_IHD",ieu-a-1239,finn-b-I9_IHD,,rs4384309,-0.379244428599424,0.0505570207623189,6.31779850617287e-14,IHD
Years of schooling || id:ieu-a-1239,"Ischaemic heart disease, wide definition || id:finn-b-I9_IHD",ieu-a-1239,finn-b-I9_IHD,,rs4404485,-0.379326100600796,0.0505131297606849,5.93737923333427e-14,IHD
Years of schooling || id:ieu-a-1239,"Ischaemic heart disease, wide definition || id:finn-b-I9_IHD",ieu-a-1239,finn-b-I9_IHD,,rs4415893,-0.375914714058022,0.0505251140033747,1.00566710601234e-13,IHD
Years of schooling || id:ieu-a-1239,"Ischaemic heart disease, wide definition || id:finn-b-I9_IHD",ieu-a-1239,finn-b-I9_IHD,,rs4442732,-0.378988372947042,0.0505498250215835,6.51342685274597e-14,IHD
Years of schooling || id:ieu-a-1239,"Ischaemic heart disease, wide definition || id:finn-b-I9_IHD",ieu-a-1239,finn-b-I9_IHD,,rs4496222,-0.380139918512697,0.0504979347711549,5.15901054912163e-14,IHD
Years of schooling || id:ieu-a-1239,"Ischaemic heart disease, wide definition || id:finn-b-I9_IHD",ieu-a-1239,finn-b-I9_IHD,,rs4662711,-0.379317581303006,0.050529231290814,6.05467312615869e-14,IHD
Years of schooling || id:ieu-a-1239,"Ischaemic heart disease, wide definition || id:finn-b-I9_IHD",ieu-a-1239,finn-b-I9_IHD,,rs4667029,-0.37768402830557,0.050564315931729,8.05742966465373e-14,IHD
Years of schooling || id:ieu-a-1239,"Ischaemic heart disease, wide definition || id:finn-b-I9_IHD",ieu-a-1239,finn-b-I9_IHD,,rs4700393,-0.380705479706824,0.0507017411771838,5.97055650230887e-14,IHD
Years of schooling || id:ieu-a-1239,"Ischaemic heart disease, wide definition || id:finn-b-I9_IHD",ieu-a-1239,finn-b-I9_IHD,,rs4726070,-0.381140965248083,0.0505160316352083,4.5245883444507e-14,IHD
Years of schooling || id:ieu-a-1239,"Ischaemic heart disease, wide definition || id:finn-b-I9_IHD",ieu-a-1239,finn-b-I9_IHD,,rs4733264,-0.372480764989106,0.0502145046849855,1.19088678884796e-13,IHD
Years of schooling || id:ieu-a-1239,"Ischaemic heart disease, wide definition || id:finn-b-I9_IHD",ieu-a-1239,finn-b-I9_IHD,,rs4757957,-0.382295604255214,0.050433564218678,3.45070098599183e-14,IHD
Years of schooling || id:ieu-a-1239,"Ischaemic heart disease, wide definition || id:finn-b-I9_IHD",ieu-a-1239,finn-b-I9_IHD,,rs4766424,-0.377121019070127,0.0505372821516461,8.50677097328516e-14,IHD
Years of schooling || id:ieu-a-1239,"Ischaemic heart disease, wide definition || id:finn-b-I9_IHD",ieu-a-1239,finn-b-I9_IHD,,rs4772268,-0.379837987871582,0.0504979550752167,5.40069799635509e-14,IHD
Years of schooling || id:ieu-a-1239,"Ischaemic heart disease, wide definition || id:finn-b-I9_IHD",ieu-a-1239,finn-b-I9_IHD,,rs4778058,-0.378469578787991,0.0505654850660328,7.16881592134088e-14,IHD
Years of schooling || id:ieu-a-1239,"Ischaemic heart disease, wide definition || id:finn-b-I9_IHD",ieu-a-1239,finn-b-I9_IHD,,rs4787457,-0.379091966749661,0.0506549194696198,7.21964274901002e-14,IHD
Years of schooling || id:ieu-a-1239,"Ischaemic heart disease, wide definition || id:finn-b-I9_IHD",ieu-a-1239,finn-b-I9_IHD,,rs4810227,-0.377704374595638,0.0505966181695649,8.32918613760744e-14,IHD
Years of schooling || id:ieu-a-1239,"Ischaemic heart disease, wide definition || id:finn-b-I9_IHD",ieu-a-1239,finn-b-I9_IHD,,rs4839155,-0.375805037165424,0.050551552383364,1.0528637398802e-13,IHD
Years of schooling || id:ieu-a-1239,"Ischaemic heart disease, wide definition || id:finn-b-I9_IHD",ieu-a-1239,finn-b-I9_IHD,,rs4846724,-0.38161248828339,0.0504098406676793,3.72655040824597e-14,IHD
Years of schooling || id:ieu-a-1239,"Ischaemic heart disease, wide definition || id:finn-b-I9_IHD",ieu-a-1239,finn-b-I9_IHD,,rs4870482,-0.37809949703188,0.0505688924043388,7.60854535149334e-14,IHD
Years of schooling || id:ieu-a-1239,"Ischaemic heart disease, wide definition || id:finn-b-I9_IHD",ieu-a-1239,finn-b-I9_IHD,,rs4888746,-0.380552754371011,0.0504687474782639,4.68659461830636e-14,IHD
Years of schooling || id:ieu-a-1239,"Ischaemic heart disease, wide definition || id:finn-b-I9_IHD",ieu-a-1239,finn-b-I9_IHD,,rs4895650,-0.378019180506924,0.0505677151547338,7.69082461991684e-14,IHD
Years of schooling || id:ieu-a-1239,"Ischaemic heart disease, wide definition || id:finn-b-I9_IHD",ieu-a-1239,finn-b-I9_IHD,,rs4906099,-0.379335338127617,0.0505186312444729,5.96624273397981e-14,IHD
Years of schooling || id:ieu-a-1239,"Ischaemic heart disease, wide definition || id:finn-b-I9_IHD",ieu-a-1239,finn-b-I9_IHD,,rs4941735,-0.375747721840806,0.0505104547976871,1.01443504680162e-13,IHD
Years of schooling || id:ieu-a-1239,"Ischaemic heart disease, wide definition || id:finn-b-I9_IHD",ieu-a-1239,finn-b-I9_IHD,,rs4945424,-0.377854386263344,0.0505709012461666,7.91203231354116e-14,IHD
Years of schooling || id:ieu-a-1239,"Ischaemic heart disease, wide definition || id:finn-b-I9_IHD",ieu-a-1239,finn-b-I9_IHD,,rs4949448,-0.374928877193362,0.0504311817231732,1.04991679351615e-13,IHD
Years of schooling || id:ieu-a-1239,"Ischaemic heart disease, wide definition || id:finn-b-I9_IHD",ieu-a-1239,finn-b-I9_IHD,,rs4964046,-0.379963006965367,0.0505242102204976,5.46028203988598e-14,IHD
Years of schooling || id:ieu-a-1239,"Ischaemic heart disease, wide definition || id:finn-b-I9_IHD",ieu-a-1239,finn-b-I9_IHD,,rs4972400,-0.378208230269763,0.0505805277583791,7.58371492189141e-14,IHD
Years of schooling || id:ieu-a-1239,"Ischaemic heart disease, wide definition || id:finn-b-I9_IHD",ieu-a-1239,finn-b-I9_IHD,,rs4984541,-0.379383769912186,0.0505548797615851,6.17131125360786e-14,IHD
Years of schooling || id:ieu-a-1239,"Ischaemic heart disease, wide definition || id:finn-b-I9_IHD",ieu-a-1239,finn-b-I9_IHD,,rs4984913,-0.379253118425006,0.0505456334601456,6.22866800289078e-14,IHD
Years of schooling || id:ieu-a-1239,"Ischaemic heart disease, wide definition || id:finn-b-I9_IHD",ieu-a-1239,finn-b-I9_IHD,,rs510706,-0.377271364734446,0.0505735456264308,8.66171313475236e-14,IHD
Years of schooling || id:ieu-a-1239,"Ischaemic heart disease, wide definition || id:finn-b-I9_IHD",ieu-a-1239,finn-b-I9_IHD,,rs532799,-0.375619413503153,0.0505128407368255,1.03687701799649e-13,IHD
Years of schooling || id:ieu-a-1239,"Ischaemic heart disease, wide definition || id:finn-b-I9_IHD",ieu-a-1239,finn-b-I9_IHD,,rs535307,-0.378202478564936,0.0505560585593883,7.38413368782911e-14,IHD
Years of schooling || id:ieu-a-1239,"Ischaemic heart disease, wide definition || id:finn-b-I9_IHD",ieu-a-1239,finn-b-I9_IHD,,rs55736314,-0.382880809552646,0.0504600252751423,3.25371191721812e-14,IHD
Years of schooling || id:ieu-a-1239,"Ischaemic heart disease, wide definition || id:finn-b-I9_IHD",ieu-a-1239,finn-b-I9_IHD,,rs55742128,-0.377509029053754,0.0505563981479413,8.19894935790252e-14,IHD
Years of schooling || id:ieu-a-1239,"Ischaemic heart disease, wide definition || id:finn-b-I9_IHD",ieu-a-1239,finn-b-I9_IHD,,rs55771711,-0.371008409794704,0.0503240288155369,1.67594794119564e-13,IHD
Years of schooling || id:ieu-a-1239,"Ischaemic heart disease, wide definition || id:finn-b-I9_IHD",ieu-a-1239,finn-b-I9_IHD,,rs55872852,-0.37559264721867,0.0505278782785701,1.05861546438157e-13,IHD
Years of schooling || id:ieu-a-1239,"Ischaemic heart disease, wide definition || id:finn-b-I9_IHD",ieu-a-1239,finn-b-I9_IHD,,rs55875047,-0.377602334588108,0.0505537468303474,8.06075985152818e-14,IHD
Years of schooling || id:ieu-a-1239,"Ischaemic heart disease, wide definition || id:finn-b-I9_IHD",ieu-a-1239,finn-b-I9_IHD,,rs56391344,-0.378195862573451,0.0505998836224979,7.76491113873435e-14,IHD
Years of schooling || id:ieu-a-1239,"Ischaemic heart disease, wide definition || id:finn-b-I9_IHD",ieu-a-1239,finn-b-I9_IHD,,rs57453499,-0.379970923623795,0.0505117016118994,5.37659071821583e-14,IHD
Years of schooling || id:ieu-a-1239,"Ischaemic heart disease, wide definition || id:finn-b-I9_IHD",ieu-a-1239,finn-b-I9_IHD,,rs575113,-0.371429627966119,0.0502876937819623,1.51205036914522e-13,IHD
Years of schooling || id:ieu-a-1239,"Ischaemic heart disease, wide definition || id:finn-b-I9_IHD",ieu-a-1239,finn-b-I9_IHD,,rs58233122,-0.378071754042248,0.0505618198074103,7.57982578167758e-14,IHD
Years of schooling || id:ieu-a-1239,"Ischaemic heart disease, wide definition || id:finn-b-I9_IHD",ieu-a-1239,finn-b-I9_IHD,,rs59123361,-0.377009088384285,0.0505637382254943,8.91104214368934e-14,IHD
Years of schooling || id:ieu-a-1239,"Ischaemic heart disease, wide definition || id:finn-b-I9_IHD",ieu-a-1239,finn-b-I9_IHD,,rs59480703,-0.378543469873052,0.0505595291796653,7.0420339404146e-14,IHD
Years of schooling || id:ieu-a-1239,"Ischaemic heart disease, wide definition || id:finn-b-I9_IHD",ieu-a-1239,finn-b-I9_IHD,,rs59520472,-0.375800788352829,0.0505026507200367,9.97678156752039e-14,IHD
Years of schooling || id:ieu-a-1239,"Ischaemic heart disease, wide definition || id:finn-b-I9_IHD",ieu-a-1239,finn-b-I9_IHD,,rs604781,-0.377681868766183,0.050574173483662,8.14969867318996e-14,IHD
Years of schooling || id:ieu-a-1239,"Ischaemic heart disease, wide definition || id:finn-b-I9_IHD",ieu-a-1239,finn-b-I9_IHD,,rs60904894,-0.377482471495498,0.0505742678343285,8.39833063269387e-14,IHD
Years of schooling || id:ieu-a-1239,"Ischaemic heart disease, wide definition || id:finn-b-I9_IHD",ieu-a-1239,finn-b-I9_IHD,,rs61040326,-0.378664088375943,0.050548707796277,6.83125159044542e-14,IHD
Years of schooling || id:ieu-a-1239,"Ischaemic heart disease, wide definition || id:finn-b-I9_IHD",ieu-a-1239,finn-b-I9_IHD,,rs6123924,-0.376389303088454,0.0505515238733783,9.64632005249426e-14,IHD
Years of schooling || id:ieu-a-1239,"Ischaemic heart disease, wide definition || id:finn-b-I9_IHD",ieu-a-1239,finn-b-I9_IHD,,rs613872,-0.383579778761231,0.0503724782039162,2.63960827178388e-14,IHD
Years of schooling || id:ieu-a-1239,"Ischaemic heart disease, wide definition || id:finn-b-I9_IHD",ieu-a-1239,finn-b-I9_IHD,,rs61423212,-0.377499547499876,0.0505582034012472,8.22728431774137e-14,IHD
Years of schooling || id:ieu-a-1239,"Ischaemic heart disease, wide definition || id:finn-b-I9_IHD",ieu-a-1239,finn-b-I9_IHD,,rs61993073,-0.377642176408874,0.0505507023330531,7.98527895244632e-14,IHD
Years of schooling || id:ieu-a-1239,"Ischaemic heart disease, wide definition || id:finn-b-I9_IHD",ieu-a-1239,finn-b-I9_IHD,,rs62084585,-0.378278768898539,0.0505581862442102,7.31732891027444e-14,IHD
Years of schooling || id:ieu-a-1239,"Ischaemic heart disease, wide definition || id:finn-b-I9_IHD",ieu-a-1239,finn-b-I9_IHD,,rs62093662,-0.377360261197777,0.0505475095711489,8.30109716178376e-14,IHD
Years of schooling || id:ieu-a-1239,"Ischaemic heart disease, wide definition || id:finn-b-I9_IHD",ieu-a-1239,finn-b-I9_IHD,,rs62097985,-0.372410800667799,0.0504005518394125,1.47912380785834e-13,IHD
Years of schooling || id:ieu-a-1239,"Ischaemic heart disease, wide definition || id:finn-b-I9_IHD",ieu-a-1239,finn-b-I9_IHD,,rs62103084,-0.378131093630169,0.0505788135912529,7.6574230864181e-14,IHD
Years of schooling || id:ieu-a-1239,"Ischaemic heart disease, wide definition || id:finn-b-I9_IHD",ieu-a-1239,finn-b-I9_IHD,,rs62152025,-0.37919104142014,0.0505250961326429,6.14267917472327e-14,IHD
Years of schooling || id:ieu-a-1239,"Ischaemic heart disease, wide definition || id:finn-b-I9_IHD",ieu-a-1239,finn-b-I9_IHD,,rs62183776,-0.382613735019648,0.0502102632579038,2.53224864040871e-14,IHD
Years of schooling || id:ieu-a-1239,"Ischaemic heart disease, wide definition || id:finn-b-I9_IHD",ieu-a-1239,finn-b-I9_IHD,,rs62184480,-0.378098544165783,0.050608165457857,7.95286301032765e-14,IHD
Years of schooling || id:ieu-a-1239,"Ischaemic heart disease, wide definition || id:finn-b-I9_IHD",ieu-a-1239,finn-b-I9_IHD,,rs62188682,-0.378891149986392,0.0505324645825393,6.48113173954058e-14,IHD
Years of schooling || id:ieu-a-1239,"Ischaemic heart disease, wide definition || id:finn-b-I9_IHD",ieu-a-1239,finn-b-I9_IHD,,rs622169,-0.376153401264215,0.0505414373278456,9.88159053523355e-14,IHD
Years of schooling || id:ieu-a-1239,"Ischaemic heart disease, wide definition || id:finn-b-I9_IHD",ieu-a-1239,finn-b-I9_IHD,,rs62306379,-0.374191398591915,0.0503369032818723,1.0557021789843e-13,IHD
Years of schooling || id:ieu-a-1239,"Ischaemic heart disease, wide definition || id:finn-b-I9_IHD",ieu-a-1239,finn-b-I9_IHD,,rs624015,-0.377755601091203,0.0505633078723194,7.96220209282506e-14,IHD
Years of schooling || id:ieu-a-1239,"Ischaemic heart disease, wide definition || id:finn-b-I9_IHD",ieu-a-1239,finn-b-I9_IHD,,rs62409178,-0.378582939818938,0.0505526231867079,6.9459510508339e-14,IHD
Years of schooling || id:ieu-a-1239,"Ischaemic heart disease, wide definition || id:finn-b-I9_IHD",ieu-a-1239,finn-b-I9_IHD,,rs62439690,-0.376117131989008,0.0505245477331598,9.75001124893676e-14,IHD
Years of schooling || id:ieu-a-1239,"Ischaemic heart disease, wide definition || id:finn-b-I9_IHD",ieu-a-1239,finn-b-I9_IHD,,rs62444881,-0.374235869915552,0.0505983700169683,1.40132605485716e-13,IHD
Years of schooling || id:ieu-a-1239,"Ischaemic heart disease, wide definition || id:finn-b-I9_IHD",ieu-a-1239,finn-b-I9_IHD,,rs62519947,-0.379105088417748,0.0505423182499737,6.34556760204023e-14,IHD
Years of schooling || id:ieu-a-1239,"Ischaemic heart disease, wide definition || id:finn-b-I9_IHD",ieu-a-1239,finn-b-I9_IHD,,rs62524716,-0.378296307968424,0.0505534718643963,7.25937278274727e-14,IHD
Years of schooling || id:ieu-a-1239,"Ischaemic heart disease, wide definition || id:finn-b-I9_IHD",ieu-a-1239,finn-b-I9_IHD,,rs6454492,-0.379847802656963,0.0504917598266897,5.35472696813174e-14,IHD
Years of schooling || id:ieu-a-1239,"Ischaemic heart disease, wide definition || id:finn-b-I9_IHD",ieu-a-1239,finn-b-I9_IHD,,rs6460840,-0.378674490102786,0.0505392918835452,6.74838467523587e-14,IHD
Years of schooling || id:ieu-a-1239,"Ischaemic heart disease, wide definition || id:finn-b-I9_IHD",ieu-a-1239,finn-b-I9_IHD,,rs6493265,-0.377317164449926,0.0506028632020046,8.88921984036681e-14,IHD
Years of schooling || id:ieu-a-1239,"Ischaemic heart disease, wide definition || id:finn-b-I9_IHD",ieu-a-1239,finn-b-I9_IHD,,rs6495127,-0.377885241796149,0.0505652123127672,7.8252488035546e-14,IHD
Years of schooling || id:ieu-a-1239,"Ischaemic heart disease, wide definition || id:finn-b-I9_IHD",ieu-a-1239,finn-b-I9_IHD,,rs6557171,-0.375530625871914,0.0506009961805153,1.15881942914388e-13,IHD
Years of schooling || id:ieu-a-1239,"Ischaemic heart disease, wide definition || id:finn-b-I9_IHD",ieu-a-1239,finn-b-I9_IHD,,rs663234,-0.374706956883498,0.0504659214267262,1.12822297185539e-13,IHD
Years of schooling || id:ieu-a-1239,"Ischaemic heart disease, wide definition || id:finn-b-I9_IHD",ieu-a-1239,finn-b-I9_IHD,,rs6658861,-0.380108078069744,0.0504524255934745,4.92128363000534e-14,IHD
Years of schooling || id:ieu-a-1239,"Ischaemic heart disease, wide definition || id:finn-b-I9_IHD",ieu-a-1239,finn-b-I9_IHD,,rs6709871,-0.376964432772905,0.0505519064445706,8.8529763521049e-14,IHD
Years of schooling || id:ieu-a-1239,"Ischaemic heart disease, wide definition || id:finn-b-I9_IHD",ieu-a-1239,finn-b-I9_IHD,,rs6715112,-0.379004446015084,0.050539777223127,6.42419518682966e-14,IHD
Years of schooling || id:ieu-a-1239,"Ischaemic heart disease, wide definition || id:finn-b-I9_IHD",ieu-a-1239,finn-b-I9_IHD,,rs6731373,-0.376691526507636,0.0505652833735889,9.36181593246764e-14,IHD
Years of schooling || id:ieu-a-1239,"Ischaemic heart disease, wide definition || id:finn-b-I9_IHD",ieu-a-1239,finn-b-I9_IHD,,rs6731967,-0.375661074958261,0.0505365855585917,1.05802889778102e-13,IHD
Years of schooling || id:ieu-a-1239,"Ischaemic heart disease, wide definition || id:finn-b-I9_IHD",ieu-a-1239,finn-b-I9_IHD,,rs6735008,-0.382047672723865,0.0502185806980281,2.79026168323643e-14,IHD
Years of schooling || id:ieu-a-1239,"Ischaemic heart disease, wide definition || id:finn-b-I9_IHD",ieu-a-1239,finn-b-I9_IHD,,rs67885444,-0.376553090913317,0.0505620744639137,9.52390720659301e-14,IHD
Years of schooling || id:ieu-a-1239,"Ischaemic heart disease, wide definition || id:finn-b-I9_IHD",ieu-a-1239,finn-b-I9_IHD,,rs67890737,-0.373577958482056,0.0504111110729244,1.25703344745618e-13,IHD
Years of schooling || id:ieu-a-1239,"Ischaemic heart disease, wide definition || id:finn-b-I9_IHD",ieu-a-1239,finn-b-I9_IHD,,rs6795846,-0.377387166362628,0.0505589184081857,8.3740692532248e-14,IHD
Years of schooling || id:ieu-a-1239,"Ischaemic heart disease, wide definition || id:finn-b-I9_IHD",ieu-a-1239,finn-b-I9_IHD,,rs6803651,-0.378444734377204,0.0505774545624628,7.29336315202928e-14,IHD
Years of schooling || id:ieu-a-1239,"Ischaemic heart disease, wide definition || id:finn-b-I9_IHD",ieu-a-1239,finn-b-I9_IHD,,rs6805241,-0.371636722155794,0.0503115257927899,1.50504756307697e-13,IHD
Years of schooling || id:ieu-a-1239,"Ischaemic heart disease, wide definition || id:finn-b-I9_IHD",ieu-a-1239,finn-b-I9_IHD,,rs6812533,-0.377285265411113,0.0505713273121451,8.62222116281092e-14,IHD
Years of schooling || id:ieu-a-1239,"Ischaemic heart disease, wide definition || id:finn-b-I9_IHD",ieu-a-1239,finn-b-I9_IHD,,rs6823423,-0.37763372932265,0.0505647580837162,8.12259159852225e-14,IHD
Years of schooling || id:ieu-a-1239,"Ischaemic heart disease, wide definition || id:finn-b-I9_IHD",ieu-a-1239,finn-b-I9_IHD,,rs6828996,-0.378244950589669,0.0505597379299999,7.36753910963503e-14,IHD
Years of schooling || id:ieu-a-1239,"Ischaemic heart disease, wide definition || id:finn-b-I9_IHD",ieu-a-1239,finn-b-I9_IHD,,rs6938002,-0.379206315540391,0.050548314388629,6.2919144962216e-14,IHD
Years of schooling || id:ieu-a-1239,"Ischaemic heart disease, wide definition || id:finn-b-I9_IHD",ieu-a-1239,finn-b-I9_IHD,,rs6959891,-0.376334766709712,0.050548190533455,9.68937572498228e-14,IHD
Years of schooling || id:ieu-a-1239,"Ischaemic heart disease, wide definition || id:finn-b-I9_IHD",ieu-a-1239,finn-b-I9_IHD,,rs7012546,-0.380302036035446,0.0504994932619294,5.0426923686946e-14,IHD
Years of schooling || id:ieu-a-1239,"Ischaemic heart disease, wide definition || id:finn-b-I9_IHD",ieu-a-1239,finn-b-I9_IHD,,rs7016302,-0.377311140532842,0.0505660866054285,8.53853387777e-14,IHD
Years of schooling || id:ieu-a-1239,"Ischaemic heart disease, wide definition || id:finn-b-I9_IHD",ieu-a-1239,finn-b-I9_IHD,,rs702606,-0.37948910897513,0.0505403714585675,5.97478932846098e-14,IHD
Years of schooling || id:ieu-a-1239,"Ischaemic heart disease, wide definition || id:finn-b-I9_IHD",ieu-a-1239,finn-b-I9_IHD,,rs7029718,-0.379149545446313,0.0507881602169687,8.31014263373403e-14,IHD
Years of schooling || id:ieu-a-1239,"Ischaemic heart disease, wide definition || id:finn-b-I9_IHD",ieu-a-1239,finn-b-I9_IHD,,rs7031698,-0.377960573053355,0.0505796643726764,7.86377121262885e-14,IHD
Years of schooling || id:ieu-a-1239,"Ischaemic heart disease, wide definition || id:finn-b-I9_IHD",ieu-a-1239,finn-b-I9_IHD,,rs7044106,-0.378581014568741,0.0505408537305124,6.85626125441495e-14,IHD
Years of schooling || id:ieu-a-1239,"Ischaemic heart disease, wide definition || id:finn-b-I9_IHD",ieu-a-1239,finn-b-I9_IHD,,rs7072694,-0.377541705806328,0.0505607685037403,8.19889648014232e-14,IHD
Years of schooling || id:ieu-a-1239,"Ischaemic heart disease, wide definition || id:finn-b-I9_IHD",ieu-a-1239,finn-b-I9_IHD,,rs7086509,-0.377134693726172,0.0505589772031514,8.69818505149501e-14,IHD
Years of schooling || id:ieu-a-1239,"Ischaemic heart disease, wide definition || id:finn-b-I9_IHD",ieu-a-1239,finn-b-I9_IHD,,rs710629,-0.377937761563174,0.0505752691666054,7.8519220611297e-14,IHD
Years of schooling || id:ieu-a-1239,"Ischaemic heart disease, wide definition || id:finn-b-I9_IHD",ieu-a-1239,finn-b-I9_IHD,,rs713358,-0.376717916148058,0.0505416240313964,9.08152774385394e-14,IHD
Years of schooling || id:ieu-a-1239,"Ischaemic heart disease, wide definition || id:finn-b-I9_IHD",ieu-a-1239,finn-b-I9_IHD,,rs714604,-0.379984436351031,0.0504819942362544,5.18684867500936e-14,IHD
Years of schooling || id:ieu-a-1239,"Ischaemic heart disease, wide definition || id:finn-b-I9_IHD",ieu-a-1239,finn-b-I9_IHD,,rs71646142,-0.378714575076411,0.0505541396488683,6.8211717046838e-14,IHD
Years of schooling || id:ieu-a-1239,"Ischaemic heart disease, wide definition || id:finn-b-I9_IHD",ieu-a-1239,finn-b-I9_IHD,,rs7190,-0.380072928871227,0.0504778997775959,5.09382123608168e-14,IHD
Years of schooling || id:ieu-a-1239,"Ischaemic heart disease, wide definition || id:finn-b-I9_IHD",ieu-a-1239,finn-b-I9_IHD,,rs7205442,-0.379202421935,0.0505491853259188,6.30182611227867e-14,IHD
Years of schooling || id:ieu-a-1239,"Ischaemic heart disease, wide definition || id:finn-b-I9_IHD",ieu-a-1239,finn-b-I9_IHD,,rs7233920,-0.377063001048431,0.0505863705281904,9.06580112415964e-14,IHD
Years of schooling || id:ieu-a-1239,"Ischaemic heart disease, wide definition || id:finn-b-I9_IHD",ieu-a-1239,finn-b-I9_IHD,,rs7257460,-0.373044781063632,0.0503125828415148,1.22045417685728e-13,IHD
Years of schooling || id:ieu-a-1239,"Ischaemic heart disease, wide definition || id:finn-b-I9_IHD",ieu-a-1239,finn-b-I9_IHD,,rs72622559,-0.378921355271293,0.0505538584736782,6.60968352507857e-14,IHD
Years of schooling || id:ieu-a-1239,"Ischaemic heart disease, wide definition || id:finn-b-I9_IHD",ieu-a-1239,finn-b-I9_IHD,,rs72672052,-0.380196824039111,0.0504568914159457,4.88027327517115e-14,IHD
Years of schooling || id:ieu-a-1239,"Ischaemic heart disease, wide definition || id:finn-b-I9_IHD",ieu-a-1239,finn-b-I9_IHD,,rs7276567,-0.380418338102891,0.0504681140288601,4.77981521324302e-14,IHD
Years of schooling || id:ieu-a-1239,"Ischaemic heart disease, wide definition || id:finn-b-I9_IHD",ieu-a-1239,finn-b-I9_IHD,,rs7278859,-0.37463189881814,0.0504253877130065,1.09066474230485e-13,IHD
Years of schooling || id:ieu-a-1239,"Ischaemic heart disease, wide definition || id:finn-b-I9_IHD",ieu-a-1239,finn-b-I9_IHD,,rs72807818,-0.378306296876919,0.0505805177582765,7.47259313982262e-14,IHD
Years of schooling || id:ieu-a-1239,"Ischaemic heart disease, wide definition || id:finn-b-I9_IHD",ieu-a-1239,finn-b-I9_IHD,,rs72828517,-0.380382389997877,0.0505567295761049,5.31771826912601e-14,IHD
Years of schooling || id:ieu-a-1239,"Ischaemic heart disease, wide definition || id:finn-b-I9_IHD",ieu-a-1239,finn-b-I9_IHD,,rs72840994,-0.375766824865871,0.0505268660187183,1.0302034710948e-13,IHD
Years of schooling || id:ieu-a-1239,"Ischaemic heart disease, wide definition || id:finn-b-I9_IHD",ieu-a-1239,finn-b-I9_IHD,,rs72944064,-0.378163912908684,0.0505598661835901,7.45902646913584e-14,IHD
Years of schooling || id:ieu-a-1239,"Ischaemic heart disease, wide definition || id:finn-b-I9_IHD",ieu-a-1239,finn-b-I9_IHD,,rs72974997,-0.377328417054645,0.0505779770868638,8.63058213262077e-14,IHD
Years of schooling || id:ieu-a-1239,"Ischaemic heart disease, wide definition || id:finn-b-I9_IHD",ieu-a-1239,finn-b-I9_IHD,,rs730384,-0.378202435579455,0.0505698921936772,7.5000639990794e-14,IHD
Years of schooling || id:ieu-a-1239,"Ischaemic heart disease, wide definition || id:finn-b-I9_IHD",ieu-a-1239,finn-b-I9_IHD,,rs7310177,-0.37426830478947,0.0503405640487613,1.04784864504933e-13,IHD
Years of schooling || id:ieu-a-1239,"Ischaemic heart disease, wide definition || id:finn-b-I9_IHD",ieu-a-1239,finn-b-I9_IHD,,rs7315713,-0.376216988038204,0.0505408929949112,9.78194784872333e-14,IHD
Years of schooling || id:ieu-a-1239,"Ischaemic heart disease, wide definition || id:finn-b-I9_IHD",ieu-a-1239,finn-b-I9_IHD,,rs73179615,-0.378187989251609,0.0505802517954824,7.60447433840209e-14,IHD
Years of schooling || id:ieu-a-1239,"Ischaemic heart disease, wide definition || id:finn-b-I9_IHD",ieu-a-1239,finn-b-I9_IHD,,rs73301698,-0.378671379243619,0.050565135346712,6.95146045681115e-14,IHD
Years of schooling || id:ieu-a-1239,"Ischaemic heart disease, wide definition || id:finn-b-I9_IHD",ieu-a-1239,finn-b-I9_IHD,,rs7332724,-0.379742039208568,0.05053869253319,5.73970075648757e-14,IHD
Years of schooling || id:ieu-a-1239,"Ischaemic heart disease, wide definition || id:finn-b-I9_IHD",ieu-a-1239,finn-b-I9_IHD,,rs73344830,-0.380921896454894,0.0506199479470338,5.26662422303109e-14,IHD
Years of schooling || id:ieu-a-1239,"Ischaemic heart disease, wide definition || id:finn-b-I9_IHD",ieu-a-1239,finn-b-I9_IHD,,rs736282,-0.379320528068641,0.0505536275240929,6.22168629802763e-14,IHD
Years of schooling || id:ieu-a-1239,"Ischaemic heart disease, wide definition || id:finn-b-I9_IHD",ieu-a-1239,finn-b-I9_IHD,,rs73874335,-0.378492444668479,0.0505398791989922,6.94077754456177e-14,IHD
Years of schooling || id:ieu-a-1239,"Ischaemic heart disease, wide definition || id:finn-b-I9_IHD",ieu-a-1239,finn-b-I9_IHD,,rs743316,-0.378617399128736,0.0505694051822798,7.04204795194781e-14,IHD
Years of schooling || id:ieu-a-1239,"Ischaemic heart disease, wide definition || id:finn-b-I9_IHD",ieu-a-1239,finn-b-I9_IHD,,rs74415461,-0.375865632280069,0.0504894017180013,9.73519723685275e-14,IHD
Years of schooling || id:ieu-a-1239,"Ischaemic heart disease, wide definition || id:finn-b-I9_IHD",ieu-a-1239,finn-b-I9_IHD,,rs745136,-0.379030238164937,0.0505277975808431,6.31300898746007e-14,IHD
Years of schooling || id:ieu-a-1239,"Ischaemic heart disease, wide definition || id:finn-b-I9_IHD",ieu-a-1239,finn-b-I9_IHD,,rs74643044,-0.375281163574475,0.0505234080786532,1.10362710523262e-13,IHD
Years of schooling || id:ieu-a-1239,"Ischaemic heart disease, wide definition || id:finn-b-I9_IHD",ieu-a-1239,finn-b-I9_IHD,,rs74701752,-0.377309872559411,0.0505653036321701,8.53267204559088e-14,IHD
Years of schooling || id:ieu-a-1239,"Ischaemic heart disease, wide definition || id:finn-b-I9_IHD",ieu-a-1239,finn-b-I9_IHD,,rs74998289,-0.374782522464272,0.0504721523665682,1.12328515886632e-13,IHD
Years of schooling || id:ieu-a-1239,"Ischaemic heart disease, wide definition || id:finn-b-I9_IHD",ieu-a-1239,finn-b-I9_IHD,,rs7534368,-0.379907813922141,0.050480185820877,5.23664738772358e-14,IHD
Years of schooling || id:ieu-a-1239,"Ischaemic heart disease, wide definition || id:finn-b-I9_IHD",ieu-a-1239,finn-b-I9_IHD,,rs7543462,-0.37991996245939,0.050514205087411,5.43372370464871e-14,IHD
Years of schooling || id:ieu-a-1239,"Ischaemic heart disease, wide definition || id:finn-b-I9_IHD",ieu-a-1239,finn-b-I9_IHD,,rs75751670,-0.380720988062241,0.0505203775886568,4.84649037205785e-14,IHD
Years of schooling || id:ieu-a-1239,"Ischaemic heart disease, wide definition || id:finn-b-I9_IHD",ieu-a-1239,finn-b-I9_IHD,,rs7594904,-0.372010402478204,0.0501781480519588,1.22737449758198e-13,IHD
Years of schooling || id:ieu-a-1239,"Ischaemic heart disease, wide definition || id:finn-b-I9_IHD",ieu-a-1239,finn-b-I9_IHD,,rs7603132,-0.374207731459105,0.0504662389322242,1.21614446104e-13,IHD
Years of schooling || id:ieu-a-1239,"Ischaemic heart disease, wide definition || id:finn-b-I9_IHD",ieu-a-1239,finn-b-I9_IHD,,rs76076331,-0.379720290213647,0.0506049556036801,6.20797243568519e-14,IHD
Years of schooling || id:ieu-a-1239,"Ischaemic heart disease, wide definition || id:finn-b-I9_IHD",ieu-a-1239,finn-b-I9_IHD,,rs7614270,-0.377342053214859,0.0505629340074127,8.46902885949584e-14,IHD
Years of schooling || id:ieu-a-1239,"Ischaemic heart disease, wide definition || id:finn-b-I9_IHD",ieu-a-1239,finn-b-I9_IHD,,rs76235882,-0.37911090595092,0.0505687943599359,6.53279284407872e-14,IHD
Years of schooling || id:ieu-a-1239,"Ischaemic heart disease, wide definition || id:finn-b-I9_IHD",ieu-a-1239,finn-b-I9_IHD,,rs76246107,-0.380168245103561,0.0504778524906891,5.0204124624777e-14,IHD
Years of schooling || id:ieu-a-1239,"Ischaemic heart disease, wide definition || id:finn-b-I9_IHD",ieu-a-1239,finn-b-I9_IHD,,rs7626224,-0.376431474607891,0.0505319826496733,9.37864543886919e-14,IHD
Years of schooling || id:ieu-a-1239,"Ischaemic heart disease, wide definition || id:finn-b-I9_IHD",ieu-a-1239,finn-b-I9_IHD,,rs7641346,-0.378750083861872,0.0505325827701495,6.62146324830295e-14,IHD
Years of schooling || id:ieu-a-1239,"Ischaemic heart disease, wide definition || id:finn-b-I9_IHD",ieu-a-1239,finn-b-I9_IHD,,rs7650602,-0.37507398801427,0.0504772413162831,1.08141820579597e-13,IHD
Years of schooling || id:ieu-a-1239,"Ischaemic heart disease, wide definition || id:finn-b-I9_IHD",ieu-a-1239,finn-b-I9_IHD,,rs7655515,-0.378232117068925,0.0505589713233661,7.37541541920424e-14,IHD
Years of schooling || id:ieu-a-1239,"Ischaemic heart disease, wide definition || id:finn-b-I9_IHD",ieu-a-1239,finn-b-I9_IHD,,rs76608582,-0.379883857565737,0.0505722529157932,5.83620783534531e-14,IHD
Years of schooling || id:ieu-a-1239,"Ischaemic heart disease, wide definition || id:finn-b-I9_IHD",ieu-a-1239,finn-b-I9_IHD,,rs7667405,-0.377676935443654,0.0505600656241808,8.02762816369425e-14,IHD
Years of schooling || id:ieu-a-1239,"Ischaemic heart disease, wide definition || id:finn-b-I9_IHD",ieu-a-1239,finn-b-I9_IHD,,rs7675728,-0.379465372535871,0.050508644595194,5.78406596022679e-14,IHD
Years of schooling || id:ieu-a-1239,"Ischaemic heart disease, wide definition || id:finn-b-I9_IHD",ieu-a-1239,finn-b-I9_IHD,,rs76878669,-0.377432083833095,0.0505909974042111,8.6221299333151e-14,IHD
Years of schooling || id:ieu-a-1239,"Ischaemic heart disease, wide definition || id:finn-b-I9_IHD",ieu-a-1239,finn-b-I9_IHD,,rs77025239,-0.378390948379155,0.0505757825128288,7.33880765859493e-14,IHD
Years of schooling || id:ieu-a-1239,"Ischaemic heart disease, wide definition || id:finn-b-I9_IHD",ieu-a-1239,finn-b-I9_IHD,,rs7710653,-0.379064704560699,0.050536167033447,6.34005667576154e-14,IHD
Years of schooling || id:ieu-a-1239,"Ischaemic heart disease, wide definition || id:finn-b-I9_IHD",ieu-a-1239,finn-b-I9_IHD,,rs77128898,-0.375843524260174,0.050568954149371,1.06727215822028e-13,IHD
Years of schooling || id:ieu-a-1239,"Ischaemic heart disease, wide definition || id:finn-b-I9_IHD",ieu-a-1239,finn-b-I9_IHD,,rs7735300,-0.378390953460658,0.050551771729481,7.14293140031465e-14,IHD
Years of schooling || id:ieu-a-1239,"Ischaemic heart disease, wide definition || id:finn-b-I9_IHD",ieu-a-1239,finn-b-I9_IHD,,rs77702622,-0.379519635126936,0.050523586734107,5.8350221336042e-14,IHD
Years of schooling || id:ieu-a-1239,"Ischaemic heart disease, wide definition || id:finn-b-I9_IHD",ieu-a-1239,finn-b-I9_IHD,,rs77719387,-0.377499641446118,0.0505670281213376,8.30899886183263e-14,IHD
Years of schooling || id:ieu-a-1239,"Ischaemic heart disease, wide definition || id:finn-b-I9_IHD",ieu-a-1239,finn-b-I9_IHD,,rs7773815,-0.378009022257639,0.0505646050856348,7.675696903182e-14,IHD
Years of schooling || id:ieu-a-1239,"Ischaemic heart disease, wide definition || id:finn-b-I9_IHD",ieu-a-1239,finn-b-I9_IHD,,rs77835879,-0.376962143419357,0.0505497688543987,8.83485734158235e-14,IHD
Years of schooling || id:ieu-a-1239,"Ischaemic heart disease, wide definition || id:finn-b-I9_IHD",ieu-a-1239,finn-b-I9_IHD,,rs7795598,-0.374550735191489,0.0503539068294358,1.01939122770407e-13,IHD
Years of schooling || id:ieu-a-1239,"Ischaemic heart disease, wide definition || id:finn-b-I9_IHD",ieu-a-1239,finn-b-I9_IHD,,rs7796203,-0.378642849771719,0.0505673038024874,6.99849933564544e-14,IHD
Years of schooling || id:ieu-a-1239,"Ischaemic heart disease, wide definition || id:finn-b-I9_IHD",ieu-a-1239,finn-b-I9_IHD,,rs7803932,-0.377584010889687,0.050573737855625,8.26633365725519e-14,IHD
Years of schooling || id:ieu-a-1239,"Ischaemic heart disease, wide definition || id:finn-b-I9_IHD",ieu-a-1239,finn-b-I9_IHD,,rs7808399,-0.376589709614203,0.0505667512499042,9.52135434256916e-14,IHD
Years of schooling || id:ieu-a-1239,"Ischaemic heart disease, wide definition || id:finn-b-I9_IHD",ieu-a-1239,finn-b-I9_IHD,,rs7833201,-0.378600783899762,0.0505522766564283,6.92458911513157e-14,IHD
Years of schooling || id:ieu-a-1239,"Ischaemic heart disease, wide definition || id:finn-b-I9_IHD",ieu-a-1239,finn-b-I9_IHD,,rs7859819,-0.379158557814741,0.0505257009593004,6.17713444533642e-14,IHD
Years of schooling || id:ieu-a-1239,"Ischaemic heart disease, wide definition || id:finn-b-I9_IHD",ieu-a-1239,finn-b-I9_IHD,,rs786244,-0.381939024270588,0.0503132294693758,3.1689615323407e-14,IHD
Years of schooling || id:ieu-a-1239,"Ischaemic heart disease, wide definition || id:finn-b-I9_IHD",ieu-a-1239,finn-b-I9_IHD,,rs7863447,-0.37539455387091,0.0505747892408474,1.14875410336207e-13,IHD
Years of schooling || id:ieu-a-1239,"Ischaemic heart disease, wide definition || id:finn-b-I9_IHD",ieu-a-1239,finn-b-I9_IHD,,rs7864396,-0.379936956134935,0.050509186981641,5.3888628307489e-14,IHD
Years of schooling || id:ieu-a-1239,"Ischaemic heart disease, wide definition || id:finn-b-I9_IHD",ieu-a-1239,finn-b-I9_IHD,,rs78721320,-0.378051110965554,0.0505725911386535,7.6960537688742e-14,IHD
Years of schooling || id:ieu-a-1239,"Ischaemic heart disease, wide definition || id:finn-b-I9_IHD",ieu-a-1239,finn-b-I9_IHD,,rs790647,-0.37920980471432,0.0505754047563759,6.48436728870096e-14,IHD
Years of schooling || id:ieu-a-1239,"Ischaemic heart disease, wide definition || id:finn-b-I9_IHD",ieu-a-1239,finn-b-I9_IHD,,rs7924036,-0.378493285574353,0.0506262176323038,7.64846045070342e-14,IHD
Years of schooling || id:ieu-a-1239,"Ischaemic heart disease, wide definition || id:finn-b-I9_IHD",ieu-a-1239,finn-b-I9_IHD,,rs79265434,-0.375731863174975,0.0505987481161044,1.12172626902846e-13,IHD
Years of schooling || id:ieu-a-1239,"Ischaemic heart disease, wide definition || id:finn-b-I9_IHD",ieu-a-1239,finn-b-I9_IHD,,rs79269403,-0.375843824270839,0.0505705853266081,1.06916081913015e-13,IHD
Years of schooling || id:ieu-a-1239,"Ischaemic heart disease, wide definition || id:finn-b-I9_IHD",ieu-a-1239,finn-b-I9_IHD,,rs7928622,-0.376774018158723,0.0505563786663805,9.15520667398344e-14,IHD
Years of schooling || id:ieu-a-1239,"Ischaemic heart disease, wide definition || id:finn-b-I9_IHD",ieu-a-1239,finn-b-I9_IHD,,rs794369,-0.379940729686586,0.0505085603618799,5.38193943266315e-14,IHD
Years of schooling || id:ieu-a-1239,"Ischaemic heart disease, wide definition || id:finn-b-I9_IHD",ieu-a-1239,finn-b-I9_IHD,,rs795230,-0.377194414753582,0.0505626473838956,8.65606025874881e-14,IHD
Years of schooling || id:ieu-a-1239,"Ischaemic heart disease, wide definition || id:finn-b-I9_IHD",ieu-a-1239,finn-b-I9_IHD,,rs79523955,-0.379501817557445,0.0505674349258275,6.14915217702627e-14,IHD
Years of schooling || id:ieu-a-1239,"Ischaemic heart disease, wide definition || id:finn-b-I9_IHD",ieu-a-1239,finn-b-I9_IHD,,rs7964138,-0.376743544890902,0.0505351424426344,8.98131126663745e-14,IHD
Years of schooling || id:ieu-a-1239,"Ischaemic heart disease, wide definition || id:finn-b-I9_IHD",ieu-a-1239,finn-b-I9_IHD,,rs7977614,-0.376332779535864,0.0505743662872107,9.97926020378362e-14,IHD
Years of schooling || id:ieu-a-1239,"Ischaemic heart disease, wide definition || id:finn-b-I9_IHD",ieu-a-1239,finn-b-I9_IHD,,rs7993663,-0.378680459709888,0.0505759352397731,7.02703743722745e-14,IHD
Years of schooling || id:ieu-a-1239,"Ischaemic heart disease, wide definition || id:finn-b-I9_IHD",ieu-a-1239,finn-b-I9_IHD,,rs8004294,-0.378686473280061,0.0505573108568624,6.87469440613698e-14,IHD
Years of schooling || id:ieu-a-1239,"Ischaemic heart disease, wide definition || id:finn-b-I9_IHD",ieu-a-1239,finn-b-I9_IHD,,rs801545,-0.376101702053539,0.0505141094748743,9.65938649433075e-14,IHD
Years of schooling || id:ieu-a-1239,"Ischaemic heart disease, wide definition || id:finn-b-I9_IHD",ieu-a-1239,finn-b-I9_IHD,,rs80171383,-0.379823773741882,0.0505259037291742,5.58733486412291e-14,IHD
Years of schooling || id:ieu-a-1239,"Ischaemic heart disease, wide definition || id:finn-b-I9_IHD",ieu-a-1239,finn-b-I9_IHD,,rs8020034,-0.376685162378659,0.0505675392884016,9.3943835865618e-14,IHD
Years of schooling || id:ieu-a-1239,"Ischaemic heart disease, wide definition || id:finn-b-I9_IHD",ieu-a-1239,finn-b-I9_IHD,,rs80257979,-0.377467662044431,0.0505682532832152,8.36047692054345e-14,IHD
Years of schooling || id:ieu-a-1239,"Ischaemic heart disease, wide definition || id:finn-b-I9_IHD",ieu-a-1239,finn-b-I9_IHD,,rs8049014,-0.378215825573563,0.0505587436146851,7.39162813116122e-14,IHD
Years of schooling || id:ieu-a-1239,"Ischaemic heart disease, wide definition || id:finn-b-I9_IHD",ieu-a-1239,finn-b-I9_IHD,,rs8097125,-0.377507777960635,0.0505567003017784,8.20327134656438e-14,IHD
Years of schooling || id:ieu-a-1239,"Ischaemic heart disease, wide definition || id:finn-b-I9_IHD",ieu-a-1239,finn-b-I9_IHD,,rs818415,-0.377225923255197,0.050560122176508,8.59088467863193e-14,IHD
Years of schooling || id:ieu-a-1239,"Ischaemic heart disease, wide definition || id:finn-b-I9_IHD",ieu-a-1239,finn-b-I9_IHD,,rs8192675,-0.380854574816557,0.0504095651808412,4.18202182202816e-14,IHD
Years of schooling || id:ieu-a-1239,"Ischaemic heart disease, wide definition || id:finn-b-I9_IHD",ieu-a-1239,finn-b-I9_IHD,,rs836997,-0.377138420050775,0.0505500419566142,8.6067599995072e-14,IHD
Years of schooling || id:ieu-a-1239,"Ischaemic heart disease, wide definition || id:finn-b-I9_IHD",ieu-a-1239,finn-b-I9_IHD,,rs837080,-0.377882337982073,0.050580072941241,7.96042437002323e-14,IHD
Years of schooling || id:ieu-a-1239,"Ischaemic heart disease, wide definition || id:finn-b-I9_IHD",ieu-a-1239,finn-b-I9_IHD,,rs892612,-0.37547425475406,0.0505298018302647,1.07984768723651e-13,IHD
Years of schooling || id:ieu-a-1239,"Ischaemic heart disease, wide definition || id:finn-b-I9_IHD",ieu-a-1239,finn-b-I9_IHD,,rs894067,-0.37824797706691,0.0505700249093613,7.4499618585785e-14,IHD
Years of schooling || id:ieu-a-1239,"Ischaemic heart disease, wide definition || id:finn-b-I9_IHD",ieu-a-1239,finn-b-I9_IHD,,rs9289300,-0.375839896853586,0.0505379575454636,1.03165680435031e-13,IHD
Years of schooling || id:ieu-a-1239,"Ischaemic heart disease, wide definition || id:finn-b-I9_IHD",ieu-a-1239,finn-b-I9_IHD,,rs9302631,-0.379877851282344,0.0504744361470476,5.22608894145478e-14,IHD
Years of schooling || id:ieu-a-1239,"Ischaemic heart disease, wide definition || id:finn-b-I9_IHD",ieu-a-1239,finn-b-I9_IHD,,rs9320493,-0.377808703967285,0.0505616614067957,7.88429959588626e-14,IHD
Years of schooling || id:ieu-a-1239,"Ischaemic heart disease, wide definition || id:finn-b-I9_IHD",ieu-a-1239,finn-b-I9_IHD,,rs9342482,-0.378649221491385,0.0505737066742077,7.04245442620516e-14,IHD
Years of schooling || id:ieu-a-1239,"Ischaemic heart disease, wide definition || id:finn-b-I9_IHD",ieu-a-1239,finn-b-I9_IHD,,rs9349956,-0.37391299051922,0.0504064282358359,1.18935831525302e-13,IHD
Years of schooling || id:ieu-a-1239,"Ischaemic heart disease, wide definition || id:finn-b-I9_IHD",ieu-a-1239,finn-b-I9_IHD,,rs9367942,-0.379989196854084,0.0504893918299068,5.22705015552056e-14,IHD
Years of schooling || id:ieu-a-1239,"Ischaemic heart disease, wide definition || id:finn-b-I9_IHD",ieu-a-1239,finn-b-I9_IHD,,rs9372625,-0.373753283412759,0.0507156098548816,1.71152773614237e-13,IHD
Years of schooling || id:ieu-a-1239,"Ischaemic heart disease, wide definition || id:finn-b-I9_IHD",ieu-a-1239,finn-b-I9_IHD,,rs9384679,-0.380165057792536,0.050493652826014,5.11432129047831e-14,IHD
Years of schooling || id:ieu-a-1239,"Ischaemic heart disease, wide definition || id:finn-b-I9_IHD",ieu-a-1239,finn-b-I9_IHD,,rs9386319,-0.379195426528523,0.0505451223936615,6.27952390170969e-14,IHD
Years of schooling || id:ieu-a-1239,"Ischaemic heart disease, wide definition || id:finn-b-I9_IHD",ieu-a-1239,finn-b-I9_IHD,,rs9429848,-0.377830918222336,0.0505565777922624,7.81325013004054e-14,IHD
Years of schooling || id:ieu-a-1239,"Ischaemic heart disease, wide definition || id:finn-b-I9_IHD",ieu-a-1239,finn-b-I9_IHD,,rs9436635,-0.378518309132971,0.0505421815522054,6.93176303925135e-14,IHD
Years of schooling || id:ieu-a-1239,"Ischaemic heart disease, wide definition || id:finn-b-I9_IHD",ieu-a-1239,finn-b-I9_IHD,,rs9436866,-0.378516885136203,0.0505888715184427,7.30794666095938e-14,IHD
Years of schooling || id:ieu-a-1239,"Ischaemic heart disease, wide definition || id:finn-b-I9_IHD",ieu-a-1239,finn-b-I9_IHD,,rs9446060,-0.379509625012126,0.0505061301953456,5.72906607260968e-14,IHD
Years of schooling || id:ieu-a-1239,"Ischaemic heart disease, wide definition || id:finn-b-I9_IHD",ieu-a-1239,finn-b-I9_IHD,,rs9503598,-0.370382143123045,0.050047496144097,1.35557411114529e-13,IHD
Years of schooling || id:ieu-a-1239,"Ischaemic heart disease, wide definition || id:finn-b-I9_IHD",ieu-a-1239,finn-b-I9_IHD,,rs9529119,-0.378529593378379,0.0505837440315905,7.25199582497203e-14,IHD
Years of schooling || id:ieu-a-1239,"Ischaemic heart disease, wide definition || id:finn-b-I9_IHD",ieu-a-1239,finn-b-I9_IHD,,rs9530945,-0.37600457138354,0.0505199070026937,9.86470633920714e-14,IHD
Years of schooling || id:ieu-a-1239,"Ischaemic heart disease, wide definition || id:finn-b-I9_IHD",ieu-a-1239,finn-b-I9_IHD,,rs9541479,-0.378125184100924,0.0505593364409701,7.49815356889001e-14,IHD
Years of schooling || id:ieu-a-1239,"Ischaemic heart disease, wide definition || id:finn-b-I9_IHD",ieu-a-1239,finn-b-I9_IHD,,rs9556958,-0.379149233193397,0.0505584054114298,6.41926161143929e-14,IHD
Years of schooling || id:ieu-a-1239,"Ischaemic heart disease, wide definition || id:finn-b-I9_IHD",ieu-a-1239,finn-b-I9_IHD,,rs9616906,-0.378305556044512,0.0506232595410323,7.84111308065282e-14,IHD
Years of schooling || id:ieu-a-1239,"Ischaemic heart disease, wide definition || id:finn-b-I9_IHD",ieu-a-1239,finn-b-I9_IHD,,rs9633970,-0.377995392837378,0.0505535320130674,7.59625539505982e-14,IHD
Years of schooling || id:ieu-a-1239,"Ischaemic heart disease, wide definition || id:finn-b-I9_IHD",ieu-a-1239,finn-b-I9_IHD,,rs9640815,-0.377672158649422,0.050556067506639,7.99741052067057e-14,IHD
Years of schooling || id:ieu-a-1239,"Ischaemic heart disease, wide definition || id:finn-b-I9_IHD",ieu-a-1239,finn-b-I9_IHD,,rs964916,-0.377922853977078,0.0505601928041668,7.73734186235352e-14,IHD
Years of schooling || id:ieu-a-1239,"Ischaemic heart disease, wide definition || id:finn-b-I9_IHD",ieu-a-1239,finn-b-I9_IHD,,rs9679654,-0.377963880494485,0.0505741346245612,7.811191896738e-14,IHD
Years of schooling || id:ieu-a-1239,"Ischaemic heart disease, wide definition || id:finn-b-I9_IHD",ieu-a-1239,finn-b-I9_IHD,,rs9682919,-0.37561207025022,0.0505152263850136,1.04077970252153e-13,IHD
Years of schooling || id:ieu-a-1239,"Ischaemic heart disease, wide definition || id:finn-b-I9_IHD",ieu-a-1239,finn-b-I9_IHD,,rs969512,-0.375926199393947,0.0505684920445884,1.05361504177835e-13,IHD
Years of schooling || id:ieu-a-1239,"Ischaemic heart disease, wide definition || id:finn-b-I9_IHD",ieu-a-1239,finn-b-I9_IHD,,rs9704097,-0.377429738754677,0.050574442576366,8.46674171000388e-14,IHD
Years of schooling || id:ieu-a-1239,"Ischaemic heart disease, wide definition || id:finn-b-I9_IHD",ieu-a-1239,finn-b-I9_IHD,,rs9797233,-0.377165621828911,0.0505675013330024,8.74091638356878e-14,IHD
Years of schooling || id:ieu-a-1239,"Ischaemic heart disease, wide definition || id:finn-b-I9_IHD",ieu-a-1239,finn-b-I9_IHD,,rs9811913,-0.37935577450217,0.0505182061297421,5.9449669333065e-14,IHD
Years of schooling || id:ieu-a-1239,"Ischaemic heart disease, wide definition || id:finn-b-I9_IHD",ieu-a-1239,finn-b-I9_IHD,,rs9824882,-0.380114398618886,0.05046563132214,4.99138941383037e-14,IHD
Years of schooling || id:ieu-a-1239,"Ischaemic heart disease, wide definition || id:finn-b-I9_IHD",ieu-a-1239,finn-b-I9_IHD,,rs9853928,-0.377656103705695,0.0505769205172045,8.20654812194591e-14,IHD
Years of schooling || id:ieu-a-1239,"Ischaemic heart disease, wide definition || id:finn-b-I9_IHD",ieu-a-1239,finn-b-I9_IHD,,rs9858921,-0.376429836367393,0.0505386282192624,9.45085030458434e-14,IHD
Years of schooling || id:ieu-a-1239,"Ischaemic heart disease, wide definition || id:finn-b-I9_IHD",ieu-a-1239,finn-b-I9_IHD,,rs9876485,-0.376996459679728,0.0505581066046562,8.87187028121453e-14,IHD
Years of schooling || id:ieu-a-1239,"Ischaemic heart disease, wide definition || id:finn-b-I9_IHD",ieu-a-1239,finn-b-I9_IHD,,rs9882532,-0.379174268391239,0.0505703945500895,6.48238257875503e-14,IHD
Years of schooling || id:ieu-a-1239,"Ischaemic heart disease, wide definition || id:finn-b-I9_IHD",ieu-a-1239,finn-b-I9_IHD,,rs9903071,-0.382101191686923,0.0502269408224208,2.7945973677068e-14,IHD
Years of schooling || id:ieu-a-1239,"Ischaemic heart disease, wide definition || id:finn-b-I9_IHD",ieu-a-1239,finn-b-I9_IHD,,rs9914918,-0.375825705334896,0.050537053340522,1.0328108668082e-13,IHD
Years of schooling || id:ieu-a-1239,"Ischaemic heart disease, wide definition || id:finn-b-I9_IHD",ieu-a-1239,finn-b-I9_IHD,,rs991911,-0.379112855327004,0.0505281790381113,6.23742306917973e-14,IHD
Years of schooling || id:ieu-a-1239,"Ischaemic heart disease, wide definition || id:finn-b-I9_IHD",ieu-a-1239,finn-b-I9_IHD,,rs9933256,-0.374045851044306,0.0504696371281615,1.25063016039392e-13,IHD
Years of schooling || id:ieu-a-1239,"Ischaemic heart disease, wide definition || id:finn-b-I9_IHD",ieu-a-1239,finn-b-I9_IHD,,rs9936270,-0.377713934080893,0.0505872047462974,8.22994804561903e-14,IHD
Years of schooling || id:ieu-a-1239,"Ischaemic heart disease, wide definition || id:finn-b-I9_IHD",ieu-a-1239,finn-b-I9_IHD,,rs9936954,-0.377987724866974,0.0505538534652883,7.60777523441124e-14,IHD
Years of schooling || id:ieu-a-1239,"Ischaemic heart disease, wide definition || id:finn-b-I9_IHD",ieu-a-1239,finn-b-I9_IHD,,rs9938678,-0.374609506045561,0.0504516302173297,1.12676066871683e-13,IHD
Years of schooling || id:ieu-a-1239,"Ischaemic heart disease, wide definition || id:finn-b-I9_IHD",ieu-a-1239,finn-b-I9_IHD,,rs9964724,-0.37795951578031,0.0506618453003779,8.62358444786025e-14,IHD
Years of schooling || id:ieu-a-1239,"Ischaemic heart disease, wide definition || id:finn-b-I9_IHD",ieu-a-1239,finn-b-I9_IHD,,rs9977306,-0.377389473275438,0.0505628941038079,8.40855990317021e-14,IHD
Years of schooling || id:ieu-a-1239,"Ischaemic heart disease, wide definition || id:finn-b-I9_IHD",ieu-a-1239,finn-b-I9_IHD,,rs9992915,-0.378521542525076,0.050543698023871,6.94025582199668e-14,IHD
Years of schooling || id:ieu-a-1239,"Ischaemic heart disease, wide definition || id:finn-b-I9_IHD",ieu-a-1239,finn-b-I9_IHD,,rs9995567,-0.378538170035592,0.0505581466756063,7.0366775631594e-14,IHD
Years of schooling || id:ieu-a-1239,"Ischaemic heart disease, wide definition || id:finn-b-I9_IHD",ieu-a-1239,finn-b-I9_IHD,,All,-0.377724849924498,0.0504777987894139,7.2650561066978e-14,IHD
