exposure,outcome,id.exposure,id.outcome,samplesize,SNP,b,se,p,outcome_code
Leg fat mass (left) || id:ukb-b-7212,"Ischaemic heart disease, wide definition || id:finn-b-I9_IHD",ukb-b-7212,finn-b-I9_IHD,,rs10050620,0.253321146397504,0.0484084888632331,1.66789612109024e-07,IHD
Leg fat mass (left) || id:ukb-b-7212,"Ischaemic heart disease, wide definition || id:finn-b-I9_IHD",ukb-b-7212,finn-b-I9_IHD,,rs1005551,0.248693573625608,0.0483759964504901,2.73503385915216e-07,IHD
Leg fat mass (left) || id:ukb-b-7212,"Ischaemic heart disease, wide definition || id:finn-b-I9_IHD",ukb-b-7212,finn-b-I9_IHD,,rs10070916,0.253740636203772,0.0483627481664968,1.54920618454752e-07,IHD
Leg fat mass (left) || id:ukb-b-7212,"Ischaemic heart disease, wide definition || id:finn-b-I9_IHD",ukb-b-7212,finn-b-I9_IHD,,rs10100245,0.251742596493717,0.0484841424394009,2.07749155995338e-07,IHD
Leg fat mass (left) || id:ukb-b-7212,"Ischaemic heart disease, wide definition || id:finn-b-I9_IHD",ukb-b-7212,finn-b-I9_IHD,,rs10132514,0.251530487173622,0.0484248946443254,2.05558682434224e-07,IHD
Leg fat mass (left) || id:ukb-b-7212,"Ischaemic heart disease, wide definition || id:finn-b-I9_IHD",ukb-b-7212,finn-b-I9_IHD,,rs1013402,0.253185797475459,0.048570897549755,1.8610596089571e-07,IHD
Leg fat mass (left) || id:ukb-b-7212,"Ischaemic heart disease, wide definition || id:finn-b-I9_IHD",ukb-b-7212,finn-b-I9_IHD,,rs10141106,0.251930735450793,0.0484304342068746,1.97251286673052e-07,IHD
Leg fat mass (left) || id:ukb-b-7212,"Ischaemic heart disease, wide definition || id:finn-b-I9_IHD",ukb-b-7212,finn-b-I9_IHD,,rs10160769,0.249395447830505,0.0483294706883056,2.46530444567197e-07,IHD
Leg fat mass (left) || id:ukb-b-7212,"Ischaemic heart disease, wide definition || id:finn-b-I9_IHD",ukb-b-7212,finn-b-I9_IHD,,rs10172070,0.251561345377364,0.0484216376687441,2.04471414825258e-07,IHD
Leg fat mass (left) || id:ukb-b-7212,"Ischaemic heart disease, wide definition || id:finn-b-I9_IHD",ukb-b-7212,finn-b-I9_IHD,,rs10184537,0.253397005187261,0.0484372310313227,1.68184535085704e-07,IHD
Leg fat mass (left) || id:ukb-b-7212,"Ischaemic heart disease, wide definition || id:finn-b-I9_IHD",ukb-b-7212,finn-b-I9_IHD,,rs10209821,0.247849979507328,0.048341339612379,2.94268427729089e-07,IHD
Leg fat mass (left) || id:ukb-b-7212,"Ischaemic heart disease, wide definition || id:finn-b-I9_IHD",ukb-b-7212,finn-b-I9_IHD,,rs10213345,0.254623959681723,0.0482871511968117,1.34123544462345e-07,IHD
Leg fat mass (left) || id:ukb-b-7212,"Ischaemic heart disease, wide definition || id:finn-b-I9_IHD",ukb-b-7212,finn-b-I9_IHD,,rs1023229,0.253649694735492,0.0483255708521338,1.53120022504958e-07,IHD
Leg fat mass (left) || id:ukb-b-7212,"Ischaemic heart disease, wide definition || id:finn-b-I9_IHD",ukb-b-7212,finn-b-I9_IHD,,rs10236214,0.255567400005096,0.0482430987112673,1.17404439994534e-07,IHD
Leg fat mass (left) || id:ukb-b-7212,"Ischaemic heart disease, wide definition || id:finn-b-I9_IHD",ukb-b-7212,finn-b-I9_IHD,,rs10248136,0.249103899149866,0.048292191802524,2.49249335384963e-07,IHD
Leg fat mass (left) || id:ukb-b-7212,"Ischaemic heart disease, wide definition || id:finn-b-I9_IHD",ukb-b-7212,finn-b-I9_IHD,,rs10248298,0.252393210224145,0.0484500013806247,1.89499218368956e-07,IHD
Leg fat mass (left) || id:ukb-b-7212,"Ischaemic heart disease, wide definition || id:finn-b-I9_IHD",ukb-b-7212,finn-b-I9_IHD,,rs1025065,0.253646460320386,0.0483787573574911,1.58046121087941e-07,IHD
Leg fat mass (left) || id:ukb-b-7212,"Ischaemic heart disease, wide definition || id:finn-b-I9_IHD",ukb-b-7212,finn-b-I9_IHD,,rs1031881,0.252070666908081,0.0484209732999362,1.93146186972456e-07,IHD
Leg fat mass (left) || id:ukb-b-7212,"Ischaemic heart disease, wide definition || id:finn-b-I9_IHD",ukb-b-7212,finn-b-I9_IHD,,rs10404726,0.252493439129832,0.048481537515561,1.90853160814776e-07,IHD
Leg fat mass (left) || id:ukb-b-7212,"Ischaemic heart disease, wide definition || id:finn-b-I9_IHD",ukb-b-7212,finn-b-I9_IHD,,rs10405382,0.252770982185992,0.0484225771322794,1.78820816283194e-07,IHD
Leg fat mass (left) || id:ukb-b-7212,"Ischaemic heart disease, wide definition || id:finn-b-I9_IHD",ukb-b-7212,finn-b-I9_IHD,,rs10423928,0.245967009128842,0.0484993615977052,3.9458548878269e-07,IHD
Leg fat mass (left) || id:ukb-b-7212,"Ischaemic heart disease, wide definition || id:finn-b-I9_IHD",ukb-b-7212,finn-b-I9_IHD,,rs10457469,0.254533318087675,0.048360388408959,1.41522893781999e-07,IHD
Leg fat mass (left) || id:ukb-b-7212,"Ischaemic heart disease, wide definition || id:finn-b-I9_IHD",ukb-b-7212,finn-b-I9_IHD,,rs10499014,0.250355213014051,0.0484246595490614,2.34101156587567e-07,IHD
Leg fat mass (left) || id:ukb-b-7212,"Ischaemic heart disease, wide definition || id:finn-b-I9_IHD",ukb-b-7212,finn-b-I9_IHD,,rs10505836,0.253459838372856,0.0484182351584233,1.65162480564848e-07,IHD
Leg fat mass (left) || id:ukb-b-7212,"Ischaemic heart disease, wide definition || id:finn-b-I9_IHD",ukb-b-7212,finn-b-I9_IHD,,rs1056441,0.251441565940491,0.0484394026210702,2.0933870906541e-07,IHD
Leg fat mass (left) || id:ukb-b-7212,"Ischaemic heart disease, wide definition || id:finn-b-I9_IHD",ukb-b-7212,finn-b-I9_IHD,,rs1057042,0.2531784247778,0.0484226877919232,1.7088316868599e-07,IHD
Leg fat mass (left) || id:ukb-b-7212,"Ischaemic heart disease, wide definition || id:finn-b-I9_IHD",ukb-b-7212,finn-b-I9_IHD,,rs1062557,0.250321443484142,0.0484121467812015,2.33302363950551e-07,IHD
Leg fat mass (left) || id:ukb-b-7212,"Ischaemic heart disease, wide definition || id:finn-b-I9_IHD",ukb-b-7212,finn-b-I9_IHD,,rs1065634,0.253893118350256,0.0483405454254282,1.50311613186585e-07,IHD
Leg fat mass (left) || id:ukb-b-7212,"Ischaemic heart disease, wide definition || id:finn-b-I9_IHD",ukb-b-7212,finn-b-I9_IHD,,rs10733682,0.252451678457518,0.0484288242363893,1.8597198649422e-07,IHD
Leg fat mass (left) || id:ukb-b-7212,"Ischaemic heart disease, wide definition || id:finn-b-I9_IHD",ukb-b-7212,finn-b-I9_IHD,,rs10756798,0.251990394454685,0.048453786152924,1.98610158457404e-07,IHD
Leg fat mass (left) || id:ukb-b-7212,"Ischaemic heart disease, wide definition || id:finn-b-I9_IHD",ukb-b-7212,finn-b-I9_IHD,,rs10760277,0.251483474234509,0.0484408574623032,2.08542684933431e-07,IHD
Leg fat mass (left) || id:ukb-b-7212,"Ischaemic heart disease, wide definition || id:finn-b-I9_IHD",ukb-b-7212,finn-b-I9_IHD,,rs10766451,0.254420996469568,0.0483708736609572,1.4421419255738e-07,IHD
Leg fat mass (left) || id:ukb-b-7212,"Ischaemic heart disease, wide definition || id:finn-b-I9_IHD",ukb-b-7212,finn-b-I9_IHD,,rs10770992,0.249149325551528,0.048236444231226,2.40223397520316e-07,IHD
Leg fat mass (left) || id:ukb-b-7212,"Ischaemic heart disease, wide definition || id:finn-b-I9_IHD",ukb-b-7212,finn-b-I9_IHD,,rs10771041,0.251770168085714,0.0484403397928012,2.01952861663613e-07,IHD
Leg fat mass (left) || id:ukb-b-7212,"Ischaemic heart disease, wide definition || id:finn-b-I9_IHD",ukb-b-7212,finn-b-I9_IHD,,rs10774830,0.251873743760089,0.048424883036211,1.97868579356076e-07,IHD
Leg fat mass (left) || id:ukb-b-7212,"Ischaemic heart disease, wide definition || id:finn-b-I9_IHD",ukb-b-7212,finn-b-I9_IHD,,rs10779795,0.249564857940078,0.0483811324015638,2.4918938193632e-07,IHD
Leg fat mass (left) || id:ukb-b-7212,"Ischaemic heart disease, wide definition || id:finn-b-I9_IHD",ukb-b-7212,finn-b-I9_IHD,,rs10793974,0.254263448974309,0.0483189241155973,1.42348110350429e-07,IHD
Leg fat mass (left) || id:ukb-b-7212,"Ischaemic heart disease, wide definition || id:finn-b-I9_IHD",ukb-b-7212,finn-b-I9_IHD,,rs10795776,0.251053899647906,0.0484227246840246,2.16444402136195e-07,IHD
Leg fat mass (left) || id:ukb-b-7212,"Ischaemic heart disease, wide definition || id:finn-b-I9_IHD",ukb-b-7212,finn-b-I9_IHD,,rs10798945,0.253693878175438,0.0483582622092939,1.55324741632098e-07,IHD
Leg fat mass (left) || id:ukb-b-7212,"Ischaemic heart disease, wide definition || id:finn-b-I9_IHD",ukb-b-7212,finn-b-I9_IHD,,rs10820852,0.249992903005195,0.0483833519329233,2.37983214527875e-07,IHD
Leg fat mass (left) || id:ukb-b-7212,"Ischaemic heart disease, wide definition || id:finn-b-I9_IHD",ukb-b-7212,finn-b-I9_IHD,,rs10822118,0.252064686066725,0.0484268194377508,1.93929939779471e-07,IHD
Leg fat mass (left) || id:ukb-b-7212,"Ischaemic heart disease, wide definition || id:finn-b-I9_IHD",ukb-b-7212,finn-b-I9_IHD,,rs10837017,0.252921963409107,0.0484031861618841,1.73857539708243e-07,IHD
Leg fat mass (left) || id:ukb-b-7212,"Ischaemic heart disease, wide definition || id:finn-b-I9_IHD",ukb-b-7212,finn-b-I9_IHD,,rs10846458,0.250891633122536,0.0484175246029188,2.19713308309586e-07,IHD
Leg fat mass (left) || id:ukb-b-7212,"Ischaemic heart disease, wide definition || id:finn-b-I9_IHD",ukb-b-7212,finn-b-I9_IHD,,rs10862431,0.249808934778481,0.0483358354552598,2.36367938332566e-07,IHD
Leg fat mass (left) || id:ukb-b-7212,"Ischaemic heart disease, wide definition || id:finn-b-I9_IHD",ukb-b-7212,finn-b-I9_IHD,,rs10865534,0.252057233222014,0.0484247231309209,1.93855366109448e-07,IHD
Leg fat mass (left) || id:ukb-b-7212,"Ischaemic heart disease, wide definition || id:finn-b-I9_IHD",ukb-b-7212,finn-b-I9_IHD,,rs10888691,0.252876732711724,0.0483898982002012,1.73388169388569e-07,IHD
Leg fat mass (left) || id:ukb-b-7212,"Ischaemic heart disease, wide definition || id:finn-b-I9_IHD",ukb-b-7212,finn-b-I9_IHD,,rs10896012,0.254411305963039,0.0483470303160282,1.42348802832049e-07,IHD
Leg fat mass (left) || id:ukb-b-7212,"Ischaemic heart disease, wide definition || id:finn-b-I9_IHD",ukb-b-7212,finn-b-I9_IHD,,rs10903791,0.249544629225327,0.0483440400721771,2.44522653586571e-07,IHD
Leg fat mass (left) || id:ukb-b-7212,"Ischaemic heart disease, wide definition || id:finn-b-I9_IHD",ukb-b-7212,finn-b-I9_IHD,,rs10915840,0.251856877235146,0.048434838658238,1.99383378803083e-07,IHD
Leg fat mass (left) || id:ukb-b-7212,"Ischaemic heart disease, wide definition || id:finn-b-I9_IHD",ukb-b-7212,finn-b-I9_IHD,,rs10929925,0.250719008084406,0.048406127920472,2.2249450713675e-07,IHD
Leg fat mass (left) || id:ukb-b-7212,"Ischaemic heart disease, wide definition || id:finn-b-I9_IHD",ukb-b-7212,finn-b-I9_IHD,,rs10938398,0.245021410092553,0.0484637185384271,4.28657889273405e-07,IHD
Leg fat mass (left) || id:ukb-b-7212,"Ischaemic heart disease, wide definition || id:finn-b-I9_IHD",ukb-b-7212,finn-b-I9_IHD,,rs10947793,0.248500383627694,0.0483633669205168,2.77390766182106e-07,IHD
Leg fat mass (left) || id:ukb-b-7212,"Ischaemic heart disease, wide definition || id:finn-b-I9_IHD",ukb-b-7212,finn-b-I9_IHD,,rs10950290,0.251187792309053,0.0484466797005414,2.16212135598e-07,IHD
Leg fat mass (left) || id:ukb-b-7212,"Ischaemic heart disease, wide definition || id:finn-b-I9_IHD",ukb-b-7212,finn-b-I9_IHD,,rs10951992,0.24774484771895,0.0481794505444147,2.71645555069213e-07,IHD
Leg fat mass (left) || id:ukb-b-7212,"Ischaemic heart disease, wide definition || id:finn-b-I9_IHD",ukb-b-7212,finn-b-I9_IHD,,rs10954772,0.247173928312677,0.0482566003748203,3.02191576332073e-07,IHD
Leg fat mass (left) || id:ukb-b-7212,"Ischaemic heart disease, wide definition || id:finn-b-I9_IHD",ukb-b-7212,finn-b-I9_IHD,,rs10989067,0.250778899844941,0.0484536593716957,2.27125960751753e-07,IHD
Leg fat mass (left) || id:ukb-b-7212,"Ischaemic heart disease, wide definition || id:finn-b-I9_IHD",ukb-b-7212,finn-b-I9_IHD,,rs10992854,0.252247920312183,0.0484485830751552,1.9242772421927e-07,IHD
Leg fat mass (left) || id:ukb-b-7212,"Ischaemic heart disease, wide definition || id:finn-b-I9_IHD",ukb-b-7212,finn-b-I9_IHD,,rs11001259,0.250504799597476,0.0484004501057363,2.27093487204078e-07,IHD
Leg fat mass (left) || id:ukb-b-7212,"Ischaemic heart disease, wide definition || id:finn-b-I9_IHD",ukb-b-7212,finn-b-I9_IHD,,rs11004108,0.253303821757927,0.0483959039990249,1.65886755930637e-07,IHD
Leg fat mass (left) || id:ukb-b-7212,"Ischaemic heart disease, wide definition || id:finn-b-I9_IHD",ukb-b-7212,finn-b-I9_IHD,,rs11012732,0.24908531971446,0.0484719373053413,2.7656744922174e-07,IHD
Leg fat mass (left) || id:ukb-b-7212,"Ischaemic heart disease, wide definition || id:finn-b-I9_IHD",ukb-b-7212,finn-b-I9_IHD,,rs11013304,0.251493846604897,0.0484104336563927,2.0468247867501e-07,IHD
Leg fat mass (left) || id:ukb-b-7212,"Ischaemic heart disease, wide definition || id:finn-b-I9_IHD",ukb-b-7212,finn-b-I9_IHD,,rs1106761,0.252650029643999,0.0484504704611432,1.84210073175915e-07,IHD
Leg fat mass (left) || id:ukb-b-7212,"Ischaemic heart disease, wide definition || id:finn-b-I9_IHD",ukb-b-7212,finn-b-I9_IHD,,rs11071646,0.252763991877316,0.048473245570313,1.84308516926216e-07,IHD
Leg fat mass (left) || id:ukb-b-7212,"Ischaemic heart disease, wide definition || id:finn-b-I9_IHD",ukb-b-7212,finn-b-I9_IHD,,rs11075263,0.251398243884498,0.0484377661633369,2.10148695013956e-07,IHD
Leg fat mass (left) || id:ukb-b-7212,"Ischaemic heart disease, wide definition || id:finn-b-I9_IHD",ukb-b-7212,finn-b-I9_IHD,,rs11084922,0.249550521415043,0.0483175636839859,2.40696984004874e-07,IHD
Leg fat mass (left) || id:ukb-b-7212,"Ischaemic heart disease, wide definition || id:finn-b-I9_IHD",ukb-b-7212,finn-b-I9_IHD,,rs11099020,0.251582603401033,0.0484432396446984,2.06545544925054e-07,IHD
Leg fat mass (left) || id:ukb-b-7212,"Ischaemic heart disease, wide definition || id:finn-b-I9_IHD",ukb-b-7212,finn-b-I9_IHD,,rs11102121,0.249442490655619,0.0482880561925938,2.39517426525001e-07,IHD
Leg fat mass (left) || id:ukb-b-7212,"Ischaemic heart disease, wide definition || id:finn-b-I9_IHD",ukb-b-7212,finn-b-I9_IHD,,rs11105842,0.253294116129087,0.0484191116119393,1.6833679959039e-07,IHD
Leg fat mass (left) || id:ukb-b-7212,"Ischaemic heart disease, wide definition || id:finn-b-I9_IHD",ukb-b-7212,finn-b-I9_IHD,,rs11122449,0.250933372713111,0.048409839273639,2.17736803951114e-07,IHD
Leg fat mass (left) || id:ukb-b-7212,"Ischaemic heart disease, wide definition || id:finn-b-I9_IHD",ukb-b-7212,finn-b-I9_IHD,,rs11124548,0.253206069224573,0.048399003743831,1.68014494982593e-07,IHD
Leg fat mass (left) || id:ukb-b-7212,"Ischaemic heart disease, wide definition || id:finn-b-I9_IHD",ukb-b-7212,finn-b-I9_IHD,,rs11129446,0.253624873265902,0.0483686649255657,1.57492078807214e-07,IHD
Leg fat mass (left) || id:ukb-b-7212,"Ischaemic heart disease, wide definition || id:finn-b-I9_IHD",ukb-b-7212,finn-b-I9_IHD,,rs11135450,0.253452413167099,0.0484286328144084,1.66308381659255e-07,IHD
Leg fat mass (left) || id:ukb-b-7212,"Ischaemic heart disease, wide definition || id:finn-b-I9_IHD",ukb-b-7212,finn-b-I9_IHD,,rs11137022,0.25046039241543,0.0483440764371118,2.20950954983956e-07,IHD
Leg fat mass (left) || id:ukb-b-7212,"Ischaemic heart disease, wide definition || id:finn-b-I9_IHD",ukb-b-7212,finn-b-I9_IHD,,rs11150745,0.250339666245428,0.0484664604609401,2.40163296506405e-07,IHD
Leg fat mass (left) || id:ukb-b-7212,"Ischaemic heart disease, wide definition || id:finn-b-I9_IHD",ukb-b-7212,finn-b-I9_IHD,,rs11164968,0.251725549496281,0.04842594861678,2.01277104064581e-07,IHD
Leg fat mass (left) || id:ukb-b-7212,"Ischaemic heart disease, wide definition || id:finn-b-I9_IHD",ukb-b-7212,finn-b-I9_IHD,,rs11165643,0.252282861073126,0.0484870323433247,1.959917044836e-07,IHD
Leg fat mass (left) || id:ukb-b-7212,"Ischaemic heart disease, wide definition || id:finn-b-I9_IHD",ukb-b-7212,finn-b-I9_IHD,,rs112325820,0.25102056527382,0.0484169935502138,2.16531258457273e-07,IHD
Leg fat mass (left) || id:ukb-b-7212,"Ischaemic heart disease, wide definition || id:finn-b-I9_IHD",ukb-b-7212,finn-b-I9_IHD,,rs11242730,0.247169419040574,0.0481929645287851,2.91680337426265e-07,IHD
Leg fat mass (left) || id:ukb-b-7212,"Ischaemic heart disease, wide definition || id:finn-b-I9_IHD",ukb-b-7212,finn-b-I9_IHD,,rs11245344,0.251711521225561,0.0484340527973099,2.02536010844786e-07,IHD
Leg fat mass (left) || id:ukb-b-7212,"Ischaemic heart disease, wide definition || id:finn-b-I9_IHD",ukb-b-7212,finn-b-I9_IHD,,rs113079574,0.250247216163523,0.0484033284958708,2.34042038177838e-07,IHD
Leg fat mass (left) || id:ukb-b-7212,"Ischaemic heart disease, wide definition || id:finn-b-I9_IHD",ukb-b-7212,finn-b-I9_IHD,,rs113132247,0.250112883313552,0.0484335388812001,2.41671983911411e-07,IHD
Leg fat mass (left) || id:ukb-b-7212,"Ischaemic heart disease, wide definition || id:finn-b-I9_IHD",ukb-b-7212,finn-b-I9_IHD,,rs113624107,0.25114144780932,0.0484210012252467,2.14142341476431e-07,IHD
Leg fat mass (left) || id:ukb-b-7212,"Ischaemic heart disease, wide definition || id:finn-b-I9_IHD",ukb-b-7212,finn-b-I9_IHD,,rs113866544,0.25267417408019,0.0485051473480322,1.89632139340629e-07,IHD
Leg fat mass (left) || id:ukb-b-7212,"Ischaemic heart disease, wide definition || id:finn-b-I9_IHD",ukb-b-7212,finn-b-I9_IHD,,rs113963705,0.252207050472623,0.0484080948457782,1.88822206727733e-07,IHD
Leg fat mass (left) || id:ukb-b-7212,"Ischaemic heart disease, wide definition || id:finn-b-I9_IHD",ukb-b-7212,finn-b-I9_IHD,,rs114049355,0.25278764943289,0.0483927008716826,1.75408341519853e-07,IHD
Leg fat mass (left) || id:ukb-b-7212,"Ischaemic heart disease, wide definition || id:finn-b-I9_IHD",ukb-b-7212,finn-b-I9_IHD,,rs115000305,0.251169491804605,0.0484503383480397,2.17106297972266e-07,IHD
Leg fat mass (left) || id:ukb-b-7212,"Ischaemic heart disease, wide definition || id:finn-b-I9_IHD",ukb-b-7212,finn-b-I9_IHD,,rs11525873,0.253938964524897,0.0483960847878786,1.54514327237457e-07,IHD
Leg fat mass (left) || id:ukb-b-7212,"Ischaemic heart disease, wide definition || id:finn-b-I9_IHD",ukb-b-7212,finn-b-I9_IHD,,rs11533200,0.252861097091265,0.0484186076840364,1.76623662838758e-07,IHD
Leg fat mass (left) || id:ukb-b-7212,"Ischaemic heart disease, wide definition || id:finn-b-I9_IHD",ukb-b-7212,finn-b-I9_IHD,,rs115494422,0.251719582442907,0.0484170751546927,2.00381141117343e-07,IHD
Leg fat mass (left) || id:ukb-b-7212,"Ischaemic heart disease, wide definition || id:finn-b-I9_IHD",ukb-b-7212,finn-b-I9_IHD,,rs115774037,0.251500572357425,0.0484279777890365,2.06609060886055e-07,IHD
Leg fat mass (left) || id:ukb-b-7212,"Ischaemic heart disease, wide definition || id:finn-b-I9_IHD",ukb-b-7212,finn-b-I9_IHD,,rs11603042,0.252482382052111,0.0484192713505588,1.84311822285476e-07,IHD
Leg fat mass (left) || id:ukb-b-7212,"Ischaemic heart disease, wide definition || id:finn-b-I9_IHD",ukb-b-7212,finn-b-I9_IHD,,rs11603984,0.250673140983621,0.0484444355819713,2.28587573668039e-07,IHD
Leg fat mass (left) || id:ukb-b-7212,"Ischaemic heart disease, wide definition || id:finn-b-I9_IHD",ukb-b-7212,finn-b-I9_IHD,,rs11637960,0.251751666090265,0.0484270364765608,2.00820201165646e-07,IHD
Leg fat mass (left) || id:ukb-b-7212,"Ischaemic heart disease, wide definition || id:finn-b-I9_IHD",ukb-b-7212,finn-b-I9_IHD,,rs11656076,0.250504196010122,0.0484118121429344,2.28591031232201e-07,IHD
Leg fat mass (left) || id:ukb-b-7212,"Ischaemic heart disease, wide definition || id:finn-b-I9_IHD",ukb-b-7212,finn-b-I9_IHD,,rs11656758,0.251381208476648,0.0484357315663385,2.10299638368891e-07,IHD
Leg fat mass (left) || id:ukb-b-7212,"Ischaemic heart disease, wide definition || id:finn-b-I9_IHD",ukb-b-7212,finn-b-I9_IHD,,rs11664848,0.252169328580819,0.0484347957564903,1.92573468259251e-07,IHD
Leg fat mass (left) || id:ukb-b-7212,"Ischaemic heart disease, wide definition || id:finn-b-I9_IHD",ukb-b-7212,finn-b-I9_IHD,,rs1167311,0.251740362783761,0.0484823342650627,2.07584499630028e-07,IHD
Leg fat mass (left) || id:ukb-b-7212,"Ischaemic heart disease, wide definition || id:finn-b-I9_IHD",ukb-b-7212,finn-b-I9_IHD,,rs11691869,0.250973394910279,0.0484794515665396,2.25600014284871e-07,IHD
Leg fat mass (left) || id:ukb-b-7212,"Ischaemic heart disease, wide definition || id:finn-b-I9_IHD",ukb-b-7212,finn-b-I9_IHD,,rs117176448,0.252300228966518,0.0484414700019033,1.90525191884552e-07,IHD
Leg fat mass (left) || id:ukb-b-7212,"Ischaemic heart disease, wide definition || id:finn-b-I9_IHD",ukb-b-7212,finn-b-I9_IHD,,rs117342986,0.248818703828445,0.0481858267347533,2.42073993803621e-07,IHD
Leg fat mass (left) || id:ukb-b-7212,"Ischaemic heart disease, wide definition || id:finn-b-I9_IHD",ukb-b-7212,finn-b-I9_IHD,,rs117435593,0.251450654935807,0.0484049486981415,2.05016807221605e-07,IHD
Leg fat mass (left) || id:ukb-b-7212,"Ischaemic heart disease, wide definition || id:finn-b-I9_IHD",ukb-b-7212,finn-b-I9_IHD,,rs11757278,0.253010706305078,0.0484310101973709,1.74959951496883e-07,IHD
Leg fat mass (left) || id:ukb-b-7212,"Ischaemic heart disease, wide definition || id:finn-b-I9_IHD",ukb-b-7212,finn-b-I9_IHD,,rs11773362,0.252625757550694,0.0484220991435471,1.8168895380079e-07,IHD
Leg fat mass (left) || id:ukb-b-7212,"Ischaemic heart disease, wide definition || id:finn-b-I9_IHD",ukb-b-7212,finn-b-I9_IHD,,rs1182199,0.24763362576233,0.0482517795462408,2.86506110617137e-07,IHD
Leg fat mass (left) || id:ukb-b-7212,"Ischaemic heart disease, wide definition || id:finn-b-I9_IHD",ukb-b-7212,finn-b-I9_IHD,,rs11841757,0.251626860925972,0.0484400514579799,2.05156611100163e-07,IHD
Leg fat mass (left) || id:ukb-b-7212,"Ischaemic heart disease, wide definition || id:finn-b-I9_IHD",ukb-b-7212,finn-b-I9_IHD,,rs11854132,0.249235227456475,0.0483694259958868,2.56703479393358e-07,IHD
Leg fat mass (left) || id:ukb-b-7212,"Ischaemic heart disease, wide definition || id:finn-b-I9_IHD",ukb-b-7212,finn-b-I9_IHD,,rs11914525,0.252313399384113,0.0484831470876731,1.94890238700602e-07,IHD
Leg fat mass (left) || id:ukb-b-7212,"Ischaemic heart disease, wide definition || id:finn-b-I9_IHD",ukb-b-7212,finn-b-I9_IHD,,rs11929078,0.252855575635431,0.0484005750257873,1.74884430329247e-07,IHD
Leg fat mass (left) || id:ukb-b-7212,"Ischaemic heart disease, wide definition || id:finn-b-I9_IHD",ukb-b-7212,finn-b-I9_IHD,,rs12031634,0.251527063996824,0.0484333358502009,2.06639650255897e-07,IHD
Leg fat mass (left) || id:ukb-b-7212,"Ischaemic heart disease, wide definition || id:finn-b-I9_IHD",ukb-b-7212,finn-b-I9_IHD,,rs12042959,0.252887825681722,0.0484280320382873,1.77067267894955e-07,IHD
Leg fat mass (left) || id:ukb-b-7212,"Ischaemic heart disease, wide definition || id:finn-b-I9_IHD",ukb-b-7212,finn-b-I9_IHD,,rs12053069,0.251518498417058,0.0484242466897628,2.05755509085382e-07,IHD
Leg fat mass (left) || id:ukb-b-7212,"Ischaemic heart disease, wide definition || id:finn-b-I9_IHD",ukb-b-7212,finn-b-I9_IHD,,rs12071132,0.253175087402054,0.0483858325917681,1.67303399482684e-07,IHD
Leg fat mass (left) || id:ukb-b-7212,"Ischaemic heart disease, wide definition || id:finn-b-I9_IHD",ukb-b-7212,finn-b-I9_IHD,,rs12072739,0.24971281421682,0.0484205982009523,2.50722389410386e-07,IHD
Leg fat mass (left) || id:ukb-b-7212,"Ischaemic heart disease, wide definition || id:finn-b-I9_IHD",ukb-b-7212,finn-b-I9_IHD,,rs12089815,0.250611985800306,0.0483867670372704,2.22660763565872e-07,IHD
Leg fat mass (left) || id:ukb-b-7212,"Ischaemic heart disease, wide definition || id:finn-b-I9_IHD",ukb-b-7212,finn-b-I9_IHD,,rs12139715,0.251528958395555,0.0484300015227606,2.06199644723684e-07,IHD
Leg fat mass (left) || id:ukb-b-7212,"Ischaemic heart disease, wide definition || id:finn-b-I9_IHD",ukb-b-7212,finn-b-I9_IHD,,rs12140153,0.252003243095727,0.0484731905584727,2.0056094598168e-07,IHD
Leg fat mass (left) || id:ukb-b-7212,"Ischaemic heart disease, wide definition || id:finn-b-I9_IHD",ukb-b-7212,finn-b-I9_IHD,,rs12144626,0.24954936181657,0.0484021783538786,2.52622465258101e-07,IHD
Leg fat mass (left) || id:ukb-b-7212,"Ischaemic heart disease, wide definition || id:finn-b-I9_IHD",ukb-b-7212,finn-b-I9_IHD,,rs12195911,0.251898349496335,0.0484261630493258,1.97474309262838e-07,IHD
Leg fat mass (left) || id:ukb-b-7212,"Ischaemic heart disease, wide definition || id:finn-b-I9_IHD",ukb-b-7212,finn-b-I9_IHD,,rs12259464,0.253328315658886,0.0484087978568632,1.66686107913015e-07,IHD
Leg fat mass (left) || id:ukb-b-7212,"Ischaemic heart disease, wide definition || id:finn-b-I9_IHD",ukb-b-7212,finn-b-I9_IHD,,rs1229984,0.251727872305854,0.0484132865668705,1.99758972860842e-07,IHD
Leg fat mass (left) || id:ukb-b-7212,"Ischaemic heart disease, wide definition || id:finn-b-I9_IHD",ukb-b-7212,finn-b-I9_IHD,,rs12302594,0.252299589083344,0.0484237820641034,1.88595187012481e-07,IHD
Leg fat mass (left) || id:ukb-b-7212,"Ischaemic heart disease, wide definition || id:finn-b-I9_IHD",ukb-b-7212,finn-b-I9_IHD,,rs12316080,0.254814644426879,0.0483369192158184,1.35213024179968e-07,IHD
Leg fat mass (left) || id:ukb-b-7212,"Ischaemic heart disease, wide definition || id:finn-b-I9_IHD",ukb-b-7212,finn-b-I9_IHD,,rs12364470,0.247202065445087,0.0482594633967895,3.01744381985814e-07,IHD
Leg fat mass (left) || id:ukb-b-7212,"Ischaemic heart disease, wide definition || id:finn-b-I9_IHD",ukb-b-7212,finn-b-I9_IHD,,rs12369705,0.253817580446761,0.0483587996127168,1.53232183810481e-07,IHD
Leg fat mass (left) || id:ukb-b-7212,"Ischaemic heart disease, wide definition || id:finn-b-I9_IHD",ukb-b-7212,finn-b-I9_IHD,,rs12427047,0.252090130439801,0.0484747367929636,1.98813537831956e-07,IHD
Leg fat mass (left) || id:ukb-b-7212,"Ischaemic heart disease, wide definition || id:finn-b-I9_IHD",ukb-b-7212,finn-b-I9_IHD,,rs12439200,0.253978047574311,0.0483977708354345,1.53991418553224e-07,IHD
Leg fat mass (left) || id:ukb-b-7212,"Ischaemic heart disease, wide definition || id:finn-b-I9_IHD",ukb-b-7212,finn-b-I9_IHD,,rs12458983,0.252721848312654,0.0484058610752188,1.78061867377678e-07,IHD
Leg fat mass (left) || id:ukb-b-7212,"Ischaemic heart disease, wide definition || id:finn-b-I9_IHD",ukb-b-7212,finn-b-I9_IHD,,rs12475388,0.251924598828777,0.0484402899195715,1.9851325637292e-07,IHD
Leg fat mass (left) || id:ukb-b-7212,"Ischaemic heart disease, wide definition || id:finn-b-I9_IHD",ukb-b-7212,finn-b-I9_IHD,,rs12477385,0.253778020748011,0.048416962903758,1.59267389081811e-07,IHD
Leg fat mass (left) || id:ukb-b-7212,"Ischaemic heart disease, wide definition || id:finn-b-I9_IHD",ukb-b-7212,finn-b-I9_IHD,,rs12479428,0.250206381466485,0.0483552876976897,2.28726058118941e-07,IHD
Leg fat mass (left) || id:ukb-b-7212,"Ischaemic heart disease, wide definition || id:finn-b-I9_IHD",ukb-b-7212,finn-b-I9_IHD,,rs12517187,0.251659107888416,0.0484399132398802,2.04407508934193e-07,IHD
Leg fat mass (left) || id:ukb-b-7212,"Ischaemic heart disease, wide definition || id:finn-b-I9_IHD",ukb-b-7212,finn-b-I9_IHD,,rs12531780,0.252370594409257,0.0484196267803338,1.86659597490661e-07,IHD
Leg fat mass (left) || id:ukb-b-7212,"Ischaemic heart disease, wide definition || id:finn-b-I9_IHD",ukb-b-7212,finn-b-I9_IHD,,rs12540060,0.24955336978773,0.048318857738969,2.40799139179564e-07,IHD
Leg fat mass (left) || id:ukb-b-7212,"Ischaemic heart disease, wide definition || id:finn-b-I9_IHD",ukb-b-7212,finn-b-I9_IHD,,rs1263629,0.249597060796953,0.048345748953815,2.43346826924602e-07,IHD
Leg fat mass (left) || id:ukb-b-7212,"Ischaemic heart disease, wide definition || id:finn-b-I9_IHD",ukb-b-7212,finn-b-I9_IHD,,rs1266876,0.253298724275942,0.0484224526022677,1.68579033223417e-07,IHD
Leg fat mass (left) || id:ukb-b-7212,"Ischaemic heart disease, wide definition || id:finn-b-I9_IHD",ukb-b-7212,finn-b-I9_IHD,,rs12679106,0.250304906492624,0.0484844042356025,2.4356141596466e-07,IHD
Leg fat mass (left) || id:ukb-b-7212,"Ischaemic heart disease, wide definition || id:finn-b-I9_IHD",ukb-b-7212,finn-b-I9_IHD,,rs12680342,0.250852518171676,0.0484324133107839,2.22559397643709e-07,IHD
Leg fat mass (left) || id:ukb-b-7212,"Ischaemic heart disease, wide definition || id:finn-b-I9_IHD",ukb-b-7212,finn-b-I9_IHD,,rs12681205,0.252415116979364,0.0484270314954421,1.86536433955111e-07,IHD
Leg fat mass (left) || id:ukb-b-7212,"Ischaemic heart disease, wide definition || id:finn-b-I9_IHD",ukb-b-7212,finn-b-I9_IHD,,rs12681792,0.249764549178194,0.0483950004284675,2.45689720397703e-07,IHD
Leg fat mass (left) || id:ukb-b-7212,"Ischaemic heart disease, wide definition || id:finn-b-I9_IHD",ukb-b-7212,finn-b-I9_IHD,,rs12705982,0.250875119698174,0.0484213691095866,2.20601605062276e-07,IHD
Leg fat mass (left) || id:ukb-b-7212,"Ischaemic heart disease, wide definition || id:finn-b-I9_IHD",ukb-b-7212,finn-b-I9_IHD,,rs12784071,0.249377146986479,0.0482666608331023,2.38321566676316e-07,IHD
Leg fat mass (left) || id:ukb-b-7212,"Ischaemic heart disease, wide definition || id:finn-b-I9_IHD",ukb-b-7212,finn-b-I9_IHD,,rs1286058,0.25166927680441,0.0484248866738902,2.02414781169726e-07,IHD
Leg fat mass (left) || id:ukb-b-7212,"Ischaemic heart disease, wide definition || id:finn-b-I9_IHD",ukb-b-7212,finn-b-I9_IHD,,rs12877270,0.25001782927031,0.0484000164205215,2.39597254013785e-07,IHD
Leg fat mass (left) || id:ukb-b-7212,"Ischaemic heart disease, wide definition || id:finn-b-I9_IHD",ukb-b-7212,finn-b-I9_IHD,,rs12878084,0.251690805095312,0.0484263063863891,2.02096980920951e-07,IHD
Leg fat mass (left) || id:ukb-b-7212,"Ischaemic heart disease, wide definition || id:finn-b-I9_IHD",ukb-b-7212,finn-b-I9_IHD,,rs12881629,0.251755060012736,0.0484421746702837,2.02506123826069e-07,IHD
Leg fat mass (left) || id:ukb-b-7212,"Ischaemic heart disease, wide definition || id:finn-b-I9_IHD",ukb-b-7212,finn-b-I9_IHD,,rs12885458,0.250027902648514,0.0484283099733258,2.43223335182822e-07,IHD
Leg fat mass (left) || id:ukb-b-7212,"Ischaemic heart disease, wide definition || id:finn-b-I9_IHD",ukb-b-7212,finn-b-I9_IHD,,rs12890931,0.250141123268739,0.0484170440851804,2.38664062774397e-07,IHD
Leg fat mass (left) || id:ukb-b-7212,"Ischaemic heart disease, wide definition || id:finn-b-I9_IHD",ukb-b-7212,finn-b-I9_IHD,,rs12921077,0.253303556152697,0.0484038038020639,1.66660484306366e-07,IHD
Leg fat mass (left) || id:ukb-b-7212,"Ischaemic heart disease, wide definition || id:finn-b-I9_IHD",ukb-b-7212,finn-b-I9_IHD,,rs12926250,0.251815212574613,0.0484224709874866,1.98882309807265e-07,IHD
Leg fat mass (left) || id:ukb-b-7212,"Ischaemic heart disease, wide definition || id:finn-b-I9_IHD",ukb-b-7212,finn-b-I9_IHD,,rs12960971,0.248663122946259,0.048317586909613,2.65489176122286e-07,IHD
Leg fat mass (left) || id:ukb-b-7212,"Ischaemic heart disease, wide definition || id:finn-b-I9_IHD",ukb-b-7212,finn-b-I9_IHD,,rs1296328,0.254997462039865,0.0484087635927169,1.38227284379213e-07,IHD
Leg fat mass (left) || id:ukb-b-7212,"Ischaemic heart disease, wide definition || id:finn-b-I9_IHD",ukb-b-7212,finn-b-I9_IHD,,rs12986231,0.251812380725521,0.0484506467982673,2.02207622734978e-07,IHD
Leg fat mass (left) || id:ukb-b-7212,"Ischaemic heart disease, wide definition || id:finn-b-I9_IHD",ukb-b-7212,finn-b-I9_IHD,,rs13033310,0.251831756997445,0.0484304285036026,1.99431843266836e-07,IHD
Leg fat mass (left) || id:ukb-b-7212,"Ischaemic heart disease, wide definition || id:finn-b-I9_IHD",ukb-b-7212,finn-b-I9_IHD,,rs13041173,0.250189255720386,0.048398709988538,2.3492558455771e-07,IHD
Leg fat mass (left) || id:ukb-b-7212,"Ischaemic heart disease, wide definition || id:finn-b-I9_IHD",ukb-b-7212,finn-b-I9_IHD,,rs13043475,0.252922035277436,0.0484855329105779,1.82391331676971e-07,IHD
Leg fat mass (left) || id:ukb-b-7212,"Ischaemic heart disease, wide definition || id:finn-b-I9_IHD",ukb-b-7212,finn-b-I9_IHD,,rs13044335,0.252224721830738,0.0484373541161224,1.91674514802009e-07,IHD
Leg fat mass (left) || id:ukb-b-7212,"Ischaemic heart disease, wide definition || id:finn-b-I9_IHD",ukb-b-7212,finn-b-I9_IHD,,rs13065044,0.249449702397496,0.0483534820098016,2.48434453548089e-07,IHD
Leg fat mass (left) || id:ukb-b-7212,"Ischaemic heart disease, wide definition || id:finn-b-I9_IHD",ukb-b-7212,finn-b-I9_IHD,,rs13097918,0.251611854261409,0.04843813552245,2.05271700917814e-07,IHD
Leg fat mass (left) || id:ukb-b-7212,"Ischaemic heart disease, wide definition || id:finn-b-I9_IHD",ukb-b-7212,finn-b-I9_IHD,,rs13107325,0.253439419975603,0.048360734039768,1.60052503491083e-07,IHD
Leg fat mass (left) || id:ukb-b-7212,"Ischaemic heart disease, wide definition || id:finn-b-I9_IHD",ukb-b-7212,finn-b-I9_IHD,,rs13172524,0.253089145783889,0.0484009414542427,1.70417503128355e-07,IHD
Leg fat mass (left) || id:ukb-b-7212,"Ischaemic heart disease, wide definition || id:finn-b-I9_IHD",ukb-b-7212,finn-b-I9_IHD,,rs13172600,0.252424082510252,0.0484214908966469,1.85751917744638e-07,IHD
Leg fat mass (left) || id:ukb-b-7212,"Ischaemic heart disease, wide definition || id:finn-b-I9_IHD",ukb-b-7212,finn-b-I9_IHD,,rs13204214,0.252905194253806,0.0484118249866702,1.75063202688018e-07,IHD
Leg fat mass (left) || id:ukb-b-7212,"Ischaemic heart disease, wide definition || id:finn-b-I9_IHD",ukb-b-7212,finn-b-I9_IHD,,rs13218383,0.25190101636255,0.0484487350002188,2.00006936147725e-07,IHD
Leg fat mass (left) || id:ukb-b-7212,"Ischaemic heart disease, wide definition || id:finn-b-I9_IHD",ukb-b-7212,finn-b-I9_IHD,,rs1327259,0.251016913668078,0.048433270871941,2.18653047289373e-07,IHD
Leg fat mass (left) || id:ukb-b-7212,"Ischaemic heart disease, wide definition || id:finn-b-I9_IHD",ukb-b-7212,finn-b-I9_IHD,,rs13292699,0.250072525736341,0.0485000847266967,2.52111897472874e-07,IHD
Leg fat mass (left) || id:ukb-b-7212,"Ischaemic heart disease, wide definition || id:finn-b-I9_IHD",ukb-b-7212,finn-b-I9_IHD,,rs1330199,0.250476971520845,0.0484033532573789,2.28172938273315e-07,IHD
Leg fat mass (left) || id:ukb-b-7212,"Ischaemic heart disease, wide definition || id:finn-b-I9_IHD",ukb-b-7212,finn-b-I9_IHD,,rs13333747,0.251861541001506,0.048463322539046,2.02583094098373e-07,IHD
Leg fat mass (left) || id:ukb-b-7212,"Ischaemic heart disease, wide definition || id:finn-b-I9_IHD",ukb-b-7212,finn-b-I9_IHD,,rs13389219,0.255978507102288,0.0482645704323612,1.13508327268532e-07,IHD
Leg fat mass (left) || id:ukb-b-7212,"Ischaemic heart disease, wide definition || id:finn-b-I9_IHD",ukb-b-7212,finn-b-I9_IHD,,rs13410783,0.252700082083024,0.0484539156156543,1.83553162971279e-07,IHD
Leg fat mass (left) || id:ukb-b-7212,"Ischaemic heart disease, wide definition || id:finn-b-I9_IHD",ukb-b-7212,finn-b-I9_IHD,,rs13427822,0.250295652805524,0.0484306119249424,2.36449018313169e-07,IHD
Leg fat mass (left) || id:ukb-b-7212,"Ischaemic heart disease, wide definition || id:finn-b-I9_IHD",ukb-b-7212,finn-b-I9_IHD,,rs1360201,0.250663292307074,0.0484123191528246,2.24667229016962e-07,IHD
Leg fat mass (left) || id:ukb-b-7212,"Ischaemic heart disease, wide definition || id:finn-b-I9_IHD",ukb-b-7212,finn-b-I9_IHD,,rs1383723,0.248964773740935,0.0482874573189847,2.52430301777968e-07,IHD
Leg fat mass (left) || id:ukb-b-7212,"Ischaemic heart disease, wide definition || id:finn-b-I9_IHD",ukb-b-7212,finn-b-I9_IHD,,rs140733155,0.255100150844619,0.0484028218563045,1.36158672372051e-07,IHD
Leg fat mass (left) || id:ukb-b-7212,"Ischaemic heart disease, wide definition || id:finn-b-I9_IHD",ukb-b-7212,finn-b-I9_IHD,,rs143121872,0.251207439476733,0.0484028561519066,2.10373052440148e-07,IHD
Leg fat mass (left) || id:ukb-b-7212,"Ischaemic heart disease, wide definition || id:finn-b-I9_IHD",ukb-b-7212,finn-b-I9_IHD,,rs1436348,0.250693119168785,0.0484450484772175,2.28163256348046e-07,IHD
Leg fat mass (left) || id:ukb-b-7212,"Ischaemic heart disease, wide definition || id:finn-b-I9_IHD",ukb-b-7212,finn-b-I9_IHD,,rs1441264,0.255256409906671,0.0483758200098033,1.31653794947043e-07,IHD
Leg fat mass (left) || id:ukb-b-7212,"Ischaemic heart disease, wide definition || id:finn-b-I9_IHD",ukb-b-7212,finn-b-I9_IHD,,rs1446585,0.249339865790144,0.0483966606379654,2.57715362148045e-07,IHD
Leg fat mass (left) || id:ukb-b-7212,"Ischaemic heart disease, wide definition || id:finn-b-I9_IHD",ukb-b-7212,finn-b-I9_IHD,,rs1452385,0.249541501515901,0.048300151953463,2.3855078084632e-07,IHD
Leg fat mass (left) || id:ukb-b-7212,"Ischaemic heart disease, wide definition || id:finn-b-I9_IHD",ukb-b-7212,finn-b-I9_IHD,,rs1471093,0.253033043001888,0.0484296676646067,1.74387901348227e-07,IHD
Leg fat mass (left) || id:ukb-b-7212,"Ischaemic heart disease, wide definition || id:finn-b-I9_IHD",ukb-b-7212,finn-b-I9_IHD,,rs1476365,0.251961906610509,0.0484308721191605,1.96618925914993e-07,IHD
Leg fat mass (left) || id:ukb-b-7212,"Ischaemic heart disease, wide definition || id:finn-b-I9_IHD",ukb-b-7212,finn-b-I9_IHD,,rs1477290,0.250843512735375,0.0484958621407849,2.31016521766104e-07,IHD
Leg fat mass (left) || id:ukb-b-7212,"Ischaemic heart disease, wide definition || id:finn-b-I9_IHD",ukb-b-7212,finn-b-I9_IHD,,rs147730268,0.254292966731453,0.0484858066126706,1.56546332709469e-07,IHD
Leg fat mass (left) || id:ukb-b-7212,"Ischaemic heart disease, wide definition || id:finn-b-I9_IHD",ukb-b-7212,finn-b-I9_IHD,,rs1480474,0.251550885182305,0.0484284515984861,2.05514832841255e-07,IHD
Leg fat mass (left) || id:ukb-b-7212,"Ischaemic heart disease, wide definition || id:finn-b-I9_IHD",ukb-b-7212,finn-b-I9_IHD,,rs1481012,0.254094291470456,0.0483037793967588,1.43789460626085e-07,IHD
Leg fat mass (left) || id:ukb-b-7212,"Ischaemic heart disease, wide definition || id:finn-b-I9_IHD",ukb-b-7212,finn-b-I9_IHD,,rs148259564,0.252005093565953,0.0484322872227049,1.95837600428318e-07,IHD
Leg fat mass (left) || id:ukb-b-7212,"Ischaemic heart disease, wide definition || id:finn-b-I9_IHD",ukb-b-7212,finn-b-I9_IHD,,rs148636479,0.251269121007476,0.0483951485908693,2.08012143160201e-07,IHD
Leg fat mass (left) || id:ukb-b-7212,"Ischaemic heart disease, wide definition || id:finn-b-I9_IHD",ukb-b-7212,finn-b-I9_IHD,,rs149990157,0.252203070469814,0.0484371718435494,1.92116337660477e-07,IHD
Leg fat mass (left) || id:ukb-b-7212,"Ischaemic heart disease, wide definition || id:finn-b-I9_IHD",ukb-b-7212,finn-b-I9_IHD,,rs1502317,0.256939686756098,0.0482981646172337,1.03844618635907e-07,IHD
Leg fat mass (left) || id:ukb-b-7212,"Ischaemic heart disease, wide definition || id:finn-b-I9_IHD",ukb-b-7212,finn-b-I9_IHD,,rs1503526,0.250870390443374,0.0484431191969934,2.23486668157743e-07,IHD
Leg fat mass (left) || id:ukb-b-7212,"Ischaemic heart disease, wide definition || id:finn-b-I9_IHD",ukb-b-7212,finn-b-I9_IHD,,rs150379976,0.253754607191094,0.0483379907659812,1.52438550422554e-07,IHD
Leg fat mass (left) || id:ukb-b-7212,"Ischaemic heart disease, wide definition || id:finn-b-I9_IHD",ukb-b-7212,finn-b-I9_IHD,,rs1505112,0.251514315179475,0.0484251833006605,2.05962226688716e-07,IHD
Leg fat mass (left) || id:ukb-b-7212,"Ischaemic heart disease, wide definition || id:finn-b-I9_IHD",ukb-b-7212,finn-b-I9_IHD,,rs1510593,0.251510005910148,0.0484248989525162,2.06026979156725e-07,IHD
Leg fat mass (left) || id:ukb-b-7212,"Ischaemic heart disease, wide definition || id:finn-b-I9_IHD",ukb-b-7212,finn-b-I9_IHD,,rs1512065,0.251058108602055,0.0484246728189469,2.16585729920045e-07,IHD
Leg fat mass (left) || id:ukb-b-7212,"Ischaemic heart disease, wide definition || id:finn-b-I9_IHD",ukb-b-7212,finn-b-I9_IHD,,rs1524271,0.25256631952485,0.0484236385446068,1.83060131663777e-07,IHD
Leg fat mass (left) || id:ukb-b-7212,"Ischaemic heart disease, wide definition || id:finn-b-I9_IHD",ukb-b-7212,finn-b-I9_IHD,,rs1532460,0.253452642084207,0.0483870264955427,1.62300671886019e-07,IHD
Leg fat mass (left) || id:ukb-b-7212,"Ischaemic heart disease, wide definition || id:finn-b-I9_IHD",ukb-b-7212,finn-b-I9_IHD,,rs154602,0.251299232669424,0.0484160547929311,2.0983018359642e-07,IHD
Leg fat mass (left) || id:ukb-b-7212,"Ischaemic heart disease, wide definition || id:finn-b-I9_IHD",ukb-b-7212,finn-b-I9_IHD,,rs1554654,0.250278927363853,0.0484336075458085,2.37291549141222e-07,IHD
Leg fat mass (left) || id:ukb-b-7212,"Ischaemic heart disease, wide definition || id:finn-b-I9_IHD",ukb-b-7212,finn-b-I9_IHD,,rs1568489,0.24670771933996,0.0482570193968489,3.18142578442022e-07,IHD
Leg fat mass (left) || id:ukb-b-7212,"Ischaemic heart disease, wide definition || id:finn-b-I9_IHD",ukb-b-7212,finn-b-I9_IHD,,rs156914,0.251803252999333,0.048424443445234,1.99373854699156e-07,IHD
Leg fat mass (left) || id:ukb-b-7212,"Ischaemic heart disease, wide definition || id:finn-b-I9_IHD",ukb-b-7212,finn-b-I9_IHD,,rs1619442,0.25343650765157,0.048390592673486,1.62934390593783e-07,IHD
Leg fat mass (left) || id:ukb-b-7212,"Ischaemic heart disease, wide definition || id:finn-b-I9_IHD",ukb-b-7212,finn-b-I9_IHD,,rs1658820,0.253905631932645,0.0483598746942401,1.51821325056096e-07,IHD
Leg fat mass (left) || id:ukb-b-7212,"Ischaemic heart disease, wide definition || id:finn-b-I9_IHD",ukb-b-7212,finn-b-I9_IHD,,rs16868443,0.251382326411293,0.0484192634608502,2.08289280257085e-07,IHD
Leg fat mass (left) || id:ukb-b-7212,"Ischaemic heart disease, wide definition || id:finn-b-I9_IHD",ukb-b-7212,finn-b-I9_IHD,,rs16916303,0.2556607997149,0.0482598350724371,1.17341339456425e-07,IHD
Leg fat mass (left) || id:ukb-b-7212,"Ischaemic heart disease, wide definition || id:finn-b-I9_IHD",ukb-b-7212,finn-b-I9_IHD,,rs16939574,0.250848445519421,0.0483970214100932,2.18183364531372e-07,IHD
Leg fat mass (left) || id:ukb-b-7212,"Ischaemic heart disease, wide definition || id:finn-b-I9_IHD",ukb-b-7212,finn-b-I9_IHD,,rs17024393,0.261646624310858,0.0483418866473342,6.2178419861001e-08,IHD
Leg fat mass (left) || id:ukb-b-7212,"Ischaemic heart disease, wide definition || id:finn-b-I9_IHD",ukb-b-7212,finn-b-I9_IHD,,rs17115183,0.252632005450575,0.0484346209109117,1.8288882245515e-07,IHD
Leg fat mass (left) || id:ukb-b-7212,"Ischaemic heart disease, wide definition || id:finn-b-I9_IHD",ukb-b-7212,finn-b-I9_IHD,,rs17129181,0.252729108731104,0.0484087002203443,1.78212152453226e-07,IHD
Leg fat mass (left) || id:ukb-b-7212,"Ischaemic heart disease, wide definition || id:finn-b-I9_IHD",ukb-b-7212,finn-b-I9_IHD,,rs17193211,0.252585343135134,0.0484290693735259,1.83249944101977e-07,IHD
Leg fat mass (left) || id:ukb-b-7212,"Ischaemic heart disease, wide definition || id:finn-b-I9_IHD",ukb-b-7212,finn-b-I9_IHD,,rs1726254,0.251134001429145,0.0484127189424279,2.13300898426572e-07,IHD
Leg fat mass (left) || id:ukb-b-7212,"Ischaemic heart disease, wide definition || id:finn-b-I9_IHD",ukb-b-7212,finn-b-I9_IHD,,rs1730851,0.247144361419341,0.0481762374390319,2.8973376457781e-07,IHD
Leg fat mass (left) || id:ukb-b-7212,"Ischaemic heart disease, wide definition || id:finn-b-I9_IHD",ukb-b-7212,finn-b-I9_IHD,,rs17311369,0.251208578994136,0.0484127035999284,2.11542267852816e-07,IHD
Leg fat mass (left) || id:ukb-b-7212,"Ischaemic heart disease, wide definition || id:finn-b-I9_IHD",ukb-b-7212,finn-b-I9_IHD,,rs173942,0.251948254966314,0.0484260278895094,1.96366653436364e-07,IHD
Leg fat mass (left) || id:ukb-b-7212,"Ischaemic heart disease, wide definition || id:finn-b-I9_IHD",ukb-b-7212,finn-b-I9_IHD,,rs17399739,0.249846581692593,0.0484075351803189,2.45219953203184e-07,IHD
Leg fat mass (left) || id:ukb-b-7212,"Ischaemic heart disease, wide definition || id:finn-b-I9_IHD",ukb-b-7212,finn-b-I9_IHD,,rs17432805,0.252874352086408,0.0484056813831787,1.75038732738229e-07,IHD
Leg fat mass (left) || id:ukb-b-7212,"Ischaemic heart disease, wide definition || id:finn-b-I9_IHD",ukb-b-7212,finn-b-I9_IHD,,rs17639996,0.25237383128327,0.0484717331069744,1.9231270948025e-07,IHD
Leg fat mass (left) || id:ukb-b-7212,"Ischaemic heart disease, wide definition || id:finn-b-I9_IHD",ukb-b-7212,finn-b-I9_IHD,,rs17744603,0.24955533107861,0.0483557202331424,2.45866071498392e-07,IHD
Leg fat mass (left) || id:ukb-b-7212,"Ischaemic heart disease, wide definition || id:finn-b-I9_IHD",ukb-b-7212,finn-b-I9_IHD,,rs17770336,0.251027364190233,0.0485026305854289,2.27251241838845e-07,IHD
Leg fat mass (left) || id:ukb-b-7212,"Ischaemic heart disease, wide definition || id:finn-b-I9_IHD",ukb-b-7212,finn-b-I9_IHD,,rs1778830,0.253795578163352,0.0483832568592929,1.55838017850647e-07,IHD
Leg fat mass (left) || id:ukb-b-7212,"Ischaemic heart disease, wide definition || id:finn-b-I9_IHD",ukb-b-7212,finn-b-I9_IHD,,rs1782508,0.24899537462903,0.0483621725717273,2.62498815951892e-07,IHD
Leg fat mass (left) || id:ukb-b-7212,"Ischaemic heart disease, wide definition || id:finn-b-I9_IHD",ukb-b-7212,finn-b-I9_IHD,,rs17879604,0.251653020140368,0.0484256557833224,2.02870519274594e-07,IHD
Leg fat mass (left) || id:ukb-b-7212,"Ischaemic heart disease, wide definition || id:finn-b-I9_IHD",ukb-b-7212,finn-b-I9_IHD,,rs1801282,0.256122366254672,0.0484406846392293,1.2410787850478e-07,IHD
Leg fat mass (left) || id:ukb-b-7212,"Ischaemic heart disease, wide definition || id:finn-b-I9_IHD",ukb-b-7212,finn-b-I9_IHD,,rs1814592,0.252750298031438,0.0484401162165858,1.810717172347e-07,IHD
Leg fat mass (left) || id:ukb-b-7212,"Ischaemic heart disease, wide definition || id:finn-b-I9_IHD",ukb-b-7212,finn-b-I9_IHD,,rs1818917,0.251980336929321,0.0484258700128917,1.95649727759228e-07,IHD
Leg fat mass (left) || id:ukb-b-7212,"Ischaemic heart disease, wide definition || id:finn-b-I9_IHD",ukb-b-7212,finn-b-I9_IHD,,rs1854225,0.251695259086532,0.0484257855291343,2.01936328090605e-07,IHD
Leg fat mass (left) || id:ukb-b-7212,"Ischaemic heart disease, wide definition || id:finn-b-I9_IHD",ukb-b-7212,finn-b-I9_IHD,,rs1861410,0.248751464286088,0.0484320881156503,2.80516415202128e-07,IHD
Leg fat mass (left) || id:ukb-b-7212,"Ischaemic heart disease, wide definition || id:finn-b-I9_IHD",ukb-b-7212,finn-b-I9_IHD,,rs1865341,0.252299444406867,0.0484285330036119,1.89118517913046e-07,IHD
Leg fat mass (left) || id:ukb-b-7212,"Ischaemic heart disease, wide definition || id:finn-b-I9_IHD",ukb-b-7212,finn-b-I9_IHD,,rs1881505,0.250815423183672,0.0483833634028905,2.17271652263332e-07,IHD
Leg fat mass (left) || id:ukb-b-7212,"Ischaemic heart disease, wide definition || id:finn-b-I9_IHD",ukb-b-7212,finn-b-I9_IHD,,rs190363243,0.253158112597607,0.0484250976121761,1.71512350115016e-07,IHD
Leg fat mass (left) || id:ukb-b-7212,"Ischaemic heart disease, wide definition || id:finn-b-I9_IHD",ukb-b-7212,finn-b-I9_IHD,,rs1941681,0.250564503462016,0.0483976784017052,2.25239651829521e-07,IHD
Leg fat mass (left) || id:ukb-b-7212,"Ischaemic heart disease, wide definition || id:finn-b-I9_IHD",ukb-b-7212,finn-b-I9_IHD,,rs1945160,0.25324882323067,0.048411892203947,1.68478448393821e-07,IHD
Leg fat mass (left) || id:ukb-b-7212,"Ischaemic heart disease, wide definition || id:finn-b-I9_IHD",ukb-b-7212,finn-b-I9_IHD,,rs1956459,0.250281475922568,0.0483753010281732,2.29447813111628e-07,IHD
Leg fat mass (left) || id:ukb-b-7212,"Ischaemic heart disease, wide definition || id:finn-b-I9_IHD",ukb-b-7212,finn-b-I9_IHD,,rs1960268,0.250676505577681,0.0483839513715865,2.20717749893999e-07,IHD
Leg fat mass (left) || id:ukb-b-7212,"Ischaemic heart disease, wide definition || id:finn-b-I9_IHD",ukb-b-7212,finn-b-I9_IHD,,rs2024608,0.252103574214559,0.0484258743700776,1.9298743394511e-07,IHD
Leg fat mass (left) || id:ukb-b-7212,"Ischaemic heart disease, wide definition || id:finn-b-I9_IHD",ukb-b-7212,finn-b-I9_IHD,,rs2051559,0.250859580578094,0.048416917098719,2.20417790881584e-07,IHD
Leg fat mass (left) || id:ukb-b-7212,"Ischaemic heart disease, wide definition || id:finn-b-I9_IHD",ukb-b-7212,finn-b-I9_IHD,,rs2058527,0.2526709863656,0.0484145217650963,1.79980100075627e-07,IHD
Leg fat mass (left) || id:ukb-b-7212,"Ischaemic heart disease, wide definition || id:finn-b-I9_IHD",ukb-b-7212,finn-b-I9_IHD,,rs2066598,0.255429512217979,0.0482199225424635,1.17606048846196e-07,IHD
Leg fat mass (left) || id:ukb-b-7212,"Ischaemic heart disease, wide definition || id:finn-b-I9_IHD",ukb-b-7212,finn-b-I9_IHD,,rs2076586,0.251163042184705,0.0484199707078286,2.13503804696519e-07,IHD
Leg fat mass (left) || id:ukb-b-7212,"Ischaemic heart disease, wide definition || id:finn-b-I9_IHD",ukb-b-7212,finn-b-I9_IHD,,rs2081880,0.252092806713187,0.0484292570864615,1.93597428428067e-07,IHD
Leg fat mass (left) || id:ukb-b-7212,"Ischaemic heart disease, wide definition || id:finn-b-I9_IHD",ukb-b-7212,finn-b-I9_IHD,,rs2095484,0.249038381498848,0.04831220950837,2.53940928055845e-07,IHD
Leg fat mass (left) || id:ukb-b-7212,"Ischaemic heart disease, wide definition || id:finn-b-I9_IHD",ukb-b-7212,finn-b-I9_IHD,,rs2106373,0.253008159419327,0.0484020512697218,1.72077917594414e-07,IHD
Leg fat mass (left) || id:ukb-b-7212,"Ischaemic heart disease, wide definition || id:finn-b-I9_IHD",ukb-b-7212,finn-b-I9_IHD,,rs2120450,0.251246188430802,0.0484268718704165,2.1238612279574e-07,IHD
Leg fat mass (left) || id:ukb-b-7212,"Ischaemic heart disease, wide definition || id:finn-b-I9_IHD",ukb-b-7212,finn-b-I9_IHD,,rs2133561,0.254123409332268,0.048406689137639,1.52299056621258e-07,IHD
Leg fat mass (left) || id:ukb-b-7212,"Ischaemic heart disease, wide definition || id:finn-b-I9_IHD",ukb-b-7212,finn-b-I9_IHD,,rs2143175,0.254187019018339,0.0483806597967777,1.48913919150571e-07,IHD
Leg fat mass (left) || id:ukb-b-7212,"Ischaemic heart disease, wide definition || id:finn-b-I9_IHD",ukb-b-7212,finn-b-I9_IHD,,rs2151447,0.250749907153581,0.0484132158030747,2.2263774077829e-07,IHD
Leg fat mass (left) || id:ukb-b-7212,"Ischaemic heart disease, wide definition || id:finn-b-I9_IHD",ukb-b-7212,finn-b-I9_IHD,,rs2153733,0.25392294492573,0.0483501718369882,1.50662048552845e-07,IHD
Leg fat mass (left) || id:ukb-b-7212,"Ischaemic heart disease, wide definition || id:finn-b-I9_IHD",ukb-b-7212,finn-b-I9_IHD,,rs215669,0.250780412038182,0.0484455739613887,2.26039592709164e-07,IHD
Leg fat mass (left) || id:ukb-b-7212,"Ischaemic heart disease, wide definition || id:finn-b-I9_IHD",ukb-b-7212,finn-b-I9_IHD,,rs2172131,0.248251420107406,0.0483565981548662,2.84002392840709e-07,IHD
Leg fat mass (left) || id:ukb-b-7212,"Ischaemic heart disease, wide definition || id:finn-b-I9_IHD",ukb-b-7212,finn-b-I9_IHD,,rs2204563,0.252261107653048,0.0484199893502532,1.88988607827406e-07,IHD
Leg fat mass (left) || id:ukb-b-7212,"Ischaemic heart disease, wide definition || id:finn-b-I9_IHD",ukb-b-7212,finn-b-I9_IHD,,rs2216931,0.250679801138895,0.0484476817372558,2.28843852332176e-07,IHD
Leg fat mass (left) || id:ukb-b-7212,"Ischaemic heart disease, wide definition || id:finn-b-I9_IHD",ukb-b-7212,finn-b-I9_IHD,,rs2233598,0.250950125055287,0.0484040536908136,2.16611742817824e-07,IHD
Leg fat mass (left) || id:ukb-b-7212,"Ischaemic heart disease, wide definition || id:finn-b-I9_IHD",ukb-b-7212,finn-b-I9_IHD,,rs2242189,0.254835585318456,0.0483097222411008,1.32729110394252e-07,IHD
Leg fat mass (left) || id:ukb-b-7212,"Ischaemic heart disease, wide definition || id:finn-b-I9_IHD",ukb-b-7212,finn-b-I9_IHD,,rs2249825,0.252811692382977,0.0484306335258251,1.78847634418323e-07,IHD
Leg fat mass (left) || id:ukb-b-7212,"Ischaemic heart disease, wide definition || id:finn-b-I9_IHD",ukb-b-7212,finn-b-I9_IHD,,rs2254992,0.251936488703431,0.0484227251980092,1.96248445723051e-07,IHD
Leg fat mass (left) || id:ukb-b-7212,"Ischaemic heart disease, wide definition || id:finn-b-I9_IHD",ukb-b-7212,finn-b-I9_IHD,,rs2268330,0.252115479620302,0.0484293531778933,1.93120657560593e-07,IHD
Leg fat mass (left) || id:ukb-b-7212,"Ischaemic heart disease, wide definition || id:finn-b-I9_IHD",ukb-b-7212,finn-b-I9_IHD,,rs2269487,0.25278709550746,0.048412287203842,1.77433345207517e-07,IHD
Leg fat mass (left) || id:ukb-b-7212,"Ischaemic heart disease, wide definition || id:finn-b-I9_IHD",ukb-b-7212,finn-b-I9_IHD,,rs2275444,0.252504486547743,0.0484226779675921,1.84222719586925e-07,IHD
Leg fat mass (left) || id:ukb-b-7212,"Ischaemic heart disease, wide definition || id:finn-b-I9_IHD",ukb-b-7212,finn-b-I9_IHD,,rs2276190,0.25379340407267,0.0484070666835738,1.58072323254865e-07,IHD
Leg fat mass (left) || id:ukb-b-7212,"Ischaemic heart disease, wide definition || id:finn-b-I9_IHD",ukb-b-7212,finn-b-I9_IHD,,rs2289286,0.250598936111648,0.0484044476638801,2.25254940546825e-07,IHD
Leg fat mass (left) || id:ukb-b-7212,"Ischaemic heart disease, wide definition || id:finn-b-I9_IHD",ukb-b-7212,finn-b-I9_IHD,,rs2289379,0.255925444282731,0.0483135347976839,1.17605365397273e-07,IHD
Leg fat mass (left) || id:ukb-b-7212,"Ischaemic heart disease, wide definition || id:finn-b-I9_IHD",ukb-b-7212,finn-b-I9_IHD,,rs2291127,0.258451385365216,0.0476155130611735,5.70267259703682e-08,IHD
Leg fat mass (left) || id:ukb-b-7212,"Ischaemic heart disease, wide definition || id:finn-b-I9_IHD",ukb-b-7212,finn-b-I9_IHD,,rs2292238,0.252571299447409,0.0484375563252464,1.8444384165477e-07,IHD
Leg fat mass (left) || id:ukb-b-7212,"Ischaemic heart disease, wide definition || id:finn-b-I9_IHD",ukb-b-7212,finn-b-I9_IHD,,rs2298777,0.252735045966736,0.0484080396667104,1.78025648475203e-07,IHD
Leg fat mass (left) || id:ukb-b-7212,"Ischaemic heart disease, wide definition || id:finn-b-I9_IHD",ukb-b-7212,finn-b-I9_IHD,,rs2307111,0.254804076273803,0.0485473363176978,1.53284682182006e-07,IHD
Leg fat mass (left) || id:ukb-b-7212,"Ischaemic heart disease, wide definition || id:finn-b-I9_IHD",ukb-b-7212,finn-b-I9_IHD,,rs2312193,0.252317036196127,0.0484797120819437,1.94425132560609e-07,IHD
Leg fat mass (left) || id:ukb-b-7212,"Ischaemic heart disease, wide definition || id:finn-b-I9_IHD",ukb-b-7212,finn-b-I9_IHD,,rs2370153,0.252475568880581,0.0484232666606452,1.84880307440064e-07,IHD
Leg fat mass (left) || id:ukb-b-7212,"Ischaemic heart disease, wide definition || id:finn-b-I9_IHD",ukb-b-7212,finn-b-I9_IHD,,rs2381404,0.253677462374251,0.0483751538210442,1.57164687919348e-07,IHD
Leg fat mass (left) || id:ukb-b-7212,"Ischaemic heart disease, wide definition || id:finn-b-I9_IHD",ukb-b-7212,finn-b-I9_IHD,,rs2433733,0.252906796351568,0.0484587580336085,1.79880978146592e-07,IHD
Leg fat mass (left) || id:ukb-b-7212,"Ischaemic heart disease, wide definition || id:finn-b-I9_IHD",ukb-b-7212,finn-b-I9_IHD,,rs245767,0.25238830716721,0.0484575847810651,1.90437360044945e-07,IHD
Leg fat mass (left) || id:ukb-b-7212,"Ischaemic heart disease, wide definition || id:finn-b-I9_IHD",ukb-b-7212,finn-b-I9_IHD,,rs2458764,0.253308914236777,0.0484089311946996,1.67061084316506e-07,IHD
Leg fat mass (left) || id:ukb-b-7212,"Ischaemic heart disease, wide definition || id:finn-b-I9_IHD",ukb-b-7212,finn-b-I9_IHD,,rs2472643,0.251410766605593,0.0484258158248476,2.08418215481781e-07,IHD
Leg fat mass (left) || id:ukb-b-7212,"Ischaemic heart disease, wide definition || id:finn-b-I9_IHD",ukb-b-7212,finn-b-I9_IHD,,rs2494196,0.25844137197549,0.0481501742274602,7.98786042943835e-08,IHD
Leg fat mass (left) || id:ukb-b-7212,"Ischaemic heart disease, wide definition || id:finn-b-I9_IHD",ukb-b-7212,finn-b-I9_IHD,,rs2507909,0.252068483042929,0.0484358157190848,1.94859845271755e-07,IHD
Leg fat mass (left) || id:ukb-b-7212,"Ischaemic heart disease, wide definition || id:finn-b-I9_IHD",ukb-b-7212,finn-b-I9_IHD,,rs2508782,0.251496593958023,0.0484216575278087,2.05948712653323e-07,IHD
Leg fat mass (left) || id:ukb-b-7212,"Ischaemic heart disease, wide definition || id:finn-b-I9_IHD",ukb-b-7212,finn-b-I9_IHD,,rs252749,0.253035735473748,0.0484230908074448,1.73668168991551e-07,IHD
Leg fat mass (left) || id:ukb-b-7212,"Ischaemic heart disease, wide definition || id:finn-b-I9_IHD",ukb-b-7212,finn-b-I9_IHD,,rs2568958,0.251329591848914,0.0485096807189535,2.20676659803219e-07,IHD
Leg fat mass (left) || id:ukb-b-7212,"Ischaemic heart disease, wide definition || id:finn-b-I9_IHD",ukb-b-7212,finn-b-I9_IHD,,rs2572235,0.252001072703447,0.0484245723000763,1.9505271353514e-07,IHD
Leg fat mass (left) || id:ukb-b-7212,"Ischaemic heart disease, wide definition || id:finn-b-I9_IHD",ukb-b-7212,finn-b-I9_IHD,,rs2601062,0.251630617183843,0.0484326599378594,2.04199062769295e-07,IHD
Leg fat mass (left) || id:ukb-b-7212,"Ischaemic heart disease, wide definition || id:finn-b-I9_IHD",ukb-b-7212,finn-b-I9_IHD,,rs2606228,0.251750004775943,0.048439728946755,2.02334103250073e-07,IHD
Leg fat mass (left) || id:ukb-b-7212,"Ischaemic heart disease, wide definition || id:finn-b-I9_IHD",ukb-b-7212,finn-b-I9_IHD,,rs2610245,0.252554622506603,0.0484329510407256,1.84293190453235e-07,IHD
Leg fat mass (left) || id:ukb-b-7212,"Ischaemic heart disease, wide definition || id:finn-b-I9_IHD",ukb-b-7212,finn-b-I9_IHD,,rs2645683,0.25455827533907,0.0482800943959743,1.34555389543364e-07,IHD
Leg fat mass (left) || id:ukb-b-7212,"Ischaemic heart disease, wide definition || id:finn-b-I9_IHD",ukb-b-7212,finn-b-I9_IHD,,rs264948,0.25212313287246,0.0484372651089748,1.93842069597663e-07,IHD
Leg fat mass (left) || id:ukb-b-7212,"Ischaemic heart disease, wide definition || id:finn-b-I9_IHD",ukb-b-7212,finn-b-I9_IHD,,rs2660241,0.252603903110291,0.0484460348384181,1.84682345514656e-07,IHD
Leg fat mass (left) || id:ukb-b-7212,"Ischaemic heart disease, wide definition || id:finn-b-I9_IHD",ukb-b-7212,finn-b-I9_IHD,,rs2678204,0.250328897791063,0.048483424093773,2.42782717020777e-07,IHD
Leg fat mass (left) || id:ukb-b-7212,"Ischaemic heart disease, wide definition || id:finn-b-I9_IHD",ukb-b-7212,finn-b-I9_IHD,,rs269646,0.250680097676106,0.0483965910643522,2.22236254877056e-07,IHD
Leg fat mass (left) || id:ukb-b-7212,"Ischaemic heart disease, wide definition || id:finn-b-I9_IHD",ukb-b-7212,finn-b-I9_IHD,,rs2719774,0.253794147260139,0.0483581819666863,1.53579806698771e-07,IHD
Leg fat mass (left) || id:ukb-b-7212,"Ischaemic heart disease, wide definition || id:finn-b-I9_IHD",ukb-b-7212,finn-b-I9_IHD,,rs2733296,0.254818107733723,0.0483980037409617,1.40148085406059e-07,IHD
Leg fat mass (left) || id:ukb-b-7212,"Ischaemic heart disease, wide definition || id:finn-b-I9_IHD",ukb-b-7212,finn-b-I9_IHD,,rs2736084,0.250822845498983,0.0484080467608019,2.20192692729909e-07,IHD
Leg fat mass (left) || id:ukb-b-7212,"Ischaemic heart disease, wide definition || id:finn-b-I9_IHD",ukb-b-7212,finn-b-I9_IHD,,rs273735,0.252203288084814,0.0484235467819534,1.90601325613245e-07,IHD
Leg fat mass (left) || id:ukb-b-7212,"Ischaemic heart disease, wide definition || id:finn-b-I9_IHD",ukb-b-7212,finn-b-I9_IHD,,rs2744938,0.251956377057828,0.0486490149610181,2.23001590621065e-07,IHD
Leg fat mass (left) || id:ukb-b-7212,"Ischaemic heart disease, wide definition || id:finn-b-I9_IHD",ukb-b-7212,finn-b-I9_IHD,,rs2802295,0.250064017535805,0.0484833357270237,2.49959994020025e-07,IHD
Leg fat mass (left) || id:ukb-b-7212,"Ischaemic heart disease, wide definition || id:finn-b-I9_IHD",ukb-b-7212,finn-b-I9_IHD,,rs28350,0.252314383298932,0.0484519681616962,1.91385683380183e-07,IHD
Leg fat mass (left) || id:ukb-b-7212,"Ischaemic heart disease, wide definition || id:finn-b-I9_IHD",ukb-b-7212,finn-b-I9_IHD,,rs28366156,0.252505128117315,0.0484397773672807,1.86047512455651e-07,IHD
Leg fat mass (left) || id:ukb-b-7212,"Ischaemic heart disease, wide definition || id:finn-b-I9_IHD",ukb-b-7212,finn-b-I9_IHD,,rs2836961,0.252967002354044,0.0484132437960904,1.740034645804e-07,IHD
Leg fat mass (left) || id:ukb-b-7212,"Ischaemic heart disease, wide definition || id:finn-b-I9_IHD",ukb-b-7212,finn-b-I9_IHD,,rs284532,0.249859027946089,0.048371117457687,2.39849497100226e-07,IHD
Leg fat mass (left) || id:ukb-b-7212,"Ischaemic heart disease, wide definition || id:finn-b-I9_IHD",ukb-b-7212,finn-b-I9_IHD,,rs28457808,0.250577438121083,0.0484447779391982,2.31063575965483e-07,IHD
Leg fat mass (left) || id:ukb-b-7212,"Ischaemic heart disease, wide definition || id:finn-b-I9_IHD",ukb-b-7212,finn-b-I9_IHD,,rs2861685,0.251862766106239,0.0484607516883119,2.02255483280894e-07,IHD
Leg fat mass (left) || id:ukb-b-7212,"Ischaemic heart disease, wide definition || id:finn-b-I9_IHD",ukb-b-7212,finn-b-I9_IHD,,rs28678108,0.25350549688513,0.0483696026159925,1.59701386011363e-07,IHD
Leg fat mass (left) || id:ukb-b-7212,"Ischaemic heart disease, wide definition || id:finn-b-I9_IHD",ukb-b-7212,finn-b-I9_IHD,,rs28701630,0.253755586832979,0.0483543416501342,1.53897374677546e-07,IHD
Leg fat mass (left) || id:ukb-b-7212,"Ischaemic heart disease, wide definition || id:finn-b-I9_IHD",ukb-b-7212,finn-b-I9_IHD,,rs28711392,0.249424922278704,0.048407742051333,2.56922460395892e-07,IHD
Leg fat mass (left) || id:ukb-b-7212,"Ischaemic heart disease, wide definition || id:finn-b-I9_IHD",ukb-b-7212,finn-b-I9_IHD,,rs28828150,0.250381101434634,0.0483879129374049,2.28576597769466e-07,IHD
Leg fat mass (left) || id:ukb-b-7212,"Ischaemic heart disease, wide definition || id:finn-b-I9_IHD",ukb-b-7212,finn-b-I9_IHD,,rs2948829,0.251131900598143,0.0484148112855777,2.13607478863565e-07,IHD
Leg fat mass (left) || id:ukb-b-7212,"Ischaemic heart disease, wide definition || id:finn-b-I9_IHD",ukb-b-7212,finn-b-I9_IHD,,rs2954021,0.259114513933989,0.0479514177115942,6.52843593991092e-08,IHD
Leg fat mass (left) || id:ukb-b-7212,"Ischaemic heart disease, wide definition || id:finn-b-I9_IHD",ukb-b-7212,finn-b-I9_IHD,,rs2964023,0.253862589243904,0.048394894192569,1.5573382306694e-07,IHD
Leg fat mass (left) || id:ukb-b-7212,"Ischaemic heart disease, wide definition || id:finn-b-I9_IHD",ukb-b-7212,finn-b-I9_IHD,,rs2984477,0.2512174940356,0.0484026549269394,2.10114141564146e-07,IHD
Leg fat mass (left) || id:ukb-b-7212,"Ischaemic heart disease, wide definition || id:finn-b-I9_IHD",ukb-b-7212,finn-b-I9_IHD,,rs303948,0.251285251549511,0.0484184729477875,2.10448620762323e-07,IHD
Leg fat mass (left) || id:ukb-b-7212,"Ischaemic heart disease, wide definition || id:finn-b-I9_IHD",ukb-b-7212,finn-b-I9_IHD,,rs304963,0.252208163359536,0.0484328294961563,1.91525282284402e-07,IHD
Leg fat mass (left) || id:ukb-b-7212,"Ischaemic heart disease, wide definition || id:finn-b-I9_IHD",ukb-b-7212,finn-b-I9_IHD,,rs3113509,0.251263563637451,0.0484458792838048,2.14306509829441e-07,IHD
Leg fat mass (left) || id:ukb-b-7212,"Ischaemic heart disease, wide definition || id:finn-b-I9_IHD",ukb-b-7212,finn-b-I9_IHD,,rs312702,0.251640681296463,0.0484214655933553,2.02658048888669e-07,IHD
Leg fat mass (left) || id:ukb-b-7212,"Ischaemic heart disease, wide definition || id:finn-b-I9_IHD",ukb-b-7212,finn-b-I9_IHD,,rs329118,0.25286476585869,0.0484364802398227,1.78398521722904e-07,IHD
Leg fat mass (left) || id:ukb-b-7212,"Ischaemic heart disease, wide definition || id:finn-b-I9_IHD",ukb-b-7212,finn-b-I9_IHD,,rs329651,0.25229118234997,0.0484197022175681,1.88325588848933e-07,IHD
Leg fat mass (left) || id:ukb-b-7212,"Ischaemic heart disease, wide definition || id:finn-b-I9_IHD",ukb-b-7212,finn-b-I9_IHD,,rs34045288,0.252986459046383,0.0485083416249758,1.83501505014799e-07,IHD
Leg fat mass (left) || id:ukb-b-7212,"Ischaemic heart disease, wide definition || id:finn-b-I9_IHD",ukb-b-7212,finn-b-I9_IHD,,rs34234296,0.254841348417766,0.0483650240540258,1.37075737234322e-07,IHD
Leg fat mass (left) || id:ukb-b-7212,"Ischaemic heart disease, wide definition || id:finn-b-I9_IHD",ukb-b-7212,finn-b-I9_IHD,,rs34517439,0.252237678323783,0.0485671720197495,2.06284012912795e-07,IHD
Leg fat mass (left) || id:ukb-b-7212,"Ischaemic heart disease, wide definition || id:finn-b-I9_IHD",ukb-b-7212,finn-b-I9_IHD,,rs34571768,0.251188097751118,0.0484148475370089,2.12285029558477e-07,IHD
Leg fat mass (left) || id:ukb-b-7212,"Ischaemic heart disease, wide definition || id:finn-b-I9_IHD",ukb-b-7212,finn-b-I9_IHD,,rs34728432,0.250942317983177,0.0484211751280463,2.18941602668031e-07,IHD
Leg fat mass (left) || id:ukb-b-7212,"Ischaemic heart disease, wide definition || id:finn-b-I9_IHD",ukb-b-7212,finn-b-I9_IHD,,rs34769775,0.252263326171473,0.0484525275843704,1.92537523659161e-07,IHD
Leg fat mass (left) || id:ukb-b-7212,"Ischaemic heart disease, wide definition || id:finn-b-I9_IHD",ukb-b-7212,finn-b-I9_IHD,,rs34811474,0.248159288786887,0.0483859876258691,2.91683426090035e-07,IHD
Leg fat mass (left) || id:ukb-b-7212,"Ischaemic heart disease, wide definition || id:finn-b-I9_IHD",ukb-b-7212,finn-b-I9_IHD,,rs34864349,0.25349635885895,0.0483844390132745,1.61263240930802e-07,IHD
Leg fat mass (left) || id:ukb-b-7212,"Ischaemic heart disease, wide definition || id:finn-b-I9_IHD",ukb-b-7212,finn-b-I9_IHD,,rs35139159,0.252673284750157,0.0484245434891125,1.80986124917603e-07,IHD
Leg fat mass (left) || id:ukb-b-7212,"Ischaemic heart disease, wide definition || id:finn-b-I9_IHD",ukb-b-7212,finn-b-I9_IHD,,rs35154326,0.250115921709752,0.0484279812119346,2.4082679276439e-07,IHD
Leg fat mass (left) || id:ukb-b-7212,"Ischaemic heart disease, wide definition || id:finn-b-I9_IHD",ukb-b-7212,finn-b-I9_IHD,,rs35184536,0.255395016843837,0.0483309333996345,1.26188238799297e-07,IHD
Leg fat mass (left) || id:ukb-b-7212,"Ischaemic heart disease, wide definition || id:finn-b-I9_IHD",ukb-b-7212,finn-b-I9_IHD,,rs35394440,0.250243112357458,0.0484117012850436,2.35271144056021e-07,IHD
Leg fat mass (left) || id:ukb-b-7212,"Ischaemic heart disease, wide definition || id:finn-b-I9_IHD",ukb-b-7212,finn-b-I9_IHD,,rs35502096,0.251706883435647,0.0484242224962635,2.01493917722153e-07,IHD
Leg fat mass (left) || id:ukb-b-7212,"Ischaemic heart disease, wide definition || id:finn-b-I9_IHD",ukb-b-7212,finn-b-I9_IHD,,rs35519679,0.253574511584116,0.0483765561709809,1.59119639673911e-07,IHD
Leg fat mass (left) || id:ukb-b-7212,"Ischaemic heart disease, wide definition || id:finn-b-I9_IHD",ukb-b-7212,finn-b-I9_IHD,,rs35537311,0.25244673619937,0.0484298198289564,1.86181915219986e-07,IHD
Leg fat mass (left) || id:ukb-b-7212,"Ischaemic heart disease, wide definition || id:finn-b-I9_IHD",ukb-b-7212,finn-b-I9_IHD,,rs35589149,0.252387747276674,0.0484437304415127,1.88926547993873e-07,IHD
Leg fat mass (left) || id:ukb-b-7212,"Ischaemic heart disease, wide definition || id:finn-b-I9_IHD",ukb-b-7212,finn-b-I9_IHD,,rs35708928,0.251606134434282,0.0484266146641627,2.04042138650492e-07,IHD
Leg fat mass (left) || id:ukb-b-7212,"Ischaemic heart disease, wide definition || id:finn-b-I9_IHD",ukb-b-7212,finn-b-I9_IHD,,rs35711462,0.257681901030437,0.0481079988815315,8.49334011420197e-08,IHD
Leg fat mass (left) || id:ukb-b-7212,"Ischaemic heart disease, wide definition || id:finn-b-I9_IHD",ukb-b-7212,finn-b-I9_IHD,,rs35722851,0.254754398124916,0.0482861446028046,1.32083321505459e-07,IHD
Leg fat mass (left) || id:ukb-b-7212,"Ischaemic heart disease, wide definition || id:finn-b-I9_IHD",ukb-b-7212,finn-b-I9_IHD,,rs35723993,0.250764174723818,0.0484078425976434,2.21602265861015e-07,IHD
Leg fat mass (left) || id:ukb-b-7212,"Ischaemic heart disease, wide definition || id:finn-b-I9_IHD",ukb-b-7212,finn-b-I9_IHD,,rs35792595,0.25067952871141,0.0484207744955334,2.25353031571179e-07,IHD
Leg fat mass (left) || id:ukb-b-7212,"Ischaemic heart disease, wide definition || id:finn-b-I9_IHD",ukb-b-7212,finn-b-I9_IHD,,rs35809007,0.249604705599294,0.0483732467672243,2.4698386802178e-07,IHD
Leg fat mass (left) || id:ukb-b-7212,"Ischaemic heart disease, wide definition || id:finn-b-I9_IHD",ukb-b-7212,finn-b-I9_IHD,,rs35867081,0.252901072405414,0.0484417314483198,1.78221762225356e-07,IHD
Leg fat mass (left) || id:ukb-b-7212,"Ischaemic heart disease, wide definition || id:finn-b-I9_IHD",ukb-b-7212,finn-b-I9_IHD,,rs35972789,0.249463397510358,0.0483375536869649,2.4581660093166e-07,IHD
Leg fat mass (left) || id:ukb-b-7212,"Ischaemic heart disease, wide definition || id:finn-b-I9_IHD",ukb-b-7212,finn-b-I9_IHD,,rs36061954,0.252557709534814,0.0484199352190335,1.82841877779393e-07,IHD
Leg fat mass (left) || id:ukb-b-7212,"Ischaemic heart disease, wide definition || id:finn-b-I9_IHD",ukb-b-7212,finn-b-I9_IHD,,rs372519,0.250468371558601,0.0484568626564581,2.35483797060398e-07,IHD
Leg fat mass (left) || id:ukb-b-7212,"Ischaemic heart disease, wide definition || id:finn-b-I9_IHD",ukb-b-7212,finn-b-I9_IHD,,rs3730071,0.252325848073218,0.0484094511395029,1.86487306330818e-07,IHD
Leg fat mass (left) || id:ukb-b-7212,"Ischaemic heart disease, wide definition || id:finn-b-I9_IHD",ukb-b-7212,finn-b-I9_IHD,,rs3732624,0.252531639282195,0.0484264430727868,1.84068479951499e-07,IHD
Leg fat mass (left) || id:ukb-b-7212,"Ischaemic heart disease, wide definition || id:finn-b-I9_IHD",ukb-b-7212,finn-b-I9_IHD,,rs3737992,0.251644839819831,0.048462607132991,2.07425567323865e-07,IHD
Leg fat mass (left) || id:ukb-b-7212,"Ischaemic heart disease, wide definition || id:finn-b-I9_IHD",ukb-b-7212,finn-b-I9_IHD,,rs3744226,0.250274861427404,0.0483788056438626,2.30077108290655e-07,IHD
Leg fat mass (left) || id:ukb-b-7212,"Ischaemic heart disease, wide definition || id:finn-b-I9_IHD",ukb-b-7212,finn-b-I9_IHD,,rs3748916,0.251330796935454,0.0484265050079304,2.10358552178574e-07,IHD
Leg fat mass (left) || id:ukb-b-7212,"Ischaemic heart disease, wide definition || id:finn-b-I9_IHD",ukb-b-7212,finn-b-I9_IHD,,rs3764002,0.251301563669036,0.0484705658908676,2.16453384943715e-07,IHD
Leg fat mass (left) || id:ukb-b-7212,"Ischaemic heart disease, wide definition || id:finn-b-I9_IHD",ukb-b-7212,finn-b-I9_IHD,,rs3764625,0.25367385864155,0.0483930612766752,1.58891080769482e-07,IHD
Leg fat mass (left) || id:ukb-b-7212,"Ischaemic heart disease, wide definition || id:finn-b-I9_IHD",ukb-b-7212,finn-b-I9_IHD,,rs3766823,0.249312427397515,0.0484108613693074,2.605871362833e-07,IHD
Leg fat mass (left) || id:ukb-b-7212,"Ischaemic heart disease, wide definition || id:finn-b-I9_IHD",ukb-b-7212,finn-b-I9_IHD,,rs3770013,0.250792478980189,0.0483843954754973,2.17954293804763e-07,IHD
Leg fat mass (left) || id:ukb-b-7212,"Ischaemic heart disease, wide definition || id:finn-b-I9_IHD",ukb-b-7212,finn-b-I9_IHD,,rs3802725,0.252864270827561,0.0484091685138183,1.75592471419702e-07,IHD
Leg fat mass (left) || id:ukb-b-7212,"Ischaemic heart disease, wide definition || id:finn-b-I9_IHD",ukb-b-7212,finn-b-I9_IHD,,rs3803286,0.248719753231861,0.0484090337710862,2.77856834150394e-07,IHD
Leg fat mass (left) || id:ukb-b-7212,"Ischaemic heart disease, wide definition || id:finn-b-I9_IHD",ukb-b-7212,finn-b-I9_IHD,,rs3814883,0.252758093705892,0.0485089543397448,1.88286614775565e-07,IHD
Leg fat mass (left) || id:ukb-b-7212,"Ischaemic heart disease, wide definition || id:finn-b-I9_IHD",ukb-b-7212,finn-b-I9_IHD,,rs3818896,0.251449973602702,0.0484280961193911,2.07786392113053e-07,IHD
Leg fat mass (left) || id:ukb-b-7212,"Ischaemic heart disease, wide definition || id:finn-b-I9_IHD",ukb-b-7212,finn-b-I9_IHD,,rs383701,0.251009259525621,0.0484297783373804,2.18400219419954e-07,IHD
Leg fat mass (left) || id:ukb-b-7212,"Ischaemic heart disease, wide definition || id:finn-b-I9_IHD",ukb-b-7212,finn-b-I9_IHD,,rs3910736,0.252195600465915,0.0484242885106092,1.90846449829049e-07,IHD
Leg fat mass (left) || id:ukb-b-7212,"Ischaemic heart disease, wide definition || id:finn-b-I9_IHD",ukb-b-7212,finn-b-I9_IHD,,rs396354,0.253301451033525,0.0484149428478368,1.6778942267054e-07,IHD
Leg fat mass (left) || id:ukb-b-7212,"Ischaemic heart disease, wide definition || id:finn-b-I9_IHD",ukb-b-7212,finn-b-I9_IHD,,rs400301,0.249260826784199,0.0483307921823966,2.50413589904105e-07,IHD
Leg fat mass (left) || id:ukb-b-7212,"Ischaemic heart disease, wide definition || id:finn-b-I9_IHD",ukb-b-7212,finn-b-I9_IHD,,rs40071,0.250243858490195,0.0484589377895411,2.41676939172076e-07,IHD
Leg fat mass (left) || id:ukb-b-7212,"Ischaemic heart disease, wide definition || id:finn-b-I9_IHD",ukb-b-7212,finn-b-I9_IHD,,rs4055791,0.251917533046743,0.0484541854542228,2.00269615157904e-07,IHD
Leg fat mass (left) || id:ukb-b-7212,"Ischaemic heart disease, wide definition || id:finn-b-I9_IHD",ukb-b-7212,finn-b-I9_IHD,,rs4240326,0.254546878733392,0.0483950841815333,1.44237857006761e-07,IHD
Leg fat mass (left) || id:ukb-b-7212,"Ischaemic heart disease, wide definition || id:finn-b-I9_IHD",ukb-b-7212,finn-b-I9_IHD,,rs4266606,0.25207940792793,0.048440886789684,1.95195094708031e-07,IHD
Leg fat mass (left) || id:ukb-b-7212,"Ischaemic heart disease, wide definition || id:finn-b-I9_IHD",ukb-b-7212,finn-b-I9_IHD,,rs4267103,0.251551343512686,0.0484371117005667,2.06532606372189e-07,IHD
Leg fat mass (left) || id:ukb-b-7212,"Ischaemic heart disease, wide definition || id:finn-b-I9_IHD",ukb-b-7212,finn-b-I9_IHD,,rs4290163,0.255728883730133,0.0482857618848684,1.18266400860126e-07,IHD
Leg fat mass (left) || id:ukb-b-7212,"Ischaemic heart disease, wide definition || id:finn-b-I9_IHD",ukb-b-7212,finn-b-I9_IHD,,rs429343,0.250816939468939,0.0484511484683698,2.25847947150148e-07,IHD
Leg fat mass (left) || id:ukb-b-7212,"Ischaemic heart disease, wide definition || id:finn-b-I9_IHD",ukb-b-7212,finn-b-I9_IHD,,rs429358,0.26511438110606,0.0477468474922729,2.81612365438492e-08,IHD
Leg fat mass (left) || id:ukb-b-7212,"Ischaemic heart disease, wide definition || id:finn-b-I9_IHD",ukb-b-7212,finn-b-I9_IHD,,rs4307239,0.252944000298725,0.048415350976279,1.7466533129324e-07,IHD
Leg fat mass (left) || id:ukb-b-7212,"Ischaemic heart disease, wide definition || id:finn-b-I9_IHD",ukb-b-7212,finn-b-I9_IHD,,rs4333219,0.251694633799812,0.0484212673206205,2.01424299676944e-07,IHD
Leg fat mass (left) || id:ukb-b-7212,"Ischaemic heart disease, wide definition || id:finn-b-I9_IHD",ukb-b-7212,finn-b-I9_IHD,,rs4430672,0.25276166545922,0.0484269832043836,1.79466297783204e-07,IHD
Leg fat mass (left) || id:ukb-b-7212,"Ischaemic heart disease, wide definition || id:finn-b-I9_IHD",ukb-b-7212,finn-b-I9_IHD,,rs444102,0.252832960710502,0.0484443138384344,1.79849934280057e-07,IHD
Leg fat mass (left) || id:ukb-b-7212,"Ischaemic heart disease, wide definition || id:finn-b-I9_IHD",ukb-b-7212,finn-b-I9_IHD,,rs4456769,0.249078588341067,0.0483839743925964,2.63339746001799e-07,IHD
Leg fat mass (left) || id:ukb-b-7212,"Ischaemic heart disease, wide definition || id:finn-b-I9_IHD",ukb-b-7212,finn-b-I9_IHD,,rs4477562,0.251771720504918,0.0484913217408206,2.07936899269738e-07,IHD
Leg fat mass (left) || id:ukb-b-7212,"Ischaemic heart disease, wide definition || id:finn-b-I9_IHD",ukb-b-7212,finn-b-I9_IHD,,rs4482463,0.251616281449311,0.0484471148683798,2.0623528000042e-07,IHD
Leg fat mass (left) || id:ukb-b-7212,"Ischaemic heart disease, wide definition || id:finn-b-I9_IHD",ukb-b-7212,finn-b-I9_IHD,,rs4500770,0.25330867261279,0.0483905438071613,1.652772147217e-07,IHD
Leg fat mass (left) || id:ukb-b-7212,"Ischaemic heart disease, wide definition || id:finn-b-I9_IHD",ukb-b-7212,finn-b-I9_IHD,,rs4562625,0.254649700182318,0.0483489019083053,1.387331616179e-07,IHD
Leg fat mass (left) || id:ukb-b-7212,"Ischaemic heart disease, wide definition || id:finn-b-I9_IHD",ukb-b-7212,finn-b-I9_IHD,,rs4625888,0.255567622472698,0.0482769149356142,1.1981008945351e-07,IHD
Leg fat mass (left) || id:ukb-b-7212,"Ischaemic heart disease, wide definition || id:finn-b-I9_IHD",ukb-b-7212,finn-b-I9_IHD,,rs4635724,0.251998285314736,0.0484284630104255,1.95552838379398e-07,IHD
Leg fat mass (left) || id:ukb-b-7212,"Ischaemic heart disease, wide definition || id:finn-b-I9_IHD",ukb-b-7212,finn-b-I9_IHD,,rs467176,0.251616795016112,0.0484284821800488,2.04020447999741e-07,IHD
Leg fat mass (left) || id:ukb-b-7212,"Ischaemic heart disease, wide definition || id:finn-b-I9_IHD",ukb-b-7212,finn-b-I9_IHD,,rs4672338,0.251490199567598,0.0484345710084724,2.07634165973908e-07,IHD
Leg fat mass (left) || id:ukb-b-7212,"Ischaemic heart disease, wide definition || id:finn-b-I9_IHD",ukb-b-7212,finn-b-I9_IHD,,rs4700812,0.252755392125343,0.0484119329716963,1.78025261598257e-07,IHD
Leg fat mass (left) || id:ukb-b-7212,"Ischaemic heart disease, wide definition || id:finn-b-I9_IHD",ukb-b-7212,finn-b-I9_IHD,,rs4705907,0.250547176873865,0.0484083152826809,2.27051533000129e-07,IHD
Leg fat mass (left) || id:ukb-b-7212,"Ischaemic heart disease, wide definition || id:finn-b-I9_IHD",ukb-b-7212,finn-b-I9_IHD,,rs4718964,0.250081200731176,0.0484203357523328,2.4070011446254e-07,IHD
Leg fat mass (left) || id:ukb-b-7212,"Ischaemic heart disease, wide definition || id:finn-b-I9_IHD",ukb-b-7212,finn-b-I9_IHD,,rs4757945,0.252083120485613,0.04842829528046,1.93698200742444e-07,IHD
Leg fat mass (left) || id:ukb-b-7212,"Ischaemic heart disease, wide definition || id:finn-b-I9_IHD",ukb-b-7212,finn-b-I9_IHD,,rs4776970,0.249704392466248,0.0485010698335241,2.62674924955403e-07,IHD
Leg fat mass (left) || id:ukb-b-7212,"Ischaemic heart disease, wide definition || id:finn-b-I9_IHD",ukb-b-7212,finn-b-I9_IHD,,rs4784776,0.25156767262376,0.0484187514004721,2.03987939674611e-07,IHD
Leg fat mass (left) || id:ukb-b-7212,"Ischaemic heart disease, wide definition || id:finn-b-I9_IHD",ukb-b-7212,finn-b-I9_IHD,,rs479018,0.25491413593571,0.0484236636176316,1.40764938339214e-07,IHD
Leg fat mass (left) || id:ukb-b-7212,"Ischaemic heart disease, wide definition || id:finn-b-I9_IHD",ukb-b-7212,finn-b-I9_IHD,,rs4808187,0.251203139153216,0.04841130683696,2.11499855712245e-07,IHD
Leg fat mass (left) || id:ukb-b-7212,"Ischaemic heart disease, wide definition || id:finn-b-I9_IHD",ukb-b-7212,finn-b-I9_IHD,,rs4808762,0.253936541667068,0.0484530603086789,1.59814999632577e-07,IHD
Leg fat mass (left) || id:ukb-b-7212,"Ischaemic heart disease, wide definition || id:finn-b-I9_IHD",ukb-b-7212,finn-b-I9_IHD,,rs4820323,0.254367430849526,0.0484133707000891,1.48771083708577e-07,IHD
Leg fat mass (left) || id:ukb-b-7212,"Ischaemic heart disease, wide definition || id:finn-b-I9_IHD",ukb-b-7212,finn-b-I9_IHD,,rs4842920,0.251302577363099,0.0484861971283023,2.18378430589027e-07,IHD
Leg fat mass (left) || id:ukb-b-7212,"Ischaemic heart disease, wide definition || id:finn-b-I9_IHD",ukb-b-7212,finn-b-I9_IHD,,rs484455,0.251927013846012,0.0484249492302804,1.96708089329856e-07,IHD
Leg fat mass (left) || id:ukb-b-7212,"Ischaemic heart disease, wide definition || id:finn-b-I9_IHD",ukb-b-7212,finn-b-I9_IHD,,rs4844809,0.250484447006075,0.0483846412860455,2.25553161951437e-07,IHD
Leg fat mass (left) || id:ukb-b-7212,"Ischaemic heart disease, wide definition || id:finn-b-I9_IHD",ukb-b-7212,finn-b-I9_IHD,,rs4876611,0.25315664227502,0.0484823373836295,1.77358714518701e-07,IHD
Leg fat mass (left) || id:ukb-b-7212,"Ischaemic heart disease, wide definition || id:finn-b-I9_IHD",ukb-b-7212,finn-b-I9_IHD,,rs491711,0.251106406324333,0.0484099781671648,2.1361753231273e-07,IHD
Leg fat mass (left) || id:ukb-b-7212,"Ischaemic heart disease, wide definition || id:finn-b-I9_IHD",ukb-b-7212,finn-b-I9_IHD,,rs4924136,0.253752374540196,0.0483752221320254,1.55856493622426e-07,IHD
Leg fat mass (left) || id:ukb-b-7212,"Ischaemic heart disease, wide definition || id:finn-b-I9_IHD",ukb-b-7212,finn-b-I9_IHD,,rs4937729,0.252042632572697,0.0484255210487492,1.9426006441476e-07,IHD
Leg fat mass (left) || id:ukb-b-7212,"Ischaemic heart disease, wide definition || id:finn-b-I9_IHD",ukb-b-7212,finn-b-I9_IHD,,rs494048,0.252431185969524,0.0484358053858717,1.87153399615106e-07,IHD
Leg fat mass (left) || id:ukb-b-7212,"Ischaemic heart disease, wide definition || id:finn-b-I9_IHD",ukb-b-7212,finn-b-I9_IHD,,rs4942098,0.252659712306246,0.0484315073994187,1.81995516354758e-07,IHD
Leg fat mass (left) || id:ukb-b-7212,"Ischaemic heart disease, wide definition || id:finn-b-I9_IHD",ukb-b-7212,finn-b-I9_IHD,,rs4947584,0.250842513226145,0.0484318741640806,2.22737123469634e-07,IHD
Leg fat mass (left) || id:ukb-b-7212,"Ischaemic heart disease, wide definition || id:finn-b-I9_IHD",ukb-b-7212,finn-b-I9_IHD,,rs520829,0.255743121635105,0.0482043039004597,1.12426089519714e-07,IHD
Leg fat mass (left) || id:ukb-b-7212,"Ischaemic heart disease, wide definition || id:finn-b-I9_IHD",ukb-b-7212,finn-b-I9_IHD,,rs529200,0.25119602384439,0.0484563492673471,2.17217588284462e-07,IHD
Leg fat mass (left) || id:ukb-b-7212,"Ischaemic heart disease, wide definition || id:finn-b-I9_IHD",ukb-b-7212,finn-b-I9_IHD,,rs530255,0.249923516243162,0.0483777864816991,2.39054477049465e-07,IHD
Leg fat mass (left) || id:ukb-b-7212,"Ischaemic heart disease, wide definition || id:finn-b-I9_IHD",ukb-b-7212,finn-b-I9_IHD,,rs543874,0.255022188571737,0.0486341014861521,1.57395917037075e-07,IHD
Leg fat mass (left) || id:ukb-b-7212,"Ischaemic heart disease, wide definition || id:finn-b-I9_IHD",ukb-b-7212,finn-b-I9_IHD,,rs555996,0.252031990513079,0.0484211870602618,1.94002822810523e-07,IHD
Leg fat mass (left) || id:ukb-b-7212,"Ischaemic heart disease, wide definition || id:finn-b-I9_IHD",ukb-b-7212,finn-b-I9_IHD,,rs556140,0.252434074831312,0.048423130939959,1.85722075367029e-07,IHD
Leg fat mass (left) || id:ukb-b-7212,"Ischaemic heart disease, wide definition || id:finn-b-I9_IHD",ukb-b-7212,finn-b-I9_IHD,,rs55707359,0.251972733937466,0.0484089788050895,1.93910320004895e-07,IHD
Leg fat mass (left) || id:ukb-b-7212,"Ischaemic heart disease, wide definition || id:finn-b-I9_IHD",ukb-b-7212,finn-b-I9_IHD,,rs55726687,0.248424196794257,0.0484228368393017,2.89264364061541e-07,IHD
Leg fat mass (left) || id:ukb-b-7212,"Ischaemic heart disease, wide definition || id:finn-b-I9_IHD",ukb-b-7212,finn-b-I9_IHD,,rs55736343,0.251429481565237,0.0484177257829508,2.07018745090049e-07,IHD
Leg fat mass (left) || id:ukb-b-7212,"Ischaemic heart disease, wide definition || id:finn-b-I9_IHD",ukb-b-7212,finn-b-I9_IHD,,rs56094641,0.241493023872227,0.049279213602577,9.55907115466488e-07,IHD
Leg fat mass (left) || id:ukb-b-7212,"Ischaemic heart disease, wide definition || id:finn-b-I9_IHD",ukb-b-7212,finn-b-I9_IHD,,rs56211164,0.251110141791947,0.0484103356568608,2.13572981007985e-07,IHD
Leg fat mass (left) || id:ukb-b-7212,"Ischaemic heart disease, wide definition || id:finn-b-I9_IHD",ukb-b-7212,finn-b-I9_IHD,,rs56356382,0.252156330024689,0.0484555812888157,1.95185247718778e-07,IHD
Leg fat mass (left) || id:ukb-b-7212,"Ischaemic heart disease, wide definition || id:finn-b-I9_IHD",ukb-b-7212,finn-b-I9_IHD,,rs56399737,0.251903021942241,0.0484470427520271,1.99767130066682e-07,IHD
Leg fat mass (left) || id:ukb-b-7212,"Ischaemic heart disease, wide definition || id:finn-b-I9_IHD",ukb-b-7212,finn-b-I9_IHD,,rs56893062,0.253110966150335,0.0484240120826891,1.72308372975874e-07,IHD
Leg fat mass (left) || id:ukb-b-7212,"Ischaemic heart disease, wide definition || id:finn-b-I9_IHD",ukb-b-7212,finn-b-I9_IHD,,rs56982979,0.252561925141193,0.0484146212920374,1.82192290937173e-07,IHD
Leg fat mass (left) || id:ukb-b-7212,"Ischaemic heart disease, wide definition || id:finn-b-I9_IHD",ukb-b-7212,finn-b-I9_IHD,,rs57636386,0.25235112654424,0.0484616688802374,1.91678946669242e-07,IHD
Leg fat mass (left) || id:ukb-b-7212,"Ischaemic heart disease, wide definition || id:finn-b-I9_IHD",ukb-b-7212,finn-b-I9_IHD,,rs577525,0.247864807049504,0.048391240474384,3.0215043466034e-07,IHD
Leg fat mass (left) || id:ukb-b-7212,"Ischaemic heart disease, wide definition || id:finn-b-I9_IHD",ukb-b-7212,finn-b-I9_IHD,,rs57989773,0.252994781390081,0.0484147867948919,1.73620894227964e-07,IHD
Leg fat mass (left) || id:ukb-b-7212,"Ischaemic heart disease, wide definition || id:finn-b-I9_IHD",ukb-b-7212,finn-b-I9_IHD,,rs58070122,0.250885867384098,0.0484295572314593,2.21376554697163e-07,IHD
Leg fat mass (left) || id:ukb-b-7212,"Ischaemic heart disease, wide definition || id:finn-b-I9_IHD",ukb-b-7212,finn-b-I9_IHD,,rs58120873,0.250666969013923,0.0483871882951404,2.21362061932787e-07,IHD
Leg fat mass (left) || id:ukb-b-7212,"Ischaemic heart disease, wide definition || id:finn-b-I9_IHD",ukb-b-7212,finn-b-I9_IHD,,rs59068084,0.251039106817985,0.0484138885031287,2.15701584739797e-07,IHD
Leg fat mass (left) || id:ukb-b-7212,"Ischaemic heart disease, wide definition || id:finn-b-I9_IHD",ukb-b-7212,finn-b-I9_IHD,,rs59499656,0.250891129311635,0.0484458784016258,2.233272562674e-07,IHD
Leg fat mass (left) || id:ukb-b-7212,"Ischaemic heart disease, wide definition || id:finn-b-I9_IHD",ukb-b-7212,finn-b-I9_IHD,,rs6016590,0.250715825113118,0.0483975221137205,2.21476792375079e-07,IHD
Leg fat mass (left) || id:ukb-b-7212,"Ischaemic heart disease, wide definition || id:finn-b-I9_IHD",ukb-b-7212,finn-b-I9_IHD,,rs6030803,0.251881437144744,0.0484337561664296,1.98715846861573e-07,IHD
Leg fat mass (left) || id:ukb-b-7212,"Ischaemic heart disease, wide definition || id:finn-b-I9_IHD",ukb-b-7212,finn-b-I9_IHD,,rs60661769,0.252430372706219,0.0484293247055555,1.8646784931008e-07,IHD
Leg fat mass (left) || id:ukb-b-7212,"Ischaemic heart disease, wide definition || id:finn-b-I9_IHD",ukb-b-7212,finn-b-I9_IHD,,rs61754230,0.251107897402899,0.04838337284869,2.10336280195711e-07,IHD
Leg fat mass (left) || id:ukb-b-7212,"Ischaemic heart disease, wide definition || id:finn-b-I9_IHD",ukb-b-7212,finn-b-I9_IHD,,rs61813324,0.253483464723719,0.0484516377049996,1.67976341383287e-07,IHD
Leg fat mass (left) || id:ukb-b-7212,"Ischaemic heart disease, wide definition || id:finn-b-I9_IHD",ukb-b-7212,finn-b-I9_IHD,,rs61826925,0.251159646424321,0.0484202349323715,2.13616645632921e-07,IHD
Leg fat mass (left) || id:ukb-b-7212,"Ischaemic heart disease, wide definition || id:finn-b-I9_IHD",ukb-b-7212,finn-b-I9_IHD,,rs61871585,0.250097933811486,0.0483843692016745,2.35372555435977e-07,IHD
Leg fat mass (left) || id:ukb-b-7212,"Ischaemic heart disease, wide definition || id:finn-b-I9_IHD",ukb-b-7212,finn-b-I9_IHD,,rs61903695,0.250368003506921,0.0484131464108824,2.32237245301229e-07,IHD
Leg fat mass (left) || id:ukb-b-7212,"Ischaemic heart disease, wide definition || id:finn-b-I9_IHD",ukb-b-7212,finn-b-I9_IHD,,rs61969511,0.250379897653645,0.0484360961212288,2.3499357486533e-07,IHD
Leg fat mass (left) || id:ukb-b-7212,"Ischaemic heart disease, wide definition || id:finn-b-I9_IHD",ukb-b-7212,finn-b-I9_IHD,,rs61991651,0.252601038921346,0.0484144818203825,1.81384955654295e-07,IHD
Leg fat mass (left) || id:ukb-b-7212,"Ischaemic heart disease, wide definition || id:finn-b-I9_IHD",ukb-b-7212,finn-b-I9_IHD,,rs61992671,0.249531243073079,0.0484072334748928,2.53855986010985e-07,IHD
Leg fat mass (left) || id:ukb-b-7212,"Ischaemic heart disease, wide definition || id:finn-b-I9_IHD",ukb-b-7212,finn-b-I9_IHD,,rs62104473,0.258200086660264,0.0482429657148553,8.6950188549552e-08,IHD
Leg fat mass (left) || id:ukb-b-7212,"Ischaemic heart disease, wide definition || id:finn-b-I9_IHD",ukb-b-7212,finn-b-I9_IHD,,rs62107261,0.252844327436142,0.0485037051170223,1.85924292608027e-07,IHD
Leg fat mass (left) || id:ukb-b-7212,"Ischaemic heart disease, wide definition || id:finn-b-I9_IHD",ukb-b-7212,finn-b-I9_IHD,,rs62124758,0.25260675188653,0.0484021660918182,1.79975108625776e-07,IHD
Leg fat mass (left) || id:ukb-b-7212,"Ischaemic heart disease, wide definition || id:finn-b-I9_IHD",ukb-b-7212,finn-b-I9_IHD,,rs62237500,0.249647841358621,0.0483163034663785,2.37947064832152e-07,IHD
Leg fat mass (left) || id:ukb-b-7212,"Ischaemic heart disease, wide definition || id:finn-b-I9_IHD",ukb-b-7212,finn-b-I9_IHD,,rs62379271,0.252115588873347,0.0484308538326857,1.93286156313737e-07,IHD
Leg fat mass (left) || id:ukb-b-7212,"Ischaemic heart disease, wide definition || id:finn-b-I9_IHD",ukb-b-7212,finn-b-I9_IHD,,rs62396185,0.249020632633971,0.0485787779906635,2.95774543533629e-07,IHD
Leg fat mass (left) || id:ukb-b-7212,"Ischaemic heart disease, wide definition || id:finn-b-I9_IHD",ukb-b-7212,finn-b-I9_IHD,,rs62407565,0.253675916138585,0.0483928228500709,1.58832225742161e-07,IHD
Leg fat mass (left) || id:ukb-b-7212,"Ischaemic heart disease, wide definition || id:finn-b-I9_IHD",ukb-b-7212,finn-b-I9_IHD,,rs62447181,0.251837930045085,0.0484241763103443,1.98576493958117e-07,IHD
Leg fat mass (left) || id:ukb-b-7212,"Ischaemic heart disease, wide definition || id:finn-b-I9_IHD",ukb-b-7212,finn-b-I9_IHD,,rs642992,0.248660025004862,0.0481944273347495,2.47586155199444e-07,IHD
Leg fat mass (left) || id:ukb-b-7212,"Ischaemic heart disease, wide definition || id:finn-b-I9_IHD",ukb-b-7212,finn-b-I9_IHD,,rs6444950,0.2547558018567,0.0483391607244043,1.3629428125723e-07,IHD
Leg fat mass (left) || id:ukb-b-7212,"Ischaemic heart disease, wide definition || id:finn-b-I9_IHD",ukb-b-7212,finn-b-I9_IHD,,rs6460396,0.25291060452576,0.0484191093063728,1.75702069601424e-07,IHD
Leg fat mass (left) || id:ukb-b-7212,"Ischaemic heart disease, wide definition || id:finn-b-I9_IHD",ukb-b-7212,finn-b-I9_IHD,,rs6469351,0.252510668719532,0.0484288683032299,1.84758999445057e-07,IHD
Leg fat mass (left) || id:ukb-b-7212,"Ischaemic heart disease, wide definition || id:finn-b-I9_IHD",ukb-b-7212,finn-b-I9_IHD,,rs6472804,0.252745096418945,0.0484149075308684,1.78538820709951e-07,IHD
Leg fat mass (left) || id:ukb-b-7212,"Ischaemic heart disease, wide definition || id:finn-b-I9_IHD",ukb-b-7212,finn-b-I9_IHD,,rs6551304,0.251689977892838,0.0484448716731808,2.04291647569102e-07,IHD
Leg fat mass (left) || id:ukb-b-7212,"Ischaemic heart disease, wide definition || id:finn-b-I9_IHD",ukb-b-7212,finn-b-I9_IHD,,rs6561937,0.24976300336952,0.0483895787655972,2.44973682154486e-07,IHD
Leg fat mass (left) || id:ukb-b-7212,"Ischaemic heart disease, wide definition || id:finn-b-I9_IHD",ukb-b-7212,finn-b-I9_IHD,,rs6567160,0.24014151520097,0.0485267030173682,7.47312032945154e-07,IHD
Leg fat mass (left) || id:ukb-b-7212,"Ischaemic heart disease, wide definition || id:finn-b-I9_IHD",ukb-b-7212,finn-b-I9_IHD,,rs6569648,0.251644669731975,0.0484549596794008,2.0651805668585e-07,IHD
Leg fat mass (left) || id:ukb-b-7212,"Ischaemic heart disease, wide definition || id:finn-b-I9_IHD",ukb-b-7212,finn-b-I9_IHD,,rs6575340,0.249366117482759,0.0484461992935414,2.64291706877812e-07,IHD
Leg fat mass (left) || id:ukb-b-7212,"Ischaemic heart disease, wide definition || id:finn-b-I9_IHD",ukb-b-7212,finn-b-I9_IHD,,rs6595447,0.25498320879631,0.0483156521292871,1.30997325233075e-07,IHD
Leg fat mass (left) || id:ukb-b-7212,"Ischaemic heart disease, wide definition || id:finn-b-I9_IHD",ukb-b-7212,finn-b-I9_IHD,,rs66679256,0.249867815044306,0.0484356767922235,2.48596666725522e-07,IHD
Leg fat mass (left) || id:ukb-b-7212,"Ischaemic heart disease, wide definition || id:finn-b-I9_IHD",ukb-b-7212,finn-b-I9_IHD,,rs6669189,0.253202247047299,0.0484276640849186,1.70925084175263e-07,IHD
Leg fat mass (left) || id:ukb-b-7212,"Ischaemic heart disease, wide definition || id:finn-b-I9_IHD",ukb-b-7212,finn-b-I9_IHD,,rs667515,0.254210971963875,0.0483128215493759,1.42674904498977e-07,IHD
Leg fat mass (left) || id:ukb-b-7212,"Ischaemic heart disease, wide definition || id:finn-b-I9_IHD",ukb-b-7212,finn-b-I9_IHD,,rs6688826,0.249979564711395,0.0483743295836052,2.37109163935371e-07,IHD
Leg fat mass (left) || id:ukb-b-7212,"Ischaemic heart disease, wide definition || id:finn-b-I9_IHD",ukb-b-7212,finn-b-I9_IHD,,rs6707827,0.251111318965663,0.0484119742028642,2.13746437395308e-07,IHD
Leg fat mass (left) || id:ukb-b-7212,"Ischaemic heart disease, wide definition || id:finn-b-I9_IHD",ukb-b-7212,finn-b-I9_IHD,,rs6725931,0.25069720430621,0.0483396363896463,2.1467163850396e-07,IHD
Leg fat mass (left) || id:ukb-b-7212,"Ischaemic heart disease, wide definition || id:finn-b-I9_IHD",ukb-b-7212,finn-b-I9_IHD,,rs6726271,0.25322313099478,0.0483772404302692,1.65571602961912e-07,IHD
Leg fat mass (left) || id:ukb-b-7212,"Ischaemic heart disease, wide definition || id:finn-b-I9_IHD",ukb-b-7212,finn-b-I9_IHD,,rs6744646,0.24939511507474,0.0486808952060875,3.00617683031063e-07,IHD
Leg fat mass (left) || id:ukb-b-7212,"Ischaemic heart disease, wide definition || id:finn-b-I9_IHD",ukb-b-7212,finn-b-I9_IHD,,rs67609008,0.256774506667558,0.0481418079444431,9.62254528710377e-08,IHD
Leg fat mass (left) || id:ukb-b-7212,"Ischaemic heart disease, wide definition || id:finn-b-I9_IHD",ukb-b-7212,finn-b-I9_IHD,,rs67632512,0.251228412067799,0.0484287413353496,2.13033974477188e-07,IHD
Leg fat mass (left) || id:ukb-b-7212,"Ischaemic heart disease, wide definition || id:finn-b-I9_IHD",ukb-b-7212,finn-b-I9_IHD,,rs6774894,0.252825857389344,0.0484344952910851,1.78967178814778e-07,IHD
Leg fat mass (left) || id:ukb-b-7212,"Ischaemic heart disease, wide definition || id:finn-b-I9_IHD",ukb-b-7212,finn-b-I9_IHD,,rs6782714,0.25267171286331,0.0484260465788272,1.81176141628668e-07,IHD
Leg fat mass (left) || id:ukb-b-7212,"Ischaemic heart disease, wide definition || id:finn-b-I9_IHD",ukb-b-7212,finn-b-I9_IHD,,rs6834667,0.252215026667658,0.0484219393041554,1.90175250146445e-07,IHD
Leg fat mass (left) || id:ukb-b-7212,"Ischaemic heart disease, wide definition || id:finn-b-I9_IHD",ukb-b-7212,finn-b-I9_IHD,,rs6892707,0.251566542928855,0.0484188577062716,2.04026039111937e-07,IHD
Leg fat mass (left) || id:ukb-b-7212,"Ischaemic heart disease, wide definition || id:finn-b-I9_IHD",ukb-b-7212,finn-b-I9_IHD,,rs6934060,0.253459558013151,0.0483937751835183,1.62818038139519e-07,IHD
Leg fat mass (left) || id:ukb-b-7212,"Ischaemic heart disease, wide definition || id:finn-b-I9_IHD",ukb-b-7212,finn-b-I9_IHD,,rs693573,0.253378595993934,0.0483897399318389,1.63911930489719e-07,IHD
Leg fat mass (left) || id:ukb-b-7212,"Ischaemic heart disease, wide definition || id:finn-b-I9_IHD",ukb-b-7212,finn-b-I9_IHD,,rs6938973,0.249643535222703,0.0484547788696056,2.57594995999083e-07,IHD
Leg fat mass (left) || id:ukb-b-7212,"Ischaemic heart disease, wide definition || id:finn-b-I9_IHD",ukb-b-7212,finn-b-I9_IHD,,rs6941322,0.252715827237233,0.0484096992774436,1.78580249977874e-07,IHD
Leg fat mass (left) || id:ukb-b-7212,"Ischaemic heart disease, wide definition || id:finn-b-I9_IHD",ukb-b-7212,finn-b-I9_IHD,,rs6954290,0.253363765258412,0.0484063381105224,1.65787883095959e-07,IHD
Leg fat mass (left) || id:ukb-b-7212,"Ischaemic heart disease, wide definition || id:finn-b-I9_IHD",ukb-b-7212,finn-b-I9_IHD,,rs6973656,0.250085034748746,0.0483921717572139,2.36761669338673e-07,IHD
Leg fat mass (left) || id:ukb-b-7212,"Ischaemic heart disease, wide definition || id:finn-b-I9_IHD",ukb-b-7212,finn-b-I9_IHD,,rs698147,0.250928606549384,0.0484300493413707,2.20393761860991e-07,IHD
Leg fat mass (left) || id:ukb-b-7212,"Ischaemic heart disease, wide definition || id:finn-b-I9_IHD",ukb-b-7212,finn-b-I9_IHD,,rs6998660,0.252328097859066,0.048437352750416,1.89482798186422e-07,IHD
Leg fat mass (left) || id:ukb-b-7212,"Ischaemic heart disease, wide definition || id:finn-b-I9_IHD",ukb-b-7212,finn-b-I9_IHD,,rs7004825,0.252132892076456,0.0484262479593654,1.92400763250437e-07,IHD
Leg fat mass (left) || id:ukb-b-7212,"Ischaemic heart disease, wide definition || id:finn-b-I9_IHD",ukb-b-7212,finn-b-I9_IHD,,rs7034554,0.250202663446859,0.0483925007745769,2.33746488097284e-07,IHD
Leg fat mass (left) || id:ukb-b-7212,"Ischaemic heart disease, wide definition || id:finn-b-I9_IHD",ukb-b-7212,finn-b-I9_IHD,,rs7038943,0.252480166669166,0.0484443874586313,1.87064818437874e-07,IHD
Leg fat mass (left) || id:ukb-b-7212,"Ischaemic heart disease, wide definition || id:finn-b-I9_IHD",ukb-b-7212,finn-b-I9_IHD,,rs7070670,0.253700142519241,0.0483799128646597,1.57204789179649e-07,IHD
Leg fat mass (left) || id:ukb-b-7212,"Ischaemic heart disease, wide definition || id:finn-b-I9_IHD",ukb-b-7212,finn-b-I9_IHD,,rs7074981,0.251640167810424,0.0484280897339192,2.0344570362033e-07,IHD
Leg fat mass (left) || id:ukb-b-7212,"Ischaemic heart disease, wide definition || id:finn-b-I9_IHD",ukb-b-7212,finn-b-I9_IHD,,rs7078200,0.253247526406397,0.0484077411497248,1.6809439933834e-07,IHD
Leg fat mass (left) || id:ukb-b-7212,"Ischaemic heart disease, wide definition || id:finn-b-I9_IHD",ukb-b-7212,finn-b-I9_IHD,,rs7109303,0.252460195348098,0.0484178894734556,1.84619690926957e-07,IHD
Leg fat mass (left) || id:ukb-b-7212,"Ischaemic heart disease, wide definition || id:finn-b-I9_IHD",ukb-b-7212,finn-b-I9_IHD,,rs7124681,0.256529937290589,0.0484018024355101,1.1579764385826e-07,IHD
Leg fat mass (left) || id:ukb-b-7212,"Ischaemic heart disease, wide definition || id:finn-b-I9_IHD",ukb-b-7212,finn-b-I9_IHD,,rs7129648,0.251924589766952,0.048424787314009,1.96742675898482e-07,IHD
Leg fat mass (left) || id:ukb-b-7212,"Ischaemic heart disease, wide definition || id:finn-b-I9_IHD",ukb-b-7212,finn-b-I9_IHD,,rs71306190,0.251314941162348,0.0484026234682689,2.07850346662989e-07,IHD
Leg fat mass (left) || id:ukb-b-7212,"Ischaemic heart disease, wide definition || id:finn-b-I9_IHD",ukb-b-7212,finn-b-I9_IHD,,rs7132908,0.257498091268809,0.0484978607473273,1.09942555893137e-07,IHD
Leg fat mass (left) || id:ukb-b-7212,"Ischaemic heart disease, wide definition || id:finn-b-I9_IHD",ukb-b-7212,finn-b-I9_IHD,,rs71495038,0.250910744559822,0.0484464005131304,2.22909810906334e-07,IHD
Leg fat mass (left) || id:ukb-b-7212,"Ischaemic heart disease, wide definition || id:finn-b-I9_IHD",ukb-b-7212,finn-b-I9_IHD,,rs7169796,0.249494159313117,0.0483608804495882,2.48261973271871e-07,IHD
Leg fat mass (left) || id:ukb-b-7212,"Ischaemic heart disease, wide definition || id:finn-b-I9_IHD",ukb-b-7212,finn-b-I9_IHD,,rs7172082,0.252255432465655,0.0484389415175194,1.91196632273004e-07,IHD
Leg fat mass (left) || id:ukb-b-7212,"Ischaemic heart disease, wide definition || id:finn-b-I9_IHD",ukb-b-7212,finn-b-I9_IHD,,rs719802,0.254059908294786,0.0484070066909373,1.53416005033495e-07,IHD
Leg fat mass (left) || id:ukb-b-7212,"Ischaemic heart disease, wide definition || id:finn-b-I9_IHD",ukb-b-7212,finn-b-I9_IHD,,rs7206608,0.252928552856944,0.048434931931099,1.76974553922633e-07,IHD
Leg fat mass (left) || id:ukb-b-7212,"Ischaemic heart disease, wide definition || id:finn-b-I9_IHD",ukb-b-7212,finn-b-I9_IHD,,rs7210186,0.249795957252086,0.048333340753737,2.36370146977647e-07,IHD
Leg fat mass (left) || id:ukb-b-7212,"Ischaemic heart disease, wide definition || id:finn-b-I9_IHD",ukb-b-7212,finn-b-I9_IHD,,rs7218014,0.254802511725983,0.0484664454374186,1.46187898559011e-07,IHD
Leg fat mass (left) || id:ukb-b-7212,"Ischaemic heart disease, wide definition || id:finn-b-I9_IHD",ukb-b-7212,finn-b-I9_IHD,,rs7234208,0.250963021824918,0.048411468776993,2.17225847619259e-07,IHD
Leg fat mass (left) || id:ukb-b-7212,"Ischaemic heart disease, wide definition || id:finn-b-I9_IHD",ukb-b-7212,finn-b-I9_IHD,,rs7247187,0.253426674594492,0.048388367768629,1.62901210496126e-07,IHD
Leg fat mass (left) || id:ukb-b-7212,"Ischaemic heart disease, wide definition || id:finn-b-I9_IHD",ukb-b-7212,finn-b-I9_IHD,,rs7258937,0.251548484443449,0.0484430183294827,2.07302275814369e-07,IHD
Leg fat mass (left) || id:ukb-b-7212,"Ischaemic heart disease, wide definition || id:finn-b-I9_IHD",ukb-b-7212,finn-b-I9_IHD,,rs7259070,0.250134200109054,0.0484549080172127,2.44056949383026e-07,IHD
Leg fat mass (left) || id:ukb-b-7212,"Ischaemic heart disease, wide definition || id:finn-b-I9_IHD",ukb-b-7212,finn-b-I9_IHD,,rs72634826,0.251097986121949,0.0484515253184233,2.18980902307707e-07,IHD
Leg fat mass (left) || id:ukb-b-7212,"Ischaemic heart disease, wide definition || id:finn-b-I9_IHD",ukb-b-7212,finn-b-I9_IHD,,rs72739243,0.250387876598101,0.048394862896581,2.29316023073714e-07,IHD
Leg fat mass (left) || id:ukb-b-7212,"Ischaemic heart disease, wide definition || id:finn-b-I9_IHD",ukb-b-7212,finn-b-I9_IHD,,rs7281127,0.251409583141566,0.0484223643626895,2.08031599600328e-07,IHD
Leg fat mass (left) || id:ukb-b-7212,"Ischaemic heart disease, wide definition || id:finn-b-I9_IHD",ukb-b-7212,finn-b-I9_IHD,,rs72811755,0.252333903515917,0.0484357522680497,1.89184844360384e-07,IHD
Leg fat mass (left) || id:ukb-b-7212,"Ischaemic heart disease, wide definition || id:finn-b-I9_IHD",ukb-b-7212,finn-b-I9_IHD,,rs72815827,0.251692308208633,0.0484286775076255,2.02339950231012e-07,IHD
Leg fat mass (left) || id:ukb-b-7212,"Ischaemic heart disease, wide definition || id:finn-b-I9_IHD",ukb-b-7212,finn-b-I9_IHD,,rs72847398,0.25407027481724,0.0482888258553327,1.42907142692956e-07,IHD
Leg fat mass (left) || id:ukb-b-7212,"Ischaemic heart disease, wide definition || id:finn-b-I9_IHD",ukb-b-7212,finn-b-I9_IHD,,rs72866851,0.250541643661969,0.0483628293797544,2.21340847344216e-07,IHD
Leg fat mass (left) || id:ukb-b-7212,"Ischaemic heart disease, wide definition || id:finn-b-I9_IHD",ukb-b-7212,finn-b-I9_IHD,,rs72892910,0.250467967884573,0.0485787877234866,2.5239904937751e-07,IHD
Leg fat mass (left) || id:ukb-b-7212,"Ischaemic heart disease, wide definition || id:finn-b-I9_IHD",ukb-b-7212,finn-b-I9_IHD,,rs72987426,0.256202481765998,0.0481028646154133,1.00323075891797e-07,IHD
Leg fat mass (left) || id:ukb-b-7212,"Ischaemic heart disease, wide definition || id:finn-b-I9_IHD",ukb-b-7212,finn-b-I9_IHD,,rs73052033,0.251024076664102,0.0484676658619501,2.22831042469924e-07,IHD
Leg fat mass (left) || id:ukb-b-7212,"Ischaemic heart disease, wide definition || id:finn-b-I9_IHD",ukb-b-7212,finn-b-I9_IHD,,rs73122615,0.25065588744473,0.0484148030862838,2.25171708600232e-07,IHD
Leg fat mass (left) || id:ukb-b-7212,"Ischaemic heart disease, wide definition || id:finn-b-I9_IHD",ukb-b-7212,finn-b-I9_IHD,,rs73175572,0.252929015418267,0.0484090730617043,1.7431833409146e-07,IHD
Leg fat mass (left) || id:ukb-b-7212,"Ischaemic heart disease, wide definition || id:finn-b-I9_IHD",ukb-b-7212,finn-b-I9_IHD,,rs73213484,0.249255709317353,0.0484137309098371,2.62646722819946e-07,IHD
Leg fat mass (left) || id:ukb-b-7212,"Ischaemic heart disease, wide definition || id:finn-b-I9_IHD",ukb-b-7212,finn-b-I9_IHD,,rs73234451,0.251700750627693,0.0484285266783339,2.02132760383633e-07,IHD
Leg fat mass (left) || id:ukb-b-7212,"Ischaemic heart disease, wide definition || id:finn-b-I9_IHD",ukb-b-7212,finn-b-I9_IHD,,rs73371569,0.251607736220622,0.0484391207755247,2.05482173056955e-07,IHD
Leg fat mass (left) || id:ukb-b-7212,"Ischaemic heart disease, wide definition || id:finn-b-I9_IHD",ukb-b-7212,finn-b-I9_IHD,,rs73985439,0.251172538461457,0.0484342503149465,2.15037041542502e-07,IHD
Leg fat mass (left) || id:ukb-b-7212,"Ischaemic heart disease, wide definition || id:finn-b-I9_IHD",ukb-b-7212,finn-b-I9_IHD,,rs74288880,0.251429583962593,0.0484125793303044,2.06403214658965e-07,IHD
Leg fat mass (left) || id:ukb-b-7212,"Ischaemic heart disease, wide definition || id:finn-b-I9_IHD",ukb-b-7212,finn-b-I9_IHD,,rs74318565,0.25185199820028,0.048420312929701,1.97824050472543e-07,IHD
Leg fat mass (left) || id:ukb-b-7212,"Ischaemic heart disease, wide definition || id:finn-b-I9_IHD",ukb-b-7212,finn-b-I9_IHD,,rs7442885,0.254212254260034,0.0484603010563369,1.55619445605407e-07,IHD
Leg fat mass (left) || id:ukb-b-7212,"Ischaemic heart disease, wide definition || id:finn-b-I9_IHD",ukb-b-7212,finn-b-I9_IHD,,rs745249,0.250956408696118,0.0484439535597092,2.21475500477265e-07,IHD
Leg fat mass (left) || id:ukb-b-7212,"Ischaemic heart disease, wide definition || id:finn-b-I9_IHD",ukb-b-7212,finn-b-I9_IHD,,rs7460093,0.251320461162031,0.0484268499954713,2.10641620354842e-07,IHD
Leg fat mass (left) || id:ukb-b-7212,"Ischaemic heart disease, wide definition || id:finn-b-I9_IHD",ukb-b-7212,finn-b-I9_IHD,,rs74606352,0.251991617109806,0.0484309013644105,1.95974035291585e-07,IHD
Leg fat mass (left) || id:ukb-b-7212,"Ischaemic heart disease, wide definition || id:finn-b-I9_IHD",ukb-b-7212,finn-b-I9_IHD,,rs74796445,0.250980148824132,0.048405677286456,2.16093606936657e-07,IHD
Leg fat mass (left) || id:ukb-b-7212,"Ischaemic heart disease, wide definition || id:finn-b-I9_IHD",ukb-b-7212,finn-b-I9_IHD,,rs7498665,0.26009979471725,0.0483892655011959,7.6516897231761e-08,IHD
Leg fat mass (left) || id:ukb-b-7212,"Ischaemic heart disease, wide definition || id:finn-b-I9_IHD",ukb-b-7212,finn-b-I9_IHD,,rs75128238,0.250907234051692,0.0483865663306963,2.15467284451158e-07,IHD
Leg fat mass (left) || id:ukb-b-7212,"Ischaemic heart disease, wide definition || id:finn-b-I9_IHD",ukb-b-7212,finn-b-I9_IHD,,rs7537581,0.249895382170805,0.0484095738382359,2.44186119086423e-07,IHD
Leg fat mass (left) || id:ukb-b-7212,"Ischaemic heart disease, wide definition || id:finn-b-I9_IHD",ukb-b-7212,finn-b-I9_IHD,,rs75412871,0.254247968150307,0.0483648037616672,1.46519872365396e-07,IHD
Leg fat mass (left) || id:ukb-b-7212,"Ischaemic heart disease, wide definition || id:finn-b-I9_IHD",ukb-b-7212,finn-b-I9_IHD,,rs754209,0.250272685566098,0.0483647605447298,2.28288612386453e-07,IHD
Leg fat mass (left) || id:ukb-b-7212,"Ischaemic heart disease, wide definition || id:finn-b-I9_IHD",ukb-b-7212,finn-b-I9_IHD,,rs754635,0.25155042492302,0.0484406018782277,2.06969388515677e-07,IHD
Leg fat mass (left) || id:ukb-b-7212,"Ischaemic heart disease, wide definition || id:finn-b-I9_IHD",ukb-b-7212,finn-b-I9_IHD,,rs75557510,0.251862038575381,0.048439145193152,1.997653458767e-07,IHD
Leg fat mass (left) || id:ukb-b-7212,"Ischaemic heart disease, wide definition || id:finn-b-I9_IHD",ukb-b-7212,finn-b-I9_IHD,,rs75646226,0.252002915937375,0.048424920136117,1.95051995751735e-07,IHD
Leg fat mass (left) || id:ukb-b-7212,"Ischaemic heart disease, wide definition || id:finn-b-I9_IHD",ukb-b-7212,finn-b-I9_IHD,,rs756717,0.252047719401146,0.048435996933181,1.95330581535875e-07,IHD
Leg fat mass (left) || id:ukb-b-7212,"Ischaemic heart disease, wide definition || id:finn-b-I9_IHD",ukb-b-7212,finn-b-I9_IHD,,rs7575523,0.247253847512046,0.0484008210250559,3.24788421028882e-07,IHD
Leg fat mass (left) || id:ukb-b-7212,"Ischaemic heart disease, wide definition || id:finn-b-I9_IHD",ukb-b-7212,finn-b-I9_IHD,,rs7589069,0.252836378898444,0.0484062737389203,1.75842945550769e-07,IHD
Leg fat mass (left) || id:ukb-b-7212,"Ischaemic heart disease, wide definition || id:finn-b-I9_IHD",ukb-b-7212,finn-b-I9_IHD,,rs7607923,0.249676568050534,0.048361115185679,2.43342115033089e-07,IHD
Leg fat mass (left) || id:ukb-b-7212,"Ischaemic heart disease, wide definition || id:finn-b-I9_IHD",ukb-b-7212,finn-b-I9_IHD,,rs76084874,0.251546592823684,0.0484168542045083,2.04242282911431e-07,IHD
Leg fat mass (left) || id:ukb-b-7212,"Ischaemic heart disease, wide definition || id:finn-b-I9_IHD",ukb-b-7212,finn-b-I9_IHD,,rs7611660,0.25167527824693,0.0484283131406265,2.02680303208888e-07,IHD
Leg fat mass (left) || id:ukb-b-7212,"Ischaemic heart disease, wide definition || id:finn-b-I9_IHD",ukb-b-7212,finn-b-I9_IHD,,rs7619139,0.252539995116935,0.0484343316984927,1.84741717624609e-07,IHD
Leg fat mass (left) || id:ukb-b-7212,"Ischaemic heart disease, wide definition || id:finn-b-I9_IHD",ukb-b-7212,finn-b-I9_IHD,,rs7647375,0.25363685778179,0.0483745581036588,1.57826373117443e-07,IHD
Leg fat mass (left) || id:ukb-b-7212,"Ischaemic heart disease, wide definition || id:finn-b-I9_IHD",ukb-b-7212,finn-b-I9_IHD,,rs7663885,0.254059203962746,0.0483461316440589,1.4801977716242e-07,IHD
Leg fat mass (left) || id:ukb-b-7212,"Ischaemic heart disease, wide definition || id:finn-b-I9_IHD",ukb-b-7212,finn-b-I9_IHD,,rs76638898,0.249858612049073,0.048395870561693,2.43271977799687e-07,IHD
Leg fat mass (left) || id:ukb-b-7212,"Ischaemic heart disease, wide definition || id:finn-b-I9_IHD",ukb-b-7212,finn-b-I9_IHD,,rs7669124,0.253569196103007,0.048384323254782,1.5994220688956e-07,IHD
Leg fat mass (left) || id:ukb-b-7212,"Ischaemic heart disease, wide definition || id:finn-b-I9_IHD",ukb-b-7212,finn-b-I9_IHD,,rs76702514,0.249539314856781,0.0483743941707073,2.48936038907141e-07,IHD
Leg fat mass (left) || id:ukb-b-7212,"Ischaemic heart disease, wide definition || id:finn-b-I9_IHD",ukb-b-7212,finn-b-I9_IHD,,rs7683836,0.254788367079349,0.048322807142523,1.34481232065839e-07,IHD
Leg fat mass (left) || id:ukb-b-7212,"Ischaemic heart disease, wide definition || id:finn-b-I9_IHD",ukb-b-7212,finn-b-I9_IHD,,rs76895963,0.252605868317495,0.0484900262021666,1.89411736524276e-07,IHD
Leg fat mass (left) || id:ukb-b-7212,"Ischaemic heart disease, wide definition || id:finn-b-I9_IHD",ukb-b-7212,finn-b-I9_IHD,,rs7692662,0.252744167938615,0.0484158992053007,1.786604372391e-07,IHD
Leg fat mass (left) || id:ukb-b-7212,"Ischaemic heart disease, wide definition || id:finn-b-I9_IHD",ukb-b-7212,finn-b-I9_IHD,,rs77051371,0.252277440941356,0.0484146382873054,1.88060648886432e-07,IHD
Leg fat mass (left) || id:ukb-b-7212,"Ischaemic heart disease, wide definition || id:finn-b-I9_IHD",ukb-b-7212,finn-b-I9_IHD,,rs7708584,0.253343205058031,0.0484323334732644,1.68714790332101e-07,IHD
Leg fat mass (left) || id:ukb-b-7212,"Ischaemic heart disease, wide definition || id:finn-b-I9_IHD",ukb-b-7212,finn-b-I9_IHD,,rs77149883,0.250638625649612,0.048394606677861,2.23005407742481e-07,IHD
Leg fat mass (left) || id:ukb-b-7212,"Ischaemic heart disease, wide definition || id:finn-b-I9_IHD",ukb-b-7212,finn-b-I9_IHD,,rs7761673,0.251861628065772,0.0484287384809134,1.98577118379976e-07,IHD
Leg fat mass (left) || id:ukb-b-7212,"Ischaemic heart disease, wide definition || id:finn-b-I9_IHD",ukb-b-7212,finn-b-I9_IHD,,rs7774,0.249977523126919,0.048410277549464,2.42078927633121e-07,IHD
Leg fat mass (left) || id:ukb-b-7212,"Ischaemic heart disease, wide definition || id:finn-b-I9_IHD",ukb-b-7212,finn-b-I9_IHD,,rs7782529,0.253076916443505,0.0484145000555064,1.72007129295958e-07,IHD
Leg fat mass (left) || id:ukb-b-7212,"Ischaemic heart disease, wide definition || id:finn-b-I9_IHD",ukb-b-7212,finn-b-I9_IHD,,rs77952793,0.250996031180242,0.0484123572202344,2.16543179970532e-07,IHD
Leg fat mass (left) || id:ukb-b-7212,"Ischaemic heart disease, wide definition || id:finn-b-I9_IHD",ukb-b-7212,finn-b-I9_IHD,,rs77978620,0.250264775309697,0.0483939534546355,2.32339294154381e-07,IHD
Leg fat mass (left) || id:ukb-b-7212,"Ischaemic heart disease, wide definition || id:finn-b-I9_IHD",ukb-b-7212,finn-b-I9_IHD,,rs7828631,0.252721826204998,0.0484060430513654,1.78081181355596e-07,IHD
Leg fat mass (left) || id:ukb-b-7212,"Ischaemic heart disease, wide definition || id:finn-b-I9_IHD",ukb-b-7212,finn-b-I9_IHD,,rs7837172,0.251281659837435,0.0484199283925515,2.10708920965202e-07,IHD
Leg fat mass (left) || id:ukb-b-7212,"Ischaemic heart disease, wide definition || id:finn-b-I9_IHD",ukb-b-7212,finn-b-I9_IHD,,rs784257,0.25443815226108,0.048325130168705,1.40089249756107e-07,IHD
Leg fat mass (left) || id:ukb-b-7212,"Ischaemic heart disease, wide definition || id:finn-b-I9_IHD",ukb-b-7212,finn-b-I9_IHD,,rs7851623,0.250802929542395,0.0484085806597696,2.20746598803526e-07,IHD
Leg fat mass (left) || id:ukb-b-7212,"Ischaemic heart disease, wide definition || id:finn-b-I9_IHD",ukb-b-7212,finn-b-I9_IHD,,rs7852500,0.252233002569898,0.0484267590792477,1.90326164071095e-07,IHD
Leg fat mass (left) || id:ukb-b-7212,"Ischaemic heart disease, wide definition || id:finn-b-I9_IHD",ukb-b-7212,finn-b-I9_IHD,,rs785510,0.252167293845432,0.048427847751048,1.91843588522403e-07,IHD
Leg fat mass (left) || id:ukb-b-7212,"Ischaemic heart disease, wide definition || id:finn-b-I9_IHD",ukb-b-7212,finn-b-I9_IHD,,rs78565420,0.25314295330962,0.0483984243279646,1.69146778593481e-07,IHD
Leg fat mass (left) || id:ukb-b-7212,"Ischaemic heart disease, wide definition || id:finn-b-I9_IHD",ukb-b-7212,finn-b-I9_IHD,,rs7865801,0.24981004529822,0.0483651307660188,2.40328784376344e-07,IHD
Leg fat mass (left) || id:ukb-b-7212,"Ischaemic heart disease, wide definition || id:finn-b-I9_IHD",ukb-b-7212,finn-b-I9_IHD,,rs78719460,0.253872734403253,0.0483842175674745,1.54582987067952e-07,IHD
Leg fat mass (left) || id:ukb-b-7212,"Ischaemic heart disease, wide definition || id:finn-b-I9_IHD",ukb-b-7212,finn-b-I9_IHD,,rs7893571,0.253384322475043,0.048422101042119,1.66939864637604e-07,IHD
Leg fat mass (left) || id:ukb-b-7212,"Ischaemic heart disease, wide definition || id:finn-b-I9_IHD",ukb-b-7212,finn-b-I9_IHD,,rs7916385,0.252394085872245,0.0484551130601208,1.90042747734315e-07,IHD
Leg fat mass (left) || id:ukb-b-7212,"Ischaemic heart disease, wide definition || id:finn-b-I9_IHD",ukb-b-7212,finn-b-I9_IHD,,rs7918733,0.252940592856621,0.0484074164310472,1.73925007565071e-07,IHD
Leg fat mass (left) || id:ukb-b-7212,"Ischaemic heart disease, wide definition || id:finn-b-I9_IHD",ukb-b-7212,finn-b-I9_IHD,,rs79197301,0.250694398912359,0.0483757266882068,2.19242374045443e-07,IHD
Leg fat mass (left) || id:ukb-b-7212,"Ischaemic heart disease, wide definition || id:finn-b-I9_IHD",ukb-b-7212,finn-b-I9_IHD,,rs79207593,0.250329988085616,0.0483495640608987,2.24875949447483e-07,IHD
Leg fat mass (left) || id:ukb-b-7212,"Ischaemic heart disease, wide definition || id:finn-b-I9_IHD",ukb-b-7212,finn-b-I9_IHD,,rs7938352,0.251913876394867,0.0484646960525843,2.01569658844288e-07,IHD
Leg fat mass (left) || id:ukb-b-7212,"Ischaemic heart disease, wide definition || id:finn-b-I9_IHD",ukb-b-7212,finn-b-I9_IHD,,rs7944782,0.251295683224771,0.0484461937230894,2.13583833265724e-07,IHD
Leg fat mass (left) || id:ukb-b-7212,"Ischaemic heart disease, wide definition || id:finn-b-I9_IHD",ukb-b-7212,finn-b-I9_IHD,,rs79518326,0.25297197477528,0.0484074109189954,1.7331608859362e-07,IHD
Leg fat mass (left) || id:ukb-b-7212,"Ischaemic heart disease, wide definition || id:finn-b-I9_IHD",ukb-b-7212,finn-b-I9_IHD,,rs79847714,0.248705368905599,0.0483460664827909,2.68558630506849e-07,IHD
Leg fat mass (left) || id:ukb-b-7212,"Ischaemic heart disease, wide definition || id:finn-b-I9_IHD",ukb-b-7212,finn-b-I9_IHD,,rs8020365,0.258130564874248,0.0483936992635896,9.60881336754527e-08,IHD
Leg fat mass (left) || id:ukb-b-7212,"Ischaemic heart disease, wide definition || id:finn-b-I9_IHD",ukb-b-7212,finn-b-I9_IHD,,rs8078135,0.248762118005158,0.0483328719583339,2.64894758807804e-07,IHD
Leg fat mass (left) || id:ukb-b-7212,"Ischaemic heart disease, wide definition || id:finn-b-I9_IHD",ukb-b-7212,finn-b-I9_IHD,,rs8093356,0.253351732960951,0.0484015378174536,1.65545288962634e-07,IHD
Leg fat mass (left) || id:ukb-b-7212,"Ischaemic heart disease, wide definition || id:finn-b-I9_IHD",ukb-b-7212,finn-b-I9_IHD,,rs8132491,0.253022302032873,0.0484307837741904,1.7471067406853e-07,IHD
Leg fat mass (left) || id:ukb-b-7212,"Ischaemic heart disease, wide definition || id:finn-b-I9_IHD",ukb-b-7212,finn-b-I9_IHD,,rs815163,0.253008837919489,0.0484412994528286,1.76048747343589e-07,IHD
Leg fat mass (left) || id:ukb-b-7212,"Ischaemic heart disease, wide definition || id:finn-b-I9_IHD",ukb-b-7212,finn-b-I9_IHD,,rs845081,0.251324215574547,0.0484246833125703,2.10291534227157e-07,IHD
Leg fat mass (left) || id:ukb-b-7212,"Ischaemic heart disease, wide definition || id:finn-b-I9_IHD",ukb-b-7212,finn-b-I9_IHD,,rs852042,0.252252656889367,0.0484253541807131,1.89755776088864e-07,IHD
Leg fat mass (left) || id:ukb-b-7212,"Ischaemic heart disease, wide definition || id:finn-b-I9_IHD",ukb-b-7212,finn-b-I9_IHD,,rs862320,0.250072671026522,0.0484510880679123,2.45184826970289e-07,IHD
Leg fat mass (left) || id:ukb-b-7212,"Ischaemic heart disease, wide definition || id:finn-b-I9_IHD",ukb-b-7212,finn-b-I9_IHD,,rs879620,0.256147058300395,0.0484649043624542,1.2556260111272e-07,IHD
Leg fat mass (left) || id:ukb-b-7212,"Ischaemic heart disease, wide definition || id:finn-b-I9_IHD",ukb-b-7212,finn-b-I9_IHD,,rs885325,0.251917833047708,0.0484292715026316,1.97401590245723e-07,IHD
Leg fat mass (left) || id:ukb-b-7212,"Ischaemic heart disease, wide definition || id:finn-b-I9_IHD",ukb-b-7212,finn-b-I9_IHD,,rs898979,0.253167497376717,0.0484086823348432,1.69697872033795e-07,IHD
Leg fat mass (left) || id:ukb-b-7212,"Ischaemic heart disease, wide definition || id:finn-b-I9_IHD",ukb-b-7212,finn-b-I9_IHD,,rs9289970,0.251148543667831,0.0484252039154313,2.14491558306854e-07,IHD
Leg fat mass (left) || id:ukb-b-7212,"Ischaemic heart disease, wide definition || id:finn-b-I9_IHD",ukb-b-7212,finn-b-I9_IHD,,rs9294260,0.254868312411445,0.0483800657883049,1.37885106769841e-07,IHD
Leg fat mass (left) || id:ukb-b-7212,"Ischaemic heart disease, wide definition || id:finn-b-I9_IHD",ukb-b-7212,finn-b-I9_IHD,,rs9309184,0.250493301150147,0.0483792453815509,2.2463602342148e-07,IHD
Leg fat mass (left) || id:ukb-b-7212,"Ischaemic heart disease, wide definition || id:finn-b-I9_IHD",ukb-b-7212,finn-b-I9_IHD,,rs934224,0.251617902384363,0.0484294787012322,2.04112647510337e-07,IHD
Leg fat mass (left) || id:ukb-b-7212,"Ischaemic heart disease, wide definition || id:finn-b-I9_IHD",ukb-b-7212,finn-b-I9_IHD,,rs9375617,0.250688419544425,0.0483906516097082,2.21276019817157e-07,IHD
Leg fat mass (left) || id:ukb-b-7212,"Ischaemic heart disease, wide definition || id:finn-b-I9_IHD",ukb-b-7212,finn-b-I9_IHD,,rs9387013,0.250219234219792,0.0484105850880171,2.35742445299032e-07,IHD
Leg fat mass (left) || id:ukb-b-7212,"Ischaemic heart disease, wide definition || id:finn-b-I9_IHD",ukb-b-7212,finn-b-I9_IHD,,rs9389857,0.251529236191453,0.0484200775671925,2.05017015218493e-07,IHD
Leg fat mass (left) || id:ukb-b-7212,"Ischaemic heart disease, wide definition || id:finn-b-I9_IHD",ukb-b-7212,finn-b-I9_IHD,,rs9395885,0.251581845728431,0.0484269034537582,2.04627096167136e-07,IHD
Leg fat mass (left) || id:ukb-b-7212,"Ischaemic heart disease, wide definition || id:finn-b-I9_IHD",ukb-b-7212,finn-b-I9_IHD,,rs9421249,0.253657440075032,0.0484368100321878,1.63319672543984e-07,IHD
Leg fat mass (left) || id:ukb-b-7212,"Ischaemic heart disease, wide definition || id:finn-b-I9_IHD",ukb-b-7212,finn-b-I9_IHD,,rs9449357,0.253044063441099,0.0484090550233243,1.72091489029293e-07,IHD
Leg fat mass (left) || id:ukb-b-7212,"Ischaemic heart disease, wide definition || id:finn-b-I9_IHD",ukb-b-7212,finn-b-I9_IHD,,rs9449999,0.25203299177527,0.0484326604606894,1.95273387443999e-07,IHD
Leg fat mass (left) || id:ukb-b-7212,"Ischaemic heart disease, wide definition || id:finn-b-I9_IHD",ukb-b-7212,finn-b-I9_IHD,,rs9480184,0.249576956629405,0.0483508972794678,2.44605582897869e-07,IHD
Leg fat mass (left) || id:ukb-b-7212,"Ischaemic heart disease, wide definition || id:finn-b-I9_IHD",ukb-b-7212,finn-b-I9_IHD,,rs9522183,0.251453835048721,0.0484560306480969,2.11063741468761e-07,IHD
Leg fat mass (left) || id:ukb-b-7212,"Ischaemic heart disease, wide definition || id:finn-b-I9_IHD",ukb-b-7212,finn-b-I9_IHD,,rs9522279,0.253780075258091,0.0484289777660067,1.60356965837127e-07,IHD
Leg fat mass (left) || id:ukb-b-7212,"Ischaemic heart disease, wide definition || id:finn-b-I9_IHD",ukb-b-7212,finn-b-I9_IHD,,rs9532583,0.252717443966821,0.0484159639736739,1.79200463199801e-07,IHD
Leg fat mass (left) || id:ukb-b-7212,"Ischaemic heart disease, wide definition || id:finn-b-I9_IHD",ukb-b-7212,finn-b-I9_IHD,,rs9571687,0.253714190398693,0.0483675174685429,1.55817508236892e-07,IHD
Leg fat mass (left) || id:ukb-b-7212,"Ischaemic heart disease, wide definition || id:finn-b-I9_IHD",ukb-b-7212,finn-b-I9_IHD,,rs959930,0.25342844048903,0.0483798027191848,1.62053038516953e-07,IHD
Leg fat mass (left) || id:ukb-b-7212,"Ischaemic heart disease, wide definition || id:finn-b-I9_IHD",ukb-b-7212,finn-b-I9_IHD,,rs9610311,0.25146152145091,0.0484288075374623,2.07605420858716e-07,IHD
Leg fat mass (left) || id:ukb-b-7212,"Ischaemic heart disease, wide definition || id:finn-b-I9_IHD",ukb-b-7212,finn-b-I9_IHD,,rs9615937,0.251735160664337,0.0484271678574922,2.01203943744068e-07,IHD
Leg fat mass (left) || id:ukb-b-7212,"Ischaemic heart disease, wide definition || id:finn-b-I9_IHD",ukb-b-7212,finn-b-I9_IHD,,rs961770,0.252466183033898,0.048425450302354,1.85308510262151e-07,IHD
Leg fat mass (left) || id:ukb-b-7212,"Ischaemic heart disease, wide definition || id:finn-b-I9_IHD",ukb-b-7212,finn-b-I9_IHD,,rs9654453,0.250826063816568,0.0483980880097262,2.18859257717194e-07,IHD
Leg fat mass (left) || id:ukb-b-7212,"Ischaemic heart disease, wide definition || id:finn-b-I9_IHD",ukb-b-7212,finn-b-I9_IHD,,rs9783304,0.247482453320242,0.0484096829892841,3.18342345920246e-07,IHD
Leg fat mass (left) || id:ukb-b-7212,"Ischaemic heart disease, wide definition || id:finn-b-I9_IHD",ukb-b-7212,finn-b-I9_IHD,,rs9784934,0.251798252658996,0.0484262904502946,1.99697603353213e-07,IHD
Leg fat mass (left) || id:ukb-b-7212,"Ischaemic heart disease, wide definition || id:finn-b-I9_IHD",ukb-b-7212,finn-b-I9_IHD,,rs9788550,0.250125346042753,0.048488514446039,2.49008925114457e-07,IHD
Leg fat mass (left) || id:ukb-b-7212,"Ischaemic heart disease, wide definition || id:finn-b-I9_IHD",ukb-b-7212,finn-b-I9_IHD,,rs979724,0.252094777462875,0.0484224899725588,1.92798146555049e-07,IHD
Leg fat mass (left) || id:ukb-b-7212,"Ischaemic heart disease, wide definition || id:finn-b-I9_IHD",ukb-b-7212,finn-b-I9_IHD,,rs9800418,0.251079356053887,0.0484146007227827,2.14829356276639e-07,IHD
Leg fat mass (left) || id:ukb-b-7212,"Ischaemic heart disease, wide definition || id:finn-b-I9_IHD",ukb-b-7212,finn-b-I9_IHD,,rs9833368,0.254542864239436,0.0483124119421395,1.37404764832475e-07,IHD
Leg fat mass (left) || id:ukb-b-7212,"Ischaemic heart disease, wide definition || id:finn-b-I9_IHD",ukb-b-7212,finn-b-I9_IHD,,rs9839081,0.252827846406269,0.0484358682649775,1.79070510043984e-07,IHD
Leg fat mass (left) || id:ukb-b-7212,"Ischaemic heart disease, wide definition || id:finn-b-I9_IHD",ukb-b-7212,finn-b-I9_IHD,,rs9843653,0.252920457477978,0.0485568028489907,1.90112621679684e-07,IHD
Leg fat mass (left) || id:ukb-b-7212,"Ischaemic heart disease, wide definition || id:finn-b-I9_IHD",ukb-b-7212,finn-b-I9_IHD,,rs9893691,0.249295594955919,0.0483184463657954,2.47704094038837e-07,IHD
Leg fat mass (left) || id:ukb-b-7212,"Ischaemic heart disease, wide definition || id:finn-b-I9_IHD",ukb-b-7212,finn-b-I9_IHD,,rs9917946,0.251649341139753,0.0484369925312611,2.0428488073691e-07,IHD
Leg fat mass (left) || id:ukb-b-7212,"Ischaemic heart disease, wide definition || id:finn-b-I9_IHD",ukb-b-7212,finn-b-I9_IHD,,rs9926784,0.253780919702055,0.0483965717467306,1.57320744266454e-07,IHD
Leg fat mass (left) || id:ukb-b-7212,"Ischaemic heart disease, wide definition || id:finn-b-I9_IHD",ukb-b-7212,finn-b-I9_IHD,,rs9927993,0.251219730424087,0.0484096885308497,2.10914436190074e-07,IHD
Leg fat mass (left) || id:ukb-b-7212,"Ischaemic heart disease, wide definition || id:finn-b-I9_IHD",ukb-b-7212,finn-b-I9_IHD,,rs9955276,0.249975634558328,0.0484031046005677,2.41141038070602e-07,IHD
Leg fat mass (left) || id:ukb-b-7212,"Ischaemic heart disease, wide definition || id:finn-b-I9_IHD",ukb-b-7212,finn-b-I9_IHD,,rs9968060,0.24954729901195,0.0483655198563149,2.47462631973391e-07,IHD
Leg fat mass (left) || id:ukb-b-7212,"Ischaemic heart disease, wide definition || id:finn-b-I9_IHD",ukb-b-7212,finn-b-I9_IHD,,rs9998491,0.252114051728534,0.0484231097511386,1.92454301171875e-07,IHD
Leg fat mass (left) || id:ukb-b-7212,"Ischaemic heart disease, wide definition || id:finn-b-I9_IHD",ukb-b-7212,finn-b-I9_IHD,,All,0.251905037572157,0.0483669652454087,1.90676891850927e-07,IHD
