exposure,outcome,id.exposure,id.outcome,samplesize,SNP,b,se,p,outcome_code
Leg fat mass (left) || id:ukb-b-7212,Depression || id:finn-b-F5_DEPRESSIO,ukb-b-7212,finn-b-F5_DEPRESSIO,,rs10050620,0.160270785253334,0.0450219730947253,0.000371088203323949,DD
Leg fat mass (left) || id:ukb-b-7212,Depression || id:finn-b-F5_DEPRESSIO,ukb-b-7212,finn-b-F5_DEPRESSIO,,rs1005551,0.161305426885584,0.0450207150521062,0.000339780283274911,DD
Leg fat mass (left) || id:ukb-b-7212,Depression || id:finn-b-F5_DEPRESSIO,ukb-b-7212,finn-b-F5_DEPRESSIO,,rs10070916,0.159751746850749,0.0450277784059091,0.000388391202108534,DD
Leg fat mass (left) || id:ukb-b-7212,Depression || id:finn-b-F5_DEPRESSIO,ukb-b-7212,finn-b-F5_DEPRESSIO,,rs10100245,0.159925761798657,0.045091927755981,0.000390146920284889,DD
Leg fat mass (left) || id:ukb-b-7212,Depression || id:finn-b-F5_DEPRESSIO,ukb-b-7212,finn-b-F5_DEPRESSIO,,rs10132514,0.159085663204323,0.0450449663328382,0.000412885168595563,DD
Leg fat mass (left) || id:ukb-b-7212,Depression || id:finn-b-F5_DEPRESSIO,ukb-b-7212,finn-b-F5_DEPRESSIO,,rs1013402,0.160916067106206,0.0451711448711368,0.000367530104198734,DD
Leg fat mass (left) || id:ukb-b-7212,Depression || id:finn-b-F5_DEPRESSIO,ukb-b-7212,finn-b-F5_DEPRESSIO,,rs10141106,0.157561710465214,0.0450210774555432,0.000465725940657092,DD
Leg fat mass (left) || id:ukb-b-7212,Depression || id:finn-b-F5_DEPRESSIO,ukb-b-7212,finn-b-F5_DEPRESSIO,,rs10160769,0.157959969738164,0.0450387902663805,0.000452851503975992,DD
Leg fat mass (left) || id:ukb-b-7212,Depression || id:finn-b-F5_DEPRESSIO,ukb-b-7212,finn-b-F5_DEPRESSIO,,rs10172070,0.156629468214264,0.0449249430834011,0.000489440198545115,DD
Leg fat mass (left) || id:ukb-b-7212,Depression || id:finn-b-F5_DEPRESSIO,ukb-b-7212,finn-b-F5_DEPRESSIO,,rs10184537,0.16150933179065,0.0450059909167941,0.000332434879999461,DD
Leg fat mass (left) || id:ukb-b-7212,Depression || id:finn-b-F5_DEPRESSIO,ukb-b-7212,finn-b-F5_DEPRESSIO,,rs10209821,0.159834599364189,0.0450705834129356,0.000390655202595483,DD
Leg fat mass (left) || id:ukb-b-7212,Depression || id:finn-b-F5_DEPRESSIO,ukb-b-7212,finn-b-F5_DEPRESSIO,,rs10213345,0.160980567913359,0.0449503039558387,0.000341887512367848,DD
Leg fat mass (left) || id:ukb-b-7212,Depression || id:finn-b-F5_DEPRESSIO,ukb-b-7212,finn-b-F5_DEPRESSIO,,rs1023229,0.157861364957153,0.045011461225195,0.000452955736040559,DD
Leg fat mass (left) || id:ukb-b-7212,Depression || id:finn-b-F5_DEPRESSIO,ukb-b-7212,finn-b-F5_DEPRESSIO,,rs10236214,0.160730644488367,0.0449957902814037,0.000354094599069532,DD
Leg fat mass (left) || id:ukb-b-7212,Depression || id:finn-b-F5_DEPRESSIO,ukb-b-7212,finn-b-F5_DEPRESSIO,,rs10248136,0.157559305499735,0.0450205705818781,0.00046575042860848,DD
Leg fat mass (left) || id:ukb-b-7212,Depression || id:finn-b-F5_DEPRESSIO,ukb-b-7212,finn-b-F5_DEPRESSIO,,rs10248298,0.158758073148235,0.0450695670815532,0.000427478323225264,DD
Leg fat mass (left) || id:ukb-b-7212,Depression || id:finn-b-F5_DEPRESSIO,ukb-b-7212,finn-b-F5_DEPRESSIO,,rs1025065,0.15934725965536,0.045044477358903,0.000403851982099631,DD
Leg fat mass (left) || id:ukb-b-7212,Depression || id:finn-b-F5_DEPRESSIO,ukb-b-7212,finn-b-F5_DEPRESSIO,,rs1031881,0.160462613697857,0.0449591447326391,0.000358242217981545,DD
Leg fat mass (left) || id:ukb-b-7212,Depression || id:finn-b-F5_DEPRESSIO,ukb-b-7212,finn-b-F5_DEPRESSIO,,rs10404726,0.155429996634113,0.0450329111078634,0.000557530039256682,DD
Leg fat mass (left) || id:ukb-b-7212,Depression || id:finn-b-F5_DEPRESSIO,ukb-b-7212,finn-b-F5_DEPRESSIO,,rs10405382,0.158206353204774,0.0450475229483652,0.000444768334284114,DD
Leg fat mass (left) || id:ukb-b-7212,Depression || id:finn-b-F5_DEPRESSIO,ukb-b-7212,finn-b-F5_DEPRESSIO,,rs10423928,0.158118965134076,0.0451912285591842,0.000467205971978013,DD
Leg fat mass (left) || id:ukb-b-7212,Depression || id:finn-b-F5_DEPRESSIO,ukb-b-7212,finn-b-F5_DEPRESSIO,,rs10457469,0.159525399001127,0.0450530996335096,0.00039886940622999,DD
Leg fat mass (left) || id:ukb-b-7212,Depression || id:finn-b-F5_DEPRESSIO,ukb-b-7212,finn-b-F5_DEPRESSIO,,rs10499014,0.158548215409054,0.0450654310641054,0.000434520530407975,DD
Leg fat mass (left) || id:ukb-b-7212,Depression || id:finn-b-F5_DEPRESSIO,ukb-b-7212,finn-b-F5_DEPRESSIO,,rs10505836,0.158898922266589,0.0450626684058514,0.000421605893281746,DD
Leg fat mass (left) || id:ukb-b-7212,Depression || id:finn-b-F5_DEPRESSIO,ukb-b-7212,finn-b-F5_DEPRESSIO,,rs1056441,0.159190706270605,0.0450579916772821,0.000410844131430372,DD
Leg fat mass (left) || id:ukb-b-7212,Depression || id:finn-b-F5_DEPRESSIO,ukb-b-7212,finn-b-F5_DEPRESSIO,,rs1057042,0.156221848343102,0.0449760316805901,0.000513819426388657,DD
Leg fat mass (left) || id:ukb-b-7212,Depression || id:finn-b-F5_DEPRESSIO,ukb-b-7212,finn-b-F5_DEPRESSIO,,rs1062557,0.158075891908887,0.0450534147679573,0.000450416187815149,DD
Leg fat mass (left) || id:ukb-b-7212,Depression || id:finn-b-F5_DEPRESSIO,ukb-b-7212,finn-b-F5_DEPRESSIO,,rs1065634,0.158526254900097,0.0450434485616308,0.000432511674913635,DD
Leg fat mass (left) || id:ukb-b-7212,Depression || id:finn-b-F5_DEPRESSIO,ukb-b-7212,finn-b-F5_DEPRESSIO,,rs10733682,0.159938034107627,0.0450302310545287,0.000382616554740848,DD
Leg fat mass (left) || id:ukb-b-7212,Depression || id:finn-b-F5_DEPRESSIO,ukb-b-7212,finn-b-F5_DEPRESSIO,,rs10756798,0.161775231814418,0.0449866793862927,0.000323061351203755,DD
Leg fat mass (left) || id:ukb-b-7212,Depression || id:finn-b-F5_DEPRESSIO,ukb-b-7212,finn-b-F5_DEPRESSIO,,rs10760277,0.157841950295533,0.0450499134770959,0.000458820216132394,DD
Leg fat mass (left) || id:ukb-b-7212,Depression || id:finn-b-F5_DEPRESSIO,ukb-b-7212,finn-b-F5_DEPRESSIO,,rs10766451,0.157620562520637,0.0450442870126172,0.000466594496681052,DD
Leg fat mass (left) || id:ukb-b-7212,Depression || id:finn-b-F5_DEPRESSIO,ukb-b-7212,finn-b-F5_DEPRESSIO,,rs10770992,0.159298355159013,0.0450364309211504,0.000404546619894418,DD
Leg fat mass (left) || id:ukb-b-7212,Depression || id:finn-b-F5_DEPRESSIO,ukb-b-7212,finn-b-F5_DEPRESSIO,,rs10771041,0.156152440946744,0.0449681215500257,0.000515607721424662,DD
Leg fat mass (left) || id:ukb-b-7212,Depression || id:finn-b-F5_DEPRESSIO,ukb-b-7212,finn-b-F5_DEPRESSIO,,rs10774830,0.157455507462189,0.0450006140418865,0.000467070457851223,DD
Leg fat mass (left) || id:ukb-b-7212,Depression || id:finn-b-F5_DEPRESSIO,ukb-b-7212,finn-b-F5_DEPRESSIO,,rs10779795,0.156453822555292,0.0449943479489963,0.000506701728919956,DD
Leg fat mass (left) || id:ukb-b-7212,Depression || id:finn-b-F5_DEPRESSIO,ukb-b-7212,finn-b-F5_DEPRESSIO,,rs10793974,0.155836201316544,0.0448654304957294,0.000513882577923942,DD
Leg fat mass (left) || id:ukb-b-7212,Depression || id:finn-b-F5_DEPRESSIO,ukb-b-7212,finn-b-F5_DEPRESSIO,,rs10795776,0.161411018535251,0.0449416019186423,0.000328688793805766,DD
Leg fat mass (left) || id:ukb-b-7212,Depression || id:finn-b-F5_DEPRESSIO,ukb-b-7212,finn-b-F5_DEPRESSIO,,rs10798945,0.158854083000926,0.0450454074306332,0.000421039849329194,DD
Leg fat mass (left) || id:ukb-b-7212,Depression || id:finn-b-F5_DEPRESSIO,ukb-b-7212,finn-b-F5_DEPRESSIO,,rs10820852,0.159750176765062,0.0450398935395476,0.000389852359528606,DD
Leg fat mass (left) || id:ukb-b-7212,Depression || id:finn-b-F5_DEPRESSIO,ukb-b-7212,finn-b-F5_DEPRESSIO,,rs10822118,0.157780071328307,0.0450245245571153,0.000457785249916108,DD
Leg fat mass (left) || id:ukb-b-7212,Depression || id:finn-b-F5_DEPRESSIO,ukb-b-7212,finn-b-F5_DEPRESSIO,,rs10837017,0.157684004355315,0.045016328147176,0.000460363907224887,DD
Leg fat mass (left) || id:ukb-b-7212,Depression || id:finn-b-F5_DEPRESSIO,ukb-b-7212,finn-b-F5_DEPRESSIO,,rs10846458,0.159140136073453,0.0450501314719071,0.000411631334908481,DD
Leg fat mass (left) || id:ukb-b-7212,Depression || id:finn-b-F5_DEPRESSIO,ukb-b-7212,finn-b-F5_DEPRESSIO,,rs10862431,0.15722616695209,0.0449901195405126,0.000474626649090747,DD
Leg fat mass (left) || id:ukb-b-7212,Depression || id:finn-b-F5_DEPRESSIO,ukb-b-7212,finn-b-F5_DEPRESSIO,,rs10865534,0.159040784867219,0.0450430185212842,0.000414204231558667,DD
Leg fat mass (left) || id:ukb-b-7212,Depression || id:finn-b-F5_DEPRESSIO,ukb-b-7212,finn-b-F5_DEPRESSIO,,rs10888691,0.158871964970148,0.0450395444933227,0.000419680702103905,DD
Leg fat mass (left) || id:ukb-b-7212,Depression || id:finn-b-F5_DEPRESSIO,ukb-b-7212,finn-b-F5_DEPRESSIO,,rs10896012,0.156603188496307,0.044981869392176,0.000498663029247663,DD
Leg fat mass (left) || id:ukb-b-7212,Depression || id:finn-b-F5_DEPRESSIO,ukb-b-7212,finn-b-F5_DEPRESSIO,,rs10903791,0.160934135232321,0.0449725153549619,0.000345572190877876,DD
Leg fat mass (left) || id:ukb-b-7212,Depression || id:finn-b-F5_DEPRESSIO,ukb-b-7212,finn-b-F5_DEPRESSIO,,rs10915840,0.157795179938349,0.0450384393197906,0.0004590715289039,DD
Leg fat mass (left) || id:ukb-b-7212,Depression || id:finn-b-F5_DEPRESSIO,ukb-b-7212,finn-b-F5_DEPRESSIO,,rs10929925,0.159141936185179,0.0450472396703314,0.000411216281351297,DD
Leg fat mass (left) || id:ukb-b-7212,Depression || id:finn-b-F5_DEPRESSIO,ukb-b-7212,finn-b-F5_DEPRESSIO,,rs10938398,0.160598031122579,0.0451776509252774,0.000378250222896701,DD
Leg fat mass (left) || id:ukb-b-7212,Depression || id:finn-b-F5_DEPRESSIO,ukb-b-7212,finn-b-F5_DEPRESSIO,,rs10947793,0.156313425216297,0.0450207688171723,0.000516540094984753,DD
Leg fat mass (left) || id:ukb-b-7212,Depression || id:finn-b-F5_DEPRESSIO,ukb-b-7212,finn-b-F5_DEPRESSIO,,rs10950290,0.159877897325915,0.0450579432729487,0.000387765631652187,DD
Leg fat mass (left) || id:ukb-b-7212,Depression || id:finn-b-F5_DEPRESSIO,ukb-b-7212,finn-b-F5_DEPRESSIO,,rs10951992,0.161207013714346,0.044960538852407,0.00033640428174123,DD
Leg fat mass (left) || id:ukb-b-7212,Depression || id:finn-b-F5_DEPRESSIO,ukb-b-7212,finn-b-F5_DEPRESSIO,,rs10954772,0.15941047195911,0.0450672420598499,0.000404440088041452,DD
Leg fat mass (left) || id:ukb-b-7212,Depression || id:finn-b-F5_DEPRESSIO,ukb-b-7212,finn-b-F5_DEPRESSIO,,rs10989067,0.162336373192484,0.0449797673925754,0.000307263929780266,DD
Leg fat mass (left) || id:ukb-b-7212,Depression || id:finn-b-F5_DEPRESSIO,ukb-b-7212,finn-b-F5_DEPRESSIO,,rs10992854,0.159872122208294,0.0450560375457947,0.000387733382603741,DD
Leg fat mass (left) || id:ukb-b-7212,Depression || id:finn-b-F5_DEPRESSIO,ukb-b-7212,finn-b-F5_DEPRESSIO,,rs11001259,0.15916880828857,0.0450488592326716,0.000410486646027946,DD
Leg fat mass (left) || id:ukb-b-7212,Depression || id:finn-b-F5_DEPRESSIO,ukb-b-7212,finn-b-F5_DEPRESSIO,,rs11004108,0.156852150012236,0.0449780141927168,0.000487910679978752,DD
Leg fat mass (left) || id:ukb-b-7212,Depression || id:finn-b-F5_DEPRESSIO,ukb-b-7212,finn-b-F5_DEPRESSIO,,rs11012732,0.158865653029503,0.0451201705552843,0.000430011290866296,DD
Leg fat mass (left) || id:ukb-b-7212,Depression || id:finn-b-F5_DEPRESSIO,ukb-b-7212,finn-b-F5_DEPRESSIO,,rs11013304,0.158501997136365,0.0450335070744043,0.000432123344188714,DD
Leg fat mass (left) || id:ukb-b-7212,Depression || id:finn-b-F5_DEPRESSIO,ukb-b-7212,finn-b-F5_DEPRESSIO,,rs1106761,0.161135520439971,0.0450217271619881,0.000344830610822459,DD
Leg fat mass (left) || id:ukb-b-7212,Depression || id:finn-b-F5_DEPRESSIO,ukb-b-7212,finn-b-F5_DEPRESSIO,,rs11071646,0.160526412804209,0.04507474428743,0.000368969325777372,DD
Leg fat mass (left) || id:ukb-b-7212,Depression || id:finn-b-F5_DEPRESSIO,ukb-b-7212,finn-b-F5_DEPRESSIO,,rs11075263,0.159582640208944,0.0450508489269414,0.000396686862995518,DD
Leg fat mass (left) || id:ukb-b-7212,Depression || id:finn-b-F5_DEPRESSIO,ukb-b-7212,finn-b-F5_DEPRESSIO,,rs11084922,0.157355313092338,0.0450027653764478,0.000471281073261462,DD
Leg fat mass (left) || id:ukb-b-7212,Depression || id:finn-b-F5_DEPRESSIO,ukb-b-7212,finn-b-F5_DEPRESSIO,,rs11099020,0.160853608566672,0.0450118948748176,0.000352133553842264,DD
Leg fat mass (left) || id:ukb-b-7212,Depression || id:finn-b-F5_DEPRESSIO,ukb-b-7212,finn-b-F5_DEPRESSIO,,rs11102121,0.15886851343427,0.0450443296983544,0.000420396767487759,DD
Leg fat mass (left) || id:ukb-b-7212,Depression || id:finn-b-F5_DEPRESSIO,ukb-b-7212,finn-b-F5_DEPRESSIO,,rs11105842,0.161423856049832,0.0449717057456393,0.000331371664458174,DD
Leg fat mass (left) || id:ukb-b-7212,Depression || id:finn-b-F5_DEPRESSIO,ukb-b-7212,finn-b-F5_DEPRESSIO,,rs11122449,0.158560258449243,0.0450461824165282,0.000431630012855946,DD
Leg fat mass (left) || id:ukb-b-7212,Depression || id:finn-b-F5_DEPRESSIO,ukb-b-7212,finn-b-F5_DEPRESSIO,,rs11124548,0.159073684543327,0.0450471130293279,0.000413563605822221,DD
Leg fat mass (left) || id:ukb-b-7212,Depression || id:finn-b-F5_DEPRESSIO,ukb-b-7212,finn-b-F5_DEPRESSIO,,rs11129446,0.157703555169195,0.0450213876396063,0.000460293728307166,DD
Leg fat mass (left) || id:ukb-b-7212,Depression || id:finn-b-F5_DEPRESSIO,ukb-b-7212,finn-b-F5_DEPRESSIO,,rs11135450,0.16009792522913,0.0450512378100708,0.000379873362603857,DD
Leg fat mass (left) || id:ukb-b-7212,Depression || id:finn-b-F5_DEPRESSIO,ukb-b-7212,finn-b-F5_DEPRESSIO,,rs11137022,0.158494515139752,0.045034785835735,0.000432557008029496,DD
Leg fat mass (left) || id:ukb-b-7212,Depression || id:finn-b-F5_DEPRESSIO,ukb-b-7212,finn-b-F5_DEPRESSIO,,rs11150745,0.161529469468323,0.0450498338017312,0.000336338850878997,DD
Leg fat mass (left) || id:ukb-b-7212,Depression || id:finn-b-F5_DEPRESSIO,ukb-b-7212,finn-b-F5_DEPRESSIO,,rs11164968,0.158290154924518,0.0450399057226721,0.000440678209089657,DD
Leg fat mass (left) || id:ukb-b-7212,Depression || id:finn-b-F5_DEPRESSIO,ukb-b-7212,finn-b-F5_DEPRESSIO,,rs11165643,0.158602518052733,0.0451023453006293,0.000437272247132263,DD
Leg fat mass (left) || id:ukb-b-7212,Depression || id:finn-b-F5_DEPRESSIO,ukb-b-7212,finn-b-F5_DEPRESSIO,,rs112325820,0.158481666110915,0.0450476695280063,0.000434668175186283,DD
Leg fat mass (left) || id:ukb-b-7212,Depression || id:finn-b-F5_DEPRESSIO,ukb-b-7212,finn-b-F5_DEPRESSIO,,rs11242730,0.158696562067798,0.0450616349472861,0.00042868134334163,DD
Leg fat mass (left) || id:ukb-b-7212,Depression || id:finn-b-F5_DEPRESSIO,ukb-b-7212,finn-b-F5_DEPRESSIO,,rs11245344,0.160413856350228,0.0450111038256124,0.000365422847273248,DD
Leg fat mass (left) || id:ukb-b-7212,Depression || id:finn-b-F5_DEPRESSIO,ukb-b-7212,finn-b-F5_DEPRESSIO,,rs113079574,0.158108624398462,0.0450511412992611,0.000448888456480966,DD
Leg fat mass (left) || id:ukb-b-7212,Depression || id:finn-b-F5_DEPRESSIO,ukb-b-7212,finn-b-F5_DEPRESSIO,,rs113132247,0.160158463419399,0.0450605465854672,0.000378994228516658,DD
Leg fat mass (left) || id:ukb-b-7212,Depression || id:finn-b-F5_DEPRESSIO,ukb-b-7212,finn-b-F5_DEPRESSIO,,rs113624107,0.162871278995556,0.0447409819197517,0.000272304431345679,DD
Leg fat mass (left) || id:ukb-b-7212,Depression || id:finn-b-F5_DEPRESSIO,ukb-b-7212,finn-b-F5_DEPRESSIO,,rs113866544,0.16219435639621,0.0450719288397084,0.00031997540428874,DD
Leg fat mass (left) || id:ukb-b-7212,Depression || id:finn-b-F5_DEPRESSIO,ukb-b-7212,finn-b-F5_DEPRESSIO,,rs113963705,0.157728524340938,0.0449589091043964,0.000451010970991406,DD
Leg fat mass (left) || id:ukb-b-7212,Depression || id:finn-b-F5_DEPRESSIO,ukb-b-7212,finn-b-F5_DEPRESSIO,,rs114049355,0.157101695181074,0.0449350160585332,0.000471939081622366,DD
Leg fat mass (left) || id:ukb-b-7212,Depression || id:finn-b-F5_DEPRESSIO,ukb-b-7212,finn-b-F5_DEPRESSIO,,rs115000305,0.159568686348615,0.0450667360604973,0.000399037052152332,DD
Leg fat mass (left) || id:ukb-b-7212,Depression || id:finn-b-F5_DEPRESSIO,ukb-b-7212,finn-b-F5_DEPRESSIO,,rs11525873,0.15703067717028,0.0450237793282501,0.000487144136275139,DD
Leg fat mass (left) || id:ukb-b-7212,Depression || id:finn-b-F5_DEPRESSIO,ukb-b-7212,finn-b-F5_DEPRESSIO,,rs11533200,0.158595715288642,0.0450511191794349,0.000430977399954383,DD
Leg fat mass (left) || id:ukb-b-7212,Depression || id:finn-b-F5_DEPRESSIO,ukb-b-7212,finn-b-F5_DEPRESSIO,,rs115494422,0.158831687337069,0.045038144333947,0.000420926259771633,DD
Leg fat mass (left) || id:ukb-b-7212,Depression || id:finn-b-F5_DEPRESSIO,ukb-b-7212,finn-b-F5_DEPRESSIO,,rs115774037,0.160385974308475,0.0450034419899159,0.000365440682292321,DD
Leg fat mass (left) || id:ukb-b-7212,Depression || id:finn-b-F5_DEPRESSIO,ukb-b-7212,finn-b-F5_DEPRESSIO,,rs11603042,0.159122530064184,0.0450430958760163,0.000411380918323249,DD
Leg fat mass (left) || id:ukb-b-7212,Depression || id:finn-b-F5_DEPRESSIO,ukb-b-7212,finn-b-F5_DEPRESSIO,,rs11603984,0.157131160457721,0.045049326620097,0.000486684070347403,DD
Leg fat mass (left) || id:ukb-b-7212,Depression || id:finn-b-F5_DEPRESSIO,ukb-b-7212,finn-b-F5_DEPRESSIO,,rs11637960,0.159326435488649,0.0450404867245466,0.000404079776101598,DD
Leg fat mass (left) || id:ukb-b-7212,Depression || id:finn-b-F5_DEPRESSIO,ukb-b-7212,finn-b-F5_DEPRESSIO,,rs11656076,0.157407272722798,0.045028841083248,0.000472821817330646,DD
Leg fat mass (left) || id:ukb-b-7212,Depression || id:finn-b-F5_DEPRESSIO,ukb-b-7212,finn-b-F5_DEPRESSIO,,rs11656758,0.161744092909138,0.0449374679898799,0.000319056784887531,DD
Leg fat mass (left) || id:ukb-b-7212,Depression || id:finn-b-F5_DEPRESSIO,ukb-b-7212,finn-b-F5_DEPRESSIO,,rs11664848,0.1593532096659,0.045049539773508,0.000404258134925264,DD
Leg fat mass (left) || id:ukb-b-7212,Depression || id:finn-b-F5_DEPRESSIO,ukb-b-7212,finn-b-F5_DEPRESSIO,,rs1167311,0.158194377568391,0.0450955568500393,0.000451520507626385,DD
Leg fat mass (left) || id:ukb-b-7212,Depression || id:finn-b-F5_DEPRESSIO,ukb-b-7212,finn-b-F5_DEPRESSIO,,rs11691869,0.154897988857642,0.0450144969231079,0.000579420805080837,DD
Leg fat mass (left) || id:ukb-b-7212,Depression || id:finn-b-F5_DEPRESSIO,ukb-b-7212,finn-b-F5_DEPRESSIO,,rs117176448,0.16123178041966,0.044988638410622,0.000338588225689243,DD
Leg fat mass (left) || id:ukb-b-7212,Depression || id:finn-b-F5_DEPRESSIO,ukb-b-7212,finn-b-F5_DEPRESSIO,,rs117342986,0.157770943687258,0.0450157802306299,0.000456964251421513,DD
Leg fat mass (left) || id:ukb-b-7212,Depression || id:finn-b-F5_DEPRESSIO,ukb-b-7212,finn-b-F5_DEPRESSIO,,rs117435593,0.157949864729187,0.0449973414808681,0.000447762402018609,DD
Leg fat mass (left) || id:ukb-b-7212,Depression || id:finn-b-F5_DEPRESSIO,ukb-b-7212,finn-b-F5_DEPRESSIO,,rs11757278,0.15768508132267,0.0450479545601148,0.000464590634161041,DD
Leg fat mass (left) || id:ukb-b-7212,Depression || id:finn-b-F5_DEPRESSIO,ukb-b-7212,finn-b-F5_DEPRESSIO,,rs11773362,0.158002196058694,0.0450385245328963,0.000451223393133371,DD
Leg fat mass (left) || id:ukb-b-7212,Depression || id:finn-b-F5_DEPRESSIO,ukb-b-7212,finn-b-F5_DEPRESSIO,,rs1182199,0.155750609600707,0.0449576011602704,0.000531437820063061,DD
Leg fat mass (left) || id:ukb-b-7212,Depression || id:finn-b-F5_DEPRESSIO,ukb-b-7212,finn-b-F5_DEPRESSIO,,rs11841757,0.158580947376102,0.0450585805044344,0.000432459680126332,DD
Leg fat mass (left) || id:ukb-b-7212,Depression || id:finn-b-F5_DEPRESSIO,ukb-b-7212,finn-b-F5_DEPRESSIO,,rs11854132,0.158894268360337,0.0450637047913171,0.000421899509032956,DD
Leg fat mass (left) || id:ukb-b-7212,Depression || id:finn-b-F5_DEPRESSIO,ukb-b-7212,finn-b-F5_DEPRESSIO,,rs11914525,0.161225276441157,0.0450649032359136,0.000346731828748262,DD
Leg fat mass (left) || id:ukb-b-7212,Depression || id:finn-b-F5_DEPRESSIO,ukb-b-7212,finn-b-F5_DEPRESSIO,,rs11929078,0.160277517847841,0.0449827344337729,0.000366515366076948,DD
Leg fat mass (left) || id:ukb-b-7212,Depression || id:finn-b-F5_DEPRESSIO,ukb-b-7212,finn-b-F5_DEPRESSIO,,rs12031634,0.159008995878771,0.0450532480445971,0.000416570783299584,DD
Leg fat mass (left) || id:ukb-b-7212,Depression || id:finn-b-F5_DEPRESSIO,ukb-b-7212,finn-b-F5_DEPRESSIO,,rs12042959,0.157292735376749,0.0450280337872581,0.000477236849526646,DD
Leg fat mass (left) || id:ukb-b-7212,Depression || id:finn-b-F5_DEPRESSIO,ukb-b-7212,finn-b-F5_DEPRESSIO,,rs12053069,0.15829949448293,0.0450412464926078,0.000440507779205261,DD
Leg fat mass (left) || id:ukb-b-7212,Depression || id:finn-b-F5_DEPRESSIO,ukb-b-7212,finn-b-F5_DEPRESSIO,,rs12071132,0.161192878703845,0.0448978238105356,0.000330404239388817,DD
Leg fat mass (left) || id:ukb-b-7212,Depression || id:finn-b-F5_DEPRESSIO,ukb-b-7212,finn-b-F5_DEPRESSIO,,rs12072739,0.157322008667242,0.0450571500972704,0.000480118211805003,DD
Leg fat mass (left) || id:ukb-b-7212,Depression || id:finn-b-F5_DEPRESSIO,ukb-b-7212,finn-b-F5_DEPRESSIO,,rs12089815,0.158809997387198,0.0450442981706035,0.000422460180166937,DD
Leg fat mass (left) || id:ukb-b-7212,Depression || id:finn-b-F5_DEPRESSIO,ukb-b-7212,finn-b-F5_DEPRESSIO,,rs12139715,0.156833068184107,0.0449839400429963,0.000489525268855793,DD
Leg fat mass (left) || id:ukb-b-7212,Depression || id:finn-b-F5_DEPRESSIO,ukb-b-7212,finn-b-F5_DEPRESSIO,,rs12140153,0.156575458577257,0.0450564073401451,0.00051066559082152,DD
Leg fat mass (left) || id:ukb-b-7212,Depression || id:finn-b-F5_DEPRESSIO,ukb-b-7212,finn-b-F5_DEPRESSIO,,rs12144626,0.157944972373609,0.0450627998800498,0.000456612657506418,DD
Leg fat mass (left) || id:ukb-b-7212,Depression || id:finn-b-F5_DEPRESSIO,ukb-b-7212,finn-b-F5_DEPRESSIO,,rs12195911,0.158747284550568,0.0450453870324747,0.000424822888659318,DD
Leg fat mass (left) || id:ukb-b-7212,Depression || id:finn-b-F5_DEPRESSIO,ukb-b-7212,finn-b-F5_DEPRESSIO,,rs12259464,0.158398944965595,0.0450530091394732,0.000438373381832551,DD
Leg fat mass (left) || id:ukb-b-7212,Depression || id:finn-b-F5_DEPRESSIO,ukb-b-7212,finn-b-F5_DEPRESSIO,,rs1229984,0.158236973541511,0.0450180355652549,0.00043980627751955,DD
Leg fat mass (left) || id:ukb-b-7212,Depression || id:finn-b-F5_DEPRESSIO,ukb-b-7212,finn-b-F5_DEPRESSIO,,rs12302594,0.160020756680936,0.0450126814692742,0.000377957562698653,DD
Leg fat mass (left) || id:ukb-b-7212,Depression || id:finn-b-F5_DEPRESSIO,ukb-b-7212,finn-b-F5_DEPRESSIO,,rs12316080,0.157718674996427,0.0450435863054577,0.000462702574380257,DD
Leg fat mass (left) || id:ukb-b-7212,Depression || id:finn-b-F5_DEPRESSIO,ukb-b-7212,finn-b-F5_DEPRESSIO,,rs12364470,0.159670028611129,0.0450636079516568,0.000395281067526748,DD
Leg fat mass (left) || id:ukb-b-7212,Depression || id:finn-b-F5_DEPRESSIO,ukb-b-7212,finn-b-F5_DEPRESSIO,,rs12369705,0.15782518956084,0.0450286925718926,0.000456621677168437,DD
Leg fat mass (left) || id:ukb-b-7212,Depression || id:finn-b-F5_DEPRESSIO,ukb-b-7212,finn-b-F5_DEPRESSIO,,rs12427047,0.157184032954684,0.0450737836239024,0.000487995467517175,DD
Leg fat mass (left) || id:ukb-b-7212,Depression || id:finn-b-F5_DEPRESSIO,ukb-b-7212,finn-b-F5_DEPRESSIO,,rs12439200,0.157415869016304,0.045040802453621,0.000474130200600172,DD
Leg fat mass (left) || id:ukb-b-7212,Depression || id:finn-b-F5_DEPRESSIO,ukb-b-7212,finn-b-F5_DEPRESSIO,,rs12458983,0.158350669991006,0.045037216453345,0.000438107691280098,DD
Leg fat mass (left) || id:ukb-b-7212,Depression || id:finn-b-F5_DEPRESSIO,ukb-b-7212,finn-b-F5_DEPRESSIO,,rs12475388,0.156981616920955,0.0450165311533826,0.000488107430197164,DD
Leg fat mass (left) || id:ukb-b-7212,Depression || id:finn-b-F5_DEPRESSIO,ukb-b-7212,finn-b-F5_DEPRESSIO,,rs12477385,0.159132504672961,0.04506717376561,0.000413980839357925,DD
Leg fat mass (left) || id:ukb-b-7212,Depression || id:finn-b-F5_DEPRESSIO,ukb-b-7212,finn-b-F5_DEPRESSIO,,rs12479428,0.159339288709026,0.0450357849494802,0.000403079151779379,DD
Leg fat mass (left) || id:ukb-b-7212,Depression || id:finn-b-F5_DEPRESSIO,ukb-b-7212,finn-b-F5_DEPRESSIO,,rs12517187,0.160562811575214,0.0450175995510783,0.00036154967626198,DD
Leg fat mass (left) || id:ukb-b-7212,Depression || id:finn-b-F5_DEPRESSIO,ukb-b-7212,finn-b-F5_DEPRESSIO,,rs12531780,0.158026998172842,0.0450299863994626,0.00044916527019134,DD
Leg fat mass (left) || id:ukb-b-7212,Depression || id:finn-b-F5_DEPRESSIO,ukb-b-7212,finn-b-F5_DEPRESSIO,,rs12540060,0.158060390845764,0.0450359996898551,0.000448704591982954,DD
Leg fat mass (left) || id:ukb-b-7212,Depression || id:finn-b-F5_DEPRESSIO,ukb-b-7212,finn-b-F5_DEPRESSIO,,rs1263629,0.158401716541393,0.0450485643497622,0.000437699541174113,DD
Leg fat mass (left) || id:ukb-b-7212,Depression || id:finn-b-F5_DEPRESSIO,ukb-b-7212,finn-b-F5_DEPRESSIO,,rs1266876,0.159584454524129,0.0450544543810952,0.000397052780547445,DD
Leg fat mass (left) || id:ukb-b-7212,Depression || id:finn-b-F5_DEPRESSIO,ukb-b-7212,finn-b-F5_DEPRESSIO,,rs12679106,0.155779502509267,0.045065000518442,0.000546684004022166,DD
Leg fat mass (left) || id:ukb-b-7212,Depression || id:finn-b-F5_DEPRESSIO,ukb-b-7212,finn-b-F5_DEPRESSIO,,rs12680342,0.15987592602151,0.0450493033248297,0.000386829172960262,DD
Leg fat mass (left) || id:ukb-b-7212,Depression || id:finn-b-F5_DEPRESSIO,ukb-b-7212,finn-b-F5_DEPRESSIO,,rs12681205,0.157789764057834,0.0450322570270499,0.000458450142077127,DD
Leg fat mass (left) || id:ukb-b-7212,Depression || id:finn-b-F5_DEPRESSIO,ukb-b-7212,finn-b-F5_DEPRESSIO,,rs12681792,0.158623908809293,0.0450623713161289,0.000431389337130328,DD
Leg fat mass (left) || id:ukb-b-7212,Depression || id:finn-b-F5_DEPRESSIO,ukb-b-7212,finn-b-F5_DEPRESSIO,,rs12705982,0.158168030398645,0.0450489905498163,0.000446386205523731,DD
Leg fat mass (left) || id:ukb-b-7212,Depression || id:finn-b-F5_DEPRESSIO,ukb-b-7212,finn-b-F5_DEPRESSIO,,rs12784071,0.158411354238871,0.0450392785491521,0.000436154087091261,DD
Leg fat mass (left) || id:ukb-b-7212,Depression || id:finn-b-F5_DEPRESSIO,ukb-b-7212,finn-b-F5_DEPRESSIO,,rs1286058,0.156223601273549,0.0448928975429332,0.00050156731105374,DD
Leg fat mass (left) || id:ukb-b-7212,Depression || id:finn-b-F5_DEPRESSIO,ukb-b-7212,finn-b-F5_DEPRESSIO,,rs12877270,0.158934132900895,0.0450597945201753,0.000420006655074501,DD
Leg fat mass (left) || id:ukb-b-7212,Depression || id:finn-b-F5_DEPRESSIO,ukb-b-7212,finn-b-F5_DEPRESSIO,,rs12878084,0.1608964282303,0.0449489784606398,0.000344206539372365,DD
Leg fat mass (left) || id:ukb-b-7212,Depression || id:finn-b-F5_DEPRESSIO,ukb-b-7212,finn-b-F5_DEPRESSIO,,rs12881629,0.158910983269948,0.0450607614919251,0.000420942692976115,DD
Leg fat mass (left) || id:ukb-b-7212,Depression || id:finn-b-F5_DEPRESSIO,ukb-b-7212,finn-b-F5_DEPRESSIO,,rs12885458,0.155632638152121,0.0449860354835018,0.000541025258628168,DD
Leg fat mass (left) || id:ukb-b-7212,Depression || id:finn-b-F5_DEPRESSIO,ukb-b-7212,finn-b-F5_DEPRESSIO,,rs12890931,0.158907741772461,0.0450656686919004,0.000421668073638111,DD
Leg fat mass (left) || id:ukb-b-7212,Depression || id:finn-b-F5_DEPRESSIO,ukb-b-7212,finn-b-F5_DEPRESSIO,,rs12921077,0.157654170836102,0.0450311836215293,0.000463515960554377,DD
Leg fat mass (left) || id:ukb-b-7212,Depression || id:finn-b-F5_DEPRESSIO,ukb-b-7212,finn-b-F5_DEPRESSIO,,rs12926250,0.158481541415331,0.0450393183235435,0.000433605399337089,DD
Leg fat mass (left) || id:ukb-b-7212,Depression || id:finn-b-F5_DEPRESSIO,ukb-b-7212,finn-b-F5_DEPRESSIO,,rs12960971,0.159311674006866,0.0450566975443986,0.000406535423713155,DD
Leg fat mass (left) || id:ukb-b-7212,Depression || id:finn-b-F5_DEPRESSIO,ukb-b-7212,finn-b-F5_DEPRESSIO,,rs1296328,0.154561900074571,0.0449618112727552,0.000586837206517613,DD
Leg fat mass (left) || id:ukb-b-7212,Depression || id:finn-b-F5_DEPRESSIO,ukb-b-7212,finn-b-F5_DEPRESSIO,,rs12986231,0.157650351561085,0.0450549706379667,0.000466889610171345,DD
Leg fat mass (left) || id:ukb-b-7212,Depression || id:finn-b-F5_DEPRESSIO,ukb-b-7212,finn-b-F5_DEPRESSIO,,rs13033310,0.15769157194333,0.0450268355600484,0.000461487401622983,DD
Leg fat mass (left) || id:ukb-b-7212,Depression || id:finn-b-F5_DEPRESSIO,ukb-b-7212,finn-b-F5_DEPRESSIO,,rs13041173,0.160440849556302,0.0450183374775337,0.000365385306648312,DD
Leg fat mass (left) || id:ukb-b-7212,Depression || id:finn-b-F5_DEPRESSIO,ukb-b-7212,finn-b-F5_DEPRESSIO,,rs13043475,0.154539949047061,0.0450083596270796,0.000595659287695073,DD
Leg fat mass (left) || id:ukb-b-7212,Depression || id:finn-b-F5_DEPRESSIO,ukb-b-7212,finn-b-F5_DEPRESSIO,,rs13044335,0.161084371721004,0.0449833984209422,0.000342315967458018,DD
Leg fat mass (left) || id:ukb-b-7212,Depression || id:finn-b-F5_DEPRESSIO,ukb-b-7212,finn-b-F5_DEPRESSIO,,rs13065044,0.159299652776225,0.0450513347131568,0.000406298416871048,DD
Leg fat mass (left) || id:ukb-b-7212,Depression || id:finn-b-F5_DEPRESSIO,ukb-b-7212,finn-b-F5_DEPRESSIO,,rs13097918,0.15624522266016,0.0449701779650036,0.00051196167567187,DD
Leg fat mass (left) || id:ukb-b-7212,Depression || id:finn-b-F5_DEPRESSIO,ukb-b-7212,finn-b-F5_DEPRESSIO,,rs13107325,0.158569863790073,0.0450412162908679,0.000430652438454335,DD
Leg fat mass (left) || id:ukb-b-7212,Depression || id:finn-b-F5_DEPRESSIO,ukb-b-7212,finn-b-F5_DEPRESSIO,,rs13172524,0.158959732230552,0.0450466655126174,0.000417481442510885,DD
Leg fat mass (left) || id:ukb-b-7212,Depression || id:finn-b-F5_DEPRESSIO,ukb-b-7212,finn-b-F5_DEPRESSIO,,rs13172600,0.158614066980074,0.0450455960044245,0.000429615934632499,DD
Leg fat mass (left) || id:ukb-b-7212,Depression || id:finn-b-F5_DEPRESSIO,ukb-b-7212,finn-b-F5_DEPRESSIO,,rs13204214,0.158566506384204,0.0450478838547108,0.000431620658147822,DD
Leg fat mass (left) || id:ukb-b-7212,Depression || id:finn-b-F5_DEPRESSIO,ukb-b-7212,finn-b-F5_DEPRESSIO,,rs13218383,0.157470388735621,0.0450479050217225,0.000472960511982502,DD
Leg fat mass (left) || id:ukb-b-7212,Depression || id:finn-b-F5_DEPRESSIO,ukb-b-7212,finn-b-F5_DEPRESSIO,,rs1327259,0.158346307773534,0.0450580909532403,0.000440963969429913,DD
Leg fat mass (left) || id:ukb-b-7212,Depression || id:finn-b-F5_DEPRESSIO,ukb-b-7212,finn-b-F5_DEPRESSIO,,rs13292699,0.160936250888891,0.0451067397995707,0.000359856400431622,DD
Leg fat mass (left) || id:ukb-b-7212,Depression || id:finn-b-F5_DEPRESSIO,ukb-b-7212,finn-b-F5_DEPRESSIO,,rs1330199,0.159938861743379,0.045031367604562,0.000382720190151438,DD
Leg fat mass (left) || id:ukb-b-7212,Depression || id:finn-b-F5_DEPRESSIO,ukb-b-7212,finn-b-F5_DEPRESSIO,,rs13333747,0.156771658198368,0.0450487126521053,0.000501324959875394,DD
Leg fat mass (left) || id:ukb-b-7212,Depression || id:finn-b-F5_DEPRESSIO,ukb-b-7212,finn-b-F5_DEPRESSIO,,rs13389219,0.157612333758201,0.0450473995481938,0.000467337849565798,DD
Leg fat mass (left) || id:ukb-b-7212,Depression || id:finn-b-F5_DEPRESSIO,ukb-b-7212,finn-b-F5_DEPRESSIO,,rs13410783,0.160301582543228,0.0450562933314378,0.000373964332735775,DD
Leg fat mass (left) || id:ukb-b-7212,Depression || id:finn-b-F5_DEPRESSIO,ukb-b-7212,finn-b-F5_DEPRESSIO,,rs13427822,0.156845910301267,0.045035994910428,0.000496423361475605,DD
Leg fat mass (left) || id:ukb-b-7212,Depression || id:finn-b-F5_DEPRESSIO,ukb-b-7212,finn-b-F5_DEPRESSIO,,rs1360201,0.156106948327019,0.0449396484430367,0.000513330735926751,DD
Leg fat mass (left) || id:ukb-b-7212,Depression || id:finn-b-F5_DEPRESSIO,ukb-b-7212,finn-b-F5_DEPRESSIO,,rs1383723,0.158526858402465,0.0450495517318897,0.000433267839416278,DD
Leg fat mass (left) || id:ukb-b-7212,Depression || id:finn-b-F5_DEPRESSIO,ukb-b-7212,finn-b-F5_DEPRESSIO,,rs140733155,0.155103285470932,0.044993055710969,0.000566278881173925,DD
Leg fat mass (left) || id:ukb-b-7212,Depression || id:finn-b-F5_DEPRESSIO,ukb-b-7212,finn-b-F5_DEPRESSIO,,rs143121872,0.160134614929799,0.0449755813392643,0.000370178851743902,DD
Leg fat mass (left) || id:ukb-b-7212,Depression || id:finn-b-F5_DEPRESSIO,ukb-b-7212,finn-b-F5_DEPRESSIO,,rs1436348,0.15453984845337,0.0449139671752201,0.000580003267906127,DD
Leg fat mass (left) || id:ukb-b-7212,Depression || id:finn-b-F5_DEPRESSIO,ukb-b-7212,finn-b-F5_DEPRESSIO,,rs1441264,0.155812849836583,0.0450051014039758,0.000535947513682142,DD
Leg fat mass (left) || id:ukb-b-7212,Depression || id:finn-b-F5_DEPRESSIO,ukb-b-7212,finn-b-F5_DEPRESSIO,,rs1446585,0.156513991233614,0.0450241135842078,0.000508523687799687,DD
Leg fat mass (left) || id:ukb-b-7212,Depression || id:finn-b-F5_DEPRESSIO,ukb-b-7212,finn-b-F5_DEPRESSIO,,rs1452385,0.160146289371478,0.0450001767682459,0.000372563790900027,DD
Leg fat mass (left) || id:ukb-b-7212,Depression || id:finn-b-F5_DEPRESSIO,ukb-b-7212,finn-b-F5_DEPRESSIO,,rs1471093,0.15882864650345,0.0450618544545681,0.000423993601711818,DD
Leg fat mass (left) || id:ukb-b-7212,Depression || id:finn-b-F5_DEPRESSIO,ukb-b-7212,finn-b-F5_DEPRESSIO,,rs1476365,0.158764863059837,0.0450501063308719,0.000424789188005702,DD
Leg fat mass (left) || id:ukb-b-7212,Depression || id:finn-b-F5_DEPRESSIO,ukb-b-7212,finn-b-F5_DEPRESSIO,,rs1477290,0.158802221500065,0.0451151282489508,0.000431656083830831,DD
Leg fat mass (left) || id:ukb-b-7212,Depression || id:finn-b-F5_DEPRESSIO,ukb-b-7212,finn-b-F5_DEPRESSIO,,rs147730268,0.160779620311287,0.0451050327330425,0.000364466309659029,DD
Leg fat mass (left) || id:ukb-b-7212,Depression || id:finn-b-F5_DEPRESSIO,ukb-b-7212,finn-b-F5_DEPRESSIO,,rs1480474,0.160630085129888,0.044986324791488,0.000356106598583348,DD
Leg fat mass (left) || id:ukb-b-7212,Depression || id:finn-b-F5_DEPRESSIO,ukb-b-7212,finn-b-F5_DEPRESSIO,,rs1481012,0.159490173625228,0.0450299773418262,0.000397306317275176,DD
Leg fat mass (left) || id:ukb-b-7212,Depression || id:finn-b-F5_DEPRESSIO,ukb-b-7212,finn-b-F5_DEPRESSIO,,rs148259564,0.160138551634517,0.0450208140833057,0.00037512950354514,DD
Leg fat mass (left) || id:ukb-b-7212,Depression || id:finn-b-F5_DEPRESSIO,ukb-b-7212,finn-b-F5_DEPRESSIO,,rs148636479,0.159430752012578,0.0450130786514545,0.000397291886315219,DD
Leg fat mass (left) || id:ukb-b-7212,Depression || id:finn-b-F5_DEPRESSIO,ukb-b-7212,finn-b-F5_DEPRESSIO,,rs149990157,0.158556597175738,0.0450554766590542,0.000432945746497886,DD
Leg fat mass (left) || id:ukb-b-7212,Depression || id:finn-b-F5_DEPRESSIO,ukb-b-7212,finn-b-F5_DEPRESSIO,,rs1502317,0.156794672469536,0.0450555513350781,0.000501357549576171,DD
Leg fat mass (left) || id:ukb-b-7212,Depression || id:finn-b-F5_DEPRESSIO,ukb-b-7212,finn-b-F5_DEPRESSIO,,rs1503526,0.161736827051539,0.0449858570145673,0.000324040791395014,DD
Leg fat mass (left) || id:ukb-b-7212,Depression || id:finn-b-F5_DEPRESSIO,ukb-b-7212,finn-b-F5_DEPRESSIO,,rs150379976,0.157219917028152,0.0449778812437298,0.00047318497275217,DD
Leg fat mass (left) || id:ukb-b-7212,Depression || id:finn-b-F5_DEPRESSIO,ukb-b-7212,finn-b-F5_DEPRESSIO,,rs1505112,0.158126371183227,0.0450381553166762,0.00044652106144245,DD
Leg fat mass (left) || id:ukb-b-7212,Depression || id:finn-b-F5_DEPRESSIO,ukb-b-7212,finn-b-F5_DEPRESSIO,,rs1510593,0.159141125690241,0.0450449287154697,0.000410962443203776,DD
Leg fat mass (left) || id:ukb-b-7212,Depression || id:finn-b-F5_DEPRESSIO,ukb-b-7212,finn-b-F5_DEPRESSIO,,rs1512065,0.155350920716119,0.0448698719418985,0.000535670155231295,DD
Leg fat mass (left) || id:ukb-b-7212,Depression || id:finn-b-F5_DEPRESSIO,ukb-b-7212,finn-b-F5_DEPRESSIO,,rs1524271,0.157704559655393,0.045028465465201,0.000461207451318971,DD
Leg fat mass (left) || id:ukb-b-7212,Depression || id:finn-b-F5_DEPRESSIO,ukb-b-7212,finn-b-F5_DEPRESSIO,,rs1532460,0.160741909940242,0.0449752743325995,0.000351560579931084,DD
Leg fat mass (left) || id:ukb-b-7212,Depression || id:finn-b-F5_DEPRESSIO,ukb-b-7212,finn-b-F5_DEPRESSIO,,rs154602,0.15972543231085,0.0450224866025942,0.000388638220802198,DD
Leg fat mass (left) || id:ukb-b-7212,Depression || id:finn-b-F5_DEPRESSIO,ukb-b-7212,finn-b-F5_DEPRESSIO,,rs1554654,0.157697655382723,0.045062146938599,0.000466027934643001,DD
Leg fat mass (left) || id:ukb-b-7212,Depression || id:finn-b-F5_DEPRESSIO,ukb-b-7212,finn-b-F5_DEPRESSIO,,rs1568489,0.159693214035245,0.0450724773841221,0.000395555222544036,DD
Leg fat mass (left) || id:ukb-b-7212,Depression || id:finn-b-F5_DEPRESSIO,ukb-b-7212,finn-b-F5_DEPRESSIO,,rs156914,0.159390820734737,0.0450351465905461,0.000401259629631483,DD
Leg fat mass (left) || id:ukb-b-7212,Depression || id:finn-b-F5_DEPRESSIO,ukb-b-7212,finn-b-F5_DEPRESSIO,,rs1619442,0.159735455380974,0.0450330393091915,0.000389537376473122,DD
Leg fat mass (left) || id:ukb-b-7212,Depression || id:finn-b-F5_DEPRESSIO,ukb-b-7212,finn-b-F5_DEPRESSIO,,rs1658820,0.158343253015278,0.0450458775944556,0.00043949698192799,DD
Leg fat mass (left) || id:ukb-b-7212,Depression || id:finn-b-F5_DEPRESSIO,ukb-b-7212,finn-b-F5_DEPRESSIO,,rs16868443,0.160696283139799,0.0449589153338734,0.000351177097765043,DD
Leg fat mass (left) || id:ukb-b-7212,Depression || id:finn-b-F5_DEPRESSIO,ukb-b-7212,finn-b-F5_DEPRESSIO,,rs16916303,0.158376270609082,0.0450550926300234,0.000439474012872428,DD
Leg fat mass (left) || id:ukb-b-7212,Depression || id:finn-b-F5_DEPRESSIO,ukb-b-7212,finn-b-F5_DEPRESSIO,,rs16939574,0.158239939036503,0.0450357220921434,0.000441988347923753,DD
Leg fat mass (left) || id:ukb-b-7212,Depression || id:finn-b-F5_DEPRESSIO,ukb-b-7212,finn-b-F5_DEPRESSIO,,rs17024393,0.15500826863986,0.0451485530066941,0.00059629452281433,DD
Leg fat mass (left) || id:ukb-b-7212,Depression || id:finn-b-F5_DEPRESSIO,ukb-b-7212,finn-b-F5_DEPRESSIO,,rs17115183,0.158657432387505,0.0450590078786863,0.000429754766766483,DD
Leg fat mass (left) || id:ukb-b-7212,Depression || id:finn-b-F5_DEPRESSIO,ukb-b-7212,finn-b-F5_DEPRESSIO,,rs17129181,0.155161004286746,0.0447138152557828,0.000520282216144927,DD
Leg fat mass (left) || id:ukb-b-7212,Depression || id:finn-b-F5_DEPRESSIO,ukb-b-7212,finn-b-F5_DEPRESSIO,,rs17193211,0.159239087611137,0.0450512189111566,0.00040835688045795,DD
Leg fat mass (left) || id:ukb-b-7212,Depression || id:finn-b-F5_DEPRESSIO,ukb-b-7212,finn-b-F5_DEPRESSIO,,rs1726254,0.158110624317468,0.0450345488747505,0.000446636133206469,DD
Leg fat mass (left) || id:ukb-b-7212,Depression || id:finn-b-F5_DEPRESSIO,ukb-b-7212,finn-b-F5_DEPRESSIO,,rs1730851,0.155060473280324,0.044883943538985,0.000550909382819515,DD
Leg fat mass (left) || id:ukb-b-7212,Depression || id:finn-b-F5_DEPRESSIO,ukb-b-7212,finn-b-F5_DEPRESSIO,,rs17311369,0.159984511467213,0.0450070884573599,0.000378480488517732,DD
Leg fat mass (left) || id:ukb-b-7212,Depression || id:finn-b-F5_DEPRESSIO,ukb-b-7212,finn-b-F5_DEPRESSIO,,rs173942,0.159835288330487,0.045020188327443,0.000384788694172554,DD
Leg fat mass (left) || id:ukb-b-7212,Depression || id:finn-b-F5_DEPRESSIO,ukb-b-7212,finn-b-F5_DEPRESSIO,,rs17399739,0.160298923598888,0.0450427316982998,0.000372526319969569,DD
Leg fat mass (left) || id:ukb-b-7212,Depression || id:finn-b-F5_DEPRESSIO,ukb-b-7212,finn-b-F5_DEPRESSIO,,rs17432805,0.158884572559147,0.045045064626239,0.000419922327807931,DD
Leg fat mass (left) || id:ukb-b-7212,Depression || id:finn-b-F5_DEPRESSIO,ukb-b-7212,finn-b-F5_DEPRESSIO,,rs17639996,0.159896046623014,0.0450814337434675,0.000389900527768332,DD
Leg fat mass (left) || id:ukb-b-7212,Depression || id:finn-b-F5_DEPRESSIO,ukb-b-7212,finn-b-F5_DEPRESSIO,,rs17744603,0.161060376469146,0.0449731619638284,0.000341947258598575,DD
Leg fat mass (left) || id:ukb-b-7212,Depression || id:finn-b-F5_DEPRESSIO,ukb-b-7212,finn-b-F5_DEPRESSIO,,rs17770336,0.16107976624904,0.0450977172690504,0.000354543936288712,DD
Leg fat mass (left) || id:ukb-b-7212,Depression || id:finn-b-F5_DEPRESSIO,ukb-b-7212,finn-b-F5_DEPRESSIO,,rs1778830,0.155974269053016,0.0449291627374136,0.000517444333451112,DD
Leg fat mass (left) || id:ukb-b-7212,Depression || id:finn-b-F5_DEPRESSIO,ukb-b-7212,finn-b-F5_DEPRESSIO,,rs1782508,0.158129856338046,0.0450613625223207,0.000449437175166174,DD
Leg fat mass (left) || id:ukb-b-7212,Depression || id:finn-b-F5_DEPRESSIO,ukb-b-7212,finn-b-F5_DEPRESSIO,,rs17879604,0.158480697126185,0.0450444407710941,0.00043429049700649,DD
Leg fat mass (left) || id:ukb-b-7212,Depression || id:finn-b-F5_DEPRESSIO,ukb-b-7212,finn-b-F5_DEPRESSIO,,rs1801282,0.157895473814837,0.0451216518217672,0.000466431873791413,DD
Leg fat mass (left) || id:ukb-b-7212,Depression || id:finn-b-F5_DEPRESSIO,ukb-b-7212,finn-b-F5_DEPRESSIO,,rs1814592,0.157212795146249,0.0450378416821949,0.000481788860843709,DD
Leg fat mass (left) || id:ukb-b-7212,Depression || id:finn-b-F5_DEPRESSIO,ukb-b-7212,finn-b-F5_DEPRESSIO,,rs1818917,0.16013460321483,0.0450034194703252,0.000373296450255659,DD
Leg fat mass (left) || id:ukb-b-7212,Depression || id:finn-b-F5_DEPRESSIO,ukb-b-7212,finn-b-F5_DEPRESSIO,,rs1854225,0.158803711555157,0.0450459734643069,0.000422892103672111,DD
Leg fat mass (left) || id:ukb-b-7212,Depression || id:finn-b-F5_DEPRESSIO,ukb-b-7212,finn-b-F5_DEPRESSIO,,rs1861410,0.158844228640026,0.0450997060215766,0.000428194392437567,DD
Leg fat mass (left) || id:ukb-b-7212,Depression || id:finn-b-F5_DEPRESSIO,ukb-b-7212,finn-b-F5_DEPRESSIO,,rs1865341,0.15927128726594,0.0450458684545958,0.000406607071691478,DD
Leg fat mass (left) || id:ukb-b-7212,Depression || id:finn-b-F5_DEPRESSIO,ukb-b-7212,finn-b-F5_DEPRESSIO,,rs1881505,0.15865814924431,0.0450394120675891,0.000427252886166177,DD
Leg fat mass (left) || id:ukb-b-7212,Depression || id:finn-b-F5_DEPRESSIO,ukb-b-7212,finn-b-F5_DEPRESSIO,,rs190363243,0.161174969680334,0.044990629627782,0.000340436366767203,DD
Leg fat mass (left) || id:ukb-b-7212,Depression || id:finn-b-F5_DEPRESSIO,ukb-b-7212,finn-b-F5_DEPRESSIO,,rs1941681,0.157556964352403,0.0450193902241728,0.00046568097693593,DD
Leg fat mass (left) || id:ukb-b-7212,Depression || id:finn-b-F5_DEPRESSIO,ukb-b-7212,finn-b-F5_DEPRESSIO,,rs1945160,0.159809288465365,0.0450398410273466,0.00038790874247182,DD
Leg fat mass (left) || id:ukb-b-7212,Depression || id:finn-b-F5_DEPRESSIO,ukb-b-7212,finn-b-F5_DEPRESSIO,,rs1956459,0.157148814529256,0.0449904418089041,0.000477737784823423,DD
Leg fat mass (left) || id:ukb-b-7212,Depression || id:finn-b-F5_DEPRESSIO,ukb-b-7212,finn-b-F5_DEPRESSIO,,rs1960268,0.159033006221241,0.0450406975708223,0.000414189758016926,DD
Leg fat mass (left) || id:ukb-b-7212,Depression || id:finn-b-F5_DEPRESSIO,ukb-b-7212,finn-b-F5_DEPRESSIO,,rs2024608,0.159077432861661,0.0450443825131271,0.00041309902011857,DD
Leg fat mass (left) || id:ukb-b-7212,Depression || id:finn-b-F5_DEPRESSIO,ukb-b-7212,finn-b-F5_DEPRESSIO,,rs2051559,0.156099246911433,0.0449331877770274,0.000512703512094762,DD
Leg fat mass (left) || id:ukb-b-7212,Depression || id:finn-b-F5_DEPRESSIO,ukb-b-7212,finn-b-F5_DEPRESSIO,,rs2058527,0.159883698180909,0.0450190891989228,0.000383093633445961,DD
Leg fat mass (left) || id:ukb-b-7212,Depression || id:finn-b-F5_DEPRESSIO,ukb-b-7212,finn-b-F5_DEPRESSIO,,rs2066598,0.156509119833893,0.0449541831086508,0.000498566928540866,DD
Leg fat mass (left) || id:ukb-b-7212,Depression || id:finn-b-F5_DEPRESSIO,ukb-b-7212,finn-b-F5_DEPRESSIO,,rs2076586,0.159691016630007,0.0450330778247931,0.000391003529926223,DD
Leg fat mass (left) || id:ukb-b-7212,Depression || id:finn-b-F5_DEPRESSIO,ukb-b-7212,finn-b-F5_DEPRESSIO,,rs2081880,0.158357006007186,0.0450457456621475,0.000438974939457979,DD
Leg fat mass (left) || id:ukb-b-7212,Depression || id:finn-b-F5_DEPRESSIO,ukb-b-7212,finn-b-F5_DEPRESSIO,,rs2095484,0.15879079320313,0.0450532226499384,0.000424257578818046,DD
Leg fat mass (left) || id:ukb-b-7212,Depression || id:finn-b-F5_DEPRESSIO,ukb-b-7212,finn-b-F5_DEPRESSIO,,rs2106373,0.160816354202756,0.0449554358095063,0.00034724218386153,DD
Leg fat mass (left) || id:ukb-b-7212,Depression || id:finn-b-F5_DEPRESSIO,ukb-b-7212,finn-b-F5_DEPRESSIO,,rs2120450,0.158254646803374,0.0450477255169982,0.000443003924864892,DD
Leg fat mass (left) || id:ukb-b-7212,Depression || id:finn-b-F5_DEPRESSIO,ukb-b-7212,finn-b-F5_DEPRESSIO,,rs2133561,0.157266064436528,0.0450462320114145,0.000480829809584601,DD
Leg fat mass (left) || id:ukb-b-7212,Depression || id:finn-b-F5_DEPRESSIO,ukb-b-7212,finn-b-F5_DEPRESSIO,,rs2143175,0.160487038442604,0.0450234650081951,0.000364522751339933,DD
Leg fat mass (left) || id:ukb-b-7212,Depression || id:finn-b-F5_DEPRESSIO,ukb-b-7212,finn-b-F5_DEPRESSIO,,rs2151447,0.158552094518839,0.0450515141596064,0.000432603843576449,DD
Leg fat mass (left) || id:ukb-b-7212,Depression || id:finn-b-F5_DEPRESSIO,ukb-b-7212,finn-b-F5_DEPRESSIO,,rs2153733,0.158894868427433,0.0450471692716766,0.000419821207757764,DD
Leg fat mass (left) || id:ukb-b-7212,Depression || id:finn-b-F5_DEPRESSIO,ukb-b-7212,finn-b-F5_DEPRESSIO,,rs215669,0.156736328722339,0.0450350868499488,0.000500822890704148,DD
Leg fat mass (left) || id:ukb-b-7212,Depression || id:finn-b-F5_DEPRESSIO,ukb-b-7212,finn-b-F5_DEPRESSIO,,rs2172131,0.158442112166768,0.0450758726605809,0.000439738568004898,DD
Leg fat mass (left) || id:ukb-b-7212,Depression || id:finn-b-F5_DEPRESSIO,ukb-b-7212,finn-b-F5_DEPRESSIO,,rs2204563,0.158071725646593,0.0450286722697594,0.00044731817509802,DD
Leg fat mass (left) || id:ukb-b-7212,Depression || id:finn-b-F5_DEPRESSIO,ukb-b-7212,finn-b-F5_DEPRESSIO,,rs2216931,0.158342724320451,0.0450753402441495,0.000443334516341014,DD
Leg fat mass (left) || id:ukb-b-7212,Depression || id:finn-b-F5_DEPRESSIO,ukb-b-7212,finn-b-F5_DEPRESSIO,,rs2233598,0.158807093310397,0.0450442411803014,0.000422555909743843,DD
Leg fat mass (left) || id:ukb-b-7212,Depression || id:finn-b-F5_DEPRESSIO,ukb-b-7212,finn-b-F5_DEPRESSIO,,rs2242189,0.158136578552911,0.0450470251113453,0.000447302270538198,DD
Leg fat mass (left) || id:ukb-b-7212,Depression || id:finn-b-F5_DEPRESSIO,ukb-b-7212,finn-b-F5_DEPRESSIO,,rs2249825,0.159391186916432,0.0450541311429888,0.00040352025684664,DD
Leg fat mass (left) || id:ukb-b-7212,Depression || id:finn-b-F5_DEPRESSIO,ukb-b-7212,finn-b-F5_DEPRESSIO,,rs2254992,0.157379303847119,0.0449865202470567,0.00046811860737509,DD
Leg fat mass (left) || id:ukb-b-7212,Depression || id:finn-b-F5_DEPRESSIO,ukb-b-7212,finn-b-F5_DEPRESSIO,,rs2268330,0.159373256658888,0.0450431591413862,0.000402812249699816,DD
Leg fat mass (left) || id:ukb-b-7212,Depression || id:finn-b-F5_DEPRESSIO,ukb-b-7212,finn-b-F5_DEPRESSIO,,rs2269487,0.159010154324948,0.0450460007970263,0.000415637377889406,DD
Leg fat mass (left) || id:ukb-b-7212,Depression || id:finn-b-F5_DEPRESSIO,ukb-b-7212,finn-b-F5_DEPRESSIO,,rs2275444,0.15850854651358,0.0450468037708115,0.000433581245850756,DD
Leg fat mass (left) || id:ukb-b-7212,Depression || id:finn-b-F5_DEPRESSIO,ukb-b-7212,finn-b-F5_DEPRESSIO,,rs2276190,0.16046393741907,0.0450307479822024,0.000366039745062293,DD
Leg fat mass (left) || id:ukb-b-7212,Depression || id:finn-b-F5_DEPRESSIO,ukb-b-7212,finn-b-F5_DEPRESSIO,,rs2289286,0.158701547790622,0.0450508515893398,0.000427141942118733,DD
Leg fat mass (left) || id:ukb-b-7212,Depression || id:finn-b-F5_DEPRESSIO,ukb-b-7212,finn-b-F5_DEPRESSIO,,rs2289379,0.162879379297552,0.044917894696177,0.000287669475990328,DD
Leg fat mass (left) || id:ukb-b-7212,Depression || id:finn-b-F5_DEPRESSIO,ukb-b-7212,finn-b-F5_DEPRESSIO,,rs2291127,0.1601293496831,0.0450116052716695,0.000374383250570763,DD
Leg fat mass (left) || id:ukb-b-7212,Depression || id:finn-b-F5_DEPRESSIO,ukb-b-7212,finn-b-F5_DEPRESSIO,,rs2292238,0.160624608277225,0.0450203118521335,0.000359956339784726,DD
Leg fat mass (left) || id:ukb-b-7212,Depression || id:finn-b-F5_DEPRESSIO,ukb-b-7212,finn-b-F5_DEPRESSIO,,rs2298777,0.159294638594735,0.0450372671755887,0.000404773686735428,DD
Leg fat mass (left) || id:ukb-b-7212,Depression || id:finn-b-F5_DEPRESSIO,ukb-b-7212,finn-b-F5_DEPRESSIO,,rs2307111,0.160331104122446,0.0451710076468647,0.000386073414793891,DD
Leg fat mass (left) || id:ukb-b-7212,Depression || id:finn-b-F5_DEPRESSIO,ukb-b-7212,finn-b-F5_DEPRESSIO,,rs2312193,0.161208322016785,0.0450606589726654,0.000346783924805631,DD
Leg fat mass (left) || id:ukb-b-7212,Depression || id:finn-b-F5_DEPRESSIO,ukb-b-7212,finn-b-F5_DEPRESSIO,,rs2370153,0.160478606923829,0.0449917919769216,0.00036130937036029,DD
Leg fat mass (left) || id:ukb-b-7212,Depression || id:finn-b-F5_DEPRESSIO,ukb-b-7212,finn-b-F5_DEPRESSIO,,rs2381404,0.159463963587077,0.0450410602956273,0.00039950105100598,DD
Leg fat mass (left) || id:ukb-b-7212,Depression || id:finn-b-F5_DEPRESSIO,ukb-b-7212,finn-b-F5_DEPRESSIO,,rs2433733,0.163546243739196,0.044910827840855,0.000270972909811895,DD
Leg fat mass (left) || id:ukb-b-7212,Depression || id:finn-b-F5_DEPRESSIO,ukb-b-7212,finn-b-F5_DEPRESSIO,,rs245767,0.159433693804062,0.0450736409002309,0.000404420108833628,DD
Leg fat mass (left) || id:ukb-b-7212,Depression || id:finn-b-F5_DEPRESSIO,ukb-b-7212,finn-b-F5_DEPRESSIO,,rs2458764,0.160664108448024,0.0450021064056899,0.000356781763288059,DD
Leg fat mass (left) || id:ukb-b-7212,Depression || id:finn-b-F5_DEPRESSIO,ukb-b-7212,finn-b-F5_DEPRESSIO,,rs2472643,0.162324312536306,0.0448081143992255,0.000291595306676468,DD
Leg fat mass (left) || id:ukb-b-7212,Depression || id:finn-b-F5_DEPRESSIO,ukb-b-7212,finn-b-F5_DEPRESSIO,,rs2494196,0.15785892119487,0.0450738983105914,0.000461390278426002,DD
Leg fat mass (left) || id:ukb-b-7212,Depression || id:finn-b-F5_DEPRESSIO,ukb-b-7212,finn-b-F5_DEPRESSIO,,rs2507909,0.1554569161526,0.0448864446782096,0.00053351834163717,DD
Leg fat mass (left) || id:ukb-b-7212,Depression || id:finn-b-F5_DEPRESSIO,ukb-b-7212,finn-b-F5_DEPRESSIO,,rs2508782,0.156565332710363,0.0449260481720003,0.000492216681255968,DD
Leg fat mass (left) || id:ukb-b-7212,Depression || id:finn-b-F5_DEPRESSIO,ukb-b-7212,finn-b-F5_DEPRESSIO,,rs252749,0.156560467782582,0.0449906234194014,0.000501700960565364,DD
Leg fat mass (left) || id:ukb-b-7212,Depression || id:finn-b-F5_DEPRESSIO,ukb-b-7212,finn-b-F5_DEPRESSIO,,rs2568958,0.154023860004047,0.0450267876528693,0.000624564805754791,DD
Leg fat mass (left) || id:ukb-b-7212,Depression || id:finn-b-F5_DEPRESSIO,ukb-b-7212,finn-b-F5_DEPRESSIO,,rs2572235,0.160078432769585,0.0450031548859049,0.00037504404045531,DD
Leg fat mass (left) || id:ukb-b-7212,Depression || id:finn-b-F5_DEPRESSIO,ukb-b-7212,finn-b-F5_DEPRESSIO,,rs2601062,0.158641212362612,0.0450517733439568,0.000429421992527663,DD
Leg fat mass (left) || id:ukb-b-7212,Depression || id:finn-b-F5_DEPRESSIO,ukb-b-7212,finn-b-F5_DEPRESSIO,,rs2606228,0.159694114865846,0.0450473884548915,0.000392575962010357,DD
Leg fat mass (left) || id:ukb-b-7212,Depression || id:finn-b-F5_DEPRESSIO,ukb-b-7212,finn-b-F5_DEPRESSIO,,rs2610245,0.157337014130329,0.0450272184803585,0.000475369677301193,DD
Leg fat mass (left) || id:ukb-b-7212,Depression || id:finn-b-F5_DEPRESSIO,ukb-b-7212,finn-b-F5_DEPRESSIO,,rs2645683,0.16048696840233,0.0449820226695962,0.000359987811996896,DD
Leg fat mass (left) || id:ukb-b-7212,Depression || id:finn-b-F5_DEPRESSIO,ukb-b-7212,finn-b-F5_DEPRESSIO,,rs264948,0.158361131171815,0.0450537505869357,0.00043985698977922,DD
Leg fat mass (left) || id:ukb-b-7212,Depression || id:finn-b-F5_DEPRESSIO,ukb-b-7212,finn-b-F5_DEPRESSIO,,rs2660241,0.160477624479137,0.0450391855865171,0.0003665474306321,DD
Leg fat mass (left) || id:ukb-b-7212,Depression || id:finn-b-F5_DEPRESSIO,ukb-b-7212,finn-b-F5_DEPRESSIO,,rs2678204,0.157018267163975,0.0450949501262384,0.000497780520765481,DD
Leg fat mass (left) || id:ukb-b-7212,Depression || id:finn-b-F5_DEPRESSIO,ukb-b-7212,finn-b-F5_DEPRESSIO,,rs269646,0.159819157195458,0.0450230859567391,0.000385647316964212,DD
Leg fat mass (left) || id:ukb-b-7212,Depression || id:finn-b-F5_DEPRESSIO,ukb-b-7212,finn-b-F5_DEPRESSIO,,rs2719774,0.159868366166446,0.0450231328451689,0.000384054822597599,DD
Leg fat mass (left) || id:ukb-b-7212,Depression || id:finn-b-F5_DEPRESSIO,ukb-b-7212,finn-b-F5_DEPRESSIO,,rs2733296,0.15993957966082,0.0450666058620098,0.000386755887141413,DD
Leg fat mass (left) || id:ukb-b-7212,Depression || id:finn-b-F5_DEPRESSIO,ukb-b-7212,finn-b-F5_DEPRESSIO,,rs2736084,0.159087004747473,0.0450471731236004,0.000413108845429838,DD
Leg fat mass (left) || id:ukb-b-7212,Depression || id:finn-b-F5_DEPRESSIO,ukb-b-7212,finn-b-F5_DEPRESSIO,,rs273735,0.158922116848965,0.0450444875398097,0.000418530822329483,DD
Leg fat mass (left) || id:ukb-b-7212,Depression || id:finn-b-F5_DEPRESSIO,ukb-b-7212,finn-b-F5_DEPRESSIO,,rs2744938,0.157186292955858,0.0452531826730879,0.000513744313171412,DD
Leg fat mass (left) || id:ukb-b-7212,Depression || id:finn-b-F5_DEPRESSIO,ukb-b-7212,finn-b-F5_DEPRESSIO,,rs2802295,0.156242804334569,0.0450810803751706,0.000528621659947441,DD
Leg fat mass (left) || id:ukb-b-7212,Depression || id:finn-b-F5_DEPRESSIO,ukb-b-7212,finn-b-F5_DEPRESSIO,,rs28350,0.15983920437242,0.0450600611929013,0.000389278211437363,DD
Leg fat mass (left) || id:ukb-b-7212,Depression || id:finn-b-F5_DEPRESSIO,ukb-b-7212,finn-b-F5_DEPRESSIO,,rs28366156,0.159475137217405,0.0450558282090315,0.000400884648886568,DD
Leg fat mass (left) || id:ukb-b-7212,Depression || id:finn-b-F5_DEPRESSIO,ukb-b-7212,finn-b-F5_DEPRESSIO,,rs2836961,0.160775303038772,0.0449806010397495,0.000351132082575279,DD
Leg fat mass (left) || id:ukb-b-7212,Depression || id:finn-b-F5_DEPRESSIO,ukb-b-7212,finn-b-F5_DEPRESSIO,,rs284532,0.157660003761343,0.0450321780398579,0.000463425148729192,DD
Leg fat mass (left) || id:ukb-b-7212,Depression || id:finn-b-F5_DEPRESSIO,ukb-b-7212,finn-b-F5_DEPRESSIO,,rs28457808,0.15771552292197,0.0450656465301372,0.00046580996720043,DD
Leg fat mass (left) || id:ukb-b-7212,Depression || id:finn-b-F5_DEPRESSIO,ukb-b-7212,finn-b-F5_DEPRESSIO,,rs2861685,0.159866212342777,0.0450690715102517,0.000389440666441928,DD
Leg fat mass (left) || id:ukb-b-7212,Depression || id:finn-b-F5_DEPRESSIO,ukb-b-7212,finn-b-F5_DEPRESSIO,,rs28678108,0.159747099590787,0.0450233564593167,0.000388029755055818,DD
Leg fat mass (left) || id:ukb-b-7212,Depression || id:finn-b-F5_DEPRESSIO,ukb-b-7212,finn-b-F5_DEPRESSIO,,rs28701630,0.159263465676235,0.0450405316045436,0.000406229711547984,DD
Leg fat mass (left) || id:ukb-b-7212,Depression || id:finn-b-F5_DEPRESSIO,ukb-b-7212,finn-b-F5_DEPRESSIO,,rs28711392,0.157118830300466,0.045050207087435,0.000487306718079745,DD
Leg fat mass (left) || id:ukb-b-7212,Depression || id:finn-b-F5_DEPRESSIO,ukb-b-7212,finn-b-F5_DEPRESSIO,,rs28828150,0.156603317299001,0.0449558828882714,0.000494923715364431,DD
Leg fat mass (left) || id:ukb-b-7212,Depression || id:finn-b-F5_DEPRESSIO,ukb-b-7212,finn-b-F5_DEPRESSIO,,rs2948829,0.158963161215734,0.0450456152163326,0.000417231640112325,DD
Leg fat mass (left) || id:ukb-b-7212,Depression || id:finn-b-F5_DEPRESSIO,ukb-b-7212,finn-b-F5_DEPRESSIO,,rs2954021,0.162045699439399,0.0449581899439461,0.000312917765276179,DD
Leg fat mass (left) || id:ukb-b-7212,Depression || id:finn-b-F5_DEPRESSIO,ukb-b-7212,finn-b-F5_DEPRESSIO,,rs2964023,0.156367639473583,0.044984516149046,0.000508890639948101,DD
Leg fat mass (left) || id:ukb-b-7212,Depression || id:finn-b-F5_DEPRESSIO,ukb-b-7212,finn-b-F5_DEPRESSIO,,rs2984477,0.159862332812065,0.0449971760045026,0.000381271161892354,DD
Leg fat mass (left) || id:ukb-b-7212,Depression || id:finn-b-F5_DEPRESSIO,ukb-b-7212,finn-b-F5_DEPRESSIO,,rs303948,0.159118989395004,0.0450436836688355,0.000411574992721755,DD
Leg fat mass (left) || id:ukb-b-7212,Depression || id:finn-b-F5_DEPRESSIO,ukb-b-7212,finn-b-F5_DEPRESSIO,,rs304963,0.158810618997894,0.0450531529663661,0.0004235447215307,DD
Leg fat mass (left) || id:ukb-b-7212,Depression || id:finn-b-F5_DEPRESSIO,ukb-b-7212,finn-b-F5_DEPRESSIO,,rs3113509,0.158085841758942,0.0450622233331984,0.000451204324654766,DD
Leg fat mass (left) || id:ukb-b-7212,Depression || id:finn-b-F5_DEPRESSIO,ukb-b-7212,finn-b-F5_DEPRESSIO,,rs312702,0.160757178714755,0.0449373487921167,0.000347078916020868,DD
Leg fat mass (left) || id:ukb-b-7212,Depression || id:finn-b-F5_DEPRESSIO,ukb-b-7212,finn-b-F5_DEPRESSIO,,rs329118,0.159016971193168,0.0450634149827339,0.0004175467753155,DD
Leg fat mass (left) || id:ukb-b-7212,Depression || id:finn-b-F5_DEPRESSIO,ukb-b-7212,finn-b-F5_DEPRESSIO,,rs329651,0.160293470349234,0.0449825635392629,0.000366001450087357,DD
Leg fat mass (left) || id:ukb-b-7212,Depression || id:finn-b-F5_DEPRESSIO,ukb-b-7212,finn-b-F5_DEPRESSIO,,rs34045288,0.151281589804373,0.0448885185661384,0.000751239420262712,DD
Leg fat mass (left) || id:ukb-b-7212,Depression || id:finn-b-F5_DEPRESSIO,ukb-b-7212,finn-b-F5_DEPRESSIO,,rs34234296,0.160582658287216,0.0450328035597684,0.000362603977133789,DD
Leg fat mass (left) || id:ukb-b-7212,Depression || id:finn-b-F5_DEPRESSIO,ukb-b-7212,finn-b-F5_DEPRESSIO,,rs34517439,0.163780183311107,0.0451112197432024,0.000282777963335853,DD
Leg fat mass (left) || id:ukb-b-7212,Depression || id:finn-b-F5_DEPRESSIO,ukb-b-7212,finn-b-F5_DEPRESSIO,,rs34571768,0.158556554937935,0.0450441368791222,0.000431503703702662,DD
Leg fat mass (left) || id:ukb-b-7212,Depression || id:finn-b-F5_DEPRESSIO,ukb-b-7212,finn-b-F5_DEPRESSIO,,rs34728432,0.157538822903412,0.0450295961661539,0.000467774752389118,DD
Leg fat mass (left) || id:ukb-b-7212,Depression || id:finn-b-F5_DEPRESSIO,ukb-b-7212,finn-b-F5_DEPRESSIO,,rs34769775,0.160842181963588,0.0450307784581989,0.000354498612843113,DD
Leg fat mass (left) || id:ukb-b-7212,Depression || id:finn-b-F5_DEPRESSIO,ukb-b-7212,finn-b-F5_DEPRESSIO,,rs34811474,0.15539520792235,0.0450134602261131,0.0005560472925091,DD
Leg fat mass (left) || id:ukb-b-7212,Depression || id:finn-b-F5_DEPRESSIO,ukb-b-7212,finn-b-F5_DEPRESSIO,,rs34864349,0.15882310142558,0.0450487769025916,0.000422555305519066,DD
Leg fat mass (left) || id:ukb-b-7212,Depression || id:finn-b-F5_DEPRESSIO,ukb-b-7212,finn-b-F5_DEPRESSIO,,rs35139159,0.159627567437371,0.0450408491699002,0.000394012396998912,DD
Leg fat mass (left) || id:ukb-b-7212,Depression || id:finn-b-F5_DEPRESSIO,ukb-b-7212,finn-b-F5_DEPRESSIO,,rs35154326,0.160314669817607,0.0450509640284211,0.000372953128648997,DD
Leg fat mass (left) || id:ukb-b-7212,Depression || id:finn-b-F5_DEPRESSIO,ukb-b-7212,finn-b-F5_DEPRESSIO,,rs35184536,0.158205795459413,0.0450641999937159,0.000446969185563361,DD
Leg fat mass (left) || id:ukb-b-7212,Depression || id:finn-b-F5_DEPRESSIO,ukb-b-7212,finn-b-F5_DEPRESSIO,,rs35394440,0.157175457900829,0.0450291719404881,0.000482072206619801,DD
Leg fat mass (left) || id:ukb-b-7212,Depression || id:finn-b-F5_DEPRESSIO,ukb-b-7212,finn-b-F5_DEPRESSIO,,rs35502096,0.159866857259797,0.045016342643745,0.00038332286499766,DD
Leg fat mass (left) || id:ukb-b-7212,Depression || id:finn-b-F5_DEPRESSIO,ukb-b-7212,finn-b-F5_DEPRESSIO,,rs35519679,0.157770355119728,0.0450272955087271,0.000458527536818018,DD
Leg fat mass (left) || id:ukb-b-7212,Depression || id:finn-b-F5_DEPRESSIO,ukb-b-7212,finn-b-F5_DEPRESSIO,,rs35537311,0.157961540183252,0.045041848087984,0.000453197507211039,DD
Leg fat mass (left) || id:ukb-b-7212,Depression || id:finn-b-F5_DEPRESSIO,ukb-b-7212,finn-b-F5_DEPRESSIO,,rs35589149,0.155395385521787,0.0449327594458255,0.000543397086608416,DD
Leg fat mass (left) || id:ukb-b-7212,Depression || id:finn-b-F5_DEPRESSIO,ukb-b-7212,finn-b-F5_DEPRESSIO,,rs35708928,0.158659797637515,0.0450473829641424,0.000428199614578594,DD
Leg fat mass (left) || id:ukb-b-7212,Depression || id:finn-b-F5_DEPRESSIO,ukb-b-7212,finn-b-F5_DEPRESSIO,,rs35711462,0.159480415267833,0.0450599980570814,0.000401204343898841,DD
Leg fat mass (left) || id:ukb-b-7212,Depression || id:finn-b-F5_DEPRESSIO,ukb-b-7212,finn-b-F5_DEPRESSIO,,rs35722851,0.158528127688449,0.0450478218499065,0.000433001218728242,DD
Leg fat mass (left) || id:ukb-b-7212,Depression || id:finn-b-F5_DEPRESSIO,ukb-b-7212,finn-b-F5_DEPRESSIO,,rs35723993,0.158516450313088,0.0450481787557759,0.000433470050259711,DD
Leg fat mass (left) || id:ukb-b-7212,Depression || id:finn-b-F5_DEPRESSIO,ukb-b-7212,finn-b-F5_DEPRESSIO,,rs35792595,0.160226911990476,0.045030784903125,0.000373456304296659,DD
Leg fat mass (left) || id:ukb-b-7212,Depression || id:finn-b-F5_DEPRESSIO,ukb-b-7212,finn-b-F5_DEPRESSIO,,rs35809007,0.161859590899436,0.0449301333948993,0.00031520419018813,DD
Leg fat mass (left) || id:ukb-b-7212,Depression || id:finn-b-F5_DEPRESSIO,ukb-b-7212,finn-b-F5_DEPRESSIO,,rs35867081,0.157979995937251,0.0450618954584825,0.00045516114350764,DD
Leg fat mass (left) || id:ukb-b-7212,Depression || id:finn-b-F5_DEPRESSIO,ukb-b-7212,finn-b-F5_DEPRESSIO,,rs35972789,0.158678449709983,0.0450510088535604,0.000427988789607821,DD
Leg fat mass (left) || id:ukb-b-7212,Depression || id:finn-b-F5_DEPRESSIO,ukb-b-7212,finn-b-F5_DEPRESSIO,,rs36061954,0.156188390997053,0.0449061710248468,0.000504971530360893,DD
Leg fat mass (left) || id:ukb-b-7212,Depression || id:finn-b-F5_DEPRESSIO,ukb-b-7212,finn-b-F5_DEPRESSIO,,rs372519,0.157210152343089,0.0450688574164932,0.000486245287178097,DD
Leg fat mass (left) || id:ukb-b-7212,Depression || id:finn-b-F5_DEPRESSIO,ukb-b-7212,finn-b-F5_DEPRESSIO,,rs3730071,0.159349710396827,0.0450233168907973,0.000401234038571641,DD
Leg fat mass (left) || id:ukb-b-7212,Depression || id:finn-b-F5_DEPRESSIO,ukb-b-7212,finn-b-F5_DEPRESSIO,,rs3732624,0.157867310474668,0.0450375430169136,0.0004561991435754,DD
Leg fat mass (left) || id:ukb-b-7212,Depression || id:finn-b-F5_DEPRESSIO,ukb-b-7212,finn-b-F5_DEPRESSIO,,rs3737992,0.158316508931528,0.0450777468007182,0.000444619487512503,DD
Leg fat mass (left) || id:ukb-b-7212,Depression || id:finn-b-F5_DEPRESSIO,ukb-b-7212,finn-b-F5_DEPRESSIO,,rs3744226,0.159418718542141,0.0450398388998154,0.000400878730901321,DD
Leg fat mass (left) || id:ukb-b-7212,Depression || id:finn-b-F5_DEPRESSIO,ukb-b-7212,finn-b-F5_DEPRESSIO,,rs3748916,0.160500252113419,0.04499897000155,0.000361430603605528,DD
Leg fat mass (left) || id:ukb-b-7212,Depression || id:finn-b-F5_DEPRESSIO,ukb-b-7212,finn-b-F5_DEPRESSIO,,rs3764002,0.16518480385896,0.0448120161371176,0.000227652426591127,DD
Leg fat mass (left) || id:ukb-b-7212,Depression || id:finn-b-F5_DEPRESSIO,ukb-b-7212,finn-b-F5_DEPRESSIO,,rs3764625,0.162110832824432,0.0448895361449822,0.000304633247288018,DD
Leg fat mass (left) || id:ukb-b-7212,Depression || id:finn-b-F5_DEPRESSIO,ukb-b-7212,finn-b-F5_DEPRESSIO,,rs3766823,0.153682324107188,0.0448648115663031,0.000613774073294467,DD
Leg fat mass (left) || id:ukb-b-7212,Depression || id:finn-b-F5_DEPRESSIO,ukb-b-7212,finn-b-F5_DEPRESSIO,,rs3770013,0.16002506480645,0.0449925071054954,0.000375535777046594,DD
Leg fat mass (left) || id:ukb-b-7212,Depression || id:finn-b-F5_DEPRESSIO,ukb-b-7212,finn-b-F5_DEPRESSIO,,rs3802725,0.158905382260515,0.0450468076721634,0.000419406395342638,DD
Leg fat mass (left) || id:ukb-b-7212,Depression || id:finn-b-F5_DEPRESSIO,ukb-b-7212,finn-b-F5_DEPRESSIO,,rs3803286,0.156215040351624,0.0450454165870564,0.000524454046954639,DD
Leg fat mass (left) || id:ukb-b-7212,Depression || id:finn-b-F5_DEPRESSIO,ukb-b-7212,finn-b-F5_DEPRESSIO,,rs3814883,0.166993377823305,0.0448454547708784,0.000196283296956328,DD
Leg fat mass (left) || id:ukb-b-7212,Depression || id:finn-b-F5_DEPRESSIO,ukb-b-7212,finn-b-F5_DEPRESSIO,,rs3818896,0.160649214142782,0.0449882796114596,0.000355739605881794,DD
Leg fat mass (left) || id:ukb-b-7212,Depression || id:finn-b-F5_DEPRESSIO,ukb-b-7212,finn-b-F5_DEPRESSIO,,rs383701,0.160241654895435,0.0450302190768436,0.000372927706855344,DD
Leg fat mass (left) || id:ukb-b-7212,Depression || id:finn-b-F5_DEPRESSIO,ukb-b-7212,finn-b-F5_DEPRESSIO,,rs3910736,0.158484192213446,0.0450436320498608,0.000434060169364628,DD
Leg fat mass (left) || id:ukb-b-7212,Depression || id:finn-b-F5_DEPRESSIO,ukb-b-7212,finn-b-F5_DEPRESSIO,,rs396354,0.158920599827126,0.0450580775460795,0.000420269977937553,DD
Leg fat mass (left) || id:ukb-b-7212,Depression || id:finn-b-F5_DEPRESSIO,ukb-b-7212,finn-b-F5_DEPRESSIO,,rs400301,0.156642809135657,0.0449796584426388,0.000496707844896053,DD
Leg fat mass (left) || id:ukb-b-7212,Depression || id:finn-b-F5_DEPRESSIO,ukb-b-7212,finn-b-F5_DEPRESSIO,,rs40071,0.158996474971306,0.0450907092095174,0.00042165264640702,DD
Leg fat mass (left) || id:ukb-b-7212,Depression || id:finn-b-F5_DEPRESSIO,ukb-b-7212,finn-b-F5_DEPRESSIO,,rs4055791,0.157268860609304,0.0450509068029233,0.00048137040181363,DD
Leg fat mass (left) || id:ukb-b-7212,Depression || id:finn-b-F5_DEPRESSIO,ukb-b-7212,finn-b-F5_DEPRESSIO,,rs4240326,0.158013382793545,0.0450665580194216,0.000454514985167574,DD
Leg fat mass (left) || id:ukb-b-7212,Depression || id:finn-b-F5_DEPRESSIO,ukb-b-7212,finn-b-F5_DEPRESSIO,,rs4266606,0.158076785024771,0.0450533860962119,0.000450378839987853,DD
Leg fat mass (left) || id:ukb-b-7212,Depression || id:finn-b-F5_DEPRESSIO,ukb-b-7212,finn-b-F5_DEPRESSIO,,rs4267103,0.157170699657144,0.0450212860512971,0.000481160645141322,DD
Leg fat mass (left) || id:ukb-b-7212,Depression || id:finn-b-F5_DEPRESSIO,ukb-b-7212,finn-b-F5_DEPRESSIO,,rs4290163,0.159765568223086,0.0450515362888009,0.000390704041233787,DD
Leg fat mass (left) || id:ukb-b-7212,Depression || id:finn-b-F5_DEPRESSIO,ukb-b-7212,finn-b-F5_DEPRESSIO,,rs429343,0.158720903935455,0.0450770658622723,0.000429758811046357,DD
Leg fat mass (left) || id:ukb-b-7212,Depression || id:finn-b-F5_DEPRESSIO,ukb-b-7212,finn-b-F5_DEPRESSIO,,rs429358,0.161778321377084,0.0450798915024242,0.000332327751254387,DD
Leg fat mass (left) || id:ukb-b-7212,Depression || id:finn-b-F5_DEPRESSIO,ukb-b-7212,finn-b-F5_DEPRESSIO,,rs4307239,0.161031124381547,0.0449647370802873,0.00034192048913764,DD
Leg fat mass (left) || id:ukb-b-7212,Depression || id:finn-b-F5_DEPRESSIO,ukb-b-7212,finn-b-F5_DEPRESSIO,,rs4333219,0.159016392588409,0.0450403078644897,0.000414719819371368,DD
Leg fat mass (left) || id:ukb-b-7212,Depression || id:finn-b-F5_DEPRESSIO,ukb-b-7212,finn-b-F5_DEPRESSIO,,rs4430672,0.160605757237159,0.0450078080793606,0.000359171087005749,DD
Leg fat mass (left) || id:ukb-b-7212,Depression || id:finn-b-F5_DEPRESSIO,ukb-b-7212,finn-b-F5_DEPRESSIO,,rs444102,0.162763239084823,0.0449136122614934,0.00029017385715375,DD
Leg fat mass (left) || id:ukb-b-7212,Depression || id:finn-b-F5_DEPRESSIO,ukb-b-7212,finn-b-F5_DEPRESSIO,,rs4456769,0.158598118590865,0.0450715915317731,0.000433496044450495,DD
Leg fat mass (left) || id:ukb-b-7212,Depression || id:finn-b-F5_DEPRESSIO,ukb-b-7212,finn-b-F5_DEPRESSIO,,rs4477562,0.156769971162291,0.0450864550976265,0.000506874681090127,DD
Leg fat mass (left) || id:ukb-b-7212,Depression || id:finn-b-F5_DEPRESSIO,ukb-b-7212,finn-b-F5_DEPRESSIO,,rs4482463,0.162856271044742,0.0448863555003491,0.000285414083697359,DD
Leg fat mass (left) || id:ukb-b-7212,Depression || id:finn-b-F5_DEPRESSIO,ukb-b-7212,finn-b-F5_DEPRESSIO,,rs4500770,0.16030105866296,0.0450000940663151,0.000367706379442821,DD
Leg fat mass (left) || id:ukb-b-7212,Depression || id:finn-b-F5_DEPRESSIO,ukb-b-7212,finn-b-F5_DEPRESSIO,,rs4562625,0.158439298763815,0.045057309970913,0.00043744967385138,DD
Leg fat mass (left) || id:ukb-b-7212,Depression || id:finn-b-F5_DEPRESSIO,ukb-b-7212,finn-b-F5_DEPRESSIO,,rs4625888,0.157002401814263,0.0450168651294796,0.000487312539289676,DD
Leg fat mass (left) || id:ukb-b-7212,Depression || id:finn-b-F5_DEPRESSIO,ukb-b-7212,finn-b-F5_DEPRESSIO,,rs4635724,0.158887721915352,0.0450476006062347,0.000420126433123485,DD
Leg fat mass (left) || id:ukb-b-7212,Depression || id:finn-b-F5_DEPRESSIO,ukb-b-7212,finn-b-F5_DEPRESSIO,,rs467176,0.15943370279632,0.0450410643771848,0.000400519872801668,DD
Leg fat mass (left) || id:ukb-b-7212,Depression || id:finn-b-F5_DEPRESSIO,ukb-b-7212,finn-b-F5_DEPRESSIO,,rs4672338,0.155916888102596,0.0449334738750397,0.000520556103538,DD
Leg fat mass (left) || id:ukb-b-7212,Depression || id:finn-b-F5_DEPRESSIO,ukb-b-7212,finn-b-F5_DEPRESSIO,,rs4700812,0.158601108762658,0.0450452952990566,0.000430044145199877,DD
Leg fat mass (left) || id:ukb-b-7212,Depression || id:finn-b-F5_DEPRESSIO,ukb-b-7212,finn-b-F5_DEPRESSIO,,rs4705907,0.159556183680476,0.04504452703453,0.000396822528153529,DD
Leg fat mass (left) || id:ukb-b-7212,Depression || id:finn-b-F5_DEPRESSIO,ukb-b-7212,finn-b-F5_DEPRESSIO,,rs4718964,0.158097749931333,0.0450638986441281,0.000450977386253058,DD
Leg fat mass (left) || id:ukb-b-7212,Depression || id:finn-b-F5_DEPRESSIO,ukb-b-7212,finn-b-F5_DEPRESSIO,,rs4757945,0.1593459998901,0.0450422232921346,0.000403624078144595,DD
Leg fat mass (left) || id:ukb-b-7212,Depression || id:finn-b-F5_DEPRESSIO,ukb-b-7212,finn-b-F5_DEPRESSIO,,rs4776970,0.15841440743613,0.045132576646239,0.000448141667599144,DD
Leg fat mass (left) || id:ukb-b-7212,Depression || id:finn-b-F5_DEPRESSIO,ukb-b-7212,finn-b-F5_DEPRESSIO,,rs4784776,0.158513136354017,0.0450395008269997,0.000432483615505299,DD
Leg fat mass (left) || id:ukb-b-7212,Depression || id:finn-b-F5_DEPRESSIO,ukb-b-7212,finn-b-F5_DEPRESSIO,,rs479018,0.159028000656944,0.0450920564382087,0.000420708214023673,DD
Leg fat mass (left) || id:ukb-b-7212,Depression || id:finn-b-F5_DEPRESSIO,ukb-b-7212,finn-b-F5_DEPRESSIO,,rs4808187,0.157581111750445,0.0450049229052573,0.000462786869224958,DD
Leg fat mass (left) || id:ukb-b-7212,Depression || id:finn-b-F5_DEPRESSIO,ukb-b-7212,finn-b-F5_DEPRESSIO,,rs4808762,0.160625286274005,0.0450712992926415,0.000365518632092112,DD
Leg fat mass (left) || id:ukb-b-7212,Depression || id:finn-b-F5_DEPRESSIO,ukb-b-7212,finn-b-F5_DEPRESSIO,,rs4820323,0.159651245898589,0.0450708204551832,0.000396758245182115,DD
Leg fat mass (left) || id:ukb-b-7212,Depression || id:finn-b-F5_DEPRESSIO,ukb-b-7212,finn-b-F5_DEPRESSIO,,rs4842920,0.158677835540662,0.0451039647863101,0.000434736537062066,DD
Leg fat mass (left) || id:ukb-b-7212,Depression || id:finn-b-F5_DEPRESSIO,ukb-b-7212,finn-b-F5_DEPRESSIO,,rs484455,0.15981671532001,0.0450192970031347,0.000385289307228028,DD
Leg fat mass (left) || id:ukb-b-7212,Depression || id:finn-b-F5_DEPRESSIO,ukb-b-7212,finn-b-F5_DEPRESSIO,,rs4844809,0.159451067279108,0.0450362489777716,0.000399361981045214,DD
Leg fat mass (left) || id:ukb-b-7212,Depression || id:finn-b-F5_DEPRESSIO,ukb-b-7212,finn-b-F5_DEPRESSIO,,rs4876611,0.158328947982144,0.0451034786794524,0.000447519024864951,DD
Leg fat mass (left) || id:ukb-b-7212,Depression || id:finn-b-F5_DEPRESSIO,ukb-b-7212,finn-b-F5_DEPRESSIO,,rs491711,0.159815129682357,0.0450185000701332,0.000385248885326856,DD
Leg fat mass (left) || id:ukb-b-7212,Depression || id:finn-b-F5_DEPRESSIO,ukb-b-7212,finn-b-F5_DEPRESSIO,,rs4924136,0.157952634688838,0.0450380578355588,0.000453031645131306,DD
Leg fat mass (left) || id:ukb-b-7212,Depression || id:finn-b-F5_DEPRESSIO,ukb-b-7212,finn-b-F5_DEPRESSIO,,rs4937729,0.157104723556316,0.0449792522318012,0.000477936950570627,DD
Leg fat mass (left) || id:ukb-b-7212,Depression || id:finn-b-F5_DEPRESSIO,ukb-b-7212,finn-b-F5_DEPRESSIO,,rs494048,0.157756747537499,0.0450438989088526,0.000461279139725382,DD
Leg fat mass (left) || id:ukb-b-7212,Depression || id:finn-b-F5_DEPRESSIO,ukb-b-7212,finn-b-F5_DEPRESSIO,,rs4942098,0.159579045421243,0.0450489590322113,0.000396583391109566,DD
Leg fat mass (left) || id:ukb-b-7212,Depression || id:finn-b-F5_DEPRESSIO,ukb-b-7212,finn-b-F5_DEPRESSIO,,rs4947584,0.161368304973478,0.0449832838246763,0.000334126355017255,DD
Leg fat mass (left) || id:ukb-b-7212,Depression || id:finn-b-F5_DEPRESSIO,ukb-b-7212,finn-b-F5_DEPRESSIO,,rs520829,0.158705400049066,0.0450520512432901,0.000427155312831122,DD
Leg fat mass (left) || id:ukb-b-7212,Depression || id:finn-b-F5_DEPRESSIO,ukb-b-7212,finn-b-F5_DEPRESSIO,,rs529200,0.154979734605586,0.0449560142285981,0.000566085818018096,DD
Leg fat mass (left) || id:ukb-b-7212,Depression || id:finn-b-F5_DEPRESSIO,ukb-b-7212,finn-b-F5_DEPRESSIO,,rs530255,0.158240016707034,0.0450489958718496,0.00044371110864787,DD
Leg fat mass (left) || id:ukb-b-7212,Depression || id:finn-b-F5_DEPRESSIO,ukb-b-7212,finn-b-F5_DEPRESSIO,,rs543874,0.159449971132303,0.0452547674189001,0.000426071865727323,DD
Leg fat mass (left) || id:ukb-b-7212,Depression || id:finn-b-F5_DEPRESSIO,ukb-b-7212,finn-b-F5_DEPRESSIO,,rs555996,0.158341057770899,0.0450357502165088,0.000438271023239903,DD
Leg fat mass (left) || id:ukb-b-7212,Depression || id:finn-b-F5_DEPRESSIO,ukb-b-7212,finn-b-F5_DEPRESSIO,,rs556140,0.15793525069681,0.0450325905816382,0.000452963969476927,DD
Leg fat mass (left) || id:ukb-b-7212,Depression || id:finn-b-F5_DEPRESSIO,ukb-b-7212,finn-b-F5_DEPRESSIO,,rs55707359,0.159144174657077,0.0450109987492424,0.000406737769032605,DD
Leg fat mass (left) || id:ukb-b-7212,Depression || id:finn-b-F5_DEPRESSIO,ukb-b-7212,finn-b-F5_DEPRESSIO,,rs55726687,0.160344946325842,0.0450883080439468,0.000376197202110436,DD
Leg fat mass (left) || id:ukb-b-7212,Depression || id:finn-b-F5_DEPRESSIO,ukb-b-7212,finn-b-F5_DEPRESSIO,,rs55736343,0.15825507085123,0.0450351321788474,0.000441353174376777,DD
Leg fat mass (left) || id:ukb-b-7212,Depression || id:finn-b-F5_DEPRESSIO,ukb-b-7212,finn-b-F5_DEPRESSIO,,rs56094641,0.153874894236806,0.0458688862538786,0.000794602288345239,DD
Leg fat mass (left) || id:ukb-b-7212,Depression || id:finn-b-F5_DEPRESSIO,ukb-b-7212,finn-b-F5_DEPRESSIO,,rs56211164,0.158859938089142,0.0450440556709442,0.00042066505202312,DD
Leg fat mass (left) || id:ukb-b-7212,Depression || id:finn-b-F5_DEPRESSIO,ukb-b-7212,finn-b-F5_DEPRESSIO,,rs56356382,0.160143837679853,0.0450555669427861,0.000378895933507172,DD
Leg fat mass (left) || id:ukb-b-7212,Depression || id:finn-b-F5_DEPRESSIO,ukb-b-7212,finn-b-F5_DEPRESSIO,,rs56399737,0.157360612765145,0.0450422704847707,0.000476517353417257,DD
Leg fat mass (left) || id:ukb-b-7212,Depression || id:finn-b-F5_DEPRESSIO,ukb-b-7212,finn-b-F5_DEPRESSIO,,rs56893062,0.159435888948891,0.0450541632270237,0.000402010552338534,DD
Leg fat mass (left) || id:ukb-b-7212,Depression || id:finn-b-F5_DEPRESSIO,ukb-b-7212,finn-b-F5_DEPRESSIO,,rs56982979,0.158505085457216,0.0450420391903017,0.000433098792978817,DD
Leg fat mass (left) || id:ukb-b-7212,Depression || id:finn-b-F5_DEPRESSIO,ukb-b-7212,finn-b-F5_DEPRESSIO,,rs57636386,0.157657217436845,0.045070472024197,0.000468733589806465,DD
Leg fat mass (left) || id:ukb-b-7212,Depression || id:finn-b-F5_DEPRESSIO,ukb-b-7212,finn-b-F5_DEPRESSIO,,rs577525,0.161988769831114,0.0450380248459418,0.000322265900241924,DD
Leg fat mass (left) || id:ukb-b-7212,Depression || id:finn-b-F5_DEPRESSIO,ukb-b-7212,finn-b-F5_DEPRESSIO,,rs57989773,0.159270527095741,0.0450485202278957,0.000406953507587216,DD
Leg fat mass (left) || id:ukb-b-7212,Depression || id:finn-b-F5_DEPRESSIO,ukb-b-7212,finn-b-F5_DEPRESSIO,,rs58070122,0.158128863085975,0.045055121141699,0.000448653559642799,DD
Leg fat mass (left) || id:ukb-b-7212,Depression || id:finn-b-F5_DEPRESSIO,ukb-b-7212,finn-b-F5_DEPRESSIO,,rs58120873,0.158445354222632,0.0450404463013594,0.000435064752017259,DD
Leg fat mass (left) || id:ukb-b-7212,Depression || id:finn-b-F5_DEPRESSIO,ukb-b-7212,finn-b-F5_DEPRESSIO,,rs59068084,0.156911520001445,0.0449743308320667,0.000484989272963392,DD
Leg fat mass (left) || id:ukb-b-7212,Depression || id:finn-b-F5_DEPRESSIO,ukb-b-7212,finn-b-F5_DEPRESSIO,,rs59499656,0.159167441237386,0.0450706202548873,0.000413190941773264,DD
Leg fat mass (left) || id:ukb-b-7212,Depression || id:finn-b-F5_DEPRESSIO,ukb-b-7212,finn-b-F5_DEPRESSIO,,rs6016590,0.157699139700516,0.0450203403398227,0.000460322397840056,DD
Leg fat mass (left) || id:ukb-b-7212,Depression || id:finn-b-F5_DEPRESSIO,ukb-b-7212,finn-b-F5_DEPRESSIO,,rs6030803,0.158585801557737,0.0450522486607453,0.000431478681715224,DD
Leg fat mass (left) || id:ukb-b-7212,Depression || id:finn-b-F5_DEPRESSIO,ukb-b-7212,finn-b-F5_DEPRESSIO,,rs60661769,0.158538255562985,0.0450512629407428,0.000433073019041717,DD
Leg fat mass (left) || id:ukb-b-7212,Depression || id:finn-b-F5_DEPRESSIO,ukb-b-7212,finn-b-F5_DEPRESSIO,,rs61754230,0.159396322976883,0.045015794014983,0.000398768108783827,DD
Leg fat mass (left) || id:ukb-b-7212,Depression || id:finn-b-F5_DEPRESSIO,ukb-b-7212,finn-b-F5_DEPRESSIO,,rs61813324,0.156928389481172,0.0450590938081575,0.0004963397050028,DD
Leg fat mass (left) || id:ukb-b-7212,Depression || id:finn-b-F5_DEPRESSIO,ukb-b-7212,finn-b-F5_DEPRESSIO,,rs61826925,0.154760063932394,0.0447449376312253,0.000542755424668475,DD
Leg fat mass (left) || id:ukb-b-7212,Depression || id:finn-b-F5_DEPRESSIO,ukb-b-7212,finn-b-F5_DEPRESSIO,,rs61871585,0.15965896706428,0.0450402672884696,0.000392903563503909,DD
Leg fat mass (left) || id:ukb-b-7212,Depression || id:finn-b-F5_DEPRESSIO,ukb-b-7212,finn-b-F5_DEPRESSIO,,rs61903695,0.159326616998033,0.0450557575727118,0.000405912006254781,DD
Leg fat mass (left) || id:ukb-b-7212,Depression || id:finn-b-F5_DEPRESSIO,ukb-b-7212,finn-b-F5_DEPRESSIO,,rs61969511,0.15872339636774,0.0450727998392436,0.000429129482363152,DD
Leg fat mass (left) || id:ukb-b-7212,Depression || id:finn-b-F5_DEPRESSIO,ukb-b-7212,finn-b-F5_DEPRESSIO,,rs61991651,0.159155672258698,0.045041416657502,0.000410033183010749,DD
Leg fat mass (left) || id:ukb-b-7212,Depression || id:finn-b-F5_DEPRESSIO,ukb-b-7212,finn-b-F5_DEPRESSIO,,rs61992671,0.160587014373839,0.045042696128249,0.000363554388862919,DD
Leg fat mass (left) || id:ukb-b-7212,Depression || id:finn-b-F5_DEPRESSIO,ukb-b-7212,finn-b-F5_DEPRESSIO,,rs62104473,0.160062509917428,0.0450833681734647,0.00038469422244265,DD
Leg fat mass (left) || id:ukb-b-7212,Depression || id:finn-b-F5_DEPRESSIO,ukb-b-7212,finn-b-F5_DEPRESSIO,,rs62107261,0.15753239917897,0.0451123707955089,0.000479418232982933,DD
Leg fat mass (left) || id:ukb-b-7212,Depression || id:finn-b-F5_DEPRESSIO,ukb-b-7212,finn-b-F5_DEPRESSIO,,rs62124758,0.158582659344839,0.0450374426443162,0.00042971301079179,DD
Leg fat mass (left) || id:ukb-b-7212,Depression || id:finn-b-F5_DEPRESSIO,ukb-b-7212,finn-b-F5_DEPRESSIO,,rs62237500,0.160517449950542,0.0449771385604504,0.000358527622358121,DD
Leg fat mass (left) || id:ukb-b-7212,Depression || id:finn-b-F5_DEPRESSIO,ukb-b-7212,finn-b-F5_DEPRESSIO,,rs62379271,0.160267690110441,0.0450113365449556,0.000369998183939376,DD
Leg fat mass (left) || id:ukb-b-7212,Depression || id:finn-b-F5_DEPRESSIO,ukb-b-7212,finn-b-F5_DEPRESSIO,,rs62396185,0.170295629131185,0.0448918998362843,0.000148562535138954,DD
Leg fat mass (left) || id:ukb-b-7212,Depression || id:finn-b-F5_DEPRESSIO,ukb-b-7212,finn-b-F5_DEPRESSIO,,rs62407565,0.15620197225269,0.0449538866975525,0.000511395185053795,DD
Leg fat mass (left) || id:ukb-b-7212,Depression || id:finn-b-F5_DEPRESSIO,ukb-b-7212,finn-b-F5_DEPRESSIO,,rs62447181,0.157879475808009,0.0450226129727832,0.000453750370862037,DD
Leg fat mass (left) || id:ukb-b-7212,Depression || id:finn-b-F5_DEPRESSIO,ukb-b-7212,finn-b-F5_DEPRESSIO,,rs642992,0.157542086287563,0.0450080962083046,0.00046472524999,DD
Leg fat mass (left) || id:ukb-b-7212,Depression || id:finn-b-F5_DEPRESSIO,ukb-b-7212,finn-b-F5_DEPRESSIO,,rs6444950,0.158719844192737,0.0450586661972664,0.000427472255323887,DD
Leg fat mass (left) || id:ukb-b-7212,Depression || id:finn-b-F5_DEPRESSIO,ukb-b-7212,finn-b-F5_DEPRESSIO,,rs6460396,0.159243345404524,0.0450496672604501,0.000408022838317401,DD
Leg fat mass (left) || id:ukb-b-7212,Depression || id:finn-b-F5_DEPRESSIO,ukb-b-7212,finn-b-F5_DEPRESSIO,,rs6469351,0.159808713863724,0.0450370190195591,0.000387600196766982,DD
Leg fat mass (left) || id:ukb-b-7212,Depression || id:finn-b-F5_DEPRESSIO,ukb-b-7212,finn-b-F5_DEPRESSIO,,rs6472804,0.156883163903149,0.0449735951236142,0.000486030699221695,DD
Leg fat mass (left) || id:ukb-b-7212,Depression || id:finn-b-F5_DEPRESSIO,ukb-b-7212,finn-b-F5_DEPRESSIO,,rs6551304,0.156106063736611,0.0449810151574661,0.00051951396855956,DD
Leg fat mass (left) || id:ukb-b-7212,Depression || id:finn-b-F5_DEPRESSIO,ukb-b-7212,finn-b-F5_DEPRESSIO,,rs6561937,0.154587305694796,0.0448430756694891,0.000566230166840193,DD
Leg fat mass (left) || id:ukb-b-7212,Depression || id:finn-b-F5_DEPRESSIO,ukb-b-7212,finn-b-F5_DEPRESSIO,,rs6567160,0.163153424846152,0.0452870914221456,0.000314992604202769,DD
Leg fat mass (left) || id:ukb-b-7212,Depression || id:finn-b-F5_DEPRESSIO,ukb-b-7212,finn-b-F5_DEPRESSIO,,rs6569648,0.15865796737616,0.0450724091232129,0.0004314353667469,DD
Leg fat mass (left) || id:ukb-b-7212,Depression || id:finn-b-F5_DEPRESSIO,ukb-b-7212,finn-b-F5_DEPRESSIO,,rs6575340,0.159995052249017,0.0450882522688515,0.000387451932206566,DD
Leg fat mass (left) || id:ukb-b-7212,Depression || id:finn-b-F5_DEPRESSIO,ukb-b-7212,finn-b-F5_DEPRESSIO,,rs6595447,0.162785201501129,0.0448360267431372,0.000282677048278877,DD
Leg fat mass (left) || id:ukb-b-7212,Depression || id:finn-b-F5_DEPRESSIO,ukb-b-7212,finn-b-F5_DEPRESSIO,,rs66679256,0.157907310501311,0.0450755419626181,0.000459755013700986,DD
Leg fat mass (left) || id:ukb-b-7212,Depression || id:finn-b-F5_DEPRESSIO,ukb-b-7212,finn-b-F5_DEPRESSIO,,rs6669189,0.157411691448766,0.0450416803630954,0.000474416048534863,DD
Leg fat mass (left) || id:ukb-b-7212,Depression || id:finn-b-F5_DEPRESSIO,ukb-b-7212,finn-b-F5_DEPRESSIO,,rs667515,0.157755081162434,0.0450208532831781,0.000458248476217959,DD
Leg fat mass (left) || id:ukb-b-7212,Depression || id:finn-b-F5_DEPRESSIO,ukb-b-7212,finn-b-F5_DEPRESSIO,,rs6688826,0.156682386468311,0.044975641707893,0.000494502934944997,DD
Leg fat mass (left) || id:ukb-b-7212,Depression || id:finn-b-F5_DEPRESSIO,ukb-b-7212,finn-b-F5_DEPRESSIO,,rs6707827,0.157776878669798,0.0450208567405874,0.000457416485936096,DD
Leg fat mass (left) || id:ukb-b-7212,Depression || id:finn-b-F5_DEPRESSIO,ukb-b-7212,finn-b-F5_DEPRESSIO,,rs6725931,0.157492637774695,0.0449403611403956,0.000457498364415852,DD
Leg fat mass (left) || id:ukb-b-7212,Depression || id:finn-b-F5_DEPRESSIO,ukb-b-7212,finn-b-F5_DEPRESSIO,,rs6726271,0.159307737059389,0.0450344070445799,0.00040398438471442,DD
Leg fat mass (left) || id:ukb-b-7212,Depression || id:finn-b-F5_DEPRESSIO,ukb-b-7212,finn-b-F5_DEPRESSIO,,rs6744646,0.163645562711333,0.045255397542655,0.000299138174260083,DD
Leg fat mass (left) || id:ukb-b-7212,Depression || id:finn-b-F5_DEPRESSIO,ukb-b-7212,finn-b-F5_DEPRESSIO,,rs67609008,0.16095569353884,0.04499545776241,0.00034735520020899,DD
Leg fat mass (left) || id:ukb-b-7212,Depression || id:finn-b-F5_DEPRESSIO,ukb-b-7212,finn-b-F5_DEPRESSIO,,rs67632512,0.159302820601401,0.0450497592503608,0.000406000189338886,DD
Leg fat mass (left) || id:ukb-b-7212,Depression || id:finn-b-F5_DEPRESSIO,ukb-b-7212,finn-b-F5_DEPRESSIO,,rs6774894,0.161714395671443,0.0449590931615969,0.000322003768405102,DD
Leg fat mass (left) || id:ukb-b-7212,Depression || id:finn-b-F5_DEPRESSIO,ukb-b-7212,finn-b-F5_DEPRESSIO,,rs6782714,0.158200792884218,0.0450484889235783,0.000445101042975031,DD
Leg fat mass (left) || id:ukb-b-7212,Depression || id:finn-b-F5_DEPRESSIO,ukb-b-7212,finn-b-F5_DEPRESSIO,,rs6834667,0.159294833454086,0.0450371302796694,0.00040475057971673,DD
Leg fat mass (left) || id:ukb-b-7212,Depression || id:finn-b-F5_DEPRESSIO,ukb-b-7212,finn-b-F5_DEPRESSIO,,rs6892707,0.158047562484205,0.0450258780921465,0.000447854852158655,DD
Leg fat mass (left) || id:ukb-b-7212,Depression || id:finn-b-F5_DEPRESSIO,ukb-b-7212,finn-b-F5_DEPRESSIO,,rs6934060,0.159029170392932,0.0450505297499031,0.000415531762706952,DD
Leg fat mass (left) || id:ukb-b-7212,Depression || id:finn-b-F5_DEPRESSIO,ukb-b-7212,finn-b-F5_DEPRESSIO,,rs693573,0.158823949777104,0.0450484621229138,0.000422485964601046,DD
Leg fat mass (left) || id:ukb-b-7212,Depression || id:finn-b-F5_DEPRESSIO,ukb-b-7212,finn-b-F5_DEPRESSIO,,rs6938973,0.160944605981156,0.0450720672074919,0.000355854334315533,DD
Leg fat mass (left) || id:ukb-b-7212,Depression || id:finn-b-F5_DEPRESSIO,ukb-b-7212,finn-b-F5_DEPRESSIO,,rs6941322,0.160610492416791,0.0449636694146534,0.00035425742907092,DD
Leg fat mass (left) || id:ukb-b-7212,Depression || id:finn-b-F5_DEPRESSIO,ukb-b-7212,finn-b-F5_DEPRESSIO,,rs6954290,0.161804975742439,0.044916692980853,0.000315371563308907,DD
Leg fat mass (left) || id:ukb-b-7212,Depression || id:finn-b-F5_DEPRESSIO,ukb-b-7212,finn-b-F5_DEPRESSIO,,rs6973656,0.156697881730032,0.044991472993722,0.000496133847496708,DD
Leg fat mass (left) || id:ukb-b-7212,Depression || id:finn-b-F5_DEPRESSIO,ukb-b-7212,finn-b-F5_DEPRESSIO,,rs698147,0.15914180160158,0.0450580320978838,0.00041253901795924,DD
Leg fat mass (left) || id:ukb-b-7212,Depression || id:finn-b-F5_DEPRESSIO,ukb-b-7212,finn-b-F5_DEPRESSIO,,rs6998660,0.161355592536457,0.0449685766968214,0.000332987414390733,DD
Leg fat mass (left) || id:ukb-b-7212,Depression || id:finn-b-F5_DEPRESSIO,ukb-b-7212,finn-b-F5_DEPRESSIO,,rs7004825,0.158743560382488,0.0450466308673372,0.00042511155840957,DD
Leg fat mass (left) || id:ukb-b-7212,Depression || id:finn-b-F5_DEPRESSIO,ukb-b-7212,finn-b-F5_DEPRESSIO,,rs7034554,0.154318343744228,0.0447360144779221,0.000561557763447458,DD
Leg fat mass (left) || id:ukb-b-7212,Depression || id:finn-b-F5_DEPRESSIO,ukb-b-7212,finn-b-F5_DEPRESSIO,,rs7038943,0.159605139963905,0.0450590398892181,0.000396904369327363,DD
Leg fat mass (left) || id:ukb-b-7212,Depression || id:finn-b-F5_DEPRESSIO,ukb-b-7212,finn-b-F5_DEPRESSIO,,rs7070670,0.160722070178854,0.0449869543929356,0.000353404117379565,DD
Leg fat mass (left) || id:ukb-b-7212,Depression || id:finn-b-F5_DEPRESSIO,ukb-b-7212,finn-b-F5_DEPRESSIO,,rs7074981,0.157340481190708,0.0450075314376089,0.000472518757698362,DD
Leg fat mass (left) || id:ukb-b-7212,Depression || id:finn-b-F5_DEPRESSIO,ukb-b-7212,finn-b-F5_DEPRESSIO,,rs7078200,0.157227720355305,0.0450140427632711,0.000477878130727588,DD
Leg fat mass (left) || id:ukb-b-7212,Depression || id:finn-b-F5_DEPRESSIO,ukb-b-7212,finn-b-F5_DEPRESSIO,,rs7109303,0.157708091957251,0.0450155699258773,0.000459338243330811,DD
Leg fat mass (left) || id:ukb-b-7212,Depression || id:finn-b-F5_DEPRESSIO,ukb-b-7212,finn-b-F5_DEPRESSIO,,rs7124681,0.158342029461132,0.0451127628623964,0.0004482474804443,DD
Leg fat mass (left) || id:ukb-b-7212,Depression || id:finn-b-F5_DEPRESSIO,ukb-b-7212,finn-b-F5_DEPRESSIO,,rs7129648,0.158641767543731,0.0450437010060016,0.000428381172644243,DD
Leg fat mass (left) || id:ukb-b-7212,Depression || id:finn-b-F5_DEPRESSIO,ukb-b-7212,finn-b-F5_DEPRESSIO,,rs71306190,0.158357051281958,0.0450288265349894,0.000436794667603802,DD
Leg fat mass (left) || id:ukb-b-7212,Depression || id:finn-b-F5_DEPRESSIO,ukb-b-7212,finn-b-F5_DEPRESSIO,,rs7132908,0.160759057130647,0.0451757251745764,0.000372939850800568,DD
Leg fat mass (left) || id:ukb-b-7212,Depression || id:finn-b-F5_DEPRESSIO,ukb-b-7212,finn-b-F5_DEPRESSIO,,rs71495038,0.161179709795563,0.0450195178373,0.000343307037358533,DD
Leg fat mass (left) || id:ukb-b-7212,Depression || id:finn-b-F5_DEPRESSIO,ukb-b-7212,finn-b-F5_DEPRESSIO,,rs7169796,0.156574916221357,0.044987427371369,0.000500637686060122,DD
Leg fat mass (left) || id:ukb-b-7212,Depression || id:finn-b-F5_DEPRESSIO,ukb-b-7212,finn-b-F5_DEPRESSIO,,rs7172082,0.159532700522949,0.0450513192065919,0.000398413115152049,DD
Leg fat mass (left) || id:ukb-b-7212,Depression || id:finn-b-F5_DEPRESSIO,ukb-b-7212,finn-b-F5_DEPRESSIO,,rs719802,0.155658925408083,0.0449709381079908,0.000537528214231579,DD
Leg fat mass (left) || id:ukb-b-7212,Depression || id:finn-b-F5_DEPRESSIO,ukb-b-7212,finn-b-F5_DEPRESSIO,,rs7206608,0.157535204554374,0.0450459256826077,0.000470145987258555,DD
Leg fat mass (left) || id:ukb-b-7212,Depression || id:finn-b-F5_DEPRESSIO,ukb-b-7212,finn-b-F5_DEPRESSIO,,rs7210186,0.159358441898336,0.0450384757022544,0.000402752759202064,DD
Leg fat mass (left) || id:ukb-b-7212,Depression || id:finn-b-F5_DEPRESSIO,ukb-b-7212,finn-b-F5_DEPRESSIO,,rs7218014,0.150698653760834,0.0448100149413162,0.000770843252666281,DD
Leg fat mass (left) || id:ukb-b-7212,Depression || id:finn-b-F5_DEPRESSIO,ukb-b-7212,finn-b-F5_DEPRESSIO,,rs7234208,0.160258531710539,0.0450031289246656,0.000369370369866708,DD
Leg fat mass (left) || id:ukb-b-7212,Depression || id:finn-b-F5_DEPRESSIO,ukb-b-7212,finn-b-F5_DEPRESSIO,,rs7247187,0.157437673846956,0.045014338525586,0.000469639740574218,DD
Leg fat mass (left) || id:ukb-b-7212,Depression || id:finn-b-F5_DEPRESSIO,ukb-b-7212,finn-b-F5_DEPRESSIO,,rs7258937,0.158334197366356,0.0450599631876206,0.000441653073290697,DD
Leg fat mass (left) || id:ukb-b-7212,Depression || id:finn-b-F5_DEPRESSIO,ukb-b-7212,finn-b-F5_DEPRESSIO,,rs7259070,0.159152017892488,0.0450890423851356,0.000415988407181262,DD
Leg fat mass (left) || id:ukb-b-7212,Depression || id:finn-b-F5_DEPRESSIO,ukb-b-7212,finn-b-F5_DEPRESSIO,,rs72634826,0.156113455157701,0.0450115662776283,0.000523769164454473,DD
Leg fat mass (left) || id:ukb-b-7212,Depression || id:finn-b-F5_DEPRESSIO,ukb-b-7212,finn-b-F5_DEPRESSIO,,rs72739243,0.158213293040956,0.0450447572120357,0.000444150031280821,DD
Leg fat mass (left) || id:ukb-b-7212,Depression || id:finn-b-F5_DEPRESSIO,ukb-b-7212,finn-b-F5_DEPRESSIO,,rs7281127,0.160757376938212,0.0449639031123599,0.000349887963056827,DD
Leg fat mass (left) || id:ukb-b-7212,Depression || id:finn-b-F5_DEPRESSIO,ukb-b-7212,finn-b-F5_DEPRESSIO,,rs72811755,0.158674541765616,0.0450561263440842,0.000428775388635961,DD
Leg fat mass (left) || id:ukb-b-7212,Depression || id:finn-b-F5_DEPRESSIO,ukb-b-7212,finn-b-F5_DEPRESSIO,,rs72815827,0.158021432248881,0.0450375477935713,0.000450370630532966,DD
Leg fat mass (left) || id:ukb-b-7212,Depression || id:finn-b-F5_DEPRESSIO,ukb-b-7212,finn-b-F5_DEPRESSIO,,rs72847398,0.156663040895574,0.0449043690527271,0.00048516661822955,DD
Leg fat mass (left) || id:ukb-b-7212,Depression || id:finn-b-F5_DEPRESSIO,ukb-b-7212,finn-b-F5_DEPRESSIO,,rs72866851,0.157438624322652,0.0449789282996097,0.000464778178243919,DD
Leg fat mass (left) || id:ukb-b-7212,Depression || id:finn-b-F5_DEPRESSIO,ukb-b-7212,finn-b-F5_DEPRESSIO,,rs72892910,0.158695151693338,0.0451931540316034,0.000445608042160414,DD
Leg fat mass (left) || id:ukb-b-7212,Depression || id:finn-b-F5_DEPRESSIO,ukb-b-7212,finn-b-F5_DEPRESSIO,,rs72987426,0.156311193728555,0.0449340283837543,0.00050388622641085,DD
Leg fat mass (left) || id:ukb-b-7212,Depression || id:finn-b-F5_DEPRESSIO,ukb-b-7212,finn-b-F5_DEPRESSIO,,rs73052033,0.16019497206212,0.0450757273911297,0.000379552478327632,DD
Leg fat mass (left) || id:ukb-b-7212,Depression || id:finn-b-F5_DEPRESSIO,ukb-b-7212,finn-b-F5_DEPRESSIO,,rs73122615,0.159568190255087,0.0450461591364146,0.000396614666963223,DD
Leg fat mass (left) || id:ukb-b-7212,Depression || id:finn-b-F5_DEPRESSIO,ukb-b-7212,finn-b-F5_DEPRESSIO,,rs73175572,0.155931269107203,0.0448852513946179,0.000512765045966948,DD
Leg fat mass (left) || id:ukb-b-7212,Depression || id:finn-b-F5_DEPRESSIO,ukb-b-7212,finn-b-F5_DEPRESSIO,,rs73213484,0.158782697932639,0.0450811166143364,0.00042805315784652,DD
Leg fat mass (left) || id:ukb-b-7212,Depression || id:finn-b-F5_DEPRESSIO,ukb-b-7212,finn-b-F5_DEPRESSIO,,rs73234451,0.158732963415663,0.0450485936864981,0.000425735732810093,DD
Leg fat mass (left) || id:ukb-b-7212,Depression || id:finn-b-F5_DEPRESSIO,ukb-b-7212,finn-b-F5_DEPRESSIO,,rs73371569,0.159278249701826,0.0450559193220126,0.000407584256917588,DD
Leg fat mass (left) || id:ukb-b-7212,Depression || id:finn-b-F5_DEPRESSIO,ukb-b-7212,finn-b-F5_DEPRESSIO,,rs73985439,0.158731695274812,0.0450589407037372,0.000427082869473522,DD
Leg fat mass (left) || id:ukb-b-7212,Depression || id:finn-b-F5_DEPRESSIO,ukb-b-7212,finn-b-F5_DEPRESSIO,,rs74288880,0.16103215728119,0.0448680209374251,0.000331925286151943,DD
Leg fat mass (left) || id:ukb-b-7212,Depression || id:finn-b-F5_DEPRESSIO,ukb-b-7212,finn-b-F5_DEPRESSIO,,rs74318565,0.159449408907715,0.0450259268723498,0.000398190951877712,DD
Leg fat mass (left) || id:ukb-b-7212,Depression || id:finn-b-F5_DEPRESSIO,ukb-b-7212,finn-b-F5_DEPRESSIO,,rs7442885,0.155986941637695,0.0450601810118831,0.000536681616212098,DD
Leg fat mass (left) || id:ukb-b-7212,Depression || id:finn-b-F5_DEPRESSIO,ukb-b-7212,finn-b-F5_DEPRESSIO,,rs745249,0.159890993933313,0.0450576096401974,0.000387299259819766,DD
Leg fat mass (left) || id:ukb-b-7212,Depression || id:finn-b-F5_DEPRESSIO,ukb-b-7212,finn-b-F5_DEPRESSIO,,rs7460093,0.158050010090557,0.0450417295583541,0.000449848184064049,DD
Leg fat mass (left) || id:ukb-b-7212,Depression || id:finn-b-F5_DEPRESSIO,ukb-b-7212,finn-b-F5_DEPRESSIO,,rs74606352,0.160326741984109,0.0450064925080196,0.000367616409740866,DD
Leg fat mass (left) || id:ukb-b-7212,Depression || id:finn-b-F5_DEPRESSIO,ukb-b-7212,finn-b-F5_DEPRESSIO,,rs74796445,0.157961926288499,0.0450278541249602,0.000451330247888691,DD
Leg fat mass (left) || id:ukb-b-7212,Depression || id:finn-b-F5_DEPRESSIO,ukb-b-7212,finn-b-F5_DEPRESSIO,,rs7498665,0.164129801047815,0.0450893714789864,0.000272532648420993,DD
Leg fat mass (left) || id:ukb-b-7212,Depression || id:finn-b-F5_DEPRESSIO,ukb-b-7212,finn-b-F5_DEPRESSIO,,rs75128238,0.158803390319596,0.0450392412590267,0.000422062943332654,DD
Leg fat mass (left) || id:ukb-b-7212,Depression || id:finn-b-F5_DEPRESSIO,ukb-b-7212,finn-b-F5_DEPRESSIO,,rs7537581,0.160246166365521,0.045044297672571,0.000374367022608913,DD
Leg fat mass (left) || id:ukb-b-7212,Depression || id:finn-b-F5_DEPRESSIO,ukb-b-7212,finn-b-F5_DEPRESSIO,,rs75412871,0.160164451374958,0.0450291657258492,0.000375250203104692,DD
Leg fat mass (left) || id:ukb-b-7212,Depression || id:finn-b-F5_DEPRESSIO,ukb-b-7212,finn-b-F5_DEPRESSIO,,rs754209,0.157938336284944,0.0450267476046641,0.000452073404020489,DD
Leg fat mass (left) || id:ukb-b-7212,Depression || id:finn-b-F5_DEPRESSIO,ukb-b-7212,finn-b-F5_DEPRESSIO,,rs754635,0.158231619047003,0.0450564543211888,0.000444994998370887,DD
Leg fat mass (left) || id:ukb-b-7212,Depression || id:finn-b-F5_DEPRESSIO,ukb-b-7212,finn-b-F5_DEPRESSIO,,rs75557510,0.158170112941634,0.0450521974745092,0.000446728379629602,DD
Leg fat mass (left) || id:ukb-b-7212,Depression || id:finn-b-F5_DEPRESSIO,ukb-b-7212,finn-b-F5_DEPRESSIO,,rs75646226,0.156318189228938,0.0448959651781063,0.000498079657627847,DD
Leg fat mass (left) || id:ukb-b-7212,Depression || id:finn-b-F5_DEPRESSIO,ukb-b-7212,finn-b-F5_DEPRESSIO,,rs756717,0.158562923273082,0.0450546060517042,0.000432605751052787,DD
Leg fat mass (left) || id:ukb-b-7212,Depression || id:finn-b-F5_DEPRESSIO,ukb-b-7212,finn-b-F5_DEPRESSIO,,rs7575523,0.160956232148671,0.0450894928782405,0.000357382124082517,DD
Leg fat mass (left) || id:ukb-b-7212,Depression || id:finn-b-F5_DEPRESSIO,ukb-b-7212,finn-b-F5_DEPRESSIO,,rs7589069,0.157537520974524,0.0450070822127914,0.000464764610444418,DD
Leg fat mass (left) || id:ukb-b-7212,Depression || id:finn-b-F5_DEPRESSIO,ukb-b-7212,finn-b-F5_DEPRESSIO,,rs7607923,0.16001059937181,0.0450295179870118,0.000380198742232013,DD
Leg fat mass (left) || id:ukb-b-7212,Depression || id:finn-b-F5_DEPRESSIO,ukb-b-7212,finn-b-F5_DEPRESSIO,,rs76084874,0.15990969706391,0.0449997946341437,0.000380047207593738,DD
Leg fat mass (left) || id:ukb-b-7212,Depression || id:finn-b-F5_DEPRESSIO,ukb-b-7212,finn-b-F5_DEPRESSIO,,rs7611660,0.157327486073258,0.0450060000101383,0.0004728194998711,DD
Leg fat mass (left) || id:ukb-b-7212,Depression || id:finn-b-F5_DEPRESSIO,ukb-b-7212,finn-b-F5_DEPRESSIO,,rs7619139,0.156232121713817,0.0449706644665348,0.000512589665625949,DD
Leg fat mass (left) || id:ukb-b-7212,Depression || id:finn-b-F5_DEPRESSIO,ukb-b-7212,finn-b-F5_DEPRESSIO,,rs7647375,0.159441141571111,0.0450400920009505,0.000400153427524239,DD
Leg fat mass (left) || id:ukb-b-7212,Depression || id:finn-b-F5_DEPRESSIO,ukb-b-7212,finn-b-F5_DEPRESSIO,,rs7663885,0.158595460844371,0.0450480374250436,0.000430595381198864,DD
Leg fat mass (left) || id:ukb-b-7212,Depression || id:finn-b-F5_DEPRESSIO,ukb-b-7212,finn-b-F5_DEPRESSIO,,rs76638898,0.158575352190519,0.0450608447173308,0.000432950669921155,DD
Leg fat mass (left) || id:ukb-b-7212,Depression || id:finn-b-F5_DEPRESSIO,ukb-b-7212,finn-b-F5_DEPRESSIO,,rs7669124,0.15905997794091,0.045048785837593,0.000414244921493572,DD
Leg fat mass (left) || id:ukb-b-7212,Depression || id:finn-b-F5_DEPRESSIO,ukb-b-7212,finn-b-F5_DEPRESSIO,,rs76702514,0.157972072653174,0.0450507826926107,0.000453984515897964,DD
Leg fat mass (left) || id:ukb-b-7212,Depression || id:finn-b-F5_DEPRESSIO,ukb-b-7212,finn-b-F5_DEPRESSIO,,rs7683836,0.161362375426403,0.0449573794580807,0.000331656124680214,DD
Leg fat mass (left) || id:ukb-b-7212,Depression || id:finn-b-F5_DEPRESSIO,ukb-b-7212,finn-b-F5_DEPRESSIO,,rs76895963,0.161109606464171,0.0450801597111952,0.000351774143598202,DD
Leg fat mass (left) || id:ukb-b-7212,Depression || id:finn-b-F5_DEPRESSIO,ukb-b-7212,finn-b-F5_DEPRESSIO,,rs7692662,0.158788723558781,0.0450481198484997,0.000423692176175512,DD
Leg fat mass (left) || id:ukb-b-7212,Depression || id:finn-b-F5_DEPRESSIO,ukb-b-7212,finn-b-F5_DEPRESSIO,,rs77051371,0.158235096007243,0.0450281533499068,0.000441185346386139,DD
Leg fat mass (left) || id:ukb-b-7212,Depression || id:finn-b-F5_DEPRESSIO,ukb-b-7212,finn-b-F5_DEPRESSIO,,rs7708584,0.161315702972717,0.0450052345527033,0.00033788445541579,DD
Leg fat mass (left) || id:ukb-b-7212,Depression || id:finn-b-F5_DEPRESSIO,ukb-b-7212,finn-b-F5_DEPRESSIO,,rs77149883,0.159260409222382,0.0450417979070168,0.000406487001698246,DD
Leg fat mass (left) || id:ukb-b-7212,Depression || id:finn-b-F5_DEPRESSIO,ukb-b-7212,finn-b-F5_DEPRESSIO,,rs7761673,0.158876910045933,0.0450476712134944,0.000420516221937699,DD
Leg fat mass (left) || id:ukb-b-7212,Depression || id:finn-b-F5_DEPRESSIO,ukb-b-7212,finn-b-F5_DEPRESSIO,,rs7774,0.158080612736588,0.0450607647107031,0.00045120853779406,DD
Leg fat mass (left) || id:ukb-b-7212,Depression || id:finn-b-F5_DEPRESSIO,ukb-b-7212,finn-b-F5_DEPRESSIO,,rs7782529,0.160137729389547,0.0450250003481165,0.000375627955819692,DD
Leg fat mass (left) || id:ukb-b-7212,Depression || id:finn-b-F5_DEPRESSIO,ukb-b-7212,finn-b-F5_DEPRESSIO,,rs77952793,0.159507473994229,0.0450368650538172,0.000397543657793115,DD
Leg fat mass (left) || id:ukb-b-7212,Depression || id:finn-b-F5_DEPRESSIO,ukb-b-7212,finn-b-F5_DEPRESSIO,,rs77978620,0.15908715157081,0.0450520118920241,0.000413696631640554,DD
Leg fat mass (left) || id:ukb-b-7212,Depression || id:finn-b-F5_DEPRESSIO,ukb-b-7212,finn-b-F5_DEPRESSIO,,rs7828631,0.159476425300302,0.0450296112058981,0.000397722998625231,DD
Leg fat mass (left) || id:ukb-b-7212,Depression || id:finn-b-F5_DEPRESSIO,ukb-b-7212,finn-b-F5_DEPRESSIO,,rs7837172,0.158497832030453,0.0450450105766014,0.000433741072033135,DD
Leg fat mass (left) || id:ukb-b-7212,Depression || id:finn-b-F5_DEPRESSIO,ukb-b-7212,finn-b-F5_DEPRESSIO,,rs784257,0.158119887620092,0.0450428400991264,0.000447376962583191,DD
Leg fat mass (left) || id:ukb-b-7212,Depression || id:finn-b-F5_DEPRESSIO,ukb-b-7212,finn-b-F5_DEPRESSIO,,rs7851623,0.160097577429855,0.0450173060054954,0.000376034088254334,DD
Leg fat mass (left) || id:ukb-b-7212,Depression || id:finn-b-F5_DEPRESSIO,ukb-b-7212,finn-b-F5_DEPRESSIO,,rs7852500,0.158538589816164,0.0450466523260288,0.000432473326195649,DD
Leg fat mass (left) || id:ukb-b-7212,Depression || id:finn-b-F5_DEPRESSIO,ukb-b-7212,finn-b-F5_DEPRESSIO,,rs785510,0.158668407186184,0.045047912058433,0.00042795778934959,DD
Leg fat mass (left) || id:ukb-b-7212,Depression || id:finn-b-F5_DEPRESSIO,ukb-b-7212,finn-b-F5_DEPRESSIO,,rs78565420,0.158727801285598,0.0450472643149657,0.000425752779367096,DD
Leg fat mass (left) || id:ukb-b-7212,Depression || id:finn-b-F5_DEPRESSIO,ukb-b-7212,finn-b-F5_DEPRESSIO,,rs7865801,0.158753605577843,0.0450521018432795,0.000425440530099007,DD
Leg fat mass (left) || id:ukb-b-7212,Depression || id:finn-b-F5_DEPRESSIO,ukb-b-7212,finn-b-F5_DEPRESSIO,,rs78719460,0.158016432338469,0.0450472788527268,0.000451844141539682,DD
Leg fat mass (left) || id:ukb-b-7212,Depression || id:finn-b-F5_DEPRESSIO,ukb-b-7212,finn-b-F5_DEPRESSIO,,rs7893571,0.157888254111001,0.0450547103167339,0.000457693587775529,DD
Leg fat mass (left) || id:ukb-b-7212,Depression || id:finn-b-F5_DEPRESSIO,ukb-b-7212,finn-b-F5_DEPRESSIO,,rs7916385,0.158912500537571,0.0450743174890216,0.000422578180925994,DD
Leg fat mass (left) || id:ukb-b-7212,Depression || id:finn-b-F5_DEPRESSIO,ukb-b-7212,finn-b-F5_DEPRESSIO,,rs7918733,0.158981386711498,0.0450465492484987,0.000416709431323206,DD
Leg fat mass (left) || id:ukb-b-7212,Depression || id:finn-b-F5_DEPRESSIO,ukb-b-7212,finn-b-F5_DEPRESSIO,,rs79197301,0.159409830636962,0.0450279994397287,0.000399766480034917,DD
Leg fat mass (left) || id:ukb-b-7212,Depression || id:finn-b-F5_DEPRESSIO,ukb-b-7212,finn-b-F5_DEPRESSIO,,rs79207593,0.1599691864178,0.0449970893816696,0.000377834273921457,DD
Leg fat mass (left) || id:ukb-b-7212,Depression || id:finn-b-F5_DEPRESSIO,ukb-b-7212,finn-b-F5_DEPRESSIO,,rs7938352,0.161733290652467,0.0450164829488954,0.000327197508111683,DD
Leg fat mass (left) || id:ukb-b-7212,Depression || id:finn-b-F5_DEPRESSIO,ukb-b-7212,finn-b-F5_DEPRESSIO,,rs7944782,0.158019822060015,0.0450620671667194,0.000453674951283059,DD
Leg fat mass (left) || id:ukb-b-7212,Depression || id:finn-b-F5_DEPRESSIO,ukb-b-7212,finn-b-F5_DEPRESSIO,,rs79518326,0.157745325907275,0.0450243551471667,0.000459091023058449,DD
Leg fat mass (left) || id:ukb-b-7212,Depression || id:finn-b-F5_DEPRESSIO,ukb-b-7212,finn-b-F5_DEPRESSIO,,rs79847714,0.157539273491099,0.0450497588716341,0.000470511389946964,DD
Leg fat mass (left) || id:ukb-b-7212,Depression || id:finn-b-F5_DEPRESSIO,ukb-b-7212,finn-b-F5_DEPRESSIO,,rs8020365,0.162636481504338,0.0450861194168017,0.000309470644467572,DD
Leg fat mass (left) || id:ukb-b-7212,Depression || id:finn-b-F5_DEPRESSIO,ukb-b-7212,finn-b-F5_DEPRESSIO,,rs8078135,0.157830864165611,0.0450505441938205,0.000459328943316662,DD
Leg fat mass (left) || id:ukb-b-7212,Depression || id:finn-b-F5_DEPRESSIO,ukb-b-7212,finn-b-F5_DEPRESSIO,,rs8093356,0.158851741272858,0.0450523085112861,0.000421982397009952,DD
Leg fat mass (left) || id:ukb-b-7212,Depression || id:finn-b-F5_DEPRESSIO,ukb-b-7212,finn-b-F5_DEPRESSIO,,rs8132491,0.159865323564722,0.0450487110552342,0.000387106461510647,DD
Leg fat mass (left) || id:ukb-b-7212,Depression || id:finn-b-F5_DEPRESSIO,ukb-b-7212,finn-b-F5_DEPRESSIO,,rs815163,0.160035546621825,0.0450545743598682,0.000382260089024736,DD
Leg fat mass (left) || id:ukb-b-7212,Depression || id:finn-b-F5_DEPRESSIO,ukb-b-7212,finn-b-F5_DEPRESSIO,,rs845081,0.15909137096312,0.0450478471488715,0.000413039991339232,DD
Leg fat mass (left) || id:ukb-b-7212,Depression || id:finn-b-F5_DEPRESSIO,ukb-b-7212,finn-b-F5_DEPRESSIO,,rs852042,0.156920765811077,0.0449739199377479,0.000484558629287528,DD
Leg fat mass (left) || id:ukb-b-7212,Depression || id:finn-b-F5_DEPRESSIO,ukb-b-7212,finn-b-F5_DEPRESSIO,,rs862320,0.157593406277217,0.0450784450718013,0.000472321592153054,DD
Leg fat mass (left) || id:ukb-b-7212,Depression || id:finn-b-F5_DEPRESSIO,ukb-b-7212,finn-b-F5_DEPRESSIO,,rs879620,0.163038974967706,0.0450748359147003,0.000297953216270499,DD
Leg fat mass (left) || id:ukb-b-7212,Depression || id:finn-b-F5_DEPRESSIO,ukb-b-7212,finn-b-F5_DEPRESSIO,,rs885325,0.156707557720694,0.044962343609394,0.000491573236645625,DD
Leg fat mass (left) || id:ukb-b-7212,Depression || id:finn-b-F5_DEPRESSIO,ukb-b-7212,finn-b-F5_DEPRESSIO,,rs898979,0.158316965559364,0.045048769531844,0.000440838105875977,DD
Leg fat mass (left) || id:ukb-b-7212,Depression || id:finn-b-F5_DEPRESSIO,ukb-b-7212,finn-b-F5_DEPRESSIO,,rs9289970,0.1568261431256,0.0449901618659871,0.000490690657091649,DD
Leg fat mass (left) || id:ukb-b-7212,Depression || id:finn-b-F5_DEPRESSIO,ukb-b-7212,finn-b-F5_DEPRESSIO,,rs9294260,0.158178096935996,0.0450688413759146,0.000448613120735266,DD
Leg fat mass (left) || id:ukb-b-7212,Depression || id:finn-b-F5_DEPRESSIO,ukb-b-7212,finn-b-F5_DEPRESSIO,,rs9309184,0.157184929531197,0.0449806727242215,0.000474951847880553,DD
Leg fat mass (left) || id:ukb-b-7212,Depression || id:finn-b-F5_DEPRESSIO,ukb-b-7212,finn-b-F5_DEPRESSIO,,rs934224,0.159470920948306,0.0450412734818073,0.000399292621468429,DD
Leg fat mass (left) || id:ukb-b-7212,Depression || id:finn-b-F5_DEPRESSIO,ukb-b-7212,finn-b-F5_DEPRESSIO,,rs9375617,0.15534636708525,0.0447475246308261,0.000517329540598228,DD
Leg fat mass (left) || id:ukb-b-7212,Depression || id:finn-b-F5_DEPRESSIO,ukb-b-7212,finn-b-F5_DEPRESSIO,,rs9387013,0.158986830710088,0.0450605357005151,0.000418246890083947,DD
Leg fat mass (left) || id:ukb-b-7212,Depression || id:finn-b-F5_DEPRESSIO,ukb-b-7212,finn-b-F5_DEPRESSIO,,rs9389857,0.158550196239198,0.0450416981961529,0.000431423325311976,DD
Leg fat mass (left) || id:ukb-b-7212,Depression || id:finn-b-F5_DEPRESSIO,ukb-b-7212,finn-b-F5_DEPRESSIO,,rs9395885,0.15726943724192,0.0450016649948153,0.000474511182963203,DD
Leg fat mass (left) || id:ukb-b-7212,Depression || id:finn-b-F5_DEPRESSIO,ukb-b-7212,finn-b-F5_DEPRESSIO,,rs9421249,0.161680542686864,0.0450092433309642,0.000327944492342953,DD
Leg fat mass (left) || id:ukb-b-7212,Depression || id:finn-b-F5_DEPRESSIO,ukb-b-7212,finn-b-F5_DEPRESSIO,,rs9449357,0.160237122224525,0.0450115912089962,0.000370984783864315,DD
Leg fat mass (left) || id:ukb-b-7212,Depression || id:finn-b-F5_DEPRESSIO,ukb-b-7212,finn-b-F5_DEPRESSIO,,rs9449999,0.158494189325925,0.0450502780771581,0.000434546526642257,DD
Leg fat mass (left) || id:ukb-b-7212,Depression || id:finn-b-F5_DEPRESSIO,ukb-b-7212,finn-b-F5_DEPRESSIO,,rs9480184,0.158306667942839,0.0450485802534798,0.000441193126036349,DD
Leg fat mass (left) || id:ukb-b-7212,Depression || id:finn-b-F5_DEPRESSIO,ukb-b-7212,finn-b-F5_DEPRESSIO,,rs9522183,0.157118137583357,0.0450502605806977,0.000487342288503467,DD
Leg fat mass (left) || id:ukb-b-7212,Depression || id:finn-b-F5_DEPRESSIO,ukb-b-7212,finn-b-F5_DEPRESSIO,,rs9522279,0.157525856389592,0.0450605672923244,0.000472519986026368,DD
Leg fat mass (left) || id:ukb-b-7212,Depression || id:finn-b-F5_DEPRESSIO,ukb-b-7212,finn-b-F5_DEPRESSIO,,rs9532583,0.158129168848604,0.0450387027125983,0.000446488400652039,DD
Leg fat mass (left) || id:ukb-b-7212,Depression || id:finn-b-F5_DEPRESSIO,ukb-b-7212,finn-b-F5_DEPRESSIO,,rs9571687,0.160706778260833,0.0449747909118137,0.000352559682948155,DD
Leg fat mass (left) || id:ukb-b-7212,Depression || id:finn-b-F5_DEPRESSIO,ukb-b-7212,finn-b-F5_DEPRESSIO,,rs959930,0.15957530637234,0.0450327620008349,0.000394796312145423,DD
Leg fat mass (left) || id:ukb-b-7212,Depression || id:finn-b-F5_DEPRESSIO,ukb-b-7212,finn-b-F5_DEPRESSIO,,rs9610311,0.15715280490934,0.0450036166025087,0.000479411238662168,DD
Leg fat mass (left) || id:ukb-b-7212,Depression || id:finn-b-F5_DEPRESSIO,ukb-b-7212,finn-b-F5_DEPRESSIO,,rs9615937,0.160421522477991,0.0449904372712254,0.000362913356095454,DD
Leg fat mass (left) || id:ukb-b-7212,Depression || id:finn-b-F5_DEPRESSIO,ukb-b-7212,finn-b-F5_DEPRESSIO,,rs961770,0.156648104662796,0.0449645808113369,0.000494328291641175,DD
Leg fat mass (left) || id:ukb-b-7212,Depression || id:finn-b-F5_DEPRESSIO,ukb-b-7212,finn-b-F5_DEPRESSIO,,rs9654453,0.159852451329355,0.0450163858041986,0.000383794214307041,DD
Leg fat mass (left) || id:ukb-b-7212,Depression || id:finn-b-F5_DEPRESSIO,ukb-b-7212,finn-b-F5_DEPRESSIO,,rs9783304,0.16199396214717,0.0450618463047818,0.00032448492119735,DD
Leg fat mass (left) || id:ukb-b-7212,Depression || id:finn-b-F5_DEPRESSIO,ukb-b-7212,finn-b-F5_DEPRESSIO,,rs9784934,0.157605784788186,0.0450142184326037,0.00046309077206021,DD
Leg fat mass (left) || id:ukb-b-7212,Depression || id:finn-b-F5_DEPRESSIO,ukb-b-7212,finn-b-F5_DEPRESSIO,,rs9788550,0.15275241804624,0.0449498550191716,0.000678097388371045,DD
Leg fat mass (left) || id:ukb-b-7212,Depression || id:finn-b-F5_DEPRESSIO,ukb-b-7212,finn-b-F5_DEPRESSIO,,rs979724,0.159826362574686,0.0450147241829035,0.000384448726225182,DD
Leg fat mass (left) || id:ukb-b-7212,Depression || id:finn-b-F5_DEPRESSIO,ukb-b-7212,finn-b-F5_DEPRESSIO,,rs9800418,0.160918486608691,0.0449512771606952,0.000343801533092271,DD
Leg fat mass (left) || id:ukb-b-7212,Depression || id:finn-b-F5_DEPRESSIO,ukb-b-7212,finn-b-F5_DEPRESSIO,,rs9833368,0.161521207043884,0.0449157548633309,0.000323033033625088,DD
Leg fat mass (left) || id:ukb-b-7212,Depression || id:finn-b-F5_DEPRESSIO,ukb-b-7212,finn-b-F5_DEPRESSIO,,rs9839081,0.160509674138918,0.0450284582247077,0.000364373492237323,DD
Leg fat mass (left) || id:ukb-b-7212,Depression || id:finn-b-F5_DEPRESSIO,ukb-b-7212,finn-b-F5_DEPRESSIO,,rs9843653,0.150738729145766,0.0449855455978668,0.000805709542980847,DD
Leg fat mass (left) || id:ukb-b-7212,Depression || id:finn-b-F5_DEPRESSIO,ukb-b-7212,finn-b-F5_DEPRESSIO,,rs9893691,0.158289557588864,0.0450460273864103,0.000441493337233339,DD
Leg fat mass (left) || id:ukb-b-7212,Depression || id:finn-b-F5_DEPRESSIO,ukb-b-7212,finn-b-F5_DEPRESSIO,,rs9917946,0.160278773684353,0.045024499069766,0.000371119702347051,DD
Leg fat mass (left) || id:ukb-b-7212,Depression || id:finn-b-F5_DEPRESSIO,ukb-b-7212,finn-b-F5_DEPRESSIO,,rs9926784,0.158936121092384,0.0450584342059118,0.000419767793224694,DD
Leg fat mass (left) || id:ukb-b-7212,Depression || id:finn-b-F5_DEPRESSIO,ukb-b-7212,finn-b-F5_DEPRESSIO,,rs9927993,0.158927139918553,0.0450412663396293,0.000417955896540922,DD
Leg fat mass (left) || id:ukb-b-7212,Depression || id:finn-b-F5_DEPRESSIO,ukb-b-7212,finn-b-F5_DEPRESSIO,,rs9955276,0.16009934391513,0.0450415153899462,0.00037872161418454,DD
Leg fat mass (left) || id:ukb-b-7212,Depression || id:finn-b-F5_DEPRESSIO,ukb-b-7212,finn-b-F5_DEPRESSIO,,rs9968060,0.159179173822259,0.0450551211678539,0.000410892108311261,DD
Leg fat mass (left) || id:ukb-b-7212,Depression || id:finn-b-F5_DEPRESSIO,ukb-b-7212,finn-b-F5_DEPRESSIO,,rs9998491,0.158076048384005,0.0450305724385439,0.000447405902168579,DD
Leg fat mass (left) || id:ukb-b-7212,Depression || id:finn-b-F5_DEPRESSIO,ukb-b-7212,finn-b-F5_DEPRESSIO,,All,0.158789544721953,0.0449905276306462,0.000416503900679474,DD
