exposure,outcome,id.exposure,id.outcome,samplesize,SNP,b,se,p
Leg fat mass (right) || id:ukb-b-18096,Depression || id:finn-b-F5_DEPRESSIO,ukb-b-18096,finn-b-F5_DEPRESSIO,,rs1005551,-1.01082811327401,0.865330127272449,0.242749655409214
Leg fat mass (right) || id:ukb-b-18096,Depression || id:finn-b-F5_DEPRESSIO,ukb-b-18096,finn-b-F5_DEPRESSIO,,rs10070916,-0.950443261670608,1.37866495099473,0.490575396308303
Leg fat mass (right) || id:ukb-b-18096,Depression || id:finn-b-F5_DEPRESSIO,ukb-b-18096,finn-b-F5_DEPRESSIO,,rs10100245,-0.197562083884861,0.717808904781661,0.783140033354128
Leg fat mass (right) || id:ukb-b-18096,Depression || id:finn-b-F5_DEPRESSIO,ukb-b-18096,finn-b-F5_DEPRESSIO,,rs10132514,-0.199895832060848,1.4770080924496,0.892344368348743
Leg fat mass (right) || id:ukb-b-18096,Depression || id:finn-b-F5_DEPRESSIO,ukb-b-18096,finn-b-F5_DEPRESSIO,,rs10141106,1.33725027381791,1.22050620229413,0.273231019897604
Leg fat mass (right) || id:ukb-b-18096,Depression || id:finn-b-F5_DEPRESSIO,ukb-b-18096,finn-b-F5_DEPRESSIO,,rs10160769,0.935428208155481,1.22604668059214,0.445485484350971
Leg fat mass (right) || id:ukb-b-18096,Depression || id:finn-b-F5_DEPRESSIO,ukb-b-18096,finn-b-F5_DEPRESSIO,,rs10172483,4.00476166161566,1.32157134833317,0.0024430848271605
Leg fat mass (right) || id:ukb-b-18096,Depression || id:finn-b-F5_DEPRESSIO,ukb-b-18096,finn-b-F5_DEPRESSIO,,rs10184537,-1.21282077018301,0.920070929104353,0.187442790475691
Leg fat mass (right) || id:ukb-b-18096,Depression || id:finn-b-F5_DEPRESSIO,ukb-b-18096,finn-b-F5_DEPRESSIO,,rs10209821,-0.28373506065702,0.809682977972471,0.726018003397438
Leg fat mass (right) || id:ukb-b-18096,Depression || id:finn-b-F5_DEPRESSIO,ukb-b-18096,finn-b-F5_DEPRESSIO,,rs10213345,-2.21029194272744,1.31100649544127,0.0918053506534571
Leg fat mass (right) || id:ukb-b-18096,Depression || id:finn-b-F5_DEPRESSIO,ukb-b-18096,finn-b-F5_DEPRESSIO,,rs10214549,-0.243157671112613,1.39495716585657,0.861620326657991
Leg fat mass (right) || id:ukb-b-18096,Depression || id:finn-b-F5_DEPRESSIO,ukb-b-18096,finn-b-F5_DEPRESSIO,,rs1022185,3.32254000997607,1.1328762374982,0.00335881456334949
Leg fat mass (right) || id:ukb-b-18096,Depression || id:finn-b-F5_DEPRESSIO,ukb-b-18096,finn-b-F5_DEPRESSIO,,rs10248136,1.48122729556286,1.34544812680293,0.270932594813768
Leg fat mass (right) || id:ukb-b-18096,Depression || id:finn-b-F5_DEPRESSIO,ukb-b-18096,finn-b-F5_DEPRESSIO,,rs1025065,-0.400214601559323,1.28717669150161,0.755858117682332
Leg fat mass (right) || id:ukb-b-18096,Depression || id:finn-b-F5_DEPRESSIO,ukb-b-18096,finn-b-F5_DEPRESSIO,,rs10260462,-0.206368266751622,1.54776200063716,0.893929766752772
Leg fat mass (right) || id:ukb-b-18096,Depression || id:finn-b-F5_DEPRESSIO,ukb-b-18096,finn-b-F5_DEPRESSIO,,rs10404726,1.18318218447409,0.697118151933384,0.0896498392318494
Leg fat mass (right) || id:ukb-b-18096,Depression || id:finn-b-F5_DEPRESSIO,ukb-b-18096,finn-b-F5_DEPRESSIO,,rs10405382,0.660425349623825,1.17805602905872,0.575066119031548
Leg fat mass (right) || id:ukb-b-18096,Depression || id:finn-b-F5_DEPRESSIO,ukb-b-18096,finn-b-F5_DEPRESSIO,,rs10410043,1.32598889575538,1.35031896723713,0.32610872489296
Leg fat mass (right) || id:ukb-b-18096,Depression || id:finn-b-F5_DEPRESSIO,ukb-b-18096,finn-b-F5_DEPRESSIO,,rs10423928,0.248264032560204,0.470197031364023,0.59749933594523
Leg fat mass (right) || id:ukb-b-18096,Depression || id:finn-b-F5_DEPRESSIO,ukb-b-18096,finn-b-F5_DEPRESSIO,,rs10448179,0.226466292036519,1.25585852856615,0.856895178104153
Leg fat mass (right) || id:ukb-b-18096,Depression || id:finn-b-F5_DEPRESSIO,ukb-b-18096,finn-b-F5_DEPRESSIO,,rs10499014,0.298972478796557,0.975594404494028,0.759260815924473
Leg fat mass (right) || id:ukb-b-18096,Depression || id:finn-b-F5_DEPRESSIO,ukb-b-18096,finn-b-F5_DEPRESSIO,,rs10505836,0.0927594614650694,1.0667338068483,0.930706071768414
Leg fat mass (right) || id:ukb-b-18096,Depression || id:finn-b-F5_DEPRESSIO,ukb-b-18096,finn-b-F5_DEPRESSIO,,rs10510998,-1.21808059945628,1.45901961912895,0.403795195461044
Leg fat mass (right) || id:ukb-b-18096,Depression || id:finn-b-F5_DEPRESSIO,ukb-b-18096,finn-b-F5_DEPRESSIO,,rs1056441,-0.120859483584692,1.07910253200618,0.910823406571469
Leg fat mass (right) || id:ukb-b-18096,Depression || id:finn-b-F5_DEPRESSIO,ukb-b-18096,finn-b-F5_DEPRESSIO,,rs1056720,-0.379609956193011,1.48590182852693,0.798356672993125
Leg fat mass (right) || id:ukb-b-18096,Depression || id:finn-b-F5_DEPRESSIO,ukb-b-18096,finn-b-F5_DEPRESSIO,,rs1057042,1.8954879952427,1.04066007581952,0.0685417353279967
Leg fat mass (right) || id:ukb-b-18096,Depression || id:finn-b-F5_DEPRESSIO,ukb-b-18096,finn-b-F5_DEPRESSIO,,rs1062557,0.673355329607434,1.09660725107496,0.539192141149036
Leg fat mass (right) || id:ukb-b-18096,Depression || id:finn-b-F5_DEPRESSIO,ukb-b-18096,finn-b-F5_DEPRESSIO,,rs10756798,-1.41252163689213,0.938959469610373,0.132491830657287
Leg fat mass (right) || id:ukb-b-18096,Depression || id:finn-b-F5_DEPRESSIO,ukb-b-18096,finn-b-F5_DEPRESSIO,,rs10760277,0.79638721283214,1.04935726867294,0.447895286443826
Leg fat mass (right) || id:ukb-b-18096,Depression || id:finn-b-F5_DEPRESSIO,ukb-b-18096,finn-b-F5_DEPRESSIO,,rs10766451,0.956050641712779,1.06227849079198,0.368120250693519
Leg fat mass (right) || id:ukb-b-18096,Depression || id:finn-b-F5_DEPRESSIO,ukb-b-18096,finn-b-F5_DEPRESSIO,,rs10771041,2.06587774610578,1.09412340560306,0.0590047564886981
Leg fat mass (right) || id:ukb-b-18096,Depression || id:finn-b-F5_DEPRESSIO,ukb-b-18096,finn-b-F5_DEPRESSIO,,rs10779795,1.63985760432461,0.997099347353154,0.100046528532785
Leg fat mass (right) || id:ukb-b-18096,Depression || id:finn-b-F5_DEPRESSIO,ukb-b-18096,finn-b-F5_DEPRESSIO,,rs10798945,0.0809664151310037,1.49209536455707,0.956725176971349
Leg fat mass (right) || id:ukb-b-18096,Depression || id:finn-b-F5_DEPRESSIO,ukb-b-18096,finn-b-F5_DEPRESSIO,,rs10817947,0.53815050760683,1.53445617709515,0.725805246980833
Leg fat mass (right) || id:ukb-b-18096,Depression || id:finn-b-F5_DEPRESSIO,ukb-b-18096,finn-b-F5_DEPRESSIO,,rs10820852,-0.666524474778714,1.19974405460169,0.578514721507944
Leg fat mass (right) || id:ukb-b-18096,Depression || id:finn-b-F5_DEPRESSIO,ukb-b-18096,finn-b-F5_DEPRESSIO,,rs10846458,-0.152163575844032,1.15073704232049,0.8948012616508
Leg fat mass (right) || id:ukb-b-18096,Depression || id:finn-b-F5_DEPRESSIO,ukb-b-18096,finn-b-F5_DEPRESSIO,,rs10865534,-0.168280759619349,1.4219724187835,0.905795732975526
Leg fat mass (right) || id:ukb-b-18096,Depression || id:finn-b-F5_DEPRESSIO,ukb-b-18096,finn-b-F5_DEPRESSIO,,rs10915840,0.995258948282726,1.16716731207702,0.393818381027218
Leg fat mass (right) || id:ukb-b-18096,Depression || id:finn-b-F5_DEPRESSIO,ukb-b-18096,finn-b-F5_DEPRESSIO,,rs10938397,-0.110178268438333,0.480377250391133,0.818590834079056
Leg fat mass (right) || id:ukb-b-18096,Depression || id:finn-b-F5_DEPRESSIO,ukb-b-18096,finn-b-F5_DEPRESSIO,,rs10947793,1.31090907688867,0.863657744773714,0.12905041599471
Leg fat mass (right) || id:ukb-b-18096,Depression || id:finn-b-F5_DEPRESSIO,ukb-b-18096,finn-b-F5_DEPRESSIO,,rs10951992,-1.86995165287011,1.14913230064644,0.103679187530274
Leg fat mass (right) || id:ukb-b-18096,Depression || id:finn-b-F5_DEPRESSIO,ukb-b-18096,finn-b-F5_DEPRESSIO,,rs10961649,1.567926111482,1.48218015226032,0.290123268147417
Leg fat mass (right) || id:ukb-b-18096,Depression || id:finn-b-F5_DEPRESSIO,ukb-b-18096,finn-b-F5_DEPRESSIO,,rs10973850,-1.5214758814895,1.35935140231439,0.26302665269098
Leg fat mass (right) || id:ukb-b-18096,Depression || id:finn-b-F5_DEPRESSIO,ukb-b-18096,finn-b-F5_DEPRESSIO,,rs10989067,-1.3634839622993,0.834481987855307,0.102273849647735
Leg fat mass (right) || id:ukb-b-18096,Depression || id:finn-b-F5_DEPRESSIO,ukb-b-18096,finn-b-F5_DEPRESSIO,,rs10992854,-0.442186235493371,0.951117563136686,0.641994275650089
Leg fat mass (right) || id:ukb-b-18096,Depression || id:finn-b-F5_DEPRESSIO,ukb-b-18096,finn-b-F5_DEPRESSIO,,rs11001963,0.702591890357167,1.05870010875737,0.506923077566772
Leg fat mass (right) || id:ukb-b-18096,Depression || id:finn-b-F5_DEPRESSIO,ukb-b-18096,finn-b-F5_DEPRESSIO,,rs11004108,2.13920339612394,1.28573882875843,0.0961537826702194
Leg fat mass (right) || id:ukb-b-18096,Depression || id:finn-b-F5_DEPRESSIO,ukb-b-18096,finn-b-F5_DEPRESSIO,,rs11012732,0.137895189049001,0.620528350720502,0.824140895741885
Leg fat mass (right) || id:ukb-b-18096,Depression || id:finn-b-F5_DEPRESSIO,ukb-b-18096,finn-b-F5_DEPRESSIO,,rs11013306,0.838465049981833,1.96573472829074,0.669714200369353
Leg fat mass (right) || id:ukb-b-18096,Depression || id:finn-b-F5_DEPRESSIO,ukb-b-18096,finn-b-F5_DEPRESSIO,,rs1106761,-1.03518824939071,0.921073009300392,0.26105807961475
Leg fat mass (right) || id:ukb-b-18096,Depression || id:finn-b-F5_DEPRESSIO,ukb-b-18096,finn-b-F5_DEPRESSIO,,rs11071646,-0.45206442755249,0.780229715701705,0.562319883167976
Leg fat mass (right) || id:ukb-b-18096,Depression || id:finn-b-F5_DEPRESSIO,ukb-b-18096,finn-b-F5_DEPRESSIO,,rs11075252,0.2001268804422,1.16073590656476,0.863112229226665
Leg fat mass (right) || id:ukb-b-18096,Depression || id:finn-b-F5_DEPRESSIO,ukb-b-18096,finn-b-F5_DEPRESSIO,,rs11077392,-0.9242882409996,1.48342557197467,0.533233973702227
Leg fat mass (right) || id:ukb-b-18096,Depression || id:finn-b-F5_DEPRESSIO,ukb-b-18096,finn-b-F5_DEPRESSIO,,rs11099020,-1.14727209171006,1.0038630802463,0.253097908947116
Leg fat mass (right) || id:ukb-b-18096,Depression || id:finn-b-F5_DEPRESSIO,ukb-b-18096,finn-b-F5_DEPRESSIO,,rs11105842,-1.59440786214227,1.0178988046445,0.117261628588774
Leg fat mass (right) || id:ukb-b-18096,Depression || id:finn-b-F5_DEPRESSIO,ukb-b-18096,finn-b-F5_DEPRESSIO,,rs11122449,0.42755141305742,1.38954209243662,0.75831647352629
Leg fat mass (right) || id:ukb-b-18096,Depression || id:finn-b-F5_DEPRESSIO,ukb-b-18096,finn-b-F5_DEPRESSIO,,rs111258054,0.781088808323754,0.898989005806585,0.384927835584944
Leg fat mass (right) || id:ukb-b-18096,Depression || id:finn-b-F5_DEPRESSIO,ukb-b-18096,finn-b-F5_DEPRESSIO,,rs11129446,1.47578604053984,1.42659317252185,0.300910532935171
Leg fat mass (right) || id:ukb-b-18096,Depression || id:finn-b-F5_DEPRESSIO,ukb-b-18096,finn-b-F5_DEPRESSIO,,rs11135450,-0.551539218681058,0.933374062383328,0.554581334468169
Leg fat mass (right) || id:ukb-b-18096,Depression || id:finn-b-F5_DEPRESSIO,ukb-b-18096,finn-b-F5_DEPRESSIO,,rs11136567,1.65695506890172,1.48121741007881,0.263292015513096
Leg fat mass (right) || id:ukb-b-18096,Depression || id:finn-b-F5_DEPRESSIO,ukb-b-18096,finn-b-F5_DEPRESSIO,,rs11150745,-0.732682978710832,0.720865511312271,0.30944206699512
Leg fat mass (right) || id:ukb-b-18096,Depression || id:finn-b-F5_DEPRESSIO,ukb-b-18096,finn-b-F5_DEPRESSIO,,rs11164968,0.781425795233712,1.42784085097678,0.584187799146724
Leg fat mass (right) || id:ukb-b-18096,Depression || id:finn-b-F5_DEPRESSIO,ukb-b-18096,finn-b-F5_DEPRESSIO,,rs111652921,0.837178513716099,1.02538143540421,0.414239552809061
Leg fat mass (right) || id:ukb-b-18096,Depression || id:finn-b-F5_DEPRESSIO,ukb-b-18096,finn-b-F5_DEPRESSIO,,rs11165643,0.216276732440238,0.706079920613717,0.759371438101513
Leg fat mass (right) || id:ukb-b-18096,Depression || id:finn-b-F5_DEPRESSIO,ukb-b-18096,finn-b-F5_DEPRESSIO,,rs111909661,-0.557653798382804,1.18290199656958,0.63733471669376
Leg fat mass (right) || id:ukb-b-18096,Depression || id:finn-b-F5_DEPRESSIO,ukb-b-18096,finn-b-F5_DEPRESSIO,,rs111947144,2.1415862229987,1.70682811757791,0.209581519054151
Leg fat mass (right) || id:ukb-b-18096,Depression || id:finn-b-F5_DEPRESSIO,ukb-b-18096,finn-b-F5_DEPRESSIO,,rs11242730,0.217108119843682,1.02475032566218,0.832212819498206
Leg fat mass (right) || id:ukb-b-18096,Depression || id:finn-b-F5_DEPRESSIO,ukb-b-18096,finn-b-F5_DEPRESSIO,,rs11245344,-1.21678666401816,1.15438734791467,0.291858170073514
Leg fat mass (right) || id:ukb-b-18096,Depression || id:finn-b-F5_DEPRESSIO,ukb-b-18096,finn-b-F5_DEPRESSIO,,rs113079574,0.639754839626889,1.05835985814819,0.545526149436495
Leg fat mass (right) || id:ukb-b-18096,Depression || id:finn-b-F5_DEPRESSIO,ukb-b-18096,finn-b-F5_DEPRESSIO,,rs113230003,1.08121812270707,0.999194678915501,0.279212737759125
Leg fat mass (right) || id:ukb-b-18096,Depression || id:finn-b-F5_DEPRESSIO,ukb-b-18096,finn-b-F5_DEPRESSIO,,rs113624107,-3.66527924457974,1.18921893165541,0.00205552988138453
Leg fat mass (right) || id:ukb-b-18096,Depression || id:finn-b-F5_DEPRESSIO,ukb-b-18096,finn-b-F5_DEPRESSIO,,rs113866544,-0.639115994314312,0.614668934422508,0.298445502688412
Leg fat mass (right) || id:ukb-b-18096,Depression || id:finn-b-F5_DEPRESSIO,ukb-b-18096,finn-b-F5_DEPRESSIO,,rs115000305,-0.232683274435379,0.906495256654499,0.797422344144993
Leg fat mass (right) || id:ukb-b-18096,Depression || id:finn-b-F5_DEPRESSIO,ukb-b-18096,finn-b-F5_DEPRESSIO,,rs11525873,1.3793297583358,1.08375909583527,0.203114836343132
Leg fat mass (right) || id:ukb-b-18096,Depression || id:finn-b-F5_DEPRESSIO,ukb-b-18096,finn-b-F5_DEPRESSIO,,rs115774037,-1.45812111852266,1.29793316465679,0.261260126824601
Leg fat mass (right) || id:ukb-b-18096,Depression || id:finn-b-F5_DEPRESSIO,ukb-b-18096,finn-b-F5_DEPRESSIO,,rs11603042,-0.258722011822364,1.4414512087246,0.857555183155439
Leg fat mass (right) || id:ukb-b-18096,Depression || id:finn-b-F5_DEPRESSIO,ukb-b-18096,finn-b-F5_DEPRESSIO,,rs11603984,1.00508047527915,0.929355233990996,0.279482993838086
Leg fat mass (right) || id:ukb-b-18096,Depression || id:finn-b-F5_DEPRESSIO,ukb-b-18096,finn-b-F5_DEPRESSIO,,rs11611979,1.47757495851424,1.41443072951791,0.296188064115782
Leg fat mass (right) || id:ukb-b-18096,Depression || id:finn-b-F5_DEPRESSIO,ukb-b-18096,finn-b-F5_DEPRESSIO,,rs11615777,2.09306581541351,1.43555822941974,0.144836334876324
Leg fat mass (right) || id:ukb-b-18096,Depression || id:finn-b-F5_DEPRESSIO,ukb-b-18096,finn-b-F5_DEPRESSIO,,rs11619722,0.40329507009119,0.903679694093221,0.655394285050167
Leg fat mass (right) || id:ukb-b-18096,Depression || id:finn-b-F5_DEPRESSIO,ukb-b-18096,finn-b-F5_DEPRESSIO,,rs11656076,1.18045308566965,1.0762954604635,0.272740113942453
Leg fat mass (right) || id:ukb-b-18096,Depression || id:finn-b-F5_DEPRESSIO,ukb-b-18096,finn-b-F5_DEPRESSIO,,rs11656758,-2.0379181881893,1.09734056287116,0.0632908322333453
Leg fat mass (right) || id:ukb-b-18096,Depression || id:finn-b-F5_DEPRESSIO,ukb-b-18096,finn-b-F5_DEPRESSIO,,rs11660485,-0.48714073370889,1.99852608701083,0.807424446613635
Leg fat mass (right) || id:ukb-b-18096,Depression || id:finn-b-F5_DEPRESSIO,ukb-b-18096,finn-b-F5_DEPRESSIO,,rs11664848,-0.298041864947296,1.11268962913657,0.788809283599619
Leg fat mass (right) || id:ukb-b-18096,Depression || id:finn-b-F5_DEPRESSIO,ukb-b-18096,finn-b-F5_DEPRESSIO,,rs1167311,0.334916952999988,0.694642569185159,0.62970446671531
Leg fat mass (right) || id:ukb-b-18096,Depression || id:finn-b-F5_DEPRESSIO,ukb-b-18096,finn-b-F5_DEPRESSIO,,rs11677279,0.406654536544166,1.15740137324109,0.725324774655607
Leg fat mass (right) || id:ukb-b-18096,Depression || id:finn-b-F5_DEPRESSIO,ukb-b-18096,finn-b-F5_DEPRESSIO,,rs11691869,1.3214363649589,0.691026355987683,0.0558401997373789
Leg fat mass (right) || id:ukb-b-18096,Depression || id:finn-b-F5_DEPRESSIO,ukb-b-18096,finn-b-F5_DEPRESSIO,,rs11698185,0.397611087669188,0.884481807264111,0.653041233385682
Leg fat mass (right) || id:ukb-b-18096,Depression || id:finn-b-F5_DEPRESSIO,ukb-b-18096,finn-b-F5_DEPRESSIO,,rs11704728,-2.4675634800605,0.962422119788991,0.0103500445860027
Leg fat mass (right) || id:ukb-b-18096,Depression || id:finn-b-F5_DEPRESSIO,ukb-b-18096,finn-b-F5_DEPRESSIO,,rs117176448,-1.44183898609472,1.02621991892863,0.160021278272067
Leg fat mass (right) || id:ukb-b-18096,Depression || id:finn-b-F5_DEPRESSIO,ukb-b-18096,finn-b-F5_DEPRESSIO,,rs117342986,1.57869122936128,1.48966728785595,0.289253363527781
Leg fat mass (right) || id:ukb-b-18096,Depression || id:finn-b-F5_DEPRESSIO,ukb-b-18096,finn-b-F5_DEPRESSIO,,rs117435593,2.70857417304717,2.26179905171981,0.231099705009428
Leg fat mass (right) || id:ukb-b-18096,Depression || id:finn-b-F5_DEPRESSIO,ukb-b-18096,finn-b-F5_DEPRESSIO,,rs11757278,0.873667656823344,1.03000818488647,0.39631864272995
Leg fat mass (right) || id:ukb-b-18096,Depression || id:finn-b-F5_DEPRESSIO,ukb-b-18096,finn-b-F5_DEPRESSIO,,rs11767811,1.05067941585045,0.944906320295036,0.266163820437995
Leg fat mass (right) || id:ukb-b-18096,Depression || id:finn-b-F5_DEPRESSIO,ukb-b-18096,finn-b-F5_DEPRESSIO,,rs11773362,0.958869135157803,1.2938957004539,0.45865013221813
Leg fat mass (right) || id:ukb-b-18096,Depression || id:finn-b-F5_DEPRESSIO,ukb-b-18096,finn-b-F5_DEPRESSIO,,rs11779446,-0.855987664064302,0.947050181517952,0.366076984583267
Leg fat mass (right) || id:ukb-b-18096,Depression || id:finn-b-F5_DEPRESSIO,ukb-b-18096,finn-b-F5_DEPRESSIO,,rs11782341,0.0927316901277843,1.2055119716612,0.938684739206775
Leg fat mass (right) || id:ukb-b-18096,Depression || id:finn-b-F5_DEPRESSIO,ukb-b-18096,finn-b-F5_DEPRESSIO,,rs11802102,-0.233153373470255,1.41187320601432,0.868835667192575
Leg fat mass (right) || id:ukb-b-18096,Depression || id:finn-b-F5_DEPRESSIO,ukb-b-18096,finn-b-F5_DEPRESSIO,,rs1182199,2.11061455589917,1.03695410789829,0.0418108192866213
Leg fat mass (right) || id:ukb-b-18096,Depression || id:finn-b-F5_DEPRESSIO,ukb-b-18096,finn-b-F5_DEPRESSIO,,rs11841757,0.290921671305688,1.02215722350647,0.775938823322683
Leg fat mass (right) || id:ukb-b-18096,Depression || id:finn-b-F5_DEPRESSIO,ukb-b-18096,finn-b-F5_DEPRESSIO,,rs11854132,0.0951112801978315,1.02244626212669,0.925885085858511
Leg fat mass (right) || id:ukb-b-18096,Depression || id:finn-b-F5_DEPRESSIO,ukb-b-18096,finn-b-F5_DEPRESSIO,,rs11914525,-0.592028621082585,0.700248906656821,0.397857101105797
Leg fat mass (right) || id:ukb-b-18096,Depression || id:finn-b-F5_DEPRESSIO,ukb-b-18096,finn-b-F5_DEPRESSIO,,rs11926300,-0.0884860044636273,1.15031805802716,0.938684739206775
Leg fat mass (right) || id:ukb-b-18096,Depression || id:finn-b-F5_DEPRESSIO,ukb-b-18096,finn-b-F5_DEPRESSIO,,rs12025220,1.15969094989231,0.835881139208097,0.165323668862101
Leg fat mass (right) || id:ukb-b-18096,Depression || id:finn-b-F5_DEPRESSIO,ukb-b-18096,finn-b-F5_DEPRESSIO,,rs12031634,-0.0279106116145358,1.17224568781051,0.981004543302515
Leg fat mass (right) || id:ukb-b-18096,Depression || id:finn-b-F5_DEPRESSIO,ukb-b-18096,finn-b-F5_DEPRESSIO,,rs12034626,2.03462742096441,1.34672957863835,0.130841614950475
Leg fat mass (right) || id:ukb-b-18096,Depression || id:finn-b-F5_DEPRESSIO,ukb-b-18096,finn-b-F5_DEPRESSIO,,rs12042959,1.23461246886394,1.07577343778203,0.251112664141615
Leg fat mass (right) || id:ukb-b-18096,Depression || id:finn-b-F5_DEPRESSIO,ukb-b-18096,finn-b-F5_DEPRESSIO,,rs12072739,0.838341123228726,0.868016915201424,0.334138279832111
Leg fat mass (right) || id:ukb-b-18096,Depression || id:finn-b-F5_DEPRESSIO,ukb-b-18096,finn-b-F5_DEPRESSIO,,rs12089815,0.134053288863389,1.5148021641563,0.929482801004912
Leg fat mass (right) || id:ukb-b-18096,Depression || id:finn-b-F5_DEPRESSIO,ukb-b-18096,finn-b-F5_DEPRESSIO,,rs12139715,2.03351437617442,1.25271349755892,0.104527923819217
Leg fat mass (right) || id:ukb-b-18096,Depression || id:finn-b-F5_DEPRESSIO,ukb-b-18096,finn-b-F5_DEPRESSIO,,rs12140153,0.941185155111004,0.752948124088804,0.211299547333711
Leg fat mass (right) || id:ukb-b-18096,Depression || id:finn-b-F5_DEPRESSIO,ukb-b-18096,finn-b-F5_DEPRESSIO,,rs12144626,0.598817131091734,0.918733132633893,0.514539418678323
Leg fat mass (right) || id:ukb-b-18096,Depression || id:finn-b-F5_DEPRESSIO,ukb-b-18096,finn-b-F5_DEPRESSIO,,rs12173616,0.506331627359779,1.54381505989109,0.742931112189828
Leg fat mass (right) || id:ukb-b-18096,Depression || id:finn-b-F5_DEPRESSIO,ukb-b-18096,finn-b-F5_DEPRESSIO,,rs12254441,0.390509662732996,1.20010286595994,0.744880757867258
Leg fat mass (right) || id:ukb-b-18096,Depression || id:finn-b-F5_DEPRESSIO,ukb-b-18096,finn-b-F5_DEPRESSIO,,rs12286929,3.06968832004912,1.16179176001859,0.00823689541059006
Leg fat mass (right) || id:ukb-b-18096,Depression || id:finn-b-F5_DEPRESSIO,ukb-b-18096,finn-b-F5_DEPRESSIO,,rs1229984,1.79401194863461,2.17742120081489,0.409987345279651
Leg fat mass (right) || id:ukb-b-18096,Depression || id:finn-b-F5_DEPRESSIO,ukb-b-18096,finn-b-F5_DEPRESSIO,,rs12316080,0.904720512320165,1.05550726437353,0.391365938307552
Leg fat mass (right) || id:ukb-b-18096,Depression || id:finn-b-F5_DEPRESSIO,ukb-b-18096,finn-b-F5_DEPRESSIO,,rs12369705,1.24196603222902,1.35840034775049,0.360566735097472
Leg fat mass (right) || id:ukb-b-18096,Depression || id:finn-b-F5_DEPRESSIO,ukb-b-18096,finn-b-F5_DEPRESSIO,,rs12427047,0.719584472675415,0.752292857797025,0.338808706669851
Leg fat mass (right) || id:ukb-b-18096,Depression || id:finn-b-F5_DEPRESSIO,ukb-b-18096,finn-b-F5_DEPRESSIO,,rs12475388,1.41012391705381,1.0527637462936,0.180424370631568
Leg fat mass (right) || id:ukb-b-18096,Depression || id:finn-b-F5_DEPRESSIO,ukb-b-18096,finn-b-F5_DEPRESSIO,,rs12477385,-0.0303083112966653,0.947134728020792,0.974472050898624
Leg fat mass (right) || id:ukb-b-18096,Depression || id:finn-b-F5_DEPRESSIO,ukb-b-18096,finn-b-F5_DEPRESSIO,,rs12479428,-0.620395706861709,1.53118940416932,0.685350780976885
Leg fat mass (right) || id:ukb-b-18096,Depression || id:finn-b-F5_DEPRESSIO,ukb-b-18096,finn-b-F5_DEPRESSIO,,rs12540060,1.00073321047104,1.37724669559876,0.467459566429573
Leg fat mass (right) || id:ukb-b-18096,Depression || id:finn-b-F5_DEPRESSIO,ukb-b-18096,finn-b-F5_DEPRESSIO,,rs12541408,-0.494140242594889,1.03489748920816,0.633022155090314
Leg fat mass (right) || id:ukb-b-18096,Depression || id:finn-b-F5_DEPRESSIO,ukb-b-18096,finn-b-F5_DEPRESSIO,,rs1263629,0.545515086680222,1.28939929578962,0.672239138726747
Leg fat mass (right) || id:ukb-b-18096,Depression || id:finn-b-F5_DEPRESSIO,ukb-b-18096,finn-b-F5_DEPRESSIO,,rs12679106,0.968893147234079,0.662076983943287,0.143353956720821
Leg fat mass (right) || id:ukb-b-18096,Depression || id:finn-b-F5_DEPRESSIO,ukb-b-18096,finn-b-F5_DEPRESSIO,,rs12724928,-0.966683152735938,0.876759138527944,0.270216506507971
Leg fat mass (right) || id:ukb-b-18096,Depression || id:finn-b-F5_DEPRESSIO,ukb-b-18096,finn-b-F5_DEPRESSIO,,rs12784071,0.690904795547899,1.50438947417688,0.646048000366506
Leg fat mass (right) || id:ukb-b-18096,Depression || id:finn-b-F5_DEPRESSIO,ukb-b-18096,finn-b-F5_DEPRESSIO,,rs1286058,3.43375333437037,1.45185543668009,0.018026207480195
Leg fat mass (right) || id:ukb-b-18096,Depression || id:finn-b-F5_DEPRESSIO,ukb-b-18096,finn-b-F5_DEPRESSIO,,rs12877270,0.0551582121384839,1.00204085384912,0.956101918947228
Leg fat mass (right) || id:ukb-b-18096,Depression || id:finn-b-F5_DEPRESSIO,ukb-b-18096,finn-b-F5_DEPRESSIO,,rs12878084,-2.30938110105821,1.36739670457394,0.0912407249626505
Leg fat mass (right) || id:ukb-b-18096,Depression || id:finn-b-F5_DEPRESSIO,ukb-b-18096,finn-b-F5_DEPRESSIO,,rs12881629,0.078336344930594,1.07059671405145,0.941670256652406
Leg fat mass (right) || id:ukb-b-18096,Depression || id:finn-b-F5_DEPRESSIO,ukb-b-18096,finn-b-F5_DEPRESSIO,,rs12889080,1.84594458927733,0.89868355004291,0.0399704603061493
Leg fat mass (right) || id:ukb-b-18096,Depression || id:finn-b-F5_DEPRESSIO,ukb-b-18096,finn-b-F5_DEPRESSIO,,rs12890931,0.0880506467320003,0.968557114052003,0.927564826606211
Leg fat mass (right) || id:ukb-b-18096,Depression || id:finn-b-F5_DEPRESSIO,ukb-b-18096,finn-b-F5_DEPRESSIO,,rs12920259,1.17060961826731,1.17060961826731,0.317310507862914
Leg fat mass (right) || id:ukb-b-18096,Depression || id:finn-b-F5_DEPRESSIO,ukb-b-18096,finn-b-F5_DEPRESSIO,,rs12921986,0.759822544670213,1.59930390450746,0.634718702349809
Leg fat mass (right) || id:ukb-b-18096,Depression || id:finn-b-F5_DEPRESSIO,ukb-b-18096,finn-b-F5_DEPRESSIO,,rs1296328,1.70102410016522,0.759883716877087,0.0251863758725954
Leg fat mass (right) || id:ukb-b-18096,Depression || id:finn-b-F5_DEPRESSIO,ukb-b-18096,finn-b-F5_DEPRESSIO,,rs12980373,1.33091839155619,1.27305237453201,0.295812938228253
Leg fat mass (right) || id:ukb-b-18096,Depression || id:finn-b-F5_DEPRESSIO,ukb-b-18096,finn-b-F5_DEPRESSIO,,rs12981222,2.54141655524262,1.49829781988184,0.0898475311932388
Leg fat mass (right) || id:ukb-b-18096,Depression || id:finn-b-F5_DEPRESSIO,ukb-b-18096,finn-b-F5_DEPRESSIO,,rs13026068,1.85077278719217,1.3134516554267,0.158808288628619
Leg fat mass (right) || id:ukb-b-18096,Depression || id:finn-b-F5_DEPRESSIO,ukb-b-18096,finn-b-F5_DEPRESSIO,,rs13033310,1.19318181818182,1.20265151515152,0.321136072513425
Leg fat mass (right) || id:ukb-b-18096,Depression || id:finn-b-F5_DEPRESSIO,ukb-b-18096,finn-b-F5_DEPRESSIO,,rs13041173,-1.1179987821799,1.12798091416365,0.321612125162779
Leg fat mass (right) || id:ukb-b-18096,Depression || id:finn-b-F5_DEPRESSIO,ukb-b-18096,finn-b-F5_DEPRESSIO,,rs13043475,1.38589044604632,0.686084379230854,0.0433833875352936
Leg fat mass (right) || id:ukb-b-18096,Depression || id:finn-b-F5_DEPRESSIO,ukb-b-18096,finn-b-F5_DEPRESSIO,,rs13044335,-1.55079534942775,1.08827743819491,0.154157201104144
Leg fat mass (right) || id:ukb-b-18096,Depression || id:finn-b-F5_DEPRESSIO,ukb-b-18096,finn-b-F5_DEPRESSIO,,rs13097918,1.99549986039713,1.07576329922644,0.0636016771865962
Leg fat mass (right) || id:ukb-b-18096,Depression || id:finn-b-F5_DEPRESSIO,ukb-b-18096,finn-b-F5_DEPRESSIO,,rs13107325,0.497249694791567,1.59462833157296,0.755171276064599
Leg fat mass (right) || id:ukb-b-18096,Depression || id:finn-b-F5_DEPRESSIO,ukb-b-18096,finn-b-F5_DEPRESSIO,,rs13172524,-0.0357772366139469,1.37146073686797,0.979187980711226
Leg fat mass (right) || id:ukb-b-18096,Depression || id:finn-b-F5_DEPRESSIO,ukb-b-18096,finn-b-F5_DEPRESSIO,,rs13172600,0.370767181223327,1.40635827360572,0.792060135384089
Leg fat mass (right) || id:ukb-b-18096,Depression || id:finn-b-F5_DEPRESSIO,ukb-b-18096,finn-b-F5_DEPRESSIO,,rs13173398,-0.864577486144178,1.40655143268232,0.538766797619185
Leg fat mass (right) || id:ukb-b-18096,Depression || id:finn-b-F5_DEPRESSIO,ukb-b-18096,finn-b-F5_DEPRESSIO,,rs1320612,-2.73837233529583,1.32156230094712,0.0382587203859133
Leg fat mass (right) || id:ukb-b-18096,Depression || id:finn-b-F5_DEPRESSIO,ukb-b-18096,finn-b-F5_DEPRESSIO,,rs1321519,0.776192937052795,1.12343714573431,0.489622672771977
Leg fat mass (right) || id:ukb-b-18096,Depression || id:finn-b-F5_DEPRESSIO,ukb-b-18096,finn-b-F5_DEPRESSIO,,rs13218383,0.897651283064861,0.94706328029779,0.343217997748845
Leg fat mass (right) || id:ukb-b-18096,Depression || id:finn-b-F5_DEPRESSIO,ukb-b-18096,finn-b-F5_DEPRESSIO,,rs1327259,0.4620849658731,1.05894471345919,0.662572917836399
Leg fat mass (right) || id:ukb-b-18096,Depression || id:finn-b-F5_DEPRESSIO,ukb-b-18096,finn-b-F5_DEPRESSIO,,rs13292699,-0.325707724241487,0.601731219361392,0.588311568766571
Leg fat mass (right) || id:ukb-b-18096,Depression || id:finn-b-F5_DEPRESSIO,ukb-b-18096,finn-b-F5_DEPRESSIO,,rs1330199,-0.828975895931641,1.15844067508396,0.474240640233065
Leg fat mass (right) || id:ukb-b-18096,Depression || id:finn-b-F5_DEPRESSIO,ukb-b-18096,finn-b-F5_DEPRESSIO,,rs13333747,1.02345668056911,0.84006270890644,0.223106244873431
Leg fat mass (right) || id:ukb-b-18096,Depression || id:finn-b-F5_DEPRESSIO,ukb-b-18096,finn-b-F5_DEPRESSIO,,rs13389219,0.84743629544482,0.956512254264451,0.37563643505875
Leg fat mass (right) || id:ukb-b-18096,Depression || id:finn-b-F5_DEPRESSIO,ukb-b-18096,finn-b-F5_DEPRESSIO,,rs13410783,-0.526711813393529,0.842738901429646,0.531971058097401
Leg fat mass (right) || id:ukb-b-18096,Depression || id:finn-b-F5_DEPRESSIO,ukb-b-18096,finn-b-F5_DEPRESSIO,,rs13427822,1.13227201702937,0.898269133509968,0.207487533126618
Leg fat mass (right) || id:ukb-b-18096,Depression || id:finn-b-F5_DEPRESSIO,ukb-b-18096,finn-b-F5_DEPRESSIO,,rs1360201,2.38607039433229,1.14573424221242,0.0372905449333584
Leg fat mass (right) || id:ukb-b-18096,Depression || id:finn-b-F5_DEPRESSIO,ukb-b-18096,finn-b-F5_DEPRESSIO,,rs1363695,-0.425742660283423,1.06001233784852,0.687949470033408
Leg fat mass (right) || id:ukb-b-18096,Depression || id:finn-b-F5_DEPRESSIO,ukb-b-18096,finn-b-F5_DEPRESSIO,,rs1383723,0.381256372744603,1.16150197278007,0.742726974158001
Leg fat mass (right) || id:ukb-b-18096,Depression || id:finn-b-F5_DEPRESSIO,ukb-b-18096,finn-b-F5_DEPRESSIO,,rs140529657,-0.483384774280327,1.51320451079059,0.749389512998084
Leg fat mass (right) || id:ukb-b-18096,Depression || id:finn-b-F5_DEPRESSIO,ukb-b-18096,finn-b-F5_DEPRESSIO,,rs140733155,1.5492678570208,0.786025603929673,0.0487222181300751
Leg fat mass (right) || id:ukb-b-18096,Depression || id:finn-b-F5_DEPRESSIO,ukb-b-18096,finn-b-F5_DEPRESSIO,,rs1412239,-0.412305391855044,0.6157093851702,0.503085486811593
Leg fat mass (right) || id:ukb-b-18096,Depression || id:finn-b-F5_DEPRESSIO,ukb-b-18096,finn-b-F5_DEPRESSIO,,rs143121872,-2.39902976508394,1.75279665493218,0.171097176726964
Leg fat mass (right) || id:ukb-b-18096,Depression || id:finn-b-F5_DEPRESSIO,ukb-b-18096,finn-b-F5_DEPRESSIO,,rs1436348,2.15831758760004,0.867935542344501,0.012892477447214
Leg fat mass (right) || id:ukb-b-18096,Depression || id:finn-b-F5_DEPRESSIO,ukb-b-18096,finn-b-F5_DEPRESSIO,,rs1441264,1.50646212590145,0.865097062398854,0.0816171123803146
Leg fat mass (right) || id:ukb-b-18096,Depression || id:finn-b-F5_DEPRESSIO,ukb-b-18096,finn-b-F5_DEPRESSIO,,rs1446585,1.32674276561147,0.92224801999822,0.150264881073092
Leg fat mass (right) || id:ukb-b-18096,Depression || id:finn-b-F5_DEPRESSIO,ukb-b-18096,finn-b-F5_DEPRESSIO,,rs1458156,0.00785805214603404,0.85652768391771,0.992680060842022
Leg fat mass (right) || id:ukb-b-18096,Depression || id:finn-b-F5_DEPRESSIO,ukb-b-18096,finn-b-F5_DEPRESSIO,,rs1477290,0.149729737823229,0.625121655411981,0.810701647151288
Leg fat mass (right) || id:ukb-b-18096,Depression || id:finn-b-F5_DEPRESSIO,ukb-b-18096,finn-b-F5_DEPRESSIO,,rs147730268,-0.307266384436802,0.611429068020708,0.615289079218992
Leg fat mass (right) || id:ukb-b-18096,Depression || id:finn-b-F5_DEPRESSIO,ukb-b-18096,finn-b-F5_DEPRESSIO,,rs1480474,-1.75839011713947,1.32174290684309,0.183400628020287
Leg fat mass (right) || id:ukb-b-18096,Depression || id:finn-b-F5_DEPRESSIO,ukb-b-18096,finn-b-F5_DEPRESSIO,,rs1481012,-0.917750561726637,1.64562169688914,0.577054511307163
Leg fat mass (right) || id:ukb-b-18096,Depression || id:finn-b-F5_DEPRESSIO,ukb-b-18096,finn-b-F5_DEPRESSIO,,rs148603272,-1.03527642804983,1.73470425295254,0.550639020333768
Leg fat mass (right) || id:ukb-b-18096,Depression || id:finn-b-F5_DEPRESSIO,ukb-b-18096,finn-b-F5_DEPRESSIO,,rs148636479,-1.71351222231069,2.17533243092603,0.430871434626462
Leg fat mass (right) || id:ukb-b-18096,Depression || id:finn-b-F5_DEPRESSIO,ukb-b-18096,finn-b-F5_DEPRESSIO,,rs1487248,0.136543512693581,1.36543512693581,0.920344325445942
Leg fat mass (right) || id:ukb-b-18096,Depression || id:finn-b-F5_DEPRESSIO,ukb-b-18096,finn-b-F5_DEPRESSIO,,rs149990157,0.341921521239932,1.13455777502341,0.763132472499926
Leg fat mass (right) || id:ukb-b-18096,Depression || id:finn-b-F5_DEPRESSIO,ukb-b-18096,finn-b-F5_DEPRESSIO,,rs1502317,0.962819346074203,0.817736978857542,0.239028168411654
Leg fat mass (right) || id:ukb-b-18096,Depression || id:finn-b-F5_DEPRESSIO,ukb-b-18096,finn-b-F5_DEPRESSIO,,rs150379976,2.38151940938319,1.50829562594268,0.114348129742201
Leg fat mass (right) || id:ukb-b-18096,Depression || id:finn-b-F5_DEPRESSIO,ukb-b-18096,finn-b-F5_DEPRESSIO,,rs1505112,0.906504350012208,1.3537131626849,0.503085486811593
Leg fat mass (right) || id:ukb-b-18096,Depression || id:finn-b-F5_DEPRESSIO,ukb-b-18096,finn-b-F5_DEPRESSIO,,rs1507331,-0.577501503910166,1.36354521756567,0.671909044345275
Leg fat mass (right) || id:ukb-b-18096,Depression || id:finn-b-F5_DEPRESSIO,ukb-b-18096,finn-b-F5_DEPRESSIO,,rs1510593,-0.243308706437097,1.38685962669145,0.860735015234121
Leg fat mass (right) || id:ukb-b-18096,Depression || id:finn-b-F5_DEPRESSIO,ukb-b-18096,finn-b-F5_DEPRESSIO,,rs1524271,1.30326009904777,1.33980010182481,0.330688866811981
Leg fat mass (right) || id:ukb-b-18096,Depression || id:finn-b-F5_DEPRESSIO,ukb-b-18096,finn-b-F5_DEPRESSIO,,rs1532460,-1.92320020514136,1.32961989491254,0.148057032922612
Leg fat mass (right) || id:ukb-b-18096,Depression || id:finn-b-F5_DEPRESSIO,ukb-b-18096,finn-b-F5_DEPRESSIO,,rs1554654,0.698077478576243,0.898674455178612,0.437285206504729
Leg fat mass (right) || id:ukb-b-18096,Depression || id:finn-b-F5_DEPRESSIO,ukb-b-18096,finn-b-F5_DEPRESSIO,,rs1557100,0.416976917349218,1.15413253909159,0.717882427315385
Leg fat mass (right) || id:ukb-b-18096,Depression || id:finn-b-F5_DEPRESSIO,ukb-b-18096,finn-b-F5_DEPRESSIO,,rs1564280,2.4106304717992,1.38917688205378,0.0826887231350612
Leg fat mass (right) || id:ukb-b-18096,Depression || id:finn-b-F5_DEPRESSIO,ukb-b-18096,finn-b-F5_DEPRESSIO,,rs1568488,-0.326644543922556,0.846306318344803,0.699522655082611
Leg fat mass (right) || id:ukb-b-18096,Depression || id:finn-b-F5_DEPRESSIO,ukb-b-18096,finn-b-F5_DEPRESSIO,,rs1584324,4.21052631578947,1.4351371386212,0.00334748968495325
Leg fat mass (right) || id:ukb-b-18096,Depression || id:finn-b-F5_DEPRESSIO,ukb-b-18096,finn-b-F5_DEPRESSIO,,rs1619442,-0.7290186231121,1.17084809166489,0.533520127186025
Leg fat mass (right) || id:ukb-b-18096,Depression || id:finn-b-F5_DEPRESSIO,ukb-b-18096,finn-b-F5_DEPRESSIO,,rs16916303,0.458907799437339,1.0840865406998,0.67206699573109
Leg fat mass (right) || id:ukb-b-18096,Depression || id:finn-b-F5_DEPRESSIO,ukb-b-18096,finn-b-F5_DEPRESSIO,,rs16996657,-1.25259208649478,0.797104055042133,0.116083133738655
Leg fat mass (right) || id:ukb-b-18096,Depression || id:finn-b-F5_DEPRESSIO,ukb-b-18096,finn-b-F5_DEPRESSIO,,rs17024393,0.681035653514623,0.473329765052685,0.150201934871965
Leg fat mass (right) || id:ukb-b-18096,Depression || id:finn-b-F5_DEPRESSIO,ukb-b-18096,finn-b-F5_DEPRESSIO,,rs17056301,1.15651503469545,1.29490144910345,0.37178768164866
Leg fat mass (right) || id:ukb-b-18096,Depression || id:finn-b-F5_DEPRESSIO,ukb-b-18096,finn-b-F5_DEPRESSIO,,rs17115183,0.248070299306357,1.05906935473099,0.814803139087016
Leg fat mass (right) || id:ukb-b-18096,Depression || id:finn-b-F5_DEPRESSIO,ukb-b-18096,finn-b-F5_DEPRESSIO,,rs17167315,-0.2172987948971,1.43960451619329,0.880020367405849
Leg fat mass (right) || id:ukb-b-18096,Depression || id:finn-b-F5_DEPRESSIO,ukb-b-18096,finn-b-F5_DEPRESSIO,,rs17193211,-0.220405104582222,1.17916730951489,0.851726582032093
Leg fat mass (right) || id:ukb-b-18096,Depression || id:finn-b-F5_DEPRESSIO,ukb-b-18096,finn-b-F5_DEPRESSIO,,rs1726254,0.9811698885224,1.384771686638,0.478608296827319
Leg fat mass (right) || id:ukb-b-18096,Depression || id:finn-b-F5_DEPRESSIO,ukb-b-18096,finn-b-F5_DEPRESSIO,,rs17270216,0.155341935012245,1.31583756716254,0.906023638639834
Leg fat mass (right) || id:ukb-b-18096,Depression || id:finn-b-F5_DEPRESSIO,ukb-b-18096,finn-b-F5_DEPRESSIO,,rs17311369,-1.47498109793131,1.47498109793131,0.317310507862914
Leg fat mass (right) || id:ukb-b-18096,Depression || id:finn-b-F5_DEPRESSIO,ukb-b-18096,finn-b-F5_DEPRESSIO,,rs17399739,-0.675090131714394,0.924059541992042,0.465041873509014
Leg fat mass (right) || id:ukb-b-18096,Depression || id:finn-b-F5_DEPRESSIO,ukb-b-18096,finn-b-F5_DEPRESSIO,,rs17425707,-1.68356198731955,1.55460830318444,0.278830923704047
Leg fat mass (right) || id:ukb-b-18096,Depression || id:finn-b-F5_DEPRESSIO,ukb-b-18096,finn-b-F5_DEPRESSIO,,rs1743767,0.101007318439345,1.18454037078868,0.932045693517667
Leg fat mass (right) || id:ukb-b-18096,Depression || id:finn-b-F5_DEPRESSIO,ukb-b-18096,finn-b-F5_DEPRESSIO,,rs17513752,-0.21329265691553,0.736829178435466,0.772218915230022
Leg fat mass (right) || id:ukb-b-18096,Depression || id:finn-b-F5_DEPRESSIO,ukb-b-18096,finn-b-F5_DEPRESSIO,,rs17619973,-0.279371228488415,1.70106036901835,0.869547269627017
Leg fat mass (right) || id:ukb-b-18096,Depression || id:finn-b-F5_DEPRESSIO,ukb-b-18096,finn-b-F5_DEPRESSIO,,rs17668356,0.412326969932261,0.835363731291333,0.621595945661678
Leg fat mass (right) || id:ukb-b-18096,Depression || id:finn-b-F5_DEPRESSIO,ukb-b-18096,finn-b-F5_DEPRESSIO,,rs17744603,-1.81100680906927,1.20206565492807,0.131918617035275
Leg fat mass (right) || id:ukb-b-18096,Depression || id:finn-b-F5_DEPRESSIO,ukb-b-18096,finn-b-F5_DEPRESSIO,,rs1778830,2.4567518958708,1.13103294828769,0.0298457721945762
Leg fat mass (right) || id:ukb-b-18096,Depression || id:finn-b-F5_DEPRESSIO,ukb-b-18096,finn-b-F5_DEPRESSIO,,rs17814208,-0.548464763462951,1.2456657339667,0.659720921592182
Leg fat mass (right) || id:ukb-b-18096,Depression || id:finn-b-F5_DEPRESSIO,ukb-b-18096,finn-b-F5_DEPRESSIO,,rs1782508,0.516087412305459,0.927344568986372,0.577854237452144
Leg fat mass (right) || id:ukb-b-18096,Depression || id:finn-b-F5_DEPRESSIO,ukb-b-18096,finn-b-F5_DEPRESSIO,,rs17879604,0.522362212771756,1.38539543387292,0.706137056836058
Leg fat mass (right) || id:ukb-b-18096,Depression || id:finn-b-F5_DEPRESSIO,ukb-b-18096,finn-b-F5_DEPRESSIO,,rs1801282,0.356523974164449,0.601116002951687,0.553111922884147
Leg fat mass (right) || id:ukb-b-18096,Depression || id:finn-b-F5_DEPRESSIO,ukb-b-18096,finn-b-F5_DEPRESSIO,,rs1814592,1.06808854201709,0.95875664401534,0.265264134179466
Leg fat mass (right) || id:ukb-b-18096,Depression || id:finn-b-F5_DEPRESSIO,ukb-b-18096,finn-b-F5_DEPRESSIO,,rs183063,1.76597614589648,1.18764477648009,0.137026294519442
Leg fat mass (right) || id:ukb-b-18096,Depression || id:finn-b-F5_DEPRESSIO,ukb-b-18096,finn-b-F5_DEPRESSIO,,rs1861410,0.141429985728429,0.713578564357072,0.842889997154009
Leg fat mass (right) || id:ukb-b-18096,Depression || id:finn-b-F5_DEPRESSIO,ukb-b-18096,finn-b-F5_DEPRESSIO,,rs1871329,0.323751427062211,1.20980796428511,0.789002893940479
Leg fat mass (right) || id:ukb-b-18096,Depression || id:finn-b-F5_DEPRESSIO,ukb-b-18096,finn-b-F5_DEPRESSIO,,rs1881505,0.399098253675479,1.7312235058085,0.817680269193141
Leg fat mass (right) || id:ukb-b-18096,Depression || id:finn-b-F5_DEPRESSIO,ukb-b-18096,finn-b-F5_DEPRESSIO,,rs1889490,1.21923731071085,1.15776316059097,0.292296379510135
Leg fat mass (right) || id:ukb-b-18096,Depression || id:finn-b-F5_DEPRESSIO,ukb-b-18096,finn-b-F5_DEPRESSIO,,rs1899689,0.325575182822987,0.926637058803887,0.725324774655607
Leg fat mass (right) || id:ukb-b-18096,Depression || id:finn-b-F5_DEPRESSIO,ukb-b-18096,finn-b-F5_DEPRESSIO,,rs1928496,-0.456229939889705,0.94447601591202,0.629059633003719
Leg fat mass (right) || id:ukb-b-18096,Depression || id:finn-b-F5_DEPRESSIO,ukb-b-18096,finn-b-F5_DEPRESSIO,,rs1941681,1.43527303902209,1.29078246462389,0.266163820437995
Leg fat mass (right) || id:ukb-b-18096,Depression || id:finn-b-F5_DEPRESSIO,ukb-b-18096,finn-b-F5_DEPRESSIO,,rs1945160,-0.638312498158714,1.09986153528886,0.561673799927944
Leg fat mass (right) || id:ukb-b-18096,Depression || id:finn-b-F5_DEPRESSIO,ukb-b-18096,finn-b-F5_DEPRESSIO,,rs1956459,1.99617204654604,1.33860949003675,0.135901626348589
Leg fat mass (right) || id:ukb-b-18096,Depression || id:finn-b-F5_DEPRESSIO,ukb-b-18096,finn-b-F5_DEPRESSIO,,rs1963729,2.22691432153344,1.21243113061265,0.0662490709111945
Leg fat mass (right) || id:ukb-b-18096,Depression || id:finn-b-F5_DEPRESSIO,ukb-b-18096,finn-b-F5_DEPRESSIO,,rs197374,0.607837178066882,1.06861697434339,0.569486893301932
Leg fat mass (right) || id:ukb-b-18096,Depression || id:finn-b-F5_DEPRESSIO,ukb-b-18096,finn-b-F5_DEPRESSIO,,rs2051559,2.5748042941091,1.21126546093842,0.0335270567047849
Leg fat mass (right) || id:ukb-b-18096,Depression || id:finn-b-F5_DEPRESSIO,ukb-b-18096,finn-b-F5_DEPRESSIO,,rs2052607,-0.0857766687461011,0.865564566437929,0.921059587382987
Leg fat mass (right) || id:ukb-b-18096,Depression || id:finn-b-F5_DEPRESSIO,ukb-b-18096,finn-b-F5_DEPRESSIO,,rs2058527,-1.18665129244237,1.42174258622813,0.403917240406425
Leg fat mass (right) || id:ukb-b-18096,Depression || id:finn-b-F5_DEPRESSIO,ukb-b-18096,finn-b-F5_DEPRESSIO,,rs2072413,-1.34018926754554,1.16696752548183,0.250788000388511
Leg fat mass (right) || id:ukb-b-18096,Depression || id:finn-b-F5_DEPRESSIO,ukb-b-18096,finn-b-F5_DEPRESSIO,,rs2073910,-1.89024259453894,1.47465734325733,0.199906434564296
Leg fat mass (right) || id:ukb-b-18096,Depression || id:finn-b-F5_DEPRESSIO,ukb-b-18096,finn-b-F5_DEPRESSIO,,rs208477,1.02958840977619,1.01324573660514,0.309567945539029
Leg fat mass (right) || id:ukb-b-18096,Depression || id:finn-b-F5_DEPRESSIO,ukb-b-18096,finn-b-F5_DEPRESSIO,,rs2106736,-2.21086154044883,1.35384217926361,0.102463208237105
Leg fat mass (right) || id:ukb-b-18096,Depression || id:finn-b-F5_DEPRESSIO,ukb-b-18096,finn-b-F5_DEPRESSIO,,rs2120450,0.621327393267191,1.17655612767617,0.59743694916693
Leg fat mass (right) || id:ukb-b-18096,Depression || id:finn-b-F5_DEPRESSIO,ukb-b-18096,finn-b-F5_DEPRESSIO,,rs2133561,0.991402292721941,0.949746734204212,0.296550329352301
Leg fat mass (right) || id:ukb-b-18096,Depression || id:finn-b-F5_DEPRESSIO,ukb-b-18096,finn-b-F5_DEPRESSIO,,rs2143175,-1.02508095265467,1.07298193175069,0.339397119206284
Leg fat mass (right) || id:ukb-b-18096,Depression || id:finn-b-F5_DEPRESSIO,ukb-b-18096,finn-b-F5_DEPRESSIO,,rs2153733,0.0383050035910941,1.33109887479052,0.977042461836352
Leg fat mass (right) || id:ukb-b-18096,Depression || id:finn-b-F5_DEPRESSIO,ukb-b-18096,finn-b-F5_DEPRESSIO,,rs215634,1.06839170459701,0.892765670964626,0.231415197577077
Leg fat mass (right) || id:ukb-b-18096,Depression || id:finn-b-F5_DEPRESSIO,ukb-b-18096,finn-b-F5_DEPRESSIO,,rs2156675,-1.95949255899593,1.42738897616514,0.169820418900623
Leg fat mass (right) || id:ukb-b-18096,Depression || id:finn-b-F5_DEPRESSIO,ukb-b-18096,finn-b-F5_DEPRESSIO,,rs2162826,-2.68933059803127,1.10331511714103,0.0147892142217614
Leg fat mass (right) || id:ukb-b-18096,Depression || id:finn-b-F5_DEPRESSIO,ukb-b-18096,finn-b-F5_DEPRESSIO,,rs2169935,-1.27205279329349,1.17897575963787,0.280611190843872
Leg fat mass (right) || id:ukb-b-18096,Depression || id:finn-b-F5_DEPRESSIO,ukb-b-18096,finn-b-F5_DEPRESSIO,,rs2172131,0.320245948888747,0.872670210721834,0.713639548038236
Leg fat mass (right) || id:ukb-b-18096,Depression || id:finn-b-F5_DEPRESSIO,ukb-b-18096,finn-b-F5_DEPRESSIO,,rs2209514,-0.51824693306106,1.10610912578704,0.639404572615755
Leg fat mass (right) || id:ukb-b-18096,Depression || id:finn-b-F5_DEPRESSIO,ukb-b-18096,finn-b-F5_DEPRESSIO,,rs2216931,0.359078824707385,0.856264889686842,0.674956824198369
Leg fat mass (right) || id:ukb-b-18096,Depression || id:finn-b-F5_DEPRESSIO,ukb-b-18096,finn-b-F5_DEPRESSIO,,rs2217769,-0.755580769106904,1.35013612840414,0.575729772249696
Leg fat mass (right) || id:ukb-b-18096,Depression || id:finn-b-F5_DEPRESSIO,ukb-b-18096,finn-b-F5_DEPRESSIO,,rs2254992,2.26995460090798,1.54996900061999,0.143052979401957
Leg fat mass (right) || id:ukb-b-18096,Depression || id:finn-b-F5_DEPRESSIO,ukb-b-18096,finn-b-F5_DEPRESSIO,,rs2275444,0.473471958031446,1.36123187934041,0.727970796961297
Leg fat mass (right) || id:ukb-b-18096,Depression || id:finn-b-F5_DEPRESSIO,ukb-b-18096,finn-b-F5_DEPRESSIO,,rs2283093,-1.40775545276706,1.27063641515988,0.267899101696336
Leg fat mass (right) || id:ukb-b-18096,Depression || id:finn-b-F5_DEPRESSIO,ukb-b-18096,finn-b-F5_DEPRESSIO,,rs2289379,-1.85923624532133,0.888845397982566,0.0364615010527638
Leg fat mass (right) || id:ukb-b-18096,Depression || id:finn-b-F5_DEPRESSIO,ukb-b-18096,finn-b-F5_DEPRESSIO,,rs2291127,-1.29659160345162,1.31894663109733,0.325582413807624
Leg fat mass (right) || id:ukb-b-18096,Depression || id:finn-b-F5_DEPRESSIO,ukb-b-18096,finn-b-F5_DEPRESSIO,,rs2292238,-1.04875309753404,1.03019109580777,0.308669393426718
Leg fat mass (right) || id:ukb-b-18096,Depression || id:finn-b-F5_DEPRESSIO,ukb-b-18096,finn-b-F5_DEPRESSIO,,rs2307111,-0.0710763626671405,0.488649993336591,0.884352001477485
Leg fat mass (right) || id:ukb-b-18096,Depression || id:finn-b-F5_DEPRESSIO,ukb-b-18096,finn-b-F5_DEPRESSIO,,rs2413471,-0.186770660570472,1.41945702033559,0.895317338291782
Leg fat mass (right) || id:ukb-b-18096,Depression || id:finn-b-F5_DEPRESSIO,ukb-b-18096,finn-b-F5_DEPRESSIO,,rs2425847,0.599992581909896,1.25452994399342,0.632464543594736
Leg fat mass (right) || id:ukb-b-18096,Depression || id:finn-b-F5_DEPRESSIO,ukb-b-18096,finn-b-F5_DEPRESSIO,,rs2433733,-1.74884917683478,0.797368015491722,0.0282874053311502
Leg fat mass (right) || id:ukb-b-18096,Depression || id:finn-b-F5_DEPRESSIO,ukb-b-18096,finn-b-F5_DEPRESSIO,,rs245767,-0.131014855628908,0.844317958497405,0.876685395448225
Leg fat mass (right) || id:ukb-b-18096,Depression || id:finn-b-F5_DEPRESSIO,ukb-b-18096,finn-b-F5_DEPRESSIO,,rs2458424,4.48746019243205,1.49130097029464,0.00262030697264857
Leg fat mass (right) || id:ukb-b-18096,Depression || id:finn-b-F5_DEPRESSIO,ukb-b-18096,finn-b-F5_DEPRESSIO,,rs2472643,-3.61250228939175,1.33258388647143,0.00671007638319349
Leg fat mass (right) || id:ukb-b-18096,Depression || id:finn-b-F5_DEPRESSIO,ukb-b-18096,finn-b-F5_DEPRESSIO,,rs252749,1.76927159857535,1.07694792956761,0.100412493986103
Leg fat mass (right) || id:ukb-b-18096,Depression || id:finn-b-F5_DEPRESSIO,ukb-b-18096,finn-b-F5_DEPRESSIO,,rs2539999,-1.9214084281805,1.36050037771787,0.157867326357658
Leg fat mass (right) || id:ukb-b-18096,Depression || id:finn-b-F5_DEPRESSIO,ukb-b-18096,finn-b-F5_DEPRESSIO,,rs255801,-0.474887926449358,1.15028408851067,0.679720885225591
Leg fat mass (right) || id:ukb-b-18096,Depression || id:finn-b-F5_DEPRESSIO,ukb-b-18096,finn-b-F5_DEPRESSIO,,rs2568958,1.2844721587915,0.625768487616371,0.0401083224493613
Leg fat mass (right) || id:ukb-b-18096,Depression || id:finn-b-F5_DEPRESSIO,ukb-b-18096,finn-b-F5_DEPRESSIO,,rs2601062,0.295516036670257,1.22803330794084,0.809832819075204
Leg fat mass (right) || id:ukb-b-18096,Depression || id:finn-b-F5_DEPRESSIO,ukb-b-18096,finn-b-F5_DEPRESSIO,,rs2606227,-1.57400256142032,1.08518189017177,0.146932947113993
Leg fat mass (right) || id:ukb-b-18096,Depression || id:finn-b-F5_DEPRESSIO,ukb-b-18096,finn-b-F5_DEPRESSIO,,rs264948,0.488283733539498,1.11898355602802,0.662572917836399
Leg fat mass (right) || id:ukb-b-18096,Depression || id:finn-b-F5_DEPRESSIO,ukb-b-18096,finn-b-F5_DEPRESSIO,,rs2660204,1.85450286309214,1.29327173347215,0.151583031813747
Leg fat mass (right) || id:ukb-b-18096,Depression || id:finn-b-F5_DEPRESSIO,ukb-b-18096,finn-b-F5_DEPRESSIO,,rs2660241,-0.74945000040293,0.918680645655205,0.414620554697132
Leg fat mass (right) || id:ukb-b-18096,Depression || id:finn-b-F5_DEPRESSIO,ukb-b-18096,finn-b-F5_DEPRESSIO,,rs2678204,0.640809443507589,0.668915120854413,0.338071233499825
Leg fat mass (right) || id:ukb-b-18096,Depression || id:finn-b-F5_DEPRESSIO,ukb-b-18096,finn-b-F5_DEPRESSIO,,rs2726036,-0.836609673585078,0.502880131663162,0.0961851203898963
Leg fat mass (right) || id:ukb-b-18096,Depression || id:finn-b-F5_DEPRESSIO,ukb-b-18096,finn-b-F5_DEPRESSIO,,rs2736084,-0.154131433801735,1.30418905524545,0.90592359597856
Leg fat mass (right) || id:ukb-b-18096,Depression || id:finn-b-F5_DEPRESSIO,ukb-b-18096,finn-b-F5_DEPRESSIO,,rs274111,-1.5638963360143,1.21862052156958,0.199375319259044
Leg fat mass (right) || id:ukb-b-18096,Depression || id:finn-b-F5_DEPRESSIO,ukb-b-18096,finn-b-F5_DEPRESSIO,,rs2744938,0.310516247909142,0.395468806299379,0.432345000260982
Leg fat mass (right) || id:ukb-b-18096,Depression || id:finn-b-F5_DEPRESSIO,ukb-b-18096,finn-b-F5_DEPRESSIO,,rs2777768,-0.476845571177546,1.60935380272422,0.767003814165864
Leg fat mass (right) || id:ukb-b-18096,Depression || id:finn-b-F5_DEPRESSIO,ukb-b-18096,finn-b-F5_DEPRESSIO,,rs279789,-0.699136500465651,1.46422927456014,0.633022155090314
Leg fat mass (right) || id:ukb-b-18096,Depression || id:finn-b-F5_DEPRESSIO,ukb-b-18096,finn-b-F5_DEPRESSIO,,rs2802295,0.845786886043908,0.669327751545539,0.206360575453439
Leg fat mass (right) || id:ukb-b-18096,Depression || id:finn-b-F5_DEPRESSIO,ukb-b-18096,finn-b-F5_DEPRESSIO,,rs28350,-0.395309882747069,0.938023450586265,0.673442159434928
Leg fat mass (right) || id:ukb-b-18096,Depression || id:finn-b-F5_DEPRESSIO,ukb-b-18096,finn-b-F5_DEPRESSIO,,rs28366156,-0.291513144375469,1.02746436132337,0.776624253577368
Leg fat mass (right) || id:ukb-b-18096,Depression || id:finn-b-F5_DEPRESSIO,ukb-b-18096,finn-b-F5_DEPRESSIO,,rs284532,1.19717061149442,1.24234686098477,0.335228269007387
Leg fat mass (right) || id:ukb-b-18096,Depression || id:finn-b-F5_DEPRESSIO,ukb-b-18096,finn-b-F5_DEPRESSIO,,rs28457808,0.660211267605634,0.87361288945796,0.44981397737873
Leg fat mass (right) || id:ukb-b-18096,Depression || id:finn-b-F5_DEPRESSIO,ukb-b-18096,finn-b-F5_DEPRESSIO,,rs2846139,1.87791646117076,1.22665250325632,0.125787228988685
Leg fat mass (right) || id:ukb-b-18096,Depression || id:finn-b-F5_DEPRESSIO,ukb-b-18096,finn-b-F5_DEPRESSIO,,rs28524674,-0.180983027411689,1.37547100832884,0.895317338291782
Leg fat mass (right) || id:ukb-b-18096,Depression || id:finn-b-F5_DEPRESSIO,ukb-b-18096,finn-b-F5_DEPRESSIO,,rs2861685,-0.324623911322249,0.870942201108472,0.709351436107037
Leg fat mass (right) || id:ukb-b-18096,Depression || id:finn-b-F5_DEPRESSIO,ukb-b-18096,finn-b-F5_DEPRESSIO,,rs28636067,-1.31940372210734,1.48143575815561,0.373130382664481
Leg fat mass (right) || id:ukb-b-18096,Depression || id:finn-b-F5_DEPRESSIO,ukb-b-18096,finn-b-F5_DEPRESSIO,,rs28670671,-1.04679690310726,1.20940613077441,0.386739059729972
Leg fat mass (right) || id:ukb-b-18096,Depression || id:finn-b-F5_DEPRESSIO,ukb-b-18096,finn-b-F5_DEPRESSIO,,rs28711392,0.947143050437357,0.875510382757221,0.279333325944732
Leg fat mass (right) || id:ukb-b-18096,Depression || id:finn-b-F5_DEPRESSIO,ukb-b-18096,finn-b-F5_DEPRESSIO,,rs28828150,2.44914148630631,1.30222644881653,0.0600081196562768
Leg fat mass (right) || id:ukb-b-18096,Depression || id:finn-b-F5_DEPRESSIO,ukb-b-18096,finn-b-F5_DEPRESSIO,,rs2920939,1.11146481350592,1.23016493922014,0.366255934816324
Leg fat mass (right) || id:ukb-b-18096,Depression || id:finn-b-F5_DEPRESSIO,ukb-b-18096,finn-b-F5_DEPRESSIO,,rs2935905,-0.536252111951811,1.3002277234996,0.680024733536626
Leg fat mass (right) || id:ukb-b-18096,Depression || id:finn-b-F5_DEPRESSIO,ukb-b-18096,finn-b-F5_DEPRESSIO,,rs2948830,0.0796123409743489,1.4993657550169,0.957654346747982
Leg fat mass (right) || id:ukb-b-18096,Depression || id:finn-b-F5_DEPRESSIO,ukb-b-18096,finn-b-F5_DEPRESSIO,,rs2954021,-1.64896202180101,0.945983475664792,0.0813127839287362
Leg fat mass (right) || id:ukb-b-18096,Depression || id:finn-b-F5_DEPRESSIO,ukb-b-18096,finn-b-F5_DEPRESSIO,,rs2963469,0.16456800266347,1.55706648673898,0.915827476158727
Leg fat mass (right) || id:ukb-b-18096,Depression || id:finn-b-F5_DEPRESSIO,ukb-b-18096,finn-b-F5_DEPRESSIO,,rs2964023,1.83331468459241,1.05867467701815,0.0833256871946906
Leg fat mass (right) || id:ukb-b-18096,Depression || id:finn-b-F5_DEPRESSIO,ukb-b-18096,finn-b-F5_DEPRESSIO,,rs2984477,-1.95204153767936,1.78661428872349,0.274572716471006
Leg fat mass (right) || id:ukb-b-18096,Depression || id:finn-b-F5_DEPRESSIO,ukb-b-18096,finn-b-F5_DEPRESSIO,,rs3113509,0.549338439564924,0.94957073124794,0.562918230326359
Leg fat mass (right) || id:ukb-b-18096,Depression || id:finn-b-F5_DEPRESSIO,ukb-b-18096,finn-b-F5_DEPRESSIO,,rs312702,-2.83284513968759,1.5977246587838,0.0762204808233432
Leg fat mass (right) || id:ukb-b-18096,Depression || id:finn-b-F5_DEPRESSIO,ukb-b-18096,finn-b-F5_DEPRESSIO,,rs329118,0.0183316376568501,1.00824007112675,0.985493807229077
Leg fat mass (right) || id:ukb-b-18096,Depression || id:finn-b-F5_DEPRESSIO,ukb-b-18096,finn-b-F5_DEPRESSIO,,rs34025316,1.56887354879197,1.30739462399331,0.230139340443417
Leg fat mass (right) || id:ukb-b-18096,Depression || id:finn-b-F5_DEPRESSIO,ukb-b-18096,finn-b-F5_DEPRESSIO,,rs34045288,1.8742759721099,0.612008480688947,0.00219496475487573
Leg fat mass (right) || id:ukb-b-18096,Depression || id:finn-b-F5_DEPRESSIO,ukb-b-18096,finn-b-F5_DEPRESSIO,,rs34234296,-0.859955796664657,0.956399437412096,0.368567621894205
Leg fat mass (right) || id:ukb-b-18096,Depression || id:finn-b-F5_DEPRESSIO,ukb-b-18096,finn-b-F5_DEPRESSIO,,rs34517439,-0.578135109875626,0.491265067459081,0.239263658080819
Leg fat mass (right) || id:ukb-b-18096,Depression || id:finn-b-F5_DEPRESSIO,ukb-b-18096,finn-b-F5_DEPRESSIO,,rs34633164,1.27483163641802,1.33612161893811,0.340018631535297
Leg fat mass (right) || id:ukb-b-18096,Depression || id:finn-b-F5_DEPRESSIO,ukb-b-18096,finn-b-F5_DEPRESSIO,,rs34769775,-0.910461350169406,0.925386946073822,0.325178960006528
Leg fat mass (right) || id:ukb-b-18096,Depression || id:finn-b-F5_DEPRESSIO,ukb-b-18096,finn-b-F5_DEPRESSIO,,rs34801745,-1.7725961920048,1.04944749675906,0.0912049373188512
Leg fat mass (right) || id:ukb-b-18096,Depression || id:finn-b-F5_DEPRESSIO,ukb-b-18096,finn-b-F5_DEPRESSIO,,rs34811474,1.36243748216895,0.756909712316086,0.0718606382258516
Leg fat mass (right) || id:ukb-b-18096,Depression || id:finn-b-F5_DEPRESSIO,ukb-b-18096,finn-b-F5_DEPRESSIO,,rs34864349,0.125939703944819,1.34658606525614,0.925486346727968
Leg fat mass (right) || id:ukb-b-18096,Depression || id:finn-b-F5_DEPRESSIO,ukb-b-18096,finn-b-F5_DEPRESSIO,,rs35184536,0.475843035244108,0.938090555195526,0.611981958262422
Leg fat mass (right) || id:ukb-b-18096,Depression || id:finn-b-F5_DEPRESSIO,ukb-b-18096,finn-b-F5_DEPRESSIO,,rs35280517,0.2608990581544,1.64366406637272,0.873881476173794
Leg fat mass (right) || id:ukb-b-18096,Depression || id:finn-b-F5_DEPRESSIO,ukb-b-18096,finn-b-F5_DEPRESSIO,,rs35394440,1.26428170069301,1.06761565836299,0.236329736314398
Leg fat mass (right) || id:ukb-b-18096,Depression || id:finn-b-F5_DEPRESSIO,ukb-b-18096,finn-b-F5_DEPRESSIO,,rs35513882,-0.469347468974752,1.06983614251598,0.660871914033236
Leg fat mass (right) || id:ukb-b-18096,Depression || id:finn-b-F5_DEPRESSIO,ukb-b-18096,finn-b-F5_DEPRESSIO,,rs35519679,1.26531940276924,1.3285853729077,0.34090381592813
Leg fat mass (right) || id:ukb-b-18096,Depression || id:finn-b-F5_DEPRESSIO,ukb-b-18096,finn-b-F5_DEPRESSIO,,rs35537311,0.943016790243526,1.272504584425,0.45865013221813
Leg fat mass (right) || id:ukb-b-18096,Depression || id:finn-b-F5_DEPRESSIO,ukb-b-18096,finn-b-F5_DEPRESSIO,,rs35568752,-0.128753154452284,1.96348560539733,0.947717172270475
Leg fat mass (right) || id:ukb-b-18096,Depression || id:finn-b-F5_DEPRESSIO,ukb-b-18096,finn-b-F5_DEPRESSIO,,rs35589149,2.375885100858,1.05743618573398,0.0246505457178244
Leg fat mass (right) || id:ukb-b-18096,Depression || id:finn-b-F5_DEPRESSIO,ukb-b-18096,finn-b-F5_DEPRESSIO,,rs35792595,-0.874830014465011,1.07404873063031,0.415349336139075
Leg fat mass (right) || id:ukb-b-18096,Depression || id:finn-b-F5_DEPRESSIO,ukb-b-18096,finn-b-F5_DEPRESSIO,,rs35867081,0.597524541186513,0.938967136150235,0.524539436435313
Leg fat mass (right) || id:ukb-b-18096,Depression || id:finn-b-F5_DEPRESSIO,ukb-b-18096,finn-b-F5_DEPRESSIO,,rs36007635,0.438614526364845,1.29528352317118,0.734892745174618
Leg fat mass (right) || id:ukb-b-18096,Depression || id:finn-b-F5_DEPRESSIO,ukb-b-18096,finn-b-F5_DEPRESSIO,,rs372519,0.784818936348223,0.814434745267023,0.335228269007387
Leg fat mass (right) || id:ukb-b-18096,Depression || id:finn-b-F5_DEPRESSIO,ukb-b-18096,finn-b-F5_DEPRESSIO,,rs3729628,-1.33104044614144,1.32132482244698,0.313765197064803
Leg fat mass (right) || id:ukb-b-18096,Depression || id:finn-b-F5_DEPRESSIO,ukb-b-18096,finn-b-F5_DEPRESSIO,,rs3730071,-1.23580810856915,2.07357986315131,0.551189882286289
Leg fat mass (right) || id:ukb-b-18096,Depression || id:finn-b-F5_DEPRESSIO,ukb-b-18096,finn-b-F5_DEPRESSIO,,rs3737992,0.361484980299069,0.837440204359509,0.66599241332642
Leg fat mass (right) || id:ukb-b-18096,Depression || id:finn-b-F5_DEPRESSIO,ukb-b-18096,finn-b-F5_DEPRESSIO,,rs3744226,-0.549891276931224,1.37472819232806,0.689156516779352
Leg fat mass (right) || id:ukb-b-18096,Depression || id:finn-b-F5_DEPRESSIO,ukb-b-18096,finn-b-F5_DEPRESSIO,,rs3748916,-1.49015145357501,1.25308190414262,0.234365227693259
Leg fat mass (right) || id:ukb-b-18096,Depression || id:finn-b-F5_DEPRESSIO,ukb-b-18096,finn-b-F5_DEPRESSIO,,rs3764002,-2.14661726144477,0.759572261741996,0.00471204704986214
Leg fat mass (right) || id:ukb-b-18096,Depression || id:finn-b-F5_DEPRESSIO,ukb-b-18096,finn-b-F5_DEPRESSIO,,rs3764625,-2.60724880077374,1.17921211321302,0.027035201756962
Leg fat mass (right) || id:ukb-b-18096,Depression || id:finn-b-F5_DEPRESSIO,ukb-b-18096,finn-b-F5_DEPRESSIO,,rs3766823,2.32450310655003,0.816048962937776,0.00439279449880433
Leg fat mass (right) || id:ukb-b-18096,Depression || id:finn-b-F5_DEPRESSIO,ukb-b-18096,finn-b-F5_DEPRESSIO,,rs3774063,-1.54511365440754,1.36189859657266,0.256572654244955
Leg fat mass (right) || id:ukb-b-18096,Depression || id:finn-b-F5_DEPRESSIO,ukb-b-18096,finn-b-F5_DEPRESSIO,,rs3803286,1.10699853984855,0.781011239770451,0.156368553615422
Leg fat mass (right) || id:ukb-b-18096,Depression || id:finn-b-F5_DEPRESSIO,ukb-b-18096,finn-b-F5_DEPRESSIO,,rs3818896,-1.70630115981731,1.29725636123097,0.188403953040625
Leg fat mass (right) || id:ukb-b-18096,Depression || id:finn-b-F5_DEPRESSIO,ukb-b-18096,finn-b-F5_DEPRESSIO,,rs383701,-0.92171469152778,1.11814569136157,0.409755301052386
Leg fat mass (right) || id:ukb-b-18096,Depression || id:finn-b-F5_DEPRESSIO,ukb-b-18096,finn-b-F5_DEPRESSIO,,rs3846949,2.04467033183349,1.54937751853221,0.186944508588939
Leg fat mass (right) || id:ukb-b-18096,Depression || id:finn-b-F5_DEPRESSIO,ukb-b-18096,finn-b-F5_DEPRESSIO,,rs396354,0.061279873938545,1.06802066007179,0.954244844978411
Leg fat mass (right) || id:ukb-b-18096,Depression || id:finn-b-F5_DEPRESSIO,ukb-b-18096,finn-b-F5_DEPRESSIO,,rs40071,0.0843103971581776,0.75317288127972,0.910870743797742
Leg fat mass (right) || id:ukb-b-18096,Depression || id:finn-b-F5_DEPRESSIO,ukb-b-18096,finn-b-F5_DEPRESSIO,,rs4055791,0.91085693097639,0.894735569366189,0.308669393426718
Leg fat mass (right) || id:ukb-b-18096,Depression || id:finn-b-F5_DEPRESSIO,ukb-b-18096,finn-b-F5_DEPRESSIO,,rs4088476,-0.579170587075758,1.14818028665896,0.613962909185628
Leg fat mass (right) || id:ukb-b-18096,Depression || id:finn-b-F5_DEPRESSIO,ukb-b-18096,finn-b-F5_DEPRESSIO,,rs41350349,-0.590900137876699,1.15494117857718,0.608911450415323
Leg fat mass (right) || id:ukb-b-18096,Depression || id:finn-b-F5_DEPRESSIO,ukb-b-18096,finn-b-F5_DEPRESSIO,,rs4240326,0.547322679890867,0.903911698607644,0.544843777697548
Leg fat mass (right) || id:ukb-b-18096,Depression || id:finn-b-F5_DEPRESSIO,ukb-b-18096,finn-b-F5_DEPRESSIO,,rs4261944,-0.111761563410158,1.32996260458088,0.933029706611467
Leg fat mass (right) || id:ukb-b-18096,Depression || id:finn-b-F5_DEPRESSIO,ukb-b-18096,finn-b-F5_DEPRESSIO,,rs4266606,0.630036402103233,1.02672598861268,0.539455648469799
Leg fat mass (right) || id:ukb-b-18096,Depression || id:finn-b-F5_DEPRESSIO,ukb-b-18096,finn-b-F5_DEPRESSIO,,rs4267103,1.40064990155432,1.12852363496662,0.214555973575175
Leg fat mass (right) || id:ukb-b-18096,Depression || id:finn-b-F5_DEPRESSIO,ukb-b-18096,finn-b-F5_DEPRESSIO,,rs4290163,-0.473656348388175,1.04018649057795,0.648852322436184
Leg fat mass (right) || id:ukb-b-18096,Depression || id:finn-b-F5_DEPRESSIO,ukb-b-18096,finn-b-F5_DEPRESSIO,,rs429343,0.190467120613304,0.865038172785423,0.825728257126606
Leg fat mass (right) || id:ukb-b-18096,Depression || id:finn-b-F5_DEPRESSIO,ukb-b-18096,finn-b-F5_DEPRESSIO,,rs429358,-0.573378962861296,0.636586092625534,0.367742945268209
Leg fat mass (right) || id:ukb-b-18096,Depression || id:finn-b-F5_DEPRESSIO,ukb-b-18096,finn-b-F5_DEPRESSIO,,rs4307239,-1.95301034531029,1.24179848545741,0.115781981986606
Leg fat mass (right) || id:ukb-b-18096,Depression || id:finn-b-F5_DEPRESSIO,ukb-b-18096,finn-b-F5_DEPRESSIO,,rs4333219,-0.197353939108719,1.58642204898932,0.900997058067379
Leg fat mass (right) || id:ukb-b-18096,Depression || id:finn-b-F5_DEPRESSIO,ukb-b-18096,finn-b-F5_DEPRESSIO,,rs4430672,-1.27704199861301,1.13326905837181,0.259799279323445
Leg fat mass (right) || id:ukb-b-18096,Depression || id:finn-b-F5_DEPRESSIO,ukb-b-18096,finn-b-F5_DEPRESSIO,,rs4482463,-2.14136242660653,0.938623758152008,0.0225256582266766
Leg fat mass (right) || id:ukb-b-18096,Depression || id:finn-b-F5_DEPRESSIO,ukb-b-18096,finn-b-F5_DEPRESSIO,,rs4561038,-0.0965031397985842,1.08910686344116,0.929393771944136
Leg fat mass (right) || id:ukb-b-18096,Depression || id:finn-b-F5_DEPRESSIO,ukb-b-18096,finn-b-F5_DEPRESSIO,,rs4561800,-2.50263856462085,1.25531710749352,0.0461924416590901
Leg fat mass (right) || id:ukb-b-18096,Depression || id:finn-b-F5_DEPRESSIO,ukb-b-18096,finn-b-F5_DEPRESSIO,,rs4562625,0.402924077591665,1.06487077649226,0.705149527894255
Leg fat mass (right) || id:ukb-b-18096,Depression || id:finn-b-F5_DEPRESSIO,ukb-b-18096,finn-b-F5_DEPRESSIO,,rs4635724,0.0491718840084428,1.33993383923007,0.970726403178714
Leg fat mass (right) || id:ukb-b-18096,Depression || id:finn-b-F5_DEPRESSIO,ukb-b-18096,finn-b-F5_DEPRESSIO,,rs464881,-0.39555750640548,1.39083123219991,0.776101047035198
Leg fat mass (right) || id:ukb-b-18096,Depression || id:finn-b-F5_DEPRESSIO,ukb-b-18096,finn-b-F5_DEPRESSIO,,rs4671238,-1.84119554964357,1.49430363449333,0.217895724527359
Leg fat mass (right) || id:ukb-b-18096,Depression || id:finn-b-F5_DEPRESSIO,ukb-b-18096,finn-b-F5_DEPRESSIO,,rs4672338,2.4462294005809,1.13538073444683,0.0311974213411076
Leg fat mass (right) || id:ukb-b-18096,Depression || id:finn-b-F5_DEPRESSIO,ukb-b-18096,finn-b-F5_DEPRESSIO,,rs4700812,0.381767258483042,1.38824457630197,0.78331623830721
Leg fat mass (right) || id:ukb-b-18096,Depression || id:finn-b-F5_DEPRESSIO,ukb-b-18096,finn-b-F5_DEPRESSIO,,rs4718964,0.543239258090385,0.957135835683059,0.570328634657464
Leg fat mass (right) || id:ukb-b-18096,Depression || id:finn-b-F5_DEPRESSIO,ukb-b-18096,finn-b-F5_DEPRESSIO,,rs4757945,-0.409964017773517,1.22989205332055,0.738882680363527
Leg fat mass (right) || id:ukb-b-18096,Depression || id:finn-b-F5_DEPRESSIO,ukb-b-18096,finn-b-F5_DEPRESSIO,,rs4776970,0.232887808829486,0.577156743620899,0.686573982946945
Leg fat mass (right) || id:ukb-b-18096,Depression || id:finn-b-F5_DEPRESSIO,ukb-b-18096,finn-b-F5_DEPRESSIO,,rs4784776,0.591080340667869,1.5933470052786,0.71066155832599
Leg fat mass (right) || id:ukb-b-18096,Depression || id:finn-b-F5_DEPRESSIO,ukb-b-18096,finn-b-F5_DEPRESSIO,,rs4790292,-1.69426154990496,0.66576673370249,0.0109331706609168
Leg fat mass (right) || id:ukb-b-18096,Depression || id:finn-b-F5_DEPRESSIO,ukb-b-18096,finn-b-F5_DEPRESSIO,,rs4792716,-0.683638672628614,1.28616767223349,0.59505049695982
Leg fat mass (right) || id:ukb-b-18096,Depression || id:finn-b-F5_DEPRESSIO,ukb-b-18096,finn-b-F5_DEPRESSIO,,rs4796299,-1.52193764404053,1.40683311633998,0.279333325944732
Leg fat mass (right) || id:ukb-b-18096,Depression || id:finn-b-F5_DEPRESSIO,ukb-b-18096,finn-b-F5_DEPRESSIO,,rs4808187,1.82947287125955,1.4813032936842,0.216814599847529
Leg fat mass (right) || id:ukb-b-18096,Depression || id:finn-b-F5_DEPRESSIO,ukb-b-18096,finn-b-F5_DEPRESSIO,,rs4808762,-0.45552307310857,0.720764356184447,0.527386877223793
Leg fat mass (right) || id:ukb-b-18096,Depression || id:finn-b-F5_DEPRESSIO,ukb-b-18096,finn-b-F5_DEPRESSIO,,rs4820323,-0.221642667691148,0.820077870457249,0.786952335429884
Leg fat mass (right) || id:ukb-b-18096,Depression || id:finn-b-F5_DEPRESSIO,ukb-b-18096,finn-b-F5_DEPRESSIO,,rs4842920,0.177732357286471,0.644279795163458,0.782654008414754
Leg fat mass (right) || id:ukb-b-18096,Depression || id:finn-b-F5_DEPRESSIO,ukb-b-18096,finn-b-F5_DEPRESSIO,,rs484455,-1.17891987620046,1.45097830916979,0.416504786576218
Leg fat mass (right) || id:ukb-b-18096,Depression || id:finn-b-F5_DEPRESSIO,ukb-b-18096,finn-b-F5_DEPRESSIO,,rs4876611,0.291982737980531,0.689079261634052,0.671763599100528
Leg fat mass (right) || id:ukb-b-18096,Depression || id:finn-b-F5_DEPRESSIO,ukb-b-18096,finn-b-F5_DEPRESSIO,,rs4881171,0.136068306289757,0.99329863591523,0.891041622955057
Leg fat mass (right) || id:ukb-b-18096,Depression || id:finn-b-F5_DEPRESSIO,ukb-b-18096,finn-b-F5_DEPRESSIO,,rs4886643,-1.54822370214949,1.27092990474958,0.223154887366949
Leg fat mass (right) || id:ukb-b-18096,Depression || id:finn-b-F5_DEPRESSIO,ukb-b-18096,finn-b-F5_DEPRESSIO,,rs4924136,1.00455220763565,1.30063075304406,0.439902585839137
Leg fat mass (right) || id:ukb-b-18096,Depression || id:finn-b-F5_DEPRESSIO,ukb-b-18096,finn-b-F5_DEPRESSIO,,rs4936175,0.825494532372634,1.16180711963556,0.477377817921635
Leg fat mass (right) || id:ukb-b-18096,Depression || id:finn-b-F5_DEPRESSIO,ukb-b-18096,finn-b-F5_DEPRESSIO,,rs494048,0.913160428391349,1.09182225133748,0.402950363170514
Leg fat mass (right) || id:ukb-b-18096,Depression || id:finn-b-F5_DEPRESSIO,ukb-b-18096,finn-b-F5_DEPRESSIO,,rs4947584,-1.472381554582,1.00266473962332,0.141977015157607
Leg fat mass (right) || id:ukb-b-18096,Depression || id:finn-b-F5_DEPRESSIO,ukb-b-18096,finn-b-F5_DEPRESSIO,,rs526729,-1.57292173213503,1.39281619028751,0.258766938481511
Leg fat mass (right) || id:ukb-b-18096,Depression || id:finn-b-F5_DEPRESSIO,ukb-b-18096,finn-b-F5_DEPRESSIO,,rs529200,1.84439716529166,0.841841029801173,0.0284583717471218
Leg fat mass (right) || id:ukb-b-18096,Depression || id:finn-b-F5_DEPRESSIO,ukb-b-18096,finn-b-F5_DEPRESSIO,,rs530255,0.643675609688428,1.20966623200067,0.594649748249633
Leg fat mass (right) || id:ukb-b-18096,Depression || id:finn-b-F5_DEPRESSIO,ukb-b-18096,finn-b-F5_DEPRESSIO,,rs543874,0.0941595405014424,0.405171356097116,0.816231724285312
Leg fat mass (right) || id:ukb-b-18096,Depression || id:finn-b-F5_DEPRESSIO,ukb-b-18096,finn-b-F5_DEPRESSIO,,rs553634,2.58661292688765,1.44129675528068,0.0727106202647051
Leg fat mass (right) || id:ukb-b-18096,Depression || id:finn-b-F5_DEPRESSIO,ukb-b-18096,finn-b-F5_DEPRESSIO,,rs556140,1.11874646154055,1.35605631701885,0.409371590694505
Leg fat mass (right) || id:ukb-b-18096,Depression || id:finn-b-F5_DEPRESSIO,ukb-b-18096,finn-b-F5_DEPRESSIO,,rs55707359,-2.86853425139744,3.77727791328488,0.447602325576077
Leg fat mass (right) || id:ukb-b-18096,Depression || id:finn-b-F5_DEPRESSIO,ukb-b-18096,finn-b-F5_DEPRESSIO,,rs55726687,-0.312329608317496,0.704065049258085,0.657325281374496
Leg fat mass (right) || id:ukb-b-18096,Depression || id:finn-b-F5_DEPRESSIO,ukb-b-18096,finn-b-F5_DEPRESSIO,,rs55736343,0.869939202001838,1.42709127519403,0.542134072927327
Leg fat mass (right) || id:ukb-b-18096,Depression || id:finn-b-F5_DEPRESSIO,ukb-b-18096,finn-b-F5_DEPRESSIO,,rs55962356,0.73606949331273,1.07017195836248,0.491575663856223
Leg fat mass (right) || id:ukb-b-18096,Depression || id:finn-b-F5_DEPRESSIO,ukb-b-18096,finn-b-F5_DEPRESSIO,,rs56094641,0.284938168417453,0.208954656839466,0.172682041418748
Leg fat mass (right) || id:ukb-b-18096,Depression || id:finn-b-F5_DEPRESSIO,ukb-b-18096,finn-b-F5_DEPRESSIO,,rs56163533,-2.61984526459804,1.51875087802785,0.0845274725159049
Leg fat mass (right) || id:ukb-b-18096,Depression || id:finn-b-F5_DEPRESSIO,ukb-b-18096,finn-b-F5_DEPRESSIO,,rs56203622,-0.509127449338469,0.924468263272484,0.581822452571139
Leg fat mass (right) || id:ukb-b-18096,Depression || id:finn-b-F5_DEPRESSIO,ukb-b-18096,finn-b-F5_DEPRESSIO,,rs56356382,-0.501972456476035,0.87402263009945,0.565748351899219
Leg fat mass (right) || id:ukb-b-18096,Depression || id:finn-b-F5_DEPRESSIO,ukb-b-18096,finn-b-F5_DEPRESSIO,,rs56399737,1.04214700728581,1.01447938762335,0.304292060744164
Leg fat mass (right) || id:ukb-b-18096,Depression || id:finn-b-F5_DEPRESSIO,ukb-b-18096,finn-b-F5_DEPRESSIO,,rs57636386,0.648380745468124,0.845271233620748,0.443040924229245
Leg fat mass (right) || id:ukb-b-18096,Depression || id:finn-b-F5_DEPRESSIO,ukb-b-18096,finn-b-F5_DEPRESSIO,,rs577525,-0.869990028575826,0.729453177805885,0.23300234150499
Leg fat mass (right) || id:ukb-b-18096,Depression || id:finn-b-F5_DEPRESSIO,ukb-b-18096,finn-b-F5_DEPRESSIO,,rs57803,0.180398422802361,1.14252334441495,0.874539745432806
Leg fat mass (right) || id:ukb-b-18096,Depression || id:finn-b-F5_DEPRESSIO,ukb-b-18096,finn-b-F5_DEPRESSIO,,rs57989773,-0.292378356456374,1.28269214445377,0.819691971013528
Leg fat mass (right) || id:ukb-b-18096,Depression || id:finn-b-F5_DEPRESSIO,ukb-b-18096,finn-b-F5_DEPRESSIO,,rs58862095,0.768659367632336,0.704066143461551,0.274946026735431
Leg fat mass (right) || id:ukb-b-18096,Depression || id:finn-b-F5_DEPRESSIO,ukb-b-18096,finn-b-F5_DEPRESSIO,,rs59068084,2.37747469190837,1.41636790156243,0.0932355987798769
Leg fat mass (right) || id:ukb-b-18096,Depression || id:finn-b-F5_DEPRESSIO,ukb-b-18096,finn-b-F5_DEPRESSIO,,rs6016590,1.37838141748392,1.31792609215568,0.295620336733418
Leg fat mass (right) || id:ukb-b-18096,Depression || id:finn-b-F5_DEPRESSIO,ukb-b-18096,finn-b-F5_DEPRESSIO,,rs60661769,0.37811472000605,1.19106136801906,0.750894345430481
Leg fat mass (right) || id:ukb-b-18096,Depression || id:finn-b-F5_DEPRESSIO,ukb-b-18096,finn-b-F5_DEPRESSIO,,rs60711578,-2.33130330614675,1.37726226086208,0.090510998275282
Leg fat mass (right) || id:ukb-b-18096,Depression || id:finn-b-F5_DEPRESSIO,ukb-b-18096,finn-b-F5_DEPRESSIO,,rs61023343,-0.297622000218256,1.12104286748876,0.790634534468998
Leg fat mass (right) || id:ukb-b-18096,Depression || id:finn-b-F5_DEPRESSIO,ukb-b-18096,finn-b-F5_DEPRESSIO,,rs6103254,0.38986599928315,1.13815719145565,0.731943466087736
Leg fat mass (right) || id:ukb-b-18096,Depression || id:finn-b-F5_DEPRESSIO,ukb-b-18096,finn-b-F5_DEPRESSIO,,rs61742688,-0.356031284813543,0.953245052887873,0.708780828031886
Leg fat mass (right) || id:ukb-b-18096,Depression || id:finn-b-F5_DEPRESSIO,ukb-b-18096,finn-b-F5_DEPRESSIO,,rs61754230,-1.57432196484693,2.14177627749971,0.462306395858833
Leg fat mass (right) || id:ukb-b-18096,Depression || id:finn-b-F5_DEPRESSIO,ukb-b-18096,finn-b-F5_DEPRESSIO,,rs61813324,0.895770682705228,0.805127220764818,0.265887658876158
Leg fat mass (right) || id:ukb-b-18096,Depression || id:finn-b-F5_DEPRESSIO,ukb-b-18096,finn-b-F5_DEPRESSIO,,rs61826925,4.14050013214362,1.25221812507079,0.000944583371566458
Leg fat mass (right) || id:ukb-b-18096,Depression || id:finn-b-F5_DEPRESSIO,ukb-b-18096,finn-b-F5_DEPRESSIO,,rs61871585,-0.615580134633333,1.20137413371989,0.608373404129818
Leg fat mass (right) || id:ukb-b-18096,Depression || id:finn-b-F5_DEPRESSIO,ukb-b-18096,finn-b-F5_DEPRESSIO,,rs61903695,-0.223705947136564,1.09271751101322,0.837787448328823
Leg fat mass (right) || id:ukb-b-18096,Depression || id:finn-b-F5_DEPRESSIO,ukb-b-18096,finn-b-F5_DEPRESSIO,,rs61969510,0.195832041385838,0.922042528191654,0.831803269909901
Leg fat mass (right) || id:ukb-b-18096,Depression || id:finn-b-F5_DEPRESSIO,ukb-b-18096,finn-b-F5_DEPRESSIO,,rs61991651,-0.312421545928757,1.417054869034,0.825503233278387
Leg fat mass (right) || id:ukb-b-18096,Depression || id:finn-b-F5_DEPRESSIO,ukb-b-18096,finn-b-F5_DEPRESSIO,,rs61992671,-0.731834814427601,0.892677630785315,0.412318830564319
Leg fat mass (right) || id:ukb-b-18096,Depression || id:finn-b-F5_DEPRESSIO,ukb-b-18096,finn-b-F5_DEPRESSIO,,rs62062775,-0.284615082636517,1.38381816040513,0.837045757707
Leg fat mass (right) || id:ukb-b-18096,Depression || id:finn-b-F5_DEPRESSIO,ukb-b-18096,finn-b-F5_DEPRESSIO,,rs62072665,1.61192249004738,1.46277663687574,0.270478720842334
Leg fat mass (right) || id:ukb-b-18096,Depression || id:finn-b-F5_DEPRESSIO,ukb-b-18096,finn-b-F5_DEPRESSIO,,rs62107261,0.459125805269868,0.623899177892853,0.461793117829293
Leg fat mass (right) || id:ukb-b-18096,Depression || id:finn-b-F5_DEPRESSIO,ukb-b-18096,finn-b-F5_DEPRESSIO,,rs62190049,1.56979964945466,1.49195834452302,0.292719765821562
Leg fat mass (right) || id:ukb-b-18096,Depression || id:finn-b-F5_DEPRESSIO,ukb-b-18096,finn-b-F5_DEPRESSIO,,rs62237500,-1.96796601154015,1.40569000824297,0.161513318467542
Leg fat mass (right) || id:ukb-b-18096,Depression || id:finn-b-F5_DEPRESSIO,ukb-b-18096,finn-b-F5_DEPRESSIO,,rs62270293,-0.152766842544391,1.30439380941749,0.906767245585279
Leg fat mass (right) || id:ukb-b-18096,Depression || id:finn-b-F5_DEPRESSIO,ukb-b-18096,finn-b-F5_DEPRESSIO,,rs62396185,-1.3055575954893,0.456945158421254,0.00427473396017256
Leg fat mass (right) || id:ukb-b-18096,Depression || id:finn-b-F5_DEPRESSIO,ukb-b-18096,finn-b-F5_DEPRESSIO,,rs6265,-0.113977161826199,0.534267946060308,0.831066975685199
Leg fat mass (right) || id:ukb-b-18096,Depression || id:finn-b-F5_DEPRESSIO,ukb-b-18096,finn-b-F5_DEPRESSIO,,rs642992,1.71806851183275,1.4100010545386,0.223038811952708
Leg fat mass (right) || id:ukb-b-18096,Depression || id:finn-b-F5_DEPRESSIO,ukb-b-18096,finn-b-F5_DEPRESSIO,,rs6441176,-3.36862367661213,1.2947431137999,0.00927440522548603
Leg fat mass (right) || id:ukb-b-18096,Depression || id:finn-b-F5_DEPRESSIO,ukb-b-18096,finn-b-F5_DEPRESSIO,,rs6444950,0.20252098117365,1.05310910210298,0.847501193268095
Leg fat mass (right) || id:ukb-b-18096,Depression || id:finn-b-F5_DEPRESSIO,ukb-b-18096,finn-b-F5_DEPRESSIO,,rs6461999,-0.865607044250429,1.11185732408029,0.43626046418125
Leg fat mass (right) || id:ukb-b-18096,Depression || id:finn-b-F5_DEPRESSIO,ukb-b-18096,finn-b-F5_DEPRESSIO,,rs6469351,-0.712398584972868,1.170369103884,0.542726189445172
Leg fat mass (right) || id:ukb-b-18096,Depression || id:finn-b-F5_DEPRESSIO,ukb-b-18096,finn-b-F5_DEPRESSIO,,rs6472804,2.29633465901873,1.35825752171746,0.0909041502900886
Leg fat mass (right) || id:ukb-b-18096,Depression || id:finn-b-F5_DEPRESSIO,ukb-b-18096,finn-b-F5_DEPRESSIO,,rs6475062,-0.485803118284486,1.53170865529697,0.751119028735199
Leg fat mass (right) || id:ukb-b-18096,Depression || id:finn-b-F5_DEPRESSIO,ukb-b-18096,finn-b-F5_DEPRESSIO,,rs6495017,1.13726005784907,1.03207993689193,0.270500440674654
Leg fat mass (right) || id:ukb-b-18096,Depression || id:finn-b-F5_DEPRESSIO,ukb-b-18096,finn-b-F5_DEPRESSIO,,rs6508405,3.06798312609281,1.50799170604562,0.0419029452259954
Leg fat mass (right) || id:ukb-b-18096,Depression || id:finn-b-F5_DEPRESSIO,ukb-b-18096,finn-b-F5_DEPRESSIO,,rs6538790,1.8068258383089,1.32889126172397,0.173940985329263
Leg fat mass (right) || id:ukb-b-18096,Depression || id:finn-b-F5_DEPRESSIO,ukb-b-18096,finn-b-F5_DEPRESSIO,,rs6545625,-0.82971951591052,1.4131160505351,0.557098964828202
Leg fat mass (right) || id:ukb-b-18096,Depression || id:finn-b-F5_DEPRESSIO,ukb-b-18096,finn-b-F5_DEPRESSIO,,rs6551304,1.79414542020774,0.988353792886371,0.0694798734636229
Leg fat mass (right) || id:ukb-b-18096,Depression || id:finn-b-F5_DEPRESSIO,ukb-b-18096,finn-b-F5_DEPRESSIO,,rs6561937,2.97406982868119,1.04557142414573,0.00444889433892135
Leg fat mass (right) || id:ukb-b-18096,Depression || id:finn-b-F5_DEPRESSIO,ukb-b-18096,finn-b-F5_DEPRESSIO,,rs6567160,-0.181172826117466,0.3572421923443,0.612054586012991
Leg fat mass (right) || id:ukb-b-18096,Depression || id:finn-b-F5_DEPRESSIO,ukb-b-18096,finn-b-F5_DEPRESSIO,,rs6569648,0.224884491147729,0.906352646140846,0.804041328918838
Leg fat mass (right) || id:ukb-b-18096,Depression || id:finn-b-F5_DEPRESSIO,ukb-b-18096,finn-b-F5_DEPRESSIO,,rs6575340,-0.232051463857985,0.728383761554229,0.750041934181799
Leg fat mass (right) || id:ukb-b-18096,Depression || id:finn-b-F5_DEPRESSIO,ukb-b-18096,finn-b-F5_DEPRESSIO,,rs6594682,-1.05465599602953,0.966029441741335,0.274946026735431
Leg fat mass (right) || id:ukb-b-18096,Depression || id:finn-b-F5_DEPRESSIO,ukb-b-18096,finn-b-F5_DEPRESSIO,,rs66679256,0.526231161655289,0.82589057315344,0.524015326900126
Leg fat mass (right) || id:ukb-b-18096,Depression || id:finn-b-F5_DEPRESSIO,ukb-b-18096,finn-b-F5_DEPRESSIO,,rs6669189,1.0233414890549,1.01403838460894,0.312891043961832
Leg fat mass (right) || id:ukb-b-18096,Depression || id:finn-b-F5_DEPRESSIO,ukb-b-18096,finn-b-F5_DEPRESSIO,,rs667515,1.48283711097705,1.45748946805437,0.308967317012243
Leg fat mass (right) || id:ukb-b-18096,Depression || id:finn-b-F5_DEPRESSIO,ukb-b-18096,finn-b-F5_DEPRESSIO,,rs6688826,2.06675440068539,1.20119059185134,0.0853255698048197
Leg fat mass (right) || id:ukb-b-18096,Depression || id:finn-b-F5_DEPRESSIO,ukb-b-18096,finn-b-F5_DEPRESSIO,,rs66954327,1.68722364440307,1.09572570010085,0.123603501794514
Leg fat mass (right) || id:ukb-b-18096,Depression || id:finn-b-F5_DEPRESSIO,ukb-b-18096,finn-b-F5_DEPRESSIO,,rs6707827,1.34595207562767,1.33535402778808,0.31348494384235
Leg fat mass (right) || id:ukb-b-18096,Depression || id:finn-b-F5_DEPRESSIO,ukb-b-18096,finn-b-F5_DEPRESSIO,,rs6715925,1.64476463530724,1.22794072088006,0.180424370631568
Leg fat mass (right) || id:ukb-b-18096,Depression || id:finn-b-F5_DEPRESSIO,ukb-b-18096,finn-b-F5_DEPRESSIO,,rs6725931,3.95913484296866,2.14309690412869,0.0646907014391744
Leg fat mass (right) || id:ukb-b-18096,Depression || id:finn-b-F5_DEPRESSIO,ukb-b-18096,finn-b-F5_DEPRESSIO,,rs6733847,-0.666086877837153,1.3824444634356,0.629935112172795
Leg fat mass (right) || id:ukb-b-18096,Depression || id:finn-b-F5_DEPRESSIO,ukb-b-18096,finn-b-F5_DEPRESSIO,,rs6744646,-0.257961997038596,0.381783755617123,0.49924658287522
Leg fat mass (right) || id:ukb-b-18096,Depression || id:finn-b-F5_DEPRESSIO,ukb-b-18096,finn-b-F5_DEPRESSIO,,rs67609008,-1.44085485529144,1.10595345649397,0.192637279169995
Leg fat mass (right) || id:ukb-b-18096,Depression || id:finn-b-F5_DEPRESSIO,ukb-b-18096,finn-b-F5_DEPRESSIO,,rs67632512,-0.270152636239475,1.14064446412223,0.812779285408195
Leg fat mass (right) || id:ukb-b-18096,Depression || id:finn-b-F5_DEPRESSIO,ukb-b-18096,finn-b-F5_DEPRESSIO,,rs6802828,-0.153150181424061,1.29588615051129,0.90592359597856
Leg fat mass (right) || id:ukb-b-18096,Depression || id:finn-b-F5_DEPRESSIO,ukb-b-18096,finn-b-F5_DEPRESSIO,,rs6849333,0.740869755097054,1.4297486501873,0.604331419146522
Leg fat mass (right) || id:ukb-b-18096,Depression || id:finn-b-F5_DEPRESSIO,ukb-b-18096,finn-b-F5_DEPRESSIO,,rs6861649,0.48176002997618,1.00812747013534,0.632738388642241
Leg fat mass (right) || id:ukb-b-18096,Depression || id:finn-b-F5_DEPRESSIO,ukb-b-18096,finn-b-F5_DEPRESSIO,,rs6892707,1.28501826301899,1.55172016666444,0.407599712663706
Leg fat mass (right) || id:ukb-b-18096,Depression || id:finn-b-F5_DEPRESSIO,ukb-b-18096,finn-b-F5_DEPRESSIO,,rs6935484,0.117284855593022,1.10443239016762,0.915427883680393
Leg fat mass (right) || id:ukb-b-18096,Depression || id:finn-b-F5_DEPRESSIO,ukb-b-18096,finn-b-F5_DEPRESSIO,,rs6938973,-0.504465116837724,0.696642304204477,0.468981059723151
Leg fat mass (right) || id:ukb-b-18096,Depression || id:finn-b-F5_DEPRESSIO,ukb-b-18096,finn-b-F5_DEPRESSIO,,rs6939451,-3.8578230982433,1.57870570590936,0.0145390416861843
Leg fat mass (right) || id:ukb-b-18096,Depression || id:finn-b-F5_DEPRESSIO,ukb-b-18096,finn-b-F5_DEPRESSIO,,rs6954290,-2.37176115670494,1.1809187349284,0.0446004460046407
Leg fat mass (right) || id:ukb-b-18096,Depression || id:finn-b-F5_DEPRESSIO,ukb-b-18096,finn-b-F5_DEPRESSIO,,rs6966198,0.766544675570325,1.26376284350783,0.544144693769952
Leg fat mass (right) || id:ukb-b-18096,Depression || id:finn-b-F5_DEPRESSIO,ukb-b-18096,finn-b-F5_DEPRESSIO,,rs6973656,1.8952542206055,1.18322501065426,0.109206498907115
Leg fat mass (right) || id:ukb-b-18096,Depression || id:finn-b-F5_DEPRESSIO,ukb-b-18096,finn-b-F5_DEPRESSIO,,rs6980476,-1.3100701792879,1.26746627101837,0.301316911208869
Leg fat mass (right) || id:ukb-b-18096,Depression || id:finn-b-F5_DEPRESSIO,ukb-b-18096,finn-b-F5_DEPRESSIO,,rs698147,-0.0886559754127428,1.07372236888766,0.934194404692542
Leg fat mass (right) || id:ukb-b-18096,Depression || id:finn-b-F5_DEPRESSIO,ukb-b-18096,finn-b-F5_DEPRESSIO,,rs6985028,-0.843245370348682,1.32342676179724,0.524015326900126
Leg fat mass (right) || id:ukb-b-18096,Depression || id:finn-b-F5_DEPRESSIO,ukb-b-18096,finn-b-F5_DEPRESSIO,,rs6998660,-1.75142101644826,1.10722018281212,0.113691083114942
Leg fat mass (right) || id:ukb-b-18096,Depression || id:finn-b-F5_DEPRESSIO,ukb-b-18096,finn-b-F5_DEPRESSIO,,rs7027304,-0.377031558343628,0.97867766208346,0.700055238225305
Leg fat mass (right) || id:ukb-b-18096,Depression || id:finn-b-F5_DEPRESSIO,ukb-b-18096,finn-b-F5_DEPRESSIO,,rs7034554,4.08403865150274,1.20710502014859,0.000716116579175257
Leg fat mass (right) || id:ukb-b-18096,Depression || id:finn-b-F5_DEPRESSIO,ukb-b-18096,finn-b-F5_DEPRESSIO,,rs7038943,-0.339584198015319,1.0470512772139,0.745692505957826
Leg fat mass (right) || id:ukb-b-18096,Depression || id:finn-b-F5_DEPRESSIO,ukb-b-18096,finn-b-F5_DEPRESSIO,,rs705160,-0.849783305257159,1.36215265107398,0.532723990501629
Leg fat mass (right) || id:ukb-b-18096,Depression || id:finn-b-F5_DEPRESSIO,ukb-b-18096,finn-b-F5_DEPRESSIO,,rs7070670,-1.63974249969634,1.22474594113122,0.180621797056086
Leg fat mass (right) || id:ukb-b-18096,Depression || id:finn-b-F5_DEPRESSIO,ukb-b-18096,finn-b-F5_DEPRESSIO,,rs7071303,-1.76916533038221,1.97243113429847,0.369747431054051
Leg fat mass (right) || id:ukb-b-18096,Depression || id:finn-b-F5_DEPRESSIO,ukb-b-18096,finn-b-F5_DEPRESSIO,,rs7097348,-0.773088779582725,1.16929677911887,0.50851161818156
Leg fat mass (right) || id:ukb-b-18096,Depression || id:finn-b-F5_DEPRESSIO,ukb-b-18096,finn-b-F5_DEPRESSIO,,rs7124681,0.28323429967369,0.672681461725015,0.673716649749524
Leg fat mass (right) || id:ukb-b-18096,Depression || id:finn-b-F5_DEPRESSIO,ukb-b-18096,finn-b-F5_DEPRESSIO,,rs7129648,0.363903471234778,1.50952551030723,0.809499756514064
Leg fat mass (right) || id:ukb-b-18096,Depression || id:finn-b-F5_DEPRESSIO,ukb-b-18096,finn-b-F5_DEPRESSIO,,rs7132908,-0.121910865741305,0.487643462965221,0.802587348634153
Leg fat mass (right) || id:ukb-b-18096,Depression || id:finn-b-F5_DEPRESSIO,ukb-b-18096,finn-b-F5_DEPRESSIO,,rs71495038,-1.03370156939084,0.898450896760263,0.249922502877711
Leg fat mass (right) || id:ukb-b-18096,Depression || id:finn-b-F5_DEPRESSIO,ukb-b-18096,finn-b-F5_DEPRESSIO,,rs719802,1.86803601112592,0.946361855856745,0.0483916313681771
Leg fat mass (right) || id:ukb-b-18096,Depression || id:finn-b-F5_DEPRESSIO,ukb-b-18096,finn-b-F5_DEPRESSIO,,rs7206608,0.939583037866969,1.01049496525316,0.352461927180254
Leg fat mass (right) || id:ukb-b-18096,Depression || id:finn-b-F5_DEPRESSIO,ukb-b-18096,finn-b-F5_DEPRESSIO,,rs7218014,2.22476738764671,0.648679329427743,0.000604276765459644
Leg fat mass (right) || id:ukb-b-18096,Depression || id:finn-b-F5_DEPRESSIO,ukb-b-18096,finn-b-F5_DEPRESSIO,,rs7234208,-1.55039761238768,1.40827783125214,0.270932594813768
Leg fat mass (right) || id:ukb-b-18096,Depression || id:finn-b-F5_DEPRESSIO,ukb-b-18096,finn-b-F5_DEPRESSIO,,rs7247187,1.57514050253283,1.31261708544402,0.230139340443417
Leg fat mass (right) || id:ukb-b-18096,Depression || id:finn-b-F5_DEPRESSIO,ukb-b-18096,finn-b-F5_DEPRESSIO,,rs7258937,0.432117103735112,0.981265923065151,0.659671341714375
Leg fat mass (right) || id:ukb-b-18096,Depression || id:finn-b-F5_DEPRESSIO,ukb-b-18096,finn-b-F5_DEPRESSIO,,rs7259070,0.0278994503808275,0.767234885472756,0.970992408969173
Leg fat mass (right) || id:ukb-b-18096,Depression || id:finn-b-F5_DEPRESSIO,ukb-b-18096,finn-b-F5_DEPRESSIO,,rs72634826,1.45819397993311,0.896321070234114,0.103765630201192
Leg fat mass (right) || id:ukb-b-18096,Depression || id:finn-b-F5_DEPRESSIO,ukb-b-18096,finn-b-F5_DEPRESSIO,,rs72779695,2.17022363065647,1.7647147169698,0.218776789923234
Leg fat mass (right) || id:ukb-b-18096,Depression || id:finn-b-F5_DEPRESSIO,ukb-b-18096,finn-b-F5_DEPRESSIO,,rs72811755,0.249025686999614,1.13306687584824,0.82604232532775
Leg fat mass (right) || id:ukb-b-18096,Depression || id:finn-b-F5_DEPRESSIO,ukb-b-18096,finn-b-F5_DEPRESSIO,,rs72815827,0.977810446387327,1.32622566291615,0.460947145693862
Leg fat mass (right) || id:ukb-b-18096,Depression || id:finn-b-F5_DEPRESSIO,ukb-b-18096,finn-b-F5_DEPRESSIO,,rs72866851,2.75072485317077,1.81128810970458,0.128848926918728
Leg fat mass (right) || id:ukb-b-18096,Depression || id:finn-b-F5_DEPRESSIO,ukb-b-18096,finn-b-F5_DEPRESSIO,,rs72892910,0.173932798046273,0.479202606862181,0.71663255157525
Leg fat mass (right) || id:ukb-b-18096,Depression || id:finn-b-F5_DEPRESSIO,ukb-b-18096,finn-b-F5_DEPRESSIO,,rs72913721,0.829850923209152,0.955810438339113,0.385275519762981
Leg fat mass (right) || id:ukb-b-18096,Depression || id:finn-b-F5_DEPRESSIO,ukb-b-18096,finn-b-F5_DEPRESSIO,,rs72948836,-0.431781382268557,1.82370820668693,0.812842888020163
Leg fat mass (right) || id:ukb-b-18096,Depression || id:finn-b-F5_DEPRESSIO,ukb-b-18096,finn-b-F5_DEPRESSIO,,rs73052033,-0.369519027512865,0.80424729517506,0.645904258226149
Leg fat mass (right) || id:ukb-b-18096,Depression || id:finn-b-F5_DEPRESSIO,ukb-b-18096,finn-b-F5_DEPRESSIO,,rs73122615,-0.483756159252528,1.17483638675614,0.680511892901687
Leg fat mass (right) || id:ukb-b-18096,Depression || id:finn-b-F5_DEPRESSIO,ukb-b-18096,finn-b-F5_DEPRESSIO,,rs7314469,0.128030541103623,1.29194455113656,0.921059587382987
Leg fat mass (right) || id:ukb-b-18096,Depression || id:finn-b-F5_DEPRESSIO,ukb-b-18096,finn-b-F5_DEPRESSIO,,rs73175572,3.46591432326767,1.41482975998125,0.014297363805107
Leg fat mass (right) || id:ukb-b-18096,Depression || id:finn-b-F5_DEPRESSIO,ukb-b-18096,finn-b-F5_DEPRESSIO,,rs73213484,0.16148045279119,0.828932990994774,0.845545455337514
Leg fat mass (right) || id:ukb-b-18096,Depression || id:finn-b-F5_DEPRESSIO,ukb-b-18096,finn-b-F5_DEPRESSIO,,rs7322222,0.125373413313973,1.36770996342516,0.926962881998312
Leg fat mass (right) || id:ukb-b-18096,Depression || id:finn-b-F5_DEPRESSIO,ukb-b-18096,finn-b-F5_DEPRESSIO,,rs73759009,-4.43978166005261,1.84737490306984,0.0162481994184733
Leg fat mass (right) || id:ukb-b-18096,Depression || id:finn-b-F5_DEPRESSIO,ukb-b-18096,finn-b-F5_DEPRESSIO,,rs73985439,0.198823327398758,1.07545345274783,0.853327903984963
Leg fat mass (right) || id:ukb-b-18096,Depression || id:finn-b-F5_DEPRESSIO,ukb-b-18096,finn-b-F5_DEPRESSIO,,rs7442885,0.999191608798912,0.702948870511797,0.155192205233756
Leg fat mass (right) || id:ukb-b-18096,Depression || id:finn-b-F5_DEPRESSIO,ukb-b-18096,finn-b-F5_DEPRESSIO,,rs745249,-0.422556546836008,0.916867978983791,0.644892188366209
Leg fat mass (right) || id:ukb-b-18096,Depression || id:finn-b-F5_DEPRESSIO,ukb-b-18096,finn-b-F5_DEPRESSIO,,rs7460093,0.848980832023557,1.22878804634989,0.489622672771977
Leg fat mass (right) || id:ukb-b-18096,Depression || id:finn-b-F5_DEPRESSIO,ukb-b-18096,finn-b-F5_DEPRESSIO,,rs74606352,-1.34130643246522,1.24120893750513,0.27985498542693
Leg fat mass (right) || id:ukb-b-18096,Depression || id:finn-b-F5_DEPRESSIO,ukb-b-18096,finn-b-F5_DEPRESSIO,,rs74796445,1.23083749775491,1.44214007247678,0.393393255266638
Leg fat mass (right) || id:ukb-b-18096,Depression || id:finn-b-F5_DEPRESSIO,ukb-b-18096,finn-b-F5_DEPRESSIO,,rs75128238,0.140022247979401,1.88252133394528,0.940707890885741
Leg fat mass (right) || id:ukb-b-18096,Depression || id:finn-b-F5_DEPRESSIO,ukb-b-18096,finn-b-F5_DEPRESSIO,,rs7513326,-2.01818774759555,1.456837513165,0.165954304377493
Leg fat mass (right) || id:ukb-b-18096,Depression || id:finn-b-F5_DEPRESSIO,ukb-b-18096,finn-b-F5_DEPRESSIO,,rs7537581,-0.691358024691358,0.987654320987654,0.483927304446146
Leg fat mass (right) || id:ukb-b-18096,Depression || id:finn-b-F5_DEPRESSIO,ukb-b-18096,finn-b-F5_DEPRESSIO,,rs754635,0.559523021664972,1.09498053702177,0.609358751588086
Leg fat mass (right) || id:ukb-b-18096,Depression || id:finn-b-F5_DEPRESSIO,ukb-b-18096,finn-b-F5_DEPRESSIO,,rs75557510,0.601591061114079,1.06856034631452,0.573440245712635
Leg fat mass (right) || id:ukb-b-18096,Depression || id:finn-b-F5_DEPRESSIO,ukb-b-18096,finn-b-F5_DEPRESSIO,,rs756717,0.330297928731716,1.11100212391577,0.766239544861786
Leg fat mass (right) || id:ukb-b-18096,Depression || id:finn-b-F5_DEPRESSIO,ukb-b-18096,finn-b-F5_DEPRESSIO,,rs7575523,-0.40607488020791,0.643918738615401,0.528282066059112
Leg fat mass (right) || id:ukb-b-18096,Depression || id:finn-b-F5_DEPRESSIO,ukb-b-18096,finn-b-F5_DEPRESSIO,,rs7589069,1.78306345658368,1.45033869674271,0.21891746150888
Leg fat mass (right) || id:ukb-b-18096,Depression || id:finn-b-F5_DEPRESSIO,ukb-b-18096,finn-b-F5_DEPRESSIO,,rs760738,-2.39500725458629,1.5999840995369,0.134420735004443
Leg fat mass (right) || id:ukb-b-18096,Depression || id:finn-b-F5_DEPRESSIO,ukb-b-18096,finn-b-F5_DEPRESSIO,,rs76084874,-1.69688080904548,1.58602929890683,0.284667711482275
Leg fat mass (right) || id:ukb-b-18096,Depression || id:finn-b-F5_DEPRESSIO,ukb-b-18096,finn-b-F5_DEPRESSIO,,rs7619139,2.04708290685773,1.10381921448211,0.0636611634527228
Leg fat mass (right) || id:ukb-b-18096,Depression || id:finn-b-F5_DEPRESSIO,ukb-b-18096,finn-b-F5_DEPRESSIO,,rs7663885,0.356352149493175,1.28746583042696,0.781944651139925
Leg fat mass (right) || id:ukb-b-18096,Depression || id:finn-b-F5_DEPRESSIO,ukb-b-18096,finn-b-F5_DEPRESSIO,,rs76638898,0.299912168579202,1.03898144114938,0.772841733354203
Leg fat mass (right) || id:ukb-b-18096,Depression || id:finn-b-F5_DEPRESSIO,ukb-b-18096,finn-b-F5_DEPRESSIO,,rs7665222,0.626087827600456,1.377393220721,0.649436283726755
Leg fat mass (right) || id:ukb-b-18096,Depression || id:finn-b-F5_DEPRESSIO,ukb-b-18096,finn-b-F5_DEPRESSIO,,rs76702514,0.749858874874673,1.09529948015402,0.493586656306935
Leg fat mass (right) || id:ukb-b-18096,Depression || id:finn-b-F5_DEPRESSIO,ukb-b-18096,finn-b-F5_DEPRESSIO,,rs7683836,-1.94053435065669,1.16218815506362,0.0949738305092033
Leg fat mass (right) || id:ukb-b-18096,Depression || id:finn-b-F5_DEPRESSIO,ukb-b-18096,finn-b-F5_DEPRESSIO,,rs76895963,-0.50370231830586,0.694981679687832,0.468592749074925
Leg fat mass (right) || id:ukb-b-18096,Depression || id:finn-b-F5_DEPRESSIO,ukb-b-18096,finn-b-F5_DEPRESSIO,,rs7692662,0.157501302414616,1.32058784332255,0.905064575656165
Leg fat mass (right) || id:ukb-b-18096,Depression || id:finn-b-F5_DEPRESSIO,ukb-b-18096,finn-b-F5_DEPRESSIO,,rs77149883,-0.397164546779951,1.38756221406666,0.774700524902821
Leg fat mass (right) || id:ukb-b-18096,Depression || id:finn-b-F5_DEPRESSIO,ukb-b-18096,finn-b-F5_DEPRESSIO,,rs7741738,1.30265431939536,1.52191296721438,0.392035280980166
Leg fat mass (right) || id:ukb-b-18096,Depression || id:finn-b-F5_DEPRESSIO,ukb-b-18096,finn-b-F5_DEPRESSIO,,rs7765393,2.18827182841374,1.14240661630423,0.0554296663888996
Leg fat mass (right) || id:ukb-b-18096,Depression || id:finn-b-F5_DEPRESSIO,ukb-b-18096,finn-b-F5_DEPRESSIO,,rs7767938,1.56739633888017,1.39702717161059,0.261883181151682
Leg fat mass (right) || id:ukb-b-18096,Depression || id:finn-b-F5_DEPRESSIO,ukb-b-18096,finn-b-F5_DEPRESSIO,,rs7774,0.550558181294574,0.940183971133811,0.558154037251215
Leg fat mass (right) || id:ukb-b-18096,Depression || id:finn-b-F5_DEPRESSIO,ukb-b-18096,finn-b-F5_DEPRESSIO,,rs7783338,0.908882692328667,1.55115979490759,0.557917515930088
Leg fat mass (right) || id:ukb-b-18096,Depression || id:finn-b-F5_DEPRESSIO,ukb-b-18096,finn-b-F5_DEPRESSIO,,rs77978620,-0.102786965790442,1.22316489290626,0.933029706611467
Leg fat mass (right) || id:ukb-b-18096,Depression || id:finn-b-F5_DEPRESSIO,ukb-b-18096,finn-b-F5_DEPRESSIO,,rs7822053,-0.0931624578585445,1.2926291027873,0.942544551668487
Leg fat mass (right) || id:ukb-b-18096,Depression || id:finn-b-F5_DEPRESSIO,ukb-b-18096,finn-b-F5_DEPRESSIO,,rs7828631,-0.904855823948989,1.62591280865834,0.577854237452144
Leg fat mass (right) || id:ukb-b-18096,Depression || id:finn-b-F5_DEPRESSIO,ukb-b-18096,finn-b-F5_DEPRESSIO,,rs7837172,0.473528125918837,1.31046155777539,0.717841903272377
Leg fat mass (right) || id:ukb-b-18096,Depression || id:finn-b-F5_DEPRESSIO,ukb-b-18096,finn-b-F5_DEPRESSIO,,rs784257,0.785937632045973,1.22538663060931,0.521276271861498
Leg fat mass (right) || id:ukb-b-18096,Depression || id:finn-b-F5_DEPRESSIO,ukb-b-18096,finn-b-F5_DEPRESSIO,,rs7846042,-0.874674680046148,1.39518660620858,0.530709659507667
Leg fat mass (right) || id:ukb-b-18096,Depression || id:finn-b-F5_DEPRESSIO,ukb-b-18096,finn-b-F5_DEPRESSIO,,rs7851623,-1.08910301065061,1.19184857769312,0.360825570956311
Leg fat mass (right) || id:ukb-b-18096,Depression || id:finn-b-F5_DEPRESSIO,ukb-b-18096,finn-b-F5_DEPRESSIO,,rs7854982,-0.175431620263054,1.28649854859573,0.891533819083155
Leg fat mass (right) || id:ukb-b-18096,Depression || id:finn-b-F5_DEPRESSIO,ukb-b-18096,finn-b-F5_DEPRESSIO,,rs785510,0.28328611898017,1.30101773161263,0.827630187714381
Leg fat mass (right) || id:ukb-b-18096,Depression || id:finn-b-F5_DEPRESSIO,ukb-b-18096,finn-b-F5_DEPRESSIO,,rs78759867,-2.39176663935474,1.42085146892361,0.0923105810118989
Leg fat mass (right) || id:ukb-b-18096,Depression || id:finn-b-F5_DEPRESSIO,ukb-b-18096,finn-b-F5_DEPRESSIO,,rs7893571,0.709201894582204,0.996259804294049,0.476548744736444
Leg fat mass (right) || id:ukb-b-18096,Depression || id:finn-b-F5_DEPRESSIO,ukb-b-18096,finn-b-F5_DEPRESSIO,,rs7916385,0.102518538769094,0.911275900169725,0.91042696974349
Leg fat mass (right) || id:ukb-b-18096,Depression || id:finn-b-F5_DEPRESSIO,ukb-b-18096,finn-b-F5_DEPRESSIO,,rs7918733,-0.0610353797682365,1.39160665871579,0.965016279664114
Leg fat mass (right) || id:ukb-b-18096,Depression || id:finn-b-F5_DEPRESSIO,ukb-b-18096,finn-b-F5_DEPRESSIO,,rs79197301,-0.925310283687943,1.68439716312057,0.582770697107641
Leg fat mass (right) || id:ukb-b-18096,Depression || id:finn-b-F5_DEPRESSIO,ukb-b-18096,finn-b-F5_DEPRESSIO,,rs79207593,-1.75776526275783,1.58069308641122,0.266128752422556
Leg fat mass (right) || id:ukb-b-18096,Depression || id:finn-b-F5_DEPRESSIO,ukb-b-18096,finn-b-F5_DEPRESSIO,,rs7924036,0.839226430695941,1.34523060214496,0.532723990501629
Leg fat mass (right) || id:ukb-b-18096,Depression || id:finn-b-F5_DEPRESSIO,ukb-b-18096,finn-b-F5_DEPRESSIO,,rs79246548,-0.892368223578802,1.10024945748068,0.41733126818552
Leg fat mass (right) || id:ukb-b-18096,Depression || id:finn-b-F5_DEPRESSIO,ukb-b-18096,finn-b-F5_DEPRESSIO,,rs7924976,1.0900389932648,1.56859269762496,0.487108412415213
Leg fat mass (right) || id:ukb-b-18096,Depression || id:finn-b-F5_DEPRESSIO,ukb-b-18096,finn-b-F5_DEPRESSIO,,rs79275587,0.69411492503951,1.07058403692535,0.516757535774403
Leg fat mass (right) || id:ukb-b-18096,Depression || id:finn-b-F5_DEPRESSIO,ukb-b-18096,finn-b-F5_DEPRESSIO,,rs7944782,0.567685959516366,0.923548799810206,0.538766797619185
Leg fat mass (right) || id:ukb-b-18096,Depression || id:finn-b-F5_DEPRESSIO,ukb-b-18096,finn-b-F5_DEPRESSIO,,rs79518326,1.32584338370797,1.33974111309694,0.322356684975823
Leg fat mass (right) || id:ukb-b-18096,Depression || id:finn-b-F5_DEPRESSIO,ukb-b-18096,finn-b-F5_DEPRESSIO,,rs801738,-0.140435093453171,0.753242773976101,0.852099195206611
Leg fat mass (right) || id:ukb-b-18096,Depression || id:finn-b-F5_DEPRESSIO,ukb-b-18096,finn-b-F5_DEPRESSIO,,rs8020365,-0.599749438012564,0.564208730574782,0.287785522161792
Leg fat mass (right) || id:ukb-b-18096,Depression || id:finn-b-F5_DEPRESSIO,ukb-b-18096,finn-b-F5_DEPRESSIO,,rs8029301,1.91528839055922,1.246932545937,0.124538380346102
Leg fat mass (right) || id:ukb-b-18096,Depression || id:finn-b-F5_DEPRESSIO,ukb-b-18096,finn-b-F5_DEPRESSIO,,rs803973,2.08185563429643,1.17169764342311,0.0756035032020449
Leg fat mass (right) || id:ukb-b-18096,Depression || id:finn-b-F5_DEPRESSIO,ukb-b-18096,finn-b-F5_DEPRESSIO,,rs8059619,-1.24466897296506,0.665043715947016,0.0612675524986309
Leg fat mass (right) || id:ukb-b-18096,Depression || id:finn-b-F5_DEPRESSIO,ukb-b-18096,finn-b-F5_DEPRESSIO,,rs8078135,0.780647467128158,1.02518763755385,0.446377650856754
Leg fat mass (right) || id:ukb-b-18096,Depression || id:finn-b-F5_DEPRESSIO,ukb-b-18096,finn-b-F5_DEPRESSIO,,rs8089514,-0.235589019666971,1.18736865912154,0.842722183047404
Leg fat mass (right) || id:ukb-b-18096,Depression || id:finn-b-F5_DEPRESSIO,ukb-b-18096,finn-b-F5_DEPRESSIO,,rs8093356,0.104207125872735,1.24101213539348,0.933080708887485
Leg fat mass (right) || id:ukb-b-18096,Depression || id:finn-b-F5_DEPRESSIO,ukb-b-18096,finn-b-F5_DEPRESSIO,,rs8096564,-0.917250868112429,1.05764640915005,0.385801410089173
Leg fat mass (right) || id:ukb-b-18096,Depression || id:finn-b-F5_DEPRESSIO,ukb-b-18096,finn-b-F5_DEPRESSIO,,rs8108461,1.36175290020945,1.4265982764099,0.339807612284684
Leg fat mass (right) || id:ukb-b-18096,Depression || id:finn-b-F5_DEPRESSIO,ukb-b-18096,finn-b-F5_DEPRESSIO,,rs8126575,-0.110635786989231,1.31840979495501,0.933123151550393
Leg fat mass (right) || id:ukb-b-18096,Depression || id:finn-b-F5_DEPRESSIO,ukb-b-18096,finn-b-F5_DEPRESSIO,,rs8132491,-0.510289442864313,0.978751882215158,0.602110772290203
Leg fat mass (right) || id:ukb-b-18096,Depression || id:finn-b-F5_DEPRESSIO,ukb-b-18096,finn-b-F5_DEPRESSIO,,rs8135285,-3.6768116888249,1.35160055850884,0.00652150240857248
Leg fat mass (right) || id:ukb-b-18096,Depression || id:finn-b-F5_DEPRESSIO,ukb-b-18096,finn-b-F5_DEPRESSIO,,rs814403,-1.32039670585474,1.39864243657205,0.345141060865514
Leg fat mass (right) || id:ukb-b-18096,Depression || id:finn-b-F5_DEPRESSIO,ukb-b-18096,finn-b-F5_DEPRESSIO,,rs815163,-0.518034629297931,0.957047027008043,0.588311568766571
Leg fat mass (right) || id:ukb-b-18096,Depression || id:finn-b-F5_DEPRESSIO,ukb-b-18096,finn-b-F5_DEPRESSIO,,rs834128,-1.35825434789028,1.1515634688635,0.23820423879927
Leg fat mass (right) || id:ukb-b-18096,Depression || id:finn-b-F5_DEPRESSIO,ukb-b-18096,finn-b-F5_DEPRESSIO,,rs844092,-1.00939796453727,1.29109041975697,0.434321434162717
Leg fat mass (right) || id:ukb-b-18096,Depression || id:finn-b-F5_DEPRESSIO,ukb-b-18096,finn-b-F5_DEPRESSIO,,rs854917,0.0385130125841269,1.2131598964,0.974674585344451
Leg fat mass (right) || id:ukb-b-18096,Depression || id:finn-b-F5_DEPRESSIO,ukb-b-18096,finn-b-F5_DEPRESSIO,,rs862320,0.596817907345775,0.772352585976886,0.439683802605572
Leg fat mass (right) || id:ukb-b-18096,Depression || id:finn-b-F5_DEPRESSIO,ukb-b-18096,finn-b-F5_DEPRESSIO,,rs879620,-0.687428392875742,0.572856994063118,0.230139340443417
Leg fat mass (right) || id:ukb-b-18096,Depression || id:finn-b-F5_DEPRESSIO,ukb-b-18096,finn-b-F5_DEPRESSIO,,rs881301,3.0396424184591,1.37033059848566,0.0265424379247367
Leg fat mass (right) || id:ukb-b-18096,Depression || id:finn-b-F5_DEPRESSIO,ukb-b-18096,finn-b-F5_DEPRESSIO,,rs900448,0.655267375654161,1.09801560244751,0.550658149743449
Leg fat mass (right) || id:ukb-b-18096,Depression || id:finn-b-F5_DEPRESSIO,ukb-b-18096,finn-b-F5_DEPRESSIO,,rs909691,2.78079363051901,1.46357559501001,0.0574331196320036
Leg fat mass (right) || id:ukb-b-18096,Depression || id:finn-b-F5_DEPRESSIO,ukb-b-18096,finn-b-F5_DEPRESSIO,,rs922654,-2.14032638330941,1.19638756810628,0.0736162930731619
Leg fat mass (right) || id:ukb-b-18096,Depression || id:finn-b-F5_DEPRESSIO,ukb-b-18096,finn-b-F5_DEPRESSIO,,rs9289630,-0.869542813711724,0.753603771883494,0.248563248217182
Leg fat mass (right) || id:ukb-b-18096,Depression || id:finn-b-F5_DEPRESSIO,ukb-b-18096,finn-b-F5_DEPRESSIO,,rs9294260,0.48051346295756,0.93528513325668,0.607418770716388
Leg fat mass (right) || id:ukb-b-18096,Depression || id:finn-b-F5_DEPRESSIO,ukb-b-18096,finn-b-F5_DEPRESSIO,,rs9340799,-0.79289377826903,1.47927943706909,0.591958550448619
Leg fat mass (right) || id:ukb-b-18096,Depression || id:finn-b-F5_DEPRESSIO,ukb-b-18096,finn-b-F5_DEPRESSIO,,rs934224,-0.504354431474187,1.2248607621516,0.680511892901687
Leg fat mass (right) || id:ukb-b-18096,Depression || id:finn-b-F5_DEPRESSIO,ukb-b-18096,finn-b-F5_DEPRESSIO,,rs936145,0.570236714032868,1.19530388133813,0.633316392011488
Leg fat mass (right) || id:ukb-b-18096,Depression || id:finn-b-F5_DEPRESSIO,ukb-b-18096,finn-b-F5_DEPRESSIO,,rs9395885,1.76684842033614,1.29617158704987,0.172842018780141
Leg fat mass (right) || id:ukb-b-18096,Depression || id:finn-b-F5_DEPRESSIO,ukb-b-18096,finn-b-F5_DEPRESSIO,,rs9402097,3.04746116010751,1.36526259972817,0.0256055226840274
Leg fat mass (right) || id:ukb-b-18096,Depression || id:finn-b-F5_DEPRESSIO,ukb-b-18096,finn-b-F5_DEPRESSIO,,rs9421249,-1.12825339926631,0.851025421160876,0.184920009507989
Leg fat mass (right) || id:ukb-b-18096,Depression || id:finn-b-F5_DEPRESSIO,ukb-b-18096,finn-b-F5_DEPRESSIO,,rs9449357,-1.35081776429269,1.33927231331583,0.313156580963702
Leg fat mass (right) || id:ukb-b-18096,Depression || id:finn-b-F5_DEPRESSIO,ukb-b-18096,finn-b-F5_DEPRESSIO,,rs9449999,0.430005568020817,1.22386200129002,0.725324774655607
Leg fat mass (right) || id:ukb-b-18096,Depression || id:finn-b-F5_DEPRESSIO,ukb-b-18096,finn-b-F5_DEPRESSIO,,rs947612,1.98593178272877,1.25535584193218,0.11365705548896
Leg fat mass (right) || id:ukb-b-18096,Depression || id:finn-b-F5_DEPRESSIO,ukb-b-18096,finn-b-F5_DEPRESSIO,,rs9480184,0.584883274009458,1.19483297404789,0.624480330100166
Leg fat mass (right) || id:ukb-b-18096,Depression || id:finn-b-F5_DEPRESSIO,ukb-b-18096,finn-b-F5_DEPRESSIO,,rs9508857,1.80679652501052,1.68304333836596,0.283033649622269
Leg fat mass (right) || id:ukb-b-18096,Depression || id:finn-b-F5_DEPRESSIO,ukb-b-18096,finn-b-F5_DEPRESSIO,,rs9522183,0.93114241001565,0.860719874804382,0.279333325944732
Leg fat mass (right) || id:ukb-b-18096,Depression || id:finn-b-F5_DEPRESSIO,ukb-b-18096,finn-b-F5_DEPRESSIO,,rs9522279,0.738714950333208,0.856594995599145,0.388475515438069
Leg fat mass (right) || id:ukb-b-18096,Depression || id:finn-b-F5_DEPRESSIO,ukb-b-18096,finn-b-F5_DEPRESSIO,,rs9532583,0.87479124299883,1.31786732711512,0.506822740297428
Leg fat mass (right) || id:ukb-b-18096,Depression || id:finn-b-F5_DEPRESSIO,ukb-b-18096,finn-b-F5_DEPRESSIO,,rs9568867,0.75653339586163,0.6945949891829,0.276078055165057
Leg fat mass (right) || id:ukb-b-18096,Depression || id:finn-b-F5_DEPRESSIO,ukb-b-18096,finn-b-F5_DEPRESSIO,,rs9571687,-1.84890147715427,1.27849570228752,0.148134055694567
Leg fat mass (right) || id:ukb-b-18096,Depression || id:finn-b-F5_DEPRESSIO,ukb-b-18096,finn-b-F5_DEPRESSIO,,rs9574869,-1.25078460915276,1.41143584335587,0.375521152402251
Leg fat mass (right) || id:ukb-b-18096,Depression || id:finn-b-F5_DEPRESSIO,ukb-b-18096,finn-b-F5_DEPRESSIO,,rs9610311,1.65256100184692,1.1952485233484,0.166784881327753
Leg fat mass (right) || id:ukb-b-18096,Depression || id:finn-b-F5_DEPRESSIO,ukb-b-18096,finn-b-F5_DEPRESSIO,,rs9615723,0.354773477134849,1.35792606765408,0.793891038371293
Leg fat mass (right) || id:ukb-b-18096,Depression || id:finn-b-F5_DEPRESSIO,ukb-b-18096,finn-b-F5_DEPRESSIO,,rs9615937,-1.73039976840277,1.3751085612022,0.208256817394626
Leg fat mass (right) || id:ukb-b-18096,Depression || id:finn-b-F5_DEPRESSIO,ukb-b-18096,finn-b-F5_DEPRESSIO,,rs9673839,2.46584144537189,1.11525608940057,0.027035201756962
Leg fat mass (right) || id:ukb-b-18096,Depression || id:finn-b-F5_DEPRESSIO,ukb-b-18096,finn-b-F5_DEPRESSIO,,rs9783304,-0.675252539004002,0.642579029052196,0.293328655352732
Leg fat mass (right) || id:ukb-b-18096,Depression || id:finn-b-F5_DEPRESSIO,ukb-b-18096,finn-b-F5_DEPRESSIO,,rs9788550,1.66086946796255,0.637505452349264,0.00918037190499943
Leg fat mass (right) || id:ukb-b-18096,Depression || id:finn-b-F5_DEPRESSIO,ukb-b-18096,finn-b-F5_DEPRESSIO,,rs9800418,-2.33230295387843,1.39491803461629,0.0945243220731337
Leg fat mass (right) || id:ukb-b-18096,Depression || id:finn-b-F5_DEPRESSIO,ukb-b-18096,finn-b-F5_DEPRESSIO,,rs9835574,1.36008944317016,0.708860175889533,0.0550224144723185
Leg fat mass (right) || id:ukb-b-18096,Depression || id:finn-b-F5_DEPRESSIO,ukb-b-18096,finn-b-F5_DEPRESSIO,,rs9839081,-0.933508719820087,1.01837314889464,0.359317338329571
Leg fat mass (right) || id:ukb-b-18096,Depression || id:finn-b-F5_DEPRESSIO,ukb-b-18096,finn-b-F5_DEPRESSIO,,rs9843653,1.43487296745616,0.513777094798817,0.00522551528572221
Leg fat mass (right) || id:ukb-b-18096,Depression || id:finn-b-F5_DEPRESSIO,ukb-b-18096,finn-b-F5_DEPRESSIO,,rs9866090,-0.0268684787962922,1.07473915185169,0.980054963609524
Leg fat mass (right) || id:ukb-b-18096,Depression || id:finn-b-F5_DEPRESSIO,ukb-b-18096,finn-b-F5_DEPRESSIO,,rs9917946,-0.969636524822695,1.08968676122931,0.373556902227259
Leg fat mass (right) || id:ukb-b-18096,Depression || id:finn-b-F5_DEPRESSIO,ukb-b-18096,finn-b-F5_DEPRESSIO,,rs9955276,-0.694613522764705,1.03117883791874,0.500558587264525
Leg fat mass (right) || id:ukb-b-18096,Depression || id:finn-b-F5_DEPRESSIO,ukb-b-18096,finn-b-F5_DEPRESSIO,,rs9968060,-0.132251391001237,1.07690418386722,0.902259917132016
Leg fat mass (right) || id:ukb-b-18096,Depression || id:finn-b-F5_DEPRESSIO,ukb-b-18096,finn-b-F5_DEPRESSIO,,rs9998491,1.14482564825752,1.49607897215472,0.444142105335189
Leg fat mass (right) || id:ukb-b-18096,Depression || id:finn-b-F5_DEPRESSIO,ukb-b-18096,finn-b-F5_DEPRESSIO,,All - Inverse variance weighted,0.158233065770209,0.0456278443803455,0.000524531140034531
Leg fat mass (right) || id:ukb-b-18096,Depression || id:finn-b-F5_DEPRESSIO,ukb-b-18096,finn-b-F5_DEPRESSIO,,All - MR Egger,0.0837234833523361,0.122215473843099,0.493578539455696
