exposure,outcome,id.exposure,id.outcome,samplesize,SNP,b,se,p
Qualifications: College or University degree || id:ukb-b-16489,"Ischaemic heart disease, wide definition || id:finn-b-I9_IHD",ukb-b-16489,finn-b-I9_IHD,,rs10003973,-3.8251133872897,2.48935950601393,0.124394878470488
Qualifications: College or University degree || id:ukb-b-16489,"Ischaemic heart disease, wide definition || id:finn-b-I9_IHD",ukb-b-16489,finn-b-I9_IHD,,rs1000507,1.68915932897164,2.376607893088,0.477243011288341
Qualifications: College or University degree || id:ukb-b-16489,"Ischaemic heart disease, wide definition || id:finn-b-I9_IHD",ukb-b-16489,finn-b-I9_IHD,,rs10039801,3.12338625043727,2.45706385034399,0.203662329206729
Qualifications: College or University degree || id:ukb-b-16489,"Ischaemic heart disease, wide definition || id:finn-b-I9_IHD",ukb-b-16489,finn-b-I9_IHD,,rs1008078,-2.28045980986801,1.19967317012014,0.0573149940819872
Qualifications: College or University degree || id:ukb-b-16489,"Ischaemic heart disease, wide definition || id:finn-b-I9_IHD",ukb-b-16489,finn-b-I9_IHD,,rs10088132,0.561720231575271,1.34324403202782,0.675814188135396
Qualifications: College or University degree || id:ukb-b-16489,"Ischaemic heart disease, wide definition || id:finn-b-I9_IHD",ukb-b-16489,finn-b-I9_IHD,,rs10111226,-2.76647681041497,2.35964198535395,0.241030964418943
Qualifications: College or University degree || id:ukb-b-16489,"Ischaemic heart disease, wide definition || id:finn-b-I9_IHD",ukb-b-16489,finn-b-I9_IHD,,rs10129035,-1.35355361967309,1.50244451783713,0.367641012187794
Qualifications: College or University degree || id:ukb-b-16489,"Ischaemic heart disease, wide definition || id:finn-b-I9_IHD",ukb-b-16489,finn-b-I9_IHD,,rs1013014,0.557152914838333,1.87405980445621,0.766239544861786
Qualifications: College or University degree || id:ukb-b-16489,"Ischaemic heart disease, wide definition || id:finn-b-I9_IHD",ukb-b-16489,finn-b-I9_IHD,,rs1015511,-4.19458407798357,2.47658953540519,0.09032350343826
Qualifications: College or University degree || id:ukb-b-16489,"Ischaemic heart disease, wide definition || id:finn-b-I9_IHD",ukb-b-16489,finn-b-I9_IHD,,rs10189857,-2.75586221194603,1.39057267575258,0.0474995937643863
Qualifications: College or University degree || id:ukb-b-16489,"Ischaemic heart disease, wide definition || id:finn-b-I9_IHD",ukb-b-16489,finn-b-I9_IHD,,rs10205057,2.03314198226039,1.94474450477081,0.295812938228253
Qualifications: College or University degree || id:ukb-b-16489,"Ischaemic heart disease, wide definition || id:finn-b-I9_IHD",ukb-b-16489,finn-b-I9_IHD,,rs1020875,-0.197624552874449,2.35914309993874,0.933239592083211
Qualifications: College or University degree || id:ukb-b-16489,"Ischaemic heart disease, wide definition || id:finn-b-I9_IHD",ukb-b-16489,finn-b-I9_IHD,,rs10227949,-2.75257658569768,2.29381382141473,0.230139340443417
Qualifications: College or University degree || id:ukb-b-16489,"Ischaemic heart disease, wide definition || id:finn-b-I9_IHD",ukb-b-16489,finn-b-I9_IHD,,rs1024708,0.719816086989774,2.47436779902735,0.771120848329444
Qualifications: College or University degree || id:ukb-b-16489,"Ischaemic heart disease, wide definition || id:finn-b-I9_IHD",ukb-b-16489,finn-b-I9_IHD,,rs10279551,-2.68919865062695,2.08452676468716,0.197024155244605
Qualifications: College or University degree || id:ukb-b-16489,"Ischaemic heart disease, wide definition || id:finn-b-I9_IHD",ukb-b-16489,finn-b-I9_IHD,,rs10402747,-4.71021852470068,1.63385705075555,0.00394053919181411
Qualifications: College or University degree || id:ukb-b-16489,"Ischaemic heart disease, wide definition || id:finn-b-I9_IHD",ukb-b-16489,finn-b-I9_IHD,,rs10431632,-1.32980232974881,1.80009827563559,0.460065657681979
Qualifications: College or University degree || id:ukb-b-16489,"Ischaemic heart disease, wide definition || id:finn-b-I9_IHD",ukb-b-16489,finn-b-I9_IHD,,rs10471139,-0.503483402611088,2.18956735554125,0.818133323830907
Qualifications: College or University degree || id:ukb-b-16489,"Ischaemic heart disease, wide definition || id:finn-b-I9_IHD",ukb-b-16489,finn-b-I9_IHD,,rs10484022,-0.570636517423742,2.0616545145632,0.781944651139925
Qualifications: College or University degree || id:ukb-b-16489,"Ischaemic heart disease, wide definition || id:finn-b-I9_IHD",ukb-b-16489,finn-b-I9_IHD,,rs1048527,-1.4657330827971,3.50814803423568,0.676087341049808
Qualifications: College or University degree || id:ukb-b-16489,"Ischaemic heart disease, wide definition || id:finn-b-I9_IHD",ukb-b-16489,finn-b-I9_IHD,,rs10496963,-5.21135238774691,1.90897132920141,0.00633483500053931
Qualifications: College or University degree || id:ukb-b-16489,"Ischaemic heart disease, wide definition || id:finn-b-I9_IHD",ukb-b-16489,finn-b-I9_IHD,,rs1050847,0.776415471482425,1.81714259283121,0.669180694832271
Qualifications: College or University degree || id:ukb-b-16489,"Ischaemic heart disease, wide definition || id:finn-b-I9_IHD",ukb-b-16489,finn-b-I9_IHD,,rs10518019,-0.315953951147775,1.62285438544084,0.845635433106183
Qualifications: College or University degree || id:ukb-b-16489,"Ischaemic heart disease, wide definition || id:finn-b-I9_IHD",ukb-b-16489,finn-b-I9_IHD,,rs10735131,-2.10745039172696,2.05199117089204,0.304407737821377
Qualifications: College or University degree || id:ukb-b-16489,"Ischaemic heart disease, wide definition || id:finn-b-I9_IHD",ukb-b-16489,finn-b-I9_IHD,,rs10752262,-0.237986821876383,1.79283405813542,0.894396347720845
Qualifications: College or University degree || id:ukb-b-16489,"Ischaemic heart disease, wide definition || id:finn-b-I9_IHD",ukb-b-16489,finn-b-I9_IHD,,rs10752651,-1.65714255167879,1.96006108263083,0.397857101105797
Qualifications: College or University degree || id:ukb-b-16489,"Ischaemic heart disease, wide definition || id:finn-b-I9_IHD",ukb-b-16489,finn-b-I9_IHD,,rs10760023,-2.81813096469073,2.54267455460817,0.267717884764295
Qualifications: College or University degree || id:ukb-b-16489,"Ischaemic heart disease, wide definition || id:finn-b-I9_IHD",ukb-b-16489,finn-b-I9_IHD,,rs1081158,1.70636747683783,1.13084708524164,0.131317037436346
Qualifications: College or University degree || id:ukb-b-16489,"Ischaemic heart disease, wide definition || id:finn-b-I9_IHD",ukb-b-16489,finn-b-I9_IHD,,rs10865537,1.13823674481154,2.42402269728383,0.638665680013429
Qualifications: College or University degree || id:ukb-b-16489,"Ischaemic heart disease, wide definition || id:finn-b-I9_IHD",ukb-b-16489,finn-b-I9_IHD,,rs10899283,-4.73762240103301,1.98770908308325,0.0171508112988834
Qualifications: College or University degree || id:ukb-b-16489,"Ischaemic heart disease, wide definition || id:finn-b-I9_IHD",ukb-b-16489,finn-b-I9_IHD,,rs10899654,1.21284782245023,2.36993252662689,0.608815694337979
Qualifications: College or University degree || id:ukb-b-16489,"Ischaemic heart disease, wide definition || id:finn-b-I9_IHD",ukb-b-16489,finn-b-I9_IHD,,rs10901192,-3.16438700162719,1.84347316149841,0.0860640885047325
Qualifications: College or University degree || id:ukb-b-16489,"Ischaemic heart disease, wide definition || id:finn-b-I9_IHD",ukb-b-16489,finn-b-I9_IHD,,rs10911634,-1.88495852271703,1.81939474801383,0.300185331046088
Qualifications: College or University degree || id:ukb-b-16489,"Ischaemic heart disease, wide definition || id:finn-b-I9_IHD",ukb-b-16489,finn-b-I9_IHD,,rs10940921,-1.1038961038961,1.78571428571429,0.536455493807192
Qualifications: College or University degree || id:ukb-b-16489,"Ischaemic heart disease, wide definition || id:finn-b-I9_IHD",ukb-b-16489,finn-b-I9_IHD,,rs10946808,-1.27517533660878,1.05952068409406,0.228767490506915
Qualifications: College or University degree || id:ukb-b-16489,"Ischaemic heart disease, wide definition || id:finn-b-I9_IHD",ukb-b-16489,finn-b-I9_IHD,,rs10951155,-1.97582012133615,2.32938793252262,0.39631864272995
Qualifications: College or University degree || id:ukb-b-16489,"Ischaemic heart disease, wide definition || id:finn-b-I9_IHD",ukb-b-16489,finn-b-I9_IHD,,rs10955711,0.309690018508533,2.2406983692088,0.890073359804944
Qualifications: College or University degree || id:ukb-b-16489,"Ischaemic heart disease, wide definition || id:finn-b-I9_IHD",ukb-b-16489,finn-b-I9_IHD,,rs11056449,0.219943606459304,1.87685210845273,0.906711472221255
Qualifications: College or University degree || id:ukb-b-16489,"Ischaemic heart disease, wide definition || id:finn-b-I9_IHD",ukb-b-16489,finn-b-I9_IHD,,rs11057209,-1.67113568862185,1.39984742748194,0.232556818295153
Qualifications: College or University degree || id:ukb-b-16489,"Ischaemic heart disease, wide definition || id:finn-b-I9_IHD",ukb-b-16489,finn-b-I9_IHD,,rs1106380,0.0874064750716733,2.37745612194951,0.970672615638014
Qualifications: College or University degree || id:ukb-b-16489,"Ischaemic heart disease, wide definition || id:finn-b-I9_IHD",ukb-b-16489,finn-b-I9_IHD,,rs11072106,0.786396173975667,2.40057779424151,0.743224552275968
Qualifications: College or University degree || id:ukb-b-16489,"Ischaemic heart disease, wide definition || id:finn-b-I9_IHD",ukb-b-16489,finn-b-I9_IHD,,rs11122397,-5.25013590410854,2.37703003532473,0.0271958170540558
Qualifications: College or University degree || id:ukb-b-16489,"Ischaemic heart disease, wide definition || id:finn-b-I9_IHD",ukb-b-16489,finn-b-I9_IHD,,rs11123290,-0.246440061296364,2.46440061296364,0.920344325445942
Qualifications: College or University degree || id:ukb-b-16489,"Ischaemic heart disease, wide definition || id:finn-b-I9_IHD",ukb-b-16489,finn-b-I9_IHD,,rs11138947,-0.328028912854295,2.37338566359284,0.890073359804944
Qualifications: College or University degree || id:ukb-b-16489,"Ischaemic heart disease, wide definition || id:finn-b-I9_IHD",ukb-b-16489,finn-b-I9_IHD,,rs11155364,1.48145120917069,2.18386342041542,0.497541833355102
Qualifications: College or University degree || id:ukb-b-16489,"Ischaemic heart disease, wide definition || id:finn-b-I9_IHD",ukb-b-16489,finn-b-I9_IHD,,rs11155821,-2.09026128266033,1.56090939938921,0.180528214107175
Qualifications: College or University degree || id:ukb-b-16489,"Ischaemic heart disease, wide definition || id:finn-b-I9_IHD",ukb-b-16489,finn-b-I9_IHD,,rs111940281,-7.58269928898898,2.62887169738496,0.00392168924760207
Qualifications: College or University degree || id:ukb-b-16489,"Ischaemic heart disease, wide definition || id:finn-b-I9_IHD",ukb-b-16489,finn-b-I9_IHD,,rs112026126,-7.17995978552279,3.76172922252011,0.0563026142796318
Qualifications: College or University degree || id:ukb-b-16489,"Ischaemic heart disease, wide definition || id:finn-b-I9_IHD",ukb-b-16489,finn-b-I9_IHD,,rs11204137,-2.32860566675145,1.98827099238009,0.241529980712954
Qualifications: College or University degree || id:ukb-b-16489,"Ischaemic heart disease, wide definition || id:finn-b-I9_IHD",ukb-b-16489,finn-b-I9_IHD,,rs11204881,-2.46475401754905,2.40045608665647,0.304521377652904
Qualifications: College or University degree || id:ukb-b-16489,"Ischaemic heart disease, wide definition || id:finn-b-I9_IHD",ukb-b-16489,finn-b-I9_IHD,,rs11210887,0.967019491615221,1.28593017502024,0.452051058788007
Qualifications: College or University degree || id:ukb-b-16489,"Ischaemic heart disease, wide definition || id:finn-b-I9_IHD",ukb-b-16489,finn-b-I9_IHD,,rs112139144,0.291933461413347,1.86281351568517,0.875468347346214
Qualifications: College or University degree || id:ukb-b-16489,"Ischaemic heart disease, wide definition || id:finn-b-I9_IHD",ukb-b-16489,finn-b-I9_IHD,,rs11214468,-3.7595294902995,2.18236102119824,0.0849447669185881
Qualifications: College or University degree || id:ukb-b-16489,"Ischaemic heart disease, wide definition || id:finn-b-I9_IHD",ukb-b-16489,finn-b-I9_IHD,,rs11217917,1.34443779196707,2.13317462992109,0.528529656333849
Qualifications: College or University degree || id:ukb-b-16489,"Ischaemic heart disease, wide definition || id:finn-b-I9_IHD",ukb-b-16489,finn-b-I9_IHD,,rs11225174,-7.66122206258329,2.51756872311519,0.00234151824172476
Qualifications: College or University degree || id:ukb-b-16489,"Ischaemic heart disease, wide definition || id:finn-b-I9_IHD",ukb-b-16489,finn-b-I9_IHD,,rs11256891,-0.910886532302913,2.02951911583281,0.653562305233114
Qualifications: College or University degree || id:ukb-b-16489,"Ischaemic heart disease, wide definition || id:finn-b-I9_IHD",ukb-b-16489,finn-b-I9_IHD,,rs112669216,2.10594263121798,2.54972364545931,0.408832814668244
Qualifications: College or University degree || id:ukb-b-16489,"Ischaemic heart disease, wide definition || id:finn-b-I9_IHD",ukb-b-16489,finn-b-I9_IHD,,rs114456910,-3.90410294545572,2.79672798991238,0.162728420878815
Qualifications: College or University degree || id:ukb-b-16489,"Ischaemic heart disease, wide definition || id:finn-b-I9_IHD",ukb-b-16489,finn-b-I9_IHD,,rs11540358,0,1.58927566869404,1
Qualifications: College or University degree || id:ukb-b-16489,"Ischaemic heart disease, wide definition || id:finn-b-I9_IHD",ukb-b-16489,finn-b-I9_IHD,,rs11548200,-0.478327003472654,2.73603045986358,0.861217006318035
Qualifications: College or University degree || id:ukb-b-16489,"Ischaemic heart disease, wide definition || id:finn-b-I9_IHD",ukb-b-16489,finn-b-I9_IHD,,rs11572842,0.554950609395764,1.73984515378131,0.749752661315172
Qualifications: College or University degree || id:ukb-b-16489,"Ischaemic heart disease, wide definition || id:finn-b-I9_IHD",ukb-b-16489,finn-b-I9_IHD,,rs11635966,-1.89776064244192,2.0975249205937,0.365591537564832
Qualifications: College or University degree || id:ukb-b-16489,"Ischaemic heart disease, wide definition || id:finn-b-I9_IHD",ukb-b-16489,finn-b-I9_IHD,,rs11663602,-1.37969743862306,1.81869207818495,0.448079492505683
Qualifications: College or University degree || id:ukb-b-16489,"Ischaemic heart disease, wide definition || id:finn-b-I9_IHD",ukb-b-16489,finn-b-I9_IHD,,rs11669334,2.32627822034659,2.19985005619732,0.290296562436266
Qualifications: College or University degree || id:ukb-b-16489,"Ischaemic heart disease, wide definition || id:finn-b-I9_IHD",ukb-b-16489,finn-b-I9_IHD,,rs116787098,3.79267434940215,2.54287723854353,0.135833062186101
Qualifications: College or University degree || id:ukb-b-16489,"Ischaemic heart disease, wide definition || id:finn-b-I9_IHD",ukb-b-16489,finn-b-I9_IHD,,rs11678980,0.528636005087344,1.18165695254818,0.654609072682014
Qualifications: College or University degree || id:ukb-b-16489,"Ischaemic heart disease, wide definition || id:finn-b-I9_IHD",ukb-b-16489,finn-b-I9_IHD,,rs11685076,-3.14095013741657,1.79950268289491,0.0809057780917596
Qualifications: College or University degree || id:ukb-b-16489,"Ischaemic heart disease, wide definition || id:finn-b-I9_IHD",ukb-b-16489,finn-b-I9_IHD,,rs11690224,-3.55890255398801,1.80661847206261,0.0488469883097687
Qualifications: College or University degree || id:ukb-b-16489,"Ischaemic heart disease, wide definition || id:finn-b-I9_IHD",ukb-b-16489,finn-b-I9_IHD,,rs117005905,1.41158705060375,1.92588620857567,0.463586153260839
Qualifications: College or University degree || id:ukb-b-16489,"Ischaemic heart disease, wide definition || id:finn-b-I9_IHD",ukb-b-16489,finn-b-I9_IHD,,rs11703948,-2.83889881052667,1.63426222327055,0.0823671562053993
Qualifications: College or University degree || id:ukb-b-16489,"Ischaemic heart disease, wide definition || id:finn-b-I9_IHD",ukb-b-16489,finn-b-I9_IHD,,rs117324288,-1.16003787878788,2.91982323232323,0.691148240175519
Qualifications: College or University degree || id:ukb-b-16489,"Ischaemic heart disease, wide definition || id:finn-b-I9_IHD",ukb-b-16489,finn-b-I9_IHD,,rs11732657,-0.826965933280959,1.86780236654837,0.657947953012137
Qualifications: College or University degree || id:ukb-b-16489,"Ischaemic heart disease, wide definition || id:finn-b-I9_IHD",ukb-b-16489,finn-b-I9_IHD,,rs11748023,-0.393158360768949,1.88032259498193,0.8343772713561
Qualifications: College or University degree || id:ukb-b-16489,"Ischaemic heart disease, wide definition || id:finn-b-I9_IHD",ukb-b-16489,finn-b-I9_IHD,,rs117588074,-3.10631109545502,1.97747123860152,0.116217447861042
Qualifications: College or University degree || id:ukb-b-16489,"Ischaemic heart disease, wide definition || id:finn-b-I9_IHD",ukb-b-16489,finn-b-I9_IHD,,rs11770877,-1.94189512077743,1.73081956417119,0.261883181151682
Qualifications: College or University degree || id:ukb-b-16489,"Ischaemic heart disease, wide definition || id:finn-b-I9_IHD",ukb-b-16489,finn-b-I9_IHD,,rs117769860,2.74643535577781,4.30274872405191,0.523279796752506
Qualifications: College or University degree || id:ukb-b-16489,"Ischaemic heart disease, wide definition || id:finn-b-I9_IHD",ukb-b-16489,finn-b-I9_IHD,,rs11786598,-3.05930894855876,1.77792300151844,0.0853015145039194
Qualifications: College or University degree || id:ukb-b-16489,"Ischaemic heart disease, wide definition || id:finn-b-I9_IHD",ukb-b-16489,finn-b-I9_IHD,,rs11793831,-0.212141827784727,0.811991133934646,0.793891038371293
Qualifications: College or University degree || id:ukb-b-16489,"Ischaemic heart disease, wide definition || id:finn-b-I9_IHD",ukb-b-16489,finn-b-I9_IHD,,rs118083122,-1.92282547666844,1.4075082489213,0.171901233217132
Qualifications: College or University degree || id:ukb-b-16489,"Ischaemic heart disease, wide definition || id:finn-b-I9_IHD",ukb-b-16489,finn-b-I9_IHD,,rs11818760,-2.60184892767937,2.4044672848899,0.279212737759125
Qualifications: College or University degree || id:ukb-b-16489,"Ischaemic heart disease, wide definition || id:finn-b-I9_IHD",ukb-b-16489,finn-b-I9_IHD,,rs11885093,5.18395826823281,2.1313835388553,0.0150072775079992
Qualifications: College or University degree || id:ukb-b-16489,"Ischaemic heart disease, wide definition || id:finn-b-I9_IHD",ukb-b-16489,finn-b-I9_IHD,,rs1193232,0.966704754834007,2.16541865082818,0.655287698144
Qualifications: College or University degree || id:ukb-b-16489,"Ischaemic heart disease, wide definition || id:finn-b-I9_IHD",ukb-b-16489,finn-b-I9_IHD,,rs12050316,-1.77732263272263,2.49671512691988,0.476548744736444
Qualifications: College or University degree || id:ukb-b-16489,"Ischaemic heart disease, wide definition || id:finn-b-I9_IHD",ukb-b-16489,finn-b-I9_IHD,,rs12075943,-1.98295700636112,2.3656329198694,0.40189856846954
Qualifications: College or University degree || id:ukb-b-16489,"Ischaemic heart disease, wide definition || id:finn-b-I9_IHD",ukb-b-16489,finn-b-I9_IHD,,rs1207953,1.03312272485106,2.28907584133666,0.651753575446936
Qualifications: College or University degree || id:ukb-b-16489,"Ischaemic heart disease, wide definition || id:finn-b-I9_IHD",ukb-b-16489,finn-b-I9_IHD,,rs12133462,2.13968827293785,2.21820894350438,0.334744312578159
Qualifications: College or University degree || id:ukb-b-16489,"Ischaemic heart disease, wide definition || id:finn-b-I9_IHD",ukb-b-16489,finn-b-I9_IHD,,rs12140753,-2.95689615016172,2.57209459637355,0.250306062526163
Qualifications: College or University degree || id:ukb-b-16489,"Ischaemic heart disease, wide definition || id:finn-b-I9_IHD",ukb-b-16489,finn-b-I9_IHD,,rs12212446,-0.639579298950024,2.32735800451259,0.783462860060314
Qualifications: College or University degree || id:ukb-b-16489,"Ischaemic heart disease, wide definition || id:finn-b-I9_IHD",ukb-b-16489,finn-b-I9_IHD,,rs12218315,0.6518527993388,1.86946463206599,0.727326399374805
Qualifications: College or University degree || id:ukb-b-16489,"Ischaemic heart disease, wide definition || id:finn-b-I9_IHD",ukb-b-16489,finn-b-I9_IHD,,rs12309873,2.06532728553051,2.73409993036897,0.450011602444669
Qualifications: College or University degree || id:ukb-b-16489,"Ischaemic heart disease, wide definition || id:finn-b-I9_IHD",ukb-b-16489,finn-b-I9_IHD,,rs12355139,-8.24315400935005,2.24014664907737,0.000233473187549044
Qualifications: College or University degree || id:ukb-b-16489,"Ischaemic heart disease, wide definition || id:finn-b-I9_IHD",ukb-b-16489,finn-b-I9_IHD,,rs12421006,0.0489297434124255,2.08766905226349,0.981301292539651
Qualifications: College or University degree || id:ukb-b-16489,"Ischaemic heart disease, wide definition || id:finn-b-I9_IHD",ukb-b-16489,finn-b-I9_IHD,,rs12457071,0.858020935710831,2.14505233927708,0.689156516779352
Qualifications: College or University degree || id:ukb-b-16489,"Ischaemic heart disease, wide definition || id:finn-b-I9_IHD",ukb-b-16489,finn-b-I9_IHD,,rs12468040,1.78179480850985,1.46503128699699,0.223902567922775
Qualifications: College or University degree || id:ukb-b-16489,"Ischaemic heart disease, wide definition || id:finn-b-I9_IHD",ukb-b-16489,finn-b-I9_IHD,,rs12483529,-6.47580275168882,2.05664745371225,0.00163988387566398
Qualifications: College or University degree || id:ukb-b-16489,"Ischaemic heart disease, wide definition || id:finn-b-I9_IHD",ukb-b-16489,finn-b-I9_IHD,,rs12526814,-0.111893477409506,1.7902956385521,0.950164661941506
Qualifications: College or University degree || id:ukb-b-16489,"Ischaemic heart disease, wide definition || id:finn-b-I9_IHD",ukb-b-16489,finn-b-I9_IHD,,rs12574281,1.9549562886958,2.20169834455061,0.374577849713575
Qualifications: College or University degree || id:ukb-b-16489,"Ischaemic heart disease, wide definition || id:finn-b-I9_IHD",ukb-b-16489,finn-b-I9_IHD,,rs12619360,-1.14904599719515,2.12131568712951,0.588048156696901
Qualifications: College or University degree || id:ukb-b-16489,"Ischaemic heart disease, wide definition || id:finn-b-I9_IHD",ukb-b-16489,finn-b-I9_IHD,,rs12644402,0.538705567479286,1.52205700017957,0.723389406856195
Qualifications: College or University degree || id:ukb-b-16489,"Ischaemic heart disease, wide definition || id:finn-b-I9_IHD",ukb-b-16489,finn-b-I9_IHD,,rs12646808,-5.29802878139473,2.56103974303583,0.0385740321870476
Qualifications: College or University degree || id:ukb-b-16489,"Ischaemic heart disease, wide definition || id:finn-b-I9_IHD",ukb-b-16489,finn-b-I9_IHD,,rs12681504,-1.17868358804201,1.8568303099292,0.525570207415423
Qualifications: College or University degree || id:ukb-b-16489,"Ischaemic heart disease, wide definition || id:finn-b-I9_IHD",ukb-b-16489,finn-b-I9_IHD,,rs12705284,1.98804586405645,1.77792719549764,0.263489347975161
Qualifications: College or University degree || id:ukb-b-16489,"Ischaemic heart disease, wide definition || id:finn-b-I9_IHD",ukb-b-16489,finn-b-I9_IHD,,rs12714271,0.0432332411744742,2.39944488518332,0.985624479444362
Qualifications: College or University degree || id:ukb-b-16489,"Ischaemic heart disease, wide definition || id:finn-b-I9_IHD",ukb-b-16489,finn-b-I9_IHD,,rs12716952,2.31434413966736,2.33087516923642,0.320754887572564
Qualifications: College or University degree || id:ukb-b-16489,"Ischaemic heart disease, wide definition || id:finn-b-I9_IHD",ukb-b-16489,finn-b-I9_IHD,,rs12735232,-2.87852922972456,1.50780102509382,0.0562503652819668
Qualifications: College or University degree || id:ukb-b-16489,"Ischaemic heart disease, wide definition || id:finn-b-I9_IHD",ukb-b-16489,finn-b-I9_IHD,,rs1275200,-3.21752612104447,1.58028937803512,0.0417467368288123
Qualifications: College or University degree || id:ukb-b-16489,"Ischaemic heart disease, wide definition || id:finn-b-I9_IHD",ukb-b-16489,finn-b-I9_IHD,,rs12752933,0.590123240576113,2.13205815950079,0.781944651139925
Qualifications: College or University degree || id:ukb-b-16489,"Ischaemic heart disease, wide definition || id:finn-b-I9_IHD",ukb-b-16489,finn-b-I9_IHD,,rs12821215,2.58073809109405,2.46070376127573,0.294279159891131
Qualifications: College or University degree || id:ukb-b-16489,"Ischaemic heart disease, wide definition || id:finn-b-I9_IHD",ukb-b-16489,finn-b-I9_IHD,,rs12823941,2.88443717266241,2.27072713592573,0.203988374325891
Qualifications: College or University degree || id:ukb-b-16489,"Ischaemic heart disease, wide definition || id:finn-b-I9_IHD",ukb-b-16489,finn-b-I9_IHD,,rs12863981,0.268249337759447,2.34718170539517,0.909011306646051
Qualifications: College or University degree || id:ukb-b-16489,"Ischaemic heart disease, wide definition || id:finn-b-I9_IHD",ukb-b-16489,finn-b-I9_IHD,,rs12866098,3.62925091839039,2.53203552445841,0.151762600344516
Qualifications: College or University degree || id:ukb-b-16489,"Ischaemic heart disease, wide definition || id:finn-b-I9_IHD",ukb-b-16489,finn-b-I9_IHD,,rs12888615,0.208330269652897,1.5440949397803,0.892674624418488
Qualifications: College or University degree || id:ukb-b-16489,"Ischaemic heart disease, wide definition || id:finn-b-I9_IHD",ukb-b-16489,finn-b-I9_IHD,,rs12987408,-1.43995748414191,1.98921961726821,0.469139042949789
Qualifications: College or University degree || id:ukb-b-16489,"Ischaemic heart disease, wide definition || id:finn-b-I9_IHD",ukb-b-16489,finn-b-I9_IHD,,rs12987931,1.820133301309,2.10159721388255,0.386450992316402
Qualifications: College or University degree || id:ukb-b-16489,"Ischaemic heart disease, wide definition || id:finn-b-I9_IHD",ukb-b-16489,finn-b-I9_IHD,,rs13018621,-2.92700673597407,1.7694334505606,0.0980857439119122
Qualifications: College or University degree || id:ukb-b-16489,"Ischaemic heart disease, wide definition || id:finn-b-I9_IHD",ukb-b-16489,finn-b-I9_IHD,,rs13063107,-0.492213102367372,1.85227562206669,0.790443871626176
Qualifications: College or University degree || id:ukb-b-16489,"Ischaemic heart disease, wide definition || id:finn-b-I9_IHD",ukb-b-16489,finn-b-I9_IHD,,rs13090388,-1.56988964792433,0.729111928533894,0.0313066440353397
Qualifications: College or University degree || id:ukb-b-16489,"Ischaemic heart disease, wide definition || id:finn-b-I9_IHD",ukb-b-16489,finn-b-I9_IHD,,rs13113979,-3.31770645510278,2.63767966616867,0.208459573962201
Qualifications: College or University degree || id:ukb-b-16489,"Ischaemic heart disease, wide definition || id:finn-b-I9_IHD",ukb-b-16489,finn-b-I9_IHD,,rs13128371,-0.746441340907225,2.09003575454023,0.720984861901671
Qualifications: College or University degree || id:ukb-b-16489,"Ischaemic heart disease, wide definition || id:finn-b-I9_IHD",ukb-b-16489,finn-b-I9_IHD,,rs13138530,-0.248948193880853,1.88907747121353,0.895155976224741
Qualifications: College or University degree || id:ukb-b-16489,"Ischaemic heart disease, wide definition || id:finn-b-I9_IHD",ukb-b-16489,finn-b-I9_IHD,,rs13292239,-0.4099217459387,2.43903438833527,0.866530391721043
Qualifications: College or University degree || id:ukb-b-16489,"Ischaemic heart disease, wide definition || id:finn-b-I9_IHD",ukb-b-16489,finn-b-I9_IHD,,rs1334297,-2.22415540389048,1.11207770194524,0.0455002638963584
Qualifications: College or University degree || id:ukb-b-16489,"Ischaemic heart disease, wide definition || id:finn-b-I9_IHD",ukb-b-16489,finn-b-I9_IHD,,rs1335482,0.110198706634513,2.02030962163274,0.956500594977862
Qualifications: College or University degree || id:ukb-b-16489,"Ischaemic heart disease, wide definition || id:finn-b-I9_IHD",ukb-b-16489,finn-b-I9_IHD,,rs1340799,-0.0718731582503198,2.04838501013412,0.972009793963865
Qualifications: College or University degree || id:ukb-b-16489,"Ischaemic heart disease, wide definition || id:finn-b-I9_IHD",ukb-b-16489,finn-b-I9_IHD,,rs13419042,-1.96441179155511,2.0915207898322,0.347614456079626
Qualifications: College or University degree || id:ukb-b-16489,"Ischaemic heart disease, wide definition || id:finn-b-I9_IHD",ukb-b-16489,finn-b-I9_IHD,,rs13428598,-1.37057125681384,1.57412144346936,0.383923628411138
Qualifications: College or University degree || id:ukb-b-16489,"Ischaemic heart disease, wide definition || id:finn-b-I9_IHD",ukb-b-16489,finn-b-I9_IHD,,rs1362551,-1.44435778297747,2.71094845420386,0.594181113281633
Qualifications: College or University degree || id:ukb-b-16489,"Ischaemic heart disease, wide definition || id:finn-b-I9_IHD",ukb-b-16489,finn-b-I9_IHD,,rs1391441,0.381377234090502,1.34059876225752,0.776040445079748
Qualifications: College or University degree || id:ukb-b-16489,"Ischaemic heart disease, wide definition || id:finn-b-I9_IHD",ukb-b-16489,finn-b-I9_IHD,,rs1397880,-0.0493525764512536,2.10570992858682,0.981301292539651
Qualifications: College or University degree || id:ukb-b-16489,"Ischaemic heart disease, wide definition || id:finn-b-I9_IHD",ukb-b-16489,finn-b-I9_IHD,,rs141455022,2.04253151661785,1.58920157901439,0.1987026970389
Qualifications: College or University degree || id:ukb-b-16489,"Ischaemic heart disease, wide definition || id:finn-b-I9_IHD",ukb-b-16489,finn-b-I9_IHD,,rs141599192,-7.68224308887126,3.61517321829236,0.0335866128968976
Qualifications: College or University degree || id:ukb-b-16489,"Ischaemic heart disease, wide definition || id:finn-b-I9_IHD",ukb-b-16489,finn-b-I9_IHD,,rs141874683,-0.362024381233838,1.88400443295161,0.847619334701742
Qualifications: College or University degree || id:ukb-b-16489,"Ischaemic heart disease, wide definition || id:finn-b-I9_IHD",ukb-b-16489,finn-b-I9_IHD,,rs1423920,0.26330340451302,1.81021090602701,0.884352001477485
Qualifications: College or University degree || id:ukb-b-16489,"Ischaemic heart disease, wide definition || id:finn-b-I9_IHD",ukb-b-16489,finn-b-I9_IHD,,rs142986186,-0.0360858223958924,1.53622501056799,0.981259468664081
Qualifications: College or University degree || id:ukb-b-16489,"Ischaemic heart disease, wide definition || id:finn-b-I9_IHD",ukb-b-16489,finn-b-I9_IHD,,rs1448355,0.273734616114574,2.20812590332423,0.901341449462363
Qualifications: College or University degree || id:ukb-b-16489,"Ischaemic heart disease, wide definition || id:finn-b-I9_IHD",ukb-b-16489,finn-b-I9_IHD,,rs1477234,0,2.41198110185189,1
Qualifications: College or University degree || id:ukb-b-16489,"Ischaemic heart disease, wide definition || id:finn-b-I9_IHD",ukb-b-16489,finn-b-I9_IHD,,rs1503526,-1.34361267748063,1.58404863029295,0.39631864272995
Qualifications: College or University degree || id:ukb-b-16489,"Ischaemic heart disease, wide definition || id:finn-b-I9_IHD",ukb-b-16489,finn-b-I9_IHD,,rs1565400,1.00560681667341,2.45814999631277,0.682472947499482
Qualifications: College or University degree || id:ukb-b-16489,"Ischaemic heart disease, wide definition || id:finn-b-I9_IHD",ukb-b-16489,finn-b-I9_IHD,,rs1596262,0.567572492449792,1.7325897137941,0.743224552275968
Qualifications: College or University degree || id:ukb-b-16489,"Ischaemic heart disease, wide definition || id:finn-b-I9_IHD",ukb-b-16489,finn-b-I9_IHD,,rs165579,-3.33044901922945,1.72747589315173,0.053864091396501
Qualifications: College or University degree || id:ukb-b-16489,"Ischaemic heart disease, wide definition || id:finn-b-I9_IHD",ukb-b-16489,finn-b-I9_IHD,,rs16828793,-0.416730977002624,1.8984411174564,0.826251081180617
Qualifications: College or University degree || id:ukb-b-16489,"Ischaemic heart disease, wide definition || id:finn-b-I9_IHD",ukb-b-16489,finn-b-I9_IHD,,rs1689510,-1.63680129983046,1.77195003100913,0.35562752641097
Qualifications: College or University degree || id:ukb-b-16489,"Ischaemic heart disease, wide definition || id:finn-b-I9_IHD",ukb-b-16489,finn-b-I9_IHD,,rs16924685,-0.105902554520904,2.3298561994599,0.963745004895627
Qualifications: College or University degree || id:ukb-b-16489,"Ischaemic heart disease, wide definition || id:finn-b-I9_IHD",ukb-b-16489,finn-b-I9_IHD,,rs16938568,1.4730949725373,2.49724671534895,0.555265980812554
Qualifications: College or University degree || id:ukb-b-16489,"Ischaemic heart disease, wide definition || id:finn-b-I9_IHD",ukb-b-16489,finn-b-I9_IHD,,rs16947005,0.162830795283696,2.37009268690714,0.945226595295987
Qualifications: College or University degree || id:ukb-b-16489,"Ischaemic heart disease, wide definition || id:finn-b-I9_IHD",ukb-b-16489,finn-b-I9_IHD,,rs16949091,-0.811001700023817,1.75545937600092,0.644089707829091
Qualifications: College or University degree || id:ukb-b-16489,"Ischaemic heart disease, wide definition || id:finn-b-I9_IHD",ukb-b-16489,finn-b-I9_IHD,,rs1698139,-1.53206362478463,1.81770260567669,0.399308344883748
Qualifications: College or University degree || id:ukb-b-16489,"Ischaemic heart disease, wide definition || id:finn-b-I9_IHD",ukb-b-16489,finn-b-I9_IHD,,rs17110109,2.62286055496753,2.0648051177404,0.203988374325891
Qualifications: College or University degree || id:ukb-b-16489,"Ischaemic heart disease, wide definition || id:finn-b-I9_IHD",ukb-b-16489,finn-b-I9_IHD,,rs17187632,1.7588966544751,2.103778351431,0.403118014218166
Qualifications: College or University degree || id:ukb-b-16489,"Ischaemic heart disease, wide definition || id:finn-b-I9_IHD",ukb-b-16489,finn-b-I9_IHD,,rs17235639,-4.31892403717946,2.14496898490792,0.0440606347757764
Qualifications: College or University degree || id:ukb-b-16489,"Ischaemic heart disease, wide definition || id:finn-b-I9_IHD",ukb-b-16489,finn-b-I9_IHD,,rs17425572,2.95284672879948,1.86230674373149,0.11283334819695
Qualifications: College or University degree || id:ukb-b-16489,"Ischaemic heart disease, wide definition || id:finn-b-I9_IHD",ukb-b-16489,finn-b-I9_IHD,,rs17504871,-1.39786434285698,1.56560806399982,0.371933680494178
Qualifications: College or University degree || id:ukb-b-16489,"Ischaemic heart disease, wide definition || id:finn-b-I9_IHD",ukb-b-16489,finn-b-I9_IHD,,rs17518936,-0.703975637228318,2.22925618455634,0.752162308378054
Qualifications: College or University degree || id:ukb-b-16489,"Ischaemic heart disease, wide definition || id:finn-b-I9_IHD",ukb-b-16489,finn-b-I9_IHD,,rs175325,-3.1923164718381,1.92225507981649,0.0967708428904493
Qualifications: College or University degree || id:ukb-b-16489,"Ischaemic heart disease, wide definition || id:finn-b-I9_IHD",ukb-b-16489,finn-b-I9_IHD,,rs17552292,-0.791364629166535,2.11030567777743,0.707660466654553
Qualifications: College or University degree || id:ukb-b-16489,"Ischaemic heart disease, wide definition || id:finn-b-I9_IHD",ukb-b-16489,finn-b-I9_IHD,,rs17563464,1.0750066204676,2.09757389359532,0.60830112030576
Qualifications: College or University degree || id:ukb-b-16489,"Ischaemic heart disease, wide definition || id:finn-b-I9_IHD",ukb-b-16489,finn-b-I9_IHD,,rs1771576,3.66417623479719,2.35554186522677,0.119813814205544
Qualifications: College or University degree || id:ukb-b-16489,"Ischaemic heart disease, wide definition || id:finn-b-I9_IHD",ukb-b-16489,finn-b-I9_IHD,,rs184348063,-0.35272164573093,0.978518113963226,0.718499338876114
Qualifications: College or University degree || id:ukb-b-16489,"Ischaemic heart disease, wide definition || id:finn-b-I9_IHD",ukb-b-16489,finn-b-I9_IHD,,rs1861047,0.813443834095738,1.78638645919064,0.648852322436184
Qualifications: College or University degree || id:ukb-b-16489,"Ischaemic heart disease, wide definition || id:finn-b-I9_IHD",ukb-b-16489,finn-b-I9_IHD,,rs186313406,0.672939565304653,3.45324250616861,0.845493315295975
Qualifications: College or University degree || id:ukb-b-16489,"Ischaemic heart disease, wide definition || id:finn-b-I9_IHD",ukb-b-16489,finn-b-I9_IHD,,rs1876765,-1.72248902234608,1.50396429563053,0.252085259916475
Qualifications: College or University degree || id:ukb-b-16489,"Ischaemic heart disease, wide definition || id:finn-b-I9_IHD",ukb-b-16489,finn-b-I9_IHD,,rs190060475,2.0474609476934,1.87683920205228,0.275312886521962
Qualifications: College or University degree || id:ukb-b-16489,"Ischaemic heart disease, wide definition || id:finn-b-I9_IHD",ukb-b-16489,finn-b-I9_IHD,,rs1914391,-1.78555607804652,1.62199368921783,0.270966152994536
Qualifications: College or University degree || id:ukb-b-16489,"Ischaemic heart disease, wide definition || id:finn-b-I9_IHD",ukb-b-16489,finn-b-I9_IHD,,rs192936,3.08001005532695,2.49118460357327,0.216323426504876
Qualifications: College or University degree || id:ukb-b-16489,"Ischaemic heart disease, wide definition || id:finn-b-I9_IHD",ukb-b-16489,finn-b-I9_IHD,,rs195962,0,2.58483403394019,1
Qualifications: College or University degree || id:ukb-b-16489,"Ischaemic heart disease, wide definition || id:finn-b-I9_IHD",ukb-b-16489,finn-b-I9_IHD,,rs1961268,3.57511976651218,2.44841535524773,0.144241437193596
Qualifications: College or University degree || id:ukb-b-16489,"Ischaemic heart disease, wide definition || id:finn-b-I9_IHD",ukb-b-16489,finn-b-I9_IHD,,rs1962047,-0.205343868842764,2.29985133103896,0.928854847071628
Qualifications: College or University degree || id:ukb-b-16489,"Ischaemic heart disease, wide definition || id:finn-b-I9_IHD",ukb-b-16489,finn-b-I9_IHD,,rs1982564,-2.9851905921514,2.24911619956612,0.184418482119343
Qualifications: College or University degree || id:ukb-b-16489,"Ischaemic heart disease, wide definition || id:finn-b-I9_IHD",ukb-b-16489,finn-b-I9_IHD,,rs2016933,-0.691609565651903,2.24773108836868,0.75831647352629
Qualifications: College or University degree || id:ukb-b-16489,"Ischaemic heart disease, wide definition || id:finn-b-I9_IHD",ukb-b-16489,finn-b-I9_IHD,,rs2048793,1.38978699584029,2.31631165973382,0.548506235500147
Qualifications: College or University degree || id:ukb-b-16489,"Ischaemic heart disease, wide definition || id:finn-b-I9_IHD",ukb-b-16489,finn-b-I9_IHD,,rs2061245,0.784276562058334,1.8136395497599,0.665427150454072
Qualifications: College or University degree || id:ukb-b-16489,"Ischaemic heart disease, wide definition || id:finn-b-I9_IHD",ukb-b-16489,finn-b-I9_IHD,,rs2061456,0.709448673922187,1.99321294101948,0.721891338190708
Qualifications: College or University degree || id:ukb-b-16489,"Ischaemic heart disease, wide definition || id:finn-b-I9_IHD",ukb-b-16489,finn-b-I9_IHD,,rs2134861,-3.63999859573658,2.4020295301815,0.129675031149477
Qualifications: College or University degree || id:ukb-b-16489,"Ischaemic heart disease, wide definition || id:finn-b-I9_IHD",ukb-b-16489,finn-b-I9_IHD,,rs2143989,-1.31220744628763,2.62441489257526,0.617075077451974
Qualifications: College or University degree || id:ukb-b-16489,"Ischaemic heart disease, wide definition || id:finn-b-I9_IHD",ukb-b-16489,finn-b-I9_IHD,,rs2148562,-2.49614232549696,2.26922029590633,0.271332121892765
Qualifications: College or University degree || id:ukb-b-16489,"Ischaemic heart disease, wide definition || id:finn-b-I9_IHD",ukb-b-16489,finn-b-I9_IHD,,rs2190389,-2.75319796776658,1.87824098648483,0.142692287159732
Qualifications: College or University degree || id:ukb-b-16489,"Ischaemic heart disease, wide definition || id:finn-b-I9_IHD",ukb-b-16489,finn-b-I9_IHD,,rs2195086,-2.84269731365104,2.45351851475834,0.246610831668664
Qualifications: College or University degree || id:ukb-b-16489,"Ischaemic heart disease, wide definition || id:finn-b-I9_IHD",ukb-b-16489,finn-b-I9_IHD,,rs2235117,2.44307190051087,2.4249750716182,0.313712480145761
Qualifications: College or University degree || id:ukb-b-16489,"Ischaemic heart disease, wide definition || id:finn-b-I9_IHD",ukb-b-16489,finn-b-I9_IHD,,rs2242523,2.20009042891369,1.92291368196394,0.252563862926947
Qualifications: College or University degree || id:ukb-b-16489,"Ischaemic heart disease, wide definition || id:finn-b-I9_IHD",ukb-b-16489,finn-b-I9_IHD,,rs2268991,-0.847809824619733,1.83692128667609,0.644412333769812
Qualifications: College or University degree || id:ukb-b-16489,"Ischaemic heart disease, wide definition || id:finn-b-I9_IHD",ukb-b-16489,finn-b-I9_IHD,,rs2299098,-2.70134033010637,1.96461114916827,0.169131444702671
Qualifications: College or University degree || id:ukb-b-16489,"Ischaemic heart disease, wide definition || id:finn-b-I9_IHD",ukb-b-16489,finn-b-I9_IHD,,rs2309812,-0.961940204242253,1.09797215231692,0.380972305435952
Qualifications: College or University degree || id:ukb-b-16489,"Ischaemic heart disease, wide definition || id:finn-b-I9_IHD",ukb-b-16489,finn-b-I9_IHD,,rs2341336,-0.175377060680463,1.8077327793217,0.922714541627264
Qualifications: College or University degree || id:ukb-b-16489,"Ischaemic heart disease, wide definition || id:finn-b-I9_IHD",ukb-b-16489,finn-b-I9_IHD,,rs2342082,-0.457873710799333,2.55646155196294,0.857855666232612
Qualifications: College or University degree || id:ukb-b-16489,"Ischaemic heart disease, wide definition || id:finn-b-I9_IHD",ukb-b-16489,finn-b-I9_IHD,,rs2357948,-0.349863662504018,2.40531267971512,0.884352001477485
Qualifications: College or University degree || id:ukb-b-16489,"Ischaemic heart disease, wide definition || id:finn-b-I9_IHD",ukb-b-16489,finn-b-I9_IHD,,rs2360635,-1.86531240974295,2.26645486345111,0.4105029609706
Qualifications: College or University degree || id:ukb-b-16489,"Ischaemic heart disease, wide definition || id:finn-b-I9_IHD",ukb-b-16489,finn-b-I9_IHD,,rs2368831,-3.74649330483591,2.55032375570155,0.141825588450351
Qualifications: College or University degree || id:ukb-b-16489,"Ischaemic heart disease, wide definition || id:finn-b-I9_IHD",ukb-b-16489,finn-b-I9_IHD,,rs2383268,-3.76952073236403,2.29899341369454,0.101080116007066
Qualifications: College or University degree || id:ukb-b-16489,"Ischaemic heart disease, wide definition || id:finn-b-I9_IHD",ukb-b-16489,finn-b-I9_IHD,,rs2388334,-1.1027854461534,0.803353636270686,0.169837147388393
Qualifications: College or University degree || id:ukb-b-16489,"Ischaemic heart disease, wide definition || id:finn-b-I9_IHD",ukb-b-16489,finn-b-I9_IHD,,rs2449635,2.01881185324757,2.51808790297547,0.422712549877375
Qualifications: College or University degree || id:ukb-b-16489,"Ischaemic heart disease, wide definition || id:finn-b-I9_IHD",ukb-b-16489,finn-b-I9_IHD,,rs2535911,3.49970106720051,2.31230249082891,0.130149271197461
Qualifications: College or University degree || id:ukb-b-16489,"Ischaemic heart disease, wide definition || id:finn-b-I9_IHD",ukb-b-16489,finn-b-I9_IHD,,rs2606913,-1.04163049894101,2.15003218371157,0.628050895887127
Qualifications: College or University degree || id:ukb-b-16489,"Ischaemic heart disease, wide definition || id:finn-b-I9_IHD",ukb-b-16489,finn-b-I9_IHD,,rs261068,-3.07046380690788,2.06922560900313,0.13784315525934
Qualifications: College or University degree || id:ukb-b-16489,"Ischaemic heart disease, wide definition || id:finn-b-I9_IHD",ukb-b-16489,finn-b-I9_IHD,,rs2644112,-1.8766884022303,1.99192365499882,0.346116483209785
Qualifications: College or University degree || id:ukb-b-16489,"Ischaemic heart disease, wide definition || id:finn-b-I9_IHD",ukb-b-16489,finn-b-I9_IHD,,rs2654222,0.783976721921949,1.73379467348123,0.651143699743314
Qualifications: College or University degree || id:ukb-b-16489,"Ischaemic heart disease, wide definition || id:finn-b-I9_IHD",ukb-b-16489,finn-b-I9_IHD,,rs2661876,0.299788836238475,2.15473226046404,0.889347078629313
Qualifications: College or University degree || id:ukb-b-16489,"Ischaemic heart disease, wide definition || id:finn-b-I9_IHD",ukb-b-16489,finn-b-I9_IHD,,rs2666764,-3.86656824492952,2.46054342859151,0.116083133738655
Qualifications: College or University degree || id:ukb-b-16489,"Ischaemic heart disease, wide definition || id:finn-b-I9_IHD",ukb-b-16489,finn-b-I9_IHD,,rs2718794,0.685626525519019,1.99974403276381,0.731705934672859
Qualifications: College or University degree || id:ukb-b-16489,"Ischaemic heart disease, wide definition || id:finn-b-I9_IHD",ukb-b-16489,finn-b-I9_IHD,,rs2725377,-2.78078818203116,2.15225386691453,0.196344886139891
Qualifications: College or University degree || id:ukb-b-16489,"Ischaemic heart disease, wide definition || id:finn-b-I9_IHD",ukb-b-16489,finn-b-I9_IHD,,rs2727565,1.73322396092476,1.77804871853489,0.32966448018146
Qualifications: College or University degree || id:ukb-b-16489,"Ischaemic heart disease, wide definition || id:finn-b-I9_IHD",ukb-b-16489,finn-b-I9_IHD,,rs2762546,-0.443238699323679,1.8188070765351,0.807465125991036
Qualifications: College or University degree || id:ukb-b-16489,"Ischaemic heart disease, wide definition || id:finn-b-I9_IHD",ukb-b-16489,finn-b-I9_IHD,,rs2764264,2.91004885818872,1.74602931491323,0.0955807045456294
Qualifications: College or University degree || id:ukb-b-16489,"Ischaemic heart disease, wide definition || id:finn-b-I9_IHD",ukb-b-16489,finn-b-I9_IHD,,rs2815753,0.818488097634569,1.27197474632399,0.519913816292725
Qualifications: College or University degree || id:ukb-b-16489,"Ischaemic heart disease, wide definition || id:finn-b-I9_IHD",ukb-b-16489,finn-b-I9_IHD,,rs2838986,1.35974509685731,1.79430280822407,0.448563238123814
Qualifications: College or University degree || id:ukb-b-16489,"Ischaemic heart disease, wide definition || id:finn-b-I9_IHD",ukb-b-16489,finn-b-I9_IHD,,rs28591249,-3.64300330367517,1.63053776898365,0.025467665002867
Qualifications: College or University degree || id:ukb-b-16489,"Ischaemic heart disease, wide definition || id:finn-b-I9_IHD",ukb-b-16489,finn-b-I9_IHD,,rs28703977,-7.31415433321827,1.85514933191815,8.05953093334926e-05
Qualifications: College or University degree || id:ukb-b-16489,"Ischaemic heart disease, wide definition || id:finn-b-I9_IHD",ukb-b-16489,finn-b-I9_IHD,,rs2885198,-1.37585827349442,1.80171916767126,0.445083972938247
Qualifications: College or University degree || id:ukb-b-16489,"Ischaemic heart disease, wide definition || id:finn-b-I9_IHD",ukb-b-16489,finn-b-I9_IHD,,rs2903589,-1.66601716142547,1.86883664194684,0.372675540822268
Qualifications: College or University degree || id:ukb-b-16489,"Ischaemic heart disease, wide definition || id:finn-b-I9_IHD",ukb-b-16489,finn-b-I9_IHD,,rs2916490,-2.8549785115284,2.49334790006814,0.252193346940782
Qualifications: College or University degree || id:ukb-b-16489,"Ischaemic heart disease, wide definition || id:finn-b-I9_IHD",ukb-b-16489,finn-b-I9_IHD,,rs2923431,-2.55719772879092,1.98313293253173,0.197233459347633
Qualifications: College or University degree || id:ukb-b-16489,"Ischaemic heart disease, wide definition || id:finn-b-I9_IHD",ukb-b-16489,finn-b-I9_IHD,,rs2936641,-2.259877720071,2.30096640589047,0.326029474369709
Qualifications: College or University degree || id:ukb-b-16489,"Ischaemic heart disease, wide definition || id:finn-b-I9_IHD",ukb-b-16489,finn-b-I9_IHD,,rs2970050,-1.92285263068305,2.28535763482822,0.400135472372874
Qualifications: College or University degree || id:ukb-b-16489,"Ischaemic heart disease, wide definition || id:finn-b-I9_IHD",ukb-b-16489,finn-b-I9_IHD,,rs2971970,-2.69394417196872,1.68654488077033,0.110195411649858
Qualifications: College or University degree || id:ukb-b-16489,"Ischaemic heart disease, wide definition || id:finn-b-I9_IHD",ukb-b-16489,finn-b-I9_IHD,,rs2977334,-3.72200222246479,2.02204928431981,0.0656643661461667
Qualifications: College or University degree || id:ukb-b-16489,"Ischaemic heart disease, wide definition || id:finn-b-I9_IHD",ukb-b-16489,finn-b-I9_IHD,,rs301800,-0.541778577804144,1.99103627343023,0.785538329867115
Qualifications: College or University degree || id:ukb-b-16489,"Ischaemic heart disease, wide definition || id:finn-b-I9_IHD",ukb-b-16489,finn-b-I9_IHD,,rs3021146,-1.05220255020034,1.36665388704182,0.441352389120707
Qualifications: College or University degree || id:ukb-b-16489,"Ischaemic heart disease, wide definition || id:finn-b-I9_IHD",ukb-b-16489,finn-b-I9_IHD,,rs303752,-0.396399473093623,1.70756696101869,0.816427058747706
Qualifications: College or University degree || id:ukb-b-16489,"Ischaemic heart disease, wide definition || id:finn-b-I9_IHD",ukb-b-16489,finn-b-I9_IHD,,rs322614,-2.88932728424283,2.12394257318513,0.17371591595105
Qualifications: College or University degree || id:ukb-b-16489,"Ischaemic heart disease, wide definition || id:finn-b-I9_IHD",ukb-b-16489,finn-b-I9_IHD,,rs329122,0.734670912228329,2.00690590657495,0.714311776680663
Qualifications: College or University degree || id:ukb-b-16489,"Ischaemic heart disease, wide definition || id:finn-b-I9_IHD",ukb-b-16489,finn-b-I9_IHD,,rs335466,-0.163200558798713,1.79520614678585,0.927564826606211
Qualifications: College or University degree || id:ukb-b-16489,"Ischaemic heart disease, wide definition || id:finn-b-I9_IHD",ukb-b-16489,finn-b-I9_IHD,,rs34190234,-2.74944029251188,1.98173943161571,0.165323668862101
Qualifications: College or University degree || id:ukb-b-16489,"Ischaemic heart disease, wide definition || id:finn-b-I9_IHD",ukb-b-16489,finn-b-I9_IHD,,rs34364916,1.30740851204654,2.47862863742157,0.597865489443746
Qualifications: College or University degree || id:ukb-b-16489,"Ischaemic heart disease, wide definition || id:finn-b-I9_IHD",ukb-b-16489,finn-b-I9_IHD,,rs34475100,1.22889497431776,2.27511637137206,0.58909635961119
Qualifications: College or University degree || id:ukb-b-16489,"Ischaemic heart disease, wide definition || id:finn-b-I9_IHD",ukb-b-16489,finn-b-I9_IHD,,rs34538116,0.345440782438391,2.56827712160717,0.893004899101272
Qualifications: College or University degree || id:ukb-b-16489,"Ischaemic heart disease, wide definition || id:finn-b-I9_IHD",ukb-b-16489,finn-b-I9_IHD,,rs34809719,-2.4337808785949,1.36336799217585,0.0742412112399378
Qualifications: College or University degree || id:ukb-b-16489,"Ischaemic heart disease, wide definition || id:finn-b-I9_IHD",ukb-b-16489,finn-b-I9_IHD,,rs34811474,-3.46599327368778,1.6758648795853,0.0386229292977173
Qualifications: College or University degree || id:ukb-b-16489,"Ischaemic heart disease, wide definition || id:finn-b-I9_IHD",ukb-b-16489,finn-b-I9_IHD,,rs34994277,-1.37085442533984,2.41915486824678,0.570940671802888
Qualifications: College or University degree || id:ukb-b-16489,"Ischaemic heart disease, wide definition || id:finn-b-I9_IHD",ukb-b-16489,finn-b-I9_IHD,,rs35160158,1.85844449900428,2.50634258122596,0.458392393358979
Qualifications: College or University degree || id:ukb-b-16489,"Ischaemic heart disease, wide definition || id:finn-b-I9_IHD",ukb-b-16489,finn-b-I9_IHD,,rs351729,-1.54573638010311,2.39480284241326,0.518632665552959
Qualifications: College or University degree || id:ukb-b-16489,"Ischaemic heart disease, wide definition || id:finn-b-I9_IHD",ukb-b-16489,finn-b-I9_IHD,,rs35398452,1.19958053377464,1.68973171961804,0.477751474910826
Qualifications: College or University degree || id:ukb-b-16489,"Ischaemic heart disease, wide definition || id:finn-b-I9_IHD",ukb-b-16489,finn-b-I9_IHD,,rs35452371,-3.10722948727372,2.42230255728328,0.199576655294928
Qualifications: College or University degree || id:ukb-b-16489,"Ischaemic heart disease, wide definition || id:finn-b-I9_IHD",ukb-b-16489,finn-b-I9_IHD,,rs35518360,3.36468885672938,3.49131693198263,0.335181023719624
Qualifications: College or University degree || id:ukb-b-16489,"Ischaemic heart disease, wide definition || id:finn-b-I9_IHD",ukb-b-16489,finn-b-I9_IHD,,rs35623690,-0.842510437486233,1.14703228236078,0.462635972896232
Qualifications: College or University degree || id:ukb-b-16489,"Ischaemic heart disease, wide definition || id:finn-b-I9_IHD",ukb-b-16489,finn-b-I9_IHD,,rs35649565,-3.31052906572552,1.74162616066429,0.0573247488589139
Qualifications: College or University degree || id:ukb-b-16489,"Ischaemic heart disease, wide definition || id:finn-b-I9_IHD",ukb-b-16489,finn-b-I9_IHD,,rs35760956,-3.47701611017464,2.39934445029595,0.1472949874429
Qualifications: College or University degree || id:ukb-b-16489,"Ischaemic heart disease, wide definition || id:finn-b-I9_IHD",ukb-b-16489,finn-b-I9_IHD,,rs35811586,-1.45590533760589,1.82701846287798,0.425523631521579
Qualifications: College or University degree || id:ukb-b-16489,"Ischaemic heart disease, wide definition || id:finn-b-I9_IHD",ukb-b-16489,finn-b-I9_IHD,,rs35929923,-4.36378571245219,2.27601372453389,0.0552006891381435
Qualifications: College or University degree || id:ukb-b-16489,"Ischaemic heart disease, wide definition || id:finn-b-I9_IHD",ukb-b-16489,finn-b-I9_IHD,,rs36011282,0,2.32295328980412,1
Qualifications: College or University degree || id:ukb-b-16489,"Ischaemic heart disease, wide definition || id:finn-b-I9_IHD",ukb-b-16489,finn-b-I9_IHD,,rs36572,-0.618092335268735,2.12469240248628,0.771120848329444
Qualifications: College or University degree || id:ukb-b-16489,"Ischaemic heart disease, wide definition || id:finn-b-I9_IHD",ukb-b-16489,finn-b-I9_IHD,,rs3737193,-1.05016754581456,4.44116656779593,0.813074118022667
Qualifications: College or University degree || id:ukb-b-16489,"Ischaemic heart disease, wide definition || id:finn-b-I9_IHD",ukb-b-16489,finn-b-I9_IHD,,rs3738772,-6.95211523177098,2.17599362692036,0.00139871905618745
Qualifications: College or University degree || id:ukb-b-16489,"Ischaemic heart disease, wide definition || id:finn-b-I9_IHD",ukb-b-16489,finn-b-I9_IHD,,rs3747631,0.635538519592461,1.31079819665945,0.627783826989789
Qualifications: College or University degree || id:ukb-b-16489,"Ischaemic heart disease, wide definition || id:finn-b-I9_IHD",ukb-b-16489,finn-b-I9_IHD,,rs375417,-1.72263693111305,2.85253857410117,0.545912719281859
Qualifications: College or University degree || id:ukb-b-16489,"Ischaemic heart disease, wide definition || id:finn-b-I9_IHD",ukb-b-16489,finn-b-I9_IHD,,rs3785236,-1.24459787206516,2.14529370053338,0.561811666647701
Qualifications: College or University degree || id:ukb-b-16489,"Ischaemic heart disease, wide definition || id:finn-b-I9_IHD",ukb-b-16489,finn-b-I9_IHD,,rs3800925,-3.11760033848232,1.59061241759302,0.0499957902964409
Qualifications: College or University degree || id:ukb-b-16489,"Ischaemic heart disease, wide definition || id:finn-b-I9_IHD",ukb-b-16489,finn-b-I9_IHD,,rs3812257,1.54909537881275,1.85217925727612,0.402950363170514
Qualifications: College or University degree || id:ukb-b-16489,"Ischaemic heart disease, wide definition || id:finn-b-I9_IHD",ukb-b-16489,finn-b-I9_IHD,,rs3843567,-3.30091634813206,1.42122787211241,0.0202016914731079
Qualifications: College or University degree || id:ukb-b-16489,"Ischaemic heart disease, wide definition || id:finn-b-I9_IHD",ukb-b-16489,finn-b-I9_IHD,,rs3849045,-5.14676549558804,2.27367150407504,0.0235964893839543
Qualifications: College or University degree || id:ukb-b-16489,"Ischaemic heart disease, wide definition || id:finn-b-I9_IHD",ukb-b-16489,finn-b-I9_IHD,,rs385022,-0.598250491219739,2.07518139141847,0.773126071375193
Qualifications: College or University degree || id:ukb-b-16489,"Ischaemic heart disease, wide definition || id:finn-b-I9_IHD",ukb-b-16489,finn-b-I9_IHD,,rs3864310,-1.0937524858011,2.28693701576595,0.632464543594736
Qualifications: College or University degree || id:ukb-b-16489,"Ischaemic heart disease, wide definition || id:finn-b-I9_IHD",ukb-b-16489,finn-b-I9_IHD,,rs38853,-7.45700543271394,2.19730786532406,0.000689549882728166
Qualifications: College or University degree || id:ukb-b-16489,"Ischaemic heart disease, wide definition || id:finn-b-I9_IHD",ukb-b-16489,finn-b-I9_IHD,,rs3930811,-2.90520160618789,2.18352732184823,0.183350796029574
Qualifications: College or University degree || id:ukb-b-16489,"Ischaemic heart disease, wide definition || id:finn-b-I9_IHD",ukb-b-16489,finn-b-I9_IHD,,rs3943093,2.82526434747973,1.38947426925232,0.0420188576796856
Qualifications: College or University degree || id:ukb-b-16489,"Ischaemic heart disease, wide definition || id:finn-b-I9_IHD",ukb-b-16489,finn-b-I9_IHD,,rs4068854,-1.66692947086252,2.47786813236321,0.501120813583309
Qualifications: College or University degree || id:ukb-b-16489,"Ischaemic heart disease, wide definition || id:finn-b-I9_IHD",ukb-b-16489,finn-b-I9_IHD,,rs4130864,0.344182434340582,3.25649534029935,0.915827476158727
Qualifications: College or University degree || id:ukb-b-16489,"Ischaemic heart disease, wide definition || id:finn-b-I9_IHD",ukb-b-16489,finn-b-I9_IHD,,rs417938,-0.618566266488657,1.89006359204867,0.743461618132436
Qualifications: College or University degree || id:ukb-b-16489,"Ischaemic heart disease, wide definition || id:finn-b-I9_IHD",ukb-b-16489,finn-b-I9_IHD,,rs42210,-2.86964631609154,2.20887249330731,0.193894069703204
Qualifications: College or University degree || id:ukb-b-16489,"Ischaemic heart disease, wide definition || id:finn-b-I9_IHD",ukb-b-16489,finn-b-I9_IHD,,rs4246176,-1.72796180669986,2.17331278780807,0.426565823540547
Qualifications: College or University degree || id:ukb-b-16489,"Ischaemic heart disease, wide definition || id:finn-b-I9_IHD",ukb-b-16489,finn-b-I9_IHD,,rs4298514,-0.312051912956239,1.74749071255494,0.858274230547457
Qualifications: College or University degree || id:ukb-b-16489,"Ischaemic heart disease, wide definition || id:finn-b-I9_IHD",ukb-b-16489,finn-b-I9_IHD,,rs4316980,-1.76450200081923,2.49971116782725,0.480261302753423
Qualifications: College or University degree || id:ukb-b-16489,"Ischaemic heart disease, wide definition || id:finn-b-I9_IHD",ukb-b-16489,finn-b-I9_IHD,,rs4333130,-1.65462363893104,2.21869987947571,0.455810768638813
Qualifications: College or University degree || id:ukb-b-16489,"Ischaemic heart disease, wide definition || id:finn-b-I9_IHD",ukb-b-16489,finn-b-I9_IHD,,rs4337674,-3.7447202198371,1.74845392617394,0.0322150313049895
Qualifications: College or University degree || id:ukb-b-16489,"Ischaemic heart disease, wide definition || id:finn-b-I9_IHD",ukb-b-16489,finn-b-I9_IHD,,rs4339163,-2.8071055199141,1.49893984073083,0.0611060552873124
Qualifications: College or University degree || id:ukb-b-16489,"Ischaemic heart disease, wide definition || id:finn-b-I9_IHD",ukb-b-16489,finn-b-I9_IHD,,rs4384309,0.775598131584101,2.17167476843548,0.720984861901671
Qualifications: College or University degree || id:ukb-b-16489,"Ischaemic heart disease, wide definition || id:finn-b-I9_IHD",ukb-b-16489,finn-b-I9_IHD,,rs4457062,-1.52664155451936,2.00786552279176,0.447057008108802
Qualifications: College or University degree || id:ukb-b-16489,"Ischaemic heart disease, wide definition || id:finn-b-I9_IHD",ukb-b-16489,finn-b-I9_IHD,,rs4531435,1.56289448057803,1.94073710225624,0.420640965746937
Qualifications: College or University degree || id:ukb-b-16489,"Ischaemic heart disease, wide definition || id:finn-b-I9_IHD",ukb-b-16489,finn-b-I9_IHD,,rs4539421,3.79619095673532,1.7612421993631,0.0311301237491185
Qualifications: College or University degree || id:ukb-b-16489,"Ischaemic heart disease, wide definition || id:finn-b-I9_IHD",ukb-b-16489,finn-b-I9_IHD,,rs45500097,4.26738196116682,2.34324991617643,0.0685858500585137
Qualifications: College or University degree || id:ukb-b-16489,"Ischaemic heart disease, wide definition || id:finn-b-I9_IHD",ukb-b-16489,finn-b-I9_IHD,,rs455868,-1.25487728973276,2.02453536076886,0.535366613657677
Qualifications: College or University degree || id:ukb-b-16489,"Ischaemic heart disease, wide definition || id:finn-b-I9_IHD",ukb-b-16489,finn-b-I9_IHD,,rs4621481,0.625033924538668,2.10537743002499,0.766561943282691
Qualifications: College or University degree || id:ukb-b-16489,"Ischaemic heart disease, wide definition || id:finn-b-I9_IHD",ukb-b-16489,finn-b-I9_IHD,,rs4630513,-2.11467865231901,2.11467865231901,0.317310507862914
Qualifications: College or University degree || id:ukb-b-16489,"Ischaemic heart disease, wide definition || id:finn-b-I9_IHD",ukb-b-16489,finn-b-I9_IHD,,rs4652333,1.17549538010048,2.3307235984751,0.614016974697119
Qualifications: College or University degree || id:ukb-b-16489,"Ischaemic heart disease, wide definition || id:finn-b-I9_IHD",ukb-b-16489,finn-b-I9_IHD,,rs4687593,4.11319710873513,1.42518671750033,0.00390078012064959
Qualifications: College or University degree || id:ukb-b-16489,"Ischaemic heart disease, wide definition || id:finn-b-I9_IHD",ukb-b-16489,finn-b-I9_IHD,,rs4687735,-2.23379226581279,2.15735070538573,0.300466707945464
Qualifications: College or University degree || id:ukb-b-16489,"Ischaemic heart disease, wide definition || id:finn-b-I9_IHD",ukb-b-16489,finn-b-I9_IHD,,rs4700393,0.0103798075376086,1.14177882913695,0.992746603901876
Qualifications: College or University degree || id:ukb-b-16489,"Ischaemic heart disease, wide definition || id:finn-b-I9_IHD",ukb-b-16489,finn-b-I9_IHD,,rs4705758,1.73045358443757,1.90178562250069,0.362870023090061
Qualifications: College or University degree || id:ukb-b-16489,"Ischaemic heart disease, wide definition || id:finn-b-I9_IHD",ukb-b-16489,finn-b-I9_IHD,,rs4710636,0.335609887067273,2.53804977094625,0.8948012616508
Qualifications: College or University degree || id:ukb-b-16489,"Ischaemic heart disease, wide definition || id:finn-b-I9_IHD",ukb-b-16489,finn-b-I9_IHD,,rs4731366,-3.75515800823005,2.24740517159223,0.0947441823119762
Qualifications: College or University degree || id:ukb-b-16489,"Ischaemic heart disease, wide definition || id:finn-b-I9_IHD",ukb-b-16489,finn-b-I9_IHD,,rs477723,-6.19010056764082,2.40726133186032,0.0101279905493907
Qualifications: College or University degree || id:ukb-b-16489,"Ischaemic heart disease, wide definition || id:finn-b-I9_IHD",ukb-b-16489,finn-b-I9_IHD,,rs4777602,-3.17740511915269,2.0447190350103,0.120194713344653
Qualifications: College or University degree || id:ukb-b-16489,"Ischaemic heart disease, wide definition || id:finn-b-I9_IHD",ukb-b-16489,finn-b-I9_IHD,,rs4807431,-1.35726279730661,2.18603388592747,0.534679159732673
Qualifications: College or University degree || id:ukb-b-16489,"Ischaemic heart disease, wide definition || id:finn-b-I9_IHD",ukb-b-16489,finn-b-I9_IHD,,rs4808762,1.03046844538517,1.75458140700719,0.557001175272507
Qualifications: College or University degree || id:ukb-b-16489,"Ischaemic heart disease, wide definition || id:finn-b-I9_IHD",ukb-b-16489,finn-b-I9_IHD,,rs4808787,-3.23361591828704,1.91621684046639,0.0915072499234823
Qualifications: College or University degree || id:ukb-b-16489,"Ischaemic heart disease, wide definition || id:finn-b-I9_IHD",ukb-b-16489,finn-b-I9_IHD,,rs484213,-0.279176243962814,2.06590420532482,0.892505031135259
Qualifications: College or University degree || id:ukb-b-16489,"Ischaemic heart disease, wide definition || id:finn-b-I9_IHD",ukb-b-16489,finn-b-I9_IHD,,rs4842464,-0.0290584903823661,2.36826696616284,0.990210251032931
Qualifications: College or University degree || id:ukb-b-16489,"Ischaemic heart disease, wide definition || id:finn-b-I9_IHD",ukb-b-16489,finn-b-I9_IHD,,rs4863692,-3.35519600610403,2.54671504077776,0.187684374142172
Qualifications: College or University degree || id:ukb-b-16489,"Ischaemic heart disease, wide definition || id:finn-b-I9_IHD",ukb-b-16489,finn-b-I9_IHD,,rs4904523,-0.853071354459083,2.22195329533529,0.701031389251429
Qualifications: College or University degree || id:ukb-b-16489,"Ischaemic heart disease, wide definition || id:finn-b-I9_IHD",ukb-b-16489,finn-b-I9_IHD,,rs4926366,-0.488835494428104,1.84763246199097,0.791337658462114
Qualifications: College or University degree || id:ukb-b-16489,"Ischaemic heart disease, wide definition || id:finn-b-I9_IHD",ukb-b-16489,finn-b-I9_IHD,,rs4930351,1.33176379102636,1.69914690579225,0.43316699063013
Qualifications: College or University degree || id:ukb-b-16489,"Ischaemic heart disease, wide definition || id:finn-b-I9_IHD",ukb-b-16489,finn-b-I9_IHD,,rs4941844,0.86237934773938,2.39310268997678,0.71857766592822
Qualifications: College or University degree || id:ukb-b-16489,"Ischaemic heart disease, wide definition || id:finn-b-I9_IHD",ukb-b-16489,finn-b-I9_IHD,,rs4968476,-2.18526258909912,1.65550196143872,0.186835017986944
Qualifications: College or University degree || id:ukb-b-16489,"Ischaemic heart disease, wide definition || id:finn-b-I9_IHD",ukb-b-16489,finn-b-I9_IHD,,rs4976344,-2.49629753179981,1.71270637832005,0.144973904273488
Qualifications: College or University degree || id:ukb-b-16489,"Ischaemic heart disease, wide definition || id:finn-b-I9_IHD",ukb-b-16489,finn-b-I9_IHD,,rs4983187,-2.09301896839108,1.67007731156594,0.210115919859417
Qualifications: College or University degree || id:ukb-b-16489,"Ischaemic heart disease, wide definition || id:finn-b-I9_IHD",ukb-b-16489,finn-b-I9_IHD,,rs4984541,0.938894534529227,2.30121209443438,0.683273674902085
Qualifications: College or University degree || id:ukb-b-16489,"Ischaemic heart disease, wide definition || id:finn-b-I9_IHD",ukb-b-16489,finn-b-I9_IHD,,rs4984738,1.842907338214,2.45045920795488,0.452011299715179
Qualifications: College or University degree || id:ukb-b-16489,"Ischaemic heart disease, wide definition || id:finn-b-I9_IHD",ukb-b-16489,finn-b-I9_IHD,,rs521671,-7.2449527702446,3.13118211950897,0.020678282067974
Qualifications: College or University degree || id:ukb-b-16489,"Ischaemic heart disease, wide definition || id:finn-b-I9_IHD",ukb-b-16489,finn-b-I9_IHD,,rs531514,0.468640162461923,1.14231039600094,0.681617864273084
Qualifications: College or University degree || id:ukb-b-16489,"Ischaemic heart disease, wide definition || id:finn-b-I9_IHD",ukb-b-16489,finn-b-I9_IHD,,rs533371,1.92968046470664,1.81422949673274,0.287493462605593
Qualifications: College or University degree || id:ukb-b-16489,"Ischaemic heart disease, wide definition || id:finn-b-I9_IHD",ukb-b-16489,finn-b-I9_IHD,,rs55634871,-1.19357854741491,1.77793471125346,0.502011173534352
Qualifications: College or University degree || id:ukb-b-16489,"Ischaemic heart disease, wide definition || id:finn-b-I9_IHD",ukb-b-16489,finn-b-I9_IHD,,rs55800473,-6.41761921895325,2.24876145138524,0.00431934430141603
Qualifications: College or University degree || id:ukb-b-16489,"Ischaemic heart disease, wide definition || id:finn-b-I9_IHD",ukb-b-16489,finn-b-I9_IHD,,rs55818776,-1.07219023335215,2.2616512734772,0.635447085705102
Qualifications: College or University degree || id:ukb-b-16489,"Ischaemic heart disease, wide definition || id:finn-b-I9_IHD",ukb-b-16489,finn-b-I9_IHD,,rs55993110,-2.72010295978289,2.65792917784499,0.306122628824997
Qualifications: College or University degree || id:ukb-b-16489,"Ischaemic heart disease, wide definition || id:finn-b-I9_IHD",ukb-b-16489,finn-b-I9_IHD,,rs56153354,-2.04636347863997,2.51346818572083,0.415553702603859
Qualifications: College or University degree || id:ukb-b-16489,"Ischaemic heart disease, wide definition || id:finn-b-I9_IHD",ukb-b-16489,finn-b-I9_IHD,,rs56291613,4.35303558276814,2.48430818612525,0.0797372940601944
Qualifications: College or University degree || id:ukb-b-16489,"Ischaemic heart disease, wide definition || id:finn-b-I9_IHD",ukb-b-16489,finn-b-I9_IHD,,rs56335085,-3.94647759863642,2.12633491305842,0.0634535580564059
Qualifications: College or University degree || id:ukb-b-16489,"Ischaemic heart disease, wide definition || id:finn-b-I9_IHD",ukb-b-16489,finn-b-I9_IHD,,rs56370807,1.38565738022439,1.87292151392966,0.459398663446928
Qualifications: College or University degree || id:ukb-b-16489,"Ischaemic heart disease, wide definition || id:finn-b-I9_IHD",ukb-b-16489,finn-b-I9_IHD,,rs5754738,-0.99312755730346,2.52796105495426,0.694424996831734
Qualifications: College or University degree || id:ukb-b-16489,"Ischaemic heart disease, wide definition || id:finn-b-I9_IHD",ukb-b-16489,finn-b-I9_IHD,,rs58233122,-0.247529858289156,2.28965118917469,0.913909936512377
Qualifications: College or University degree || id:ukb-b-16489,"Ischaemic heart disease, wide definition || id:finn-b-I9_IHD",ukb-b-16489,finn-b-I9_IHD,,rs582479,-2.67173519338701,2.00828417221037,0.183400628020287
Qualifications: College or University degree || id:ukb-b-16489,"Ischaemic heart disease, wide definition || id:finn-b-I9_IHD",ukb-b-16489,finn-b-I9_IHD,,rs58601596,2.39535459144727,1.52670951982353,0.116655974077511
Qualifications: College or University degree || id:ukb-b-16489,"Ischaemic heart disease, wide definition || id:finn-b-I9_IHD",ukb-b-16489,finn-b-I9_IHD,,rs58941960,-1.70093433062318,2.05591193005758,0.408045437836737
Qualifications: College or University degree || id:ukb-b-16489,"Ischaemic heart disease, wide definition || id:finn-b-I9_IHD",ukb-b-16489,finn-b-I9_IHD,,rs592931,-1.46545546177038,2.01946911195186,0.468044949882455
Qualifications: College or University degree || id:ukb-b-16489,"Ischaemic heart disease, wide definition || id:finn-b-I9_IHD",ukb-b-16489,finn-b-I9_IHD,,rs6002948,3.36131511453856,1.94326030059261,0.0836785744218785
Qualifications: College or University degree || id:ukb-b-16489,"Ischaemic heart disease, wide definition || id:finn-b-I9_IHD",ukb-b-16489,finn-b-I9_IHD,,rs6019518,-0.578009335847342,2.19244920493819,0.792060135384089
Qualifications: College or University degree || id:ukb-b-16489,"Ischaemic heart disease, wide definition || id:finn-b-I9_IHD",ukb-b-16489,finn-b-I9_IHD,,rs6028083,-0.180366117451839,1.44292893961471,0.900523550339774
Qualifications: College or University degree || id:ukb-b-16489,"Ischaemic heart disease, wide definition || id:finn-b-I9_IHD",ukb-b-16489,finn-b-I9_IHD,,rs6060466,-2.39134333711963,1.81524698772263,0.187716216659913
Qualifications: College or University degree || id:ukb-b-16489,"Ischaemic heart disease, wide definition || id:finn-b-I9_IHD",ukb-b-16489,finn-b-I9_IHD,,rs6080640,-2.36323274743241,2.61505263035553,0.366152534693456
Qualifications: College or University degree || id:ukb-b-16489,"Ischaemic heart disease, wide definition || id:finn-b-I9_IHD",ukb-b-16489,finn-b-I9_IHD,,rs610066,-0.235643424370243,2.42070063216704,0.922452315420576
Qualifications: College or University degree || id:ukb-b-16489,"Ischaemic heart disease, wide definition || id:finn-b-I9_IHD",ukb-b-16489,finn-b-I9_IHD,,rs61423212,-1.07444146373587,2.53013635008769,0.671086344870035
Qualifications: College or University degree || id:ukb-b-16489,"Ischaemic heart disease, wide definition || id:finn-b-I9_IHD",ukb-b-16489,finn-b-I9_IHD,,rs61747885,-2.6374897903621,2.32552863236228,0.256733167620825
Qualifications: College or University degree || id:ukb-b-16489,"Ischaemic heart disease, wide definition || id:finn-b-I9_IHD",ukb-b-16489,finn-b-I9_IHD,,rs61757207,-3.30010775862069,3.50696582512315,0.346697126637696
Qualifications: College or University degree || id:ukb-b-16489,"Ischaemic heart disease, wide definition || id:finn-b-I9_IHD",ukb-b-16489,finn-b-I9_IHD,,rs61776287,1.9610377455197,2.45129718189962,0.423710797166793
Qualifications: College or University degree || id:ukb-b-16489,"Ischaemic heart disease, wide definition || id:finn-b-I9_IHD",ukb-b-16489,finn-b-I9_IHD,,rs61881642,0.288602461402558,2.44684695536951,0.906108291287276
Qualifications: College or University degree || id:ukb-b-16489,"Ischaemic heart disease, wide definition || id:finn-b-I9_IHD",ukb-b-16489,finn-b-I9_IHD,,rs61943134,3.55112275516031,2.73359809210182,0.193921478912654
Qualifications: College or University degree || id:ukb-b-16489,"Ischaemic heart disease, wide definition || id:finn-b-I9_IHD",ukb-b-16489,finn-b-I9_IHD,,rs61963590,0.127898704226253,1.83854387325238,0.944539722344776
Qualifications: College or University degree || id:ukb-b-16489,"Ischaemic heart disease, wide definition || id:finn-b-I9_IHD",ukb-b-16489,finn-b-I9_IHD,,rs62184480,-0.459960972311499,1.43737803847344,0.74896833055336
Qualifications: College or University degree || id:ukb-b-16489,"Ischaemic heart disease, wide definition || id:finn-b-I9_IHD",ukb-b-16489,finn-b-I9_IHD,,rs622169,-2.52337006666705,2.17664746208685,0.24633716714274
Qualifications: College or University degree || id:ukb-b-16489,"Ischaemic heart disease, wide definition || id:finn-b-I9_IHD",ukb-b-16489,finn-b-I9_IHD,,rs62263345,-3.31818915752066,2.78490875720484,0.233461530493144
Qualifications: College or University degree || id:ukb-b-16489,"Ischaemic heart disease, wide definition || id:finn-b-I9_IHD",ukb-b-16489,finn-b-I9_IHD,,rs62356390,-2.88769726223351,2.12274434508556,0.17371591595105
Qualifications: College or University degree || id:ukb-b-16489,"Ischaemic heart disease, wide definition || id:finn-b-I9_IHD",ukb-b-16489,finn-b-I9_IHD,,rs62429694,-1.66038876512843,2.19256465138754,0.448881199955169
Qualifications: College or University degree || id:ukb-b-16489,"Ischaemic heart disease, wide definition || id:finn-b-I9_IHD",ukb-b-16489,finn-b-I9_IHD,,rs6440053,-0.866399942081757,1.72093139180623,0.614649137453931
Qualifications: College or University degree || id:ukb-b-16489,"Ischaemic heart disease, wide definition || id:finn-b-I9_IHD",ukb-b-16489,finn-b-I9_IHD,,rs645891,-3.79688093262646,2.27009283273434,0.0944126916425594
Qualifications: College or University degree || id:ukb-b-16489,"Ischaemic heart disease, wide definition || id:finn-b-I9_IHD",ukb-b-16489,finn-b-I9_IHD,,rs6474820,-1.22984518006105,1.78034730827885,0.489697851561241
Qualifications: College or University degree || id:ukb-b-16489,"Ischaemic heart disease, wide definition || id:finn-b-I9_IHD",ukb-b-16489,finn-b-I9_IHD,,rs6493265,-1.08381888928408,1.78601140910194,0.543958688006139
Qualifications: College or University degree || id:ukb-b-16489,"Ischaemic heart disease, wide definition || id:finn-b-I9_IHD",ukb-b-16489,finn-b-I9_IHD,,rs6517119,-0.571726817860746,2.28690727144298,0.802587348634153
Qualifications: College or University degree || id:ukb-b-16489,"Ischaemic heart disease, wide definition || id:finn-b-I9_IHD",ukb-b-16489,finn-b-I9_IHD,,rs6539284,-2.39468568336221,2.11184879162652,0.256824511181676
Qualifications: College or University degree || id:ukb-b-16489,"Ischaemic heart disease, wide definition || id:finn-b-I9_IHD",ukb-b-16489,finn-b-I9_IHD,,rs66890092,-1.45330547240403,1.98500259645429,0.46408137778734
Qualifications: College or University degree || id:ukb-b-16489,"Ischaemic heart disease, wide definition || id:finn-b-I9_IHD",ukb-b-16489,finn-b-I9_IHD,,rs6690346,0.0726303065517724,1.79500614763666,0.967724460811488
Qualifications: College or University degree || id:ukb-b-16489,"Ischaemic heart disease, wide definition || id:finn-b-I9_IHD",ukb-b-16489,finn-b-I9_IHD,,rs6696003,-1.39047248254957,2.24461986468716,0.535607420356205
Qualifications: College or University degree || id:ukb-b-16489,"Ischaemic heart disease, wide definition || id:finn-b-I9_IHD",ukb-b-16489,finn-b-I9_IHD,,rs6696046,3.22849740517041,2.26596401729352,0.154221163609714
Qualifications: College or University degree || id:ukb-b-16489,"Ischaemic heart disease, wide definition || id:finn-b-I9_IHD",ukb-b-16489,finn-b-I9_IHD,,rs6696068,-0.884706893446534,1.75361544951009,0.613906897580832
Qualifications: College or University degree || id:ukb-b-16489,"Ischaemic heart disease, wide definition || id:finn-b-I9_IHD",ukb-b-16489,finn-b-I9_IHD,,rs6730623,1.12592130676159,2.40773940984402,0.64005214044649
Qualifications: College or University degree || id:ukb-b-16489,"Ischaemic heart disease, wide definition || id:finn-b-I9_IHD",ukb-b-16489,finn-b-I9_IHD,,rs67316991,0.0815060137853838,1.56219859755319,0.958390118990601
Qualifications: College or University degree || id:ukb-b-16489,"Ischaemic heart disease, wide definition || id:finn-b-I9_IHD",ukb-b-16489,finn-b-I9_IHD,,rs67593591,-0.3714460161254,1.77597626459957,0.834330888254578
Qualifications: College or University degree || id:ukb-b-16489,"Ischaemic heart disease, wide definition || id:finn-b-I9_IHD",ukb-b-16489,finn-b-I9_IHD,,rs67693285,2.03315777520629,2.40085652178615,0.397080492530739
Qualifications: College or University degree || id:ukb-b-16489,"Ischaemic heart disease, wide definition || id:finn-b-I9_IHD",ukb-b-16489,finn-b-I9_IHD,,rs6774533,2.25955744724494,1.89097715443194,0.232120142340349
Qualifications: College or University degree || id:ukb-b-16489,"Ischaemic heart disease, wide definition || id:finn-b-I9_IHD",ukb-b-16489,finn-b-I9_IHD,,rs6779035,0.996905899467579,2.15996278217975,0.644412333769812
Qualifications: College or University degree || id:ukb-b-16489,"Ischaemic heart disease, wide definition || id:finn-b-I9_IHD",ukb-b-16489,finn-b-I9_IHD,,rs6834210,-0.981829497819174,2.26320019836284,0.664416593834457
Qualifications: College or University degree || id:ukb-b-16489,"Ischaemic heart disease, wide definition || id:finn-b-I9_IHD",ukb-b-16489,finn-b-I9_IHD,,rs6839304,1.70805662572684,1.76645172404228,0.333572954635257
Qualifications: College or University degree || id:ukb-b-16489,"Ischaemic heart disease, wide definition || id:finn-b-I9_IHD",ukb-b-16489,finn-b-I9_IHD,,rs6861021,0.258611772007862,1.64218475224992,0.874866320701718
Qualifications: College or University degree || id:ukb-b-16489,"Ischaemic heart disease, wide definition || id:finn-b-I9_IHD",ukb-b-16489,finn-b-I9_IHD,,rs6867851,2.14094986237974,2.00392907118744,0.285350907714481
Qualifications: College or University degree || id:ukb-b-16489,"Ischaemic heart disease, wide definition || id:finn-b-I9_IHD",ukb-b-16489,finn-b-I9_IHD,,rs6877942,0.567464704673757,2.19158782494692,0.795690352926244
Qualifications: College or University degree || id:ukb-b-16489,"Ischaemic heart disease, wide definition || id:finn-b-I9_IHD",ukb-b-16489,finn-b-I9_IHD,,rs6910879,-14.493211240922,8.42016629828439,0.0852054682779911
Qualifications: College or University degree || id:ukb-b-16489,"Ischaemic heart disease, wide definition || id:finn-b-I9_IHD",ukb-b-16489,finn-b-I9_IHD,,rs6918725,-0.92135570911484,1.80980585718987,0.610688503698495
Qualifications: College or University degree || id:ukb-b-16489,"Ischaemic heart disease, wide definition || id:finn-b-I9_IHD",ukb-b-16489,finn-b-I9_IHD,,rs6958689,-5.65279289841722,2.40767104932585,0.0188833359649614
Qualifications: College or University degree || id:ukb-b-16489,"Ischaemic heart disease, wide definition || id:finn-b-I9_IHD",ukb-b-16489,finn-b-I9_IHD,,rs6986186,2.39662729177485,1.93666851860594,0.215901514334649
Qualifications: College or University degree || id:ukb-b-16489,"Ischaemic heart disease, wide definition || id:finn-b-I9_IHD",ukb-b-16489,finn-b-I9_IHD,,rs6986753,-0.285658013233483,2.11988315083796,0.892808137477656
Qualifications: College or University degree || id:ukb-b-16489,"Ischaemic heart disease, wide definition || id:finn-b-I9_IHD",ukb-b-16489,finn-b-I9_IHD,,rs702222,-3.18033100386213,2.28651248643682,0.164252995736297
Qualifications: College or University degree || id:ukb-b-16489,"Ischaemic heart disease, wide definition || id:finn-b-I9_IHD",ukb-b-16489,finn-b-I9_IHD,,rs7031698,-0.510628816176721,1.96514726225587,0.794985251159813
Qualifications: College or University degree || id:ukb-b-16489,"Ischaemic heart disease, wide definition || id:finn-b-I9_IHD",ukb-b-16489,finn-b-I9_IHD,,rs7032484,-2.9160236791445,1.44510907993002,0.0436061415921208
Qualifications: College or University degree || id:ukb-b-16489,"Ischaemic heart disease, wide definition || id:finn-b-I9_IHD",ukb-b-16489,finn-b-I9_IHD,,rs7049,-3.49963158423868,2.49428287458466,0.160598582676782
Qualifications: College or University degree || id:ukb-b-16489,"Ischaemic heart disease, wide definition || id:finn-b-I9_IHD",ukb-b-16489,finn-b-I9_IHD,,rs7099930,0.736909332079418,2.42127351968952,0.760862912213716
Qualifications: College or University degree || id:ukb-b-16489,"Ischaemic heart disease, wide definition || id:finn-b-I9_IHD",ukb-b-16489,finn-b-I9_IHD,,rs7120631,-2.07872057609166,2.09779140706498,0.321729972886035
Qualifications: College or University degree || id:ukb-b-16489,"Ischaemic heart disease, wide definition || id:finn-b-I9_IHD",ukb-b-16489,finn-b-I9_IHD,,rs7124437,-2.97014644969091,2.00395423111676,0.138302287372473
Qualifications: College or University degree || id:ukb-b-16489,"Ischaemic heart disease, wide definition || id:finn-b-I9_IHD",ukb-b-16489,finn-b-I9_IHD,,rs7170095,1.03219826632822,2.38037559377732,0.664558367190695
Qualifications: College or University degree || id:ukb-b-16489,"Ischaemic heart disease, wide definition || id:finn-b-I9_IHD",ukb-b-16489,finn-b-I9_IHD,,rs7170955,-0.266422002461073,2.19798152030385,0.903523023570037
Qualifications: College or University degree || id:ukb-b-16489,"Ischaemic heart disease, wide definition || id:finn-b-I9_IHD",ukb-b-16489,finn-b-I9_IHD,,rs7187604,0.337905151189251,1.29336109593127,0.793891038371293
Qualifications: College or University degree || id:ukb-b-16489,"Ischaemic heart disease, wide definition || id:finn-b-I9_IHD",ukb-b-16489,finn-b-I9_IHD,,rs7210219,-3.08877469411018,1.8661347110249,0.0978895292965988
Qualifications: College or University degree || id:ukb-b-16489,"Ischaemic heart disease, wide definition || id:finn-b-I9_IHD",ukb-b-16489,finn-b-I9_IHD,,rs7218366,3.59437075483788,3.15383506343714,0.254418583973143
Qualifications: College or University degree || id:ukb-b-16489,"Ischaemic heart disease, wide definition || id:finn-b-I9_IHD",ukb-b-16489,finn-b-I9_IHD,,rs7229167,-1.12406434416806,2.19703485451031,0.608911450415323
Qualifications: College or University degree || id:ukb-b-16489,"Ischaemic heart disease, wide definition || id:finn-b-I9_IHD",ukb-b-16489,finn-b-I9_IHD,,rs7233920,-1.29148320008266,1.86885216011961,0.489529777485161
Qualifications: College or University degree || id:ukb-b-16489,"Ischaemic heart disease, wide definition || id:finn-b-I9_IHD",ukb-b-16489,finn-b-I9_IHD,,rs72638565,0.211504201612313,2.48924175743722,0.9322873713809
Qualifications: College or University degree || id:ukb-b-16489,"Ischaemic heart disease, wide definition || id:finn-b-I9_IHD",ukb-b-16489,finn-b-I9_IHD,,rs72748120,-0.441620956732836,1.98729430529776,0.824140895741885
Qualifications: College or University degree || id:ukb-b-16489,"Ischaemic heart disease, wide definition || id:finn-b-I9_IHD",ukb-b-16489,finn-b-I9_IHD,,rs72829857,1.30174709276483,1.62982969338035,0.424463633562933
Qualifications: College or University degree || id:ukb-b-16489,"Ischaemic heart disease, wide definition || id:finn-b-I9_IHD",ukb-b-16489,finn-b-I9_IHD,,rs72915557,-4.86807516308052,2.95829182987201,0.0998523980900193
Qualifications: College or University degree || id:ukb-b-16489,"Ischaemic heart disease, wide definition || id:finn-b-I9_IHD",ukb-b-16489,finn-b-I9_IHD,,rs72979820,2.02410775877719,1.90611044548524,0.288278923085615
Qualifications: College or University degree || id:ukb-b-16489,"Ischaemic heart disease, wide definition || id:finn-b-I9_IHD",ukb-b-16489,finn-b-I9_IHD,,rs72982946,0.931907390771135,1.83896391778837,0.612325501520709
Qualifications: College or University degree || id:ukb-b-16489,"Ischaemic heart disease, wide definition || id:finn-b-I9_IHD",ukb-b-16489,finn-b-I9_IHD,,rs73075183,1.08626154152888,2.4200257127732,0.65353002939571
Qualifications: College or University degree || id:ukb-b-16489,"Ischaemic heart disease, wide definition || id:finn-b-I9_IHD",ukb-b-16489,finn-b-I9_IHD,,rs73091318,-2.73579445064361,2.01384869283488,0.174308074069852
Qualifications: College or University degree || id:ukb-b-16489,"Ischaemic heart disease, wide definition || id:finn-b-I9_IHD",ukb-b-16489,finn-b-I9_IHD,,rs73161772,-3.83189786380647,2.52475513456408,0.129082352783075
Qualifications: College or University degree || id:ukb-b-16489,"Ischaemic heart disease, wide definition || id:finn-b-I9_IHD",ukb-b-16489,finn-b-I9_IHD,,rs7320211,1.7351390705021,3.00518931798302,0.563682138569552
Qualifications: College or University degree || id:ukb-b-16489,"Ischaemic heart disease, wide definition || id:finn-b-I9_IHD",ukb-b-16489,finn-b-I9_IHD,,rs7320865,2.46020832692654,2.43824218115041,0.312970313610341
Qualifications: College or University degree || id:ukb-b-16489,"Ischaemic heart disease, wide definition || id:finn-b-I9_IHD",ukb-b-16489,finn-b-I9_IHD,,rs73217429,-4.42934253200243,3.20310798886075,0.166718078796406
Qualifications: College or University degree || id:ukb-b-16489,"Ischaemic heart disease, wide definition || id:finn-b-I9_IHD",ukb-b-16489,finn-b-I9_IHD,,rs73222960,-5.538044889387,2.54717198176554,0.0296906026966813
Qualifications: College or University degree || id:ukb-b-16489,"Ischaemic heart disease, wide definition || id:finn-b-I9_IHD",ukb-b-16489,finn-b-I9_IHD,,rs73282004,1.49532474415435,2.29030751952755,0.513825544458124
Qualifications: College or University degree || id:ukb-b-16489,"Ischaemic heart disease, wide definition || id:finn-b-I9_IHD",ukb-b-16489,finn-b-I9_IHD,,rs73344830,0.482572653667023,1.30647718431804,0.711852425954584
Qualifications: College or University degree || id:ukb-b-16489,"Ischaemic heart disease, wide definition || id:finn-b-I9_IHD",ukb-b-16489,finn-b-I9_IHD,,rs736282,0.873433642334746,2.1738792875887,0.687841736597401
Qualifications: College or University degree || id:ukb-b-16489,"Ischaemic heart disease, wide definition || id:finn-b-I9_IHD",ukb-b-16489,finn-b-I9_IHD,,rs74945409,-2.0497603732516,2.46947321158407,0.406516436632821
Qualifications: College or University degree || id:ukb-b-16489,"Ischaemic heart disease, wide definition || id:finn-b-I9_IHD",ukb-b-16489,finn-b-I9_IHD,,rs7507110,1.05809531087428,2.21416240979248,0.632738388642242
Qualifications: College or University degree || id:ukb-b-16489,"Ischaemic heart disease, wide definition || id:finn-b-I9_IHD",ukb-b-16489,finn-b-I9_IHD,,rs7523263,2.65702457840638,2.06244565176999,0.197645628445586
Qualifications: College or University degree || id:ukb-b-16489,"Ischaemic heart disease, wide definition || id:finn-b-I9_IHD",ukb-b-16489,finn-b-I9_IHD,,rs7523916,-0.370824974320371,2.05807860747806,0.857011117706058
Qualifications: College or University degree || id:ukb-b-16489,"Ischaemic heart disease, wide definition || id:finn-b-I9_IHD",ukb-b-16489,finn-b-I9_IHD,,rs7526730,-3.64342806689547,2.19403514977282,0.0967925909804188
Qualifications: College or University degree || id:ukb-b-16489,"Ischaemic heart disease, wide definition || id:finn-b-I9_IHD",ukb-b-16489,finn-b-I9_IHD,,rs75434274,-3.64799154791751,2.81447419127167,0.194922486897099
Qualifications: College or University degree || id:ukb-b-16489,"Ischaemic heart disease, wide definition || id:finn-b-I9_IHD",ukb-b-16489,finn-b-I9_IHD,,rs75581535,-1.51755729481361,2.66977672235727,0.569749098589275
Qualifications: College or University degree || id:ukb-b-16489,"Ischaemic heart disease, wide definition || id:finn-b-I9_IHD",ukb-b-16489,finn-b-I9_IHD,,rs75672140,-0.741283805799935,2.85109156076898,0.794863773596479
Qualifications: College or University degree || id:ukb-b-16489,"Ischaemic heart disease, wide definition || id:finn-b-I9_IHD",ukb-b-16489,finn-b-I9_IHD,,rs75681850,3.93151953229923,2.43093955813922,0.105817002050363
Qualifications: College or University degree || id:ukb-b-16489,"Ischaemic heart disease, wide definition || id:finn-b-I9_IHD",ukb-b-16489,finn-b-I9_IHD,,rs75748479,0.205783334842411,3.16906335657313,0.948225701716544
Qualifications: College or University degree || id:ukb-b-16489,"Ischaemic heart disease, wide definition || id:finn-b-I9_IHD",ukb-b-16489,finn-b-I9_IHD,,rs7591768,-0.0348964621966625,2.00654657630809,0.986124446232979
Qualifications: College or University degree || id:ukb-b-16489,"Ischaemic heart disease, wide definition || id:finn-b-I9_IHD",ukb-b-16489,finn-b-I9_IHD,,rs7592970,0.369626074590542,2.23721045146907,0.868772877094271
Qualifications: College or University degree || id:ukb-b-16489,"Ischaemic heart disease, wide definition || id:finn-b-I9_IHD",ukb-b-16489,finn-b-I9_IHD,,rs7599087,-2.11491983994041,2.13024534602694,0.320804624629674
Qualifications: College or University degree || id:ukb-b-16489,"Ischaemic heart disease, wide definition || id:finn-b-I9_IHD",ukb-b-16489,finn-b-I9_IHD,,rs76003397,-1.08217648437392,2.24017425109252,0.629041118877134
Qualifications: College or University degree || id:ukb-b-16489,"Ischaemic heart disease, wide definition || id:finn-b-I9_IHD",ukb-b-16489,finn-b-I9_IHD,,rs76076331,0.289178388586796,1.55711440008275,0.852668824833466
Qualifications: College or University degree || id:ukb-b-16489,"Ischaemic heart disease, wide definition || id:finn-b-I9_IHD",ukb-b-16489,finn-b-I9_IHD,,rs760899,1.2221452723347,2.32207601743594,0.598668814257765
Qualifications: College or University degree || id:ukb-b-16489,"Ischaemic heart disease, wide definition || id:finn-b-I9_IHD",ukb-b-16489,finn-b-I9_IHD,,rs76178978,-2.69779177808282,2.18997214926723,0.217992397361297
Qualifications: College or University degree || id:ukb-b-16489,"Ischaemic heart disease, wide definition || id:finn-b-I9_IHD",ukb-b-16489,finn-b-I9_IHD,,rs76385277,-2.87112606537547,3.10748995453471,0.35551893009624
Qualifications: College or University degree || id:ukb-b-16489,"Ischaemic heart disease, wide definition || id:finn-b-I9_IHD",ukb-b-16489,finn-b-I9_IHD,,rs76577427,-1.83158611676131,2.19974413018067,0.405050058693602
Qualifications: College or University degree || id:ukb-b-16489,"Ischaemic heart disease, wide definition || id:finn-b-I9_IHD",ukb-b-16489,finn-b-I9_IHD,,rs76695264,-5.23973530436129,2.40702759181146,0.0294918450421877
Qualifications: College or University degree || id:ukb-b-16489,"Ischaemic heart disease, wide definition || id:finn-b-I9_IHD",ukb-b-16489,finn-b-I9_IHD,,rs76709882,4.47564114731069,2.39013296872089,0.0611306867943389
Qualifications: College or University degree || id:ukb-b-16489,"Ischaemic heart disease, wide definition || id:finn-b-I9_IHD",ukb-b-16489,finn-b-I9_IHD,,rs7680637,-1.8149597198798,2.0375491194877,0.373059922485677
Qualifications: College or University degree || id:ukb-b-16489,"Ischaemic heart disease, wide definition || id:finn-b-I9_IHD",ukb-b-16489,finn-b-I9_IHD,,rs77128898,-2.09062147207627,1.7352158218233,0.228273076486144
Qualifications: College or University degree || id:ukb-b-16489,"Ischaemic heart disease, wide definition || id:finn-b-I9_IHD",ukb-b-16489,finn-b-I9_IHD,,rs77232327,0.646813383735294,2.61906402922324,0.804936423458741
Qualifications: College or University degree || id:ukb-b-16489,"Ischaemic heart disease, wide definition || id:finn-b-I9_IHD",ukb-b-16489,finn-b-I9_IHD,,rs7742212,0.0170173662222298,1.87191028444528,0.992746603901876
Qualifications: College or University degree || id:ukb-b-16489,"Ischaemic heart disease, wide definition || id:finn-b-I9_IHD",ukb-b-16489,finn-b-I9_IHD,,rs77429856,-2.07238989679977,2.80910653641357,0.46067253781626
Qualifications: College or University degree || id:ukb-b-16489,"Ischaemic heart disease, wide definition || id:finn-b-I9_IHD",ukb-b-16489,finn-b-I9_IHD,,rs7757476,-4.24255216816469,1.84824054850739,0.0217070884973952
Qualifications: College or University degree || id:ukb-b-16489,"Ischaemic heart disease, wide definition || id:finn-b-I9_IHD",ukb-b-16489,finn-b-I9_IHD,,rs7758776,-8.63188787809248,2.33692574260553,0.000221020014019944
Qualifications: College or University degree || id:ukb-b-16489,"Ischaemic heart disease, wide definition || id:finn-b-I9_IHD",ukb-b-16489,finn-b-I9_IHD,,rs77714828,3.51545030006136,2.43377328465787,0.148613996455212
Qualifications: College or University degree || id:ukb-b-16489,"Ischaemic heart disease, wide definition || id:finn-b-I9_IHD",ukb-b-16489,finn-b-I9_IHD,,rs77719387,-0.964110094111667,2.16218832821696,0.655672716796135
Qualifications: College or University degree || id:ukb-b-16489,"Ischaemic heart disease, wide definition || id:finn-b-I9_IHD",ukb-b-16489,finn-b-I9_IHD,,rs7791133,-1.54155621980336,2.12433966875341,0.468044949882455
Qualifications: College or University degree || id:ukb-b-16489,"Ischaemic heart disease, wide definition || id:finn-b-I9_IHD",ukb-b-16489,finn-b-I9_IHD,,rs779215,-1.75358456499196,2.51130629060577,0.485004691630451
Qualifications: College or University degree || id:ukb-b-16489,"Ischaemic heart disease, wide definition || id:finn-b-I9_IHD",ukb-b-16489,finn-b-I9_IHD,,rs7794008,-1.23382231659881,2.82480372484464,0.662269737666591
Qualifications: College or University degree || id:ukb-b-16489,"Ischaemic heart disease, wide definition || id:finn-b-I9_IHD",ukb-b-16489,finn-b-I9_IHD,,rs78071757,-4.38276588238604,2.14268554249984,0.0408100661166123
Qualifications: College or University degree || id:ukb-b-16489,"Ischaemic heart disease, wide definition || id:finn-b-I9_IHD",ukb-b-16489,finn-b-I9_IHD,,rs78274871,-3.60775918915885,2.28891066381679,0.114981912718638
Qualifications: College or University degree || id:ukb-b-16489,"Ischaemic heart disease, wide definition || id:finn-b-I9_IHD",ukb-b-16489,finn-b-I9_IHD,,rs7829754,-1.28098123162342,2.26173248708511,0.571141141282787
Qualifications: College or University degree || id:ukb-b-16489,"Ischaemic heart disease, wide definition || id:finn-b-I9_IHD",ukb-b-16489,finn-b-I9_IHD,,rs78375762,-4.82041478678744,2.6578314406602,0.0697293788448265
Qualifications: College or University degree || id:ukb-b-16489,"Ischaemic heart disease, wide definition || id:finn-b-I9_IHD",ukb-b-16489,finn-b-I9_IHD,,rs7862560,-0.55054441739081,2.14889917755768,0.797797684867063
Qualifications: College or University degree || id:ukb-b-16489,"Ischaemic heart disease, wide definition || id:finn-b-I9_IHD",ukb-b-16489,finn-b-I9_IHD,,rs786272,6.38159054000638,1.90495240000191,0.000808115603728043
Qualifications: College or University degree || id:ukb-b-16489,"Ischaemic heart disease, wide definition || id:finn-b-I9_IHD",ukb-b-16489,finn-b-I9_IHD,,rs78639511,-2.77003343762046,4.50018377244489,0.538199581933055
Qualifications: College or University degree || id:ukb-b-16489,"Ischaemic heart disease, wide definition || id:finn-b-I9_IHD",ukb-b-16489,finn-b-I9_IHD,,rs78809121,0.209149149084731,2.18802186734796,0.923847609286849
Qualifications: College or University degree || id:ukb-b-16489,"Ischaemic heart disease, wide definition || id:finn-b-I9_IHD",ukb-b-16489,finn-b-I9_IHD,,rs78919173,-1.39172153423382,2.40388265004023,0.562624686915214
Qualifications: College or University degree || id:ukb-b-16489,"Ischaemic heart disease, wide definition || id:finn-b-I9_IHD",ukb-b-16489,finn-b-I9_IHD,,rs7900410,-1.44972143045129,2.58719516818999,0.575244256418445
Qualifications: College or University degree || id:ukb-b-16489,"Ischaemic heart disease, wide definition || id:finn-b-I9_IHD",ukb-b-16489,finn-b-I9_IHD,,rs7902,-0.800640512409928,1.40420028330357,0.568558713055521
Qualifications: College or University degree || id:ukb-b-16489,"Ischaemic heart disease, wide definition || id:finn-b-I9_IHD",ukb-b-16489,finn-b-I9_IHD,,rs790643,0.167792507784873,2.01351009341848,0.933586496294755
Qualifications: College or University degree || id:ukb-b-16489,"Ischaemic heart disease, wide definition || id:finn-b-I9_IHD",ukb-b-16489,finn-b-I9_IHD,,rs7921305,-2.98813611452552,1.43386751283093,0.0371629448021827
Qualifications: College or University degree || id:ukb-b-16489,"Ischaemic heart disease, wide definition || id:finn-b-I9_IHD",ukb-b-16489,finn-b-I9_IHD,,rs7924036,-0.455864204565806,1.79089508936567,0.799074192526507
Qualifications: College or University degree || id:ukb-b-16489,"Ischaemic heart disease, wide definition || id:finn-b-I9_IHD",ukb-b-16489,finn-b-I9_IHD,,rs7945921,3.09634945366818,2.11942636400817,0.144032594211245
Qualifications: College or University degree || id:ukb-b-16489,"Ischaemic heart disease, wide definition || id:finn-b-I9_IHD",ukb-b-16489,finn-b-I9_IHD,,rs7951126,-2.513494832133,2.41214423406313,0.297403886952887
Qualifications: College or University degree || id:ukb-b-16489,"Ischaemic heart disease, wide definition || id:finn-b-I9_IHD",ukb-b-16489,finn-b-I9_IHD,,rs7966054,-1.60300409789239,1.89290909431974,0.397080492530739
Qualifications: College or University degree || id:ukb-b-16489,"Ischaemic heart disease, wide definition || id:finn-b-I9_IHD",ukb-b-16489,finn-b-I9_IHD,,rs79697219,-0.141182450080239,2.42363205971076,0.953547560732241
Qualifications: College or University degree || id:ukb-b-16489,"Ischaemic heart disease, wide definition || id:finn-b-I9_IHD",ukb-b-16489,finn-b-I9_IHD,,rs79918827,-1.01655443494976,1.98998231811377,0.609465959387278
Qualifications: College or University degree || id:ukb-b-16489,"Ischaemic heart disease, wide definition || id:finn-b-I9_IHD",ukb-b-16489,finn-b-I9_IHD,,rs8022374,-2.17923375263024,1.33632258416005,0.102939022213829
Qualifications: College or University degree || id:ukb-b-16489,"Ischaemic heart disease, wide definition || id:finn-b-I9_IHD",ukb-b-16489,finn-b-I9_IHD,,rs8049014,-0.0275700831513708,1.84719557114184,0.988091717341803
Qualifications: College or University degree || id:ukb-b-16489,"Ischaemic heart disease, wide definition || id:finn-b-I9_IHD",ukb-b-16489,finn-b-I9_IHD,,rs8118905,-0.171170348731057,2.45344166514515,0.944378761640749
Qualifications: College or University degree || id:ukb-b-16489,"Ischaemic heart disease, wide definition || id:finn-b-I9_IHD",ukb-b-16489,finn-b-I9_IHD,,rs836319,1.55272301236331,2.23834096587437,0.487874321686778
Qualifications: College or University degree || id:ukb-b-16489,"Ischaemic heart disease, wide definition || id:finn-b-I9_IHD",ukb-b-16489,finn-b-I9_IHD,,rs857249,1.65680255515772,2.06179873530738,0.421644529402355
Qualifications: College or University degree || id:ukb-b-16489,"Ischaemic heart disease, wide definition || id:finn-b-I9_IHD",ukb-b-16489,finn-b-I9_IHD,,rs860580,3.94095950048338,2.15521222682685,0.0674638361316115
Qualifications: College or University degree || id:ukb-b-16489,"Ischaemic heart disease, wide definition || id:finn-b-I9_IHD",ukb-b-16489,finn-b-I9_IHD,,rs868698,-1.22278325661958,1.70516564225849,0.473309148468508
Qualifications: College or University degree || id:ukb-b-16489,"Ischaemic heart disease, wide definition || id:finn-b-I9_IHD",ukb-b-16489,finn-b-I9_IHD,,rs898751,0.841774460562866,2.20464739671227,0.702596231560031
Qualifications: College or University degree || id:ukb-b-16489,"Ischaemic heart disease, wide definition || id:finn-b-I9_IHD",ukb-b-16489,finn-b-I9_IHD,,rs909294,-1.17683736314104,2.37432099581087,0.62013983547718
Qualifications: College or University degree || id:ukb-b-16489,"Ischaemic heart disease, wide definition || id:finn-b-I9_IHD",ukb-b-16489,finn-b-I9_IHD,,rs924610,-2.79994960090718,2.23995968072575,0.21129954733371
Qualifications: College or University degree || id:ukb-b-16489,"Ischaemic heart disease, wide definition || id:finn-b-I9_IHD",ukb-b-16489,finn-b-I9_IHD,,rs9261870,4.69014648527278,2.96055758206588,0.113145818663312
Qualifications: College or University degree || id:ukb-b-16489,"Ischaemic heart disease, wide definition || id:finn-b-I9_IHD",ukb-b-16489,finn-b-I9_IHD,,rs9304836,-0.632599792617285,2.00781673308965,0.752709649944638
Qualifications: College or University degree || id:ukb-b-16489,"Ischaemic heart disease, wide definition || id:finn-b-I9_IHD",ukb-b-16489,finn-b-I9_IHD,,rs9324380,-1.45108180008558,1.41387457444236,0.304742757088453
Qualifications: College or University degree || id:ukb-b-16489,"Ischaemic heart disease, wide definition || id:finn-b-I9_IHD",ukb-b-16489,finn-b-I9_IHD,,rs9363731,0.873772120231044,2.16143629741363,0.686024978169506
Qualifications: College or University degree || id:ukb-b-16489,"Ischaemic heart disease, wide definition || id:finn-b-I9_IHD",ukb-b-16489,finn-b-I9_IHD,,rs9368028,0.624481333559072,1.99834026738903,0.754660563059686
Qualifications: College or University degree || id:ukb-b-16489,"Ischaemic heart disease, wide definition || id:finn-b-I9_IHD",ukb-b-16489,finn-b-I9_IHD,,rs9386319,1.04302366173678,2.38405408396979,0.661748776081758
Qualifications: College or University degree || id:ukb-b-16489,"Ischaemic heart disease, wide definition || id:finn-b-I9_IHD",ukb-b-16489,finn-b-I9_IHD,,rs938964,-0.817793937945167,1.84003636037663,0.65672128656377
Qualifications: College or University degree || id:ukb-b-16489,"Ischaemic heart disease, wide definition || id:finn-b-I9_IHD",ukb-b-16489,finn-b-I9_IHD,,rs9426308,1.75512069495829,2.08529191480192,0.399974561414011
Qualifications: College or University degree || id:ukb-b-16489,"Ischaemic heart disease, wide definition || id:finn-b-I9_IHD",ukb-b-16489,finn-b-I9_IHD,,rs9557427,-2.68830273720697,1.68733895207671,0.111110770026242
Qualifications: College or University degree || id:ukb-b-16489,"Ischaemic heart disease, wide definition || id:finn-b-I9_IHD",ukb-b-16489,finn-b-I9_IHD,,rs9605251,-4.71447543160691,4.83304875735155,0.32932908798316
Qualifications: College or University degree || id:ukb-b-16489,"Ischaemic heart disease, wide definition || id:finn-b-I9_IHD",ukb-b-16489,finn-b-I9_IHD,,rs9613472,0.222653675566876,2.44919043123564,0.927564826606211
Qualifications: College or University degree || id:ukb-b-16489,"Ischaemic heart disease, wide definition || id:finn-b-I9_IHD",ukb-b-16489,finn-b-I9_IHD,,rs9616812,-0.0510726968767343,1.87266555214693,0.97824220925832
Qualifications: College or University degree || id:ukb-b-16489,"Ischaemic heart disease, wide definition || id:finn-b-I9_IHD",ukb-b-16489,finn-b-I9_IHD,,rs962490,-2.97712009995315,2.04982039668905,0.146395709561813
Qualifications: College or University degree || id:ukb-b-16489,"Ischaemic heart disease, wide definition || id:finn-b-I9_IHD",ukb-b-16489,finn-b-I9_IHD,,rs9640052,-1.53788721581643,1.76112890843494,0.382532583573762
Qualifications: College or University degree || id:ukb-b-16489,"Ischaemic heart disease, wide definition || id:finn-b-I9_IHD",ukb-b-16489,finn-b-I9_IHD,,rs964206,2.2465304751307,2.41449537046757,0.352146016484657
Qualifications: College or University degree || id:ukb-b-16489,"Ischaemic heart disease, wide definition || id:finn-b-I9_IHD",ukb-b-16489,finn-b-I9_IHD,,rs9675315,-1.89664026280993,2.00399725881804,0.3439300383019
Qualifications: College or University degree || id:ukb-b-16489,"Ischaemic heart disease, wide definition || id:finn-b-I9_IHD",ukb-b-16489,finn-b-I9_IHD,,rs9818707,0.154054720236628,2.15676608331279,0.943056670967043
Qualifications: College or University degree || id:ukb-b-16489,"Ischaemic heart disease, wide definition || id:finn-b-I9_IHD",ukb-b-16489,finn-b-I9_IHD,,rs9831061,0.776822717403548,2.34988872014573,0.740962879116256
Qualifications: College or University degree || id:ukb-b-16489,"Ischaemic heart disease, wide definition || id:finn-b-I9_IHD",ukb-b-16489,finn-b-I9_IHD,,rs9877063,1.81143530506477,2.32626428650424,0.436163217536017
Qualifications: College or University degree || id:ukb-b-16489,"Ischaemic heart disease, wide definition || id:finn-b-I9_IHD",ukb-b-16489,finn-b-I9_IHD,,rs9879265,1.22280094122624,1.86725008592655,0.512553223361995
Qualifications: College or University degree || id:ukb-b-16489,"Ischaemic heart disease, wide definition || id:finn-b-I9_IHD",ukb-b-16489,finn-b-I9_IHD,,rs9891803,1.8346293343118,1.94047333436825,0.344426866305938
Qualifications: College or University degree || id:ukb-b-16489,"Ischaemic heart disease, wide definition || id:finn-b-I9_IHD",ukb-b-16489,finn-b-I9_IHD,,rs9902820,2.28229849288915,2.1830681236331,0.295812938228253
Qualifications: College or University degree || id:ukb-b-16489,"Ischaemic heart disease, wide definition || id:finn-b-I9_IHD",ukb-b-16489,finn-b-I9_IHD,,rs9912403,-1.36968566652094,2.47669189014746,0.580242660225338
Qualifications: College or University degree || id:ukb-b-16489,"Ischaemic heart disease, wide definition || id:finn-b-I9_IHD",ukb-b-16489,finn-b-I9_IHD,,rs9964724,-0.568406910450075,1.08514046540469,0.600411028614905
Qualifications: College or University degree || id:ukb-b-16489,"Ischaemic heart disease, wide definition || id:finn-b-I9_IHD",ukb-b-16489,finn-b-I9_IHD,,rs9966970,-4.81862031705548,2.14160902980244,0.0244489453100894
Qualifications: College or University degree || id:ukb-b-16489,"Ischaemic heart disease, wide definition || id:finn-b-I9_IHD",ukb-b-16489,finn-b-I9_IHD,,All - Inverse variance weighted,-0.7568814123384,0.0981737565526461,1.26202430951356e-14
Qualifications: College or University degree || id:ukb-b-16489,"Ischaemic heart disease, wide definition || id:finn-b-I9_IHD",ukb-b-16489,finn-b-I9_IHD,,All - MR Egger,-1.09092694185208,0.335176859063759,0.00121631919248709
