exposure,outcome,id.exposure,id.outcome,samplesize,SNP,b,se,p
Leg fat mass (right) || id:ukb-b-18096,"Ischaemic heart disease, wide definition || id:finn-b-I9_IHD",ukb-b-18096,finn-b-I9_IHD,,rs1005551,1.7306602545449,0.872987916009373,0.047428211594277
Leg fat mass (right) || id:ukb-b-18096,"Ischaemic heart disease, wide definition || id:finn-b-I9_IHD",ukb-b-18096,finn-b-I9_IHD,,rs10070916,-1.84866436610657,1.38910938244166,0.183245919367818
Leg fat mass (right) || id:ukb-b-18096,"Ischaemic heart disease, wide definition || id:finn-b-I9_IHD",ukb-b-18096,finn-b-I9_IHD,,rs10100245,0.302928528623453,0.724394307577823,0.675814188135396
Leg fat mass (right) || id:ukb-b-18096,"Ischaemic heart disease, wide definition || id:finn-b-I9_IHD",ukb-b-18096,finn-b-I9_IHD,,rs10132514,0.732951384223111,1.48811341645298,0.622339550672908
Leg fat mass (right) || id:ukb-b-18096,"Ischaemic heart disease, wide definition || id:finn-b-I9_IHD",ukb-b-18096,finn-b-I9_IHD,,rs10141106,0.212261948225066,1.23111929970538,0.863112229226665
Leg fat mass (right) || id:ukb-b-18096,"Ischaemic heart disease, wide definition || id:finn-b-I9_IHD",ukb-b-18096,finn-b-I9_IHD,,rs10160769,2.58832077013895,1.23512850785578,0.0361187337479216
Leg fat mass (right) || id:ukb-b-18096,"Ischaemic heart disease, wide definition || id:finn-b-I9_IHD",ukb-b-18096,finn-b-I9_IHD,,rs10172483,2.79332125897692,1.34159515664125,0.0373342906760263
Leg fat mass (right) || id:ukb-b-18096,"Ischaemic heart disease, wide definition || id:finn-b-I9_IHD",ukb-b-18096,finn-b-I9_IHD,,rs10184537,-0.49349258924688,0.928435210278029,0.59505049695982
Leg fat mass (right) || id:ukb-b-18096,"Ischaemic heart disease, wide definition || id:finn-b-I9_IHD",ukb-b-18096,finn-b-I9_IHD,,rs10209821,1.92386211860126,0.816603345305569,0.0184762894494205
Leg fat mass (right) || id:ukb-b-18096,"Ischaemic heart disease, wide definition || id:finn-b-I9_IHD",ukb-b-18096,finn-b-I9_IHD,,rs10213345,-2.71952587070876,1.33267602429154,0.0412855880921693
Leg fat mass (right) || id:ukb-b-18096,"Ischaemic heart disease, wide definition || id:finn-b-I9_IHD",ukb-b-18096,finn-b-I9_IHD,,rs10214549,2.99467868633428,1.40775493802039,0.0333974294207007
Leg fat mass (right) || id:ukb-b-18096,"Ischaemic heart disease, wide definition || id:finn-b-I9_IHD",ukb-b-18096,finn-b-I9_IHD,,rs1022185,-1.20896494001674,1.14133053777804,0.289481723680284
Leg fat mass (right) || id:ukb-b-18096,"Ischaemic heart disease, wide definition || id:finn-b-I9_IHD",ukb-b-18096,finn-b-I9_IHD,,rs10248136,3.24635648944194,1.35779168759929,0.0168067137982655
Leg fat mass (right) || id:ukb-b-18096,"Ischaemic heart disease, wide definition || id:finn-b-I9_IHD",ukb-b-18096,finn-b-I9_IHD,,rs1025065,-1.51432551941365,1.30880991320751,0.247262230900262
Leg fat mass (right) || id:ukb-b-18096,"Ischaemic heart disease, wide definition || id:finn-b-I9_IHD",ukb-b-18096,finn-b-I9_IHD,,rs10260462,-1.43167985058938,1.54776200063716,0.354965907446464
Leg fat mass (right) || id:ukb-b-18096,"Ischaemic heart disease, wide definition || id:finn-b-I9_IHD",ukb-b-18096,finn-b-I9_IHD,,rs10404726,0.0639557937553563,0.703513731308919,0.927564826606211
Leg fat mass (right) || id:ukb-b-18096,"Ischaemic heart disease, wide definition || id:finn-b-I9_IHD",ukb-b-18096,finn-b-I9_IHD,,rs10405382,-0.508706012548082,1.19590536283233,0.670564687455411
Leg fat mass (right) || id:ukb-b-18096,"Ischaemic heart disease, wide definition || id:finn-b-I9_IHD",ukb-b-18096,finn-b-I9_IHD,,rs10410043,2.2870267192845,1.362484002978,0.0932355987798769
Leg fat mass (right) || id:ukb-b-18096,"Ischaemic heart disease, wide definition || id:finn-b-I9_IHD",ukb-b-18096,finn-b-I9_IHD,,rs10423928,1.06076450275724,0.477720183865847,0.0263867144151883
Leg fat mass (right) || id:ukb-b-18096,"Ischaemic heart disease, wide definition || id:finn-b-I9_IHD",ukb-b-18096,finn-b-I9_IHD,,rs10448179,2.2337811532693,1.26615245093145,0.0776936605980841
Leg fat mass (right) || id:ukb-b-18096,"Ischaemic heart disease, wide definition || id:finn-b-I9_IHD",ukb-b-18096,finn-b-I9_IHD,,rs10499014,1.14868373432361,0.983462101304464,0.242806764889785
Leg fat mass (right) || id:ukb-b-18096,"Ischaemic heart disease, wide definition || id:finn-b-I9_IHD",ukb-b-18096,finn-b-I9_IHD,,rs10505836,-0.775204070815223,1.07998515848617,0.472885910006574
Leg fat mass (right) || id:ukb-b-18096,"Ischaemic heart disease, wide definition || id:finn-b-I9_IHD",ukb-b-18096,finn-b-I9_IHD,,rs10510998,0.642504052460456,1.47240512022188,0.662572917836399
Leg fat mass (right) || id:ukb-b-18096,"Ischaemic heart disease, wide definition || id:finn-b-I9_IHD",ukb-b-18096,finn-b-I9_IHD,,rs1056441,0.578398957155313,1.08773535226223,0.594901905674212
Leg fat mass (right) || id:ukb-b-18096,"Ischaemic heart disease, wide definition || id:finn-b-I9_IHD",ukb-b-18096,finn-b-I9_IHD,,rs1056720,-0.0542299937418587,1.4967478272753,0.97109746287114
Leg fat mass (right) || id:ukb-b-18096,"Ischaemic heart disease, wide definition || id:finn-b-I9_IHD",ukb-b-18096,finn-b-I9_IHD,,rs1057042,-0.613246116107931,1.04995168363934,0.559172681745241
Leg fat mass (right) || id:ukb-b-18096,"Ischaemic heart disease, wide definition || id:finn-b-I9_IHD",ukb-b-18096,finn-b-I9_IHD,,rs1062557,1.38518810662101,1.1062266129265,0.210506499499213
Leg fat mass (right) || id:ukb-b-18096,"Ischaemic heart disease, wide definition || id:finn-b-I9_IHD",ukb-b-18096,finn-b-I9_IHD,,rs10756798,0.212286488781476,0.947124334563506,0.822649978513835
Leg fat mass (right) || id:ukb-b-18096,"Ischaemic heart disease, wide definition || id:finn-b-I9_IHD",ukb-b-18096,finn-b-I9_IHD,,rs10760277,0.534047895663906,1.05872653000037,0.613962909185628
Leg fat mass (right) || id:ukb-b-18096,"Ischaemic heart disease, wide definition || id:finn-b-I9_IHD",ukb-b-18096,finn-b-I9_IHD,,rs10766451,-1.4485615783527,1.07193556798099,0.176582909707466
Leg fat mass (right) || id:ukb-b-18096,"Ischaemic heart disease, wide definition || id:finn-b-I9_IHD",ukb-b-18096,finn-b-I9_IHD,,rs10771041,0.352710834700988,1.1085197662031,0.750347023651697
Leg fat mass (right) || id:ukb-b-18096,"Ischaemic heart disease, wide definition || id:finn-b-I9_IHD",ukb-b-18096,finn-b-I9_IHD,,rs10779795,1.72226250906454,1.00533983782715,0.0866914302139923
Leg fat mass (right) || id:ukb-b-18096,"Ischaemic heart disease, wide definition || id:finn-b-I9_IHD",ukb-b-18096,finn-b-I9_IHD,,rs10798945,-2.05886027047409,1.50366199529007,0.170927150799391
Leg fat mass (right) || id:ukb-b-18096,"Ischaemic heart disease, wide definition || id:finn-b-I9_IHD",ukb-b-18096,finn-b-I9_IHD,,rs10817947,0.53815050760683,1.54900078540885,0.72827743238082
Leg fat mass (right) || id:ukb-b-18096,"Ischaemic heart disease, wide definition || id:finn-b-I9_IHD",ukb-b-18096,finn-b-I9_IHD,,rs10820852,1.89292950837155,1.20863104759873,0.117307309547421
Leg fat mass (right) || id:ukb-b-18096,"Ischaemic heart disease, wide definition || id:finn-b-I9_IHD",ukb-b-18096,finn-b-I9_IHD,,rs10846458,1.10318592486923,1.16024726581075,0.341695924523077
Leg fat mass (right) || id:ukb-b-18096,"Ischaemic heart disease, wide definition || id:finn-b-I9_IHD",ukb-b-18096,finn-b-I9_IHD,,rs10865534,0.0504842278858047,1.43038645676447,0.97184521384789
Leg fat mass (right) || id:ukb-b-18096,"Ischaemic heart disease, wide definition || id:finn-b-I9_IHD",ukb-b-18096,finn-b-I9_IHD,,rs10915840,0.289529875864066,1.18526292931852,0.807017991987434
Leg fat mass (right) || id:ukb-b-18096,"Ischaemic heart disease, wide definition || id:finn-b-I9_IHD",ukb-b-18096,finn-b-I9_IHD,,rs10938397,1.24721799872193,0.484784381128666,0.01009006835038
Leg fat mass (right) || id:ukb-b-18096,"Ischaemic heart disease, wide definition || id:finn-b-I9_IHD",ukb-b-18096,finn-b-I9_IHD,,rs10947793,1.82756147778009,0.871368974637765,0.0359630343012636
Leg fat mass (right) || id:ukb-b-18096,"Ischaemic heart disease, wide definition || id:finn-b-I9_IHD",ukb-b-18096,finn-b-I9_IHD,,rs10951992,3.70856333390442,1.15957895792504,0.00138289199540459
Leg fat mass (right) || id:ukb-b-18096,"Ischaemic heart disease, wide definition || id:finn-b-I9_IHD",ukb-b-18096,finn-b-I9_IHD,,rs10961649,-0.0244988454919062,1.49442957500628,0.986920511076487
Leg fat mass (right) || id:ukb-b-18096,"Ischaemic heart disease, wide definition || id:finn-b-I9_IHD",ukb-b-18096,finn-b-I9_IHD,,rs10973850,-0.436488982394529,1.37182251609709,0.750347023651697
Leg fat mass (right) || id:ukb-b-18096,"Ischaemic heart disease, wide definition || id:finn-b-I9_IHD",ukb-b-18096,finn-b-I9_IHD,,rs10989067,0.730171739373393,0.841932719889729,0.385801410089173
Leg fat mass (right) || id:ukb-b-18096,"Ischaemic heart disease, wide definition || id:finn-b-I9_IHD",ukb-b-18096,finn-b-I9_IHD,,rs10992854,0.0584019556312,0.967803836174171,0.951880999724362
Leg fat mass (right) || id:ukb-b-18096,"Ischaemic heart disease, wide definition || id:finn-b-I9_IHD",ukb-b-18096,finn-b-I9_IHD,,rs11001963,1.95378292797952,1.07794920164387,0.0699089739364695
Leg fat mass (right) || id:ukb-b-18096,"Ischaemic heart disease, wide definition || id:finn-b-I9_IHD",ukb-b-18096,finn-b-I9_IHD,,rs11004108,-1.17489927455512,1.29682278417876,0.364944900288063
Leg fat mass (right) || id:ukb-b-18096,"Ischaemic heart disease, wide definition || id:finn-b-I9_IHD",ukb-b-18096,finn-b-I9_IHD,,rs11012732,0.928140695522119,0.631135672955041,0.141402507486613
Leg fat mass (right) || id:ukb-b-18096,"Ischaemic heart disease, wide definition || id:finn-b-I9_IHD",ukb-b-18096,finn-b-I9_IHD,,rs11013306,1.21111618330709,1.97505100662387,0.539739115098772
Leg fat mass (right) || id:ukb-b-18096,"Ischaemic heart disease, wide definition || id:finn-b-I9_IHD",ukb-b-18096,finn-b-I9_IHD,,rs1106761,-0.122266328668194,0.929224097878272,0.895317338291782
Leg fat mass (right) || id:ukb-b-18096,"Ischaemic heart disease, wide definition || id:finn-b-I9_IHD",ukb-b-18096,finn-b-I9_IHD,,rs11071646,-0.0435321300606101,0.790275591869538,0.956070948810033
Leg fat mass (right) || id:ukb-b-18096,"Ischaemic heart disease, wide definition || id:finn-b-I9_IHD",ukb-b-18096,finn-b-I9_IHD,,rs11075252,0.770488489702471,1.17074225058687,0.510461244989542
Leg fat mass (right) || id:ukb-b-18096,"Ischaemic heart disease, wide definition || id:finn-b-I9_IHD",ukb-b-18096,finn-b-I9_IHD,,rs11077392,1.79152165230787,1.5062475038512,0.234284684616336
Leg fat mass (right) || id:ukb-b-18096,"Ischaemic heart disease, wide definition || id:finn-b-I9_IHD",ukb-b-18096,finn-b-I9_IHD,,rs11099020,0.448153160824243,1.01282614346279,0.658143436378906
Leg fat mass (right) || id:ukb-b-18096,"Ischaemic heart disease, wide definition || id:finn-b-I9_IHD",ukb-b-18096,finn-b-I9_IHD,,rs11105842,-0.6755965517552,1.0269067586679,0.510605772861378
Leg fat mass (right) || id:ukb-b-18096,"Ischaemic heart disease, wide definition || id:finn-b-I9_IHD",ukb-b-18096,finn-b-I9_IHD,,rs11122449,1.37766566429613,1.4014185205771,0.325582413807624
Leg fat mass (right) || id:ukb-b-18096,"Ischaemic heart disease, wide definition || id:finn-b-I9_IHD",ukb-b-18096,finn-b-I9_IHD,,rs111258054,2.64538568102102,0.906357768149262,0.00351495232584708
Leg fat mass (right) || id:ukb-b-18096,"Ischaemic heart disease, wide definition || id:finn-b-I9_IHD",ukb-b-18096,finn-b-I9_IHD,,rs11129446,-1.80783789966131,1.43889138952635,0.208967264956349
Leg fat mass (right) || id:ukb-b-18096,"Ischaemic heart disease, wide definition || id:finn-b-I9_IHD",ukb-b-18096,finn-b-I9_IHD,,rs11135450,-0.585480093676815,0.941859281132268,0.53419070026645
Leg fat mass (right) || id:ukb-b-18096,"Ischaemic heart disease, wide definition || id:finn-b-I9_IHD",ukb-b-18096,finn-b-I9_IHD,,rs11136567,-1.45611203024696,1.49377009999473,0.32966448018146
Leg fat mass (right) || id:ukb-b-18096,"Ischaemic heart disease, wide definition || id:finn-b-I9_IHD",ukb-b-18096,finn-b-I9_IHD,,rs11150745,0.750409179808675,0.726774245011552,0.301828431107777
Leg fat mass (right) || id:ukb-b-18096,"Ischaemic heart disease, wide definition || id:finn-b-I9_IHD",ukb-b-18096,finn-b-I9_IHD,,rs11164968,0.470491970952235,1.42784085097678,0.741768049653132
Leg fat mass (right) || id:ukb-b-18096,"Ischaemic heart disease, wide definition || id:finn-b-I9_IHD",ukb-b-18096,finn-b-I9_IHD,,rs111652921,-0.110325850644757,1.03836094724477,0.915384001164131
Leg fat mass (right) || id:ukb-b-18096,"Ischaemic heart disease, wide definition || id:finn-b-I9_IHD",ukb-b-18096,finn-b-I9_IHD,,rs11165643,0.139943768049566,0.712441000979606,0.844274735076052
Leg fat mass (right) || id:ukb-b-18096,"Ischaemic heart disease, wide definition || id:finn-b-I9_IHD",ukb-b-18096,finn-b-I9_IHD,,rs111909661,-0.304174799117893,1.19980059652058,0.799865537508658
Leg fat mass (right) || id:ukb-b-18096,"Ischaemic heart disease, wide definition || id:finn-b-I9_IHD",ukb-b-18096,finn-b-I9_IHD,,rs111947144,-3.43780946323476,1.71487919360423,0.0449956809634857
Leg fat mass (right) || id:ukb-b-18096,"Ischaemic heart disease, wide definition || id:finn-b-I9_IHD",ukb-b-18096,finn-b-I9_IHD,,rs11242730,3.30872774641772,1.03343465045593,0.00136628364871308
Leg fat mass (right) || id:ukb-b-18096,"Ischaemic heart disease, wide definition || id:finn-b-I9_IHD",ukb-b-18096,finn-b-I9_IHD,,rs11245344,0.405595554672721,1.16478723393192,0.727679259914616
Leg fat mass (right) || id:ukb-b-18096,"Ischaemic heart disease, wide definition || id:finn-b-I9_IHD",ukb-b-18096,finn-b-I9_IHD,,rs113079574,1.43747383718634,1.07415627394144,0.180819747233865
Leg fat mass (right) || id:ukb-b-18096,"Ischaemic heart disease, wide definition || id:finn-b-I9_IHD",ukb-b-18096,finn-b-I9_IHD,,rs113230003,1.32728845408178,1.00665135562383,0.187330130029517
Leg fat mass (right) || id:ukb-b-18096,"Ischaemic heart disease, wide definition || id:finn-b-I9_IHD",ukb-b-18096,finn-b-I9_IHD,,rs113624107,0.94072542354831,1.19809369980209,0.432345000260982
Leg fat mass (right) || id:ukb-b-18096,"Ischaemic heart disease, wide definition || id:finn-b-I9_IHD",ukb-b-18096,finn-b-I9_IHD,,rs113866544,0.0663563054206117,0.62514624580471,0.915467108494102
Leg fat mass (right) || id:ukb-b-18096,"Ischaemic heart disease, wide definition || id:finn-b-I9_IHD",ukb-b-18096,finn-b-I9_IHD,,rs115000305,0.620488731827679,0.916190393089307,0.498248187908354
Leg fat mass (right) || id:ukb-b-18096,"Ischaemic heart disease, wide definition || id:finn-b-I9_IHD",ukb-b-18096,finn-b-I9_IHD,,rs11525873,-1.1470956663711,1.09783388928767,0.29608222716042
Leg fat mass (right) || id:ukb-b-18096,"Ischaemic heart disease, wide definition || id:finn-b-I9_IHD",ukb-b-18096,finn-b-I9_IHD,,rs115774037,0.669503499490684,1.31847008181908,0.611601912630723
Leg fat mass (right) || id:ukb-b-18096,"Ischaemic heart disease, wide definition || id:finn-b-I9_IHD",ukb-b-18096,finn-b-I9_IHD,,rs11603042,-0.468163640440468,1.45377130452566,0.747427014162106
Leg fat mass (right) || id:ukb-b-18096,"Ischaemic heart disease, wide definition || id:finn-b-I9_IHD",ukb-b-18096,finn-b-I9_IHD,,rs11603984,0.881166444080351,0.936239346835373,0.346614432503051
Leg fat mass (right) || id:ukb-b-18096,"Ischaemic heart disease, wide definition || id:finn-b-I9_IHD",ukb-b-18096,finn-b-I9_IHD,,rs11611979,1.3007711173245,1.42705957531717,0.362029655277203
Leg fat mass (right) || id:ukb-b-18096,"Ischaemic heart disease, wide definition || id:finn-b-I9_IHD",ukb-b-18096,finn-b-I9_IHD,,rs11615777,2.70673956234103,1.4465166891863,0.0613156853427971
Leg fat mass (right) || id:ukb-b-18096,"Ischaemic heart disease, wide definition || id:finn-b-I9_IHD",ukb-b-18096,finn-b-I9_IHD,,rs11619722,-0.724437440719359,0.911148121317132,0.426565823540547
Leg fat mass (right) || id:ukb-b-18096,"Ischaemic heart disease, wide definition || id:finn-b-I9_IHD",ukb-b-18096,finn-b-I9_IHD,,rs11656076,1.27593090877528,1.08497526256401,0.239594876057857
Leg fat mass (right) || id:ukb-b-18096,"Ischaemic heart disease, wide definition || id:finn-b-I9_IHD",ukb-b-18096,finn-b-I9_IHD,,rs11656758,0.636273099479916,1.10656191213898,0.565291296994401
Leg fat mass (right) || id:ukb-b-18096,"Ischaemic heart disease, wide definition || id:finn-b-I9_IHD",ukb-b-18096,finn-b-I9_IHD,,rs11660485,0.187361820657265,2.02350766309847,0.926227228722227
Leg fat mass (right) || id:ukb-b-18096,"Ischaemic heart disease, wide definition || id:finn-b-I9_IHD",ukb-b-18096,finn-b-I9_IHD,,rs11664848,0.0298041864947296,1.12262435796815,0.978819712169529
Leg fat mass (right) || id:ukb-b-18096,"Ischaemic heart disease, wide definition || id:finn-b-I9_IHD",ukb-b-18096,finn-b-I9_IHD,,rs1167311,0.291501792425915,0.700844734981456,0.677461809132882
Leg fat mass (right) || id:ukb-b-18096,"Ischaemic heart disease, wide definition || id:finn-b-I9_IHD",ukb-b-18096,finn-b-I9_IHD,,rs11677279,0.229394866768504,1.16782841263966,0.844274735076052
Leg fat mass (right) || id:ukb-b-18096,"Ischaemic heart disease, wide definition || id:finn-b-I9_IHD",ukb-b-18096,finn-b-I9_IHD,,rs11691869,0.527362219043232,0.703149625390975,0.453254704753736
Leg fat mass (right) || id:ukb-b-18096,"Ischaemic heart disease, wide definition || id:finn-b-I9_IHD",ukb-b-18096,finn-b-I9_IHD,,rs11698185,2.08542958226492,0.89259631925736,0.0194722974776908
Leg fat mass (right) || id:ukb-b-18096,"Ischaemic heart disease, wide definition || id:finn-b-I9_IHD",ukb-b-18096,finn-b-I9_IHD,,rs11704728,-0.238796465812306,0.969658376328758,0.805474271200908
Leg fat mass (right) || id:ukb-b-18096,"Ischaemic heart disease, wide definition || id:finn-b-I9_IHD",ukb-b-18096,finn-b-I9_IHD,,rs117176448,-0.0102621991892863,1.03648211811791,0.992100281931256
Leg fat mass (right) || id:ukb-b-18096,"Ischaemic heart disease, wide definition || id:finn-b-I9_IHD",ukb-b-18096,finn-b-I9_IHD,,rs117342986,4.61737509941007,1.51637447030755,0.002326727400513
Leg fat mass (right) || id:ukb-b-18096,"Ischaemic heart disease, wide definition || id:finn-b-I9_IHD",ukb-b-18096,finn-b-I9_IHD,,rs117435593,1.61955981481171,2.27296842975299,0.476136200018472
Leg fat mass (right) || id:ukb-b-18096,"Ischaemic heart disease, wide definition || id:finn-b-I9_IHD",ukb-b-18096,finn-b-I9_IHD,,rs11757278,-0.459825082538602,1.03920468653724,0.658143436378906
Leg fat mass (right) || id:ukb-b-18096,"Ischaemic heart disease, wide definition || id:finn-b-I9_IHD",ukb-b-18096,finn-b-I9_IHD,,rs11767811,1.10004019377631,0.951957859998731,0.247862996149615
Leg fat mass (right) || id:ukb-b-18096,"Ischaemic heart disease, wide definition || id:finn-b-I9_IHD",ukb-b-18096,finn-b-I9_IHD,,rs11773362,-0.47365824748759,1.30544834063653,0.716730491719857
Leg fat mass (right) || id:ukb-b-18096,"Ischaemic heart disease, wide definition || id:finn-b-I9_IHD",ukb-b-18096,finn-b-I9_IHD,,rs11779446,-0.473525090758976,0.953121016014861,0.619319314309004
Leg fat mass (right) || id:ukb-b-18096,"Ischaemic heart disease, wide definition || id:finn-b-I9_IHD",ukb-b-18096,finn-b-I9_IHD,,rs11782341,-1.04786809844396,1.22405830968675,0.391964257188402
Leg fat mass (right) || id:ukb-b-18096,"Ischaemic heart disease, wide definition || id:finn-b-I9_IHD",ukb-b-18096,finn-b-I9_IHD,,rs11802102,-1.32120244966478,1.4377791363999,0.358137983510638
Leg fat mass (right) || id:ukb-b-18096,"Ischaemic heart disease, wide definition || id:finn-b-I9_IHD",ukb-b-18096,finn-b-I9_IHD,,rs1182199,2.98239013333578,1.04613069292394,0.00435988048525251
Leg fat mass (right) || id:ukb-b-18096,"Ischaemic heart disease, wide definition || id:finn-b-I9_IHD",ukb-b-18096,finn-b-I9_IHD,,rs11841757,0.424588385148842,1.0300199713796,0.680182766798041
Leg fat mass (right) || id:ukb-b-18096,"Ischaemic heart disease, wide definition || id:finn-b-I9_IHD",ukb-b-18096,finn-b-I9_IHD,,rs11854132,1.94978124405555,1.03829814215966,0.0603999644951207
Leg fat mass (right) || id:ukb-b-18096,"Ischaemic heart disease, wide definition || id:finn-b-I9_IHD",ukb-b-18096,finn-b-I9_IHD,,rs11914525,0.120952083877087,0.706614805808246,0.864089174997049
Leg fat mass (right) || id:ukb-b-18096,"Ischaemic heart disease, wide definition || id:finn-b-I9_IHD",ukb-b-18096,finn-b-I9_IHD,,rs11926300,2.14332766367453,1.16014983630089,0.0646808438473685
Leg fat mass (right) || id:ukb-b-18096,"Ischaemic heart disease, wide definition || id:finn-b-I9_IHD",ukb-b-18096,finn-b-I9_IHD,,rs12025220,-2.7787400033134,0.843411599921683,0.000985468395406908
Leg fat mass (right) || id:ukb-b-18096,"Ischaemic heart disease, wide definition || id:finn-b-I9_IHD",ukb-b-18096,finn-b-I9_IHD,,rs12031634,0.567515769495562,1.18154922501535,0.631003452466094
Leg fat mass (right) || id:ukb-b-18096,"Ischaemic heart disease, wide definition || id:finn-b-I9_IHD",ukb-b-18096,finn-b-I9_IHD,,rs12034626,-0.629765630298509,1.37579568465213,0.647134591510067
Leg fat mass (right) || id:ukb-b-18096,"Ischaemic heart disease, wide definition || id:finn-b-I9_IHD",ukb-b-18096,finn-b-I9_IHD,,rs12042959,-0.454857225370925,1.0829933937403,0.674485453696499
Leg fat mass (right) || id:ukb-b-18096,"Ischaemic heart disease, wide definition || id:finn-b-I9_IHD",ukb-b-18096,finn-b-I9_IHD,,rs12072739,1.26122115883968,0.875435863194599,0.149675682559884
Leg fat mass (right) || id:ukb-b-18096,"Ischaemic heart disease, wide definition || id:finn-b-I9_IHD",ukb-b-18096,finn-b-I9_IHD,,rs12089815,2.02420466183717,1.52820749304263,0.185316664474506
Leg fat mass (right) || id:ukb-b-18096,"Ischaemic heart disease, wide definition || id:finn-b-I9_IHD",ukb-b-18096,finn-b-I9_IHD,,rs12139715,0.609196289908792,1.26129372699426,0.629100566424236
Leg fat mass (right) || id:ukb-b-18096,"Ischaemic heart disease, wide definition || id:finn-b-I9_IHD",ukb-b-18096,finn-b-I9_IHD,,rs12140153,0.210382564083636,0.760329968442615,0.782011217422077
Leg fat mass (right) || id:ukb-b-18096,"Ischaemic heart disease, wide definition || id:finn-b-I9_IHD",ukb-b-18096,finn-b-I9_IHD,,rs12144626,1.47653539173304,0.92693610703241,0.111178059550329
Leg fat mass (right) || id:ukb-b-18096,"Ischaemic heart disease, wide definition || id:finn-b-I9_IHD",ukb-b-18096,finn-b-I9_IHD,,rs12173616,0.799209725538474,1.56367120214049,0.609273256070766
Leg fat mass (right) || id:ukb-b-18096,"Ischaemic heart disease, wide definition || id:finn-b-I9_IHD",ukb-b-18096,finn-b-I9_IHD,,rs12254441,2.20018858759322,1.20962749188026,0.0689270483082152
Leg fat mass (right) || id:ukb-b-18096,"Ischaemic heart disease, wide definition || id:finn-b-I9_IHD",ukb-b-18096,finn-b-I9_IHD,,rs12286929,-0.0213172800003411,1.17245040001876,0.985493807229077
Leg fat mass (right) || id:ukb-b-18096,"Ischaemic heart disease, wide definition || id:finn-b-I9_IHD",ukb-b-18096,finn-b-I9_IHD,,rs1229984,0.763957241284593,2.1860049900428,0.726731655462931
Leg fat mass (right) || id:ukb-b-18096,"Ischaemic heart disease, wide definition || id:finn-b-I9_IHD",ukb-b-18096,finn-b-I9_IHD,,rs12316080,-1.78283159780738,1.06437707331784,0.0939342316614916
Leg fat mass (right) || id:ukb-b-18096,"Ischaemic heart disease, wide definition || id:finn-b-I9_IHD",ukb-b-18096,finn-b-I9_IHD,,rs12369705,-1.89399819914925,1.37392492315335,0.168039380839703
Leg fat mass (right) || id:ukb-b-18096,"Ischaemic heart disease, wide definition || id:finn-b-I9_IHD",ukb-b-18096,finn-b-I9_IHD,,rs12427047,0.183166956681015,0.758834534821347,0.809261146695181
Leg fat mass (right) || id:ukb-b-18096,"Ischaemic heart disease, wide definition || id:finn-b-I9_IHD",ukb-b-18096,finn-b-I9_IHD,,rs12475388,0.231801191844461,1.07208051228063,0.828819213786263
Leg fat mass (right) || id:ukb-b-18096,"Ischaemic heart disease, wide definition || id:finn-b-I9_IHD",ukb-b-18096,finn-b-I9_IHD,,rs12477385,-0.788016093713299,0.962288883669124,0.412844817776042
Leg fat mass (right) || id:ukb-b-18096,"Ischaemic heart disease, wide definition || id:finn-b-I9_IHD",ukb-b-18096,finn-b-I9_IHD,,rs12479428,2.65318163998305,1.54438931282596,0.0858059695325733
Leg fat mass (right) || id:ukb-b-18096,"Ischaemic heart disease, wide definition || id:finn-b-I9_IHD",ukb-b-18096,finn-b-I9_IHD,,rs12540060,2.98238313219587,1.397063194816,0.0327812915291191
Leg fat mass (right) || id:ukb-b-18096,"Ischaemic heart disease, wide definition || id:finn-b-I9_IHD",ukb-b-18096,finn-b-I9_IHD,,rs12541408,-0.689931659472109,1.04422089001184,0.508795560548104
Leg fat mass (right) || id:ukb-b-18096,"Ischaemic heart disease, wide definition || id:finn-b-I9_IHD",ukb-b-18096,finn-b-I9_IHD,,rs1263629,2.52920631097194,1.30356851882027,0.0523532758127521
Leg fat mass (right) || id:ukb-b-18096,"Ischaemic heart disease, wide definition || id:finn-b-I9_IHD",ukb-b-18096,finn-b-I9_IHD,,rs12679106,0.678225203063855,0.667459723650143,0.309567945539029
Leg fat mass (right) || id:ukb-b-18096,"Ischaemic heart disease, wide definition || id:finn-b-I9_IHD",ukb-b-18096,finn-b-I9_IHD,,rs12724928,-0.861771802826612,0.891746474229276,0.333850789443753
Leg fat mass (right) || id:ukb-b-18096,"Ischaemic heart disease, wide definition || id:finn-b-I9_IHD",ukb-b-18096,finn-b-I9_IHD,,rs12784071,3.79997637551344,1.51553309991152,0.0121639185684059
Leg fat mass (right) || id:ukb-b-18096,"Ischaemic heart disease, wide definition || id:finn-b-I9_IHD",ukb-b-18096,finn-b-I9_IHD,,rs1286058,0.553087785401939,1.46337809887596,0.705465690539786
Leg fat mass (right) || id:ukb-b-18096,"Ischaemic heart disease, wide definition || id:finn-b-I9_IHD",ukb-b-18096,finn-b-I9_IHD,,rs12877270,1.46169262166982,1.01123388920554,0.148330251784507
Leg fat mass (right) || id:ukb-b-18096,"Ischaemic heart disease, wide definition || id:finn-b-I9_IHD",ukb-b-18096,finn-b-I9_IHD,,rs12878084,0.493782143318368,1.37499335293269,0.719508296097754
Leg fat mass (right) || id:ukb-b-18096,"Ischaemic heart disease, wide definition || id:finn-b-I9_IHD",ukb-b-18096,finn-b-I9_IHD,,rs12881629,0.360347186680732,1.08626398303757,0.740092564597014
Leg fat mass (right) || id:ukb-b-18096,"Ischaemic heart disease, wide definition || id:finn-b-I9_IHD",ukb-b-18096,finn-b-I9_IHD,,rs12889080,1.16585974059621,0.906779798241495,0.198542793686662
Leg fat mass (right) || id:ukb-b-18096,"Ischaemic heart disease, wide definition || id:finn-b-I9_IHD",ukb-b-18096,finn-b-I9_IHD,,rs12890931,1.2679293129408,0.977362178725203,0.194528913974972
Leg fat mass (right) || id:ukb-b-18096,"Ischaemic heart disease, wide definition || id:finn-b-I9_IHD",ukb-b-18096,finn-b-I9_IHD,,rs12920259,-0.6422813834741,1.18096899542012,0.586538057936862
Leg fat mass (right) || id:ukb-b-18096,"Ischaemic heart disease, wide definition || id:finn-b-I9_IHD",ukb-b-18096,finn-b-I9_IHD,,rs12921986,0.386038873501802,1.59317630334077,0.808541753753372
Leg fat mass (right) || id:ukb-b-18096,"Ischaemic heart disease, wide definition || id:finn-b-I9_IHD",ukb-b-18096,finn-b-I9_IHD,,rs1296328,-0.885369101315505,0.766855127123666,0.248276614397468
Leg fat mass (right) || id:ukb-b-18096,"Ischaemic heart disease, wide definition || id:finn-b-I9_IHD",ukb-b-18096,finn-b-I9_IHD,,rs12980373,2.59239756268336,1.29619878134168,0.0455002638963584
Leg fat mass (right) || id:ukb-b-18096,"Ischaemic heart disease, wide definition || id:finn-b-I9_IHD",ukb-b-18096,finn-b-I9_IHD,,rs12981222,2.60779683840194,1.51726361507022,0.0856599034048342
Leg fat mass (right) || id:ukb-b-18096,"Ischaemic heart disease, wide definition || id:finn-b-I9_IHD",ukb-b-18096,finn-b-I9_IHD,,rs13026068,2.28062969260455,1.32539212502149,0.0853015145039194
Leg fat mass (right) || id:ukb-b-18096,"Ischaemic heart disease, wide definition || id:finn-b-I9_IHD",ukb-b-18096,finn-b-I9_IHD,,rs13033310,0.303030303030303,1.21212121212121,0.802587348634153
Leg fat mass (right) || id:ukb-b-18096,"Ischaemic heart disease, wide definition || id:finn-b-I9_IHD",ukb-b-18096,finn-b-I9_IHD,,rs13041173,1.59714111739985,1.14794517813115,0.164133155957093
Leg fat mass (right) || id:ukb-b-18096,"Ischaemic heart disease, wide definition || id:finn-b-I9_IHD",ukb-b-18096,finn-b-I9_IHD,,rs13043475,-0.0411650627538512,0.690658275092393,0.952472108519711
Leg fat mass (right) || id:ukb-b-18096,"Ischaemic heart disease, wide definition || id:finn-b-I9_IHD",ukb-b-18096,finn-b-I9_IHD,,rs13044335,0.00906897865162425,1.09734641684653,0.993405987784041
Leg fat mass (right) || id:ukb-b-18096,"Ischaemic heart disease, wide definition || id:finn-b-I9_IHD",ukb-b-18096,finn-b-I9_IHD,,rs13097918,0.459868280585347,1.0921871663902,0.673716649749524
Leg fat mass (right) || id:ukb-b-18096,"Ischaemic heart disease, wide definition || id:finn-b-I9_IHD",ukb-b-18096,finn-b-I9_IHD,,rs13107325,-2.14674695820359,1.63235072221232,0.188467542868694
Leg fat mass (right) || id:ukb-b-18096,"Ischaemic heart disease, wide definition || id:finn-b-I9_IHD",ukb-b-18096,finn-b-I9_IHD,,rs13172524,-1.09716858949437,1.38338648240595,0.427717553962505
Leg fat mass (right) || id:ukb-b-18096,"Ischaemic heart disease, wide definition || id:finn-b-I9_IHD",ukb-b-18096,finn-b-I9_IHD,,rs13172600,-0.370767181223327,1.41914334882032,0.793891038371293
Leg fat mass (right) || id:ukb-b-18096,"Ischaemic heart disease, wide definition || id:finn-b-I9_IHD",ukb-b-18096,finn-b-I9_IHD,,rs13173398,1.66463426436715,1.41945557426656,0.240905190980132
Leg fat mass (right) || id:ukb-b-18096,"Ischaemic heart disease, wide definition || id:finn-b-I9_IHD",ukb-b-18096,finn-b-I9_IHD,,rs1320612,0.178589500127989,1.33346826762232,0.893459057077764
Leg fat mass (right) || id:ukb-b-18096,"Ischaemic heart disease, wide definition || id:finn-b-I9_IHD",ukb-b-18096,finn-b-I9_IHD,,rs1321519,-1.4094029646485,1.13365021069553,0.213778211996613
Leg fat mass (right) || id:ukb-b-18096,"Ischaemic heart disease, wide definition || id:finn-b-I9_IHD",ukb-b-18096,finn-b-I9_IHD,,rs13218383,0.247059986164641,0.955298613169944,0.795927918181723
Leg fat mass (right) || id:ukb-b-18096,"Ischaemic heart disease, wide definition || id:finn-b-I9_IHD",ukb-b-18096,finn-b-I9_IHD,,rs1327259,0.856782540889706,1.06857148358154,0.422667616230717
Leg fat mass (right) || id:ukb-b-18096,"Ischaemic heart disease, wide definition || id:finn-b-I9_IHD",ukb-b-18096,finn-b-I9_IHD,,rs13292699,0.656935918385373,0.60725168926379,0.279333325944732
Leg fat mass (right) || id:ukb-b-18096,"Ischaemic heart disease, wide definition || id:finn-b-I9_IHD",ukb-b-18096,finn-b-I9_IHD,,rs1330199,1.45602176593122,1.16906857118565,0.21296471394587
Leg fat mass (right) || id:ukb-b-18096,"Ischaemic heart disease, wide definition || id:finn-b-I9_IHD",ukb-b-18096,finn-b-I9_IHD,,rs13333747,0.272132990209128,0.851894578045967,0.749389512998084
Leg fat mass (right) || id:ukb-b-18096,"Ischaemic heart disease, wide definition || id:finn-b-I9_IHD",ukb-b-18096,finn-b-I9_IHD,,rs13389219,-2.20669055150483,0.973293171005932,0.0233754843139759
Leg fat mass (right) || id:ukb-b-18096,"Ischaemic heart disease, wide definition || id:finn-b-I9_IHD",ukb-b-18096,finn-b-I9_IHD,,rs13410783,-0.112866817155756,0.850263355906697,0.894396347720845
Leg fat mass (right) || id:ukb-b-18096,"Ischaemic heart disease, wide definition || id:finn-b-I9_IHD",ukb-b-18096,finn-b-I9_IHD,,rs13427822,1.06433569600761,0.913366093737026,0.243901926538262
Leg fat mass (right) || id:ukb-b-18096,"Ischaemic heart disease, wide definition || id:finn-b-I9_IHD",ukb-b-18096,finn-b-I9_IHD,,rs1360201,1.27187012208902,1.15624556553547,0.271332121892765
Leg fat mass (right) || id:ukb-b-18096,"Ischaemic heart disease, wide definition || id:finn-b-I9_IHD",ukb-b-18096,finn-b-I9_IHD,,rs1363695,1.02525783496824,1.06870096356859,0.33738265935883
Leg fat mass (right) || id:ukb-b-18096,"Ischaemic heart disease, wide definition || id:finn-b-I9_IHD",ukb-b-18096,finn-b-I9_IHD,,rs1383723,2.88158886376735,1.17923482732633,0.0145411754037588
Leg fat mass (right) || id:ukb-b-18096,"Ischaemic heart disease, wide definition || id:finn-b-I9_IHD",ukb-b-18096,finn-b-I9_IHD,,rs140529657,-0.606482760277181,1.53422124010713,0.69261904449848
Leg fat mass (right) || id:ukb-b-18096,"Ischaemic heart disease, wide definition || id:finn-b-I9_IHD",ukb-b-18096,finn-b-I9_IHD,,rs140733155,-0.975127415889565,0.801973949516651,0.224019554627251
Leg fat mass (right) || id:ukb-b-18096,"Ischaemic heart disease, wide definition || id:finn-b-I9_IHD",ukb-b-18096,finn-b-I9_IHD,,rs1412239,0.390315770956109,0.626704195619668,0.533411346251111
Leg fat mass (right) || id:ukb-b-18096,"Ischaemic heart disease, wide definition || id:finn-b-I9_IHD",ukb-b-18096,finn-b-I9_IHD,,rs143121872,1.60230401284204,1.79115752448456,0.371020509936692
Leg fat mass (right) || id:ukb-b-18096,"Ischaemic heart disease, wide definition || id:finn-b-I9_IHD",ukb-b-18096,finn-b-I9_IHD,,rs1436348,0.814169623792187,0.875616387851975,0.352461927180254
Leg fat mass (right) || id:ukb-b-18096,"Ischaemic heart disease, wide definition || id:finn-b-I9_IHD",ukb-b-18096,finn-b-I9_IHD,,rs1441264,-1.25289919381903,0.872554795695396,0.151031528231155
Leg fat mass (right) || id:ukb-b-18096,"Ischaemic heart disease, wide definition || id:finn-b-I9_IHD",ukb-b-18096,finn-b-I9_IHD,,rs1446585,1.58561940280396,0.93842780982275,0.0910939440721295
Leg fat mass (right) || id:ukb-b-18096,"Ischaemic heart disease, wide definition || id:finn-b-I9_IHD",ukb-b-18096,finn-b-I9_IHD,,rs1458156,-1.17084976975907,0.864385736063744,0.175562421989515
Leg fat mass (right) || id:ukb-b-18096,"Ischaemic heart disease, wide definition || id:finn-b-I9_IHD",ukb-b-18096,finn-b-I9_IHD,,rs1477290,0.505337865153398,0.632608142303143,0.424396782162005
Leg fat mass (right) || id:ukb-b-18096,"Ischaemic heart disease, wide definition || id:finn-b-I9_IHD",ukb-b-18096,finn-b-I9_IHD,,rs147730268,-0.307266384436802,0.617636469726502,0.618845359839835
Leg fat mass (right) || id:ukb-b-18096,"Ischaemic heart disease, wide definition || id:finn-b-I9_IHD",ukb-b-18096,finn-b-I9_IHD,,rs1480474,0.625467625559676,1.33354418279704,0.639050659512982
Leg fat mass (right) || id:ukb-b-18096,"Ischaemic heart disease, wide definition || id:finn-b-I9_IHD",ukb-b-18096,finn-b-I9_IHD,,rs1481012,-3.14883382385519,1.66935662520966,0.0592604756565422
Leg fat mass (right) || id:ukb-b-18096,"Ischaemic heart disease, wide definition || id:finn-b-I9_IHD",ukb-b-18096,finn-b-I9_IHD,,rs148603272,0.351254502374049,1.75011015217947,0.840929855594002
Leg fat mass (right) || id:ukb-b-18096,"Ischaemic heart disease, wide definition || id:finn-b-I9_IHD",ukb-b-18096,finn-b-I9_IHD,,rs148636479,2.07978342224699,2.18488733179393,0.341150213383491
Leg fat mass (right) || id:ukb-b-18096,"Ischaemic heart disease, wide definition || id:finn-b-I9_IHD",ukb-b-18096,finn-b-I9_IHD,,rs1487248,1.65093519893149,1.39026122015283,0.235030456586428
Leg fat mass (right) || id:ukb-b-18096,"Ischaemic heart disease, wide definition || id:finn-b-I9_IHD",ukb-b-18096,finn-b-I9_IHD,,rs149990157,0.0233128309936317,1.13455777502341,0.983606265394224
Leg fat mass (right) || id:ukb-b-18096,"Ischaemic heart disease, wide definition || id:finn-b-I9_IHD",ukb-b-18096,finn-b-I9_IHD,,rs1502317,-1.75417771271053,0.824331631912845,0.0333370835800322
Leg fat mass (right) || id:ukb-b-18096,"Ischaemic heart disease, wide definition || id:finn-b-I9_IHD",ukb-b-18096,finn-b-I9_IHD,,rs150379976,-2.40798073615411,1.53475695271361,0.116655974077511
Leg fat mass (right) || id:ukb-b-18096,"Ischaemic heart disease, wide definition || id:finn-b-I9_IHD",ukb-b-18096,finn-b-I9_IHD,,rs1505112,0.688943306009278,1.36579988735173,0.613962909185628
Leg fat mass (right) || id:ukb-b-18096,"Ischaemic heart disease, wide definition || id:finn-b-I9_IHD",ukb-b-18096,finn-b-I9_IHD,,rs1507331,1.94104672147584,1.38760778022859,0.16185978936783
Leg fat mass (right) || id:ukb-b-18096,"Ischaemic heart disease, wide definition || id:finn-b-I9_IHD",ukb-b-18096,finn-b-I9_IHD,,rs1510593,0.717760683989436,1.41119049733516,0.6110181238708
Leg fat mass (right) || id:ukb-b-18096,"Ischaemic heart disease, wide definition || id:finn-b-I9_IHD",ukb-b-18096,finn-b-I9_IHD,,rs1524271,-0.426300032398803,1.35198010275049,0.752522257739738
Leg fat mass (right) || id:ukb-b-18096,"Ischaemic heart disease, wide definition || id:finn-b-I9_IHD",ukb-b-18096,finn-b-I9_IHD,,rs1532460,-1.38897792593542,1.34149150111712,0.30048297194967
Leg fat mass (right) || id:ukb-b-18096,"Ischaemic heart disease, wide definition || id:finn-b-I9_IHD",ukb-b-18096,finn-b-I9_IHD,,rs1554654,1.05112815739641,0.906698334242706,0.24633716714274
Leg fat mass (right) || id:ukb-b-18096,"Ischaemic heart disease, wide definition || id:finn-b-I9_IHD",ukb-b-18096,finn-b-I9_IHD,,rs1557100,0.811615785554728,1.16902457185406,0.487514458564011
Leg fat mass (right) || id:ukb-b-18096,"Ischaemic heart disease, wide definition || id:finn-b-I9_IHD",ukb-b-18096,finn-b-I9_IHD,,rs1564280,0.367723292308352,1.40960595384868,0.79419309581406
Leg fat mass (right) || id:ukb-b-18096,"Ischaemic heart disease, wide definition || id:finn-b-I9_IHD",ukb-b-18096,finn-b-I9_IHD,,rs1568488,3.20705552214873,0.853730057979407,0.000172291311293571
Leg fat mass (right) || id:ukb-b-18096,"Ischaemic heart disease, wide definition || id:finn-b-I9_IHD",ukb-b-18096,finn-b-I9_IHD,,rs1584324,1.95700518902891,1.45885841363973,0.179770040387914
Leg fat mass (right) || id:ukb-b-18096,"Ischaemic heart disease, wide definition || id:finn-b-I9_IHD",ukb-b-18096,finn-b-I9_IHD,,rs1619442,-1.17084809166489,1.17821191614077,0.320344593839217
Leg fat mass (right) || id:ukb-b-18096,"Ischaemic heart disease, wide definition || id:finn-b-I9_IHD",ukb-b-18096,finn-b-I9_IHD,,rs16916303,-2.48741328970384,1.09073737837281,0.0225787732586257
Leg fat mass (right) || id:ukb-b-18096,"Ischaemic heart disease, wide definition || id:finn-b-I9_IHD",ukb-b-18096,finn-b-I9_IHD,,rs16996657,0.521413930741846,0.809090582185623,0.519287272066116
Leg fat mass (right) || id:ukb-b-18096,"Ischaemic heart disease, wide definition || id:finn-b-I9_IHD",ukb-b-18096,finn-b-I9_IHD,,rs17024393,-1.12241066649624,0.481318453070452,0.0197033107542114
Leg fat mass (right) || id:ukb-b-18096,"Ischaemic heart disease, wide definition || id:finn-b-I9_IHD",ukb-b-18096,finn-b-I9_IHD,,rs17056301,1.02801336417373,1.31467093687603,0.434241086450815
Leg fat mass (right) || id:ukb-b-18096,"Ischaemic heart disease, wide definition || id:finn-b-I9_IHD",ukb-b-18096,finn-b-I9_IHD,,rs17115183,-0.257611464664294,1.06861052008892,0.809499756514064
Leg fat mass (right) || id:ukb-b-18096,"Ischaemic heart disease, wide definition || id:finn-b-I9_IHD",ukb-b-18096,finn-b-I9_IHD,,rs17167315,0.733383432777712,1.46676686555542,0.617075077451974
Leg fat mass (right) || id:ukb-b-18096,"Ischaemic heart disease, wide definition || id:finn-b-I9_IHD",ukb-b-18096,finn-b-I9_IHD,,rs17193211,-0.319587401644222,1.190187564744,0.788300222384184
Leg fat mass (right) || id:ukb-b-18096,"Ischaemic heart disease, wide definition || id:finn-b-I9_IHD",ukb-b-18096,finn-b-I9_IHD,,rs1726254,1.18992943927185,1.40564764171294,0.397254550576743
Leg fat mass (right) || id:ukb-b-18096,"Ischaemic heart disease, wide definition || id:finn-b-I9_IHD",ukb-b-18096,finn-b-I9_IHD,,rs17270216,-2.95149676523265,1.33411308892869,0.0269439568110708
Leg fat mass (right) || id:ukb-b-18096,"Ischaemic heart disease, wide definition || id:finn-b-I9_IHD",ukb-b-18096,finn-b-I9_IHD,,rs17311369,1.18990071765887,1.48737589707359,0.423710797166793
Leg fat mass (right) || id:ukb-b-18096,"Ischaemic heart disease, wide definition || id:finn-b-I9_IHD",ukb-b-18096,finn-b-I9_IHD,,rs17399739,1.3645438832525,0.933635288541183,0.143867728481615
Leg fat mass (right) || id:ukb-b-18096,"Ischaemic heart disease, wide definition || id:finn-b-I9_IHD",ukb-b-18096,finn-b-I9_IHD,,rs17425707,-0.845363040441308,1.58326467743669,0.593385363146375
Leg fat mass (right) || id:ukb-b-18096,"Ischaemic heart disease, wide definition || id:finn-b-I9_IHD",ukb-b-18096,finn-b-I9_IHD,,rs1743767,-0.0734598679558874,1.19372285428317,0.950930384556175
Leg fat mass (right) || id:ukb-b-18096,"Ischaemic heart disease, wide definition || id:finn-b-I9_IHD",ukb-b-18096,finn-b-I9_IHD,,rs17513752,-1.85499977378052,0.749756006127316,0.0133558121698221
Leg fat mass (right) || id:ukb-b-18096,"Ischaemic heart disease, wide definition || id:finn-b-I9_IHD",ukb-b-18096,finn-b-I9_IHD,,rs17619973,1.85005835754551,1.69485211949639,0.275019909357037
Leg fat mass (right) || id:ukb-b-18096,"Ischaemic heart disease, wide definition || id:finn-b-I9_IHD",ukb-b-18096,finn-b-I9_IHD,,rs17668356,0.797879461297491,0.846073522718145,0.345661479378718
Leg fat mass (right) || id:ukb-b-18096,"Ischaemic heart disease, wide definition || id:finn-b-I9_IHD",ukb-b-18096,finn-b-I9_IHD,,rs17744603,2.27759808302161,1.20997398160523,0.0597881108264642
Leg fat mass (right) || id:ukb-b-18096,"Ischaemic heart disease, wide definition || id:finn-b-I9_IHD",ukb-b-18096,finn-b-I9_IHD,,rs1778830,-1.29790666196948,1.1403037101589,0.25503222702841
Leg fat mass (right) || id:ukb-b-18096,"Ischaemic heart disease, wide definition || id:finn-b-I9_IHD",ukb-b-18096,finn-b-I9_IHD,,rs17814208,-1.5245461221682,1.2642577598468,0.227862855875692
Leg fat mass (right) || id:ukb-b-18096,"Ischaemic heart disease, wide definition || id:finn-b-I9_IHD",ukb-b-18096,finn-b-I9_IHD,,rs1782508,1.87081686960729,0.943472300620918,0.0473779322561446
Leg fat mass (right) || id:ukb-b-18096,"Ischaemic heart disease, wide definition || id:finn-b-I9_IHD",ukb-b-18096,finn-b-I9_IHD,,rs17879604,0.550751463465873,1.40810683442821,0.695701861920077
Leg fat mass (right) || id:ukb-b-18096,"Ischaemic heart disease, wide definition || id:finn-b-I9_IHD",ukb-b-18096,finn-b-I9_IHD,,rs1801282,-0.708902320722334,0.609407258164814,0.244721877288994
Leg fat mass (right) || id:ukb-b-18096,"Ischaemic heart disease, wide definition || id:finn-b-I9_IHD",ukb-b-18096,finn-b-I9_IHD,,rs1814592,-0.243894234003902,0.967166790015474,0.800906640988315
Leg fat mass (right) || id:ukb-b-18096,"Ischaemic heart disease, wide definition || id:finn-b-I9_IHD",ukb-b-18096,finn-b-I9_IHD,,rs183063,-0.826187670594845,1.19797212236252,0.49041106256261
Leg fat mass (right) || id:ukb-b-18096,"Ischaemic heart disease, wide definition || id:finn-b-I9_IHD",ukb-b-18096,finn-b-I9_IHD,,rs1861410,1.22786942155136,0.720007200072001,0.0881278362115734
Leg fat mass (right) || id:ukb-b-18096,"Ischaemic heart disease, wide definition || id:finn-b-I9_IHD",ukb-b-18096,finn-b-I9_IHD,,rs1871329,0.25559323189122,1.22684751307785,0.834968706358955
Leg fat mass (right) || id:ukb-b-18096,"Ischaemic heart disease, wide definition || id:finn-b-I9_IHD",ukb-b-18096,finn-b-I9_IHD,,rs1881505,2.2435793720135,1.75279638438555,0.200545135908884
Leg fat mass (right) || id:ukb-b-18096,"Ischaemic heart disease, wide definition || id:finn-b-I9_IHD",ukb-b-18096,finn-b-I9_IHD,,rs1889490,-1.04506055203787,1.16800885227762,0.37092777927468
Leg fat mass (right) || id:ukb-b-18096,"Ischaemic heart disease, wide definition || id:finn-b-I9_IHD",ukb-b-18096,finn-b-I9_IHD,,rs1899689,-0.0166961632216917,0.934985140414733,0.985752818602644
Leg fat mass (right) || id:ukb-b-18096,"Ischaemic heart disease, wide definition || id:finn-b-I9_IHD",ukb-b-18096,finn-b-I9_IHD,,rs1928496,-0.648326756685369,0.952480049945173,0.496078887084211
Leg fat mass (right) || id:ukb-b-18096,"Ischaemic heart disease, wide definition || id:finn-b-I9_IHD",ukb-b-18096,finn-b-I9_IHD,,rs1941681,1.62792713821968,1.30041516958377,0.210623851982624
Leg fat mass (right) || id:ukb-b-18096,"Ischaemic heart disease, wide definition || id:finn-b-I9_IHD",ukb-b-18096,finn-b-I9_IHD,,rs1945160,-0.795435574628551,1.10968172756823,0.473488773795124
Leg fat mass (right) || id:ukb-b-18096,"Ischaemic heart disease, wide definition || id:finn-b-I9_IHD",ukb-b-18096,finn-b-I9_IHD,,rs1956459,2.09010955461879,1.36209386705494,0.124910931671284
Leg fat mass (right) || id:ukb-b-18096,"Ischaemic heart disease, wide definition || id:finn-b-I9_IHD",ukb-b-18096,finn-b-I9_IHD,,rs1963729,-3.01045824948039,1.22067896143314,0.0136548881269497
Leg fat mass (right) || id:ukb-b-18096,"Ischaemic heart disease, wide definition || id:finn-b-I9_IHD",ukb-b-18096,finn-b-I9_IHD,,rs197374,-0.127449730884991,1.07842079979608,0.90592359597856
Leg fat mass (right) || id:ukb-b-18096,"Ischaemic heart disease, wide definition || id:finn-b-I9_IHD",ukb-b-18096,finn-b-I9_IHD,,rs2051559,1.19050091017947,1.22510849477772,0.331174232893912
Leg fat mass (right) || id:ukb-b-18096,"Ischaemic heart disease, wide definition || id:finn-b-I9_IHD",ukb-b-18096,finn-b-I9_IHD,,rs2052607,0.966936993137866,0.873362445414847,0.268232168682534
Leg fat mass (right) || id:ukb-b-18096,"Ischaemic heart disease, wide definition || id:finn-b-I9_IHD",ukb-b-18096,finn-b-I9_IHD,,rs2058527,-0.682884234330046,1.43293740974174,0.633673691991804
Leg fat mass (right) || id:ukb-b-18096,"Ischaemic heart disease, wide definition || id:finn-b-I9_IHD",ukb-b-18096,finn-b-I9_IHD,,rs2072413,0.784056306183105,1.17608445927466,0.504985075093846
Leg fat mass (right) || id:ukb-b-18096,"Ischaemic heart disease, wide definition || id:finn-b-I9_IHD",ukb-b-18096,finn-b-I9_IHD,,rs2073910,-0.857982454258811,1.48806331910512,0.564225526214624
Leg fat mass (right) || id:ukb-b-18096,"Ischaemic heart disease, wide definition || id:finn-b-I9_IHD",ukb-b-18096,finn-b-I9_IHD,,rs208477,0.596507570743347,1.02141707319066,0.559220312038699
Leg fat mass (right) || id:ukb-b-18096,"Ischaemic heart disease, wide definition || id:finn-b-I9_IHD",ukb-b-18096,finn-b-I9_IHD,,rs2106736,0.45956110672251,1.37868332016753,0.738882680363527
Leg fat mass (right) || id:ukb-b-18096,"Ischaemic heart disease, wide definition || id:finn-b-I9_IHD",ukb-b-18096,finn-b-I9_IHD,,rs2120450,0.819623369841826,1.18977585944781,0.490893192138033
Leg fat mass (right) || id:ukb-b-18096,"Ischaemic heart disease, wide definition || id:finn-b-I9_IHD",ukb-b-18096,finn-b-I9_IHD,,rs2133561,-0.949746734204212,0.958077845907758,0.321536990608414
Leg fat mass (right) || id:ukb-b-18096,"Ischaemic heart disease, wide definition || id:finn-b-I9_IHD",ukb-b-18096,finn-b-I9_IHD,,rs2143175,-1.33164721886915,1.08256212756989,0.218663967642879
Leg fat mass (right) || id:ukb-b-18096,"Ischaemic heart disease, wide definition || id:finn-b-I9_IHD",ukb-b-18096,finn-b-I9_IHD,,rs2153733,-1.97270768494135,1.34067512568829,0.141175251337367
Leg fat mass (right) || id:ukb-b-18096,"Ischaemic heart disease, wide definition || id:finn-b-I9_IHD",ukb-b-18096,finn-b-I9_IHD,,rs215634,0.782999399944385,0.900083422365975,0.384344835767445
Leg fat mass (right) || id:ukb-b-18096,"Ischaemic heart disease, wide definition || id:finn-b-I9_IHD",ukb-b-18096,finn-b-I9_IHD,,rs2156675,0.118245240629065,1.44428115339786,0.934749021275481
Leg fat mass (right) || id:ukb-b-18096,"Ischaemic heart disease, wide definition || id:finn-b-I9_IHD",ukb-b-18096,finn-b-I9_IHD,,rs2162826,-1.93080145499681,1.12055441584636,0.0848746153737251
Leg fat mass (right) || id:ukb-b-18096,"Ischaemic heart disease, wide definition || id:finn-b-I9_IHD",ukb-b-18096,finn-b-I9_IHD,,rs2169935,0.248205423081656,1.18931765226627,0.834685834473228
Leg fat mass (right) || id:ukb-b-18096,"Ischaemic heart disease, wide definition || id:finn-b-I9_IHD",ukb-b-18096,finn-b-I9_IHD,,rs2172131,1.9294818420547,0.880676359444053,0.0284583717471218
Leg fat mass (right) || id:ukb-b-18096,"Ischaemic heart disease, wide definition || id:finn-b-I9_IHD",ukb-b-18096,finn-b-I9_IHD,,rs2209514,-0.185640692439783,1.12157918349035,0.868536880336029
Leg fat mass (right) || id:ukb-b-18096,"Ischaemic heart disease, wide definition || id:finn-b-I9_IHD",ukb-b-18096,finn-b-I9_IHD,,rs2216931,0.807927355591617,0.870075613714049,0.353111234506006
Leg fat mass (right) || id:ukb-b-18096,"Ischaemic heart disease, wide definition || id:finn-b-I9_IHD",ukb-b-18096,finn-b-I9_IHD,,rs2217769,-1.52354810819917,1.3625226983895,0.263489347975161
Leg fat mass (right) || id:ukb-b-18096,"Ischaemic heart disease, wide definition || id:finn-b-I9_IHD",ukb-b-18096,finn-b-I9_IHD,,rs2254992,0.199996000079998,1.55996880062399,0.897986641842342
Leg fat mass (right) || id:ukb-b-18096,"Ischaemic heart disease, wide definition || id:finn-b-I9_IHD",ukb-b-18096,finn-b-I9_IHD,,rs2275444,-0.402451164326729,1.37306867829119,0.769443081123541
Leg fat mass (right) || id:ukb-b-18096,"Ischaemic heart disease, wide definition || id:finn-b-I9_IHD",ukb-b-18096,finn-b-I9_IHD,,rs2283093,-0.722160264731155,1.27977768433369,0.572559702108733
Leg fat mass (right) || id:ukb-b-18096,"Ischaemic heart disease, wide definition || id:finn-b-I9_IHD",ukb-b-18096,finn-b-I9_IHD,,rs2289379,-1.76138170609389,0.905154487853805,0.0516612330214305
Leg fat mass (right) || id:ukb-b-18096,"Ischaemic heart disease, wide definition || id:finn-b-I9_IHD",ukb-b-18096,finn-b-I9_IHD,,rs2291127,-6.84809013547147,1.33384998286115,2.83530179265513e-07
Leg fat mass (right) || id:ukb-b-18096,"Ischaemic heart disease, wide definition || id:finn-b-I9_IHD",ukb-b-18096,finn-b-I9_IHD,,rs2292238,-0.194901018125795,1.04875309753404,0.852569680222143
Leg fat mass (right) || id:ukb-b-18096,"Ischaemic heart disease, wide definition || id:finn-b-I9_IHD",ukb-b-18096,finn-b-I9_IHD,,rs2307111,-0.177690906667851,0.493092266003287,0.71857766592822
Leg fat mass (right) || id:ukb-b-18096,"Ischaemic heart disease, wide definition || id:finn-b-I9_IHD",ukb-b-18096,finn-b-I9_IHD,,rs2413471,1.58132492616333,1.43190839770695,0.269442283877303
Leg fat mass (right) || id:ukb-b-18096,"Ischaemic heart disease, wide definition || id:finn-b-I9_IHD",ukb-b-18096,finn-b-I9_IHD,,rs2425847,1.01453291122946,1.26543890002815,0.422712549877375
Leg fat mass (right) || id:ukb-b-18096,"Ischaemic heart disease, wide definition || id:finn-b-I9_IHD",ukb-b-18096,finn-b-I9_IHD,,rs2433733,-0.154113145851341,0.804068587050475,0.848003317995623
Leg fat mass (right) || id:ukb-b-18096,"Ischaemic heart disease, wide definition || id:finn-b-I9_IHD",ukb-b-18096,finn-b-I9_IHD,,rs245767,0.0291144123619795,0.858875164678395,0.972958244759335
Leg fat mass (right) || id:ukb-b-18096,"Ischaemic heart disease, wide definition || id:finn-b-I9_IHD",ukb-b-18096,finn-b-I9_IHD,,rs2458424,2.33185242627889,1.50485825184277,0.121249669969364
Leg fat mass (right) || id:ukb-b-18096,"Ischaemic heart disease, wide definition || id:finn-b-I9_IHD",ukb-b-18096,finn-b-I9_IHD,,rs2472643,0.776814303488086,1.33889944991442,0.561787387045043
Leg fat mass (right) || id:ukb-b-18096,"Ischaemic heart disease, wide definition || id:finn-b-I9_IHD",ukb-b-18096,finn-b-I9_IHD,,rs252749,-0.576936390839789,1.09233289999,0.597382033679056
Leg fat mass (right) || id:ukb-b-18096,"Ischaemic heart disease, wide definition || id:finn-b-I9_IHD",ukb-b-18096,finn-b-I9_IHD,,rs2539999,0.584776478141891,1.3724345915575,0.670044484259492
Leg fat mass (right) || id:ukb-b-18096,"Ischaemic heart disease, wide definition || id:finn-b-I9_IHD",ukb-b-18096,finn-b-I9_IHD,,rs255801,0.0316591950966239,1.16083715354287,0.97824220925832
Leg fat mass (right) || id:ukb-b-18096,"Ischaemic heart disease, wide definition || id:finn-b-I9_IHD",ukb-b-18096,finn-b-I9_IHD,,rs2568958,0.389733005445284,0.631257684876164,0.536976656191027
Leg fat mass (right) || id:ukb-b-18096,"Ischaemic heart disease, wide definition || id:finn-b-I9_IHD",ukb-b-18096,finn-b-I9_IHD,,rs2601062,0.499093750820878,1.22803330794084,0.684436148322011
Leg fat mass (right) || id:ukb-b-18096,"Ischaemic heart disease, wide definition || id:finn-b-I9_IHD",ukb-b-18096,finn-b-I9_IHD,,rs2606227,-0.234633922199302,1.09495830359674,0.830324257655795
Leg fat mass (right) || id:ukb-b-18096,"Ischaemic heart disease, wide definition || id:finn-b-I9_IHD",ukb-b-18096,finn-b-I9_IHD,,rs264948,0.0813806222565829,1.12915613381009,0.942544551668487
Leg fat mass (right) || id:ukb-b-18096,"Ischaemic heart disease, wide definition || id:finn-b-I9_IHD",ukb-b-18096,finn-b-I9_IHD,,rs2660204,0.276548672566372,1.30953930244664,0.832746719586186
Leg fat mass (right) || id:ukb-b-18096,"Ischaemic heart disease, wide definition || id:finn-b-I9_IHD",ukb-b-18096,finn-b-I9_IHD,,rs2660241,-0.128937634477923,0.926739247810075,0.889347078629313
Leg fat mass (right) || id:ukb-b-18096,"Ischaemic heart disease, wide definition || id:finn-b-I9_IHD",ukb-b-18096,finn-b-I9_IHD,,rs2678204,0.685778527262507,0.680157391793142,0.313327518493402
Leg fat mass (right) || id:ukb-b-18096,"Ischaemic heart disease, wide definition || id:finn-b-I9_IHD",ukb-b-18096,finn-b-I9_IHD,,rs2726036,-0.37030264240651,0.507451769223736,0.465555404903429
Leg fat mass (right) || id:ukb-b-18096,"Ischaemic heart disease, wide definition || id:finn-b-I9_IHD",ukb-b-18096,finn-b-I9_IHD,,rs2736084,1.39903916835421,1.32790158352264,0.292079175875861
Leg fat mass (right) || id:ukb-b-18096,"Ischaemic heart disease, wide definition || id:finn-b-I9_IHD",ukb-b-18096,finn-b-I9_IHD,,rs274111,1.52327565196198,1.23893086359574,0.218881326542939
Leg fat mass (right) || id:ukb-b-18096,"Ischaemic heart disease, wide definition || id:finn-b-I9_IHD",ukb-b-18096,finn-b-I9_IHD,,rs2744938,0.243140080909988,0.40425700199492,0.547540787244958
Leg fat mass (right) || id:ukb-b-18096,"Ischaemic heart disease, wide definition || id:finn-b-I9_IHD",ukb-b-18096,finn-b-I9_IHD,,rs2777768,1.45437899209152,1.62127494200366,0.369687529211797
Leg fat mass (right) || id:ukb-b-18096,"Ischaemic heart disease, wide definition || id:finn-b-I9_IHD",ukb-b-18096,finn-b-I9_IHD,,rs279789,-0.197868820886505,1.4774205292859,0.893459057077764
Leg fat mass (right) || id:ukb-b-18096,"Ischaemic heart disease, wide definition || id:finn-b-I9_IHD",ukb-b-18096,finn-b-I9_IHD,,rs2802295,0.748430122182739,0.675412549286862,0.267815129705963
Leg fat mass (right) || id:ukb-b-18096,"Ischaemic heart disease, wide definition || id:finn-b-I9_IHD",ukb-b-18096,finn-b-I9_IHD,,rs28350,0.0402010050251256,0.944723618090452,0.966057709443558
Leg fat mass (right) || id:ukb-b-18096,"Ischaemic heart disease, wide definition || id:finn-b-I9_IHD",ukb-b-18096,finn-b-I9_IHD,,rs28366156,-0.138588216178502,1.03224326532953,0.893197567906
Leg fat mass (right) || id:ukb-b-18096,"Ischaemic heart disease, wide definition || id:finn-b-I9_IHD",ukb-b-18096,finn-b-I9_IHD,,rs284532,2.12328372604671,1.25364092335736,0.0903235034382601
Leg fat mass (right) || id:ukb-b-18096,"Ischaemic heart disease, wide definition || id:finn-b-I9_IHD",ukb-b-18096,finn-b-I9_IHD,,rs28457808,0.866944088775075,0.880281690140845,0.324698500763526
Leg fat mass (right) || id:ukb-b-18096,"Ischaemic heart disease, wide definition || id:finn-b-I9_IHD",ukb-b-18096,finn-b-I9_IHD,,rs2846139,-1.65029022345309,1.23929840535175,0.182980929548943
Leg fat mass (right) || id:ukb-b-18096,"Ischaemic heart disease, wide definition || id:finn-b-I9_IHD",ukb-b-18096,finn-b-I9_IHD,,rs28524674,2.87159736826547,1.38753654348962,0.0384930781161736
Leg fat mass (right) || id:ukb-b-18096,"Ischaemic heart disease, wide definition || id:finn-b-I9_IHD",ukb-b-18096,finn-b-I9_IHD,,rs2861685,0.277117973079968,0.886777513855899,0.754660563059686
Leg fat mass (right) || id:ukb-b-18096,"Ischaemic heart disease, wide definition || id:finn-b-I9_IHD",ukb-b-18096,finn-b-I9_IHD,,rs28636067,2.02925835622357,1.48915156939601,0.172978874835362
Leg fat mass (right) || id:ukb-b-18096,"Ischaemic heart disease, wide definition || id:finn-b-I9_IHD",ukb-b-18096,finn-b-I9_IHD,,rs28670671,-2.18506149677729,1.2297322842328,0.0755913586522012
Leg fat mass (right) || id:ukb-b-18096,"Ischaemic heart disease, wide definition || id:finn-b-I9_IHD",ukb-b-18096,finn-b-I9_IHD,,rs28711392,1.41673498300714,0.883469568055014,0.108801455921187
Leg fat mass (right) || id:ukb-b-18096,"Ischaemic heart disease, wide definition || id:finn-b-I9_IHD",ukb-b-18096,finn-b-I9_IHD,,rs28828150,1.83984287263986,1.31417348045705,0.161513318467542
Leg fat mass (right) || id:ukb-b-18096,"Ischaemic heart disease, wide definition || id:finn-b-I9_IHD",ukb-b-18096,finn-b-I9_IHD,,rs2920939,-0.65824615168797,1.24095585973962,0.59581051533642
Leg fat mass (right) || id:ukb-b-18096,"Ischaemic heart disease, wide definition || id:finn-b-I9_IHD",ukb-b-18096,finn-b-I9_IHD,,rs2935905,1.3075736428414,1.31491956218321,0.320021643247026
Leg fat mass (right) || id:ukb-b-18096,"Ischaemic heart disease, wide definition || id:finn-b-I9_IHD",ukb-b-18096,finn-b-I9_IHD,,rs2948830,2.01684597135017,1.52590320200835,0.186255033675341
Leg fat mass (right) || id:ukb-b-18096,"Ischaemic heart disease, wide definition || id:finn-b-I9_IHD",ukb-b-18096,finn-b-I9_IHD,,rs2954021,-3.73186141776019,0.954662223147955,9.26440982172256e-05
Leg fat mass (right) || id:ukb-b-18096,"Ischaemic heart disease, wide definition || id:finn-b-I9_IHD",ukb-b-18096,finn-b-I9_IHD,,rs2963469,-4.44333607191369,1.56972556386694,0.00464542260438719
Leg fat mass (right) || id:ukb-b-18096,"Ischaemic heart disease, wide definition || id:finn-b-I9_IHD",ukb-b-18096,finn-b-I9_IHD,,rs2964023,-1.11892445538504,1.07588889940869,0.298339900661963
Leg fat mass (right) || id:ukb-b-18096,"Ischaemic heart disease, wide definition || id:finn-b-I9_IHD",ukb-b-18096,finn-b-I9_IHD,,rs2984477,1.62118703976761,1.81969973851466,0.372977942832868
Leg fat mass (right) || id:ukb-b-18096,"Ischaemic heart disease, wide definition || id:finn-b-I9_IHD",ukb-b-18096,finn-b-I9_IHD,,rs3113509,0.604272283521416,0.957418423241725,0.527944058728878
Leg fat mass (right) || id:ukb-b-18096,"Ischaemic heart disease, wide definition || id:finn-b-I9_IHD",ukb-b-18096,finn-b-I9_IHD,,rs312702,0.657220072407522,1.60905603934255,0.682942814686758
Leg fat mass (right) || id:ukb-b-18096,"Ischaemic heart disease, wide definition || id:finn-b-I9_IHD",ukb-b-18096,finn-b-I9_IHD,,rs329118,-0.339135296651726,1.01740588995518,0.738882680363527
Leg fat mass (right) || id:ukb-b-18096,"Ischaemic heart disease, wide definition || id:finn-b-I9_IHD",ukb-b-18096,finn-b-I9_IHD,,rs34025316,0.147792435755765,1.3187632728976,0.91076872430755
Leg fat mass (right) || id:ukb-b-18096,"Ischaemic heart disease, wide definition || id:finn-b-I9_IHD",ukb-b-18096,finn-b-I9_IHD,,rs34045288,0.00546436143472274,0.617472842123669,0.992939166844415
Leg fat mass (right) || id:ukb-b-18096,"Ischaemic heart disease, wide definition || id:finn-b-I9_IHD",ukb-b-18096,finn-b-I9_IHD,,rs34234296,-1.40646976090014,0.964436407474382,0.144748686602996
Leg fat mass (right) || id:ukb-b-18096,"Ischaemic heart disease, wide definition || id:finn-b-I9_IHD",ukb-b-18096,finn-b-I9_IHD,,rs34517439,0.200699753169259,0.500251623571138,0.688274644065653
Leg fat mass (right) || id:ukb-b-18096,"Ischaemic heart disease, wide definition || id:finn-b-I9_IHD",ukb-b-18096,finn-b-I9_IHD,,rs34633164,1.5812815490185,1.34837961544213,0.240905190980132
Leg fat mass (right) || id:ukb-b-18096,"Ischaemic heart disease, wide definition || id:finn-b-I9_IHD",ukb-b-18096,finn-b-I9_IHD,,rs34769775,0.0671651815698742,0.93284974402603,0.942601907852737
Leg fat mass (right) || id:ukb-b-18096,"Ischaemic heart disease, wide definition || id:finn-b-I9_IHD",ukb-b-18096,finn-b-I9_IHD,,rs34801745,-0.370393234150256,1.05826638328645,0.726338697648762
Leg fat mass (right) || id:ukb-b-18096,"Ischaemic heart disease, wide definition || id:finn-b-I9_IHD",ukb-b-18096,finn-b-I9_IHD,,rs34811474,1.58951039586378,0.768554477120948,0.0386229292977173
Leg fat mass (right) || id:ukb-b-18096,"Ischaemic heart disease, wide definition || id:finn-b-I9_IHD",ukb-b-18096,finn-b-I9_IHD,,rs34864349,-1.45315043013253,1.35627373479036,0.283976771750912
Leg fat mass (right) || id:ukb-b-18096,"Ischaemic heart disease, wide definition || id:finn-b-I9_IHD",ukb-b-18096,finn-b-I9_IHD,,rs35184536,-1.6994394115861,0.956217908919111,0.0755269213440584
Leg fat mass (right) || id:ukb-b-18096,"Ischaemic heart disease, wide definition || id:finn-b-I9_IHD",ukb-b-18096,finn-b-I9_IHD,,rs35280517,1.33058519658744,1.66105733691635,0.423104367434954
Leg fat mass (right) || id:ukb-b-18096,"Ischaemic heart disease, wide definition || id:finn-b-I9_IHD",ukb-b-18096,finn-b-I9_IHD,,rs35394440,1.38602734594493,1.07698070799775,0.198109442876742
Leg fat mass (right) || id:ukb-b-18096,"Ischaemic heart disease, wide definition || id:finn-b-I9_IHD",ukb-b-18096,finn-b-I9_IHD,,rs35513882,1.12505349180713,1.08364047983877,0.299169244412194
Leg fat mass (right) || id:ukb-b-18096,"Ischaemic heart disease, wide definition || id:finn-b-I9_IHD",ukb-b-18096,finn-b-I9_IHD,,rs35519679,-1.57261125772749,1.34666136437584,0.242893405352293
Leg fat mass (right) || id:ukb-b-18096,"Ischaemic heart disease, wide definition || id:finn-b-I9_IHD",ukb-b-18096,finn-b-I9_IHD,,rs35537311,-0.238594609579687,1.28386623250022,0.852569680222143
Leg fat mass (right) || id:ukb-b-18096,"Ischaemic heart disease, wide definition || id:finn-b-I9_IHD",ukb-b-18096,finn-b-I9_IHD,,rs35568752,1.15877839007056,1.98494446447271,0.55936578972024
Leg fat mass (right) || id:ukb-b-18096,"Ischaemic heart disease, wide definition || id:finn-b-I9_IHD",ukb-b-18096,finn-b-I9_IHD,,rs35589149,-0.0468484386084675,1.06412881982091,0.964884350733278
Leg fat mass (right) || id:ukb-b-18096,"Ischaemic heart disease, wide definition || id:finn-b-I9_IHD",ukb-b-18096,finn-b-I9_IHD,,rs35792595,1.13468051381105,1.09137209725338,0.298487415171489
Leg fat mass (right) || id:ukb-b-18096,"Ischaemic heart disease, wide definition || id:finn-b-I9_IHD",ukb-b-18096,finn-b-I9_IHD,,rs35867081,-0.290226205719164,0.947503201024328,0.759371438101513
Leg fat mass (right) || id:ukb-b-18096,"Ischaemic heart disease, wide definition || id:finn-b-I9_IHD",ukb-b-18096,finn-b-I9_IHD,,rs36007635,1.4186438587113,1.30899022712008,0.278466952381117
Leg fat mass (right) || id:ukb-b-18096,"Ischaemic heart disease, wide definition || id:finn-b-I9_IHD",ukb-b-18096,finn-b-I9_IHD,,rs372519,0.821838697496724,0.821838697496724,0.317310507862914
Leg fat mass (right) || id:ukb-b-18096,"Ischaemic heart disease, wide definition || id:finn-b-I9_IHD",ukb-b-18096,finn-b-I9_IHD,,rs3729628,3.72108387497935,1.33104044614144,0.00518001970668986
Leg fat mass (right) || id:ukb-b-18096,"Ischaemic heart disease, wide definition || id:finn-b-I9_IHD",ukb-b-18096,finn-b-I9_IHD,,rs3730071,-0.807445175230766,2.11527890975947,0.702668744530186
Leg fat mass (right) || id:ukb-b-18096,"Ischaemic heart disease, wide definition || id:finn-b-I9_IHD",ukb-b-18096,finn-b-I9_IHD,,rs3737992,0.361484980299069,0.84346495403116,0.668235141795249
Leg fat mass (right) || id:ukb-b-18096,"Ischaemic heart disease, wide definition || id:finn-b-I9_IHD",ukb-b-18096,finn-b-I9_IHD,,rs3744226,2.09197768397748,1.38668235052222,0.131395743804282
Leg fat mass (right) || id:ukb-b-18096,"Ischaemic heart disease, wide definition || id:finn-b-I9_IHD",ukb-b-18096,finn-b-I9_IHD,,rs3748916,0.80152085760474,1.26437093030607,0.526127438458496
Leg fat mass (right) || id:ukb-b-18096,"Ischaemic heart disease, wide definition || id:finn-b-I9_IHD",ukb-b-18096,finn-b-I9_IHD,,rs3764002,0.462348333234259,0.766177237931057,0.546210515044642
Leg fat mass (right) || id:ukb-b-18096,"Ischaemic heart disease, wide definition || id:finn-b-I9_IHD",ukb-b-18096,finn-b-I9_IHD,,rs3764625,-1.21166749247576,1.19003057296727,0.308591558357
Leg fat mass (right) || id:ukb-b-18096,"Ischaemic heart disease, wide definition || id:finn-b-I9_IHD",ukb-b-18096,finn-b-I9_IHD,,rs3766823,1.33535284844363,0.822231152050941,0.104362971705338
Leg fat mass (right) || id:ukb-b-18096,"Ischaemic heart disease, wide definition || id:finn-b-I9_IHD",ukb-b-18096,finn-b-I9_IHD,,rs3774063,1.69168570067545,1.38022010235615,0.220325249446305
Leg fat mass (right) || id:ukb-b-18096,"Ischaemic heart disease, wide definition || id:finn-b-I9_IHD",ukb-b-18096,finn-b-I9_IHD,,rs3803286,1.43977724201161,0.794594043940372,0.0699914792355599
Leg fat mass (right) || id:ukb-b-18096,"Ischaemic heart disease, wide definition || id:finn-b-I9_IHD",ukb-b-18096,finn-b-I9_IHD,,rs3818896,0.712906648964766,1.30894335547629,0.585999172905987
Leg fat mass (right) || id:ukb-b-18096,"Ischaemic heart disease, wide definition || id:finn-b-I9_IHD",ukb-b-18096,finn-b-I9_IHD,,rs383701,0.929269729982926,1.13325576827186,0.412216107171626
Leg fat mass (right) || id:ukb-b-18096,"Ischaemic heart disease, wide definition || id:finn-b-I9_IHD",ukb-b-18096,finn-b-I9_IHD,,rs3846949,-0.723889496363408,1.56207733425788,0.64306719106424
Leg fat mass (right) || id:ukb-b-18096,"Ischaemic heart disease, wide definition || id:finn-b-I9_IHD",ukb-b-18096,finn-b-I9_IHD,,rs396354,-0.76162129037906,1.0855291954828,0.482920602536358
Leg fat mass (right) || id:ukb-b-18096,"Ischaemic heart disease, wide definition || id:finn-b-I9_IHD",ukb-b-18096,finn-b-I9_IHD,,rs40071,0.82624189215014,0.758793574423598,0.276202886617978
Leg fat mass (right) || id:ukb-b-18096,"Ischaemic heart disease, wide definition || id:finn-b-I9_IHD",ukb-b-18096,finn-b-I9_IHD,,rs4055791,0.241820424153024,0.91085693097639,0.790634534468998
Leg fat mass (right) || id:ukb-b-18096,"Ischaemic heart disease, wide definition || id:finn-b-I9_IHD",ukb-b-18096,finn-b-I9_IHD,,rs4088476,-0.548687924598086,1.16850206164407,0.638665680013429
Leg fat mass (right) || id:ukb-b-18096,"Ischaemic heart disease, wide definition || id:finn-b-I9_IHD",ukb-b-18096,finn-b-I9_IHD,,rs41350349,0.868444142030906,1.16389421096926,0.455574485052682
Leg fat mass (right) || id:ukb-b-18096,"Ischaemic heart disease, wide definition || id:finn-b-I9_IHD",ukb-b-18096,finn-b-I9_IHD,,rs4240326,-1.06976705615033,0.912204466484779,0.240905190980132
Leg fat mass (right) || id:ukb-b-18096,"Ischaemic heart disease, wide definition || id:finn-b-I9_IHD",ukb-b-18096,finn-b-I9_IHD,,rs4261944,-1.57583804408323,1.3411387609219,0.239994715798025
Leg fat mass (right) || id:ukb-b-18096,"Ischaemic heart disease, wide definition || id:finn-b-I9_IHD",ukb-b-18096,finn-b-I9_IHD,,rs4266606,0.124451634983355,1.04228244298559,0.904956096468146
Leg fat mass (right) || id:ukb-b-18096,"Ischaemic heart disease, wide definition || id:finn-b-I9_IHD",ukb-b-18096,finn-b-I9_IHD,,rs4267103,0.528245105729058,1.14453106241296,0.644412333769812
Leg fat mass (right) || id:ukb-b-18096,"Ischaemic heart disease, wide definition || id:finn-b-I9_IHD",ukb-b-18096,finn-b-I9_IHD,,rs4290163,-2.21968367185831,1.04947386995811,0.03442617626017
Leg fat mass (right) || id:ukb-b-18096,"Ischaemic heart disease, wide definition || id:finn-b-I9_IHD",ukb-b-18096,finn-b-I9_IHD,,rs429343,0.745996222402108,0.872974302810977,0.392802835278636
Leg fat mass (right) || id:ukb-b-18096,"Ischaemic heart disease, wide definition || id:finn-b-I9_IHD",ukb-b-18096,finn-b-I9_IHD,,rs429358,-3.09714935844763,0.654645272558173,2.23378569079525e-06
Leg fat mass (right) || id:ukb-b-18096,"Ischaemic heart disease, wide definition || id:finn-b-I9_IHD",ukb-b-18096,finn-b-I9_IHD,,rs4307239,-0.722500936993403,1.25308756259793,0.564225526214624
Leg fat mass (right) || id:ukb-b-18096,"Ischaemic heart disease, wide definition || id:finn-b-I9_IHD",ukb-b-18096,finn-b-I9_IHD,,rs4333219,0.569290208967459,1.58642204898932,0.719706052960629
Leg fat mass (right) || id:ukb-b-18096,"Ischaemic heart disease, wide definition || id:finn-b-I9_IHD",ukb-b-18096,finn-b-I9_IHD,,rs4430672,-0.431318820723601,1.1501835219296,0.707660466654552
Leg fat mass (right) || id:ukb-b-18096,"Ischaemic heart disease, wide definition || id:finn-b-I9_IHD",ukb-b-18096,finn-b-I9_IHD,,rs4482463,0.402267324922289,0.946750370776701,0.670914893663015
Leg fat mass (right) || id:ukb-b-18096,"Ischaemic heart disease, wide definition || id:finn-b-I9_IHD",ukb-b-18096,finn-b-I9_IHD,,rs4561038,-3.31557216022278,1.09599994485535,0.00248503902282819
Leg fat mass (right) || id:ukb-b-18096,"Ischaemic heart disease, wide definition || id:finn-b-I9_IHD",ukb-b-18096,finn-b-I9_IHD,,rs4561800,-2.35871685802923,1.27930405859213,0.0652195825478357
Leg fat mass (right) || id:ukb-b-18096,"Ischaemic heart disease, wide definition || id:finn-b-I9_IHD",ukb-b-18096,finn-b-I9_IHD,,rs4562625,-1.67885032329861,1.07446420691111,0.118170245865335
Leg fat mass (right) || id:ukb-b-18096,"Ischaemic heart disease, wide definition || id:finn-b-I9_IHD",ukb-b-18096,finn-b-I9_IHD,,rs4635724,0.147515652025328,1.35222681023218,0.913130385349696
Leg fat mass (right) || id:ukb-b-18096,"Ischaemic heart disease, wide definition || id:finn-b-I9_IHD",ukb-b-18096,finn-b-I9_IHD,,rs464881,0.650755897634821,1.40359115176138,0.642908296823688
Leg fat mass (right) || id:ukb-b-18096,"Ischaemic heart disease, wide definition || id:finn-b-I9_IHD",ukb-b-18096,finn-b-I9_IHD,,rs4671238,1.28083168670857,1.50764563122988,0.39557113682904
Leg fat mass (right) || id:ukb-b-18096,"Ischaemic heart disease, wide definition || id:finn-b-I9_IHD",ukb-b-18096,finn-b-I9_IHD,,rs4672338,0.578012010263842,1.14570237748726,0.613906897580832
Leg fat mass (right) || id:ukb-b-18096,"Ischaemic heart disease, wide definition || id:finn-b-I9_IHD",ukb-b-18096,finn-b-I9_IHD,,rs4700812,-0.763534516966084,1.39981328110449,0.585440934568927
Leg fat mass (right) || id:ukb-b-18096,"Ischaemic heart disease, wide definition || id:finn-b-I9_IHD",ukb-b-18096,finn-b-I9_IHD,,rs4718964,1.25893542351105,0.965758681049573,0.192379747571045
Leg fat mass (right) || id:ukb-b-18096,"Ischaemic heart disease, wide definition || id:finn-b-I9_IHD",ukb-b-18096,finn-b-I9_IHD,,rs4757945,0.0525594894581432,1.25091584910381,0.9664853001209
Leg fat mass (right) || id:ukb-b-18096,"Ischaemic heart disease, wide definition || id:finn-b-I9_IHD",ukb-b-18096,finn-b-I9_IHD,,rs4776970,0.708788983394087,0.587282300526529,0.227471985840123
Leg fat mass (right) || id:ukb-b-18096,"Ischaemic heart disease, wide definition || id:finn-b-I9_IHD",ukb-b-18096,finn-b-I9_IHD,,rs4784776,0.783823930016088,1.61904615052503,0.628295751834472
Leg fat mass (right) || id:ukb-b-18096,"Ischaemic heart disease, wide definition || id:finn-b-I9_IHD",ukb-b-18096,finn-b-I9_IHD,,rs4790292,0.904524458892348,0.674949723132869,0.180201116292801
Leg fat mass (right) || id:ukb-b-18096,"Ischaemic heart disease, wide definition || id:finn-b-I9_IHD",ukb-b-18096,finn-b-I9_IHD,,rs4792716,0.521419326581146,1.29775476837974,0.687841736597401
Leg fat mass (right) || id:ukb-b-18096,"Ischaemic heart disease, wide definition || id:finn-b-I9_IHD",ukb-b-18096,finn-b-I9_IHD,,rs4796299,0.447628718835449,1.41962250830671,0.752522257739738
Leg fat mass (right) || id:ukb-b-18096,"Ischaemic heart disease, wide definition || id:finn-b-I9_IHD",ukb-b-18096,finn-b-I9_IHD,,rs4808187,1.22808905544759,1.50662471750787,0.415000161563181
Leg fat mass (right) || id:ukb-b-18096,"Ischaemic heart disease, wide definition || id:finn-b-I9_IHD",ukb-b-18096,finn-b-I9_IHD,,rs4808762,-0.426692498861192,0.726530471033922,0.557001175272507
Leg fat mass (right) || id:ukb-b-18096,"Ischaemic heart disease, wide definition || id:finn-b-I9_IHD",ukb-b-18096,finn-b-I9_IHD,,rs4820323,-0.820077870457249,0.827465959380287,0.321650703159162
Leg fat mass (right) || id:ukb-b-18096,"Ischaemic heart disease, wide definition || id:finn-b-I9_IHD",ukb-b-18096,finn-b-I9_IHD,,rs4842920,0.39989780389456,0.655388067493863,0.541749537207679
Leg fat mass (right) || id:ukb-b-18096,"Ischaemic heart disease, wide definition || id:finn-b-I9_IHD",ukb-b-18096,finn-b-I9_IHD,,rs484455,0.220237779070415,1.47688863611926,0.881456729705197
Leg fat mass (right) || id:ukb-b-18096,"Ischaemic heart disease, wide definition || id:finn-b-I9_IHD",ukb-b-18096,finn-b-I9_IHD,,rs4876611,-0.110953440432602,0.694918916393663,0.873145866785712
Leg fat mass (right) || id:ukb-b-18096,"Ischaemic heart disease, wide definition || id:finn-b-I9_IHD",ukb-b-18096,finn-b-I9_IHD,,rs4881171,-1.66683675204953,1.00010205122972,0.0955807045456294
Leg fat mass (right) || id:ukb-b-18096,"Ischaemic heart disease, wide definition || id:finn-b-I9_IHD",ukb-b-18096,finn-b-I9_IHD,,rs4886643,2.24145819564926,1.28248381297458,0.0805077168707618
Leg fat mass (right) || id:ukb-b-18096,"Ischaemic heart disease, wide definition || id:finn-b-I9_IHD",ukb-b-18096,finn-b-I9_IHD,,rs4924136,-1.58613506468788,1.31120498680864,0.226402697791137
Leg fat mass (right) || id:ukb-b-18096,"Ischaemic heart disease, wide definition || id:finn-b-I9_IHD",ukb-b-18096,finn-b-I9_IHD,,rs4936175,-1.42678067323665,1.17199841015868,0.223455369940966
Leg fat mass (right) || id:ukb-b-18096,"Ischaemic heart disease, wide definition || id:finn-b-I9_IHD",ukb-b-18096,finn-b-I9_IHD,,rs494048,-0.13895919562477,1.11167356499816,0.900523550339774
Leg fat mass (right) || id:ukb-b-18096,"Ischaemic heart disease, wide definition || id:finn-b-I9_IHD",ukb-b-18096,finn-b-I9_IHD,,rs4947584,0.912334582900501,1.01169775529561,0.367170709962626
Leg fat mass (right) || id:ukb-b-18096,"Ischaemic heart disease, wide definition || id:finn-b-I9_IHD",ukb-b-18096,finn-b-I9_IHD,,rs526729,-0.492288481049895,1.40482322641068,0.726018003397438
Leg fat mass (right) || id:ukb-b-18096,"Ischaemic heart disease, wide definition || id:finn-b-I9_IHD",ukb-b-18096,finn-b-I9_IHD,,rs529200,0.558676319777142,0.849494130072092,0.510758136203966
Leg fat mass (right) || id:ukb-b-18096,"Ischaemic heart disease, wide definition || id:finn-b-I9_IHD",ukb-b-18096,finn-b-I9_IHD,,rs530255,1.98651610576256,1.22076408734012,0.103679187530274
Leg fat mass (right) || id:ukb-b-18096,"Ischaemic heart disease, wide definition || id:finn-b-I9_IHD",ukb-b-18096,finn-b-I9_IHD,,rs543874,-0.0570663881826923,0.410877994915385,0.889537951249028
Leg fat mass (right) || id:ukb-b-18096,"Ischaemic heart disease, wide definition || id:finn-b-I9_IHD",ukb-b-18096,finn-b-I9_IHD,,rs553634,0.115818489263626,1.45416547630997,0.936518794611284
Leg fat mass (right) || id:ukb-b-18096,"Ischaemic heart disease, wide definition || id:finn-b-I9_IHD",ukb-b-18096,finn-b-I9_IHD,,rs556140,-0.339014079254711,1.36735678632734,0.804185562359039
Leg fat mass (right) || id:ukb-b-18096,"Ischaemic heart disease, wide definition || id:finn-b-I9_IHD",ukb-b-18096,finn-b-I9_IHD,,rs55707359,-0.329544404860281,3.84718127189161,0.931737763282234
Leg fat mass (right) || id:ukb-b-18096,"Ischaemic heart disease, wide definition || id:finn-b-I9_IHD",ukb-b-18096,finn-b-I9_IHD,,rs55726687,1.31284309936846,0.714652493607831,0.0662044279577617
Leg fat mass (right) || id:ukb-b-18096,"Ischaemic heart disease, wide definition || id:finn-b-I9_IHD",ukb-b-18096,finn-b-I9_IHD,,rs55736343,0.869939202001838,1.43686587296933,0.544885233992062
Leg fat mass (right) || id:ukb-b-18096,"Ischaemic heart disease, wide definition || id:finn-b-I9_IHD",ukb-b-18096,finn-b-I9_IHD,,rs55962356,-0.532475803673039,1.08583301141169,0.623861761124121
Leg fat mass (right) || id:ukb-b-18096,"Ischaemic heart disease, wide definition || id:finn-b-I9_IHD",ukb-b-18096,finn-b-I9_IHD,,rs56094641,0.518587466519765,0.210854244628916,0.013914641199738
Leg fat mass (right) || id:ukb-b-18096,"Ischaemic heart disease, wide definition || id:finn-b-I9_IHD",ukb-b-18096,finn-b-I9_IHD,,rs56163533,0.0126562573168988,1.53140713534475,0.993405987784041
Leg fat mass (right) || id:ukb-b-18096,"Ischaemic heart disease, wide definition || id:finn-b-I9_IHD",ukb-b-18096,finn-b-I9_IHD,,rs56203622,1.3197119410484,0.931167308658516,0.156405117095799
Leg fat mass (right) || id:ukb-b-18096,"Ischaemic heart disease, wide definition || id:finn-b-I9_IHD",ukb-b-18096,finn-b-I9_IHD,,rs56356382,0.124016724541138,0.87402263009945,0.887165398850238
Leg fat mass (right) || id:ukb-b-18096,"Ischaemic heart disease, wide definition || id:finn-b-I9_IHD",ukb-b-18096,finn-b-I9_IHD,,rs56399737,0.25823111684958,1.02370192751084,0.800846092097225
Leg fat mass (right) || id:ukb-b-18096,"Ischaemic heart disease, wide definition || id:finn-b-I9_IHD",ukb-b-18096,finn-b-I9_IHD,,rs57636386,0.0611039445990902,0.858849887976102,0.94328136316047
Leg fat mass (right) || id:ukb-b-18096,"Ischaemic heart disease, wide definition || id:finn-b-I9_IHD",ukb-b-18096,finn-b-I9_IHD,,rs577525,1.57267428242553,0.742837639783975,0.0342499093081693
Leg fat mass (right) || id:ukb-b-18096,"Ischaemic heart disease, wide definition || id:finn-b-I9_IHD",ukb-b-18096,finn-b-I9_IHD,,rs57803,1.33151216830314,1.15111374550078,0.247388239729074
Leg fat mass (right) || id:ukb-b-18096,"Ischaemic heart disease, wide definition || id:finn-b-I9_IHD",ukb-b-18096,finn-b-I9_IHD,,rs57989773,-0.782819470512228,1.30155526422515,0.547540787244958
Leg fat mass (right) || id:ukb-b-18096,"Ischaemic heart disease, wide definition || id:finn-b-I9_IHD",ukb-b-18096,finn-b-I9_IHD,,rs58862095,-0.54258308303459,0.710525465878629,0.445083972938247
Leg fat mass (right) || id:ukb-b-18096,"Ischaemic heart disease, wide definition || id:finn-b-I9_IHD",ukb-b-18096,finn-b-I9_IHD,,rs59068084,1.27726033980184,1.42901404354067,0.371426067762518
Leg fat mass (right) || id:ukb-b-18096,"Ischaemic heart disease, wide definition || id:finn-b-I9_IHD",ukb-b-18096,finn-b-I9_IHD,,rs6016590,1.59602058866559,1.34210822228698,0.234365227693259
Leg fat mass (right) || id:ukb-b-18096,"Ischaemic heart disease, wide definition || id:finn-b-I9_IHD",ukb-b-18096,finn-b-I9_IHD,,rs60661769,-0.217415964003479,1.20051423601921,0.856287230486397
Leg fat mass (right) || id:ukb-b-18096,"Ischaemic heart disease, wide definition || id:finn-b-I9_IHD",ukb-b-18096,finn-b-I9_IHD,,rs60711578,-1.46334115216596,1.39160874274606,0.293007714239339
Leg fat mass (right) || id:ukb-b-18096,"Ischaemic heart disease, wide definition || id:finn-b-I9_IHD",ukb-b-18096,finn-b-I9_IHD,,rs61023343,-0.218256133493388,1.13096360082937,0.846972707794471
Leg fat mass (right) || id:ukb-b-18096,"Ischaemic heart disease, wide definition || id:finn-b-I9_IHD",ukb-b-18096,finn-b-I9_IHD,,rs6103254,0.25781461242918,1.15702167529193,0.823670863939885
Leg fat mass (right) || id:ukb-b-18096,"Ischaemic heart disease, wide definition || id:finn-b-I9_IHD",ukb-b-18096,finn-b-I9_IHD,,rs61742688,-1.42986757933181,0.964729933043149,0.138302287372473
Leg fat mass (right) || id:ukb-b-18096,"Ischaemic heart disease, wide definition || id:finn-b-I9_IHD",ukb-b-18096,finn-b-I9_IHD,,rs61754230,2.5433593295309,2.17669654289373,0.242625619900818
Leg fat mass (right) || id:ukb-b-18096,"Ischaemic heart disease, wide definition || id:finn-b-I9_IHD",ukb-b-18096,finn-b-I9_IHD,,rs61813324,-0.367905816111076,0.810459189114254,0.649866708901512
Leg fat mass (right) || id:ukb-b-18096,"Ischaemic heart disease, wide definition || id:finn-b-I9_IHD",ukb-b-18096,finn-b-I9_IHD,,rs61826925,0.994223435985854,1.27738833864005,0.436377368310222
Leg fat mass (right) || id:ukb-b-18096,"Ischaemic heart disease, wide definition || id:finn-b-I9_IHD",ukb-b-18096,finn-b-I9_IHD,,rs61871585,1.8467404039,1.21130284556882,0.127361352267639
Leg fat mass (right) || id:ukb-b-18096,"Ischaemic heart disease, wide definition || id:finn-b-I9_IHD",ukb-b-18096,finn-b-I9_IHD,,rs61903695,1.35083975770925,1.10132158590308,0.219987070960781
Leg fat mass (right) || id:ukb-b-18096,"Ischaemic heart disease, wide definition || id:finn-b-I9_IHD",ukb-b-18096,finn-b-I9_IHD,,rs61969510,1.02811821727565,0.930202196582731,0.269045576986182
Leg fat mass (right) || id:ukb-b-18096,"Ischaemic heart disease, wide definition || id:finn-b-I9_IHD",ukb-b-18096,finn-b-I9_IHD,,rs61991651,-0.636001004212112,1.4282127813886,0.656093935740215
Leg fat mass (right) || id:ukb-b-18096,"Ischaemic heart disease, wide definition || id:finn-b-I9_IHD",ukb-b-18096,finn-b-I9_IHD,,rs61992671,1.41541678394789,0.900719771603201,0.116083133738655
Leg fat mass (right) || id:ukb-b-18096,"Ischaemic heart disease, wide definition || id:finn-b-I9_IHD",ukb-b-18096,finn-b-I9_IHD,,rs62062775,0.314058022219605,1.3936324735995,0.821705362028574
Leg fat mass (right) || id:ukb-b-18096,"Ischaemic heart disease, wide definition || id:finn-b-I9_IHD",ukb-b-18096,finn-b-I9_IHD,,rs62072665,0.39581014880167,1.47424939481202,0.788327951019158
Leg fat mass (right) || id:ukb-b-18096,"Ischaemic heart disease, wide definition || id:finn-b-I9_IHD",ukb-b-18096,finn-b-I9_IHD,,rs62107261,0.0255958637084247,0.625498919374629,0.967359102208734
Leg fat mass (right) || id:ukb-b-18096,"Ischaemic heart disease, wide definition || id:finn-b-I9_IHD",ukb-b-18096,finn-b-I9_IHD,,rs62190049,4.13856271219864,1.5179054461669,0.00640107815028797
Leg fat mass (right) || id:ukb-b-18096,"Ischaemic heart disease, wide definition || id:finn-b-I9_IHD",ukb-b-18096,finn-b-I9_IHD,,rs62237500,3.04753593787075,1.42818104837485,0.0328543844930137
Leg fat mass (right) || id:ukb-b-18096,"Ischaemic heart disease, wide definition || id:finn-b-I9_IHD",ukb-b-18096,finn-b-I9_IHD,,rs62270293,-0.634569961338238,1.31614510499783,0.62970446671531
Leg fat mass (right) || id:ukb-b-18096,"Ischaemic heart disease, wide definition || id:finn-b-I9_IHD",ukb-b-18096,finn-b-I9_IHD,,rs62396185,0.616059990371513,0.461025025907159,0.181456730171836
Leg fat mass (right) || id:ukb-b-18096,"Ischaemic heart disease, wide definition || id:finn-b-I9_IHD",ukb-b-18096,finn-b-I9_IHD,,rs6265,0.089044657676718,0.541391518674446,0.869358261576245
Leg fat mass (right) || id:ukb-b-18096,"Ischaemic heart disease, wide definition || id:finn-b-I9_IHD",ukb-b-18096,finn-b-I9_IHD,,rs642992,4.28924690540315,1.42184980289607,0.00255570678579481
Leg fat mass (right) || id:ukb-b-18096,"Ischaemic heart disease, wide definition || id:finn-b-I9_IHD",ukb-b-18096,finn-b-I9_IHD,,rs6441176,-0.630184701407031,1.30620101746185,0.629481948305175
Leg fat mass (right) || id:ukb-b-18096,"Ischaemic heart disease, wide definition || id:finn-b-I9_IHD",ukb-b-18096,finn-b-I9_IHD,,rs6444950,-1.76598295583422,1.06931078059687,0.098633429519378
Leg fat mass (right) || id:ukb-b-18096,"Ischaemic heart disease, wide definition || id:finn-b-I9_IHD",ukb-b-18096,finn-b-I9_IHD,,rs6461999,-0.992463249011268,1.12678158346392,0.378428947827315
Leg fat mass (right) || id:ukb-b-18096,"Ischaemic heart disease, wide definition || id:finn-b-I9_IHD",ukb-b-18096,finn-b-I9_IHD,,rs6469351,-0.274782311346678,1.19072334916894,0.817494086363381
Leg fat mass (right) || id:ukb-b-18096,"Ischaemic heart disease, wide definition || id:finn-b-I9_IHD",ukb-b-18096,finn-b-I9_IHD,,rs6472804,-0.693786216129064,1.37780079541124,0.614580377738369
Leg fat mass (right) || id:ukb-b-18096,"Ischaemic heart disease, wide definition || id:finn-b-I9_IHD",ukb-b-18096,finn-b-I9_IHD,,rs6475062,2.13181838964839,1.55456997851036,0.170274123973809
Leg fat mass (right) || id:ukb-b-18096,"Ischaemic heart disease, wide definition || id:finn-b-I9_IHD",ukb-b-18096,finn-b-I9_IHD,,rs6495017,-0.992637391533,1.03865369445175,0.339225741632073
Leg fat mass (right) || id:ukb-b-18096,"Ischaemic heart disease, wide definition || id:finn-b-I9_IHD",ukb-b-18096,finn-b-I9_IHD,,rs6508405,0.948994780528707,1.52099163454601,0.53267249077426
Leg fat mass (right) || id:ukb-b-18096,"Ischaemic heart disease, wide definition || id:finn-b-I9_IHD",ukb-b-18096,finn-b-I9_IHD,,rs6538790,1.07243856209303,1.34054820261628,0.423710797166793
Leg fat mass (right) || id:ukb-b-18096,"Ischaemic heart disease, wide definition || id:finn-b-I9_IHD",ukb-b-18096,finn-b-I9_IHD,,rs6545625,1.4131160505351,1.43904478540731,0.326108724892961
Leg fat mass (right) || id:ukb-b-18096,"Ischaemic heart disease, wide definition || id:finn-b-I9_IHD",ukb-b-18096,finn-b-I9_IHD,,rs6551304,0.377714825306893,1.00094428706327,0.70590721025271
Leg fat mass (right) || id:ukb-b-18096,"Ischaemic heart disease, wide definition || id:finn-b-I9_IHD",ukb-b-18096,finn-b-I9_IHD,,rs6561937,1.69614919916974,1.06106137117011,0.109922818256669
Leg fat mass (right) || id:ukb-b-18096,"Ischaemic heart disease, wide definition || id:finn-b-I9_IHD",ukb-b-18096,finn-b-I9_IHD,,rs6567160,1.16869231495492,0.362345652234933,0.00125817819898189
Leg fat mass (right) || id:ukb-b-18096,"Ischaemic heart disease, wide definition || id:finn-b-I9_IHD",ukb-b-18096,finn-b-I9_IHD,,rs6569648,0.381622166796146,0.913167327690777,0.676012593476131
Leg fat mass (right) || id:ukb-b-18096,"Ischaemic heart disease, wide definition || id:finn-b-I9_IHD",ukb-b-18096,finn-b-I9_IHD,,rs6575340,1.07001508334515,0.734829635550284,0.145353824895129
Leg fat mass (right) || id:ukb-b-18096,"Ischaemic heart disease, wide definition || id:finn-b-I9_IHD",ukb-b-18096,finn-b-I9_IHD,,rs6594682,0.22156638572049,0.974892097170154,0.820211678728453
Leg fat mass (right) || id:ukb-b-18096,"Ischaemic heart disease, wide definition || id:finn-b-I9_IHD",ukb-b-18096,finn-b-I9_IHD,,rs66679256,1.09631492011519,0.833199339287542,0.188244713282317
Leg fat mass (right) || id:ukb-b-18096,"Ischaemic heart disease, wide definition || id:finn-b-I9_IHD",ukb-b-18096,finn-b-I9_IHD,,rs6669189,-0.558186266757217,1.0233414890549,0.585440934568927
Leg fat mass (right) || id:ukb-b-18096,"Ischaemic heart disease, wide definition || id:finn-b-I9_IHD",ukb-b-18096,finn-b-I9_IHD,,rs667515,-2.67417632834323,1.47016328951571,0.0689166910672386
Leg fat mass (right) || id:ukb-b-18096,"Ischaemic heart disease, wide definition || id:finn-b-I9_IHD",ukb-b-18096,finn-b-I9_IHD,,rs6688826,1.97843156304926,1.21002287561495,0.102041397064547
Leg fat mass (right) || id:ukb-b-18096,"Ischaemic heart disease, wide definition || id:finn-b-I9_IHD",ukb-b-18096,finn-b-I9_IHD,,rs66954327,1.07633232487782,1.10542238771236,0.330213359465853
Leg fat mass (right) || id:ukb-b-18096,"Ischaemic heart disease, wide definition || id:finn-b-I9_IHD",ukb-b-18096,finn-b-I9_IHD,,rs6707827,1.16578526235467,1.34595207562767,0.386412442052597
Leg fat mass (right) || id:ukb-b-18096,"Ischaemic heart disease, wide definition || id:finn-b-I9_IHD",ukb-b-18096,finn-b-I9_IHD,,rs6715925,1.17161316487639,1.2392062320808,0.344426866305938
Leg fat mass (right) || id:ukb-b-18096,"Ischaemic heart disease, wide definition || id:finn-b-I9_IHD",ukb-b-18096,finn-b-I9_IHD,,rs6725931,3.73535765619217,2.15170371900471,0.0825638345628487
Leg fat mass (right) || id:ukb-b-18096,"Ischaemic heart disease, wide definition || id:finn-b-I9_IHD",ukb-b-18096,finn-b-I9_IHD,,rs6733847,-1.5960949714211,1.40757981731625,0.256824511181676
Leg fat mass (right) || id:ukb-b-18096,"Ischaemic heart disease, wide definition || id:finn-b-I9_IHD",ukb-b-18096,finn-b-I9_IHD,,rs6744646,0.474650074551017,0.386942995557894,0.219947901038635
Leg fat mass (right) || id:ukb-b-18096,"Ischaemic heart disease, wide definition || id:finn-b-I9_IHD",ukb-b-18096,finn-b-I9_IHD,,rs67609008,-3.3645907972211,1.12153026574037,0.00269979606326019
Leg fat mass (right) || id:ukb-b-18096,"Ischaemic heart disease, wide definition || id:finn-b-I9_IHD",ukb-b-18096,finn-b-I9_IHD,,rs67632512,0.795449428927344,1.14814870401777,0.488428508615704
Leg fat mass (right) || id:ukb-b-18096,"Ischaemic heart disease, wide definition || id:finn-b-I9_IHD",ukb-b-18096,finn-b-I9_IHD,,rs6802828,-0.164930964610527,1.30766693369775,0.899632086951488
Leg fat mass (right) || id:ukb-b-18096,"Ischaemic heart disease, wide definition || id:finn-b-I9_IHD",ukb-b-18096,finn-b-I9_IHD,,rs6849333,1.83267781524008,1.442746365189,0.203988374325891
Leg fat mass (right) || id:ukb-b-18096,"Ischaemic heart disease, wide definition || id:finn-b-I9_IHD",ukb-b-18096,finn-b-I9_IHD,,rs6861649,-3.23849797928432,1.01704895217193,0.00145149405203599
Leg fat mass (right) || id:ukb-b-18096,"Ischaemic heart disease, wide definition || id:finn-b-I9_IHD",ukb-b-18096,finn-b-I9_IHD,,rs6892707,0.763737269530156,1.57596579426858,0.627949198524385
Leg fat mass (right) || id:ukb-b-18096,"Ischaemic heart disease, wide definition || id:finn-b-I9_IHD",ukb-b-18096,finn-b-I9_IHD,,rs6935484,1.20216976982847,1.1142061281337,0.280611190843872
Leg fat mass (right) || id:ukb-b-18096,"Ischaemic heart disease, wide definition || id:finn-b-I9_IHD",ukb-b-18096,finn-b-I9_IHD,,rs6938973,0.942869325518128,0.708653378414899,0.183350796029574
Leg fat mass (right) || id:ukb-b-18096,"Ischaemic heart disease, wide definition || id:finn-b-I9_IHD",ukb-b-18096,finn-b-I9_IHD,,rs6939451,0.655941103159524,1.58982335172563,0.679908925077196
Leg fat mass (right) || id:ukb-b-18096,"Ischaemic heart disease, wide definition || id:finn-b-I9_IHD",ukb-b-18096,finn-b-I9_IHD,,rs6954290,-0.962597624269369,1.19084242177654,0.418898718493675
Leg fat mass (right) || id:ukb-b-18096,"Ischaemic heart disease, wide definition || id:finn-b-I9_IHD",ukb-b-18096,finn-b-I9_IHD,,rs6966198,-0.642240133585948,1.27412155533986,0.614215672484991
Leg fat mass (right) || id:ukb-b-18096,"Ischaemic heart disease, wide definition || id:finn-b-I9_IHD",ukb-b-18096,finn-b-I9_IHD,,rs6973656,1.75913098929129,1.19369602844766,0.140566636048714
Leg fat mass (right) || id:ukb-b-18096,"Ischaemic heart disease, wide definition || id:finn-b-I9_IHD",ukb-b-18096,finn-b-I9_IHD,,rs6980476,-1.12900356914242,1.27811724808575,0.37705619893811
Leg fat mass (right) || id:ukb-b-18096,"Ischaemic heart disease, wide definition || id:finn-b-I9_IHD",ukb-b-18096,finn-b-I9_IHD,,rs698147,0.935813073801174,1.08357303282241,0.3877876816066
Leg fat mass (right) || id:ukb-b-18096,"Ischaemic heart disease, wide definition || id:finn-b-I9_IHD",ukb-b-18096,finn-b-I9_IHD,,rs6985028,3.52523411770768,1.33513850305208,0.00828202316928522
Leg fat mass (right) || id:ukb-b-18096,"Ischaemic heart disease, wide definition || id:finn-b-I9_IHD",ukb-b-18096,finn-b-I9_IHD,,rs6998660,-0.0603938281533882,1.11728582083768,0.956892098247027
Leg fat mass (right) || id:ukb-b-18096,"Ischaemic heart disease, wide definition || id:finn-b-I9_IHD",ukb-b-18096,finn-b-I9_IHD,,rs7027304,0.577580259590239,0.994721558183189,0.561479628322256
Leg fat mass (right) || id:ukb-b-18096,"Ischaemic heart disease, wide definition || id:finn-b-I9_IHD",ukb-b-18096,finn-b-I9_IHD,,rs7034554,1.74024307071422,1.21716422864983,0.152788190970099
Leg fat mass (right) || id:ukb-b-18096,"Ischaemic heart disease, wide definition || id:finn-b-I9_IHD",ukb-b-18096,finn-b-I9_IHD,,rs7038943,-0.0943289438931442,1.06591706599253,0.929482801004912
Leg fat mass (right) || id:ukb-b-18096,"Ischaemic heart disease, wide definition || id:finn-b-I9_IHD",ukb-b-18096,finn-b-I9_IHD,,rs705160,-0.612343852317659,1.37464946438658,0.6559913014064
Leg fat mass (right) || id:ukb-b-18096,"Ischaemic heart disease, wide definition || id:finn-b-I9_IHD",ukb-b-18096,finn-b-I9_IHD,,rs7070670,-1.43730515405482,1.24498967569537,0.248306898095421
Leg fat mass (right) || id:ukb-b-18096,"Ischaemic heart disease, wide definition || id:finn-b-I9_IHD",ukb-b-18096,finn-b-I9_IHD,,rs7071303,-4.3890356919695,1.98748786051449,0.0272210453226513
Leg fat mass (right) || id:ukb-b-18096,"Ischaemic heart disease, wide definition || id:finn-b-I9_IHD",ukb-b-18096,finn-b-I9_IHD,,rs7097348,0.222263024130034,1.18862399860844,0.85166700738264
Leg fat mass (right) || id:ukb-b-18096,"Ischaemic heart disease, wide definition || id:finn-b-I9_IHD",ukb-b-18096,finn-b-I9_IHD,,rs7124681,-0.997220763434452,0.684482890878085,0.145144938051762
Leg fat mass (right) || id:ukb-b-18096,"Ischaemic heart disease, wide definition || id:finn-b-I9_IHD",ukb-b-18096,finn-b-I9_IHD,,rs7129648,0.22912440781449,1.52300341664926,0.880415530102703
Leg fat mass (right) || id:ukb-b-18096,"Ischaemic heart disease, wide definition || id:finn-b-I9_IHD",ukb-b-18096,finn-b-I9_IHD,,rs7132908,-0.557306814817395,0.496351381946742,0.261519464324923
Leg fat mass (right) || id:ukb-b-18096,"Ischaemic heart disease, wide definition || id:finn-b-I9_IHD",ukb-b-18096,finn-b-I9_IHD,,rs71495038,0.743878699468175,0.908111659091019,0.412701444714942
Leg fat mass (right) || id:ukb-b-18096,"Ischaemic heart disease, wide definition || id:finn-b-I9_IHD",ukb-b-18096,finn-b-I9_IHD,,rs719802,-0.938132622327556,0.962820322915124,0.329878332049875
Leg fat mass (right) || id:ukb-b-18096,"Ischaemic heart disease, wide definition || id:finn-b-I9_IHD",ukb-b-18096,finn-b-I9_IHD,,rs7206608,-0.381151609700752,1.01935895617643,0.708469011908047
Leg fat mass (right) || id:ukb-b-18096,"Ischaemic heart disease, wide definition || id:finn-b-I9_IHD",ukb-b-18096,finn-b-I9_IHD,,rs7218014,-0.481441689809653,0.653747136688897,0.461466553518284
Leg fat mass (right) || id:ukb-b-18096,"Ischaemic heart disease, wide definition || id:finn-b-I9_IHD",ukb-b-18096,finn-b-I9_IHD,,rs7234208,1.35659791083922,1.42119781135537,0.339807612284684
Leg fat mass (right) || id:ukb-b-18096,"Ischaemic heart disease, wide definition || id:finn-b-I9_IHD",ukb-b-18096,finn-b-I9_IHD,,rs7247187,-1.35462083217823,1.33361895881113,0.309749389068409
Leg fat mass (right) || id:ukb-b-18096,"Ischaemic heart disease, wide definition || id:finn-b-I9_IHD",ukb-b-18096,finn-b-I9_IHD,,rs7258937,0.459124422718557,0.990268362726299,0.642908296823688
Leg fat mass (right) || id:ukb-b-18096,"Ischaemic heart disease, wide definition || id:finn-b-I9_IHD",ukb-b-18096,finn-b-I9_IHD,,rs7259070,0.885807549591273,0.774209748067963,0.252563862926947
Leg fat mass (right) || id:ukb-b-18096,"Ischaemic heart disease, wide definition || id:finn-b-I9_IHD",ukb-b-18096,finn-b-I9_IHD,,rs72634826,0.648829431438127,0.909698996655518,0.475700169742219
Leg fat mass (right) || id:ukb-b-18096,"Ischaemic heart disease, wide definition || id:finn-b-I9_IHD",ukb-b-18096,finn-b-I9_IHD,,rs72779695,-0.818527251700885,1.78724298995239,0.646964515932901
Leg fat mass (right) || id:ukb-b-18096,"Ischaemic heart disease, wide definition || id:finn-b-I9_IHD",ukb-b-18096,finn-b-I9_IHD,,rs72811755,-0.0788581342165444,1.1372173039649,0.944716546749896
Leg fat mass (right) || id:ukb-b-18096,"Ischaemic heart disease, wide definition || id:finn-b-I9_IHD",ukb-b-18096,finn-b-I9_IHD,,rs72815827,0.48328562292707,1.34870406398252,0.720093875656711
Leg fat mass (right) || id:ukb-b-18096,"Ischaemic heart disease, wide definition || id:finn-b-I9_IHD",ukb-b-18096,finn-b-I9_IHD,,rs72866851,2.85210291901244,1.82480518515014,0.118061306562118
Leg fat mass (right) || id:ukb-b-18096,"Ischaemic heart disease, wide definition || id:finn-b-I9_IHD",ukb-b-18096,finn-b-I9_IHD,,rs72892910,0.454355064284142,0.486301904741621,0.350145776599428
Leg fat mass (right) || id:ukb-b-18096,"Ischaemic heart disease, wide definition || id:finn-b-I9_IHD",ukb-b-18096,finn-b-I9_IHD,,rs72913721,2.11167422423757,0.97062920482499,0.0295872400686508
Leg fat mass (right) || id:ukb-b-18096,"Ischaemic heart disease, wide definition || id:finn-b-I9_IHD",ukb-b-18096,finn-b-I9_IHD,,rs72948836,-0.68744141124336,1.82938954066415,0.707083136019241
Leg fat mass (right) || id:ukb-b-18096,"Ischaemic heart disease, wide definition || id:finn-b-I9_IHD",ukb-b-18096,finn-b-I9_IHD,,rs73052033,0.597751368035517,0.815115501866615,0.463355149269597
Leg fat mass (right) || id:ukb-b-18096,"Ischaemic heart disease, wide definition || id:finn-b-I9_IHD",ukb-b-18096,finn-b-I9_IHD,,rs73122615,1.29232002543175,1.18865799130621,0.276944320656333
Leg fat mass (right) || id:ukb-b-18096,"Ischaemic heart disease, wide definition || id:finn-b-I9_IHD",ukb-b-18096,finn-b-I9_IHD,,rs7314469,-1.50144907294249,1.30358369123689,0.249409139661114
Leg fat mass (right) || id:ukb-b-18096,"Ischaemic heart disease, wide definition || id:finn-b-I9_IHD",ukb-b-18096,finn-b-I9_IHD,,rs73175572,-0.929266883774665,1.43994508116435,0.518701150904167
Leg fat mass (right) || id:ukb-b-18096,"Ischaemic heart disease, wide definition || id:finn-b-I9_IHD",ukb-b-18096,finn-b-I9_IHD,,rs73213484,1.36720116696541,0.839698354514186,0.10348139777869
Leg fat mass (right) || id:ukb-b-18096,"Ischaemic heart disease, wide definition || id:finn-b-I9_IHD",ukb-b-18096,finn-b-I9_IHD,,rs7322222,1.12836071982575,1.3791075464537,0.41325337549364
Leg fat mass (right) || id:ukb-b-18096,"Ischaemic heart disease, wide definition || id:finn-b-I9_IHD",ukb-b-18096,finn-b-I9_IHD,,rs73759009,1.14795724429442,1.8701820006386,0.539333527302642
Leg fat mass (right) || id:ukb-b-18096,"Ischaemic heart disease, wide definition || id:finn-b-I9_IHD",ukb-b-18096,finn-b-I9_IHD,,rs73985439,0.768181037677021,1.0844908767205,0.4787382817329
Leg fat mass (right) || id:ukb-b-18096,"Ischaemic heart disease, wide definition || id:finn-b-I9_IHD",ukb-b-18096,finn-b-I9_IHD,,rs7442885,-0.441853575750273,0.712990997233394,0.535443258883731
Leg fat mass (right) || id:ukb-b-18096,"Ischaemic heart disease, wide definition || id:finn-b-I9_IHD",ukb-b-18096,finn-b-I9_IHD,,rs745249,0.741467148221675,0.924840744018433,0.422712549877375
Leg fat mass (right) || id:ukb-b-18096,"Ischaemic heart disease, wide definition || id:finn-b-I9_IHD",ukb-b-18096,finn-b-I9_IHD,,rs7460093,0.793126829916744,1.23995884677125,0.522406905507948
Leg fat mass (right) || id:ukb-b-18096,"Ischaemic heart disease, wide definition || id:finn-b-I9_IHD",ukb-b-18096,finn-b-I9_IHD,,rs74606352,0.160155991936146,1.25121868700114,0.898148973041377
Leg fat mass (right) || id:ukb-b-18096,"Ischaemic heart disease, wide definition || id:finn-b-I9_IHD",ukb-b-18096,finn-b-I9_IHD,,rs74796445,1.44742263684483,1.45798776558092,0.32083003572319
Leg fat mass (right) || id:ukb-b-18096,"Ischaemic heart disease, wide definition || id:finn-b-I9_IHD",ukb-b-18096,finn-b-I9_IHD,,rs75128238,2.31036709166012,1.90585837527518,0.225418649551293
Leg fat mass (right) || id:ukb-b-18096,"Ischaemic heart disease, wide definition || id:finn-b-I9_IHD",ukb-b-18096,finn-b-I9_IHD,,rs7513326,-2.53944153670963,1.48356847670931,0.0869498092288663
Leg fat mass (right) || id:ukb-b-18096,"Ischaemic heart disease, wide definition || id:finn-b-I9_IHD",ukb-b-18096,finn-b-I9_IHD,,rs7537581,1.42760942760943,0.996632996632997,0.152020102288261
Leg fat mass (right) || id:ukb-b-18096,"Ischaemic heart disease, wide definition || id:finn-b-I9_IHD",ukb-b-18096,finn-b-I9_IHD,,rs754635,0.511392009048631,1.10701329017586,0.644112499852768
Leg fat mass (right) || id:ukb-b-18096,"Ischaemic heart disease, wide definition || id:finn-b-I9_IHD",ukb-b-18096,finn-b-I9_IHD,,rs75557510,0.273450482324582,1.07697420730912,0.799567986190168
Leg fat mass (right) || id:ukb-b-18096,"Ischaemic heart disease, wide definition || id:finn-b-I9_IHD",ukb-b-18096,finn-b-I9_IHD,,rs756717,0.130117365864009,1.13102018020254,0.90841005018873
Leg fat mass (right) || id:ukb-b-18096,"Ischaemic heart disease, wide definition || id:finn-b-I9_IHD",ukb-b-18096,finn-b-I9_IHD,,rs7575523,1.44446635959671,0.649719808332657,0.026201353992368
Leg fat mass (right) || id:ukb-b-18096,"Ischaemic heart disease, wide definition || id:finn-b-I9_IHD",ukb-b-18096,finn-b-I9_IHD,,rs7589069,-0.946985854932005,1.4588701008412,0.516259001280478
Leg fat mass (right) || id:ukb-b-18096,"Ischaemic heart disease, wide definition || id:finn-b-I9_IHD",ukb-b-18096,finn-b-I9_IHD,,rs760738,0.864587681116212,1.61985967841313,0.593519817417503
Leg fat mass (right) || id:ukb-b-18096,"Ischaemic heart disease, wide definition || id:finn-b-I9_IHD",ukb-b-18096,finn-b-I9_IHD,,rs76084874,0.818595767177721,1.59455633814827,0.607693237328678
Leg fat mass (right) || id:ukb-b-18096,"Ischaemic heart disease, wide definition || id:finn-b-I9_IHD",ukb-b-18096,finn-b-I9_IHD,,rs7619139,-0.220763842896422,1.12388865474542,0.844274735076052
Leg fat mass (right) || id:ukb-b-18096,"Ischaemic heart disease, wide definition || id:finn-b-I9_IHD",ukb-b-18096,finn-b-I9_IHD,,rs7663885,-1.97717966815568,1.29896106105577,0.127978040057397
Leg fat mass (right) || id:ukb-b-18096,"Ischaemic heart disease, wide definition || id:finn-b-I9_IHD",ukb-b-18096,finn-b-I9_IHD,,rs76638898,1.60310194871502,1.04969259002721,0.126708580632996
Leg fat mass (right) || id:ukb-b-18096,"Ischaemic heart disease, wide definition || id:finn-b-I9_IHD",ukb-b-18096,finn-b-I9_IHD,,rs7665222,-1.54017605589712,1.38991497727301,0.267815129705963
Leg fat mass (right) || id:ukb-b-18096,"Ischaemic heart disease, wide definition || id:finn-b-I9_IHD",ukb-b-18096,finn-b-I9_IHD,,rs76702514,1.94626292242752,1.10372486077059,0.0778399975244919
Leg fat mass (right) || id:ukb-b-18096,"Ischaemic heart disease, wide definition || id:finn-b-I9_IHD",ukb-b-18096,finn-b-I9_IHD,,rs7683836,-2.08980622378413,1.17285043171558,0.0747788862914803
Leg fat mass (right) || id:ukb-b-18096,"Ischaemic heart disease, wide definition || id:finn-b-I9_IHD",ukb-b-18096,finn-b-I9_IHD,,rs76895963,0.0552584821770142,0.705608310875719,0.937578875461694
Leg fat mass (right) || id:ukb-b-18096,"Ischaemic heart disease, wide definition || id:finn-b-I9_IHD",ukb-b-18096,finn-b-I9_IHD,,rs7692662,-0.654236179260713,1.33270332812367,0.62349074696239
Leg fat mass (right) || id:ukb-b-18096,"Ischaemic heart disease, wide definition || id:finn-b-I9_IHD",ukb-b-18096,finn-b-I9_IHD,,rs77149883,1.75456236488864,1.40767181137198,0.212607097348186
Leg fat mass (right) || id:ukb-b-18096,"Ischaemic heart disease, wide definition || id:finn-b-I9_IHD",ukb-b-18096,finn-b-I9_IHD,,rs7741738,3.25018701472902,1.53481053473315,0.0342049695786746
Leg fat mass (right) || id:ukb-b-18096,"Ischaemic heart disease, wide definition || id:finn-b-I9_IHD",ukb-b-18096,finn-b-I9_IHD,,rs7765393,-1.24699313751519,1.15045173332046,0.278402007570806
Leg fat mass (right) || id:ukb-b-18096,"Ischaemic heart disease, wide definition || id:finn-b-I9_IHD",ukb-b-18096,finn-b-I9_IHD,,rs7767938,-0.113579444846389,1.40838511609523,0.935724149629174
Leg fat mass (right) || id:ukb-b-18096,"Ischaemic heart disease, wide definition || id:finn-b-I9_IHD",ukb-b-18096,finn-b-I9_IHD,,rs7774,1.33827988683912,0.957124222865952,0.162043984108907
Leg fat mass (right) || id:ukb-b-18096,"Ischaemic heart disease, wide definition || id:finn-b-I9_IHD",ukb-b-18096,finn-b-I9_IHD,,rs7783338,1.03006705130582,1.56327823080531,0.509950527257539
Leg fat mass (right) || id:ukb-b-18096,"Ischaemic heart disease, wide definition || id:finn-b-I9_IHD",ukb-b-18096,finn-b-I9_IHD,,rs77978620,1.73709972185847,1.24372228606435,0.162505544608947
Leg fat mass (right) || id:ukb-b-18096,"Ischaemic heart disease, wide definition || id:finn-b-I9_IHD",ukb-b-18096,finn-b-I9_IHD,,rs7822053,2.08450999458493,1.30427441001962,0.109995295488254
Leg fat mass (right) || id:ukb-b-18096,"Ischaemic heart disease, wide definition || id:finn-b-I9_IHD",ukb-b-18096,finn-b-I9_IHD,,rs7828631,-1.00382442969341,1.64005118090754,0.54049212953513
Leg fat mass (right) || id:ukb-b-18096,"Ischaemic heart disease, wide definition || id:finn-b-I9_IHD",ukb-b-18096,finn-b-I9_IHD,,rs7837172,0.925031687841449,1.3214738397735,0.483927304446146
Leg fat mass (right) || id:ukb-b-18096,"Ischaemic heart disease, wide definition || id:finn-b-I9_IHD",ukb-b-18096,finn-b-I9_IHD,,rs784257,-2.15499028141638,1.24228851516944,0.0827950413183351
Leg fat mass (right) || id:ukb-b-18096,"Ischaemic heart disease, wide definition || id:finn-b-I9_IHD",ukb-b-18096,finn-b-I9_IHD,,rs7846042,1.50787475517158,1.41665101553487,0.287150278150843
Leg fat mass (right) || id:ukb-b-18096,"Ischaemic heart disease, wide definition || id:finn-b-I9_IHD",ukb-b-18096,finn-b-I9_IHD,,rs7851623,1.28431958803137,1.21239769110162,0.28945314355759
Leg fat mass (right) || id:ukb-b-18096,"Ischaemic heart disease, wide definition || id:finn-b-I9_IHD",ukb-b-18096,finn-b-I9_IHD,,rs7854982,2.43265180098101,1.2981939899466,0.0609478112175733
Leg fat mass (right) || id:ukb-b-18096,"Ischaemic heart disease, wide definition || id:finn-b-I9_IHD",ukb-b-18096,finn-b-I9_IHD,,rs785510,-0.0314762354422411,1.31150981009338,0.980852608707939
Leg fat mass (right) || id:ukb-b-18096,"Ischaemic heart disease, wide definition || id:finn-b-I9_IHD",ukb-b-18096,finn-b-I9_IHD,,rs78759867,-0.592021445384838,1.444532326739,0.681926207868363
Leg fat mass (right) || id:ukb-b-18096,"Ischaemic heart disease, wide definition || id:finn-b-I9_IHD",ukb-b-18096,finn-b-I9_IHD,,rs7893571,-0.666987496095168,1.01314556368886,0.510323963325732
Leg fat mass (right) || id:ukb-b-18096,"Ischaemic heart disease, wide definition || id:finn-b-I9_IHD",ukb-b-18096,finn-b-I9_IHD,,rs7916385,0.0170864231281823,0.922666848921847,0.98522520445701
Leg fat mass (right) || id:ukb-b-18096,"Ischaemic heart disease, wide definition || id:finn-b-I9_IHD",ukb-b-18096,finn-b-I9_IHD,,rs7918733,-0.939944848430842,1.40381373466944,0.503134993284269
Leg fat mass (right) || id:ukb-b-18096,"Ischaemic heart disease, wide definition || id:finn-b-I9_IHD",ukb-b-18096,finn-b-I9_IHD,,rs79197301,2.39915780141844,1.71764184397163,0.162481484976533
Leg fat mass (right) || id:ukb-b-18096,"Ischaemic heart disease, wide definition || id:finn-b-I9_IHD",ukb-b-18096,finn-b-I9_IHD,,rs79207593,2.75541581729607,1.58933075355008,0.0829720983810866
Leg fat mass (right) || id:ukb-b-18096,"Ischaemic heart disease, wide definition || id:finn-b-I9_IHD",ukb-b-18096,finn-b-I9_IHD,,rs7924036,0.345563824404211,1.35757216730226,0.799074192526507
Leg fat mass (right) || id:ukb-b-18096,"Ischaemic heart disease, wide definition || id:finn-b-I9_IHD",ukb-b-18096,finn-b-I9_IHD,,rs79246548,-1.53122274727726,1.1103900054759,0.167896161764246
Leg fat mass (right) || id:ukb-b-18096,"Ischaemic heart disease, wide definition || id:finn-b-I9_IHD",ukb-b-18096,finn-b-I9_IHD,,rs7924976,0.726692662176533,1.58631690889755,0.646880197587839
Leg fat mass (right) || id:ukb-b-18096,"Ischaemic heart disease, wide definition || id:finn-b-I9_IHD",ukb-b-18096,finn-b-I9_IHD,,rs79275587,1.01568229144199,1.0901918031694,0.351515016740531
Leg fat mass (right) || id:ukb-b-18096,"Ischaemic heart disease, wide definition || id:finn-b-I9_IHD",ukb-b-18096,finn-b-I9_IHD,,rs7944782,0.576158884285266,0.940494649348009,0.540132516578263
Leg fat mass (right) || id:ukb-b-18096,"Ischaemic heart disease, wide definition || id:finn-b-I9_IHD",ukb-b-18096,finn-b-I9_IHD,,rs79518326,-0.903352410283208,1.32862292958576,0.496557448675372
Leg fat mass (right) || id:ukb-b-18096,"Ischaemic heart disease, wide definition || id:finn-b-I9_IHD",ukb-b-18096,finn-b-I9_IHD,,rs801738,-0.683025227249515,0.759626187314881,0.368567621894205
Leg fat mass (right) || id:ukb-b-18096,"Ischaemic heart disease, wide definition || id:finn-b-I9_IHD",ukb-b-18096,finn-b-I9_IHD,,rs8020365,-0.986254631398438,0.573093907434228,0.0852634847545577
Leg fat mass (right) || id:ukb-b-18096,"Ischaemic heart disease, wide definition || id:finn-b-I9_IHD",ukb-b-18096,finn-b-I9_IHD,,rs8029301,1.82550924725176,1.25690800630449,0.146395709561813
Leg fat mass (right) || id:ukb-b-18096,"Ischaemic heart disease, wide definition || id:finn-b-I9_IHD",ukb-b-18096,finn-b-I9_IHD,,rs803973,0.983389093587257,1.1926208156271,0.409620641491042
Leg fat mass (right) || id:ukb-b-18096,"Ischaemic heart disease, wide definition || id:finn-b-I9_IHD",ukb-b-18096,finn-b-I9_IHD,,rs8059619,0.48810547959414,0.671145034441943,0.467058901715174
Leg fat mass (right) || id:ukb-b-18096,"Ischaemic heart disease, wide definition || id:finn-b-I9_IHD",ukb-b-18096,finn-b-I9_IHD,,rs8078135,2.28551005436316,1.03459302872406,0.0271683183222835
Leg fat mass (right) || id:ukb-b-18096,"Ischaemic heart disease, wide definition || id:finn-b-I9_IHD",ukb-b-18096,finn-b-I9_IHD,,rs8089514,0.508872282480658,1.20621578069489,0.673116258667889
Leg fat mass (right) || id:ukb-b-18096,"Ischaemic heart disease, wide definition || id:finn-b-I9_IHD",ukb-b-18096,finn-b-I9_IHD,,rs8093356,-1.07049138396537,1.25048551047282,0.391964257188401
Leg fat mass (right) || id:ukb-b-18096,"Ischaemic heart disease, wide definition || id:finn-b-I9_IHD",ukb-b-18096,finn-b-I9_IHD,,rs8096564,1.66602708697972,1.06700611188589,0.118428574524212
Leg fat mass (right) || id:ukb-b-18096,"Ischaemic heart disease, wide definition || id:finn-b-I9_IHD",ukb-b-18096,finn-b-I9_IHD,,rs8108461,-2.28255724225584,1.43956735164999,0.11283334819695
Leg fat mass (right) || id:ukb-b-18096,"Ischaemic heart disease, wide definition || id:finn-b-I9_IHD",ukb-b-18096,finn-b-I9_IHD,,rs8126575,-0.202832276146924,1.33684909278655,0.879404518260746
Leg fat mass (right) || id:ukb-b-18096,"Ischaemic heart disease, wide definition || id:finn-b-I9_IHD",ukb-b-18096,finn-b-I9_IHD,,rs8132491,-0.443366237242764,0.987117282917852,0.653321619681912
Leg fat mass (right) || id:ukb-b-18096,"Ischaemic heart disease, wide definition || id:finn-b-I9_IHD",ukb-b-18096,finn-b-I9_IHD,,rs8135285,1.44323449467893,1.3630548005301,0.289680155734686
Leg fat mass (right) || id:ukb-b-18096,"Ischaemic heart disease, wide definition || id:finn-b-I9_IHD",ukb-b-18096,finn-b-I9_IHD,,rs814403,1.11500166272178,1.42798458559105,0.434907241180312
Leg fat mass (right) || id:ukb-b-18096,"Ischaemic heart disease, wide definition || id:finn-b-I9_IHD",ukb-b-18096,finn-b-I9_IHD,,rs815163,-0.342429670213887,0.965827274962245,0.722930145576965
Leg fat mass (right) || id:ukb-b-18096,"Ischaemic heart disease, wide definition || id:finn-b-I9_IHD",ukb-b-18096,finn-b-I9_IHD,,rs834128,0.344484798377969,1.17124831448509,0.768668006560809
Leg fat mass (right) || id:ukb-b-18096,"Ischaemic heart disease, wide definition || id:finn-b-I9_IHD",ukb-b-18096,finn-b-I9_IHD,,rs844092,0.786391437488336,1.30282760539112,0.546107216404399
Leg fat mass (right) || id:ukb-b-18096,"Ischaemic heart disease, wide definition || id:finn-b-I9_IHD",ukb-b-18096,finn-b-I9_IHD,,rs854917,-0.0288847594380951,1.23241640269206,0.981301292539651
Leg fat mass (right) || id:ukb-b-18096,"Ischaemic heart disease, wide definition || id:finn-b-I9_IHD",ukb-b-18096,finn-b-I9_IHD,,rs862320,0.919801716027018,0.77937397312213,0.237928560143048
Leg fat mass (right) || id:ukb-b-18096,"Ischaemic heart disease, wide definition || id:finn-b-I9_IHD",ukb-b-18096,finn-b-I9_IHD,,rs879620,-0.604103739193834,0.583272575773357,0.300335455676674
Leg fat mass (right) || id:ukb-b-18096,"Ischaemic heart disease, wide definition || id:finn-b-I9_IHD",ukb-b-18096,finn-b-I9_IHD,,rs881301,-0.323896323278429,1.38278814938098,0.814803139087016
Leg fat mass (right) || id:ukb-b-18096,"Ischaemic heart disease, wide definition || id:finn-b-I9_IHD",ukb-b-18096,finn-b-I9_IHD,,rs900448,-1.24854999955725,1.11572553151925,0.263119824546096
Leg fat mass (right) || id:ukb-b-18096,"Ischaemic heart disease, wide definition || id:finn-b-I9_IHD",ukb-b-18096,finn-b-I9_IHD,,rs909691,1.53010175841955,1.47688082769191,0.300185331046088
Leg fat mass (right) || id:ukb-b-18096,"Ischaemic heart disease, wide definition || id:finn-b-I9_IHD",ukb-b-18096,finn-b-I9_IHD,,rs922654,-1.61347681203324,1.2073636008412,0.181430445895788
Leg fat mass (right) || id:ukb-b-18096,"Ischaemic heart disease, wide definition || id:finn-b-I9_IHD",ukb-b-18096,finn-b-I9_IHD,,rs9289630,-0.154585389104306,0.76004482976284,0.838830347775661
Leg fat mass (right) || id:ukb-b-18096,"Ischaemic heart disease, wide definition || id:finn-b-I9_IHD",ukb-b-18096,finn-b-I9_IHD,,rs9294260,-1.26992843781641,0.943865730809494,0.178478490745752
Leg fat mass (right) || id:ukb-b-18096,"Ischaemic heart disease, wide definition || id:finn-b-I9_IHD",ukb-b-18096,finn-b-I9_IHD,,rs9340799,-0.17751353244829,1.49111367256564,0.905237629455841
Leg fat mass (right) || id:ukb-b-18096,"Ischaemic heart disease, wide definition || id:finn-b-I9_IHD",ukb-b-18096,finn-b-I9_IHD,,rs934224,0.514647379055293,1.2351537097327,0.676922239021379
Leg fat mass (right) || id:ukb-b-18096,"Ischaemic heart disease, wide definition || id:finn-b-I9_IHD",ukb-b-18096,finn-b-I9_IHD,,rs936145,1.08564297479334,1.2062699719926,0.368120250693519
Leg fat mass (right) || id:ukb-b-18096,"Ischaemic heart disease, wide definition || id:finn-b-I9_IHD",ukb-b-18096,finn-b-I9_IHD,,rs9395885,0.586535746095193,1.31065395115099,0.654504117414342
Leg fat mass (right) || id:ukb-b-18096,"Ischaemic heart disease, wide definition || id:finn-b-I9_IHD",ukb-b-18096,finn-b-I9_IHD,,rs9402097,-0.633871921302363,1.3774524443686,0.645389184861806
Leg fat mass (right) || id:ukb-b-18096,"Ischaemic heart disease, wide definition || id:finn-b-I9_IHD",ukb-b-18096,finn-b-I9_IHD,,rs9421249,-0.535114469366308,0.86391974572392,0.535650915143729
Leg fat mass (right) || id:ukb-b-18096,"Ischaemic heart disease, wide definition || id:finn-b-I9_IHD",ukb-b-18096,finn-b-I9_IHD,,rs9449357,-0.923636078148849,1.35081776429269,0.494126296996436
Leg fat mass (right) || id:ukb-b-18096,"Ischaemic heart disease, wide definition || id:finn-b-I9_IHD",ukb-b-18096,finn-b-I9_IHD,,rs9449999,0.132309405544867,1.23488778508542,0.914675647748153
Leg fat mass (right) || id:ukb-b-18096,"Ischaemic heart disease, wide definition || id:finn-b-I9_IHD",ukb-b-18096,finn-b-I9_IHD,,rs947612,2.07854000057623,1.26564564391523,0.100532730977826
Leg fat mass (right) || id:ukb-b-18096,"Ischaemic heart disease, wide definition || id:finn-b-I9_IHD",ukb-b-18096,finn-b-I9_IHD,,rs9480184,2.29775571932287,1.20318844939089,0.0561689881775928
Leg fat mass (right) || id:ukb-b-18096,"Ischaemic heart disease, wide definition || id:finn-b-I9_IHD",ukb-b-18096,finn-b-I9_IHD,,rs9508857,-2.88757435503964,1.70779397569487,0.0908709462007763
Leg fat mass (right) || id:ukb-b-18096,"Ischaemic heart disease, wide definition || id:finn-b-I9_IHD",ukb-b-18096,finn-b-I9_IHD,,rs9522183,0.453834115805947,0.868544600938967,0.601306569127729
Leg fat mass (right) || id:ukb-b-18096,"Ischaemic heart disease, wide definition || id:finn-b-I9_IHD",ukb-b-18096,finn-b-I9_IHD,,rs9522279,-0.62083490506727,0.864453665283541,0.472645187126825
Leg fat mass (right) || id:ukb-b-18096,"Ischaemic heart disease, wide definition || id:finn-b-I9_IHD",ukb-b-18096,finn-b-I9_IHD,,rs9532583,-0.636211813090058,1.32922825234887,0.632200108603787
Leg fat mass (right) || id:ukb-b-18096,"Ischaemic heart disease, wide definition || id:finn-b-I9_IHD",ukb-b-18096,finn-b-I9_IHD,,rs9568867,0.300843689582402,0.70786750489977,0.670836674740339
Leg fat mass (right) || id:ukb-b-18096,"Ischaemic heart disease, wide definition || id:finn-b-I9_IHD",ukb-b-18096,finn-b-I9_IHD,,rs9571687,-1.66204441297378,1.2981648669381,0.200438582376598
Leg fat mass (right) || id:ukb-b-18096,"Ischaemic heart disease, wide definition || id:finn-b-I9_IHD",ukb-b-18096,finn-b-I9_IHD,,rs9574869,1.50323654861478,1.42291093151323,0.290761936284632
Leg fat mass (right) || id:ukb-b-18096,"Ischaemic heart disease, wide definition || id:finn-b-I9_IHD",ukb-b-18096,finn-b-I9_IHD,,rs9610311,0.644394856066094,1.20564198876882,0.593007574981209
Leg fat mass (right) || id:ukb-b-18096,"Ischaemic heart disease, wide definition || id:finn-b-I9_IHD",ukb-b-18096,finn-b-I9_IHD,,rs9615723,1.16218897682106,1.37015963583114,0.39631864272995
Leg fat mass (right) || id:ukb-b-18096,"Ischaemic heart disease, wide definition || id:finn-b-I9_IHD",ukb-b-18096,finn-b-I9_IHD,,rs9615937,0.447403742400716,1.38826749480222,0.747244460496307
Leg fat mass (right) || id:ukb-b-18096,"Ischaemic heart disease, wide definition || id:finn-b-I9_IHD",ukb-b-18096,finn-b-I9_IHD,,rs9673839,-0.173939023117519,1.12548779664277,0.87717967414883
Leg fat mass (right) || id:ukb-b-18096,"Ischaemic heart disease, wide definition || id:finn-b-I9_IHD",ukb-b-18096,finn-b-I9_IHD,,rs9783304,1.38317858795981,0.648024614044164,0.0328056531563287
Leg fat mass (right) || id:ukb-b-18096,"Ischaemic heart disease, wide definition || id:finn-b-I9_IHD",ukb-b-18096,finn-b-I9_IHD,,rs9788550,0.699019136347877,0.648689758530829,0.281218460358592
Leg fat mass (right) || id:ukb-b-18096,"Ischaemic heart disease, wide definition || id:finn-b-I9_IHD",ukb-b-18096,finn-b-I9_IHD,,rs9800418,1.2163685261854,1.40607737889322,0.386995229615113
Leg fat mass (right) || id:ukb-b-18096,"Ischaemic heart disease, wide definition || id:finn-b-I9_IHD",ukb-b-18096,finn-b-I9_IHD,,rs9835574,0.697333994167752,0.720386357611314,0.333044369700341
Leg fat mass (right) || id:ukb-b-18096,"Ischaemic heart disease, wide definition || id:finn-b-I9_IHD",ukb-b-18096,finn-b-I9_IHD,,rs9839081,-0.330971273390758,1.0268595918021,0.747214790578474
Leg fat mass (right) || id:ukb-b-18096,"Ischaemic heart disease, wide definition || id:finn-b-I9_IHD",ukb-b-18096,finn-b-I9_IHD,,rs9843653,0.0925724495133004,0.523034339750147,0.859515340764875
Leg fat mass (right) || id:ukb-b-18096,"Ischaemic heart disease, wide definition || id:finn-b-I9_IHD",ukb-b-18096,finn-b-I9_IHD,,rs9866090,-0.0537369575925843,1.09265147104921,0.960775588379686
Leg fat mass (right) || id:ukb-b-18096,"Ischaemic heart disease, wide definition || id:finn-b-I9_IHD",ukb-b-18096,finn-b-I9_IHD,,rs9917946,0.434027777777778,1.09892139479905,0.692873896868975
Leg fat mass (right) || id:ukb-b-18096,"Ischaemic heart disease, wide definition || id:finn-b-I9_IHD",ukb-b-18096,finn-b-I9_IHD,,rs9955276,1.49664150781261,1.03833980207095,0.149477552092042
Leg fat mass (right) || id:ukb-b-18096,"Ischaemic heart disease, wide definition || id:finn-b-I9_IHD",ukb-b-18096,finn-b-I9_IHD,,rs9968060,1.99321739294722,1.09579723972454,0.0689166910672386
Leg fat mass (right) || id:ukb-b-18096,"Ischaemic heart disease, wide definition || id:finn-b-I9_IHD",ukb-b-18096,finn-b-I9_IHD,,rs9998491,-0.0390281470996883,1.50908835452128,0.979367354500133
Leg fat mass (right) || id:ukb-b-18096,"Ischaemic heart disease, wide definition || id:finn-b-I9_IHD",ukb-b-18096,finn-b-I9_IHD,,All - Inverse variance weighted,0.280583408754666,0.0477815604514393,4.3002072019578e-09
Leg fat mass (right) || id:ukb-b-18096,"Ischaemic heart disease, wide definition || id:finn-b-I9_IHD",ukb-b-18096,finn-b-I9_IHD,,All - MR Egger,0.203395562105164,0.12807364677548,0.11278821822289
