exposure,outcome,id.exposure,id.outcome,samplesize,SNP,b,se,p,outcome_code
Leg fat mass (right) || id:ukb-b-18096,Depression || id:finn-b-F5_DEPRESSIO,ukb-b-18096,finn-b-F5_DEPRESSIO,,rs1005551,0.160751725719464,0.0456611692287043,0.000430677814798705,DD
Leg fat mass (right) || id:ukb-b-18096,Depression || id:finn-b-F5_DEPRESSIO,ukb-b-18096,finn-b-F5_DEPRESSIO,,rs10070916,0.159172824935116,0.0456662085568965,0.000491087369966589,DD
Leg fat mass (right) || id:ukb-b-18096,Depression || id:finn-b-F5_DEPRESSIO,ukb-b-18096,finn-b-F5_DEPRESSIO,,rs10100245,0.159348136965168,0.0457301544166783,0.000493000499939834,DD
Leg fat mass (right) || id:ukb-b-18096,Depression || id:finn-b-F5_DEPRESSIO,ukb-b-18096,finn-b-F5_DEPRESSIO,,rs10132514,0.158497523030634,0.0456810410058434,0.000521124277274313,DD
Leg fat mass (right) || id:ukb-b-18096,Depression || id:finn-b-F5_DEPRESSIO,ukb-b-18096,finn-b-F5_DEPRESSIO,,rs10141106,0.156957593480627,0.0456630983316412,0.000587552735651191,DD
Leg fat mass (right) || id:ukb-b-18096,Depression || id:finn-b-F5_DEPRESSIO,ukb-b-18096,finn-b-F5_DEPRESSIO,,rs10160769,0.157399878368404,0.0456785421664266,0.000569336634585421,DD
Leg fat mass (right) || id:ukb-b-18096,Depression || id:finn-b-F5_DEPRESSIO,ukb-b-18096,finn-b-F5_DEPRESSIO,,rs10172483,0.154684527473025,0.0454366743246004,0.000663100371099021,DD
Leg fat mass (right) || id:ukb-b-18096,Depression || id:finn-b-F5_DEPRESSIO,ukb-b-18096,finn-b-F5_DEPRESSIO,,rs10184537,0.160845226075842,0.0456438225130191,0.000425210955731655,DD
Leg fat mass (right) || id:ukb-b-18096,Depression || id:finn-b-F5_DEPRESSIO,ukb-b-18096,finn-b-F5_DEPRESSIO,,rs10209821,0.159320968151953,0.0457132833451147,0.000491727789191675,DD
Leg fat mass (right) || id:ukb-b-18096,Depression || id:finn-b-F5_DEPRESSIO,ukb-b-18096,finn-b-F5_DEPRESSIO,,rs10213345,0.160453492933678,0.0455910374848985,0.000432509907582642,DD
Leg fat mass (right) || id:ukb-b-18096,Depression || id:finn-b-F5_DEPRESSIO,ukb-b-18096,finn-b-F5_DEPRESSIO,,rs10214549,0.158565393298829,0.0456823762308926,0.000518445153956237,DD
Leg fat mass (right) || id:ukb-b-18096,Depression || id:finn-b-F5_DEPRESSIO,ukb-b-18096,finn-b-F5_DEPRESSIO,,rs1022185,0.154259137388186,0.0454640024221777,0.00069132875189939,DD
Leg fat mass (right) || id:ukb-b-18096,Depression || id:finn-b-F5_DEPRESSIO,ukb-b-18096,finn-b-F5_DEPRESSIO,,rs10248136,0.157055536530875,0.0456577354343865,0.000582047255267088,DD
Leg fat mass (right) || id:ukb-b-18096,Depression || id:finn-b-F5_DEPRESSIO,ukb-b-18096,finn-b-F5_DEPRESSIO,,rs1025065,0.158776178029623,0.0456825686990342,0.000509635286310649,DD
Leg fat mass (right) || id:ukb-b-18096,Depression || id:finn-b-F5_DEPRESSIO,ukb-b-18096,finn-b-F5_DEPRESSIO,,rs10260462,0.158478233395175,0.0456796315818908,0.000521736161530233,DD
Leg fat mass (right) || id:ukb-b-18096,Depression || id:finn-b-F5_DEPRESSIO,ukb-b-18096,finn-b-F5_DEPRESSIO,,rs10404726,0.154826696053944,0.0456777675125201,0.000700095694728361,DD
Leg fat mass (right) || id:ukb-b-18096,Depression || id:finn-b-F5_DEPRESSIO,ukb-b-18096,finn-b-F5_DEPRESSIO,,rs10405382,0.157649884618525,0.0456870659710752,0.00055924689761438,DD
Leg fat mass (right) || id:ukb-b-18096,Depression || id:finn-b-F5_DEPRESSIO,ukb-b-18096,finn-b-F5_DEPRESSIO,,rs10410043,0.157201197659143,0.0456640460685443,0.000576236991191707,DD
Leg fat mass (right) || id:ukb-b-18096,Depression || id:finn-b-F5_DEPRESSIO,ukb-b-18096,finn-b-F5_DEPRESSIO,,rs10423928,0.157572726407244,0.0458319886900589,0.000585916775089617,DD
Leg fat mass (right) || id:ukb-b-18096,Depression || id:finn-b-F5_DEPRESSIO,ukb-b-18096,finn-b-F5_DEPRESSIO,,rs10448179,0.158163351890058,0.0456891506600656,0.000536721919545753,DD
Leg fat mass (right) || id:ukb-b-18096,Depression || id:finn-b-F5_DEPRESSIO,ukb-b-18096,finn-b-F5_DEPRESSIO,,rs10499014,0.157994628809792,0.0457039678782688,0.000546401749443654,DD
Leg fat mass (right) || id:ukb-b-18096,Depression || id:finn-b-F5_DEPRESSIO,ukb-b-18096,finn-b-F5_DEPRESSIO,,rs10505836,0.15832581925533,0.0456981390615268,0.000531018654848469,DD
Leg fat mass (right) || id:ukb-b-18096,Depression || id:finn-b-F5_DEPRESSIO,ukb-b-18096,finn-b-F5_DEPRESSIO,,rs10510998,0.159274627449718,0.0456569707706408,0.000485727483442383,DD
Leg fat mass (right) || id:ukb-b-18096,Depression || id:finn-b-F5_DEPRESSIO,ukb-b-18096,finn-b-F5_DEPRESSIO,,rs1056441,0.158619419315657,0.0456955399844921,0.000518093131788703,DD
Leg fat mass (right) || id:ukb-b-18096,Depression || id:finn-b-F5_DEPRESSIO,ukb-b-18096,finn-b-F5_DEPRESSIO,,rs1056720,0.158625487777297,0.0456787120159668,0.000515376006445555,DD
Leg fat mass (right) || id:ukb-b-18096,Depression || id:finn-b-F5_DEPRESSIO,ukb-b-18096,finn-b-F5_DEPRESSIO,,rs1057042,0.155646919478026,0.0456176339067504,0.000644904335678301,DD
Leg fat mass (right) || id:ukb-b-18096,Depression || id:finn-b-F5_DEPRESSIO,ukb-b-18096,finn-b-F5_DEPRESSIO,,rs1062557,0.157542585717588,0.0456900043742695,0.000564596144614784,DD
Leg fat mass (right) || id:ukb-b-18096,Depression || id:finn-b-F5_DEPRESSIO,ukb-b-18096,finn-b-F5_DEPRESSIO,,rs10756798,0.161106290908149,0.0456250167507928,0.000413842315723757,DD
Leg fat mass (right) || id:ukb-b-18096,Depression || id:finn-b-F5_DEPRESSIO,ukb-b-18096,finn-b-F5_DEPRESSIO,,rs10760277,0.157298789117649,0.0456884236727007,0.000575599868361772,DD
Leg fat mass (right) || id:ukb-b-18096,Depression || id:finn-b-F5_DEPRESSIO,ukb-b-18096,finn-b-F5_DEPRESSIO,,rs10766451,0.157093319707066,0.0456818861302224,0.000584183008488566,DD
Leg fat mass (right) || id:ukb-b-18096,Depression || id:finn-b-F5_DEPRESSIO,ukb-b-18096,finn-b-F5_DEPRESSIO,,rs10771041,0.155664382500063,0.0456069322581107,0.000642109973217288,DD
Leg fat mass (right) || id:ukb-b-18096,Depression || id:finn-b-F5_DEPRESSIO,ukb-b-18096,finn-b-F5_DEPRESSIO,,rs10779795,0.155830217504154,0.045637755471737,0.000638986721436278,DD
Leg fat mass (right) || id:ukb-b-18096,Depression || id:finn-b-F5_DEPRESSIO,ukb-b-18096,finn-b-F5_DEPRESSIO,,rs10798945,0.158288973820856,0.045682354509299,0.000530248076611192,DD
Leg fat mass (right) || id:ukb-b-18096,Depression || id:finn-b-F5_DEPRESSIO,ukb-b-18096,finn-b-F5_DEPRESSIO,,rs10817947,0.157973146446936,0.0456797279446674,0.000543642389128247,DD
Leg fat mass (right) || id:ukb-b-18096,Depression || id:finn-b-F5_DEPRESSIO,ukb-b-18096,finn-b-F5_DEPRESSIO,,rs10820852,0.159156479546596,0.0456775412104721,0.000493336369941224,DD
Leg fat mass (right) || id:ukb-b-18096,Depression || id:finn-b-F5_DEPRESSIO,ukb-b-18096,finn-b-F5_DEPRESSIO,,rs10846458,0.158610859194402,0.0456915525830046,0.000517870162779976,DD
Leg fat mass (right) || id:ukb-b-18096,Depression || id:finn-b-F5_DEPRESSIO,ukb-b-18096,finn-b-F5_DEPRESSIO,,rs10865534,0.158493217317697,0.0456825505174238,0.000521529702224719,DD
Leg fat mass (right) || id:ukb-b-18096,Depression || id:finn-b-F5_DEPRESSIO,ukb-b-18096,finn-b-F5_DEPRESSIO,,rs10915840,0.157242809854686,0.0456777577268235,0.000576497821303637,DD
Leg fat mass (right) || id:ukb-b-18096,Depression || id:finn-b-F5_DEPRESSIO,ukb-b-18096,finn-b-F5_DEPRESSIO,,rs10938397,0.160118613223873,0.045816748020474,0.000474485305046843,DD
Leg fat mass (right) || id:ukb-b-18096,Depression || id:finn-b-F5_DEPRESSIO,ukb-b-18096,finn-b-F5_DEPRESSIO,,rs10947793,0.15574005884964,0.0456626576653273,0.000648045011954839,DD
Leg fat mass (right) || id:ukb-b-18096,Depression || id:finn-b-F5_DEPRESSIO,ukb-b-18096,finn-b-F5_DEPRESSIO,,rs10951992,0.160708540437198,0.0456018532639371,0.000424816623032684,DD
Leg fat mass (right) || id:ukb-b-18096,Depression || id:finn-b-F5_DEPRESSIO,ukb-b-18096,finn-b-F5_DEPRESSIO,,rs10961649,0.157199347447112,0.045656001284491,0.000575032157145644,DD
Leg fat mass (right) || id:ukb-b-18096,Depression || id:finn-b-F5_DEPRESSIO,ukb-b-18096,finn-b-F5_DEPRESSIO,,rs10973850,0.159697636521282,0.0456408104138,0.000466989662338206,DD
Leg fat mass (right) || id:ukb-b-18096,Depression || id:finn-b-F5_DEPRESSIO,ukb-b-18096,finn-b-F5_DEPRESSIO,,rs10989067,0.161758936399041,0.0456204966874008,0.000391495470222177,DD
Leg fat mass (right) || id:ukb-b-18096,Depression || id:finn-b-F5_DEPRESSIO,ukb-b-18096,finn-b-F5_DEPRESSIO,,rs10992854,0.159303404015325,0.0456948412855624,0.000489852469379059,DD
Leg fat mass (right) || id:ukb-b-18096,Depression || id:finn-b-F5_DEPRESSIO,ukb-b-18096,finn-b-F5_DEPRESSIO,,rs11001963,0.157450132352434,0.0456909465826189,0.000568990429734642,DD
Leg fat mass (right) || id:ukb-b-18096,Depression || id:finn-b-F5_DEPRESSIO,ukb-b-18096,finn-b-F5_DEPRESSIO,,rs11004108,0.156302178783792,0.0456181602568521,0.000611830780326203,DD
Leg fat mass (right) || id:ukb-b-18096,Depression || id:finn-b-F5_DEPRESSIO,ukb-b-18096,finn-b-F5_DEPRESSIO,,rs11012732,0.158318447129395,0.0457616390487196,0.000540913366145223,DD
Leg fat mass (right) || id:ukb-b-18096,Depression || id:finn-b-F5_DEPRESSIO,ukb-b-18096,finn-b-F5_DEPRESSIO,,rs11013306,0.15794956810624,0.0456719043338172,0.000543488737897384,DD
Leg fat mass (right) || id:ukb-b-18096,Depression || id:finn-b-F5_DEPRESSIO,ukb-b-18096,finn-b-F5_DEPRESSIO,,rs1106761,0.160501842785249,0.0456597355309122,0.000439468571897476,DD
Leg fat mass (right) || id:ukb-b-18096,Depression || id:finn-b-F5_DEPRESSIO,ukb-b-18096,finn-b-F5_DEPRESSIO,,rs11071646,0.159851175050964,0.0457083347023647,0.000470169703555357,DD
Leg fat mass (right) || id:ukb-b-18096,Depression || id:finn-b-F5_DEPRESSIO,ukb-b-18096,finn-b-F5_DEPRESSIO,,rs11075252,0.158182951250971,0.045693182020517,0.000536475667751184,DD
Leg fat mass (right) || id:ukb-b-18096,Depression || id:finn-b-F5_DEPRESSIO,ukb-b-18096,finn-b-F5_DEPRESSIO,,rs11077392,0.159025537977109,0.0456669378992658,0.000497144298842628,DD
Leg fat mass (right) || id:ukb-b-18096,Depression || id:finn-b-F5_DEPRESSIO,ukb-b-18096,finn-b-F5_DEPRESSIO,,rs11099020,0.160321809779954,0.0456525208525665,0.000445108961387168,DD
Leg fat mass (right) || id:ukb-b-18096,Depression || id:finn-b-F5_DEPRESSIO,ukb-b-18096,finn-b-F5_DEPRESSIO,,rs11105842,0.160960286569727,0.0456139087580827,0.000417520238688671,DD
Leg fat mass (right) || id:ukb-b-18096,Depression || id:finn-b-F5_DEPRESSIO,ukb-b-18096,finn-b-F5_DEPRESSIO,,rs11122449,0.158008343532418,0.0456838565317284,0.000542719033305119,DD
Leg fat mass (right) || id:ukb-b-18096,Depression || id:finn-b-F5_DEPRESSIO,ukb-b-18096,finn-b-F5_DEPRESSIO,,rs111258054,0.156989966214925,0.0456972934518706,0.000591608864616445,DD
Leg fat mass (right) || id:ukb-b-18096,Depression || id:finn-b-F5_DEPRESSIO,ukb-b-18096,finn-b-F5_DEPRESSIO,,rs11129446,0.157190093529841,0.0456588508785362,0.000575920679911137,DD
Leg fat mass (right) || id:ukb-b-18096,Depression || id:finn-b-F5_DEPRESSIO,ukb-b-18096,finn-b-F5_DEPRESSIO,,rs11135450,0.159546995375512,0.0456910982502457,0.000479666562626824,DD
Leg fat mass (right) || id:ukb-b-18096,Depression || id:finn-b-F5_DEPRESSIO,ukb-b-18096,finn-b-F5_DEPRESSIO,,rs11136567,0.157132632973996,0.0456525097056224,0.000577584823365651,DD
Leg fat mass (right) || id:ukb-b-18096,Depression || id:finn-b-F5_DEPRESSIO,ukb-b-18096,finn-b-F5_DEPRESSIO,,rs11150745,0.161001517933304,0.0456916352292394,0.00042563950412659,DD
Leg fat mass (right) || id:ukb-b-18096,Depression || id:finn-b-F5_DEPRESSIO,ukb-b-18096,finn-b-F5_DEPRESSIO,,rs11164968,0.157740610128524,0.045678342267599,0.000553791163682793,DD
Leg fat mass (right) || id:ukb-b-18096,Depression || id:finn-b-F5_DEPRESSIO,ukb-b-18096,finn-b-F5_DEPRESSIO,,rs111652921,0.157191969924672,0.0456879817033724,0.000580524501579245,DD
Leg fat mass (right) || id:ukb-b-18096,Depression || id:finn-b-F5_DEPRESSIO,ukb-b-18096,finn-b-F5_DEPRESSIO,,rs11165643,0.15804504190719,0.045739619549848,0.000549639178431356,DD
Leg fat mass (right) || id:ukb-b-18096,Depression || id:finn-b-F5_DEPRESSIO,ukb-b-18096,finn-b-F5_DEPRESSIO,,rs111909661,0.15905759883571,0.0456814087595512,0.000497889862437901,DD
Leg fat mass (right) || id:ukb-b-18096,Depression || id:finn-b-F5_DEPRESSIO,ukb-b-18096,finn-b-F5_DEPRESSIO,,rs111947144,0.157136532504925,0.0456387554727477,0.000575192238366083,DD
Leg fat mass (right) || id:ukb-b-18096,Depression || id:finn-b-F5_DEPRESSIO,ukb-b-18096,finn-b-F5_DEPRESSIO,,rs11242730,0.158142675279817,0.0457008596761452,0.000539398930401559,DD
Leg fat mass (right) || id:ukb-b-18096,Depression || id:finn-b-F5_DEPRESSIO,ukb-b-18096,finn-b-F5_DEPRESSIO,,rs11245344,0.159896064980328,0.0456516797617316,0.000460873740426188,DD
Leg fat mass (right) || id:ukb-b-18096,Depression || id:finn-b-F5_DEPRESSIO,ukb-b-18096,finn-b-F5_DEPRESSIO,,rs113079574,0.157540062807742,0.0456926600013273,0.000565130714890389,DD
Leg fat mass (right) || id:ukb-b-18096,Depression || id:finn-b-F5_DEPRESSIO,ukb-b-18096,finn-b-F5_DEPRESSIO,,rs113230003,0.15674248146976,0.0456775994641279,0.000600262873056045,DD
Leg fat mass (right) || id:ukb-b-18096,Depression || id:finn-b-F5_DEPRESSIO,ukb-b-18096,finn-b-F5_DEPRESSIO,,rs113624107,0.162590138173322,0.0453862161205277,0.000340493393283664,DD
Leg fat mass (right) || id:ukb-b-18096,Depression || id:finn-b-F5_DEPRESSIO,ukb-b-18096,finn-b-F5_DEPRESSIO,,rs113866544,0.161644850301184,0.0457136518953571,0.000406188368922896,DD
Leg fat mass (right) || id:ukb-b-18096,Depression || id:finn-b-F5_DEPRESSIO,ukb-b-18096,finn-b-F5_DEPRESSIO,,rs115000305,0.159000366580372,0.0457052218509066,0.000503621535391511,DD
Leg fat mass (right) || id:ukb-b-18096,Depression || id:finn-b-F5_DEPRESSIO,ukb-b-18096,finn-b-F5_DEPRESSIO,,rs11525873,0.156557191353809,0.0456597940453687,0.000606310426264011,DD
Leg fat mass (right) || id:ukb-b-18096,Depression || id:finn-b-F5_DEPRESSIO,ukb-b-18096,finn-b-F5_DEPRESSIO,,rs115774037,0.159779061747422,0.0456420274806698,0.000464037281916239,DD
Leg fat mass (right) || id:ukb-b-18096,Depression || id:finn-b-F5_DEPRESSIO,ukb-b-18096,finn-b-F5_DEPRESSIO,,rs11603042,0.158556352046492,0.0456811503441803,0.000518647479759741,DD
Leg fat mass (right) || id:ukb-b-18096,Depression || id:finn-b-F5_DEPRESSIO,ukb-b-18096,finn-b-F5_DEPRESSIO,,rs11603984,0.156651769848353,0.0456840236361857,0.000605748319200847,DD
Leg fat mass (right) || id:ukb-b-18096,Depression || id:finn-b-F5_DEPRESSIO,ukb-b-18096,finn-b-F5_DEPRESSIO,,rs11611979,0.157170624652085,0.0456586589068295,0.00057679846052481,DD
Leg fat mass (right) || id:ukb-b-18096,Depression || id:finn-b-F5_DEPRESSIO,ukb-b-18096,finn-b-F5_DEPRESSIO,,rs11615777,0.156720541092821,0.0456302157134407,0.000593476955104911,DD
Leg fat mass (right) || id:ukb-b-18096,Depression || id:finn-b-F5_DEPRESSIO,ukb-b-18096,finn-b-F5_DEPRESSIO,,rs11619722,0.157749043707154,0.0457088199610311,0.000558155740888064,DD
Leg fat mass (right) || id:ukb-b-18096,Depression || id:finn-b-F5_DEPRESSIO,ukb-b-18096,finn-b-F5_DEPRESSIO,,rs11656076,0.15681058439886,0.0456710721465128,0.00059589234260658,DD
Leg fat mass (right) || id:ukb-b-18096,Depression || id:finn-b-F5_DEPRESSIO,ukb-b-18096,finn-b-F5_DEPRESSIO,,rs11656758,0.161172891903598,0.0455782234310728,0.000405954960982112,DD
Leg fat mass (right) || id:ukb-b-18096,Depression || id:finn-b-F5_DEPRESSIO,ukb-b-18096,finn-b-F5_DEPRESSIO,,rs11660485,0.158493278209082,0.0456720500364055,0.000519980647942277,DD
Leg fat mass (right) || id:ukb-b-18096,Depression || id:finn-b-F5_DEPRESSIO,ukb-b-18096,finn-b-F5_DEPRESSIO,,rs11664848,0.158827090962877,0.0456906739857296,0.000508690338150416,DD
Leg fat mass (right) || id:ukb-b-18096,Depression || id:finn-b-F5_DEPRESSIO,ukb-b-18096,finn-b-F5_DEPRESSIO,,rs1167311,0.157641658413536,0.0457403659936362,0.000568014048121856,DD
Leg fat mass (right) || id:ukb-b-18096,Depression || id:finn-b-F5_DEPRESSIO,ukb-b-18096,finn-b-F5_DEPRESSIO,,rs11677279,0.157934180412499,0.0456920200850338,0.000547251962164905,DD
Leg fat mass (right) || id:ukb-b-18096,Depression || id:finn-b-F5_DEPRESSIO,ukb-b-18096,finn-b-F5_DEPRESSIO,,rs11691869,0.154298523441626,0.0456592076109673,0.000726569798904428,DD
Leg fat mass (right) || id:ukb-b-18096,Depression || id:finn-b-F5_DEPRESSIO,ukb-b-18096,finn-b-F5_DEPRESSIO,,rs11698185,0.157739480339773,0.0457108093463856,0.000558899531966923,DD
Leg fat mass (right) || id:ukb-b-18096,Depression || id:finn-b-F5_DEPRESSIO,ukb-b-18096,finn-b-F5_DEPRESSIO,,rs11704728,0.162804438173964,0.0454855166915409,0.00034457004253102,DD
Leg fat mass (right) || id:ukb-b-18096,Depression || id:finn-b-F5_DEPRESSIO,ukb-b-18096,finn-b-F5_DEPRESSIO,,rs117176448,0.16068260446715,0.0456291022911499,0.000429122572765945,DD
Leg fat mass (right) || id:ukb-b-18096,Depression || id:finn-b-F5_DEPRESSIO,ukb-b-18096,finn-b-F5_DEPRESSIO,,rs117342986,0.157201905110568,0.0456556963086904,0.000574864154872141,DD
Leg fat mass (right) || id:ukb-b-18096,Depression || id:finn-b-F5_DEPRESSIO,ukb-b-18096,finn-b-F5_DEPRESSIO,,rs117435593,0.15743030117292,0.0456356575441946,0.000561165510583943,DD
Leg fat mass (right) || id:ukb-b-18096,Depression || id:finn-b-F5_DEPRESSIO,ukb-b-18096,finn-b-F5_DEPRESSIO,,rs11757278,0.157145866013806,0.0456863690330038,0.000582431737337459,DD
Leg fat mass (right) || id:ukb-b-18096,Depression || id:finn-b-F5_DEPRESSIO,ukb-b-18096,finn-b-F5_DEPRESSIO,,rs11767811,0.156621122982647,0.0456808107206892,0.000606708101419156,DD
Leg fat mass (right) || id:ukb-b-18096,Depression || id:finn-b-F5_DEPRESSIO,ukb-b-18096,finn-b-F5_DEPRESSIO,,rs11773362,0.157462489385344,0.0456766015596517,0.000566148759548694,DD
Leg fat mass (right) || id:ukb-b-18096,Depression || id:finn-b-F5_DEPRESSIO,ukb-b-18096,finn-b-F5_DEPRESSIO,,rs11779446,0.160056658977012,0.0456731006568196,0.000457643236793611,DD
Leg fat mass (right) || id:ukb-b-18096,Depression || id:finn-b-F5_DEPRESSIO,ukb-b-18096,finn-b-F5_DEPRESSIO,,rs11782341,0.158305701447667,0.045691141034577,0.000530840328464232,DD
Leg fat mass (right) || id:ukb-b-18096,Depression || id:finn-b-F5_DEPRESSIO,ukb-b-18096,finn-b-F5_DEPRESSIO,,rs11802102,0.158549385683727,0.0456821011656602,0.000519081721051449,DD
Leg fat mass (right) || id:ukb-b-18096,Depression || id:finn-b-F5_DEPRESSIO,ukb-b-18096,finn-b-F5_DEPRESSIO,,rs1182199,0.155305830962202,0.0455954724268797,0.000658816682249193,DD
Leg fat mass (right) || id:ukb-b-18096,Depression || id:finn-b-F5_DEPRESSIO,ukb-b-18096,finn-b-F5_DEPRESSIO,,rs11841757,0.158028313292117,0.0457006382591913,0.00054440004445638,DD
Leg fat mass (right) || id:ukb-b-18096,Depression || id:finn-b-F5_DEPRESSIO,ukb-b-18096,finn-b-F5_DEPRESSIO,,rs11854132,0.158330414178408,0.04570100291261,0.000531248841952997,DD
Leg fat mass (right) || id:ukb-b-18096,Depression || id:finn-b-F5_DEPRESSIO,ukb-b-18096,finn-b-F5_DEPRESSIO,,rs11914525,0.160704205325293,0.0457071007986312,0.000438171787798916,DD
Leg fat mass (right) || id:ukb-b-18096,Depression || id:finn-b-F5_DEPRESSIO,ukb-b-18096,finn-b-F5_DEPRESSIO,,rs11926300,0.158533574295394,0.0456923616252866,0.000521261324849873,DD
Leg fat mass (right) || id:ukb-b-18096,Depression || id:finn-b-F5_DEPRESSIO,ukb-b-18096,finn-b-F5_DEPRESSIO,,rs12025220,0.155920432981675,0.045676209528823,0.000641099864947786,DD
Leg fat mass (right) || id:ukb-b-18096,Depression || id:finn-b-F5_DEPRESSIO,ukb-b-18096,finn-b-F5_DEPRESSIO,,rs12031634,0.158451379651051,0.0456919431293979,0.000524700948705678,DD
Leg fat mass (right) || id:ukb-b-18096,Depression || id:finn-b-F5_DEPRESSIO,ukb-b-18096,finn-b-F5_DEPRESSIO,,rs12034626,0.156566163064077,0.0456289609268161,0.000600719700008839,DD
Leg fat mass (right) || id:ukb-b-18096,Depression || id:finn-b-F5_DEPRESSIO,ukb-b-18096,finn-b-F5_DEPRESSIO,,rs12042959,0.156733762271873,0.0456681794617856,0.000599119967154697,DD
Leg fat mass (right) || id:ukb-b-18096,Depression || id:finn-b-F5_DEPRESSIO,ukb-b-18096,finn-b-F5_DEPRESSIO,,rs12072739,0.156776897023455,0.0456966507787654,0.000601763949584748,DD
Leg fat mass (right) || id:ukb-b-18096,Depression || id:finn-b-F5_DEPRESSIO,ukb-b-18096,finn-b-F5_DEPRESSIO,,rs12089815,0.158250040643098,0.0456819342300679,0.000531867911689943,DD
Leg fat mass (right) || id:ukb-b-18096,Depression || id:finn-b-F5_DEPRESSIO,ukb-b-18096,finn-b-F5_DEPRESSIO,,rs12139715,0.156307448687888,0.0456232667176465,0.000612434762416238,DD
Leg fat mass (right) || id:ukb-b-18096,Depression || id:finn-b-F5_DEPRESSIO,ukb-b-18096,finn-b-F5_DEPRESSIO,,rs12140153,0.156003597610205,0.045698922482848,0.000640809978068167,DD
Leg fat mass (right) || id:ukb-b-18096,Depression || id:finn-b-F5_DEPRESSIO,ukb-b-18096,finn-b-F5_DEPRESSIO,,rs12144626,0.15739120480139,0.0457027363773894,0.000573594210886658,DD
Leg fat mass (right) || id:ukb-b-18096,Depression || id:finn-b-F5_DEPRESSIO,ukb-b-18096,finn-b-F5_DEPRESSIO,,rs12173616,0.157997795849613,0.0456798471963594,0.000542572633559936,DD
Leg fat mass (right) || id:ukb-b-18096,Depression || id:finn-b-F5_DEPRESSIO,ukb-b-18096,finn-b-F5_DEPRESSIO,,rs12254441,0.157973160260803,0.04569035280623,0.000545266919323949,DD
Leg fat mass (right) || id:ukb-b-18096,Depression || id:finn-b-F5_DEPRESSIO,ukb-b-18096,finn-b-F5_DEPRESSIO,,rs12286929,0.154756638948969,0.0455076742381466,0.000672206189836099,DD
Leg fat mass (right) || id:ukb-b-18096,Depression || id:finn-b-F5_DEPRESSIO,ukb-b-18096,finn-b-F5_DEPRESSIO,,rs1229984,0.1576774833711,0.0456570516696099,0.000553323865536204,DD
Leg fat mass (right) || id:ukb-b-18096,Depression || id:finn-b-F5_DEPRESSIO,ukb-b-18096,finn-b-F5_DEPRESSIO,,rs12316080,0.157152902716952,0.045684190529555,0.000581747718764168,DD
Leg fat mass (right) || id:ukb-b-18096,Depression || id:finn-b-F5_DEPRESSIO,ukb-b-18096,finn-b-F5_DEPRESSIO,,rs12369705,0.157286813254916,0.0456670904260251,0.000572741632019895,DD
Leg fat mass (right) || id:ukb-b-18096,Depression || id:finn-b-F5_DEPRESSIO,ukb-b-18096,finn-b-F5_DEPRESSIO,,rs12427047,0.156631815221456,0.0457145429699723,0.000611860401319704,DD
Leg fat mass (right) || id:ukb-b-18096,Depression || id:finn-b-F5_DEPRESSIO,ukb-b-18096,finn-b-F5_DEPRESSIO,,rs12475388,0.156412119353787,0.0456573964586741,0.000613040477772955,DD
Leg fat mass (right) || id:ukb-b-18096,Depression || id:finn-b-F5_DEPRESSIO,ukb-b-18096,finn-b-F5_DEPRESSIO,,rs12477385,0.158572007061435,0.0457057744412359,0.000521605505061217,DD
Leg fat mass (right) || id:ukb-b-18096,Depression || id:finn-b-F5_DEPRESSIO,ukb-b-18096,finn-b-F5_DEPRESSIO,,rs12479428,0.158768039186852,0.0456739830890377,0.000508733195526078,DD
Leg fat mass (right) || id:ukb-b-18096,Depression || id:finn-b-F5_DEPRESSIO,ukb-b-18096,finn-b-F5_DEPRESSIO,,rs12540060,0.157517455557821,0.0456742787074003,0.0005632660898026,DD
Leg fat mass (right) || id:ukb-b-18096,Depression || id:finn-b-F5_DEPRESSIO,ukb-b-18096,finn-b-F5_DEPRESSIO,,rs12541408,0.159215076107872,0.0456885519686704,0.000492520720020058,DD
Leg fat mass (right) || id:ukb-b-18096,Depression || id:finn-b-F5_DEPRESSIO,ukb-b-18096,finn-b-F5_DEPRESSIO,,rs1263629,0.157857717445195,0.0456853807085389,0.000549635246228859,DD
Leg fat mass (right) || id:ukb-b-18096,Depression || id:finn-b-F5_DEPRESSIO,ukb-b-18096,finn-b-F5_DEPRESSIO,,rs12679106,0.155245063520472,0.0457056182072526,0.000682212005183054,DD
Leg fat mass (right) || id:ukb-b-18096,Depression || id:finn-b-F5_DEPRESSIO,ukb-b-18096,finn-b-F5_DEPRESSIO,,rs12724928,0.160593714064183,0.0456651882052257,0.000436841129983278,DD
Leg fat mass (right) || id:ukb-b-18096,Depression || id:finn-b-F5_DEPRESSIO,ukb-b-18096,finn-b-F5_DEPRESSIO,,rs12784071,0.157853917231567,0.0456784713698615,0.000548739980071561,DD
Leg fat mass (right) || id:ukb-b-18096,Depression || id:finn-b-F5_DEPRESSIO,ukb-b-18096,finn-b-F5_DEPRESSIO,,rs1286058,0.155729686640676,0.0455331733067244,0.000625896269411703,DD
Leg fat mass (right) || id:ukb-b-18096,Depression || id:finn-b-F5_DEPRESSIO,ukb-b-18096,finn-b-F5_DEPRESSIO,,rs12877270,0.15839858177295,0.0457022531815546,0.000528496672937294,DD
Leg fat mass (right) || id:ukb-b-18096,Depression || id:finn-b-F5_DEPRESSIO,ukb-b-18096,finn-b-F5_DEPRESSIO,,rs12878084,0.160359360948828,0.0455895360435224,0.000435698318101615,DD
Leg fat mass (right) || id:ukb-b-18096,Depression || id:finn-b-F5_DEPRESSIO,ukb-b-18096,finn-b-F5_DEPRESSIO,,rs12881629,0.158345435365434,0.0456978527576848,0.000530128996182217,DD
Leg fat mass (right) || id:ukb-b-18096,Depression || id:finn-b-F5_DEPRESSIO,ukb-b-18096,finn-b-F5_DEPRESSIO,,rs12889080,0.15486242538531,0.0456072882511027,0.000684875836611748,DD
Leg fat mass (right) || id:ukb-b-18096,Depression || id:finn-b-F5_DEPRESSIO,ukb-b-18096,finn-b-F5_DEPRESSIO,,rs12890931,0.158353704022361,0.0457049915535109,0.00053083968927974,DD
Leg fat mass (right) || id:ukb-b-18096,Depression || id:finn-b-F5_DEPRESSIO,ukb-b-18096,finn-b-F5_DEPRESSIO,,rs12920259,0.157042400531708,0.0456707095986091,0.000584773160643131,DD
Leg fat mass (right) || id:ukb-b-18096,Depression || id:finn-b-F5_DEPRESSIO,ukb-b-18096,finn-b-F5_DEPRESSIO,,rs12921986,0.157854210837297,0.0456761245722731,0.000548365574944167,DD
Leg fat mass (right) || id:ukb-b-18096,Depression || id:finn-b-F5_DEPRESSIO,ukb-b-18096,finn-b-F5_DEPRESSIO,,rs1296328,0.153919995269706,0.0456077394404632,0.000738517227817397,DD
Leg fat mass (right) || id:ukb-b-18096,Depression || id:finn-b-F5_DEPRESSIO,ukb-b-18096,finn-b-F5_DEPRESSIO,,rs12980373,0.157067110657949,0.0456635994200911,0.000582452259102971,DD
Leg fat mass (right) || id:ukb-b-18096,Depression || id:finn-b-F5_DEPRESSIO,ukb-b-18096,finn-b-F5_DEPRESSIO,,rs12981222,0.156522916515884,0.0456077116969585,0.000599280784035879,DD
Leg fat mass (right) || id:ukb-b-18096,Depression || id:finn-b-F5_DEPRESSIO,ukb-b-18096,finn-b-F5_DEPRESSIO,,rs13026068,0.156652263996206,0.0456382801320039,0.00059809861473564,DD
Leg fat mass (right) || id:ukb-b-18096,Depression || id:finn-b-F5_DEPRESSIO,ukb-b-18096,finn-b-F5_DEPRESSIO,,rs13033310,0.157079920135902,0.0456695163987467,0.000582807771172805,DD
Leg fat mass (right) || id:ukb-b-18096,Depression || id:finn-b-F5_DEPRESSIO,ukb-b-18096,finn-b-F5_DEPRESSIO,,rs13041173,0.159849794613348,0.0456570759882687,0.000463349340248694,DD
Leg fat mass (right) || id:ukb-b-18096,Depression || id:finn-b-F5_DEPRESSIO,ukb-b-18096,finn-b-F5_DEPRESSIO,,rs13043475,0.154020262526968,0.0456494044142015,0.000740892492273934,DD
Leg fat mass (right) || id:ukb-b-18096,Depression || id:finn-b-F5_DEPRESSIO,ukb-b-18096,finn-b-F5_DEPRESSIO,,rs13044335,0.160559131701825,0.0456242094305544,0.000432906993953712,DD
Leg fat mass (right) || id:ukb-b-18096,Depression || id:finn-b-F5_DEPRESSIO,ukb-b-18096,finn-b-F5_DEPRESSIO,,rs13097918,0.155673863578882,0.0456116216927475,0.000642447123927521,DD
Leg fat mass (right) || id:ukb-b-18096,Depression || id:finn-b-F5_DEPRESSIO,ukb-b-18096,finn-b-F5_DEPRESSIO,,rs13107325,0.158018313202746,0.0456790453601245,0.00054154647285545,DD
Leg fat mass (right) || id:ukb-b-18096,Depression || id:finn-b-F5_DEPRESSIO,ukb-b-18096,finn-b-F5_DEPRESSIO,,rs13172524,0.158399250523872,0.0456848795802614,0.000525883186903761,DD
Leg fat mass (right) || id:ukb-b-18096,Depression || id:finn-b-F5_DEPRESSIO,ukb-b-18096,finn-b-F5_DEPRESSIO,,rs13172600,0.158059944026757,0.0456838373630147,0.000540444770230777,DD
Leg fat mass (right) || id:ukb-b-18096,Depression || id:finn-b-F5_DEPRESSIO,ukb-b-18096,finn-b-F5_DEPRESSIO,,rs13173398,0.159065977115951,0.0456689240745906,0.000495783165514392,DD
Leg fat mass (right) || id:ukb-b-18096,Depression || id:finn-b-F5_DEPRESSIO,ukb-b-18096,finn-b-F5_DEPRESSIO,,rs1320612,0.160905307977025,0.0455452026046155,0.000411073598022052,DD
Leg fat mass (right) || id:ukb-b-18096,Depression || id:finn-b-F5_DEPRESSIO,ukb-b-18096,finn-b-F5_DEPRESSIO,,rs1321519,0.157443881745487,0.0456861444736004,0.000568516038749668,DD
Leg fat mass (right) || id:ukb-b-18096,Depression || id:finn-b-F5_DEPRESSIO,ukb-b-18096,finn-b-F5_DEPRESSIO,,rs13218383,0.156903610916508,0.0456889615031571,0.000594373702837373,DD
Leg fat mass (right) || id:ukb-b-18096,Depression || id:finn-b-F5_DEPRESSIO,ukb-b-18096,finn-b-F5_DEPRESSIO,,rs1327259,0.157796247723112,0.0456963001570885,0.000554077712644201,DD
Leg fat mass (right) || id:ukb-b-18096,Depression || id:finn-b-F5_DEPRESSIO,ukb-b-18096,finn-b-F5_DEPRESSIO,,rs13292699,0.160394209020794,0.0457486031904975,0.000454909930312731,DD
Leg fat mass (right) || id:ukb-b-18096,Depression || id:finn-b-F5_DEPRESSIO,ukb-b-18096,finn-b-F5_DEPRESSIO,,rs1330199,0.159418681775639,0.0456719163651642,0.000482083730104525,DD
Leg fat mass (right) || id:ukb-b-18096,Depression || id:finn-b-F5_DEPRESSIO,ukb-b-18096,finn-b-F5_DEPRESSIO,,rs13333747,0.156254921179491,0.0456867563709489,0.000625898312503746,DD
Leg fat mass (right) || id:ukb-b-18096,Depression || id:finn-b-F5_DEPRESSIO,ukb-b-18096,finn-b-F5_DEPRESSIO,,rs13389219,0.15701830062919,0.045690822477971,0.00058919717510575,DD
Leg fat mass (right) || id:ukb-b-18096,Depression || id:finn-b-F5_DEPRESSIO,ukb-b-18096,finn-b-F5_DEPRESSIO,,rs13410783,0.159789089890919,0.0456982487405992,0.000471204905680106,DD
Leg fat mass (right) || id:ukb-b-18096,Depression || id:finn-b-F5_DEPRESSIO,ukb-b-18096,finn-b-F5_DEPRESSIO,,rs13427822,0.156285949165923,0.0456768207148315,0.00062263153305632,DD
Leg fat mass (right) || id:ukb-b-18096,Depression || id:finn-b-F5_DEPRESSIO,ukb-b-18096,finn-b-F5_DEPRESSIO,,rs1360201,0.155497734790483,0.0455823466453731,0.000646399944259846,DD
Leg fat mass (right) || id:ukb-b-18096,Depression || id:finn-b-F5_DEPRESSIO,ukb-b-18096,finn-b-F5_DEPRESSIO,,rs1363695,0.159070897661677,0.0456897112663402,0.000498525450095196,DD
Leg fat mass (right) || id:ukb-b-18096,Depression || id:finn-b-F5_DEPRESSIO,ukb-b-18096,finn-b-F5_DEPRESSIO,,rs1383723,0.157966631452784,0.0456920975657158,0.000545823508514877,DD
Leg fat mass (right) || id:ukb-b-18096,Depression || id:finn-b-F5_DEPRESSIO,ukb-b-18096,finn-b-F5_DEPRESSIO,,rs140529657,0.158684451573443,0.0456766795488608,0.000512607644501688,DD
Leg fat mass (right) || id:ukb-b-18096,Depression || id:finn-b-F5_DEPRESSIO,ukb-b-18096,finn-b-F5_DEPRESSIO,,rs140733155,0.154599283308584,0.0456329132505602,0.000704325456024948,DD
Leg fat mass (right) || id:ukb-b-18096,Depression || id:finn-b-F5_DEPRESSIO,ukb-b-18096,finn-b-F5_DEPRESSIO,,rs1412239,0.160666069301436,0.0457377459201576,0.000443465280161514,DD
Leg fat mass (right) || id:ukb-b-18096,Depression || id:finn-b-F5_DEPRESSIO,ukb-b-18096,finn-b-F5_DEPRESSIO,,rs143121872,0.15957367190618,0.0456151585843153,0.000468304849911489,DD
Leg fat mass (right) || id:ukb-b-18096,Depression || id:finn-b-F5_DEPRESSIO,ukb-b-18096,finn-b-F5_DEPRESSIO,,rs1436348,0.15394991128132,0.0455577585712062,0.000726905216572327,DD
Leg fat mass (right) || id:ukb-b-18096,Depression || id:finn-b-F5_DEPRESSIO,ukb-b-18096,finn-b-F5_DEPRESSIO,,rs1441264,0.155326832573541,0.0456433519942063,0.0006663688982731,DD
Leg fat mass (right) || id:ukb-b-18096,Depression || id:finn-b-F5_DEPRESSIO,ukb-b-18096,finn-b-F5_DEPRESSIO,,rs1446585,0.156017315086434,0.0456617950646376,0.000633613318174497,DD
Leg fat mass (right) || id:ukb-b-18096,Depression || id:finn-b-F5_DEPRESSIO,ukb-b-18096,finn-b-F5_DEPRESSIO,,rs1458156,0.158563745936386,0.0457151881691712,0.000523346290623314,DD
Leg fat mass (right) || id:ukb-b-18096,Depression || id:finn-b-F5_DEPRESSIO,ukb-b-18096,finn-b-F5_DEPRESSIO,,rs1477290,0.158268239130178,0.045760259001655,0.000542911049872489,DD
Leg fat mass (right) || id:ukb-b-18096,Depression || id:finn-b-F5_DEPRESSIO,ukb-b-18096,finn-b-F5_DEPRESSIO,,rs147730268,0.160246152069095,0.0457473822023138,0.000460311081284873,DD
Leg fat mass (right) || id:ukb-b-18096,Depression || id:finn-b-F5_DEPRESSIO,ukb-b-18096,finn-b-F5_DEPRESSIO,,rs1480474,0.160000748897137,0.0456249695940076,0.000453413894364265,DD
Leg fat mass (right) || id:ukb-b-18096,Depression || id:finn-b-F5_DEPRESSIO,ukb-b-18096,finn-b-F5_DEPRESSIO,,rs1481012,0.158873043974801,0.0456669013780752,0.000503375200473274,DD
Leg fat mass (right) || id:ukb-b-18096,Depression || id:finn-b-F5_DEPRESSIO,ukb-b-18096,finn-b-F5_DEPRESSIO,,rs148603272,0.158871871309453,0.0456641923990062,0.000503035876471832,DD
Leg fat mass (right) || id:ukb-b-18096,Depression || id:finn-b-F5_DEPRESSIO,ukb-b-18096,finn-b-F5_DEPRESSIO,,rs148636479,0.158870014591985,0.0456518833269479,0.000501353906563915,DD
Leg fat mass (right) || id:ukb-b-18096,Depression || id:finn-b-F5_DEPRESSIO,ukb-b-18096,finn-b-F5_DEPRESSIO,,rs1487248,0.158251809020046,0.045685634818572,0.000532346405270771,DD
Leg fat mass (right) || id:ukb-b-18096,Depression || id:finn-b-F5_DEPRESSIO,ukb-b-18096,finn-b-F5_DEPRESSIO,,rs149990157,0.158003062833737,0.0456937234496201,0.000544459292496947,DD
Leg fat mass (right) || id:ukb-b-18096,Depression || id:finn-b-F5_DEPRESSIO,ukb-b-18096,finn-b-F5_DEPRESSIO,,rs1502317,0.156291494263174,0.0456923828414932,0.000625026215381529,DD
Leg fat mass (right) || id:ukb-b-18096,Depression || id:finn-b-F5_DEPRESSIO,ukb-b-18096,finn-b-F5_DEPRESSIO,,rs150379976,0.156658752455592,0.0456180338140165,0.00059443527367129,DD
Leg fat mass (right) || id:ukb-b-18096,Depression || id:finn-b-F5_DEPRESSIO,ukb-b-18096,finn-b-F5_DEPRESSIO,,rs1505112,0.157575182660554,0.0456769824883515,0.00056105985821304,DD
Leg fat mass (right) || id:ukb-b-18096,Depression || id:finn-b-F5_DEPRESSIO,ukb-b-18096,finn-b-F5_DEPRESSIO,,rs1507331,0.158870623547645,0.0456771183282386,0.000504938673805428,DD
Leg fat mass (right) || id:ukb-b-18096,Depression || id:finn-b-F5_DEPRESSIO,ukb-b-18096,finn-b-F5_DEPRESSIO,,rs1510593,0.158569415163107,0.0456825672609892,0.000518303215480509,DD
Leg fat mass (right) || id:ukb-b-18096,Depression || id:finn-b-F5_DEPRESSIO,ukb-b-18096,finn-b-F5_DEPRESSIO,,rs1524271,0.157205317724069,0.0456648795157871,0.000576178634368791,DD
Leg fat mass (right) || id:ukb-b-18096,Depression || id:finn-b-F5_DEPRESSIO,ukb-b-18096,finn-b-F5_DEPRESSIO,,rs1532460,0.160130053000369,0.0456144565001809,0.000447246240497081,DD
Leg fat mass (right) || id:ukb-b-18096,Depression || id:finn-b-F5_DEPRESSIO,ukb-b-18096,finn-b-F5_DEPRESSIO,,rs1554654,0.157154884897453,0.0457008434524645,0.000584354251763705,DD
Leg fat mass (right) || id:ukb-b-18096,Depression || id:finn-b-F5_DEPRESSIO,ukb-b-18096,finn-b-F5_DEPRESSIO,,rs1557100,0.157919993120295,0.0456920524353564,0.000547887746020285,DD
Leg fat mass (right) || id:ukb-b-18096,Depression || id:finn-b-F5_DEPRESSIO,ukb-b-18096,finn-b-F5_DEPRESSIO,,rs1564280,0.15635265106538,0.0456074558519083,0.000607540198644348,DD
Leg fat mass (right) || id:ukb-b-18096,Depression || id:finn-b-F5_DEPRESSIO,ukb-b-18096,finn-b-F5_DEPRESSIO,,rs1568488,0.159325299159804,0.0457076272347209,0.000490761921544669,DD
Leg fat mass (right) || id:ukb-b-18096,Depression || id:finn-b-F5_DEPRESSIO,ukb-b-18096,finn-b-F5_DEPRESSIO,,rs1584324,0.155063389384372,0.0454482896742811,0.000645202636448877,DD
Leg fat mass (right) || id:ukb-b-18096,Depression || id:finn-b-F5_DEPRESSIO,ukb-b-18096,finn-b-F5_DEPRESSIO,,rs1619442,0.159276144992937,0.0456758206341811,0.000488289108710587,DD
Leg fat mass (right) || id:ukb-b-18096,Depression || id:finn-b-F5_DEPRESSIO,ukb-b-18096,finn-b-F5_DEPRESSIO,,rs16916303,0.157820659179634,0.0456949540144837,0.00055277283483827,DD
Leg fat mass (right) || id:ukb-b-18096,Depression || id:finn-b-F5_DEPRESSIO,ukb-b-18096,finn-b-F5_DEPRESSIO,,rs16996657,0.161816555462532,0.0456312504815065,0.000390861480853926,DD
Leg fat mass (right) || id:ukb-b-18096,Depression || id:finn-b-F5_DEPRESSIO,ukb-b-18096,finn-b-F5_DEPRESSIO,,rs17024393,0.154449484104084,0.0457945600551172,0.000744458000327637,DD
Leg fat mass (right) || id:ukb-b-18096,Depression || id:finn-b-F5_DEPRESSIO,ukb-b-18096,finn-b-F5_DEPRESSIO,,rs17056301,0.157273757414064,0.0456703346725794,0.000573866576874008,DD
Leg fat mass (right) || id:ukb-b-18096,Depression || id:finn-b-F5_DEPRESSIO,ukb-b-18096,finn-b-F5_DEPRESSIO,,rs17115183,0.158103946040156,0.0456985081764879,0.000540741599624141,DD
Leg fat mass (right) || id:ukb-b-18096,Depression || id:finn-b-F5_DEPRESSIO,ukb-b-18096,finn-b-F5_DEPRESSIO,,rs17167315,0.158524982609436,0.0456816561227531,0.000520049780519079,DD
Leg fat mass (right) || id:ukb-b-18096,Depression || id:finn-b-F5_DEPRESSIO,ukb-b-18096,finn-b-F5_DEPRESSIO,,rs17193211,0.158671937814661,0.0456893334058577,0.000514974151332466,DD
Leg fat mass (right) || id:ukb-b-18096,Depression || id:finn-b-F5_DEPRESSIO,ukb-b-18096,finn-b-F5_DEPRESSIO,,rs1726254,0.157541654952088,0.0456746887875227,0.000562226465490602,DD
Leg fat mass (right) || id:ukb-b-18096,Depression || id:finn-b-F5_DEPRESSIO,ukb-b-18096,finn-b-F5_DEPRESSIO,,rs17270216,0.158235756241927,0.0456871583310821,0.000533271066639924,DD
Leg fat mass (right) || id:ukb-b-18096,Depression || id:finn-b-F5_DEPRESSIO,ukb-b-18096,finn-b-F5_DEPRESSIO,,rs17311369,0.159442418496901,0.0456466882907107,0.000477683865698942,DD
Leg fat mass (right) || id:ukb-b-18096,Depression || id:finn-b-F5_DEPRESSIO,ukb-b-18096,finn-b-F5_DEPRESSIO,,rs17399739,0.159807028219925,0.0456850172732016,0.000468728901366931,DD
Leg fat mass (right) || id:ukb-b-18096,Depression || id:finn-b-F5_DEPRESSIO,ukb-b-18096,finn-b-F5_DEPRESSIO,,rs17425707,0.159460646318494,0.0456397708123424,0.000476025104817399,DD
Leg fat mass (right) || id:ukb-b-18096,Depression || id:finn-b-F5_DEPRESSIO,ukb-b-18096,finn-b-F5_DEPRESSIO,,rs1743767,0.15829879394453,0.0456920642688338,0.00053127704582244,DD
Leg fat mass (right) || id:ukb-b-18096,Depression || id:finn-b-F5_DEPRESSIO,ukb-b-18096,finn-b-F5_DEPRESSIO,,rs17513752,0.159337922986416,0.0457262513252575,0.000492864081618263,DD
Leg fat mass (right) || id:ukb-b-18096,Depression || id:finn-b-F5_DEPRESSIO,ukb-b-18096,finn-b-F5_DEPRESSIO,,rs17619973,0.158476647712795,0.0456766738478259,0.000521367394840765,DD
Leg fat mass (right) || id:ukb-b-18096,Depression || id:finn-b-F5_DEPRESSIO,ukb-b-18096,finn-b-F5_DEPRESSIO,,rs17668356,0.157645566544934,0.045715945648124,0.000563977638702629,DD
Leg fat mass (right) || id:ukb-b-18096,Depression || id:finn-b-F5_DEPRESSIO,ukb-b-18096,finn-b-F5_DEPRESSIO,,rs17744603,0.160429345405563,0.0456122044181706,0.00043604938999791,DD
Leg fat mass (right) || id:ukb-b-18096,Depression || id:finn-b-F5_DEPRESSIO,ukb-b-18096,finn-b-F5_DEPRESSIO,,rs1778830,0.155337018152015,0.0455727595675365,0.000653091757280426,DD
Leg fat mass (right) || id:ukb-b-18096,Depression || id:finn-b-F5_DEPRESSIO,ukb-b-18096,finn-b-F5_DEPRESSIO,,rs17814208,0.158966975761602,0.0456801348650736,0.000501409422026696,DD
Leg fat mass (right) || id:ukb-b-18096,Depression || id:finn-b-F5_DEPRESSIO,ukb-b-18096,finn-b-F5_DEPRESSIO,,rs1782508,0.157561947538452,0.0457043216915006,0.000565970063319343,DD
Leg fat mass (right) || id:ukb-b-18096,Depression || id:finn-b-F5_DEPRESSIO,ukb-b-18096,finn-b-F5_DEPRESSIO,,rs17879604,0.157927409269419,0.0456830422339176,0.000546174612343858,DD
Leg fat mass (right) || id:ukb-b-18096,Depression || id:finn-b-F5_DEPRESSIO,ukb-b-18096,finn-b-F5_DEPRESSIO,,rs1801282,0.157345732819983,0.0457647529587677,0.000585719819271964,DD
Leg fat mass (right) || id:ukb-b-18096,Depression || id:finn-b-F5_DEPRESSIO,ukb-b-18096,finn-b-F5_DEPRESSIO,,rs1814592,0.156636899407926,0.0456793765031695,0.000605696299806619,DD
Leg fat mass (right) || id:ukb-b-18096,Depression || id:finn-b-F5_DEPRESSIO,ukb-b-18096,finn-b-F5_DEPRESSIO,,rs183063,0.156396101333613,0.0456379488471304,0.000610542701358787,DD
Leg fat mass (right) || id:ukb-b-18096,Depression || id:finn-b-F5_DEPRESSIO,ukb-b-18096,finn-b-F5_DEPRESSIO,,rs1861410,0.158286355282848,0.0457382542107598,0.00053877377900059,DD
Leg fat mass (right) || id:ukb-b-18096,Depression || id:finn-b-F5_DEPRESSIO,ukb-b-18096,finn-b-F5_DEPRESSIO,,rs1871329,0.158050822075671,0.045690496764599,0.000541859247271724,DD
Leg fat mass (right) || id:ukb-b-18096,Depression || id:finn-b-F5_DEPRESSIO,ukb-b-18096,finn-b-F5_DEPRESSIO,,rs1881505,0.158103627597455,0.0456776136571171,0.000537586355125955,DD
Leg fat mass (right) || id:ukb-b-18096,Depression || id:finn-b-F5_DEPRESSIO,ukb-b-18096,finn-b-F5_DEPRESSIO,,rs1889490,0.156957329686205,0.0456685976995215,0.000588463882580725,DD
Leg fat mass (right) || id:ukb-b-18096,Depression || id:finn-b-F5_DEPRESSIO,ukb-b-18096,finn-b-F5_DEPRESSIO,,rs1899689,0.157918752888979,0.0457078190661662,0.000550371506818338,DD
Leg fat mass (right) || id:ukb-b-18096,Depression || id:finn-b-F5_DEPRESSIO,ukb-b-18096,finn-b-F5_DEPRESSIO,,rs1928496,0.15934392646755,0.0456946853713282,0.000488209270517865,DD
Leg fat mass (right) || id:ukb-b-18096,Depression || id:finn-b-F5_DEPRESSIO,ukb-b-18096,finn-b-F5_DEPRESSIO,,rs1941681,0.156998030160046,0.0456591393728039,0.000584990098166444,DD
Leg fat mass (right) || id:ukb-b-18096,Depression || id:finn-b-F5_DEPRESSIO,ukb-b-18096,finn-b-F5_DEPRESSIO,,rs1945160,0.159294453830727,0.0456808629818329,0.000488260105187976,DD
Leg fat mass (right) || id:ukb-b-18096,Depression || id:finn-b-F5_DEPRESSIO,ukb-b-18096,finn-b-F5_DEPRESSIO,,rs1956459,0.156580438495953,0.0456308616413659,0.000600343500825074,DD
Leg fat mass (right) || id:ukb-b-18096,Depression || id:finn-b-F5_DEPRESSIO,ukb-b-18096,finn-b-F5_DEPRESSIO,,rs1963729,0.155965204072585,0.0456050566773624,0.000626417824291779,DD
Leg fat mass (right) || id:ukb-b-18096,Depression || id:finn-b-F5_DEPRESSIO,ukb-b-18096,finn-b-F5_DEPRESSIO,,rs197374,0.157598378077735,0.0456929161380444,0.000562506641954101,DD
Leg fat mass (right) || id:ukb-b-18096,Depression || id:finn-b-F5_DEPRESSIO,ukb-b-18096,finn-b-F5_DEPRESSIO,,rs2051559,0.15557871083907,0.0455735234591477,0.000640645317612063,DD
Leg fat mass (right) || id:ukb-b-18096,Depression || id:finn-b-F5_DEPRESSIO,ukb-b-18096,finn-b-F5_DEPRESSIO,,rs2052607,0.158758482204189,0.0457127079735161,0.000514748881233707,DD
Leg fat mass (right) || id:ukb-b-18096,Depression || id:finn-b-F5_DEPRESSIO,ukb-b-18096,finn-b-F5_DEPRESSIO,,rs2058527,0.159304955954107,0.0456577412659988,0.000484628721870123,DD
Leg fat mass (right) || id:ukb-b-18096,Depression || id:finn-b-F5_DEPRESSIO,ukb-b-18096,finn-b-F5_DEPRESSIO,,rs2072413,0.160006404349486,0.0456443037283801,0.000455739337782395,DD
Leg fat mass (right) || id:ukb-b-18096,Depression || id:finn-b-F5_DEPRESSIO,ukb-b-18096,finn-b-F5_DEPRESSIO,,rs2073910,0.159750575463596,0.0456259486604532,0.000462977528814821,DD
Leg fat mass (right) || id:ukb-b-18096,Depression || id:finn-b-F5_DEPRESSIO,ukb-b-18096,finn-b-F5_DEPRESSIO,,rs208477,0.156864680123902,0.0456799410190448,0.000594755595977952,DD
Leg fat mass (right) || id:ukb-b-18096,Depression || id:finn-b-F5_DEPRESSIO,ukb-b-18096,finn-b-F5_DEPRESSIO,,rs2106736,0.160315585915336,0.0455956703022913,0.000438057227938186,DD
Leg fat mass (right) || id:ukb-b-18096,Depression || id:finn-b-F5_DEPRESSIO,ukb-b-18096,finn-b-F5_DEPRESSIO,,rs2120450,0.157693914312093,0.0456879236827954,0.000557387263766715,DD
Leg fat mass (right) || id:ukb-b-18096,Depression || id:finn-b-F5_DEPRESSIO,ukb-b-18096,finn-b-F5_DEPRESSIO,,rs2133561,0.156743517294349,0.0456840070292537,0.000601278637722747,DD
Leg fat mass (right) || id:ukb-b-18096,Depression || id:finn-b-F5_DEPRESSIO,ukb-b-18096,finn-b-F5_DEPRESSIO,,rs2143175,0.159889919435135,0.0456619978116283,0.000462478400531002,DD
Leg fat mass (right) || id:ukb-b-18096,Depression || id:finn-b-F5_DEPRESSIO,ukb-b-18096,finn-b-F5_DEPRESSIO,,rs2153733,0.15834212344383,0.0456864346375351,0.000528566940786593,DD
Leg fat mass (right) || id:ukb-b-18096,Depression || id:finn-b-F5_DEPRESSIO,ukb-b-18096,finn-b-F5_DEPRESSIO,,rs215634,0.156391100417151,0.0456814152366256,0.000618163912756906,DD
Leg fat mass (right) || id:ukb-b-18096,Depression || id:finn-b-F5_DEPRESSIO,ukb-b-18096,finn-b-F5_DEPRESSIO,,rs2156675,0.159907582835014,0.0456190740719019,0.000456128995345316,DD
Leg fat mass (right) || id:ukb-b-18096,Depression || id:finn-b-F5_DEPRESSIO,ukb-b-18096,finn-b-F5_DEPRESSIO,,rs2162826,0.162003664271732,0.0454993243372945,0.000370046461726802,DD
Leg fat mass (right) || id:ukb-b-18096,Depression || id:finn-b-F5_DEPRESSIO,ukb-b-18096,finn-b-F5_DEPRESSIO,,rs2169935,0.159891421298141,0.0456489793814455,0.000460691314641994,DD
Leg fat mass (right) || id:ukb-b-18096,Depression || id:finn-b-F5_DEPRESSIO,ukb-b-18096,finn-b-F5_DEPRESSIO,,rs2172131,0.157889879803541,0.04571323840606,0.000552500733883126,DD
Leg fat mass (right) || id:ukb-b-18096,Depression || id:finn-b-F5_DEPRESSIO,ukb-b-18096,finn-b-F5_DEPRESSIO,,rs2209514,0.159124300483331,0.0456849577588977,0.000495682737805116,DD
Leg fat mass (right) || id:ukb-b-18096,Depression || id:finn-b-F5_DEPRESSIO,ukb-b-18096,finn-b-F5_DEPRESSIO,,rs2216931,0.157791126845061,0.0457145046947598,0.000557140299692694,DD
Leg fat mass (right) || id:ukb-b-18096,Depression || id:finn-b-F5_DEPRESSIO,ukb-b-18096,finn-b-F5_DEPRESSIO,,rs2217769,0.159040761149535,0.0456725928220021,0.000497325999887546,DD
Leg fat mass (right) || id:ukb-b-18096,Depression || id:finn-b-F5_DEPRESSIO,ukb-b-18096,finn-b-F5_DEPRESSIO,,rs2254992,0.156817131734063,0.0456265162026664,0.000588252933154646,DD
Leg fat mass (right) || id:ukb-b-18096,Depression || id:finn-b-F5_DEPRESSIO,ukb-b-18096,finn-b-F5_DEPRESSIO,,rs2275444,0.157958962432188,0.0456841841868521,0.000544951169674857,DD
Leg fat mass (right) || id:ukb-b-18096,Depression || id:finn-b-F5_DEPRESSIO,ukb-b-18096,finn-b-F5_DEPRESSIO,,rs2283093,0.159795999287603,0.045643915279153,0.000463643440082057,DD
Leg fat mass (right) || id:ukb-b-18096,Depression || id:finn-b-F5_DEPRESSIO,ukb-b-18096,finn-b-F5_DEPRESSIO,,rs2289379,0.162352158573506,0.045560200405152,0.000365992155219998,DD
Leg fat mass (right) || id:ukb-b-18096,Depression || id:finn-b-F5_DEPRESSIO,ukb-b-18096,finn-b-F5_DEPRESSIO,,rs2291127,0.159580537205434,0.0456511948636823,0.000472910975843059,DD
Leg fat mass (right) || id:ukb-b-18096,Depression || id:finn-b-F5_DEPRESSIO,ukb-b-18096,finn-b-F5_DEPRESSIO,,rs2292238,0.160066592464018,0.045660086738387,0.000455557121126669,DD
Leg fat mass (right) || id:ukb-b-18096,Depression || id:finn-b-F5_DEPRESSIO,ukb-b-18096,finn-b-F5_DEPRESSIO,,rs2307111,0.159789479966306,0.045814083119108,0.000487047177955505,DD
Leg fat mass (right) || id:ukb-b-18096,Depression || id:finn-b-F5_DEPRESSIO,ukb-b-18096,finn-b-F5_DEPRESSIO,,rs2413471,0.158508925116733,0.0456824280101692,0.00052084449874129,DD
Leg fat mass (right) || id:ukb-b-18096,Depression || id:finn-b-F5_DEPRESSIO,ukb-b-18096,finn-b-F5_DEPRESSIO,,rs2425847,0.157780762656207,0.0456856328004323,0.000553118515886246,DD
Leg fat mass (right) || id:ukb-b-18096,Depression || id:finn-b-F5_DEPRESSIO,ukb-b-18096,finn-b-F5_DEPRESSIO,,rs2433733,0.163073831585194,0.0455545618095875,0.000343926289076231,DD
Leg fat mass (right) || id:ukb-b-18096,Depression || id:finn-b-F5_DEPRESSIO,ukb-b-18096,finn-b-F5_DEPRESSIO,,rs245767,0.158887703891181,0.0457140972748566,0.000509554493936284,DD
Leg fat mass (right) || id:ukb-b-18096,Depression || id:finn-b-F5_DEPRESSIO,ukb-b-18096,finn-b-F5_DEPRESSIO,,rs2458424,0.155097213965101,0.0454335315773894,0.000640831296298877,DD
Leg fat mass (right) || id:ukb-b-18096,Depression || id:finn-b-F5_DEPRESSIO,ukb-b-18096,finn-b-F5_DEPRESSIO,,rs2472643,0.161654373226169,0.0454500945134972,0.000375479031570254,DD
Leg fat mass (right) || id:ukb-b-18096,Depression || id:finn-b-F5_DEPRESSIO,ukb-b-18096,finn-b-F5_DEPRESSIO,,rs252749,0.155993927013767,0.0456316072229821,0.000629557693487203,DD
Leg fat mass (right) || id:ukb-b-18096,Depression || id:finn-b-F5_DEPRESSIO,ukb-b-18096,finn-b-F5_DEPRESSIO,,rs2539999,0.160043281363185,0.0456168909336553,0.000450774226359021,DD
Leg fat mass (right) || id:ukb-b-18096,Depression || id:finn-b-F5_DEPRESSIO,ukb-b-18096,finn-b-F5_DEPRESSIO,,rs255801,0.159004264796292,0.0456847881121971,0.000500545905812174,DD
Leg fat mass (right) || id:ukb-b-18096,Depression || id:finn-b-F5_DEPRESSIO,ukb-b-18096,finn-b-F5_DEPRESSIO,,rs2568958,0.153584130239162,0.0456640657846422,0.000770033138959281,DD
Leg fat mass (right) || id:ukb-b-18096,Depression || id:finn-b-F5_DEPRESSIO,ukb-b-18096,finn-b-F5_DEPRESSIO,,rs2601062,0.15808636867984,0.0456899390643404,0.000540211412806238,DD
Leg fat mass (right) || id:ukb-b-18096,Depression || id:finn-b-F5_DEPRESSIO,ukb-b-18096,finn-b-F5_DEPRESSIO,,rs2606227,0.160604206096966,0.0456219673153069,0.000431016388248781,DD
Leg fat mass (right) || id:ukb-b-18096,Depression || id:finn-b-F5_DEPRESSIO,ukb-b-18096,finn-b-F5_DEPRESSIO,,rs264948,0.15780819857391,0.0456927331711883,0.000552987746480036,DD
Leg fat mass (right) || id:ukb-b-18096,Depression || id:finn-b-F5_DEPRESSIO,ukb-b-18096,finn-b-F5_DEPRESSIO,,rs2660204,0.156598904756764,0.045637185438768,0.000600500345413015,DD
Leg fat mass (right) || id:ukb-b-18096,Depression || id:finn-b-F5_DEPRESSIO,ukb-b-18096,finn-b-F5_DEPRESSIO,,rs2660241,0.159967650587353,0.0456807122912789,0.000462015057269383,DD
Leg fat mass (right) || id:ukb-b-18096,Depression || id:finn-b-F5_DEPRESSIO,ukb-b-18096,finn-b-F5_DEPRESSIO,,rs2678204,0.156490654842488,0.0457328824556173,0.000621986621555574,DD
Leg fat mass (right) || id:ukb-b-18096,Depression || id:finn-b-F5_DEPRESSIO,ukb-b-18096,finn-b-F5_DEPRESSIO,,rs2726036,0.164606303402816,0.0456955421202385,0.000315487051192805,DD
Leg fat mass (right) || id:ukb-b-18096,Depression || id:finn-b-F5_DEPRESSIO,ukb-b-18096,finn-b-F5_DEPRESSIO,,rs2736084,0.15852897129853,0.045685849551764,0.000520497669087767,DD
Leg fat mass (right) || id:ukb-b-18096,Depression || id:finn-b-F5_DEPRESSIO,ukb-b-18096,finn-b-F5_DEPRESSIO,,rs274111,0.160101858462984,0.0456317889266718,0.000450540000762062,DD
Leg fat mass (right) || id:ukb-b-18096,Depression || id:finn-b-F5_DEPRESSIO,ukb-b-18096,finn-b-F5_DEPRESSIO,,rs2744938,0.156649332365,0.0458983304616802,0.000642605185085119,DD
Leg fat mass (right) || id:ukb-b-18096,Depression || id:finn-b-F5_DEPRESSIO,ukb-b-18096,finn-b-F5_DEPRESSIO,,rs2777768,0.158628028164421,0.0456755264374328,0.00051480447804324,DD
Leg fat mass (right) || id:ukb-b-18096,Depression || id:finn-b-F5_DEPRESSIO,ukb-b-18096,finn-b-F5_DEPRESSIO,,rs279789,0.15887729050101,0.0456729674933608,0.000504068923652362,DD
Leg fat mass (right) || id:ukb-b-18096,Depression || id:finn-b-F5_DEPRESSIO,ukb-b-18096,finn-b-F5_DEPRESSIO,,rs2802295,0.155753625468037,0.0457169529581736,0.000657023602088916,DD
Leg fat mass (right) || id:ukb-b-18096,Depression || id:finn-b-F5_DEPRESSIO,ukb-b-18096,finn-b-F5_DEPRESSIO,,rs28350,0.159247632224183,0.0456974695008225,0.000492461097676767,DD
Leg fat mass (right) || id:ukb-b-18096,Depression || id:finn-b-F5_DEPRESSIO,ukb-b-18096,finn-b-F5_DEPRESSIO,,rs28366156,0.15891990962093,0.0456951208111546,0.000505488438905161,DD
Leg fat mass (right) || id:ukb-b-18096,Depression || id:finn-b-F5_DEPRESSIO,ukb-b-18096,finn-b-F5_DEPRESSIO,,rs284532,0.157148344393052,0.0456691331234145,0.000579528324563146,DD
Leg fat mass (right) || id:ukb-b-18096,Depression || id:finn-b-F5_DEPRESSIO,ukb-b-18096,finn-b-F5_DEPRESSIO,,rs28457808,0.157172042080481,0.0457044044956789,0.000584122342322859,DD
Leg fat mass (right) || id:ukb-b-18096,Depression || id:finn-b-F5_DEPRESSIO,ukb-b-18096,finn-b-F5_DEPRESSIO,,rs2846139,0.156391311998067,0.0456324009448935,0.00060984231747853,DD
Leg fat mass (right) || id:ukb-b-18096,Depression || id:finn-b-F5_DEPRESSIO,ukb-b-18096,finn-b-F5_DEPRESSIO,,rs28524674,0.158521937167985,0.0456835633017254,0.000520459530835502,DD
Leg fat mass (right) || id:ukb-b-18096,Depression || id:finn-b-F5_DEPRESSIO,ukb-b-18096,finn-b-F5_DEPRESSIO,,rs2861685,0.159259955401226,0.0457053741532831,0.000493074426958413,DD
Leg fat mass (right) || id:ukb-b-18096,Depression || id:finn-b-F5_DEPRESSIO,ukb-b-18096,finn-b-F5_DEPRESSIO,,rs28636067,0.159317696769117,0.0456533565567685,0.000483516364345321,DD
Leg fat mass (right) || id:ukb-b-18096,Depression || id:finn-b-F5_DEPRESSIO,ukb-b-18096,finn-b-F5_DEPRESSIO,,rs28670671,0.159560744646306,0.0456617953408186,0.000475122057085451,DD
Leg fat mass (right) || id:ukb-b-18096,Depression || id:finn-b-F5_DEPRESSIO,ukb-b-18096,finn-b-F5_DEPRESSIO,,rs28711392,0.156572794072512,0.0456899688792605,0.00061062016187199,DD
Leg fat mass (right) || id:ukb-b-18096,Depression || id:finn-b-F5_DEPRESSIO,ukb-b-18096,finn-b-F5_DEPRESSIO,,rs28828150,0.15605631625015,0.0455963184872185,0.000620335019964902,DD
Leg fat mass (right) || id:ukb-b-18096,Depression || id:finn-b-F5_DEPRESSIO,ukb-b-18096,finn-b-F5_DEPRESSIO,,rs2920939,0.157217997330963,0.0456725233919258,0.00057681494143992,DD
Leg fat mass (right) || id:ukb-b-18096,Depression || id:finn-b-F5_DEPRESSIO,ukb-b-18096,finn-b-F5_DEPRESSIO,,rs2935905,0.158894976101197,0.0456792646068197,0.000504242681459947,DD
Leg fat mass (right) || id:ukb-b-18096,Depression || id:finn-b-F5_DEPRESSIO,ukb-b-18096,finn-b-F5_DEPRESSIO,,rs2948830,0.158289402839854,0.0456821926171151,0.000530205350372571,DD
Leg fat mass (right) || id:ukb-b-18096,Depression || id:finn-b-F5_DEPRESSIO,ukb-b-18096,finn-b-F5_DEPRESSIO,,rs2954021,0.161489791347651,0.0455992382350473,0.000397855910563859,DD
Leg fat mass (right) || id:ukb-b-18096,Depression || id:finn-b-F5_DEPRESSIO,ukb-b-18096,finn-b-F5_DEPRESSIO,,rs2963469,0.158228856781828,0.0456810825925387,0.000532657691144522,DD
Leg fat mass (right) || id:ukb-b-18096,Depression || id:finn-b-F5_DEPRESSIO,ukb-b-18096,finn-b-F5_DEPRESSIO,,rs2964023,0.155823734979049,0.0456248614737453,0.000637059250115369,DD
Leg fat mass (right) || id:ukb-b-18096,Depression || id:finn-b-F5_DEPRESSIO,ukb-b-18096,finn-b-F5_DEPRESSIO,,rs2984477,0.15929784050384,0.045636333451704,0.000481950852330423,DD
Leg fat mass (right) || id:ukb-b-18096,Depression || id:finn-b-F5_DEPRESSIO,ukb-b-18096,finn-b-F5_DEPRESSIO,,rs3113509,0.157533583888559,0.0457017277589991,0.000566861055804358,DD
Leg fat mass (right) || id:ukb-b-18096,Depression || id:finn-b-F5_DEPRESSIO,ukb-b-18096,finn-b-F5_DEPRESSIO,,rs312702,0.160120444873715,0.045576981054847,0.000442766195771715,DD
Leg fat mass (right) || id:ukb-b-18096,Depression || id:finn-b-F5_DEPRESSIO,ukb-b-18096,finn-b-F5_DEPRESSIO,,rs329118,0.158454958876578,0.0457015475529602,0.000525972372959314,DD
Leg fat mass (right) || id:ukb-b-18096,Depression || id:finn-b-F5_DEPRESSIO,ukb-b-18096,finn-b-F5_DEPRESSIO,,rs34025316,0.156903305203475,0.0456531169861634,0.000588502867322833,DD
Leg fat mass (right) || id:ukb-b-18096,Depression || id:finn-b-F5_DEPRESSIO,ukb-b-18096,finn-b-F5_DEPRESSIO,,rs34045288,0.150826018923675,0.0455309277690742,0.00092431132773588,DD
Leg fat mass (right) || id:ukb-b-18096,Depression || id:finn-b-F5_DEPRESSIO,ukb-b-18096,finn-b-F5_DEPRESSIO,,rs34234296,0.160028113465137,0.0456727014737173,0.00045866584797358,DD
Leg fat mass (right) || id:ukb-b-18096,Depression || id:finn-b-F5_DEPRESSIO,ukb-b-18096,finn-b-F5_DEPRESSIO,,rs34517439,0.163177664029682,0.045752152183267,0.000361702001560977,DD
Leg fat mass (right) || id:ukb-b-18096,Depression || id:finn-b-F5_DEPRESSIO,ukb-b-18096,finn-b-F5_DEPRESSIO,,rs34633164,0.15722530333156,0.0456659353466166,0.000575416345306743,DD
Leg fat mass (right) || id:ukb-b-18096,Depression || id:finn-b-F5_DEPRESSIO,ukb-b-18096,finn-b-F5_DEPRESSIO,,rs34769775,0.160245794558264,0.045669525650344,0.000450112397601821,DD
Leg fat mass (right) || id:ukb-b-18096,Depression || id:finn-b-F5_DEPRESSIO,ukb-b-18096,finn-b-F5_DEPRESSIO,,rs34801745,0.161059370466917,0.0455993928664513,0.000412350187363874,DD
Leg fat mass (right) || id:ukb-b-18096,Depression || id:finn-b-F5_DEPRESSIO,ukb-b-18096,finn-b-F5_DEPRESSIO,,rs34811474,0.154839976022378,0.045655352722951,0.000695120117364425,DD
Leg fat mass (right) || id:ukb-b-18096,Depression || id:finn-b-F5_DEPRESSIO,ukb-b-18096,finn-b-F5_DEPRESSIO,,rs34864349,0.158261759832731,0.045686181809237,0.000531997555497753,DD
Leg fat mass (right) || id:ukb-b-18096,Depression || id:finn-b-F5_DEPRESSIO,ukb-b-18096,finn-b-F5_DEPRESSIO,,rs35184536,0.157651014752654,0.0457043572712234,0.000561906414334774,DD
Leg fat mass (right) || id:ukb-b-18096,Depression || id:finn-b-F5_DEPRESSIO,ukb-b-18096,finn-b-F5_DEPRESSIO,,rs35280517,0.158171856016256,0.0456794113221597,0.000534881833067807,DD
Leg fat mass (right) || id:ukb-b-18096,Depression || id:finn-b-F5_DEPRESSIO,ukb-b-18096,finn-b-F5_DEPRESSIO,,rs35394440,0.156668767936895,0.0456665373408173,0.000601997895111525,DD
Leg fat mass (right) || id:ukb-b-18096,Depression || id:finn-b-F5_DEPRESSIO,ukb-b-18096,finn-b-F5_DEPRESSIO,,rs35513882,0.159116974607136,0.045687914657826,0.0004963975047388,DD
Leg fat mass (right) || id:ukb-b-18096,Depression || id:finn-b-F5_DEPRESSIO,ukb-b-18096,finn-b-F5_DEPRESSIO,,rs35519679,0.157222510436196,0.0456662886105073,0.000575603167531784,DD
Leg fat mass (right) || id:ukb-b-18096,Depression || id:finn-b-F5_DEPRESSIO,ukb-b-18096,finn-b-F5_DEPRESSIO,,rs35537311,0.157452113429175,0.045677421293571,0.000566754781089567,DD
Leg fat mass (right) || id:ukb-b-18096,Depression || id:finn-b-F5_DEPRESSIO,ukb-b-18096,finn-b-F5_DEPRESSIO,,rs35568752,0.158352946194867,0.0456748230044685,0.000526373276739328,DD
Leg fat mass (right) || id:ukb-b-18096,Depression || id:finn-b-F5_DEPRESSIO,ukb-b-18096,finn-b-F5_DEPRESSIO,,rs35589149,0.155035849314469,0.0455689405011679,0.000668392590263703,DD
Leg fat mass (right) || id:ukb-b-18096,Depression || id:finn-b-F5_DEPRESSIO,ukb-b-18096,finn-b-F5_DEPRESSIO,,rs35792595,0.159676664934938,0.0456705236443534,0.000471803942248127,DD
Leg fat mass (right) || id:ukb-b-18096,Depression || id:finn-b-F5_DEPRESSIO,ukb-b-18096,finn-b-F5_DEPRESSIO,,rs35867081,0.157429526771294,0.0457012028712722,0.000571573527459395,DD
Leg fat mass (right) || id:ukb-b-18096,Depression || id:finn-b-F5_DEPRESSIO,ukb-b-18096,finn-b-F5_DEPRESSIO,,rs36007635,0.15796378967571,0.0456864577611765,0.000545085498752806,DD
Leg fat mass (right) || id:ukb-b-18096,Depression || id:finn-b-F5_DEPRESSIO,ukb-b-18096,finn-b-F5_DEPRESSIO,,rs372519,0.156708716212875,0.0457039457051546,0.000606303646155384,DD
Leg fat mass (right) || id:ukb-b-18096,Depression || id:finn-b-F5_DEPRESSIO,ukb-b-18096,finn-b-F5_DEPRESSIO,,rs3729628,0.159607478559359,0.0456495349356179,0.000471641437487613,DD
Leg fat mass (right) || id:ukb-b-18096,Depression || id:finn-b-F5_DEPRESSIO,ukb-b-18096,finn-b-F5_DEPRESSIO,,rs3730071,0.158755170932716,0.0456611574203968,0.000507417168758639,DD
Leg fat mass (right) || id:ukb-b-18096,Depression || id:finn-b-F5_DEPRESSIO,ukb-b-18096,finn-b-F5_DEPRESSIO,,rs3737992,0.1577654530234,0.0457166764628944,0.000558640212005196,DD
Leg fat mass (right) || id:ukb-b-18096,Depression || id:finn-b-F5_DEPRESSIO,ukb-b-18096,finn-b-F5_DEPRESSIO,,rs3744226,0.158836746374278,0.0456775583796875,0.000506400909066671,DD
Leg fat mass (right) || id:ukb-b-18096,Depression || id:finn-b-F5_DEPRESSIO,ukb-b-18096,finn-b-F5_DEPRESSIO,,rs3748916,0.159924699619091,0.0456383164170968,0.000458022293162226,DD
Leg fat mass (right) || id:ukb-b-18096,Depression || id:finn-b-F5_DEPRESSIO,ukb-b-18096,finn-b-F5_DEPRESSIO,,rs3764002,0.164681870969521,0.0454568719240838,0.000291413418881031,DD
Leg fat mass (right) || id:ukb-b-18096,Depression || id:finn-b-F5_DEPRESSIO,ukb-b-18096,finn-b-F5_DEPRESSIO,,rs3764625,0.161438237469754,0.0455299665740815,0.00039148573609609,DD
Leg fat mass (right) || id:ukb-b-18096,Depression || id:finn-b-F5_DEPRESSIO,ukb-b-18096,finn-b-F5_DEPRESSIO,,rs3766823,0.152983872766109,0.0455126289600235,0.000775624884879514,DD
Leg fat mass (right) || id:ukb-b-18096,Depression || id:finn-b-F5_DEPRESSIO,ukb-b-18096,finn-b-F5_DEPRESSIO,,rs3774063,0.159712691582108,0.0456396329282757,0.000466254357104665,DD
Leg fat mass (right) || id:ukb-b-18096,Depression || id:finn-b-F5_DEPRESSIO,ukb-b-18096,finn-b-F5_DEPRESSIO,,rs3803286,0.155722606168702,0.0456826760734413,0.000652519153814246,DD
Leg fat mass (right) || id:ukb-b-18096,Depression || id:finn-b-F5_DEPRESSIO,ukb-b-18096,finn-b-F5_DEPRESSIO,,rs3818896,0.160018301878201,0.0456268581997223,0.000453005904605808,DD
Leg fat mass (right) || id:ukb-b-18096,Depression || id:finn-b-F5_DEPRESSIO,ukb-b-18096,finn-b-F5_DEPRESSIO,,rs383701,0.159625346427738,0.0456678321701737,0.000473429244842479,DD
Leg fat mass (right) || id:ukb-b-18096,Depression || id:finn-b-F5_DEPRESSIO,ukb-b-18096,finn-b-F5_DEPRESSIO,,rs3846949,0.15696722089767,0.045637549587797,0.000582937509234264,DD
Leg fat mass (right) || id:ukb-b-18096,Depression || id:finn-b-F5_DEPRESSIO,ukb-b-18096,finn-b-F5_DEPRESSIO,,rs396354,0.158370083708063,0.045697929194854,0.000529078145527977,DD
Leg fat mass (right) || id:ukb-b-18096,Depression || id:finn-b-F5_DEPRESSIO,ukb-b-18096,finn-b-F5_DEPRESSIO,,rs40071,0.158443435741636,0.0457305626434063,0.000530790671554545,DD
Leg fat mass (right) || id:ukb-b-18096,Depression || id:finn-b-F5_DEPRESSIO,ukb-b-18096,finn-b-F5_DEPRESSIO,,rs4055791,0.156716629930576,0.0456910097273808,0.000603753296713228,DD
Leg fat mass (right) || id:ukb-b-18096,Depression || id:finn-b-F5_DEPRESSIO,ukb-b-18096,finn-b-F5_DEPRESSIO,,rs4088476,0.159134589238051,0.0456816607735506,0.000494800979776365,DD
Leg fat mass (right) || id:ukb-b-18096,Depression || id:finn-b-F5_DEPRESSIO,ukb-b-18096,finn-b-F5_DEPRESSIO,,rs41350349,0.159138225117294,0.0456810915120697,0.000494573654093876,DD
Leg fat mass (right) || id:ukb-b-18096,Depression || id:finn-b-F5_DEPRESSIO,ukb-b-18096,finn-b-F5_DEPRESSIO,,rs4240326,0.157464969938233,0.0457054986208399,0.000570619169821628,DD
Leg fat mass (right) || id:ukb-b-18096,Depression || id:finn-b-F5_DEPRESSIO,ukb-b-18096,finn-b-F5_DEPRESSIO,,rs4261944,0.15847900793205,0.0456854949822169,0.000522568627161518,DD
Leg fat mass (right) || id:ukb-b-18096,Depression || id:finn-b-F5_DEPRESSIO,ukb-b-18096,finn-b-F5_DEPRESSIO,,rs4266606,0.157511498397304,0.0456945941193542,0.000566746082611058,DD
Leg fat mass (right) || id:ukb-b-18096,Depression || id:finn-b-F5_DEPRESSIO,ukb-b-18096,finn-b-F5_DEPRESSIO,,rs4267103,0.156660689099639,0.0456590576101621,0.000601143976452912,DD
Leg fat mass (right) || id:ukb-b-18096,Depression || id:finn-b-F5_DEPRESSIO,ukb-b-18096,finn-b-F5_DEPRESSIO,,rs4290163,0.159174579316776,0.0456890394323891,0.000494223296623893,DD
Leg fat mass (right) || id:ukb-b-18096,Depression || id:finn-b-F5_DEPRESSIO,ukb-b-18096,finn-b-F5_DEPRESSIO,,rs429343,0.158163572784259,0.0457150729677294,0.000540639825470486,DD
Leg fat mass (right) || id:ukb-b-18096,Depression || id:finn-b-F5_DEPRESSIO,ukb-b-18096,finn-b-F5_DEPRESSIO,,rs429358,0.161150871971482,0.0457177721472695,0.000423632296899421,DD
Leg fat mass (right) || id:ukb-b-18096,Depression || id:finn-b-F5_DEPRESSIO,ukb-b-18096,finn-b-F5_DEPRESSIO,,rs4307239,0.16043929659371,0.0456045038556287,0.000434717087045694,DD
Leg fat mass (right) || id:ukb-b-18096,Depression || id:finn-b-F5_DEPRESSIO,ukb-b-18096,finn-b-F5_DEPRESSIO,,rs4333219,0.158460652835281,0.0456790469081058,0.000522397789188699,DD
Leg fat mass (right) || id:ukb-b-18096,Depression || id:finn-b-F5_DEPRESSIO,ukb-b-18096,finn-b-F5_DEPRESSIO,,rs4430672,0.160034320214655,0.0456472507056234,0.000455080240411446,DD
Leg fat mass (right) || id:ukb-b-18096,Depression || id:finn-b-F5_DEPRESSIO,ukb-b-18096,finn-b-F5_DEPRESSIO,,rs4482463,0.162442501789273,0.0455302456038088,0.000360000413185936,DD
Leg fat mass (right) || id:ukb-b-18096,Depression || id:finn-b-F5_DEPRESSIO,ukb-b-18096,finn-b-F5_DEPRESSIO,,rs4561038,0.158579244813847,0.0456953209254113,0.000519759911729068,DD
Leg fat mass (right) || id:ukb-b-18096,Depression || id:finn-b-F5_DEPRESSIO,ukb-b-18096,finn-b-F5_DEPRESSIO,,rs4561800,0.160954026028513,0.0455566558907608,0.000410791943007101,DD
Leg fat mass (right) || id:ukb-b-18096,Depression || id:finn-b-F5_DEPRESSIO,ukb-b-18096,finn-b-F5_DEPRESSIO,,rs4562625,0.157885207398884,0.0456968065130887,0.000550170414448084,DD
Leg fat mass (right) || id:ukb-b-18096,Depression || id:finn-b-F5_DEPRESSIO,ukb-b-18096,finn-b-F5_DEPRESSIO,,rs4635724,0.158330936841887,0.0456862055935777,0.000529014310347349,DD
Leg fat mass (right) || id:ukb-b-18096,Depression || id:finn-b-F5_DEPRESSIO,ukb-b-18096,finn-b-F5_DEPRESSIO,,rs464881,0.158694297888203,0.0456802568656143,0.000512715623025698,DD
Leg fat mass (right) || id:ukb-b-18096,Depression || id:finn-b-F5_DEPRESSIO,ukb-b-18096,finn-b-F5_DEPRESSIO,,rs4671238,0.159675522170974,0.0456296171158435,0.000466335608718404,DD
Leg fat mass (right) || id:ukb-b-18096,Depression || id:finn-b-F5_DEPRESSIO,ukb-b-18096,finn-b-F5_DEPRESSIO,,rs4672338,0.15537233988309,0.0455745810358643,0.000651564291453636,DD
Leg fat mass (right) || id:ukb-b-18096,Depression || id:finn-b-F5_DEPRESSIO,ukb-b-18096,finn-b-F5_DEPRESSIO,,rs4700812,0.158046197228975,0.0456842350623783,0.000541109516641127,DD
Leg fat mass (right) || id:ukb-b-18096,Depression || id:finn-b-F5_DEPRESSIO,ukb-b-18096,finn-b-F5_DEPRESSIO,,rs4718964,0.157555353018035,0.0457013157011241,0.000565797330089895,DD
Leg fat mass (right) || id:ukb-b-18096,Depression || id:finn-b-F5_DEPRESSIO,ukb-b-18096,finn-b-F5_DEPRESSIO,,rs4757945,0.158838390938392,0.0456839429380439,0.000507251534404291,DD
Leg fat mass (right) || id:ukb-b-18096,Depression || id:finn-b-F5_DEPRESSIO,ukb-b-18096,finn-b-F5_DEPRESSIO,,rs4776970,0.157870543261841,0.0457761615565537,0.000563187583608492,DD
Leg fat mass (right) || id:ukb-b-18096,Depression || id:finn-b-F5_DEPRESSIO,ukb-b-18096,finn-b-F5_DEPRESSIO,,rs4784776,0.157958434042718,0.0456782262486664,0.000544063089627899,DD
Leg fat mass (right) || id:ukb-b-18096,Depression || id:finn-b-F5_DEPRESSIO,ukb-b-18096,finn-b-F5_DEPRESSIO,,rs4790292,0.164985404057205,0.0455194276506619,0.000289515150296444,DD
Leg fat mass (right) || id:ukb-b-18096,Depression || id:finn-b-F5_DEPRESSIO,ukb-b-18096,finn-b-F5_DEPRESSIO,,rs4792716,0.15905310546098,0.0456755235126954,0.000497239024985189,DD
Leg fat mass (right) || id:ukb-b-18096,Depression || id:finn-b-F5_DEPRESSIO,ukb-b-18096,finn-b-F5_DEPRESSIO,,rs4796299,0.159600740791072,0.0456424575286625,0.00047094450494634,DD
Leg fat mass (right) || id:ukb-b-18096,Depression || id:finn-b-F5_DEPRESSIO,ukb-b-18096,finn-b-F5_DEPRESSIO,,rs4808187,0.157006104610369,0.0456451642278657,0.000582338903347668,DD
Leg fat mass (right) || id:ukb-b-18096,Depression || id:finn-b-F5_DEPRESSIO,ukb-b-18096,finn-b-F5_DEPRESSIO,,rs4808762,0.160140802161251,0.0457153909308223,0.000460057482839433,DD
Leg fat mass (right) || id:ukb-b-18096,Depression || id:finn-b-F5_DEPRESSIO,ukb-b-18096,finn-b-F5_DEPRESSIO,,rs4820323,0.159144516996803,0.0457143295019948,0.000499017991432111,DD
Leg fat mass (right) || id:ukb-b-18096,Depression || id:finn-b-F5_DEPRESSIO,ukb-b-18096,finn-b-F5_DEPRESSIO,,rs4842920,0.158157152344673,0.0457546935662576,0.000546970607381115,DD
Leg fat mass (right) || id:ukb-b-18096,Depression || id:finn-b-F5_DEPRESSIO,ukb-b-18096,finn-b-F5_DEPRESSIO,,rs484455,0.159256247394167,0.0456583587254113,0.000486652377822352,DD
Leg fat mass (right) || id:ukb-b-18096,Depression || id:finn-b-F5_DEPRESSIO,ukb-b-18096,finn-b-F5_DEPRESSIO,,rs4876611,0.157778087661772,0.0457424061894254,0.000562096241662867,DD
Leg fat mass (right) || id:ukb-b-18096,Depression || id:finn-b-F5_DEPRESSIO,ukb-b-18096,finn-b-F5_DEPRESSIO,,rs4881171,0.158269287884289,0.0457031993567877,0.000534227122378503,DD
Leg fat mass (right) || id:ukb-b-18096,Depression || id:finn-b-F5_DEPRESSIO,ukb-b-18096,finn-b-F5_DEPRESSIO,,rs4886643,0.159935406221583,0.0456355301981528,0.000457251375034074,DD
Leg fat mass (right) || id:ukb-b-18096,Depression || id:finn-b-F5_DEPRESSIO,ukb-b-18096,finn-b-F5_DEPRESSIO,,rs4924136,0.157426943550131,0.0456751802770724,0.000567556546973682,DD
Leg fat mass (right) || id:ukb-b-18096,Depression || id:finn-b-F5_DEPRESSIO,ukb-b-18096,finn-b-F5_DEPRESSIO,,rs4936175,0.157436342465448,0.045683445710702,0.000568434933240887,DD
Leg fat mass (right) || id:ukb-b-18096,Depression || id:finn-b-F5_DEPRESSIO,ukb-b-18096,finn-b-F5_DEPRESSIO,,rs494048,0.157212245133558,0.0456826814342204,0.000578718646147565,DD
Leg fat mass (right) || id:ukb-b-18096,Depression || id:finn-b-F5_DEPRESSIO,ukb-b-18096,finn-b-F5_DEPRESSIO,,rs4947584,0.160848218747898,0.0456244434528472,0.000422710643146103,DD
Leg fat mass (right) || id:ukb-b-18096,Depression || id:finn-b-F5_DEPRESSIO,ukb-b-18096,finn-b-F5_DEPRESSIO,,rs526729,0.159670771864258,0.0456393378921022,0.000467823572518865,DD
Leg fat mass (right) || id:ukb-b-18096,Depression || id:finn-b-F5_DEPRESSIO,ukb-b-18096,finn-b-F5_DEPRESSIO,,rs529200,0.154394327061257,0.0455992640400893,0.00070946484542733,DD
Leg fat mass (right) || id:ukb-b-18096,Depression || id:finn-b-F5_DEPRESSIO,ukb-b-18096,finn-b-F5_DEPRESSIO,,rs530255,0.157698444733578,0.0456863075933018,0.000556930426389216,DD
Leg fat mass (right) || id:ukb-b-18096,Depression || id:finn-b-F5_DEPRESSIO,ukb-b-18096,finn-b-F5_DEPRESSIO,,rs543874,0.158867581034561,0.0458907243687064,0.000536442321214297,DD
Leg fat mass (right) || id:ukb-b-18096,Depression || id:finn-b-F5_DEPRESSIO,ukb-b-18096,finn-b-F5_DEPRESSIO,,rs553634,0.156349816654609,0.0455999159385899,0.000606411647024298,DD
Leg fat mass (right) || id:ukb-b-18096,Depression || id:finn-b-F5_DEPRESSIO,ukb-b-18096,finn-b-F5_DEPRESSIO,,rs556140,0.15739149698918,0.0456711318232346,0.000568545893500485,DD
Leg fat mass (right) || id:ukb-b-18096,Depression || id:finn-b-F5_DEPRESSIO,ukb-b-18096,finn-b-F5_DEPRESSIO,,rs55707359,0.158574597812067,0.0456495909012727,0.000513267004331529,DD
Leg fat mass (right) || id:ukb-b-18096,Depression || id:finn-b-F5_DEPRESSIO,ukb-b-18096,finn-b-F5_DEPRESSIO,,rs55726687,0.159766149312017,0.0457270339795177,0.000476001144476338,DD
Leg fat mass (right) || id:ukb-b-18096,Depression || id:finn-b-F5_DEPRESSIO,ukb-b-18096,finn-b-F5_DEPRESSIO,,rs55736343,0.157670074171226,0.0456766459327072,0.00055670547716166,DD
Leg fat mass (right) || id:ukb-b-18096,Depression || id:finn-b-F5_DEPRESSIO,ukb-b-18096,finn-b-F5_DEPRESSIO,,rs55962356,0.157419729871812,0.0456894449960737,0.000570154138161213,DD
Leg fat mass (right) || id:ukb-b-18096,Depression || id:finn-b-F5_DEPRESSIO,ukb-b-18096,finn-b-F5_DEPRESSIO,,rs56094641,0.153382797388025,0.0465203042386087,0.000976834622528706,DD
Leg fat mass (right) || id:ukb-b-18096,Depression || id:finn-b-F5_DEPRESSIO,ukb-b-18096,finn-b-F5_DEPRESSIO,,rs56163533,0.16017321839062,0.0455831959348312,0.000441636413071324,DD
Leg fat mass (right) || id:ukb-b-18096,Depression || id:finn-b-F5_DEPRESSIO,ukb-b-18096,finn-b-F5_DEPRESSIO,,rs56203622,0.159492445146443,0.0456936032634715,0.000482160143770924,DD
Leg fat mass (right) || id:ukb-b-18096,Depression || id:finn-b-F5_DEPRESSIO,ukb-b-18096,finn-b-F5_DEPRESSIO,,rs56356382,0.1596272212992,0.0456972607630304,0.000477364747765579,DD
Leg fat mass (right) || id:ukb-b-18096,Depression || id:finn-b-F5_DEPRESSIO,ukb-b-18096,finn-b-F5_DEPRESSIO,,rs56399737,0.156848337201282,0.0456792749287482,0.000595431101686799,DD
Leg fat mass (right) || id:ukb-b-18096,Depression || id:finn-b-F5_DEPRESSIO,ukb-b-18096,finn-b-F5_DEPRESSIO,,rs57636386,0.157126249192803,0.0457075172046368,0.000586794972116127,DD
Leg fat mass (right) || id:ukb-b-18096,Depression || id:finn-b-F5_DEPRESSIO,ukb-b-18096,finn-b-F5_DEPRESSIO,,rs577525,0.161353174041218,0.0456763799719572,0.000411603811803782,DD
Leg fat mass (right) || id:ukb-b-18096,Depression || id:finn-b-F5_DEPRESSIO,ukb-b-18096,finn-b-F5_DEPRESSIO,,rs57803,0.158205697852138,0.0456940876019985,0.000535620817782191,DD
Leg fat mass (right) || id:ukb-b-18096,Depression || id:finn-b-F5_DEPRESSIO,ukb-b-18096,finn-b-F5_DEPRESSIO,,rs57989773,0.158674375744408,0.0456846344883174,0.000514186966387683,DD
Leg fat mass (right) || id:ukb-b-18096,Depression || id:finn-b-F5_DEPRESSIO,ukb-b-18096,finn-b-F5_DEPRESSIO,,rs58862095,0.156244315599125,0.045718011875657,0.000631838098693533,DD
Leg fat mass (right) || id:ukb-b-18096,Depression || id:finn-b-F5_DEPRESSIO,ukb-b-18096,finn-b-F5_DEPRESSIO,,rs59068084,0.156450841450556,0.0456118651641361,0.000603476699279077,DD
Leg fat mass (right) || id:ukb-b-18096,Depression || id:finn-b-F5_DEPRESSIO,ukb-b-18096,finn-b-F5_DEPRESSIO,,rs6016590,0.157101201097835,0.0456618284613458,0.000580561485652267,DD
Leg fat mass (right) || id:ukb-b-18096,Depression || id:finn-b-F5_DEPRESSIO,ukb-b-18096,finn-b-F5_DEPRESSIO,,rs60661769,0.157983275739607,0.0456908419825662,0.000544893930953708,DD
Leg fat mass (right) || id:ukb-b-18096,Depression || id:finn-b-F5_DEPRESSIO,ukb-b-18096,finn-b-F5_DEPRESSIO,,rs60711578,0.160347602320316,0.0455889379066867,0.000436046112084658,DD
Leg fat mass (right) || id:ukb-b-18096,Depression || id:finn-b-F5_DEPRESSIO,ukb-b-18096,finn-b-F5_DEPRESSIO,,rs61023343,0.158817721604188,0.0456903150954202,0.000509027622552802,DD
Leg fat mass (right) || id:ukb-b-18096,Depression || id:finn-b-F5_DEPRESSIO,ukb-b-18096,finn-b-F5_DEPRESSIO,,rs6103254,0.157944863677114,0.0456930945228812,0.000546942333355809,DD
Leg fat mass (right) || id:ukb-b-18096,Depression || id:finn-b-F5_DEPRESSIO,ukb-b-18096,finn-b-F5_DEPRESSIO,,rs61742688,0.159145724998037,0.0456978310108181,0.000496632278085794,DD
Leg fat mass (right) || id:ukb-b-18096,Depression || id:finn-b-F5_DEPRESSIO,ukb-b-18096,finn-b-F5_DEPRESSIO,,rs61754230,0.158841274369747,0.0456546609541249,0.000502930452595634,DD
Leg fat mass (right) || id:ukb-b-18096,Depression || id:finn-b-F5_DEPRESSIO,ukb-b-18096,finn-b-F5_DEPRESSIO,,rs61813324,0.156396965969639,0.0456979317703324,0.00062069105373057,DD
Leg fat mass (right) || id:ukb-b-18096,Depression || id:finn-b-F5_DEPRESSIO,ukb-b-18096,finn-b-F5_DEPRESSIO,,rs61826925,0.154140668540154,0.0453903497886733,0.000684056595381454,DD
Leg fat mass (right) || id:ukb-b-18096,Depression || id:finn-b-F5_DEPRESSIO,ukb-b-18096,finn-b-F5_DEPRESSIO,,rs61871585,0.159097089218442,0.0456791732389896,0.00049596912474916,DD
Leg fat mass (right) || id:ukb-b-18096,Depression || id:finn-b-F5_DEPRESSIO,ukb-b-18096,finn-b-F5_DEPRESSIO,,rs61903695,0.15874868061227,0.0456931268015276,0.000512311287447603,DD
Leg fat mass (right) || id:ukb-b-18096,Depression || id:finn-b-F5_DEPRESSIO,ukb-b-18096,finn-b-F5_DEPRESSIO,,rs61969510,0.15816173802306,0.0457091612204444,0.000539822634196293,DD
Leg fat mass (right) || id:ukb-b-18096,Depression || id:finn-b-F5_DEPRESSIO,ukb-b-18096,finn-b-F5_DEPRESSIO,,rs61991651,0.158610671499294,0.0456809803794439,0.000516330690905501,DD
Leg fat mass (right) || id:ukb-b-18096,Depression || id:finn-b-F5_DEPRESSIO,ukb-b-18096,finn-b-F5_DEPRESSIO,,rs61992671,0.160034727792126,0.0456827587329459,0.000459746195203426,DD
Leg fat mass (right) || id:ukb-b-18096,Depression || id:finn-b-F5_DEPRESSIO,ukb-b-18096,finn-b-F5_DEPRESSIO,,rs62062775,0.15860564900609,0.0456821039324704,0.000516706538035917,DD
Leg fat mass (right) || id:ukb-b-18096,Depression || id:finn-b-F5_DEPRESSIO,ukb-b-18096,finn-b-F5_DEPRESSIO,,rs62072665,0.157138596054215,0.0456540003154388,0.000577545889955868,DD
Leg fat mass (right) || id:ukb-b-18096,Depression || id:finn-b-F5_DEPRESSIO,ukb-b-18096,finn-b-F5_DEPRESSIO,,rs62107261,0.156983543662931,0.045753748588306,0.000601242764837009,DD
Leg fat mass (right) || id:ukb-b-18096,Depression || id:finn-b-F5_DEPRESSIO,ukb-b-18096,finn-b-F5_DEPRESSIO,,rs62190049,0.157211506765747,0.0456560611799021,0.000574475713965046,DD
Leg fat mass (right) || id:ukb-b-18096,Depression || id:finn-b-F5_DEPRESSIO,ukb-b-18096,finn-b-F5_DEPRESSIO,,rs62237500,0.159966630475288,0.0456170762280261,0.000453654402017356,DD
Leg fat mass (right) || id:ukb-b-18096,Depression || id:finn-b-F5_DEPRESSIO,ukb-b-18096,finn-b-F5_DEPRESSIO,,rs62270293,0.158527586037059,0.0456858580222456,0.000520557677778709,DD
Leg fat mass (right) || id:ukb-b-18096,Depression || id:finn-b-F5_DEPRESSIO,ukb-b-18096,finn-b-F5_DEPRESSIO,,rs62396185,0.169606020947537,0.0455364676689949,0.000195609942723931,DD
Leg fat mass (right) || id:ukb-b-18096,Depression || id:finn-b-F5_DEPRESSIO,ukb-b-18096,finn-b-F5_DEPRESSIO,,rs6265,0.159776910593368,0.0457875254521601,0.000483872051745834,DD
Leg fat mass (right) || id:ukb-b-18096,Depression || id:finn-b-F5_DEPRESSIO,ukb-b-18096,finn-b-F5_DEPRESSIO,,rs642992,0.156969048537475,0.0456483455132371,0.000584605274714363,DD
Leg fat mass (right) || id:ukb-b-18096,Depression || id:finn-b-F5_DEPRESSIO,ukb-b-18096,finn-b-F5_DEPRESSIO,,rs6441176,0.161623061382119,0.0454686825652966,0.000378551918013529,DD
Leg fat mass (right) || id:ukb-b-18096,Depression || id:finn-b-F5_DEPRESSIO,ukb-b-18096,finn-b-F5_DEPRESSIO,,rs6444950,0.158168688785079,0.0456990409971196,0.00053798439325947,DD
Leg fat mass (right) || id:ukb-b-18096,Depression || id:finn-b-F5_DEPRESSIO,ukb-b-18096,finn-b-F5_DEPRESSIO,,rs6461999,0.159568004091594,0.0456706702204541,0.000476048591020264,DD
Leg fat mass (right) || id:ukb-b-18096,Depression || id:finn-b-F5_DEPRESSIO,ukb-b-18096,finn-b-F5_DEPRESSIO,,rs6469351,0.159257444936425,0.0456764576812291,0.000489126071700852,DD
Leg fat mass (right) || id:ukb-b-18096,Depression || id:finn-b-F5_DEPRESSIO,ukb-b-18096,finn-b-F5_DEPRESSIO,,rs6472804,0.156365806991129,0.0456127845045103,0.000607791067015598,DD
Leg fat mass (right) || id:ukb-b-18096,Depression || id:finn-b-F5_DEPRESSIO,ukb-b-18096,finn-b-F5_DEPRESSIO,,rs6475062,0.15867526432319,0.0456763819377553,0.000512948772204259,DD
Leg fat mass (right) || id:ukb-b-18096,Depression || id:finn-b-F5_DEPRESSIO,ukb-b-18096,finn-b-F5_DEPRESSIO,,rs6495017,0.156751277641772,0.0456739152903277,0.000599224937278748,DD
Leg fat mass (right) || id:ukb-b-18096,Depression || id:finn-b-F5_DEPRESSIO,ukb-b-18096,finn-b-F5_DEPRESSIO,,rs6508405,0.156171835008225,0.0455722851296958,0.000610505413480954,DD
Leg fat mass (right) || id:ukb-b-18096,Depression || id:finn-b-F5_DEPRESSIO,ukb-b-18096,finn-b-F5_DEPRESSIO,,rs6538790,0.156728913307897,0.0456413727663905,0.000594915396943723,DD
Leg fat mass (right) || id:ukb-b-18096,Depression || id:finn-b-F5_DEPRESSIO,ukb-b-18096,finn-b-F5_DEPRESSIO,,rs6545625,0.159030127535597,0.0456699306749749,0.000497381454097561,DD
Leg fat mass (right) || id:ukb-b-18096,Depression || id:finn-b-F5_DEPRESSIO,ukb-b-18096,finn-b-F5_DEPRESSIO,,rs6551304,0.155532761305419,0.0456227039595243,0.000651754818150301,DD
Leg fat mass (right) || id:ukb-b-18096,Depression || id:finn-b-F5_DEPRESSIO,ukb-b-18096,finn-b-F5_DEPRESSIO,,rs6561937,0.154080645262291,0.0454851861627543,0.000705351076363338,DD
Leg fat mass (right) || id:ukb-b-18096,Depression || id:finn-b-F5_DEPRESSIO,ukb-b-18096,finn-b-F5_DEPRESSIO,,rs6567160,0.162568853361358,0.0459295939413584,0.000400850864636236,DD
Leg fat mass (right) || id:ukb-b-18096,Depression || id:finn-b-F5_DEPRESSIO,ukb-b-18096,finn-b-F5_DEPRESSIO,,rs6569648,0.158102199356791,0.0457105648595058,0.000542653853931856,DD
Leg fat mass (right) || id:ukb-b-18096,Depression || id:finn-b-F5_DEPRESSIO,ukb-b-18096,finn-b-F5_DEPRESSIO,,rs6575340,0.15942086174968,0.0457268650532332,0.000489619639575906,DD
Leg fat mass (right) || id:ukb-b-18096,Depression || id:finn-b-F5_DEPRESSIO,ukb-b-18096,finn-b-F5_DEPRESSIO,,rs6594682,0.160328873509187,0.0456588237326712,0.000445662059138836,DD
Leg fat mass (right) || id:ukb-b-18096,Depression || id:finn-b-F5_DEPRESSIO,ukb-b-18096,finn-b-F5_DEPRESSIO,,rs66679256,0.157362527225153,0.0457140339811106,0.000576738513891395,DD
Leg fat mass (right) || id:ukb-b-18096,Depression || id:finn-b-F5_DEPRESSIO,ukb-b-18096,finn-b-F5_DEPRESSIO,,rs6669189,0.156876616780736,0.0456802304101274,0.000594230189601115,DD
Leg fat mass (right) || id:ukb-b-18096,Depression || id:finn-b-F5_DEPRESSIO,ukb-b-18096,finn-b-F5_DEPRESSIO,,rs667515,0.157228529199841,0.0456588897655521,0.000574136963252631,DD
Leg fat mass (right) || id:ukb-b-18096,Depression || id:finn-b-F5_DEPRESSIO,ukb-b-18096,finn-b-F5_DEPRESSIO,,rs6688826,0.156101399210621,0.045616943677496,0.000621612212920597,DD
Leg fat mass (right) || id:ukb-b-18096,Depression || id:finn-b-F5_DEPRESSIO,ukb-b-18096,finn-b-F5_DEPRESSIO,,rs66954327,0.156180273079131,0.0456391132445055,0.000621461472647345,DD
Leg fat mass (right) || id:ukb-b-18096,Depression || id:finn-b-F5_DEPRESSIO,ukb-b-18096,finn-b-F5_DEPRESSIO,,rs6707827,0.15715988125225,0.0456632260715051,0.000578035582302898,DD
Leg fat mass (right) || id:ukb-b-18096,Depression || id:finn-b-F5_DEPRESSIO,ukb-b-18096,finn-b-F5_DEPRESSIO,,rs6715925,0.156644356143656,0.0456470987969917,0.000599945994273855,DD
Leg fat mass (right) || id:ukb-b-18096,Depression || id:finn-b-F5_DEPRESSIO,ukb-b-18096,finn-b-F5_DEPRESSIO,,rs6725931,0.156900414346756,0.0455812218467036,0.000576969196209014,DD
Leg fat mass (right) || id:ukb-b-18096,Depression || id:finn-b-F5_DEPRESSIO,ukb-b-18096,finn-b-F5_DEPRESSIO,,rs6733847,0.158927974352305,0.0456746832133903,0.000502230767361707,DD
Leg fat mass (right) || id:ukb-b-18096,Depression || id:finn-b-F5_DEPRESSIO,ukb-b-18096,finn-b-F5_DEPRESSIO,,rs6744646,0.162880854282114,0.045884621281797,0.000385535868015519,DD
Leg fat mass (right) || id:ukb-b-18096,Depression || id:finn-b-F5_DEPRESSIO,ukb-b-18096,finn-b-F5_DEPRESSIO,,rs67609008,0.160340392555439,0.0456343166523679,0.000442090463868453,DD
Leg fat mass (right) || id:ukb-b-18096,Depression || id:finn-b-F5_DEPRESSIO,ukb-b-18096,finn-b-F5_DEPRESSIO,,rs67632512,0.158763746522326,0.0456900334839957,0.000511233599563306,DD
Leg fat mass (right) || id:ukb-b-18096,Depression || id:finn-b-F5_DEPRESSIO,ukb-b-18096,finn-b-F5_DEPRESSIO,,rs6802828,0.158531837393452,0.0456861167226108,0.000520415428175577,DD
Leg fat mass (right) || id:ukb-b-18096,Depression || id:finn-b-F5_DEPRESSIO,ukb-b-18096,finn-b-F5_DEPRESSIO,,rs6849333,0.157773886927683,0.0456790139666257,0.000552401374737838,DD
Leg fat mass (right) || id:ukb-b-18096,Depression || id:finn-b-F5_DEPRESSIO,ukb-b-18096,finn-b-F5_DEPRESSIO,,rs6861649,0.157719815355673,0.0456990858071458,0.000557958188784458,DD
Leg fat mass (right) || id:ukb-b-18096,Depression || id:finn-b-F5_DEPRESSIO,ukb-b-18096,finn-b-F5_DEPRESSIO,,rs6892707,0.157479248532056,0.0456656540473433,0.000563652768212208,DD
Leg fat mass (right) || id:ukb-b-18096,Depression || id:finn-b-F5_DEPRESSIO,ukb-b-18096,finn-b-F5_DEPRESSIO,,rs6935484,0.158287177507393,0.0456960377046495,0.000532375264399873,DD
Leg fat mass (right) || id:ukb-b-18096,Depression || id:finn-b-F5_DEPRESSIO,ukb-b-18096,finn-b-F5_DEPRESSIO,,rs6938973,0.160438531550338,0.0457150723741072,0.000448895220438277,DD
Leg fat mass (right) || id:ukb-b-18096,Depression || id:finn-b-F5_DEPRESSIO,ukb-b-18096,finn-b-F5_DEPRESSIO,,rs6939451,0.160828675019996,0.0454896673075074,0.000407005726598941,DD
Leg fat mass (right) || id:ukb-b-18096,Depression || id:finn-b-F5_DEPRESSIO,ukb-b-18096,finn-b-F5_DEPRESSIO,,rs6954290,0.161156830334586,0.0455568039831687,0.000403946399394959,DD
Leg fat mass (right) || id:ukb-b-18096,Depression || id:finn-b-F5_DEPRESSIO,ukb-b-18096,finn-b-F5_DEPRESSIO,,rs6966198,0.157619311969046,0.0456821181415786,0.000559859485315468,DD
Leg fat mass (right) || id:ukb-b-18096,Depression || id:finn-b-F5_DEPRESSIO,ukb-b-18096,finn-b-F5_DEPRESSIO,,rs6973656,0.156233519929895,0.0456286232941007,0.000617010785900507,DD
Leg fat mass (right) || id:ukb-b-18096,Depression || id:finn-b-F5_DEPRESSIO,ukb-b-18096,finn-b-F5_DEPRESSIO,,rs6980476,0.159705851725549,0.0456492470119136,0.000467807721188799,DD
Leg fat mass (right) || id:ukb-b-18096,Depression || id:finn-b-F5_DEPRESSIO,ukb-b-18096,finn-b-F5_DEPRESSIO,,rs698147,0.158578277809859,0.0456962711452468,0.000519940553058455,DD
Leg fat mass (right) || id:ukb-b-18096,Depression || id:finn-b-F5_DEPRESSIO,ukb-b-18096,finn-b-F5_DEPRESSIO,,rs6985028,0.159154368621451,0.0456700391547054,0.000492367362103445,DD
Leg fat mass (right) || id:ukb-b-18096,Depression || id:finn-b-F5_DEPRESSIO,ukb-b-18096,finn-b-F5_DEPRESSIO,,rs6998660,0.160743903548937,0.0456081400208341,0.000424352553724057,DD
Leg fat mass (right) || id:ukb-b-18096,Depression || id:finn-b-F5_DEPRESSIO,ukb-b-18096,finn-b-F5_DEPRESSIO,,rs7027304,0.159134182399369,0.0456955133819576,0.000496773205836164,DD
Leg fat mass (right) || id:ukb-b-18096,Depression || id:finn-b-F5_DEPRESSIO,ukb-b-18096,finn-b-F5_DEPRESSIO,,rs7034554,0.153891163621147,0.0453783451415014,0.000695642521375048,DD
Leg fat mass (right) || id:ukb-b-18096,Depression || id:finn-b-F5_DEPRESSIO,ukb-b-18096,finn-b-F5_DEPRESSIO,,rs7038943,0.158965103567871,0.0456928119820969,0.000503296368235403,DD
Leg fat mass (right) || id:ukb-b-18096,Depression || id:finn-b-F5_DEPRESSIO,ukb-b-18096,finn-b-F5_DEPRESSIO,,rs705160,0.15910836041184,0.0456695999378698,0.000494162420769465,DD
Leg fat mass (right) || id:ukb-b-18096,Depression || id:finn-b-F5_DEPRESSIO,ukb-b-18096,finn-b-F5_DEPRESSIO,,rs7070670,0.160164675506968,0.0456268777810073,0.000447577534523032,DD
Leg fat mass (right) || id:ukb-b-18096,Depression || id:finn-b-F5_DEPRESSIO,ukb-b-18096,finn-b-F5_DEPRESSIO,,rs7071303,0.159030892945477,0.045647243109831,0.000494145372336756,DD
Leg fat mass (right) || id:ukb-b-18096,Depression || id:finn-b-F5_DEPRESSIO,ukb-b-18096,finn-b-F5_DEPRESSIO,,rs7097348,0.159330865712796,0.045674118386502,0.000485869965012932,DD
Leg fat mass (right) || id:ukb-b-18096,Depression || id:finn-b-F5_DEPRESSIO,ukb-b-18096,finn-b-F5_DEPRESSIO,,rs7124681,0.157786788852163,0.0457463387975413,0.00056231760249419,DD
Leg fat mass (right) || id:ukb-b-18096,Depression || id:finn-b-F5_DEPRESSIO,ukb-b-18096,finn-b-F5_DEPRESSIO,,rs7129648,0.158087667546457,0.0456815072226125,0.000538874696653468,DD
Leg fat mass (right) || id:ukb-b-18096,Depression || id:finn-b-F5_DEPRESSIO,ukb-b-18096,finn-b-F5_DEPRESSIO,,rs7132908,0.16014242503568,0.045811460424143,0.000472846930505571,DD
Leg fat mass (right) || id:ukb-b-18096,Depression || id:finn-b-F5_DEPRESSIO,ukb-b-18096,finn-b-F5_DEPRESSIO,,rs71495038,0.160614792795314,0.0456595445167638,0.000435368380804229,DD
Leg fat mass (right) || id:ukb-b-18096,Depression || id:finn-b-F5_DEPRESSIO,ukb-b-18096,finn-b-F5_DEPRESSIO,,rs719802,0.155154317301955,0.0456106011593261,0.00066964157091016,DD
Leg fat mass (right) || id:ukb-b-18096,Depression || id:finn-b-F5_DEPRESSIO,ukb-b-18096,finn-b-F5_DEPRESSIO,,rs7206608,0.156999325353351,0.0456843159737518,0.000589036052404142,DD
Leg fat mass (right) || id:ukb-b-18096,Depression || id:finn-b-F5_DEPRESSIO,ukb-b-18096,finn-b-F5_DEPRESSIO,,rs7218014,0.150296942059175,0.0454521696457207,0.000944000602890314,DD
Leg fat mass (right) || id:ukb-b-18096,Depression || id:finn-b-F5_DEPRESSIO,ukb-b-18096,finn-b-F5_DEPRESSIO,,rs7234208,0.159621052968884,0.0456410717486344,0.000469972410061066,DD
Leg fat mass (right) || id:ukb-b-18096,Depression || id:finn-b-F5_DEPRESSIO,ukb-b-18096,finn-b-F5_DEPRESSIO,,rs7247187,0.156908014693678,0.0456529157120081,0.000588245866614933,DD
Leg fat mass (right) || id:ukb-b-18096,Depression || id:finn-b-F5_DEPRESSIO,ukb-b-18096,finn-b-F5_DEPRESSIO,,rs7258937,0.157774415926007,0.0457018374356175,0.000555921214246901,DD
Leg fat mass (right) || id:ukb-b-18096,Depression || id:finn-b-F5_DEPRESSIO,ukb-b-18096,finn-b-F5_DEPRESSIO,,rs7259070,0.158590462301251,0.045727631474379,0.000524047125207651,DD
Leg fat mass (right) || id:ukb-b-18096,Depression || id:finn-b-F5_DEPRESSIO,ukb-b-18096,finn-b-F5_DEPRESSIO,,rs72634826,0.155623096162353,0.0456496122939369,0.000651828020256667,DD
Leg fat mass (right) || id:ukb-b-18096,Depression || id:finn-b-F5_DEPRESSIO,ukb-b-18096,finn-b-F5_DEPRESSIO,,rs72779695,0.157192516215,0.0456394279732555,0.000572696232241487,DD
Leg fat mass (right) || id:ukb-b-18096,Depression || id:finn-b-F5_DEPRESSIO,ukb-b-18096,finn-b-F5_DEPRESSIO,,rs72811755,0.15811908130906,0.0456943822520878,0.000539450648213628,DD
Leg fat mass (right) || id:ukb-b-18096,Depression || id:finn-b-F5_DEPRESSIO,ukb-b-18096,finn-b-F5_DEPRESSIO,,rs72815827,0.157482283406437,0.0456755727471071,0.000565078755491572,DD
Leg fat mass (right) || id:ukb-b-18096,Depression || id:finn-b-F5_DEPRESSIO,ukb-b-18096,finn-b-F5_DEPRESSIO,,rs72866851,0.156960392982118,0.0456167585564683,0.000579891352653433,DD
Leg fat mass (right) || id:ukb-b-18096,Depression || id:finn-b-F5_DEPRESSIO,ukb-b-18096,finn-b-F5_DEPRESSIO,,rs72892910,0.158122232446316,0.045826790587464,0.000559689796313839,DD
Leg fat mass (right) || id:ukb-b-18096,Depression || id:finn-b-F5_DEPRESSIO,ukb-b-18096,finn-b-F5_DEPRESSIO,,rs72913721,0.157047553878064,0.0456916321417905,0.000587938329356054,DD
Leg fat mass (right) || id:ukb-b-18096,Depression || id:finn-b-F5_DEPRESSIO,ukb-b-18096,finn-b-F5_DEPRESSIO,,rs72948836,0.158518774485958,0.0456738883044959,0.000519170886156912,DD
Leg fat mass (right) || id:ukb-b-18096,Depression || id:finn-b-F5_DEPRESSIO,ukb-b-18096,finn-b-F5_DEPRESSIO,,rs73052033,0.159549788224195,0.0457101274007166,0.000482173330173187,DD
Leg fat mass (right) || id:ukb-b-18096,Depression || id:finn-b-F5_DEPRESSIO,ukb-b-18096,finn-b-F5_DEPRESSIO,,rs73122615,0.158982685598196,0.0456837656603973,0.000501283477007983,DD
Leg fat mass (right) || id:ukb-b-18096,Depression || id:finn-b-F5_DEPRESSIO,ukb-b-18096,finn-b-F5_DEPRESSIO,,rs7314469,0.158262222300826,0.0456879359490713,0.000532240627468299,DD
Leg fat mass (right) || id:ukb-b-18096,Depression || id:finn-b-F5_DEPRESSIO,ukb-b-18096,finn-b-F5_DEPRESSIO,,rs73175572,0.155570955957449,0.0455229849534824,0.000632187074896326,DD
Leg fat mass (right) || id:ukb-b-18096,Depression || id:finn-b-F5_DEPRESSIO,ukb-b-18096,finn-b-F5_DEPRESSIO,,rs73213484,0.158225440150809,0.0457195003771618,0.000538599322743865,DD
Leg fat mass (right) || id:ukb-b-18096,Depression || id:finn-b-F5_DEPRESSIO,ukb-b-18096,finn-b-F5_DEPRESSIO,,rs7322222,0.158261367314283,0.0456855596367349,0.000531921250924377,DD
Leg fat mass (right) || id:ukb-b-18096,Depression || id:finn-b-F5_DEPRESSIO,ukb-b-18096,finn-b-F5_DEPRESSIO,,rs73759009,0.160402899583115,0.0454939125470306,0.000422189469635427,DD
Leg fat mass (right) || id:ukb-b-18096,Depression || id:finn-b-F5_DEPRESSIO,ukb-b-18096,finn-b-F5_DEPRESSIO,,rs73985439,0.158176493346771,0.0456976853873785,0.000537438154278619,DD
Leg fat mass (right) || id:ukb-b-18096,Depression || id:finn-b-F5_DEPRESSIO,ukb-b-18096,finn-b-F5_DEPRESSIO,,rs7442885,0.155484503840228,0.0456981417945297,0.000667906643477784,DD
Leg fat mass (right) || id:ukb-b-18096,Depression || id:finn-b-F5_DEPRESSIO,ukb-b-18096,finn-b-F5_DEPRESSIO,,rs745249,0.159347357623909,0.0456978586210141,0.000488514340478459,DD
Leg fat mass (right) || id:ukb-b-18096,Depression || id:finn-b-F5_DEPRESSIO,ukb-b-18096,finn-b-F5_DEPRESSIO,,rs7460093,0.157495857689282,0.0456809633979474,0.000565308326865703,DD
Leg fat mass (right) || id:ukb-b-18096,Depression || id:finn-b-F5_DEPRESSIO,ukb-b-18096,finn-b-F5_DEPRESSIO,,rs74606352,0.159801561876684,0.0456467566588198,0.000463810586754532,DD
Leg fat mass (right) || id:ukb-b-18096,Depression || id:finn-b-F5_DEPRESSIO,ukb-b-18096,finn-b-F5_DEPRESSIO,,rs74796445,0.157402216445066,0.0456672994682858,0.000567444534794175,DD
Leg fat mass (right) || id:ukb-b-18096,Depression || id:finn-b-F5_DEPRESSIO,ukb-b-18096,finn-b-F5_DEPRESSIO,,rs75128238,0.158241341537083,0.0456762875080621,0.00053139789547541,DD
Leg fat mass (right) || id:ukb-b-18096,Depression || id:finn-b-F5_DEPRESSIO,ukb-b-18096,finn-b-F5_DEPRESSIO,,rs7513326,0.159885071156019,0.045617449681109,0.000456761077045935,DD
Leg fat mass (right) || id:ukb-b-18096,Depression || id:finn-b-F5_DEPRESSIO,ukb-b-18096,finn-b-F5_DEPRESSIO,,rs7537581,0.159637426244254,0.0456818096848018,0.000474859387458535,DD
Leg fat mass (right) || id:ukb-b-18096,Depression || id:finn-b-F5_DEPRESSIO,ukb-b-18096,finn-b-F5_DEPRESSIO,,rs754635,0.157693567242884,0.0456926416059496,0.000558139544400013,DD
Leg fat mass (right) || id:ukb-b-18096,Depression || id:finn-b-F5_DEPRESSIO,ukb-b-18096,finn-b-F5_DEPRESSIO,,rs75557510,0.157607129033935,0.0456930630563541,0.000562130897640657,DD
Leg fat mass (right) || id:ukb-b-18096,Depression || id:finn-b-F5_DEPRESSIO,ukb-b-18096,finn-b-F5_DEPRESSIO,,rs756717,0.15800837229054,0.0456950150466624,0.000544421999699675,DD
Leg fat mass (right) || id:ukb-b-18096,Depression || id:finn-b-F5_DEPRESSIO,ukb-b-18096,finn-b-F5_DEPRESSIO,,rs7575523,0.160432468277498,0.0457320840381529,0.000451328854985035,DD
Leg fat mass (right) || id:ukb-b-18096,Depression || id:finn-b-F5_DEPRESSIO,ukb-b-18096,finn-b-F5_DEPRESSIO,,rs7589069,0.156988657337739,0.0456464106274726,0.000583364176698137,DD
Leg fat mass (right) || id:ukb-b-18096,Depression || id:finn-b-F5_DEPRESSIO,ukb-b-18096,finn-b-F5_DEPRESSIO,,rs760738,0.15983961795584,0.0456052159964155,0.000456857963286452,DD
Leg fat mass (right) || id:ukb-b-18096,Depression || id:finn-b-F5_DEPRESSIO,ukb-b-18096,finn-b-F5_DEPRESSIO,,rs76084874,0.159420986520296,0.0456402214057608,0.000477638534442419,DD
Leg fat mass (right) || id:ukb-b-18096,Depression || id:finn-b-F5_DEPRESSIO,ukb-b-18096,finn-b-F5_DEPRESSIO,,rs7619139,0.155734234137621,0.0456096979365205,0.000638996022292881,DD
Leg fat mass (right) || id:ukb-b-18096,Depression || id:finn-b-F5_DEPRESSIO,ukb-b-18096,finn-b-F5_DEPRESSIO,,rs7663885,0.158040473808706,0.0456874079536348,0.000541844432595657,DD
Leg fat mass (right) || id:ukb-b-18096,Depression || id:finn-b-F5_DEPRESSIO,ukb-b-18096,finn-b-F5_DEPRESSIO,,rs76638898,0.158021473581338,0.0456994542024435,0.000544521446362903,DD
Leg fat mass (right) || id:ukb-b-18096,Depression || id:finn-b-F5_DEPRESSIO,ukb-b-18096,finn-b-F5_DEPRESSIO,,rs7665222,0.157835759776322,0.0456819017082452,0.000550078876532765,DD
Leg fat mass (right) || id:ukb-b-18096,Depression || id:finn-b-F5_DEPRESSIO,ukb-b-18096,finn-b-F5_DEPRESSIO,,rs76702514,0.157438141454418,0.0456879807278336,0.000569072034481528,DD
Leg fat mass (right) || id:ukb-b-18096,Depression || id:finn-b-F5_DEPRESSIO,ukb-b-18096,finn-b-F5_DEPRESSIO,,rs7683836,0.160737390405131,0.0455969195046555,0.000423193666768539,DD
Leg fat mass (right) || id:ukb-b-18096,Depression || id:finn-b-F5_DEPRESSIO,ukb-b-18096,finn-b-F5_DEPRESSIO,,rs76895963,0.160446568345459,0.0457153697042638,0.000448637065383902,DD
Leg fat mass (right) || id:ukb-b-18096,Depression || id:finn-b-F5_DEPRESSIO,ukb-b-18096,finn-b-F5_DEPRESSIO,,rs7692662,0.158233741850733,0.045687005805278,0.000533335546110154,DD
Leg fat mass (right) || id:ukb-b-18096,Depression || id:finn-b-F5_DEPRESSIO,ukb-b-18096,finn-b-F5_DEPRESSIO,,rs77149883,0.158697820307641,0.0456802972700792,0.00051257416740908,DD
Leg fat mass (right) || id:ukb-b-18096,Depression || id:finn-b-F5_DEPRESSIO,ukb-b-18096,finn-b-F5_DEPRESSIO,,rs7741738,0.157437145596368,0.0456651337187704,0.000565497890168419,DD
Leg fat mass (right) || id:ukb-b-18096,Depression || id:finn-b-F5_DEPRESSIO,ukb-b-18096,finn-b-F5_DEPRESSIO,,rs7765393,0.155726031816815,0.0456009236254126,0.00063787775205714,DD
Leg fat mass (right) || id:ukb-b-18096,Depression || id:finn-b-F5_DEPRESSIO,ukb-b-18096,finn-b-F5_DEPRESSIO,,rs7767938,0.157069820591289,0.0456547745005317,0.00058089573539583,DD
Leg fat mass (right) || id:ukb-b-18096,Depression || id:finn-b-F5_DEPRESSIO,ukb-b-18096,finn-b-F5_DEPRESSIO,,rs7774,0.15751729602199,0.0457024153716898,0.000567718251404449,DD
Leg fat mass (right) || id:ukb-b-18096,Depression || id:finn-b-F5_DEPRESSIO,ukb-b-18096,finn-b-F5_DEPRESSIO,,rs7783338,0.157730519395819,0.0456743005668678,0.000553617388752773,DD
Leg fat mass (right) || id:ukb-b-18096,Depression || id:finn-b-F5_DEPRESSIO,ukb-b-18096,finn-b-F5_DEPRESSIO,,rs77978620,0.158514212248627,0.0456891599570332,0.000521611980895006,DD
Leg fat mass (right) || id:ukb-b-18096,Depression || id:finn-b-F5_DEPRESSIO,ukb-b-18096,finn-b-F5_DEPRESSIO,,rs7822053,0.15847549756911,0.0456868141181431,0.000522912995836849,DD
Leg fat mass (right) || id:ukb-b-18096,Depression || id:finn-b-F5_DEPRESSIO,ukb-b-18096,finn-b-F5_DEPRESSIO,,rs7828631,0.158880806050919,0.045667232637842,0.000503103403507389,DD
Leg fat mass (right) || id:ukb-b-18096,Depression || id:finn-b-F5_DEPRESSIO,ukb-b-18096,finn-b-F5_DEPRESSIO,,rs7837172,0.157937239200238,0.0456856274930047,0.000546135013339025,DD
Leg fat mass (right) || id:ukb-b-18096,Depression || id:finn-b-F5_DEPRESSIO,ukb-b-18096,finn-b-F5_DEPRESSIO,,rs784257,0.157559412933337,0.0456826788073031,0.000562673374104585,DD
Leg fat mass (right) || id:ukb-b-18096,Depression || id:finn-b-F5_DEPRESSIO,ukb-b-18096,finn-b-F5_DEPRESSIO,,rs7846042,0.159087970137472,0.0456686588516199,0.000494854662271314,DD
Leg fat mass (right) || id:ukb-b-18096,Depression || id:finn-b-F5_DEPRESSIO,ukb-b-18096,finn-b-F5_DEPRESSIO,,rs7851623,0.159648191572519,0.0456595176952698,0.00047141656924223,DD
Leg fat mass (right) || id:ukb-b-18096,Depression || id:finn-b-F5_DEPRESSIO,ukb-b-18096,finn-b-F5_DEPRESSIO,,rs7854982,0.158557910292285,0.0456861569116572,0.000519316659391869,DD
Leg fat mass (right) || id:ukb-b-18096,Depression || id:finn-b-F5_DEPRESSIO,ukb-b-18096,finn-b-F5_DEPRESSIO,,rs785510,0.158114023174514,0.0456873732977476,0.000538609482074515,DD
Leg fat mass (right) || id:ukb-b-18096,Depression || id:finn-b-F5_DEPRESSIO,ukb-b-18096,finn-b-F5_DEPRESSIO,,rs78759867,0.160268000571549,0.0455891450290935,0.000438949921688952,DD
Leg fat mass (right) || id:ukb-b-18096,Depression || id:finn-b-F5_DEPRESSIO,ukb-b-18096,finn-b-F5_DEPRESSIO,,rs7893571,0.157338014220284,0.0456939699915203,0.000574662980889755,DD
Leg fat mass (right) || id:ukb-b-18096,Depression || id:finn-b-F5_DEPRESSIO,ukb-b-18096,finn-b-F5_DEPRESSIO,,rs7916385,0.158341277082018,0.0457101305752537,0.000532146577369698,DD
Leg fat mass (right) || id:ukb-b-18096,Depression || id:finn-b-F5_DEPRESSIO,ukb-b-18096,finn-b-F5_DEPRESSIO,,rs7918733,0.158415482888809,0.0456841753323091,0.000525083986032819,DD
Leg fat mass (right) || id:ukb-b-18096,Depression || id:finn-b-F5_DEPRESSIO,ukb-b-18096,finn-b-F5_DEPRESSIO,,rs79197301,0.158848193156165,0.0456666872945891,0.000504367644347439,DD
Leg fat mass (right) || id:ukb-b-18096,Depression || id:finn-b-F5_DEPRESSIO,ukb-b-18096,finn-b-F5_DEPRESSIO,,rs79207593,0.159468276926835,0.0456373382805875,0.000475395321423429,DD
Leg fat mass (right) || id:ukb-b-18096,Depression || id:finn-b-F5_DEPRESSIO,ukb-b-18096,finn-b-F5_DEPRESSIO,,rs7924036,0.157626752329878,0.0456786884040895,0.000558984973416939,DD
Leg fat mass (right) || id:ukb-b-18096,Depression || id:finn-b-F5_DEPRESSIO,ukb-b-18096,finn-b-F5_DEPRESSIO,,rs79246548,0.159631991950826,0.0456694176467899,0.000473386374767115,DD
Leg fat mass (right) || id:ukb-b-18096,Depression || id:finn-b-F5_DEPRESSIO,ukb-b-18096,finn-b-F5_DEPRESSIO,,rs7924976,0.157623036582812,0.0456704660192105,0.000557867846133627,DD
Leg fat mass (right) || id:ukb-b-18096,Depression || id:finn-b-F5_DEPRESSIO,ukb-b-18096,finn-b-F5_DEPRESSIO,,rs79275587,0.157479364553326,0.0456906291856061,0.000567594531012076,DD
Leg fat mass (right) || id:ukb-b-18096,Depression || id:finn-b-F5_DEPRESSIO,ukb-b-18096,finn-b-F5_DEPRESSIO,,rs7944782,0.157458842958437,0.0457032685682088,0.000570547297656138,DD
Leg fat mass (right) || id:ukb-b-18096,Depression || id:finn-b-F5_DEPRESSIO,ukb-b-18096,finn-b-F5_DEPRESSIO,,rs79518326,0.157184955151069,0.0456640216772797,0.000576991342503473,DD
Leg fat mass (right) || id:ukb-b-18096,Depression || id:finn-b-F5_DEPRESSIO,ukb-b-18096,finn-b-F5_DEPRESSIO,,rs801738,0.15908286084177,0.0457261890816572,0.000503229075634138,DD
Leg fat mass (right) || id:ukb-b-18096,Depression || id:finn-b-F5_DEPRESSIO,ukb-b-18096,finn-b-F5_DEPRESSIO,,rs8020365,0.162085565474604,0.0457282745982003,0.000393303160906655,DD
Leg fat mass (right) || id:ukb-b-18096,Depression || id:finn-b-F5_DEPRESSIO,ukb-b-18096,finn-b-F5_DEPRESSIO,,rs8029301,0.156412062699037,0.0456310198369872,0.000608589211351745,DD
Leg fat mass (right) || id:ukb-b-18096,Depression || id:finn-b-F5_DEPRESSIO,ukb-b-18096,finn-b-F5_DEPRESSIO,,rs803973,0.155974880472338,0.0456131938546226,0.00062733480927212,DD
Leg fat mass (right) || id:ukb-b-18096,Depression || id:finn-b-F5_DEPRESSIO,ukb-b-18096,finn-b-F5_DEPRESSIO,,rs8059619,0.163357805592639,0.0456174005584453,0.000342227254026139,DD
Leg fat mass (right) || id:ukb-b-18096,Depression || id:finn-b-F5_DEPRESSIO,ukb-b-18096,finn-b-F5_DEPRESSIO,,rs8078135,0.157278293281415,0.0456900549629065,0.00057681740451015,DD
Leg fat mass (right) || id:ukb-b-18096,Depression || id:finn-b-F5_DEPRESSIO,ukb-b-18096,finn-b-F5_DEPRESSIO,,rs8089514,0.158683245940339,0.0456887655461818,0.000514416734224025,DD
Leg fat mass (right) || id:ukb-b-18096,Depression || id:finn-b-F5_DEPRESSIO,ukb-b-18096,finn-b-F5_DEPRESSIO,,rs8093356,0.158289594046412,0.0456897435989252,0.00053132719680413,DD
Leg fat mass (right) || id:ukb-b-18096,Depression || id:finn-b-F5_DEPRESSIO,ukb-b-18096,finn-b-F5_DEPRESSIO,,rs8096564,0.15978298708886,0.0456683072117225,0.000467406365561318,DD
Leg fat mass (right) || id:ukb-b-18096,Depression || id:finn-b-F5_DEPRESSIO,ukb-b-18096,finn-b-F5_DEPRESSIO,,rs8108461,0.157280368752815,0.0456630144437383,0.000572389420728517,DD
Leg fat mass (right) || id:ukb-b-18096,Depression || id:finn-b-F5_DEPRESSIO,ukb-b-18096,finn-b-F5_DEPRESSIO,,rs8126575,0.158482297502754,0.0456858501372677,0.000522481034363046,DD
Leg fat mass (right) || id:ukb-b-18096,Depression || id:finn-b-F5_DEPRESSIO,ukb-b-18096,finn-b-F5_DEPRESSIO,,rs8132491,0.159358350737357,0.0456905679144489,0.000487060543879082,DD
Leg fat mass (right) || id:ukb-b-18096,Depression || id:finn-b-F5_DEPRESSIO,ukb-b-18096,finn-b-F5_DEPRESSIO,,rs8135285,0.161615410484668,0.0454482206240756,0.000376495604947233,DD
Leg fat mass (right) || id:ukb-b-18096,Depression || id:finn-b-F5_DEPRESSIO,ukb-b-18096,finn-b-F5_DEPRESSIO,,rs814403,0.159450834640726,0.0456517770390296,0.000478050706379557,DD
Leg fat mass (right) || id:ukb-b-18096,Depression || id:finn-b-F5_DEPRESSIO,ukb-b-18096,finn-b-F5_DEPRESSIO,,rs815163,0.159423697146858,0.0456913637559634,0.000484572038506025,DD
Leg fat mass (right) || id:ukb-b-18096,Depression || id:finn-b-F5_DEPRESSIO,ukb-b-18096,finn-b-F5_DEPRESSIO,,rs834128,0.160076178338015,0.0456425071861939,0.000452894251178013,DD
Leg fat mass (right) || id:ukb-b-18096,Depression || id:finn-b-F5_DEPRESSIO,ukb-b-18096,finn-b-F5_DEPRESSIO,,rs844092,0.159361751963817,0.0456638736260073,0.000483225104753375,DD
Leg fat mass (right) || id:ukb-b-18096,Depression || id:finn-b-F5_DEPRESSIO,ukb-b-18096,finn-b-F5_DEPRESSIO,,rs854917,0.158364155112095,0.0456906226144277,0.000528243622448585,DD
Leg fat mass (right) || id:ukb-b-18096,Depression || id:finn-b-F5_DEPRESSIO,ukb-b-18096,finn-b-F5_DEPRESSIO,,rs862320,0.157046321205425,0.0457181281604146,0.000592336201785284,DD
Leg fat mass (right) || id:ukb-b-18096,Depression || id:finn-b-F5_DEPRESSIO,ukb-b-18096,finn-b-F5_DEPRESSIO,,rs879620,0.162401769172085,0.0457136890482703,0.000381465653308818,DD
Leg fat mass (right) || id:ukb-b-18096,Depression || id:finn-b-F5_DEPRESSIO,ukb-b-18096,finn-b-F5_DEPRESSIO,,rs881301,0.155760840692468,0.0455550494749506,0.000628105337071249,DD
Leg fat mass (right) || id:ukb-b-18096,Depression || id:finn-b-F5_DEPRESSIO,ukb-b-18096,finn-b-F5_DEPRESSIO,,rs900448,0.15756854142502,0.0456903903522913,0.000563470574617852,DD
Leg fat mass (right) || id:ukb-b-18096,Depression || id:finn-b-F5_DEPRESSIO,ukb-b-18096,finn-b-F5_DEPRESSIO,,rs909691,0.15626072023997,0.0455884006681842,0.000608847621570582,DD
Leg fat mass (right) || id:ukb-b-18096,Depression || id:finn-b-F5_DEPRESSIO,ukb-b-18096,finn-b-F5_DEPRESSIO,,rs922654,0.160821051976345,0.0455826900818616,0.000418527532229639,DD
Leg fat mass (right) || id:ukb-b-18096,Depression || id:finn-b-F5_DEPRESSIO,ukb-b-18096,finn-b-F5_DEPRESSIO,,rs9289630,0.161154568803324,0.0456757766284409,0.000418351136720519,DD
Leg fat mass (right) || id:ukb-b-18096,Depression || id:finn-b-F5_DEPRESSIO,ukb-b-18096,finn-b-F5_DEPRESSIO,,rs9294260,0.157638900773159,0.045704487710845,0.000562478772949673,DD
Leg fat mass (right) || id:ukb-b-18096,Depression || id:finn-b-F5_DEPRESSIO,ukb-b-18096,finn-b-F5_DEPRESSIO,,rs9340799,0.158933260588517,0.0456705417113165,0.000501422985220341,DD
Leg fat mass (right) || id:ukb-b-18096,Depression || id:finn-b-F5_DEPRESSIO,ukb-b-18096,finn-b-F5_DEPRESSIO,,rs934224,0.158944766354807,0.0456818088749221,0.000502559208330388,DD
Leg fat mass (right) || id:ukb-b-18096,Depression || id:finn-b-F5_DEPRESSIO,ukb-b-18096,finn-b-F5_DEPRESSIO,,rs936145,0.157768341569712,0.0456881606739592,0.000554068688753189,DD
Leg fat mass (right) || id:ukb-b-18096,Depression || id:finn-b-F5_DEPRESSIO,ukb-b-18096,finn-b-F5_DEPRESSIO,,rs9395885,0.156690282814594,0.0456424004821446,0.000596945862470892,DD
Leg fat mass (right) || id:ukb-b-18096,Depression || id:finn-b-F5_DEPRESSIO,ukb-b-18096,finn-b-F5_DEPRESSIO,,rs9402097,0.155735678055837,0.0455535070421934,0.000629113962360724,DD
Leg fat mass (right) || id:ukb-b-18096,Depression || id:finn-b-F5_DEPRESSIO,ukb-b-18096,finn-b-F5_DEPRESSIO,,rs9421249,0.161098878588407,0.0456492340023836,0.000417038813203295,DD
Leg fat mass (right) || id:ukb-b-18096,Depression || id:finn-b-F5_DEPRESSIO,ukb-b-18096,finn-b-F5_DEPRESSIO,,rs9449357,0.159588621343265,0.0456489974862227,0.000472299318785181,DD
Leg fat mass (right) || id:ukb-b-18096,Depression || id:finn-b-F5_DEPRESSIO,ukb-b-18096,finn-b-F5_DEPRESSIO,,rs9449999,0.157940671469215,0.0456890207372454,0.000546503222559484,DD
Leg fat mass (right) || id:ukb-b-18096,Depression || id:finn-b-F5_DEPRESSIO,ukb-b-18096,finn-b-F5_DEPRESSIO,,rs947612,0.156364208846047,0.0456267461636336,0.000610222588433659,DD
Leg fat mass (right) || id:ukb-b-18096,Depression || id:finn-b-F5_DEPRESSIO,ukb-b-18096,finn-b-F5_DEPRESSIO,,rs9480184,0.157751440976474,0.0456879246032636,0.000554792305977861,DD
Leg fat mass (right) || id:ukb-b-18096,Depression || id:finn-b-F5_DEPRESSIO,ukb-b-18096,finn-b-F5_DEPRESSIO,,rs9508857,0.157295669454843,0.0456506322057164,0.000569707614841268,DD
Leg fat mass (right) || id:ukb-b-18096,Depression || id:finn-b-F5_DEPRESSIO,ukb-b-18096,finn-b-F5_DEPRESSIO,,rs9522183,0.156549962006476,0.0456917987655066,0.000612053938216748,DD
Leg fat mass (right) || id:ukb-b-18096,Depression || id:finn-b-F5_DEPRESSIO,ukb-b-18096,finn-b-F5_DEPRESSIO,,rs9522279,0.15695676588091,0.0457025310268732,0.000594059267530177,DD
Leg fat mass (right) || id:ukb-b-18096,Depression || id:finn-b-F5_DEPRESSIO,ukb-b-18096,finn-b-F5_DEPRESSIO,,rs9532583,0.157568294732416,0.0456783810517272,0.000561592975860357,DD
Leg fat mass (right) || id:ukb-b-18096,Depression || id:finn-b-F5_DEPRESSIO,ukb-b-18096,finn-b-F5_DEPRESSIO,,rs9568867,0.15623012219432,0.04572034303819,0.000632964100849295,DD
Leg fat mass (right) || id:ukb-b-18096,Depression || id:finn-b-F5_DEPRESSIO,ukb-b-18096,finn-b-F5_DEPRESSIO,,rs9571687,0.160211707454226,0.0456157318834647,0.000444408515018354,DD
Leg fat mass (right) || id:ukb-b-18096,Depression || id:finn-b-F5_DEPRESSIO,ukb-b-18096,finn-b-F5_DEPRESSIO,,rs9574869,0.159372545296223,0.0456550075738547,0.000481574837514874,DD
Leg fat mass (right) || id:ukb-b-18096,Depression || id:finn-b-F5_DEPRESSIO,ukb-b-18096,finn-b-F5_DEPRESSIO,,rs9610311,0.156547365268868,0.0456455713328254,0.000604407531824367,DD
Leg fat mass (right) || id:ukb-b-18096,Depression || id:finn-b-F5_DEPRESSIO,ukb-b-18096,finn-b-F5_DEPRESSIO,,rs9615723,0.158061338128704,0.0456852439590358,0.000540597340260894,DD
Leg fat mass (right) || id:ukb-b-18096,Depression || id:finn-b-F5_DEPRESSIO,ukb-b-18096,finn-b-F5_DEPRESSIO,,rs9615937,0.15984224617532,0.0456297555398309,0.000460003570430608,DD
Leg fat mass (right) || id:ukb-b-18096,Depression || id:finn-b-F5_DEPRESSIO,ukb-b-18096,finn-b-F5_DEPRESSIO,,rs9673839,0.155242615132304,0.0455690994124349,0.000657408600986321,DD
Leg fat mass (right) || id:ukb-b-18096,Depression || id:finn-b-F5_DEPRESSIO,ukb-b-18096,finn-b-F5_DEPRESSIO,,rs9783304,0.161495206934101,0.0457053690040225,0.000410256142875306,DD
Leg fat mass (right) || id:ukb-b-18096,Depression || id:finn-b-F5_DEPRESSIO,ukb-b-18096,finn-b-F5_DEPRESSIO,,rs9788550,0.152257610424187,0.0455918756643232,0.000839058806686093,DD
Leg fat mass (right) || id:ukb-b-18096,Depression || id:finn-b-F5_DEPRESSIO,ukb-b-18096,finn-b-F5_DEPRESSIO,,rs9800418,0.160295196458294,0.0455908038850204,0.000438175911209978,DD
Leg fat mass (right) || id:ukb-b-18096,Depression || id:finn-b-F5_DEPRESSIO,ukb-b-18096,finn-b-F5_DEPRESSIO,,rs9835574,0.154370407778326,0.0456541665856716,0.000721438780130779,DD
Leg fat mass (right) || id:ukb-b-18096,Depression || id:finn-b-F5_DEPRESSIO,ukb-b-18096,finn-b-F5_DEPRESSIO,,rs9839081,0.159930300788115,0.0456674890668268,0.000461675106173402,DD
Leg fat mass (right) || id:ukb-b-18096,Depression || id:finn-b-F5_DEPRESSIO,ukb-b-18096,finn-b-F5_DEPRESSIO,,rs9843653,0.150399909016857,0.0456220785280085,0.000978462374150546,DD
Leg fat mass (right) || id:ukb-b-18096,Depression || id:finn-b-F5_DEPRESSIO,ukb-b-18096,finn-b-F5_DEPRESSIO,,rs9866090,0.158491393410232,0.0456968950758969,0.000523725878787296,DD
Leg fat mass (right) || id:ukb-b-18096,Depression || id:finn-b-F5_DEPRESSIO,ukb-b-18096,finn-b-F5_DEPRESSIO,,rs9917946,0.159764174379145,0.0456653028480844,0.000467725109327149,DD
Leg fat mass (right) || id:ukb-b-18096,Depression || id:finn-b-F5_DEPRESSIO,ukb-b-18096,finn-b-F5_DEPRESSIO,,rs9955276,0.159526136256223,0.0456803434054308,0.000479010673367517,DD
Leg fat mass (right) || id:ukb-b-18096,Depression || id:finn-b-F5_DEPRESSIO,ukb-b-18096,finn-b-F5_DEPRESSIO,,rs9968060,0.158636835084325,0.0456954961952022,0.000517351818761783,DD
Leg fat mass (right) || id:ukb-b-18096,Depression || id:finn-b-F5_DEPRESSIO,ukb-b-18096,finn-b-F5_DEPRESSIO,,rs9998491,0.1575229934843,0.0456695338498542,0.000562266634346931,DD
Leg fat mass (right) || id:ukb-b-18096,Depression || id:finn-b-F5_DEPRESSIO,ukb-b-18096,finn-b-F5_DEPRESSIO,,All,0.158233065770209,0.0456278443803455,0.000524531140034531,DD
