exposure,outcome,id.exposure,id.outcome,samplesize,SNP,b,se,p
Leg fat mass (left) || id:ukb-b-7212,"Ischaemic heart disease, wide definition || id:finn-b-I9_IHD",ukb-b-7212,finn-b-I9_IHD,,rs10050620,-0.905291274924754,1.16975838894772,0.438982215645252
Leg fat mass (left) || id:ukb-b-7212,"Ischaemic heart disease, wide definition || id:finn-b-I9_IHD",ukb-b-7212,finn-b-I9_IHD,,rs1005551,1.75700469571166,0.886276704916503,0.047428211594277
Leg fat mass (left) || id:ukb-b-7212,"Ischaemic heart disease, wide definition || id:finn-b-I9_IHD",ukb-b-7212,finn-b-I9_IHD,,rs10070916,-1.83661589513235,1.38005601159662,0.183245919367818
Leg fat mass (left) || id:ukb-b-7212,"Ischaemic heart disease, wide definition || id:finn-b-I9_IHD",ukb-b-7212,finn-b-I9_IHD,,rs10100245,0.302599726344595,0.723608041258815,0.675814188135396
Leg fat mass (left) || id:ukb-b-7212,"Ischaemic heart disease, wide definition || id:finn-b-I9_IHD",ukb-b-7212,finn-b-I9_IHD,,rs10132514,0.686112052493809,1.39301537930561,0.622339550672908
Leg fat mass (left) || id:ukb-b-7212,"Ischaemic heart disease, wide definition || id:finn-b-I9_IHD",ukb-b-7212,finn-b-I9_IHD,,rs1013402,0.067854401418157,0.491944410281638,0.890294922852369
Leg fat mass (left) || id:ukb-b-7212,"Ischaemic heart disease, wide definition || id:finn-b-I9_IHD",ukb-b-7212,finn-b-I9_IHD,,rs10141106,0.225618787727692,1.30858896882061,0.863112229226665
Leg fat mass (left) || id:ukb-b-7212,"Ischaemic heart disease, wide definition || id:finn-b-I9_IHD",ukb-b-7212,finn-b-I9_IHD,,rs10160769,2.65128610633053,1.26517512442439,0.0361187337479216
Leg fat mass (left) || id:ukb-b-7212,"Ischaemic heart disease, wide definition || id:finn-b-I9_IHD",ukb-b-7212,finn-b-I9_IHD,,rs10172070,0.724168484187568,1.51649400218103,0.63298612332211
Leg fat mass (left) || id:ukb-b-7212,"Ischaemic heart disease, wide definition || id:finn-b-I9_IHD",ukb-b-7212,finn-b-I9_IHD,,rs10184537,-0.482890138401224,0.908488226483659,0.59505049695982
Leg fat mass (left) || id:ukb-b-7212,"Ischaemic heart disease, wide definition || id:finn-b-I9_IHD",ukb-b-7212,finn-b-I9_IHD,,rs10209821,2.00639448025001,0.851635067156477,0.0184762894494205
Leg fat mass (left) || id:ukb-b-7212,"Ischaemic heart disease, wide definition || id:finn-b-I9_IHD",ukb-b-7212,finn-b-I9_IHD,,rs10213345,-2.79484501415238,1.36958540534161,0.0412855880921693
Leg fat mass (left) || id:ukb-b-7212,"Ischaemic heart disease, wide definition || id:finn-b-I9_IHD",ukb-b-7212,finn-b-I9_IHD,,rs1023229,-2.92718315562154,1.74618706978,0.0936738649614071
Leg fat mass (left) || id:ukb-b-7212,"Ischaemic heart disease, wide definition || id:finn-b-I9_IHD",ukb-b-7212,finn-b-I9_IHD,,rs10236214,-2.82832278481013,1.18670886075949,0.0171566513368353
Leg fat mass (left) || id:ukb-b-7212,"Ischaemic heart disease, wide definition || id:finn-b-I9_IHD",ukb-b-7212,finn-b-I9_IHD,,rs10248136,3.14249731752605,1.31435249022002,0.0168067137982655
Leg fat mass (left) || id:ukb-b-7212,"Ischaemic heart disease, wide definition || id:finn-b-I9_IHD",ukb-b-7212,finn-b-I9_IHD,,rs10248298,-0.00836428117367593,0.945163772625381,0.992939166844415
Leg fat mass (left) || id:ukb-b-7212,"Ischaemic heart disease, wide definition || id:finn-b-I9_IHD",ukb-b-7212,finn-b-I9_IHD,,rs1025065,-1.50269250295977,1.29875566327237,0.247262230900262
Leg fat mass (left) || id:ukb-b-7212,"Ischaemic heart disease, wide definition || id:finn-b-I9_IHD",ukb-b-7212,finn-b-I9_IHD,,rs1031881,-0.0163822972895489,1.64642087759967,0.99206098114515
Leg fat mass (left) || id:ukb-b-7212,"Ischaemic heart disease, wide definition || id:finn-b-I9_IHD",ukb-b-7212,finn-b-I9_IHD,,rs10404726,0.0661594442606682,0.72775388686735,0.927564826606211
Leg fat mass (left) || id:ukb-b-7212,"Ischaemic heart disease, wide definition || id:finn-b-I9_IHD",ukb-b-7212,finn-b-I9_IHD,,rs10405382,-0.519499457715478,1.22127942691007,0.670564687455411
Leg fat mass (left) || id:ukb-b-7212,"Ischaemic heart disease, wide definition || id:finn-b-I9_IHD",ukb-b-7212,finn-b-I9_IHD,,rs10423928,1.06921458226696,0.48152571612732,0.0263867144151883
Leg fat mass (left) || id:ukb-b-7212,"Ischaemic heart disease, wide definition || id:finn-b-I9_IHD",ukb-b-7212,finn-b-I9_IHD,,rs10457469,-1.5652054821322,1.07607876896589,0.145795140951976
Leg fat mass (left) || id:ukb-b-7212,"Ischaemic heart disease, wide definition || id:finn-b-I9_IHD",ukb-b-7212,finn-b-I9_IHD,,rs10499014,1.1523101450648,0.986566905021231,0.242806764889785
Leg fat mass (left) || id:ukb-b-7212,"Ischaemic heart disease, wide definition || id:finn-b-I9_IHD",ukb-b-7212,finn-b-I9_IHD,,rs10505836,-0.743211052882325,1.03541368905828,0.472885910006574
Leg fat mass (left) || id:ukb-b-7212,"Ischaemic heart disease, wide definition || id:finn-b-I9_IHD",ukb-b-7212,finn-b-I9_IHD,,rs1056441,0.57108762359359,1.07398568019093,0.594901905674212
Leg fat mass (left) || id:ukb-b-7212,"Ischaemic heart disease, wide definition || id:finn-b-I9_IHD",ukb-b-7212,finn-b-I9_IHD,,rs1057042,-0.628523541063538,1.07610848697242,0.559172681745241
Leg fat mass (left) || id:ukb-b-7212,"Ischaemic heart disease, wide definition || id:finn-b-I9_IHD",ukb-b-7212,finn-b-I9_IHD,,rs1062557,1.34852926027551,1.07695045091447,0.210506499499213
Leg fat mass (left) || id:ukb-b-7212,"Ischaemic heart disease, wide definition || id:finn-b-I9_IHD",ukb-b-7212,finn-b-I9_IHD,,rs1065634,-2.26745287486976,1.4563796533106,0.119491719758174
Leg fat mass (left) || id:ukb-b-7212,"Ischaemic heart disease, wide definition || id:finn-b-I9_IHD",ukb-b-7212,finn-b-I9_IHD,,rs10733682,-0.244352405038547,1.23286895269449,0.842889997154009
Leg fat mass (left) || id:ukb-b-7212,"Ischaemic heart disease, wide definition || id:finn-b-I9_IHD",ukb-b-7212,finn-b-I9_IHD,,rs10756798,0.208026627408308,0.928118799206298,0.822649978513835
Leg fat mass (left) || id:ukb-b-7212,"Ischaemic heart disease, wide definition || id:finn-b-I9_IHD",ukb-b-7212,finn-b-I9_IHD,,rs10760277,0.534468531993099,1.05956042307404,0.613962909185628
Leg fat mass (left) || id:ukb-b-7212,"Ischaemic heart disease, wide definition || id:finn-b-I9_IHD",ukb-b-7212,finn-b-I9_IHD,,rs10766451,-1.42989237676711,1.05812035880766,0.176582909707466
Leg fat mass (left) || id:ukb-b-7212,"Ischaemic heart disease, wide definition || id:finn-b-I9_IHD",ukb-b-7212,finn-b-I9_IHD,,rs10770992,4.23269454198358,1.55486738276948,0.00648445219665542
Leg fat mass (left) || id:ukb-b-7212,"Ischaemic heart disease, wide definition || id:finn-b-I9_IHD",ukb-b-7212,finn-b-I9_IHD,,rs10771041,0.348528710941668,1.09537594867381,0.750347023651697
Leg fat mass (left) || id:ukb-b-7212,"Ischaemic heart disease, wide definition || id:finn-b-I9_IHD",ukb-b-7212,finn-b-I9_IHD,,rs10774830,0.293707712764537,1.4952392649831,0.844274735076052
Leg fat mass (left) || id:ukb-b-7212,"Ischaemic heart disease, wide definition || id:finn-b-I9_IHD",ukb-b-7212,finn-b-I9_IHD,,rs10779795,1.80783336793302,1.05529029132932,0.0866914302139924
Leg fat mass (left) || id:ukb-b-7212,"Ischaemic heart disease, wide definition || id:finn-b-I9_IHD",ukb-b-7212,finn-b-I9_IHD,,rs10793974,-2.4580108603489,1.38685933863722,0.0763351948693867
Leg fat mass (left) || id:ukb-b-7212,"Ischaemic heart disease, wide definition || id:finn-b-I9_IHD",ukb-b-7212,finn-b-I9_IHD,,rs10795776,1.01487517035405,1.22509931278453,0.407442666573563
Leg fat mass (left) || id:ukb-b-7212,"Ischaemic heart disease, wide definition || id:finn-b-I9_IHD",ukb-b-7212,finn-b-I9_IHD,,rs10798945,-1.97765032920101,1.44435136402321,0.170927150799391
Leg fat mass (left) || id:ukb-b-7212,"Ischaemic heart disease, wide definition || id:finn-b-I9_IHD",ukb-b-7212,finn-b-I9_IHD,,rs10820852,1.85653272901595,1.18539178941864,0.117307309547421
Leg fat mass (left) || id:ukb-b-7212,"Ischaemic heart disease, wide definition || id:finn-b-I9_IHD",ukb-b-7212,finn-b-I9_IHD,,rs10822118,0.0638294069737457,1.40424695342241,0.963745004895627
Leg fat mass (left) || id:ukb-b-7212,"Ischaemic heart disease, wide definition || id:finn-b-I9_IHD",ukb-b-7212,finn-b-I9_IHD,,rs10837017,-1.0488152272433,1.4631619836851,0.473488773795124
Leg fat mass (left) || id:ukb-b-7212,"Ischaemic heart disease, wide definition || id:finn-b-I9_IHD",ukb-b-7212,finn-b-I9_IHD,,rs10846458,1.17281535336623,1.23347821647138,0.341695924523077
Leg fat mass (left) || id:ukb-b-7212,"Ischaemic heart disease, wide definition || id:finn-b-I9_IHD",ukb-b-7212,finn-b-I9_IHD,,rs10862431,2.7965605569617,1.42548417494935,0.0497820396600712
Leg fat mass (left) || id:ukb-b-7212,"Ischaemic heart disease, wide definition || id:finn-b-I9_IHD",ukb-b-7212,finn-b-I9_IHD,,rs10865534,0.0522921387484748,1.48161059787345,0.97184521384789
Leg fat mass (left) || id:ukb-b-7212,"Ischaemic heart disease, wide definition || id:finn-b-I9_IHD",ukb-b-7212,finn-b-I9_IHD,,rs10888691,-1.55547175909715,1.7642147224392,0.377950209789625
Leg fat mass (left) || id:ukb-b-7212,"Ischaemic heart disease, wide definition || id:finn-b-I9_IHD",ukb-b-7212,finn-b-I9_IHD,,rs10896012,-1.82934213797192,1.17919266733381,0.120817506904568
Leg fat mass (left) || id:ukb-b-7212,"Ischaemic heart disease, wide definition || id:finn-b-I9_IHD",ukb-b-7212,finn-b-I9_IHD,,rs10903791,2.45607258364323,1.25036422440019,0.0494969674357421
Leg fat mass (left) || id:ukb-b-7212,"Ischaemic heart disease, wide definition || id:finn-b-I9_IHD",ukb-b-7212,finn-b-I9_IHD,,rs10915840,0.293400326407863,1.20110758623219,0.807017991987434
Leg fat mass (left) || id:ukb-b-7212,"Ischaemic heart disease, wide definition || id:finn-b-I9_IHD",ukb-b-7212,finn-b-I9_IHD,,rs10929925,1.46043121903262,1.30607669994788,0.263489347975161
Leg fat mass (left) || id:ukb-b-7212,"Ischaemic heart disease, wide definition || id:finn-b-I9_IHD",ukb-b-7212,finn-b-I9_IHD,,rs10938398,1.22316027388154,0.487491413503512,0.0121042328633829
Leg fat mass (left) || id:ukb-b-7212,"Ischaemic heart disease, wide definition || id:finn-b-I9_IHD",ukb-b-7212,finn-b-I9_IHD,,rs10947793,1.87433271382815,0.893669184230298,0.0359630343012636
Leg fat mass (left) || id:ukb-b-7212,"Ischaemic heart disease, wide definition || id:finn-b-I9_IHD",ukb-b-7212,finn-b-I9_IHD,,rs10950290,0.640620120276428,0.952922428911186,0.501412520028011
Leg fat mass (left) || id:ukb-b-7212,"Ischaemic heart disease, wide definition || id:finn-b-I9_IHD",ukb-b-7212,finn-b-I9_IHD,,rs10951992,3.84715835879141,1.20291430373478,0.00138289199540459
Leg fat mass (left) || id:ukb-b-7212,"Ischaemic heart disease, wide definition || id:finn-b-I9_IHD",ukb-b-7212,finn-b-I9_IHD,,rs10954772,2.69257088453185,0.929755139686412,0.00377952400060155
Leg fat mass (left) || id:ukb-b-7212,"Ischaemic heart disease, wide definition || id:finn-b-I9_IHD",ukb-b-7212,finn-b-I9_IHD,,rs10989067,0.736836565138608,0.849617672047579,0.385801410089173
Leg fat mass (left) || id:ukb-b-7212,"Ischaemic heart disease, wide definition || id:finn-b-I9_IHD",ukb-b-7212,finn-b-I9_IHD,,rs10992854,0.0586411996313982,0.971768451034598,0.951880999724362
Leg fat mass (left) || id:ukb-b-7212,"Ischaemic heart disease, wide definition || id:finn-b-I9_IHD",ukb-b-7212,finn-b-I9_IHD,,rs11001259,1.58416531026139,1.26210972520825,0.209416177489011
Leg fat mass (left) || id:ukb-b-7212,"Ischaemic heart disease, wide definition || id:finn-b-I9_IHD",ukb-b-7212,finn-b-I9_IHD,,rs11004108,-1.19024225921455,1.31375796535946,0.364944900288063
Leg fat mass (left) || id:ukb-b-7212,"Ischaemic heart disease, wide definition || id:finn-b-I9_IHD",ukb-b-7212,finn-b-I9_IHD,,rs11012732,0.944388980329727,0.642184506624214,0.141402507486613
Leg fat mass (left) || id:ukb-b-7212,"Ischaemic heart disease, wide definition || id:finn-b-I9_IHD",ukb-b-7212,finn-b-I9_IHD,,rs11013304,1.21206470560813,1.9765978276071,0.539739115098772
Leg fat mass (left) || id:ukb-b-7212,"Ischaemic heart disease, wide definition || id:finn-b-I9_IHD",ukb-b-7212,finn-b-I9_IHD,,rs1106761,-0.120414224933772,0.915148109496669,0.895317338291782
Leg fat mass (left) || id:ukb-b-7212,"Ischaemic heart disease, wide definition || id:finn-b-I9_IHD",ukb-b-7212,finn-b-I9_IHD,,rs11071646,-0.0417105161836803,0.757206293796042,0.956070948810033
Leg fat mass (left) || id:ukb-b-7212,"Ischaemic heart disease, wide definition || id:finn-b-I9_IHD",ukb-b-7212,finn-b-I9_IHD,,rs11075263,0.611685859418633,1.09039653200713,0.574814164356031
Leg fat mass (left) || id:ukb-b-7212,"Ischaemic heart disease, wide definition || id:finn-b-I9_IHD",ukb-b-7212,finn-b-I9_IHD,,rs11084922,2.99330781894764,1.39603852060163,0.0320213389272587
Leg fat mass (left) || id:ukb-b-7212,"Ischaemic heart disease, wide definition || id:finn-b-I9_IHD",ukb-b-7212,finn-b-I9_IHD,,rs11099020,0.459436363469296,1.03832618144061,0.658143436378906
Leg fat mass (left) || id:ukb-b-7212,"Ischaemic heart disease, wide definition || id:finn-b-I9_IHD",ukb-b-7212,finn-b-I9_IHD,,rs11102121,3.51525917657066,1.48928919312727,0.0182571903419344
Leg fat mass (left) || id:ukb-b-7212,"Ischaemic heart disease, wide definition || id:finn-b-I9_IHD",ukb-b-7212,finn-b-I9_IHD,,rs11105842,-0.707647308581403,1.07562390904373,0.510605772861378
Leg fat mass (left) || id:ukb-b-7212,"Ischaemic heart disease, wide definition || id:finn-b-I9_IHD",ukb-b-7212,finn-b-I9_IHD,,rs11122449,1.35541570365939,1.37878493992938,0.325582413807624
Leg fat mass (left) || id:ukb-b-7212,"Ischaemic heart disease, wide definition || id:finn-b-I9_IHD",ukb-b-7212,finn-b-I9_IHD,,rs11124548,-1.12868714473371,1.33281141558981,0.397080492530739
Leg fat mass (left) || id:ukb-b-7212,"Ischaemic heart disease, wide definition || id:finn-b-I9_IHD",ukb-b-7212,finn-b-I9_IHD,,rs11129446,-1.75669216061185,1.39818355640535,0.208967264956349
Leg fat mass (left) || id:ukb-b-7212,"Ischaemic heart disease, wide definition || id:finn-b-I9_IHD",ukb-b-7212,finn-b-I9_IHD,,rs11135450,-0.595423009216113,0.957854406130268,0.53419070026645
Leg fat mass (left) || id:ukb-b-7212,"Ischaemic heart disease, wide definition || id:finn-b-I9_IHD",ukb-b-7212,finn-b-I9_IHD,,rs11137022,3.27100064482092,1.86998065537253,0.0802536373962297
Leg fat mass (left) || id:ukb-b-7212,"Ischaemic heart disease, wide definition || id:finn-b-I9_IHD",ukb-b-7212,finn-b-I9_IHD,,rs11150745,0.767496812168753,0.74332368422643,0.301828431107777
Leg fat mass (left) || id:ukb-b-7212,"Ischaemic heart disease, wide definition || id:finn-b-I9_IHD",ukb-b-7212,finn-b-I9_IHD,,rs11164968,0.470954399328378,1.42924422057047,0.741768049653132
Leg fat mass (left) || id:ukb-b-7212,"Ischaemic heart disease, wide definition || id:finn-b-I9_IHD",ukb-b-7212,finn-b-I9_IHD,,rs11165643,0.139060080275592,0.707942226857558,0.844274735076052
Leg fat mass (left) || id:ukb-b-7212,"Ischaemic heart disease, wide definition || id:finn-b-I9_IHD",ukb-b-7212,finn-b-I9_IHD,,rs112325820,1.15243583027763,1.30555667485998,0.37738970847817
Leg fat mass (left) || id:ukb-b-7212,"Ischaemic heart disease, wide definition || id:finn-b-I9_IHD",ukb-b-7212,finn-b-I9_IHD,,rs11242730,3.35334190005105,1.04736925487159,0.00136628364871308
Leg fat mass (left) || id:ukb-b-7212,"Ischaemic heart disease, wide definition || id:finn-b-I9_IHD",ukb-b-7212,finn-b-I9_IHD,,rs11245344,0.420230544942041,1.20681592393612,0.727679259914616
Leg fat mass (left) || id:ukb-b-7212,"Ischaemic heart disease, wide definition || id:finn-b-I9_IHD",ukb-b-7212,finn-b-I9_IHD,,rs113079574,1.50657263004536,1.12579053673719,0.180819747233865
Leg fat mass (left) || id:ukb-b-7212,"Ischaemic heart disease, wide definition || id:finn-b-I9_IHD",ukb-b-7212,finn-b-I9_IHD,,rs113132247,1.08337584953673,0.881817551948502,0.219232533281333
Leg fat mass (left) || id:ukb-b-7212,"Ischaemic heart disease, wide definition || id:finn-b-I9_IHD",ukb-b-7212,finn-b-I9_IHD,,rs113624107,1.01679632418536,1.29497645061344,0.432345000260982
Leg fat mass (left) || id:ukb-b-7212,"Ischaemic heart disease, wide definition || id:finn-b-I9_IHD",ukb-b-7212,finn-b-I9_IHD,,rs113866544,0.0673766032971982,0.63475852579992,0.915467108494102
Leg fat mass (left) || id:ukb-b-7212,"Ischaemic heart disease, wide definition || id:finn-b-I9_IHD",ukb-b-7212,finn-b-I9_IHD,,rs113963705,-0.820349456892732,2.43709656171782,0.736411416961362
Leg fat mass (left) || id:ukb-b-7212,"Ischaemic heart disease, wide definition || id:finn-b-I9_IHD",ukb-b-7212,finn-b-I9_IHD,,rs114049355,-1.49796583049155,1.82139027116586,0.410832264237204
Leg fat mass (left) || id:ukb-b-7212,"Ischaemic heart disease, wide definition || id:finn-b-I9_IHD",ukb-b-7212,finn-b-I9_IHD,,rs115000305,0.621253670492878,0.917319872837139,0.498248187908354
Leg fat mass (left) || id:ukb-b-7212,"Ischaemic heart disease, wide definition || id:finn-b-I9_IHD",ukb-b-7212,finn-b-I9_IHD,,rs11525873,-1.10417894473009,1.05676021704229,0.29608222716042
Leg fat mass (left) || id:ukb-b-7212,"Ischaemic heart disease, wide definition || id:finn-b-I9_IHD",ukb-b-7212,finn-b-I9_IHD,,rs11533200,-0.631217968043413,1.24359360868254,0.611750895339301
Leg fat mass (left) || id:ukb-b-7212,"Ischaemic heart disease, wide definition || id:finn-b-I9_IHD",ukb-b-7212,finn-b-I9_IHD,,rs115494422,0.641647392374842,1.87520206918849,0.7322191481409
Leg fat mass (left) || id:ukb-b-7212,"Ischaemic heart disease, wide definition || id:finn-b-I9_IHD",ukb-b-7212,finn-b-I9_IHD,,rs115774037,0.659756092624898,1.29927426829811,0.611601912630723
Leg fat mass (left) || id:ukb-b-7212,"Ischaemic heart disease, wide definition || id:finn-b-I9_IHD",ukb-b-7212,finn-b-I9_IHD,,rs11603042,-0.463911925100199,1.44056860952167,0.747427014162106
Leg fat mass (left) || id:ukb-b-7212,"Ischaemic heart disease, wide definition || id:finn-b-I9_IHD",ukb-b-7212,finn-b-I9_IHD,,rs11603984,0.84644888242296,0.899351937574395,0.34661443250305
Leg fat mass (left) || id:ukb-b-7212,"Ischaemic heart disease, wide definition || id:finn-b-I9_IHD",ukb-b-7212,finn-b-I9_IHD,,rs11637960,0.431070737656658,1.39835141727647,0.757876376856322
Leg fat mass (left) || id:ukb-b-7212,"Ischaemic heart disease, wide definition || id:finn-b-I9_IHD",ukb-b-7212,finn-b-I9_IHD,,rs11656076,1.34317720801886,1.14215748981196,0.239594876057857
Leg fat mass (left) || id:ukb-b-7212,"Ischaemic heart disease, wide definition || id:finn-b-I9_IHD",ukb-b-7212,finn-b-I9_IHD,,rs11656758,0.64274536105522,1.11781801922647,0.565291296994401
Leg fat mass (left) || id:ukb-b-7212,"Ischaemic heart disease, wide definition || id:finn-b-I9_IHD",ukb-b-7212,finn-b-I9_IHD,,rs11664848,0.031380884438847,1.18201331386324,0.978819712169529
Leg fat mass (left) || id:ukb-b-7212,"Ischaemic heart disease, wide definition || id:finn-b-I9_IHD",ukb-b-7212,finn-b-I9_IHD,,rs1167311,0.304520509780292,0.732145055429212,0.677461809132882
Leg fat mass (left) || id:ukb-b-7212,"Ischaemic heart disease, wide definition || id:finn-b-I9_IHD",ukb-b-7212,finn-b-I9_IHD,,rs11691869,0.543413762734308,0.724551683645744,0.453254704753736
Leg fat mass (left) || id:ukb-b-7212,"Ischaemic heart disease, wide definition || id:finn-b-I9_IHD",ukb-b-7212,finn-b-I9_IHD,,rs117176448,-0.0104403205178399,1.05447237230183,0.992100281931256
Leg fat mass (left) || id:ukb-b-7212,"Ischaemic heart disease, wide definition || id:finn-b-I9_IHD",ukb-b-7212,finn-b-I9_IHD,,rs117342986,4.76187561589169,1.56382933144001,0.002326727400513
Leg fat mass (left) || id:ukb-b-7212,"Ischaemic heart disease, wide definition || id:finn-b-I9_IHD",ukb-b-7212,finn-b-I9_IHD,,rs117435593,1.56925557762133,2.2023690347996,0.476136200018472
Leg fat mass (left) || id:ukb-b-7212,"Ischaemic heart disease, wide definition || id:finn-b-I9_IHD",ukb-b-7212,finn-b-I9_IHD,,rs11757278,-0.459288653733098,1.0379923574368,0.658143436378906
Leg fat mass (left) || id:ukb-b-7212,"Ischaemic heart disease, wide definition || id:finn-b-I9_IHD",ukb-b-7212,finn-b-I9_IHD,,rs11773362,-0.46976974407861,1.29473124587519,0.716730491719857
Leg fat mass (left) || id:ukb-b-7212,"Ischaemic heart disease, wide definition || id:finn-b-I9_IHD",ukb-b-7212,finn-b-I9_IHD,,rs1182199,2.91161240615649,1.02130404400566,0.00435988048525251
Leg fat mass (left) || id:ukb-b-7212,"Ischaemic heart disease, wide definition || id:finn-b-I9_IHD",ukb-b-7212,finn-b-I9_IHD,,rs11841757,0.448736060097392,1.08860044208812,0.680182766798041
Leg fat mass (left) || id:ukb-b-7212,"Ischaemic heart disease, wide definition || id:finn-b-I9_IHD",ukb-b-7212,finn-b-I9_IHD,,rs11854132,1.92265607903211,1.02385344046019,0.0603999644951207
Leg fat mass (left) || id:ukb-b-7212,"Ischaemic heart disease, wide definition || id:finn-b-I9_IHD",ukb-b-7212,finn-b-I9_IHD,,rs11914525,0.124057327543991,0.724755966178055,0.864089174997049
Leg fat mass (left) || id:ukb-b-7212,"Ischaemic heart disease, wide definition || id:finn-b-I9_IHD",ukb-b-7212,finn-b-I9_IHD,,rs11929078,-1.1476315917914,1.56974895888709,0.464722693558552
Leg fat mass (left) || id:ukb-b-7212,"Ischaemic heart disease, wide definition || id:finn-b-I9_IHD",ukb-b-7212,finn-b-I9_IHD,,rs12031634,0.571637413200139,1.19013035207242,0.631003452466094
Leg fat mass (left) || id:ukb-b-7212,"Ischaemic heart disease, wide definition || id:finn-b-I9_IHD",ukb-b-7212,finn-b-I9_IHD,,rs12042959,-0.463845797041695,1.10439475486118,0.674485453696499
Leg fat mass (left) || id:ukb-b-7212,"Ischaemic heart disease, wide definition || id:finn-b-I9_IHD",ukb-b-7212,finn-b-I9_IHD,,rs12053069,0.708966880169089,1.40685615283554,0.614305643397821
Leg fat mass (left) || id:ukb-b-7212,"Ischaemic heart disease, wide definition || id:finn-b-I9_IHD",ukb-b-7212,finn-b-I9_IHD,,rs12071132,-1.51933351902965,1.52777426080204,0.319991603426789
Leg fat mass (left) || id:ukb-b-7212,"Ischaemic heart disease, wide definition || id:finn-b-I9_IHD",ukb-b-7212,finn-b-I9_IHD,,rs12072739,1.27276947150119,0.883451750806711,0.149675682559884
Leg fat mass (left) || id:ukb-b-7212,"Ischaemic heart disease, wide definition || id:finn-b-I9_IHD",ukb-b-7212,finn-b-I9_IHD,,rs12089815,1.98235311879284,1.49661096385685,0.185316664474506
Leg fat mass (left) || id:ukb-b-7212,"Ischaemic heart disease, wide definition || id:finn-b-I9_IHD",ukb-b-7212,finn-b-I9_IHD,,rs12139715,0.608809734095918,1.26049339312817,0.629100566424236
Leg fat mass (left) || id:ukb-b-7212,"Ischaemic heart disease, wide definition || id:finn-b-I9_IHD",ukb-b-7212,finn-b-I9_IHD,,rs12140153,0.216165377891212,0.781229260448941,0.782011217422077
Leg fat mass (left) || id:ukb-b-7212,"Ischaemic heart disease, wide definition || id:finn-b-I9_IHD",ukb-b-7212,finn-b-I9_IHD,,rs12144626,1.5021906947632,0.943041936156895,0.111178059550329
Leg fat mass (left) || id:ukb-b-7212,"Ischaemic heart disease, wide definition || id:finn-b-I9_IHD",ukb-b-7212,finn-b-I9_IHD,,rs12195911,0.260258523466644,1.4458806859258,0.857152568198199
Leg fat mass (left) || id:ukb-b-7212,"Ischaemic heart disease, wide definition || id:finn-b-I9_IHD",ukb-b-7212,finn-b-I9_IHD,,rs12259464,-0.899289138385787,1.16378594379337,0.439683802605571
Leg fat mass (left) || id:ukb-b-7212,"Ischaemic heart disease, wide definition || id:finn-b-I9_IHD",ukb-b-7212,finn-b-I9_IHD,,rs1229984,0.781634230309843,2.23658633691656,0.726731655462931
Leg fat mass (left) || id:ukb-b-7212,"Ischaemic heart disease, wide definition || id:finn-b-I9_IHD",ukb-b-7212,finn-b-I9_IHD,,rs12302594,-0.221411609717756,1.41703430219364,0.87583596638341
Leg fat mass (left) || id:ukb-b-7212,"Ischaemic heart disease, wide definition || id:finn-b-I9_IHD",ukb-b-7212,finn-b-I9_IHD,,rs12316080,-1.83643822349727,1.0963810289536,0.0939342316614916
Leg fat mass (left) || id:ukb-b-7212,"Ischaemic heart disease, wide definition || id:finn-b-I9_IHD",ukb-b-7212,finn-b-I9_IHD,,rs12364470,2.67283000942935,0.9287552552659,0.0040037948907994
Leg fat mass (left) || id:ukb-b-7212,"Ischaemic heart disease, wide definition || id:finn-b-I9_IHD",ukb-b-7212,finn-b-I9_IHD,,rs12369705,-1.88548025654895,1.36774592380805,0.168039380839703
Leg fat mass (left) || id:ukb-b-7212,"Ischaemic heart disease, wide definition || id:finn-b-I9_IHD",ukb-b-7212,finn-b-I9_IHD,,rs12427047,0.186219739292365,0.771481777068369,0.809261146695181
Leg fat mass (left) || id:ukb-b-7212,"Ischaemic heart disease, wide definition || id:finn-b-I9_IHD",ukb-b-7212,finn-b-I9_IHD,,rs12439200,-1.07421875,1.03515625,0.299393050175467
Leg fat mass (left) || id:ukb-b-7212,"Ischaemic heart disease, wide definition || id:finn-b-I9_IHD",ukb-b-7212,finn-b-I9_IHD,,rs12458983,-0.97416905698889,1.58495759272002,0.538796358740339
Leg fat mass (left) || id:ukb-b-7212,"Ischaemic heart disease, wide definition || id:finn-b-I9_IHD",ukb-b-7212,finn-b-I9_IHD,,rs12475388,0.23777914280619,1.09972853547863,0.828819213786263
Leg fat mass (left) || id:ukb-b-7212,"Ischaemic heart disease, wide definition || id:finn-b-I9_IHD",ukb-b-7212,finn-b-I9_IHD,,rs12477385,-0.790922641681623,0.965838225899675,0.412844817776042
Leg fat mass (left) || id:ukb-b-7212,"Ischaemic heart disease, wide definition || id:finn-b-I9_IHD",ukb-b-7212,finn-b-I9_IHD,,rs12479428,2.6292794466217,1.53047609579472,0.0858059695325732
Leg fat mass (left) || id:ukb-b-7212,"Ischaemic heart disease, wide definition || id:finn-b-I9_IHD",ukb-b-7212,finn-b-I9_IHD,,rs12517187,0.427639430344498,1.09396133343941,0.69586443402202
Leg fat mass (left) || id:ukb-b-7212,"Ischaemic heart disease, wide definition || id:finn-b-I9_IHD",ukb-b-7212,finn-b-I9_IHD,,rs12531780,-0.379542432843992,1.50666844553221,0.801111869026074
Leg fat mass (left) || id:ukb-b-7212,"Ischaemic heart disease, wide definition || id:finn-b-I9_IHD",ukb-b-7212,finn-b-I9_IHD,,rs12540060,2.96847108945848,1.39054625785264,0.0327812915291191
Leg fat mass (left) || id:ukb-b-7212,"Ischaemic heart disease, wide definition || id:finn-b-I9_IHD",ukb-b-7212,finn-b-I9_IHD,,rs1263629,2.44993755061146,1.26271291123952,0.0523532758127521
Leg fat mass (left) || id:ukb-b-7212,"Ischaemic heart disease, wide definition || id:finn-b-I9_IHD",ukb-b-7212,finn-b-I9_IHD,,rs1266876,-0.654816698774829,1.04391067920625,0.53048047751654
Leg fat mass (left) || id:ukb-b-7212,"Ischaemic heart disease, wide definition || id:finn-b-I9_IHD",ukb-b-7212,finn-b-I9_IHD,,rs12679106,0.684615175636393,0.673748268086609,0.309567945539029
Leg fat mass (left) || id:ukb-b-7212,"Ischaemic heart disease, wide definition || id:finn-b-I9_IHD",ukb-b-7212,finn-b-I9_IHD,,rs12680342,0.926924632600782,1.03647027099906,0.371156616344899
Leg fat mass (left) || id:ukb-b-7212,"Ischaemic heart disease, wide definition || id:finn-b-I9_IHD",ukb-b-7212,finn-b-I9_IHD,,rs12681205,-0.249840726536833,1.28327282266646,0.845635433106183
Leg fat mass (left) || id:ukb-b-7212,"Ischaemic heart disease, wide definition || id:finn-b-I9_IHD",ukb-b-7212,finn-b-I9_IHD,,rs12681792,1.61605100716184,1.03321293900511,0.117793483920391
Leg fat mass (left) || id:ukb-b-7212,"Ischaemic heart disease, wide definition || id:finn-b-I9_IHD",ukb-b-7212,finn-b-I9_IHD,,rs12705982,1.09864674453903,1.17331205727469,0.349085993843564
Leg fat mass (left) || id:ukb-b-7212,"Ischaemic heart disease, wide definition || id:finn-b-I9_IHD",ukb-b-7212,finn-b-I9_IHD,,rs12784071,3.89288515303833,1.55258762701822,0.0121639185684059
Leg fat mass (left) || id:ukb-b-7212,"Ischaemic heart disease, wide definition || id:finn-b-I9_IHD",ukb-b-7212,finn-b-I9_IHD,,rs1286058,0.547746991100253,1.44924724728608,0.705465690539786
Leg fat mass (left) || id:ukb-b-7212,"Ischaemic heart disease, wide definition || id:finn-b-I9_IHD",ukb-b-7212,finn-b-I9_IHD,,rs12877270,1.55359917141378,1.07481703682714,0.148330251784507
Leg fat mass (left) || id:ukb-b-7212,"Ischaemic heart disease, wide definition || id:finn-b-I9_IHD",ukb-b-7212,finn-b-I9_IHD,,rs12878084,0.505510059650187,1.40765108917975,0.719508296097754
Leg fat mass (left) || id:ukb-b-7212,"Ischaemic heart disease, wide definition || id:finn-b-I9_IHD",ukb-b-7212,finn-b-I9_IHD,,rs12881629,0.353704671977363,1.06624017059843,0.740092564597014
Leg fat mass (left) || id:ukb-b-7212,"Ischaemic heart disease, wide definition || id:finn-b-I9_IHD",ukb-b-7212,finn-b-I9_IHD,,rs12885458,1.15358733617458,0.897234594802448,0.198542793686662
Leg fat mass (left) || id:ukb-b-7212,"Ischaemic heart disease, wide definition || id:finn-b-I9_IHD",ukb-b-7212,finn-b-I9_IHD,,rs12890931,1.28510615512302,0.990602661240663,0.194528913974972
Leg fat mass (left) || id:ukb-b-7212,"Ischaemic heart disease, wide definition || id:finn-b-I9_IHD",ukb-b-7212,finn-b-I9_IHD,,rs12921077,-1.00435891770283,1.22637509951082,0.41280608766102
Leg fat mass (left) || id:ukb-b-7212,"Ischaemic heart disease, wide definition || id:finn-b-I9_IHD",ukb-b-7212,finn-b-I9_IHD,,rs12926250,0.388699937530367,1.59644617199972,0.807634923795801
Leg fat mass (left) || id:ukb-b-7212,"Ischaemic heart disease, wide definition || id:finn-b-I9_IHD",ukb-b-7212,finn-b-I9_IHD,,rs12960971,2.49752603553084,1.07710017704834,0.0204085957128695
Leg fat mass (left) || id:ukb-b-7212,"Ischaemic heart disease, wide definition || id:finn-b-I9_IHD",ukb-b-7212,finn-b-I9_IHD,,rs1296328,-0.920583374409232,0.797355678622169,0.248276614397468
Leg fat mass (left) || id:ukb-b-7212,"Ischaemic heart disease, wide definition || id:finn-b-I9_IHD",ukb-b-7212,finn-b-I9_IHD,,rs12986231,0.302922835948813,0.960487040813311,0.752469646396204
Leg fat mass (left) || id:ukb-b-7212,"Ischaemic heart disease, wide definition || id:finn-b-I9_IHD",ukb-b-7212,finn-b-I9_IHD,,rs13033310,0.326623266600117,1.30649306640047,0.802587348634153
Leg fat mass (left) || id:ukb-b-7212,"Ischaemic heart disease, wide definition || id:finn-b-I9_IHD",ukb-b-7212,finn-b-I9_IHD,,rs13041173,1.58991990778465,1.14275493372021,0.164133155957093
Leg fat mass (left) || id:ukb-b-7212,"Ischaemic heart disease, wide definition || id:finn-b-I9_IHD",ukb-b-7212,finn-b-I9_IHD,,rs13043475,-0.0414710232744598,0.695791612715937,0.952472108519711
Leg fat mass (left) || id:ukb-b-7212,"Ischaemic heart disease, wide definition || id:finn-b-I9_IHD",ukb-b-7212,finn-b-I9_IHD,,rs13044335,0.00931645192244985,1.12729068261643,0.993405987784041
Leg fat mass (left) || id:ukb-b-7212,"Ischaemic heart disease, wide definition || id:finn-b-I9_IHD",ukb-b-7212,finn-b-I9_IHD,,rs13065044,2.24002841974383,1.16442005960252,0.0543885844051166
Leg fat mass (left) || id:ukb-b-7212,"Ischaemic heart disease, wide definition || id:finn-b-I9_IHD",ukb-b-7212,finn-b-I9_IHD,,rs13097918,0.470592189850335,1.11765645089455,0.673716649749524
Leg fat mass (left) || id:ukb-b-7212,"Ischaemic heart disease, wide definition || id:finn-b-I9_IHD",ukb-b-7212,finn-b-I9_IHD,,rs13107325,-2.11145515012918,1.60551541767011,0.188467542868694
Leg fat mass (left) || id:ukb-b-7212,"Ischaemic heart disease, wide definition || id:finn-b-I9_IHD",ukb-b-7212,finn-b-I9_IHD,,rs13172524,-1.09395920483435,1.37933986696505,0.427717553962505
Leg fat mass (left) || id:ukb-b-7212,"Ischaemic heart disease, wide definition || id:finn-b-I9_IHD",ukb-b-7212,finn-b-I9_IHD,,rs13172600,-0.369987152515083,1.41615772169566,0.793891038371293
Leg fat mass (left) || id:ukb-b-7212,"Ischaemic heart disease, wide definition || id:finn-b-I9_IHD",ukb-b-7212,finn-b-I9_IHD,,rs13204214,-0.80148046600706,1.32782584666841,0.546107216404399
Leg fat mass (left) || id:ukb-b-7212,"Ischaemic heart disease, wide definition || id:finn-b-I9_IHD",ukb-b-7212,finn-b-I9_IHD,,rs13218383,0.254224361473145,0.983000864362829,0.795927918181723
Leg fat mass (left) || id:ukb-b-7212,"Ischaemic heart disease, wide definition || id:finn-b-I9_IHD",ukb-b-7212,finn-b-I9_IHD,,rs1327259,0.855349780396152,1.06678455757273,0.422667616230717
Leg fat mass (left) || id:ukb-b-7212,"Ischaemic heart disease, wide definition || id:finn-b-I9_IHD",ukb-b-7212,finn-b-I9_IHD,,rs13292699,0.668614451061917,0.618046971569839,0.279333325944732
Leg fat mass (left) || id:ukb-b-7212,"Ischaemic heart disease, wide definition || id:finn-b-I9_IHD",ukb-b-7212,finn-b-I9_IHD,,rs1330199,1.51656543315655,1.21768027479723,0.21296471394587
Leg fat mass (left) || id:ukb-b-7212,"Ischaemic heart disease, wide definition || id:finn-b-I9_IHD",ukb-b-7212,finn-b-I9_IHD,,rs13333747,0.270511855476101,0.846819721490403,0.749389512998084
Leg fat mass (left) || id:ukb-b-7212,"Ischaemic heart disease, wide definition || id:finn-b-I9_IHD",ukb-b-7212,finn-b-I9_IHD,,rs13389219,-2.34123239624691,1.03263482115833,0.0233754843139759
Leg fat mass (left) || id:ukb-b-7212,"Ischaemic heart disease, wide definition || id:finn-b-I9_IHD",ukb-b-7212,finn-b-I9_IHD,,rs13410783,-0.117074084480659,0.881958103087634,0.894396347720845
Leg fat mass (left) || id:ukb-b-7212,"Ischaemic heart disease, wide definition || id:finn-b-I9_IHD",ukb-b-7212,finn-b-I9_IHD,,rs13427822,1.08582649878711,0.931808555696739,0.243901926538262
Leg fat mass (left) || id:ukb-b-7212,"Ischaemic heart disease, wide definition || id:finn-b-I9_IHD",ukb-b-7212,finn-b-I9_IHD,,rs1360201,1.32027893893219,1.20025358084744,0.271332121892765
Leg fat mass (left) || id:ukb-b-7212,"Ischaemic heart disease, wide definition || id:finn-b-I9_IHD",ukb-b-7212,finn-b-I9_IHD,,rs1383723,3.12596183441059,1.27923976608187,0.0145411754037588
Leg fat mass (left) || id:ukb-b-7212,"Ischaemic heart disease, wide definition || id:finn-b-I9_IHD",ukb-b-7212,finn-b-I9_IHD,,rs140733155,-0.976112608729366,0.802784201571815,0.224019554627251
Leg fat mass (left) || id:ukb-b-7212,"Ischaemic heart disease, wide definition || id:finn-b-I9_IHD",ukb-b-7212,finn-b-I9_IHD,,rs143121872,1.62125849070687,1.8123460476226,0.371020509936692
Leg fat mass (left) || id:ukb-b-7212,"Ischaemic heart disease, wide definition || id:finn-b-I9_IHD",ukb-b-7212,finn-b-I9_IHD,,rs1436348,0.83482315137864,0.897828672237405,0.352461927180254
Leg fat mass (left) || id:ukb-b-7212,"Ischaemic heart disease, wide definition || id:finn-b-I9_IHD",ukb-b-7212,finn-b-I9_IHD,,rs1441264,-1.24060316944572,0.863991493006838,0.151031528231155
Leg fat mass (left) || id:ukb-b-7212,"Ischaemic heart disease, wide definition || id:finn-b-I9_IHD",ukb-b-7212,finn-b-I9_IHD,,rs1446585,1.56475782179324,0.926081159836818,0.0910939440721295
Leg fat mass (left) || id:ukb-b-7212,"Ischaemic heart disease, wide definition || id:finn-b-I9_IHD",ukb-b-7212,finn-b-I9_IHD,,rs1452385,3.3561977110462,1.48265762335374,0.0235964893839543
Leg fat mass (left) || id:ukb-b-7212,"Ischaemic heart disease, wide definition || id:finn-b-I9_IHD",ukb-b-7212,finn-b-I9_IHD,,rs1471093,-0.484989111518967,1.04605494641346,0.642908296823688
Leg fat mass (left) || id:ukb-b-7212,"Ischaemic heart disease, wide definition || id:finn-b-I9_IHD",ukb-b-7212,finn-b-I9_IHD,,rs1476365,0.194894900059042,1.29547786509834,0.880415530102703
Leg fat mass (left) || id:ukb-b-7212,"Ischaemic heart disease, wide definition || id:finn-b-I9_IHD",ukb-b-7212,finn-b-I9_IHD,,rs1477290,0.524924177618788,0.657127303833891,0.424396782162004
Leg fat mass (left) || id:ukb-b-7212,"Ischaemic heart disease, wide definition || id:finn-b-I9_IHD",ukb-b-7212,finn-b-I9_IHD,,rs147730268,-0.313803552636584,0.630776838128083,0.618845359839835
Leg fat mass (left) || id:ukb-b-7212,"Ischaemic heart disease, wide definition || id:finn-b-I9_IHD",ukb-b-7212,finn-b-I9_IHD,,rs1480474,0.611517058441416,1.30380052082792,0.639050659512982
Leg fat mass (left) || id:ukb-b-7212,"Ischaemic heart disease, wide definition || id:finn-b-I9_IHD",ukb-b-7212,finn-b-I9_IHD,,rs1481012,-2.95199667714947,1.56500326351391,0.0592604756565422
Leg fat mass (left) || id:ukb-b-7212,"Ischaemic heart disease, wide definition || id:finn-b-I9_IHD",ukb-b-7212,finn-b-I9_IHD,,rs148259564,0.157546879803259,1.2565324316016,0.900220929376224
Leg fat mass (left) || id:ukb-b-7212,"Ischaemic heart disease, wide definition || id:finn-b-I9_IHD",ukb-b-7212,finn-b-I9_IHD,,rs148636479,2.09756066222528,2.20356296215397,0.341150213383491
Leg fat mass (left) || id:ukb-b-7212,"Ischaemic heart disease, wide definition || id:finn-b-I9_IHD",ukb-b-7212,finn-b-I9_IHD,,rs149990157,0.0232888516267263,1.13339077916735,0.983606265394224
Leg fat mass (left) || id:ukb-b-7212,"Ischaemic heart disease, wide definition || id:finn-b-I9_IHD",ukb-b-7212,finn-b-I9_IHD,,rs1502317,-1.72794595296869,0.81200467714694,0.0333370835800322
Leg fat mass (left) || id:ukb-b-7212,"Ischaemic heart disease, wide definition || id:finn-b-I9_IHD",ukb-b-7212,finn-b-I9_IHD,,rs1503526,0.796826115766253,0.939416052271793,0.39631864272995
Leg fat mass (left) || id:ukb-b-7212,"Ischaemic heart disease, wide definition || id:finn-b-I9_IHD",ukb-b-7212,finn-b-I9_IHD,,rs150379976,-2.45589730211135,1.56529718156548,0.116655974077511
Leg fat mass (left) || id:ukb-b-7212,"Ischaemic heart disease, wide definition || id:finn-b-I9_IHD",ukb-b-7212,finn-b-I9_IHD,,rs1505112,0.694945672317266,1.37769931529563,0.613962909185628
Leg fat mass (left) || id:ukb-b-7212,"Ischaemic heart disease, wide definition || id:finn-b-I9_IHD",ukb-b-7212,finn-b-I9_IHD,,rs1510593,0.703892645634195,1.38392452361977,0.6110181238708
Leg fat mass (left) || id:ukb-b-7212,"Ischaemic heart disease, wide definition || id:finn-b-I9_IHD",ukb-b-7212,finn-b-I9_IHD,,rs1512065,0.975535271962268,1.19609107257982,0.414727326411623
Leg fat mass (left) || id:ukb-b-7212,"Ischaemic heart disease, wide definition || id:finn-b-I9_IHD",ukb-b-7212,finn-b-I9_IHD,,rs1524271,-0.407355205592172,1.29189793773518,0.752522257739738
Leg fat mass (left) || id:ukb-b-7212,"Ischaemic heart disease, wide definition || id:finn-b-I9_IHD",ukb-b-7212,finn-b-I9_IHD,,rs1532460,-1.3724694361614,1.32554740415588,0.30048297194967
Leg fat mass (left) || id:ukb-b-7212,"Ischaemic heart disease, wide definition || id:finn-b-I9_IHD",ukb-b-7212,finn-b-I9_IHD,,rs154602,1.07677739527548,1.5095996816117,0.47566835756781
Leg fat mass (left) || id:ukb-b-7212,"Ischaemic heart disease, wide definition || id:finn-b-I9_IHD",ukb-b-7212,finn-b-I9_IHD,,rs1554654,1.05403752695439,0.909207943098066,0.24633716714274
Leg fat mass (left) || id:ukb-b-7212,"Ischaemic heart disease, wide definition || id:finn-b-I9_IHD",ukb-b-7212,finn-b-I9_IHD,,rs1568489,2.5550869110906,0.861865137173845,0.0030307497850539
Leg fat mass (left) || id:ukb-b-7212,"Ischaemic heart disease, wide definition || id:finn-b-I9_IHD",ukb-b-7212,finn-b-I9_IHD,,rs156914,0.389567647078578,1.50453711975175,0.795690352926244
Leg fat mass (left) || id:ukb-b-7212,"Ischaemic heart disease, wide definition || id:finn-b-I9_IHD",ukb-b-7212,finn-b-I9_IHD,,rs1619442,-1.29027022640591,1.29838513349022,0.320344593839217
Leg fat mass (left) || id:ukb-b-7212,"Ischaemic heart disease, wide definition || id:finn-b-I9_IHD",ukb-b-7212,finn-b-I9_IHD,,rs1658820,-1.81250052997092,1.31432786968651,0.167884808261409
Leg fat mass (left) || id:ukb-b-7212,"Ischaemic heart disease, wide definition || id:finn-b-I9_IHD",ukb-b-7212,finn-b-I9_IHD,,rs16868443,0.934023643803581,1.47788551234744,0.527386877223793
Leg fat mass (left) || id:ukb-b-7212,"Ischaemic heart disease, wide definition || id:finn-b-I9_IHD",ukb-b-7212,finn-b-I9_IHD,,rs16916303,-2.54818731220745,1.11738694973803,0.0225787732586257
Leg fat mass (left) || id:ukb-b-7212,"Ischaemic heart disease, wide definition || id:finn-b-I9_IHD",ukb-b-7212,finn-b-I9_IHD,,rs16939574,1.74604073465844,1.53840345810446,0.256388171111324
Leg fat mass (left) || id:ukb-b-7212,"Ischaemic heart disease, wide definition || id:finn-b-I9_IHD",ukb-b-7212,finn-b-I9_IHD,,rs17024393,-1.14663222689444,0.491705278792813,0.0197033107542114
Leg fat mass (left) || id:ukb-b-7212,"Ischaemic heart disease, wide definition || id:finn-b-I9_IHD",ukb-b-7212,finn-b-I9_IHD,,rs17115183,-0.262413622182698,1.08853058090601,0.809499756514064
Leg fat mass (left) || id:ukb-b-7212,"Ischaemic heart disease, wide definition || id:finn-b-I9_IHD",ukb-b-7212,finn-b-I9_IHD,,rs17129181,-0.874148797608329,1.51227741986241,0.563240704163794
Leg fat mass (left) || id:ukb-b-7212,"Ischaemic heart disease, wide definition || id:finn-b-I9_IHD",ukb-b-7212,finn-b-I9_IHD,,rs17193211,-0.318031276731077,1.18439234092953,0.788300222384184
Leg fat mass (left) || id:ukb-b-7212,"Ischaemic heart disease, wide definition || id:finn-b-I9_IHD",ukb-b-7212,finn-b-I9_IHD,,rs1726254,1.23946275450664,1.46416068076223,0.397254550576743
Leg fat mass (left) || id:ukb-b-7212,"Ischaemic heart disease, wide definition || id:finn-b-I9_IHD",ukb-b-7212,finn-b-I9_IHD,,rs1730851,3.5213470493078,1.07249148709882,0.0010258728518487
Leg fat mass (left) || id:ukb-b-7212,"Ischaemic heart disease, wide definition || id:finn-b-I9_IHD",ukb-b-7212,finn-b-I9_IHD,,rs17311369,1.22055413157574,1.52569266446967,0.423710797166793
Leg fat mass (left) || id:ukb-b-7212,"Ischaemic heart disease, wide definition || id:finn-b-I9_IHD",ukb-b-7212,finn-b-I9_IHD,,rs173942,0.197656583545485,1.44948161266689,0.891533819083155
Leg fat mass (left) || id:ukb-b-7212,"Ischaemic heart disease, wide definition || id:finn-b-I9_IHD",ukb-b-7212,finn-b-I9_IHD,,rs17399739,1.43290966133054,0.980411873541952,0.143867728481615
Leg fat mass (left) || id:ukb-b-7212,"Ischaemic heart disease, wide definition || id:finn-b-I9_IHD",ukb-b-7212,finn-b-I9_IHD,,rs17432805,-0.974286430087989,1.45510310987167,0.503134993284269
Leg fat mass (left) || id:ukb-b-7212,"Ischaemic heart disease, wide definition || id:finn-b-I9_IHD",ukb-b-7212,finn-b-I9_IHD,,rs17639996,0.0809087672740218,0.782118083648878,0.917607199040523
Leg fat mass (left) || id:ukb-b-7212,"Ischaemic heart disease, wide definition || id:finn-b-I9_IHD",ukb-b-7212,finn-b-I9_IHD,,rs17744603,2.24114049149456,1.19060588610649,0.0597881108264642
Leg fat mass (left) || id:ukb-b-7212,"Ischaemic heart disease, wide definition || id:finn-b-I9_IHD",ukb-b-7212,finn-b-I9_IHD,,rs17770336,0.466155954440276,0.640262395255319,0.466570629728125
Leg fat mass (left) || id:ukb-b-7212,"Ischaemic heart disease, wide definition || id:finn-b-I9_IHD",ukb-b-7212,finn-b-I9_IHD,,rs1778830,-1.35994948759046,1.19481276409733,0.25503222702841
Leg fat mass (left) || id:ukb-b-7212,"Ischaemic heart disease, wide definition || id:finn-b-I9_IHD",ukb-b-7212,finn-b-I9_IHD,,rs1782508,1.97510684306414,0.996066813097002,0.0473779322561447
Leg fat mass (left) || id:ukb-b-7212,"Ischaemic heart disease, wide definition || id:finn-b-I9_IHD",ukb-b-7212,finn-b-I9_IHD,,rs17879604,0.554352236554101,1.41731293469502,0.695701861920077
Leg fat mass (left) || id:ukb-b-7212,"Ischaemic heart disease, wide definition || id:finn-b-I9_IHD",ukb-b-7212,finn-b-I9_IHD,,rs1801282,-0.725951272112858,0.624063374272457,0.244721877288994
Leg fat mass (left) || id:ukb-b-7212,"Ischaemic heart disease, wide definition || id:finn-b-I9_IHD",ukb-b-7212,finn-b-I9_IHD,,rs1814592,-0.252013938977866,0.999365620084642,0.800906640988315
Leg fat mass (left) || id:ukb-b-7212,"Ischaemic heart disease, wide definition || id:finn-b-I9_IHD",ukb-b-7212,finn-b-I9_IHD,,rs1818917,0.157010930577617,1.45235110784296,0.913909936512377
Leg fat mass (left) || id:ukb-b-7212,"Ischaemic heart disease, wide definition || id:finn-b-I9_IHD",ukb-b-7212,finn-b-I9_IHD,,rs1854225,0.506914072170418,1.42643262168885,0.722310996728111
Leg fat mass (left) || id:ukb-b-7212,"Ischaemic heart disease, wide definition || id:finn-b-I9_IHD",ukb-b-7212,finn-b-I9_IHD,,rs1861410,1.23055909905034,0.721584393160411,0.0881278362115734
Leg fat mass (left) || id:ukb-b-7212,"Ischaemic heart disease, wide definition || id:finn-b-I9_IHD",ukb-b-7212,finn-b-I9_IHD,,rs1865341,-0.139665404664395,1.28921911997903,0.913731282028002
Leg fat mass (left) || id:ukb-b-7212,"Ischaemic heart disease, wide definition || id:finn-b-I9_IHD",ukb-b-7212,finn-b-I9_IHD,,rs1881505,2.23220274410693,1.74390839383354,0.200545135908884
Leg fat mass (left) || id:ukb-b-7212,"Ischaemic heart disease, wide definition || id:finn-b-I9_IHD",ukb-b-7212,finn-b-I9_IHD,,rs190363243,-0.585861692700896,1.05821268244099,0.579829887647855
Leg fat mass (left) || id:ukb-b-7212,"Ischaemic heart disease, wide definition || id:finn-b-I9_IHD",ukb-b-7212,finn-b-I9_IHD,,rs1941681,1.66003634399096,1.32606453514071,0.210623851982624
Leg fat mass (left) || id:ukb-b-7212,"Ischaemic heart disease, wide definition || id:finn-b-I9_IHD",ukb-b-7212,finn-b-I9_IHD,,rs1945160,-0.833736477514848,1.16311385134787,0.473488773795124
Leg fat mass (left) || id:ukb-b-7212,"Ischaemic heart disease, wide definition || id:finn-b-I9_IHD",ukb-b-7212,finn-b-I9_IHD,,rs1956459,2.14213421553962,1.39599757866627,0.124910931671284
Leg fat mass (left) || id:ukb-b-7212,"Ischaemic heart disease, wide definition || id:finn-b-I9_IHD",ukb-b-7212,finn-b-I9_IHD,,rs1960268,2.10883720601454,1.59046381459198,0.184864234458941
Leg fat mass (left) || id:ukb-b-7212,"Ischaemic heart disease, wide definition || id:finn-b-I9_IHD",ukb-b-7212,finn-b-I9_IHD,,rs2024608,0.0104900313232335,1.42664425995976,0.994133254623842
Leg fat mass (left) || id:ukb-b-7212,"Ischaemic heart disease, wide definition || id:finn-b-I9_IHD",ukb-b-7212,finn-b-I9_IHD,,rs2051559,1.19296152699075,1.22764064114746,0.331174232893912
Leg fat mass (left) || id:ukb-b-7212,"Ischaemic heart disease, wide definition || id:finn-b-I9_IHD",ukb-b-7212,finn-b-I9_IHD,,rs2058527,-0.680124964600053,1.42714746670175,0.633673691991804
Leg fat mass (left) || id:ukb-b-7212,"Ischaemic heart disease, wide definition || id:finn-b-I9_IHD",ukb-b-7212,finn-b-I9_IHD,,rs2066598,-3.25938941357347,1.29145618273666,0.0116090811467694
Leg fat mass (left) || id:ukb-b-7212,"Ischaemic heart disease, wide definition || id:finn-b-I9_IHD",ukb-b-7212,finn-b-I9_IHD,,rs2076586,1.03151524677774,1.32623388871424,0.436700030722758
Leg fat mass (left) || id:ukb-b-7212,"Ischaemic heart disease, wide definition || id:finn-b-I9_IHD",ukb-b-7212,finn-b-I9_IHD,,rs2081880,0.0551808164995056,1.32433959598813,0.966764427019273
Leg fat mass (left) || id:ukb-b-7212,"Ischaemic heart disease, wide definition || id:finn-b-I9_IHD",ukb-b-7212,finn-b-I9_IHD,,rs2095484,2.75438941389327,1.20898771983865,0.0227110395765092
Leg fat mass (left) || id:ukb-b-7212,"Ischaemic heart disease, wide definition || id:finn-b-I9_IHD",ukb-b-7212,finn-b-I9_IHD,,rs2106373,-1.07297233775125,1.41785630345701,0.449195604488527
Leg fat mass (left) || id:ukb-b-7212,"Ischaemic heart disease, wide definition || id:finn-b-I9_IHD",ukb-b-7212,finn-b-I9_IHD,,rs2120450,0.847550306211724,1.23031496062992,0.490893192138033
Leg fat mass (left) || id:ukb-b-7212,"Ischaemic heart disease, wide definition || id:finn-b-I9_IHD",ukb-b-7212,finn-b-I9_IHD,,rs2133561,-0.940935653207435,0.949189474726798,0.321536990608414
Leg fat mass (left) || id:ukb-b-7212,"Ischaemic heart disease, wide definition || id:finn-b-I9_IHD",ukb-b-7212,finn-b-I9_IHD,,rs2143175,-1.32214739565499,1.07483924970513,0.218663967642879
Leg fat mass (left) || id:ukb-b-7212,"Ischaemic heart disease, wide definition || id:finn-b-I9_IHD",ukb-b-7212,finn-b-I9_IHD,,rs2151447,1.29170554237755,1.22765402787949,0.292719765821562
Leg fat mass (left) || id:ukb-b-7212,"Ischaemic heart disease, wide definition || id:finn-b-I9_IHD",ukb-b-7212,finn-b-I9_IHD,,rs2153733,-2.02000392233771,1.37281819964699,0.141175251337367
Leg fat mass (left) || id:ukb-b-7212,"Ischaemic heart disease, wide definition || id:finn-b-I9_IHD",ukb-b-7212,finn-b-I9_IHD,,rs215669,0.803224689210998,0.906391163054612,0.375521152402251
Leg fat mass (left) || id:ukb-b-7212,"Ischaemic heart disease, wide definition || id:finn-b-I9_IHD",ukb-b-7212,finn-b-I9_IHD,,rs2172131,1.91193970646569,0.872669575565252,0.0284583717471218
Leg fat mass (left) || id:ukb-b-7212,"Ischaemic heart disease, wide definition || id:finn-b-I9_IHD",ukb-b-7212,finn-b-I9_IHD,,rs2204563,-0.273924637377374,1.57208922320928,0.861674945730405
Leg fat mass (left) || id:ukb-b-7212,"Ischaemic heart disease, wide definition || id:finn-b-I9_IHD",ukb-b-7212,finn-b-I9_IHD,,rs2216931,0.814905101863138,0.877590109698764,0.353111234506006
Leg fat mass (left) || id:ukb-b-7212,"Ischaemic heart disease, wide definition || id:finn-b-I9_IHD",ukb-b-7212,finn-b-I9_IHD,,rs2233598,1.53116770677238,1.49739194853475,0.306517637408287
Leg fat mass (left) || id:ukb-b-7212,"Ischaemic heart disease, wide definition || id:finn-b-I9_IHD",ukb-b-7212,finn-b-I9_IHD,,rs2242189,-2.25668104726952,1.19720637718993,0.0594358119749569
Leg fat mass (left) || id:ukb-b-7212,"Ischaemic heart disease, wide definition || id:finn-b-I9_IHD",ukb-b-7212,finn-b-I9_IHD,,rs2249825,-0.396144196487521,1.09411254267982,0.717300494430804
Leg fat mass (left) || id:ukb-b-7212,"Ischaemic heart disease, wide definition || id:finn-b-I9_IHD",ukb-b-7212,finn-b-I9_IHD,,rs2254992,0.204219793595055,1.59291439004143,0.897986641842342
Leg fat mass (left) || id:ukb-b-7212,"Ischaemic heart disease, wide definition || id:finn-b-I9_IHD",ukb-b-7212,finn-b-I9_IHD,,rs2268330,0.033776176536816,1.31727088493583,0.979543663087131
Leg fat mass (left) || id:ukb-b-7212,"Ischaemic heart disease, wide definition || id:finn-b-I9_IHD",ukb-b-7212,finn-b-I9_IHD,,rs2269487,-0.771178939804226,1.39338012987354,0.579949066243923
Leg fat mass (left) || id:ukb-b-7212,"Ischaemic heart disease, wide definition || id:finn-b-I9_IHD",ukb-b-7212,finn-b-I9_IHD,,rs2275444,-0.393491192741245,1.34249936347013,0.769443081123541
Leg fat mass (left) || id:ukb-b-7212,"Ischaemic heart disease, wide definition || id:finn-b-I9_IHD",ukb-b-7212,finn-b-I9_IHD,,rs2276190,-0.935470687071432,1.02629308387448,0.362029655277203
Leg fat mass (left) || id:ukb-b-7212,"Ischaemic heart disease, wide definition || id:finn-b-I9_IHD",ukb-b-7212,finn-b-I9_IHD,,rs2289286,1.49769261731145,1.26367814585654,0.235944236122478
Leg fat mass (left) || id:ukb-b-7212,"Ischaemic heart disease, wide definition || id:finn-b-I9_IHD",ukb-b-7212,finn-b-I9_IHD,,rs2289379,-1.79928028788485,0.924630147940824,0.0516612330214306
Leg fat mass (left) || id:ukb-b-7212,"Ischaemic heart disease, wide definition || id:finn-b-I9_IHD",ukb-b-7212,finn-b-I9_IHD,,rs2291127,-6.98328267477204,1.36018237082067,2.83530179265511e-07
Leg fat mass (left) || id:ukb-b-7212,"Ischaemic heart disease, wide definition || id:finn-b-I9_IHD",ukb-b-7212,finn-b-I9_IHD,,rs2292238,-0.197539225646235,1.0629491665726,0.852569680222143
Leg fat mass (left) || id:ukb-b-7212,"Ischaemic heart disease, wide definition || id:finn-b-I9_IHD",ukb-b-7212,finn-b-I9_IHD,,rs2298777,-0.896886580538377,1.5219893487924,0.555669626385654
Leg fat mass (left) || id:ukb-b-7212,"Ischaemic heart disease, wide definition || id:finn-b-I9_IHD",ukb-b-7212,finn-b-I9_IHD,,rs2307111,-0.180607292019415,0.501185235353877,0.71857766592822
Leg fat mass (left) || id:ukb-b-7212,"Ischaemic heart disease, wide definition || id:finn-b-I9_IHD",ukb-b-7212,finn-b-I9_IHD,,rs2312193,0.117016089712335,0.741101901511458,0.874539745432806
Leg fat mass (left) || id:ukb-b-7212,"Ischaemic heart disease, wide definition || id:finn-b-I9_IHD",ukb-b-7212,finn-b-I9_IHD,,rs2370153,-0.363038779802459,1.3432434852691,0.786952335429884
Leg fat mass (left) || id:ukb-b-7212,"Ischaemic heart disease, wide definition || id:finn-b-I9_IHD",ukb-b-7212,finn-b-I9_IHD,,rs2381404,-1.57390599049863,1.31319763624425,0.230710979932735
Leg fat mass (left) || id:ukb-b-7212,"Ischaemic heart disease, wide definition || id:finn-b-I9_IHD",ukb-b-7212,finn-b-I9_IHD,,rs2433733,-0.158928682481222,0.829193125988986,0.848003317995623
Leg fat mass (left) || id:ukb-b-7212,"Ischaemic heart disease, wide definition || id:finn-b-I9_IHD",ukb-b-7212,finn-b-I9_IHD,,rs245767,0.0297545989451995,0.877760668883384,0.972958244759335
Leg fat mass (left) || id:ukb-b-7212,"Ischaemic heart disease, wide definition || id:finn-b-I9_IHD",ukb-b-7212,finn-b-I9_IHD,,rs2458764,-0.896058292281565,1.1701467110971,0.44381568747474
Leg fat mass (left) || id:ukb-b-7212,"Ischaemic heart disease, wide definition || id:finn-b-I9_IHD",ukb-b-7212,finn-b-I9_IHD,,rs2472643,0.764369208971085,1.31744936830789,0.561787387045043
Leg fat mass (left) || id:ukb-b-7212,"Ischaemic heart disease, wide definition || id:finn-b-I9_IHD",ukb-b-7212,finn-b-I9_IHD,,rs2494196,-2.55018040424563,0.847724804708025,0.00262744383395608
Leg fat mass (left) || id:ukb-b-7212,"Ischaemic heart disease, wide definition || id:finn-b-I9_IHD",ukb-b-7212,finn-b-I9_IHD,,rs2507909,0.117391308987799,1.17391308987799,0.920344325445942
Leg fat mass (left) || id:ukb-b-7212,"Ischaemic heart disease, wide definition || id:finn-b-I9_IHD",ukb-b-7212,finn-b-I9_IHD,,rs2508782,0.784186615502847,1.47688479253036,0.595437176666954
Leg fat mass (left) || id:ukb-b-7212,"Ischaemic heart disease, wide definition || id:finn-b-I9_IHD",ukb-b-7212,finn-b-I9_IHD,,rs252749,-0.589678271535051,1.1164575274397,0.597382033679056
Leg fat mass (left) || id:ukb-b-7212,"Ischaemic heart disease, wide definition || id:finn-b-I9_IHD",ukb-b-7212,finn-b-I9_IHD,,rs2568958,0.385423395742972,0.624277331132982,0.536976656191027
Leg fat mass (left) || id:ukb-b-7212,"Ischaemic heart disease, wide definition || id:finn-b-I9_IHD",ukb-b-7212,finn-b-I9_IHD,,rs2572235,0.122751097599398,1.50029119288153,0.934791297548209
Leg fat mass (left) || id:ukb-b-7212,"Ischaemic heart disease, wide definition || id:finn-b-I9_IHD",ukb-b-7212,finn-b-I9_IHD,,rs2601062,0.497665555650141,1.22451919613916,0.684436148322011
Leg fat mass (left) || id:ukb-b-7212,"Ischaemic heart disease, wide definition || id:finn-b-I9_IHD",ukb-b-7212,finn-b-I9_IHD,,rs2606228,0.364762017429709,1.10414448519263,0.741130120400035
Leg fat mass (left) || id:ukb-b-7212,"Ischaemic heart disease, wide definition || id:finn-b-I9_IHD",ukb-b-7212,finn-b-I9_IHD,,rs2610245,-0.244626124643126,1.13139582647446,0.828819213786263
Leg fat mass (left) || id:ukb-b-7212,"Ischaemic heart disease, wide definition || id:finn-b-I9_IHD",ukb-b-7212,finn-b-I9_IHD,,rs2645683,-2.98704627457166,1.42944458684122,0.0366487865723764
Leg fat mass (left) || id:ukb-b-7212,"Ischaemic heart disease, wide definition || id:finn-b-I9_IHD",ukb-b-7212,finn-b-I9_IHD,,rs264948,0.0822569666509693,1.1413154122822,0.942544551668487
Leg fat mass (left) || id:ukb-b-7212,"Ischaemic heart disease, wide definition || id:finn-b-I9_IHD",ukb-b-7212,finn-b-I9_IHD,,rs2660241,-0.133787094562391,0.961594742167184,0.889347078629313
Leg fat mass (left) || id:ukb-b-7212,"Ischaemic heart disease, wide definition || id:finn-b-I9_IHD",ukb-b-7212,finn-b-I9_IHD,,rs2678204,0.683825837406394,0.678220707591588,0.313327518493402
Leg fat mass (left) || id:ukb-b-7212,"Ischaemic heart disease, wide definition || id:finn-b-I9_IHD",ukb-b-7212,finn-b-I9_IHD,,rs269646,1.71322812195183,1.41310056774129,0.225363364026606
Leg fat mass (left) || id:ukb-b-7212,"Ischaemic heart disease, wide definition || id:finn-b-I9_IHD",ukb-b-7212,finn-b-I9_IHD,,rs2719774,-1.91416705707919,1.38539162694682,0.167070165574157
Leg fat mass (left) || id:ukb-b-7212,"Ischaemic heart disease, wide definition || id:finn-b-I9_IHD",ukb-b-7212,finn-b-I9_IHD,,rs2733296,-1.03104862331576,0.859207186096466,0.230139340443416
Leg fat mass (left) || id:ukb-b-7212,"Ischaemic heart disease, wide definition || id:finn-b-I9_IHD",ukb-b-7212,finn-b-I9_IHD,,rs2736084,1.41035631815726,1.33864328503062,0.292079175875861
Leg fat mass (left) || id:ukb-b-7212,"Ischaemic heart disease, wide definition || id:finn-b-I9_IHD",ukb-b-7212,finn-b-I9_IHD,,rs273735,-0.133737219736939,1.47110941710633,0.927564826606211
Leg fat mass (left) || id:ukb-b-7212,"Ischaemic heart disease, wide definition || id:finn-b-I9_IHD",ukb-b-7212,finn-b-I9_IHD,,rs2744938,0.246788038808162,0.410322281391885,0.547540787244958
Leg fat mass (left) || id:ukb-b-7212,"Ischaemic heart disease, wide definition || id:finn-b-I9_IHD",ukb-b-7212,finn-b-I9_IHD,,rs2802295,0.736977075818763,0.66507687329986,0.267815129705963
Leg fat mass (left) || id:ukb-b-7212,"Ischaemic heart disease, wide definition || id:finn-b-I9_IHD",ukb-b-7212,finn-b-I9_IHD,,rs28350,0.0396639144317153,0.932101989145309,0.966057709443558
Leg fat mass (left) || id:ukb-b-7212,"Ischaemic heart disease, wide definition || id:finn-b-I9_IHD",ukb-b-7212,finn-b-I9_IHD,,rs28366156,-0.140513406917136,1.04658261703798,0.893197567906
Leg fat mass (left) || id:ukb-b-7212,"Ischaemic heart disease, wide definition || id:finn-b-I9_IHD",ukb-b-7212,finn-b-I9_IHD,,rs2836961,-0.774972326547892,1.27234262567564,0.542464182999332
Leg fat mass (left) || id:ukb-b-7212,"Ischaemic heart disease, wide definition || id:finn-b-I9_IHD",ukb-b-7212,finn-b-I9_IHD,,rs284532,2.0604997807979,1.21657167908812,0.09032350343826
Leg fat mass (left) || id:ukb-b-7212,"Ischaemic heart disease, wide definition || id:finn-b-I9_IHD",ukb-b-7212,finn-b-I9_IHD,,rs28457808,0.869902704728256,0.883285823262537,0.324698500763526
Leg fat mass (left) || id:ukb-b-7212,"Ischaemic heart disease, wide definition || id:finn-b-I9_IHD",ukb-b-7212,finn-b-I9_IHD,,rs2861685,0.270849616554329,0.866718772973852,0.754660563059686
Leg fat mass (left) || id:ukb-b-7212,"Ischaemic heart disease, wide definition || id:finn-b-I9_IHD",ukb-b-7212,finn-b-I9_IHD,,rs28678108,-1.80343352985137,1.46610063937557,0.218663967642879
Leg fat mass (left) || id:ukb-b-7212,"Ischaemic heart disease, wide definition || id:finn-b-I9_IHD",ukb-b-7212,finn-b-I9_IHD,,rs28701630,-2.03329259902032,1.43768163567094,0.157278029717072
Leg fat mass (left) || id:ukb-b-7212,"Ischaemic heart disease, wide definition || id:finn-b-I9_IHD",ukb-b-7212,finn-b-I9_IHD,,rs28711392,1.43206539228937,0.893029542382699,0.108801455921187
Leg fat mass (left) || id:ukb-b-7212,"Ischaemic heart disease, wide definition || id:finn-b-I9_IHD",ukb-b-7212,finn-b-I9_IHD,,rs28828150,1.86171113013119,1.32979366437942,0.161513318467542
Leg fat mass (left) || id:ukb-b-7212,"Ischaemic heart disease, wide definition || id:finn-b-I9_IHD",ukb-b-7212,finn-b-I9_IHD,,rs2948829,1.17770430350693,1.41575091804556,0.405488871348478
Leg fat mass (left) || id:ukb-b-7212,"Ischaemic heart disease, wide definition || id:finn-b-I9_IHD",ukb-b-7212,finn-b-I9_IHD,,rs2954021,-3.7873783414806,0.968864226890386,9.26440982172256e-05
Leg fat mass (left) || id:ukb-b-7212,"Ischaemic heart disease, wide definition || id:finn-b-I9_IHD",ukb-b-7212,finn-b-I9_IHD,,rs2964023,-1.13140877799149,1.08789305576105,0.298339900661963
Leg fat mass (left) || id:ukb-b-7212,"Ischaemic heart disease, wide definition || id:finn-b-I9_IHD",ukb-b-7212,finn-b-I9_IHD,,rs2984477,1.63384890343175,1.83391203446421,0.372977942832868
Leg fat mass (left) || id:ukb-b-7212,"Ischaemic heart disease, wide definition || id:finn-b-I9_IHD",ukb-b-7212,finn-b-I9_IHD,,rs303948,1.01276867584391,1.43345720273292,0.479863738481752
Leg fat mass (left) || id:ukb-b-7212,"Ischaemic heart disease, wide definition || id:finn-b-I9_IHD",ukb-b-7212,finn-b-I9_IHD,,rs304963,-0.0155836060464391,1.21552127162225,0.989770990975819
Leg fat mass (left) || id:ukb-b-7212,"Ischaemic heart disease, wide definition || id:finn-b-I9_IHD",ukb-b-7212,finn-b-I9_IHD,,rs3113509,0.612559863804872,0.970549394599927,0.527944058728878
Leg fat mass (left) || id:ukb-b-7212,"Ischaemic heart disease, wide definition || id:finn-b-I9_IHD",ukb-b-7212,finn-b-I9_IHD,,rs312702,0.641312700755754,1.57011040529857,0.682942814686758
Leg fat mass (left) || id:ukb-b-7212,"Ischaemic heart disease, wide definition || id:finn-b-I9_IHD",ukb-b-7212,finn-b-I9_IHD,,rs329118,-0.338335207893269,1.01500562367981,0.738882680363527
Leg fat mass (left) || id:ukb-b-7212,"Ischaemic heart disease, wide definition || id:finn-b-I9_IHD",ukb-b-7212,finn-b-I9_IHD,,rs329651,-0.310660562459124,1.56147809025507,0.842299604309734
Leg fat mass (left) || id:ukb-b-7212,"Ischaemic heart disease, wide definition || id:finn-b-I9_IHD",ukb-b-7212,finn-b-I9_IHD,,rs34045288,0.00547516192791402,0.618693297854284,0.992939166844415
Leg fat mass (left) || id:ukb-b-7212,"Ischaemic heart disease, wide definition || id:finn-b-I9_IHD",ukb-b-7212,finn-b-I9_IHD,,rs34234296,-1.42756921671316,0.97890460574617,0.144748686602996
Leg fat mass (left) || id:ukb-b-7212,"Ischaemic heart disease, wide definition || id:finn-b-I9_IHD",ukb-b-7212,finn-b-I9_IHD,,rs34517439,0.201877764520134,0.50318786081884,0.688274644065653
Leg fat mass (left) || id:ukb-b-7212,"Ischaemic heart disease, wide definition || id:finn-b-I9_IHD",ukb-b-7212,finn-b-I9_IHD,,rs34571768,1.15887980760853,1.45513479601973,0.425795403038852
Leg fat mass (left) || id:ukb-b-7212,"Ischaemic heart disease, wide definition || id:finn-b-I9_IHD",ukb-b-7212,finn-b-I9_IHD,,rs34728432,1.0833625841231,1.20253246837665,0.367641012187794
Leg fat mass (left) || id:ukb-b-7212,"Ischaemic heart disease, wide definition || id:finn-b-I9_IHD",ukb-b-7212,finn-b-I9_IHD,,rs34769775,0.0669622927889051,0.930031844290349,0.942601907852737
Leg fat mass (left) || id:ukb-b-7212,"Ischaemic heart disease, wide definition || id:finn-b-I9_IHD",ukb-b-7212,finn-b-I9_IHD,,rs34811474,1.61664732216879,0.781675628301395,0.0386229292977173
Leg fat mass (left) || id:ukb-b-7212,"Ischaemic heart disease, wide definition || id:finn-b-I9_IHD",ukb-b-7212,finn-b-I9_IHD,,rs34864349,-1.42161229789412,1.32683814470118,0.283976771750912
Leg fat mass (left) || id:ukb-b-7212,"Ischaemic heart disease, wide definition || id:finn-b-I9_IHD",ukb-b-7212,finn-b-I9_IHD,,rs35139159,-0.441189446748434,1.22902774451349,0.719614271159806
Leg fat mass (left) || id:ukb-b-7212,"Ischaemic heart disease, wide definition || id:finn-b-I9_IHD",ukb-b-7212,finn-b-I9_IHD,,rs35154326,1.14553701852848,0.91489198124087,0.210533121542801
Leg fat mass (left) || id:ukb-b-7212,"Ischaemic heart disease, wide definition || id:finn-b-I9_IHD",ukb-b-7212,finn-b-I9_IHD,,rs35184536,-1.73629599448089,0.976955879561249,0.0755269213440584
Leg fat mass (left) || id:ukb-b-7212,"Ischaemic heart disease, wide definition || id:finn-b-I9_IHD",ukb-b-7212,finn-b-I9_IHD,,rs35394440,1.36006910621405,1.05681045415281,0.198109442876742
Leg fat mass (left) || id:ukb-b-7212,"Ischaemic heart disease, wide definition || id:finn-b-I9_IHD",ukb-b-7212,finn-b-I9_IHD,,rs35502096,0.513706500550207,1.48704513317165,0.729752676723482
Leg fat mass (left) || id:ukb-b-7212,"Ischaemic heart disease, wide definition || id:finn-b-I9_IHD",ukb-b-7212,finn-b-I9_IHD,,rs35519679,-1.58474275253422,1.35704982831954,0.242893405352293
Leg fat mass (left) || id:ukb-b-7212,"Ischaemic heart disease, wide definition || id:finn-b-I9_IHD",ukb-b-7212,finn-b-I9_IHD,,rs35537311,-0.225826848876673,1.21516352014591,0.852569680222143
Leg fat mass (left) || id:ukb-b-7212,"Ischaemic heart disease, wide definition || id:finn-b-I9_IHD",ukb-b-7212,finn-b-I9_IHD,,rs35589149,-0.0446630808593177,1.01448997951879,0.964884350733278
Leg fat mass (left) || id:ukb-b-7212,"Ischaemic heart disease, wide definition || id:finn-b-I9_IHD",ukb-b-7212,finn-b-I9_IHD,,rs35708928,0.587785810850526,1.37150022531789,0.66823514179525
Leg fat mass (left) || id:ukb-b-7212,"Ischaemic heart disease, wide definition || id:finn-b-I9_IHD",ukb-b-7212,finn-b-I9_IHD,,rs35711462,-3.18612989606499,0.998502246630055,0.00141825898515633
Leg fat mass (left) || id:ukb-b-7212,"Ischaemic heart disease, wide definition || id:finn-b-I9_IHD",ukb-b-7212,finn-b-I9_IHD,,rs35722851,-2.71048863153905,1.31926437818273,0.0399229287229481
Leg fat mass (left) || id:ukb-b-7212,"Ischaemic heart disease, wide definition || id:finn-b-I9_IHD",ukb-b-7212,finn-b-I9_IHD,,rs35723993,1.4171578796032,1.30761910630053,0.278466952381117
Leg fat mass (left) || id:ukb-b-7212,"Ischaemic heart disease, wide definition || id:finn-b-I9_IHD",ukb-b-7212,finn-b-I9_IHD,,rs35792595,1.15497875191762,1.11089559344748,0.298487415171489
Leg fat mass (left) || id:ukb-b-7212,"Ischaemic heart disease, wide definition || id:finn-b-I9_IHD",ukb-b-7212,finn-b-I9_IHD,,rs35809007,1.94586944984964,1.11052145370207,0.0797372940601944
Leg fat mass (left) || id:ukb-b-7212,"Ischaemic heart disease, wide definition || id:finn-b-I9_IHD",ukb-b-7212,finn-b-I9_IHD,,rs35867081,-0.293353810579719,0.957713911010259,0.759371438101513
Leg fat mass (left) || id:ukb-b-7212,"Ischaemic heart disease, wide definition || id:finn-b-I9_IHD",ukb-b-7212,finn-b-I9_IHD,,rs35972789,2.53707822471584,1.25177427827389,0.0426843320637998
Leg fat mass (left) || id:ukb-b-7212,"Ischaemic heart disease, wide definition || id:finn-b-I9_IHD",ukb-b-7212,finn-b-I9_IHD,,rs36061954,-0.487445832581854,1.37703447704374,0.723352147432399
Leg fat mass (left) || id:ukb-b-7212,"Ischaemic heart disease, wide definition || id:finn-b-I9_IHD",ukb-b-7212,finn-b-I9_IHD,,rs372519,0.799348998653349,0.799348998653349,0.317310507862914
Leg fat mass (left) || id:ukb-b-7212,"Ischaemic heart disease, wide definition || id:finn-b-I9_IHD",ukb-b-7212,finn-b-I9_IHD,,rs3730071,-0.769094670859978,2.01481139126698,0.702668744530186
Leg fat mass (left) || id:ukb-b-7212,"Ischaemic heart disease, wide definition || id:finn-b-I9_IHD",ukb-b-7212,finn-b-I9_IHD,,rs3732624,-0.333513986742819,1.25067745028557,0.78972582092805
Leg fat mass (left) || id:ukb-b-7212,"Ischaemic heart disease, wide definition || id:finn-b-I9_IHD",ukb-b-7212,finn-b-I9_IHD,,rs3737992,0.363673833061588,0.848572277143706,0.66823514179525
Leg fat mass (left) || id:ukb-b-7212,"Ischaemic heart disease, wide definition || id:finn-b-I9_IHD",ukb-b-7212,finn-b-I9_IHD,,rs3744226,2.04986201500265,1.35876567851604,0.131395743804282
Leg fat mass (left) || id:ukb-b-7212,"Ischaemic heart disease, wide definition || id:finn-b-I9_IHD",ukb-b-7212,finn-b-I9_IHD,,rs3748916,0.804986836764543,1.26983839038914,0.526127438458496
Leg fat mass (left) || id:ukb-b-7212,"Ischaemic heart disease, wide definition || id:finn-b-I9_IHD",ukb-b-7212,finn-b-I9_IHD,,rs3764002,0.47289628708858,0.783656704318219,0.546210515044642
Leg fat mass (left) || id:ukb-b-7212,"Ischaemic heart disease, wide definition || id:finn-b-I9_IHD",ukb-b-7212,finn-b-I9_IHD,,rs3764625,-1.18928412528684,1.16804690876386,0.308591558357
Leg fat mass (left) || id:ukb-b-7212,"Ischaemic heart disease, wide definition || id:finn-b-I9_IHD",ukb-b-7212,finn-b-I9_IHD,,rs3766823,1.39802205768135,0.860819137368612,0.104362971705338
Leg fat mass (left) || id:ukb-b-7212,"Ischaemic heart disease, wide definition || id:finn-b-I9_IHD",ukb-b-7212,finn-b-I9_IHD,,rs3770013,2.17355982831029,1.70011115283676,0.201079875424337
Leg fat mass (left) || id:ukb-b-7212,"Ischaemic heart disease, wide definition || id:finn-b-I9_IHD",ukb-b-7212,finn-b-I9_IHD,,rs3802725,-0.869620013863507,1.39895393534564,0.53419070026645
Leg fat mass (left) || id:ukb-b-7212,"Ischaemic heart disease, wide definition || id:finn-b-I9_IHD",ukb-b-7212,finn-b-I9_IHD,,rs3803286,1.42243692968331,0.785024154589372,0.06999147923556
Leg fat mass (left) || id:ukb-b-7212,"Ischaemic heart disease, wide definition || id:finn-b-I9_IHD",ukb-b-7212,finn-b-I9_IHD,,rs3814883,0.0555216256731997,0.621842207539837,0.928854847071628
Leg fat mass (left) || id:ukb-b-7212,"Ischaemic heart disease, wide definition || id:finn-b-I9_IHD",ukb-b-7212,finn-b-I9_IHD,,rs3818896,0.696752675644496,1.27928360118334,0.585999172905987
Leg fat mass (left) || id:ukb-b-7212,"Ischaemic heart disease, wide definition || id:finn-b-I9_IHD",ukb-b-7212,finn-b-I9_IHD,,rs383701,0.90856041188072,1.10800050229356,0.412216107171626
Leg fat mass (left) || id:ukb-b-7212,"Ischaemic heart disease, wide definition || id:finn-b-I9_IHD",ukb-b-7212,finn-b-I9_IHD,,rs3910736,-0.112393647511043,1.44862923458677,0.938157214607114
Leg fat mass (left) || id:ukb-b-7212,"Ischaemic heart disease, wide definition || id:finn-b-I9_IHD",ukb-b-7212,finn-b-I9_IHD,,rs396354,-0.780822286642554,1.11289613268594,0.482920602536358
Leg fat mass (left) || id:ukb-b-7212,"Ischaemic heart disease, wide definition || id:finn-b-I9_IHD",ukb-b-7212,finn-b-I9_IHD,,rs400301,2.55461165048544,1.20752427184466,0.0343807239888056
Leg fat mass (left) || id:ukb-b-7212,"Ischaemic heart disease, wide definition || id:finn-b-I9_IHD",ukb-b-7212,finn-b-I9_IHD,,rs40071,0.836691482822212,0.768390137285705,0.276202886617978
Leg fat mass (left) || id:ukb-b-7212,"Ischaemic heart disease, wide definition || id:finn-b-I9_IHD",ukb-b-7212,finn-b-I9_IHD,,rs4055791,0.245527310821207,0.924819537426546,0.790634534468998
Leg fat mass (left) || id:ukb-b-7212,"Ischaemic heart disease, wide definition || id:finn-b-I9_IHD",ukb-b-7212,finn-b-I9_IHD,,rs4240326,-1.07650710995394,0.917951799185526,0.240905190980132
Leg fat mass (left) || id:ukb-b-7212,"Ischaemic heart disease, wide definition || id:finn-b-I9_IHD",ukb-b-7212,finn-b-I9_IHD,,rs4266606,0.12947917003852,1.08438804907261,0.904956096468146
Leg fat mass (left) || id:ukb-b-7212,"Ischaemic heart disease, wide definition || id:finn-b-I9_IHD",ukb-b-7212,finn-b-I9_IHD,,rs4267103,0.519873339949903,1.12639223655812,0.644412333769812
Leg fat mass (left) || id:ukb-b-7212,"Ischaemic heart disease, wide definition || id:finn-b-I9_IHD",ukb-b-7212,finn-b-I9_IHD,,rs4290163,-2.18548254357249,1.03330346202381,0.03442617626017
Leg fat mass (left) || id:ukb-b-7212,"Ischaemic heart disease, wide definition || id:finn-b-I9_IHD",ukb-b-7212,finn-b-I9_IHD,,rs429343,0.744053508528911,0.87070091423596,0.392802835278636
Leg fat mass (left) || id:ukb-b-7212,"Ischaemic heart disease, wide definition || id:finn-b-I9_IHD",ukb-b-7212,finn-b-I9_IHD,,rs429358,-3.07797230722292,0.650591814208925,2.23378569079525e-06
Leg fat mass (left) || id:ukb-b-7212,"Ischaemic heart disease, wide definition || id:finn-b-I9_IHD",ukb-b-7212,finn-b-I9_IHD,,rs4307239,-0.722488702647357,1.25306634365401,0.564225526214624
Leg fat mass (left) || id:ukb-b-7212,"Ischaemic heart disease, wide definition || id:finn-b-I9_IHD",ukb-b-7212,finn-b-I9_IHD,,rs4333219,0.577391652456417,1.60899807151188,0.719706052960629
Leg fat mass (left) || id:ukb-b-7212,"Ischaemic heart disease, wide definition || id:finn-b-I9_IHD",ukb-b-7212,finn-b-I9_IHD,,rs4430672,-0.434327176106896,1.15820580295172,0.707660466654552
Leg fat mass (left) || id:ukb-b-7212,"Ischaemic heart disease, wide definition || id:finn-b-I9_IHD",ukb-b-7212,finn-b-I9_IHD,,rs444102,-0.243115115006956,0.945447669471495,0.797068494359122
Leg fat mass (left) || id:ukb-b-7212,"Ischaemic heart disease, wide definition || id:finn-b-I9_IHD",ukb-b-7212,finn-b-I9_IHD,,rs4456769,1.70330505153897,0.92762153041559,0.0663270630893397
Leg fat mass (left) || id:ukb-b-7212,"Ischaemic heart disease, wide definition || id:finn-b-I9_IHD",ukb-b-7212,finn-b-I9_IHD,,rs4477562,0.290004371707693,0.692547753331804,0.675398849885742
Leg fat mass (left) || id:ukb-b-7212,"Ischaemic heart disease, wide definition || id:finn-b-I9_IHD",ukb-b-7212,finn-b-I9_IHD,,rs4482463,0.421631842999634,0.992325448675906,0.670914893663015
Leg fat mass (left) || id:ukb-b-7212,"Ischaemic heart disease, wide definition || id:finn-b-I9_IHD",ukb-b-7212,finn-b-I9_IHD,,rs4500770,-1.32737141089457,1.37236705194184,0.333437507366653
Leg fat mass (left) || id:ukb-b-7212,"Ischaemic heart disease, wide definition || id:finn-b-I9_IHD",ukb-b-7212,finn-b-I9_IHD,,rs4562625,-1.70928483522494,1.09394229454396,0.118170245865335
Leg fat mass (left) || id:ukb-b-7212,"Ischaemic heart disease, wide definition || id:finn-b-I9_IHD",ukb-b-7212,finn-b-I9_IHD,,rs4625888,-2.3683005950604,1.09459271200271,0.0304922684320003
Leg fat mass (left) || id:ukb-b-7212,"Ischaemic heart disease, wide definition || id:finn-b-I9_IHD",ukb-b-7212,finn-b-I9_IHD,,rs4635724,0.14857663582876,1.36195249509697,0.913130385349696
Leg fat mass (left) || id:ukb-b-7212,"Ischaemic heart disease, wide definition || id:finn-b-I9_IHD",ukb-b-7212,finn-b-I9_IHD,,rs467176,0.552936453177101,1.32223934455394,0.675814188135396
Leg fat mass (left) || id:ukb-b-7212,"Ischaemic heart disease, wide definition || id:finn-b-I9_IHD",ukb-b-7212,finn-b-I9_IHD,,rs4672338,0.584995696103093,1.15954504049006,0.613906897580832
Leg fat mass (left) || id:ukb-b-7212,"Ischaemic heart disease, wide definition || id:finn-b-I9_IHD",ukb-b-7212,finn-b-I9_IHD,,rs4700812,-0.775794278164565,1.42228950996837,0.585440934568927
Leg fat mass (left) || id:ukb-b-7212,"Ischaemic heart disease, wide definition || id:finn-b-I9_IHD",ukb-b-7212,finn-b-I9_IHD,,rs4705907,1.41130810620094,1.19569158997579,0.237869838089298
Leg fat mass (left) || id:ukb-b-7212,"Ischaemic heart disease, wide definition || id:finn-b-I9_IHD",ukb-b-7212,finn-b-I9_IHD,,rs4718964,1.24531939030527,0.955313504891717,0.192379747571045
Leg fat mass (left) || id:ukb-b-7212,"Ischaemic heart disease, wide definition || id:finn-b-I9_IHD",ukb-b-7212,finn-b-I9_IHD,,rs4757945,0.0568881283578218,1.35393745491616,0.9664853001209
Leg fat mass (left) || id:ukb-b-7212,"Ischaemic heart disease, wide definition || id:finn-b-I9_IHD",ukb-b-7212,finn-b-I9_IHD,,rs4776970,0.726506593047332,0.601962605667789,0.227471985840123
Leg fat mass (left) || id:ukb-b-7212,"Ischaemic heart disease, wide definition || id:finn-b-I9_IHD",ukb-b-7212,finn-b-I9_IHD,,rs4784776,0.79357025958854,1.63917791324846,0.628295751834472
Leg fat mass (left) || id:ukb-b-7212,"Ischaemic heart disease, wide definition || id:finn-b-I9_IHD",ukb-b-7212,finn-b-I9_IHD,,rs479018,-0.785949255566612,0.760596053774141,0.301447933138049
Leg fat mass (left) || id:ukb-b-7212,"Ischaemic heart disease, wide definition || id:finn-b-I9_IHD",ukb-b-7212,finn-b-I9_IHD,,rs4808187,1.27002415664504,1.55807087258515,0.415000161563181
Leg fat mass (left) || id:ukb-b-7212,"Ischaemic heart disease, wide definition || id:finn-b-I9_IHD",ukb-b-7212,finn-b-I9_IHD,,rs4808762,-0.445732114998886,0.758949276889995,0.557001175272507
Leg fat mass (left) || id:ukb-b-7212,"Ischaemic heart disease, wide definition || id:finn-b-I9_IHD",ukb-b-7212,finn-b-I9_IHD,,rs4820323,-0.86361160818486,0.871391892943282,0.321650703159162
Leg fat mass (left) || id:ukb-b-7212,"Ischaemic heart disease, wide definition || id:finn-b-I9_IHD",ukb-b-7212,finn-b-I9_IHD,,rs4842920,0.431222936268844,0.706726478885049,0.541749537207679
Leg fat mass (left) || id:ukb-b-7212,"Ischaemic heart disease, wide definition || id:finn-b-I9_IHD",ukb-b-7212,finn-b-I9_IHD,,rs484455,0.222637521232417,1.49298102473503,0.881456729705197
Leg fat mass (left) || id:ukb-b-7212,"Ischaemic heart disease, wide definition || id:finn-b-I9_IHD",ukb-b-7212,finn-b-I9_IHD,,rs4844809,1.98648525097039,1.4296044483971,0.164670160969964
Leg fat mass (left) || id:ukb-b-7212,"Ischaemic heart disease, wide definition || id:finn-b-I9_IHD",ukb-b-7212,finn-b-I9_IHD,,rs4876611,-0.11144414009115,0.697992245834042,0.873145866785712
Leg fat mass (left) || id:ukb-b-7212,"Ischaemic heart disease, wide definition || id:finn-b-I9_IHD",ukb-b-7212,finn-b-I9_IHD,,rs491711,1.33260882301921,1.50492892944411,0.375889077263978
Leg fat mass (left) || id:ukb-b-7212,"Ischaemic heart disease, wide definition || id:finn-b-I9_IHD",ukb-b-7212,finn-b-I9_IHD,,rs4924136,-1.54268929826149,1.27528981989617,0.226402697791137
Leg fat mass (left) || id:ukb-b-7212,"Ischaemic heart disease, wide definition || id:finn-b-I9_IHD",ukb-b-7212,finn-b-I9_IHD,,rs4937729,0.077932603884161,1.454741939171,0.957276620509357
Leg fat mass (left) || id:ukb-b-7212,"Ischaemic heart disease, wide definition || id:finn-b-I9_IHD",ukb-b-7212,finn-b-I9_IHD,,rs494048,-0.13952422240161,1.11619377921288,0.900523550339774
Leg fat mass (left) || id:ukb-b-7212,"Ischaemic heart disease, wide definition || id:finn-b-I9_IHD",ukb-b-7212,finn-b-I9_IHD,,rs4942098,-0.317972421708986,1.12453661336105,0.77736187623937
Leg fat mass (left) || id:ukb-b-7212,"Ischaemic heart disease, wide definition || id:finn-b-I9_IHD",ukb-b-7212,finn-b-I9_IHD,,rs4947584,0.93755511617329,1.03966507932088,0.367170709962626
Leg fat mass (left) || id:ukb-b-7212,"Ischaemic heart disease, wide definition || id:finn-b-I9_IHD",ukb-b-7212,finn-b-I9_IHD,,rs520829,-3.2448430573832,1.23506137132232,0.00860723176964354
Leg fat mass (left) || id:ukb-b-7212,"Ischaemic heart disease, wide definition || id:finn-b-I9_IHD",ukb-b-7212,finn-b-I9_IHD,,rs529200,0.572868028470756,0.871073303565123,0.510758136203966
Leg fat mass (left) || id:ukb-b-7212,"Ischaemic heart disease, wide definition || id:finn-b-I9_IHD",ukb-b-7212,finn-b-I9_IHD,,rs530255,1.94827387288547,1.19726327384023,0.103679187530274
Leg fat mass (left) || id:ukb-b-7212,"Ischaemic heart disease, wide definition || id:finn-b-I9_IHD",ukb-b-7212,finn-b-I9_IHD,,rs543874,-0.0568099508309876,0.40903164598311,0.889537951249028
Leg fat mass (left) || id:ukb-b-7212,"Ischaemic heart disease, wide definition || id:finn-b-I9_IHD",ukb-b-7212,finn-b-I9_IHD,,rs555996,0.0449442242177458,1.65170024000216,0.978291534462659
Leg fat mass (left) || id:ukb-b-7212,"Ischaemic heart disease, wide definition || id:finn-b-I9_IHD",ukb-b-7212,finn-b-I9_IHD,,rs556140,-0.33902365707079,1.36739541685219,0.804185562359039
Leg fat mass (left) || id:ukb-b-7212,"Ischaemic heart disease, wide definition || id:finn-b-I9_IHD",ukb-b-7212,finn-b-I9_IHD,,rs55707359,-0.322777845702409,3.76818681990463,0.931737763282234
Leg fat mass (left) || id:ukb-b-7212,"Ischaemic heart disease, wide definition || id:finn-b-I9_IHD",ukb-b-7212,finn-b-I9_IHD,,rs55726687,1.31516845292705,0.715918311069158,0.0662044279577616
Leg fat mass (left) || id:ukb-b-7212,"Ischaemic heart disease, wide definition || id:finn-b-I9_IHD",ukb-b-7212,finn-b-I9_IHD,,rs55736343,0.946780308671656,1.56378320645768,0.544885233992062
Leg fat mass (left) || id:ukb-b-7212,"Ischaemic heart disease, wide definition || id:finn-b-I9_IHD",ukb-b-7212,finn-b-I9_IHD,,rs56094641,0.522840267510361,0.212583405471246,0.013914641199738
Leg fat mass (left) || id:ukb-b-7212,"Ischaemic heart disease, wide definition || id:finn-b-I9_IHD",ukb-b-7212,finn-b-I9_IHD,,rs56211164,1.32027423680227,1.49983153300738,0.378706729046879
Leg fat mass (left) || id:ukb-b-7212,"Ischaemic heart disease, wide definition || id:finn-b-I9_IHD",ukb-b-7212,finn-b-I9_IHD,,rs56356382,0.128645728042931,0.90664608335018,0.887165398850238
Leg fat mass (left) || id:ukb-b-7212,"Ischaemic heart disease, wide definition || id:finn-b-I9_IHD",ukb-b-7212,finn-b-I9_IHD,,rs56399737,0.253116496867683,1.0034261125826,0.800846092097225
Leg fat mass (left) || id:ukb-b-7212,"Ischaemic heart disease, wide definition || id:finn-b-I9_IHD",ukb-b-7212,finn-b-I9_IHD,,rs56893062,-0.592301925906731,1.08280195829824,0.584372860193899
Leg fat mass (left) || id:ukb-b-7212,"Ischaemic heart disease, wide definition || id:finn-b-I9_IHD",ukb-b-7212,finn-b-I9_IHD,,rs56982979,-0.640532923392262,1.50792125715262,0.670997961909894
Leg fat mass (left) || id:ukb-b-7212,"Ischaemic heart disease, wide definition || id:finn-b-I9_IHD",ukb-b-7212,finn-b-I9_IHD,,rs57636386,0.0603609585320215,0.848406806033413,0.94328136316047
Leg fat mass (left) || id:ukb-b-7212,"Ischaemic heart disease, wide definition || id:finn-b-I9_IHD",ukb-b-7212,finn-b-I9_IHD,,rs577525,1.5607255049113,0.737193749128318,0.0342499093081693
Leg fat mass (left) || id:ukb-b-7212,"Ischaemic heart disease, wide definition || id:finn-b-I9_IHD",ukb-b-7212,finn-b-I9_IHD,,rs57989773,-0.743960919643257,1.23694707121409,0.547540787244958
Leg fat mass (left) || id:ukb-b-7212,"Ischaemic heart disease, wide definition || id:finn-b-I9_IHD",ukb-b-7212,finn-b-I9_IHD,,rs58070122,0.956487530950857,1.07604847231971,0.374062797490883
Leg fat mass (left) || id:ukb-b-7212,"Ischaemic heart disease, wide definition || id:finn-b-I9_IHD",ukb-b-7212,finn-b-I9_IHD,,rs58120873,1.99626851347097,1.53559116420844,0.193600969171221
Leg fat mass (left) || id:ukb-b-7212,"Ischaemic heart disease, wide definition || id:finn-b-I9_IHD",ukb-b-7212,finn-b-I9_IHD,,rs59068084,1.22736812172575,1.37319403717832,0.371426067762518
Leg fat mass (left) || id:ukb-b-7212,"Ischaemic heart disease, wide definition || id:finn-b-I9_IHD",ukb-b-7212,finn-b-I9_IHD,,rs59499656,0.763672195762851,0.9196912465101,0.406336888955547
Leg fat mass (left) || id:ukb-b-7212,"Ischaemic heart disease, wide definition || id:finn-b-I9_IHD",ukb-b-7212,finn-b-I9_IHD,,rs6016590,1.69455841348252,1.42496957497394,0.234365227693259
Leg fat mass (left) || id:ukb-b-7212,"Ischaemic heart disease, wide definition || id:finn-b-I9_IHD",ukb-b-7212,finn-b-I9_IHD,,rs6030803,0.273074822501365,1.22550652049393,0.823670863939885
Leg fat mass (left) || id:ukb-b-7212,"Ischaemic heart disease, wide definition || id:finn-b-I9_IHD",ukb-b-7212,finn-b-I9_IHD,,rs60661769,-0.222745189188142,1.22994082725626,0.856287230486397
Leg fat mass (left) || id:ukb-b-7212,"Ischaemic heart disease, wide definition || id:finn-b-I9_IHD",ukb-b-7212,finn-b-I9_IHD,,rs61754230,2.58630383447655,2.21344996360236,0.242625619900818
Leg fat mass (left) || id:ukb-b-7212,"Ischaemic heart disease, wide definition || id:finn-b-I9_IHD",ukb-b-7212,finn-b-I9_IHD,,rs61813324,-0.368524779285703,0.811822702194592,0.649866708901512
Leg fat mass (left) || id:ukb-b-7212,"Ischaemic heart disease, wide definition || id:finn-b-I9_IHD",ukb-b-7212,finn-b-I9_IHD,,rs61826925,1.02672073196091,1.31914119359534,0.436377368310222
Leg fat mass (left) || id:ukb-b-7212,"Ischaemic heart disease, wide definition || id:finn-b-I9_IHD",ukb-b-7212,finn-b-I9_IHD,,rs61871585,1.86227010726075,1.22148899508501,0.127361352267639
Leg fat mass (left) || id:ukb-b-7212,"Ischaemic heart disease, wide definition || id:finn-b-I9_IHD",ukb-b-7212,finn-b-I9_IHD,,rs61903695,1.32848197664579,1.08309358605517,0.219987070960781
Leg fat mass (left) || id:ukb-b-7212,"Ischaemic heart disease, wide definition || id:finn-b-I9_IHD",ukb-b-7212,finn-b-I9_IHD,,rs61969511,1.00627725334228,0.910441324452537,0.269045576986182
Leg fat mass (left) || id:ukb-b-7212,"Ischaemic heart disease, wide definition || id:finn-b-I9_IHD",ukb-b-7212,finn-b-I9_IHD,,rs61991651,-0.659124128105978,1.48013839293974,0.656093935740215
Leg fat mass (left) || id:ukb-b-7212,"Ischaemic heart disease, wide definition || id:finn-b-I9_IHD",ukb-b-7212,finn-b-I9_IHD,,rs61992671,1.43786150779386,0.915002777687004,0.116083133738655
Leg fat mass (left) || id:ukb-b-7212,"Ischaemic heart disease, wide definition || id:finn-b-I9_IHD",ukb-b-7212,finn-b-I9_IHD,,rs62104473,-1.92263525706224,0.761179828734539,0.0115414784731363
Leg fat mass (left) || id:ukb-b-7212,"Ischaemic heart disease, wide definition || id:finn-b-I9_IHD",ukb-b-7212,finn-b-I9_IHD,,rs62107261,0.0260061959761913,0.635526414168176,0.967359102208734
Leg fat mass (left) || id:ukb-b-7212,"Ischaemic heart disease, wide definition || id:finn-b-I9_IHD",ukb-b-7212,finn-b-I9_IHD,,rs62124758,-1.14951704318672,1.82805140895665,0.52946627589469
Leg fat mass (left) || id:ukb-b-7212,"Ischaemic heart disease, wide definition || id:finn-b-I9_IHD",ukb-b-7212,finn-b-I9_IHD,,rs62237500,3.10225182271604,1.45382280990752,0.0328543844930137
Leg fat mass (left) || id:ukb-b-7212,"Ischaemic heart disease, wide definition || id:finn-b-I9_IHD",ukb-b-7212,finn-b-I9_IHD,,rs62379271,0.0464748803271832,1.27805920899754,0.970992408969173
Leg fat mass (left) || id:ukb-b-7212,"Ischaemic heart disease, wide definition || id:finn-b-I9_IHD",ukb-b-7212,finn-b-I9_IHD,,rs62396185,0.618510250476171,0.462858664263625,0.181456730171836
Leg fat mass (left) || id:ukb-b-7212,"Ischaemic heart disease, wide definition || id:finn-b-I9_IHD",ukb-b-7212,finn-b-I9_IHD,,rs62407565,-1.19366865066388,1.16914121263654,0.307264378263251
Leg fat mass (left) || id:ukb-b-7212,"Ischaemic heart disease, wide definition || id:finn-b-I9_IHD",ukb-b-7212,finn-b-I9_IHD,,rs62447181,0.344741093494973,1.52161586094333,0.820763954687396
Leg fat mass (left) || id:ukb-b-7212,"Ischaemic heart disease, wide definition || id:finn-b-I9_IHD",ukb-b-7212,finn-b-I9_IHD,,rs642992,4.42671584152846,1.46741961597629,0.00255570678579481
Leg fat mass (left) || id:ukb-b-7212,"Ischaemic heart disease, wide definition || id:finn-b-I9_IHD",ukb-b-7212,finn-b-I9_IHD,,rs6444950,-1.82365735318722,1.10423289275556,0.098633429519378
Leg fat mass (left) || id:ukb-b-7212,"Ischaemic heart disease, wide definition || id:finn-b-I9_IHD",ukb-b-7212,finn-b-I9_IHD,,rs6460396,-0.633486742706192,1.2141829235202,0.601851975770549
Leg fat mass (left) || id:ukb-b-7212,"Ischaemic heart disease, wide definition || id:finn-b-I9_IHD",ukb-b-7212,finn-b-I9_IHD,,rs6469351,-0.279786077637528,1.21240633642929,0.817494086363381
Leg fat mass (left) || id:ukb-b-7212,"Ischaemic heart disease, wide definition || id:finn-b-I9_IHD",ukb-b-7212,finn-b-I9_IHD,,rs6472804,-0.689769073086377,1.36982308880534,0.614580377738369
Leg fat mass (left) || id:ukb-b-7212,"Ischaemic heart disease, wide definition || id:finn-b-I9_IHD",ukb-b-7212,finn-b-I9_IHD,,rs6551304,0.386784850926672,1.02497985495568,0.70590721025271
Leg fat mass (left) || id:ukb-b-7212,"Ischaemic heart disease, wide definition || id:finn-b-I9_IHD",ukb-b-7212,finn-b-I9_IHD,,rs6561937,1.70242537313433,1.06498756218905,0.109922818256669
Leg fat mass (left) || id:ukb-b-7212,"Ischaemic heart disease, wide definition || id:finn-b-I9_IHD",ukb-b-7212,finn-b-I9_IHD,,rs6567160,1.17732341434072,0.365021669948434,0.00125817819898189
Leg fat mass (left) || id:ukb-b-7212,"Ischaemic heart disease, wide definition || id:finn-b-I9_IHD",ukb-b-7212,finn-b-I9_IHD,,rs6569648,0.381126091483874,0.911980290336412,0.676012593476131
Leg fat mass (left) || id:ukb-b-7212,"Ischaemic heart disease, wide definition || id:finn-b-I9_IHD",ukb-b-7212,finn-b-I9_IHD,,rs6575340,1.07173524265765,0.736010949776937,0.145353824895128
Leg fat mass (left) || id:ukb-b-7212,"Ischaemic heart disease, wide definition || id:finn-b-I9_IHD",ukb-b-7212,finn-b-I9_IHD,,rs6595447,-2.09051075358732,1.12887580693715,0.064047099481443
Leg fat mass (left) || id:ukb-b-7212,"Ischaemic heart disease, wide definition || id:finn-b-I9_IHD",ukb-b-7212,finn-b-I9_IHD,,rs66679256,1.09779927837994,0.834327451568755,0.188244713282317
Leg fat mass (left) || id:ukb-b-7212,"Ischaemic heart disease, wide definition || id:finn-b-I9_IHD",ukb-b-7212,finn-b-I9_IHD,,rs6669189,-0.557724484104852,1.02249488752556,0.585440934568927
Leg fat mass (left) || id:ukb-b-7212,"Ischaemic heart disease, wide definition || id:finn-b-I9_IHD",ukb-b-7212,finn-b-I9_IHD,,rs667515,-2.63149361582189,1.44669791201582,0.0689166910672387
Leg fat mass (left) || id:ukb-b-7212,"Ischaemic heart disease, wide definition || id:finn-b-I9_IHD",ukb-b-7212,finn-b-I9_IHD,,rs6688826,2.03708587590146,1.24589627231473,0.102041397064547
Leg fat mass (left) || id:ukb-b-7212,"Ischaemic heart disease, wide definition || id:finn-b-I9_IHD",ukb-b-7212,finn-b-I9_IHD,,rs6707827,1.26760092696199,1.46350288840157,0.386412442052597
Leg fat mass (left) || id:ukb-b-7212,"Ischaemic heart disease, wide definition || id:finn-b-I9_IHD",ukb-b-7212,finn-b-I9_IHD,,rs6725931,3.90505497669564,2.24945563173712,0.0825638345628487
Leg fat mass (left) || id:ukb-b-7212,"Ischaemic heart disease, wide definition || id:finn-b-I9_IHD",ukb-b-7212,finn-b-I9_IHD,,rs6726271,-1.76797278859273,1.60142462734849,0.269593137689702
Leg fat mass (left) || id:ukb-b-7212,"Ischaemic heart disease, wide definition || id:finn-b-I9_IHD",ukb-b-7212,finn-b-I9_IHD,,rs6744646,0.465717850914604,0.379661291506471,0.219947901038635
Leg fat mass (left) || id:ukb-b-7212,"Ischaemic heart disease, wide definition || id:finn-b-I9_IHD",ukb-b-7212,finn-b-I9_IHD,,rs67609008,-3.32947976878613,1.10982658959538,0.00269979606326019
Leg fat mass (left) || id:ukb-b-7212,"Ischaemic heart disease, wide definition || id:finn-b-I9_IHD",ukb-b-7212,finn-b-I9_IHD,,rs67632512,0.825210973748949,1.19110640550556,0.488428508615704
Leg fat mass (left) || id:ukb-b-7212,"Ischaemic heart disease, wide definition || id:finn-b-I9_IHD",ukb-b-7212,finn-b-I9_IHD,,rs6774894,-0.34829552875615,1.04488658626845,0.738882680363527
Leg fat mass (left) || id:ukb-b-7212,"Ischaemic heart disease, wide definition || id:finn-b-I9_IHD",ukb-b-7212,finn-b-I9_IHD,,rs6782714,-0.412325494085299,1.20442446956495,0.732093273883158
Leg fat mass (left) || id:ukb-b-7212,"Ischaemic heart disease, wide definition || id:finn-b-I9_IHD",ukb-b-7212,finn-b-I9_IHD,,rs6834667,-0.178676507374575,1.52470619626304,0.906711472221255
Leg fat mass (left) || id:ukb-b-7212,"Ischaemic heart disease, wide definition || id:finn-b-I9_IHD",ukb-b-7212,finn-b-I9_IHD,,rs6892707,0.791608447844312,1.63347774952001,0.627949198524385
Leg fat mass (left) || id:ukb-b-7212,"Ischaemic heart disease, wide definition || id:finn-b-I9_IHD",ukb-b-7212,finn-b-I9_IHD,,rs6934060,-1.21084146098359,1.25514053882445,0.334692148107316
Leg fat mass (left) || id:ukb-b-7212,"Ischaemic heart disease, wide definition || id:finn-b-I9_IHD",ukb-b-7212,finn-b-I9_IHD,,rs693573,-1.32718525923337,1.33936127078597,0.321729972886035
Leg fat mass (left) || id:ukb-b-7212,"Ischaemic heart disease, wide definition || id:finn-b-I9_IHD",ukb-b-7212,finn-b-I9_IHD,,rs6938973,0.973395911737171,0.731596927292905,0.183350796029574
Leg fat mass (left) || id:ukb-b-7212,"Ischaemic heart disease, wide definition || id:finn-b-I9_IHD",ukb-b-7212,finn-b-I9_IHD,,rs6941322,-0.83955259478994,1.50101827553353,0.575941960425628
Leg fat mass (left) || id:ukb-b-7212,"Ischaemic heart disease, wide definition || id:finn-b-I9_IHD",ukb-b-7212,finn-b-I9_IHD,,rs6954290,-0.94911008698545,1.17415680864179,0.418898718493675
Leg fat mass (left) || id:ukb-b-7212,"Ischaemic heart disease, wide definition || id:finn-b-I9_IHD",ukb-b-7212,finn-b-I9_IHD,,rs6973656,1.70251922174603,1.15528090047052,0.140566636048714
Leg fat mass (left) || id:ukb-b-7212,"Ischaemic heart disease, wide definition || id:finn-b-I9_IHD",ukb-b-7212,finn-b-I9_IHD,,rs698147,0.934487507377533,1.08203816643714,0.3877876816066
Leg fat mass (left) || id:ukb-b-7212,"Ischaemic heart disease, wide definition || id:finn-b-I9_IHD",ukb-b-7212,finn-b-I9_IHD,,rs6998660,-0.0600698612486322,1.1112924330997,0.956892098247027
Leg fat mass (left) || id:ukb-b-7212,"Ischaemic heart disease, wide definition || id:finn-b-I9_IHD",ukb-b-7212,finn-b-I9_IHD,,rs7004825,-0.0170375166115787,1.40559512045524,0.990328908809733
Leg fat mass (left) || id:ukb-b-7212,"Ischaemic heart disease, wide definition || id:finn-b-I9_IHD",ukb-b-7212,finn-b-I9_IHD,,rs7034554,1.71531688744348,1.19973030855874,0.152788190970099
Leg fat mass (left) || id:ukb-b-7212,"Ischaemic heart disease, wide definition || id:finn-b-I9_IHD",ukb-b-7212,finn-b-I9_IHD,,rs7038943,-0.0880646041936364,0.995130027388092,0.929482801004912
Leg fat mass (left) || id:ukb-b-7212,"Ischaemic heart disease, wide definition || id:finn-b-I9_IHD",ukb-b-7212,finn-b-I9_IHD,,rs7070670,-1.45782472019005,1.26276366608011,0.248306898095421
Leg fat mass (left) || id:ukb-b-7212,"Ischaemic heart disease, wide definition || id:finn-b-I9_IHD",ukb-b-7212,finn-b-I9_IHD,,rs7074981,0.535753151735338,1.33938287933835,0.689156516779352
Leg fat mass (left) || id:ukb-b-7212,"Ischaemic heart disease, wide definition || id:finn-b-I9_IHD",ukb-b-7212,finn-b-I9_IHD,,rs7078200,-0.919411989545562,1.20866519973967,0.446845976683459
Leg fat mass (left) || id:ukb-b-7212,"Ischaemic heart disease, wide definition || id:finn-b-I9_IHD",ukb-b-7212,finn-b-I9_IHD,,rs7109303,-0.48988768680191,1.49544662286899,0.743224552275968
Leg fat mass (left) || id:ukb-b-7212,"Ischaemic heart disease, wide definition || id:finn-b-I9_IHD",ukb-b-7212,finn-b-I9_IHD,,rs7124681,-0.970444509523563,0.666103923696647,0.145144938051762
Leg fat mass (left) || id:ukb-b-7212,"Ischaemic heart disease, wide definition || id:finn-b-I9_IHD",ukb-b-7212,finn-b-I9_IHD,,rs7129648,0.225628474844416,1.49976574455406,0.880415530102703
Leg fat mass (left) || id:ukb-b-7212,"Ischaemic heart disease, wide definition || id:finn-b-I9_IHD",ukb-b-7212,finn-b-I9_IHD,,rs71306190,1.66953245956378,2.00486590229668,0.404991259602439
Leg fat mass (left) || id:ukb-b-7212,"Ischaemic heart disease, wide definition || id:finn-b-I9_IHD",ukb-b-7212,finn-b-I9_IHD,,rs7132908,-0.552626920702354,0.492183351250534,0.261519464324923
Leg fat mass (left) || id:ukb-b-7212,"Ischaemic heart disease, wide definition || id:finn-b-I9_IHD",ukb-b-7212,finn-b-I9_IHD,,rs71495038,0.752144099087659,0.918201887197921,0.412701444714942
Leg fat mass (left) || id:ukb-b-7212,"Ischaemic heart disease, wide definition || id:finn-b-I9_IHD",ukb-b-7212,finn-b-I9_IHD,,rs7169796,2.12668470602474,1.14114789103767,0.0623727874477436
Leg fat mass (left) || id:ukb-b-7212,"Ischaemic heart disease, wide definition || id:finn-b-I9_IHD",ukb-b-7212,finn-b-I9_IHD,,rs7172082,0,1.09727825491506,1
Leg fat mass (left) || id:ukb-b-7212,"Ischaemic heart disease, wide definition || id:finn-b-I9_IHD",ukb-b-7212,finn-b-I9_IHD,,rs719802,-0.936683483147914,0.961333048493912,0.329878332049875
Leg fat mass (left) || id:ukb-b-7212,"Ischaemic heart disease, wide definition || id:finn-b-I9_IHD",ukb-b-7212,finn-b-I9_IHD,,rs7206608,-0.380366035966705,1.01725800316677,0.708469011908047
Leg fat mass (left) || id:ukb-b-7212,"Ischaemic heart disease, wide definition || id:finn-b-I9_IHD",ukb-b-7212,finn-b-I9_IHD,,rs7210186,2.84358197366843,1.43415438671973,0.0473943981350413
Leg fat mass (left) || id:ukb-b-7212,"Ischaemic heart disease, wide definition || id:finn-b-I9_IHD",ukb-b-7212,finn-b-I9_IHD,,rs7218014,-0.479415415981187,0.650995670121822,0.461466553518284
Leg fat mass (left) || id:ukb-b-7212,"Ischaemic heart disease, wide definition || id:finn-b-I9_IHD",ukb-b-7212,finn-b-I9_IHD,,rs7234208,1.30705448425497,1.3692951739814,0.339807612284684
Leg fat mass (left) || id:ukb-b-7212,"Ischaemic heart disease, wide definition || id:finn-b-I9_IHD",ukb-b-7212,finn-b-I9_IHD,,rs7247187,-1.34730069871641,1.32641231579057,0.309749389068409
Leg fat mass (left) || id:ukb-b-7212,"Ischaemic heart disease, wide definition || id:finn-b-I9_IHD",ukb-b-7212,finn-b-I9_IHD,,rs7258937,0.481204710144928,1.03789251207729,0.642908296823688
Leg fat mass (left) || id:ukb-b-7212,"Ischaemic heart disease, wide definition || id:finn-b-I9_IHD",ukb-b-7212,finn-b-I9_IHD,,rs7259070,0.888124309430901,0.776234632652205,0.252563862926947
Leg fat mass (left) || id:ukb-b-7212,"Ischaemic heart disease, wide definition || id:finn-b-I9_IHD",ukb-b-7212,finn-b-I9_IHD,,rs72634826,0.641640482884075,0.899619646105507,0.475700169742219
Leg fat mass (left) || id:ukb-b-7212,"Ischaemic heart disease, wide definition || id:finn-b-I9_IHD",ukb-b-7212,finn-b-I9_IHD,,rs72739243,1.69673772577956,1.26268854011502,0.179029242883863
Leg fat mass (left) || id:ukb-b-7212,"Ischaemic heart disease, wide definition || id:finn-b-I9_IHD",ukb-b-7212,finn-b-I9_IHD,,rs7281127,0.836566196925452,1.40543121083476,0.551684329116147
Leg fat mass (left) || id:ukb-b-7212,"Ischaemic heart disease, wide definition || id:finn-b-I9_IHD",ukb-b-7212,finn-b-I9_IHD,,rs72811755,-0.0787986114855197,1.13635892352802,0.944716546749896
Leg fat mass (left) || id:ukb-b-7212,"Ischaemic heart disease, wide definition || id:finn-b-I9_IHD",ukb-b-7212,finn-b-I9_IHD,,rs72815827,0.478583925812814,1.33558304877995,0.720093875656711
Leg fat mass (left) || id:ukb-b-7212,"Ischaemic heart disease, wide definition || id:finn-b-I9_IHD",ukb-b-7212,finn-b-I9_IHD,,rs72847398,-3.33966243142435,1.66607878601394,0.0450160448756137
Leg fat mass (left) || id:ukb-b-7212,"Ischaemic heart disease, wide definition || id:finn-b-I9_IHD",ukb-b-7212,finn-b-I9_IHD,,rs72866851,2.72063232136986,1.74068892599493,0.118061306562118
Leg fat mass (left) || id:ukb-b-7212,"Ischaemic heart disease, wide definition || id:finn-b-I9_IHD",ukb-b-7212,finn-b-I9_IHD,,rs72892910,0.448257748205218,0.479775871125897,0.350145776599428
Leg fat mass (left) || id:ukb-b-7212,"Ischaemic heart disease, wide definition || id:finn-b-I9_IHD",ukb-b-7212,finn-b-I9_IHD,,rs72987426,-4.20587482745481,1.31776756995973,0.00141454474825579
Leg fat mass (left) || id:ukb-b-7212,"Ischaemic heart disease, wide definition || id:finn-b-I9_IHD",ukb-b-7212,finn-b-I9_IHD,,rs73052033,0.57601876773876,0.785480137825582,0.463355149269597
Leg fat mass (left) || id:ukb-b-7212,"Ischaemic heart disease, wide definition || id:finn-b-I9_IHD",ukb-b-7212,finn-b-I9_IHD,,rs73122615,1.27029413762652,1.16839888594525,0.276944320656333
Leg fat mass (left) || id:ukb-b-7212,"Ischaemic heart disease, wide definition || id:finn-b-I9_IHD",ukb-b-7212,finn-b-I9_IHD,,rs73175572,-0.876507237107052,1.35819139443615,0.518701150904167
Leg fat mass (left) || id:ukb-b-7212,"Ischaemic heart disease, wide definition || id:finn-b-I9_IHD",ukb-b-7212,finn-b-I9_IHD,,rs73213484,1.36877785382099,0.840666713370373,0.10348139777869
Leg fat mass (left) || id:ukb-b-7212,"Ischaemic heart disease, wide definition || id:finn-b-I9_IHD",ukb-b-7212,finn-b-I9_IHD,,rs73234451,0.471597853233434,1.34172910356555,0.725224412399496
Leg fat mass (left) || id:ukb-b-7212,"Ischaemic heart disease, wide definition || id:finn-b-I9_IHD",ukb-b-7212,finn-b-I9_IHD,,rs73371569,0.467138253856274,1.1011115983755,0.671389024011198
Leg fat mass (left) || id:ukb-b-7212,"Ischaemic heart disease, wide definition || id:finn-b-I9_IHD",ukb-b-7212,finn-b-I9_IHD,,rs73985439,0.773641576408483,1.09219987257668,0.4787382817329
Leg fat mass (left) || id:ukb-b-7212,"Ischaemic heart disease, wide definition || id:finn-b-I9_IHD",ukb-b-7212,finn-b-I9_IHD,,rs74288880,1.1390602752729,1.76700376035924,0.519168220983547
Leg fat mass (left) || id:ukb-b-7212,"Ischaemic heart disease, wide definition || id:finn-b-I9_IHD",ukb-b-7212,finn-b-I9_IHD,,rs74318565,0.346226735993003,1.72505952670198,0.840929855594002
Leg fat mass (left) || id:ukb-b-7212,"Ischaemic heart disease, wide definition || id:finn-b-I9_IHD",ukb-b-7212,finn-b-I9_IHD,,rs7442885,-0.439435325606596,0.709088820865188,0.535443258883731
Leg fat mass (left) || id:ukb-b-7212,"Ischaemic heart disease, wide definition || id:finn-b-I9_IHD",ukb-b-7212,finn-b-I9_IHD,,rs745249,0.758038880058687,0.94551086114847,0.422712549877375
Leg fat mass (left) || id:ukb-b-7212,"Ischaemic heart disease, wide definition || id:finn-b-I9_IHD",ukb-b-7212,finn-b-I9_IHD,,rs7460093,0.805159370524136,1.25877028349548,0.522406905507948
Leg fat mass (left) || id:ukb-b-7212,"Ischaemic heart disease, wide definition || id:finn-b-I9_IHD",ukb-b-7212,finn-b-I9_IHD,,rs74606352,0.165474046947056,1.29276599177387,0.898148973041377
Leg fat mass (left) || id:ukb-b-7212,"Ischaemic heart disease, wide definition || id:finn-b-I9_IHD",ukb-b-7212,finn-b-I9_IHD,,rs74796445,1.47991314962246,1.49071543538613,0.32083003572319
Leg fat mass (left) || id:ukb-b-7212,"Ischaemic heart disease, wide definition || id:finn-b-I9_IHD",ukb-b-7212,finn-b-I9_IHD,,rs7498665,-1.00088205587573,0.507296384484957,0.0484986416561004
Leg fat mass (left) || id:ukb-b-7212,"Ischaemic heart disease, wide definition || id:finn-b-I9_IHD",ukb-b-7212,finn-b-I9_IHD,,rs75128238,2.17957656037867,1.79796719627197,0.225418649551293
Leg fat mass (left) || id:ukb-b-7212,"Ischaemic heart disease, wide definition || id:finn-b-I9_IHD",ukb-b-7212,finn-b-I9_IHD,,rs7537581,1.4035397448912,0.979829633225935,0.152020102288261
Leg fat mass (left) || id:ukb-b-7212,"Ischaemic heart disease, wide definition || id:finn-b-I9_IHD",ukb-b-7212,finn-b-I9_IHD,,rs75412871,-1.57636496502766,1.14312558722205,0.167896161764246
Leg fat mass (left) || id:ukb-b-7212,"Ischaemic heart disease, wide definition || id:finn-b-I9_IHD",ukb-b-7212,finn-b-I9_IHD,,rs754209,2.41902477996681,1.49064229684441,0.104630665137023
Leg fat mass (left) || id:ukb-b-7212,"Ischaemic heart disease, wide definition || id:finn-b-I9_IHD",ukb-b-7212,finn-b-I9_IHD,,rs754635,0.495089873373484,1.07172396118495,0.644112499852768
Leg fat mass (left) || id:ukb-b-7212,"Ischaemic heart disease, wide definition || id:finn-b-I9_IHD",ukb-b-7212,finn-b-I9_IHD,,rs75557510,0.284036286728077,1.11866599080596,0.799567986190168
Leg fat mass (left) || id:ukb-b-7212,"Ischaemic heart disease, wide definition || id:finn-b-I9_IHD",ukb-b-7212,finn-b-I9_IHD,,rs75646226,0.122797021435448,1.48584395936892,0.9341341145364
Leg fat mass (left) || id:ukb-b-7212,"Ischaemic heart disease, wide definition || id:finn-b-I9_IHD",ukb-b-7212,finn-b-I9_IHD,,rs756717,0.134843021977338,1.17209703718763,0.90841005018873
Leg fat mass (left) || id:ukb-b-7212,"Ischaemic heart disease, wide definition || id:finn-b-I9_IHD",ukb-b-7212,finn-b-I9_IHD,,rs7575523,1.48042450726835,0.665893754273314,0.026201353992368
Leg fat mass (left) || id:ukb-b-7212,"Ischaemic heart disease, wide definition || id:finn-b-I9_IHD",ukb-b-7212,finn-b-I9_IHD,,rs7589069,-0.956632653061225,1.47373138444567,0.516259001280478
Leg fat mass (left) || id:ukb-b-7212,"Ischaemic heart disease, wide definition || id:finn-b-I9_IHD",ukb-b-7212,finn-b-I9_IHD,,rs7607923,2.18815344399341,1.20615287400612,0.0696532053662646
Leg fat mass (left) || id:ukb-b-7212,"Ischaemic heart disease, wide definition || id:finn-b-I9_IHD",ukb-b-7212,finn-b-I9_IHD,,rs76084874,0.876944578929579,1.70821496103991,0.607693237328678
Leg fat mass (left) || id:ukb-b-7212,"Ischaemic heart disease, wide definition || id:finn-b-I9_IHD",ukb-b-7212,finn-b-I9_IHD,,rs7611660,0.499108259908963,1.34204665442188,0.70996668978451
Leg fat mass (left) || id:ukb-b-7212,"Ischaemic heart disease, wide definition || id:finn-b-I9_IHD",ukb-b-7212,finn-b-I9_IHD,,rs7619139,-0.218883693164859,1.11431698338474,0.844274735076052
Leg fat mass (left) || id:ukb-b-7212,"Ischaemic heart disease, wide definition || id:finn-b-I9_IHD",ukb-b-7212,finn-b-I9_IHD,,rs7647375,-1.60548714463508,1.33991784251499,0.230839866684843
Leg fat mass (left) || id:ukb-b-7212,"Ischaemic heart disease, wide definition || id:finn-b-I9_IHD",ukb-b-7212,finn-b-I9_IHD,,rs7663885,-2.02448449209568,1.33003923027216,0.127978040057397
Leg fat mass (left) || id:ukb-b-7212,"Ischaemic heart disease, wide definition || id:finn-b-I9_IHD",ukb-b-7212,finn-b-I9_IHD,,rs76638898,1.61038681563044,1.05446263651525,0.126708580632996
Leg fat mass (left) || id:ukb-b-7212,"Ischaemic heart disease, wide definition || id:finn-b-I9_IHD",ukb-b-7212,finn-b-I9_IHD,,rs7669124,-1.40041234363451,1.28926850683812,0.277387466782622
Leg fat mass (left) || id:ukb-b-7212,"Ischaemic heart disease, wide definition || id:finn-b-I9_IHD",ukb-b-7212,finn-b-I9_IHD,,rs76702514,1.91119164039812,1.08383595191409,0.0778399975244919
Leg fat mass (left) || id:ukb-b-7212,"Ischaemic heart disease, wide definition || id:finn-b-I9_IHD",ukb-b-7212,finn-b-I9_IHD,,rs7683836,-2.06839419794321,1.16083347843752,0.0747788862914803
Leg fat mass (left) || id:ukb-b-7212,"Ischaemic heart disease, wide definition || id:finn-b-I9_IHD",ukb-b-7212,finn-b-I9_IHD,,rs76895963,0.0539241204664851,0.688569538264349,0.937578875461694
Leg fat mass (left) || id:ukb-b-7212,"Ischaemic heart disease, wide definition || id:finn-b-I9_IHD",ukb-b-7212,finn-b-I9_IHD,,rs7692662,-0.663323842069964,1.35121523384622,0.62349074696239
Leg fat mass (left) || id:ukb-b-7212,"Ischaemic heart disease, wide definition || id:finn-b-I9_IHD",ukb-b-7212,finn-b-I9_IHD,,rs77051371,-0.472520189499006,1.80416799626893,0.793394868265903
Leg fat mass (left) || id:ukb-b-7212,"Ischaemic heart disease, wide definition || id:finn-b-I9_IHD",ukb-b-7212,finn-b-I9_IHD,,rs7708584,-0.527506934163731,0.952915752037708,0.57987218409371
Leg fat mass (left) || id:ukb-b-7212,"Ischaemic heart disease, wide definition || id:finn-b-I9_IHD",ukb-b-7212,finn-b-I9_IHD,,rs77149883,1.75940956433188,1.41156068198546,0.212607097348186
Leg fat mass (left) || id:ukb-b-7212,"Ischaemic heart disease, wide definition || id:finn-b-I9_IHD",ukb-b-7212,finn-b-I9_IHD,,rs7761673,0.299686210908578,1.35740224940944,0.825264343778052
Leg fat mass (left) || id:ukb-b-7212,"Ischaemic heart disease, wide definition || id:finn-b-I9_IHD",ukb-b-7212,finn-b-I9_IHD,,rs7774,1.39161682975594,0.995270264319121,0.162043984108907
Leg fat mass (left) || id:ukb-b-7212,"Ischaemic heart disease, wide definition || id:finn-b-I9_IHD",ukb-b-7212,finn-b-I9_IHD,,rs7782529,-0.762452045779226,1.20387165123036,0.526515990078957
Leg fat mass (left) || id:ukb-b-7212,"Ischaemic heart disease, wide definition || id:finn-b-I9_IHD",ukb-b-7212,finn-b-I9_IHD,,rs77952793,1.27766579113473,1.37438152831226,0.352562880883785
Leg fat mass (left) || id:ukb-b-7212,"Ischaemic heart disease, wide definition || id:finn-b-I9_IHD",ukb-b-7212,finn-b-I9_IHD,,rs77978620,1.69542025856664,1.21388077684357,0.162505544608947
Leg fat mass (left) || id:ukb-b-7212,"Ischaemic heart disease, wide definition || id:finn-b-I9_IHD",ukb-b-7212,finn-b-I9_IHD,,rs7828631,-0.967460620264893,1.58063988662997,0.54049212953513
Leg fat mass (left) || id:ukb-b-7212,"Ischaemic heart disease, wide definition || id:finn-b-I9_IHD",ukb-b-7212,finn-b-I9_IHD,,rs7837172,0.976224289854938,1.3946061283642,0.483927304446146
Leg fat mass (left) || id:ukb-b-7212,"Ischaemic heart disease, wide definition || id:finn-b-I9_IHD",ukb-b-7212,finn-b-I9_IHD,,rs784257,-2.21496447370707,1.27686187307819,0.0827950413183351
Leg fat mass (left) || id:ukb-b-7212,"Ischaemic heart disease, wide definition || id:finn-b-I9_IHD",ukb-b-7212,finn-b-I9_IHD,,rs7851623,1.39720224223016,1.31895891666527,0.28945314355759
Leg fat mass (left) || id:ukb-b-7212,"Ischaemic heart disease, wide definition || id:finn-b-I9_IHD",ukb-b-7212,finn-b-I9_IHD,,rs7852500,-0.109074911437232,1.35737667566333,0.935953211674779
Leg fat mass (left) || id:ukb-b-7212,"Ischaemic heart disease, wide definition || id:finn-b-I9_IHD",ukb-b-7212,finn-b-I9_IHD,,rs785510,-0.0323266108350179,1.34694211812575,0.980852608707939
Leg fat mass (left) || id:ukb-b-7212,"Ischaemic heart disease, wide definition || id:finn-b-I9_IHD",ukb-b-7212,finn-b-I9_IHD,,rs78565420,-1.15494933972214,1.37925768256074,0.402384487209222
Leg fat mass (left) || id:ukb-b-7212,"Ischaemic heart disease, wide definition || id:finn-b-I9_IHD",ukb-b-7212,finn-b-I9_IHD,,rs7865801,2.16236714224541,1.23563836699738,0.0801183137276341
Leg fat mass (left) || id:ukb-b-7212,"Ischaemic heart disease, wide definition || id:finn-b-I9_IHD",ukb-b-7212,finn-b-I9_IHD,,rs78719460,-1.3231402528668,1.15774772125845,0.253097908947116
Leg fat mass (left) || id:ukb-b-7212,"Ischaemic heart disease, wide definition || id:finn-b-I9_IHD",ukb-b-7212,finn-b-I9_IHD,,rs7893571,-0.674159221047422,1.02403932311001,0.510323963325732
Leg fat mass (left) || id:ukb-b-7212,"Ischaemic heart disease, wide definition || id:finn-b-I9_IHD",ukb-b-7212,finn-b-I9_IHD,,rs7916385,0.0166282369634622,0.89792479602696,0.98522520445701
Leg fat mass (left) || id:ukb-b-7212,"Ischaemic heart disease, wide definition || id:finn-b-I9_IHD",ukb-b-7212,finn-b-I9_IHD,,rs7918733,-0.922554541544308,1.37784119841033,0.503134993284269
Leg fat mass (left) || id:ukb-b-7212,"Ischaemic heart disease, wide definition || id:finn-b-I9_IHD",ukb-b-7212,finn-b-I9_IHD,,rs79197301,2.41545893719807,1.72931240307483,0.162481484976533
Leg fat mass (left) || id:ukb-b-7212,"Ischaemic heart disease, wide definition || id:finn-b-I9_IHD",ukb-b-7212,finn-b-I9_IHD,,rs79207593,2.91773185221094,1.68295504955114,0.0829720983810866
Leg fat mass (left) || id:ukb-b-7212,"Ischaemic heart disease, wide definition || id:finn-b-I9_IHD",ukb-b-7212,finn-b-I9_IHD,,rs7938352,0.248212867355044,0.836831952797004,0.766764145969543
Leg fat mass (left) || id:ukb-b-7212,"Ischaemic heart disease, wide definition || id:finn-b-I9_IHD",ukb-b-7212,finn-b-I9_IHD,,rs7944782,0.595019338128489,0.971281566650916,0.540132516578263
Leg fat mass (left) || id:ukb-b-7212,"Ischaemic heart disease, wide definition || id:finn-b-I9_IHD",ukb-b-7212,finn-b-I9_IHD,,rs79518326,-0.923203658727115,1.35781953498942,0.496557448675372
Leg fat mass (left) || id:ukb-b-7212,"Ischaemic heart disease, wide definition || id:finn-b-I9_IHD",ukb-b-7212,finn-b-I9_IHD,,rs79847714,2.12330268019737,0.989867085785962,0.0319497954352332
Leg fat mass (left) || id:ukb-b-7212,"Ischaemic heart disease, wide definition || id:finn-b-I9_IHD",ukb-b-7212,finn-b-I9_IHD,,rs8020365,-1.00081598059679,0.581555231968407,0.0852634847545577
Leg fat mass (left) || id:ukb-b-7212,"Ischaemic heart disease, wide definition || id:finn-b-I9_IHD",ukb-b-7212,finn-b-I9_IHD,,rs8078135,2.31817141112722,1.04937800503701,0.0271683183222835
Leg fat mass (left) || id:ukb-b-7212,"Ischaemic heart disease, wide definition || id:finn-b-I9_IHD",ukb-b-7212,finn-b-I9_IHD,,rs8093356,-1.05134861045208,1.22812404052809,0.391964257188402
Leg fat mass (left) || id:ukb-b-7212,"Ischaemic heart disease, wide definition || id:finn-b-I9_IHD",ukb-b-7212,finn-b-I9_IHD,,rs8132491,-0.465962740564255,1.03742647899211,0.653321619681912
Leg fat mass (left) || id:ukb-b-7212,"Ischaemic heart disease, wide definition || id:finn-b-I9_IHD",ukb-b-7212,finn-b-I9_IHD,,rs815163,-0.334514139655365,0.943501419540772,0.722930145576965
Leg fat mass (left) || id:ukb-b-7212,"Ischaemic heart disease, wide definition || id:finn-b-I9_IHD",ukb-b-7212,finn-b-I9_IHD,,rs845081,0.84375993296154,1.30609414280348,0.518267893154816
Leg fat mass (left) || id:ukb-b-7212,"Ischaemic heart disease, wide definition || id:finn-b-I9_IHD",ukb-b-7212,finn-b-I9_IHD,,rs852042,-0.149773627859606,1.3907551158392,0.914239771597741
Leg fat mass (left) || id:ukb-b-7212,"Ischaemic heart disease, wide definition || id:finn-b-I9_IHD",ukb-b-7212,finn-b-I9_IHD,,rs862320,0.929091192782876,0.787245209151903,0.237928560143048
Leg fat mass (left) || id:ukb-b-7212,"Ischaemic heart disease, wide definition || id:finn-b-I9_IHD",ukb-b-7212,finn-b-I9_IHD,,rs879620,-0.602669409851567,0.581887706063582,0.300335455676674
Leg fat mass (left) || id:ukb-b-7212,"Ischaemic heart disease, wide definition || id:finn-b-I9_IHD",ukb-b-7212,finn-b-I9_IHD,,rs885325,0.238134669485315,1.3422135916445,0.859179005514314
Leg fat mass (left) || id:ukb-b-7212,"Ischaemic heart disease, wide definition || id:finn-b-I9_IHD",ukb-b-7212,finn-b-I9_IHD,,rs898979,-0.896868950574529,1.23430479336495,0.467459566429573
Leg fat mass (left) || id:ukb-b-7212,"Ischaemic heart disease, wide definition || id:finn-b-I9_IHD",ukb-b-7212,finn-b-I9_IHD,,rs9289970,0.927072992640845,1.22242368056182,0.448217984451274
Leg fat mass (left) || id:ukb-b-7212,"Ischaemic heart disease, wide definition || id:finn-b-I9_IHD",ukb-b-7212,finn-b-I9_IHD,,rs9294260,-1.23289154719559,0.916338312104829,0.178478490745752
Leg fat mass (left) || id:ukb-b-7212,"Ischaemic heart disease, wide definition || id:finn-b-I9_IHD",ukb-b-7212,finn-b-I9_IHD,,rs9309184,2.14720363863238,1.4989912194226,0.152020102288261
Leg fat mass (left) || id:ukb-b-7212,"Ischaemic heart disease, wide definition || id:finn-b-I9_IHD",ukb-b-7212,finn-b-I9_IHD,,rs934224,0.54022049639781,1.29652919135474,0.676922239021379
Leg fat mass (left) || id:ukb-b-7212,"Ischaemic heart disease, wide definition || id:finn-b-I9_IHD",ukb-b-7212,finn-b-I9_IHD,,rs9375617,1.89547162298964,1.50367022605882,0.207466199256938
Leg fat mass (left) || id:ukb-b-7212,"Ischaemic heart disease, wide definition || id:finn-b-I9_IHD",ukb-b-7212,finn-b-I9_IHD,,rs9387013,1.37940607459203,1.05841220817754,0.192479634137958
Leg fat mass (left) || id:ukb-b-7212,"Ischaemic heart disease, wide definition || id:finn-b-I9_IHD",ukb-b-7212,finn-b-I9_IHD,,rs9389857,0.794539882447578,1.55453455261483,0.609273256070766
Leg fat mass (left) || id:ukb-b-7212,"Ischaemic heart disease, wide definition || id:finn-b-I9_IHD",ukb-b-7212,finn-b-I9_IHD,,rs9395885,0.606355503986226,1.35494254594453,0.654504117414342
Leg fat mass (left) || id:ukb-b-7212,"Ischaemic heart disease, wide definition || id:finn-b-I9_IHD",ukb-b-7212,finn-b-I9_IHD,,rs9421249,-0.53859731090692,0.869542646524425,0.535650915143729
Leg fat mass (left) || id:ukb-b-7212,"Ischaemic heart disease, wide definition || id:finn-b-I9_IHD",ukb-b-7212,finn-b-I9_IHD,,rs9449357,-0.883164998404783,1.291628810167,0.494126296996436
Leg fat mass (left) || id:ukb-b-7212,"Ischaemic heart disease, wide definition || id:finn-b-I9_IHD",ukb-b-7212,finn-b-I9_IHD,,rs9449999,0.133411453150901,1.24517356274174,0.914675647748153
Leg fat mass (left) || id:ukb-b-7212,"Ischaemic heart disease, wide definition || id:finn-b-I9_IHD",ukb-b-7212,finn-b-I9_IHD,,rs9480184,2.34058489088619,1.22561536104586,0.0561689881775929
Leg fat mass (left) || id:ukb-b-7212,"Ischaemic heart disease, wide definition || id:finn-b-I9_IHD",ukb-b-7212,finn-b-I9_IHD,,rs9522183,0.466387906079125,0.892569958185912,0.601306569127729
Leg fat mass (left) || id:ukb-b-7212,"Ischaemic heart disease, wide definition || id:finn-b-I9_IHD",ukb-b-7212,finn-b-I9_IHD,,rs9522279,-0.641931971462467,0.893829327352803,0.472645187126825
Leg fat mass (left) || id:ukb-b-7212,"Ischaemic heart disease, wide definition || id:finn-b-I9_IHD",ukb-b-7212,finn-b-I9_IHD,,rs9532583,-0.653880195136533,1.36614255055311,0.632200108603787
Leg fat mass (left) || id:ukb-b-7212,"Ischaemic heart disease, wide definition || id:finn-b-I9_IHD",ukb-b-7212,finn-b-I9_IHD,,rs9571687,-1.73668201249589,1.35646169023348,0.200438582376598
Leg fat mass (left) || id:ukb-b-7212,"Ischaemic heart disease, wide definition || id:finn-b-I9_IHD",ukb-b-7212,finn-b-I9_IHD,,rs959930,-1.56860324880876,1.41431440466364,0.267390966262006
Leg fat mass (left) || id:ukb-b-7212,"Ischaemic heart disease, wide definition || id:finn-b-I9_IHD",ukb-b-7212,finn-b-I9_IHD,,rs9610311,0.677267727209668,1.26714607026325,0.593007574981209
Leg fat mass (left) || id:ukb-b-7212,"Ischaemic heart disease, wide definition || id:finn-b-I9_IHD",ukb-b-7212,finn-b-I9_IHD,,rs9615937,0.448161549057213,1.39061892428047,0.747244460496307
Leg fat mass (left) || id:ukb-b-7212,"Ischaemic heart disease, wide definition || id:finn-b-I9_IHD",ukb-b-7212,finn-b-I9_IHD,,rs961770,-0.312591764627874,1.29772944709148,0.809651291653334
Leg fat mass (left) || id:ukb-b-7212,"Ischaemic heart disease, wide definition || id:finn-b-I9_IHD",ukb-b-7212,finn-b-I9_IHD,,rs9654453,1.70413683124355,1.50089115412276,0.256200779726706
Leg fat mass (left) || id:ukb-b-7212,"Ischaemic heart disease, wide definition || id:finn-b-I9_IHD",ukb-b-7212,finn-b-I9_IHD,,rs9783304,1.42328015644875,0.666812356761421,0.0328056531563287
Leg fat mass (left) || id:ukb-b-7212,"Ischaemic heart disease, wide definition || id:finn-b-I9_IHD",ukb-b-7212,finn-b-I9_IHD,,rs9784934,0.382817661478047,1.43247899133721,0.789283318224063
Leg fat mass (left) || id:ukb-b-7212,"Ischaemic heart disease, wide definition || id:finn-b-I9_IHD",ukb-b-7212,finn-b-I9_IHD,,rs9788550,0.70291851768543,0.652308384412079,0.281218460358592
Leg fat mass (left) || id:ukb-b-7212,"Ischaemic heart disease, wide definition || id:finn-b-I9_IHD",ukb-b-7212,finn-b-I9_IHD,,rs979724,-0.0247976819126948,1.56225396049977,0.987335697504501
Leg fat mass (left) || id:ukb-b-7212,"Ischaemic heart disease, wide definition || id:finn-b-I9_IHD",ukb-b-7212,finn-b-I9_IHD,,rs9800418,1.19818798800053,1.38506134392722,0.386995229615113
Leg fat mass (left) || id:ukb-b-7212,"Ischaemic heart disease, wide definition || id:finn-b-I9_IHD",ukb-b-7212,finn-b-I9_IHD,,rs9833368,-2.38530329737859,1.29372382230703,0.0652195825478357
Leg fat mass (left) || id:ukb-b-7212,"Ischaemic heart disease, wide definition || id:finn-b-I9_IHD",ukb-b-7212,finn-b-I9_IHD,,rs9839081,-0.331759601888478,1.02930543150015,0.747214790578474
Leg fat mass (left) || id:ukb-b-7212,"Ischaemic heart disease, wide definition || id:finn-b-I9_IHD",ukb-b-7212,finn-b-I9_IHD,,rs9843653,0.09131336005771,0.515920484326062,0.859515340764875
Leg fat mass (left) || id:ukb-b-7212,"Ischaemic heart disease, wide definition || id:finn-b-I9_IHD",ukb-b-7212,finn-b-I9_IHD,,rs9893691,2.79607209467689,1.27760597584487,0.0286314120748814
Leg fat mass (left) || id:ukb-b-7212,"Ischaemic heart disease, wide definition || id:finn-b-I9_IHD",ukb-b-7212,finn-b-I9_IHD,,rs9917946,0.451029691188607,1.14196879258392,0.692873896868975
Leg fat mass (left) || id:ukb-b-7212,"Ischaemic heart disease, wide definition || id:finn-b-I9_IHD",ukb-b-7212,finn-b-I9_IHD,,rs9926784,-1.11037254131794,1.1028189866151,0.314007191916001
Leg fat mass (left) || id:ukb-b-7212,"Ischaemic heart disease, wide definition || id:finn-b-I9_IHD",ukb-b-7212,finn-b-I9_IHD,,rs9927993,1.32638604407123,1.61983428391,0.412877375190356
Leg fat mass (left) || id:ukb-b-7212,"Ischaemic heart disease, wide definition || id:finn-b-I9_IHD",ukb-b-7212,finn-b-I9_IHD,,rs9955276,1.50095156019965,1.04133002980358,0.149477552092042
Leg fat mass (left) || id:ukb-b-7212,"Ischaemic heart disease, wide definition || id:finn-b-I9_IHD",ukb-b-7212,finn-b-I9_IHD,,rs9968060,2.06306526521633,1.13419701784405,0.0689166910672387
Leg fat mass (left) || id:ukb-b-7212,"Ischaemic heart disease, wide definition || id:finn-b-I9_IHD",ukb-b-7212,finn-b-I9_IHD,,rs9998491,-0.0395056526004596,1.5275519005511,0.979367354500133
Leg fat mass (left) || id:ukb-b-7212,"Ischaemic heart disease, wide definition || id:finn-b-I9_IHD",ukb-b-7212,finn-b-I9_IHD,,All - Inverse variance weighted,0.251905037572157,0.0483669652454087,1.90676891850927e-07
Leg fat mass (left) || id:ukb-b-7212,"Ischaemic heart disease, wide definition || id:finn-b-I9_IHD",ukb-b-7212,finn-b-I9_IHD,,All - MR Egger,0.296667937725228,0.129840611723704,0.0226650320369965
