exposure,outcome,id.exposure,id.outcome,samplesize,SNP,b,se,p
Leg fat mass (left) || id:ukb-b-7212,Depression || id:finn-b-F5_DEPRESSIO,ukb-b-7212,finn-b-F5_DEPRESSIO,,rs10050620,-1.05786845609185,1.15958657686991,0.36162097055701
Leg fat mass (left) || id:ukb-b-7212,Depression || id:finn-b-F5_DEPRESSIO,ukb-b-7212,finn-b-F5_DEPRESSIO,,rs1005551,-1.02621513200858,0.878502347855832,0.242749655409214
Leg fat mass (left) || id:ukb-b-7212,Depression || id:finn-b-F5_DEPRESSIO,ukb-b-7212,finn-b-F5_DEPRESSIO,,rs10070916,-0.944248850039793,1.36967965060717,0.490575396308303
Leg fat mass (left) || id:ukb-b-7212,Depression || id:finn-b-F5_DEPRESSIO,ukb-b-7212,finn-b-F5_DEPRESSIO,,rs10100245,-0.19734764761604,0.71702978633828,0.783140033354128
Leg fat mass (left) || id:ukb-b-7212,Depression || id:finn-b-F5_DEPRESSIO,ukb-b-7212,finn-b-F5_DEPRESSIO,,rs10132514,-0.187121468861948,1.38261974214662,0.892344368348743
Leg fat mass (left) || id:ukb-b-7212,Depression || id:finn-b-F5_DEPRESSIO,ukb-b-7212,finn-b-F5_DEPRESSIO,,rs1013402,-0.148431503102218,0.487703510193003,0.760862912213716
Leg fat mass (left) || id:ukb-b-7212,Depression || id:finn-b-F5_DEPRESSIO,ukb-b-7212,finn-b-F5_DEPRESSIO,,rs10141106,1.42139836268446,1.29730802943423,0.273231019897604
Leg fat mass (left) || id:ukb-b-7212,Depression || id:finn-b-F5_DEPRESSIO,ukb-b-7212,finn-b-F5_DEPRESSIO,,rs10160769,0.95818410158612,1.25587236615657,0.445485484350972
Leg fat mass (left) || id:ukb-b-7212,Depression || id:finn-b-F5_DEPRESSIO,ukb-b-7212,finn-b-F5_DEPRESSIO,,rs10172070,3.16078244274809,1.50797437295529,0.0360781817100648
Leg fat mass (left) || id:ukb-b-7212,Depression || id:finn-b-F5_DEPRESSIO,ukb-b-7212,finn-b-F5_DEPRESSIO,,rs10184537,-1.18676389946064,0.900303647866689,0.187442790475691
Leg fat mass (left) || id:ukb-b-7212,Depression || id:finn-b-F5_DEPRESSIO,ukb-b-7212,finn-b-F5_DEPRESSIO,,rs10209821,-0.295907099605217,0.844417820824643,0.726018003397438
Leg fat mass (left) || id:ukb-b-7212,Depression || id:finn-b-F5_DEPRESSIO,ukb-b-7212,finn-b-F5_DEPRESSIO,,rs10213345,-2.27150750154218,1.34731572395394,0.0918053506534571
Leg fat mass (left) || id:ukb-b-7212,Depression || id:finn-b-F5_DEPRESSIO,ukb-b-7212,finn-b-F5_DEPRESSIO,,rs1023229,1.83897961938183,1.72088001079768,0.28523757399444
Leg fat mass (left) || id:ukb-b-7212,Depression || id:finn-b-F5_DEPRESSIO,ukb-b-7212,finn-b-F5_DEPRESSIO,,rs10236214,-1.48338607594937,1.17681962025316,0.207487533126618
Leg fat mass (left) || id:ukb-b-7212,Depression || id:finn-b-F5_DEPRESSIO,ukb-b-7212,finn-b-F5_DEPRESSIO,,rs10248136,1.43383908024002,1.30240383121802,0.270932594813768
Leg fat mass (left) || id:ukb-b-7212,Depression || id:finn-b-F5_DEPRESSIO,ukb-b-7212,finn-b-F5_DEPRESSIO,,rs10248298,0.175649904647195,0.936799491451705,0.851268623688206
Leg fat mass (left) || id:ukb-b-7212,Depression || id:finn-b-F5_DEPRESSIO,ukb-b-7212,finn-b-F5_DEPRESSIO,,rs1025065,-0.39714016149651,1.2772886275158,0.755858117682332
Leg fat mass (left) || id:ukb-b-7212,Depression || id:finn-b-F5_DEPRESSIO,ukb-b-7212,finn-b-F5_DEPRESSIO,,rs1031881,-2.53106493123531,1.62184743166534,0.118616727917762
Leg fat mass (left) || id:ukb-b-7212,Depression || id:finn-b-F5_DEPRESSIO,ukb-b-7212,finn-b-F5_DEPRESSIO,,rs10404726,1.22394971882236,0.721137942441284,0.0896498392318495
Leg fat mass (left) || id:ukb-b-7212,Depression || id:finn-b-F5_DEPRESSIO,ukb-b-7212,finn-b-F5_DEPRESSIO,,rs10405382,0.674437892472726,1.20305137576216,0.575066119031548
Leg fat mass (left) || id:ukb-b-7212,Depression || id:finn-b-F5_DEPRESSIO,ukb-b-7212,finn-b-F5_DEPRESSIO,,rs10423928,0.250241710743332,0.473942633983583,0.59749933594523
Leg fat mass (left) || id:ukb-b-7212,Depression || id:finn-b-F5_DEPRESSIO,ukb-b-7212,finn-b-F5_DEPRESSIO,,rs10457469,-0.352171233479745,1.06629623470256,0.7411920078901
Leg fat mass (left) || id:ukb-b-7212,Depression || id:finn-b-F5_DEPRESSIO,ukb-b-7212,finn-b-F5_DEPRESSIO,,rs10499014,0.299916339126454,0.978674369781061,0.759260815924473
Leg fat mass (left) || id:ukb-b-7212,Depression || id:finn-b-F5_DEPRESSIO,ukb-b-7212,finn-b-F5_DEPRESSIO,,rs10505836,0.0889312370970303,1.02270922661585,0.930706071768414
Leg fat mass (left) || id:ukb-b-7212,Depression || id:finn-b-F5_DEPRESSIO,ukb-b-7212,finn-b-F5_DEPRESSIO,,rs1056441,-0.119331742243437,1.0654619843164,0.910823406571469
Leg fat mass (left) || id:ukb-b-7212,Depression || id:finn-b-F5_DEPRESSIO,ukb-b-7212,finn-b-F5_DEPRESSIO,,rs1057042,1.94270912692366,1.06658540301691,0.0685417353279968
Leg fat mass (left) || id:ukb-b-7212,Depression || id:finn-b-F5_DEPRESSIO,ukb-b-7212,finn-b-F5_DEPRESSIO,,rs1062557,0.655535057078374,1.06758566438478,0.539192141149036
Leg fat mass (left) || id:ukb-b-7212,Depression || id:finn-b-F5_DEPRESSIO,ukb-b-7212,finn-b-F5_DEPRESSIO,,rs1065634,0.497300369423132,1.45045941081747,0.731705934672859
Leg fat mass (left) || id:ukb-b-7212,Depression || id:finn-b-F5_DEPRESSIO,ukb-b-7212,finn-b-F5_DEPRESSIO,,rs10733682,-0.888554200140169,1.22176202519273,0.467058901715174
Leg fat mass (left) || id:ukb-b-7212,Depression || id:finn-b-F5_DEPRESSIO,ukb-b-7212,finn-b-F5_DEPRESSIO,,rs10756798,-1.38417717467836,0.92011777507521,0.132491830657287
Leg fat mass (left) || id:ukb-b-7212,Depression || id:finn-b-F5_DEPRESSIO,ukb-b-7212,finn-b-F5_DEPRESSIO,,rs10760277,0.797014477533568,1.05018378216188,0.447895286443826
Leg fat mass (left) || id:ukb-b-7212,Depression || id:finn-b-F5_DEPRESSIO,ukb-b-7212,finn-b-F5_DEPRESSIO,,rs10766451,0.943728968666292,1.04858774296255,0.368120250693519
Leg fat mass (left) || id:ukb-b-7212,Depression || id:finn-b-F5_DEPRESSIO,ukb-b-7212,finn-b-F5_DEPRESSIO,,rs10770992,-0.572277578380433,1.53327200245324,0.708970247218479
Leg fat mass (left) || id:ukb-b-7212,Depression || id:finn-b-F5_DEPRESSIO,ukb-b-7212,finn-b-F5_DEPRESSIO,,rs10771041,2.0413824498012,1.08115028700272,0.0590047564886982
Leg fat mass (left) || id:ukb-b-7212,Depression || id:finn-b-F5_DEPRESSIO,ukb-b-7212,finn-b-F5_DEPRESSIO,,rs10774830,1.94915118471011,1.48188891440289,0.188403953040625
Leg fat mass (left) || id:ukb-b-7212,Depression || id:finn-b-F5_DEPRESSIO,ukb-b-7212,finn-b-F5_DEPRESSIO,,rs10779795,1.72133416372569,1.04664037090859,0.100046528532785
Leg fat mass (left) || id:ukb-b-7212,Depression || id:finn-b-F5_DEPRESSIO,ukb-b-7212,finn-b-F5_DEPRESSIO,,rs10793974,3.51788710288467,1.3643087802854,0.00992267393349493
Leg fat mass (left) || id:ukb-b-7212,Depression || id:finn-b-F5_DEPRESSIO,ukb-b-7212,finn-b-F5_DEPRESSIO,,rs10795776,-2.16023429118218,1.20335198770551,0.0726249107795155
Leg fat mass (left) || id:ukb-b-7212,Depression || id:finn-b-F5_DEPRESSIO,ukb-b-7212,finn-b-F5_DEPRESSIO,,rs10798945,0.0777727657550958,1.43324096891534,0.956725176971349
Leg fat mass (left) || id:ukb-b-7212,Depression || id:finn-b-F5_DEPRESSIO,ukb-b-7212,finn-b-F5_DEPRESSIO,,rs10820852,-0.653708707399983,1.17667567331997,0.578514721507944
Leg fat mass (left) || id:ukb-b-7212,Depression || id:finn-b-F5_DEPRESSIO,ukb-b-7212,finn-b-F5_DEPRESSIO,,rs10822118,1.35318342784341,1.39148107202766,0.330813269744927
Leg fat mass (left) || id:ukb-b-7212,Depression || id:finn-b-F5_DEPRESSIO,ukb-b-7212,finn-b-F5_DEPRESSIO,,rs10837017,1.57969700893435,1.45021364754629,0.276027910507894
Leg fat mass (left) || id:ukb-b-7212,Depression || id:finn-b-F5_DEPRESSIO,ukb-b-7212,finn-b-F5_DEPRESSIO,,rs10846458,-0.161767634947067,1.22336773928719,0.8948012616508
Leg fat mass (left) || id:ukb-b-7212,Depression || id:finn-b-F5_DEPRESSIO,ukb-b-7212,finn-b-F5_DEPRESSIO,,rs10862431,2.10014080736812,1.42548417494935,0.140674892867272
Leg fat mass (left) || id:ukb-b-7212,Depression || id:finn-b-F5_DEPRESSIO,ukb-b-7212,finn-b-F5_DEPRESSIO,,rs10865534,-0.174307129161583,1.47289524141537,0.905795732975526
Leg fat mass (left) || id:ukb-b-7212,Depression || id:finn-b-F5_DEPRESSIO,ukb-b-7212,finn-b-F5_DEPRESSIO,,rs10888691,0.00673364397877555,1.73728014652409,0.996907431926281
Leg fat mass (left) || id:ukb-b-7212,Depression || id:finn-b-F5_DEPRESSIO,ukb-b-7212,finn-b-F5_DEPRESSIO,,rs10896012,1.97594446958639,1.16644463849777,0.0902673598203725
Leg fat mass (left) || id:ukb-b-7212,Depression || id:finn-b-F5_DEPRESSIO,ukb-b-7212,finn-b-F5_DEPRESSIO,,rs10903791,-1.85321840402171,1.2392002581109,0.134785174628258
Leg fat mass (left) || id:ukb-b-7212,Depression || id:finn-b-F5_DEPRESSIO,ukb-b-7212,finn-b-F5_DEPRESSIO,,rs10915840,1.00856362202703,1.1827700658317,0.393818381027218
Leg fat mass (left) || id:ukb-b-7212,Depression || id:finn-b-F5_DEPRESSIO,ukb-b-7212,finn-b-F5_DEPRESSIO,,rs10929925,-0.201848217264672,1.2942032754029,0.876061947349221
Leg fat mass (left) || id:ukb-b-7212,Depression || id:finn-b-F5_DEPRESSIO,ukb-b-7212,finn-b-F5_DEPRESSIO,,rs10938398,-0.0974982827007024,0.483059673380753,0.840045826140374
Leg fat mass (left) || id:ukb-b-7212,Depression || id:finn-b-F5_DEPRESSIO,ukb-b-7212,finn-b-F5_DEPRESSIO,,rs10947793,1.34445806477124,0.885760607378702,0.12905041599471
Leg fat mass (left) || id:ukb-b-7212,Depression || id:finn-b-F5_DEPRESSIO,ukb-b-7212,finn-b-F5_DEPRESSIO,,rs10950290,-0.424410829683133,0.936906925904275,0.650554896043923
Leg fat mass (left) || id:ukb-b-7212,Depression || id:finn-b-F5_DEPRESSIO,ukb-b-7212,finn-b-F5_DEPRESSIO,,rs10951992,-1.93983477809482,1.19207723793537,0.103679187530274
Leg fat mass (left) || id:ukb-b-7212,Depression || id:finn-b-F5_DEPRESSIO,ukb-b-7212,finn-b-F5_DEPRESSIO,,rs10954772,-0.163636904584809,0.922317098568921,0.859179005514314
Leg fat mass (left) || id:ukb-b-7212,Depression || id:finn-b-F5_DEPRESSIO,ukb-b-7212,finn-b-F5_DEPRESSIO,,rs10989067,-1.37592950428944,0.84209893158698,0.102273849647735
Leg fat mass (left) || id:ukb-b-7212,Depression || id:finn-b-F5_DEPRESSIO,ukb-b-7212,finn-b-F5_DEPRESSIO,,rs10992854,-0.443997654352015,0.955013822568485,0.641994275650089
Leg fat mass (left) || id:ukb-b-7212,Depression || id:finn-b-F5_DEPRESSIO,ukb-b-7212,finn-b-F5_DEPRESSIO,,rs11001259,-0.200196715033032,1.24470131520538,0.872220080860461
Leg fat mass (left) || id:ukb-b-7212,Depression || id:finn-b-F5_DEPRESSIO,ukb-b-7212,finn-b-F5_DEPRESSIO,,rs11004108,2.16713920781518,1.30252926480083,0.0961537826702195
Leg fat mass (left) || id:ukb-b-7212,Depression || id:finn-b-F5_DEPRESSIO,ukb-b-7212,finn-b-F5_DEPRESSIO,,rs11012732,0.140309219934702,0.63139148970616,0.824140895741885
Leg fat mass (left) || id:ukb-b-7212,Depression || id:finn-b-F5_DEPRESSIO,ukb-b-7212,finn-b-F5_DEPRESSIO,,rs11013304,0.839121719267167,1.96727425294858,0.669714200369353
Leg fat mass (left) || id:ukb-b-7212,Depression || id:finn-b-F5_DEPRESSIO,ukb-b-7212,finn-b-F5_DEPRESSIO,,rs1106761,-1.01950710443927,0.907120494501084,0.26105807961475
Leg fat mass (left) || id:ukb-b-7212,Depression || id:finn-b-F5_DEPRESSIO,ukb-b-7212,finn-b-F5_DEPRESSIO,,rs11071646,-0.433147668061295,0.747580790061347,0.562319883167976
Leg fat mass (left) || id:ukb-b-7212,Depression || id:finn-b-F5_DEPRESSIO,ukb-b-7212,finn-b-F5_DEPRESSIO,,rs11075263,-0.407790572945755,1.08153151955179,0.706137056836058
Leg fat mass (left) || id:ukb-b-7212,Depression || id:finn-b-F5_DEPRESSIO,ukb-b-7212,finn-b-F5_DEPRESSIO,,rs11084922,1.83623084691746,1.38346159699261,0.184418482119343
Leg fat mass (left) || id:ukb-b-7212,Depression || id:finn-b-F5_DEPRESSIO,ukb-b-7212,finn-b-F5_DEPRESSIO,,rs11099020,-1.1761570904814,1.02913745417122,0.253097908947116
Leg fat mass (left) || id:ukb-b-7212,Depression || id:finn-b-F5_DEPRESSIO,ukb-b-7212,finn-b-F5_DEPRESSIO,,rs11102121,0.0536680790316132,1.47587217336936,0.970992408969173
Leg fat mass (left) || id:ukb-b-7212,Depression || id:finn-b-F5_DEPRESSIO,ukb-b-7212,finn-b-F5_DEPRESSIO,,rs11105842,-1.67004764825211,1.06618861159598,0.117261628588774
Leg fat mass (left) || id:ukb-b-7212,Depression || id:finn-b-F5_DEPRESSIO,ukb-b-7212,finn-b-F5_DEPRESSIO,,rs11122449,0.42064625285981,1.36710032179438,0.75831647352629
Leg fat mass (left) || id:ukb-b-7212,Depression || id:finn-b-F5_DEPRESSIO,ukb-b-7212,finn-b-F5_DEPRESSIO,,rs11124548,-0.144087720604304,1.32080410553945,0.913130385349696
Leg fat mass (left) || id:ukb-b-7212,Depression || id:finn-b-F5_DEPRESSIO,ukb-b-7212,finn-b-F5_DEPRESSIO,,rs11129446,1.434034416826,1.38623326959847,0.300910532935171
Leg fat mass (left) || id:ukb-b-7212,Depression || id:finn-b-F5_DEPRESSIO,ukb-b-7212,finn-b-F5_DEPRESSIO,,rs11135450,-0.560905733319526,0.949225087156121,0.554581334468169
Leg fat mass (left) || id:ukb-b-7212,Depression || id:finn-b-F5_DEPRESSIO,ukb-b-7212,finn-b-F5_DEPRESSIO,,rs11137022,0.785509115422944,1.86411864704848,0.673474957877307
Leg fat mass (left) || id:ukb-b-7212,Depression || id:finn-b-F5_DEPRESSIO,ukb-b-7212,finn-b-F5_DEPRESSIO,,rs11150745,-0.74936696621201,0.737280402240849,0.30944206699512
Leg fat mass (left) || id:ukb-b-7212,Depression || id:finn-b-F5_DEPRESSIO,ukb-b-7212,finn-b-F5_DEPRESSIO,,rs11164968,0.782193828449741,1.42924422057047,0.584187799146724
Leg fat mass (left) || id:ukb-b-7212,Depression || id:finn-b-F5_DEPRESSIO,ukb-b-7212,finn-b-F5_DEPRESSIO,,rs11165643,0.214911033153187,0.701621314117759,0.759371438101513
Leg fat mass (left) || id:ukb-b-7212,Depression || id:finn-b-F5_DEPRESSIO,ukb-b-7212,finn-b-F5_DEPRESSIO,,rs112325820,0.475480517387275,1.29749768303985,0.714022133169725
Leg fat mass (left) || id:ukb-b-7212,Depression || id:finn-b-F5_DEPRESSIO,ukb-b-7212,finn-b-F5_DEPRESSIO,,rs11242730,0.220035557746132,1.03856783256174,0.832212819498206
Leg fat mass (left) || id:ukb-b-7212,Depression || id:finn-b-F5_DEPRESSIO,ukb-b-7212,finn-b-F5_DEPRESSIO,,rs11245344,-1.26069163482612,1.19604078175812,0.291858170073514
Leg fat mass (left) || id:ukb-b-7212,Depression || id:finn-b-F5_DEPRESSIO,ukb-b-7212,finn-b-F5_DEPRESSIO,,rs113079574,0.670507599086123,1.10923479354988,0.545526149436495
Leg fat mass (left) || id:ukb-b-7212,Depression || id:finn-b-F5_DEPRESSIO,ukb-b-7212,finn-b-F5_DEPRESSIO,,rs113132247,-0.472402259972412,0.869220158349238,0.586800554652582
Leg fat mass (left) || id:ukb-b-7212,Depression || id:finn-b-F5_DEPRESSIO,ukb-b-7212,finn-b-F5_DEPRESSIO,,rs113624107,-3.96166869706184,1.28538403246074,0.00205552988138453
Leg fat mass (left) || id:ukb-b-7212,Depression || id:finn-b-F5_DEPRESSIO,ukb-b-7212,finn-b-F5_DEPRESSIO,,rs113866544,-0.648943073862488,0.624120114752994,0.298445502688412
Leg fat mass (left) || id:ukb-b-7212,Depression || id:finn-b-F5_DEPRESSIO,ukb-b-7212,finn-b-F5_DEPRESSIO,,rs113963705,4.01192800086227,2.43709656171782,0.0997243086283468
Leg fat mass (left) || id:ukb-b-7212,Depression || id:finn-b-F5_DEPRESSIO,ukb-b-7212,finn-b-F5_DEPRESSIO,,rs114049355,3.51795005645742,1.804367932183,0.0512136114840215
Leg fat mass (left) || id:ukb-b-7212,Depression || id:finn-b-F5_DEPRESSIO,ukb-b-7212,finn-b-F5_DEPRESSIO,,rs115000305,-0.232970126434829,0.907612784235688,0.797422344144993
Leg fat mass (left) || id:ukb-b-7212,Depression || id:finn-b-F5_DEPRESSIO,ukb-b-7212,finn-b-F5_DEPRESSIO,,rs11525873,1.32772437525826,1.04321200913149,0.203114836343132
Leg fat mass (left) || id:ukb-b-7212,Depression || id:finn-b-F5_DEPRESSIO,ukb-b-7212,finn-b-F5_DEPRESSIO,,rs11533200,0.339161893277058,1.2341724449804,0.783462860060314
Leg fat mass (left) || id:ukb-b-7212,Depression || id:finn-b-F5_DEPRESSIO,ukb-b-7212,finn-b-F5_DEPRESSIO,,rs115494422,0.0696361511104479,1.86028003680768,0.970139637256746
Leg fat mass (left) || id:ukb-b-7212,Depression || id:finn-b-F5_DEPRESSIO,ukb-b-7212,finn-b-F5_DEPRESSIO,,rs115774037,-1.43689210356956,1.27903635134643,0.261260126824601
Leg fat mass (left) || id:ukb-b-7212,Depression || id:finn-b-F5_DEPRESSIO,ukb-b-7212,finn-b-F5_DEPRESSIO,,rs11603042,-0.256372379660636,1.4283604009664,0.857555183155439
Leg fat mass (left) || id:ukb-b-7212,Depression || id:finn-b-F5_DEPRESSIO,ukb-b-7212,finn-b-F5_DEPRESSIO,,rs11603984,0.965480756513689,0.892739055680466,0.279482993838086
Leg fat mass (left) || id:ukb-b-7212,Depression || id:finn-b-F5_DEPRESSIO,ukb-b-7212,finn-b-F5_DEPRESSIO,,rs11637960,-0.473126419379258,1.38783749684582,0.733172020793637
Leg fat mass (left) || id:ukb-b-7212,Depression || id:finn-b-F5_DEPRESSIO,ukb-b-7212,finn-b-F5_DEPRESSIO,,rs11656076,1.24266734891541,1.13302022989346,0.272740113942454
Leg fat mass (left) || id:ukb-b-7212,Depression || id:finn-b-F5_DEPRESSIO,ukb-b-7212,finn-b-F5_DEPRESSIO,,rs11656758,-2.05864818540875,1.10850286906625,0.0632908322333453
Leg fat mass (left) || id:ukb-b-7212,Depression || id:finn-b-F5_DEPRESSIO,ukb-b-7212,finn-b-F5_DEPRESSIO,,rs11664848,-0.31380884438847,1.17155301905029,0.788809283599619
Leg fat mass (left) || id:ukb-b-7212,Depression || id:finn-b-F5_DEPRESSIO,ukb-b-7212,finn-b-F5_DEPRESSIO,,rs1167311,0.349874628258208,0.725665895646653,0.62970446671531
Leg fat mass (left) || id:ukb-b-7212,Depression || id:finn-b-F5_DEPRESSIO,ukb-b-7212,finn-b-F5_DEPRESSIO,,rs11691869,1.36165747443769,0.712059413238059,0.0558401997373788
Leg fat mass (left) || id:ukb-b-7212,Depression || id:finn-b-F5_DEPRESSIO,ukb-b-7212,finn-b-F5_DEPRESSIO,,rs117176448,-1.46686503275651,1.04403205178399,0.160021278272067
Leg fat mass (left) || id:ukb-b-7212,Depression || id:finn-b-F5_DEPRESSIO,ukb-b-7212,finn-b-F5_DEPRESSIO,,rs117342986,1.62809629026631,1.53628634908588,0.289253363527781
Leg fat mass (left) || id:ukb-b-7212,Depression || id:finn-b-F5_DEPRESSIO,ukb-b-7212,finn-b-F5_DEPRESSIO,,rs117435593,2.62444467291844,2.19154658254014,0.231099705009428
Leg fat mass (left) || id:ukb-b-7212,Depression || id:finn-b-F5_DEPRESSIO,ukb-b-7212,finn-b-F5_DEPRESSIO,,rs11757278,0.872648442092887,1.02880658436214,0.39631864272995
Leg fat mass (left) || id:ukb-b-7212,Depression || id:finn-b-F5_DEPRESSIO,ukb-b-7212,finn-b-F5_DEPRESSIO,,rs11773362,0.950997286793283,1.28327344723913,0.45865013221813
Leg fat mass (left) || id:ukb-b-7212,Depression || id:finn-b-F5_DEPRESSIO,ukb-b-7212,finn-b-F5_DEPRESSIO,,rs1182199,2.06052570281844,1.0123452366021,0.0418108192866213
Leg fat mass (left) || id:ukb-b-7212,Depression || id:finn-b-F5_DEPRESSIO,ukb-b-7212,finn-b-F5_DEPRESSIO,,rs11841757,0.307467300437102,1.08029051504928,0.775938823322683
Leg fat mass (left) || id:ukb-b-7212,Depression || id:finn-b-F5_DEPRESSIO,ukb-b-7212,finn-b-F5_DEPRESSIO,,rs11854132,0.0937881014162003,1.00822209022415,0.925885085858511
Leg fat mass (left) || id:ukb-b-7212,Depression || id:finn-b-F5_DEPRESSIO,ukb-b-7212,finn-b-F5_DEPRESSIO,,rs11914525,-0.607227971662695,0.718226633149424,0.397857101105797
Leg fat mass (left) || id:ukb-b-7212,Depression || id:finn-b-F5_DEPRESSIO,ukb-b-7212,finn-b-F5_DEPRESSIO,,rs11929078,-2.04463099686974,1.55655779116535,0.188994545355374
Leg fat mass (left) || id:ukb-b-7212,Depression || id:finn-b-F5_DEPRESSIO,ukb-b-7212,finn-b-F5_DEPRESSIO,,rs12031634,-0.0281133154032855,1.18075924693799,0.981004543302515
Leg fat mass (left) || id:ukb-b-7212,Depression || id:finn-b-F5_DEPRESSIO,ukb-b-7212,finn-b-F5_DEPRESSIO,,rs12042959,1.25901002054174,1.0970321231621,0.251112664141615
Leg fat mass (left) || id:ukb-b-7212,Depression || id:finn-b-F5_DEPRESSIO,ukb-b-7212,finn-b-F5_DEPRESSIO,,rs12053069,0.742199702677015,1.39577854533289,0.594901905674212
Leg fat mass (left) || id:ukb-b-7212,Depression || id:finn-b-F5_DEPRESSIO,ukb-b-7212,finn-b-F5_DEPRESSIO,,rs12071132,-3.15683742287272,1.50245203548488,0.0356301181216517
Leg fat mass (left) || id:ukb-b-7212,Depression || id:finn-b-F5_DEPRESSIO,ukb-b-7212,finn-b-F5_DEPRESSIO,,rs12072739,0.846017354586088,0.875964871562587,0.334138279832111
Leg fat mass (left) || id:ukb-b-7212,Depression || id:finn-b-F5_DEPRESSIO,ukb-b-7212,finn-b-F5_DEPRESSIO,,rs12089815,0.131281663496215,1.48348279750722,0.929482801004912
Leg fat mass (left) || id:ukb-b-7212,Depression || id:finn-b-F5_DEPRESSIO,ukb-b-7212,finn-b-F5_DEPRESSIO,,rs12139715,2.03222404198215,1.2519186081409,0.104527923819217
Leg fat mass (left) || id:ukb-b-7212,Depression || id:finn-b-F5_DEPRESSIO,ukb-b-7212,finn-b-F5_DEPRESSIO,,rs12140153,0.967055637934369,0.773644510347495,0.211299547333711
Leg fat mass (left) || id:ukb-b-7212,Depression || id:finn-b-F5_DEPRESSIO,ukb-b-7212,finn-b-F5_DEPRESSIO,,rs12144626,0.609221781765074,0.9346964322971,0.514539418678323
Leg fat mass (left) || id:ukb-b-7212,Depression || id:finn-b-F5_DEPRESSIO,ukb-b-7212,finn-b-F5_DEPRESSIO,,rs12195911,0.21206250060245,1.43624148135296,0.882618198691589
Leg fat mass (left) || id:ukb-b-7212,Depression || id:finn-b-F5_DEPRESSIO,ukb-b-7212,finn-b-F5_DEPRESSIO,,rs12259464,0.476094249733652,1.15320607157707,0.679720885225591
Leg fat mass (left) || id:ukb-b-7212,Depression || id:finn-b-F5_DEPRESSIO,ukb-b-7212,finn-b-F5_DEPRESSIO,,rs1229984,1.83552308016581,2.22780392983442,0.409987345279651
Leg fat mass (left) || id:ukb-b-7212,Depression || id:finn-b-F5_DEPRESSIO,ukb-b-7212,finn-b-F5_DEPRESSIO,,rs12302594,-1.32846965830653,1.40596372170775,0.344719178331812
Leg fat mass (left) || id:ukb-b-7212,Depression || id:finn-b-F5_DEPRESSIO,ukb-b-7212,finn-b-F5_DEPRESSIO,,rs12316080,0.931923874610557,1.08724452037898,0.391365938307552
Leg fat mass (left) || id:ukb-b-7212,Depression || id:finn-b-F5_DEPRESSIO,ukb-b-7212,finn-b-F5_DEPRESSIO,,rs12364470,-0.29776886046693,0.921665520492878,0.746636986614262
Leg fat mass (left) || id:ukb-b-7212,Depression || id:finn-b-F5_DEPRESSIO,ukb-b-7212,finn-b-F5_DEPRESSIO,,rs12369705,1.23638049609767,1.35229116760683,0.360566735097472
Leg fat mass (left) || id:ukb-b-7212,Depression || id:finn-b-F5_DEPRESSIO,ukb-b-7212,finn-b-F5_DEPRESSIO,,rs12427047,0.731577547220005,0.764831072093642,0.338808706669851
Leg fat mass (left) || id:ukb-b-7212,Depression || id:finn-b-F5_DEPRESSIO,ukb-b-7212,finn-b-F5_DEPRESSIO,,rs12439200,1.03515625,1.02213541666667,0.311184914199456
Leg fat mass (left) || id:ukb-b-7212,Depression || id:finn-b-F5_DEPRESSIO,ukb-b-7212,finn-b-F5_DEPRESSIO,,rs12458983,0.819539047943034,1.56949459181543,0.601553720850592
Leg fat mass (left) || id:ukb-b-7212,Depression || id:finn-b-F5_DEPRESSIO,ukb-b-7212,finn-b-F5_DEPRESSIO,,rs12475388,1.44648978540432,1.07991360691145,0.180424370631568
Leg fat mass (left) || id:ukb-b-7212,Depression || id:finn-b-F5_DEPRESSIO,ukb-b-7212,finn-b-F5_DEPRESSIO,,rs12477385,-0.0304201016031394,0.950628175098105,0.974472050898624
Leg fat mass (left) || id:ukb-b-7212,Depression || id:finn-b-F5_DEPRESSIO,ukb-b-7212,finn-b-F5_DEPRESSIO,,rs12479428,-0.614806636772239,1.51739510352297,0.685350780976885
Leg fat mass (left) || id:ukb-b-7212,Depression || id:finn-b-F5_DEPRESSIO,ukb-b-7212,finn-b-F5_DEPRESSIO,,rs12517187,-1.11385153950195,1.08401623040815,0.304174291153514
Leg fat mass (left) || id:ukb-b-7212,Depression || id:finn-b-F5_DEPRESSIO,ukb-b-7212,finn-b-F5_DEPRESSIO,,rs12531780,1.18463244190701,1.4836658738447,0.424609622483298
Leg fat mass (left) || id:ukb-b-7212,Depression || id:finn-b-F5_DEPRESSIO,ukb-b-7212,finn-b-F5_DEPRESSIO,,rs12540060,0.996065049951183,1.37082219745757,0.467459566429573
Leg fat mass (left) || id:ukb-b-7212,Depression || id:finn-b-F5_DEPRESSIO,ukb-b-7212,finn-b-F5_DEPRESSIO,,rs1263629,0.528417903073059,1.24898777089996,0.672239138726747
Leg fat mass (left) || id:ukb-b-7212,Depression || id:finn-b-F5_DEPRESSIO,ukb-b-7212,finn-b-F5_DEPRESSIO,,rs1266876,-0.36062368918034,1.03442058212256,0.727371717677557
Leg fat mass (left) || id:ukb-b-7212,Depression || id:finn-b-F5_DEPRESSIO,ukb-b-7212,finn-b-F5_DEPRESSIO,,rs12679106,0.978021679480562,0.668314814311717,0.143353956720821
Leg fat mass (left) || id:ukb-b-7212,Depression || id:finn-b-F5_DEPRESSIO,ukb-b-7212,finn-b-F5_DEPRESSIO,,rs12680342,-0.530875016853175,1.01961709586086,0.602602837787367
Leg fat mass (left) || id:ukb-b-7212,Depression || id:finn-b-F5_DEPRESSIO,ukb-b-7212,finn-b-F5_DEPRESSIO,,rs12681205,1.14699606273728,1.27191642600569,0.367170709962626
Leg fat mass (left) || id:ukb-b-7212,Depression || id:finn-b-F5_DEPRESSIO,ukb-b-7212,finn-b-F5_DEPRESSIO,,rs12681792,0.264926394616696,1.02438205918456,0.795927918181723
Leg fat mass (left) || id:ukb-b-7212,Depression || id:finn-b-F5_DEPRESSIO,ukb-b-7212,finn-b-F5_DEPRESSIO,,rs12705982,0.671987814620962,1.16264558402674,0.56327650721103
Leg fat mass (left) || id:ukb-b-7212,Depression || id:finn-b-F5_DEPRESSIO,ukb-b-7212,finn-b-F5_DEPRESSIO,,rs12784071,0.707797300552424,1.54117154152544,0.646048000366506
Leg fat mass (left) || id:ukb-b-7212,Depression || id:finn-b-F5_DEPRESSIO,ukb-b-7212,finn-b-F5_DEPRESSIO,,rs1286058,3.40059590308073,1.43783585163816,0.018026207480195
Leg fat mass (left) || id:ukb-b-7212,Depression || id:finn-b-F5_DEPRESSIO,ukb-b-7212,finn-b-F5_DEPRESSIO,,rs12877270,0.0586263838269349,1.06504597285598,0.956101918947228
Leg fat mass (left) || id:ukb-b-7212,Depression || id:finn-b-F5_DEPRESSIO,ukb-b-7212,finn-b-F5_DEPRESSIO,,rs12878084,-2.36423166359472,1.39987401133898,0.0912407249626504
Leg fat mass (left) || id:ukb-b-7212,Depression || id:finn-b-F5_DEPRESSIO,ukb-b-7212,finn-b-F5_DEPRESSIO,,rs12881629,0.0768923199950789,1.05086170659941,0.941670256652406
Leg fat mass (left) || id:ukb-b-7212,Depression || id:finn-b-F5_DEPRESSIO,ukb-b-7212,finn-b-F5_DEPRESSIO,,rs12885458,1.68231486525459,0.889223571634569,0.0585053863133038
Leg fat mass (left) || id:ukb-b-7212,Depression || id:finn-b-F5_DEPRESSIO,ukb-b-7212,finn-b-F5_DEPRESSIO,,rs12890931,0.0892434829946543,0.981678312941197,0.927564826606211
Leg fat mass (left) || id:ukb-b-7212,Depression || id:finn-b-F5_DEPRESSIO,ukb-b-7212,finn-b-F5_DEPRESSIO,,rs12921077,1.18408630297597,1.21580290037711,0.330099716797878
Leg fat mass (left) || id:ukb-b-7212,Depression || id:finn-b-F5_DEPRESSIO,ukb-b-7212,finn-b-F5_DEPRESSIO,,rs12926250,0.638578468799889,1.59644617199972,0.689156516779352
Leg fat mass (left) || id:ukb-b-7212,Depression || id:finn-b-F5_DEPRESSIO,ukb-b-7212,finn-b-F5_DEPRESSIO,,rs12960971,-0.201956283196564,1.06363642483524,0.849408323108071
Leg fat mass (left) || id:ukb-b-7212,Depression || id:finn-b-F5_DEPRESSIO,ukb-b-7212,finn-b-F5_DEPRESSIO,,rs1296328,1.76867986894372,0.790106990634695,0.0251863758725954
Leg fat mass (left) || id:ukb-b-7212,Depression || id:finn-b-F5_DEPRESSIO,ukb-b-7212,finn-b-F5_DEPRESSIO,,rs12986231,0.790554718207879,0.953098678960901,0.406845652954037
Leg fat mass (left) || id:ukb-b-7212,Depression || id:finn-b-F5_DEPRESSIO,ukb-b-7212,finn-b-F5_DEPRESSIO,,rs13033310,1.28607911223796,1.29628608931922,0.321136072513425
Leg fat mass (left) || id:ukb-b-7212,Depression || id:finn-b-F5_DEPRESSIO,ukb-b-7212,finn-b-F5_DEPRESSIO,,rs13041173,-1.11294393544925,1.12288093487291,0.321612125162779
Leg fat mass (left) || id:ukb-b-7212,Depression || id:finn-b-F5_DEPRESSIO,ukb-b-7212,finn-b-F5_DEPRESSIO,,rs13043475,1.39619111690681,0.691183721240997,0.0433833875352936
Leg fat mass (left) || id:ukb-b-7212,Depression || id:finn-b-F5_DEPRESSIO,ukb-b-7212,finn-b-F5_DEPRESSIO,,rs13044335,-1.59311327873893,1.11797423069398,0.154157201104144
Leg fat mass (left) || id:ukb-b-7212,Depression || id:finn-b-F5_DEPRESSIO,ukb-b-7212,finn-b-F5_DEPRESSIO,,rs13065044,-0.256567131776826,1.15455209299572,0.824140895741885
Leg fat mass (left) || id:ukb-b-7212,Depression || id:finn-b-F5_DEPRESSIO,ukb-b-7212,finn-b-F5_DEPRESSIO,,rs13097918,2.04203396667199,1.10084958697132,0.0636016771865962
Leg fat mass (left) || id:ukb-b-7212,Depression || id:finn-b-F5_DEPRESSIO,ukb-b-7212,finn-b-F5_DEPRESSIO,,rs13107325,0.489075074710434,1.56841317062312,0.755171276064599
Leg fat mass (left) || id:ukb-b-7212,Depression || id:finn-b-F5_DEPRESSIO,ukb-b-7212,finn-b-F5_DEPRESSIO,,rs13172524,-0.0356725827663374,1.36744900604294,0.979187980711226
Leg fat mass (left) || id:ukb-b-7212,Depression || id:finn-b-F5_DEPRESSIO,ukb-b-7212,finn-b-F5_DEPRESSIO,,rs13172600,0.369987152515083,1.40339954402273,0.792060135384089
Leg fat mass (left) || id:ukb-b-7212,Depression || id:finn-b-F5_DEPRESSIO,ukb-b-7212,finn-b-F5_DEPRESSIO,,rs13204214,0.394759035496015,1.31586345165338,0.764177155622095
Leg fat mass (left) || id:ukb-b-7212,Depression || id:finn-b-F5_DEPRESSIO,ukb-b-7212,finn-b-F5_DEPRESSIO,,rs13218383,0.923681846685762,0.974526718980391,0.343217997748845
Leg fat mass (left) || id:ukb-b-7212,Depression || id:finn-b-F5_DEPRESSIO,ukb-b-7212,finn-b-F5_DEPRESSIO,,rs1327259,0.461312241112531,1.05717388588288,0.662572917836399
Leg fat mass (left) || id:ukb-b-7212,Depression || id:finn-b-F5_DEPRESSIO,ukb-b-7212,finn-b-F5_DEPRESSIO,,rs13292699,-0.331497921114732,0.612428362737386,0.588311568766571
Leg fat mass (left) || id:ukb-b-7212,Depression || id:finn-b-F5_DEPRESSIO,ukb-b-7212,finn-b-F5_DEPRESSIO,,rs1330199,-0.863446013038035,1.20661045411725,0.474240640233065
Leg fat mass (left) || id:ukb-b-7212,Depression || id:finn-b-F5_DEPRESSIO,ukb-b-7212,finn-b-F5_DEPRESSIO,,rs13333747,1.01735980429055,0.835058336469703,0.223106244873431
Leg fat mass (left) || id:ukb-b-7212,Depression || id:finn-b-F5_DEPRESSIO,ukb-b-7212,finn-b-F5_DEPRESSIO,,rs13389219,0.899104456353375,1.01483077251767,0.37563643505875
Leg fat mass (left) || id:ukb-b-7212,Depression || id:finn-b-F5_DEPRESSIO,ukb-b-7212,finn-b-F5_DEPRESSIO,,rs13410783,-0.54634572757641,0.874153164122257,0.531971058097401
Leg fat mass (left) || id:ukb-b-7212,Depression || id:finn-b-F5_DEPRESSIO,ukb-b-7212,finn-b-F5_DEPRESSIO,,rs13427822,1.15513457317778,0.916406761387702,0.207487533126618
Leg fat mass (left) || id:ukb-b-7212,Depression || id:finn-b-F5_DEPRESSIO,ukb-b-7212,finn-b-F5_DEPRESSIO,,rs1360201,2.47688693502155,1.18934218465792,0.0372905449333584
Leg fat mass (left) || id:ukb-b-7212,Depression || id:finn-b-F5_DEPRESSIO,ukb-b-7212,finn-b-F5_DEPRESSIO,,rs1383723,0.413588796552786,1.26000307787011,0.742726974158001
Leg fat mass (left) || id:ukb-b-7212,Depression || id:finn-b-F5_DEPRESSIO,ukb-b-7212,finn-b-F5_DEPRESSIO,,rs140733155,1.55083311667282,0.78681974301783,0.0487222181300751
Leg fat mass (left) || id:ukb-b-7212,Depression || id:finn-b-F5_DEPRESSIO,ukb-b-7212,finn-b-F5_DEPRESSIO,,rs143121872,-2.4274091214451,1.7735313876241,0.171097176726964
Leg fat mass (left) || id:ukb-b-7212,Depression || id:finn-b-F5_DEPRESSIO,ukb-b-7212,finn-b-F5_DEPRESSIO,,rs1436348,2.21306892016413,0.889952982130059,0.012892477447214
Leg fat mass (left) || id:ukb-b-7212,Depression || id:finn-b-F5_DEPRESSIO,ukb-b-7212,finn-b-F5_DEPRESSIO,,rs1441264,1.49167762040497,0.856606950331566,0.0816171123803146
Leg fat mass (left) || id:ukb-b-7212,Depression || id:finn-b-F5_DEPRESSIO,ukb-b-7212,finn-b-F5_DEPRESSIO,,rs1446585,1.30928715701067,0.910114243287908,0.150264881073092
Leg fat mass (left) || id:ukb-b-7212,Depression || id:finn-b-F5_DEPRESSIO,ukb-b-7212,finn-b-F5_DEPRESSIO,,rs1452385,-1.63092338568912,1.46917891768689,0.266959494890767
Leg fat mass (left) || id:ukb-b-7212,Depression || id:finn-b-F5_DEPRESSIO,ukb-b-7212,finn-b-F5_DEPRESSIO,,rs1471093,0.133134265907167,1.03654535599152,0.897800487465792
Leg fat mass (left) || id:ukb-b-7212,Depression || id:finn-b-F5_DEPRESSIO,ukb-b-7212,finn-b-F5_DEPRESSIO,,rs1476365,0.183430494173216,1.2782812562696,0.885897081903368
Leg fat mass (left) || id:ukb-b-7212,Depression || id:finn-b-F5_DEPRESSIO,ukb-b-7212,finn-b-F5_DEPRESSIO,,rs1477290,0.155533089664826,0.649350649350649,0.810701647151288
Leg fat mass (left) || id:ukb-b-7212,Depression || id:finn-b-F5_DEPRESSIO,ukb-b-7212,finn-b-F5_DEPRESSIO,,rs147730268,-0.313803552636584,0.624437372418253,0.615289079218992
Leg fat mass (left) || id:ukb-b-7212,Depression || id:finn-b-F5_DEPRESSIO,ukb-b-7212,finn-b-F5_DEPRESSIO,,rs1480474,-1.71917059825983,1.29226246312148,0.183400628020287
Leg fat mass (left) || id:ukb-b-7212,Depression || id:finn-b-F5_DEPRESSIO,ukb-b-7212,finn-b-F5_DEPRESSIO,,rs1481012,-0.86038094107874,1.54275203227912,0.577054511307163
Leg fat mass (left) || id:ukb-b-7212,Depression || id:finn-b-F5_DEPRESSIO,ukb-b-7212,finn-b-F5_DEPRESSIO,,rs148259564,-1.09514294497387,1.23347679065478,0.374621191845558
Leg fat mass (left) || id:ukb-b-7212,Depression || id:finn-b-F5_DEPRESSIO,ukb-b-7212,finn-b-F5_DEPRESSIO,,rs148636479,-1.72815870792833,2.19392638943318,0.430871434626462
Leg fat mass (left) || id:ukb-b-7212,Depression || id:finn-b-F5_DEPRESSIO,ukb-b-7212,finn-b-F5_DEPRESSIO,,rs149990157,0.341569823858652,1.13339077916735,0.763132472499926
Leg fat mass (left) || id:ukb-b-7212,Depression || id:finn-b-F5_DEPRESSIO,ukb-b-7212,finn-b-F5_DEPRESSIO,,rs1502317,0.948421462907626,0.805508639729765,0.239028168411654
Leg fat mass (left) || id:ukb-b-7212,Depression || id:finn-b-F5_DEPRESSIO,ukb-b-7212,finn-b-F5_DEPRESSIO,,rs1503526,-1.40073643508383,0.931028408947938,0.132451514391136
Leg fat mass (left) || id:ukb-b-7212,Depression || id:finn-b-F5_DEPRESSIO,ukb-b-7212,finn-b-F5_DEPRESSIO,,rs150379976,2.42890941967057,1.53830929912469,0.114348129742201
Leg fat mass (left) || id:ukb-b-7212,Depression || id:finn-b-F5_DEPRESSIO,ukb-b-7212,finn-b-F5_DEPRESSIO,,rs1505112,0.914402200417455,1.36550728595673,0.503085486811593
Leg fat mass (left) || id:ukb-b-7212,Depression || id:finn-b-F5_DEPRESSIO,ukb-b-7212,finn-b-F5_DEPRESSIO,,rs1510593,-0.238607676486168,1.36006375597116,0.860735015234121
Leg fat mass (left) || id:ukb-b-7212,Depression || id:finn-b-F5_DEPRESSIO,ukb-b-7212,finn-b-F5_DEPRESSIO,,rs1512065,3.07929829323742,1.17912524176309,0.00901431428972159
Leg fat mass (left) || id:ukb-b-7212,Depression || id:finn-b-F5_DEPRESSIO,ukb-b-7212,finn-b-F5_DEPRESSIO,,rs1524271,1.24534305709607,1.2802592175754,0.330688866811981
Leg fat mass (left) || id:ukb-b-7212,Depression || id:finn-b-F5_DEPRESSIO,ukb-b-7212,finn-b-F5_DEPRESSIO,,rs1532460,-1.90034229622348,1.31381689615451,0.148057032922612
Leg fat mass (left) || id:ukb-b-7212,Depression || id:finn-b-F5_DEPRESSIO,ukb-b-7212,finn-b-F5_DEPRESSIO,,rs154602,-1.10844731866594,1.4884863993514,0.456464677950635
Leg fat mass (left) || id:ukb-b-7212,Depression || id:finn-b-F5_DEPRESSIO,ukb-b-7212,finn-b-F5_DEPRESSIO,,rs1554654,0.70000965530559,0.901161855106048,0.437285206504729
Leg fat mass (left) || id:ukb-b-7212,Depression || id:finn-b-F5_DEPRESSIO,ukb-b-7212,finn-b-F5_DEPRESSIO,,rs1568489,-0.236440878339727,0.846610886958379,0.780030506643739
Leg fat mass (left) || id:ukb-b-7212,Depression || id:finn-b-F5_DEPRESSIO,ukb-b-7212,finn-b-F5_DEPRESSIO,,rs156914,-0.658234989891391,1.49110375261111,0.658893446226635
Leg fat mass (left) || id:ukb-b-7212,Depression || id:finn-b-F5_DEPRESSIO,ukb-b-7212,finn-b-F5_DEPRESSIO,,rs1619442,-0.803375801347075,1.29027022640591,0.533520127186025
Leg fat mass (left) || id:ukb-b-7212,Depression || id:finn-b-F5_DEPRESSIO,ukb-b-7212,finn-b-F5_DEPRESSIO,,rs1658820,0.614766261627562,1.29312903307866,0.634494885020274
Leg fat mass (left) || id:ukb-b-7212,Depression || id:finn-b-F5_DEPRESSIO,ukb-b-7212,finn-b-F5_DEPRESSIO,,rs16868443,-2.305501399262,1.45423934414988,0.112883234691289
Leg fat mass (left) || id:ukb-b-7212,Depression || id:finn-b-F5_DEPRESSIO,ukb-b-7212,finn-b-F5_DEPRESSIO,,rs16916303,0.470120119097097,1.11057361467865,0.67206699573109
Leg fat mass (left) || id:ukb-b-7212,Depression || id:finn-b-F5_DEPRESSIO,ukb-b-7212,finn-b-F5_DEPRESSIO,,rs16939574,0.934367744492893,1.5195273420541,0.538616250490281
Leg fat mass (left) || id:ukb-b-7212,Depression || id:finn-b-F5_DEPRESSIO,ukb-b-7212,finn-b-F5_DEPRESSIO,,rs17024393,0.695732365428834,0.483544195327372,0.150201934871965
Leg fat mass (left) || id:ukb-b-7212,Depression || id:finn-b-F5_DEPRESSIO,ukb-b-7212,finn-b-F5_DEPRESSIO,,rs17115183,0.252694599138895,1.0788115578622,0.814803139087016
Leg fat mass (left) || id:ukb-b-7212,Depression || id:finn-b-F5_DEPRESSIO,ukb-b-7212,finn-b-F5_DEPRESSIO,,rs17129181,5.11377046600872,1.49479444391024,0.000623792590960535
Leg fat mass (left) || id:ukb-b-7212,Depression || id:finn-b-F5_DEPRESSIO,ukb-b-7212,finn-b-F5_DEPRESSIO,,rs17193211,-0.21933191498695,1.17342574518018,0.851726582032093
Leg fat mass (left) || id:ukb-b-7212,Depression || id:finn-b-F5_DEPRESSIO,ukb-b-7212,finn-b-F5_DEPRESSIO,,rs1726254,1.02201314845285,1.44241572015685,0.478608296827319
Leg fat mass (left) || id:ukb-b-7212,Depression || id:finn-b-F5_DEPRESSIO,ukb-b-7212,finn-b-F5_DEPRESSIO,,rs1730851,2.73485329210199,1.06355405803966,0.0101279905493907
Leg fat mass (left) || id:ukb-b-7212,Depression || id:finn-b-F5_DEPRESSIO,ukb-b-7212,finn-b-F5_DEPRESSIO,,rs17311369,-1.51297855893242,1.51297855893242,0.317310507862914
Leg fat mass (left) || id:ukb-b-7212,Depression || id:finn-b-F5_DEPRESSIO,ukb-b-7212,finn-b-F5_DEPRESSIO,,rs173942,-1.15958529013351,1.43630450709719,0.419470941682658
Leg fat mass (left) || id:ukb-b-7212,Depression || id:finn-b-F5_DEPRESSIO,ukb-b-7212,finn-b-F5_DEPRESSIO,,rs17399739,-0.708913200868796,0.97035636714665,0.465041873509014
Leg fat mass (left) || id:ukb-b-7212,Depression || id:finn-b-F5_DEPRESSIO,ukb-b-7212,finn-b-F5_DEPRESSIO,,rs17432805,0.0379592115618697,1.44245003935105,0.979005461093967
Leg fat mass (left) || id:ukb-b-7212,Depression || id:finn-b-F5_DEPRESSIO,ukb-b-7212,finn-b-F5_DEPRESSIO,,rs17639996,-0.242726301822065,0.771330248012341,0.753000595384354
Leg fat mass (left) || id:ukb-b-7212,Depression || id:finn-b-F5_DEPRESSIO,ukb-b-7212,finn-b-F5_DEPRESSIO,,rs17744603,-1.78201796025088,1.1828241482888,0.131918617035275
Leg fat mass (left) || id:ukb-b-7212,Depression || id:finn-b-F5_DEPRESSIO,ukb-b-7212,finn-b-F5_DEPRESSIO,,rs17770336,-0.393143576033968,0.629029721654348,0.531971058097401
Leg fat mass (left) || id:ukb-b-7212,Depression || id:finn-b-F5_DEPRESSIO,ukb-b-7212,finn-b-F5_DEPRESSIO,,rs1778830,2.57419010151052,1.18509883918597,0.0298457721945761
Leg fat mass (left) || id:ukb-b-7212,Depression || id:finn-b-F5_DEPRESSIO,ukb-b-7212,finn-b-F5_DEPRESSIO,,rs1782508,0.544857060155625,0.979040029967138,0.577854237452144
Leg fat mass (left) || id:ukb-b-7212,Depression || id:finn-b-F5_DEPRESSIO,ukb-b-7212,finn-b-F5_DEPRESSIO,,rs17879604,0.525777378999766,1.39445304865155,0.706137056836058
Leg fat mass (left) || id:ukb-b-7212,Depression || id:finn-b-F5_DEPRESSIO,ukb-b-7212,finn-b-F5_DEPRESSIO,,rs1801282,0.365098300594771,0.61557271611909,0.553111922884147
Leg fat mass (left) || id:ukb-b-7212,Depression || id:finn-b-F5_DEPRESSIO,ukb-b-7212,finn-b-F5_DEPRESSIO,,rs1814592,1.10364725000652,0.990675484257819,0.265264134179466
Leg fat mass (left) || id:ukb-b-7212,Depression || id:finn-b-F5_DEPRESSIO,ukb-b-7212,finn-b-F5_DEPRESSIO,,rs1818917,-1.54394081734657,1.43926686362816,0.283393500021783
Leg fat mass (left) || id:ukb-b-7212,Depression || id:finn-b-F5_DEPRESSIO,ukb-b-7212,finn-b-F5_DEPRESSIO,,rs1854225,0.141464392233605,1.41464392233605,0.920344325445942
Leg fat mass (left) || id:ukb-b-7212,Depression || id:finn-b-F5_DEPRESSIO,ukb-b-7212,finn-b-F5_DEPRESSIO,,rs1861410,0.141739791513652,0.715141675364336,0.842889997154009
Leg fat mass (left) || id:ukb-b-7212,Depression || id:finn-b-F5_DEPRESSIO,ukb-b-7212,finn-b-F5_DEPRESSIO,,rs1865341,-0.322304779994757,1.27847562731254,0.800963120443968
Leg fat mass (left) || id:ukb-b-7212,Depression || id:finn-b-F5_DEPRESSIO,ukb-b-7212,finn-b-F5_DEPRESSIO,,rs1881505,0.397074526595944,1.72244490590943,0.817680269193141
Leg fat mass (left) || id:ukb-b-7212,Depression || id:finn-b-F5_DEPRESSIO,ukb-b-7212,finn-b-F5_DEPRESSIO,,rs190363243,-1.45000768943472,1.05088941128223,0.167651022737325
Leg fat mass (left) || id:ukb-b-7212,Depression || id:finn-b-F5_DEPRESSIO,ukb-b-7212,finn-b-F5_DEPRESSIO,,rs1941681,1.46358233878493,1.31624183488041,0.266163820437995
Leg fat mass (left) || id:ukb-b-7212,Depression || id:finn-b-F5_DEPRESSIO,ukb-b-7212,finn-b-F5_DEPRESSIO,,rs1945160,-0.669047790598335,1.15282080841559,0.561673799927944
Leg fat mass (left) || id:ukb-b-7212,Depression || id:finn-b-F5_DEPRESSIO,ukb-b-7212,finn-b-F5_DEPRESSIO,,rs1956459,2.04585852045919,1.37192865489616,0.135901626348589
Leg fat mass (left) || id:ukb-b-7212,Depression || id:finn-b-F5_DEPRESSIO,ukb-b-7212,finn-b-F5_DEPRESSIO,,rs1960268,-0.212061841945597,1.57868260115055,0.893142929842995
Leg fat mass (left) || id:ukb-b-7212,Depression || id:finn-b-F5_DEPRESSIO,ukb-b-7212,finn-b-F5_DEPRESSIO,,rs2024608,-0.188820563818204,1.40566419731329,0.893142929842995
Leg fat mass (left) || id:ukb-b-7212,Depression || id:finn-b-F5_DEPRESSIO,ukb-b-7212,finn-b-F5_DEPRESSIO,,rs2051559,2.58012609325907,1.21376899548478,0.0335270567047849
Leg fat mass (left) || id:ukb-b-7212,Depression || id:finn-b-F5_DEPRESSIO,ukb-b-7212,finn-b-F5_DEPRESSIO,,rs2058527,-1.18185649586239,1.41599787711814,0.403917240406425
Leg fat mass (left) || id:ukb-b-7212,Depression || id:finn-b-F5_DEPRESSIO,ukb-b-7212,finn-b-F5_DEPRESSIO,,rs2066598,2.45113112233692,1.28267076652756,0.0560098623182564
Leg fat mass (left) || id:ukb-b-7212,Depression || id:finn-b-F5_DEPRESSIO,ukb-b-7212,finn-b-F5_DEPRESSIO,,rs2076586,-0.795740333228545,1.31640993398302,0.545526149436495
Leg fat mass (left) || id:ukb-b-7212,Depression || id:finn-b-F5_DEPRESSIO,ukb-b-7212,finn-b-F5_DEPRESSIO,,rs2081880,0.606988981494561,1.30226726938833,0.641142710141185
Leg fat mass (left) || id:ukb-b-7212,Depression || id:finn-b-F5_DEPRESSIO,ukb-b-7212,finn-b-F5_DEPRESSIO,,rs2095484,0.157694050413737,1.1984747831444,0.895317338291782
Leg fat mass (left) || id:ukb-b-7212,Depression || id:finn-b-F5_DEPRESSIO,ukb-b-7212,finn-b-F5_DEPRESSIO,,rs2106373,-2.28645295782708,1.40508282324569,0.103679187530274
Leg fat mass (left) || id:ukb-b-7212,Depression || id:finn-b-F5_DEPRESSIO,ukb-b-7212,finn-b-F5_DEPRESSIO,,rs2120450,0.642497812773403,1.2166447944007,0.59743694916693
Leg fat mass (left) || id:ukb-b-7212,Depression || id:finn-b-F5_DEPRESSIO,ukb-b-7212,finn-b-F5_DEPRESSIO,,rs2133561,0.982204760804252,0.940935653207435,0.296550329352301
Leg fat mass (left) || id:ukb-b-7212,Depression || id:finn-b-F5_DEPRESSIO,ukb-b-7212,finn-b-F5_DEPRESSIO,,rs2143175,-1.01776813910132,1.06532739793783,0.339397119206284
Leg fat mass (left) || id:ukb-b-7212,Depression || id:finn-b-F5_DEPRESSIO,ukb-b-7212,finn-b-F5_DEPRESSIO,,rs2151447,0.373633834572019,1.21697877546315,0.758830018627803
Leg fat mass (left) || id:ukb-b-7212,Depression || id:finn-b-F5_DEPRESSIO,ukb-b-7212,finn-b-F5_DEPRESSIO,,rs2153733,0.0392233771327711,1.3630123553638,0.977042461836352
Leg fat mass (left) || id:ukb-b-7212,Depression || id:finn-b-F5_DEPRESSIO,ukb-b-7212,finn-b-F5_DEPRESSIO,,rs215669,1.17167638150962,0.899022129208639,0.192479634137958
Leg fat mass (left) || id:ukb-b-7212,Depression || id:finn-b-F5_DEPRESSIO,ukb-b-7212,finn-b-F5_DEPRESSIO,,rs2172131,0.317334391114637,0.864736215787386,0.713639548038236
Leg fat mass (left) || id:ukb-b-7212,Depression || id:finn-b-F5_DEPRESSIO,ukb-b-7212,finn-b-F5_DEPRESSIO,,rs2204563,1.22670598477694,1.56017945636678,0.431715449650521
Leg fat mass (left) || id:ukb-b-7212,Depression || id:finn-b-F5_DEPRESSIO,ukb-b-7212,finn-b-F5_DEPRESSIO,,rs2216931,0.362180045272506,0.863660107957514,0.674956824198369
Leg fat mass (left) || id:ukb-b-7212,Depression || id:finn-b-F5_DEPRESSIO,ukb-b-7212,finn-b-F5_DEPRESSIO,,rs2233598,0.135103032950504,1.48613336245554,0.927564826606211
Leg fat mass (left) || id:ukb-b-7212,Depression || id:finn-b-F5_DEPRESSIO,ukb-b-7212,finn-b-F5_DEPRESSIO,,rs2242189,0.72044277565412,1.18661163048914,0.543756110575491
Leg fat mass (left) || id:ukb-b-7212,Depression || id:finn-b-F5_DEPRESSIO,ukb-b-7212,finn-b-F5_DEPRESSIO,,rs2249825,-0.273528135669955,1.08468053800155,0.800906640988315
Leg fat mass (left) || id:ukb-b-7212,Depression || id:finn-b-F5_DEPRESSIO,ukb-b-7212,finn-b-F5_DEPRESSIO,,rs2254992,2.31789465730387,1.58270340036167,0.143052979401957
Leg fat mass (left) || id:ukb-b-7212,Depression || id:finn-b-F5_DEPRESSIO,ukb-b-7212,finn-b-F5_DEPRESSIO,,rs2268330,-0.439090294978609,1.29475343391128,0.734511471896416
Leg fat mass (left) || id:ukb-b-7212,Depression || id:finn-b-F5_DEPRESSIO,ukb-b-7212,finn-b-F5_DEPRESSIO,,rs2269487,-0.0963973674755282,1.37585333578708,0.944142963437594
Leg fat mass (left) || id:ukb-b-7212,Depression || id:finn-b-F5_DEPRESSIO,ukb-b-7212,finn-b-F5_DEPRESSIO,,rs2275444,0.4629308149897,1.33092609309539,0.727970796961297
Leg fat mass (left) || id:ukb-b-7212,Depression || id:finn-b-F5_DEPRESSIO,ukb-b-7212,finn-b-F5_DEPRESSIO,,rs2276190,-0.899141728350211,1.01721084419418,0.376734772631607
Leg fat mass (left) || id:ukb-b-7212,Depression || id:finn-b-F5_DEPRESSIO,ukb-b-7212,finn-b-F5_DEPRESSIO,,rs2289286,0.243375050313111,1.25431756699834,0.84615250852728
Leg fat mass (left) || id:ukb-b-7212,Depression || id:finn-b-F5_DEPRESSIO,ukb-b-7212,finn-b-F5_DEPRESSIO,,rs2289379,-1.89924030387845,0.907970145275223,0.0364615010527638
Leg fat mass (left) || id:ukb-b-7212,Depression || id:finn-b-F5_DEPRESSIO,ukb-b-7212,finn-b-F5_DEPRESSIO,,rs2291127,-1.32218844984802,1.34498480243161,0.325582413807624
Leg fat mass (left) || id:ukb-b-7212,Depression || id:finn-b-F5_DEPRESSIO,ukb-b-7212,finn-b-F5_DEPRESSIO,,rs2292238,-1.0629491665726,1.04413590698724,0.308669393426718
Leg fat mass (left) || id:ukb-b-7212,Depression || id:finn-b-F5_DEPRESSIO,ukb-b-7212,finn-b-F5_DEPRESSIO,,rs2298777,-0.543567624568713,1.50840015817818,0.71857766592822
Leg fat mass (left) || id:ukb-b-7212,Depression || id:finn-b-F5_DEPRESSIO,ukb-b-7212,finn-b-F5_DEPRESSIO,,rs2307111,-0.0722429168077661,0.496670053053392,0.884352001477485
Leg fat mass (left) || id:ukb-b-7212,Depression || id:finn-b-F5_DEPRESSIO,ukb-b-7212,finn-b-F5_DEPRESSIO,,rs2312193,-0.637087599544937,0.73460100763855,0.385801410089173
Leg fat mass (left) || id:ukb-b-7212,Depression || id:finn-b-F5_DEPRESSIO,ukb-b-7212,finn-b-F5_DEPRESSIO,,rs2370153,-1.66997838709131,1.33114219260901,0.209643815051784
Leg fat mass (left) || id:ukb-b-7212,Depression || id:finn-b-F5_DEPRESSIO,ukb-b-7212,finn-b-F5_DEPRESSIO,,rs2381404,-0.531072573481132,1.29388590629949,0.681477516513328
Leg fat mass (left) || id:ukb-b-7212,Depression || id:finn-b-F5_DEPRESSIO,ukb-b-7212,finn-b-F5_DEPRESSIO,,rs2433733,-1.80349504902604,0.822283183272411,0.0282874053311503
Leg fat mass (left) || id:ukb-b-7212,Depression || id:finn-b-F5_DEPRESSIO,ukb-b-7212,finn-b-F5_DEPRESSIO,,rs245767,-0.133895695253398,0.862883369410785,0.876685395448225
Leg fat mass (left) || id:ukb-b-7212,Depression || id:finn-b-F5_DEPRESSIO,ukb-b-7212,finn-b-F5_DEPRESSIO,,rs2458764,-1.38098395633982,1.15960484883497,0.233689275300012
Leg fat mass (left) || id:ukb-b-7212,Depression || id:finn-b-F5_DEPRESSIO,ukb-b-7212,finn-b-F5_DEPRESSIO,,rs2472643,-3.55462754090618,1.31123498449511,0.00671007638319349
Leg fat mass (left) || id:ukb-b-7212,Depression || id:finn-b-F5_DEPRESSIO,ukb-b-7212,finn-b-F5_DEPRESSIO,,rs2494196,0.55347321960276,0.833712824464918,0.50677636945644
Leg fat mass (left) || id:ukb-b-7212,Depression || id:finn-b-F5_DEPRESSIO,ukb-b-7212,finn-b-F5_DEPRESSIO,,rs2507909,2.91343885033355,1.16324115269728,0.0122594396759779
Leg fat mass (left) || id:ukb-b-7212,Depression || id:finn-b-F5_DEPRESSIO,ukb-b-7212,finn-b-F5_DEPRESSIO,,rs2508782,3.07139757738615,1.46381501560531,0.0358862202147927
Leg fat mass (left) || id:ukb-b-7212,Depression || id:finn-b-F5_DEPRESSIO,ukb-b-7212,finn-b-F5_DEPRESSIO,,rs252749,1.80834669937415,1.10073277353209,0.100412493986103
Leg fat mass (left) || id:ukb-b-7212,Depression || id:finn-b-F5_DEPRESSIO,ukb-b-7212,finn-b-F5_DEPRESSIO,,rs2568958,1.27026865639233,0.618848832601391,0.0401083224493613
Leg fat mass (left) || id:ukb-b-7212,Depression || id:finn-b-F5_DEPRESSIO,ukb-b-7212,finn-b-F5_DEPRESSIO,,rs2572235,-1.58212525794779,1.48665218203715,0.287228965734269
Leg fat mass (left) || id:ukb-b-7212,Depression || id:finn-b-F5_DEPRESSIO,ukb-b-7212,finn-b-F5_DEPRESSIO,,rs2601062,0.294670394792847,1.22451919613916,0.809832819075204
Leg fat mass (left) || id:ukb-b-7212,Depression || id:finn-b-F5_DEPRESSIO,ukb-b-7212,finn-b-F5_DEPRESSIO,,rs2606228,-0.502780078078789,1.09428605228913,0.645904258226149
Leg fat mass (left) || id:ukb-b-7212,Depression || id:finn-b-F5_DEPRESSIO,ukb-b-7212,finn-b-F5_DEPRESSIO,,rs2610245,1.27409439918295,1.12120307128099,0.255804407976616
Leg fat mass (left) || id:ukb-b-7212,Depression || id:finn-b-F5_DEPRESSIO,ukb-b-7212,finn-b-F5_DEPRESSIO,,rs2645683,-1.90264003627832,1.40972810978134,0.177128165520075
Leg fat mass (left) || id:ukb-b-7212,Depression || id:finn-b-F5_DEPRESSIO,ukb-b-7212,finn-b-F5_DEPRESSIO,,rs264948,0.493541799905816,1.13103329145083,0.662572917836399
Leg fat mass (left) || id:ukb-b-7212,Depression || id:finn-b-F5_DEPRESSIO,ukb-b-7212,finn-b-F5_DEPRESSIO,,rs2660241,-0.777637487143896,0.953233048757034,0.414620554697132
Leg fat mass (left) || id:ukb-b-7212,Depression || id:finn-b-F5_DEPRESSIO,ukb-b-7212,finn-b-F5_DEPRESSIO,,rs2678204,0.638984798887942,0.667010447961975,0.338071233499825
Leg fat mass (left) || id:ukb-b-7212,Depression || id:finn-b-F5_DEPRESSIO,ukb-b-7212,finn-b-F5_DEPRESSIO,,rs269646,-1.07545706925443,1.40059525298252,0.442572061341165
Leg fat mass (left) || id:ukb-b-7212,Depression || id:finn-b-F5_DEPRESSIO,ukb-b-7212,finn-b-F5_DEPRESSIO,,rs2719774,-1.06812636886739,1.36424060974152,0.433658978009481
Leg fat mass (left) || id:ukb-b-7212,Depression || id:finn-b-F5_DEPRESSIO,ukb-b-7212,finn-b-F5_DEPRESSIO,,rs2733296,-0.359304823276704,0.859207186096466,0.675814188135396
Leg fat mass (left) || id:ukb-b-7212,Depression || id:finn-b-F5_DEPRESSIO,ukb-b-7212,finn-b-F5_DEPRESSIO,,rs2736084,-0.155378238441054,1.31473894065507,0.90592359597856
Leg fat mass (left) || id:ukb-b-7212,Depression || id:finn-b-F5_DEPRESSIO,ukb-b-7212,finn-b-F5_DEPRESSIO,,rs273735,-0.0133737219736939,1.45773569513263,0.992680060842022
Leg fat mass (left) || id:ukb-b-7212,Depression || id:finn-b-F5_DEPRESSIO,ukb-b-7212,finn-b-F5_DEPRESSIO,,rs2744938,0.31517508570681,0.401402231796409,0.432345000260982
Leg fat mass (left) || id:ukb-b-7212,Depression || id:finn-b-F5_DEPRESSIO,ukb-b-7212,finn-b-F5_DEPRESSIO,,rs2802295,0.832844012510635,0.659085189756618,0.206360575453439
Leg fat mass (left) || id:ukb-b-7212,Depression || id:finn-b-F5_DEPRESSIO,ukb-b-7212,finn-b-F5_DEPRESSIO,,rs28350,-0.390028491911867,0.925491336740023,0.673442159434928
Leg fat mass (left) || id:ukb-b-7212,Depression || id:finn-b-F5_DEPRESSIO,ukb-b-7212,finn-b-F5_DEPRESSIO,,rs28366156,-0.295562683515355,1.04173732714428,0.776624253577368
Leg fat mass (left) || id:ukb-b-7212,Depression || id:finn-b-F5_DEPRESSIO,ukb-b-7212,finn-b-F5_DEPRESSIO,,rs2836961,-1.76971292480339,1.26077587453314,0.160417221823955
Leg fat mass (left) || id:ukb-b-7212,Depression || id:finn-b-F5_DEPRESSIO,ukb-b-7212,finn-b-F5_DEPRESSIO,,rs284532,1.16177115300307,1.20561157387111,0.335228269007387
Leg fat mass (left) || id:ukb-b-7212,Depression || id:finn-b-F5_DEPRESSIO,ukb-b-7212,finn-b-F5_DEPRESSIO,,rs28457808,0.662464367446903,0.876594263995396,0.44981397737873
Leg fat mass (left) || id:ukb-b-7212,Depression || id:finn-b-F5_DEPRESSIO,ukb-b-7212,finn-b-F5_DEPRESSIO,,rs2861685,-0.317280979392214,0.85124165202789,0.709351436107037
Leg fat mass (left) || id:ukb-b-7212,Depression || id:finn-b-F5_DEPRESSIO,ukb-b-7212,finn-b-F5_DEPRESSIO,,rs28678108,-1.07687038113427,1.45312629743419,0.45865013221813
Leg fat mass (left) || id:ukb-b-7212,Depression || id:finn-b-F5_DEPRESSIO,ukb-b-7212,finn-b-F5_DEPRESSIO,,rs28701630,-0.431304490701281,1.42741248113043,0.762531411412254
Leg fat mass (left) || id:ukb-b-7212,Depression || id:finn-b-F5_DEPRESSIO,ukb-b-7212,finn-b-F5_DEPRESSIO,,rs28711392,0.957392031923795,0.884984231190062,0.279333325944732
Leg fat mass (left) || id:ukb-b-7212,Depression || id:finn-b-F5_DEPRESSIO,ukb-b-7212,finn-b-F5_DEPRESSIO,,rs28828150,2.47825182907074,1.31770463106688,0.0600081196562768
Leg fat mass (left) || id:ukb-b-7212,Depression || id:finn-b-F5_DEPRESSIO,ukb-b-7212,finn-b-F5_DEPRESSIO,,rs2948829,-0.0501150767449757,1.40322214885932,0.971510179466646
Leg fat mass (left) || id:ukb-b-7212,Depression || id:finn-b-F5_DEPRESSIO,ukb-b-7212,finn-b-F5_DEPRESSIO,,rs2954021,-1.67349275553794,0.960056370282292,0.0813127839287362
Leg fat mass (left) || id:ukb-b-7212,Depression || id:finn-b-F5_DEPRESSIO,ukb-b-7212,finn-b-F5_DEPRESSIO,,rs2964023,1.85376976701682,1.07048676686887,0.0833256871946906
Leg fat mass (left) || id:ukb-b-7212,Depression || id:finn-b-F5_DEPRESSIO,ukb-b-7212,finn-b-F5_DEPRESSIO,,rs2984477,-1.96728745515251,1.80056817929213,0.274572716471006
Leg fat mass (left) || id:ukb-b-7212,Depression || id:finn-b-F5_DEPRESSIO,ukb-b-7212,finn-b-F5_DEPRESSIO,,rs303948,-0.241506376547394,1.41008561790575,0.864010903708782
Leg fat mass (left) || id:ukb-b-7212,Depression || id:finn-b-F5_DEPRESSIO,ukb-b-7212,finn-b-F5_DEPRESSIO,,rs304963,0.140252454417952,1.19993766557581,0.906952677216038
Leg fat mass (left) || id:ukb-b-7212,Depression || id:finn-b-F5_DEPRESSIO,ukb-b-7212,finn-b-F5_DEPRESSIO,,rs3113509,0.556872603458974,0.96259407169337,0.562918230326359
Leg fat mass (left) || id:ukb-b-7212,Depression || id:finn-b-F5_DEPRESSIO,ukb-b-7212,finn-b-F5_DEPRESSIO,,rs312702,-2.7642788825679,1.5590532897683,0.0762204808233432
Leg fat mass (left) || id:ukb-b-7212,Depression || id:finn-b-F5_DEPRESSIO,ukb-b-7212,finn-b-F5_DEPRESSIO,,rs329118,0.0182883896158524,1.00586142887188,0.985493807229077
Leg fat mass (left) || id:ukb-b-7212,Depression || id:finn-b-F5_DEPRESSIO,ukb-b-7212,finn-b-F5_DEPRESSIO,,rs329651,-2.0356442119032,1.54512753433617,0.187684374142172
Leg fat mass (left) || id:ukb-b-7212,Depression || id:finn-b-F5_DEPRESSIO,ukb-b-7212,finn-b-F5_DEPRESSIO,,rs34045288,1.87798054127451,0.61321813592637,0.00219496475487573
Leg fat mass (left) || id:ukb-b-7212,Depression || id:finn-b-F5_DEPRESSIO,ukb-b-7212,finn-b-F5_DEPRESSIO,,rs34234296,-0.872856606790335,0.970747067364952,0.368567621894205
Leg fat mass (left) || id:ukb-b-7212,Depression || id:finn-b-F5_DEPRESSIO,ukb-b-7212,finn-b-F5_DEPRESSIO,,rs34517439,-0.581528485856504,0.494148557929879,0.239263658080819
Leg fat mass (left) || id:ukb-b-7212,Depression || id:finn-b-F5_DEPRESSIO,ukb-b-7212,finn-b-F5_DEPRESSIO,,rs34571768,0.453095864628897,1.43770803199554,0.752646616394113
Leg fat mass (left) || id:ukb-b-7212,Depression || id:finn-b-F5_DEPRESSIO,ukb-b-7212,finn-b-F5_DEPRESSIO,,rs34728432,1.22419972005911,1.18086521669418,0.299876975108697
Leg fat mass (left) || id:ukb-b-7212,Depression || id:finn-b-F5_DEPRESSIO,ukb-b-7212,finn-b-F5_DEPRESSIO,,rs34769775,-0.90771108002738,0.922591589536026,0.325178960006528
Leg fat mass (left) || id:ukb-b-7212,Depression || id:finn-b-F5_DEPRESSIO,ukb-b-7212,finn-b-F5_DEPRESSIO,,rs34811474,1.38569770471611,0.769832058175616,0.0718606382258516
Leg fat mass (left) || id:ukb-b-7212,Depression || id:finn-b-F5_DEPRESSIO,ukb-b-7212,finn-b-F5_DEPRESSIO,,rs34864349,0.123206399150824,1.31736072938188,0.925486346727968
Leg fat mass (left) || id:ukb-b-7212,Depression || id:finn-b-F5_DEPRESSIO,ukb-b-7212,finn-b-F5_DEPRESSIO,,rs35139159,-0.598757106301446,1.21642233174925,0.622558187148086
Leg fat mass (left) || id:ukb-b-7212,Depression || id:finn-b-F5_DEPRESSIO,ukb-b-7212,finn-b-F5_DEPRESSIO,,rs35154326,-0.607365264857385,0.907203813331283,0.503181984859362
Leg fat mass (left) || id:ukb-b-7212,Depression || id:finn-b-F5_DEPRESSIO,ukb-b-7212,finn-b-F5_DEPRESSIO,,rs35184536,0.48616287845465,0.958435388953453,0.611981958262422
Leg fat mass (left) || id:ukb-b-7212,Depression || id:finn-b-F5_DEPRESSIO,ukb-b-7212,finn-b-F5_DEPRESSIO,,rs35394440,1.24060357661416,1.04762079802974,0.236329736314398
Leg fat mass (left) || id:ukb-b-7212,Depression || id:finn-b-F5_DEPRESSIO,ukb-b-7212,finn-b-F5_DEPRESSIO,,rs35502096,-1.27074765925577,1.47352654105191,0.388475515438069
Leg fat mass (left) || id:ukb-b-7212,Depression || id:finn-b-F5_DEPRESSIO,ukb-b-7212,finn-b-F5_DEPRESSIO,,rs35519679,1.27508037560225,1.33883439438236,0.34090381592813
Leg fat mass (left) || id:ukb-b-7212,Depression || id:finn-b-F5_DEPRESSIO,ukb-b-7212,finn-b-F5_DEPRESSIO,,rs35537311,0.892553736036373,1.20440986067559,0.45865013221813
Leg fat mass (left) || id:ukb-b-7212,Depression || id:finn-b-F5_DEPRESSIO,ukb-b-7212,finn-b-F5_DEPRESSIO,,rs35589149,2.26505624357968,1.00810953939603,0.0246505457178244
Leg fat mass (left) || id:ukb-b-7212,Depression || id:finn-b-F5_DEPRESSIO,ukb-b-7212,finn-b-F5_DEPRESSIO,,rs35708928,0.303689335606105,1.35190736495621,0.822261148635544
Leg fat mass (left) || id:ukb-b-7212,Depression || id:finn-b-F5_DEPRESSIO,ukb-b-7212,finn-b-F5_DEPRESSIO,,rs35711462,-0.254164208233105,0.989424953478873,0.797270843722951
Leg fat mass (left) || id:ukb-b-7212,Depression || id:finn-b-F5_DEPRESSIO,ukb-b-7212,finn-b-F5_DEPRESSIO,,rs35722851,0.431759251041619,1.30727106565379,0.7411920078901
Leg fat mass (left) || id:ukb-b-7212,Depression || id:finn-b-F5_DEPRESSIO,ukb-b-7212,finn-b-F5_DEPRESSIO,,rs35723993,0.43815509321065,1.2939267596377,0.734892745174618
Leg fat mass (left) || id:ukb-b-7212,Depression || id:finn-b-F5_DEPRESSIO,ukb-b-7212,finn-b-F5_DEPRESSIO,,rs35792595,-0.890479801096789,1.09326233005942,0.415349336139075
Leg fat mass (left) || id:ukb-b-7212,Depression || id:finn-b-F5_DEPRESSIO,ukb-b-7212,finn-b-F5_DEPRESSIO,,rs35809007,-2.11293904907915,1.10069383021798,0.0549030267067596
Leg fat mass (left) || id:ukb-b-7212,Depression || id:finn-b-F5_DEPRESSIO,ukb-b-7212,finn-b-F5_DEPRESSIO,,rs35867081,0.603963727664127,0.949085857757914,0.524539436435313
Leg fat mass (left) || id:ukb-b-7212,Depression || id:finn-b-F5_DEPRESSIO,ukb-b-7212,finn-b-F5_DEPRESSIO,,rs35972789,0.264511826659067,1.24804875958855,0.832153611002867
Leg fat mass (left) || id:ukb-b-7212,Depression || id:finn-b-F5_DEPRESSIO,ukb-b-7212,finn-b-F5_DEPRESSIO,,rs36061954,3.11965332852387,1.36484833122919,0.0222709789592328
Leg fat mass (left) || id:ukb-b-7212,Depression || id:finn-b-F5_DEPRESSIO,ukb-b-7212,finn-b-F5_DEPRESSIO,,rs372519,0.763342287002297,0.792147656323139,0.335228269007387
Leg fat mass (left) || id:ukb-b-7212,Depression || id:finn-b-F5_DEPRESSIO,ukb-b-7212,finn-b-F5_DEPRESSIO,,rs3730071,-1.17711203145706,1.97509288713807,0.551189882286289
Leg fat mass (left) || id:ukb-b-7212,Depression || id:finn-b-F5_DEPRESSIO,ukb-b-7212,finn-b-F5_DEPRESSIO,,rs3732624,1.01096427231417,1.22983282611415,0.411057604379911
Leg fat mass (left) || id:ukb-b-7212,Depression || id:finn-b-F5_DEPRESSIO,ukb-b-7212,finn-b-F5_DEPRESSIO,,rs3737992,0.363673833061588,0.842511046592679,0.66599241332642
Leg fat mass (left) || id:ukb-b-7212,Depression || id:finn-b-F5_DEPRESSIO,ukb-b-7212,finn-b-F5_DEPRESSIO,,rs3744226,-0.538820872514982,1.34705218128745,0.689156516779352
Leg fat mass (left) || id:ukb-b-7212,Depression || id:finn-b-F5_DEPRESSIO,ukb-b-7212,finn-b-F5_DEPRESSIO,,rs3748916,-1.49659524581577,1.25850054761781,0.234365227693259
Leg fat mass (left) || id:ukb-b-7212,Depression || id:finn-b-F5_DEPRESSIO,ukb-b-7212,finn-b-F5_DEPRESSIO,,rs3764002,-2.19558990433984,0.776901043074096,0.00471204704986214
Leg fat mass (left) || id:ukb-b-7212,Depression || id:finn-b-F5_DEPRESSIO,ukb-b-7212,finn-b-F5_DEPRESSIO,,rs3764625,-2.55908459101899,1.15742830050237,0.027035201756962
Leg fat mass (left) || id:ukb-b-7212,Depression || id:finn-b-F5_DEPRESSIO,ukb-b-7212,finn-b-F5_DEPRESSIO,,rs3766823,2.43359395226014,0.854346813027495,0.00439279449880433
Leg fat mass (left) || id:ukb-b-7212,Depression || id:finn-b-F5_DEPRESSIO,ukb-b-7212,finn-b-F5_DEPRESSIO,,rs3770013,-1.96911608208309,1.67859075849706,0.240764959759277
Leg fat mass (left) || id:ukb-b-7212,Depression || id:finn-b-F5_DEPRESSIO,ukb-b-7212,finn-b-F5_DEPRESSIO,,rs3802725,0.025206377213435,1.37374755813221,0.985360737758429
Leg fat mass (left) || id:ukb-b-7212,Depression || id:finn-b-F5_DEPRESSIO,ukb-b-7212,finn-b-F5_DEPRESSIO,,rs3803286,1.09366612989801,0.771604938271605,0.156368553615422
Leg fat mass (left) || id:ukb-b-7212,Depression || id:finn-b-F5_DEPRESSIO,ukb-b-7212,finn-b-F5_DEPRESSIO,,rs3814883,-1.70451390816723,0.610737882405197,0.00525602325746027
Leg fat mass (left) || id:ukb-b-7212,Depression || id:finn-b-F5_DEPRESSIO,ukb-b-7212,finn-b-F5_DEPRESSIO,,rs3818896,-1.66763755154256,1.26786142617277,0.188403953040625
Leg fat mass (left) || id:ukb-b-7212,Depression || id:finn-b-F5_DEPRESSIO,ukb-b-7212,finn-b-F5_DEPRESSIO,,rs383701,-0.90117374186543,1.09322716226298,0.409755301052386
Leg fat mass (left) || id:ukb-b-7212,Depression || id:finn-b-F5_DEPRESSIO,ukb-b-7212,finn-b-F5_DEPRESSIO,,rs3910736,0.536991871441648,1.42365286847321,0.706030195001206
Leg fat mass (left) || id:ukb-b-7212,Depression || id:finn-b-F5_DEPRESSIO,ukb-b-7212,finn-b-F5_DEPRESSIO,,rs396354,0.0628247816838836,1.09494619506197,0.954244844978411
Leg fat mass (left) || id:ukb-b-7212,Depression || id:finn-b-F5_DEPRESSIO,ukb-b-7212,finn-b-F5_DEPRESSIO,,rs400301,2.03276699029126,1.19538834951456,0.0890354854100206
Leg fat mass (left) || id:ukb-b-7212,Depression || id:finn-b-F5_DEPRESSIO,ukb-b-7212,finn-b-F5_DEPRESSIO,,rs40071,0.0853766819206338,0.762698358490996,0.910870743797742
Leg fat mass (left) || id:ukb-b-7212,Depression || id:finn-b-F5_DEPRESSIO,ukb-b-7212,finn-b-F5_DEPRESSIO,,rs4055791,0.924819537426546,0.908451050038466,0.308669393426718
Leg fat mass (left) || id:ukb-b-7212,Depression || id:finn-b-F5_DEPRESSIO,ukb-b-7212,finn-b-F5_DEPRESSIO,,rs4240326,0.550771079511316,0.909606782829295,0.544843777697548
Leg fat mass (left) || id:ukb-b-7212,Depression || id:finn-b-F5_DEPRESSIO,ukb-b-7212,finn-b-F5_DEPRESSIO,,rs4266606,0.655488298320008,1.06820315281779,0.539455648469799
Leg fat mass (left) || id:ukb-b-7212,Depression || id:finn-b-F5_DEPRESSIO,ukb-b-7212,finn-b-F5_DEPRESSIO,,rs4267103,1.37845203774596,1.11063849898388,0.214555973575175
Leg fat mass (left) || id:ukb-b-7212,Depression || id:finn-b-F5_DEPRESSIO,ukb-b-7212,finn-b-F5_DEPRESSIO,,rs4290163,-0.466358199674464,1.02415918359882,0.648852322436184
Leg fat mass (left) || id:ukb-b-7212,Depression || id:finn-b-F5_DEPRESSIO,ukb-b-7212,finn-b-F5_DEPRESSIO,,rs429343,0.189971108560573,0.862785451379269,0.825728257126606
Leg fat mass (left) || id:ukb-b-7212,Depression || id:finn-b-F5_DEPRESSIO,ukb-b-7212,finn-b-F5_DEPRESSIO,,rs429358,-0.569828692445059,0.632644453816955,0.367742945268208
Leg fat mass (left) || id:ukb-b-7212,Depression || id:finn-b-F5_DEPRESSIO,ukb-b-7212,finn-b-F5_DEPRESSIO,,rs4307239,-1.95297727434364,1.24177745767514,0.115781981986606
Leg fat mass (left) || id:ukb-b-7212,Depression || id:finn-b-F5_DEPRESSIO,ukb-b-7212,finn-b-F5_DEPRESSIO,,rs4333219,-0.200162439518224,1.60899807151188,0.900997058067379
Leg fat mass (left) || id:ukb-b-7212,Depression || id:finn-b-F5_DEPRESSIO,ukb-b-7212,finn-b-F5_DEPRESSIO,,rs4430672,-1.28594909004199,1.14117336467302,0.259799279323445
Leg fat mass (left) || id:ukb-b-7212,Depression || id:finn-b-F5_DEPRESSIO,ukb-b-7212,finn-b-F5_DEPRESSIO,,rs444102,-1.97868690825106,0.938694471832413,0.0350384576446863
Leg fat mass (left) || id:ukb-b-7212,Depression || id:finn-b-F5_DEPRESSIO,ukb-b-7212,finn-b-F5_DEPRESSIO,,rs4456769,0.255895594597404,0.911628055753253,0.778939163028047
Leg fat mass (left) || id:ukb-b-7212,Depression || id:finn-b-F5_DEPRESSIO,ukb-b-7212,finn-b-F5_DEPRESSIO,,rs4477562,0.727175140998394,0.679562482956833,0.284590639633399
Leg fat mass (left) || id:ukb-b-7212,Depression || id:finn-b-F5_DEPRESSIO,ukb-b-7212,finn-b-F5_DEPRESSIO,,rs4482463,-2.24444425515967,0.983807633665812,0.0225256582266766
Leg fat mass (left) || id:ukb-b-7212,Depression || id:finn-b-F5_DEPRESSIO,ukb-b-7212,finn-b-F5_DEPRESSIO,,rs4500770,-1.55234961613094,1.36111814168002,0.254079773275485
Leg fat mass (left) || id:ukb-b-7212,Depression || id:finn-b-F5_DEPRESSIO,ukb-b-7212,finn-b-F5_DEPRESSIO,,rs4562625,0.410228360453986,1.08417495262839,0.705149527894255
Leg fat mass (left) || id:ukb-b-7212,Depression || id:finn-b-F5_DEPRESSIO,ukb-b-7212,finn-b-F5_DEPRESSIO,,rs4625888,1.4428722112763,1.08464186916632,0.183427605484926
Leg fat mass (left) || id:ukb-b-7212,Depression || id:finn-b-F5_DEPRESSIO,ukb-b-7212,finn-b-F5_DEPRESSIO,,rs4635724,0.0495255452762535,1.34957110877791,0.970726403178714
Leg fat mass (left) || id:ukb-b-7212,Depression || id:finn-b-F5_DEPRESSIO,ukb-b-7212,finn-b-F5_DEPRESSIO,,rs467176,-0.516875380143812,1.31021898687617,0.693215313221832
Leg fat mass (left) || id:ukb-b-7212,Depression || id:finn-b-F5_DEPRESSIO,ukb-b-7212,finn-b-F5_DEPRESSIO,,rs4672338,2.47578535672202,1.14909868877393,0.0311974213411076
Leg fat mass (left) || id:ukb-b-7212,Depression || id:finn-b-F5_DEPRESSIO,ukb-b-7212,finn-b-F5_DEPRESSIO,,rs4700812,0.387897139082282,1.4105350512083,0.78331623830721
Leg fat mass (left) || id:ukb-b-7212,Depression || id:finn-b-F5_DEPRESSIO,ukb-b-7212,finn-b-F5_DEPRESSIO,,rs4705907,-0.499838287612831,1.18589083923829,0.673399061599348
Leg fat mass (left) || id:ukb-b-7212,Depression || id:finn-b-F5_DEPRESSIO,ukb-b-7212,finn-b-F5_DEPRESSIO,,rs4718964,0.537363846501591,0.946783920026612,0.570328634657464
Leg fat mass (left) || id:ukb-b-7212,Depression || id:finn-b-F5_DEPRESSIO,ukb-b-7212,finn-b-F5_DEPRESSIO,,rs4757945,-0.44372740119101,1.33118220357303,0.738882680363527
Leg fat mass (left) || id:ukb-b-7212,Depression || id:finn-b-F5_DEPRESSIO,ukb-b-7212,finn-b-F5_DEPRESSIO,,rs4776970,0.238709309144123,0.591583940052828,0.686573982946945
Leg fat mass (left) || id:ukb-b-7212,Depression || id:finn-b-F5_DEPRESSIO,ukb-b-7212,finn-b-F5_DEPRESSIO,,rs4784776,0.598430031820867,1.61315921621277,0.71066155832599
Leg fat mass (left) || id:ukb-b-7212,Depression || id:finn-b-F5_DEPRESSIO,ukb-b-7212,finn-b-F5_DEPRESSIO,,rs479018,0.0760596053774141,0.754257753326023,0.919677206416447
Leg fat mass (left) || id:ukb-b-7212,Depression || id:finn-b-F5_DEPRESSIO,ukb-b-7212,finn-b-F5_DEPRESSIO,,rs4808187,1.89194320242483,1.53188480749969,0.216814599847529
Leg fat mass (left) || id:ukb-b-7212,Depression || id:finn-b-F5_DEPRESSIO,ukb-b-7212,finn-b-F5_DEPRESSIO,,rs4808762,-0.475849149796108,0.75292586993055,0.527386877223793
Leg fat mass (left) || id:ukb-b-7212,Depression || id:finn-b-F5_DEPRESSIO,ukb-b-7212,finn-b-F5_DEPRESSIO,,rs4820323,-0.233408542752665,0.86361160818486,0.786952335429884
Leg fat mass (left) || id:ukb-b-7212,Depression || id:finn-b-F5_DEPRESSIO,ukb-b-7212,finn-b-F5_DEPRESSIO,,rs4842920,0.191654638341708,0.694748063988692,0.782654008414754
Leg fat mass (left) || id:ukb-b-7212,Depression || id:finn-b-F5_DEPRESSIO,ukb-b-7212,finn-b-F5_DEPRESSIO,,rs484455,-1.19176555483235,1.46678837517827,0.416504786576218
Leg fat mass (left) || id:ukb-b-7212,Depression || id:finn-b-F5_DEPRESSIO,ukb-b-7212,finn-b-F5_DEPRESSIO,,rs4844809,-0.648308994040544,1.4129811408576,0.646360896588277
Leg fat mass (left) || id:ukb-b-7212,Depression || id:finn-b-F5_DEPRESSIO,ukb-b-7212,finn-b-F5_DEPRESSIO,,rs4876611,0.293274052871446,0.692126764776613,0.671763599100528
Leg fat mass (left) || id:ukb-b-7212,Depression || id:finn-b-F5_DEPRESSIO,ukb-b-7212,finn-b-F5_DEPRESSIO,,rs491711,-1.21772875206928,1.48195291525412,0.411244570087196
Leg fat mass (left) || id:ukb-b-7212,Depression || id:finn-b-F5_DEPRESSIO,ukb-b-7212,finn-b-F5_DEPRESSIO,,rs4924136,0.977036555565611,1.26500522457442,0.439902585839137
Leg fat mass (left) || id:ukb-b-7212,Depression || id:finn-b-F5_DEPRESSIO,ukb-b-7212,finn-b-F5_DEPRESSIO,,rs4937729,2.29901181458275,1.44175317185698,0.110802922150103
Leg fat mass (left) || id:ukb-b-7212,Depression || id:finn-b-F5_DEPRESSIO,ukb-b-7212,finn-b-F5_DEPRESSIO,,rs494048,0.916873461496298,1.09626174744123,0.402950363170514
Leg fat mass (left) || id:ukb-b-7212,Depression || id:finn-b-F5_DEPRESSIO,ukb-b-7212,finn-b-F5_DEPRESSIO,,rs4942098,-0.434303795504956,1.10902576352158,0.695347586571899
Leg fat mass (left) || id:ukb-b-7212,Depression || id:finn-b-F5_DEPRESSIO,ukb-b-7212,finn-b-F5_DEPRESSIO,,rs4947584,-1.51308399936877,1.03038235539837,0.141977015157607
Leg fat mass (left) || id:ukb-b-7212,Depression || id:finn-b-F5_DEPRESSIO,ukb-b-7212,finn-b-F5_DEPRESSIO,,rs520829,0.23578444361608,1.22383354067394,0.847224820735448
Leg fat mass (left) || id:ukb-b-7212,Depression || id:finn-b-F5_DEPRESSIO,ukb-b-7212,finn-b-F5_DEPRESSIO,,rs529200,1.89124924467743,0.863225796325797,0.0284583717471218
Leg fat mass (left) || id:ukb-b-7212,Depression || id:finn-b-F5_DEPRESSIO,ukb-b-7212,finn-b-F5_DEPRESSIO,,rs530255,0.631284271661214,1.18637906225987,0.594649748249633
Leg fat mass (left) || id:ukb-b-7212,Depression || id:finn-b-F5_DEPRESSIO,ukb-b-7212,finn-b-F5_DEPRESSIO,,rs543874,0.0937364188711295,0.403350650900012,0.816231724285312
Leg fat mass (left) || id:ukb-b-7212,Depression || id:finn-b-F5_DEPRESSIO,ukb-b-7212,finn-b-F5_DEPRESSIO,,rs555996,0.876412372246043,1.61799207183885,0.588048156696901
Leg fat mass (left) || id:ukb-b-7212,Depression || id:finn-b-F5_DEPRESSIO,ukb-b-7212,finn-b-F5_DEPRESSIO,,rs556140,1.11877806833361,1.35609462828316,0.409371590694505
Leg fat mass (left) || id:ukb-b-7212,Depression || id:finn-b-F5_DEPRESSIO,ukb-b-7212,finn-b-F5_DEPRESSIO,,rs55707359,-2.80963442963688,3.69971879202837,0.447602325576077
Leg fat mass (left) || id:ukb-b-7212,Depression || id:finn-b-F5_DEPRESSIO,ukb-b-7212,finn-b-F5_DEPRESSIO,,rs55726687,-0.312882817430225,0.705312113868133,0.657325281374495
Leg fat mass (left) || id:ukb-b-7212,Depression || id:finn-b-F5_DEPRESSIO,ukb-b-7212,finn-b-F5_DEPRESSIO,,rs55736343,0.946780308671656,1.55314522546137,0.542134072927327
Leg fat mass (left) || id:ukb-b-7212,Depression || id:finn-b-F5_DEPRESSIO,ukb-b-7212,finn-b-F5_DEPRESSIO,,rs56094641,0.28727487225844,0.210668239656189,0.172682041418748
Leg fat mass (left) || id:ukb-b-7212,Depression || id:finn-b-F5_DEPRESSIO,ukb-b-7212,finn-b-F5_DEPRESSIO,,rs56211164,0.0633731633665092,1.48926933911297,0.966057709443558
Leg fat mass (left) || id:ukb-b-7212,Depression || id:finn-b-F5_DEPRESSIO,ukb-b-7212,finn-b-F5_DEPRESSIO,,rs56356382,-0.520708899221387,0.90664608335018,0.565748351899219
Leg fat mass (left) || id:ukb-b-7212,Depression || id:finn-b-F5_DEPRESSIO,ukb-b-7212,finn-b-F5_DEPRESSIO,,rs56399737,1.02150586235886,0.99438623769447,0.304292060744164
Leg fat mass (left) || id:ukb-b-7212,Depression || id:finn-b-F5_DEPRESSIO,ukb-b-7212,finn-b-F5_DEPRESSIO,,rs56893062,-0.296150962953365,1.07354724070595,0.782654008414754
Leg fat mass (left) || id:ukb-b-7212,Depression || id:finn-b-F5_DEPRESSIO,ukb-b-7212,finn-b-F5_DEPRESSIO,,rs56982979,0.547121872064224,1.49457682124861,0.714311776680663
Leg fat mass (left) || id:ukb-b-7212,Depression || id:finn-b-F5_DEPRESSIO,ukb-b-7212,finn-b-F5_DEPRESSIO,,rs57636386,0.64049683775645,0.834993259692964,0.443040924229245
Leg fat mass (left) || id:ukb-b-7212,Depression || id:finn-b-F5_DEPRESSIO,ukb-b-7212,finn-b-F5_DEPRESSIO,,rs577525,-0.863380066546679,0.723910978873754,0.23300234150499
Leg fat mass (left) || id:ukb-b-7212,Depression || id:finn-b-F5_DEPRESSIO,ukb-b-7212,finn-b-F5_DEPRESSIO,,rs57989773,-0.27786492179447,1.21902030206606,0.819691971013528
Leg fat mass (left) || id:ukb-b-7212,Depression || id:finn-b-F5_DEPRESSIO,ukb-b-7212,finn-b-F5_DEPRESSIO,,rs58070122,0.609375120525143,1.05676444951829,0.56418109381851
Leg fat mass (left) || id:ukb-b-7212,Depression || id:finn-b-F5_DEPRESSIO,ukb-b-7212,finn-b-F5_DEPRESSIO,,rs58120873,0.644948288967545,1.52023525256636,0.671389024011198
Leg fat mass (left) || id:ukb-b-7212,Depression || id:finn-b-F5_DEPRESSIO,ukb-b-7212,finn-b-F5_DEPRESSIO,,rs59068084,2.28460600875685,1.36104187755727,0.093235598779877
Leg fat mass (left) || id:ukb-b-7212,Depression || id:finn-b-F5_DEPRESSIO,ukb-b-7212,finn-b-F5_DEPRESSIO,,rs59499656,-0.0328461159467893,0.911479717523403,0.971253625003008
Leg fat mass (left) || id:ukb-b-7212,Depression || id:finn-b-F5_DEPRESSIO,ukb-b-7212,finn-b-F5_DEPRESSIO,,rs6016590,1.46348226618945,1.39929444749693,0.295620336733418
Leg fat mass (left) || id:ukb-b-7212,Depression || id:finn-b-F5_DEPRESSIO,ukb-b-7212,finn-b-F5_DEPRESSIO,,rs6030803,0.339678437745601,1.20552543592066,0.778121443327478
Leg fat mass (left) || id:ukb-b-7212,Depression || id:finn-b-F5_DEPRESSIO,ukb-b-7212,finn-b-F5_DEPRESSIO,,rs60661769,0.387382937718508,1.2202562538133,0.750894345430481
Leg fat mass (left) || id:ukb-b-7212,Depression || id:finn-b-F5_DEPRESSIO,ukb-b-7212,finn-b-F5_DEPRESSIO,,rs61754230,-1.60090431859476,2.17794007113815,0.462306395858833
Leg fat mass (left) || id:ukb-b-7212,Depression || id:finn-b-F5_DEPRESSIO,ukb-b-7212,finn-b-F5_DEPRESSIO,,rs61813324,0.897277723478233,0.806481763364364,0.265887658876158
Leg fat mass (left) || id:ukb-b-7212,Depression || id:finn-b-F5_DEPRESSIO,ukb-b-7212,finn-b-F5_DEPRESSIO,,rs61826925,4.27583697234352,1.29314826367228,0.000944583371566458
Leg fat mass (left) || id:ukb-b-7212,Depression || id:finn-b-F5_DEPRESSIO,ukb-b-7212,finn-b-F5_DEPRESSIO,,rs61871585,-0.62075670242025,1.21147679020726,0.608373404129818
Leg fat mass (left) || id:ukb-b-7212,Depression || id:finn-b-F5_DEPRESSIO,ukb-b-7212,finn-b-F5_DEPRESSIO,,rs61903695,-0.220003384667456,1.07463191741411,0.837787448328823
Leg fat mass (left) || id:ukb-b-7212,Depression || id:finn-b-F5_DEPRESSIO,ukb-b-7212,finn-b-F5_DEPRESSIO,,rs61969511,0.191671857779482,0.902454997045059,0.831803269909901
Leg fat mass (left) || id:ukb-b-7212,Depression || id:finn-b-F5_DEPRESSIO,ukb-b-7212,finn-b-F5_DEPRESSIO,,rs61991651,-0.323780273455568,1.4685748117449,0.825503233278387
Leg fat mass (left) || id:ukb-b-7212,Depression || id:finn-b-F5_DEPRESSIO,ukb-b-7212,finn-b-F5_DEPRESSIO,,rs61992671,-0.743439756870691,0.906833110029084,0.412318830564319
Leg fat mass (left) || id:ukb-b-7212,Depression || id:finn-b-F5_DEPRESSIO,ukb-b-7212,finn-b-F5_DEPRESSIO,,rs62104473,-0.275599593162505,0.748056038583943,0.71255930200628
Leg fat mass (left) || id:ukb-b-7212,Depression || id:finn-b-F5_DEPRESSIO,ukb-b-7212,finn-b-F5_DEPRESSIO,,rs62107261,0.466486140322932,0.633901026919664,0.461793117829293
Leg fat mass (left) || id:ukb-b-7212,Depression || id:finn-b-F5_DEPRESSIO,ukb-b-7212,finn-b-F5_DEPRESSIO,,rs62124758,0.566775764349006,1.79612037997924,0.752339876665627
Leg fat mass (left) || id:ukb-b-7212,Depression || id:finn-b-F5_DEPRESSIO,ukb-b-7212,finn-b-F5_DEPRESSIO,,rs62237500,-2.00329914751036,1.4309279625074,0.161513318467542
Leg fat mass (left) || id:ukb-b-7212,Depression || id:finn-b-F5_DEPRESSIO,ukb-b-7212,finn-b-F5_DEPRESSIO,,rs62379271,-1.28967792907933,1.26644048891574,0.308512308460423
Leg fat mass (left) || id:ukb-b-7212,Depression || id:finn-b-F5_DEPRESSIO,ukb-b-7212,finn-b-F5_DEPRESSIO,,rs62396185,-1.3107501996846,0.45876256988961,0.00427473396017256
Leg fat mass (left) || id:ukb-b-7212,Depression || id:finn-b-F5_DEPRESSIO,ukb-b-7212,finn-b-F5_DEPRESSIO,,rs62407565,2.28922754921839,1.16096539996076,0.0486289038215588
Leg fat mass (left) || id:ukb-b-7212,Depression || id:finn-b-F5_DEPRESSIO,ukb-b-7212,finn-b-F5_DEPRESSIO,,rs62447181,1.42651486963437,1.50972823702971,0.344719178331812
Leg fat mass (left) || id:ukb-b-7212,Depression || id:finn-b-F5_DEPRESSIO,ukb-b-7212,finn-b-F5_DEPRESSIO,,rs642992,1.77313203597135,1.45519111917648,0.223038811952708
Leg fat mass (left) || id:ukb-b-7212,Depression || id:finn-b-F5_DEPRESSIO,ukb-b-7212,finn-b-F5_DEPRESSIO,,rs6444950,0.209135017567341,1.08750209135018,0.847501193268095
Leg fat mass (left) || id:ukb-b-7212,Depression || id:finn-b-F5_DEPRESSIO,ukb-b-7212,finn-b-F5_DEPRESSIO,,rs6460396,-0.24283658470404,1.20362481114177,0.840108742885044
Leg fat mass (left) || id:ukb-b-7212,Depression || id:finn-b-F5_DEPRESSIO,ukb-b-7212,finn-b-F5_DEPRESSIO,,rs6469351,-0.725371312393591,1.19168144178947,0.542726189445172
Leg fat mass (left) || id:ukb-b-7212,Depression || id:finn-b-F5_DEPRESSIO,ukb-b-7212,finn-b-F5_DEPRESSIO,,rs6472804,2.28303848134223,1.35039297407051,0.0909041502900886
Leg fat mass (left) || id:ukb-b-7212,Depression || id:finn-b-F5_DEPRESSIO,ukb-b-7212,finn-b-F5_DEPRESSIO,,rs6551304,1.83722804190169,1.01208702659146,0.0694798734636229
Leg fat mass (left) || id:ukb-b-7212,Depression || id:finn-b-F5_DEPRESSIO,ukb-b-7212,finn-b-F5_DEPRESSIO,,rs6561937,2.98507462686567,1.04944029850746,0.00444889433892135
Leg fat mass (left) || id:ukb-b-7212,Depression || id:finn-b-F5_DEPRESSIO,ukb-b-7212,finn-b-F5_DEPRESSIO,,rs6567160,-0.182510834974217,0.35988051966747,0.612054586012991
Leg fat mass (left) || id:ukb-b-7212,Depression || id:finn-b-F5_DEPRESSIO,ukb-b-7212,finn-b-F5_DEPRESSIO,,rs6569648,0.224592161052997,0.9051744672742,0.804041328918838
Leg fat mass (left) || id:ukb-b-7212,Depression || id:finn-b-F5_DEPRESSIO,ukb-b-7212,finn-b-F5_DEPRESSIO,,rs6575340,-0.232424510455875,0.729554713375385,0.750041934181799
Leg fat mass (left) || id:ukb-b-7212,Depression || id:finn-b-F5_DEPRESSIO,ukb-b-7212,finn-b-F5_DEPRESSIO,,rs6595447,-2.85981871090745,1.11215172090845,0.0101279905493906
Leg fat mass (left) || id:ukb-b-7212,Depression || id:finn-b-F5_DEPRESSIO,ukb-b-7212,finn-b-F5_DEPRESSIO,,rs66679256,0.526943653622372,0.827008789712889,0.524015326900126
Leg fat mass (left) || id:ukb-b-7212,Depression || id:finn-b-F5_DEPRESSIO,ukb-b-7212,finn-b-F5_DEPRESSIO,,rs6669189,1.02249488752556,1.01319947945715,0.312891043961832
Leg fat mass (left) || id:ukb-b-7212,Depression || id:finn-b-F5_DEPRESSIO,ukb-b-7212,finn-b-F5_DEPRESSIO,,rs667515,1.4591694457401,1.43422637829155,0.308967317012243
Leg fat mass (left) || id:ukb-b-7212,Depression || id:finn-b-F5_DEPRESSIO,ukb-b-7212,finn-b-F5_DEPRESSIO,,rs6688826,2.12802720964706,1.23680213894017,0.0853255698048197
Leg fat mass (left) || id:ukb-b-7212,Depression || id:finn-b-F5_DEPRESSIO,ukb-b-7212,finn-b-F5_DEPRESSIO,,rs6707827,1.46350288840157,1.451979243611,0.31348494384235
Leg fat mass (left) || id:ukb-b-7212,Depression || id:finn-b-F5_DEPRESSIO,ukb-b-7212,finn-b-F5_DEPRESSIO,,rs6725931,4.1389983623963,2.24045780921017,0.0646907014391744
Leg fat mass (left) || id:ukb-b-7212,Depression || id:finn-b-F5_DEPRESSIO,ukb-b-7212,finn-b-F5_DEPRESSIO,,rs6726271,-0.64697554944879,1.5950189288391,0.685020001499737
Leg fat mass (left) || id:ukb-b-7212,Depression || id:finn-b-F5_DEPRESSIO,ukb-b-7212,finn-b-F5_DEPRESSIO,,rs6744646,-0.253107527670981,0.374599140953051,0.49924658287522
Leg fat mass (left) || id:ukb-b-7212,Depression || id:finn-b-F5_DEPRESSIO,ukb-b-7212,finn-b-F5_DEPRESSIO,,rs67609008,-1.42581888246628,1.09441233140655,0.192637279169995
Leg fat mass (left) || id:ukb-b-7212,Depression || id:finn-b-F5_DEPRESSIO,ukb-b-7212,finn-b-F5_DEPRESSIO,,rs67632512,-0.28026033070719,1.18332139631925,0.812779285408195
Leg fat mass (left) || id:ukb-b-7212,Depression || id:finn-b-F5_DEPRESSIO,ukb-b-7212,finn-b-F5_DEPRESSIO,,rs6774894,-1.75889242021856,1.03617919804955,0.089606139631639
Leg fat mass (left) || id:ukb-b-7212,Depression || id:finn-b-F5_DEPRESSIO,ukb-b-7212,finn-b-F5_DEPRESSIO,,rs6782714,0.661890924715875,1.18272312777099,0.575729772249696
Leg fat mass (left) || id:ukb-b-7212,Depression || id:finn-b-F5_DEPRESSIO,ukb-b-7212,finn-b-F5_DEPRESSIO,,rs6834667,-0.54794128928203,1.51279442910474,0.717199049351605
Leg fat mass (left) || id:ukb-b-7212,Depression || id:finn-b-F5_DEPRESSIO,ukb-b-7212,finn-b-F5_DEPRESSIO,,rs6892707,1.3319126265317,1.60834732260432,0.407599712663706
Leg fat mass (left) || id:ukb-b-7212,Depression || id:finn-b-F5_DEPRESSIO,ukb-b-7212,finn-b-F5_DEPRESSIO,,rs6934060,-0.0664486167612944,1.24037417954416,0.957276620509357
Leg fat mass (left) || id:ukb-b-7212,Depression || id:finn-b-F5_DEPRESSIO,ukb-b-7212,finn-b-F5_DEPRESSIO,,rs693573,0.121760115525998,1.32718525923337,0.926902137611101
Leg fat mass (left) || id:ukb-b-7212,Depression || id:finn-b-F5_DEPRESSIO,ukb-b-7212,finn-b-F5_DEPRESSIO,,rs6938973,-0.520797812649187,0.719196979372687,0.468981059723151
Leg fat mass (left) || id:ukb-b-7212,Depression || id:finn-b-F5_DEPRESSIO,ukb-b-7212,finn-b-F5_DEPRESSIO,,rs6941322,-2.26424790716075,1.47557728781262,0.124910931671284
Leg fat mass (left) || id:ukb-b-7212,Depression || id:finn-b-F5_DEPRESSIO,ukb-b-7212,finn-b-F5_DEPRESSIO,,rs6954290,-2.33852897721157,1.16437216856978,0.0446004460046407
Leg fat mass (left) || id:ukb-b-7212,Depression || id:finn-b-F5_DEPRESSIO,ukb-b-7212,finn-b-F5_DEPRESSIO,,rs6973656,1.83426178057162,1.14514685748394,0.109206498907115
Leg fat mass (left) || id:ukb-b-7212,Depression || id:finn-b-F5_DEPRESSIO,ukb-b-7212,finn-b-F5_DEPRESSIO,,rs698147,-0.0885303954357663,1.07220145583317,0.934194404692542
Leg fat mass (left) || id:ukb-b-7212,Depression || id:finn-b-F5_DEPRESSIO,ukb-b-7212,finn-b-F5_DEPRESSIO,,rs6998660,-1.74202597621033,1.10128078955826,0.113691083114942
Leg fat mass (left) || id:ukb-b-7212,Depression || id:finn-b-F5_DEPRESSIO,ukb-b-7212,finn-b-F5_DEPRESSIO,,rs7004825,0.212968957644734,1.38855760384366,0.878103163440213
Leg fat mass (left) || id:ukb-b-7212,Depression || id:finn-b-F5_DEPRESSIO,ukb-b-7212,finn-b-F5_DEPRESSIO,,rs7034554,4.02554136590783,1.18981518204172,0.000716116579175256
Leg fat mass (left) || id:ukb-b-7212,Depression || id:finn-b-F5_DEPRESSIO,ukb-b-7212,finn-b-F5_DEPRESSIO,,rs7038943,-0.317032575097091,0.977517106549365,0.745692505957826
Leg fat mass (left) || id:ukb-b-7212,Depression || id:finn-b-F5_DEPRESSIO,ukb-b-7212,finn-b-F5_DEPRESSIO,,rs7070670,-1.66315214556893,1.24223092354223,0.180621797056086
Leg fat mass (left) || id:ukb-b-7212,Depression || id:finn-b-F5_DEPRESSIO,ukb-b-7212,finn-b-F5_DEPRESSIO,,rs7074981,1.70771317115639,1.32264059334662,0.196655399272775
Leg fat mass (left) || id:ukb-b-7212,Depression || id:finn-b-F5_DEPRESSIO,ukb-b-7212,finn-b-F5_DEPRESSIO,,rs7078200,1.52890982531172,1.19833472794703,0.202004281637937
Leg fat mass (left) || id:ukb-b-7212,Depression || id:finn-b-F5_DEPRESSIO,ukb-b-7212,finn-b-F5_DEPRESSIO,,rs7109303,1.61147265395365,1.48255484163736,0.27705602503262
Leg fat mass (left) || id:ukb-b-7212,Depression || id:finn-b-F5_DEPRESSIO,ukb-b-7212,finn-b-F5_DEPRESSIO,,rs7124681,0.275629209805509,0.654619373288084,0.673716649749524
Leg fat mass (left) || id:ukb-b-7212,Depression || id:finn-b-F5_DEPRESSIO,ukb-b-7212,finn-b-F5_DEPRESSIO,,rs7129648,0.358351107105837,1.48649348132792,0.809499756514064
Leg fat mass (left) || id:ukb-b-7212,Depression || id:finn-b-F5_DEPRESSIO,ukb-b-7212,finn-b-F5_DEPRESSIO,,rs71306190,1.19150393481689,1.97632688589388,0.546583141825111
Leg fat mass (left) || id:ukb-b-7212,Depression || id:finn-b-F5_DEPRESSIO,ukb-b-7212,finn-b-F5_DEPRESSIO,,rs7132908,-0.12088713890364,0.48354855561456,0.802587348634153
Leg fat mass (left) || id:ukb-b-7212,Depression || id:finn-b-F5_DEPRESSIO,ukb-b-7212,finn-b-F5_DEPRESSIO,,rs71495038,-1.04518725457636,0.908433782014965,0.249922502877711
Leg fat mass (left) || id:ukb-b-7212,Depression || id:finn-b-F5_DEPRESSIO,ukb-b-7212,finn-b-F5_DEPRESSIO,,rs7169796,1.86733291260709,1.12385777147649,0.0966053510040939
Leg fat mass (left) || id:ukb-b-7212,Depression || id:finn-b-F5_DEPRESSIO,ukb-b-7212,finn-b-F5_DEPRESSIO,,rs7172082,-0.379509772376639,1.08902804247209,0.727476090728835
Leg fat mass (left) || id:ukb-b-7212,Depression || id:finn-b-F5_DEPRESSIO,ukb-b-7212,finn-b-F5_DEPRESSIO,,rs719802,1.86515044451383,0.944900004929913,0.0483916313681771
Leg fat mass (left) || id:ukb-b-7212,Depression || id:finn-b-F5_DEPRESSIO,ukb-b-7212,finn-b-F5_DEPRESSIO,,rs7206608,0.93764650726676,1.0084122814001,0.352461927180254
Leg fat mass (left) || id:ukb-b-7212,Depression || id:finn-b-F5_DEPRESSIO,ukb-b-7212,finn-b-F5_DEPRESSIO,,rs7210186,-0.543989594962656,1.42179098683422,0.702009921814718
Leg fat mass (left) || id:ukb-b-7212,Depression || id:finn-b-F5_DEPRESSIO,ukb-b-7212,finn-b-F5_DEPRESSIO,,rs7218014,2.21540386963938,0.645949192058862,0.000604276765459645
Leg fat mass (left) || id:ukb-b-7212,Depression || id:finn-b-F5_DEPRESSIO,ukb-b-7212,finn-b-F5_DEPRESSIO,,rs7234208,-1.49377655343425,1.35684703603611,0.270932594813768
Leg fat mass (left) || id:ukb-b-7212,Depression || id:finn-b-F5_DEPRESSIO,ukb-b-7212,finn-b-F5_DEPRESSIO,,rs7247187,1.56662871943768,1.30552393286474,0.230139340443417
Leg fat mass (left) || id:ukb-b-7212,Depression || id:finn-b-F5_DEPRESSIO,ukb-b-7212,finn-b-F5_DEPRESSIO,,rs7258937,0.452898550724638,1.02845712560386,0.659671341714375
Leg fat mass (left) || id:ukb-b-7212,Depression || id:finn-b-F5_DEPRESSIO,ukb-b-7212,finn-b-F5_DEPRESSIO,,rs7259070,0.0279724191946741,0.769241527853536,0.970992408969173
Leg fat mass (left) || id:ukb-b-7212,Depression || id:finn-b-F5_DEPRESSIO,ukb-b-7212,finn-b-F5_DEPRESSIO,,rs72634826,1.44203737390442,0.886389945427485,0.103765630201192
Leg fat mass (left) || id:ukb-b-7212,Depression || id:finn-b-F5_DEPRESSIO,ukb-b-7212,finn-b-F5_DEPRESSIO,,rs72739243,0.720127058034349,1.26268854011502,0.568465764276261
Leg fat mass (left) || id:ukb-b-7212,Depression || id:finn-b-F5_DEPRESSIO,ukb-b-7212,finn-b-F5_DEPRESSIO,,rs7281127,-2.14160946412916,1.38312277891675,0.121529125955424
Leg fat mass (left) || id:ukb-b-7212,Depression || id:finn-b-F5_DEPRESSIO,ukb-b-7212,finn-b-F5_DEPRESSIO,,rs72811755,0.248837720480589,1.13221162818668,0.82604232532775
Leg fat mass (left) || id:ukb-b-7212,Depression || id:finn-b-F5_DEPRESSIO,ukb-b-7212,finn-b-F5_DEPRESSIO,,rs72815827,0.96829771036546,1.31332333130028,0.460947145693862
Leg fat mass (left) || id:ukb-b-7212,Depression || id:finn-b-F5_DEPRESSIO,ukb-b-7212,finn-b-F5_DEPRESSIO,,rs72847398,3.66987624486855,1.64356420782457,0.0255570756808726
Leg fat mass (left) || id:ukb-b-7212,Depression || id:finn-b-F5_DEPRESSIO,ukb-b-7212,finn-b-F5_DEPRESSIO,,rs72866851,2.62392738103681,1.72779493395053,0.128848926918728
Leg fat mass (left) || id:ukb-b-7212,Depression || id:finn-b-F5_DEPRESSIO,ukb-b-7212,finn-b-F5_DEPRESSIO,,rs72892910,0.17159866923481,0.472771843810191,0.71663255157525
Leg fat mass (left) || id:ukb-b-7212,Depression || id:finn-b-F5_DEPRESSIO,ukb-b-7212,finn-b-F5_DEPRESSIO,,rs72987426,2.70142351841745,1.29580477712707,0.0370923842907742
Leg fat mass (left) || id:ukb-b-7212,Depression || id:finn-b-F5_DEPRESSIO,ukb-b-7212,finn-b-F5_DEPRESSIO,,rs73052033,-0.356084329147597,0.775007069321241,0.645904258226149
Leg fat mass (left) || id:ukb-b-7212,Depression || id:finn-b-F5_DEPRESSIO,ukb-b-7212,finn-b-F5_DEPRESSIO,,rs73122615,-0.475511174512601,1.15481285238775,0.680511892901687
Leg fat mass (left) || id:ukb-b-7212,Depression || id:finn-b-F5_DEPRESSIO,ukb-b-7212,finn-b-F5_DEPRESSIO,,rs73175572,3.26913510056144,1.33450200964948,0.014297363805107
Leg fat mass (left) || id:ukb-b-7212,Depression || id:finn-b-F5_DEPRESSIO,ukb-b-7212,finn-b-F5_DEPRESSIO,,rs73213484,0.161666675648149,0.82988893499383,0.845545455337514
Leg fat mass (left) || id:ukb-b-7212,Depression || id:finn-b-F5_DEPRESSIO,ukb-b-7212,finn-b-F5_DEPRESSIO,,rs73234451,0.219193368404272,1.32180243371061,0.868291408699263
Leg fat mass (left) || id:ukb-b-7212,Depression || id:finn-b-F5_DEPRESSIO,ukb-b-7212,finn-b-F5_DEPRESSIO,,rs73371569,-0.190668675043377,1.08204473087117,0.860127822797923
Leg fat mass (left) || id:ukb-b-7212,Depression || id:finn-b-F5_DEPRESSIO,ukb-b-7212,finn-b-F5_DEPRESSIO,,rs73985439,0.200236643305725,1.08309820697188,0.853327903984963
Leg fat mass (left) || id:ukb-b-7212,Depression || id:finn-b-F5_DEPRESSIO,ukb-b-7212,finn-b-F5_DEPRESSIO,,rs74288880,-4.0159176371801,1.74509875506553,0.0213772087149479
Leg fat mass (left) || id:ukb-b-7212,Depression || id:finn-b-F5_DEPRESSIO,ukb-b-7212,finn-b-F5_DEPRESSIO,,rs74318565,-1.0204577481899,1.70987414354439,0.550639020333768
Leg fat mass (left) || id:ukb-b-7212,Depression || id:finn-b-F5_DEPRESSIO,ukb-b-7212,finn-b-F5_DEPRESSIO,,rs7442885,0.993723065860369,0.699101654374129,0.155192205233756
Leg fat mass (left) || id:ukb-b-7212,Depression || id:finn-b-F5_DEPRESSIO,ukb-b-7212,finn-b-F5_DEPRESSIO,,rs745249,-0.432000652076456,0.937359905448914,0.644892188366209
Leg fat mass (left) || id:ukb-b-7212,Depression || id:finn-b-F5_DEPRESSIO,ukb-b-7212,finn-b-F5_DEPRESSIO,,rs7460093,0.861860734645554,1.2474300106712,0.489622672771977
Leg fat mass (left) || id:ukb-b-7212,Depression || id:finn-b-F5_DEPRESSIO,ukb-b-7212,finn-b-F5_DEPRESSIO,,rs74606352,-1.38584514318159,1.28242386383968,0.27985498542693
Leg fat mass (left) || id:ukb-b-7212,Depression || id:finn-b-F5_DEPRESSIO,ukb-b-7212,finn-b-F5_DEPRESSIO,,rs74796445,1.25846629146727,1.47451200674063,0.393393255266638
Leg fat mass (left) || id:ukb-b-7212,Depression || id:finn-b-F5_DEPRESSIO,ukb-b-7212,finn-b-F5_DEPRESSIO,,rs7498665,-0.676395179313276,0.507296384484957,0.182422439451736
Leg fat mass (left) || id:ukb-b-7212,Depression || id:finn-b-F5_DEPRESSIO,ukb-b-7212,finn-b-F5_DEPRESSIO,,rs75128238,0.132095549113859,1.77595127141966,0.940707890885741
Leg fat mass (left) || id:ukb-b-7212,Depression || id:finn-b-F5_DEPRESSIO,ukb-b-7212,finn-b-F5_DEPRESSIO,,rs7537581,-0.679701637463036,0.971002339232908,0.483927304446146
Leg fat mass (left) || id:ukb-b-7212,Depression || id:finn-b-F5_DEPRESSIO,ukb-b-7212,finn-b-F5_DEPRESSIO,,rs75412871,-0.9186762710095,1.13268608414239,0.41733126818552
Leg fat mass (left) || id:ukb-b-7212,Depression || id:finn-b-F5_DEPRESSIO,ukb-b-7212,finn-b-F5_DEPRESSIO,,rs754209,1.29450515252278,1.47756648722297,0.380972305435952
Leg fat mass (left) || id:ukb-b-7212,Depression || id:finn-b-F5_DEPRESSIO,ukb-b-7212,finn-b-F5_DEPRESSIO,,rs754635,0.541686567338047,1.06007478769381,0.609358751588087
Leg fat mass (left) || id:ukb-b-7212,Depression || id:finn-b-F5_DEPRESSIO,ukb-b-7212,finn-b-F5_DEPRESSIO,,rs75557510,0.624879830801769,1.10992641275279,0.573440245712635
Leg fat mass (left) || id:ukb-b-7212,Depression || id:finn-b-F5_DEPRESSIO,ukb-b-7212,finn-b-F5_DEPRESSIO,,rs75646226,3.43831660019255,1.47356425722538,0.0196306572572907
Leg fat mass (left) || id:ukb-b-7212,Depression || id:finn-b-F5_DEPRESSIO,ukb-b-7212,finn-b-F5_DEPRESSIO,,rs756717,0.342293825019397,1.15135195688343,0.766239544861786
Leg fat mass (left) || id:ukb-b-7212,Depression || id:finn-b-F5_DEPRESSIO,ukb-b-7212,finn-b-F5_DEPRESSIO,,rs7575523,-0.416183596420821,0.659948274324445,0.528282066059112
Leg fat mass (left) || id:ukb-b-7212,Depression || id:finn-b-F5_DEPRESSIO,ukb-b-7212,finn-b-F5_DEPRESSIO,,rs7589069,1.80122724765582,1.46511307225593,0.21891746150888
Leg fat mass (left) || id:ukb-b-7212,Depression || id:finn-b-F5_DEPRESSIO,ukb-b-7212,finn-b-F5_DEPRESSIO,,rs7607923,-0.907283135314342,1.19547895476713,0.447895286443826
Leg fat mass (left) || id:ukb-b-7212,Depression || id:finn-b-F5_DEPRESSIO,ukb-b-7212,finn-b-F5_DEPRESSIO,,rs76084874,-1.81783303340611,1.69908012167606,0.284667711482275
Leg fat mass (left) || id:ukb-b-7212,Depression || id:finn-b-F5_DEPRESSIO,ukb-b-7212,finn-b-F5_DEPRESSIO,,rs7611660,1.74133326234905,1.33095535975723,0.190760273819826
Leg fat mass (left) || id:ukb-b-7212,Depression || id:finn-b-F5_DEPRESSIO,ukb-b-7212,finn-b-F5_DEPRESSIO,,rs7619139,2.02964879116506,1.0944184658243,0.0636611634527228
Leg fat mass (left) || id:ukb-b-7212,Depression || id:finn-b-F5_DEPRESSIO,ukb-b-7212,finn-b-F5_DEPRESSIO,,rs7647375,-0.543209936154726,1.32784651060044,0.682472947499482
Leg fat mass (left) || id:ukb-b-7212,Depression || id:finn-b-F5_DEPRESSIO,ukb-b-7212,finn-b-F5_DEPRESSIO,,rs7663885,0.364878018924222,1.31826897159719,0.781944651139925
Leg fat mass (left) || id:ukb-b-7212,Depression || id:finn-b-F5_DEPRESSIO,ukb-b-7212,finn-b-F5_DEPRESSIO,,rs76638898,0.301275039004358,1.04370281369367,0.772841733354203
Leg fat mass (left) || id:ukb-b-7212,Depression || id:finn-b-F5_DEPRESSIO,ukb-b-7212,finn-b-F5_DEPRESSIO,,rs7669124,-0.11114383679639,1.27815412315849,0.930706071768414
Leg fat mass (left) || id:ukb-b-7212,Depression || id:finn-b-F5_DEPRESSIO,ukb-b-7212,finn-b-F5_DEPRESSIO,,rs76702514,0.736346562750792,1.07556239502925,0.493586656306935
Leg fat mass (left) || id:ukb-b-7212,Depression || id:finn-b-F5_DEPRESSIO,ukb-b-7212,finn-b-F5_DEPRESSIO,,rs7683836,-1.92065175523298,1.15028044681536,0.0949738305092033
Leg fat mass (left) || id:ukb-b-7212,Depression || id:finn-b-F5_DEPRESSIO,ukb-b-7212,finn-b-F5_DEPRESSIO,,rs76895963,-0.491539098098345,0.678199515097717,0.468592749074925
Leg fat mass (left) || id:ukb-b-7212,Depression || id:finn-b-F5_DEPRESSIO,ukb-b-7212,finn-b-F5_DEPRESSIO,,rs7692662,0.159689073090917,1.33893145899307,0.905064575656165
Leg fat mass (left) || id:ukb-b-7212,Depression || id:finn-b-F5_DEPRESSIO,ukb-b-7212,finn-b-F5_DEPRESSIO,,rs77051371,1.23959841920518,1.78575811875598,0.487583081192526
Leg fat mass (left) || id:ukb-b-7212,Depression || id:finn-b-F5_DEPRESSIO,ukb-b-7212,finn-b-F5_DEPRESSIO,,rs7708584,-1.21666921911957,0.944407575680229,0.197645628445586
Leg fat mass (left) || id:ukb-b-7212,Depression || id:finn-b-F5_DEPRESSIO,ukb-b-7212,finn-b-F5_DEPRESSIO,,rs77149883,-0.398261763845898,1.39139552938567,0.774700524902821
Leg fat mass (left) || id:ukb-b-7212,Depression || id:finn-b-F5_DEPRESSIO,ukb-b-7212,finn-b-F5_DEPRESSIO,,rs7761673,0.0617001022458837,1.3485879490886,0.963508208896804
Leg fat mass (left) || id:ukb-b-7212,Depression || id:finn-b-F5_DEPRESSIO,ukb-b-7212,finn-b-F5_DEPRESSIO,,rs7774,0.572500594519848,0.977654861410818,0.558154037251215
Leg fat mass (left) || id:ukb-b-7212,Depression || id:finn-b-F5_DEPRESSIO,ukb-b-7212,finn-b-F5_DEPRESSIO,,rs7782529,-1.0032263760253,1.18782002921395,0.398337228092524
Leg fat mass (left) || id:ukb-b-7212,Depression || id:finn-b-F5_DEPRESSIO,ukb-b-7212,finn-b-F5_DEPRESSIO,,rs77952793,-0.651558650459145,1.35911062244212,0.631653560696737
Leg fat mass (left) || id:ukb-b-7212,Depression || id:finn-b-F5_DEPRESSIO,ukb-b-7212,finn-b-F5_DEPRESSIO,,rs77978620,-0.100320725358973,1.19381663177177,0.933029706611467
Leg fat mass (left) || id:ukb-b-7212,Depression || id:finn-b-F5_DEPRESSIO,ukb-b-7212,finn-b-F5_DEPRESSIO,,rs7828631,-0.872077178830327,1.56701368071074,0.577854237452144
Leg fat mass (left) || id:ukb-b-7212,Depression || id:finn-b-F5_DEPRESSIO,ukb-b-7212,finn-b-F5_DEPRESSIO,,rs7837172,0.499733862663837,1.38298441062783,0.717841903272377
Leg fat mass (left) || id:ukb-b-7212,Depression || id:finn-b-F5_DEPRESSIO,ukb-b-7212,finn-b-F5_DEPRESSIO,,rs784257,0.807810572763754,1.25948960269618,0.521276271861498
Leg fat mass (left) || id:ukb-b-7212,Depression || id:finn-b-F5_DEPRESSIO,ukb-b-7212,finn-b-F5_DEPRESSIO,,rs7851623,-1.18482750141117,1.29660368078959,0.360825570956311
Leg fat mass (left) || id:ukb-b-7212,Depression || id:finn-b-F5_DEPRESSIO,ukb-b-7212,finn-b-F5_DEPRESSIO,,rs7852500,0.436299645748927,1.34525724105919,0.745692505957826
Leg fat mass (left) || id:ukb-b-7212,Depression || id:finn-b-F5_DEPRESSIO,ukb-b-7212,finn-b-F5_DEPRESSIO,,rs785510,0.290939497515161,1.33616658118074,0.827630187714381
Leg fat mass (left) || id:ukb-b-7212,Depression || id:finn-b-F5_DEPRESSIO,ukb-b-7212,finn-b-F5_DEPRESSIO,,rs78565420,0.229080860771334,1.36494012876253,0.866715315158976
Leg fat mass (left) || id:ukb-b-7212,Depression || id:finn-b-F5_DEPRESSIO,ukb-b-7212,finn-b-F5_DEPRESSIO,,rs7865801,0.191736987982352,1.22498631210947,0.875621785073035
Leg fat mass (left) || id:ukb-b-7212,Depression || id:finn-b-F5_DEPRESSIO,ukb-b-7212,finn-b-F5_DEPRESSIO,,rs78719460,0.771831814172302,1.13937077330197,0.49813992156856
Leg fat mass (left) || id:ukb-b-7212,Depression || id:finn-b-F5_DEPRESSIO,ukb-b-7212,finn-b-F5_DEPRESSIO,,rs7893571,0.716827526177005,1.00697200105817,0.476548744736444
Leg fat mass (left) || id:ukb-b-7212,Depression || id:finn-b-F5_DEPRESSIO,ukb-b-7212,finn-b-F5_DEPRESSIO,,rs7916385,0.0997694217807733,0.886839304717985,0.91042696974349
Leg fat mass (left) || id:ukb-b-7212,Depression || id:finn-b-F5_DEPRESSIO,ukb-b-7212,finn-b-F5_DEPRESSIO,,rs7918733,-0.0599061390613187,1.36585997059807,0.965016279664114
Leg fat mass (left) || id:ukb-b-7212,Depression || id:finn-b-F5_DEPRESSIO,ukb-b-7212,finn-b-F5_DEPRESSIO,,rs79197301,-0.93159732681773,1.69584184043467,0.582770697107642
Leg fat mass (left) || id:ukb-b-7212,Depression || id:finn-b-F5_DEPRESSIO,ukb-b-7212,finn-b-F5_DEPRESSIO,,rs79207593,-1.86131169882422,1.67380855471662,0.266128752422556
Leg fat mass (left) || id:ukb-b-7212,Depression || id:finn-b-F5_DEPRESSIO,ukb-b-7212,finn-b-F5_DEPRESSIO,,rs7938352,-1.05667763531147,0.822648360376716,0.198973092464889
Leg fat mass (left) || id:ukb-b-7212,Depression || id:finn-b-F5_DEPRESSIO,ukb-b-7212,finn-b-F5_DEPRESSIO,,rs7944782,0.586269053744247,0.953780997882431,0.538766797619185
Leg fat mass (left) || id:ukb-b-7212,Depression || id:finn-b-F5_DEPRESSIO,ukb-b-7212,finn-b-F5_DEPRESSIO,,rs79518326,1.35497890834718,1.36918204155837,0.322356684975823
Leg fat mass (left) || id:ukb-b-7212,Depression || id:finn-b-F5_DEPRESSIO,ukb-b-7212,finn-b-F5_DEPRESSIO,,rs79847714,0.884079763640897,0.97475461119381,0.364419095392323
Leg fat mass (left) || id:ukb-b-7212,Depression || id:finn-b-F5_DEPRESSIO,ukb-b-7212,finn-b-F5_DEPRESSIO,,rs8020365,-0.608604312525077,0.57253887178285,0.287785522161792
Leg fat mass (left) || id:ukb-b-7212,Depression || id:finn-b-F5_DEPRESSIO,ukb-b-7212,finn-b-F5_DEPRESSIO,,rs8078135,0.791803403800656,1.03983820499122,0.446377650856754
Leg fat mass (left) || id:ukb-b-7212,Depression || id:finn-b-F5_DEPRESSIO,ukb-b-7212,finn-b-F5_DEPRESSIO,,rs8093356,0.102343670044008,1.21882007052409,0.933080708887485
Leg fat mass (left) || id:ukb-b-7212,Depression || id:finn-b-F5_DEPRESSIO,ukb-b-7212,finn-b-F5_DEPRESSIO,,rs8132491,-0.536296739139991,1.02863472917015,0.602110772290203
Leg fat mass (left) || id:ukb-b-7212,Depression || id:finn-b-F5_DEPRESSIO,ukb-b-7212,finn-b-F5_DEPRESSIO,,rs815163,-0.506059852299141,0.934924133908583,0.588311568766571
Leg fat mass (left) || id:ukb-b-7212,Depression || id:finn-b-F5_DEPRESSIO,ukb-b-7212,finn-b-F5_DEPRESSIO,,rs845081,-0.15025861819863,1.29453578755743,0.907595932429892
Leg fat mass (left) || id:ukb-b-7212,Depression || id:finn-b-F5_DEPRESSIO,ukb-b-7212,finn-b-F5_DEPRESSIO,,rs852042,2.30009499927253,1.36935888328783,0.093018133107948
Leg fat mass (left) || id:ukb-b-7212,Depression || id:finn-b-F5_DEPRESSIO,ukb-b-7212,finn-b-F5_DEPRESSIO,,rs862320,0.602845430431637,0.780152909970354,0.439683802605572
Leg fat mass (left) || id:ukb-b-7212,Depression || id:finn-b-F5_DEPRESSIO,ukb-b-7212,finn-b-F5_DEPRESSIO,,rs879620,-0.685796225003507,0.571496854169589,0.230139340443417
Leg fat mass (left) || id:ukb-b-7212,Depression || id:finn-b-F5_DEPRESSIO,ukb-b-7212,finn-b-F5_DEPRESSIO,,rs885325,2.41381960432842,1.33138928848608,0.0698305673839326
Leg fat mass (left) || id:ukb-b-7212,Depression || id:finn-b-F5_DEPRESSIO,ukb-b-7212,finn-b-F5_DEPRESSIO,,rs898979,0.586072779583356,1.21654501216545,0.629982255832007
Leg fat mass (left) || id:ukb-b-7212,Depression || id:finn-b-F5_DEPRESSIO,ukb-b-7212,finn-b-F5_DEPRESSIO,,rs9289970,1.90337109993519,1.20601530901066,0.114512483754783
Leg fat mass (left) || id:ukb-b-7212,Depression || id:finn-b-F5_DEPRESSIO,ukb-b-7212,finn-b-F5_DEPRESSIO,,rs9294260,0.466499504344277,0.908007963812967,0.607418770716388
Leg fat mass (left) || id:ukb-b-7212,Depression || id:finn-b-F5_DEPRESSIO,ukb-b-7212,finn-b-F5_DEPRESSIO,,rs9309184,2.32276116883503,1.4854867940224,0.117902990051225
Leg fat mass (left) || id:ukb-b-7212,Depression || id:finn-b-F5_DEPRESSIO,ukb-b-7212,finn-b-F5_DEPRESSIO,,rs934224,-0.529416086469854,1.28572478142679,0.680511892901687
Leg fat mass (left) || id:ukb-b-7212,Depression || id:finn-b-F5_DEPRESSIO,ukb-b-7212,finn-b-F5_DEPRESSIO,,rs9375617,4.84986594038689,1.49308099911474,0.00116126605761758
Leg fat mass (left) || id:ukb-b-7212,Depression || id:finn-b-F5_DEPRESSIO,ukb-b-7212,finn-b-F5_DEPRESSIO,,rs9387013,0.0260265297092837,1.04973669827444,0.980219764707699
Leg fat mass (left) || id:ukb-b-7212,Depression || id:finn-b-F5_DEPRESSIO,ukb-b-7212,finn-b-F5_DEPRESSIO,,rs9389857,0.503373093227658,1.53479443131178,0.742931112189828
Leg fat mass (left) || id:ukb-b-7212,Depression || id:finn-b-F5_DEPRESSIO,ukb-b-7212,finn-b-F5_DEPRESSIO,,rs9395885,1.82655238237826,1.33997080510536,0.172842018780141
Leg fat mass (left) || id:ukb-b-7212,Depression || id:finn-b-F5_DEPRESSIO,ukb-b-7212,finn-b-F5_DEPRESSIO,,rs9421249,-1.13559673986399,0.856564398068837,0.184920009507989
Leg fat mass (left) || id:ukb-b-7212,Depression || id:finn-b-F5_DEPRESSIO,ukb-b-7212,finn-b-F5_DEPRESSIO,,rs9449357,-1.291628810167,1.28058924768694,0.313156580963702
Leg fat mass (left) || id:ukb-b-7212,Depression || id:finn-b-F5_DEPRESSIO,ukb-b-7212,finn-b-F5_DEPRESSIO,,rs9449999,0.433587222740427,1.23405594164583,0.725324774655607
Leg fat mass (left) || id:ukb-b-7212,Depression || id:finn-b-F5_DEPRESSIO,ukb-b-7212,finn-b-F5_DEPRESSIO,,rs9480184,0.595785244952848,1.21710414326082,0.624480330100166
Leg fat mass (left) || id:ukb-b-7212,Depression || id:finn-b-F5_DEPRESSIO,ukb-b-7212,finn-b-F5_DEPRESSIO,,rs9522183,0.956899324541653,0.884528787391444,0.279333325944732
Leg fat mass (left) || id:ukb-b-7212,Depression || id:finn-b-F5_DEPRESSIO,ukb-b-7212,finn-b-F5_DEPRESSIO,,rs9522279,0.763817788828759,0.88570360619505,0.388475515438069
Leg fat mass (left) || id:ukb-b-7212,Depression || id:finn-b-F5_DEPRESSIO,ukb-b-7212,finn-b-F5_DEPRESSIO,,rs9532583,0.899085268312732,1.3544661184971,0.506822740297428
Leg fat mass (left) || id:ukb-b-7212,Depression || id:finn-b-F5_DEPRESSIO,ukb-b-7212,finn-b-F5_DEPRESSIO,,rs9571687,-1.9319302860901,1.33590924038145,0.148134055694567
Leg fat mass (left) || id:ukb-b-7212,Depression || id:finn-b-F5_DEPRESSIO,ukb-b-7212,finn-b-F5_DEPRESSIO,,rs959930,-0.784301624404381,1.40145700098488,0.575729772249696
Leg fat mass (left) || id:ukb-b-7212,Depression || id:finn-b-F5_DEPRESSIO,ukb-b-7212,finn-b-F5_DEPRESSIO,,rs9610311,1.73686401010221,1.25622239724374,0.166784881327753
Leg fat mass (left) || id:ukb-b-7212,Depression || id:finn-b-F5_DEPRESSIO,ukb-b-7212,finn-b-F5_DEPRESSIO,,rs9615937,-1.73333069708893,1.37743770224938,0.208256817394626
Leg fat mass (left) || id:ukb-b-7212,Depression || id:finn-b-F5_DEPRESSIO,ukb-b-7212,finn-b-F5_DEPRESSIO,,rs961770,2.33022951813506,1.28825696937548,0.0704784236098514
Leg fat mass (left) || id:ukb-b-7212,Depression || id:finn-b-F5_DEPRESSIO,ukb-b-7212,finn-b-F5_DEPRESSIO,,rs9654453,-1.2741940527188,1.48525687126731,0.390950590718242
Leg fat mass (left) || id:ukb-b-7212,Depression || id:finn-b-F5_DEPRESSIO,ukb-b-7212,finn-b-F5_DEPRESSIO,,rs9783304,-0.694829682675767,0.661208891578552,0.293328655352732
Leg fat mass (left) || id:ukb-b-7212,Depression || id:finn-b-F5_DEPRESSIO,ukb-b-7212,finn-b-F5_DEPRESSIO,,rs9784934,1.61771334366529,1.42013003451533,0.254648755118831
Leg fat mass (left) || id:ukb-b-7212,Depression || id:finn-b-F5_DEPRESSIO,ukb-b-7212,finn-b-F5_DEPRESSIO,,rs9788550,1.67013439802058,0.641061688129112,0.00918037190499943
Leg fat mass (left) || id:ukb-b-7212,Depression || id:finn-b-F5_DEPRESSIO,ukb-b-7212,finn-b-F5_DEPRESSIO,,rs979724,-1.33907482328552,1.53745627858708,0.383771766671716
Leg fat mass (left) || id:ukb-b-7212,Depression || id:finn-b-F5_DEPRESSIO,ukb-b-7212,finn-b-F5_DEPRESSIO,,rs9800418,-2.29744302286341,1.37406879357859,0.0945243220731336
Leg fat mass (left) || id:ukb-b-7212,Depression || id:finn-b-F5_DEPRESSIO,ukb-b-7212,finn-b-F5_DEPRESSIO,,rs9833368,-2.53084722738813,1.26946650063878,0.04619244165909
Leg fat mass (left) || id:ukb-b-7212,Depression || id:finn-b-F5_DEPRESSIO,ukb-b-7212,finn-b-F5_DEPRESSIO,,rs9839081,-0.935732210454681,1.02079877504147,0.359317338329571
Leg fat mass (left) || id:ukb-b-7212,Depression || id:finn-b-F5_DEPRESSIO,ukb-b-7212,finn-b-F5_DEPRESSIO,,rs9843653,1.41535708089451,0.506789148320291,0.00522551528572221
Leg fat mass (left) || id:ukb-b-7212,Depression || id:finn-b-F5_DEPRESSIO,ukb-b-7212,finn-b-F5_DEPRESSIO,,rs9893691,0.649275168052311,1.26713379571499,0.608373404129818
Leg fat mass (left) || id:ukb-b-7212,Depression || id:finn-b-F5_DEPRESSIO,ukb-b-7212,finn-b-F5_DEPRESSIO,,rs9917946,-1.00761952286817,1.13237241617565,0.373556902227259
Leg fat mass (left) || id:ukb-b-7212,Depression || id:finn-b-F5_DEPRESSIO,ukb-b-7212,finn-b-F5_DEPRESSIO,,rs9926784,0.0528748829199021,1.08771187720941,0.961229215048716
Leg fat mass (left) || id:ukb-b-7212,Depression || id:finn-b-F5_DEPRESSIO,ukb-b-7212,finn-b-F5_DEPRESSIO,,rs9927993,-0.0586896479677536,1.60809635431645,0.970886588759243
Leg fat mass (left) || id:ukb-b-7212,Depression || id:finn-b-F5_DEPRESSIO,ukb-b-7212,finn-b-F5_DEPRESSIO,,rs9955276,-0.696613882006535,1.03414844339115,0.500558587264526
Leg fat mass (left) || id:ukb-b-7212,Depression || id:finn-b-F5_DEPRESSIO,ukb-b-7212,finn-b-F5_DEPRESSIO,,rs9968060,-0.136885846981178,1.11464189684674,0.902259917132016
Leg fat mass (left) || id:ukb-b-7212,Depression || id:finn-b-F5_DEPRESSIO,ukb-b-7212,finn-b-F5_DEPRESSIO,,rs9998491,1.15883247628015,1.51438334968428,0.444142105335189
Leg fat mass (left) || id:ukb-b-7212,Depression || id:finn-b-F5_DEPRESSIO,ukb-b-7212,finn-b-F5_DEPRESSIO,,All - Inverse variance weighted,0.158789544721953,0.0449905276306462,0.000416503900679474
Leg fat mass (left) || id:ukb-b-7212,Depression || id:finn-b-F5_DEPRESSIO,ukb-b-7212,finn-b-F5_DEPRESSIO,,All - MR Egger,0.0916593506862602,0.12068076155101,0.447836916679592
