exposure,outcome,id.exposure,id.outcome,samplesize,SNP,b,se,p,outcome_code
Leg fat percentage (right) || id:ukb-b-20531,Depression || id:finn-b-F5_DEPRESSIO,ukb-b-20531,finn-b-F5_DEPRESSIO,,rs10050620,0.231369081102807,0.062792423382042,0.000229003115868567,DD
Leg fat percentage (right) || id:ukb-b-20531,Depression || id:finn-b-F5_DEPRESSIO,ukb-b-20531,finn-b-F5_DEPRESSIO,,rs10070916,0.230617222886304,0.0628006359045102,0.00024046045974565,DD
Leg fat percentage (right) || id:ukb-b-20531,Depression || id:finn-b-F5_DEPRESSIO,ukb-b-20531,finn-b-F5_DEPRESSIO,,rs10079475,0.228518787497767,0.0628277681303278,0.000275590181395915,DD
Leg fat percentage (right) || id:ukb-b-20531,Depression || id:finn-b-F5_DEPRESSIO,ukb-b-20531,finn-b-F5_DEPRESSIO,,rs10085776,0.229642908185101,0.0628187382052912,0.000256537717275502,DD
Leg fat percentage (right) || id:ukb-b-20531,Depression || id:finn-b-F5_DEPRESSIO,ukb-b-20531,finn-b-F5_DEPRESSIO,,rs10100245,0.230625138446003,0.0628787561736128,0.000244670210839223,DD
Leg fat percentage (right) || id:ukb-b-20531,Depression || id:finn-b-F5_DEPRESSIO,ukb-b-20531,finn-b-F5_DEPRESSIO,,rs10101487,0.23009482278509,0.062810146000528,0.000248949251382763,DD
Leg fat percentage (right) || id:ukb-b-20531,Depression || id:finn-b-F5_DEPRESSIO,ukb-b-20531,finn-b-F5_DEPRESSIO,,rs10119967,0.227013268213098,0.0627995653456948,0.000300479838884871,DD
Leg fat percentage (right) || id:ukb-b-20531,Depression || id:finn-b-F5_DEPRESSIO,ukb-b-20531,finn-b-F5_DEPRESSIO,,rs1013293,0.23590424142476,0.0625961504811691,0.000164119619208853,DD
Leg fat percentage (right) || id:ukb-b-20531,Depression || id:finn-b-F5_DEPRESSIO,ukb-b-20531,finn-b-F5_DEPRESSIO,,rs10145749,0.225708459630702,0.0627142991231198,0.000319449121868055,DD
Leg fat percentage (right) || id:ukb-b-20531,Depression || id:finn-b-F5_DEPRESSIO,ukb-b-20531,finn-b-F5_DEPRESSIO,,rs10172070,0.225957550575162,0.0626551840866091,0.000310514614563086,DD
Leg fat percentage (right) || id:ukb-b-20531,Depression || id:finn-b-F5_DEPRESSIO,ukb-b-20531,finn-b-F5_DEPRESSIO,,rs10187101,0.232927393475,0.062738258034521,0.000205072007922739,DD
Leg fat percentage (right) || id:ukb-b-20531,Depression || id:finn-b-F5_DEPRESSIO,ukb-b-20531,finn-b-F5_DEPRESSIO,,rs10209821,0.230754384099214,0.0628682747333911,0.000242130986438098,DD
Leg fat percentage (right) || id:ukb-b-20531,Depression || id:finn-b-F5_DEPRESSIO,ukb-b-20531,finn-b-F5_DEPRESSIO,,rs10210468,0.230092217107404,0.0628197453671674,0.000249534524913017,DD
Leg fat percentage (right) || id:ukb-b-20531,Depression || id:finn-b-F5_DEPRESSIO,ukb-b-20531,finn-b-F5_DEPRESSIO,,rs1022185,0.223656705986154,0.0625033520747382,0.000345816014606431,DD
Leg fat percentage (right) || id:ukb-b-20531,Depression || id:finn-b-F5_DEPRESSIO,ukb-b-20531,finn-b-F5_DEPRESSIO,,rs10245306,0.229309832145958,0.0628306336430058,0.000262597698806455,DD
Leg fat percentage (right) || id:ukb-b-20531,Depression || id:finn-b-F5_DEPRESSIO,ukb-b-20531,finn-b-F5_DEPRESSIO,,rs10404726,0.224331457253602,0.0628192306571002,0.000355534773943771,DD
Leg fat percentage (right) || id:ukb-b-20531,Depression || id:finn-b-F5_DEPRESSIO,ukb-b-20531,finn-b-F5_DEPRESSIO,,rs10423928,0.228344430555609,0.0630452958954359,0.00029243509964862,DD
Leg fat percentage (right) || id:ukb-b-20531,Depression || id:finn-b-F5_DEPRESSIO,ukb-b-20531,finn-b-F5_DEPRESSIO,,rs10493979,0.228508493506643,0.0628291496896583,0.000275851080410021,DD
Leg fat percentage (right) || id:ukb-b-20531,Depression || id:finn-b-F5_DEPRESSIO,ukb-b-20531,finn-b-F5_DEPRESSIO,,rs10498240,0.237047151341666,0.0626266958028506,0.000153658177269431,DD
Leg fat percentage (right) || id:ukb-b-20531,Depression || id:finn-b-F5_DEPRESSIO,ukb-b-20531,finn-b-F5_DEPRESSIO,,rs10499014,0.228819051887499,0.0628607484665702,0.000272538215458335,DD
Leg fat percentage (right) || id:ukb-b-20531,Depression || id:finn-b-F5_DEPRESSIO,ukb-b-20531,finn-b-F5_DEPRESSIO,,rs10510025,0.231142033051517,0.0628583264180256,0.00023581704501265,DD
Leg fat percentage (right) || id:ukb-b-20531,Depression || id:finn-b-F5_DEPRESSIO,ukb-b-20531,finn-b-F5_DEPRESSIO,,rs10514963,0.233681973639856,0.0627449852481867,0.000195847702969977,DD
Leg fat percentage (right) || id:ukb-b-20531,Depression || id:finn-b-F5_DEPRESSIO,ukb-b-20531,finn-b-F5_DEPRESSIO,,rs10756793,0.233013802036552,0.0628076583783414,0.000207293276892685,DD
Leg fat percentage (right) || id:ukb-b-20531,Depression || id:finn-b-F5_DEPRESSIO,ukb-b-20531,finn-b-F5_DEPRESSIO,,rs10761737,0.228927517454689,0.0628345436822058,0.000269124448444472,DD
Leg fat percentage (right) || id:ukb-b-20531,Depression || id:finn-b-F5_DEPRESSIO,ukb-b-20531,finn-b-F5_DEPRESSIO,,rs10777256,0.232046718146007,0.062705640733101,0.000215114305223904,DD
Leg fat percentage (right) || id:ukb-b-20531,Depression || id:finn-b-F5_DEPRESSIO,ukb-b-20531,finn-b-F5_DEPRESSIO,,rs10791256,0.226221037923401,0.0627152238334329,0.000309620204017421,DD
Leg fat percentage (right) || id:ukb-b-20531,Depression || id:finn-b-F5_DEPRESSIO,ukb-b-20531,finn-b-F5_DEPRESSIO,,rs10795776,0.232715724311459,0.0626709480851598,0.00020457810795438,DD
Leg fat percentage (right) || id:ukb-b-20531,Depression || id:finn-b-F5_DEPRESSIO,ukb-b-20531,finn-b-F5_DEPRESSIO,,rs10823242,0.232445825631446,0.0627756872960736,0.000213232836640308,DD
Leg fat percentage (right) || id:ukb-b-20531,Depression || id:finn-b-F5_DEPRESSIO,ukb-b-20531,finn-b-F5_DEPRESSIO,,rs10854853,0.222746811058497,0.0624722700927046,0.000363120336847056,DD
Leg fat percentage (right) || id:ukb-b-20531,Depression || id:finn-b-F5_DEPRESSIO,ukb-b-20531,finn-b-F5_DEPRESSIO,,rs10883026,0.237864376244722,0.0624281186001027,0.000138847589410284,DD
Leg fat percentage (right) || id:ukb-b-20531,Depression || id:finn-b-F5_DEPRESSIO,ukb-b-20531,finn-b-F5_DEPRESSIO,,rs10885421,0.232745493218306,0.062739560422257,0.000207497850875981,DD
Leg fat percentage (right) || id:ukb-b-20531,Depression || id:finn-b-F5_DEPRESSIO,ukb-b-20531,finn-b-F5_DEPRESSIO,,rs10894416,0.225785144245065,0.0627657502280941,0.000321578689979567,DD
Leg fat percentage (right) || id:ukb-b-20531,Depression || id:finn-b-F5_DEPRESSIO,ukb-b-20531,finn-b-F5_DEPRESSIO,,rs10896012,0.226076950746406,0.062733501699015,0.000313637710377261,DD
Leg fat percentage (right) || id:ukb-b-20531,Depression || id:finn-b-F5_DEPRESSIO,ukb-b-20531,finn-b-F5_DEPRESSIO,,rs10938397,0.231468326251407,0.0629711944703719,0.000237122786426804,DD
Leg fat percentage (right) || id:ukb-b-20531,Depression || id:finn-b-F5_DEPRESSIO,ukb-b-20531,finn-b-F5_DEPRESSIO,,rs10951992,0.23312902913531,0.0627091530072669,0.000201105577402424,DD
Leg fat percentage (right) || id:ukb-b-20531,Depression || id:finn-b-F5_DEPRESSIO,ukb-b-20531,finn-b-F5_DEPRESSIO,,rs10973850,0.231671573265332,0.0627683606338561,0.000223464348566473,DD
Leg fat percentage (right) || id:ukb-b-20531,Depression || id:finn-b-F5_DEPRESSIO,ukb-b-20531,finn-b-F5_DEPRESSIO,,rs10975277,0.230182754675121,0.062807613609905,0.000247448611566699,DD
Leg fat percentage (right) || id:ukb-b-20531,Depression || id:finn-b-F5_DEPRESSIO,ukb-b-20531,finn-b-F5_DEPRESSIO,,rs10982884,0.228618268293113,0.0628103313340399,0.000272829230789688,DD
Leg fat percentage (right) || id:ukb-b-20531,Depression || id:finn-b-F5_DEPRESSIO,ukb-b-20531,finn-b-F5_DEPRESSIO,,rs10989067,0.233224067170173,0.0627095428403904,0.000199921190954751,DD
Leg fat percentage (right) || id:ukb-b-20531,Depression || id:finn-b-F5_DEPRESSIO,ukb-b-20531,finn-b-F5_DEPRESSIO,,rs10992854,0.230957597005389,0.0628544029844788,0.000238329109051914,DD
Leg fat percentage (right) || id:ukb-b-20531,Depression || id:finn-b-F5_DEPRESSIO,ukb-b-20531,finn-b-F5_DEPRESSIO,,rs10997982,0.232425646645554,0.0627682132231958,0.000213132447305401,DD
Leg fat percentage (right) || id:ukb-b-20531,Depression || id:finn-b-F5_DEPRESSIO,ukb-b-20531,finn-b-F5_DEPRESSIO,,rs10999460,0.227736426084287,0.0628775510895436,0.000292443151827685,DD
Leg fat percentage (right) || id:ukb-b-20531,Depression || id:finn-b-F5_DEPRESSIO,ukb-b-20531,finn-b-F5_DEPRESSIO,,rs11012732,0.229364171397488,0.0629460481085022,0.000268619614792677,DD
Leg fat percentage (right) || id:ukb-b-20531,Depression || id:finn-b-F5_DEPRESSIO,ukb-b-20531,finn-b-F5_DEPRESSIO,,rs11017772,0.229912182940042,0.0628079854808402,0.000251667995380111,DD
Leg fat percentage (right) || id:ukb-b-20531,Depression || id:finn-b-F5_DEPRESSIO,ukb-b-20531,finn-b-F5_DEPRESSIO,,rs11021352,0.231198890482593,0.0627281137290046,0.000228048024729204,DD
Leg fat percentage (right) || id:ukb-b-20531,Depression || id:finn-b-F5_DEPRESSIO,ukb-b-20531,finn-b-F5_DEPRESSIO,,rs11022019,0.229066231628015,0.062824125888443,0.000266197884442763,DD
Leg fat percentage (right) || id:ukb-b-20531,Depression || id:finn-b-F5_DEPRESSIO,ukb-b-20531,finn-b-F5_DEPRESSIO,,rs11071411,0.229204041133342,0.0628737570652969,0.000266909396171001,DD
Leg fat percentage (right) || id:ukb-b-20531,Depression || id:finn-b-F5_DEPRESSIO,ukb-b-20531,finn-b-F5_DEPRESSIO,,rs11122450,0.227676703340692,0.0628205048409973,0.000289810310865694,DD
Leg fat percentage (right) || id:ukb-b-20531,Depression || id:finn-b-F5_DEPRESSIO,ukb-b-20531,finn-b-F5_DEPRESSIO,,rs11150745,0.232221200286274,0.0628012150093824,0.000217546136482098,DD
Leg fat percentage (right) || id:ukb-b-20531,Depression || id:finn-b-F5_DEPRESSIO,ukb-b-20531,finn-b-F5_DEPRESSIO,,rs11160752,0.227127711309999,0.062771077382145,0.000296487561666515,DD
Leg fat percentage (right) || id:ukb-b-20531,Depression || id:finn-b-F5_DEPRESSIO,ukb-b-20531,finn-b-F5_DEPRESSIO,,rs11223641,0.230019145425856,0.0627876206948997,0.000248843341109482,DD
Leg fat percentage (right) || id:ukb-b-20531,Depression || id:finn-b-F5_DEPRESSIO,ukb-b-20531,finn-b-F5_DEPRESSIO,,rs11264489,0.224806069197107,0.0626782305588159,0.000334928972433718,DD
Leg fat percentage (right) || id:ukb-b-20531,Depression || id:finn-b-F5_DEPRESSIO,ukb-b-20531,finn-b-F5_DEPRESSIO,,rs112852122,0.237813394959659,0.0625226833740867,0.00014258889127333,DD
Leg fat percentage (right) || id:ukb-b-20531,Depression || id:finn-b-F5_DEPRESSIO,ukb-b-20531,finn-b-F5_DEPRESSIO,,rs113230003,0.227188749704942,0.0628038731880895,0.000297540299209805,DD
Leg fat percentage (right) || id:ukb-b-20531,Depression || id:finn-b-F5_DEPRESSIO,ukb-b-20531,finn-b-F5_DEPRESSIO,,rs11343,0.223763357139807,0.0624871199682723,0.0003423449706682,DD
Leg fat percentage (right) || id:ukb-b-20531,Depression || id:finn-b-F5_DEPRESSIO,ukb-b-20531,finn-b-F5_DEPRESSIO,,rs113624107,0.23491281081539,0.0623847893267175,0.000166185342577891,DD
Leg fat percentage (right) || id:ukb-b-20531,Depression || id:finn-b-F5_DEPRESSIO,ukb-b-20531,finn-b-F5_DEPRESSIO,,rs113728099,0.233737355143217,0.0627177948811909,0.000193917914181388,DD
Leg fat percentage (right) || id:ukb-b-20531,Depression || id:finn-b-F5_DEPRESSIO,ukb-b-20531,finn-b-F5_DEPRESSIO,,rs113866544,0.233728514874285,0.0628516151033975,0.000200222791259079,DD
Leg fat percentage (right) || id:ukb-b-20531,Depression || id:finn-b-F5_DEPRESSIO,ukb-b-20531,finn-b-F5_DEPRESSIO,,rs113963976,0.232032804208241,0.0627337543421646,0.000216713808416129,DD
Leg fat percentage (right) || id:ukb-b-20531,Depression || id:finn-b-F5_DEPRESSIO,ukb-b-20531,finn-b-F5_DEPRESSIO,,rs11563357,0.23252267583922,0.0627196555776313,0.000209453093674794,DD
Leg fat percentage (right) || id:ukb-b-20531,Depression || id:finn-b-F5_DEPRESSIO,ukb-b-20531,finn-b-F5_DEPRESSIO,,rs11570784,0.228402164955822,0.062829333772479,0.000277679827519385,DD
Leg fat percentage (right) || id:ukb-b-20531,Depression || id:finn-b-F5_DEPRESSIO,ukb-b-20531,finn-b-F5_DEPRESSIO,,rs11613130,0.228040988935391,0.0627974413074598,0.000281916405259782,DD
Leg fat percentage (right) || id:ukb-b-20531,Depression || id:finn-b-F5_DEPRESSIO,ukb-b-20531,finn-b-F5_DEPRESSIO,,rs11619393,0.227381308699474,0.0627827420850346,0.000292654454275176,DD
Leg fat percentage (right) || id:ukb-b-20531,Depression || id:finn-b-F5_DEPRESSIO,ukb-b-20531,finn-b-F5_DEPRESSIO,,rs11619722,0.228504936643395,0.0628385109312792,0.000276492393623221,DD
Leg fat percentage (right) || id:ukb-b-20531,Depression || id:finn-b-F5_DEPRESSIO,ukb-b-20531,finn-b-F5_DEPRESSIO,,rs11620422,0.228091386115071,0.0627893757369239,0.000280533019924202,DD
Leg fat percentage (right) || id:ukb-b-20531,Depression || id:finn-b-F5_DEPRESSIO,ukb-b-20531,finn-b-F5_DEPRESSIO,,rs11638950,0.227613614161642,0.062789321418188,0.00028892006945837,DD
Leg fat percentage (right) || id:ukb-b-20531,Depression || id:finn-b-F5_DEPRESSIO,ukb-b-20531,finn-b-F5_DEPRESSIO,,rs11656758,0.233878151673799,0.0626750868863617,0.000190269893492725,DD
Leg fat percentage (right) || id:ukb-b-20531,Depression || id:finn-b-F5_DEPRESSIO,ukb-b-20531,finn-b-F5_DEPRESSIO,,rs11660167,0.227854676981029,0.0628044439885883,0.000285622545688607,DD
Leg fat percentage (right) || id:ukb-b-20531,Depression || id:finn-b-F5_DEPRESSIO,ukb-b-20531,finn-b-F5_DEPRESSIO,,rs11664106,0.228631054796602,0.062832440020117,0.000273972825753473,DD
Leg fat percentage (right) || id:ukb-b-20531,Depression || id:finn-b-F5_DEPRESSIO,ukb-b-20531,finn-b-F5_DEPRESSIO,,rs1167309,0.228372402147539,0.0628967701033919,0.000282425568211889,DD
Leg fat percentage (right) || id:ukb-b-20531,Depression || id:finn-b-F5_DEPRESSIO,ukb-b-20531,finn-b-F5_DEPRESSIO,,rs11691869,0.223411248201762,0.0628025845110211,0.000374604120770747,DD
Leg fat percentage (right) || id:ukb-b-20531,Depression || id:finn-b-F5_DEPRESSIO,ukb-b-20531,finn-b-F5_DEPRESSIO,,rs11704728,0.235299210052254,0.0625276958824687,0.000167806768478638,DD
Leg fat percentage (right) || id:ukb-b-20531,Depression || id:finn-b-F5_DEPRESSIO,ukb-b-20531,finn-b-F5_DEPRESSIO,,rs117068593,0.228490790711407,0.0628616826071911,0.000278176682564145,DD
Leg fat percentage (right) || id:ukb-b-20531,Depression || id:finn-b-F5_DEPRESSIO,ukb-b-20531,finn-b-F5_DEPRESSIO,,rs11709291,0.232290747692806,0.0627051482990434,0.000211814426402285,DD
Leg fat percentage (right) || id:ukb-b-20531,Depression || id:finn-b-F5_DEPRESSIO,ukb-b-20531,finn-b-F5_DEPRESSIO,,rs117113729,0.225821725051567,0.0626896066747014,0.000315511744741121,DD
Leg fat percentage (right) || id:ukb-b-20531,Depression || id:finn-b-F5_DEPRESSIO,ukb-b-20531,finn-b-F5_DEPRESSIO,,rs117342986,0.227722863983308,0.0627791456370332,0.00028632860147986,DD
Leg fat percentage (right) || id:ukb-b-20531,Depression || id:finn-b-F5_DEPRESSIO,ukb-b-20531,finn-b-F5_DEPRESSIO,,rs11757278,0.227773216321852,0.0628117062953455,0.000287526801104677,DD
Leg fat percentage (right) || id:ukb-b-20531,Depression || id:finn-b-F5_DEPRESSIO,ukb-b-20531,finn-b-F5_DEPRESSIO,,rs11777625,0.228547908520429,0.0628432574878809,0.000276053775193981,DD
Leg fat percentage (right) || id:ukb-b-20531,Depression || id:finn-b-F5_DEPRESSIO,ukb-b-20531,finn-b-F5_DEPRESSIO,,rs11782074,0.231793966602977,0.0627734130457885,0.000222016669220849,DD
Leg fat percentage (right) || id:ukb-b-20531,Depression || id:finn-b-F5_DEPRESSIO,ukb-b-20531,finn-b-F5_DEPRESSIO,,rs11789898,0.234196873693785,0.0626557518179176,0.000185611551206749,DD
Leg fat percentage (right) || id:ukb-b-20531,Depression || id:finn-b-F5_DEPRESSIO,ukb-b-20531,finn-b-F5_DEPRESSIO,,rs118019496,0.227835165592643,0.0628168387569373,0.00028675995342731,DD
Leg fat percentage (right) || id:ukb-b-20531,Depression || id:finn-b-F5_DEPRESSIO,ukb-b-20531,finn-b-F5_DEPRESSIO,,rs11841757,0.228916464627438,0.0628802997185159,0.000272096779124774,DD
Leg fat percentage (right) || id:ukb-b-20531,Depression || id:finn-b-F5_DEPRESSIO,ukb-b-20531,finn-b-F5_DEPRESSIO,,rs11852419,0.228456430059631,0.062841875608653,0.000277531217976608,DD
Leg fat percentage (right) || id:ukb-b-20531,Depression || id:finn-b-F5_DEPRESSIO,ukb-b-20531,finn-b-F5_DEPRESSIO,,rs11866219,0.230078327390784,0.062886422133152,0.000253564328881838,DD
Leg fat percentage (right) || id:ukb-b-20531,Depression || id:finn-b-F5_DEPRESSIO,ukb-b-20531,finn-b-F5_DEPRESSIO,,rs1188162,0.23244077325553,0.0627303088636836,0.000211058891514958,DD
Leg fat percentage (right) || id:ukb-b-20531,Depression || id:finn-b-F5_DEPRESSIO,ukb-b-20531,finn-b-F5_DEPRESSIO,,rs11917831,0.224877019274823,0.0626100913304107,0.000328520776148312,DD
Leg fat percentage (right) || id:ukb-b-20531,Depression || id:finn-b-F5_DEPRESSIO,ukb-b-20531,finn-b-F5_DEPRESSIO,,rs11926346,0.22780901225809,0.0628315198318504,0.000288166076062711,DD
Leg fat percentage (right) || id:ukb-b-20531,Depression || id:finn-b-F5_DEPRESSIO,ukb-b-20531,finn-b-F5_DEPRESSIO,,rs11943564,0.229399872357689,0.0628220068302273,0.000260627218565718,DD
Leg fat percentage (right) || id:ukb-b-20531,Depression || id:finn-b-F5_DEPRESSIO,ukb-b-20531,finn-b-F5_DEPRESSIO,,rs1202551,0.226266400393641,0.0627093409985463,0.000308356128312749,DD
Leg fat percentage (right) || id:ukb-b-20531,Depression || id:finn-b-F5_DEPRESSIO,ukb-b-20531,finn-b-F5_DEPRESSIO,,rs12042959,0.226770636456487,0.0628171491368273,0.000306183323359844,DD
Leg fat percentage (right) || id:ukb-b-20531,Depression || id:finn-b-F5_DEPRESSIO,ukb-b-20531,finn-b-F5_DEPRESSIO,,rs12050481,0.228498195243433,0.0629398964912294,0.000282961511185033,DD
Leg fat percentage (right) || id:ukb-b-20531,Depression || id:finn-b-F5_DEPRESSIO,ukb-b-20531,finn-b-F5_DEPRESSIO,,rs12071132,0.232773486742402,0.0626114518320551,0.000201008063688168,DD
Leg fat percentage (right) || id:ukb-b-20531,Depression || id:finn-b-F5_DEPRESSIO,ukb-b-20531,finn-b-F5_DEPRESSIO,,rs12072739,0.22706847324342,0.0628451605139228,0.000302509217288092,DD
Leg fat percentage (right) || id:ukb-b-20531,Depression || id:finn-b-F5_DEPRESSIO,ukb-b-20531,finn-b-F5_DEPRESSIO,,rs12122664,0.226818560308876,0.0627877463522942,0.000303299603834696,DD
Leg fat percentage (right) || id:ukb-b-20531,Depression || id:finn-b-F5_DEPRESSIO,ukb-b-20531,finn-b-F5_DEPRESSIO,,rs12124126,0.224272611432064,0.0627842523471389,0.000354108939343383,DD
Leg fat percentage (right) || id:ukb-b-20531,Depression || id:finn-b-F5_DEPRESSIO,ukb-b-20531,finn-b-F5_DEPRESSIO,,rs12135541,0.229306277517381,0.0628193055508521,0.000261983448426313,DD
Leg fat percentage (right) || id:ukb-b-20531,Depression || id:finn-b-F5_DEPRESSIO,ukb-b-20531,finn-b-F5_DEPRESSIO,,rs12186509,0.231542118512457,0.0627775441117731,0.000225761580710176,DD
Leg fat percentage (right) || id:ukb-b-20531,Depression || id:finn-b-F5_DEPRESSIO,ukb-b-20531,finn-b-F5_DEPRESSIO,,rs1225004,0.224261296959214,0.0627489193138561,0.000351640457098914,DD
Leg fat percentage (right) || id:ukb-b-20531,Depression || id:finn-b-F5_DEPRESSIO,ukb-b-20531,finn-b-F5_DEPRESSIO,,rs1229984,0.228388492904166,0.0627808000043952,0.000274900343765343,DD
Leg fat percentage (right) || id:ukb-b-20531,Depression || id:finn-b-F5_DEPRESSIO,ukb-b-20531,finn-b-F5_DEPRESSIO,,rs12309338,0.227833334291118,0.0627894032782727,0.000285037858996907,DD
Leg fat percentage (right) || id:ukb-b-20531,Depression || id:finn-b-F5_DEPRESSIO,ukb-b-20531,finn-b-F5_DEPRESSIO,,rs12316080,0.227324150831155,0.0628565501037721,0.000298550267075262,DD
Leg fat percentage (right) || id:ukb-b-20531,Depression || id:finn-b-F5_DEPRESSIO,ukb-b-20531,finn-b-F5_DEPRESSIO,,rs12343333,0.228409002459108,0.0628239160730465,0.000277225256787425,DD
Leg fat percentage (right) || id:ukb-b-20531,Depression || id:finn-b-F5_DEPRESSIO,ukb-b-20531,finn-b-F5_DEPRESSIO,,rs12362262,0.229141597411794,0.0628334934120688,0.00026551963300338,DD
Leg fat percentage (right) || id:ukb-b-20531,Depression || id:finn-b-F5_DEPRESSIO,ukb-b-20531,finn-b-F5_DEPRESSIO,,rs12375196,0.232263812654475,0.0627690533200249,0.000215351707613492,DD
Leg fat percentage (right) || id:ukb-b-20531,Depression || id:finn-b-F5_DEPRESSIO,ukb-b-20531,finn-b-F5_DEPRESSIO,,rs12413353,0.226921372317038,0.0627540221139986,0.000299138315018741,DD
Leg fat percentage (right) || id:ukb-b-20531,Depression || id:finn-b-F5_DEPRESSIO,ukb-b-20531,finn-b-F5_DEPRESSIO,,rs12435249,0.229913401750606,0.0628263312313827,0.000252700896281197,DD
Leg fat percentage (right) || id:ukb-b-20531,Depression || id:finn-b-F5_DEPRESSIO,ukb-b-20531,finn-b-F5_DEPRESSIO,,rs12441543,0.229312826084191,0.0628366137215723,0.000262904215773476,DD
Leg fat percentage (right) || id:ukb-b-20531,Depression || id:finn-b-F5_DEPRESSIO,ukb-b-20531,finn-b-F5_DEPRESSIO,,rs12461110,0.227759256927829,0.0627888439469127,0.000286307174728364,DD
Leg fat percentage (right) || id:ukb-b-20531,Depression || id:finn-b-F5_DEPRESSIO,ukb-b-20531,finn-b-F5_DEPRESSIO,,rs12462975,0.228116412116249,0.0628383824013869,0.00028319267882901,DD
Leg fat percentage (right) || id:ukb-b-20531,Depression || id:finn-b-F5_DEPRESSIO,ukb-b-20531,finn-b-F5_DEPRESSIO,,rs12480556,0.228076214299097,0.0628120041711296,0.000282223705459246,DD
Leg fat percentage (right) || id:ukb-b-20531,Depression || id:finn-b-F5_DEPRESSIO,ukb-b-20531,finn-b-F5_DEPRESSIO,,rs12531825,0.231159408333564,0.0628153469316466,0.000233249510305373,DD
Leg fat percentage (right) || id:ukb-b-20531,Depression || id:finn-b-F5_DEPRESSIO,ukb-b-20531,finn-b-F5_DEPRESSIO,,rs12538435,0.230443129186437,0.062833631941301,0.000244921601757809,DD
Leg fat percentage (right) || id:ukb-b-20531,Depression || id:finn-b-F5_DEPRESSIO,ukb-b-20531,finn-b-F5_DEPRESSIO,,rs12540060,0.228038754997058,0.0628150401602191,0.000283069035758673,DD
Leg fat percentage (right) || id:ukb-b-20531,Depression || id:finn-b-F5_DEPRESSIO,ukb-b-20531,finn-b-F5_DEPRESSIO,,rs1256570,0.227110099970452,0.0627407584373309,0.000294810787770084,DD
Leg fat percentage (right) || id:ukb-b-20531,Depression || id:finn-b-F5_DEPRESSIO,ukb-b-20531,finn-b-F5_DEPRESSIO,,rs12588874,0.227549954793838,0.0628456247820039,0.000293720284030773,DD
Leg fat percentage (right) || id:ukb-b-20531,Depression || id:finn-b-F5_DEPRESSIO,ukb-b-20531,finn-b-F5_DEPRESSIO,,rs12607778,0.231029840289547,0.06276281022219,0.000232321936253528,DD
Leg fat percentage (right) || id:ukb-b-20531,Depression || id:finn-b-F5_DEPRESSIO,ukb-b-20531,finn-b-F5_DEPRESSIO,,rs12628603,0.227691568657215,0.0628262008023138,0.000289913446573391,DD
Leg fat percentage (right) || id:ukb-b-20531,Depression || id:finn-b-F5_DEPRESSIO,ukb-b-20531,finn-b-F5_DEPRESSIO,,rs12635614,0.223543955783198,0.0626525903023912,0.000359727160420907,DD
Leg fat percentage (right) || id:ukb-b-20531,Depression || id:finn-b-F5_DEPRESSIO,ukb-b-20531,finn-b-F5_DEPRESSIO,,rs12665922,0.228328029348129,0.0628299602509169,0.000278992767887514,DD
Leg fat percentage (right) || id:ukb-b-20531,Depression || id:finn-b-F5_DEPRESSIO,ukb-b-20531,finn-b-F5_DEPRESSIO,,rs12724928,0.232729702594085,0.062800853467381,0.000210694089936064,DD
Leg fat percentage (right) || id:ukb-b-20531,Depression || id:finn-b-F5_DEPRESSIO,ukb-b-20531,finn-b-F5_DEPRESSIO,,rs1274232,0.229302367842175,0.0628129919035048,0.000261672868322713,DD
Leg fat percentage (right) || id:ukb-b-20531,Depression || id:finn-b-F5_DEPRESSIO,ukb-b-20531,finn-b-F5_DEPRESSIO,,rs12803615,0.230300708857126,0.0628162522423681,0.000246123754042364,DD
Leg fat percentage (right) || id:ukb-b-20531,Depression || id:finn-b-F5_DEPRESSIO,ukb-b-20531,finn-b-F5_DEPRESSIO,,rs12806052,0.230651908396504,0.0628220715923504,0.000241120976079897,DD
Leg fat percentage (right) || id:ukb-b-20531,Depression || id:finn-b-F5_DEPRESSIO,ukb-b-20531,finn-b-F5_DEPRESSIO,,rs12877270,0.229260125361678,0.0628295666353571,0.000263344060105102,DD
Leg fat percentage (right) || id:ukb-b-20531,Depression || id:finn-b-F5_DEPRESSIO,ukb-b-20531,finn-b-F5_DEPRESSIO,,rs12890931,0.229413196483551,0.0628699916409869,0.00026325337451121,DD
Leg fat percentage (right) || id:ukb-b-20531,Depression || id:finn-b-F5_DEPRESSIO,ukb-b-20531,finn-b-F5_DEPRESSIO,,rs12895351,0.22706124158895,0.0628081275266461,0.000300165662299374,DD
Leg fat percentage (right) || id:ukb-b-20531,Depression || id:finn-b-F5_DEPRESSIO,ukb-b-20531,finn-b-F5_DEPRESSIO,,rs12907408,0.227836376647069,0.0628263764599771,0.00028735038059898,DD
Leg fat percentage (right) || id:ukb-b-20531,Depression || id:finn-b-F5_DEPRESSIO,ukb-b-20531,finn-b-F5_DEPRESSIO,,rs12932141,0.23105344037186,0.062788889051306,0.000233374873447613,DD
Leg fat percentage (right) || id:ukb-b-20531,Depression || id:finn-b-F5_DEPRESSIO,ukb-b-20531,finn-b-F5_DEPRESSIO,,rs12937411,0.232529576867266,0.0627821699384158,0.000212434088151533,DD
Leg fat percentage (right) || id:ukb-b-20531,Depression || id:finn-b-F5_DEPRESSIO,ukb-b-20531,finn-b-F5_DEPRESSIO,,rs12996154,0.226185773201153,0.0626885114320788,0.000308459836926708,DD
Leg fat percentage (right) || id:ukb-b-20531,Depression || id:finn-b-F5_DEPRESSIO,ukb-b-20531,finn-b-F5_DEPRESSIO,,rs13026103,0.23037811463977,0.0628255927554034,0.000245463711258215,DD
Leg fat percentage (right) || id:ukb-b-20531,Depression || id:finn-b-F5_DEPRESSIO,ukb-b-20531,finn-b-F5_DEPRESSIO,,rs13033310,0.227470108044565,0.0628041228425011,0.000292449777635876,DD
Leg fat percentage (right) || id:ukb-b-20531,Depression || id:finn-b-F5_DEPRESSIO,ukb-b-20531,finn-b-F5_DEPRESSIO,,rs13107325,0.228809548062884,0.0628179748742187,0.000270085257815454,DD
Leg fat percentage (right) || id:ukb-b-20531,Depression || id:finn-b-F5_DEPRESSIO,ukb-b-20531,finn-b-F5_DEPRESSIO,,rs13135442,0.229254460065478,0.0628278686601617,0.000263335406102297,DD
Leg fat percentage (right) || id:ukb-b-20531,Depression || id:finn-b-F5_DEPRESSIO,ukb-b-20531,finn-b-F5_DEPRESSIO,,rs13177679,0.227989809468069,0.0628359240813044,0.000285254495655478,DD
Leg fat percentage (right) || id:ukb-b-20531,Depression || id:finn-b-F5_DEPRESSIO,ukb-b-20531,finn-b-F5_DEPRESSIO,,rs1322842,0.227008673861507,0.0628367945153401,0.000303058962376052,DD
Leg fat percentage (right) || id:ukb-b-20531,Depression || id:finn-b-F5_DEPRESSIO,ukb-b-20531,finn-b-F5_DEPRESSIO,,rs13249935,0.228705462200829,0.0628311962185715,0.00027263959186284,DD
Leg fat percentage (right) || id:ukb-b-20531,Depression || id:finn-b-F5_DEPRESSIO,ukb-b-20531,finn-b-F5_DEPRESSIO,,rs13320698,0.230279383152599,0.0628073615066843,0.000245951195728767,DD
Leg fat percentage (right) || id:ukb-b-20531,Depression || id:finn-b-F5_DEPRESSIO,ukb-b-20531,finn-b-F5_DEPRESSIO,,rs13330107,0.226123204364307,0.0626940670783965,0.000310029874856536,DD
Leg fat percentage (right) || id:ukb-b-20531,Depression || id:finn-b-F5_DEPRESSIO,ukb-b-20531,finn-b-F5_DEPRESSIO,,rs13360957,0.22900134994821,0.062826463621267,0.000267410170870601,DD
Leg fat percentage (right) || id:ukb-b-20531,Depression || id:finn-b-F5_DEPRESSIO,ukb-b-20531,finn-b-F5_DEPRESSIO,,rs13389219,0.227170990732324,0.0628651717917036,0.000301948753662457,DD
Leg fat percentage (right) || id:ukb-b-20531,Depression || id:finn-b-F5_DEPRESSIO,ukb-b-20531,finn-b-F5_DEPRESSIO,,rs13427822,0.226368493606799,0.0628158798796816,0.000313740147331119,DD
Leg fat percentage (right) || id:ukb-b-20531,Depression || id:finn-b-F5_DEPRESSIO,ukb-b-20531,finn-b-F5_DEPRESSIO,,rs1350519,0.226770220386398,0.0627564690469812,0.000302096565748224,DD
Leg fat percentage (right) || id:ukb-b-20531,Depression || id:finn-b-F5_DEPRESSIO,ukb-b-20531,finn-b-F5_DEPRESSIO,,rs1360201,0.22561225442861,0.0626670839833938,0.000318007271325635,DD
Leg fat percentage (right) || id:ukb-b-20531,Depression || id:finn-b-F5_DEPRESSIO,ukb-b-20531,finn-b-F5_DEPRESSIO,,rs1360827,0.229265350995459,0.0628276398262883,0.000263144182571303,DD
Leg fat percentage (right) || id:ukb-b-20531,Depression || id:finn-b-F5_DEPRESSIO,ukb-b-20531,finn-b-F5_DEPRESSIO,,rs1377184,0.231634324485853,0.0627671872497306,0.00022392558510774,DD
Leg fat percentage (right) || id:ukb-b-20531,Depression || id:finn-b-F5_DEPRESSIO,ukb-b-20531,finn-b-F5_DEPRESSIO,,rs137984657,0.228770759530372,0.0627842461257294,0.000268683392005425,DD
Leg fat percentage (right) || id:ukb-b-20531,Depression || id:finn-b-F5_DEPRESSIO,ukb-b-20531,finn-b-F5_DEPRESSIO,,rs1412239,0.232305463693314,0.0628809502228118,0.0002204330791611,DD
Leg fat percentage (right) || id:ukb-b-20531,Depression || id:finn-b-F5_DEPRESSIO,ukb-b-20531,finn-b-F5_DEPRESSIO,,rs141412365,0.229231373135056,0.0628079170180767,0.000262525302683781,DD
Leg fat percentage (right) || id:ukb-b-20531,Depression || id:finn-b-F5_DEPRESSIO,ukb-b-20531,finn-b-F5_DEPRESSIO,,rs1414595,0.227199296283535,0.0627868987259045,0.000296226114311427,DD
Leg fat percentage (right) || id:ukb-b-20531,Depression || id:finn-b-F5_DEPRESSIO,ukb-b-20531,finn-b-F5_DEPRESSIO,,rs1415476,0.229147289453218,0.0628231249821158,0.000264805277780117,DD
Leg fat percentage (right) || id:ukb-b-20531,Depression || id:finn-b-F5_DEPRESSIO,ukb-b-20531,finn-b-F5_DEPRESSIO,,rs1421085,0.222851370630926,0.0636466941724847,0.000462852398566763,DD
Leg fat percentage (right) || id:ukb-b-20531,Depression || id:finn-b-F5_DEPRESSIO,ukb-b-20531,finn-b-F5_DEPRESSIO,,rs1423534,0.227452256319756,0.0627795485323033,0.000291170805955136,DD
Leg fat percentage (right) || id:ukb-b-20531,Depression || id:finn-b-F5_DEPRESSIO,ukb-b-20531,finn-b-F5_DEPRESSIO,,rs1427027,0.229629020107405,0.0628222171216103,0.000256961596118544,DD
Leg fat percentage (right) || id:ukb-b-20531,Depression || id:finn-b-F5_DEPRESSIO,ukb-b-20531,finn-b-F5_DEPRESSIO,,rs1444506,0.228936433838259,0.0628282096759944,0.000268592281955301,DD
Leg fat percentage (right) || id:ukb-b-20531,Depression || id:finn-b-F5_DEPRESSIO,ukb-b-20531,finn-b-F5_DEPRESSIO,,rs1446585,0.225779266455126,0.0628061971973617,0.000324570421955287,DD
Leg fat percentage (right) || id:ukb-b-20531,Depression || id:finn-b-F5_DEPRESSIO,ukb-b-20531,finn-b-F5_DEPRESSIO,,rs1450163,0.230109294677461,0.0628072810571491,0.000248563012213655,DD
Leg fat percentage (right) || id:ukb-b-20531,Depression || id:finn-b-F5_DEPRESSIO,ukb-b-20531,finn-b-F5_DEPRESSIO,,rs1452074,0.230321709087647,0.0628199288761067,0.000246008612706753,DD
Leg fat percentage (right) || id:ukb-b-20531,Depression || id:finn-b-F5_DEPRESSIO,ukb-b-20531,finn-b-F5_DEPRESSIO,,rs145585494,0.228766018900883,0.0628010114938354,0.000269780280198527,DD
Leg fat percentage (right) || id:ukb-b-20531,Depression || id:finn-b-F5_DEPRESSIO,ukb-b-20531,finn-b-F5_DEPRESSIO,,rs1456014,0.227590569015999,0.0628483190708594,0.000293163310645574,DD
Leg fat percentage (right) || id:ukb-b-20531,Depression || id:finn-b-F5_DEPRESSIO,ukb-b-20531,finn-b-F5_DEPRESSIO,,rs145828988,0.229634930523129,0.0628363478585706,0.00025769169838932,DD
Leg fat percentage (right) || id:ukb-b-20531,Depression || id:finn-b-F5_DEPRESSIO,ukb-b-20531,finn-b-F5_DEPRESSIO,,rs1477290,0.229187633749154,0.0629194134093021,0.000269941777328711,DD
Leg fat percentage (right) || id:ukb-b-20531,Depression || id:finn-b-F5_DEPRESSIO,ukb-b-20531,finn-b-F5_DEPRESSIO,,rs147730268,0.231506311211658,0.0628788005366723,0.000231605439940621,DD
Leg fat percentage (right) || id:ukb-b-20531,Depression || id:finn-b-F5_DEPRESSIO,ukb-b-20531,finn-b-F5_DEPRESSIO,,rs148143761,0.22988295441312,0.0628689546314021,0.000255640838046573,DD
Leg fat percentage (right) || id:ukb-b-20531,Depression || id:finn-b-F5_DEPRESSIO,ukb-b-20531,finn-b-F5_DEPRESSIO,,rs148636479,0.229910731184728,0.0627728997767287,0.00024968829893035,DD
Leg fat percentage (right) || id:ukb-b-20531,Depression || id:finn-b-F5_DEPRESSIO,ukb-b-20531,finn-b-F5_DEPRESSIO,,rs148930049,0.229645861345306,0.062815685232321,0.000256313102212754,DD
Leg fat percentage (right) || id:ukb-b-20531,Depression || id:finn-b-F5_DEPRESSIO,ukb-b-20531,finn-b-F5_DEPRESSIO,,rs1504369,0.226816179692915,0.0627651483604956,0.000301825593640981,DD
Leg fat percentage (right) || id:ukb-b-20531,Depression || id:finn-b-F5_DEPRESSIO,ukb-b-20531,finn-b-F5_DEPRESSIO,,rs1515720,0.228938126083485,0.0628248569088838,0.000268361215940177,DD
Leg fat percentage (right) || id:ukb-b-20531,Depression || id:finn-b-F5_DEPRESSIO,ukb-b-20531,finn-b-F5_DEPRESSIO,,rs1516797,0.227264457523481,0.0627946163085251,0.000295548240644091,DD
Leg fat percentage (right) || id:ukb-b-20531,Depression || id:finn-b-F5_DEPRESSIO,ukb-b-20531,finn-b-F5_DEPRESSIO,,rs1531592,0.227128834465551,0.0627619095751954,0.000295862300932095,DD
Leg fat percentage (right) || id:ukb-b-20531,Depression || id:finn-b-F5_DEPRESSIO,ukb-b-20531,finn-b-F5_DEPRESSIO,,rs1554654,0.227606895018993,0.0628509140035888,0.000293038388694088,DD
Leg fat percentage (right) || id:ukb-b-20531,Depression || id:finn-b-F5_DEPRESSIO,ukb-b-20531,finn-b-F5_DEPRESSIO,,rs1568489,0.230261590004719,0.0628495299780607,0.000248601536188892,DD
Leg fat percentage (right) || id:ukb-b-20531,Depression || id:finn-b-F5_DEPRESSIO,ukb-b-20531,finn-b-F5_DEPRESSIO,,rs1596032,0.227697486527284,0.06282560368192,0.000289769200288225,DD
Leg fat percentage (right) || id:ukb-b-20531,Depression || id:finn-b-F5_DEPRESSIO,ukb-b-20531,finn-b-F5_DEPRESSIO,,rs1668135,0.229029453985587,0.0628283709116596,0.000267060327622479,DD
Leg fat percentage (right) || id:ukb-b-20531,Depression || id:finn-b-F5_DEPRESSIO,ukb-b-20531,finn-b-F5_DEPRESSIO,,rs16871902,0.229388090665484,0.0628303661730353,0.000261311532598615,DD
Leg fat percentage (right) || id:ukb-b-20531,Depression || id:finn-b-F5_DEPRESSIO,ukb-b-20531,finn-b-F5_DEPRESSIO,,rs16916303,0.228563244389091,0.0628350045143617,0.000275281625266472,DD
Leg fat percentage (right) || id:ukb-b-20531,Depression || id:finn-b-F5_DEPRESSIO,ukb-b-20531,finn-b-F5_DEPRESSIO,,rs16941684,0.227890550356133,0.0628231503924741,0.000286186318551179,DD
Leg fat percentage (right) || id:ukb-b-20531,Depression || id:finn-b-F5_DEPRESSIO,ukb-b-20531,finn-b-F5_DEPRESSIO,,rs16996657,0.233697402652409,0.0627314156658936,0.000195033027203965,DD
Leg fat percentage (right) || id:ukb-b-20531,Depression || id:finn-b-F5_DEPRESSIO,ukb-b-20531,finn-b-F5_DEPRESSIO,,rs17024393,0.224558624502623,0.062907209814264,0.000357417218925997,DD
Leg fat percentage (right) || id:ukb-b-20531,Depression || id:finn-b-F5_DEPRESSIO,ukb-b-20531,finn-b-F5_DEPRESSIO,,rs17037390,0.229958995747436,0.0628120880404262,0.000251171227887508,DD
Leg fat percentage (right) || id:ukb-b-20531,Depression || id:finn-b-F5_DEPRESSIO,ukb-b-20531,finn-b-F5_DEPRESSIO,,rs17095778,0.229314566963386,0.0628177633932228,0.000261757537202604,DD
Leg fat percentage (right) || id:ukb-b-20531,Depression || id:finn-b-F5_DEPRESSIO,ukb-b-20531,finn-b-F5_DEPRESSIO,,rs17193211,0.229874032412078,0.0628392760383849,0.000254065467558488,DD
Leg fat percentage (right) || id:ukb-b-20531,Depression || id:finn-b-F5_DEPRESSIO,ukb-b-20531,finn-b-F5_DEPRESSIO,,rs1724557,0.222673488407831,0.0626147883147796,0.000376194177118767,DD
Leg fat percentage (right) || id:ukb-b-20531,Depression || id:finn-b-F5_DEPRESSIO,ukb-b-20531,finn-b-F5_DEPRESSIO,,rs1728380,0.2295376647785,0.0628273355127395,0.000258721965729479,DD
Leg fat percentage (right) || id:ukb-b-20531,Depression || id:finn-b-F5_DEPRESSIO,ukb-b-20531,finn-b-F5_DEPRESSIO,,rs17446091,0.229657577140208,0.0628395568485822,0.000257517237419281,DD
Leg fat percentage (right) || id:ukb-b-20531,Depression || id:finn-b-F5_DEPRESSIO,ukb-b-20531,finn-b-F5_DEPRESSIO,,rs17522122,0.225391106696904,0.0627854455740314,0.000330852637434989,DD
Leg fat percentage (right) || id:ukb-b-20531,Depression || id:finn-b-F5_DEPRESSIO,ukb-b-20531,finn-b-F5_DEPRESSIO,,rs17704679,0.230832025849237,0.0627830488749774,0.00023630616692076,DD
Leg fat percentage (right) || id:ukb-b-20531,Depression || id:finn-b-F5_DEPRESSIO,ukb-b-20531,finn-b-F5_DEPRESSIO,,rs1776209,0.230089303766549,0.062817271922106,0.000249439196456361,DD
Leg fat percentage (right) || id:ukb-b-20531,Depression || id:finn-b-F5_DEPRESSIO,ukb-b-20531,finn-b-F5_DEPRESSIO,,rs17781552,0.228897613736943,0.062830114189675,0.000269353717645883,DD
Leg fat percentage (right) || id:ukb-b-20531,Depression || id:finn-b-F5_DEPRESSIO,ukb-b-20531,finn-b-F5_DEPRESSIO,,rs17820064,0.233780100919394,0.0627072800274229,0.000192915520777401,DD
Leg fat percentage (right) || id:ukb-b-20531,Depression || id:finn-b-F5_DEPRESSIO,ukb-b-20531,finn-b-F5_DEPRESSIO,,rs1782508,0.228284929577536,0.0628327662562638,0.000279911924815228,DD
Leg fat percentage (right) || id:ukb-b-20531,Depression || id:finn-b-F5_DEPRESSIO,ukb-b-20531,finn-b-F5_DEPRESSIO,,rs1801282,0.228000310351964,0.0630264645412372,0.000297424510109233,DD
Leg fat percentage (right) || id:ukb-b-20531,Depression || id:finn-b-F5_DEPRESSIO,ukb-b-20531,finn-b-F5_DEPRESSIO,,rs1808629,0.224208071455194,0.0628142169659204,0.000357821386109221,DD
Leg fat percentage (right) || id:ukb-b-20531,Depression || id:finn-b-F5_DEPRESSIO,ukb-b-20531,finn-b-F5_DEPRESSIO,,rs1822186,0.230163586690382,0.0628143860918573,0.000248126544418441,DD
Leg fat percentage (right) || id:ukb-b-20531,Depression || id:finn-b-F5_DEPRESSIO,ukb-b-20531,finn-b-F5_DEPRESSIO,,rs1854225,0.229153475567566,0.062824380204641,0.000264778913664518,DD
Leg fat percentage (right) || id:ukb-b-20531,Depression || id:finn-b-F5_DEPRESSIO,ukb-b-20531,finn-b-F5_DEPRESSIO,,rs1861410,0.229155022964163,0.0628783356046387,0.000267996154455082,DD
Leg fat percentage (right) || id:ukb-b-20531,Depression || id:finn-b-F5_DEPRESSIO,ukb-b-20531,finn-b-F5_DEPRESSIO,,rs1863366,0.230394241229573,0.0627987566085289,0.000243719500971674,DD
Leg fat percentage (right) || id:ukb-b-20531,Depression || id:finn-b-F5_DEPRESSIO,ukb-b-20531,finn-b-F5_DEPRESSIO,,rs1865454,0.229968965419698,0.0628249544389389,0.000251751396759887,DD
Leg fat percentage (right) || id:ukb-b-20531,Depression || id:finn-b-F5_DEPRESSIO,ukb-b-20531,finn-b-F5_DEPRESSIO,,rs1886558,0.226105579900082,0.0628182126278433,0.000318997059064807,DD
Leg fat percentage (right) || id:ukb-b-20531,Depression || id:finn-b-F5_DEPRESSIO,ukb-b-20531,finn-b-F5_DEPRESSIO,,rs1887340,0.232463335067608,0.0628008461623018,0.000214247912546628,DD
Leg fat percentage (right) || id:ukb-b-20531,Depression || id:finn-b-F5_DEPRESSIO,ukb-b-20531,finn-b-F5_DEPRESSIO,,rs1907721,0.230785139264235,0.062800616400766,0.000237955146019556,DD
Leg fat percentage (right) || id:ukb-b-20531,Depression || id:finn-b-F5_DEPRESSIO,ukb-b-20531,finn-b-F5_DEPRESSIO,,rs1918898,0.228092895604292,0.0628096512745487,0.000281784795068755,DD
Leg fat percentage (right) || id:ukb-b-20531,Depression || id:finn-b-F5_DEPRESSIO,ukb-b-20531,finn-b-F5_DEPRESSIO,,rs1928496,0.230864082139787,0.0628451238004799,0.000239213119705067,DD
Leg fat percentage (right) || id:ukb-b-20531,Depression || id:finn-b-F5_DEPRESSIO,ukb-b-20531,finn-b-F5_DEPRESSIO,,rs1928957,0.231105952052391,0.0627798010700294,0.000232125063029766,DD
Leg fat percentage (right) || id:ukb-b-20531,Depression || id:finn-b-F5_DEPRESSIO,ukb-b-20531,finn-b-F5_DEPRESSIO,,rs197374,0.228301425536006,0.0628254429210083,0.000279168263408724,DD
Leg fat percentage (right) || id:ukb-b-20531,Depression || id:finn-b-F5_DEPRESSIO,ukb-b-20531,finn-b-F5_DEPRESSIO,,rs1981612,0.231795619917331,0.0627598901947998,0.000221299942285288,DD
Leg fat percentage (right) || id:ukb-b-20531,Depression || id:finn-b-F5_DEPRESSIO,ukb-b-20531,finn-b-F5_DEPRESSIO,,rs2034768,0.230960706601422,0.0628589920168512,0.000238533399542141,DD
Leg fat percentage (right) || id:ukb-b-20531,Depression || id:finn-b-F5_DEPRESSIO,ukb-b-20531,finn-b-F5_DEPRESSIO,,rs2034946,0.225885693407449,0.0626980070173751,0.00031485965777592,DD
Leg fat percentage (right) || id:ukb-b-20531,Depression || id:finn-b-F5_DEPRESSIO,ukb-b-20531,finn-b-F5_DEPRESSIO,,rs2035936,0.22538243391786,0.0627273551070456,0.000326831630694132,DD
Leg fat percentage (right) || id:ukb-b-20531,Depression || id:finn-b-F5_DEPRESSIO,ukb-b-20531,finn-b-F5_DEPRESSIO,,rs207466,0.228980136770731,0.0628331105344934,0.000268163139251035,DD
Leg fat percentage (right) || id:ukb-b-20531,Depression || id:finn-b-F5_DEPRESSIO,ukb-b-20531,finn-b-F5_DEPRESSIO,,rs208477,0.227252368515113,0.0628141969788573,0.000297059993266581,DD
Leg fat percentage (right) || id:ukb-b-20531,Depression || id:finn-b-F5_DEPRESSIO,ukb-b-20531,finn-b-F5_DEPRESSIO,,rs2088518,0.232069462049015,0.0628833419696399,0.000223834839771491,DD
Leg fat percentage (right) || id:ukb-b-20531,Depression || id:finn-b-F5_DEPRESSIO,ukb-b-20531,finn-b-F5_DEPRESSIO,,rs2108635,0.229263801142717,0.0628465892823726,0.000264298745890524,DD
Leg fat percentage (right) || id:ukb-b-20531,Depression || id:finn-b-F5_DEPRESSIO,ukb-b-20531,finn-b-F5_DEPRESSIO,,rs215669,0.22636054351382,0.0628052960434103,0.000313160115314383,DD
Leg fat percentage (right) || id:ukb-b-20531,Depression || id:finn-b-F5_DEPRESSIO,ukb-b-20531,finn-b-F5_DEPRESSIO,,rs2165468,0.231794000309992,0.0627711387406262,0.000221899395513514,DD
Leg fat percentage (right) || id:ukb-b-20531,Depression || id:finn-b-F5_DEPRESSIO,ukb-b-20531,finn-b-F5_DEPRESSIO,,rs2172131,0.228669781343711,0.0628665755115996,0.000275422772916237,DD
Leg fat percentage (right) || id:ukb-b-20531,Depression || id:finn-b-F5_DEPRESSIO,ukb-b-20531,finn-b-F5_DEPRESSIO,,rs2174267,0.228678754855951,0.0628210859709527,0.000272469510531932,DD
Leg fat percentage (right) || id:ukb-b-20531,Depression || id:finn-b-F5_DEPRESSIO,ukb-b-20531,finn-b-F5_DEPRESSIO,,rs2192158,0.234598710141436,0.0625201298739543,0.000175170109801924,DD
Leg fat percentage (right) || id:ukb-b-20531,Depression || id:finn-b-F5_DEPRESSIO,ukb-b-20531,finn-b-F5_DEPRESSIO,,rs2209514,0.230224390118322,0.0628146313492655,0.000247203745662861,DD
Leg fat percentage (right) || id:ukb-b-20531,Depression || id:finn-b-F5_DEPRESSIO,ukb-b-20531,finn-b-F5_DEPRESSIO,,rs2216931,0.22853902699627,0.0628542614311437,0.000276888392861648,DD
Leg fat percentage (right) || id:ukb-b-20531,Depression || id:finn-b-F5_DEPRESSIO,ukb-b-20531,finn-b-F5_DEPRESSIO,,rs222857,0.227397270887871,0.0627949768413502,0.000293165686746697,DD
Leg fat percentage (right) || id:ukb-b-20531,Depression || id:finn-b-F5_DEPRESSIO,ukb-b-20531,finn-b-F5_DEPRESSIO,,rs2241743,0.229838884588221,0.0628551080171099,0.000255536808496521,DD
Leg fat percentage (right) || id:ukb-b-20531,Depression || id:finn-b-F5_DEPRESSIO,ukb-b-20531,finn-b-F5_DEPRESSIO,,rs2254614,0.226988251739231,0.0628647742910547,0.00030532655825949,DD
Leg fat percentage (right) || id:ukb-b-20531,Depression || id:finn-b-F5_DEPRESSIO,ukb-b-20531,finn-b-F5_DEPRESSIO,,rs2287821,0.228497450268727,0.0628764315541679,0.000278983453993142,DD
Leg fat percentage (right) || id:ukb-b-20531,Depression || id:finn-b-F5_DEPRESSIO,ukb-b-20531,finn-b-F5_DEPRESSIO,,rs2289379,0.234977239945952,0.0626397025875111,0.000175954521017025,DD
Leg fat percentage (right) || id:ukb-b-20531,Depression || id:finn-b-F5_DEPRESSIO,ukb-b-20531,finn-b-F5_DEPRESSIO,,rs2301597,0.229148110331421,0.0628494592274619,0.000266370754599069,DD
Leg fat percentage (right) || id:ukb-b-20531,Depression || id:finn-b-F5_DEPRESSIO,ukb-b-20531,finn-b-F5_DEPRESSIO,,rs2304616,0.229074013845021,0.0628247032684877,0.00026610434137733,DD
Leg fat percentage (right) || id:ukb-b-20531,Depression || id:finn-b-F5_DEPRESSIO,ukb-b-20531,finn-b-F5_DEPRESSIO,,rs2307111,0.230801676291377,0.0629419917461803,0.000245513525747477,DD
Leg fat percentage (right) || id:ukb-b-20531,Depression || id:finn-b-F5_DEPRESSIO,ukb-b-20531,finn-b-F5_DEPRESSIO,,rs2326844,0.231181632243077,0.062765142741188,0.000230251469826546,DD
Leg fat percentage (right) || id:ukb-b-20531,Depression || id:finn-b-F5_DEPRESSIO,ukb-b-20531,finn-b-F5_DEPRESSIO,,rs2339683,0.226898426826772,0.0627732285509338,0.000300842861410412,DD
Leg fat percentage (right) || id:ukb-b-20531,Depression || id:finn-b-F5_DEPRESSIO,ukb-b-20531,finn-b-F5_DEPRESSIO,,rs2447097,0.226639548610421,0.0627287211825625,0.000302662064138976,DD
Leg fat percentage (right) || id:ukb-b-20531,Depression || id:finn-b-F5_DEPRESSIO,ukb-b-20531,finn-b-F5_DEPRESSIO,,rs2450444,0.230600601868632,0.0627944965071165,0.000240371681063333,DD
Leg fat percentage (right) || id:ukb-b-20531,Depression || id:finn-b-F5_DEPRESSIO,ukb-b-20531,finn-b-F5_DEPRESSIO,,rs2503185,0.227828164854595,0.0628297493826599,0.000287712507834369,DD
Leg fat percentage (right) || id:ukb-b-20531,Depression || id:finn-b-F5_DEPRESSIO,ukb-b-20531,finn-b-F5_DEPRESSIO,,rs2521763,0.228800416769352,0.0628304704043563,0.000270999512019701,DD
Leg fat percentage (right) || id:ukb-b-20531,Depression || id:finn-b-F5_DEPRESSIO,ukb-b-20531,finn-b-F5_DEPRESSIO,,rs2543112,0.227746172275726,0.0627955573147284,0.000286968739356484,DD
Leg fat percentage (right) || id:ukb-b-20531,Depression || id:finn-b-F5_DEPRESSIO,ukb-b-20531,finn-b-F5_DEPRESSIO,,rs2605091,0.228921237792646,0.0629017147503108,0.000273329082128648,DD
Leg fat percentage (right) || id:ukb-b-20531,Depression || id:finn-b-F5_DEPRESSIO,ukb-b-20531,finn-b-F5_DEPRESSIO,,rs2613498,0.224018699970232,0.0628014914961881,0.000360964732357396,DD
Leg fat percentage (right) || id:ukb-b-20531,Depression || id:finn-b-F5_DEPRESSIO,ukb-b-20531,finn-b-F5_DEPRESSIO,,rs2618062,0.231295131902271,0.0627898465025431,0.000229927745299963,DD
Leg fat percentage (right) || id:ukb-b-20531,Depression || id:finn-b-F5_DEPRESSIO,ukb-b-20531,finn-b-F5_DEPRESSIO,,rs262956,0.231061937605836,0.0627998556514709,0.000233839558773243,DD
Leg fat percentage (right) || id:ukb-b-20531,Depression || id:finn-b-F5_DEPRESSIO,ukb-b-20531,finn-b-F5_DEPRESSIO,,rs2656512,0.228148792936053,0.0628251929670575,0.000281794220875648,DD
Leg fat percentage (right) || id:ukb-b-20531,Depression || id:finn-b-F5_DEPRESSIO,ukb-b-20531,finn-b-F5_DEPRESSIO,,rs2660241,0.231209134701018,0.0628023271899327,0.000231831507194188,DD
Leg fat percentage (right) || id:ukb-b-20531,Depression || id:finn-b-F5_DEPRESSIO,ukb-b-20531,finn-b-F5_DEPRESSIO,,rs2676161,0.22701351498412,0.0627485952214024,0.000297087720183204,DD
Leg fat percentage (right) || id:ukb-b-20531,Depression || id:finn-b-F5_DEPRESSIO,ukb-b-20531,finn-b-F5_DEPRESSIO,,rs271590,0.226063410154558,0.0627317658936254,0.000313777946706536,DD
Leg fat percentage (right) || id:ukb-b-20531,Depression || id:finn-b-F5_DEPRESSIO,ukb-b-20531,finn-b-F5_DEPRESSIO,,rs2722217,0.229255998452172,0.0628416762663398,0.000264133175592259,DD
Leg fat percentage (right) || id:ukb-b-20531,Depression || id:finn-b-F5_DEPRESSIO,ukb-b-20531,finn-b-F5_DEPRESSIO,,rs2725370,0.229558812318318,0.0628583882543386,0.000260206233036261,DD
Leg fat percentage (right) || id:ukb-b-20531,Depression || id:finn-b-F5_DEPRESSIO,ukb-b-20531,finn-b-F5_DEPRESSIO,,rs2726036,0.236609309593103,0.0627839141003885,0.000164146331770354,DD
Leg fat percentage (right) || id:ukb-b-20531,Depression || id:finn-b-F5_DEPRESSIO,ukb-b-20531,finn-b-F5_DEPRESSIO,,rs2727340,0.229747425722411,0.062870339244519,0.000257879079091758,DD
Leg fat percentage (right) || id:ukb-b-20531,Depression || id:finn-b-F5_DEPRESSIO,ukb-b-20531,finn-b-F5_DEPRESSIO,,rs2733296,0.230643109609269,0.0628454687674698,0.000242546856559879,DD
Leg fat percentage (right) || id:ukb-b-20531,Depression || id:finn-b-F5_DEPRESSIO,ukb-b-20531,finn-b-F5_DEPRESSIO,,rs274111,0.231790696789527,0.0627451691216642,0.000220614824248457,DD
Leg fat percentage (right) || id:ukb-b-20531,Depression || id:finn-b-F5_DEPRESSIO,ukb-b-20531,finn-b-F5_DEPRESSIO,,rs2777657,0.228738328187052,0.0628311841057402,0.000272085517591891,DD
Leg fat percentage (right) || id:ukb-b-20531,Depression || id:finn-b-F5_DEPRESSIO,ukb-b-20531,finn-b-F5_DEPRESSIO,,rs2777770,0.229827489806496,0.0628195159997312,0.00025365965674259,DD
Leg fat percentage (right) || id:ukb-b-20531,Depression || id:finn-b-F5_DEPRESSIO,ukb-b-20531,finn-b-F5_DEPRESSIO,,rs2794665,0.227710156634295,0.06281430292946,0.00028881359188339,DD
Leg fat percentage (right) || id:ukb-b-20531,Depression || id:finn-b-F5_DEPRESSIO,ukb-b-20531,finn-b-F5_DEPRESSIO,,rs2798297,0.226913501869188,0.0627896055149372,0.000301659796069314,DD
Leg fat percentage (right) || id:ukb-b-20531,Depression || id:finn-b-F5_DEPRESSIO,ukb-b-20531,finn-b-F5_DEPRESSIO,,rs2802295,0.22652029977103,0.0628050232599396,0.000310088796305089,DD
Leg fat percentage (right) || id:ukb-b-20531,Depression || id:finn-b-F5_DEPRESSIO,ukb-b-20531,finn-b-F5_DEPRESSIO,,rs2823093,0.229548206368042,0.0628164632618304,0.00025791652023866,DD
Leg fat percentage (right) || id:ukb-b-20531,Depression || id:finn-b-F5_DEPRESSIO,ukb-b-20531,finn-b-F5_DEPRESSIO,,rs28431181,0.223524283951631,0.0627040463924575,0.000364202399737765,DD
Leg fat percentage (right) || id:ukb-b-20531,Depression || id:finn-b-F5_DEPRESSIO,ukb-b-20531,finn-b-F5_DEPRESSIO,,rs28450038,0.231331442058488,0.0627443052129593,0.0002270101373711,DD
Leg fat percentage (right) || id:ukb-b-20531,Depression || id:finn-b-F5_DEPRESSIO,ukb-b-20531,finn-b-F5_DEPRESSIO,,rs28457808,0.227553451270676,0.0628713520169685,0.000295343527036018,DD
Leg fat percentage (right) || id:ukb-b-20531,Depression || id:finn-b-F5_DEPRESSIO,ukb-b-20531,finn-b-F5_DEPRESSIO,,rs28475375,0.227315978073028,0.0627745473552467,0.000293297732293972,DD
Leg fat percentage (right) || id:ukb-b-20531,Depression || id:finn-b-F5_DEPRESSIO,ukb-b-20531,finn-b-F5_DEPRESSIO,,rs2848758,0.228178736961435,0.0628199507601247,0.000280943895056232,DD
Leg fat percentage (right) || id:ukb-b-20531,Depression || id:finn-b-F5_DEPRESSIO,ukb-b-20531,finn-b-F5_DEPRESSIO,,rs2861685,0.230430481774921,0.0628415120729356,0.000245555468539591,DD
Leg fat percentage (right) || id:ukb-b-20531,Depression || id:finn-b-F5_DEPRESSIO,ukb-b-20531,finn-b-F5_DEPRESSIO,,rs28670671,0.231036808773279,0.0627896017207968,0.000233655657381841,DD
Leg fat percentage (right) || id:ukb-b-20531,Depression || id:finn-b-F5_DEPRESSIO,ukb-b-20531,finn-b-F5_DEPRESSIO,,rs28711392,0.226858450819291,0.0628282491913977,0.000305287552718883,DD
Leg fat percentage (right) || id:ukb-b-20531,Depression || id:finn-b-F5_DEPRESSIO,ukb-b-20531,finn-b-F5_DEPRESSIO,,rs28726372,0.228279708867948,0.0628321473589294,0.000279963265843324,DD
Leg fat percentage (right) || id:ukb-b-20531,Depression || id:finn-b-F5_DEPRESSIO,ukb-b-20531,finn-b-F5_DEPRESSIO,,rs28811003,0.226708389523637,0.0627406720055057,0.000302184797136191,DD
Leg fat percentage (right) || id:ukb-b-20531,Depression || id:finn-b-F5_DEPRESSIO,ukb-b-20531,finn-b-F5_DEPRESSIO,,rs2917705,0.231289816332337,0.0627502676306507,0.000227915729018017,DD
Leg fat percentage (right) || id:ukb-b-20531,Depression || id:finn-b-F5_DEPRESSIO,ukb-b-20531,finn-b-F5_DEPRESSIO,,rs2929458,0.227981521066564,0.0628059281925091,0.000283491128976519,DD
Leg fat percentage (right) || id:ukb-b-20531,Depression || id:finn-b-F5_DEPRESSIO,ukb-b-20531,finn-b-F5_DEPRESSIO,,rs2935905,0.230168068440766,0.0628197802362558,0.000248362473904711,DD
Leg fat percentage (right) || id:ukb-b-20531,Depression || id:finn-b-F5_DEPRESSIO,ukb-b-20531,finn-b-F5_DEPRESSIO,,rs2943653,0.225695465270436,0.0626990747227774,0.000318631301426005,DD
Leg fat percentage (right) || id:ukb-b-20531,Depression || id:finn-b-F5_DEPRESSIO,ukb-b-20531,finn-b-F5_DEPRESSIO,,rs2954033,0.231674865047401,0.0627756923206903,0.00022379725420453,DD
Leg fat percentage (right) || id:ukb-b-20531,Depression || id:finn-b-F5_DEPRESSIO,ukb-b-20531,finn-b-F5_DEPRESSIO,,rs2962334,0.230220236782235,0.062818496046558,0.000247485564310988,DD
Leg fat percentage (right) || id:ukb-b-20531,Depression || id:finn-b-F5_DEPRESSIO,ukb-b-20531,finn-b-F5_DEPRESSIO,,rs2965169,0.22858613962222,0.062826023923546,0.00027433822582889,DD
Leg fat percentage (right) || id:ukb-b-20531,Depression || id:finn-b-F5_DEPRESSIO,ukb-b-20531,finn-b-F5_DEPRESSIO,,rs2980237,0.229050637744399,0.0628250036182837,0.000266507785559631,DD
Leg fat percentage (right) || id:ukb-b-20531,Depression || id:finn-b-F5_DEPRESSIO,ukb-b-20531,finn-b-F5_DEPRESSIO,,rs3005146,0.230757686809562,0.0627688658154131,0.000236633754171829,DD
Leg fat percentage (right) || id:ukb-b-20531,Depression || id:finn-b-F5_DEPRESSIO,ukb-b-20531,finn-b-F5_DEPRESSIO,,rs302189,0.22822701438413,0.0628447498909535,0.000281669111839956,DD
Leg fat percentage (right) || id:ukb-b-20531,Depression || id:finn-b-F5_DEPRESSIO,ukb-b-20531,finn-b-F5_DEPRESSIO,,rs308911,0.22834066387882,0.0628431958153229,0.000279603967227339,DD
Leg fat percentage (right) || id:ukb-b-20531,Depression || id:finn-b-F5_DEPRESSIO,ukb-b-20531,finn-b-F5_DEPRESSIO,,rs3094904,0.227649061783607,0.0628636104373164,0.000293107090768816,DD
Leg fat percentage (right) || id:ukb-b-20531,Depression || id:finn-b-F5_DEPRESSIO,ukb-b-20531,finn-b-F5_DEPRESSIO,,rs326888,0.232434220392452,0.0626338331220991,0.000206441248691038,DD
Leg fat percentage (right) || id:ukb-b-20531,Depression || id:finn-b-F5_DEPRESSIO,ukb-b-20531,finn-b-F5_DEPRESSIO,,rs34045288,0.219420878720847,0.0625828386276532,0.000454746505274441,DD
Leg fat percentage (right) || id:ukb-b-20531,Depression || id:finn-b-F5_DEPRESSIO,ukb-b-20531,finn-b-F5_DEPRESSIO,,rs34117444,0.232888565252897,0.0627355042300116,0.000205441887312948,DD
Leg fat percentage (right) || id:ukb-b-20531,Depression || id:finn-b-F5_DEPRESSIO,ukb-b-20531,finn-b-F5_DEPRESSIO,,rs34325,0.230452607020099,0.0628301971063039,0.000244585381292947,DD
Leg fat percentage (right) || id:ukb-b-20531,Depression || id:finn-b-F5_DEPRESSIO,ukb-b-20531,finn-b-F5_DEPRESSIO,,rs34580448,0.228069033759789,0.0627810156729154,0.00028039417982471,DD
Leg fat percentage (right) || id:ukb-b-20531,Depression || id:finn-b-F5_DEPRESSIO,ukb-b-20531,finn-b-F5_DEPRESSIO,,rs34637214,0.230596208143474,0.0628211681384258,0.000241909016089507,DD
Leg fat percentage (right) || id:ukb-b-20531,Depression || id:finn-b-F5_DEPRESSIO,ukb-b-20531,finn-b-F5_DEPRESSIO,,rs34699890,0.227470436013871,0.0627796696805551,0.000290852738247265,DD
Leg fat percentage (right) || id:ukb-b-20531,Depression || id:finn-b-F5_DEPRESSIO,ukb-b-20531,finn-b-F5_DEPRESSIO,,rs34769775,0.231781072709096,0.0627932242141853,0.000223216386178214,DD
Leg fat percentage (right) || id:ukb-b-20531,Depression || id:finn-b-F5_DEPRESSIO,ukb-b-20531,finn-b-F5_DEPRESSIO,,rs34774377,0.229809564963381,0.0628135736598721,0.000253599554679971,DD
Leg fat percentage (right) || id:ukb-b-20531,Depression || id:finn-b-F5_DEPRESSIO,ukb-b-20531,finn-b-F5_DEPRESSIO,,rs34811474,0.224426790122329,0.0627813849459368,0.000350583314886209,DD
Leg fat percentage (right) || id:ukb-b-20531,Depression || id:finn-b-F5_DEPRESSIO,ukb-b-20531,finn-b-F5_DEPRESSIO,,rs34914000,0.229150219683698,0.0628382903115946,0.000265665487699458,DD
Leg fat percentage (right) || id:ukb-b-20531,Depression || id:finn-b-F5_DEPRESSIO,ukb-b-20531,finn-b-F5_DEPRESSIO,,rs34930419,0.232620717384789,0.062787876357907,0.000211501861573209,DD
Leg fat percentage (right) || id:ukb-b-20531,Depression || id:finn-b-F5_DEPRESSIO,ukb-b-20531,finn-b-F5_DEPRESSIO,,rs35134,0.231248256211686,0.0627796610809616,0.000230062278532161,DD
Leg fat percentage (right) || id:ukb-b-20531,Depression || id:finn-b-F5_DEPRESSIO,ukb-b-20531,finn-b-F5_DEPRESSIO,,rs35394440,0.227239671736227,0.0627814882550539,0.000295135114527888,DD
Leg fat percentage (right) || id:ukb-b-20531,Depression || id:finn-b-F5_DEPRESSIO,ukb-b-20531,finn-b-F5_DEPRESSIO,,rs35445661,0.224581430841641,0.0627131763903415,0.00034216580152669,DD
Leg fat percentage (right) || id:ukb-b-20531,Depression || id:finn-b-F5_DEPRESSIO,ukb-b-20531,finn-b-F5_DEPRESSIO,,rs35463915,0.232672759765935,0.0627180651150041,0.000207406296985795,DD
Leg fat percentage (right) || id:ukb-b-20531,Depression || id:finn-b-F5_DEPRESSIO,ukb-b-20531,finn-b-F5_DEPRESSIO,,rs35513882,0.230351292029968,0.062825263833033,0.000245855254174695,DD
Leg fat percentage (right) || id:ukb-b-20531,Depression || id:finn-b-F5_DEPRESSIO,ukb-b-20531,finn-b-F5_DEPRESSIO,,rs35723993,0.22876498002458,0.0628186976882103,0.000270874938816798,DD
Leg fat percentage (right) || id:ukb-b-20531,Depression || id:finn-b-F5_DEPRESSIO,ukb-b-20531,finn-b-F5_DEPRESSIO,,rs35792595,0.231057879521045,0.0627975804408285,0.000233776593299213,DD
Leg fat percentage (right) || id:ukb-b-20531,Depression || id:finn-b-F5_DEPRESSIO,ukb-b-20531,finn-b-F5_DEPRESSIO,,rs35961581,0.229339768907747,0.0628198484702532,0.00026147230195637,DD
Leg fat percentage (right) || id:ukb-b-20531,Depression || id:finn-b-F5_DEPRESSIO,ukb-b-20531,finn-b-F5_DEPRESSIO,,rs372519,0.227045058872655,0.0628485336165423,0.000303171052477963,DD
Leg fat percentage (right) || id:ukb-b-20531,Depression || id:finn-b-F5_DEPRESSIO,ukb-b-20531,finn-b-F5_DEPRESSIO,,rs3733347,0.22703842833166,0.062789933283145,0.000299373854330165,DD
Leg fat percentage (right) || id:ukb-b-20531,Depression || id:finn-b-F5_DEPRESSIO,ukb-b-20531,finn-b-F5_DEPRESSIO,,rs3737992,0.228516073029788,0.0628490110418107,0.000276954439447479,DD
Leg fat percentage (right) || id:ukb-b-20531,Depression || id:finn-b-F5_DEPRESSIO,ukb-b-20531,finn-b-F5_DEPRESSIO,,rs3749473,0.226636551780791,0.0628059327812251,0.000307947129688466,DD
Leg fat percentage (right) || id:ukb-b-20531,Depression || id:finn-b-F5_DEPRESSIO,ukb-b-20531,finn-b-F5_DEPRESSIO,,rs3754963,0.22764469166846,0.0628585758670779,0.000292857308191214,DD
Leg fat percentage (right) || id:ukb-b-20531,Depression || id:finn-b-F5_DEPRESSIO,ukb-b-20531,finn-b-F5_DEPRESSIO,,rs3764002,0.242500339608268,0.0625549431267947,0.000105927349634527,DD
Leg fat percentage (right) || id:ukb-b-20531,Depression || id:finn-b-F5_DEPRESSIO,ukb-b-20531,finn-b-F5_DEPRESSIO,,rs3766823,0.221555421192341,0.0625843882584232,0.000399965072998089,DD
Leg fat percentage (right) || id:ukb-b-20531,Depression || id:finn-b-F5_DEPRESSIO,ukb-b-20531,finn-b-F5_DEPRESSIO,,rs3780335,0.226634342662706,0.0627145878794343,0.000301809347992666,DD
Leg fat percentage (right) || id:ukb-b-20531,Depression || id:finn-b-F5_DEPRESSIO,ukb-b-20531,finn-b-F5_DEPRESSIO,,rs3782812,0.229111438628427,0.0628636128930162,0.00026782927641656,DD
Leg fat percentage (right) || id:ukb-b-20531,Depression || id:finn-b-F5_DEPRESSIO,ukb-b-20531,finn-b-F5_DEPRESSIO,,rs3800636,0.227302293894738,0.0627788079996278,0.000293823970104926,DD
Leg fat percentage (right) || id:ukb-b-20531,Depression || id:finn-b-F5_DEPRESSIO,ukb-b-20531,finn-b-F5_DEPRESSIO,,rs3803286,0.225811070000596,0.0628100418908353,0.00032421368885829,DD
Leg fat percentage (right) || id:ukb-b-20531,Depression || id:finn-b-F5_DEPRESSIO,ukb-b-20531,finn-b-F5_DEPRESSIO,,rs3807757,0.229564269921585,0.062819649050463,0.000257845778373077,DD
Leg fat percentage (right) || id:ukb-b-20531,Depression || id:finn-b-F5_DEPRESSIO,ukb-b-20531,finn-b-F5_DEPRESSIO,,rs3824712,0.229503949933503,0.0628522531330585,0.00026073010039566,DD
Leg fat percentage (right) || id:ukb-b-20531,Depression || id:finn-b-F5_DEPRESSIO,ukb-b-20531,finn-b-F5_DEPRESSIO,,rs3846949,0.227242233091639,0.0627588316014942,0.000293602046168688,DD
Leg fat percentage (right) || id:ukb-b-20531,Depression || id:finn-b-F5_DEPRESSIO,ukb-b-20531,finn-b-F5_DEPRESSIO,,rs40071,0.229529197757421,0.0629012927112013,0.000263224325883269,DD
Leg fat percentage (right) || id:ukb-b-20531,Depression || id:finn-b-F5_DEPRESSIO,ukb-b-20531,finn-b-F5_DEPRESSIO,,rs4088476,0.230322587921303,0.0628141260752629,0.000245669698966645,DD
Leg fat percentage (right) || id:ukb-b-20531,Depression || id:finn-b-F5_DEPRESSIO,ukb-b-20531,finn-b-F5_DEPRESSIO,,rs429343,0.22902425884339,0.0628573770342286,0.000268899016952724,DD
Leg fat percentage (right) || id:ukb-b-20531,Depression || id:finn-b-F5_DEPRESSIO,ukb-b-20531,finn-b-F5_DEPRESSIO,,rs429358,0.233741545119125,0.0628901487657187,0.000201870708248066,DD
Leg fat percentage (right) || id:ukb-b-20531,Depression || id:finn-b-F5_DEPRESSIO,ukb-b-20531,finn-b-F5_DEPRESSIO,,rs42999,0.229394698709559,0.0628202210394037,0.000260605449628516,DD
Leg fat percentage (right) || id:ukb-b-20531,Depression || id:finn-b-F5_DEPRESSIO,ukb-b-20531,finn-b-F5_DEPRESSIO,,rs4307239,0.232401468435112,0.0627072462058573,0.000210446837431092,DD
Leg fat percentage (right) || id:ukb-b-20531,Depression || id:finn-b-F5_DEPRESSIO,ukb-b-20531,finn-b-F5_DEPRESSIO,,rs4357530,0.228756941752354,0.0628480924865001,0.000272808500945633,DD
Leg fat percentage (right) || id:ukb-b-20531,Depression || id:finn-b-F5_DEPRESSIO,ukb-b-20531,finn-b-F5_DEPRESSIO,,rs4389955,0.229621532756565,0.0628212903412348,0.000257026972278479,DD
Leg fat percentage (right) || id:ukb-b-20531,Depression || id:finn-b-F5_DEPRESSIO,ukb-b-20531,finn-b-F5_DEPRESSIO,,rs4398538,0.231809295607613,0.0627693161283997,0.000221593313530406,DD
Leg fat percentage (right) || id:ukb-b-20531,Depression || id:finn-b-F5_DEPRESSIO,ukb-b-20531,finn-b-F5_DEPRESSIO,,rs4430672,0.231802370575276,0.0627702859492842,0.000221739268325583,DD
Leg fat percentage (right) || id:ukb-b-20531,Depression || id:finn-b-F5_DEPRESSIO,ukb-b-20531,finn-b-F5_DEPRESSIO,,rs4442005,0.227036232351765,0.0627623161878409,0.000297580359347938,DD
Leg fat percentage (right) || id:ukb-b-20531,Depression || id:finn-b-F5_DEPRESSIO,ukb-b-20531,finn-b-F5_DEPRESSIO,,rs4482364,0.230322323353076,0.0628024581931134,0.000245020357587217,DD
Leg fat percentage (right) || id:ukb-b-20531,Depression || id:finn-b-F5_DEPRESSIO,ukb-b-20531,finn-b-F5_DEPRESSIO,,rs4482463,0.234437091135051,0.0625881650401514,0.000179884578457081,DD
Leg fat percentage (right) || id:ukb-b-20531,Depression || id:finn-b-F5_DEPRESSIO,ukb-b-20531,finn-b-F5_DEPRESSIO,,rs4503069,0.22875991880247,0.0628320492331832,0.000271775508948381,DD
Leg fat percentage (right) || id:ukb-b-20531,Depression || id:finn-b-F5_DEPRESSIO,ukb-b-20531,finn-b-F5_DEPRESSIO,,rs450779,0.229044455231745,0.0628260908162472,0.000266675226886067,DD
Leg fat percentage (right) || id:ukb-b-20531,Depression || id:finn-b-F5_DEPRESSIO,ukb-b-20531,finn-b-F5_DEPRESSIO,,rs4528240,0.225698670232296,0.0627339165379379,0.000321026721704134,DD
Leg fat percentage (right) || id:ukb-b-20531,Depression || id:finn-b-F5_DEPRESSIO,ukb-b-20531,finn-b-F5_DEPRESSIO,,rs4547574,0.231700173298441,0.06275296118068,0.000222271106673328,DD
Leg fat percentage (right) || id:ukb-b-20531,Depression || id:finn-b-F5_DEPRESSIO,ukb-b-20531,finn-b-F5_DEPRESSIO,,rs4554901,0.225400175838544,0.0626128116823292,0.000318333422474332,DD
Leg fat percentage (right) || id:ukb-b-20531,Depression || id:finn-b-F5_DEPRESSIO,ukb-b-20531,finn-b-F5_DEPRESSIO,,rs4561038,0.229673534165446,0.0628431977209784,0.000257474903434997,DD
Leg fat percentage (right) || id:ukb-b-20531,Depression || id:finn-b-F5_DEPRESSIO,ukb-b-20531,finn-b-F5_DEPRESSIO,,rs4562174,0.230228950247838,0.0628130462535244,0.000247044329117699,DD
Leg fat percentage (right) || id:ukb-b-20531,Depression || id:finn-b-F5_DEPRESSIO,ukb-b-20531,finn-b-F5_DEPRESSIO,,rs4601141,0.228640136347304,0.0628270938923202,0.000273490120636902,DD
Leg fat percentage (right) || id:ukb-b-20531,Depression || id:finn-b-F5_DEPRESSIO,ukb-b-20531,finn-b-F5_DEPRESSIO,,rs4656984,0.226763169126696,0.0627433375727235,0.000301346890416185,DD
Leg fat percentage (right) || id:ukb-b-20531,Depression || id:finn-b-F5_DEPRESSIO,ukb-b-20531,finn-b-F5_DEPRESSIO,,rs4664699,0.225744351935895,0.0626697707128174,0.000315626441382735,DD
Leg fat percentage (right) || id:ukb-b-20531,Depression || id:finn-b-F5_DEPRESSIO,ukb-b-20531,finn-b-F5_DEPRESSIO,,rs4670615,0.227665602833985,0.0628055347008536,0.000289040871217914,DD
Leg fat percentage (right) || id:ukb-b-20531,Depression || id:finn-b-F5_DEPRESSIO,ukb-b-20531,finn-b-F5_DEPRESSIO,,rs4671238,0.23134106821851,0.062744770787654,0.000226897754765389,DD
Leg fat percentage (right) || id:ukb-b-20531,Depression || id:finn-b-F5_DEPRESSIO,ukb-b-20531,finn-b-F5_DEPRESSIO,,rs4672338,0.224816933946202,0.062674254742316,0.000334414674310171,DD
Leg fat percentage (right) || id:ukb-b-20531,Depression || id:finn-b-F5_DEPRESSIO,ukb-b-20531,finn-b-F5_DEPRESSIO,,rs4673617,0.230766973506872,0.0628172777217184,0.000239135821613682,DD
Leg fat percentage (right) || id:ukb-b-20531,Depression || id:finn-b-F5_DEPRESSIO,ukb-b-20531,finn-b-F5_DEPRESSIO,,rs4734628,0.228350383539211,0.0628133991195328,0.000277574458880962,DD
Leg fat percentage (right) || id:ukb-b-20531,Depression || id:finn-b-F5_DEPRESSIO,ukb-b-20531,finn-b-F5_DEPRESSIO,,rs4740627,0.230297604379549,0.0630064027995947,0.000257035607550172,DD
Leg fat percentage (right) || id:ukb-b-20531,Depression || id:finn-b-F5_DEPRESSIO,ukb-b-20531,finn-b-F5_DEPRESSIO,,rs4752182,0.228348365254484,0.0628168953242319,0.000277827034278809,DD
Leg fat percentage (right) || id:ukb-b-20531,Depression || id:finn-b-F5_DEPRESSIO,ukb-b-20531,finn-b-F5_DEPRESSIO,,rs4759318,0.228763043106322,0.0628392106368193,0.000272161305959491,DD
Leg fat percentage (right) || id:ukb-b-20531,Depression || id:finn-b-F5_DEPRESSIO,ukb-b-20531,finn-b-F5_DEPRESSIO,,rs4762951,0.232278520291129,0.0627318543561091,0.000213299871670998,DD
Leg fat percentage (right) || id:ukb-b-20531,Depression || id:finn-b-F5_DEPRESSIO,ukb-b-20531,finn-b-F5_DEPRESSIO,,rs479018,0.229466724320403,0.0628842756974366,0.000263230479660971,DD
Leg fat percentage (right) || id:ukb-b-20531,Depression || id:finn-b-F5_DEPRESSIO,ukb-b-20531,finn-b-F5_DEPRESSIO,,rs4790292,0.238135364121231,0.0625693978881252,0.000141266721068614,DD
Leg fat percentage (right) || id:ukb-b-20531,Depression || id:finn-b-F5_DEPRESSIO,ukb-b-20531,finn-b-F5_DEPRESSIO,,rs4808762,0.232284735507448,0.0628900989858881,0.000221186366795508,DD
Leg fat percentage (right) || id:ukb-b-20531,Depression || id:finn-b-F5_DEPRESSIO,ukb-b-20531,finn-b-F5_DEPRESSIO,,rs4820323,0.23040615907282,0.062862668464338,0.000247116079686052,DD
Leg fat percentage (right) || id:ukb-b-20531,Depression || id:finn-b-F5_DEPRESSIO,ukb-b-20531,finn-b-F5_DEPRESSIO,,rs484455,0.230624365051427,0.0627852617930464,0.000239508835211494,DD
Leg fat percentage (right) || id:ukb-b-20531,Depression || id:finn-b-F5_DEPRESSIO,ukb-b-20531,finn-b-F5_DEPRESSIO,,rs4876611,0.228519931360576,0.0628830464367791,0.000279010258386445,DD
Leg fat percentage (right) || id:ukb-b-20531,Depression || id:finn-b-F5_DEPRESSIO,ukb-b-20531,finn-b-F5_DEPRESSIO,,rs4877285,0.232478193023639,0.0627289827433057,0.000210497601333194,DD
Leg fat percentage (right) || id:ukb-b-20531,Depression || id:finn-b-F5_DEPRESSIO,ukb-b-20531,finn-b-F5_DEPRESSIO,,rs4879372,0.230389206816237,0.0628035086377349,0.000244060725383472,DD
Leg fat percentage (right) || id:ukb-b-20531,Depression || id:finn-b-F5_DEPRESSIO,ukb-b-20531,finn-b-F5_DEPRESSIO,,rs4905989,0.228825064570138,0.0628330098847307,0.000270741573895481,DD
Leg fat percentage (right) || id:ukb-b-20531,Depression || id:finn-b-F5_DEPRESSIO,ukb-b-20531,finn-b-F5_DEPRESSIO,,rs4936670,0.227977231658496,0.062800870575087,0.000283245178919065,DD
Leg fat percentage (right) || id:ukb-b-20531,Depression || id:finn-b-F5_DEPRESSIO,ukb-b-20531,finn-b-F5_DEPRESSIO,,rs494048,0.22758543241768,0.0628320189631666,0.000292192757447295,DD
Leg fat percentage (right) || id:ukb-b-20531,Depression || id:finn-b-F5_DEPRESSIO,ukb-b-20531,finn-b-F5_DEPRESSIO,,rs4979236,0.229118475698843,0.0628648510233247,0.000267787461055978,DD
Leg fat percentage (right) || id:ukb-b-20531,Depression || id:finn-b-F5_DEPRESSIO,ukb-b-20531,finn-b-F5_DEPRESSIO,,rs5021156,0.225220684880335,0.0626908194276547,0.000327442126246325,DD
Leg fat percentage (right) || id:ukb-b-20531,Depression || id:finn-b-F5_DEPRESSIO,ukb-b-20531,finn-b-F5_DEPRESSIO,,rs539515,0.229817912823006,0.0630289097850453,0.000266115626611304,DD
Leg fat percentage (right) || id:ukb-b-20531,Depression || id:finn-b-F5_DEPRESSIO,ukb-b-20531,finn-b-F5_DEPRESSIO,,rs55655049,0.229018511744707,0.0628240820441747,0.000266982776393183,DD
Leg fat percentage (right) || id:ukb-b-20531,Depression || id:finn-b-F5_DEPRESSIO,ukb-b-20531,finn-b-F5_DEPRESSIO,,rs55707359,0.229570727698821,0.0627711902847866,0.000254923161622023,DD
Leg fat percentage (right) || id:ukb-b-20531,Depression || id:finn-b-F5_DEPRESSIO,ukb-b-20531,finn-b-F5_DEPRESSIO,,rs55736343,0.228313813583648,0.0628132863957849,0.000278194989122566,DD
Leg fat percentage (right) || id:ukb-b-20531,Depression || id:finn-b-F5_DEPRESSIO,ukb-b-20531,finn-b-F5_DEPRESSIO,,rs561136,0.231246571203799,0.0627785260971133,0.000230026385246279,DD
Leg fat percentage (right) || id:ukb-b-20531,Depression || id:finn-b-F5_DEPRESSIO,ukb-b-20531,finn-b-F5_DEPRESSIO,,rs56163533,0.232187929604286,0.0626775204150083,0.000211820702688559,DD
Leg fat percentage (right) || id:ukb-b-20531,Depression || id:finn-b-F5_DEPRESSIO,ukb-b-20531,finn-b-F5_DEPRESSIO,,rs56218501,0.230749659525663,0.0627782816081018,0.000237264304513579,DD
Leg fat percentage (right) || id:ukb-b-20531,Depression || id:finn-b-F5_DEPRESSIO,ukb-b-20531,finn-b-F5_DEPRESSIO,,rs56260582,0.228841921614225,0.0628499567717136,0.000271493377062542,DD
Leg fat percentage (right) || id:ukb-b-20531,Depression || id:finn-b-F5_DEPRESSIO,ukb-b-20531,finn-b-F5_DEPRESSIO,,rs56328878,0.231172743647607,0.0627894974838881,0.000231674517448494,DD
Leg fat percentage (right) || id:ukb-b-20531,Depression || id:finn-b-F5_DEPRESSIO,ukb-b-20531,finn-b-F5_DEPRESSIO,,rs56351202,0.228391599686937,0.062827609559643,0.000277753512769464,DD
Leg fat percentage (right) || id:ukb-b-20531,Depression || id:finn-b-F5_DEPRESSIO,ukb-b-20531,finn-b-F5_DEPRESSIO,,rs56356382,0.23176523073133,0.0628756222608519,0.000227725443490826,DD
Leg fat percentage (right) || id:ukb-b-20531,Depression || id:finn-b-F5_DEPRESSIO,ukb-b-20531,finn-b-F5_DEPRESSIO,,rs56399737,0.226963198934268,0.0628353231341951,0.000303807045715612,DD
Leg fat percentage (right) || id:ukb-b-20531,Depression || id:finn-b-F5_DEPRESSIO,ukb-b-20531,finn-b-F5_DEPRESSIO,,rs56803094,0.230690865021824,0.062825464819145,0.00024072328647762,DD
Leg fat percentage (right) || id:ukb-b-20531,Depression || id:finn-b-F5_DEPRESSIO,ukb-b-20531,finn-b-F5_DEPRESSIO,,rs57241669,0.229960494984698,0.0628235078465264,0.000251801063441087,DD
Leg fat percentage (right) || id:ukb-b-20531,Depression || id:finn-b-F5_DEPRESSIO,ukb-b-20531,finn-b-F5_DEPRESSIO,,rs5762686,0.229917997490698,0.0628096085191316,0.00025166997643563,DD
Leg fat percentage (right) || id:ukb-b-20531,Depression || id:finn-b-F5_DEPRESSIO,ukb-b-20531,finn-b-F5_DEPRESSIO,,rs57800857,0.229122199621593,0.0627947111782838,0.000263519432192079,DD
Leg fat percentage (right) || id:ukb-b-20531,Depression || id:finn-b-F5_DEPRESSIO,ukb-b-20531,finn-b-F5_DEPRESSIO,,rs57803,0.229158735992495,0.0628531780671183,0.000266419105600324,DD
Leg fat percentage (right) || id:ukb-b-20531,Depression || id:finn-b-F5_DEPRESSIO,ukb-b-20531,finn-b-F5_DEPRESSIO,,rs58083390,0.228248250121613,0.0628211598684958,0.000279817112635428,DD
Leg fat percentage (right) || id:ukb-b-20531,Depression || id:finn-b-F5_DEPRESSIO,ukb-b-20531,finn-b-F5_DEPRESSIO,,rs58120873,0.22855515025813,0.0628374631021221,0.000275571459359112,DD
Leg fat percentage (right) || id:ukb-b-20531,Depression || id:finn-b-F5_DEPRESSIO,ukb-b-20531,finn-b-F5_DEPRESSIO,,rs58431213,0.227738604881734,0.0628412588644731,0.000290047984305432,DD
Leg fat percentage (right) || id:ukb-b-20531,Depression || id:finn-b-F5_DEPRESSIO,ukb-b-20531,finn-b-F5_DEPRESSIO,,rs58582157,0.231369061971044,0.0627903650649329,0.000228894820963975,DD
Leg fat percentage (right) || id:ukb-b-20531,Depression || id:finn-b-F5_DEPRESSIO,ukb-b-20531,finn-b-F5_DEPRESSIO,,rs586118,0.233772696647909,0.0626237838456231,0.00018923525785964,DD
Leg fat percentage (right) || id:ukb-b-20531,Depression || id:finn-b-F5_DEPRESSIO,ukb-b-20531,finn-b-F5_DEPRESSIO,,rs58862095,0.226551944984322,0.0628535672545763,0.000312826071508768,DD
Leg fat percentage (right) || id:ukb-b-20531,Depression || id:finn-b-F5_DEPRESSIO,ukb-b-20531,finn-b-F5_DEPRESSIO,,rs588660,0.22907711469577,0.0628778716479101,0.000269261914507864,DD
Leg fat percentage (right) || id:ukb-b-20531,Depression || id:finn-b-F5_DEPRESSIO,ukb-b-20531,finn-b-F5_DEPRESSIO,,rs58948644,0.223136205413142,0.0626419380869249,0.000367914560584296,DD
Leg fat percentage (right) || id:ukb-b-20531,Depression || id:finn-b-F5_DEPRESSIO,ukb-b-20531,finn-b-F5_DEPRESSIO,,rs59104534,0.229980773652967,0.06283834345638,0.000252333746089632,DD
Leg fat percentage (right) || id:ukb-b-20531,Depression || id:finn-b-F5_DEPRESSIO,ukb-b-20531,finn-b-F5_DEPRESSIO,,rs59346947,0.228737119244194,0.0628598255063134,0.000273864281806517,DD
Leg fat percentage (right) || id:ukb-b-20531,Depression || id:finn-b-F5_DEPRESSIO,ukb-b-20531,finn-b-F5_DEPRESSIO,,rs59499656,0.229736399871798,0.0628658934390298,0.000257795634828822,DD
Leg fat percentage (right) || id:ukb-b-20531,Depression || id:finn-b-F5_DEPRESSIO,ukb-b-20531,finn-b-F5_DEPRESSIO,,rs59662983,0.230116652481987,0.0628146268081294,0.000248865444206643,DD
Leg fat percentage (right) || id:ukb-b-20531,Depression || id:finn-b-F5_DEPRESSIO,ukb-b-20531,finn-b-F5_DEPRESSIO,,rs6011058,0.229429447912926,0.0628544438132616,0.00026206611081657,DD
Leg fat percentage (right) || id:ukb-b-20531,Depression || id:finn-b-F5_DEPRESSIO,ukb-b-20531,finn-b-F5_DEPRESSIO,,rs60494825,0.22461946304985,0.0627188698051425,0.000341797527126594,DD
Leg fat percentage (right) || id:ukb-b-20531,Depression || id:finn-b-F5_DEPRESSIO,ukb-b-20531,finn-b-F5_DEPRESSIO,,rs6067822,0.231446257200168,0.0627451715480653,0.0002254290234433,DD
Leg fat percentage (right) || id:ukb-b-20531,Depression || id:finn-b-F5_DEPRESSIO,ukb-b-20531,finn-b-F5_DEPRESSIO,,rs6103254,0.22872295498861,0.062846459323805,0.000273281615313456,DD
Leg fat percentage (right) || id:ukb-b-20531,Depression || id:finn-b-F5_DEPRESSIO,ukb-b-20531,finn-b-F5_DEPRESSIO,,rs6138536,0.228452213539823,0.0628650407984801,0.000279049580597335,DD
Leg fat percentage (right) || id:ukb-b-20531,Depression || id:finn-b-F5_DEPRESSIO,ukb-b-20531,finn-b-F5_DEPRESSIO,,rs6139205,0.224935406386305,0.0626618436948881,0.000331095511163603,DD
Leg fat percentage (right) || id:ukb-b-20531,Depression || id:finn-b-F5_DEPRESSIO,ukb-b-20531,finn-b-F5_DEPRESSIO,,rs61734410,0.229065949339078,0.0628466962267446,0.000267561564624903,DD
Leg fat percentage (right) || id:ukb-b-20531,Depression || id:finn-b-F5_DEPRESSIO,ukb-b-20531,finn-b-F5_DEPRESSIO,,rs61754230,0.229971281123163,0.0627785649310045,0.000249070854436796,DD
Leg fat percentage (right) || id:ukb-b-20531,Depression || id:finn-b-F5_DEPRESSIO,ukb-b-20531,finn-b-F5_DEPRESSIO,,rs61782665,0.228486057362664,0.0628516918297967,0.000277635020695753,DD
Leg fat percentage (right) || id:ukb-b-20531,Depression || id:finn-b-F5_DEPRESSIO,ukb-b-20531,finn-b-F5_DEPRESSIO,,rs61826925,0.223556874097148,0.0623956492649837,0.000339811095474382,DD
Leg fat percentage (right) || id:ukb-b-20531,Depression || id:finn-b-F5_DEPRESSIO,ukb-b-20531,finn-b-F5_DEPRESSIO,,rs61884414,0.232293349901578,0.0627352282715158,0.000213268543987146,DD
Leg fat percentage (right) || id:ukb-b-20531,Depression || id:finn-b-F5_DEPRESSIO,ukb-b-20531,finn-b-F5_DEPRESSIO,,rs61985887,0.230017448891206,0.062796745875389,0.000249387566361916,DD
Leg fat percentage (right) || id:ukb-b-20531,Depression || id:finn-b-F5_DEPRESSIO,ukb-b-20531,finn-b-F5_DEPRESSIO,,rs62057232,0.230040003454154,0.0628648949477775,0.000252928784782112,DD
Leg fat percentage (right) || id:ukb-b-20531,Depression || id:finn-b-F5_DEPRESSIO,ukb-b-20531,finn-b-F5_DEPRESSIO,,rs62082914,0.230356397433322,0.062829240045633,0.000246000194552879,DD
Leg fat percentage (right) || id:ukb-b-20531,Depression || id:finn-b-F5_DEPRESSIO,ukb-b-20531,finn-b-F5_DEPRESSIO,,rs62107261,0.227676016289756,0.0628593186610666,0.000292341960019644,DD
Leg fat percentage (right) || id:ukb-b-20531,Depression || id:finn-b-F5_DEPRESSIO,ukb-b-20531,finn-b-F5_DEPRESSIO,,rs62124758,0.22882136580588,0.0628122351563506,0.000269538985056168,DD
Leg fat percentage (right) || id:ukb-b-20531,Depression || id:finn-b-F5_DEPRESSIO,ukb-b-20531,finn-b-F5_DEPRESSIO,,rs62161461,0.227240449367114,0.0627625024261657,0.000293874772468984,DD
Leg fat percentage (right) || id:ukb-b-20531,Depression || id:finn-b-F5_DEPRESSIO,ukb-b-20531,finn-b-F5_DEPRESSIO,,rs62183912,0.226453935305125,0.0627975296883548,0.000310837902365671,DD
Leg fat percentage (right) || id:ukb-b-20531,Depression || id:finn-b-F5_DEPRESSIO,ukb-b-20531,finn-b-F5_DEPRESSIO,,rs62190049,0.227532821974069,0.0627894594162168,0.000290370891441772,DD
Leg fat percentage (right) || id:ukb-b-20531,Depression || id:finn-b-F5_DEPRESSIO,ukb-b-20531,finn-b-F5_DEPRESSIO,,rs62218301,0.226479755696874,0.062804411802097,0.000310818786409615,DD
Leg fat percentage (right) || id:ukb-b-20531,Depression || id:finn-b-F5_DEPRESSIO,ukb-b-20531,finn-b-F5_DEPRESSIO,,rs62261725,0.23054500541362,0.0628827576901833,0.000246116559568661,DD
Leg fat percentage (right) || id:ukb-b-20531,Depression || id:finn-b-F5_DEPRESSIO,ukb-b-20531,finn-b-F5_DEPRESSIO,,rs62331463,0.23102147165215,0.0627924745903307,0.000234033957732745,DD
Leg fat percentage (right) || id:ukb-b-20531,Depression || id:finn-b-F5_DEPRESSIO,ukb-b-20531,finn-b-F5_DEPRESSIO,,rs62393063,0.229783619520342,0.06285872081507,0.000256624455218106,DD
Leg fat percentage (right) || id:ukb-b-20531,Depression || id:finn-b-F5_DEPRESSIO,ukb-b-20531,finn-b-F5_DEPRESSIO,,rs62393181,0.22597197420702,0.0627897562926626,0.000319606731174335,DD
Leg fat percentage (right) || id:ukb-b-20531,Depression || id:finn-b-F5_DEPRESSIO,ukb-b-20531,finn-b-F5_DEPRESSIO,,rs62443626,0.227464164720164,0.0628145227103975,0.000293235826328393,DD
Leg fat percentage (right) || id:ukb-b-20531,Depression || id:finn-b-F5_DEPRESSIO,ukb-b-20531,finn-b-F5_DEPRESSIO,,rs62447181,0.22773795957784,0.0627961304477269,0.000287150852689669,DD
Leg fat percentage (right) || id:ukb-b-20531,Depression || id:finn-b-F5_DEPRESSIO,ukb-b-20531,finn-b-F5_DEPRESSIO,,rs6265,0.230870687509703,0.062920878913267,0.000243289525448328,DD
Leg fat percentage (right) || id:ukb-b-20531,Depression || id:finn-b-F5_DEPRESSIO,ukb-b-20531,finn-b-F5_DEPRESSIO,,rs629471,0.228002860003336,0.0628132589325713,0.000283583308796395,DD
Leg fat percentage (right) || id:ukb-b-20531,Depression || id:finn-b-F5_DEPRESSIO,ukb-b-20531,finn-b-F5_DEPRESSIO,,rs6425839,0.229502550875737,0.0628308421341078,0.000259491968690861,DD
Leg fat percentage (right) || id:ukb-b-20531,Depression || id:finn-b-F5_DEPRESSIO,ukb-b-20531,finn-b-F5_DEPRESSIO,,rs6433672,0.232544404850367,0.0626781099856612,0.000207146729019484,DD
Leg fat percentage (right) || id:ukb-b-20531,Depression || id:finn-b-F5_DEPRESSIO,ukb-b-20531,finn-b-F5_DEPRESSIO,,rs644045,0.226500284628958,0.0628096991686655,0.000310790920182637,DD
Leg fat percentage (right) || id:ukb-b-20531,Depression || id:finn-b-F5_DEPRESSIO,ukb-b-20531,finn-b-F5_DEPRESSIO,,rs6441176,0.235835798821645,0.0625232714071333,0.000161964825701829,DD
Leg fat percentage (right) || id:ukb-b-20531,Depression || id:finn-b-F5_DEPRESSIO,ukb-b-20531,finn-b-F5_DEPRESSIO,,rs6478538,0.23038296975533,0.0628434415477073,0.000246390579042151,DD
Leg fat percentage (right) || id:ukb-b-20531,Depression || id:finn-b-F5_DEPRESSIO,ukb-b-20531,finn-b-F5_DEPRESSIO,,rs6480742,0.23107521173407,0.0627563840845004,0.000231321649247256,DD
Leg fat percentage (right) || id:ukb-b-20531,Depression || id:finn-b-F5_DEPRESSIO,ukb-b-20531,finn-b-F5_DEPRESSIO,,rs6495017,0.227088321226936,0.0628061015194448,0.000299531586242621,DD
Leg fat percentage (right) || id:ukb-b-20531,Depression || id:finn-b-F5_DEPRESSIO,ukb-b-20531,finn-b-F5_DEPRESSIO,,rs6533413,0.228361499262443,0.062817211687336,0.000277621505942877,DD
Leg fat percentage (right) || id:ukb-b-20531,Depression || id:finn-b-F5_DEPRESSIO,ukb-b-20531,finn-b-F5_DEPRESSIO,,rs6538790,0.226865639254103,0.0627670298754955,0.000301034976162872,DD
Leg fat percentage (right) || id:ukb-b-20531,Depression || id:finn-b-F5_DEPRESSIO,ukb-b-20531,finn-b-F5_DEPRESSIO,,rs6543214,0.227146772135796,0.0627751026067208,0.000296405536477606,DD
Leg fat percentage (right) || id:ukb-b-20531,Depression || id:finn-b-F5_DEPRESSIO,ukb-b-20531,finn-b-F5_DEPRESSIO,,rs6551304,0.225845347608745,0.0627166139104626,0.000316940733927456,DD
Leg fat percentage (right) || id:ukb-b-20531,Depression || id:finn-b-F5_DEPRESSIO,ukb-b-20531,finn-b-F5_DEPRESSIO,,rs6561937,0.222090341245451,0.062569361651156,0.000385954279916215,DD
Leg fat percentage (right) || id:ukb-b-20531,Depression || id:finn-b-F5_DEPRESSIO,ukb-b-20531,finn-b-F5_DEPRESSIO,,rs6575340,0.230583091371529,0.0628639163055338,0.000244481849827042,DD
Leg fat percentage (right) || id:ukb-b-20531,Depression || id:finn-b-F5_DEPRESSIO,ukb-b-20531,finn-b-F5_DEPRESSIO,,rs6602997,0.229646022543576,0.0629991663255113,0.000267159832578134,DD
Leg fat percentage (right) || id:ukb-b-20531,Depression || id:finn-b-F5_DEPRESSIO,ukb-b-20531,finn-b-F5_DEPRESSIO,,rs663129,0.232686271084829,0.0629542829749587,0.000218923817081352,DD
Leg fat percentage (right) || id:ukb-b-20531,Depression || id:finn-b-F5_DEPRESSIO,ukb-b-20531,finn-b-F5_DEPRESSIO,,rs6674490,0.231251191210336,0.0627879849493113,0.000230461328219516,DD
Leg fat percentage (right) || id:ukb-b-20531,Depression || id:finn-b-F5_DEPRESSIO,ukb-b-20531,finn-b-F5_DEPRESSIO,,rs6707827,0.227598795517561,0.0627933948924013,0.000289447253053226,DD
Leg fat percentage (right) || id:ukb-b-20531,Depression || id:finn-b-F5_DEPRESSIO,ukb-b-20531,finn-b-F5_DEPRESSIO,,rs671240,0.228087043887169,0.0628175293273229,0.000282384494513719,DD
Leg fat percentage (right) || id:ukb-b-20531,Depression || id:finn-b-F5_DEPRESSIO,ukb-b-20531,finn-b-F5_DEPRESSIO,,rs672187,0.227512334824611,0.0628467941421149,0.000294477312368948,DD
Leg fat percentage (right) || id:ukb-b-20531,Depression || id:finn-b-F5_DEPRESSIO,ukb-b-20531,finn-b-F5_DEPRESSIO,,rs6740162,0.230686409166442,0.0628398075149716,0.000241581138893174,DD
Leg fat percentage (right) || id:ukb-b-20531,Depression || id:finn-b-F5_DEPRESSIO,ukb-b-20531,finn-b-F5_DEPRESSIO,,rs6744646,0.233606057786988,0.0629558979819883,0.000206743911291154,DD
Leg fat percentage (right) || id:ukb-b-20531,Depression || id:finn-b-F5_DEPRESSIO,ukb-b-20531,finn-b-F5_DEPRESSIO,,rs67609008,0.231950796131427,0.0627451297456735,0.00021840820459228,DD
Leg fat percentage (right) || id:ukb-b-20531,Depression || id:finn-b-F5_DEPRESSIO,ukb-b-20531,finn-b-F5_DEPRESSIO,,rs67776659,0.2294805345257,0.0628410857691613,0.000260449697739004,DD
Leg fat percentage (right) || id:ukb-b-20531,Depression || id:finn-b-F5_DEPRESSIO,ukb-b-20531,finn-b-F5_DEPRESSIO,,rs6846318,0.22621314685352,0.0627334806325303,0.000311025388353489,DD
Leg fat percentage (right) || id:ukb-b-20531,Depression || id:finn-b-F5_DEPRESSIO,ukb-b-20531,finn-b-F5_DEPRESSIO,,rs6860245,0.238926730438864,0.0626893814328757,0.000138249555878905,DD
Leg fat percentage (right) || id:ukb-b-20531,Depression || id:finn-b-F5_DEPRESSIO,ukb-b-20531,finn-b-F5_DEPRESSIO,,rs6862472,0.232374828739835,0.0627275145274104,0.00021179810269372,DD
Leg fat percentage (right) || id:ukb-b-20531,Depression || id:finn-b-F5_DEPRESSIO,ukb-b-20531,finn-b-F5_DEPRESSIO,,rs6931038,0.229098142610329,0.0628315560054729,0.000266118475029262,DD
Leg fat percentage (right) || id:ukb-b-20531,Depression || id:finn-b-F5_DEPRESSIO,ukb-b-20531,finn-b-F5_DEPRESSIO,,rs6935311,0.228605205585587,0.0628239698713686,0.000273888664642731,DD
Leg fat percentage (right) || id:ukb-b-20531,Depression || id:finn-b-F5_DEPRESSIO,ukb-b-20531,finn-b-F5_DEPRESSIO,,rs6938973,0.23289919544956,0.0628982074283077,0.0002132368168695,DD
Leg fat percentage (right) || id:ukb-b-20531,Depression || id:finn-b-F5_DEPRESSIO,ukb-b-20531,finn-b-F5_DEPRESSIO,,rs6945561,0.229587190308677,0.0628425751423527,0.000258820669497608,DD
Leg fat percentage (right) || id:ukb-b-20531,Depression || id:finn-b-F5_DEPRESSIO,ukb-b-20531,finn-b-F5_DEPRESSIO,,rs6977416,0.231786191819182,0.0628271976460704,0.000224902714821002,DD
Leg fat percentage (right) || id:ukb-b-20531,Depression || id:finn-b-F5_DEPRESSIO,ukb-b-20531,finn-b-F5_DEPRESSIO,,rs698838,0.226338029703456,0.0627759234847178,0.000311563240339461,DD
Leg fat percentage (right) || id:ukb-b-20531,Depression || id:finn-b-F5_DEPRESSIO,ukb-b-20531,finn-b-F5_DEPRESSIO,,rs699330,0.23057505866419,0.0627978648132049,0.00024094033744077,DD
Leg fat percentage (right) || id:ukb-b-20531,Depression || id:finn-b-F5_DEPRESSIO,ukb-b-20531,finn-b-F5_DEPRESSIO,,rs7027304,0.230415707588801,0.0628381880338885,0.000245594965505229,DD
Leg fat percentage (right) || id:ukb-b-20531,Depression || id:finn-b-F5_DEPRESSIO,ukb-b-20531,finn-b-F5_DEPRESSIO,,rs708437,0.229715875905226,0.0628248547320992,0.000255733283131106,DD
Leg fat percentage (right) || id:ukb-b-20531,Depression || id:finn-b-F5_DEPRESSIO,ukb-b-20531,finn-b-F5_DEPRESSIO,,rs7097348,0.230778666995581,0.0628104054067063,0.000238585746010867,DD
Leg fat percentage (right) || id:ukb-b-20531,Depression || id:finn-b-F5_DEPRESSIO,ukb-b-20531,finn-b-F5_DEPRESSIO,,rs7124681,0.228639068277595,0.062961066044598,0.000281848792730537,DD
Leg fat percentage (right) || id:ukb-b-20531,Depression || id:finn-b-F5_DEPRESSIO,ukb-b-20531,finn-b-F5_DEPRESSIO,,rs7132908,0.23112693058319,0.0629304436122717,0.000239966989895302,DD
Leg fat percentage (right) || id:ukb-b-20531,Depression || id:finn-b-F5_DEPRESSIO,ukb-b-20531,finn-b-F5_DEPRESSIO,,rs7141213,0.2290776556565,0.06282372986537,0.000265985892532184,DD
Leg fat percentage (right) || id:ukb-b-20531,Depression || id:finn-b-F5_DEPRESSIO,ukb-b-20531,finn-b-F5_DEPRESSIO,,rs7154726,0.231707535466841,0.0626959614739447,0.000219253274865593,DD
Leg fat percentage (right) || id:ukb-b-20531,Depression || id:finn-b-F5_DEPRESSIO,ukb-b-20531,finn-b-F5_DEPRESSIO,,rs719802,0.22465027073111,0.0627242310053442,0.000341555472239971,DD
Leg fat percentage (right) || id:ukb-b-20531,Depression || id:finn-b-F5_DEPRESSIO,ukb-b-20531,finn-b-F5_DEPRESSIO,,rs7206608,0.227275987368289,0.0628354198940796,0.000298032291979337,DD
Leg fat percentage (right) || id:ukb-b-20531,Depression || id:finn-b-F5_DEPRESSIO,ukb-b-20531,finn-b-F5_DEPRESSIO,,rs7213608,0.230814716291033,0.0629063985342263,0.000243332481722644,DD
Leg fat percentage (right) || id:ukb-b-20531,Depression || id:finn-b-F5_DEPRESSIO,ukb-b-20531,finn-b-F5_DEPRESSIO,,rs7218014,0.218266814939774,0.0624846394480256,0.000477398438756256,DD
Leg fat percentage (right) || id:ukb-b-20531,Depression || id:finn-b-F5_DEPRESSIO,ukb-b-20531,finn-b-F5_DEPRESSIO,,rs7230974,0.231547818902171,0.0627258453885403,0.000223000246321158,DD
Leg fat percentage (right) || id:ukb-b-20531,Depression || id:finn-b-F5_DEPRESSIO,ukb-b-20531,finn-b-F5_DEPRESSIO,,rs7235179,0.229438721235839,0.0628264713910716,0.000260263195539592,DD
Leg fat percentage (right) || id:ukb-b-20531,Depression || id:finn-b-F5_DEPRESSIO,ukb-b-20531,finn-b-F5_DEPRESSIO,,rs72634826,0.225340720440761,0.0627810910298914,0.00033155594836592,DD
Leg fat percentage (right) || id:ukb-b-20531,Depression || id:finn-b-F5_DEPRESSIO,ukb-b-20531,finn-b-F5_DEPRESSIO,,rs72651329,0.226182607649441,0.0627686478065058,0.000314041902436264,DD
Leg fat percentage (right) || id:ukb-b-20531,Depression || id:finn-b-F5_DEPRESSIO,ukb-b-20531,finn-b-F5_DEPRESSIO,,rs72668171,0.228161999154216,0.0628164107332815,0.000281011160225164,DD
Leg fat percentage (right) || id:ukb-b-20531,Depression || id:finn-b-F5_DEPRESSIO,ukb-b-20531,finn-b-F5_DEPRESSIO,,rs72744607,0.227596078820205,0.0627994466989987,0.000289887175424616,DD
Leg fat percentage (right) || id:ukb-b-20531,Depression || id:finn-b-F5_DEPRESSIO,ukb-b-20531,finn-b-F5_DEPRESSIO,,rs72811755,0.228974186084649,0.0628373434956481,0.000268518018828683,DD
Leg fat percentage (right) || id:ukb-b-20531,Depression || id:finn-b-F5_DEPRESSIO,ukb-b-20531,finn-b-F5_DEPRESSIO,,rs72823964,0.227646483902846,0.0628038487073217,0.000289272592620437,DD
Leg fat percentage (right) || id:ukb-b-20531,Depression || id:finn-b-F5_DEPRESSIO,ukb-b-20531,finn-b-F5_DEPRESSIO,,rs72892910,0.228841538689971,0.0629509688026446,0.000277727803651707,DD
Leg fat percentage (right) || id:ukb-b-20531,Depression || id:finn-b-F5_DEPRESSIO,ukb-b-20531,finn-b-F5_DEPRESSIO,,rs72917533,0.229038553927368,0.062839848677766,0.000267601916516654,DD
Leg fat percentage (right) || id:ukb-b-20531,Depression || id:finn-b-F5_DEPRESSIO,ukb-b-20531,finn-b-F5_DEPRESSIO,,rs73034216,0.228149337949474,0.0628243731210759,0.000281732997058454,DD
Leg fat percentage (right) || id:ukb-b-20531,Depression || id:finn-b-F5_DEPRESSIO,ukb-b-20531,finn-b-F5_DEPRESSIO,,rs73049380,0.22699429496977,0.0627428647659706,0.000297060071347011,DD
Leg fat percentage (right) || id:ukb-b-20531,Depression || id:finn-b-F5_DEPRESSIO,ukb-b-20531,finn-b-F5_DEPRESSIO,,rs7308788,0.22789600043819,0.0628240989036603,0.000286150880456181,DD
Leg fat percentage (right) || id:ukb-b-20531,Depression || id:finn-b-F5_DEPRESSIO,ukb-b-20531,finn-b-F5_DEPRESSIO,,rs73091318,0.232563200071689,0.0627638629434893,0.000211084160572242,DD
Leg fat percentage (right) || id:ukb-b-20531,Depression || id:finn-b-F5_DEPRESSIO,ukb-b-20531,finn-b-F5_DEPRESSIO,,rs7314469,0.229155579655479,0.0628245117259531,0.000264752278747921,DD
Leg fat percentage (right) || id:ukb-b-20531,Depression || id:finn-b-F5_DEPRESSIO,ukb-b-20531,finn-b-F5_DEPRESSIO,,rs73371569,0.229597307098822,0.0628191506096017,0.000257288730414823,DD
Leg fat percentage (right) || id:ukb-b-20531,Depression || id:finn-b-F5_DEPRESSIO,ukb-b-20531,finn-b-F5_DEPRESSIO,,rs7338169,0.230790203462905,0.0627854817805534,0.000237055973514032,DD
Leg fat percentage (right) || id:ukb-b-20531,Depression || id:finn-b-F5_DEPRESSIO,ukb-b-20531,finn-b-F5_DEPRESSIO,,rs74278876,0.228628983536487,0.0628557972176587,0.000275449866148703,DD
Leg fat percentage (right) || id:ukb-b-20531,Depression || id:finn-b-F5_DEPRESSIO,ukb-b-20531,finn-b-F5_DEPRESSIO,,rs74288880,0.232323093883947,0.06256689253416,0.000204658796937914,DD
Leg fat percentage (right) || id:ukb-b-20531,Depression || id:finn-b-F5_DEPRESSIO,ukb-b-20531,finn-b-F5_DEPRESSIO,,rs7442885,0.225797886188551,0.0628097621831308,0.000324455239876588,DD
Leg fat percentage (right) || id:ukb-b-20531,Depression || id:finn-b-F5_DEPRESSIO,ukb-b-20531,finn-b-F5_DEPRESSIO,,rs745249,0.230723610549467,0.0628416305923157,0.000241122611683071,DD
Leg fat percentage (right) || id:ukb-b-20531,Depression || id:finn-b-F5_DEPRESSIO,ukb-b-20531,finn-b-F5_DEPRESSIO,,rs74618095,0.230889149855212,0.0628197262481822,0.00023745442159047,DD
Leg fat percentage (right) || id:ukb-b-20531,Depression || id:finn-b-F5_DEPRESSIO,ukb-b-20531,finn-b-F5_DEPRESSIO,,rs7463186,0.230036743646596,0.0628395506194797,0.000251527117290555,DD
Leg fat percentage (right) || id:ukb-b-20531,Depression || id:finn-b-F5_DEPRESSIO,ukb-b-20531,finn-b-F5_DEPRESSIO,,rs75035127,0.227739536459491,0.0627885185494351,0.000286634666222696,DD
Leg fat percentage (right) || id:ukb-b-20531,Depression || id:finn-b-F5_DEPRESSIO,ukb-b-20531,finn-b-F5_DEPRESSIO,,rs7537581,0.231050299080957,0.0628149187723881,0.00023482031597153,DD
Leg fat percentage (right) || id:ukb-b-20531,Depression || id:finn-b-F5_DEPRESSIO,ukb-b-20531,finn-b-F5_DEPRESSIO,,rs75499503,0.236301971222727,0.062767219275635,0.00016672554990188,DD
Leg fat percentage (right) || id:ukb-b-20531,Depression || id:finn-b-F5_DEPRESSIO,ukb-b-20531,finn-b-F5_DEPRESSIO,,rs7553158,0.228580868029827,0.062821077872246,0.000274122591148834,DD
Leg fat percentage (right) || id:ukb-b-20531,Depression || id:finn-b-F5_DEPRESSIO,ukb-b-20531,finn-b-F5_DEPRESSIO,,rs75557510,0.228248289544417,0.0628370297324767,0.000280813642168031,DD
Leg fat percentage (right) || id:ukb-b-20531,Depression || id:finn-b-F5_DEPRESSIO,ukb-b-20531,finn-b-F5_DEPRESSIO,,rs75695257,0.230309396829635,0.0628005917117784,0.00024511313627307,DD
Leg fat percentage (right) || id:ukb-b-20531,Depression || id:finn-b-F5_DEPRESSIO,ukb-b-20531,finn-b-F5_DEPRESSIO,,rs7575523,0.23185844711969,0.0628666818207035,0.000225937149247735,DD
Leg fat percentage (right) || id:ukb-b-20531,Depression || id:finn-b-F5_DEPRESSIO,ukb-b-20531,finn-b-F5_DEPRESSIO,,rs7636464,0.228918272068696,0.062837337711604,0.000269447992352445,DD
Leg fat percentage (right) || id:ukb-b-20531,Depression || id:finn-b-F5_DEPRESSIO,ukb-b-20531,finn-b-F5_DEPRESSIO,,rs764729,0.22872885528771,0.0628296083424117,0.000272148370352361,DD
Leg fat percentage (right) || id:ukb-b-20531,Depression || id:finn-b-F5_DEPRESSIO,ukb-b-20531,finn-b-F5_DEPRESSIO,,rs7655064,0.231220577570172,0.0628153561558895,0.000232360880148624,DD
Leg fat percentage (right) || id:ukb-b-20531,Depression || id:finn-b-F5_DEPRESSIO,ukb-b-20531,finn-b-F5_DEPRESSIO,,rs7665222,0.228481215703837,0.0628405599963222,0.000277025063361915,DD
Leg fat percentage (right) || id:ukb-b-20531,Depression || id:finn-b-F5_DEPRESSIO,ukb-b-20531,finn-b-F5_DEPRESSIO,,rs7667864,0.223961441789403,0.0625931889187489,0.000346169732502424,DD
Leg fat percentage (right) || id:ukb-b-20531,Depression || id:finn-b-F5_DEPRESSIO,ukb-b-20531,finn-b-F5_DEPRESSIO,,rs76702514,0.227981729590753,0.0628328404978964,0.000285199851080011,DD
Leg fat percentage (right) || id:ukb-b-20531,Depression || id:finn-b-F5_DEPRESSIO,ukb-b-20531,finn-b-F5_DEPRESSIO,,rs76856798,0.230888159580743,0.0628016839466757,0.000236488776837479,DD
Leg fat percentage (right) || id:ukb-b-20531,Depression || id:finn-b-F5_DEPRESSIO,ukb-b-20531,finn-b-F5_DEPRESSIO,,rs7696754,0.226735695980257,0.0627846390712541,0.000304637377565728,DD
Leg fat percentage (right) || id:ukb-b-20531,Depression || id:finn-b-F5_DEPRESSIO,ukb-b-20531,finn-b-F5_DEPRESSIO,,rs770082,0.228890993622554,0.0628564948237907,0.000271069744754309,DD
Leg fat percentage (right) || id:ukb-b-20531,Depression || id:finn-b-F5_DEPRESSIO,ukb-b-20531,finn-b-F5_DEPRESSIO,,rs77221192,0.228464106582426,0.0629053355222578,0.000281373033990541,DD
Leg fat percentage (right) || id:ukb-b-20531,Depression || id:finn-b-F5_DEPRESSIO,ukb-b-20531,finn-b-F5_DEPRESSIO,,rs7723495,0.235182475760061,0.0623730637968344,0.000162870161957697,DD
Leg fat percentage (right) || id:ukb-b-20531,Depression || id:finn-b-F5_DEPRESSIO,ukb-b-20531,finn-b-F5_DEPRESSIO,,rs7739335,0.227880501655387,0.062947855180219,0.000294435464877034,DD
Leg fat percentage (right) || id:ukb-b-20531,Depression || id:finn-b-F5_DEPRESSIO,ukb-b-20531,finn-b-F5_DEPRESSIO,,rs7746618,0.230277235767138,0.0628170175156794,0.000246526493954426,DD
Leg fat percentage (right) || id:ukb-b-20531,Depression || id:finn-b-F5_DEPRESSIO,ukb-b-20531,finn-b-F5_DEPRESSIO,,rs7774,0.228114856320192,0.0628552267476838,0.000284289224372082,DD
Leg fat percentage (right) || id:ukb-b-20531,Depression || id:finn-b-F5_DEPRESSIO,ukb-b-20531,finn-b-F5_DEPRESSIO,,rs77927866,0.228336043423912,0.0628140530346781,0.000277861173704728,DD
Leg fat percentage (right) || id:ukb-b-20531,Depression || id:finn-b-F5_DEPRESSIO,ukb-b-20531,finn-b-F5_DEPRESSIO,,rs78081111,0.230937666639752,0.0628010893463261,0.000235727221751351,DD
Leg fat percentage (right) || id:ukb-b-20531,Depression || id:finn-b-F5_DEPRESSIO,ukb-b-20531,finn-b-F5_DEPRESSIO,,rs7826830,0.229813059173563,0.0628151231416454,0.000253633809237416,DD
Leg fat percentage (right) || id:ukb-b-20531,Depression || id:finn-b-F5_DEPRESSIO,ukb-b-20531,finn-b-F5_DEPRESSIO,,rs78277800,0.226225075746089,0.0627715667001522,0.000313427217453926,DD
Leg fat percentage (right) || id:ukb-b-20531,Depression || id:finn-b-F5_DEPRESSIO,ukb-b-20531,finn-b-F5_DEPRESSIO,,rs7837172,0.228696696802506,0.062830872176972,0.000272767458436813,DD
Leg fat percentage (right) || id:ukb-b-20531,Depression || id:finn-b-F5_DEPRESSIO,ukb-b-20531,finn-b-F5_DEPRESSIO,,rs78378788,0.230485762998587,0.0628446879860716,0.00024488982487678,DD
Leg fat percentage (right) || id:ukb-b-20531,Depression || id:finn-b-F5_DEPRESSIO,ukb-b-20531,finn-b-F5_DEPRESSIO,,rs785510,0.229010788335765,0.062850648838466,0.000268715412256422,DD
Leg fat percentage (right) || id:ukb-b-20531,Depression || id:finn-b-F5_DEPRESSIO,ukb-b-20531,finn-b-F5_DEPRESSIO,,rs7865801,0.229084593653398,0.0628326578730497,0.000266408007391702,DD
Leg fat percentage (right) || id:ukb-b-20531,Depression || id:finn-b-F5_DEPRESSIO,ukb-b-20531,finn-b-F5_DEPRESSIO,,rs78759867,0.232344975760449,0.0626868298769755,0.000210192976195687,DD
Leg fat percentage (right) || id:ukb-b-20531,Depression || id:finn-b-F5_DEPRESSIO,ukb-b-20531,finn-b-F5_DEPRESSIO,,rs78886584,0.230866771378655,0.0628116074314717,0.000237343949649041,DD
Leg fat percentage (right) || id:ukb-b-20531,Depression || id:finn-b-F5_DEPRESSIO,ukb-b-20531,finn-b-F5_DEPRESSIO,,rs7893571,0.227988962862632,0.062823689572002,0.000284489783489491,DD
Leg fat percentage (right) || id:ukb-b-20531,Depression || id:finn-b-F5_DEPRESSIO,ukb-b-20531,finn-b-F5_DEPRESSIO,,rs7927346,0.230449563395212,0.0628112820641321,0.000243577363763006,DD
Leg fat percentage (right) || id:ukb-b-20531,Depression || id:finn-b-F5_DEPRESSIO,ukb-b-20531,finn-b-F5_DEPRESSIO,,rs7957882,0.228781916281148,0.062837000998196,0.000271708835420288,DD
Leg fat percentage (right) || id:ukb-b-20531,Depression || id:finn-b-F5_DEPRESSIO,ukb-b-20531,finn-b-F5_DEPRESSIO,,rs7975187,0.226944411601184,0.0627874839701528,0.000300945375035278,DD
Leg fat percentage (right) || id:ukb-b-20531,Depression || id:finn-b-F5_DEPRESSIO,ukb-b-20531,finn-b-F5_DEPRESSIO,,rs79847714,0.227249595339936,0.0628460466162461,0.000299221792567359,DD
Leg fat percentage (right) || id:ukb-b-20531,Depression || id:finn-b-F5_DEPRESSIO,ukb-b-20531,finn-b-F5_DEPRESSIO,,rs7987928,0.229639861288174,0.0628517783906887,0.000258515216090189,DD
Leg fat percentage (right) || id:ukb-b-20531,Depression || id:finn-b-F5_DEPRESSIO,ukb-b-20531,finn-b-F5_DEPRESSIO,,rs80135274,0.227689896331146,0.0628001121416516,0.000288259157058115,DD
Leg fat percentage (right) || id:ukb-b-20531,Depression || id:finn-b-F5_DEPRESSIO,ukb-b-20531,finn-b-F5_DEPRESSIO,,rs8014124,0.231341318028484,0.0627425279855697,0.000226776767361896,DD
Leg fat percentage (right) || id:ukb-b-20531,Depression || id:finn-b-F5_DEPRESSIO,ukb-b-20531,finn-b-F5_DEPRESSIO,,rs8020365,0.233892344609404,0.0628522899261516,0.00019819833210752,DD
Leg fat percentage (right) || id:ukb-b-20531,Depression || id:finn-b-F5_DEPRESSIO,ukb-b-20531,finn-b-F5_DEPRESSIO,,rs8049660,0.226033707471523,0.0627327533383281,0.000314418945649324,DD
Leg fat percentage (right) || id:ukb-b-20531,Depression || id:finn-b-F5_DEPRESSIO,ukb-b-20531,finn-b-F5_DEPRESSIO,,rs8062006,0.228660244632816,0.0628454220831912,0.00027427846519764,DD
Leg fat percentage (right) || id:ukb-b-20531,Depression || id:finn-b-F5_DEPRESSIO,ukb-b-20531,finn-b-F5_DEPRESSIO,,rs8089514,0.229686447354604,0.0628224074673411,0.000256058552923851,DD
Leg fat percentage (right) || id:ukb-b-20531,Depression || id:finn-b-F5_DEPRESSIO,ukb-b-20531,finn-b-F5_DEPRESSIO,,rs811054,0.225131673613823,0.0626468330438533,0.000326060158356163,DD
Leg fat percentage (right) || id:ukb-b-20531,Depression || id:finn-b-F5_DEPRESSIO,ukb-b-20531,finn-b-F5_DEPRESSIO,,rs8119351,0.228663225416861,0.0628934662598585,0.000277202013808655,DD
Leg fat percentage (right) || id:ukb-b-20531,Depression || id:finn-b-F5_DEPRESSIO,ukb-b-20531,finn-b-F5_DEPRESSIO,,rs812949,0.230213424571188,0.0628467324766623,0.000249188034495853,DD
Leg fat percentage (right) || id:ukb-b-20531,Depression || id:finn-b-F5_DEPRESSIO,ukb-b-20531,finn-b-F5_DEPRESSIO,,rs8132491,0.230566106629922,0.0628227520917598,0.000242450704723851,DD
Leg fat percentage (right) || id:ukb-b-20531,Depression || id:finn-b-F5_DEPRESSIO,ukb-b-20531,finn-b-F5_DEPRESSIO,,rs853961,0.231034712718718,0.0628408237053602,0.000236449598804408,DD
Leg fat percentage (right) || id:ukb-b-20531,Depression || id:finn-b-F5_DEPRESSIO,ukb-b-20531,finn-b-F5_DEPRESSIO,,rs879620,0.233312332830092,0.062799065207589,0.000203027104327925,DD
Leg fat percentage (right) || id:ukb-b-20531,Depression || id:finn-b-F5_DEPRESSIO,ukb-b-20531,finn-b-F5_DEPRESSIO,,rs906835,0.225651970159906,0.0627346747670693,0.000322000288907773,DD
Leg fat percentage (right) || id:ukb-b-20531,Depression || id:finn-b-F5_DEPRESSIO,ukb-b-20531,finn-b-F5_DEPRESSIO,,rs910244,0.227126970283927,0.0627928329297188,0.000297940287848388,DD
Leg fat percentage (right) || id:ukb-b-20531,Depression || id:finn-b-F5_DEPRESSIO,ukb-b-20531,finn-b-F5_DEPRESSIO,,rs9304665,0.228905639775444,0.0628517830169974,0.000270537338075066,DD
Leg fat percentage (right) || id:ukb-b-20531,Depression || id:finn-b-F5_DEPRESSIO,ukb-b-20531,finn-b-F5_DEPRESSIO,,rs935166,0.223161844704965,0.0625187597723899,0.000357638505926825,DD
Leg fat percentage (right) || id:ukb-b-20531,Depression || id:finn-b-F5_DEPRESSIO,ukb-b-20531,finn-b-F5_DEPRESSIO,,rs9370068,0.229359261898887,0.0628312720029892,0.000261832452592501,DD
Leg fat percentage (right) || id:ukb-b-20531,Depression || id:finn-b-F5_DEPRESSIO,ukb-b-20531,finn-b-F5_DEPRESSIO,,rs9381202,0.229201654508604,0.0628451877996405,0.000265233636043518,DD
Leg fat percentage (right) || id:ukb-b-20531,Depression || id:finn-b-F5_DEPRESSIO,ukb-b-20531,finn-b-F5_DEPRESSIO,,rs9389857,0.228774095481149,0.0628220540465108,0.000270926997634902,DD
Leg fat percentage (right) || id:ukb-b-20531,Depression || id:finn-b-F5_DEPRESSIO,ukb-b-20531,finn-b-F5_DEPRESSIO,,rs9449999,0.228709011664475,0.0628363773297402,0.000272897686219436,DD
Leg fat percentage (right) || id:ukb-b-20531,Depression || id:finn-b-F5_DEPRESSIO,ukb-b-20531,finn-b-F5_DEPRESSIO,,rs9478496,0.227055883508892,0.0627784868185089,0.000298292310557648,DD
Leg fat percentage (right) || id:ukb-b-20531,Depression || id:finn-b-F5_DEPRESSIO,ukb-b-20531,finn-b-F5_DEPRESSIO,,rs9515455,0.227210511045761,0.0628663628907319,0.00030129673909593,DD
Leg fat percentage (right) || id:ukb-b-20531,Depression || id:finn-b-F5_DEPRESSIO,ukb-b-20531,finn-b-F5_DEPRESSIO,,rs9545470,0.228311017931552,0.0628160979453359,0.000278418643659302,DD
Leg fat percentage (right) || id:ukb-b-20531,Depression || id:finn-b-F5_DEPRESSIO,ukb-b-20531,finn-b-F5_DEPRESSIO,,rs9568867,0.226714051976253,0.0628386601176116,0.00030871475197355,DD
Leg fat percentage (right) || id:ukb-b-20531,Depression || id:finn-b-F5_DEPRESSIO,ukb-b-20531,finn-b-F5_DEPRESSIO,,rs9571687,0.232170207363223,0.0627253806707215,0.000214433594261567,DD
Leg fat percentage (right) || id:ukb-b-20531,Depression || id:finn-b-F5_DEPRESSIO,ukb-b-20531,finn-b-F5_DEPRESSIO,,rs9615723,0.228884076010293,0.0628243283749299,0.00026922809132891,DD
Leg fat percentage (right) || id:ukb-b-20531,Depression || id:finn-b-F5_DEPRESSIO,ukb-b-20531,finn-b-F5_DEPRESSIO,,rs9641499,0.225608064058876,0.062793849148113,0.000327097224332602,DD
Leg fat percentage (right) || id:ukb-b-20531,Depression || id:finn-b-F5_DEPRESSIO,ukb-b-20531,finn-b-F5_DEPRESSIO,,rs9646033,0.231744555637093,0.0627189603240258,0.000219914423562715,DD
Leg fat percentage (right) || id:ukb-b-20531,Depression || id:finn-b-F5_DEPRESSIO,ukb-b-20531,finn-b-F5_DEPRESSIO,,rs9667999,0.2256542381699,0.0626806691142839,0.000318142422523905,DD
Leg fat percentage (right) || id:ukb-b-20531,Depression || id:finn-b-F5_DEPRESSIO,ukb-b-20531,finn-b-F5_DEPRESSIO,,rs972031,0.227187654690488,0.0627728492462254,0.000295512296781371,DD
Leg fat percentage (right) || id:ukb-b-20531,Depression || id:finn-b-F5_DEPRESSIO,ukb-b-20531,finn-b-F5_DEPRESSIO,,rs972283,0.228731101082443,0.0628780385788305,0.000275089340106356,DD
Leg fat percentage (right) || id:ukb-b-20531,Depression || id:finn-b-F5_DEPRESSIO,ukb-b-20531,finn-b-F5_DEPRESSIO,,rs9783304,0.233622916606241,0.0628445496957483,0.000201225485675686,DD
Leg fat percentage (right) || id:ukb-b-20531,Depression || id:finn-b-F5_DEPRESSIO,ukb-b-20531,finn-b-F5_DEPRESSIO,,rs9788550,0.221582020294791,0.062661185108821,0.00040593859541675,DD
Leg fat percentage (right) || id:ukb-b-20531,Depression || id:finn-b-F5_DEPRESSIO,ukb-b-20531,finn-b-F5_DEPRESSIO,,rs9821810,0.225020632206276,0.0626261631731405,0.000326795851561173,DD
Leg fat percentage (right) || id:ukb-b-20531,Depression || id:finn-b-F5_DEPRESSIO,ukb-b-20531,finn-b-F5_DEPRESSIO,,rs9839081,0.231888325210511,0.0628084645663778,0.000222504792956995,DD
Leg fat percentage (right) || id:ukb-b-20531,Depression || id:finn-b-F5_DEPRESSIO,ukb-b-20531,finn-b-F5_DEPRESSIO,,rs9843653,0.218816240131547,0.0627100173840103,0.00048422442434111,DD
Leg fat percentage (right) || id:ukb-b-20531,Depression || id:finn-b-F5_DEPRESSIO,ukb-b-20531,finn-b-F5_DEPRESSIO,,rs9860326,0.222973567177943,0.0625762751048996,0.000366321539524505,DD
Leg fat percentage (right) || id:ukb-b-20531,Depression || id:finn-b-F5_DEPRESSIO,ukb-b-20531,finn-b-F5_DEPRESSIO,,rs9866090,0.229640312610121,0.0628577391952449,0.000258857211981749,DD
Leg fat percentage (right) || id:ukb-b-20531,Depression || id:finn-b-F5_DEPRESSIO,ukb-b-20531,finn-b-F5_DEPRESSIO,,rs9867130,0.229304056114462,0.062843096032148,0.000263432749602692,DD
Leg fat percentage (right) || id:ukb-b-20531,Depression || id:finn-b-F5_DEPRESSIO,ukb-b-20531,finn-b-F5_DEPRESSIO,,rs9885336,0.227120626706266,0.0627415192505323,0.000294669675826808,DD
Leg fat percentage (right) || id:ukb-b-20531,Depression || id:finn-b-F5_DEPRESSIO,ukb-b-20531,finn-b-F5_DEPRESSIO,,rs9932172,0.233892337118923,0.0625620988484166,0.000185075244068412,DD
Leg fat percentage (right) || id:ukb-b-20531,Depression || id:finn-b-F5_DEPRESSIO,ukb-b-20531,finn-b-F5_DEPRESSIO,,rs993767,0.22886396165416,0.0628273754344059,0.000269748467466784,DD
Leg fat percentage (right) || id:ukb-b-20531,Depression || id:finn-b-F5_DEPRESSIO,ukb-b-20531,finn-b-F5_DEPRESSIO,,rs9963931,0.229186834140385,0.0628219513894243,0.000264087449316688,DD
Leg fat percentage (right) || id:ukb-b-20531,Depression || id:finn-b-F5_DEPRESSIO,ukb-b-20531,finn-b-F5_DEPRESSIO,,rs9964756,0.229562475530426,0.0628365831042012,0.000258865988911771,DD
Leg fat percentage (right) || id:ukb-b-20531,Depression || id:finn-b-F5_DEPRESSIO,ukb-b-20531,finn-b-F5_DEPRESSIO,,rs997123,0.225091875742172,0.0626506958793114,0.000327134546487632,DD
Leg fat percentage (right) || id:ukb-b-20531,Depression || id:finn-b-F5_DEPRESSIO,ukb-b-20531,finn-b-F5_DEPRESSIO,,All,0.229107685520801,0.0627392659424813,0.000260466310950529,DD
