exposure,outcome,id.exposure,id.outcome,samplesize,SNP,b,se,p
Leg fat percentage (right) || id:ukb-b-20531,"Ischaemic heart disease, wide definition || id:finn-b-I9_IHD",ukb-b-20531,finn-b-I9_IHD,,rs10050620,-1.11290203586045,1.43801948453879,0.438982215645252
Leg fat percentage (right) || id:ukb-b-20531,"Ischaemic heart disease, wide definition || id:finn-b-I9_IHD",ukb-b-20531,finn-b-I9_IHD,,rs10070916,-2.20996682552624,1.66059654121463,0.183245919367818
Leg fat percentage (right) || id:ukb-b-20531,"Ischaemic heart disease, wide definition || id:finn-b-I9_IHD",ukb-b-20531,finn-b-I9_IHD,,rs10079475,0.0572193021305035,1.6135843200802,0.971712149949463
Leg fat percentage (right) || id:ukb-b-20531,"Ischaemic heart disease, wide definition || id:finn-b-I9_IHD",ukb-b-20531,finn-b-I9_IHD,,rs10085776,-0.504590936537598,1.85016676730453,0.78506286854756
Leg fat percentage (right) || id:ukb-b-20531,"Ischaemic heart disease, wide definition || id:finn-b-I9_IHD",ukb-b-20531,finn-b-I9_IHD,,rs10100245,0.422029964127453,1.00920208813087,0.675814188135396
Leg fat percentage (right) || id:ukb-b-20531,"Ischaemic heart disease, wide definition || id:finn-b-I9_IHD",ukb-b-20531,finn-b-I9_IHD,,rs10101487,-0.669255445880287,1.81442587549767,0.71223770068497
Leg fat percentage (right) || id:ukb-b-20531,"Ischaemic heart disease, wide definition || id:finn-b-I9_IHD",ukb-b-20531,finn-b-I9_IHD,,rs10119967,-0.448242887879512,1.44433819427843,0.756298745303894
Leg fat percentage (right) || id:ukb-b-20531,"Ischaemic heart disease, wide definition || id:finn-b-I9_IHD",ukb-b-20531,finn-b-I9_IHD,,rs1013293,0.834396780210072,1.12888976146069,0.459827797596796
Leg fat percentage (right) || id:ukb-b-20531,"Ischaemic heart disease, wide definition || id:finn-b-I9_IHD",ukb-b-20531,finn-b-I9_IHD,,rs10145749,3.38901792873143,1.51885864488878,0.0256617590303393
Leg fat percentage (right) || id:ukb-b-20531,"Ischaemic heart disease, wide definition || id:finn-b-I9_IHD",ukb-b-20531,finn-b-I9_IHD,,rs10172070,0.903655445746653,1.89236081579887,0.63298612332211
Leg fat percentage (right) || id:ukb-b-20531,"Ischaemic heart disease, wide definition || id:finn-b-I9_IHD",ukb-b-20531,finn-b-I9_IHD,,rs10187101,-0.268630080028405,1.29643212535447,0.835848038922481
Leg fat percentage (right) || id:ukb-b-20531,"Ischaemic heart disease, wide definition || id:finn-b-I9_IHD",ukb-b-20531,finn-b-I9_IHD,,rs10209821,2.47557815435853,1.05078497199391,0.0184762894494205
Leg fat percentage (right) || id:ukb-b-20531,"Ischaemic heart disease, wide definition || id:finn-b-I9_IHD",ukb-b-20531,finn-b-I9_IHD,,rs10210468,0.856509546389591,1.62441465694578,0.59800421056118
Leg fat percentage (right) || id:ukb-b-20531,"Ischaemic heart disease, wide definition || id:finn-b-I9_IHD",ukb-b-20531,finn-b-I9_IHD,,rs1022185,-1.63682981548464,1.54525891671627,0.289481723680284
Leg fat percentage (right) || id:ukb-b-20531,"Ischaemic heart disease, wide definition || id:finn-b-I9_IHD",ukb-b-20531,finn-b-I9_IHD,,rs10245306,2.01296664226707,1.64697270730942,0.221623602459394
Leg fat percentage (right) || id:ukb-b-20531,"Ischaemic heart disease, wide definition || id:finn-b-I9_IHD",ukb-b-20531,finn-b-I9_IHD,,rs10404726,0.0836176332865075,0.919793966151582,0.927564826606211
Leg fat percentage (right) || id:ukb-b-20531,"Ischaemic heart disease, wide definition || id:finn-b-I9_IHD",ukb-b-20531,finn-b-I9_IHD,,rs10423928,1.38591964614818,0.624155301634107,0.0263867144151883
Leg fat percentage (right) || id:ukb-b-20531,"Ischaemic heart disease, wide definition || id:finn-b-I9_IHD",ukb-b-20531,finn-b-I9_IHD,,rs10493979,-1.37463278173241,1.58720486138175,0.386450992316402
Leg fat percentage (right) || id:ukb-b-20531,"Ischaemic heart disease, wide definition || id:finn-b-I9_IHD",ukb-b-20531,finn-b-I9_IHD,,rs10498240,-0.288704438830747,0.962348129435824,0.764177155622095
Leg fat percentage (right) || id:ukb-b-20531,"Ischaemic heart disease, wide definition || id:finn-b-I9_IHD",ukb-b-20531,finn-b-I9_IHD,,rs10499014,1.40710685338139,1.20471477173065,0.242806764889785
Leg fat percentage (right) || id:ukb-b-20531,"Ischaemic heart disease, wide definition || id:finn-b-I9_IHD",ukb-b-20531,finn-b-I9_IHD,,rs10510025,-1.76331131303416,1.06304892556126,0.0971701793416276
Leg fat percentage (right) || id:ukb-b-20531,"Ischaemic heart disease, wide definition || id:finn-b-I9_IHD",ukb-b-20531,finn-b-I9_IHD,,rs10514963,0.930884836391931,1.13325110517279,0.411402194666121
Leg fat percentage (right) || id:ukb-b-20531,"Ischaemic heart disease, wide definition || id:finn-b-I9_IHD",ukb-b-20531,finn-b-I9_IHD,,rs10756793,0.141489411875678,1.04544954330362,0.892344368348743
Leg fat percentage (right) || id:ukb-b-20531,"Ischaemic heart disease, wide definition || id:finn-b-I9_IHD",ukb-b-20531,finn-b-I9_IHD,,rs10761737,2.83614906028469,1.55575166899112,0.0683020505785573
Leg fat percentage (right) || id:ukb-b-20531,"Ischaemic heart disease, wide definition || id:finn-b-I9_IHD",ukb-b-20531,finn-b-I9_IHD,,rs10777256,-0.261700058675908,1.73548459964023,0.880138494926946
Leg fat percentage (right) || id:ukb-b-20531,"Ischaemic heart disease, wide definition || id:finn-b-I9_IHD",ukb-b-20531,finn-b-I9_IHD,,rs10791256,-0.58366719595803,1.70610411126193,0.732271676747657
Leg fat percentage (right) || id:ukb-b-20531,"Ischaemic heart disease, wide definition || id:finn-b-I9_IHD",ukb-b-20531,finn-b-I9_IHD,,rs10795776,1.36001554303478,1.6417330483777,0.407442666573564
Leg fat percentage (right) || id:ukb-b-20531,"Ischaemic heart disease, wide definition || id:finn-b-I9_IHD",ukb-b-20531,finn-b-I9_IHD,,rs10823242,0.101361053704465,1.25011966235507,0.93537747125395
Leg fat percentage (right) || id:ukb-b-20531,"Ischaemic heart disease, wide definition || id:finn-b-I9_IHD",ukb-b-20531,finn-b-I9_IHD,,rs10854853,3.12290594616464,1.40341117418735,0.026066122257375
Leg fat percentage (right) || id:ukb-b-20531,"Ischaemic heart disease, wide definition || id:finn-b-I9_IHD",ukb-b-20531,finn-b-I9_IHD,,rs10883026,2.06989889340021,1.11456094260011,0.0632908322333453
Leg fat percentage (right) || id:ukb-b-20531,"Ischaemic heart disease, wide definition || id:finn-b-I9_IHD",ukb-b-20531,finn-b-I9_IHD,,rs10885421,-1.22600279817109,1.34619915093296,0.362445935012661
Leg fat percentage (right) || id:ukb-b-20531,"Ischaemic heart disease, wide definition || id:finn-b-I9_IHD",ukb-b-20531,finn-b-I9_IHD,,rs10894416,-1.19258632220409,1.29781452710445,0.358137983510638
Leg fat percentage (right) || id:ukb-b-20531,"Ischaemic heart disease, wide definition || id:finn-b-I9_IHD",ukb-b-20531,finn-b-I9_IHD,,rs10896012,-2.40036800066909,1.54727554050098,0.120817506904568
Leg fat percentage (right) || id:ukb-b-20531,"Ischaemic heart disease, wide definition || id:finn-b-I9_IHD",ukb-b-20531,finn-b-I9_IHD,,rs10938397,1.83645790747627,0.713817561209856,0.01009006835038
Leg fat percentage (right) || id:ukb-b-20531,"Ischaemic heart disease, wide definition || id:finn-b-I9_IHD",ukb-b-20531,finn-b-I9_IHD,,rs10951992,4.33550189846132,1.35560763585692,0.00138289199540459
Leg fat percentage (right) || id:ukb-b-20531,"Ischaemic heart disease, wide definition || id:finn-b-I9_IHD",ukb-b-20531,finn-b-I9_IHD,,rs10973850,-0.47887936755086,1.50504944087413,0.750347023651697
Leg fat percentage (right) || id:ukb-b-20531,"Ischaemic heart disease, wide definition || id:finn-b-I9_IHD",ukb-b-20531,finn-b-I9_IHD,,rs10975277,-1.3515082036548,1.81261100254879,0.455900602119093
Leg fat percentage (right) || id:ukb-b-20531,"Ischaemic heart disease, wide definition || id:finn-b-I9_IHD",ukb-b-20531,finn-b-I9_IHD,,rs10982884,1.19524617996604,2.17317487266554,0.582319373576693
Leg fat percentage (right) || id:ukb-b-20531,"Ischaemic heart disease, wide definition || id:finn-b-I9_IHD",ukb-b-20531,finn-b-I9_IHD,,rs10989067,1.15462012997724,1.33134770089212,0.385801410089173
Leg fat percentage (right) || id:ukb-b-20531,"Ischaemic heart disease, wide definition || id:finn-b-I9_IHD",ukb-b-20531,finn-b-I9_IHD,,rs10992854,0.067281814686659,1.11495578623606,0.951880999724362
Leg fat percentage (right) || id:ukb-b-20531,"Ischaemic heart disease, wide definition || id:finn-b-I9_IHD",ukb-b-20531,finn-b-I9_IHD,,rs10997982,-0.819564647259376,1.29959536922558,0.528282066059112
Leg fat percentage (right) || id:ukb-b-20531,"Ischaemic heart disease, wide definition || id:finn-b-I9_IHD",ukb-b-20531,finn-b-I9_IHD,,rs10999460,-1.3405607040858,1.03248153606608,0.194154350796657
Leg fat percentage (right) || id:ukb-b-20531,"Ischaemic heart disease, wide definition || id:finn-b-I9_IHD",ukb-b-20531,finn-b-I9_IHD,,rs11012732,1.18350398333626,0.80478270866866,0.141402507486613
Leg fat percentage (right) || id:ukb-b-20531,"Ischaemic heart disease, wide definition || id:finn-b-I9_IHD",ukb-b-20531,finn-b-I9_IHD,,rs11017772,-1.8052418964365,1.97261531729816,0.36011209391167
Leg fat percentage (right) || id:ukb-b-20531,"Ischaemic heart disease, wide definition || id:finn-b-I9_IHD",ukb-b-20531,finn-b-I9_IHD,,rs11021352,2.22077460618264,2.08917314803848,0.287785522161792
Leg fat percentage (right) || id:ukb-b-20531,"Ischaemic heart disease, wide definition || id:finn-b-I9_IHD",ukb-b-20531,finn-b-I9_IHD,,rs11022019,0.322520822750619,1.822242648541,0.859515340764875
Leg fat percentage (right) || id:ukb-b-20531,"Ischaemic heart disease, wide definition || id:finn-b-I9_IHD",ukb-b-20531,finn-b-I9_IHD,,rs11071411,0.886372734030994,1.10558319513543,0.422712549877375
Leg fat percentage (right) || id:ukb-b-20531,"Ischaemic heart disease, wide definition || id:finn-b-I9_IHD",ukb-b-20531,finn-b-I9_IHD,,rs11122450,3.18380791287634,1.45433200958549,0.0285830920840133
Leg fat percentage (right) || id:ukb-b-20531,"Ischaemic heart disease, wide definition || id:finn-b-I9_IHD",ukb-b-20531,finn-b-I9_IHD,,rs11150745,1.21843579706808,1.18005986645176,0.301828431107777
Leg fat percentage (right) || id:ukb-b-20531,"Ischaemic heart disease, wide definition || id:finn-b-I9_IHD",ukb-b-20531,finn-b-I9_IHD,,rs11160752,4.14178513897908,1.74546659428404,0.0176499323563126
Leg fat percentage (right) || id:ukb-b-20531,"Ischaemic heart disease, wide definition || id:finn-b-I9_IHD",ukb-b-20531,finn-b-I9_IHD,,rs11223641,-2.93104312447018,2.47340813849342,0.236008738174916
Leg fat percentage (right) || id:ukb-b-20531,"Ischaemic heart disease, wide definition || id:finn-b-I9_IHD",ukb-b-20531,finn-b-I9_IHD,,rs11264489,-1.55894859084603,1.38949765705842,0.261883181151682
Leg fat percentage (right) || id:ukb-b-20531,"Ischaemic heart disease, wide definition || id:finn-b-I9_IHD",ukb-b-20531,finn-b-I9_IHD,,rs112852122,0.272423891575291,1.02158959340734,0.78972582092805
Leg fat percentage (right) || id:ukb-b-20531,"Ischaemic heart disease, wide definition || id:finn-b-I9_IHD",ukb-b-20531,finn-b-I9_IHD,,rs113230003,1.92084810839626,1.45682300355896,0.187330130029517
Leg fat percentage (right) || id:ukb-b-20531,"Ischaemic heart disease, wide definition || id:finn-b-I9_IHD",ukb-b-20531,finn-b-I9_IHD,,rs11343,0.388001276093086,1.60948677490465,0.809499756514064
Leg fat percentage (right) || id:ukb-b-20531,"Ischaemic heart disease, wide definition || id:finn-b-I9_IHD",ukb-b-20531,finn-b-I9_IHD,,rs113624107,1.31757054906645,1.67803796343369,0.432345000260982
Leg fat percentage (right) || id:ukb-b-20531,"Ischaemic heart disease, wide definition || id:finn-b-I9_IHD",ukb-b-20531,finn-b-I9_IHD,,rs113728099,0.960725200175642,1.19353897567833,0.420855301844291
Leg fat percentage (right) || id:ukb-b-20531,"Ischaemic heart disease, wide definition || id:finn-b-I9_IHD",ukb-b-20531,finn-b-I9_IHD,,rs113866544,0.0920783538328826,0.867475017688736,0.915467108494102
Leg fat percentage (right) || id:ukb-b-20531,"Ischaemic heart disease, wide definition || id:finn-b-I9_IHD",ukb-b-20531,finn-b-I9_IHD,,rs113963976,-0.37121880714225,1.59264843064256,0.815697183119403
Leg fat percentage (right) || id:ukb-b-20531,"Ischaemic heart disease, wide definition || id:finn-b-I9_IHD",ukb-b-20531,finn-b-I9_IHD,,rs11563357,-1.80556051432972,1.47913149478989,0.222203546031409
Leg fat percentage (right) || id:ukb-b-20531,"Ischaemic heart disease, wide definition || id:finn-b-I9_IHD",ukb-b-20531,finn-b-I9_IHD,,rs11570784,0.725393299179399,1.55794697210121,0.641495782264976
Leg fat percentage (right) || id:ukb-b-20531,"Ischaemic heart disease, wide definition || id:finn-b-I9_IHD",ukb-b-20531,finn-b-I9_IHD,,rs11613130,0.497291419402322,2.02231843890278,0.805758374776525
Leg fat percentage (right) || id:ukb-b-20531,"Ischaemic heart disease, wide definition || id:finn-b-I9_IHD",ukb-b-20531,finn-b-I9_IHD,,rs11619393,-3.02900291745324,1.77621417539042,0.0881358761130349
Leg fat percentage (right) || id:ukb-b-20531,"Ischaemic heart disease, wide definition || id:finn-b-I9_IHD",ukb-b-20531,finn-b-I9_IHD,,rs11619722,-1.13881844651075,1.43232835540528,0.426565823540547
Leg fat percentage (right) || id:ukb-b-20531,"Ischaemic heart disease, wide definition || id:finn-b-I9_IHD",ukb-b-20531,finn-b-I9_IHD,,rs11620422,-1.90369667389732,2.29347433116414,0.406510932552413
Leg fat percentage (right) || id:ukb-b-20531,"Ischaemic heart disease, wide definition || id:finn-b-I9_IHD",ukb-b-20531,finn-b-I9_IHD,,rs11638950,2.55829252247643,1.82735180176888,0.161513318467542
Leg fat percentage (right) || id:ukb-b-20531,"Ischaemic heart disease, wide definition || id:finn-b-I9_IHD",ukb-b-20531,finn-b-I9_IHD,,rs11656758,0.743655487045845,1.29331389051451,0.565291296994401
Leg fat percentage (right) || id:ukb-b-20531,"Ischaemic heart disease, wide definition || id:finn-b-I9_IHD",ukb-b-20531,finn-b-I9_IHD,,rs11660167,-0.424812846340473,1.74645281273306,0.8078169693465
Leg fat percentage (right) || id:ukb-b-20531,"Ischaemic heart disease, wide definition || id:finn-b-I9_IHD",ukb-b-20531,finn-b-I9_IHD,,rs11664106,-1.8694910902951,1.56668619538815,0.232760785356844
Leg fat percentage (right) || id:ukb-b-20531,"Ischaemic heart disease, wide definition || id:finn-b-I9_IHD",ukb-b-20531,finn-b-I9_IHD,,rs1167309,0.357595933623383,0.962103345224817,0.710130063254855
Leg fat percentage (right) || id:ukb-b-20531,"Ischaemic heart disease, wide definition || id:finn-b-I9_IHD",ukb-b-20531,finn-b-I9_IHD,,rs11691869,0.665595593298141,0.887460791064188,0.453254704753736
Leg fat percentage (right) || id:ukb-b-20531,"Ischaemic heart disease, wide definition || id:finn-b-I9_IHD",ukb-b-20531,finn-b-I9_IHD,,rs11704728,-0.32952877385339,1.33808653625316,0.805474271200908
Leg fat percentage (right) || id:ukb-b-20531,"Ischaemic heart disease, wide definition || id:finn-b-I9_IHD",ukb-b-20531,finn-b-I9_IHD,,rs117068593,-0.195039983196555,1.18524297480984,0.869292708628019
Leg fat percentage (right) || id:ukb-b-20531,"Ischaemic heart disease, wide definition || id:finn-b-I9_IHD",ukb-b-20531,finn-b-I9_IHD,,rs11709291,1.43339788401804,1.64840756662075,0.384538052996623
Leg fat percentage (right) || id:ukb-b-20531,"Ischaemic heart disease, wide definition || id:finn-b-I9_IHD",ukb-b-20531,finn-b-I9_IHD,,rs117113729,3.01157433419485,1.68108776266996,0.0732220974837785
Leg fat percentage (right) || id:ukb-b-20531,"Ischaemic heart disease, wide definition || id:finn-b-I9_IHD",ukb-b-20531,finn-b-I9_IHD,,rs117342986,6.37206121437727,2.09262421628971,0.002326727400513
Leg fat percentage (right) || id:ukb-b-20531,"Ischaemic heart disease, wide definition || id:finn-b-I9_IHD",ukb-b-20531,finn-b-I9_IHD,,rs11757278,-0.706884632186719,1.59755926874199,0.658143436378906
Leg fat percentage (right) || id:ukb-b-20531,"Ischaemic heart disease, wide definition || id:finn-b-I9_IHD",ukb-b-20531,finn-b-I9_IHD,,rs11777625,1.57566177794674,1.37557774265191,0.252020914350514
Leg fat percentage (right) || id:ukb-b-20531,"Ischaemic heart disease, wide definition || id:finn-b-I9_IHD",ukb-b-20531,finn-b-I9_IHD,,rs11782074,-0.163121697569863,1.4304518094588,0.909209978878616
Leg fat percentage (right) || id:ukb-b-20531,"Ischaemic heart disease, wide definition || id:finn-b-I9_IHD",ukb-b-20531,finn-b-I9_IHD,,rs11789898,0.43614371419987,1.28904697752406,0.735102564567382
Leg fat percentage (right) || id:ukb-b-20531,"Ischaemic heart disease, wide definition || id:finn-b-I9_IHD",ukb-b-20531,finn-b-I9_IHD,,rs118019496,-2.3733975313263,1.548237816134,0.125283977893232
Leg fat percentage (right) || id:ukb-b-20531,"Ischaemic heart disease, wide definition || id:finn-b-I9_IHD",ukb-b-20531,finn-b-I9_IHD,,rs11841757,0.43710892916407,1.06039388371284,0.680182766798041
Leg fat percentage (right) || id:ukb-b-20531,"Ischaemic heart disease, wide definition || id:finn-b-I9_IHD",ukb-b-20531,finn-b-I9_IHD,,rs11852419,2.72542194785578,1.37912917843305,0.0481332081474505
Leg fat percentage (right) || id:ukb-b-20531,"Ischaemic heart disease, wide definition || id:finn-b-I9_IHD",ukb-b-20531,finn-b-I9_IHD,,rs11866219,0.214895865045397,1.00284737021185,0.830324257655795
Leg fat percentage (right) || id:ukb-b-20531,"Ischaemic heart disease, wide definition || id:finn-b-I9_IHD",ukb-b-20531,finn-b-I9_IHD,,rs1188162,-0.44684455460769,1.45881604592511,0.759371438101513
Leg fat percentage (right) || id:ukb-b-20531,"Ischaemic heart disease, wide definition || id:finn-b-I9_IHD",ukb-b-20531,finn-b-I9_IHD,,rs11917831,1.24288555166975,1.62860865391209,0.445369236139698
Leg fat percentage (right) || id:ukb-b-20531,"Ischaemic heart disease, wide definition || id:finn-b-I9_IHD",ukb-b-20531,finn-b-I9_IHD,,rs11926346,3.20528407659082,1.37053526033538,0.0193504639739382
Leg fat percentage (right) || id:ukb-b-20531,"Ischaemic heart disease, wide definition || id:finn-b-I9_IHD",ukb-b-20531,finn-b-I9_IHD,,rs11943564,0.469975075114982,1.863694263387,0.800906640988315
Leg fat percentage (right) || id:ukb-b-20531,"Ischaemic heart disease, wide definition || id:finn-b-I9_IHD",ukb-b-20531,finn-b-I9_IHD,,rs1202551,-0.195645216963558,1.76080695267202,0.911528237909377
Leg fat percentage (right) || id:ukb-b-20531,"Ischaemic heart disease, wide definition || id:finn-b-I9_IHD",ukb-b-20531,finn-b-I9_IHD,,rs12042959,-0.523464504121244,1.24634405743153,0.674485453696499
Leg fat percentage (right) || id:ukb-b-20531,"Ischaemic heart disease, wide definition || id:finn-b-I9_IHD",ukb-b-20531,finn-b-I9_IHD,,rs12050481,1.17957012791626,0.812278830601016,0.146453254293623
Leg fat percentage (right) || id:ukb-b-20531,"Ischaemic heart disease, wide definition || id:finn-b-I9_IHD",ukb-b-20531,finn-b-I9_IHD,,rs12071132,-1.84438512810792,1.85463171215296,0.319991603426789
Leg fat percentage (right) || id:ukb-b-20531,"Ischaemic heart disease, wide definition || id:finn-b-I9_IHD",ukb-b-20531,finn-b-I9_IHD,,rs12072739,1.63241789898214,1.13309007105819,0.149675682559884
Leg fat percentage (right) || id:ukb-b-20531,"Ischaemic heart disease, wide definition || id:finn-b-I9_IHD",ukb-b-20531,finn-b-I9_IHD,,rs12122664,2.78359709344971,1.46435676480056,0.0573149940819872
Leg fat percentage (right) || id:ukb-b-20531,"Ischaemic heart disease, wide definition || id:finn-b-I9_IHD",ukb-b-20531,finn-b-I9_IHD,,rs12124126,1.57449481558831,1.00343451977908,0.116623313934149
Leg fat percentage (right) || id:ukb-b-20531,"Ischaemic heart disease, wide definition || id:finn-b-I9_IHD",ukb-b-20531,finn-b-I9_IHD,,rs12135541,-1.75442576585978,1.98129116661751,0.375889077263978
Leg fat percentage (right) || id:ukb-b-20531,"Ischaemic heart disease, wide definition || id:finn-b-I9_IHD",ukb-b-20531,finn-b-I9_IHD,,rs12186509,-1.01822029137485,1.48636755177709,0.493319077656055
Leg fat percentage (right) || id:ukb-b-20531,"Ischaemic heart disease, wide definition || id:finn-b-I9_IHD",ukb-b-20531,finn-b-I9_IHD,,rs1225004,0.986176080430077,1.09090274383858,0.365995401389277
Leg fat percentage (right) || id:ukb-b-20531,"Ischaemic heart disease, wide definition || id:finn-b-I9_IHD",ukb-b-20531,finn-b-I9_IHD,,rs1229984,1.09909108871764,3.14496476322202,0.726731655462931
Leg fat percentage (right) || id:ukb-b-20531,"Ischaemic heart disease, wide definition || id:finn-b-I9_IHD",ukb-b-20531,finn-b-I9_IHD,,rs12309338,-0.150376693617512,1.99499746865899,0.939914850437104
Leg fat percentage (right) || id:ukb-b-20531,"Ischaemic heart disease, wide definition || id:finn-b-I9_IHD",ukb-b-20531,finn-b-I9_IHD,,rs12316080,-1.84339404611236,1.10053375887305,0.0939342316614916
Leg fat percentage (right) || id:ukb-b-20531,"Ischaemic heart disease, wide definition || id:finn-b-I9_IHD",ukb-b-20531,finn-b-I9_IHD,,rs12343333,0.271520888530672,1.65770647734515,0.869894021007959
Leg fat percentage (right) || id:ukb-b-20531,"Ischaemic heart disease, wide definition || id:finn-b-I9_IHD",ukb-b-20531,finn-b-I9_IHD,,rs12362262,1.19425255892093,1.58339103317607,0.450706751047143
Leg fat percentage (right) || id:ukb-b-20531,"Ischaemic heart disease, wide definition || id:finn-b-I9_IHD",ukb-b-20531,finn-b-I9_IHD,,rs12375196,0.733550432193484,1.32279586133251,0.579205606726782
Leg fat percentage (right) || id:ukb-b-20531,"Ischaemic heart disease, wide definition || id:finn-b-I9_IHD",ukb-b-20531,finn-b-I9_IHD,,rs12413353,-1.47922010480432,1.78345686394847,0.406871446582831
Leg fat percentage (right) || id:ukb-b-20531,"Ischaemic heart disease, wide definition || id:finn-b-I9_IHD",ukb-b-20531,finn-b-I9_IHD,,rs12435249,-0.53997675257981,1.59151042865628,0.734394503436344
Leg fat percentage (right) || id:ukb-b-20531,"Ischaemic heart disease, wide definition || id:finn-b-I9_IHD",ukb-b-20531,finn-b-I9_IHD,,rs12441543,-2.60307162451693,1.52680162591858,0.0882097126839601
Leg fat percentage (right) || id:ukb-b-20531,"Ischaemic heart disease, wide definition || id:finn-b-I9_IHD",ukb-b-20531,finn-b-I9_IHD,,rs12461110,0.260829731981149,1.95622298985861,0.893929766752772
Leg fat percentage (right) || id:ukb-b-20531,"Ischaemic heart disease, wide definition || id:finn-b-I9_IHD",ukb-b-20531,finn-b-I9_IHD,,rs12462975,-4.18177071420485,1.37467048339883,0.00234998772977163
Leg fat percentage (right) || id:ukb-b-20531,"Ischaemic heart disease, wide definition || id:finn-b-I9_IHD",ukb-b-20531,finn-b-I9_IHD,,rs12480556,-1.73811616936434,1.73811616936434,0.317310507862914
Leg fat percentage (right) || id:ukb-b-20531,"Ischaemic heart disease, wide definition || id:finn-b-I9_IHD",ukb-b-20531,finn-b-I9_IHD,,rs12531825,1.50127748456761,1.33343279685198,0.260218802675547
Leg fat percentage (right) || id:ukb-b-20531,"Ischaemic heart disease, wide definition || id:finn-b-I9_IHD",ukb-b-20531,finn-b-I9_IHD,,rs12538435,0.920772630545097,1.35274003746749,0.496078887084211
Leg fat percentage (right) || id:ukb-b-20531,"Ischaemic heart disease, wide definition || id:finn-b-I9_IHD",ukb-b-20531,finn-b-I9_IHD,,rs12540060,3.57685241740561,1.67553551778801,0.0327812915291191
Leg fat percentage (right) || id:ukb-b-20531,"Ischaemic heart disease, wide definition || id:finn-b-I9_IHD",ukb-b-20531,finn-b-I9_IHD,,rs1256570,4.3450041223564,2.05105784657817,0.0341394244772285
Leg fat percentage (right) || id:ukb-b-20531,"Ischaemic heart disease, wide definition || id:finn-b-I9_IHD",ukb-b-20531,finn-b-I9_IHD,,rs12588874,-0.713920255107505,1.20068406540808,0.552114494149917
Leg fat percentage (right) || id:ukb-b-20531,"Ischaemic heart disease, wide definition || id:finn-b-I9_IHD",ukb-b-20531,finn-b-I9_IHD,,rs12607778,-2.62294026776519,1.86663233779609,0.15997001511104
Leg fat percentage (right) || id:ukb-b-20531,"Ischaemic heart disease, wide definition || id:finn-b-I9_IHD",ukb-b-20531,finn-b-I9_IHD,,rs12628603,1.52346322221285,1.3975571707903,0.275673461189724
Leg fat percentage (right) || id:ukb-b-20531,"Ischaemic heart disease, wide definition || id:finn-b-I9_IHD",ukb-b-20531,finn-b-I9_IHD,,rs12635614,0.694122087398647,1.20386799533203,0.564225526214624
Leg fat percentage (right) || id:ukb-b-20531,"Ischaemic heart disease, wide definition || id:finn-b-I9_IHD",ukb-b-20531,finn-b-I9_IHD,,rs12665922,0.265141923843285,1.53782315829105,0.863112229226665
Leg fat percentage (right) || id:ukb-b-20531,"Ischaemic heart disease, wide definition || id:finn-b-I9_IHD",ukb-b-20531,finn-b-I9_IHD,,rs12724928,-1.07139197108173,1.10865777877153,0.333850789443753
Leg fat percentage (right) || id:ukb-b-20531,"Ischaemic heart disease, wide definition || id:finn-b-I9_IHD",ukb-b-20531,finn-b-I9_IHD,,rs1274232,-2.56733559177845,2.25591322709527,0.255100799630902
Leg fat percentage (right) || id:ukb-b-20531,"Ischaemic heart disease, wide definition || id:finn-b-I9_IHD",ukb-b-20531,finn-b-I9_IHD,,rs12803615,-0.04229718850588,1.59319410038815,0.978819712169529
Leg fat percentage (right) || id:ukb-b-20531,"Ischaemic heart disease, wide definition || id:finn-b-I9_IHD",ukb-b-20531,finn-b-I9_IHD,,rs12806052,4.70347828384699,1.39166585926559,0.000725526260205453
Leg fat percentage (right) || id:ukb-b-20531,"Ischaemic heart disease, wide definition || id:finn-b-I9_IHD",ukb-b-20531,finn-b-I9_IHD,,rs12877270,2.40747498270101,1.66554873017051,0.148330251784507
Leg fat percentage (right) || id:ukb-b-20531,"Ischaemic heart disease, wide definition || id:finn-b-I9_IHD",ukb-b-20531,finn-b-I9_IHD,,rs12890931,1.46555189732995,1.12969625419183,0.194528913974972
Leg fat percentage (right) || id:ukb-b-20531,"Ischaemic heart disease, wide definition || id:finn-b-I9_IHD",ukb-b-20531,finn-b-I9_IHD,,rs12895351,3.09436297632435,1.38365824144585,0.0253279610912157
Leg fat percentage (right) || id:ukb-b-20531,"Ischaemic heart disease, wide definition || id:finn-b-I9_IHD",ukb-b-20531,finn-b-I9_IHD,,rs12907408,-0.358230719548545,1.44345907582796,0.803998867303457
Leg fat percentage (right) || id:ukb-b-20531,"Ischaemic heart disease, wide definition || id:finn-b-I9_IHD",ukb-b-20531,finn-b-I9_IHD,,rs12932141,-1.19025419862169,1.6002306448136,0.456996480054811
Leg fat percentage (right) || id:ukb-b-20531,"Ischaemic heart disease, wide definition || id:finn-b-I9_IHD",ukb-b-20531,finn-b-I9_IHD,,rs12937411,2.36828527687792,1.2052880426968,0.0494243911037101
Leg fat percentage (right) || id:ukb-b-20531,"Ischaemic heart disease, wide definition || id:finn-b-I9_IHD",ukb-b-20531,finn-b-I9_IHD,,rs12996154,1.90027420362923,1.84089063476581,0.301951240552087
Leg fat percentage (right) || id:ukb-b-20531,"Ischaemic heart disease, wide definition || id:finn-b-I9_IHD",ukb-b-20531,finn-b-I9_IHD,,rs13026103,0.685753884134061,1.44369238765066,0.634786973282518
Leg fat percentage (right) || id:ukb-b-20531,"Ischaemic heart disease, wide definition || id:finn-b-I9_IHD",ukb-b-20531,finn-b-I9_IHD,,rs13033310,0.390138755286685,1.56055502114674,0.802587348634153
Leg fat percentage (right) || id:ukb-b-20531,"Ischaemic heart disease, wide definition || id:finn-b-I9_IHD",ukb-b-20531,finn-b-I9_IHD,,rs13107325,-2.64867037593349,2.01400495039032,0.188467542868694
Leg fat percentage (right) || id:ukb-b-20531,"Ischaemic heart disease, wide definition || id:finn-b-I9_IHD",ukb-b-20531,finn-b-I9_IHD,,rs13135442,1.03931891946466,1.70745251054909,0.542726189445172
Leg fat percentage (right) || id:ukb-b-20531,"Ischaemic heart disease, wide definition || id:finn-b-I9_IHD",ukb-b-20531,finn-b-I9_IHD,,rs13177679,-1.27935913948336,1.37777138098208,0.353111234506006
Leg fat percentage (right) || id:ukb-b-20531,"Ischaemic heart disease, wide definition || id:finn-b-I9_IHD",ukb-b-20531,finn-b-I9_IHD,,rs1322842,0.893007337197494,1.17337010585252,0.446620067830616
Leg fat percentage (right) || id:ukb-b-20531,"Ischaemic heart disease, wide definition || id:finn-b-I9_IHD",ukb-b-20531,finn-b-I9_IHD,,rs13249935,2.38799743084414,1.59199828722943,0.133614402537716
Leg fat percentage (right) || id:ukb-b-20531,"Ischaemic heart disease, wide definition || id:finn-b-I9_IHD",ukb-b-20531,finn-b-I9_IHD,,rs13320698,1.26683505015875,1.74189819396828,0.467058901715174
Leg fat percentage (right) || id:ukb-b-20531,"Ischaemic heart disease, wide definition || id:finn-b-I9_IHD",ukb-b-20531,finn-b-I9_IHD,,rs13330107,1.08794250958933,1.79363494824187,0.544144693769952
Leg fat percentage (right) || id:ukb-b-20531,"Ischaemic heart disease, wide definition || id:finn-b-I9_IHD",ukb-b-20531,finn-b-I9_IHD,,rs13360957,-0.402626916951488,1.74471664012311,0.817494086363381
Leg fat percentage (right) || id:ukb-b-20531,"Ischaemic heart disease, wide definition || id:finn-b-I9_IHD",ukb-b-20531,finn-b-I9_IHD,,rs13389219,-2.3786697538122,1.04914711574987,0.0233754843139759
Leg fat percentage (right) || id:ukb-b-20531,"Ischaemic heart disease, wide definition || id:finn-b-I9_IHD",ukb-b-20531,finn-b-I9_IHD,,rs13427822,1.38425289613195,1.18790496760259,0.243901926538262
Leg fat percentage (right) || id:ukb-b-20531,"Ischaemic heart disease, wide definition || id:finn-b-I9_IHD",ukb-b-20531,finn-b-I9_IHD,,rs1350519,-0.884036210123167,1.70006963485224,0.603063575093932
Leg fat percentage (right) || id:ukb-b-20531,"Ischaemic heart disease, wide definition || id:finn-b-I9_IHD",ukb-b-20531,finn-b-I9_IHD,,rs1360201,1.85550948303359,1.68682680275781,0.271332121892765
Leg fat percentage (right) || id:ukb-b-20531,"Ischaemic heart disease, wide definition || id:finn-b-I9_IHD",ukb-b-20531,finn-b-I9_IHD,,rs1360827,3.03645615980168,1.71287270552915,0.0762739096340454
Leg fat percentage (right) || id:ukb-b-20531,"Ischaemic heart disease, wide definition || id:finn-b-I9_IHD",ukb-b-20531,finn-b-I9_IHD,,rs1377184,0.0802347439365458,1.52446013479437,0.958025455470674
Leg fat percentage (right) || id:ukb-b-20531,"Ischaemic heart disease, wide definition || id:finn-b-I9_IHD",ukb-b-20531,finn-b-I9_IHD,,rs137984657,3.02220082112626,5.25242029499721,0.565026187290068
Leg fat percentage (right) || id:ukb-b-20531,"Ischaemic heart disease, wide definition || id:finn-b-I9_IHD",ukb-b-20531,finn-b-I9_IHD,,rs1412239,0.555807800097071,0.892423791705156,0.53341134625111
Leg fat percentage (right) || id:ukb-b-20531,"Ischaemic heart disease, wide definition || id:finn-b-I9_IHD",ukb-b-20531,finn-b-I9_IHD,,rs141412365,-2.36432456456719,2.69948305445961,0.381115142885493
Leg fat percentage (right) || id:ukb-b-20531,"Ischaemic heart disease, wide definition || id:finn-b-I9_IHD",ukb-b-20531,finn-b-I9_IHD,,rs1414595,-1.82282900400357,1.62324918604698,0.261458382255516
Leg fat percentage (right) || id:ukb-b-20531,"Ischaemic heart disease, wide definition || id:finn-b-I9_IHD",ukb-b-20531,finn-b-I9_IHD,,rs1415476,2.63318523145059,1.86665152526012,0.158348906405455
Leg fat percentage (right) || id:ukb-b-20531,"Ischaemic heart disease, wide definition || id:finn-b-I9_IHD",ukb-b-20531,finn-b-I9_IHD,,rs1421085,0.812234853631656,0.335160106888899,0.0153749943752132
Leg fat percentage (right) || id:ukb-b-20531,"Ischaemic heart disease, wide definition || id:finn-b-I9_IHD",ukb-b-20531,finn-b-I9_IHD,,rs1423534,-0.400276858160227,1.85128046899105,0.828819213786263
Leg fat percentage (right) || id:ukb-b-20531,"Ischaemic heart disease, wide definition || id:finn-b-I9_IHD",ukb-b-20531,finn-b-I9_IHD,,rs1427027,2.09054044766203,1.76120873330431,0.235230827391851
Leg fat percentage (right) || id:ukb-b-20531,"Ischaemic heart disease, wide definition || id:finn-b-I9_IHD",ukb-b-20531,finn-b-I9_IHD,,rs1444506,-1.83149633250366,1.69638594731896,0.280299841104858
Leg fat percentage (right) || id:ukb-b-20531,"Ischaemic heart disease, wide definition || id:finn-b-I9_IHD",ukb-b-20531,finn-b-I9_IHD,,rs1446585,1.91516596476486,1.13346557098328,0.0910939440721295
Leg fat percentage (right) || id:ukb-b-20531,"Ischaemic heart disease, wide definition || id:finn-b-I9_IHD",ukb-b-20531,finn-b-I9_IHD,,rs1450163,2.39245896932868,1.85016826961418,0.195975282680321
Leg fat percentage (right) || id:ukb-b-20531,"Ischaemic heart disease, wide definition || id:finn-b-I9_IHD",ukb-b-20531,finn-b-I9_IHD,,rs1452074,2.50121606084726,1.5338949323428,0.102968281898053
Leg fat percentage (right) || id:ukb-b-20531,"Ischaemic heart disease, wide definition || id:finn-b-I9_IHD",ukb-b-20531,finn-b-I9_IHD,,rs145585494,-0.396605523315156,3.00078737861246,0.894852081608256
Leg fat percentage (right) || id:ukb-b-20531,"Ischaemic heart disease, wide definition || id:finn-b-I9_IHD",ukb-b-20531,finn-b-I9_IHD,,rs1456014,1.01820705051815,1.19167936282865,0.392866569152092
Leg fat percentage (right) || id:ukb-b-20531,"Ischaemic heart disease, wide definition || id:finn-b-I9_IHD",ukb-b-20531,finn-b-I9_IHD,,rs145828988,-0.100441351113422,1.47707869284444,0.945785634285954
Leg fat percentage (right) || id:ukb-b-20531,"Ischaemic heart disease, wide definition || id:finn-b-I9_IHD",ukb-b-20531,finn-b-I9_IHD,,rs1477290,0.705082337948576,0.882658630468958,0.424396782162005
Leg fat percentage (right) || id:ukb-b-20531,"Ischaemic heart disease, wide definition || id:finn-b-I9_IHD",ukb-b-20531,finn-b-I9_IHD,,rs147730268,-0.471074144215305,0.946906613119653,0.618845359839835
Leg fat percentage (right) || id:ukb-b-20531,"Ischaemic heart disease, wide definition || id:finn-b-I9_IHD",ukb-b-20531,finn-b-I9_IHD,,rs148143761,-1.96227714785509,1.11935901967715,0.0795957528153722
Leg fat percentage (right) || id:ukb-b-20531,"Ischaemic heart disease, wide definition || id:finn-b-I9_IHD",ukb-b-20531,finn-b-I9_IHD,,rs148636479,3.06912823597977,3.2242296629129,0.341150213383491
Leg fat percentage (right) || id:ukb-b-20531,"Ischaemic heart disease, wide definition || id:finn-b-I9_IHD",ukb-b-20531,finn-b-I9_IHD,,rs148930049,1.50197187450381,1.93110669579062,0.436700030722758
Leg fat percentage (right) || id:ukb-b-20531,"Ischaemic heart disease, wide definition || id:finn-b-I9_IHD",ukb-b-20531,finn-b-I9_IHD,,rs1504369,-1.10219861067865,1.65329791601798,0.504985075093846
Leg fat percentage (right) || id:ukb-b-20531,"Ischaemic heart disease, wide definition || id:finn-b-I9_IHD",ukb-b-20531,finn-b-I9_IHD,,rs1515720,0.942775172503474,1.7880218788859,0.59800421056118
Leg fat percentage (right) || id:ukb-b-20531,"Ischaemic heart disease, wide definition || id:finn-b-I9_IHD",ukb-b-20531,finn-b-I9_IHD,,rs1516797,-0.794729572709534,1.57575691140684,0.614016974697119
Leg fat percentage (right) || id:ukb-b-20531,"Ischaemic heart disease, wide definition || id:finn-b-I9_IHD",ukb-b-20531,finn-b-I9_IHD,,rs1531592,-2.02217430147967,1.83984711036265,0.271724842844081
Leg fat percentage (right) || id:ukb-b-20531,"Ischaemic heart disease, wide definition || id:finn-b-I9_IHD",ukb-b-20531,finn-b-I9_IHD,,rs1554654,1.35766208516169,1.17111309636084,0.24633716714274
Leg fat percentage (right) || id:ukb-b-20531,"Ischaemic heart disease, wide definition || id:finn-b-I9_IHD",ukb-b-20531,finn-b-I9_IHD,,rs1568489,3.67498236556969,1.23962091734142,0.0030307497850539
Leg fat percentage (right) || id:ukb-b-20531,"Ischaemic heart disease, wide definition || id:finn-b-I9_IHD",ukb-b-20531,finn-b-I9_IHD,,rs1596032,-0.797646057855927,1.40537638765092,0.570328634657464
Leg fat percentage (right) || id:ukb-b-20531,"Ischaemic heart disease, wide definition || id:finn-b-I9_IHD",ukb-b-20531,finn-b-I9_IHD,,rs1668135,-0.351576943826491,1.70939134757018,0.837045757707
Leg fat percentage (right) || id:ukb-b-20531,"Ischaemic heart disease, wide definition || id:finn-b-I9_IHD",ukb-b-20531,finn-b-I9_IHD,,rs16871902,1.51259457423429,1.63122944280168,0.353784950729835
Leg fat percentage (right) || id:ukb-b-20531,"Ischaemic heart disease, wide definition || id:finn-b-I9_IHD",ukb-b-20531,finn-b-I9_IHD,,rs16916303,-3.40408490188226,1.49270033130666,0.0225787732586257
Leg fat percentage (right) || id:ukb-b-20531,"Ischaemic heart disease, wide definition || id:finn-b-I9_IHD",ukb-b-20531,finn-b-I9_IHD,,rs16941684,1.34879090529561,1.49865656143957,0.368120250693519
Leg fat percentage (right) || id:ukb-b-20531,"Ischaemic heart disease, wide definition || id:finn-b-I9_IHD",ukb-b-20531,finn-b-I9_IHD,,rs16996657,0.758084051480007,1.17633732126208,0.519287272066116
Leg fat percentage (right) || id:ukb-b-20531,"Ischaemic heart disease, wide definition || id:finn-b-I9_IHD",ukb-b-20531,finn-b-I9_IHD,,rs17024393,-1.78294401492343,0.764572077573927,0.0197033107542114
Leg fat percentage (right) || id:ukb-b-20531,"Ischaemic heart disease, wide definition || id:finn-b-I9_IHD",ukb-b-20531,finn-b-I9_IHD,,rs17037390,-8.11444227528962,1.84961551863219,1.14873687262235e-05
Leg fat percentage (right) || id:ukb-b-20531,"Ischaemic heart disease, wide definition || id:finn-b-I9_IHD",ukb-b-20531,finn-b-I9_IHD,,rs17095778,-2.51569845161227,2.02242424541378,0.213535471603718
Leg fat percentage (right) || id:ukb-b-20531,"Ischaemic heart disease, wide definition || id:finn-b-I9_IHD",ukb-b-20531,finn-b-I9_IHD,,rs17193211,-0.374710891165868,1.39547504296254,0.788300222384184
Leg fat percentage (right) || id:ukb-b-20531,"Ischaemic heart disease, wide definition || id:finn-b-I9_IHD",ukb-b-20531,finn-b-I9_IHD,,rs1724557,-1.31347689844322,1.14668618118059,0.252020914350514
Leg fat percentage (right) || id:ukb-b-20531,"Ischaemic heart disease, wide definition || id:finn-b-I9_IHD",ukb-b-20531,finn-b-I9_IHD,,rs1728380,-0.398649317054661,1.66842121582136,0.811153617896822
Leg fat percentage (right) || id:ukb-b-20531,"Ischaemic heart disease, wide definition || id:finn-b-I9_IHD",ukb-b-20531,finn-b-I9_IHD,,rs17446091,1.12207849075882,1.43224652885475,0.433369073743897
Leg fat percentage (right) || id:ukb-b-20531,"Ischaemic heart disease, wide definition || id:finn-b-I9_IHD",ukb-b-20531,finn-b-I9_IHD,,rs17522122,0.739994655594154,1.15110279759091,0.520316800507367
Leg fat percentage (right) || id:ukb-b-20531,"Ischaemic heart disease, wide definition || id:finn-b-I9_IHD",ukb-b-20531,finn-b-I9_IHD,,rs17704679,1.62092068294791,1.7639430961492,0.358137983510638
Leg fat percentage (right) || id:ukb-b-20531,"Ischaemic heart disease, wide definition || id:finn-b-I9_IHD",ukb-b-20531,finn-b-I9_IHD,,rs1776209,5.53534130914512,1.68274375798012,0.00100374942250761
Leg fat percentage (right) || id:ukb-b-20531,"Ischaemic heart disease, wide definition || id:finn-b-I9_IHD",ukb-b-20531,finn-b-I9_IHD,,rs17781552,-1.70573795415273,1.64640793835611,0.300185331046088
Leg fat percentage (right) || id:ukb-b-20531,"Ischaemic heart disease, wide definition || id:finn-b-I9_IHD",ukb-b-20531,finn-b-I9_IHD,,rs17820064,-1.12813267683743,1.23356563728953,0.360438466512822
Leg fat percentage (right) || id:ukb-b-20531,"Ischaemic heart disease, wide definition || id:finn-b-I9_IHD",ukb-b-20531,finn-b-I9_IHD,,rs1782508,2.94226564600486,1.48381500251107,0.0473779322561446
Leg fat percentage (right) || id:ukb-b-20531,"Ischaemic heart disease, wide definition || id:finn-b-I9_IHD",ukb-b-20531,finn-b-I9_IHD,,rs1801282,-0.751007931697805,0.645603309705131,0.244721877288994
Leg fat percentage (right) || id:ukb-b-20531,"Ischaemic heart disease, wide definition || id:finn-b-I9_IHD",ukb-b-20531,finn-b-I9_IHD,,rs1808629,0.866890801911683,0.919658068115003,0.345873796290995
Leg fat percentage (right) || id:ukb-b-20531,"Ischaemic heart disease, wide definition || id:finn-b-I9_IHD",ukb-b-20531,finn-b-I9_IHD,,rs1822186,2.69487713044583,1.69961000840618,0.11283334819695
Leg fat percentage (right) || id:ukb-b-20531,"Ischaemic heart disease, wide definition || id:finn-b-I9_IHD",ukb-b-20531,finn-b-I9_IHD,,rs1854225,0.644302864300827,1.81303829256744,0.722310996728111
Leg fat percentage (right) || id:ukb-b-20531,"Ischaemic heart disease, wide definition || id:finn-b-I9_IHD",ukb-b-20531,finn-b-I9_IHD,,rs1861410,1.83387581492256,1.07536173440485,0.0881278362115734
Leg fat percentage (right) || id:ukb-b-20531,"Ischaemic heart disease, wide definition || id:finn-b-I9_IHD",ukb-b-20531,finn-b-I9_IHD,,rs1863366,3.17981180103557,1.81937685523169,0.0805077168707618
Leg fat percentage (right) || id:ukb-b-20531,"Ischaemic heart disease, wide definition || id:finn-b-I9_IHD",ukb-b-20531,finn-b-I9_IHD,,rs1865454,1.61015715133797,1.58215441827122,0.308820967966518
Leg fat percentage (right) || id:ukb-b-20531,"Ischaemic heart disease, wide definition || id:finn-b-I9_IHD",ukb-b-20531,finn-b-I9_IHD,,rs1886558,0.263423451171424,1.124615503078,0.814803139087016
Leg fat percentage (right) || id:ukb-b-20531,"Ischaemic heart disease, wide definition || id:finn-b-I9_IHD",ukb-b-20531,finn-b-I9_IHD,,rs1887340,1.89744228613046,1.14038198004811,0.0961393016113534
Leg fat percentage (right) || id:ukb-b-20531,"Ischaemic heart disease, wide definition || id:finn-b-I9_IHD",ukb-b-20531,finn-b-I9_IHD,,rs1907721,2.98224246159043,1.59668733563028,0.0617943326691292
Leg fat percentage (right) || id:ukb-b-20531,"Ischaemic heart disease, wide definition || id:finn-b-I9_IHD",ukb-b-20531,finn-b-I9_IHD,,rs1918898,4.2927529360508,1.81000403646918,0.0177073514146499
Leg fat percentage (right) || id:ukb-b-20531,"Ischaemic heart disease, wide definition || id:finn-b-I9_IHD",ukb-b-20531,finn-b-I9_IHD,,rs1928496,-0.798911113741271,1.17370892018779,0.496078887084211
Leg fat percentage (right) || id:ukb-b-20531,"Ischaemic heart disease, wide definition || id:finn-b-I9_IHD",ukb-b-20531,finn-b-I9_IHD,,rs1928957,2.25165692580301,1.65028271580593,0.172439575319091
Leg fat percentage (right) || id:ukb-b-20531,"Ischaemic heart disease, wide definition || id:finn-b-I9_IHD",ukb-b-20531,finn-b-I9_IHD,,rs197374,-0.188217307015728,1.59260798244077,0.90592359597856
Leg fat percentage (right) || id:ukb-b-20531,"Ischaemic heart disease, wide definition || id:finn-b-I9_IHD",ukb-b-20531,finn-b-I9_IHD,,rs1981612,0.655169354453445,1.51507913217359,0.665427150454072
Leg fat percentage (right) || id:ukb-b-20531,"Ischaemic heart disease, wide definition || id:finn-b-I9_IHD",ukb-b-20531,finn-b-I9_IHD,,rs2034768,1.44024912417283,1.08018684312962,0.182422439451736
Leg fat percentage (right) || id:ukb-b-20531,"Ischaemic heart disease, wide definition || id:finn-b-I9_IHD",ukb-b-20531,finn-b-I9_IHD,,rs2034946,-0.686815469299902,1.66165032895138,0.679362411118567
Leg fat percentage (right) || id:ukb-b-20531,"Ischaemic heart disease, wide definition || id:finn-b-I9_IHD",ukb-b-20531,finn-b-I9_IHD,,rs2035936,1.03254327342161,1.36461749200946,0.449257185018478
Leg fat percentage (right) || id:ukb-b-20531,"Ischaemic heart disease, wide definition || id:finn-b-I9_IHD",ukb-b-20531,finn-b-I9_IHD,,rs207466,2.03392191690175,1.5881308118274,0.200298443330043
Leg fat percentage (right) || id:ukb-b-20531,"Ischaemic heart disease, wide definition || id:finn-b-I9_IHD",ukb-b-20531,finn-b-I9_IHD,,rs208477,0.810034665045118,1.38704565932383,0.559220312038699
Leg fat percentage (right) || id:ukb-b-20531,"Ischaemic heart disease, wide definition || id:finn-b-I9_IHD",ukb-b-20531,finn-b-I9_IHD,,rs2088518,-0.614403370441346,0.899662078146257,0.494653079736033
Leg fat percentage (right) || id:ukb-b-20531,"Ischaemic heart disease, wide definition || id:finn-b-I9_IHD",ukb-b-20531,finn-b-I9_IHD,,rs2108635,-1.19423646856965,1.37702776477929,0.385801410089173
Leg fat percentage (right) || id:ukb-b-20531,"Ischaemic heart disease, wide definition || id:finn-b-I9_IHD",ukb-b-20531,finn-b-I9_IHD,,rs215669,1.09061947186002,1.23069903705305,0.375521152402251
Leg fat percentage (right) || id:ukb-b-20531,"Ischaemic heart disease, wide definition || id:finn-b-I9_IHD",ukb-b-20531,finn-b-I9_IHD,,rs2165468,-2.60533857559035,1.44262549226903,0.070923002419929
Leg fat percentage (right) || id:ukb-b-20531,"Ischaemic heart disease, wide definition || id:finn-b-I9_IHD",ukb-b-20531,finn-b-I9_IHD,,rs2172131,2.52233469811526,1.15127309872481,0.0284583717471218
Leg fat percentage (right) || id:ukb-b-20531,"Ischaemic heart disease, wide definition || id:finn-b-I9_IHD",ukb-b-20531,finn-b-I9_IHD,,rs2174267,0.981073593822229,1.84574862566555,0.59505049695982
Leg fat percentage (right) || id:ukb-b-20531,"Ischaemic heart disease, wide definition || id:finn-b-I9_IHD",ukb-b-20531,finn-b-I9_IHD,,rs2192158,1.33914906642179,1.5031265031265,0.372977942832868
Leg fat percentage (right) || id:ukb-b-20531,"Ischaemic heart disease, wide definition || id:finn-b-I9_IHD",ukb-b-20531,finn-b-I9_IHD,,rs2209514,-0.274668366558669,1.65945471462529,0.868536880336029
Leg fat percentage (right) || id:ukb-b-20531,"Ischaemic heart disease, wide definition || id:finn-b-I9_IHD",ukb-b-20531,finn-b-I9_IHD,,rs2216931,1.1699064074874,1.25989920806335,0.353111234506006
Leg fat percentage (right) || id:ukb-b-20531,"Ischaemic heart disease, wide definition || id:finn-b-I9_IHD",ukb-b-20531,finn-b-I9_IHD,,rs222857,4.34385868757161,1.64716789159595,0.00836013813395389
Leg fat percentage (right) || id:ukb-b-20531,"Ischaemic heart disease, wide definition || id:finn-b-I9_IHD",ukb-b-20531,finn-b-I9_IHD,,rs2241743,1.59086296087026,1.22880449391358,0.195443460803441
Leg fat percentage (right) || id:ukb-b-20531,"Ischaemic heart disease, wide definition || id:finn-b-I9_IHD",ukb-b-20531,finn-b-I9_IHD,,rs2254614,0.998838956426718,1.03298729681737,0.333572954635257
Leg fat percentage (right) || id:ukb-b-20531,"Ischaemic heart disease, wide definition || id:finn-b-I9_IHD",ukb-b-20531,finn-b-I9_IHD,,rs2287821,0.537497801145359,1.07499560229072,0.617075077451974
Leg fat percentage (right) || id:ukb-b-20531,"Ischaemic heart disease, wide definition || id:finn-b-I9_IHD",ukb-b-20531,finn-b-I9_IHD,,rs2289379,-2.32167693865399,1.19308398236385,0.0516612330214306
Leg fat percentage (right) || id:ukb-b-20531,"Ischaemic heart disease, wide definition || id:finn-b-I9_IHD",ukb-b-20531,finn-b-I9_IHD,,rs2301597,-0.54451665676453,1.33104071653552,0.682472947499482
Leg fat percentage (right) || id:ukb-b-20531,"Ischaemic heart disease, wide definition || id:finn-b-I9_IHD",ukb-b-20531,finn-b-I9_IHD,,rs2304616,1.4044087836495,1.81513210716964,0.43909483588153
Leg fat percentage (right) || id:ukb-b-20531,"Ischaemic heart disease, wide definition || id:finn-b-I9_IHD",ukb-b-20531,finn-b-I9_IHD,,rs2307111,-0.283984011700141,0.788055632467892,0.71857766592822
Leg fat percentage (right) || id:ukb-b-20531,"Ischaemic heart disease, wide definition || id:finn-b-I9_IHD",ukb-b-20531,finn-b-I9_IHD,,rs2326844,3.05171720561053,1.75003688094253,0.0811936821742411
Leg fat percentage (right) || id:ukb-b-20531,"Ischaemic heart disease, wide definition || id:finn-b-I9_IHD",ukb-b-20531,finn-b-I9_IHD,,rs2339683,2.18810438606043,1.60737525990221,0.173421960027844
Leg fat percentage (right) || id:ukb-b-20531,"Ischaemic heart disease, wide definition || id:finn-b-I9_IHD",ukb-b-20531,finn-b-I9_IHD,,rs2447097,-0.726021090912691,1.83155320662065,0.691812624093816
Leg fat percentage (right) || id:ukb-b-20531,"Ischaemic heart disease, wide definition || id:finn-b-I9_IHD",ukb-b-20531,finn-b-I9_IHD,,rs2450444,-1.55901236566635,1.75388891137464,0.374062797490883
Leg fat percentage (right) || id:ukb-b-20531,"Ischaemic heart disease, wide definition || id:finn-b-I9_IHD",ukb-b-20531,finn-b-I9_IHD,,rs2503185,1.08108244007849,1.3953505912641,0.438472757402879
Leg fat percentage (right) || id:ukb-b-20531,"Ischaemic heart disease, wide definition || id:finn-b-I9_IHD",ukb-b-20531,finn-b-I9_IHD,,rs2521763,2.73972602739726,1.62406439768394,0.0916117124882467
Leg fat percentage (right) || id:ukb-b-20531,"Ischaemic heart disease, wide definition || id:finn-b-I9_IHD",ukb-b-20531,finn-b-I9_IHD,,rs2543112,2.87190326773359,1.82160721553388,0.114892985919588
Leg fat percentage (right) || id:ukb-b-20531,"Ischaemic heart disease, wide definition || id:finn-b-I9_IHD",ukb-b-20531,finn-b-I9_IHD,,rs2605091,-1.96348884381339,0.949290060851927,0.0386046737914436
Leg fat percentage (right) || id:ukb-b-20531,"Ischaemic heart disease, wide definition || id:finn-b-I9_IHD",ukb-b-20531,finn-b-I9_IHD,,rs2613498,0.599858856739591,0.940955069395437,0.52379920995388
Leg fat percentage (right) || id:ukb-b-20531,"Ischaemic heart disease, wide definition || id:finn-b-I9_IHD",ukb-b-20531,finn-b-I9_IHD,,rs2618062,-1.96473488593275,1.48293684065625,0.185206140427886
Leg fat percentage (right) || id:ukb-b-20531,"Ischaemic heart disease, wide definition || id:finn-b-I9_IHD",ukb-b-20531,finn-b-I9_IHD,,rs262956,-0.480905384537289,1.48279160232331,0.745692505957826
Leg fat percentage (right) || id:ukb-b-20531,"Ischaemic heart disease, wide definition || id:finn-b-I9_IHD",ukb-b-20531,finn-b-I9_IHD,,rs2656512,-0.811160538971114,1.55794325738896,0.602602837787367
Leg fat percentage (right) || id:ukb-b-20531,"Ischaemic heart disease, wide definition || id:finn-b-I9_IHD",ukb-b-20531,finn-b-I9_IHD,,rs2660241,-0.196530741092858,1.41256470160492,0.889347078629313
Leg fat percentage (right) || id:ukb-b-20531,"Ischaemic heart disease, wide definition || id:finn-b-I9_IHD",ukb-b-20531,finn-b-I9_IHD,,rs2676161,0.496921510641392,1.89072574780627,0.7926889242479
Leg fat percentage (right) || id:ukb-b-20531,"Ischaemic heart disease, wide definition || id:finn-b-I9_IHD",ukb-b-20531,finn-b-I9_IHD,,rs271590,0.0125814333272104,1.54751629924688,0.993513205113023
Leg fat percentage (right) || id:ukb-b-20531,"Ischaemic heart disease, wide definition || id:finn-b-I9_IHD",ukb-b-20531,finn-b-I9_IHD,,rs2722217,1.17642800260624,1.44791138782307,0.416504786576218
Leg fat percentage (right) || id:ukb-b-20531,"Ischaemic heart disease, wide definition || id:finn-b-I9_IHD",ukb-b-20531,finn-b-I9_IHD,,rs2725370,3.51000351000351,1.22850122850123,0.00427473396017257
Leg fat percentage (right) || id:ukb-b-20531,"Ischaemic heart disease, wide definition || id:finn-b-I9_IHD",ukb-b-20531,finn-b-I9_IHD,,rs2726036,-0.578571428571429,0.792857142857143,0.465555404903429
Leg fat percentage (right) || id:ukb-b-20531,"Ischaemic heart disease, wide definition || id:finn-b-I9_IHD",ukb-b-20531,finn-b-I9_IHD,,rs2727340,-1.17410938283994,1.12393376818866,0.296188064115782
Leg fat percentage (right) || id:ukb-b-20531,"Ischaemic heart disease, wide definition || id:finn-b-I9_IHD",ukb-b-20531,finn-b-I9_IHD,,rs2733296,-1.43321230651634,1.19434358876362,0.230139340443417
Leg fat percentage (right) || id:ukb-b-20531,"Ischaemic heart disease, wide definition || id:finn-b-I9_IHD",ukb-b-20531,finn-b-I9_IHD,,rs274111,1.99646758335585,1.62379363446276,0.218881326542939
Leg fat percentage (right) || id:ukb-b-20531,"Ischaemic heart disease, wide definition || id:finn-b-I9_IHD",ukb-b-20531,finn-b-I9_IHD,,rs2777657,-2.0497135488973,1.59906730765037,0.199906434564296
Leg fat percentage (right) || id:ukb-b-20531,"Ischaemic heart disease, wide definition || id:finn-b-I9_IHD",ukb-b-20531,finn-b-I9_IHD,,rs2777770,1.67637942992862,1.74036337763582,0.335429456872602
Leg fat percentage (right) || id:ukb-b-20531,"Ischaemic heart disease, wide definition || id:finn-b-I9_IHD",ukb-b-20531,finn-b-I9_IHD,,rs2794665,0.655362335122874,1.55147001784191,0.672723011894757
Leg fat percentage (right) || id:ukb-b-20531,"Ischaemic heart disease, wide definition || id:finn-b-I9_IHD",ukb-b-20531,finn-b-I9_IHD,,rs2798297,3.31338075684846,1.48198484760858,0.0253666865037979
Leg fat percentage (right) || id:ukb-b-20531,"Ischaemic heart disease, wide definition || id:finn-b-I9_IHD",ukb-b-20531,finn-b-I9_IHD,,rs2802295,1.4044334424148,1.26741554559385,0.267815129705963
Leg fat percentage (right) || id:ukb-b-20531,"Ischaemic heart disease, wide definition || id:finn-b-I9_IHD",ukb-b-20531,finn-b-I9_IHD,,rs2823093,-4.19121557269431,1.96791842302134,0.033190524634155
Leg fat percentage (right) || id:ukb-b-20531,"Ischaemic heart disease, wide definition || id:finn-b-I9_IHD",ukb-b-20531,finn-b-I9_IHD,,rs28431181,0.576217533059569,1.09408392353083,0.598425087336908
Leg fat percentage (right) || id:ukb-b-20531,"Ischaemic heart disease, wide definition || id:finn-b-I9_IHD",ukb-b-20531,finn-b-I9_IHD,,rs28450038,1.48789596631404,1.8516038691908,0.421644529402355
Leg fat percentage (right) || id:ukb-b-20531,"Ischaemic heart disease, wide definition || id:finn-b-I9_IHD",ukb-b-20531,finn-b-I9_IHD,,rs28457808,1.02592431835221,1.04170776940378,0.324698500763526
Leg fat percentage (right) || id:ukb-b-20531,"Ischaemic heart disease, wide definition || id:finn-b-I9_IHD",ukb-b-20531,finn-b-I9_IHD,,rs28475375,1.79585158284363,1.82578244255769,0.325308999731375
Leg fat percentage (right) || id:ukb-b-20531,"Ischaemic heart disease, wide definition || id:finn-b-I9_IHD",ukb-b-20531,finn-b-I9_IHD,,rs2848758,-0.470517267380486,1.65284270849042,0.775895802128613
Leg fat percentage (right) || id:ukb-b-20531,"Ischaemic heart disease, wide definition || id:finn-b-I9_IHD",ukb-b-20531,finn-b-I9_IHD,,rs2861685,0.400917758022078,1.28293682567065,0.754660563059686
Leg fat percentage (right) || id:ukb-b-20531,"Ischaemic heart disease, wide definition || id:finn-b-I9_IHD",ukb-b-20531,finn-b-I9_IHD,,rs28670671,-2.84414859419688,1.60066037161778,0.0755913586522011
Leg fat percentage (right) || id:ukb-b-20531,"Ischaemic heart disease, wide definition || id:finn-b-I9_IHD",ukb-b-20531,finn-b-I9_IHD,,rs28711392,1.92276740239525,1.19902911048243,0.108801455921187
Leg fat percentage (right) || id:ukb-b-20531,"Ischaemic heart disease, wide definition || id:finn-b-I9_IHD",ukb-b-20531,finn-b-I9_IHD,,rs28726372,3.34919884635898,1.47870288688302,0.0235153021094303
Leg fat percentage (right) || id:ukb-b-20531,"Ischaemic heart disease, wide definition || id:finn-b-I9_IHD",ukb-b-20531,finn-b-I9_IHD,,rs28811003,-1.41095638304399,1.77903196122937,0.427717553962505
Leg fat percentage (right) || id:ukb-b-20531,"Ischaemic heart disease, wide definition || id:finn-b-I9_IHD",ukb-b-20531,finn-b-I9_IHD,,rs2917705,0.0821980582763684,1.8289067966492,0.964152088625309
Leg fat percentage (right) || id:ukb-b-20531,"Ischaemic heart disease, wide definition || id:finn-b-I9_IHD",ukb-b-20531,finn-b-I9_IHD,,rs2929458,-0.911067398281396,1.79107568071229,0.610983189288204
Leg fat percentage (right) || id:ukb-b-20531,"Ischaemic heart disease, wide definition || id:finn-b-I9_IHD",ukb-b-20531,finn-b-I9_IHD,,rs2935905,1.58806630622915,1.59698802705066,0.320021643247026
Leg fat percentage (right) || id:ukb-b-20531,"Ischaemic heart disease, wide definition || id:finn-b-I9_IHD",ukb-b-20531,finn-b-I9_IHD,,rs2943653,-5.8561135243613,1.57612336154504,0.00020278843628146
Leg fat percentage (right) || id:ukb-b-20531,"Ischaemic heart disease, wide definition || id:finn-b-I9_IHD",ukb-b-20531,finn-b-I9_IHD,,rs2954033,-5.40392904324667,1.45355141293403,0.000201011451037983
Leg fat percentage (right) || id:ukb-b-20531,"Ischaemic heart disease, wide definition || id:finn-b-I9_IHD",ukb-b-20531,finn-b-I9_IHD,,rs2962334,1.1754297794927,1.59908291556427,0.462299948299232
Leg fat percentage (right) || id:ukb-b-20531,"Ischaemic heart disease, wide definition || id:finn-b-I9_IHD",ukb-b-20531,finn-b-I9_IHD,,rs2965169,-5.29005196358945,1.67206002118904,0.0015572745711355
Leg fat percentage (right) || id:ukb-b-20531,"Ischaemic heart disease, wide definition || id:finn-b-I9_IHD",ukb-b-20531,finn-b-I9_IHD,,rs2980237,0.187987320978228,1.79310983086925,0.916503793404232
Leg fat percentage (right) || id:ukb-b-20531,"Ischaemic heart disease, wide definition || id:finn-b-I9_IHD",ukb-b-20531,finn-b-I9_IHD,,rs3005146,0.256132961466219,2.00637486481871,0.898418383157776
Leg fat percentage (right) || id:ukb-b-20531,"Ischaemic heart disease, wide definition || id:finn-b-I9_IHD",ukb-b-20531,finn-b-I9_IHD,,rs302189,2.19700993347113,1.32247199878845,0.0966551526813759
Leg fat percentage (right) || id:ukb-b-20531,"Ischaemic heart disease, wide definition || id:finn-b-I9_IHD",ukb-b-20531,finn-b-I9_IHD,,rs308911,-0.728263808047315,1.35721891499727,0.591554054889021
Leg fat percentage (right) || id:ukb-b-20531,"Ischaemic heart disease, wide definition || id:finn-b-I9_IHD",ukb-b-20531,finn-b-I9_IHD,,rs3094904,0.891683443185056,1.10311353796089,0.418898718493675
Leg fat percentage (right) || id:ukb-b-20531,"Ischaemic heart disease, wide definition || id:finn-b-I9_IHD",ukb-b-20531,finn-b-I9_IHD,,rs326888,-1.63028947419904,1.90743868481288,0.392716777258906
Leg fat percentage (right) || id:ukb-b-20531,"Ischaemic heart disease, wide definition || id:finn-b-I9_IHD",ukb-b-20531,finn-b-I9_IHD,,rs34045288,0.00777097385844394,0.878120046004165,0.992939166844415
Leg fat percentage (right) || id:ukb-b-20531,"Ischaemic heart disease, wide definition || id:finn-b-I9_IHD",ukb-b-20531,finn-b-I9_IHD,,rs34117444,-1.86452349413991,1.31546136089625,0.156368553615422
Leg fat percentage (right) || id:ukb-b-20531,"Ischaemic heart disease, wide definition || id:finn-b-I9_IHD",ukb-b-20531,finn-b-I9_IHD,,rs34325,0.0613536078375553,1.38659153712875,0.964706890325485
Leg fat percentage (right) || id:ukb-b-20531,"Ischaemic heart disease, wide definition || id:finn-b-I9_IHD",ukb-b-20531,finn-b-I9_IHD,,rs34580448,-1.04900606675175,2.41271395352903,0.663720229645602
Leg fat percentage (right) || id:ukb-b-20531,"Ischaemic heart disease, wide definition || id:finn-b-I9_IHD",ukb-b-20531,finn-b-I9_IHD,,rs34637214,3.18096199673219,1.44391790295352,0.0275942187052692
Leg fat percentage (right) || id:ukb-b-20531,"Ischaemic heart disease, wide definition || id:finn-b-I9_IHD",ukb-b-20531,finn-b-I9_IHD,,rs34699890,3.0008200101739,1.86147123625761,0.106946933162047
Leg fat percentage (right) || id:ukb-b-20531,"Ischaemic heart disease, wide definition || id:finn-b-I9_IHD",ukb-b-20531,finn-b-I9_IHD,,rs34769775,0.09461314786353,1.31407149810458,0.942601907852737
Leg fat percentage (right) || id:ukb-b-20531,"Ischaemic heart disease, wide definition || id:finn-b-I9_IHD",ukb-b-20531,finn-b-I9_IHD,,rs34774377,-2.34552409841945,1.89324815119059,0.215386649043928
Leg fat percentage (right) || id:ukb-b-20531,"Ischaemic heart disease, wide definition || id:finn-b-I9_IHD",ukb-b-20531,finn-b-I9_IHD,,rs34811474,2.12388554357466,1.02693366942072,0.0386229292977174
Leg fat percentage (right) || id:ukb-b-20531,"Ischaemic heart disease, wide definition || id:finn-b-I9_IHD",ukb-b-20531,finn-b-I9_IHD,,rs34914000,2.49369874953826,1.50321092845998,0.0971329762734679
Leg fat percentage (right) || id:ukb-b-20531,"Ischaemic heart disease, wide definition || id:finn-b-I9_IHD",ukb-b-20531,finn-b-I9_IHD,,rs34930419,2.38281495868289,1.16443221565824,0.0407237128170104
Leg fat percentage (right) || id:ukb-b-20531,"Ischaemic heart disease, wide definition || id:finn-b-I9_IHD",ukb-b-20531,finn-b-I9_IHD,,rs35134,3.2235129271967,1.58576039160483,0.0420740586921288
Leg fat percentage (right) || id:ukb-b-20531,"Ischaemic heart disease, wide definition || id:finn-b-I9_IHD",ukb-b-20531,finn-b-I9_IHD,,rs35394440,2.18781828690872,1.69999393915204,0.198109442876742
Leg fat percentage (right) || id:ukb-b-20531,"Ischaemic heart disease, wide definition || id:finn-b-I9_IHD",ukb-b-20531,finn-b-I9_IHD,,rs35445661,2.64913170111035,1.2425570830724,0.0330068465579467
Leg fat percentage (right) || id:ukb-b-20531,"Ischaemic heart disease, wide definition || id:finn-b-I9_IHD",ukb-b-20531,finn-b-I9_IHD,,rs35463915,-0.945703609396038,1.44219800432896,0.511992904340372
Leg fat percentage (right) || id:ukb-b-20531,"Ischaemic heart disease, wide definition || id:finn-b-I9_IHD",ukb-b-20531,finn-b-I9_IHD,,rs35513882,1.51777566716949,1.46190662420619,0.299169244412194
Leg fat percentage (right) || id:ukb-b-20531,"Ischaemic heart disease, wide definition || id:finn-b-I9_IHD",ukb-b-20531,finn-b-I9_IHD,,rs35723993,2.1057321691788,1.94297026238237,0.278466952381117
Leg fat percentage (right) || id:ukb-b-20531,"Ischaemic heart disease, wide definition || id:finn-b-I9_IHD",ukb-b-20531,finn-b-I9_IHD,,rs35792595,1.5754584463815,1.51532644461121,0.298487415171489
Leg fat percentage (right) || id:ukb-b-20531,"Ischaemic heart disease, wide definition || id:finn-b-I9_IHD",ukb-b-20531,finn-b-I9_IHD,,rs35961581,1.96813495782568,1.94001874414246,0.310347685408602
Leg fat percentage (right) || id:ukb-b-20531,"Ischaemic heart disease, wide definition || id:finn-b-I9_IHD",ukb-b-20531,finn-b-I9_IHD,,rs372519,1.11183675431813,1.11183675431813,0.317310507862914
Leg fat percentage (right) || id:ukb-b-20531,"Ischaemic heart disease, wide definition || id:finn-b-I9_IHD",ukb-b-20531,finn-b-I9_IHD,,rs3733347,1.21989926794749,1.53616944852646,0.427126945094663
Leg fat percentage (right) || id:ukb-b-20531,"Ischaemic heart disease, wide definition || id:finn-b-I9_IHD",ukb-b-20531,finn-b-I9_IHD,,rs3737992,0.557615635542421,1.30110314959898,0.66823514179525
Leg fat percentage (right) || id:ukb-b-20531,"Ischaemic heart disease, wide definition || id:finn-b-I9_IHD",ukb-b-20531,finn-b-I9_IHD,,rs3749473,0.199157913481116,1.28866885193663,0.87717967414883
Leg fat percentage (right) || id:ukb-b-20531,"Ischaemic heart disease, wide definition || id:finn-b-I9_IHD",ukb-b-20531,finn-b-I9_IHD,,rs3754963,-1.4802878129216,1.12426922500375,0.187950381535695
Leg fat percentage (right) || id:ukb-b-20531,"Ischaemic heart disease, wide definition || id:finn-b-I9_IHD",ukb-b-20531,finn-b-I9_IHD,,rs3764002,0.431920131797343,0.715753361264168,0.546210515044642
Leg fat percentage (right) || id:ukb-b-20531,"Ischaemic heart disease, wide definition || id:finn-b-I9_IHD",ukb-b-20531,finn-b-I9_IHD,,rs3766823,1.7140136486272,1.05538803364545,0.104362971705338
Leg fat percentage (right) || id:ukb-b-20531,"Ischaemic heart disease, wide definition || id:finn-b-I9_IHD",ukb-b-20531,finn-b-I9_IHD,,rs3780335,3.60065863733276,1.94192825384239,0.0637153193473014
Leg fat percentage (right) || id:ukb-b-20531,"Ischaemic heart disease, wide definition || id:finn-b-I9_IHD",ukb-b-20531,finn-b-I9_IHD,,rs3782812,-1.15316524912159,1.18023485590848,0.328537359870119
Leg fat percentage (right) || id:ukb-b-20531,"Ischaemic heart disease, wide definition || id:finn-b-I9_IHD",ukb-b-20531,finn-b-I9_IHD,,rs3800636,-0.182518111120068,1.77955158342066,0.918308934545484
Leg fat percentage (right) || id:ukb-b-20531,"Ischaemic heart disease, wide definition || id:finn-b-I9_IHD",ukb-b-20531,finn-b-I9_IHD,,rs3803286,2.03450989424387,1.1228191397478,0.0699914792355599
Leg fat percentage (right) || id:ukb-b-20531,"Ischaemic heart disease, wide definition || id:finn-b-I9_IHD",ukb-b-20531,finn-b-I9_IHD,,rs3807757,-1.707814859342,1.85999638146159,0.358523685808266
Leg fat percentage (right) || id:ukb-b-20531,"Ischaemic heart disease, wide definition || id:finn-b-I9_IHD",ukb-b-20531,finn-b-I9_IHD,,rs3824712,2.06001033862867,1.28075549143205,0.107740218231671
Leg fat percentage (right) || id:ukb-b-20531,"Ischaemic heart disease, wide definition || id:finn-b-I9_IHD",ukb-b-20531,finn-b-I9_IHD,,rs3846949,-0.903206382658438,1.94902429942084,0.64306719106424
Leg fat percentage (right) || id:ukb-b-20531,"Ischaemic heart disease, wide definition || id:finn-b-I9_IHD",ukb-b-20531,finn-b-I9_IHD,,rs40071,1.03163686382393,0.947421609634225,0.276202886617978
Leg fat percentage (right) || id:ukb-b-20531,"Ischaemic heart disease, wide definition || id:finn-b-I9_IHD",ukb-b-20531,finn-b-I9_IHD,,rs4088476,-0.764994963783155,1.62915594139005,0.638665680013429
Leg fat percentage (right) || id:ukb-b-20531,"Ischaemic heart disease, wide definition || id:finn-b-I9_IHD",ukb-b-20531,finn-b-I9_IHD,,rs429343,1.06228012779004,1.24309376656281,0.392802835278636
Leg fat percentage (right) || id:ukb-b-20531,"Ischaemic heart disease, wide definition || id:finn-b-I9_IHD",ukb-b-20531,finn-b-I9_IHD,,rs429358,-3.7836376973862,0.799748492887754,2.23378569079525e-06
Leg fat percentage (right) || id:ukb-b-20531,"Ischaemic heart disease, wide definition || id:finn-b-I9_IHD",ukb-b-20531,finn-b-I9_IHD,,rs42999,-2.89277207711053,1.91599189522906,0.131093464114656
Leg fat percentage (right) || id:ukb-b-20531,"Ischaemic heart disease, wide definition || id:finn-b-I9_IHD",ukb-b-20531,finn-b-I9_IHD,,rs4307239,-0.911966713214968,1.58169226823221,0.564225526214624
Leg fat percentage (right) || id:ukb-b-20531,"Ischaemic heart disease, wide definition || id:finn-b-I9_IHD",ukb-b-20531,finn-b-I9_IHD,,rs4357530,0.0342241889722818,1.33474336991899,0.979543663087131
Leg fat percentage (right) || id:ukb-b-20531,"Ischaemic heart disease, wide definition || id:finn-b-I9_IHD",ukb-b-20531,finn-b-I9_IHD,,rs4389955,-1.70844214482708,1.78979653267599,0.339807612284684
Leg fat percentage (right) || id:ukb-b-20531,"Ischaemic heart disease, wide definition || id:finn-b-I9_IHD",ukb-b-20531,finn-b-I9_IHD,,rs4398538,0.642015826974167,1.45095576896162,0.658143436378906
Leg fat percentage (right) || id:ukb-b-20531,"Ischaemic heart disease, wide definition || id:finn-b-I9_IHD",ukb-b-20531,finn-b-I9_IHD,,rs4430672,-0.545930994322318,1.45581598485951,0.707660466654552
Leg fat percentage (right) || id:ukb-b-20531,"Ischaemic heart disease, wide definition || id:finn-b-I9_IHD",ukb-b-20531,finn-b-I9_IHD,,rs4442005,3.91582367684735,1.77739514410092,0.0275859395865794
Leg fat percentage (right) || id:ukb-b-20531,"Ischaemic heart disease, wide definition || id:finn-b-I9_IHD",ukb-b-20531,finn-b-I9_IHD,,rs4482364,-0.160979528233395,1.80297071621402,0.928854847071628
Leg fat percentage (right) || id:ukb-b-20531,"Ischaemic heart disease, wide definition || id:finn-b-I9_IHD",ukb-b-20531,finn-b-I9_IHD,,rs4482463,0.591351926075036,1.39176766439882,0.670914893663015
Leg fat percentage (right) || id:ukb-b-20531,"Ischaemic heart disease, wide definition || id:finn-b-I9_IHD",ukb-b-20531,finn-b-I9_IHD,,rs4503069,-1.74248224516197,1.59727539139847,0.275312886521963
Leg fat percentage (right) || id:ukb-b-20531,"Ischaemic heart disease, wide definition || id:finn-b-I9_IHD",ukb-b-20531,finn-b-I9_IHD,,rs450779,-1.09343392925482,1.77349649501087,0.537537287542531
Leg fat percentage (right) || id:ukb-b-20531,"Ischaemic heart disease, wide definition || id:finn-b-I9_IHD",ukb-b-20531,finn-b-I9_IHD,,rs4528240,-1.04242415108368,1.41920396472839,0.462635972896232
Leg fat percentage (right) || id:ukb-b-20531,"Ischaemic heart disease, wide definition || id:finn-b-I9_IHD",ukb-b-20531,finn-b-I9_IHD,,rs4547574,1.87686146533613,1.60706262969406,0.242853876898265
Leg fat percentage (right) || id:ukb-b-20531,"Ischaemic heart disease, wide definition || id:finn-b-I9_IHD",ukb-b-20531,finn-b-I9_IHD,,rs4554901,1.76564820336526,1.81242034120275,0.329960447429385
Leg fat percentage (right) || id:ukb-b-20531,"Ischaemic heart disease, wide definition || id:finn-b-I9_IHD",ukb-b-20531,finn-b-I9_IHD,,rs4561038,-4.14959237372212,1.37169477634474,0.00248503902282819
Leg fat percentage (right) || id:ukb-b-20531,"Ischaemic heart disease, wide definition || id:finn-b-I9_IHD",ukb-b-20531,finn-b-I9_IHD,,rs4562174,0.482945241555627,1.67521630664608,0.773126071375193
Leg fat percentage (right) || id:ukb-b-20531,"Ischaemic heart disease, wide definition || id:finn-b-I9_IHD",ukb-b-20531,finn-b-I9_IHD,,rs4601141,2.49182148590875,1.67308014053873,0.136392147794979
Leg fat percentage (right) || id:ukb-b-20531,"Ischaemic heart disease, wide definition || id:finn-b-I9_IHD",ukb-b-20531,finn-b-I9_IHD,,rs4656984,-0.0479174286868868,1.78891733764377,0.978630647479452
Leg fat percentage (right) || id:ukb-b-20531,"Ischaemic heart disease, wide definition || id:finn-b-I9_IHD",ukb-b-20531,finn-b-I9_IHD,,rs4664699,3.65499847582014,1.72892044084438,0.034512270580193
Leg fat percentage (right) || id:ukb-b-20531,"Ischaemic heart disease, wide definition || id:finn-b-I9_IHD",ukb-b-20531,finn-b-I9_IHD,,rs4670615,-0.838003610766435,1.63190176833464,0.607592160418171
Leg fat percentage (right) || id:ukb-b-20531,"Ischaemic heart disease, wide definition || id:finn-b-I9_IHD",ukb-b-20531,finn-b-I9_IHD,,rs4671238,1.56451675988579,1.84156660278223,0.39557113682904
Leg fat percentage (right) || id:ukb-b-20531,"Ischaemic heart disease, wide definition || id:finn-b-I9_IHD",ukb-b-20531,finn-b-I9_IHD,,rs4672338,0.709454366248215,1.40623990452771,0.613906897580832
Leg fat percentage (right) || id:ukb-b-20531,"Ischaemic heart disease, wide definition || id:finn-b-I9_IHD",ukb-b-20531,finn-b-I9_IHD,,rs4673617,0.88381363316522,1.41636800186734,0.532627585068405
Leg fat percentage (right) || id:ukb-b-20531,"Ischaemic heart disease, wide definition || id:finn-b-I9_IHD",ukb-b-20531,finn-b-I9_IHD,,rs4734628,-1.49881357958784,1.86930682398034,0.422667616230717
Leg fat percentage (right) || id:ukb-b-20531,"Ischaemic heart disease, wide definition || id:finn-b-I9_IHD",ukb-b-20531,finn-b-I9_IHD,,rs4740627,0.701570297343794,0.671067240937542,0.295812938228253
Leg fat percentage (right) || id:ukb-b-20531,"Ischaemic heart disease, wide definition || id:finn-b-I9_IHD",ukb-b-20531,finn-b-I9_IHD,,rs4752182,-0.445859872611465,1.78343949044586,0.802587348634153
Leg fat percentage (right) || id:ukb-b-20531,"Ischaemic heart disease, wide definition || id:finn-b-I9_IHD",ukb-b-20531,finn-b-I9_IHD,,rs4759318,-3.03421368938247,1.45850615111947,0.0374927871231614
Leg fat percentage (right) || id:ukb-b-20531,"Ischaemic heart disease, wide definition || id:finn-b-I9_IHD",ukb-b-20531,finn-b-I9_IHD,,rs4762951,-0.759571563179048,1.50952829644444,0.614834411373763
Leg fat percentage (right) || id:ukb-b-20531,"Ischaemic heart disease, wide definition || id:finn-b-I9_IHD",ukb-b-20531,finn-b-I9_IHD,,rs479018,-1.06915907190095,1.03467006958156,0.301447933138049
Leg fat percentage (right) || id:ukb-b-20531,"Ischaemic heart disease, wide definition || id:finn-b-I9_IHD",ukb-b-20531,finn-b-I9_IHD,,rs4790292,1.26443347603674,0.943511273996958,0.180201116292801
Leg fat percentage (right) || id:ukb-b-20531,"Ischaemic heart disease, wide definition || id:finn-b-I9_IHD",ukb-b-20531,finn-b-I9_IHD,,rs4808762,-0.505381631426542,0.860514669726275,0.557001175272507
Leg fat percentage (right) || id:ukb-b-20531,"Ischaemic heart disease, wide definition || id:finn-b-I9_IHD",ukb-b-20531,finn-b-I9_IHD,,rs4820323,-1.10579796772265,1.11576011157601,0.321650703159162
Leg fat percentage (right) || id:ukb-b-20531,"Ischaemic heart disease, wide definition || id:finn-b-I9_IHD",ukb-b-20531,finn-b-I9_IHD,,rs484455,0.281292555840709,1.88631478622593,0.881456729705197
Leg fat percentage (right) || id:ukb-b-20531,"Ischaemic heart disease, wide definition || id:finn-b-I9_IHD",ukb-b-20531,finn-b-I9_IHD,,rs4876611,-0.165346793142459,1.03559307283961,0.873145866785712
Leg fat percentage (right) || id:ukb-b-20531,"Ischaemic heart disease, wide definition || id:finn-b-I9_IHD",ukb-b-20531,finn-b-I9_IHD,,rs4877285,0.0620844223975762,1.4651923685828,0.966201446469755
Leg fat percentage (right) || id:ukb-b-20531,"Ischaemic heart disease, wide definition || id:finn-b-I9_IHD",ukb-b-20531,finn-b-I9_IHD,,rs4879372,-0.698062559097342,1.74515639774335,0.689156516779352
Leg fat percentage (right) || id:ukb-b-20531,"Ischaemic heart disease, wide definition || id:finn-b-I9_IHD",ukb-b-20531,finn-b-I9_IHD,,rs4905989,1.58610571394583,1.57371426305563,0.313514947332208
Leg fat percentage (right) || id:ukb-b-20531,"Ischaemic heart disease, wide definition || id:finn-b-I9_IHD",ukb-b-20531,finn-b-I9_IHD,,rs4936670,1.29186865571377,1.88935790898139,0.494126296996436
Leg fat percentage (right) || id:ukb-b-20531,"Ischaemic heart disease, wide definition || id:finn-b-I9_IHD",ukb-b-20531,finn-b-I9_IHD,,rs494048,-0.166011514084298,1.32809211267439,0.900523550339774
Leg fat percentage (right) || id:ukb-b-20531,"Ischaemic heart disease, wide definition || id:finn-b-I9_IHD",ukb-b-20531,finn-b-I9_IHD,,rs4979236,3.63100063822814,1.18158453072982,0.00211923671329758
Leg fat percentage (right) || id:ukb-b-20531,"Ischaemic heart disease, wide definition || id:finn-b-I9_IHD",ukb-b-20531,finn-b-I9_IHD,,rs5021156,1.98433898615542,1.46535802054554,0.175683210943973
Leg fat percentage (right) || id:ukb-b-20531,"Ischaemic heart disease, wide definition || id:finn-b-I9_IHD",ukb-b-20531,finn-b-I9_IHD,,rs539515,-0.0581694520885071,0.644338546211155,0.928066478796385
Leg fat percentage (right) || id:ukb-b-20531,"Ischaemic heart disease, wide definition || id:finn-b-I9_IHD",ukb-b-20531,finn-b-I9_IHD,,rs55655049,0.263154267297067,1.8295487154939,0.885630277445702
Leg fat percentage (right) || id:ukb-b-20531,"Ischaemic heart disease, wide definition || id:finn-b-I9_IHD",ukb-b-20531,finn-b-I9_IHD,,rs55707359,-0.454168544699475,5.30207369228705,0.931737763282234
Leg fat percentage (right) || id:ukb-b-20531,"Ischaemic heart disease, wide definition || id:finn-b-I9_IHD",ukb-b-20531,finn-b-I9_IHD,,rs55736343,1.11725251287665,1.84534965609963,0.544885233992062
Leg fat percentage (right) || id:ukb-b-20531,"Ischaemic heart disease, wide definition || id:finn-b-I9_IHD",ukb-b-20531,finn-b-I9_IHD,,rs561136,1.65602081854743,1.60142672562829,0.301093665801325
Leg fat percentage (right) || id:ukb-b-20531,"Ischaemic heart disease, wide definition || id:finn-b-I9_IHD",ukb-b-20531,finn-b-I9_IHD,,rs56163533,0.0150439056386063,1.82031258227136,0.993405987784041
Leg fat percentage (right) || id:ukb-b-20531,"Ischaemic heart disease, wide definition || id:finn-b-I9_IHD",ukb-b-20531,finn-b-I9_IHD,,rs56218501,-1.01763573674092,1.8711366772333,0.586538057936862
Leg fat percentage (right) || id:ukb-b-20531,"Ischaemic heart disease, wide definition || id:finn-b-I9_IHD",ukb-b-20531,finn-b-I9_IHD,,rs56260582,1.9238381759164,1.32214393159686,0.145644396963893
Leg fat percentage (right) || id:ukb-b-20531,"Ischaemic heart disease, wide definition || id:finn-b-I9_IHD",ukb-b-20531,finn-b-I9_IHD,,rs56328878,1.64349177258058,1.53143551535918,0.283194520050281
Leg fat percentage (right) || id:ukb-b-20531,"Ischaemic heart disease, wide definition || id:finn-b-I9_IHD",ukb-b-20531,finn-b-I9_IHD,,rs56351202,-2.51837246818426,1.58630578956802,0.112383465836499
Leg fat percentage (right) || id:ukb-b-20531,"Ischaemic heart disease, wide definition || id:finn-b-I9_IHD",ukb-b-20531,finn-b-I9_IHD,,rs56356382,0.13191866272167,0.929712480133678,0.887165398850238
Leg fat percentage (right) || id:ukb-b-20531,"Ischaemic heart disease, wide definition || id:finn-b-I9_IHD",ukb-b-20531,finn-b-I9_IHD,,rs56399737,0.29638348635895,1.17494882092298,0.800846092097225
Leg fat percentage (right) || id:ukb-b-20531,"Ischaemic heart disease, wide definition || id:finn-b-I9_IHD",ukb-b-20531,finn-b-I9_IHD,,rs56803094,1.80248721118736,1.36015906120273,0.185103747052455
Leg fat percentage (right) || id:ukb-b-20531,"Ischaemic heart disease, wide definition || id:finn-b-I9_IHD",ukb-b-20531,finn-b-I9_IHD,,rs57241669,0.577503210461927,1.61093000813064,0.719976226613193
Leg fat percentage (right) || id:ukb-b-20531,"Ischaemic heart disease, wide definition || id:finn-b-I9_IHD",ukb-b-20531,finn-b-I9_IHD,,rs5762686,2.16648744386109,1.92928078942375,0.261458382255516
Leg fat percentage (right) || id:ukb-b-20531,"Ischaemic heart disease, wide definition || id:finn-b-I9_IHD",ukb-b-20531,finn-b-I9_IHD,,rs57800857,-1.27938886004598,25.4579841281614,0.959919249969736
Leg fat percentage (right) || id:ukb-b-20531,"Ischaemic heart disease, wide definition || id:finn-b-I9_IHD",ukb-b-20531,finn-b-I9_IHD,,rs57803,1.48693892038641,1.28548267955987,0.247388239729074
Leg fat percentage (right) || id:ukb-b-20531,"Ischaemic heart disease, wide definition || id:finn-b-I9_IHD",ukb-b-20531,finn-b-I9_IHD,,rs58083390,1.26539634021084,1.66802244845975,0.448079492505683
Leg fat percentage (right) || id:ukb-b-20531,"Ischaemic heart disease, wide definition || id:finn-b-I9_IHD",ukb-b-20531,finn-b-I9_IHD,,rs58120873,1.89617701541738,1.45859770416721,0.193600969171221
Leg fat percentage (right) || id:ukb-b-20531,"Ischaemic heart disease, wide definition || id:finn-b-I9_IHD",ukb-b-20531,finn-b-I9_IHD,,rs58431213,0.826183034381159,1.2641595827278,0.513406079570803
Leg fat percentage (right) || id:ukb-b-20531,"Ischaemic heart disease, wide definition || id:finn-b-I9_IHD",ukb-b-20531,finn-b-I9_IHD,,rs58582157,1.19084336718107,1.45282890796091,0.412403041383546
Leg fat percentage (right) || id:ukb-b-20531,"Ischaemic heart disease, wide definition || id:finn-b-I9_IHD",ukb-b-20531,finn-b-I9_IHD,,rs586118,2.46532565125686,1.46093371926332,0.0915072499234823
Leg fat percentage (right) || id:ukb-b-20531,"Ischaemic heart disease, wide definition || id:finn-b-I9_IHD",ukb-b-20531,finn-b-I9_IHD,,rs58862095,-0.786848391176057,1.03039670273055,0.445083972938247
Leg fat percentage (right) || id:ukb-b-20531,"Ischaemic heart disease, wide definition || id:finn-b-I9_IHD",ukb-b-20531,finn-b-I9_IHD,,rs588660,0.231089200431367,1.07841626867971,0.830324257655795
Leg fat percentage (right) || id:ukb-b-20531,"Ischaemic heart disease, wide definition || id:finn-b-I9_IHD",ukb-b-20531,finn-b-I9_IHD,,rs58948644,1.08058955334952,1.1621434819042,0.352461927180254
Leg fat percentage (right) || id:ukb-b-20531,"Ischaemic heart disease, wide definition || id:finn-b-I9_IHD",ukb-b-20531,finn-b-I9_IHD,,rs59104534,-0.521403618541113,1.39830970426935,0.709236748741436
Leg fat percentage (right) || id:ukb-b-20531,"Ischaemic heart disease, wide definition || id:finn-b-I9_IHD",ukb-b-20531,finn-b-I9_IHD,,rs59346947,-2.35056086167396,1.20999335495453,0.0520617318013494
Leg fat percentage (right) || id:ukb-b-20531,"Ischaemic heart disease, wide definition || id:finn-b-I9_IHD",ukb-b-20531,finn-b-I9_IHD,,rs59499656,0.952189831841228,1.14672323834643,0.406336888955547
Leg fat percentage (right) || id:ukb-b-20531,"Ischaemic heart disease, wide definition || id:finn-b-I9_IHD",ukb-b-20531,finn-b-I9_IHD,,rs59662983,-2.3067515055811,1.70297091016054,0.175562421989515
Leg fat percentage (right) || id:ukb-b-20531,"Ischaemic heart disease, wide definition || id:finn-b-I9_IHD",ukb-b-20531,finn-b-I9_IHD,,rs6011058,0.667598607348845,1.27450643221143,0.600411028614905
Leg fat percentage (right) || id:ukb-b-20531,"Ischaemic heart disease, wide definition || id:finn-b-I9_IHD",ukb-b-20531,finn-b-I9_IHD,,rs60494825,0.671492750044405,1.23468021782358,0.586538057936861
Leg fat percentage (right) || id:ukb-b-20531,"Ischaemic heart disease, wide definition || id:finn-b-I9_IHD",ukb-b-20531,finn-b-I9_IHD,,rs6067822,-1.15077250932339,1.7900905700586,0.520316800507367
Leg fat percentage (right) || id:ukb-b-20531,"Ischaemic heart disease, wide definition || id:finn-b-I9_IHD",ukb-b-20531,finn-b-I9_IHD,,rs6103254,0.303710452824878,1.36299325170189,0.823670863939885
Leg fat percentage (right) || id:ukb-b-20531,"Ischaemic heart disease, wide definition || id:finn-b-I9_IHD",ukb-b-20531,finn-b-I9_IHD,,rs6138536,2.69102621289892,1.1518011027972,0.0194722974776907
Leg fat percentage (right) || id:ukb-b-20531,"Ischaemic heart disease, wide definition || id:finn-b-I9_IHD",ukb-b-20531,finn-b-I9_IHD,,rs6139205,0.525124778195842,1.47767670143481,0.722310996728111
Leg fat percentage (right) || id:ukb-b-20531,"Ischaemic heart disease, wide definition || id:finn-b-I9_IHD",ukb-b-20531,finn-b-I9_IHD,,rs61734410,0.173567317505537,1.36539623104356,0.898846495337432
Leg fat percentage (right) || id:ukb-b-20531,"Ischaemic heart disease, wide definition || id:finn-b-I9_IHD",ukb-b-20531,finn-b-I9_IHD,,rs61754230,3.36674396567,2.88137813080224,0.242625619900818
Leg fat percentage (right) || id:ukb-b-20531,"Ischaemic heart disease, wide definition || id:finn-b-I9_IHD",ukb-b-20531,finn-b-I9_IHD,,rs61782665,2.45455174306645,1.27190408504352,0.0536285791274191
Leg fat percentage (right) || id:ukb-b-20531,"Ischaemic heart disease, wide definition || id:finn-b-I9_IHD",ukb-b-20531,finn-b-I9_IHD,,rs61826925,1.36293842623743,1.75111709193796,0.436377368310222
Leg fat percentage (right) || id:ukb-b-20531,"Ischaemic heart disease, wide definition || id:finn-b-I9_IHD",ukb-b-20531,finn-b-I9_IHD,,rs61884414,-5.13994763436809,1.47821802266601,0.000506823016299303
Leg fat percentage (right) || id:ukb-b-20531,"Ischaemic heart disease, wide definition || id:finn-b-I9_IHD",ukb-b-20531,finn-b-I9_IHD,,rs61985887,3.09303388765072,2.21441225212869,0.162481484976533
Leg fat percentage (right) || id:ukb-b-20531,"Ischaemic heart disease, wide definition || id:finn-b-I9_IHD",ukb-b-20531,finn-b-I9_IHD,,rs62057232,0.131517581371445,1.13307454720014,0.907595932429892
Leg fat percentage (right) || id:ukb-b-20531,"Ischaemic heart disease, wide definition || id:finn-b-I9_IHD",ukb-b-20531,finn-b-I9_IHD,,rs62082914,3.56405764928285,1.41348271735549,0.0116864845405669
Leg fat percentage (right) || id:ukb-b-20531,"Ischaemic heart disease, wide definition || id:finn-b-I9_IHD",ukb-b-20531,finn-b-I9_IHD,,rs62107261,0.045685308175957,1.11643471854995,0.967359102208734
Leg fat percentage (right) || id:ukb-b-20531,"Ischaemic heart disease, wide definition || id:finn-b-I9_IHD",ukb-b-20531,finn-b-I9_IHD,,rs62124758,-1.42858560104763,2.27184793499936,0.529466275894691
Leg fat percentage (right) || id:ukb-b-20531,"Ischaemic heart disease, wide definition || id:finn-b-I9_IHD",ukb-b-20531,finn-b-I9_IHD,,rs62161461,2.58974223545868,1.90823112086429,0.174735823215247
Leg fat percentage (right) || id:ukb-b-20531,"Ischaemic heart disease, wide definition || id:finn-b-I9_IHD",ukb-b-20531,finn-b-I9_IHD,,rs62183912,-2.67323316363602,1.29539933039631,0.0390522071082569
Leg fat percentage (right) || id:ukb-b-20531,"Ischaemic heart disease, wide definition || id:finn-b-I9_IHD",ukb-b-20531,finn-b-I9_IHD,,rs62190049,4.87559588493594,1.78822795779782,0.00640107815028797
Leg fat percentage (right) || id:ukb-b-20531,"Ischaemic heart disease, wide definition || id:finn-b-I9_IHD",ukb-b-20531,finn-b-I9_IHD,,rs62218301,-1.70288248337029,1.26829268292683,0.179382953310086
Leg fat percentage (right) || id:ukb-b-20531,"Ischaemic heart disease, wide definition || id:finn-b-I9_IHD",ukb-b-20531,finn-b-I9_IHD,,rs62261725,0.515063422640093,0.995207291202891,0.604776560090668
Leg fat percentage (right) || id:ukb-b-20531,"Ischaemic heart disease, wide definition || id:finn-b-I9_IHD",ukb-b-20531,finn-b-I9_IHD,,rs62331463,-1.9035140270299,1.5648520222209,0.223825764600788
Leg fat percentage (right) || id:ukb-b-20531,"Ischaemic heart disease, wide definition || id:finn-b-I9_IHD",ukb-b-20531,finn-b-I9_IHD,,rs62393063,2.50393533811283,1.20710889264071,0.0380492002276673
Leg fat percentage (right) || id:ukb-b-20531,"Ischaemic heart disease, wide definition || id:finn-b-I9_IHD",ukb-b-20531,finn-b-I9_IHD,,rs62393181,1.02398609861296,1.23343780060198,0.406432114846317
Leg fat percentage (right) || id:ukb-b-20531,"Ischaemic heart disease, wide definition || id:finn-b-I9_IHD",ukb-b-20531,finn-b-I9_IHD,,rs62443626,3.13473072663058,1.44981296106664,0.0306056789477476
Leg fat percentage (right) || id:ukb-b-20531,"Ischaemic heart disease, wide definition || id:finn-b-I9_IHD",ukb-b-20531,finn-b-I9_IHD,,rs62447181,0.408951814194858,1.80502869713593,0.820763954687396
Leg fat percentage (right) || id:ukb-b-20531,"Ischaemic heart disease, wide definition || id:finn-b-I9_IHD",ukb-b-20531,finn-b-I9_IHD,,rs6265,0.139004726160689,0.845148735056992,0.869358261576245
Leg fat percentage (right) || id:ukb-b-20531,"Ischaemic heart disease, wide definition || id:finn-b-I9_IHD",ukb-b-20531,finn-b-I9_IHD,,rs629471,1.33161702694305,1.67839229437614,0.42755154973273
Leg fat percentage (right) || id:ukb-b-20531,"Ischaemic heart disease, wide definition || id:finn-b-I9_IHD",ukb-b-20531,finn-b-I9_IHD,,rs6425839,1.74687745654642,1.60130433516755,0.275312886521962
Leg fat percentage (right) || id:ukb-b-20531,"Ischaemic heart disease, wide definition || id:finn-b-I9_IHD",ukb-b-20531,finn-b-I9_IHD,,rs6433672,0.90009645351769,1.64676737518577,0.584664666252972
Leg fat percentage (right) || id:ukb-b-20531,"Ischaemic heart disease, wide definition || id:finn-b-I9_IHD",ukb-b-20531,finn-b-I9_IHD,,rs644045,0.770895721528746,1.24529308862336,0.535884989067038
Leg fat percentage (right) || id:ukb-b-20531,"Ischaemic heart disease, wide definition || id:finn-b-I9_IHD",ukb-b-20531,finn-b-I9_IHD,,rs6441176,-0.605757560405043,1.25557021611227,0.629481948305175
Leg fat percentage (right) || id:ukb-b-20531,"Ischaemic heart disease, wide definition || id:finn-b-I9_IHD",ukb-b-20531,finn-b-I9_IHD,,rs6478538,1.14249527496597,1.26218525615288,0.365374053888681
Leg fat percentage (right) || id:ukb-b-20531,"Ischaemic heart disease, wide definition || id:finn-b-I9_IHD",ukb-b-20531,finn-b-I9_IHD,,rs6480742,1.24485017338985,1.90679431320826,0.513853152803634
Leg fat percentage (right) || id:ukb-b-20531,"Ischaemic heart disease, wide definition || id:finn-b-I9_IHD",ukb-b-20531,finn-b-I9_IHD,,rs6495017,-1.3418405431344,1.40404507162407,0.339225741632073
Leg fat percentage (right) || id:ukb-b-20531,"Ischaemic heart disease, wide definition || id:finn-b-I9_IHD",ukb-b-20531,finn-b-I9_IHD,,rs6533413,-0.508004382089974,1.7890589108386,0.776448225236738
Leg fat percentage (right) || id:ukb-b-20531,"Ischaemic heart disease, wide definition || id:finn-b-I9_IHD",ukb-b-20531,finn-b-I9_IHD,,rs6538790,1.31817999461266,1.64772499326582,0.423710797166793
Leg fat percentage (right) || id:ukb-b-20531,"Ischaemic heart disease, wide definition || id:finn-b-I9_IHD",ukb-b-20531,finn-b-I9_IHD,,rs6543214,0,1.7010747699683,1
Leg fat percentage (right) || id:ukb-b-20531,"Ischaemic heart disease, wide definition || id:finn-b-I9_IHD",ukb-b-20531,finn-b-I9_IHD,,rs6551304,0.586189378248466,1.55340185235844,0.70590721025271
Leg fat percentage (right) || id:ukb-b-20531,"Ischaemic heart disease, wide definition || id:finn-b-I9_IHD",ukb-b-20531,finn-b-I9_IHD,,rs6561937,1.83657039347892,1.14890476669686,0.109922818256669
Leg fat percentage (right) || id:ukb-b-20531,"Ischaemic heart disease, wide definition || id:finn-b-I9_IHD",ukb-b-20531,finn-b-I9_IHD,,rs6575340,1.58851674641148,1.09090909090909,0.145353824895129
Leg fat percentage (right) || id:ukb-b-20531,"Ischaemic heart disease, wide definition || id:finn-b-I9_IHD",ukb-b-20531,finn-b-I9_IHD,,rs6602997,0.410496994575575,0.686116405219176,0.549646048776497
Leg fat percentage (right) || id:ukb-b-20531,"Ischaemic heart disease, wide definition || id:finn-b-I9_IHD",ukb-b-20531,finn-b-I9_IHD,,rs663129,2.30284421460892,0.717113768584357,0.00132150809423848
Leg fat percentage (right) || id:ukb-b-20531,"Ischaemic heart disease, wide definition || id:finn-b-I9_IHD",ukb-b-20531,finn-b-I9_IHD,,rs6674490,0.419362649939057,1.51511667074756,0.781944651139925
Leg fat percentage (right) || id:ukb-b-20531,"Ischaemic heart disease, wide definition || id:finn-b-I9_IHD",ukb-b-20531,finn-b-I9_IHD,,rs6707827,1.5230204541647,1.75839634253561,0.386412442052597
Leg fat percentage (right) || id:ukb-b-20531,"Ischaemic heart disease, wide definition || id:finn-b-I9_IHD",ukb-b-20531,finn-b-I9_IHD,,rs671240,5.28209425357924,1.64546915229301,0.00132696172652965
Leg fat percentage (right) || id:ukb-b-20531,"Ischaemic heart disease, wide definition || id:finn-b-I9_IHD",ukb-b-20531,finn-b-I9_IHD,,rs672187,-1.18536079419173,1.18536079419173,0.317310507862914
Leg fat percentage (right) || id:ukb-b-20531,"Ischaemic heart disease, wide definition || id:finn-b-I9_IHD",ukb-b-20531,finn-b-I9_IHD,,rs6740162,0.797562118457914,1.25172943591311,0.524015326900126
Leg fat percentage (right) || id:ukb-b-20531,"Ischaemic heart disease, wide definition || id:finn-b-I9_IHD",ukb-b-20531,finn-b-I9_IHD,,rs6744646,0.845126056981706,0.688961459495956,0.219947901038635
Leg fat percentage (right) || id:ukb-b-20531,"Ischaemic heart disease, wide definition || id:finn-b-I9_IHD",ukb-b-20531,finn-b-I9_IHD,,rs67609008,-4.66739414630984,1.55579804876995,0.00269979606326019
Leg fat percentage (right) || id:ukb-b-20531,"Ischaemic heart disease, wide definition || id:finn-b-I9_IHD",ukb-b-20531,finn-b-I9_IHD,,rs67776659,1.74871951685651,1.42382080880667,0.219376432575635
Leg fat percentage (right) || id:ukb-b-20531,"Ischaemic heart disease, wide definition || id:finn-b-I9_IHD",ukb-b-20531,finn-b-I9_IHD,,rs6846318,0.197780618912065,1.59637213836167,0.901399357805627
Leg fat percentage (right) || id:ukb-b-20531,"Ischaemic heart disease, wide definition || id:finn-b-I9_IHD",ukb-b-20531,finn-b-I9_IHD,,rs6860245,-0.501634111119556,0.770185705961339,0.514842657946678
Leg fat percentage (right) || id:ukb-b-20531,"Ischaemic heart disease, wide definition || id:finn-b-I9_IHD",ukb-b-20531,finn-b-I9_IHD,,rs6862472,-1.7103708045469,1.48936783542005,0.25080879800568
Leg fat percentage (right) || id:ukb-b-20531,"Ischaemic heart disease, wide definition || id:finn-b-I9_IHD",ukb-b-20531,finn-b-I9_IHD,,rs6931038,-0.0374778412263749,1.62403978647625,0.981588913500693
Leg fat percentage (right) || id:ukb-b-20531,"Ischaemic heart disease, wide definition || id:finn-b-I9_IHD",ukb-b-20531,finn-b-I9_IHD,,rs6935311,-1.84002426532,1.73939793831031,0.290123268147417
Leg fat percentage (right) || id:ukb-b-20531,"Ischaemic heart disease, wide definition || id:finn-b-I9_IHD",ukb-b-20531,finn-b-I9_IHD,,rs6938973,1.08621954088198,0.816394304611936,0.183350796029574
Leg fat percentage (right) || id:ukb-b-20531,"Ischaemic heart disease, wide definition || id:finn-b-I9_IHD",ukb-b-20531,finn-b-I9_IHD,,rs6945561,-0.0863560654881223,1.40328606418199,0.950930384556175
Leg fat percentage (right) || id:ukb-b-20531,"Ischaemic heart disease, wide definition || id:finn-b-I9_IHD",ukb-b-20531,finn-b-I9_IHD,,rs6977416,-0.487033963164329,1.14303889314077,0.670044484259492
Leg fat percentage (right) || id:ukb-b-20531,"Ischaemic heart disease, wide definition || id:finn-b-I9_IHD",ukb-b-20531,finn-b-I9_IHD,,rs698838,-4.22121681271826,1.39037111635527,0.00239710713151687
Leg fat percentage (right) || id:ukb-b-20531,"Ischaemic heart disease, wide definition || id:finn-b-I9_IHD",ukb-b-20531,finn-b-I9_IHD,,rs699330,-0.977759843558425,1.72271972436484,0.570328634657464
Leg fat percentage (right) || id:ukb-b-20531,"Ischaemic heart disease, wide definition || id:finn-b-I9_IHD",ukb-b-20531,finn-b-I9_IHD,,rs7027304,0.762744992102411,1.31361637528749,0.561479628322256
Leg fat percentage (right) || id:ukb-b-20531,"Ischaemic heart disease, wide definition || id:finn-b-I9_IHD",ukb-b-20531,finn-b-I9_IHD,,rs708437,2.11164611939404,1.66846113137307,0.205647371232819
Leg fat percentage (right) || id:ukb-b-20531,"Ischaemic heart disease, wide definition || id:finn-b-I9_IHD",ukb-b-20531,finn-b-I9_IHD,,rs7097348,0.279232959201637,1.49328930355658,0.85166700738264
Leg fat percentage (right) || id:ukb-b-20531,"Ischaemic heart disease, wide definition || id:finn-b-I9_IHD",ukb-b-20531,finn-b-I9_IHD,,rs7124681,-1.1175622594596,0.767084154421976,0.145144938051762
Leg fat percentage (right) || id:ukb-b-20531,"Ischaemic heart disease, wide definition || id:finn-b-I9_IHD",ukb-b-20531,finn-b-I9_IHD,,rs7132908,-0.914756160311017,0.814704705277,0.261519464324923
Leg fat percentage (right) || id:ukb-b-20531,"Ischaemic heart disease, wide definition || id:finn-b-I9_IHD",ukb-b-20531,finn-b-I9_IHD,,rs7141213,-2.39257188367512,1.83539760939461,0.192379747571045
Leg fat percentage (right) || id:ukb-b-20531,"Ischaemic heart disease, wide definition || id:finn-b-I9_IHD",ukb-b-20531,finn-b-I9_IHD,,rs7154726,0.332460875399709,1.97965339442554,0.866631322310915
Leg fat percentage (right) || id:ukb-b-20531,"Ischaemic heart disease, wide definition || id:finn-b-I9_IHD",ukb-b-20531,finn-b-I9_IHD,,rs719802,-1.192307732534,1.22368425181121,0.329878332049875
Leg fat percentage (right) || id:ukb-b-20531,"Ischaemic heart disease, wide definition || id:finn-b-I9_IHD",ukb-b-20531,finn-b-I9_IHD,,rs7206608,-0.459035853902766,1.22765402787949,0.708469011908047
Leg fat percentage (right) || id:ukb-b-20531,"Ischaemic heart disease, wide definition || id:finn-b-I9_IHD",ukb-b-20531,finn-b-I9_IHD,,rs7213608,1.62084658063712,0.896141138333022,0.0704982988301501
Leg fat percentage (right) || id:ukb-b-20531,"Ischaemic heart disease, wide definition || id:finn-b-I9_IHD",ukb-b-20531,finn-b-I9_IHD,,rs7218014,-0.65347338299731,0.887348067438453,0.461466553518284
Leg fat percentage (right) || id:ukb-b-20531,"Ischaemic heart disease, wide definition || id:finn-b-I9_IHD",ukb-b-20531,finn-b-I9_IHD,,rs7230974,0.151566183900303,1.86931626810374,0.93537747125395
Leg fat percentage (right) || id:ukb-b-20531,"Ischaemic heart disease, wide definition || id:finn-b-I9_IHD",ukb-b-20531,finn-b-I9_IHD,,rs7235179,2.59806975226815,1.712364154904,0.129205752509275
Leg fat percentage (right) || id:ukb-b-20531,"Ischaemic heart disease, wide definition || id:finn-b-I9_IHD",ukb-b-20531,finn-b-I9_IHD,,rs72634826,0.823688255224476,1.1548618836137,0.475700169742219
Leg fat percentage (right) || id:ukb-b-20531,"Ischaemic heart disease, wide definition || id:finn-b-I9_IHD",ukb-b-20531,finn-b-I9_IHD,,rs72651329,1.27681152194717,1.38625250954265,0.357022949173405
Leg fat percentage (right) || id:ukb-b-20531,"Ischaemic heart disease, wide definition || id:finn-b-I9_IHD",ukb-b-20531,finn-b-I9_IHD,,rs72668171,1.65095015620969,1.69680988277107,0.330566734834094
Leg fat percentage (right) || id:ukb-b-20531,"Ischaemic heart disease, wide definition || id:finn-b-I9_IHD",ukb-b-20531,finn-b-I9_IHD,,rs72744607,1.7610396050763,1.67650970403264,0.293524977094579
Leg fat percentage (right) || id:ukb-b-20531,"Ischaemic heart disease, wide definition || id:finn-b-I9_IHD",ukb-b-20531,finn-b-I9_IHD,,rs72811755,-0.103938730853392,1.49890590809628,0.944716546749896
Leg fat percentage (right) || id:ukb-b-20531,"Ischaemic heart disease, wide definition || id:finn-b-I9_IHD",ukb-b-20531,finn-b-I9_IHD,,rs72823964,2.41198339890047,1.64680245855963,0.143017398030327
Leg fat percentage (right) || id:ukb-b-20531,"Ischaemic heart disease, wide definition || id:finn-b-I9_IHD",ukb-b-20531,finn-b-I9_IHD,,rs72892910,0.738318134362364,0.790231128184718,0.350145776599428
Leg fat percentage (right) || id:ukb-b-20531,"Ischaemic heart disease, wide definition || id:finn-b-I9_IHD",ukb-b-20531,finn-b-I9_IHD,,rs72917533,-0.472117307265052,1.46263793231134,0.746858217528221
Leg fat percentage (right) || id:ukb-b-20531,"Ischaemic heart disease, wide definition || id:finn-b-I9_IHD",ukb-b-20531,finn-b-I9_IHD,,rs73034216,-0.719399855412422,1.56852755360413,0.646487955019186
Leg fat percentage (right) || id:ukb-b-20531,"Ischaemic heart disease, wide definition || id:finn-b-I9_IHD",ukb-b-20531,finn-b-I9_IHD,,rs73049380,3.27805250485743,1.92948660096039,0.0893333665288348
Leg fat percentage (right) || id:ukb-b-20531,"Ischaemic heart disease, wide definition || id:finn-b-I9_IHD",ukb-b-20531,finn-b-I9_IHD,,rs7308788,-0.1479386597004,1.479386597004,0.920344325445942
Leg fat percentage (right) || id:ukb-b-20531,"Ischaemic heart disease, wide definition || id:finn-b-I9_IHD",ukb-b-20531,finn-b-I9_IHD,,rs73091318,1.72817973069199,1.27213230175938,0.174308074069852
Leg fat percentage (right) || id:ukb-b-20531,"Ischaemic heart disease, wide definition || id:finn-b-I9_IHD",ukb-b-20531,finn-b-I9_IHD,,rs7314469,-2.08483500712723,1.81008930851356,0.249409139661114
Leg fat percentage (right) || id:ukb-b-20531,"Ischaemic heart disease, wide definition || id:finn-b-I9_IHD",ukb-b-20531,finn-b-I9_IHD,,rs73371569,0.795635371675381,1.87542623323483,0.671389024011198
Leg fat percentage (right) || id:ukb-b-20531,"Ischaemic heart disease, wide definition || id:finn-b-I9_IHD",ukb-b-20531,finn-b-I9_IHD,,rs7338169,1.82862262190463,1.75774577609437,0.298190056765754
Leg fat percentage (right) || id:ukb-b-20531,"Ischaemic heart disease, wide definition || id:finn-b-I9_IHD",ukb-b-20531,finn-b-I9_IHD,,rs74278876,0.917841425242993,1.24732296250971,0.461822562879907
Leg fat percentage (right) || id:ukb-b-20531,"Ischaemic heart disease, wide definition || id:finn-b-I9_IHD",ukb-b-20531,finn-b-I9_IHD,,rs74288880,1.46445871352935,2.27178851714168,0.519168220983547
Leg fat percentage (right) || id:ukb-b-20531,"Ischaemic heart disease, wide definition || id:finn-b-I9_IHD",ukb-b-20531,finn-b-I9_IHD,,rs7442885,-0.693158993344098,1.11850655744161,0.535443258883731
Leg fat percentage (right) || id:ukb-b-20531,"Ischaemic heart disease, wide definition || id:finn-b-I9_IHD",ukb-b-20531,finn-b-I9_IHD,,rs745249,0.978257439490044,1.22019207506285,0.422712549877375
Leg fat percentage (right) || id:ukb-b-20531,"Ischaemic heart disease, wide definition || id:finn-b-I9_IHD",ukb-b-20531,finn-b-I9_IHD,,rs74618095,0.477985069870795,1.37022386696295,0.727211527020247
Leg fat percentage (right) || id:ukb-b-20531,"Ischaemic heart disease, wide definition || id:finn-b-I9_IHD",ukb-b-20531,finn-b-I9_IHD,,rs7463186,0.606895321704063,1.37480368794186,0.658893446226635
Leg fat percentage (right) || id:ukb-b-20531,"Ischaemic heart disease, wide definition || id:finn-b-I9_IHD",ukb-b-20531,finn-b-I9_IHD,,rs75035127,-1.30611013406486,1.89763113703041,0.491273628725706
Leg fat percentage (right) || id:ukb-b-20531,"Ischaemic heart disease, wide definition || id:finn-b-I9_IHD",ukb-b-20531,finn-b-I9_IHD,,rs7537581,1.94566099243395,1.35829163622747,0.152020102288261
Leg fat percentage (right) || id:ukb-b-20531,"Ischaemic heart disease, wide definition || id:finn-b-I9_IHD",ukb-b-20531,finn-b-I9_IHD,,rs75499503,0.958371149854975,0.83778140252223,0.252648772223383
Leg fat percentage (right) || id:ukb-b-20531,"Ischaemic heart disease, wide definition || id:finn-b-I9_IHD",ukb-b-20531,finn-b-I9_IHD,,rs7553158,-0.927593967709966,1.79009362189643,0.604331419146522
Leg fat percentage (right) || id:ukb-b-20531,"Ischaemic heart disease, wide definition || id:finn-b-I9_IHD",ukb-b-20531,finn-b-I9_IHD,,rs75557510,0.356596206913578,1.4044404456904,0.799567986190168
Leg fat percentage (right) || id:ukb-b-20531,"Ischaemic heart disease, wide definition || id:finn-b-I9_IHD",ukb-b-20531,finn-b-I9_IHD,,rs75695257,-1.1249989659936,1.85293947340122,0.543756110575491
Leg fat percentage (right) || id:ukb-b-20531,"Ischaemic heart disease, wide definition || id:finn-b-I9_IHD",ukb-b-20531,finn-b-I9_IHD,,rs7575523,2.13794465385045,0.961645788077309,0.026201353992368
Leg fat percentage (right) || id:ukb-b-20531,"Ischaemic heart disease, wide definition || id:finn-b-I9_IHD",ukb-b-20531,finn-b-I9_IHD,,rs7636464,-0.218746582084655,1.503882751832,0.884352001477485
Leg fat percentage (right) || id:ukb-b-20531,"Ischaemic heart disease, wide definition || id:finn-b-I9_IHD",ukb-b-20531,finn-b-I9_IHD,,rs764729,1.55604493762754,1.63919237704275,0.342480580880959
Leg fat percentage (right) || id:ukb-b-20531,"Ischaemic heart disease, wide definition || id:finn-b-I9_IHD",ukb-b-20531,finn-b-I9_IHD,,rs7655064,0.682165969136599,1.30902118401888,0.60227847004513
Leg fat percentage (right) || id:ukb-b-20531,"Ischaemic heart disease, wide definition || id:finn-b-I9_IHD",ukb-b-20531,finn-b-I9_IHD,,rs7665222,-1.55299500768922,1.40148329962198,0.267815129705963
Leg fat percentage (right) || id:ukb-b-20531,"Ischaemic heart disease, wide definition || id:finn-b-I9_IHD",ukb-b-20531,finn-b-I9_IHD,,rs7667864,1.3255456531059,1.42108047495137,0.350937128130774
Leg fat percentage (right) || id:ukb-b-20531,"Ischaemic heart disease, wide definition || id:finn-b-I9_IHD",ukb-b-20531,finn-b-I9_IHD,,rs76702514,2.46224556795798,1.3963383956818,0.0778399975244919
Leg fat percentage (right) || id:ukb-b-20531,"Ischaemic heart disease, wide definition || id:finn-b-I9_IHD",ukb-b-20531,finn-b-I9_IHD,,rs76856798,-0.321865532627107,1.52483796082092,0.832823446301977
Leg fat percentage (right) || id:ukb-b-20531,"Ischaemic heart disease, wide definition || id:finn-b-I9_IHD",ukb-b-20531,finn-b-I9_IHD,,rs7696754,-1.13035043492205,1.45894067763194,0.438472757402879
Leg fat percentage (right) || id:ukb-b-20531,"Ischaemic heart disease, wide definition || id:finn-b-I9_IHD",ukb-b-20531,finn-b-I9_IHD,,rs770082,-0.383354527362203,1.24864046055118,0.758830018627803
Leg fat percentage (right) || id:ukb-b-20531,"Ischaemic heart disease, wide definition || id:finn-b-I9_IHD",ukb-b-20531,finn-b-I9_IHD,,rs77221192,2.07391992245963,0.926493436150349,0.0251909728677249
Leg fat percentage (right) || id:ukb-b-20531,"Ischaemic heart disease, wide definition || id:finn-b-I9_IHD",ukb-b-20531,finn-b-I9_IHD,,rs7723495,1.42519001309118,1.64558022130115,0.386450992316402
Leg fat percentage (right) || id:ukb-b-20531,"Ischaemic heart disease, wide definition || id:finn-b-I9_IHD",ukb-b-20531,finn-b-I9_IHD,,rs7739335,0.936468036867268,0.782443688698309,0.231364872169695
Leg fat percentage (right) || id:ukb-b-20531,"Ischaemic heart disease, wide definition || id:finn-b-I9_IHD",ukb-b-20531,finn-b-I9_IHD,,rs7746618,1.66124783444479,1.59144750526644,0.296550329352301
Leg fat percentage (right) || id:ukb-b-20531,"Ischaemic heart disease, wide definition || id:finn-b-I9_IHD",ukb-b-20531,finn-b-I9_IHD,,rs7774,1.69435362017954,1.21178455114106,0.162043984108907
Leg fat percentage (right) || id:ukb-b-20531,"Ischaemic heart disease, wide definition || id:finn-b-I9_IHD",ukb-b-20531,finn-b-I9_IHD,,rs77927866,-1.78230772600191,1.84272493705282,0.333437507366653
Leg fat percentage (right) || id:ukb-b-20531,"Ischaemic heart disease, wide definition || id:finn-b-I9_IHD",ukb-b-20531,finn-b-I9_IHD,,rs78081111,0.369068757509524,1.51728266976138,0.8078169693465
Leg fat percentage (right) || id:ukb-b-20531,"Ischaemic heart disease, wide definition || id:finn-b-I9_IHD",ukb-b-20531,finn-b-I9_IHD,,rs7826830,1.07776804036731,1.86159934245263,0.562624686915214
Leg fat percentage (right) || id:ukb-b-20531,"Ischaemic heart disease, wide definition || id:finn-b-I9_IHD",ukb-b-20531,finn-b-I9_IHD,,rs78277800,3.12466059000944,1.39523614580635,0.0251220392181824
Leg fat percentage (right) || id:ukb-b-20531,"Ischaemic heart disease, wide definition || id:finn-b-I9_IHD",ukb-b-20531,finn-b-I9_IHD,,rs7837172,1.1174418032318,1.59634543318829,0.483927304446146
Leg fat percentage (right) || id:ukb-b-20531,"Ischaemic heart disease, wide definition || id:finn-b-I9_IHD",ukb-b-20531,finn-b-I9_IHD,,rs78378788,-0.33655567490154,1.24597207303974,0.787071826778264
Leg fat percentage (right) || id:ukb-b-20531,"Ischaemic heart disease, wide definition || id:finn-b-I9_IHD",ukb-b-20531,finn-b-I9_IHD,,rs785510,-0.0315481961793031,1.31450817413763,0.980852608707939
Leg fat percentage (right) || id:ukb-b-20531,"Ischaemic heart disease, wide definition || id:finn-b-I9_IHD",ukb-b-20531,finn-b-I9_IHD,,rs7865801,2.80235397734097,1.60134512990912,0.0801183137276342
Leg fat percentage (right) || id:ukb-b-20531,"Ischaemic heart disease, wide definition || id:finn-b-I9_IHD",ukb-b-20531,finn-b-I9_IHD,,rs78759867,-0.703119177294313,1.71561079259812,0.681926207868363
Leg fat percentage (right) || id:ukb-b-20531,"Ischaemic heart disease, wide definition || id:finn-b-I9_IHD",ukb-b-20531,finn-b-I9_IHD,,rs78886584,0.424538314582891,1.44085731009951,0.768266719468101
Leg fat percentage (right) || id:ukb-b-20531,"Ischaemic heart disease, wide definition || id:finn-b-I9_IHD",ukb-b-20531,finn-b-I9_IHD,,rs7893571,-1.00544979241916,1.52726550747215,0.510323963325732
Leg fat percentage (right) || id:ukb-b-20531,"Ischaemic heart disease, wide definition || id:finn-b-I9_IHD",ukb-b-20531,finn-b-I9_IHD,,rs7927346,-0.189772354505602,1.59950984511865,0.905557350848683
Leg fat percentage (right) || id:ukb-b-20531,"Ischaemic heart disease, wide definition || id:finn-b-I9_IHD",ukb-b-20531,finn-b-I9_IHD,,rs7957882,-0.628100410537119,1.49674991447143,0.674746375168589
Leg fat percentage (right) || id:ukb-b-20531,"Ischaemic heart disease, wide definition || id:finn-b-I9_IHD",ukb-b-20531,finn-b-I9_IHD,,rs7975187,0.673127240590875,1.51996473681811,0.657869068133222
Leg fat percentage (right) || id:ukb-b-20531,"Ischaemic heart disease, wide definition || id:finn-b-I9_IHD",ukb-b-20531,finn-b-I9_IHD,,rs79847714,2.4907814494398,1.1611828109488,0.0319497954352332
Leg fat percentage (right) || id:ukb-b-20531,"Ischaemic heart disease, wide definition || id:finn-b-I9_IHD",ukb-b-20531,finn-b-I9_IHD,,rs7987928,-1.08278191661654,1.28638193512563,0.399940994968912
Leg fat percentage (right) || id:ukb-b-20531,"Ischaemic heart disease, wide definition || id:finn-b-I9_IHD",ukb-b-20531,finn-b-I9_IHD,,rs80135274,1.62503997337284,1.72293394767241,0.3455879116545
Leg fat percentage (right) || id:ukb-b-20531,"Ischaemic heart disease, wide definition || id:finn-b-I9_IHD",ukb-b-20531,finn-b-I9_IHD,,rs8014124,-2.65635257412408,1.87805818934887,0.157240260261951
Leg fat percentage (right) || id:ukb-b-20531,"Ischaemic heart disease, wide definition || id:finn-b-I9_IHD",ukb-b-20531,finn-b-I9_IHD,,rs8020365,-1.4698774440023,0.854117974217555,0.0852634847545577
Leg fat percentage (right) || id:ukb-b-20531,"Ischaemic heart disease, wide definition || id:finn-b-I9_IHD",ukb-b-20531,finn-b-I9_IHD,,rs8049660,-0.827338519796448,1.53261070060653,0.589319097733411
Leg fat percentage (right) || id:ukb-b-20531,"Ischaemic heart disease, wide definition || id:finn-b-I9_IHD",ukb-b-20531,finn-b-I9_IHD,,rs8062006,0.220819052732752,1.37140253802446,0.872080051331918
Leg fat percentage (right) || id:ukb-b-20531,"Ischaemic heart disease, wide definition || id:finn-b-I9_IHD",ukb-b-20531,finn-b-I9_IHD,,rs8089514,0.737328195703288,1.74774090833372,0.673116258667889
Leg fat percentage (right) || id:ukb-b-20531,"Ischaemic heart disease, wide definition || id:finn-b-I9_IHD",ukb-b-20531,finn-b-I9_IHD,,rs811054,3.36392298164621,1.59047404571557,0.03442617626017
Leg fat percentage (right) || id:ukb-b-20531,"Ischaemic heart disease, wide definition || id:finn-b-I9_IHD",ukb-b-20531,finn-b-I9_IHD,,rs8119351,2.0491430580732,0.982133655052835,0.0369406172346993
Leg fat percentage (right) || id:ukb-b-20531,"Ischaemic heart disease, wide definition || id:finn-b-I9_IHD",ukb-b-20531,finn-b-I9_IHD,,rs812949,0.129168649046628,1.27015838229184,0.918998838261879
Leg fat percentage (right) || id:ukb-b-20531,"Ischaemic heart disease, wide definition || id:finn-b-I9_IHD",ukb-b-20531,finn-b-I9_IHD,,rs8132491,-0.638273530314982,1.42106182221071,0.653321619681912
Leg fat percentage (right) || id:ukb-b-20531,"Ischaemic heart disease, wide definition || id:finn-b-I9_IHD",ukb-b-20531,finn-b-I9_IHD,,rs853961,0.588103835613216,1.17620767122643,0.617075077451974
Leg fat percentage (right) || id:ukb-b-20531,"Ischaemic heart disease, wide definition || id:finn-b-I9_IHD",ukb-b-20531,finn-b-I9_IHD,,rs879620,-1.07505954532395,1.03798852651968,0.300335455676674
Leg fat percentage (right) || id:ukb-b-20531,"Ischaemic heart disease, wide definition || id:finn-b-I9_IHD",ukb-b-20531,finn-b-I9_IHD,,rs906835,1.0994371387338,1.41536735101363,0.437285206504729
Leg fat percentage (right) || id:ukb-b-20531,"Ischaemic heart disease, wide definition || id:finn-b-I9_IHD",ukb-b-20531,finn-b-I9_IHD,,rs910244,-3.51555198498711,1.54733802156123,0.0230865103307088
Leg fat percentage (right) || id:ukb-b-20531,"Ischaemic heart disease, wide definition || id:finn-b-I9_IHD",ukb-b-20531,finn-b-I9_IHD,,rs9304665,3.47040732575308,1.30938681309089,0.00803949754939012
Leg fat percentage (right) || id:ukb-b-20531,"Ischaemic heart disease, wide definition || id:finn-b-I9_IHD",ukb-b-20531,finn-b-I9_IHD,,rs935166,1.59242856641305,1.40434645226978,0.256824511181676
Leg fat percentage (right) || id:ukb-b-20531,"Ischaemic heart disease, wide definition || id:finn-b-I9_IHD",ukb-b-20531,finn-b-I9_IHD,,rs9370068,2.16342513467321,1.62978026812049,0.18436528176947
Leg fat percentage (right) || id:ukb-b-20531,"Ischaemic heart disease, wide definition || id:finn-b-I9_IHD",ukb-b-20531,finn-b-I9_IHD,,rs9381202,1.53119816256221,1.38536976612771,0.269045576986182
Leg fat percentage (right) || id:ukb-b-20531,"Ischaemic heart disease, wide definition || id:finn-b-I9_IHD",ukb-b-20531,finn-b-I9_IHD,,rs9389857,0.940827226721831,1.84074892184706,0.609273256070766
Leg fat percentage (right) || id:ukb-b-20531,"Ischaemic heart disease, wide definition || id:finn-b-I9_IHD",ukb-b-20531,finn-b-I9_IHD,,rs9449999,0.160497971706883,1.49798106926424,0.914675647748153
Leg fat percentage (right) || id:ukb-b-20531,"Ischaemic heart disease, wide definition || id:finn-b-I9_IHD",ukb-b-20531,finn-b-I9_IHD,,rs9478496,-0.0238686270765706,1.64693526828337,0.988436860428749
Leg fat percentage (right) || id:ukb-b-20531,"Ischaemic heart disease, wide definition || id:finn-b-I9_IHD",ukb-b-20531,finn-b-I9_IHD,,rs9515455,-0.802431840495431,1.03844120534703,0.439683802605572
Leg fat percentage (right) || id:ukb-b-20531,"Ischaemic heart disease, wide definition || id:finn-b-I9_IHD",ukb-b-20531,finn-b-I9_IHD,,rs9545470,-1.61516504118671,1.79630504580578,0.368567621894205
Leg fat percentage (right) || id:ukb-b-20531,"Ischaemic heart disease, wide definition || id:finn-b-I9_IHD",ukb-b-20531,finn-b-I9_IHD,,rs9568867,0.480236163195548,1.12996744281305,0.670836674740339
Leg fat percentage (right) || id:ukb-b-20531,"Ischaemic heart disease, wide definition || id:finn-b-I9_IHD",ukb-b-20531,finn-b-I9_IHD,,rs9571687,-2.03081552264059,1.58619910644117,0.200438582376598
Leg fat percentage (right) || id:ukb-b-20531,"Ischaemic heart disease, wide definition || id:finn-b-I9_IHD",ukb-b-20531,finn-b-I9_IHD,,rs9615723,1.52163606309504,1.79392883228047,0.39631864272995
Leg fat percentage (right) || id:ukb-b-20531,"Ischaemic heart disease, wide definition || id:finn-b-I9_IHD",ukb-b-20531,finn-b-I9_IHD,,rs9641499,0.398671096345515,1.14490161001789,0.727679259914616
Leg fat percentage (right) || id:ukb-b-20531,"Ischaemic heart disease, wide definition || id:finn-b-I9_IHD",ukb-b-20531,finn-b-I9_IHD,,rs9646033,-0.440533016528515,1.81897503598871,0.808634880340731
Leg fat percentage (right) || id:ukb-b-20531,"Ischaemic heart disease, wide definition || id:finn-b-I9_IHD",ukb-b-20531,finn-b-I9_IHD,,rs9667999,1.69695543568765,1.64039025449806,0.300910532935171
Leg fat percentage (right) || id:ukb-b-20531,"Ischaemic heart disease, wide definition || id:finn-b-I9_IHD",ukb-b-20531,finn-b-I9_IHD,,rs972031,-0.936222301094681,1.76065686474522,0.594901905674212
Leg fat percentage (right) || id:ukb-b-20531,"Ischaemic heart disease, wide definition || id:finn-b-I9_IHD",ukb-b-20531,finn-b-I9_IHD,,rs972283,-2.26231106777182,1.07264748902974,0.0349367354097519
Leg fat percentage (right) || id:ukb-b-20531,"Ischaemic heart disease, wide definition || id:finn-b-I9_IHD",ukb-b-20531,finn-b-I9_IHD,,rs9783304,1.88449667616334,0.882894112060779,0.0328056531563288
Leg fat percentage (right) || id:ukb-b-20531,"Ischaemic heart disease, wide definition || id:finn-b-I9_IHD",ukb-b-20531,finn-b-I9_IHD,,rs9788550,1.03624365818881,0.961634114799217,0.281218460358592
Leg fat percentage (right) || id:ukb-b-20531,"Ischaemic heart disease, wide definition || id:finn-b-I9_IHD",ukb-b-20531,finn-b-I9_IHD,,rs9821810,1.63833477393805,1.62421119830065,0.313120617582463
Leg fat percentage (right) || id:ukb-b-20531,"Ischaemic heart disease, wide definition || id:finn-b-I9_IHD",ukb-b-20531,finn-b-I9_IHD,,rs9839081,-0.389287603685256,1.20778974476708,0.747214790578474
Leg fat percentage (right) || id:ukb-b-20531,"Ischaemic heart disease, wide definition || id:finn-b-I9_IHD",ukb-b-20531,finn-b-I9_IHD,,rs9843653,0.130857509258169,0.739344927308654,0.859515340764875
Leg fat percentage (right) || id:ukb-b-20531,"Ischaemic heart disease, wide definition || id:finn-b-I9_IHD",ukb-b-20531,finn-b-I9_IHD,,rs9860326,1.74674294455383,1.271298119409,0.169446730460812
Leg fat percentage (right) || id:ukb-b-20531,"Ischaemic heart disease, wide definition || id:finn-b-I9_IHD",ukb-b-20531,finn-b-I9_IHD,,rs9866090,-0.0604928351277861,1.23002098093165,0.960775588379686
Leg fat percentage (right) || id:ukb-b-20531,"Ischaemic heart disease, wide definition || id:finn-b-I9_IHD",ukb-b-20531,finn-b-I9_IHD,,rs9867130,2.22700752765354,1.4171866085068,0.116083133738655
Leg fat percentage (right) || id:ukb-b-20531,"Ischaemic heart disease, wide definition || id:finn-b-I9_IHD",ukb-b-20531,finn-b-I9_IHD,,rs9885336,-1.29634053263574,2.0391873547079,0.524962663452809
Leg fat percentage (right) || id:ukb-b-20531,"Ischaemic heart disease, wide definition || id:finn-b-I9_IHD",ukb-b-20531,finn-b-I9_IHD,,rs9932172,0.555593461542211,1.59854960864776,0.728169918057472
Leg fat percentage (right) || id:ukb-b-20531,"Ischaemic heart disease, wide definition || id:finn-b-I9_IHD",ukb-b-20531,finn-b-I9_IHD,,rs993767,-4.55325773284683,1.70747164981756,0.00766076113517948
Leg fat percentage (right) || id:ukb-b-20531,"Ischaemic heart disease, wide definition || id:finn-b-I9_IHD",ukb-b-20531,finn-b-I9_IHD,,rs9963931,-2.19932724454985,1.90949342162467,0.249409139661114
Leg fat percentage (right) || id:ukb-b-20531,"Ischaemic heart disease, wide definition || id:finn-b-I9_IHD",ukb-b-20531,finn-b-I9_IHD,,rs9964756,0.40668040342696,1.49116147923219,0.78506286854756
Leg fat percentage (right) || id:ukb-b-20531,"Ischaemic heart disease, wide definition || id:finn-b-I9_IHD",ukb-b-20531,finn-b-I9_IHD,,rs997123,2.20419679068947,1.56426869016672,0.158808288628619
Leg fat percentage (right) || id:ukb-b-20531,"Ischaemic heart disease, wide definition || id:finn-b-I9_IHD",ukb-b-20531,finn-b-I9_IHD,,All - Inverse variance weighted,0.405879351371054,0.0677306759073028,2.06577966459057e-09
Leg fat percentage (right) || id:ukb-b-20531,"Ischaemic heart disease, wide definition || id:finn-b-I9_IHD",ukb-b-20531,finn-b-I9_IHD,,All - MR Egger,0.44900774975268,0.209383460883218,0.0324283345659486
