exposure,outcome,id.exposure,id.outcome,samplesize,SNP,b,se,p
Leg fat percentage (right) || id:ukb-b-20531,Depression || id:finn-b-F5_DEPRESSIO,ukb-b-20531,finn-b-F5_DEPRESSIO,,rs10050620,-1.30046979471334,1.42551496728193,0.36162097055701
Leg fat percentage (right) || id:ukb-b-20531,Depression || id:finn-b-F5_DEPRESSIO,ukb-b-20531,finn-b-F5_DEPRESSIO,,rs10070916,-1.13619763346264,1.64811085293482,0.490575396308303
Leg fat percentage (right) || id:ukb-b-20531,Depression || id:finn-b-F5_DEPRESSIO,ukb-b-20531,finn-b-F5_DEPRESSIO,,rs10079475,0.732407067270445,1.6021404596541,0.647568367631056
Leg fat percentage (right) || id:ukb-b-20531,Depression || id:finn-b-F5_DEPRESSIO,ukb-b-20531,finn-b-F5_DEPRESSIO,,rs10085776,-0.370033353460905,1.83334706941994,0.840045826140374
Leg fat percentage (right) || id:ukb-b-20531,Depression || id:finn-b-F5_DEPRESSIO,ukb-b-20531,finn-b-F5_DEPRESSIO,,rs10100245,-0.2752369331266,1.00002752369331,0.783140033354128
Leg fat percentage (right) || id:ukb-b-20531,Depression || id:finn-b-F5_DEPRESSIO,ukb-b-20531,finn-b-F5_DEPRESSIO,,rs10101487,-0.817978878298128,1.7846811890141,0.6467129796159
Leg fat percentage (right) || id:ukb-b-20531,Depression || id:finn-b-F5_DEPRESSIO,ukb-b-20531,finn-b-F5_DEPRESSIO,,rs10119967,1.64355725555821,1.42441628815045,0.248563248217182
Leg fat percentage (right) || id:ukb-b-20531,Depression || id:finn-b-F5_DEPRESSIO,ukb-b-20531,finn-b-F5_DEPRESSIO,,rs1013293,-2.60135466771375,1.11907332875233,0.0200954246353724
Leg fat percentage (right) || id:ukb-b-20531,Depression || id:finn-b-F5_DEPRESSIO,ukb-b-20531,finn-b-F5_DEPRESSIO,,rs10145749,2.7690756246952,1.49819390142091,0.0645624457701607
Leg fat percentage (right) || id:ukb-b-20531,Depression || id:finn-b-F5_DEPRESSIO,ukb-b-20531,finn-b-F5_DEPRESSIO,,rs10172070,3.94419023967069,1.88172957526068,0.0360781817100648
Leg fat percentage (right) || id:ukb-b-20531,Depression || id:finn-b-F5_DEPRESSIO,ukb-b-20531,finn-b-F5_DEPRESSIO,,rs10187101,-1.86873099150195,1.28475255665759,0.145795140951976
Leg fat percentage (right) || id:ukb-b-20531,Depression || id:finn-b-F5_DEPRESSIO,ukb-b-20531,finn-b-F5_DEPRESSIO,,rs10209821,-0.365103252980934,1.04188001460413,0.726018003397438
Leg fat percentage (right) || id:ukb-b-20531,Depression || id:finn-b-F5_DEPRESSIO,ukb-b-20531,finn-b-F5_DEPRESSIO,,rs10210468,-0.620231050833842,1.60964725097354,0.699999529956414
Leg fat percentage (right) || id:ukb-b-20531,Depression || id:finn-b-F5_DEPRESSIO,ukb-b-20531,finn-b-F5_DEPRESSIO,,rs1022185,4.49842040199625,1.53381255437022,0.0033588145633495
Leg fat percentage (right) || id:ukb-b-20531,Depression || id:finn-b-F5_DEPRESSIO,ukb-b-20531,finn-b-F5_DEPRESSIO,,rs10245306,0.0522848478510928,1.62083028338388,0.974266251454283
Leg fat percentage (right) || id:ukb-b-20531,Depression || id:finn-b-F5_DEPRESSIO,ukb-b-20531,finn-b-F5_DEPRESSIO,,rs10404726,1.54692621580039,0.911432202822931,0.0896498392318494
Leg fat percentage (right) || id:ukb-b-20531,Depression || id:finn-b-F5_DEPRESSIO,ukb-b-20531,finn-b-F5_DEPRESSIO,,rs10423928,0.324364172502764,0.614326084285539,0.59749933594523
Leg fat percentage (right) || id:ukb-b-20531,Depression || id:finn-b-F5_DEPRESSIO,ukb-b-20531,finn-b-F5_DEPRESSIO,,rs10493979,0.72274507080776,1.57303338940512,0.645904258226149
Leg fat percentage (right) || id:ukb-b-20531,Depression || id:finn-b-F5_DEPRESSIO,ukb-b-20531,finn-b-F5_DEPRESSIO,,rs10498240,-2.1733028589759,0.954328561690525,0.022767665041899
Leg fat percentage (right) || id:ukb-b-20531,Depression || id:finn-b-F5_DEPRESSIO,ukb-b-20531,finn-b-F5_DEPRESSIO,,rs10499014,0.366233290606116,1.1950770535568,0.759260815924473
Leg fat percentage (right) || id:ukb-b-20531,Depression || id:finn-b-F5_DEPRESSIO,ukb-b-20531,finn-b-F5_DEPRESSIO,,rs10510025,-0.523087566546019,1.05461202932665,0.619894410945339
Leg fat percentage (right) || id:ukb-b-20531,Depression || id:finn-b-F5_DEPRESSIO,ukb-b-20531,finn-b-F5_DEPRESSIO,,rs10514963,-1.68975834432014,1.12313279173374,0.132451514391136
Leg fat percentage (right) || id:ukb-b-20531,Depression || id:finn-b-F5_DEPRESSIO,ukb-b-20531,finn-b-F5_DEPRESSIO,,rs10756793,-1.14763634076939,1.02972849753966,0.265063107953121
Leg fat percentage (right) || id:ukb-b-20531,Depression || id:finn-b-F5_DEPRESSIO,ukb-b-20531,finn-b-F5_DEPRESSIO,,rs10761737,0.371728274891683,1.54198395510624,0.809499756514064
Leg fat percentage (right) || id:ukb-b-20531,Depression || id:finn-b-F5_DEPRESSIO,ukb-b-20531,finn-b-F5_DEPRESSIO,,rs10777256,-2.67209533595401,1.7217109123415,0.120662223608153
Leg fat percentage (right) || id:ukb-b-20531,Depression || id:finn-b-F5_DEPRESSIO,ukb-b-20531,finn-b-F5_DEPRESSIO,,rs10791256,2.97819928193969,1.69113828572455,0.0782279187800716
Leg fat percentage (right) || id:ukb-b-20531,Depression || id:finn-b-F5_DEPRESSIO,ukb-b-20531,finn-b-F5_DEPRESSIO,,rs10795776,-2.89489022731688,1.61258985816981,0.0726249107795155
Leg fat percentage (right) || id:ukb-b-20531,Depression || id:finn-b-F5_DEPRESSIO,ukb-b-20531,finn-b-F5_DEPRESSIO,,rs10823242,-1.47536644836499,1.23885732305457,0.233689275300012
Leg fat percentage (right) || id:ukb-b-20531,Depression || id:finn-b-F5_DEPRESSIO,ukb-b-20531,finn-b-F5_DEPRESSIO,,rs10854853,4.32402361776643,1.39076783027575,0.00187663966378493
Leg fat percentage (right) || id:ukb-b-20531,Depression || id:finn-b-F5_DEPRESSIO,ukb-b-20531,finn-b-F5_DEPRESSIO,,rs10883026,-3.32377995382533,1.10460950561261,0.00262101343724625
Leg fat percentage (right) || id:ukb-b-20531,Depression || id:finn-b-F5_DEPRESSIO,ukb-b-20531,finn-b-F5_DEPRESSIO,,rs10885421,-1.88708273836139,1.32215988038059,0.153501298546933
Leg fat percentage (right) || id:ukb-b-20531,Depression || id:finn-b-F5_DEPRESSIO,ukb-b-20531,finn-b-F5_DEPRESSIO,,rs10894416,2.05779600694038,1.28612250433774,0.109598583399116
Leg fat percentage (right) || id:ukb-b-20531,Depression || id:finn-b-F5_DEPRESSIO,ukb-b-20531,finn-b-F5_DEPRESSIO,,rs10896012,2.59273198678543,1.53054823736043,0.0902673598203726
Leg fat percentage (right) || id:ukb-b-20531,Depression || id:finn-b-F5_DEPRESSIO,ukb-b-20531,finn-b-F5_DEPRESSIO,,rs10938397,-0.162231263911331,0.707328310653403,0.818590834079056
Leg fat percentage (right) || id:ukb-b-20531,Depression || id:finn-b-F5_DEPRESSIO,ukb-b-20531,finn-b-F5_DEPRESSIO,,rs10951992,-2.18606997133684,1.3433949544528,0.103679187530274
Leg fat percentage (right) || id:ukb-b-20531,Depression || id:finn-b-F5_DEPRESSIO,ukb-b-20531,finn-b-F5_DEPRESSIO,,rs10973850,-1.66923665260586,1.49136717322982,0.26302665269098
Leg fat percentage (right) || id:ukb-b-20531,Depression || id:finn-b-F5_DEPRESSIO,ukb-b-20531,finn-b-F5_DEPRESSIO,,rs10975277,-0.906305501274393,1.78081080952161,0.610802292224443
Leg fat percentage (right) || id:ukb-b-20531,Depression || id:finn-b-F5_DEPRESSIO,ukb-b-20531,finn-b-F5_DEPRESSIO,,rs10982884,0.984719864176571,2.1528013582343,0.64737404301346
Leg fat percentage (right) || id:ukb-b-20531,Depression || id:finn-b-F5_DEPRESSIO,ukb-b-20531,finn-b-F5_DEPRESSIO,,rs10989067,-2.15607636516158,1.31956586283113,0.102273849647735
Leg fat percentage (right) || id:ukb-b-20531,Depression || id:finn-b-F5_DEPRESSIO,ukb-b-20531,finn-b-F5_DEPRESSIO,,rs10992854,-0.509419454056132,1.0957324106113,0.641994275650089
Leg fat percentage (right) || id:ukb-b-20531,Depression || id:finn-b-F5_DEPRESSIO,ukb-b-20531,finn-b-F5_DEPRESSIO,,rs10997982,-1.56888089618223,1.27617923644674,0.218937685698941
Leg fat percentage (right) || id:ukb-b-20531,Depression || id:finn-b-F5_DEPRESSIO,ukb-b-20531,finn-b-F5_DEPRESSIO,,rs10999460,0.699422976044763,1.01582860806501,0.491122490572394
Leg fat percentage (right) || id:ukb-b-20531,Depression || id:finn-b-F5_DEPRESSIO,ukb-b-20531,finn-b-F5_DEPRESSIO,,rs11012732,0.175834877524245,0.791256948859102,0.824140895741885
Leg fat percentage (right) || id:ukb-b-20531,Depression || id:finn-b-F5_DEPRESSIO,ukb-b-20531,finn-b-F5_DEPRESSIO,,rs11017772,-0.801001371266527,1.9606600729509,0.682879776582612
Leg fat percentage (right) || id:ukb-b-20531,Depression || id:finn-b-F5_DEPRESSIO,ukb-b-20531,finn-b-F5_DEPRESSIO,,rs11021352,-2.76363062102728,2.07272296577046,0.182422439451736
Leg fat percentage (right) || id:ukb-b-20531,Depression || id:finn-b-F5_DEPRESSIO,ukb-b-20531,finn-b-F5_DEPRESSIO,,rs11022019,0.274142699338026,1.80611660740347,0.879355949923934
Leg fat percentage (right) || id:ukb-b-20531,Depression || id:finn-b-F5_DEPRESSIO,ukb-b-20531,finn-b-F5_DEPRESSIO,,rs11071411,0.19061779226473,1.0960523055222,0.861933801629757
Leg fat percentage (right) || id:ukb-b-20531,Depression || id:finn-b-F5_DEPRESSIO,ukb-b-20531,finn-b-F5_DEPRESSIO,,rs11122450,1.21849438640946,1.44122991940904,0.397857101105797
Leg fat percentage (right) || id:ukb-b-20531,Depression || id:finn-b-F5_DEPRESSIO,ukb-b-20531,finn-b-F5_DEPRESSIO,,rs11150745,-1.18965384910584,1.17046588379768,0.30944206699512
Leg fat percentage (right) || id:ukb-b-20531,Depression || id:finn-b-F5_DEPRESSIO,ukb-b-20531,finn-b-F5_DEPRESSIO,,rs11160752,2.20402137752815,1.73067450450197,0.202839157072392
Leg fat percentage (right) || id:ukb-b-20531,Depression || id:finn-b-F5_DEPRESSIO,ukb-b-20531,finn-b-F5_DEPRESSIO,,rs11223641,-1.57993030872928,2.44071992520937,0.517423935693017
Leg fat percentage (right) || id:ukb-b-20531,Depression || id:finn-b-F5_DEPRESSIO,ukb-b-20531,finn-b-F5_DEPRESSIO,,rs11264489,2.94844624790446,1.37820092813925,0.0324077974536043
Leg fat percentage (right) || id:ukb-b-20531,Depression || id:finn-b-F5_DEPRESSIO,ukb-b-20531,finn-b-F5_DEPRESSIO,,rs112852122,-2.71061772117415,1.00796839882858,0.00716258127747349
Leg fat percentage (right) || id:ukb-b-20531,Depression || id:finn-b-F5_DEPRESSIO,ukb-b-20531,finn-b-F5_DEPRESSIO,,rs113230003,1.56473581863741,1.44603172205112,0.279212737759125
Leg fat percentage (right) || id:ukb-b-20531,Depression || id:finn-b-F5_DEPRESSIO,ukb-b-20531,finn-b-F5_DEPRESSIO,,rs11343,4.75660823654857,1.59511635727158,0.00286388853361295
Leg fat percentage (right) || id:ukb-b-20531,Depression || id:finn-b-F5_DEPRESSIO,ukb-b-20531,finn-b-F5_DEPRESSIO,,rs113624107,-5.13355317702306,1.66560805259344,0.00205552988138453
Leg fat percentage (right) || id:ukb-b-20531,Depression || id:finn-b-F5_DEPRESSIO,ukb-b-20531,finn-b-F5_DEPRESSIO,,rs113728099,-1.95386750833267,1.19059196586184,0.10077891919741
Leg fat percentage (right) || id:ukb-b-20531,Depression || id:finn-b-F5_DEPRESSIO,ukb-b-20531,finn-b-F5_DEPRESSIO,,rs113866544,-0.886859934285133,0.852936330241439,0.298445502688412
Leg fat percentage (right) || id:ukb-b-20531,Depression || id:finn-b-F5_DEPRESSIO,ukb-b-20531,finn-b-F5_DEPRESSIO,,rs113963976,-2.16743884170152,1.56869883018177,0.167070165574157
Leg fat percentage (right) || id:ukb-b-20531,Depression || id:finn-b-F5_DEPRESSIO,ukb-b-20531,finn-b-F5_DEPRESSIO,,rs11563357,-2.22379769561514,1.46893058792927,0.130054022673446
Leg fat percentage (right) || id:ukb-b-20531,Depression || id:finn-b-F5_DEPRESSIO,ukb-b-20531,finn-b-F5_DEPRESSIO,,rs11570784,0.787216591723098,1.54146076075622,0.609564511325862
Leg fat percentage (right) || id:ukb-b-20531,Depression || id:finn-b-F5_DEPRESSIO,ukb-b-20531,finn-b-F5_DEPRESSIO,,rs11613130,1.64437696015701,1.99579622986799,0.409984864544175
Leg fat percentage (right) || id:ukb-b-20531,Depression || id:finn-b-F5_DEPRESSIO,ukb-b-20531,finn-b-F5_DEPRESSIO,,rs11619393,1.99073279560666,1.75047194096448,0.255431741642875
Leg fat percentage (right) || id:ukb-b-20531,Depression || id:finn-b-F5_DEPRESSIO,ukb-b-20531,finn-b-F5_DEPRESSIO,,rs11619722,0.633981403212172,1.4205879590495,0.655394285050167
Leg fat percentage (right) || id:ukb-b-20531,Depression || id:finn-b-F5_DEPRESSIO,ukb-b-20531,finn-b-F5_DEPRESSIO,,rs11620422,1.93194143167028,2.24263376717281,0.388984215583884
Leg fat percentage (right) || id:ukb-b-20531,Depression || id:finn-b-F5_DEPRESSIO,ukb-b-20531,finn-b-F5_DEPRESSIO,,rs11638950,1.86057637998286,1.81073951266189,0.304174291153514
Leg fat percentage (right) || id:ukb-b-20531,Depression || id:finn-b-F5_DEPRESSIO,ukb-b-20531,finn-b-F5_DEPRESSIO,,rs11656758,-2.38185308169756,1.28253627476023,0.0632908322333453
Leg fat percentage (right) || id:ukb-b-20531,Depression || id:finn-b-F5_DEPRESSIO,ukb-b-20531,finn-b-F5_DEPRESSIO,,rs11660167,1.4789780576298,1.73071900360934,0.392802835278636
Leg fat percentage (right) || id:ukb-b-20531,Depression || id:finn-b-F5_DEPRESSIO,ukb-b-20531,finn-b-F5_DEPRESSIO,,rs11664106,0.605609789813907,1.54035533496146,0.694199543672408
Leg fat percentage (right) || id:ukb-b-20531,Depression || id:finn-b-F5_DEPRESSIO,ukb-b-20531,finn-b-F5_DEPRESSIO,,rs1167309,0.451252011477127,0.953589156329022,0.63606030676127
Leg fat percentage (right) || id:ukb-b-20531,Depression || id:finn-b-F5_DEPRESSIO,ukb-b-20531,finn-b-F5_DEPRESSIO,,rs11691869,1.6678142452758,0.872159742942392,0.0558401997373788
Leg fat percentage (right) || id:ukb-b-20531,Depression || id:finn-b-F5_DEPRESSIO,ukb-b-20531,finn-b-F5_DEPRESSIO,,rs11704728,-3.40513066315169,1.32810081583336,0.0103500445860027
Leg fat percentage (right) || id:ukb-b-20531,Depression || id:finn-b-F5_DEPRESSIO,ukb-b-20531,finn-b-F5_DEPRESSIO,,rs117068593,0.510104571437145,1.17023989917933,0.662911145572604
Leg fat percentage (right) || id:ukb-b-20531,Depression || id:finn-b-F5_DEPRESSIO,ukb-b-20531,finn-b-F5_DEPRESSIO,,rs11709291,-2.55144823355212,1.61973960894039,0.115205386401057
Leg fat percentage (right) || id:ukb-b-20531,Depression || id:finn-b-F5_DEPRESSIO,ukb-b-20531,finn-b-F5_DEPRESSIO,,rs117113729,3.22283402629509,1.65411844027419,0.0513707587701186
Leg fat percentage (right) || id:ukb-b-20531,Depression || id:finn-b-F5_DEPRESSIO,ukb-b-20531,finn-b-F5_DEPRESSIO,,rs117342986,2.17862247175367,2.05576782109087,0.289253363527781
Leg fat percentage (right) || id:ukb-b-20531,Depression || id:finn-b-F5_DEPRESSIO,ukb-b-20531,finn-b-F5_DEPRESSIO,,rs11757278,1.34308080115477,1.58342157609825,0.39631864272995
Leg fat percentage (right) || id:ukb-b-20531,Depression || id:finn-b-F5_DEPRESSIO,ukb-b-20531,finn-b-F5_DEPRESSIO,,rs11777625,0.575241601472619,1.36307249044599,0.673011624647545
Leg fat percentage (right) || id:ukb-b-20531,Depression || id:finn-b-F5_DEPRESSIO,ukb-b-20531,finn-b-F5_DEPRESSIO,,rs11782074,-1.56847786124868,1.41790398656881,0.268642260584687
Leg fat percentage (right) || id:ukb-b-20531,Depression || id:finn-b-F5_DEPRESSIO,ukb-b-20531,finn-b-F5_DEPRESSIO,,rs11789898,-2.50055729474592,1.26966281244851,0.0488996434924622
Leg fat percentage (right) || id:ukb-b-20531,Depression || id:finn-b-F5_DEPRESSIO,ukb-b-20531,finn-b-F5_DEPRESSIO,,rs118019496,1.23348617219467,1.53973101494645,0.423070877849435
Leg fat percentage (right) || id:ukb-b-20531,Depression || id:finn-b-F5_DEPRESSIO,ukb-b-20531,finn-b-F5_DEPRESSIO,,rs11841757,0.299500562575381,1.0522992739135,0.775938823322683
Leg fat percentage (right) || id:ukb-b-20531,Depression || id:finn-b-F5_DEPRESSIO,ukb-b-20531,finn-b-F5_DEPRESSIO,,rs11852419,0.634837240866006,1.36818370876294,0.642647745631385
Leg fat percentage (right) || id:ukb-b-20531,Depression || id:finn-b-F5_DEPRESSIO,ukb-b-20531,finn-b-F5_DEPRESSIO,,rs11866219,-0.0895399437689153,0.99389337583496,0.928215624159341
Leg fat percentage (right) || id:ukb-b-20531,Depression || id:finn-b-F5_DEPRESSIO,ukb-b-20531,finn-b-F5_DEPRESSIO,,rs1188162,-2.08965541713596,1.44567355902488,0.148330251784507
Leg fat percentage (right) || id:ukb-b-20531,Depression || id:finn-b-F5_DEPRESSIO,ukb-b-20531,finn-b-F5_DEPRESSIO,,rs11917831,3.90008914489474,1.6143226130883,0.0156951126696111
Leg fat percentage (right) || id:ukb-b-20531,Depression || id:finn-b-F5_DEPRESSIO,ukb-b-20531,finn-b-F5_DEPRESSIO,,rs11926346,1.02790144525154,1.359482556623,0.449590704210959
Leg fat percentage (right) || id:ukb-b-20531,Depression || id:finn-b-F5_DEPRESSIO,ukb-b-20531,finn-b-F5_DEPRESSIO,,rs11943564,-0.0972362224375824,1.83128218924114,0.957654346747982
Leg fat percentage (right) || id:ukb-b-20531,Depression || id:finn-b-F5_DEPRESSIO,ukb-b-20531,finn-b-F5_DEPRESSIO,,rs1202551,3.11634881306239,1.74683229431748,0.0744236651594009
Leg fat percentage (right) || id:ukb-b-20531,Depression || id:finn-b-F5_DEPRESSIO,ukb-b-20531,finn-b-F5_DEPRESSIO,,rs12042959,1.42083222547195,1.23803509704866,0.251112664141615
Leg fat percentage (right) || id:ukb-b-20531,Depression || id:finn-b-F5_DEPRESSIO,ukb-b-20531,finn-b-F5_DEPRESSIO,,rs12050481,0.360228003136103,0.805215536421876,0.654609072682014
Leg fat percentage (right) || id:ukb-b-20531,Depression || id:finn-b-F5_DEPRESSIO,ukb-b-20531,finn-b-F5_DEPRESSIO,,rs12071132,-3.83222243284645,1.82389196001783,0.0356301181216516
Leg fat percentage (right) || id:ukb-b-20531,Depression || id:finn-b-F5_DEPRESSIO,ukb-b-20531,finn-b-F5_DEPRESSIO,,rs12072739,1.08507777991166,1.12348761282888,0.334138279832111
Leg fat percentage (right) || id:ukb-b-20531,Depression || id:finn-b-F5_DEPRESSIO,ukb-b-20531,finn-b-F5_DEPRESSIO,,rs12122664,1.83374405682232,1.45116436151407,0.206360575453439
Leg fat percentage (right) || id:ukb-b-20531,Depression || id:finn-b-F5_DEPRESSIO,ukb-b-20531,finn-b-F5_DEPRESSIO,,rs12124126,1.79476092968616,0.987118511327389,0.0690363479944153
Leg fat percentage (right) || id:ukb-b-20531,Depression || id:finn-b-F5_DEPRESSIO,ukb-b-20531,finn-b-F5_DEPRESSIO,,rs12135541,-0.022686540075773,1.95104244651648,0.9907224816154
Leg fat percentage (right) || id:ukb-b-20531,Depression || id:finn-b-F5_DEPRESSIO,ukb-b-20531,finn-b-F5_DEPRESSIO,,rs12186509,-1.53318227781731,1.47466387026703,0.298487415171489
Leg fat percentage (right) || id:ukb-b-20531,Depression || id:finn-b-F5_DEPRESSIO,ukb-b-20531,finn-b-F5_DEPRESSIO,,rs1225004,2.08580604621937,1.07344829993716,0.0520053538081843
Leg fat percentage (right) || id:ukb-b-20531,Depression || id:finn-b-F5_DEPRESSIO,ukb-b-20531,finn-b-F5_DEPRESSIO,,rs1229984,2.58101165777514,3.13261542514655,0.409987345279651
Leg fat percentage (right) || id:ukb-b-20531,Depression || id:finn-b-F5_DEPRESSIO,ukb-b-20531,finn-b-F5_DEPRESSIO,,rs12309338,1.88472122667282,1.97494724284332,0.339924358750755
Leg fat percentage (right) || id:ukb-b-20531,Depression || id:finn-b-F5_DEPRESSIO,ukb-b-20531,finn-b-F5_DEPRESSIO,,rs12316080,0.935453695042096,1.09136264421578,0.391365938307552
Leg fat percentage (right) || id:ukb-b-20531,Depression || id:finn-b-F5_DEPRESSIO,ukb-b-20531,finn-b-F5_DEPRESSIO,,rs12343333,0.857434384833701,1.64341590426459,0.601851975770549
Leg fat percentage (right) || id:ukb-b-20531,Depression || id:finn-b-F5_DEPRESSIO,ukb-b-20531,finn-b-F5_DEPRESSIO,,rs12362262,0.201278521166449,1.5699724650983,0.897986641842342
Leg fat percentage (right) || id:ukb-b-20531,Depression || id:finn-b-F5_DEPRESSIO,ukb-b-20531,finn-b-F5_DEPRESSIO,,rs12375196,-1.57532961667781,1.31077044441131,0.229427515415134
Leg fat percentage (right) || id:ukb-b-20531,Depression || id:finn-b-F5_DEPRESSIO,ukb-b-20531,finn-b-F5_DEPRESSIO,,rs12413353,2.51782145498607,1.77296594121936,0.155573230899353
Leg fat percentage (right) || id:ukb-b-20531,Depression || id:finn-b-F5_DEPRESSIO,ukb-b-20531,finn-b-F5_DEPRESSIO,,rs12435249,-0.426297436247218,1.56309059957313,0.785062868547559
Leg fat percentage (right) || id:ukb-b-20531,Depression || id:finn-b-F5_DEPRESSIO,ukb-b-20531,finn-b-F5_DEPRESSIO,,rs12441543,0.075088604553373,1.50177209106746,0.960122388323255
Leg fat percentage (right) || id:ukb-b-20531,Depression || id:finn-b-F5_DEPRESSIO,ukb-b-20531,finn-b-F5_DEPRESSIO,,rs12461110,1.89101555686333,1.92361927336097,0.325582413807624
Leg fat percentage (right) || id:ukb-b-20531,Depression || id:finn-b-F5_DEPRESSIO,ukb-b-20531,finn-b-F5_DEPRESSIO,,rs12462975,0.831733401720302,1.35156677779549,0.538300749018723
Leg fat percentage (right) || id:ukb-b-20531,Depression || id:finn-b-F5_DEPRESSIO,ukb-b-20531,finn-b-F5_DEPRESSIO,,rs12480556,1.2497198903694,1.72375157292331,0.46845203042539
Leg fat percentage (right) || id:ukb-b-20531,Depression || id:finn-b-F5_DEPRESSIO,ukb-b-20531,finn-b-F5_DEPRESSIO,,rs12531825,-0.951119897055258,1.3147833871058,0.469431557645556
Leg fat percentage (right) || id:ukb-b-20531,Depression || id:finn-b-F5_DEPRESSIO,ukb-b-20531,finn-b-F5_DEPRESSIO,,rs12538435,-0.557010603663084,1.33000491078736,0.675359806070275
Leg fat percentage (right) || id:ukb-b-20531,Depression || id:finn-b-F5_DEPRESSIO,ukb-b-20531,finn-b-F5_DEPRESSIO,,rs12540060,1.20020629288361,1.65176905654279,0.467459566429573
Leg fat percentage (right) || id:ukb-b-20531,Depression || id:finn-b-F5_DEPRESSIO,ukb-b-20531,finn-b-F5_DEPRESSIO,,rs1256570,2.95514255526724,2.02407024333372,0.144290073931788
Leg fat percentage (right) || id:ukb-b-20531,Depression || id:finn-b-F5_DEPRESSIO,ukb-b-20531,finn-b-F5_DEPRESSIO,,rs12588874,0.962710647038908,1.18986709184584,0.418462856992962
Leg fat percentage (right) || id:ukb-b-20531,Depression || id:finn-b-F5_DEPRESSIO,ukb-b-20531,finn-b-F5_DEPRESSIO,,rs12607778,-1.96318228630278,1.85054067971164,0.288749182280546
Leg fat percentage (right) || id:ukb-b-20531,Depression || id:finn-b-F5_DEPRESSIO,ukb-b-20531,finn-b-F5_DEPRESSIO,,rs12628603,1.13315446280295,1.38496656564804,0.413253375493641
Leg fat percentage (right) || id:ukb-b-20531,Depression || id:finn-b-F5_DEPRESSIO,ukb-b-20531,finn-b-F5_DEPRESSIO,,rs12635614,2.86325361051942,1.19302233771642,0.0163950718491922
Leg fat percentage (right) || id:ukb-b-20531,Depression || id:finn-b-F5_DEPRESSIO,ukb-b-20531,finn-b-F5_DEPRESSIO,,rs12665922,0.821939963914184,1.51130896590673,0.586538057936862
Leg fat percentage (right) || id:ukb-b-20531,Depression || id:finn-b-F5_DEPRESSIO,ukb-b-20531,finn-b-F5_DEPRESSIO,,rs12724928,-1.20182229799603,1.09002487492663,0.270216506507971
Leg fat percentage (right) || id:ukb-b-20531,Depression || id:finn-b-F5_DEPRESSIO,ukb-b-20531,finn-b-F5_DEPRESSIO,,rs1274232,-0.0987436766068634,2.24831755966397,0.964969034734029
Leg fat percentage (right) || id:ukb-b-20531,Depression || id:finn-b-F5_DEPRESSIO,ukb-b-20531,finn-b-F5_DEPRESSIO,,rs12803615,-0.76134939310584,1.57909503755285,0.62970446671531
Leg fat percentage (right) || id:ukb-b-20531,Depression || id:finn-b-F5_DEPRESSIO,ukb-b-20531,finn-b-F5_DEPRESSIO,,rs12806052,-0.766297023772824,1.39166585926559,0.581885343007756
Leg fat percentage (right) || id:ukb-b-20531,Depression || id:finn-b-F5_DEPRESSIO,ukb-b-20531,finn-b-F5_DEPRESSIO,,rs12877270,0.0908481125547549,1.65040737807805,0.956101918947228
Leg fat percentage (right) || id:ukb-b-20531,Depression || id:finn-b-F5_DEPRESSIO,ukb-b-20531,finn-b-F5_DEPRESSIO,,rs12890931,0.10177443731458,1.11951881046038,0.927564826606211
Leg fat percentage (right) || id:ukb-b-20531,Depression || id:finn-b-F5_DEPRESSIO,ukb-b-20531,finn-b-F5_DEPRESSIO,,rs12895351,1.50944535430456,1.37107953015998,0.270932594813768
Leg fat percentage (right) || id:ukb-b-20531,Depression || id:finn-b-F5_DEPRESSIO,ukb-b-20531,finn-b-F5_DEPRESSIO,,rs12907408,1.08522835627942,1.4223866805604,0.445485484350972
Leg fat percentage (right) || id:ukb-b-20531,Depression || id:finn-b-F5_DEPRESSIO,ukb-b-20531,finn-b-F5_DEPRESSIO,,rs12932141,-1.37540485174061,1.5737805515109,0.382145712452715
Leg fat percentage (right) || id:ukb-b-20531,Depression || id:finn-b-F5_DEPRESSIO,ukb-b-20531,finn-b-F5_DEPRESSIO,,rs12937411,-1.39559668101735,1.19471534056788,0.242749655409214
Leg fat percentage (right) || id:ukb-b-20531,Depression || id:finn-b-F5_DEPRESSIO,ukb-b-20531,finn-b-F5_DEPRESSIO,,rs12996154,3.47393877850968,1.82604474254996,0.0571137833008737
Leg fat percentage (right) || id:ukb-b-20531,Depression || id:finn-b-F5_DEPRESSIO,ukb-b-20531,finn-b-F5_DEPRESSIO,,rs13026103,-0.637630804545706,1.43166161775357,0.656046498896582
Leg fat percentage (right) || id:ukb-b-20531,Depression || id:finn-b-F5_DEPRESSIO,ukb-b-20531,finn-b-F5_DEPRESSIO,,rs13033310,1.53617134894132,1.54836318504403,0.321136072513425
Leg fat percentage (right) || id:ukb-b-20531,Depression || id:finn-b-F5_DEPRESSIO,ukb-b-20531,finn-b-F5_DEPRESSIO,,rs13107325,0.613509911358396,1.96746281918382,0.755171276064599
Leg fat percentage (right) || id:ukb-b-20531,Depression || id:finn-b-F5_DEPRESSIO,ukb-b-20531,finn-b-F5_DEPRESSIO,,rs13135442,0.0890844788112567,1.69260509741388,0.958025455470674
Leg fat percentage (right) || id:ukb-b-20531,Depression || id:finn-b-F5_DEPRESSIO,ukb-b-20531,finn-b-F5_DEPRESSIO,,rs13177679,0.91031323386316,1.3531683206074,0.501120813583309
Leg fat percentage (right) || id:ukb-b-20531,Depression || id:finn-b-F5_DEPRESSIO,ukb-b-20531,finn-b-F5_DEPRESSIO,,rs1322842,1.17337010585252,1.16298629960604,0.313008891570108
Leg fat percentage (right) || id:ukb-b-20531,Depression || id:finn-b-F5_DEPRESSIO,ukb-b-20531,finn-b-F5_DEPRESSIO,,rs13249935,0.562689049796609,1.57827416406366,0.721449874774551
Leg fat percentage (right) || id:ukb-b-20531,Depression || id:finn-b-F5_DEPRESSIO,ukb-b-20531,finn-b-F5_DEPRESSIO,,rs13320698,-0.936930089179909,1.72870199552913,0.587829023334691
Leg fat percentage (right) || id:ukb-b-20531,Depression || id:finn-b-F5_DEPRESSIO,ukb-b-20531,finn-b-F5_DEPRESSIO,,rs13330107,3.32263523198904,1.76423109663135,0.0596552087936773
Leg fat percentage (right) || id:ukb-b-20531,Depression || id:finn-b-F5_DEPRESSIO,ukb-b-20531,finn-b-F5_DEPRESSIO,,rs13360957,0.335522430792907,1.73353255909668,0.846529514964004
Leg fat percentage (right) || id:ukb-b-20531,Depression || id:finn-b-F5_DEPRESSIO,ukb-b-20531,finn-b-F5_DEPRESSIO,,rs13389219,0.913481540437386,1.03105837237487,0.37563643505875
Leg fat percentage (right) || id:ukb-b-20531,Depression || id:finn-b-F5_DEPRESSIO,ukb-b-20531,finn-b-F5_DEPRESSIO,,rs13427822,1.47260946397016,1.16827017474966,0.207487533126618
Leg fat percentage (right) || id:ukb-b-20531,Depression || id:finn-b-F5_DEPRESSIO,ukb-b-20531,finn-b-F5_DEPRESSIO,,rs1350519,2.40729860295078,1.67286852069461,0.150143612446819
Leg fat percentage (right) || id:ukb-b-20531,Depression || id:finn-b-F5_DEPRESSIO,ukb-b-20531,finn-b-F5_DEPRESSIO,,rs1360201,3.48099712932748,1.67149201364183,0.0372905449333584
Leg fat percentage (right) || id:ukb-b-20531,Depression || id:finn-b-F5_DEPRESSIO,ukb-b-20531,finn-b-F5_DEPRESSIO,,rs1360827,0.0778578502513251,1.69730113547889,0.963412622431812
Leg fat percentage (right) || id:ukb-b-20531,Depression || id:finn-b-F5_DEPRESSIO,ukb-b-20531,finn-b-F5_DEPRESSIO,,rs1377184,-1.69639172894411,1.51299802851772,0.26219758140346
Leg fat percentage (right) || id:ukb-b-20531,Depression || id:finn-b-F5_DEPRESSIO,ukb-b-20531,finn-b-F5_DEPRESSIO,,rs137984657,3.25662729991383,5.19222971260581,0.530520465385482
Leg fat percentage (right) || id:ukb-b-20531,Depression || id:finn-b-F5_DEPRESSIO,ukb-b-20531,finn-b-F5_DEPRESSIO,,rs1412239,-0.587120915595497,0.876767233955943,0.503085486811593
Leg fat percentage (right) || id:ukb-b-20531,Depression || id:finn-b-F5_DEPRESSIO,ukb-b-20531,finn-b-F5_DEPRESSIO,,rs141412365,-0.0655744871528651,2.67398186501128,0.98043530965138
Leg fat percentage (right) || id:ukb-b-20531,Depression || id:finn-b-F5_DEPRESSIO,ukb-b-20531,finn-b-F5_DEPRESSIO,,rs1414595,1.876050288792,1.60994386484987,0.243901926538262
Leg fat percentage (right) || id:ukb-b-20531,Depression || id:finn-b-F5_DEPRESSIO,ukb-b-20531,finn-b-F5_DEPRESSIO,,rs1415476,0.184535892231039,1.83826138799381,0.920037804307304
Leg fat percentage (right) || id:ukb-b-20531,Depression || id:finn-b-F5_DEPRESSIO,ukb-b-20531,finn-b-F5_DEPRESSIO,,rs1421085,0.452919063363377,0.332140646466476,0.172682041418748
Leg fat percentage (right) || id:ukb-b-20531,Depression || id:finn-b-F5_DEPRESSIO,ukb-b-20531,finn-b-F5_DEPRESSIO,,rs1423534,2.08477530291785,1.83460226656771,0.255804407976616
Leg fat percentage (right) || id:ukb-b-20531,Depression || id:finn-b-F5_DEPRESSIO,ukb-b-20531,finn-b-F5_DEPRESSIO,,rs1427027,-0.300694173978785,1.74688996311485,0.863334426015487
Leg fat percentage (right) || id:ukb-b-20531,Depression || id:finn-b-F5_DEPRESSIO,ukb-b-20531,finn-b-F5_DEPRESSIO,,rs1444506,0.390318890533566,1.68137368229844,0.816427058747706
Leg fat percentage (right) || id:ukb-b-20531,Depression || id:finn-b-F5_DEPRESSIO,ukb-b-20531,finn-b-F5_DEPRESSIO,,rs1446585,1.60248580725223,1.11392306113874,0.150264881073092
Leg fat percentage (right) || id:ukb-b-20531,Depression || id:finn-b-F5_DEPRESSIO,ukb-b-20531,finn-b-F5_DEPRESSIO,,rs1450163,-0.893184681882706,1.83421854315199,0.626289142687671
Leg fat percentage (right) || id:ukb-b-20531,Depression || id:finn-b-F5_DEPRESSIO,ukb-b-20531,finn-b-F5_DEPRESSIO,,rs1452074,-0.704762536481826,1.52007605907845,0.642908296823688
Leg fat percentage (right) || id:ukb-b-20531,Depression || id:finn-b-F5_DEPRESSIO,ukb-b-20531,finn-b-F5_DEPRESSIO,,rs145585494,1.23647604327666,2.97454142486367,0.677639586131934
Leg fat percentage (right) || id:ukb-b-20531,Depression || id:finn-b-F5_DEPRESSIO,ukb-b-20531,finn-b-F5_DEPRESSIO,,rs1456014,0.927699757138763,1.17659481393209,0.430426787356804
Leg fat percentage (right) || id:ukb-b-20531,Depression || id:finn-b-F5_DEPRESSIO,ukb-b-20531,finn-b-F5_DEPRESSIO,,rs145828988,-0.147707869284444,1.46526206330168,0.919704105286698
Leg fat percentage (right) || id:ukb-b-20531,Depression || id:finn-b-F5_DEPRESSIO,ukb-b-20531,finn-b-F5_DEPRESSIO,,rs1477290,0.208913285318097,0.872212966203053,0.810701647151288
Leg fat percentage (right) || id:ukb-b-20531,Depression || id:finn-b-F5_DEPRESSIO,ukb-b-20531,finn-b-F5_DEPRESSIO,,rs147730268,-0.471074144215305,0.937389963741566,0.615289079218992
Leg fat percentage (right) || id:ukb-b-20531,Depression || id:finn-b-F5_DEPRESSIO,ukb-b-20531,finn-b-F5_DEPRESSIO,,rs148143761,-0.0861045399751656,1.10576356599686,0.937932376292346
Leg fat percentage (right) || id:ukb-b-20531,Depression || id:finn-b-F5_DEPRESSIO,ukb-b-20531,finn-b-F5_DEPRESSIO,,rs148636479,-2.52862326333402,3.21012953319171,0.430871434626462
Leg fat percentage (right) || id:ukb-b-20531,Depression || id:finn-b-F5_DEPRESSIO,ukb-b-20531,finn-b-F5_DEPRESSIO,,rs148930049,-0.433426169499672,1.92252399936488,0.821631996369319
Leg fat percentage (right) || id:ukb-b-20531,Depression || id:finn-b-F5_DEPRESSIO,ukb-b-20531,finn-b-F5_DEPRESSIO,,rs1504369,2.24572966925775,1.62574295075101,0.167169548432802
Leg fat percentage (right) || id:ukb-b-20531,Depression || id:finn-b-F5_DEPRESSIO,ukb-b-20531,finn-b-F5_DEPRESSIO,,rs1515720,0.406368608837705,1.77176713453239,0.818590834079056
Leg fat percentage (right) || id:ukb-b-20531,Depression || id:finn-b-F5_DEPRESSIO,ukb-b-20531,finn-b-F5_DEPRESSIO,,rs1516797,1.7264814855414,1.5620546773946,0.269045576986182
Leg fat percentage (right) || id:ukb-b-20531,Depression || id:finn-b-F5_DEPRESSIO,ukb-b-20531,finn-b-F5_DEPRESSIO,,rs1531592,2.41997908209862,1.82327191117019,0.184418482119343
Leg fat percentage (right) || id:ukb-b-20531,Depression || id:finn-b-F5_DEPRESSIO,ukb-b-20531,finn-b-F5_DEPRESSIO,,rs1554654,0.901653445870738,1.16074926364969,0.437285206504729
Leg fat percentage (right) || id:ukb-b-20531,Depression || id:finn-b-F5_DEPRESSIO,ukb-b-20531,finn-b-F5_DEPRESSIO,,rs1568489,-0.340072995022867,1.21768072411414,0.780030506643739
Leg fat percentage (right) || id:ukb-b-20531,Depression || id:finn-b-F5_DEPRESSIO,ukb-b-20531,finn-b-F5_DEPRESSIO,,rs1596032,1.13949436836561,1.39271533911352,0.41325337549364
Leg fat percentage (right) || id:ukb-b-20531,Depression || id:finn-b-F5_DEPRESSIO,ukb-b-20531,finn-b-F5_DEPRESSIO,,rs1668135,0.303083572264216,1.68514466178904,0.857265528360775
Leg fat percentage (right) || id:ukb-b-20531,Depression || id:finn-b-F5_DEPRESSIO,ukb-b-20531,finn-b-F5_DEPRESSIO,,rs16871902,-0.0148293585709244,1.61640008423076,0.992680060842022
Leg fat percentage (right) || id:ukb-b-20531,Depression || id:finn-b-F5_DEPRESSIO,ukb-b-20531,finn-b-F5_DEPRESSIO,,rs16916303,0.628026358903411,1.4835985000182,0.67206699573109
Leg fat percentage (right) || id:ukb-b-20531,Depression || id:finn-b-F5_DEPRESSIO,ukb-b-20531,finn-b-F5_DEPRESSIO,,rs16941684,1.11328773135511,1.47724718199043,0.451075516414075
Leg fat percentage (right) || id:ukb-b-20531,Depression || id:finn-b-F5_DEPRESSIO,ukb-b-20531,finn-b-F5_DEPRESSIO,,rs16996657,-1.82114444550944,1.15891010168783,0.116083133738655
Leg fat percentage (right) || id:ukb-b-20531,Depression || id:finn-b-F5_DEPRESSIO,ukb-b-20531,finn-b-F5_DEPRESSIO,,rs17024393,1.0818219022934,0.751882084585148,0.150201934871965
Leg fat percentage (right) || id:ukb-b-20531,Depression || id:finn-b-F5_DEPRESSIO,ukb-b-20531,finn-b-F5_DEPRESSIO,,rs17037390,-0.715980200760848,1.82574951194016,0.69494231503817
Leg fat percentage (right) || id:ukb-b-20531,Depression || id:finn-b-F5_DEPRESSIO,ukb-b-20531,finn-b-F5_DEPRESSIO,,rs17095778,-0.0493274206198484,2.01009239025882,0.980421975796793
Leg fat percentage (right) || id:ukb-b-20531,Depression || id:finn-b-F5_DEPRESSIO,ukb-b-20531,finn-b-F5_DEPRESSIO,,rs17193211,-0.258421304252323,1.38255397774993,0.851726582032092
Leg fat percentage (right) || id:ukb-b-20531,Depression || id:finn-b-F5_DEPRESSIO,ukb-b-20531,finn-b-F5_DEPRESSIO,,rs1724557,2.99180849089844,1.13626176135167,0.00846274892368552
Leg fat percentage (right) || id:ukb-b-20531,Depression || id:finn-b-F5_DEPRESSIO,ukb-b-20531,finn-b-F5_DEPRESSIO,,rs1728380,-0.162412684725973,1.65365642630082,0.921762138948745
Leg fat percentage (right) || id:ukb-b-20531,Depression || id:finn-b-F5_DEPRESSIO,ukb-b-20531,finn-b-F5_DEPRESSIO,,rs17446091,-0.136838840336441,1.41400135014322,0.922905718287002
Leg fat percentage (right) || id:ukb-b-20531,Depression || id:finn-b-F5_DEPRESSIO,ukb-b-20531,finn-b-F5_DEPRESSIO,,rs17522122,1.80887582478571,1.13054739049107,0.109598583399116
Leg fat percentage (right) || id:ukb-b-20531,Depression || id:finn-b-F5_DEPRESSIO,ukb-b-20531,finn-b-F5_DEPRESSIO,,rs17704679,-1.52557240748039,1.74805171690461,0.382811748670737
Leg fat percentage (right) || id:ukb-b-20531,Depression || id:finn-b-F5_DEPRESSIO,ukb-b-20531,finn-b-F5_DEPRESSIO,,rs1776209,-0.664240957097415,1.65322193766468,0.687841736597401
Leg fat percentage (right) || id:ukb-b-20531,Depression || id:finn-b-F5_DEPRESSIO,ukb-b-20531,finn-b-F5_DEPRESSIO,,rs17781552,0.415310110576317,1.63157543440696,0.799074192526507
Leg fat percentage (right) || id:ukb-b-20531,Depression || id:finn-b-F5_DEPRESSIO,ukb-b-20531,finn-b-F5_DEPRESSIO,,rs17820064,-2.05594272881588,1.21247904519911,0.0899517708216063
Leg fat percentage (right) || id:ukb-b-20531,Depression || id:finn-b-F5_DEPRESSIO,ukb-b-20531,finn-b-F5_DEPRESSIO,,rs1782508,0.811659488553065,1.45845064349379,0.577854237452144
Leg fat percentage (right) || id:ukb-b-20531,Depression || id:finn-b-F5_DEPRESSIO,ukb-b-20531,finn-b-F5_DEPRESSIO,,rs1801282,0.37769989547375,0.636819591205741,0.553111922884147
Leg fat percentage (right) || id:ukb-b-20531,Depression || id:finn-b-F5_DEPRESSIO,ukb-b-20531,finn-b-F5_DEPRESSIO,,rs1808629,1.58301798609959,0.912119887228814,0.0826457001549463
Leg fat percentage (right) || id:ukb-b-20531,Depression || id:finn-b-F5_DEPRESSIO,ukb-b-20531,finn-b-F5_DEPRESSIO,,rs1822186,-0.750278291999124,1.66898640465111,0.653041233385682
Leg fat percentage (right) || id:ukb-b-20531,Depression || id:finn-b-F5_DEPRESSIO,ukb-b-20531,finn-b-F5_DEPRESSIO,,rs1854225,0.179805450502556,1.79805450502556,0.920344325445942
Leg fat percentage (right) || id:ukb-b-20531,Depression || id:finn-b-F5_DEPRESSIO,ukb-b-20531,finn-b-F5_DEPRESSIO,,rs1861410,0.211231769258096,1.06576029034767,0.842889997154009
Leg fat percentage (right) || id:ukb-b-20531,Depression || id:finn-b-F5_DEPRESSIO,ukb-b-20531,finn-b-F5_DEPRESSIO,,rs1863366,-1.1637455560491,1.80298607275213,0.518632665552959
Leg fat percentage (right) || id:ukb-b-20531,Depression || id:finn-b-F5_DEPRESSIO,ukb-b-20531,finn-b-F5_DEPRESSIO,,rs1865454,-0.476046462134704,1.56815305173785,0.761454421597889
Leg fat percentage (right) || id:ukb-b-20531,Depression || id:finn-b-F5_DEPRESSIO,ukb-b-20531,finn-b-F5_DEPRESSIO,,rs1886558,1.46909232384063,1.1144838318791,0.187442790475691
Leg fat percentage (right) || id:ukb-b-20531,Depression || id:finn-b-F5_DEPRESSIO,ukb-b-20531,finn-b-F5_DEPRESSIO,,rs1887340,-1.19788023114297,1.13079893819896,0.28945314355759
Leg fat percentage (right) || id:ukb-b-20531,Depression || id:finn-b-F5_DEPRESSIO,ukb-b-20531,finn-b-F5_DEPRESSIO,,rs1907721,-1.14803139008127,1.57029580942151,0.464722693558552
Leg fat percentage (right) || id:ukb-b-20531,Depression || id:finn-b-F5_DEPRESSIO,ukb-b-20531,finn-b-F5_DEPRESSIO,,rs1918898,1.29743652171684,1.77796856679716,0.465555404903429
Leg fat percentage (right) || id:ukb-b-20531,Depression || id:finn-b-F5_DEPRESSIO,ukb-b-20531,finn-b-F5_DEPRESSIO,,rs1928496,-0.562196709669783,1.16384582001815,0.629059633003719
Leg fat percentage (right) || id:ukb-b-20531,Depression || id:finn-b-F5_DEPRESSIO,ukb-b-20531,finn-b-F5_DEPRESSIO,,rs1928957,-1.55238458859711,1.63629726906181,0.342764082783861
Leg fat percentage (right) || id:ukb-b-20531,Depression || id:finn-b-F5_DEPRESSIO,ukb-b-20531,finn-b-F5_DEPRESSIO,,rs197374,0.897651771921163,1.57812972805495,0.569486893301932
Leg fat percentage (right) || id:ukb-b-20531,Depression || id:finn-b-F5_DEPRESSIO,ukb-b-20531,finn-b-F5_DEPRESSIO,,rs1981612,-1.78806636319586,1.50142977062248,0.233689275300012
Leg fat percentage (right) || id:ukb-b-20531,Depression || id:finn-b-F5_DEPRESSIO,ukb-b-20531,finn-b-F5_DEPRESSIO,,rs2034768,-0.476839237057221,1.07045543012845,0.6559913014064
Leg fat percentage (right) || id:ukb-b-20531,Depression || id:finn-b-F5_DEPRESSIO,ukb-b-20531,finn-b-F5_DEPRESSIO,,rs2034946,3.11282494956891,1.63949499123203,0.0576106874790983
Leg fat percentage (right) || id:ukb-b-20531,Depression || id:finn-b-F5_DEPRESSIO,ukb-b-20531,finn-b-F5_DEPRESSIO,,rs2035936,2.48536797974347,1.34905151301316,0.0654301552275135
Leg fat percentage (right) || id:ukb-b-20531,Depression || id:finn-b-F5_DEPRESSIO,ukb-b-20531,finn-b-F5_DEPRESSIO,,rs207466,0.334343328805767,1.57419983979382,0.831803269909901
Leg fat percentage (right) || id:ukb-b-20531,Depression || id:finn-b-F5_DEPRESSIO,ukb-b-20531,finn-b-F5_DEPRESSIO,,rs208477,1.39814202459842,1.37594929404924,0.309567945539029
Leg fat percentage (right) || id:ukb-b-20531,Depression || id:finn-b-F5_DEPRESSIO,ukb-b-20531,finn-b-F5_DEPRESSIO,,rs2088518,-0.541260112055472,0.885033426469082,0.540822127667712
Leg fat percentage (right) || id:ukb-b-20531,Depression || id:finn-b-F5_DEPRESSIO,ukb-b-20531,finn-b-F5_DEPRESSIO,,rs2108635,0.134046950553736,1.35265559195133,0.921059587382987
Leg fat percentage (right) || id:ukb-b-20531,Depression || id:finn-b-F5_DEPRESSIO,ukb-b-20531,finn-b-F5_DEPRESSIO,,rs215669,1.59090363326369,1.22069335382497,0.192479634137958
Leg fat percentage (right) || id:ukb-b-20531,Depression || id:finn-b-F5_DEPRESSIO,ukb-b-20531,finn-b-F5_DEPRESSIO,,rs2165468,-1.60411342050811,1.43185963038643,0.262585621777333
Leg fat percentage (right) || id:ukb-b-20531,Depression || id:finn-b-F5_DEPRESSIO,ukb-b-20531,finn-b-F5_DEPRESSIO,,rs2172131,0.418644763172657,1.14080697964549,0.713639548038236
Leg fat percentage (right) || id:ukb-b-20531,Depression || id:finn-b-F5_DEPRESSIO,ukb-b-20531,finn-b-F5_DEPRESSIO,,rs2174267,0.698391371873452,1.81249189367158,0.699999529956414
Leg fat percentage (right) || id:ukb-b-20531,Depression || id:finn-b-F5_DEPRESSIO,ukb-b-20531,finn-b-F5_DEPRESSIO,,rs2192158,-3.82614018977655,1.48946171673444,0.010204917540676
Leg fat percentage (right) || id:ukb-b-20531,Depression || id:finn-b-F5_DEPRESSIO,ukb-b-20531,finn-b-F5_DEPRESSIO,,rs2209514,-0.766782523309617,1.63656568407873,0.639404572615755
Leg fat percentage (right) || id:ukb-b-20531,Depression || id:finn-b-F5_DEPRESSIO,ukb-b-20531,finn-b-F5_DEPRESSIO,,rs2216931,0.519958403327734,1.23990080793537,0.674956824198369
Leg fat percentage (right) || id:ukb-b-20531,Depression || id:finn-b-F5_DEPRESSIO,ukb-b-20531,finn-b-F5_DEPRESSIO,,rs222857,1.72005142662231,1.6180144775854,0.287753353649846
Leg fat percentage (right) || id:ukb-b-20531,Depression || id:finn-b-F5_DEPRESSIO,ukb-b-20531,finn-b-F5_DEPRESSIO,,rs2241743,-0.131657624347883,1.21783302521792,0.913909936512377
Leg fat percentage (right) || id:ukb-b-20531,Depression || id:finn-b-F5_DEPRESSIO,ukb-b-20531,finn-b-F5_DEPRESSIO,,rs2254614,0.956153530938396,1.01591312662205,0.346614432503051
Leg fat percentage (right) || id:ukb-b-20531,Depression || id:finn-b-F5_DEPRESSIO,ukb-b-20531,finn-b-F5_DEPRESSIO,,rs2287821,0.459316302796943,1.06522291499717,0.666328290097833
Leg fat percentage (right) || id:ukb-b-20531,Depression || id:finn-b-F5_DEPRESSIO,ukb-b-20531,finn-b-F5_DEPRESSIO,,rs2289379,-2.45065899080143,1.17158697367261,0.0364615010527638
Leg fat percentage (right) || id:ukb-b-20531,Depression || id:finn-b-F5_DEPRESSIO,ukb-b-20531,finn-b-F5_DEPRESSIO,,rs2301597,0.205706292555489,1.3189403463852,0.876061947349221
Leg fat percentage (right) || id:ukb-b-20531,Depression || id:finn-b-F5_DEPRESSIO,ukb-b-20531,finn-b-F5_DEPRESSIO,,rs2304616,0.264982789367831,1.78863382823286,0.882225851923449
Leg fat percentage (right) || id:ukb-b-20531,Depression || id:finn-b-F5_DEPRESSIO,ukb-b-20531,finn-b-F5_DEPRESSIO,,rs2307111,-0.113593604680057,0.780956032175388,0.884352001477485
Leg fat percentage (right) || id:ukb-b-20531,Depression || id:finn-b-F5_DEPRESSIO,ukb-b-20531,finn-b-F5_DEPRESSIO,,rs2326844,-1.85127868397227,1.735573766224,0.286122384391018
Leg fat percentage (right) || id:ukb-b-20531,Depression || id:finn-b-F5_DEPRESSIO,ukb-b-20531,finn-b-F5_DEPRESSIO,,rs2339683,2.10514308232354,1.5970050969351,0.187442790475691
Leg fat percentage (right) || id:ukb-b-20531,Depression || id:finn-b-F5_DEPRESSIO,ukb-b-20531,finn-b-F5_DEPRESSIO,,rs2447097,2.93708532232861,1.81505272728173,0.105623420003341
Leg fat percentage (right) || id:ukb-b-20531,Depression || id:finn-b-F5_DEPRESSIO,ukb-b-20531,finn-b-F5_DEPRESSIO,,rs2450444,-1.27419279886192,1.73889840785862,0.463705663254147
Leg fat percentage (right) || id:ukb-b-20531,Depression || id:finn-b-F5_DEPRESSIO,ukb-b-20531,finn-b-F5_DEPRESSIO,,rs2503185,1.04337026193622,1.38277986521668,0.450521762224724
Leg fat percentage (right) || id:ukb-b-20531,Depression || id:finn-b-F5_DEPRESSIO,ukb-b-20531,finn-b-F5_DEPRESSIO,,rs2521763,0.494280468860331,1.60994209857365,0.758830018627803
Leg fat percentage (right) || id:ukb-b-20531,Depression || id:finn-b-F5_DEPRESSIO,ukb-b-20531,finn-b-F5_DEPRESSIO,,rs2543112,1.70673108482454,1.80519633971826,0.344426866305938
Leg fat percentage (right) || id:ukb-b-20531,Depression || id:finn-b-F5_DEPRESSIO,ukb-b-20531,finn-b-F5_DEPRESSIO,,rs2605091,0.283975659229209,0.941176470588235,0.76286236593657
Leg fat percentage (right) || id:ukb-b-20531,Depression || id:finn-b-F5_DEPRESSIO,ukb-b-20531,finn-b-F5_DEPRESSIO,,rs2613498,1.6701952481769,0.923312161844272,0.0704638682441878
Leg fat percentage (right) || id:ukb-b-20531,Depression || id:finn-b-F5_DEPRESSIO,ukb-b-20531,finn-b-F5_DEPRESSIO,,rs2618062,-1.34528025629153,1.470422605714,0.360247481293129
Leg fat percentage (right) || id:ukb-b-20531,Depression || id:finn-b-F5_DEPRESSIO,ukb-b-20531,finn-b-F5_DEPRESSIO,,rs262956,-1.1755464955356,1.46943311941949,0.423710797166793
Leg fat percentage (right) || id:ukb-b-20531,Depression || id:finn-b-F5_DEPRESSIO,ukb-b-20531,finn-b-F5_DEPRESSIO,,rs2656512,0.978542872409598,1.53219212916766,0.523047092333428
Leg fat percentage (right) || id:ukb-b-20531,Depression || id:finn-b-F5_DEPRESSIO,ukb-b-20531,finn-b-F5_DEPRESSIO,,rs2660241,-1.14233493260224,1.40028153028662,0.414620554697132
Leg fat percentage (right) || id:ukb-b-20531,Depression || id:finn-b-F5_DEPRESSIO,ukb-b-20531,finn-b-F5_DEPRESSIO,,rs2676161,2.69064817957047,1.87860571096136,0.152069979774416
Leg fat percentage (right) || id:ukb-b-20531,Depression || id:finn-b-F5_DEPRESSIO,ukb-b-20531,finn-b-F5_DEPRESSIO,,rs271590,2.61693813205976,1.53493486591967,0.0882097126839601
Leg fat percentage (right) || id:ukb-b-20531,Depression || id:finn-b-F5_DEPRESSIO,ukb-b-20531,finn-b-F5_DEPRESSIO,,rs2722217,0.129277802484202,1.42205582732622,0.927564826606211
Leg fat percentage (right) || id:ukb-b-20531,Depression || id:finn-b-F5_DEPRESSIO,ukb-b-20531,finn-b-F5_DEPRESSIO,,rs2725370,0.00975000975000975,1.20900120900121,0.993565516836334
Leg fat percentage (right) || id:ukb-b-20531,Depression || id:finn-b-F5_DEPRESSIO,ukb-b-20531,finn-b-F5_DEPRESSIO,,rs2726036,-1.30714285714286,0.785714285714286,0.0961851203898962
Leg fat percentage (right) || id:ukb-b-20531,Depression || id:finn-b-F5_DEPRESSIO,ukb-b-20531,finn-b-F5_DEPRESSIO,,rs2727340,-0.0301053687907677,1.10386352232815,0.97824220925832
Leg fat percentage (right) || id:ukb-b-20531,Depression || id:finn-b-F5_DEPRESSIO,ukb-b-20531,finn-b-F5_DEPRESSIO,,rs2733296,-0.499452773482966,1.19434358876362,0.675814188135396
Leg fat percentage (right) || id:ukb-b-20531,Depression || id:finn-b-F5_DEPRESSIO,ukb-b-20531,finn-b-F5_DEPRESSIO,,rs274111,-2.04970671891201,1.59717406668468,0.199375319259044
Leg fat percentage (right) || id:ukb-b-20531,Depression || id:finn-b-F5_DEPRESSIO,ukb-b-20531,finn-b-F5_DEPRESSIO,,rs2777657,0.53786809439149,1.58453033212628,0.734271103025853
Leg fat percentage (right) || id:ukb-b-20531,Depression || id:finn-b-F5_DEPRESSIO,ukb-b-20531,finn-b-F5_DEPRESSIO,,rs2777770,-0.486278002574714,1.72756658809438,0.778341129777033
Leg fat percentage (right) || id:ukb-b-20531,Depression || id:finn-b-F5_DEPRESSIO,ukb-b-20531,finn-b-F5_DEPRESSIO,,rs2794665,1.31072467024575,1.52472053477567,0.389982487998485
Leg fat percentage (right) || id:ukb-b-20531,Depression || id:finn-b-F5_DEPRESSIO,ukb-b-20531,finn-b-F5_DEPRESSIO,,rs2798297,1.80729859464461,1.46993619031095,0.218881326542939
Leg fat percentage (right) || id:ukb-b-20531,Depression || id:finn-b-F5_DEPRESSIO,ukb-b-20531,finn-b-F5_DEPRESSIO,,rs2802295,1.58712397150941,1.25599738752543,0.206360575453439
Leg fat percentage (right) || id:ukb-b-20531,Depression || id:finn-b-F5_DEPRESSIO,ukb-b-20531,finn-b-F5_DEPRESSIO,,rs2823093,-0.330490116843279,1.95289614498301,0.865615128476758
Leg fat percentage (right) || id:ukb-b-20531,Depression || id:finn-b-F5_DEPRESSIO,ukb-b-20531,finn-b-F5_DEPRESSIO,,rs28431181,2.39239684612074,1.07949613788375,0.026676697809209
Leg fat percentage (right) || id:ukb-b-20531,Depression || id:finn-b-F5_DEPRESSIO,ukb-b-20531,finn-b-F5_DEPRESSIO,,rs28450038,-2.26490830427803,1.83507169178731,0.217115634158075
Leg fat percentage (right) || id:ukb-b-20531,Depression || id:finn-b-F5_DEPRESSIO,ukb-b-20531,finn-b-F5_DEPRESSIO,,rs28457808,0.781280827052835,1.03381604387799,0.44981397737873
Leg fat percentage (right) || id:ukb-b-20531,Depression || id:finn-b-F5_DEPRESSIO,ukb-b-20531,finn-b-F5_DEPRESSIO,,rs28475375,2.1749758058884,1.80582853608165,0.228427328368847
Leg fat percentage (right) || id:ukb-b-20531,Depression || id:finn-b-F5_DEPRESSIO,ukb-b-20531,finn-b-F5_DEPRESSIO,,rs2848758,1.04961544261801,1.62871361785553,0.519287272066116
Leg fat percentage (right) || id:ukb-b-20531,Depression || id:finn-b-F5_DEPRESSIO,ukb-b-20531,finn-b-F5_DEPRESSIO,,rs2861685,-0.469646516540149,1.26002723949796,0.709351436107037
Leg fat percentage (right) || id:ukb-b-20531,Depression || id:finn-b-F5_DEPRESSIO,ukb-b-20531,finn-b-F5_DEPRESSIO,,rs28670671,-1.36254560559199,1.57420317539269,0.386739059729972
Leg fat percentage (right) || id:ukb-b-20531,Depression || id:finn-b-F5_DEPRESSIO,ukb-b-20531,finn-b-F5_DEPRESSIO,,rs28711392,1.28544562294963,1.18822704642403,0.279333325944732
Leg fat percentage (right) || id:ukb-b-20531,Depression || id:finn-b-F5_DEPRESSIO,ukb-b-20531,finn-b-F5_DEPRESSIO,,rs28726372,0.8215016038239,1.46606440067035,0.575244256418445
Leg fat percentage (right) || id:ukb-b-20531,Depression || id:finn-b-F5_DEPRESSIO,ukb-b-20531,finn-b-F5_DEPRESSIO,,rs28811003,2.71455738911723,1.76369547880498,0.123772456315895
Leg fat percentage (right) || id:ukb-b-20531,Depression || id:finn-b-F5_DEPRESSIO,ukb-b-20531,finn-b-F5_DEPRESSIO,,rs2917705,-2.14742427247012,1.8083572820801,0.235030456586428
Leg fat percentage (right) || id:ukb-b-20531,Depression || id:finn-b-F5_DEPRESSIO,ukb-b-20531,finn-b-F5_DEPRESSIO,,rs2929458,1.41836629050626,1.78072264209546,0.425734719685777
Leg fat percentage (right) || id:ukb-b-20531,Depression || id:finn-b-F5_DEPRESSIO,ukb-b-20531,finn-b-F5_DEPRESSIO,,rs2935905,-0.65128561997038,1.57914458540763,0.680024733536626
Leg fat percentage (right) || id:ukb-b-20531,Depression || id:finn-b-F5_DEPRESSIO,ukb-b-20531,finn-b-F5_DEPRESSIO,,rs2943653,3.00278674915046,1.56253609118689,0.0546385908756892
Leg fat percentage (right) || id:ukb-b-20531,Depression || id:finn-b-F5_DEPRESSIO,ukb-b-20531,finn-b-F5_DEPRESSIO,,rs2954033,-1.5473289234459,1.44182922412004,0.283194520050281
Leg fat percentage (right) || id:ukb-b-20531,Depression || id:finn-b-F5_DEPRESSIO,ukb-b-20531,finn-b-F5_DEPRESSIO,,rs2962334,-0.693628173764241,1.57831560497253,0.660318346058383
Leg fat percentage (right) || id:ukb-b-20531,Depression || id:finn-b-F5_DEPRESSIO,ukb-b-20531,finn-b-F5_DEPRESSIO,,rs2965169,0.706301215847093,1.65764571066154,0.670044484259492
Leg fat percentage (right) || id:ukb-b-20531,Depression || id:finn-b-F5_DEPRESSIO,ukb-b-20531,finn-b-F5_DEPRESSIO,,rs2980237,0.289211263043428,1.77864926771708,0.870832106657261
Leg fat percentage (right) || id:ukb-b-20531,Depression || id:finn-b-F5_DEPRESSIO,ukb-b-20531,finn-b-F5_DEPRESSIO,,rs3005146,-1.92099721099664,1.97791564687802,0.331437232146425
Leg fat percentage (right) || id:ukb-b-20531,Depression || id:finn-b-F5_DEPRESSIO,ukb-b-20531,finn-b-F5_DEPRESSIO,,rs302189,0.72522657998076,1.3011418052596,0.577269842906158
Leg fat percentage (right) || id:ukb-b-20531,Depression || id:finn-b-F5_DEPRESSIO,ukb-b-20531,finn-b-F5_DEPRESSIO,,rs308911,0.684126607559599,1.33515031475341,0.608373404129818
Leg fat percentage (right) || id:ukb-b-20531,Depression || id:finn-b-F5_DEPRESSIO,ukb-b-20531,finn-b-F5_DEPRESSIO,,rs3094904,0.799757315021649,1.08472831232821,0.460947145693862
Leg fat percentage (right) || id:ukb-b-20531,Depression || id:finn-b-F5_DEPRESSIO,ukb-b-20531,finn-b-F5_DEPRESSIO,,rs326888,-3.7333628959158,1.89113579007088,0.0483660613405832
Leg fat percentage (right) || id:ukb-b-20531,Depression || id:finn-b-F5_DEPRESSIO,ukb-b-20531,finn-b-F5_DEPRESSIO,,rs34045288,2.66544403344627,0.870349072145721,0.00219496475487573
Leg fat percentage (right) || id:ukb-b-20531,Depression || id:finn-b-F5_DEPRESSIO,ukb-b-20531,finn-b-F5_DEPRESSIO,,rs34117444,-1.91027867191021,1.30402256645368,0.142944851809053
Leg fat percentage (right) || id:ukb-b-20531,Depression || id:finn-b-F5_DEPRESSIO,ukb-b-20531,finn-b-F5_DEPRESSIO,,rs34325,-0.601265356808042,1.36205009399373,0.658893446226635
Leg fat percentage (right) || id:ukb-b-20531,Depression || id:finn-b-F5_DEPRESSIO,ukb-b-20531,finn-b-F5_DEPRESSIO,,rs34580448,2.27284647796213,2.43019738797489,0.349658549645907
Leg fat percentage (right) || id:ukb-b-20531,Depression || id:finn-b-F5_DEPRESSIO,ukb-b-20531,finn-b-F5_DEPRESSIO,,rs34637214,-0.765385053821226,1.41677658898823,0.589038505260458
Leg fat percentage (right) || id:ukb-b-20531,Depression || id:finn-b-F5_DEPRESSIO,ukb-b-20531,finn-b-F5_DEPRESSIO,,rs34699890,2.08613155787491,1.8454240704278,0.258293064655504
Leg fat percentage (right) || id:ukb-b-20531,Depression || id:finn-b-F5_DEPRESSIO,ukb-b-20531,finn-b-F5_DEPRESSIO,,rs34769775,-1.28253378215007,1.30355892611975,0.325178960006528
Leg fat percentage (right) || id:ukb-b-20531,Depression || id:finn-b-F5_DEPRESSIO,ukb-b-20531,finn-b-F5_DEPRESSIO,,rs34774377,-0.599528581210354,1.8827301059062,0.750154420723643
Leg fat percentage (right) || id:ukb-b-20531,Depression || id:finn-b-F5_DEPRESSIO,ukb-b-20531,finn-b-F5_DEPRESSIO,,rs34811474,1.820473323064,1.01137406836889,0.0718606382258516
Leg fat percentage (right) || id:ukb-b-20531,Depression || id:finn-b-F5_DEPRESSIO,ukb-b-20531,finn-b-F5_DEPRESSIO,,rs34914000,0.198097564215656,1.4799053326699,0.893514650757638
Leg fat percentage (right) || id:ukb-b-20531,Depression || id:finn-b-F5_DEPRESSIO,ukb-b-20531,finn-b-F5_DEPRESSIO,,rs34930419,-1.33077967503799,1.15544046109717,0.249423419648743
Leg fat percentage (right) || id:ukb-b-20531,Depression || id:finn-b-F5_DEPRESSIO,ukb-b-20531,finn-b-F5_DEPRESSIO,,rs35134,-1.53376824761779,1.57276235560807,0.329457783207191
Leg fat percentage (right) || id:ukb-b-20531,Depression || id:finn-b-F5_DEPRESSIO,ukb-b-20531,finn-b-F5_DEPRESSIO,,rs35394440,1.99564505900457,1.68521138315942,0.236329736314398
Leg fat percentage (right) || id:ukb-b-20531,Depression || id:finn-b-F5_DEPRESSIO,ukb-b-20531,finn-b-F5_DEPRESSIO,,rs35445661,2.4801439378125,1.22267616974324,0.0425138025964021
Leg fat percentage (right) || id:ukb-b-20531,Depression || id:finn-b-F5_DEPRESSIO,ukb-b-20531,finn-b-F5_DEPRESSIO,,rs35463915,-2.19876089184579,1.43037670921151,0.12424676821529
Leg fat percentage (right) || id:ukb-b-20531,Depression || id:finn-b-F5_DEPRESSIO,ukb-b-20531,finn-b-F5_DEPRESSIO,,rs35513882,-0.633182486917333,1.4432836098851,0.660871914033236
Leg fat percentage (right) || id:ukb-b-20531,Depression || id:finn-b-F5_DEPRESSIO,ukb-b-20531,finn-b-F5_DEPRESSIO,,rs35723993,0.651047627185714,1.92262502403281,0.734892745174618
Leg fat percentage (right) || id:ukb-b-20531,Depression || id:finn-b-F5_DEPRESSIO,ukb-b-20531,finn-b-F5_DEPRESSIO,,rs35792595,-1.21466643575978,1.4912736439031,0.415349336139076
Leg fat percentage (right) || id:ukb-b-20531,Depression || id:finn-b-F5_DEPRESSIO,ukb-b-20531,finn-b-F5_DEPRESSIO,,rs35961581,-0.056232427366448,1.92127460168697,0.976650614836959
Leg fat percentage (right) || id:ukb-b-20531,Depression || id:finn-b-F5_DEPRESSIO,ukb-b-20531,finn-b-F5_DEPRESSIO,,rs372519,1.06175401763714,1.10182020698193,0.335228269007387
Leg fat percentage (right) || id:ukb-b-20531,Depression || id:finn-b-F5_DEPRESSIO,ukb-b-20531,finn-b-F5_DEPRESSIO,,rs3733347,1.80725817473702,1.51357872134225,0.232466291501977
Leg fat percentage (right) || id:ukb-b-20531,Depression || id:finn-b-F5_DEPRESSIO,ukb-b-20531,finn-b-F5_DEPRESSIO,,rs3737992,0.557615635542421,1.29180955567327,0.66599241332642
Leg fat percentage (right) || id:ukb-b-20531,Depression || id:finn-b-F5_DEPRESSIO,ukb-b-20531,finn-b-F5_DEPRESSIO,,rs3749473,1.56983296508645,1.27695368055539,0.218937685698941
Leg fat percentage (right) || id:ukb-b-20531,Depression || id:finn-b-F5_DEPRESSIO,ukb-b-20531,finn-b-F5_DEPRESSIO,,rs3754963,0.833833008544446,1.11490031479538,0.454520984483376
Leg fat percentage (right) || id:ukb-b-20531,Depression || id:finn-b-F5_DEPRESSIO,ukb-b-20531,finn-b-F5_DEPRESSIO,,rs3764002,-2.00534346905909,0.709583073667064,0.00471204704986214
Leg fat percentage (right) || id:ukb-b-20531,Depression || id:finn-b-F5_DEPRESSIO,ukb-b-20531,finn-b-F5_DEPRESSIO,,rs3766823,2.98365338835106,1.04745278527218,0.00439279449880433
Leg fat percentage (right) || id:ukb-b-20531,Depression || id:finn-b-F5_DEPRESSIO,ukb-b-20531,finn-b-F5_DEPRESSIO,,rs3780335,3.25003270261122,1.91495702809458,0.0896620494628214
Leg fat percentage (right) || id:ukb-b-20531,Depression || id:finn-b-F5_DEPRESSIO,ukb-b-20531,finn-b-F5_DEPRESSIO,,rs3782812,0.227384697009891,1.17482093455111,0.846529514964004
Leg fat percentage (right) || id:ukb-b-20531,Depression || id:finn-b-F5_DEPRESSIO,ukb-b-20531,finn-b-F5_DEPRESSIO,,rs3800636,2.0685385926941,1.74913189823399,0.236964264657042
Leg fat percentage (right) || id:ukb-b-20531,Depression || id:finn-b-F5_DEPRESSIO,ukb-b-20531,finn-b-F5_DEPRESSIO,,rs3803286,1.56426939981958,1.10362565017946,0.156368553615422
Leg fat percentage (right) || id:ukb-b-20531,Depression || id:finn-b-F5_DEPRESSIO,ukb-b-20531,finn-b-F5_DEPRESSIO,,rs3807757,-0.287453986225881,1.8430873234483,0.876061947349221
Leg fat percentage (right) || id:ukb-b-20531,Depression || id:finn-b-F5_DEPRESSIO,ukb-b-20531,finn-b-F5_DEPRESSIO,,rs3824712,0.0154307890533982,1.27304009690536,0.990328908809733
Leg fat percentage (right) || id:ukb-b-20531,Depression || id:finn-b-F5_DEPRESSIO,ukb-b-20531,finn-b-F5_DEPRESSIO,,rs3846949,2.5511618878598,1.93317857340929,0.186944508588939
Leg fat percentage (right) || id:ukb-b-20531,Depression || id:finn-b-F5_DEPRESSIO,ukb-b-20531,finn-b-F5_DEPRESSIO,,rs40071,0.105269067737136,0.940403671785083,0.910870743797742
Leg fat percentage (right) || id:ukb-b-20531,Depression || id:finn-b-F5_DEPRESSIO,ukb-b-20531,finn-b-F5_DEPRESSIO,,rs4088476,-0.80749468399333,1.60082279458327,0.613962909185628
Leg fat percentage (right) || id:ukb-b-20531,Depression || id:finn-b-F5_DEPRESSIO,ukb-b-20531,finn-b-F5_DEPRESSIO,,rs429343,0.271220458159159,1.23179291413951,0.825728257126606
Leg fat percentage (right) || id:ukb-b-20531,Depression || id:finn-b-F5_DEPRESSIO,ukb-b-20531,finn-b-F5_DEPRESSIO,,rs429358,-0.700469369632723,0.777686465497747,0.367742945268208
Leg fat percentage (right) || id:ukb-b-20531,Depression || id:finn-b-F5_DEPRESSIO,ukb-b-20531,finn-b-F5_DEPRESSIO,,rs42999,-0.112705405601709,1.89094624953979,0.952472108519711
Leg fat percentage (right) || id:ukb-b-20531,Depression || id:finn-b-F5_DEPRESSIO,ukb-b-20531,finn-b-F5_DEPRESSIO,,rs4307239,-2.46516002165921,1.56744278833823,0.115781981986606
Leg fat percentage (right) || id:ukb-b-20531,Depression || id:finn-b-F5_DEPRESSIO,ukb-b-20531,finn-b-F5_DEPRESSIO,,rs4357530,0.433506393648903,1.32333530692823,0.743224552275968
Leg fat percentage (right) || id:ukb-b-20531,Depression || id:finn-b-F5_DEPRESSIO,ukb-b-20531,finn-b-F5_DEPRESSIO,,rs4389955,-0.309146673825853,1.77352565510621,0.861620326657991
Leg fat percentage (right) || id:ukb-b-20531,Depression || id:finn-b-F5_DEPRESSIO,ukb-b-20531,finn-b-F5_DEPRESSIO,,rs4398538,-1.63072020051438,1.43811545242213,0.256824511181676
Leg fat percentage (right) || id:ukb-b-20531,Depression || id:finn-b-F5_DEPRESSIO,ukb-b-20531,finn-b-F5_DEPRESSIO,,rs4430672,-1.61638392436608,1.43440692625864,0.259799279323445
Leg fat percentage (right) || id:ukb-b-20531,Depression || id:finn-b-F5_DEPRESSIO,ukb-b-20531,finn-b-F5_DEPRESSIO,,rs4442005,2.37448882532233,1.76350924453763,0.178155277970828
Leg fat percentage (right) || id:ukb-b-20531,Depression || id:finn-b-F5_DEPRESSIO,ukb-b-20531,finn-b-F5_DEPRESSIO,,rs4482364,-1.0624648863404,1.78687276339068,0.552114494149917
Leg fat percentage (right) || id:ukb-b-20531,Depression || id:finn-b-F5_DEPRESSIO,ukb-b-20531,finn-b-F5_DEPRESSIO,,rs4482463,-3.14790368728832,1.37982116084175,0.0225256582266766
Leg fat percentage (right) || id:ukb-b-20531,Depression || id:finn-b-F5_DEPRESSIO,ukb-b-20531,finn-b-F5_DEPRESSIO,,rs4503069,0.514824299706946,1.57087414525966,0.743114992247358
Leg fat percentage (right) || id:ukb-b-20531,Depression || id:finn-b-F5_DEPRESSIO,ukb-b-20531,finn-b-F5_DEPRESSIO,,rs450779,0.293360322483002,1.74682737478515,0.866631322310915
Leg fat percentage (right) || id:ukb-b-20531,Depression || id:finn-b-F5_DEPRESSIO,ukb-b-20531,finn-b-F5_DEPRESSIO,,rs4528240,2.47418744293356,1.4066446376069,0.0785896415621001
Leg fat percentage (right) || id:ukb-b-20531,Depression || id:finn-b-F5_DEPRESSIO,ukb-b-20531,finn-b-F5_DEPRESSIO,,rs4547574,-1.93551338612788,1.58360186137736,0.221623602459394
Leg fat percentage (right) || id:ukb-b-20531,Depression || id:finn-b-F5_DEPRESSIO,ukb-b-20531,finn-b-F5_DEPRESSIO,,rs4554901,4.23287847429286,1.80072730674337,0.0187406851128536
Leg fat percentage (right) || id:ukb-b-20531,Depression || id:finn-b-F5_DEPRESSIO,ukb-b-20531,finn-b-F5_DEPRESSIO,,rs4561038,-0.120778156407713,1.36306776517276,0.929393771944136
Leg fat percentage (right) || id:ukb-b-20531,Depression || id:finn-b-F5_DEPRESSIO,ukb-b-20531,finn-b-F5_DEPRESSIO,,rs4562174,-0.799878056326507,1.66012426784747,0.629935112172795
Leg fat percentage (right) || id:ukb-b-20531,Depression || id:finn-b-F5_DEPRESSIO,ukb-b-20531,finn-b-F5_DEPRESSIO,,rs4601141,0.652619912976101,1.6493485073396,0.692338563766157
Leg fat percentage (right) || id:ukb-b-20531,Depression || id:finn-b-F5_DEPRESSIO,ukb-b-20531,finn-b-F5_DEPRESSIO,,rs4656984,2.68337600646566,1.77294486141481,0.130149271197461
Leg fat percentage (right) || id:ukb-b-20531,Depression || id:finn-b-F5_DEPRESSIO,ukb-b-20531,finn-b-F5_DEPRESSIO,,rs4664699,3.51850475680611,1.71375447206504,0.0400631374035714
Leg fat percentage (right) || id:ukb-b-20531,Depression || id:finn-b-F5_DEPRESSIO,ukb-b-20531,finn-b-F5_DEPRESSIO,,rs4670615,1.48488359100719,1.61719995060189,0.358523685808266
Leg fat percentage (right) || id:ukb-b-20531,Depression || id:finn-b-F5_DEPRESSIO,ukb-b-20531,finn-b-F5_DEPRESSIO,,rs4671238,-2.24899284233582,1.82526955320009,0.217895724527359
Leg fat percentage (right) || id:ukb-b-20531,Depression || id:finn-b-F5_DEPRESSIO,ukb-b-20531,finn-b-F5_DEPRESSIO,,rs4672338,3.0025122285862,1.39357107655899,0.0311974213411076
Leg fat percentage (right) || id:ukb-b-20531,Depression || id:finn-b-F5_DEPRESSIO,ukb-b-20531,finn-b-F5_DEPRESSIO,,rs4673617,-0.861151745135343,1.4050370578524,0.539940330191881
Leg fat percentage (right) || id:ukb-b-20531,Depression || id:finn-b-F5_DEPRESSIO,ukb-b-20531,finn-b-F5_DEPRESSIO,,rs4734628,1.09463913115966,1.8524662219625,0.554581334468169
Leg fat percentage (right) || id:ukb-b-20531,Depression || id:finn-b-F5_DEPRESSIO,ukb-b-20531,finn-b-F5_DEPRESSIO,,rs4740627,0.0549055015312534,0.664966629656292,0.934194404692542
Leg fat percentage (right) || id:ukb-b-20531,Depression || id:finn-b-F5_DEPRESSIO,ukb-b-20531,finn-b-F5_DEPRESSIO,,rs4752182,1.01910828025478,1.76751592356688,0.564225526214624
Leg fat percentage (right) || id:ukb-b-20531,Depression || id:finn-b-F5_DEPRESSIO,ukb-b-20531,finn-b-F5_DEPRESSIO,,rs4759318,0.468805548574115,1.44548377477019,0.745692505957826
Leg fat percentage (right) || id:ukb-b-20531,Depression || id:finn-b-F5_DEPRESSIO,ukb-b-20531,finn-b-F5_DEPRESSIO,,rs4762951,-2.11526258100494,1.49029863661712,0.155795591786076
Leg fat percentage (right) || id:ukb-b-20531,Depression || id:finn-b-F5_DEPRESSIO,ukb-b-20531,finn-b-F5_DEPRESSIO,,rs479018,0.103467006958156,1.02604781900172,0.919677206416447
Leg fat percentage (right) || id:ukb-b-20531,Depression || id:finn-b-F5_DEPRESSIO,ukb-b-20531,finn-b-F5_DEPRESSIO,,rs4790292,-2.36840585105359,0.930674385915366,0.0109331706609168
Leg fat percentage (right) || id:ukb-b-20531,Depression || id:finn-b-F5_DEPRESSIO,ukb-b-20531,finn-b-F5_DEPRESSIO,,rs4808762,-0.539529038955363,0.85368518822051,0.527386877223793
Leg fat percentage (right) || id:ukb-b-20531,Depression || id:finn-b-F5_DEPRESSIO,ukb-b-20531,finn-b-F5_DEPRESSIO,,rs4820323,-0.298864315600717,1.10579796772265,0.786952335429884
Leg fat percentage (right) || id:ukb-b-20531,Depression || id:finn-b-F5_DEPRESSIO,ukb-b-20531,finn-b-F5_DEPRESSIO,,rs484455,-1.50574250479438,1.85322154436232,0.416504786576218
Leg fat percentage (right) || id:ukb-b-20531,Depression || id:finn-b-F5_DEPRESSIO,ukb-b-20531,finn-b-F5_DEPRESSIO,,rs4876611,0.435123139848577,1.02689061004264,0.671763599100528
Leg fat percentage (right) || id:ukb-b-20531,Depression || id:finn-b-F5_DEPRESSIO,ukb-b-20531,finn-b-F5_DEPRESSIO,,rs4877285,-2.09845347703808,1.44035859962377,0.145144938051762
Leg fat percentage (right) || id:ukb-b-20531,Depression || id:finn-b-F5_DEPRESSIO,ukb-b-20531,finn-b-F5_DEPRESSIO,,rs4879372,-1.04709383864601,1.72929133958205,0.544843777697548
Leg fat percentage (right) || id:ukb-b-20531,Depression || id:finn-b-F5_DEPRESSIO,ukb-b-20531,finn-b-F5_DEPRESSIO,,rs4905989,0.458483682937468,1.56132281216543,0.769024758245447
Leg fat percentage (right) || id:ukb-b-20531,Depression || id:finn-b-F5_DEPRESSIO,ukb-b-20531,finn-b-F5_DEPRESSIO,,rs4936670,1.55024238685653,1.87320955078497,0.40790488230962
Leg fat percentage (right) || id:ukb-b-20531,Depression || id:finn-b-F5_DEPRESSIO,ukb-b-20531,finn-b-F5_DEPRESSIO,,rs494048,1.09093280683967,1.30437618209092,0.402950363170514
Leg fat percentage (right) || id:ukb-b-20531,Depression || id:finn-b-F5_DEPRESSIO,ukb-b-20531,finn-b-F5_DEPRESSIO,,rs4979236,0.22424231970055,1.16433512152209,0.847278046578308
Leg fat percentage (right) || id:ukb-b-20531,Depression || id:finn-b-F5_DEPRESSIO,ukb-b-20531,finn-b-F5_DEPRESSIO,,rs5021156,2.93071604109108,1.44500582581574,0.042543001192459
Leg fat percentage (right) || id:ukb-b-20531,Depression || id:finn-b-F5_DEPRESSIO,ukb-b-20531,finn-b-F5_DEPRESSIO,,rs539515,0.134237197127324,0.635389399736,0.832678459363729
Leg fat percentage (right) || id:ukb-b-20531,Depression || id:finn-b-F5_DEPRESSIO,ukb-b-20531,finn-b-F5_DEPRESSIO,,rs55655049,0.325810045224941,1.80448640432275,0.856716443934854
Leg fat percentage (right) || id:ukb-b-20531,Depression || id:finn-b-F5_DEPRESSIO,ukb-b-20531,finn-b-F5_DEPRESSIO,,rs55707359,-3.95333074136134,5.20573491007807,0.447602325576077
Leg fat percentage (right) || id:ukb-b-20531,Depression || id:finn-b-F5_DEPRESSIO,ukb-b-20531,finn-b-F5_DEPRESSIO,,rs55736343,1.11725251287665,1.83279625707855,0.542134072927327
Leg fat percentage (right) || id:ukb-b-20531,Depression || id:finn-b-F5_DEPRESSIO,ukb-b-20531,finn-b-F5_DEPRESSIO,,rs561136,-1.55593164819567,1.58322869465524,0.325726251840178
Leg fat percentage (right) || id:ukb-b-20531,Depression || id:finn-b-F5_DEPRESSIO,ukb-b-20531,finn-b-F5_DEPRESSIO,,rs56163533,-3.1140884671915,1.80526867663275,0.0845274725159049
Leg fat percentage (right) || id:ukb-b-20531,Depression || id:finn-b-F5_DEPRESSIO,ukb-b-20531,finn-b-F5_DEPRESSIO,,rs56218501,-1.66323260198516,1.8601943574834,0.371258948307614
Leg fat percentage (right) || id:ukb-b-20531,Depression || id:finn-b-F5_DEPRESSIO,ukb-b-20531,finn-b-F5_DEPRESSIO,,rs56260582,0.380017417464967,1.30630987253582,0.771120848329444
Leg fat percentage (right) || id:ukb-b-20531,Depression || id:finn-b-F5_DEPRESSIO,ukb-b-20531,finn-b-F5_DEPRESSIO,,rs56328878,-1.35712578190366,1.51898482011236,0.371620185788727
Leg fat percentage (right) || id:ukb-b-20531,Depression || id:finn-b-F5_DEPRESSIO,ukb-b-20531,finn-b-F5_DEPRESSIO,,rs56351202,0.81555834378921,1.56838143036386,0.603063575093932
Leg fat percentage (right) || id:ukb-b-20531,Depression || id:finn-b-F5_DEPRESSIO,ukb-b-20531,finn-b-F5_DEPRESSIO,,rs56356382,-0.533956491968666,0.929712480133678,0.565748351899219
Leg fat percentage (right) || id:ukb-b-20531,Depression || id:finn-b-F5_DEPRESSIO,ukb-b-20531,finn-b-F5_DEPRESSIO,,rs56399737,1.19611906994862,1.16436369641016,0.304292060744164
Leg fat percentage (right) || id:ukb-b-20531,Depression || id:finn-b-F5_DEPRESSIO,ukb-b-20531,finn-b-F5_DEPRESSIO,,rs56803094,-0.729841447474638,1.34910085745312,0.588518882160993
Leg fat percentage (right) || id:ukb-b-20531,Depression || id:finn-b-F5_DEPRESSIO,ukb-b-20531,finn-b-F5_DEPRESSIO,,rs57241669,-0.493917219474016,1.59573255522374,0.756923103409378
Leg fat percentage (right) || id:ukb-b-20531,Depression || id:finn-b-F5_DEPRESSIO,ukb-b-20531,finn-b-F5_DEPRESSIO,,rs5762686,-0.759061294199507,1.91346701246126,0.691592966766986
Leg fat percentage (right) || id:ukb-b-20531,Depression || id:finn-b-F5_DEPRESSIO,ukb-b-20531,finn-b-F5_DEPRESSIO,,rs57800857,-3.08722094489357,26.1811169621004,0.906132752024324
Leg fat percentage (right) || id:ukb-b-20531,Depression || id:finn-b-F5_DEPRESSIO,ukb-b-20531,finn-b-F5_DEPRESSIO,,rs57803,0.201456240826546,1.27588952523479,0.874539745432806
Leg fat percentage (right) || id:ukb-b-20531,Depression || id:finn-b-F5_DEPRESSIO,ukb-b-20531,finn-b-F5_DEPRESSIO,,rs58083390,0.994239981594235,1.63515501105168,0.543160811439611
Leg fat percentage (right) || id:ukb-b-20531,Depression || id:finn-b-F5_DEPRESSIO,ukb-b-20531,finn-b-F5_DEPRESSIO,,rs58120873,0.61261103575023,1.44401172712554,0.671389024011198
Leg fat percentage (right) || id:ukb-b-20531,Depression || id:finn-b-F5_DEPRESSIO,ukb-b-20531,finn-b-F5_DEPRESSIO,,rs58431213,0.945631183930242,1.25420557026537,0.450868284383603
Leg fat percentage (right) || id:ukb-b-20531,Depression || id:finn-b-F5_DEPRESSIO,ukb-b-20531,finn-b-F5_DEPRESSIO,,rs58582157,-1.3337445712428,1.4409204742891,0.354643581828535
Leg fat percentage (right) || id:ukb-b-20531,Depression || id:finn-b-F5_DEPRESSIO,ukb-b-20531,finn-b-F5_DEPRESSIO,,rs586118,-3.02621984704546,1.44788966819847,0.036609707713395
Leg fat percentage (right) || id:ukb-b-20531,Depression || id:finn-b-F5_DEPRESSIO,ukb-b-20531,finn-b-F5_DEPRESSIO,,rs58862095,1.11470188749941,1.02102945997846,0.274946026735431
Leg fat percentage (right) || id:ukb-b-20531,Depression || id:finn-b-F5_DEPRESSIO,ukb-b-20531,finn-b-F5_DEPRESSIO,,rs588660,0.240717917116007,1.06878755199507,0.821804066636759
Leg fat percentage (right) || id:ukb-b-20531,Depression || id:finn-b-F5_DEPRESSIO,ukb-b-20531,finn-b-F5_DEPRESSIO,,rs58948644,2.86458174048317,1.15194924083487,0.012892477447214
Leg fat percentage (right) || id:ukb-b-20531,Depression || id:finn-b-F5_DEPRESSIO,ukb-b-20531,finn-b-F5_DEPRESSIO,,rs59104534,-0.31995222046841,1.37460953979021,0.815948846342263
Leg fat percentage (right) || id:ukb-b-20531,Depression || id:finn-b-F5_DEPRESSIO,ukb-b-20531,finn-b-F5_DEPRESSIO,,rs59346947,0.406637111091275,1.20007537663523,0.734728024804418
Leg fat percentage (right) || id:ukb-b-20531,Depression || id:finn-b-F5_DEPRESSIO,ukb-b-20531,finn-b-F5_DEPRESSIO,,rs59499656,-0.0409544013695152,1.13648463800405,0.971253625003008
Leg fat percentage (right) || id:ukb-b-20531,Depression || id:finn-b-F5_DEPRESSIO,ukb-b-20531,finn-b-F5_DEPRESSIO,,rs59662983,-0.727633025250414,1.68748935643181,0.666328290097833
Leg fat percentage (right) || id:ukb-b-20531,Depression || id:finn-b-F5_DEPRESSIO,ukb-b-20531,finn-b-F5_DEPRESSIO,,rs6011058,0.0606907824862586,1.25427617138268,0.961407742542763
Leg fat percentage (right) || id:ukb-b-20531,Depression || id:finn-b-F5_DEPRESSIO,ukb-b-20531,finn-b-F5_DEPRESSIO,,rs60494825,2.42603832274108,1.21301916137054,0.0455002638963584
Leg fat percentage (right) || id:ukb-b-20531,Depression || id:finn-b-F5_DEPRESSIO,ukb-b-20531,finn-b-F5_DEPRESSIO,,rs6067822,-2.18788847451607,1.76167643402593,0.214260366723103
Leg fat percentage (right) || id:ukb-b-20531,Depression || id:finn-b-F5_DEPRESSIO,ukb-b-20531,finn-b-F5_DEPRESSIO,,rs6103254,0.459269465247376,1.34077053564153,0.731943466087736
Leg fat percentage (right) || id:ukb-b-20531,Depression || id:finn-b-F5_DEPRESSIO,ukb-b-20531,finn-b-F5_DEPRESSIO,,rs6138536,0.513075036700572,1.14133018368086,0.653041233385682
Leg fat percentage (right) || id:ukb-b-20531,Depression || id:finn-b-F5_DEPRESSIO,ukb-b-20531,finn-b-F5_DEPRESSIO,,rs6139205,3.2118096898955,1.46546449729072,0.0284035843056871
Leg fat percentage (right) || id:ukb-b-20531,Depression || id:finn-b-F5_DEPRESSIO,ukb-b-20531,finn-b-F5_DEPRESSIO,,rs61734410,0.254565399008121,1.35382507654319,0.850849850985949
Leg fat percentage (right) || id:ukb-b-20531,Depression || id:finn-b-F5_DEPRESSIO,ukb-b-20531,finn-b-F5_DEPRESSIO,,rs61754230,-2.08399140209093,2.83515281319579,0.462306395858833
Leg fat percentage (right) || id:ukb-b-20531,Depression || id:finn-b-F5_DEPRESSIO,ukb-b-20531,finn-b-F5_DEPRESSIO,,rs61782665,0.557852668878739,1.26074703166595,0.658143436378906
Leg fat percentage (right) || id:ukb-b-20531,Depression || id:finn-b-F5_DEPRESSIO,ukb-b-20531,finn-b-F5_DEPRESSIO,,rs61826925,5.67603471179891,1.71661232165347,0.000944583371566458
Leg fat percentage (right) || id:ukb-b-20531,Depression || id:finn-b-F5_DEPRESSIO,ukb-b-20531,finn-b-F5_DEPRESSIO,,rs61884414,-2.05791136488797,1.46855646696231,0.161119661624763
Leg fat percentage (right) || id:ukb-b-20531,Depression || id:finn-b-F5_DEPRESSIO,ukb-b-20531,finn-b-F5_DEPRESSIO,,rs61985887,-1.20006857534716,2.17155266015201,0.580515713596355
Leg fat percentage (right) || id:ukb-b-20531,Depression || id:finn-b-F5_DEPRESSIO,ukb-b-20531,finn-b-F5_DEPRESSIO,,rs62057232,-0.161867792457163,1.12295781017157,0.88538664669847
Leg fat percentage (right) || id:ukb-b-20531,Depression || id:finn-b-F5_DEPRESSIO,ukb-b-20531,finn-b-F5_DEPRESSIO,,rs62082914,-0.581002098544893,1.39613937113027,0.677300926180015
Leg fat percentage (right) || id:ukb-b-20531,Depression || id:finn-b-F5_DEPRESSIO,ukb-b-20531,finn-b-F5_DEPRESSIO,,rs62107261,0.819480215406228,1.11357938678895,0.461793117829293
Leg fat percentage (right) || id:ukb-b-20531,Depression || id:finn-b-F5_DEPRESSIO,ukb-b-20531,finn-b-F5_DEPRESSIO,,rs62124758,0.704372067183206,2.23216500163692,0.752339876665627
Leg fat percentage (right) || id:ukb-b-20531,Depression || id:finn-b-F5_DEPRESSIO,ukb-b-20531,finn-b-F5_DEPRESSIO,,rs62161461,2.4534400125398,1.89119334299943,0.194528913974972
Leg fat percentage (right) || id:ukb-b-20531,Depression || id:finn-b-F5_DEPRESSIO,ukb-b-20531,finn-b-F5_DEPRESSIO,,rs62183912,1.6840191295152,1.28362297284725,0.189544899611112
Leg fat percentage (right) || id:ukb-b-20531,Depression || id:finn-b-F5_DEPRESSIO,ukb-b-20531,finn-b-F5_DEPRESSIO,,rs62190049,1.84936395635501,1.75765995851923,0.292719765821562
Leg fat percentage (right) || id:ukb-b-20531,Depression || id:finn-b-F5_DEPRESSIO,ukb-b-20531,finn-b-F5_DEPRESSIO,,rs62218301,1.59645232815965,1.25055432372506,0.201745004978068
Leg fat percentage (right) || id:ukb-b-20531,Depression || id:finn-b-F5_DEPRESSIO,ukb-b-20531,finn-b-F5_DEPRESSIO,,rs62261725,-0.235706990021737,0.986477402683568,0.811153617896822
Leg fat percentage (right) || id:ukb-b-20531,Depression || id:finn-b-F5_DEPRESSIO,ukb-b-20531,finn-b-F5_DEPRESSIO,,rs62331463,-1.30793601857269,1.55317402205507,0.399729035501385
Leg fat percentage (right) || id:ukb-b-20531,Depression || id:finn-b-F5_DEPRESSIO,ukb-b-20531,finn-b-F5_DEPRESSIO,,rs62393063,-0.0897175528314044,1.19079661030773,0.93994223469225
Leg fat percentage (right) || id:ukb-b-20531,Depression || id:finn-b-F5_DEPRESSIO,ukb-b-20531,finn-b-F5_DEPRESSIO,,rs62393181,1.77646073168461,1.2179228597139,0.144675584437285
Leg fat percentage (right) || id:ukb-b-20531,Depression || id:finn-b-F5_DEPRESSIO,ukb-b-20531,finn-b-F5_DEPRESSIO,,rs62443626,1.35838331487325,1.43675158303902,0.344426866305938
Leg fat percentage (right) || id:ukb-b-20531,Depression || id:finn-b-F5_DEPRESSIO,ukb-b-20531,finn-b-F5_DEPRESSIO,,rs62447181,1.69221440356493,1.79092691043955,0.344719178331812
Leg fat percentage (right) || id:ukb-b-20531,Depression || id:finn-b-F5_DEPRESSIO,ukb-b-20531,finn-b-F5_DEPRESSIO,,rs6265,-0.177926049485683,0.834028356964137,0.831066975685199
Leg fat percentage (right) || id:ukb-b-20531,Depression || id:finn-b-F5_DEPRESSIO,ukb-b-20531,finn-b-F5_DEPRESSIO,,rs629471,1.24839096275911,1.66452128367881,0.453254704753736
Leg fat percentage (right) || id:ukb-b-20531,Depression || id:finn-b-F5_DEPRESSIO,ukb-b-20531,finn-b-F5_DEPRESSIO,,rs6425839,-0.101901184965208,1.58674702302967,0.948794906468399
Leg fat percentage (right) || id:ukb-b-20531,Depression || id:finn-b-F5_DEPRESSIO,ukb-b-20531,finn-b-F5_DEPRESSIO,,rs6433672,-2.87417162998262,1.64676737518577,0.0809254221404544
Leg fat percentage (right) || id:ukb-b-20531,Depression || id:finn-b-F5_DEPRESSIO,ukb-b-20531,finn-b-F5_DEPRESSIO,,rs644045,1.53190816457635,1.22552653166108,0.21129954733371
Leg fat percentage (right) || id:ukb-b-20531,Depression || id:finn-b-F5_DEPRESSIO,ukb-b-20531,finn-b-F5_DEPRESSIO,,rs6441176,-3.23804950471059,1.24455644228672,0.00927440522548603
Leg fat percentage (right) || id:ukb-b-20531,Depression || id:finn-b-F5_DEPRESSIO,ukb-b-20531,finn-b-F5_DEPRESSIO,,rs6478538,-0.435236295225131,1.25130434877225,0.727970796961297
Leg fat percentage (right) || id:ukb-b-20531,Depression || id:finn-b-F5_DEPRESSIO,ukb-b-20531,finn-b-F5_DEPRESSIO,,rs6480742,-2.10438957882569,1.88703478664651,0.264771904040332
Leg fat percentage (right) || id:ukb-b-20531,Depression || id:finn-b-F5_DEPRESSIO,ukb-b-20531,finn-b-F5_DEPRESSIO,,rs6495017,1.53734048981623,1.39515871041126,0.270500440674654
Leg fat percentage (right) || id:ukb-b-20531,Depression || id:finn-b-F5_DEPRESSIO,ukb-b-20531,finn-b-F5_DEPRESSIO,,rs6533413,1.00496519065625,1.76697176379121,0.569525810759094
Leg fat percentage (right) || id:ukb-b-20531,Depression || id:finn-b-F5_DEPRESSIO,ukb-b-20531,finn-b-F5_DEPRESSIO,,rs6538790,2.22084673005393,1.63339694984612,0.173940985329263
Leg fat percentage (right) || id:ukb-b-20531,Depression || id:finn-b-F5_DEPRESSIO,ukb-b-20531,finn-b-F5_DEPRESSIO,,rs6543214,2.11861130441506,1.7010747699683,0.21296471394587
Leg fat percentage (right) || id:ukb-b-20531,Depression || id:finn-b-F5_DEPRESSIO,ukb-b-20531,finn-b-F5_DEPRESSIO,,rs6551304,2.78439954668021,1.53386220641682,0.0694798734636229
Leg fat percentage (right) || id:ukb-b-20531,Depression || id:finn-b-F5_DEPRESSIO,ukb-b-20531,finn-b-F5_DEPRESSIO,,rs6561937,3.22028781322331,1.13213243433632,0.00444889433892135
Leg fat percentage (right) || id:ukb-b-20531,Depression || id:finn-b-F5_DEPRESSIO,ukb-b-20531,finn-b-F5_DEPRESSIO,,rs6575340,-0.344497607655502,1.08133971291866,0.750041934181799
Leg fat percentage (right) || id:ukb-b-20531,Depression || id:finn-b-F5_DEPRESSIO,ukb-b-20531,finn-b-F5_DEPRESSIO,,rs6602997,0.146606069491277,0.680252162439525,0.829364071207772
Leg fat percentage (right) || id:ukb-b-20531,Depression || id:finn-b-F5_DEPRESSIO,ukb-b-20531,finn-b-F5_DEPRESSIO,,rs663129,-0.36360698125404,0.707013574660634,0.607052248071005
Leg fat percentage (right) || id:ukb-b-20531,Depression || id:finn-b-F5_DEPRESSIO,ukb-b-20531,finn-b-F5_DEPRESSIO,,rs6674490,-1.37983839657367,1.50158884333017,0.358137983510638
Leg fat percentage (right) || id:ukb-b-20531,Depression || id:finn-b-F5_DEPRESSIO,ukb-b-20531,finn-b-F5_DEPRESSIO,,rs6707827,1.75839634253561,1.7445507020432,0.31348494384235
Leg fat percentage (right) || id:ukb-b-20531,Depression || id:finn-b-F5_DEPRESSIO,ukb-b-20531,finn-b-F5_DEPRESSIO,,rs671240,1.1338526931767,1.631641680425,0.487108412415213
Leg fat percentage (right) || id:ukb-b-20531,Depression || id:finn-b-F5_DEPRESSIO,ukb-b-20531,finn-b-F5_DEPRESSIO,,rs672187,0.963105645280782,1.17610016298711,0.412844817776042
Leg fat percentage (right) || id:ukb-b-20531,Depression || id:finn-b-F5_DEPRESSIO,ukb-b-20531,finn-b-F5_DEPRESSIO,,rs6740162,-0.564939833907689,1.22957493262262,0.645904258226149
Leg fat percentage (right) || id:ukb-b-20531,Depression || id:finn-b-F5_DEPRESSIO,ukb-b-20531,finn-b-F5_DEPRESSIO,,rs6744646,-0.459307639663971,0.679775306702676,0.49924658287522
Leg fat percentage (right) || id:ukb-b-20531,Depression || id:finn-b-F5_DEPRESSIO,ukb-b-20531,finn-b-F5_DEPRESSIO,,rs67609008,-1.99876832654472,1.53418974253703,0.192637279169995
Leg fat percentage (right) || id:ukb-b-20531,Depression || id:finn-b-F5_DEPRESSIO,ukb-b-20531,finn-b-F5_DEPRESSIO,,rs67776659,-0.0191116887088143,1.41426496445226,0.989218104362429
Leg fat percentage (right) || id:ukb-b-20531,Depression || id:finn-b-F5_DEPRESSIO,ukb-b-20531,finn-b-F5_DEPRESSIO,,rs6846318,2.64178398118259,1.58224495129652,0.0949900457312424
Leg fat percentage (right) || id:ukb-b-20531,Depression || id:finn-b-F5_DEPRESSIO,ukb-b-20531,finn-b-F5_DEPRESSIO,,rs6860245,-1.67718071495528,0.765118694737909,0.0283756813378931
Leg fat percentage (right) || id:ukb-b-20531,Depression || id:finn-b-F5_DEPRESSIO,ukb-b-20531,finn-b-F5_DEPRESSIO,,rs6862472,-2.15237674280059,1.4797590106754,0.145795140951976
Leg fat percentage (right) || id:ukb-b-20531,Depression || id:finn-b-F5_DEPRESSIO,ukb-b-20531,finn-b-F5_DEPRESSIO,,rs6931038,0.237359661100374,1.61154717273412,0.882905633792368
Leg fat percentage (right) || id:ukb-b-20531,Depression || id:finn-b-F5_DEPRESSIO,ukb-b-20531,finn-b-F5_DEPRESSIO,,rs6935311,0.718759478640625,1.71064755916469,0.674362680661345
Leg fat percentage (right) || id:ukb-b-20531,Depression || id:finn-b-F5_DEPRESSIO,ukb-b-20531,finn-b-F5_DEPRESSIO,,rs6938973,-0.58116204735087,0.802557113008344,0.468981059723151
Leg fat percentage (right) || id:ukb-b-20531,Depression || id:finn-b-F5_DEPRESSIO,ukb-b-20531,finn-b-F5_DEPRESSIO,,rs6945561,-0.075561557302107,1.38169704780996,0.956387428015015
Leg fat percentage (right) || id:ukb-b-20531,Depression || id:finn-b-F5_DEPRESSIO,ukb-b-20531,finn-b-F5_DEPRESSIO,,rs6977416,-0.894552177240605,1.12315995586876,0.425764613214113
Leg fat percentage (right) || id:ukb-b-20531,Depression || id:finn-b-F5_DEPRESSIO,ukb-b-20531,finn-b-F5_DEPRESSIO,,rs698838,1.97908681427147,1.37784525044216,0.150898894831981
Leg fat percentage (right) || id:ukb-b-20531,Depression || id:finn-b-F5_DEPRESSIO,ukb-b-20531,finn-b-F5_DEPRESSIO,,rs699330,-1.19503980879363,1.70719972684804,0.483927304446146
Leg fat percentage (right) || id:ukb-b-20531,Depression || id:finn-b-F5_DEPRESSIO,ukb-b-20531,finn-b-F5_DEPRESSIO,,rs7027304,-0.497902980955741,1.29242901439575,0.700055238225305
Leg fat percentage (right) || id:ukb-b-20531,Depression || id:finn-b-F5_DEPRESSIO,ukb-b-20531,finn-b-F5_DEPRESSIO,,rs708437,-0.325871314721302,1.65542627878421,0.843944614104874
Leg fat percentage (right) || id:ukb-b-20531,Depression || id:finn-b-F5_DEPRESSIO,ukb-b-20531,finn-b-F5_DEPRESSIO,,rs7097348,-0.971245075483953,1.46900817666948,0.50851161818156
Leg fat percentage (right) || id:ukb-b-20531,Depression || id:finn-b-F5_DEPRESSIO,ukb-b-20531,finn-b-F5_DEPRESSIO,,rs7124681,0.317414132864266,0.753858565552631,0.673716649749524
Leg fat percentage (right) || id:ukb-b-20531,Depression || id:finn-b-F5_DEPRESSIO,ukb-b-20531,finn-b-F5_DEPRESSIO,,rs7132908,-0.200102910068035,0.80041164027214,0.802587348634153
Leg fat percentage (right) || id:ukb-b-20531,Depression || id:finn-b-F5_DEPRESSIO,ukb-b-20531,finn-b-F5_DEPRESSIO,,rs7141213,0.262199658484945,1.8190101307393,0.88538664669847
Leg fat percentage (right) || id:ukb-b-20531,Depression || id:finn-b-F5_DEPRESSIO,ukb-b-20531,finn-b-F5_DEPRESSIO,,rs7154726,-3.11304274237909,1.96454153645282,0.113053747335469
Leg fat percentage (right) || id:ukb-b-20531,Depression || id:finn-b-F5_DEPRESSIO,ukb-b-20531,finn-b-F5_DEPRESSIO,,rs719802,2.37415662530893,1.20276657229307,0.0483916313681771
Leg fat percentage (right) || id:ukb-b-20531,Depression || id:finn-b-F5_DEPRESSIO,ukb-b-20531,finn-b-F5_DEPRESSIO,,rs7206608,1.1315767561324,1.21697877546315,0.352461927180254
Leg fat percentage (right) || id:ukb-b-20531,Depression || id:finn-b-F5_DEPRESSIO,ukb-b-20531,finn-b-F5_DEPRESSIO,,rs7213608,-0.210398354217318,0.880556075057665,0.811153617896822
Leg fat percentage (right) || id:ukb-b-20531,Depression || id:finn-b-F5_DEPRESSIO,ukb-b-20531,finn-b-F5_DEPRESSIO,,rs7218014,3.01973489616652,0.880469400249008,0.000604276765459644
Leg fat percentage (right) || id:ukb-b-20531,Depression || id:finn-b-F5_DEPRESSIO,ukb-b-20531,finn-b-F5_DEPRESSIO,,rs7230974,-2.55978443920512,1.85247558100371,0.167027534908542
Leg fat percentage (right) || id:ukb-b-20531,Depression || id:finn-b-F5_DEPRESSIO,ukb-b-20531,finn-b-F5_DEPRESSIO,,rs7235179,-0.088570559736414,1.69760239494794,0.958390118990601
Leg fat percentage (right) || id:ukb-b-20531,Depression || id:finn-b-F5_DEPRESSIO,ukb-b-20531,finn-b-F5_DEPRESSIO,,rs72634826,1.85117566638078,1.13787862061938,0.103765630201192
Leg fat percentage (right) || id:ukb-b-20531,Depression || id:finn-b-F5_DEPRESSIO,ukb-b-20531,finn-b-F5_DEPRESSIO,,rs72651329,2.06721865458114,1.37409239980982,0.132472028117826
Leg fat percentage (right) || id:ukb-b-20531,Depression || id:finn-b-F5_DEPRESSIO,ukb-b-20531,finn-b-F5_DEPRESSIO,,rs72668171,1.12356330075382,1.68534495113073,0.504985075093846
Leg fat percentage (right) || id:ukb-b-20531,Depression || id:finn-b-F5_DEPRESSIO,ukb-b-20531,finn-b-F5_DEPRESSIO,,rs72744607,1.6201564366702,1.66242138719203,0.329770488737675
Leg fat percentage (right) || id:ukb-b-20531,Depression || id:finn-b-F5_DEPRESSIO,ukb-b-20531,finn-b-F5_DEPRESSIO,,rs72811755,0.328227571115974,1.49343544857768,0.82604232532775
Leg fat percentage (right) || id:ukb-b-20531,Depression || id:finn-b-F5_DEPRESSIO,ukb-b-20531,finn-b-F5_DEPRESSIO,,rs72823964,1.52204469654754,1.63016809029135,0.350472354425188
Leg fat percentage (right) || id:ukb-b-20531,Depression || id:finn-b-F5_DEPRESSIO,ukb-b-20531,finn-b-F5_DEPRESSIO,,rs72892910,0.282637410810593,0.778694907335306,0.71663255157525
Leg fat percentage (right) || id:ukb-b-20531,Depression || id:finn-b-F5_DEPRESSIO,ukb-b-20531,finn-b-F5_DEPRESSIO,,rs72917533,0.27771606309709,1.4533807302081,0.848460720964246
Leg fat percentage (right) || id:ukb-b-20531,Depression || id:finn-b-F5_DEPRESSIO,ukb-b-20531,finn-b-F5_DEPRESSIO,,rs73034216,0.990648981223664,1.54494067309881,0.52137886462133
Leg fat percentage (right) || id:ukb-b-20531,Depression || id:finn-b-F5_DEPRESSIO,ukb-b-20531,finn-b-F5_DEPRESSIO,,rs73049380,2.82161481430766,1.91911301708426,0.141488569571007
Leg fat percentage (right) || id:ukb-b-20531,Depression || id:finn-b-F5_DEPRESSIO,ukb-b-20531,finn-b-F5_DEPRESSIO,,rs7308788,1.0972117261113,1.4670583753623,0.454520984483376
Leg fat percentage (right) || id:ukb-b-20531,Depression || id:finn-b-F5_DEPRESSIO,ukb-b-20531,finn-b-F5_DEPRESSIO,,rs73091318,-1.60816724939394,1.26413146967285,0.203319154354307
Leg fat percentage (right) || id:ukb-b-20531,Depression || id:finn-b-F5_DEPRESSIO,ukb-b-20531,finn-b-F5_DEPRESSIO,,rs7314469,0.177776628514725,1.7939277968304,0.921059587382987
Leg fat percentage (right) || id:ukb-b-20531,Depression || id:finn-b-F5_DEPRESSIO,ukb-b-20531,finn-b-F5_DEPRESSIO,,rs73371569,-0.324749131296074,1.84295132010522,0.860127822797923
Leg fat percentage (right) || id:ukb-b-20531,Depression || id:finn-b-F5_DEPRESSIO,ukb-b-20531,finn-b-F5_DEPRESSIO,,rs7338169,-1.47423839285335,1.74357040693232,0.397815852119185
Leg fat percentage (right) || id:ukb-b-20531,Depression || id:finn-b-F5_DEPRESSIO,ukb-b-20531,finn-b-F5_DEPRESSIO,,rs74278876,0.470687910381022,1.23163336549701,0.702338532209919
Leg fat percentage (right) || id:ukb-b-20531,Depression || id:finn-b-F5_DEPRESSIO,ukb-b-20531,finn-b-F5_DEPRESSIO,,rs74288880,-5.16315572077654,2.24362584957381,0.0213772087149479
Leg fat percentage (right) || id:ukb-b-20531,Depression || id:finn-b-F5_DEPRESSIO,ukb-b-20531,finn-b-F5_DEPRESSIO,,rs7442885,1.56748454176677,1.10275294395652,0.155192205233756
Leg fat percentage (right) || id:ukb-b-20531,Depression || id:finn-b-F5_DEPRESSIO,ukb-b-20531,finn-b-F5_DEPRESSIO,,rs745249,-0.557501551537337,1.20967317786403,0.644892188366209
Leg fat percentage (right) || id:ukb-b-20531,Depression || id:finn-b-F5_DEPRESSIO,ukb-b-20531,finn-b-F5_DEPRESSIO,,rs74618095,-0.849751235325859,1.3489800860798,0.528746102513362
Leg fat percentage (right) || id:ukb-b-20531,Depression || id:finn-b-F5_DEPRESSIO,ukb-b-20531,finn-b-F5_DEPRESSIO,,rs7463186,-0.334411707877749,1.35003245032128,0.804361562650309
Leg fat percentage (right) || id:ukb-b-20531,Depression || id:finn-b-F5_DEPRESSIO,ukb-b-20531,finn-b-F5_DEPRESSIO,,rs75035127,1.89763113703041,1.91351089549928,0.321343283645125
Leg fat percentage (right) || id:ukb-b-20531,Depression || id:finn-b-F5_DEPRESSIO,ukb-b-20531,finn-b-F5_DEPRESSIO,,rs7537581,-0.942238342247887,1.34605477463984,0.483927304446146
Leg fat percentage (right) || id:ukb-b-20531,Depression || id:finn-b-F5_DEPRESSIO,ukb-b-20531,finn-b-F5_DEPRESSIO,,rs75499503,-1.39630233753705,0.825087744908257,0.0905873219215137
Leg fat percentage (right) || id:ukb-b-20531,Depression || id:finn-b-F5_DEPRESSIO,ukb-b-20531,finn-b-F5_DEPRESSIO,,rs7553158,0.781131762282076,1.77382004351555,0.659671341714375
Leg fat percentage (right) || id:ukb-b-20531,Depression || id:finn-b-F5_DEPRESSIO,ukb-b-20531,finn-b-F5_DEPRESSIO,,rs75557510,0.784511655209871,1.39346825470844,0.573440245712635
Leg fat percentage (right) || id:ukb-b-20531,Depression || id:finn-b-F5_DEPRESSIO,ukb-b-20531,finn-b-F5_DEPRESSIO,,rs75695257,-1.10845486355252,1.8281233197396,0.544292426754408
Leg fat percentage (right) || id:ukb-b-20531,Depression || id:finn-b-F5_DEPRESSIO,ukb-b-20531,finn-b-F5_DEPRESSIO,,rs7575523,-0.601028617548319,0.953059664969476,0.528282066059112
Leg fat percentage (right) || id:ukb-b-20531,Depression || id:finn-b-F5_DEPRESSIO,ukb-b-20531,finn-b-F5_DEPRESSIO,,rs7636464,0.369134857267855,1.49021109045171,0.804361562650309
Leg fat percentage (right) || id:ukb-b-20531,Depression || id:finn-b-F5_DEPRESSIO,ukb-b-20531,finn-b-F5_DEPRESSIO,,rs764729,0.558275664644996,1.61543596578127,0.729652188693264
Leg fat percentage (right) || id:ukb-b-20531,Depression || id:finn-b-F5_DEPRESSIO,ukb-b-20531,finn-b-F5_DEPRESSIO,,rs7655064,-0.958719740408193,1.29980272497649,0.460764453103053
Leg fat percentage (right) || id:ukb-b-20531,Depression || id:finn-b-F5_DEPRESSIO,ukb-b-20531,finn-b-F5_DEPRESSIO,,rs7665222,0.631298783613504,1.38885732394971,0.649436283726755
Leg fat percentage (right) || id:ukb-b-20531,Depression || id:finn-b-F5_DEPRESSIO,ukb-b-20531,finn-b-F5_DEPRESSIO,,rs7667864,3.63032323012786,1.40913862222068,0.00998722824416982
Leg fat percentage (right) || id:ukb-b-20531,Depression || id:finn-b-F5_DEPRESSIO,ukb-b-20531,finn-b-F5_DEPRESSIO,,rs76702514,0.948657383325801,1.38567932395904,0.493586656306935
Leg fat percentage (right) || id:ukb-b-20531,Depression || id:finn-b-F5_DEPRESSIO,ukb-b-20531,finn-b-F5_DEPRESSIO,,rs76856798,-1.13457600251055,1.51679132250524,0.45445375780408
Leg fat percentage (right) || id:ukb-b-20531,Depression || id:finn-b-F5_DEPRESSIO,ukb-b-20531,finn-b-F5_DEPRESSIO,,rs7696754,1.87953618830061,1.44579706792355,0.193600969171221
Leg fat percentage (right) || id:ukb-b-20531,Depression || id:finn-b-F5_DEPRESSIO,ukb-b-20531,finn-b-F5_DEPRESSIO,,rs770082,0.339542581377951,1.23768747405511,0.783826203722463
Leg fat percentage (right) || id:ukb-b-20531,Depression || id:finn-b-F5_DEPRESSIO,ukb-b-20531,finn-b-F5_DEPRESSIO,,rs77221192,0.409795173681885,0.919366563564577,0.655787643201322
Leg fat percentage (right) || id:ukb-b-20531,Depression || id:finn-b-F5_DEPRESSIO,ukb-b-20531,finn-b-F5_DEPRESSIO,,rs7723495,-5.05428210828212,1.61619486020649,0.00176436174203496
Leg fat percentage (right) || id:ukb-b-20531,Depression || id:finn-b-F5_DEPRESSIO,ukb-b-20531,finn-b-F5_DEPRESSIO,,rs7739335,0.474394992360392,0.776282714771551,0.541126024471668
Leg fat percentage (right) || id:ukb-b-20531,Depression || id:finn-b-F5_DEPRESSIO,ukb-b-20531,finn-b-F5_DEPRESSIO,,rs7746618,-0.739883489290536,1.57748743943076,0.639050659512982
Leg fat percentage (right) || id:ukb-b-20531,Depression || id:finn-b-F5_DEPRESSIO,ukb-b-20531,finn-b-F5_DEPRESSIO,,rs7774,0.697044210833354,1.19033703696157,0.558154037251215
Leg fat percentage (right) || id:ukb-b-20531,Depression || id:finn-b-F5_DEPRESSIO,ukb-b-20531,finn-b-F5_DEPRESSIO,,rs77927866,1.08750979891642,1.82762063429009,0.551815849704386
Leg fat percentage (right) || id:ukb-b-20531,Depression || id:finn-b-F5_DEPRESSIO,ukb-b-20531,finn-b-F5_DEPRESSIO,,rs78081111,-1.14821391225185,1.50361345652028,0.445083972938247
Leg fat percentage (right) || id:ukb-b-20531,Depression || id:finn-b-F5_DEPRESSIO,ukb-b-20531,finn-b-F5_DEPRESSIO,,rs7826830,-0.566100384839396,1.83982625072804,0.75831647352629
Leg fat percentage (right) || id:ukb-b-20531,Depression || id:finn-b-F5_DEPRESSIO,ukb-b-20531,finn-b-F5_DEPRESSIO,,rs78277800,2.03019391276014,1.3701720234266,0.138418189310927
Leg fat percentage (right) || id:ukb-b-20531,Depression || id:finn-b-F5_DEPRESSIO,ukb-b-20531,finn-b-F5_DEPRESSIO,,rs7837172,0.572023780225803,1.58304255457839,0.717841903272377
Leg fat percentage (right) || id:ukb-b-20531,Depression || id:finn-b-F5_DEPRESSIO,ukb-b-20531,finn-b-F5_DEPRESSIO,,rs78378788,-0.458288578589331,1.22448979591837,0.70820418892412
Leg fat percentage (right) || id:ukb-b-20531,Depression || id:finn-b-F5_DEPRESSIO,ukb-b-20531,finn-b-F5_DEPRESSIO,,rs785510,0.283933765613728,1.30399210874453,0.827630187714381
Leg fat percentage (right) || id:ukb-b-20531,Depression || id:finn-b-F5_DEPRESSIO,ukb-b-20531,finn-b-F5_DEPRESSIO,,rs7865801,0.24848458912383,1.58754043051336,0.875621785073035
Leg fat percentage (right) || id:ukb-b-20531,Depression || id:finn-b-F5_DEPRESSIO,ukb-b-20531,finn-b-F5_DEPRESSIO,,rs78759867,-2.84060147626902,1.68748602550635,0.0923105810118989
Leg fat percentage (right) || id:ukb-b-20531,Depression || id:finn-b-F5_DEPRESSIO,ukb-b-20531,finn-b-F5_DEPRESSIO,,rs78886584,-0.964859805870207,1.42799251268791,0.49924658287522
Leg fat percentage (right) || id:ukb-b-20531,Depression || id:finn-b-F5_DEPRESSIO,ukb-b-20531,finn-b-F5_DEPRESSIO,,rs7893571,1.0690858552305,1.50181108234761,0.476548744736444
Leg fat percentage (right) || id:ukb-b-20531,Depression || id:finn-b-F5_DEPRESSIO,ukb-b-20531,finn-b-F5_DEPRESSIO,,rs7927346,-0.894641099812125,1.58595467693968,0.57268433313998
Leg fat percentage (right) || id:ukb-b-20531,Depression || id:finn-b-F5_DEPRESSIO,ukb-b-20531,finn-b-F5_DEPRESSIO,,rs7957882,0.467734348272323,1.48338607594937,0.752522257739738
Leg fat percentage (right) || id:ukb-b-20531,Depression || id:finn-b-F5_DEPRESSIO,ukb-b-20531,finn-b-F5_DEPRESSIO,,rs7975187,1.84567146613627,1.49825095486356,0.217992397361297
Leg fat percentage (right) || id:ukb-b-20531,Depression || id:finn-b-F5_DEPRESSIO,ukb-b-20531,finn-b-F5_DEPRESSIO,,rs79847714,1.03708693802298,1.14345482910226,0.364419095392323
Leg fat percentage (right) || id:ukb-b-20531,Depression || id:finn-b-F5_DEPRESSIO,ukb-b-20531,finn-b-F5_DEPRESSIO,,rs7987928,-0.0555272777752071,1.2678728425339,0.965067318120744
Leg fat percentage (right) || id:ukb-b-20531,Depression || id:finn-b-F5_DEPRESSIO,ukb-b-20531,finn-b-F5_DEPRESSIO,,rs80135274,1.59893491355962,1.70335515281249,0.347886170841876
Leg fat percentage (right) || id:ukb-b-20531,Depression || id:finn-b-F5_DEPRESSIO,ukb-b-20531,finn-b-F5_DEPRESSIO,,rs8014124,-2.30104426803105,1.8442193030543,0.212138588619269
Leg fat percentage (right) || id:ukb-b-20531,Depression || id:finn-b-F5_DEPRESSIO,ukb-b-20531,finn-b-F5_DEPRESSIO,,rs8020365,-0.893844391623023,0.840875835082399,0.287785522161792
Leg fat percentage (right) || id:ukb-b-20531,Depression || id:finn-b-F5_DEPRESSIO,ukb-b-20531,finn-b-F5_DEPRESSIO,,rs8049660,2.59051897182166,1.51904777405249,0.0881278362115735
Leg fat percentage (right) || id:ukb-b-20531,Depression || id:finn-b-F5_DEPRESSIO,ukb-b-20531,finn-b-F5_DEPRESSIO,,rs8062006,0.499748382500439,1.34815842721049,0.710868696244648
Leg fat percentage (right) || id:ukb-b-20531,Depression || id:finn-b-F5_DEPRESSIO,ukb-b-20531,finn-b-F5_DEPRESSIO,,rs8089514,-0.34135564615893,1.72043245664101,0.842722183047404
Leg fat percentage (right) || id:ukb-b-20531,Depression || id:finn-b-F5_DEPRESSIO,ukb-b-20531,finn-b-F5_DEPRESSIO,,rs811054,3.51874788875127,1.57639905416057,0.0256055226840274
Leg fat percentage (right) || id:ukb-b-20531,Depression || id:finn-b-F5_DEPRESSIO,ukb-b-20531,finn-b-F5_DEPRESSIO,,rs8119351,0.369815759001376,0.976071101626583,0.70477550059045
Leg fat percentage (right) || id:ukb-b-20531,Depression || id:finn-b-F5_DEPRESSIO,ukb-b-20531,finn-b-F5_DEPRESSIO,,rs812949,-0.344449730791007,1.2486302741174,0.782654008414754
Leg fat percentage (right) || id:ukb-b-20531,Depression || id:finn-b-F5_DEPRESSIO,ukb-b-20531,finn-b-F5_DEPRESSIO,,rs8132491,-0.734616704702149,1.40901892541232,0.602110772290203
Leg fat percentage (right) || id:ukb-b-20531,Depression || id:finn-b-F5_DEPRESSIO,ukb-b-20531,finn-b-F5_DEPRESSIO,,rs853961,-0.641567820668963,1.16551487421528,0.582004785883696
Leg fat percentage (right) || id:ukb-b-20531,Depression || id:finn-b-F5_DEPRESSIO,ukb-b-20531,finn-b-F5_DEPRESSIO,,rs879620,-1.22334362054105,1.01945301711754,0.230139340443417
Leg fat percentage (right) || id:ukb-b-20531,Depression || id:finn-b-F5_DEPRESSIO,ukb-b-20531,finn-b-F5_DEPRESSIO,,rs906835,2.45161844729147,1.39009293403124,0.0777932213471331
Leg fat percentage (right) || id:ukb-b-20531,Depression || id:finn-b-F5_DEPRESSIO,ukb-b-20531,finn-b-F5_DEPRESSIO,,rs910244,1.75777599249355,1.52258061321625,0.248306898095421
Leg fat percentage (right) || id:ukb-b-20531,Depression || id:finn-b-F5_DEPRESSIO,ukb-b-20531,finn-b-F5_DEPRESSIO,,rs9304665,0.340653479828524,1.2880959706016,0.791423318308969
Leg fat percentage (right) || id:ukb-b-20531,Depression || id:finn-b-F5_DEPRESSIO,ukb-b-20531,finn-b-F5_DEPRESSIO,,rs935166,4.06257366549471,1.39180764466022,0.00351247570812243
Leg fat percentage (right) || id:ukb-b-20531,Depression || id:finn-b-F5_DEPRESSIO,ukb-b-20531,finn-b-F5_DEPRESSIO,,rs9370068,0.0144228342311548,1.60093459965818,0.99281194803678
Leg fat percentage (right) || id:ukb-b-20531,Depression || id:finn-b-F5_DEPRESSIO,ukb-b-20531,finn-b-F5_DEPRESSIO,,rs9381202,0.170133129173578,1.37321739975817,0.901399357805627
Leg fat percentage (right) || id:ukb-b-20531,Depression || id:finn-b-F5_DEPRESSIO,ukb-b-20531,finn-b-F5_DEPRESSIO,,rs9389857,0.596052031836191,1.81737433236329,0.742931112189828
Leg fat percentage (right) || id:ukb-b-20531,Depression || id:finn-b-F5_DEPRESSIO,ukb-b-20531,finn-b-F5_DEPRESSIO,,rs9449999,0.521618408047368,1.48460623828866,0.725324774655607
Leg fat percentage (right) || id:ukb-b-20531,Depression || id:finn-b-F5_DEPRESSIO,ukb-b-20531,finn-b-F5_DEPRESSIO,,rs9478496,2.0288333015085,1.6230666412068,0.21129954733371
Leg fat percentage (right) || id:ukb-b-20531,Depression || id:finn-b-F5_DEPRESSIO,ukb-b-20531,finn-b-F5_DEPRESSIO,,rs9515455,0.89683558643607,1.02900083075296,0.383448660462883
Leg fat percentage (right) || id:ukb-b-20531,Depression || id:finn-b-F5_DEPRESSIO,ukb-b-20531,finn-b-F5_DEPRESSIO,,rs9545470,1.05665002694458,1.76611504503593,0.549646048776497
Leg fat percentage (right) || id:ukb-b-20531,Depression || id:finn-b-F5_DEPRESSIO,ukb-b-20531,finn-b-F5_DEPRESSIO,,rs9568867,1.20765270450645,1.10878055326031,0.276078055165057
Leg fat percentage (right) || id:ukb-b-20531,Depression || id:finn-b-F5_DEPRESSIO,ukb-b-20531,finn-b-F5_DEPRESSIO,,rs9571687,-2.25913206068894,1.56216578664661,0.148134055694567
Leg fat percentage (right) || id:ukb-b-20531,Depression || id:finn-b-F5_DEPRESSIO,ukb-b-20531,finn-b-F5_DEPRESSIO,,rs9615723,0.464499429786907,1.77791161056368,0.793891038371293
Leg fat percentage (right) || id:ukb-b-20531,Depression || id:finn-b-F5_DEPRESSIO,ukb-b-20531,finn-b-F5_DEPRESSIO,,rs9641499,1.72757475083056,1.13467927421416,0.127878206424313
Leg fat percentage (right) || id:ukb-b-20531,Depression || id:finn-b-F5_DEPRESSIO,ukb-b-20531,finn-b-F5_DEPRESSIO,,rs9646033,-2.58635512929644,1.79055355105138,0.148613996455212
Leg fat percentage (right) || id:ukb-b-20531,Depression || id:finn-b-F5_DEPRESSIO,ukb-b-20531,finn-b-F5_DEPRESSIO,,rs9667999,3.28078050899613,1.62907721826015,0.0440212003601638
Leg fat percentage (right) || id:ukb-b-20531,Depression || id:finn-b-F5_DEPRESSIO,ukb-b-20531,finn-b-F5_DEPRESSIO,,rs972031,2.17986088016075,1.7466833975647,0.212031057194229
Leg fat percentage (right) || id:ukb-b-20531,Depression || id:finn-b-F5_DEPRESSIO,ukb-b-20531,finn-b-F5_DEPRESSIO,,rs972283,0.370550950755729,1.06289614822038,0.727371717677557
Leg fat percentage (right) || id:ukb-b-20531,Depression || id:finn-b-F5_DEPRESSIO,ukb-b-20531,finn-b-F5_DEPRESSIO,,rs9783304,-0.919990503323837,0.875474833808167,0.293328655352732
Leg fat percentage (right) || id:ukb-b-20531,Depression || id:finn-b-F5_DEPRESSIO,ukb-b-20531,finn-b-F5_DEPRESSIO,,rs9788550,2.46211493185662,0.945054216268196,0.00918037190499943
Leg fat percentage (right) || id:ukb-b-20531,Depression || id:finn-b-F5_DEPRESSIO,ukb-b-20531,finn-b-F5_DEPRESSIO,,rs9821810,3.75687111954759,1.61008762266325,0.0196306572572907
Leg fat percentage (right) || id:ukb-b-20531,Depression || id:finn-b-F5_DEPRESSIO,ukb-b-20531,finn-b-F5_DEPRESSIO,,rs9839081,-1.09799067706098,1.19780801133925,0.359317338329571
Leg fat percentage (right) || id:ukb-b-20531,Depression || id:finn-b-F5_DEPRESSIO,ukb-b-20531,finn-b-F5_DEPRESSIO,,rs9843653,2.02829139350162,0.726259176382837,0.00522551528572221
Leg fat percentage (right) || id:ukb-b-20531,Depression || id:finn-b-F5_DEPRESSIO,ukb-b-20531,finn-b-F5_DEPRESSIO,,rs9860326,3.4211355896291,1.25062660527227,0.0062278548458074
Leg fat percentage (right) || id:ukb-b-20531,Depression || id:finn-b-F5_DEPRESSIO,ukb-b-20531,finn-b-F5_DEPRESSIO,,rs9866090,-0.030246417563893,1.20985670255572,0.980054963609524
Leg fat percentage (right) || id:ukb-b-20531,Depression || id:finn-b-F5_DEPRESSIO,ukb-b-20531,finn-b-F5_DEPRESSIO,,rs9867130,0.101227614893343,1.3987815876171,0.94230871522942
Leg fat percentage (right) || id:ukb-b-20531,Depression || id:finn-b-F5_DEPRESSIO,ukb-b-20531,finn-b-F5_DEPRESSIO,,rs9885336,2.94225604036426,2.0246217307457,0.146157848592185
Leg fat percentage (right) || id:ukb-b-20531,Depression || id:finn-b-F5_DEPRESSIO,ukb-b-20531,finn-b-F5_DEPRESSIO,,rs9932172,-3.74294542512647,1.57905510122523,0.0177702741354666
Leg fat percentage (right) || id:ukb-b-20531,Depression || id:finn-b-F5_DEPRESSIO,ukb-b-20531,finn-b-F5_DEPRESSIO,,rs993767,0.461478824275017,1.69208902234173,0.785062868547559
Leg fat percentage (right) || id:ukb-b-20531,Depression || id:finn-b-F5_DEPRESSIO,ukb-b-20531,finn-b-F5_DEPRESSIO,,rs9963931,0.136392387258905,1.87539532480995,0.942023145513678
Leg fat percentage (right) || id:ukb-b-20531,Depression || id:finn-b-F5_DEPRESSIO,ukb-b-20531,finn-b-F5_DEPRESSIO,,rs9964756,-0.0994107652821458,1.47308679463543,0.946195871679849
Leg fat percentage (right) || id:ukb-b-20531,Depression || id:finn-b-F5_DEPRESSIO,ukb-b-20531,finn-b-F5_DEPRESSIO,,rs997123,3.44139111836679,1.55004806571066,0.0264063148250723
Leg fat percentage (right) || id:ukb-b-20531,Depression || id:finn-b-F5_DEPRESSIO,ukb-b-20531,finn-b-F5_DEPRESSIO,,All - Inverse variance weighted,0.229107685520801,0.0627392659424813,0.000260466310950529
Leg fat percentage (right) || id:ukb-b-20531,Depression || id:finn-b-F5_DEPRESSIO,ukb-b-20531,finn-b-F5_DEPRESSIO,,All - MR Egger,0.0472896851935052,0.193808115969888,0.807318168395271
