exposure,outcome,id.exposure,id.outcome,samplesize,SNP,b,se,p,outcome_code
Leg fat percentage (right) || id:ukb-b-20531,"Ischaemic heart disease, wide definition || id:finn-b-I9_IHD",ukb-b-20531,finn-b-I9_IHD,,rs10050620,0.408136647900256,0.0677962792282095,1.74368649391999e-09,IHD
Leg fat percentage (right) || id:ukb-b-20531,"Ischaemic heart disease, wide definition || id:finn-b-I9_IHD",ukb-b-20531,finn-b-I9_IHD,,rs10070916,0.408793726337641,0.0677283379985223,1.58191185999747e-09,IHD
Leg fat percentage (right) || id:ukb-b-20531,"Ischaemic heart disease, wide definition || id:finn-b-I9_IHD",ukb-b-20531,finn-b-I9_IHD,,rs10079475,0.406290793678889,0.0678292194755678,2.09959596519368e-09,IHD
Leg fat percentage (right) || id:ukb-b-20531,"Ischaemic heart disease, wide definition || id:finn-b-I9_IHD",ukb-b-20531,finn-b-I9_IHD,,rs10085776,0.406696331411393,0.0678117290286685,2.00460484793723e-09,IHD
Leg fat percentage (right) || id:ukb-b-20531,"Ischaemic heart disease, wide definition || id:finn-b-I9_IHD",ukb-b-20531,finn-b-I9_IHD,,rs10100245,0.405830539979236,0.0678934763541283,2.26643536413816e-09,IHD
Leg fat percentage (right) || id:ukb-b-20531,"Ischaemic heart disease, wide definition || id:finn-b-I9_IHD",ukb-b-20531,finn-b-I9_IHD,,rs10101487,0.406882504845133,0.0678085285424442,1.96756786724984e-09,IHD
Leg fat percentage (right) || id:ukb-b-20531,"Ischaemic heart disease, wide definition || id:finn-b-I9_IHD",ukb-b-20531,finn-b-I9_IHD,,rs10119967,0.407137695686792,0.0678268738393671,1.94180776725264e-09,IHD
Leg fat percentage (right) || id:ukb-b-20531,"Ischaemic heart disease, wide definition || id:finn-b-I9_IHD",ukb-b-20531,finn-b-I9_IHD,,rs1013293,0.404844946863933,0.0678670490800955,2.44237011570807e-09,IHD
Leg fat percentage (right) || id:ukb-b-20531,"Ischaemic heart disease, wide definition || id:finn-b-I9_IHD",ukb-b-20531,finn-b-I9_IHD,,rs10145749,0.401905654565711,0.0676798473742582,2.87929985090982e-09,IHD
Leg fat percentage (right) || id:ukb-b-20531,"Ischaemic heart disease, wide definition || id:finn-b-I9_IHD",ukb-b-20531,finn-b-I9_IHD,,rs10172070,0.405452401999496,0.0678173888422658,2.25076451712186e-09,IHD
Leg fat percentage (right) || id:ukb-b-20531,"Ischaemic heart disease, wide definition || id:finn-b-I9_IHD",ukb-b-20531,finn-b-I9_IHD,,rs10187101,0.407113194819398,0.0678421256454225,1.96237809587148e-09,IHD
Leg fat percentage (right) || id:ukb-b-20531,"Ischaemic heart disease, wide definition || id:finn-b-I9_IHD",ukb-b-20531,finn-b-I9_IHD,,rs10209821,0.400110808901721,0.0677278796833637,3.47078266594943e-09,IHD
Leg fat percentage (right) || id:ukb-b-20531,"Ischaemic heart disease, wide definition || id:finn-b-I9_IHD",ukb-b-20531,finn-b-I9_IHD,,rs10210468,0.405354652935803,0.0678274620744052,2.28316349450757e-09,IHD
Leg fat percentage (right) || id:ukb-b-20531,"Ischaemic heart disease, wide definition || id:finn-b-I9_IHD",ukb-b-20531,finn-b-I9_IHD,,rs1022185,0.408508047811651,0.067763923128926,1.65590599051482e-09,IHD
Leg fat percentage (right) || id:ukb-b-20531,"Ischaemic heart disease, wide definition || id:finn-b-I9_IHD",ukb-b-20531,finn-b-I9_IHD,,rs10245306,0.404059079810032,0.0677909422674074,2.51667872690445e-09,IHD
Leg fat percentage (right) || id:ukb-b-20531,"Ischaemic heart disease, wide definition || id:finn-b-I9_IHD",ukb-b-20531,finn-b-I9_IHD,,rs10404726,0.407052582912161,0.0679094224831452,2.04676373546813e-09,IHD
Leg fat percentage (right) || id:ukb-b-20531,"Ischaemic heart disease, wide definition || id:finn-b-I9_IHD",ukb-b-20531,finn-b-I9_IHD,,rs10423928,0.398097709596492,0.0679588087197021,4.68681852673457e-09,IHD
Leg fat percentage (right) || id:ukb-b-20531,"Ischaemic heart disease, wide definition || id:finn-b-I9_IHD",ukb-b-20531,finn-b-I9_IHD,,rs10493979,0.408050983383329,0.0677814751636879,1.74313721459799e-09,IHD
Leg fat percentage (right) || id:ukb-b-20531,"Ischaemic heart disease, wide definition || id:finn-b-I9_IHD",ukb-b-20531,finn-b-I9_IHD,,rs10498240,0.408188647559303,0.0678825582678864,1.81941903356695e-09,IHD
Leg fat percentage (right) || id:ukb-b-20531,"Ischaemic heart disease, wide definition || id:finn-b-I9_IHD",ukb-b-20531,finn-b-I9_IHD,,rs10499014,0.403757761239552,0.0678348965140722,2.64779023601054e-09,IHD
Leg fat percentage (right) || id:ukb-b-20531,"Ischaemic heart disease, wide definition || id:finn-b-I9_IHD",ukb-b-20531,finn-b-I9_IHD,,rs10510025,0.411786121992132,0.0677141630332675,1.19256130533874e-09,IHD
Leg fat percentage (right) || id:ukb-b-20531,"Ischaemic heart disease, wide definition || id:finn-b-I9_IHD",ukb-b-20531,finn-b-I9_IHD,,rs10514963,0.404621792089939,0.0678635585045745,2.4873672033562e-09,IHD
Leg fat percentage (right) || id:ukb-b-20531,"Ischaemic heart disease, wide definition || id:finn-b-I9_IHD",ukb-b-20531,finn-b-I9_IHD,,rs10756793,0.406623805271162,0.0678839007869142,2.09855491614112e-09,IHD
Leg fat percentage (right) || id:ukb-b-20531,"Ischaemic heart disease, wide definition || id:finn-b-I9_IHD",ukb-b-20531,finn-b-I9_IHD,,rs10761737,0.402794012822291,0.0677352496432668,2.73779744345058e-09,IHD
Leg fat percentage (right) || id:ukb-b-20531,"Ischaemic heart disease, wide definition || id:finn-b-I9_IHD",ukb-b-20531,finn-b-I9_IHD,,rs10777256,0.406560249332276,0.0678196956280804,2.03833319254982e-09,IHD
Leg fat percentage (right) || id:ukb-b-20531,"Ischaemic heart disease, wide definition || id:finn-b-I9_IHD",ukb-b-20531,finn-b-I9_IHD,,rs10791256,0.4069237377172,0.0678132672747087,1.96528212850461e-09,IHD
Leg fat percentage (right) || id:ukb-b-20531,"Ischaemic heart disease, wide definition || id:finn-b-I9_IHD",ukb-b-20531,finn-b-I9_IHD,,rs10795776,0.404791729442951,0.0678160724410834,2.3876403910423e-09,IHD
Leg fat percentage (right) || id:ukb-b-20531,"Ischaemic heart disease, wide definition || id:finn-b-I9_IHD",ukb-b-20531,finn-b-I9_IHD,,rs10823242,0.406478509945316,0.067855376127479,2.09369855382253e-09,IHD
Leg fat percentage (right) || id:ukb-b-20531,"Ischaemic heart disease, wide definition || id:finn-b-I9_IHD",ukb-b-20531,finn-b-I9_IHD,,rs10854853,0.401639221619917,0.0676919763493596,2.96840991096175e-09,IHD
Leg fat percentage (right) || id:ukb-b-20531,"Ischaemic heart disease, wide definition || id:finn-b-I9_IHD",ukb-b-20531,finn-b-I9_IHD,,rs10883026,0.40175834872259,0.0677845251012136,3.08533703804304e-09,IHD
Leg fat percentage (right) || id:ukb-b-20531,"Ischaemic heart disease, wide definition || id:finn-b-I9_IHD",ukb-b-20531,finn-b-I9_IHD,,rs10885421,0.408647466316039,0.0677890226508471,1.65770388973809e-09,IHD
Leg fat percentage (right) || id:ukb-b-20531,"Ischaemic heart disease, wide definition || id:finn-b-I9_IHD",ukb-b-20531,finn-b-I9_IHD,,rs10894416,0.408797100592311,0.0677914545157056,1.6374087591677e-09,IHD
Leg fat percentage (right) || id:ukb-b-20531,"Ischaemic heart disease, wide definition || id:finn-b-I9_IHD",ukb-b-20531,finn-b-I9_IHD,,rs10896012,0.409481201085425,0.0677012723436009,1.46333954704784e-09,IHD
Leg fat percentage (right) || id:ukb-b-20531,"Ischaemic heart disease, wide definition || id:finn-b-I9_IHD",ukb-b-20531,finn-b-I9_IHD,,rs10938397,0.397210955077669,0.0678321785902081,4.74749405092855e-09,IHD
Leg fat percentage (right) || id:ukb-b-20531,"Ischaemic heart disease, wide definition || id:finn-b-I9_IHD",ukb-b-20531,finn-b-I9_IHD,,rs10951992,0.399306003948821,0.0675064457418902,3.31715005526863e-09,IHD
Leg fat percentage (right) || id:ukb-b-20531,"Ischaemic heart disease, wide definition || id:finn-b-I9_IHD",ukb-b-20531,finn-b-I9_IHD,,rs10973850,0.407079651895756,0.0678230933866023,1.94805324374055e-09,IHD
Leg fat percentage (right) || id:ukb-b-20531,"Ischaemic heart disease, wide definition || id:finn-b-I9_IHD",ukb-b-20531,finn-b-I9_IHD,,rs10975277,0.407522368380547,0.0677847472032868,1.83240513132613e-09,IHD
Leg fat percentage (right) || id:ukb-b-20531,"Ischaemic heart disease, wide definition || id:finn-b-I9_IHD",ukb-b-20531,finn-b-I9_IHD,,rs10982884,0.405366076833833,0.0678078210621696,2.25670534116984e-09,IHD
Leg fat percentage (right) || id:ukb-b-20531,"Ischaemic heart disease, wide definition || id:finn-b-I9_IHD",ukb-b-20531,finn-b-I9_IHD,,rs10989067,0.404580740656275,0.0678370670135868,2.46126229177424e-09,IHD
Leg fat percentage (right) || id:ukb-b-20531,"Ischaemic heart disease, wide definition || id:finn-b-I9_IHD",ukb-b-20531,finn-b-I9_IHD,,rs10992854,0.406717304742606,0.0678712132351069,2.06657052220547e-09,IHD
Leg fat percentage (right) || id:ukb-b-20531,"Ischaemic heart disease, wide definition || id:finn-b-I9_IHD",ukb-b-20531,finn-b-I9_IHD,,rs10997982,0.408110070531057,0.0678167499295171,1.76764279057348e-09,IHD
Leg fat percentage (right) || id:ukb-b-20531,"Ischaemic heart disease, wide definition || id:finn-b-I9_IHD",ukb-b-20531,finn-b-I9_IHD,,rs10999460,0.410921539512668,0.067772666390732,1.33411289603064e-09,IHD
Leg fat percentage (right) || id:ukb-b-20531,"Ischaemic heart disease, wide definition || id:finn-b-I9_IHD",ukb-b-20531,finn-b-I9_IHD,,rs11012732,0.40217720717579,0.0679142847315189,3.1836843468099e-09,IHD
Leg fat percentage (right) || id:ukb-b-20531,"Ischaemic heart disease, wide definition || id:finn-b-I9_IHD",ukb-b-20531,finn-b-I9_IHD,,rs11017772,0.407624563810287,0.0677670075860825,1.79788191587637e-09,IHD
Leg fat percentage (right) || id:ukb-b-20531,"Ischaemic heart disease, wide definition || id:finn-b-I9_IHD",ukb-b-20531,finn-b-I9_IHD,,rs11021352,0.404602365598881,0.0677844259618775,2.38774122828357e-09,IHD
Leg fat percentage (right) || id:ukb-b-20531,"Ischaemic heart disease, wide definition || id:finn-b-I9_IHD",ukb-b-20531,finn-b-I9_IHD,,rs11022019,0.405956462503691,0.0678223860266394,2.15617273030778e-09,IHD
Leg fat percentage (right) || id:ukb-b-20531,"Ischaemic heart disease, wide definition || id:finn-b-I9_IHD",ukb-b-20531,finn-b-I9_IHD,,rs11071411,0.404669939565063,0.0678687212176349,2.48347400072623e-09,IHD
Leg fat percentage (right) || id:ukb-b-20531,"Ischaemic heart disease, wide definition || id:finn-b-I9_IHD",ukb-b-20531,finn-b-I9_IHD,,rs11122450,0.401842874787036,0.0676924045863959,2.91514247948439e-09,IHD
Leg fat percentage (right) || id:ukb-b-20531,"Ischaemic heart disease, wide definition || id:finn-b-I9_IHD",ukb-b-20531,finn-b-I9_IHD,,rs11150745,0.404084694178761,0.0678467148312654,2.5872733886729e-09,IHD
Leg fat percentage (right) || id:ukb-b-20531,"Ischaemic heart disease, wide definition || id:finn-b-I9_IHD",ukb-b-20531,finn-b-I9_IHD,,rs11160752,0.402112413914364,0.0676395932406809,2.7658084007278e-09,IHD
Leg fat percentage (right) || id:ukb-b-20531,"Ischaemic heart disease, wide definition || id:finn-b-I9_IHD",ukb-b-20531,finn-b-I9_IHD,,rs11223641,0.407554102784764,0.0677344690999095,1.77747091071285e-09,IHD
Leg fat percentage (right) || id:ukb-b-20531,"Ischaemic heart disease, wide definition || id:finn-b-I9_IHD",ukb-b-20531,finn-b-I9_IHD,,rs11264489,0.409007429895891,0.0677640024675139,1.5821373551254e-09,IHD
Leg fat percentage (right) || id:ukb-b-20531,"Ischaemic heart disease, wide definition || id:finn-b-I9_IHD",ukb-b-20531,finn-b-I9_IHD,,rs112852122,0.406272937927812,0.0678903210424221,2.17383610742836e-09,IHD
Leg fat percentage (right) || id:ukb-b-20531,"Ischaemic heart disease, wide definition || id:finn-b-I9_IHD",ukb-b-20531,finn-b-I9_IHD,,rs113230003,0.403685554413766,0.0677963693716976,2.61054683823558e-09,IHD
Leg fat percentage (right) || id:ukb-b-20531,"Ischaemic heart disease, wide definition || id:finn-b-I9_IHD",ukb-b-20531,finn-b-I9_IHD,,rs11343,0.405900556388773,0.0678313090498054,2.17762691115545e-09,IHD
Leg fat percentage (right) || id:ukb-b-20531,"Ischaemic heart disease, wide definition || id:finn-b-I9_IHD",ukb-b-20531,finn-b-I9_IHD,,rs113624107,0.404884643222402,0.0678161430560388,2.36776538866128e-09,IHD
Leg fat percentage (right) || id:ukb-b-20531,"Ischaemic heart disease, wide definition || id:finn-b-I9_IHD",ukb-b-20531,finn-b-I9_IHD,,rs113728099,0.404681470493911,0.067855498121573,2.46330504070827e-09,IHD
Leg fat percentage (right) || id:ukb-b-20531,"Ischaemic heart disease, wide definition || id:finn-b-I9_IHD",ukb-b-20531,finn-b-I9_IHD,,rs113866544,0.407164321420059,0.0679244565840981,2.04275862998503e-09,IHD
Leg fat percentage (right) || id:ukb-b-20531,"Ischaemic heart disease, wide definition || id:finn-b-I9_IHD",ukb-b-20531,finn-b-I9_IHD,,rs113963976,0.406820676595744,0.0678225282430531,1.99379321267429e-09,IHD
Leg fat percentage (right) || id:ukb-b-20531,"Ischaemic heart disease, wide definition || id:finn-b-I9_IHD",ukb-b-20531,finn-b-I9_IHD,,rs11563357,0.408985691970342,0.0677481180675409,1.57144990048688e-09,IHD
Leg fat percentage (right) || id:ukb-b-20531,"Ischaemic heart disease, wide definition || id:finn-b-I9_IHD",ukb-b-20531,finn-b-I9_IHD,,rs11570784,0.405474857609285,0.0678323165050971,2.26440678286061e-09,IHD
Leg fat percentage (right) || id:ukb-b-20531,"Ischaemic heart disease, wide definition || id:finn-b-I9_IHD",ukb-b-20531,finn-b-I9_IHD,,rs11613130,0.405810706459009,0.0678164888065425,2.17785692262251e-09,IHD
Leg fat percentage (right) || id:ukb-b-20531,"Ischaemic heart disease, wide definition || id:finn-b-I9_IHD",ukb-b-20531,finn-b-I9_IHD,,rs11619393,0.409223778520289,0.0676725733947404,1.47463250164681e-09,IHD
Leg fat percentage (right) || id:ukb-b-20531,"Ischaemic heart disease, wide definition || id:finn-b-I9_IHD",ukb-b-20531,finn-b-I9_IHD,,rs11619722,0.408193474039457,0.067794751021237,1.73322566449002e-09,IHD
Leg fat percentage (right) || id:ukb-b-20531,"Ischaemic heart disease, wide definition || id:finn-b-I9_IHD",ukb-b-20531,finn-b-I9_IHD,,rs11620422,0.407227618187584,0.0677698701769722,1.86697147224916e-09,IHD
Leg fat percentage (right) || id:ukb-b-20531,"Ischaemic heart disease, wide definition || id:finn-b-I9_IHD",ukb-b-20531,finn-b-I9_IHD,,rs11638950,0.403899381773415,0.0677661167018849,2.51934570248667e-09,IHD
Leg fat percentage (right) || id:ukb-b-20531,"Ischaemic heart disease, wide definition || id:finn-b-I9_IHD",ukb-b-20531,finn-b-I9_IHD,,rs11656758,0.40525848731836,0.0678506326894697,2.33210928516472e-09,IHD
Leg fat percentage (right) || id:ukb-b-20531,"Ischaemic heart disease, wide definition || id:finn-b-I9_IHD",ukb-b-20531,finn-b-I9_IHD,,rs11660167,0.406715996914193,0.0678160938394728,2.00579018845531e-09,IHD
Leg fat percentage (right) || id:ukb-b-20531,"Ischaemic heart disease, wide definition || id:finn-b-I9_IHD",ukb-b-20531,finn-b-I9_IHD,,rs11664106,0.408727806036872,0.0677480716788952,1.60889162650375e-09,IHD
Leg fat percentage (right) || id:ukb-b-20531,"Ischaemic heart disease, wide definition || id:finn-b-I9_IHD",ukb-b-20531,finn-b-I9_IHD,,rs1167309,0.406039962153357,0.0679036776090703,2.2362289428016e-09,IHD
Leg fat percentage (right) || id:ukb-b-20531,"Ischaemic heart disease, wide definition || id:finn-b-I9_IHD",ukb-b-20531,finn-b-I9_IHD,,rs11691869,0.404863396985283,0.0679201034216542,2.50887434463978e-09,IHD
Leg fat percentage (right) || id:ukb-b-20531,"Ischaemic heart disease, wide definition || id:finn-b-I9_IHD",ukb-b-20531,finn-b-I9_IHD,,rs11704728,0.407142001231001,0.067837052925851,1.95184923709868e-09,IHD
Leg fat percentage (right) || id:ukb-b-20531,"Ischaemic heart disease, wide definition || id:finn-b-I9_IHD",ukb-b-20531,finn-b-I9_IHD,,rs117068593,0.407194967144762,0.0678548663553839,1.96143125283244e-09,IHD
Leg fat percentage (right) || id:ukb-b-20531,"Ischaemic heart disease, wide definition || id:finn-b-I9_IHD",ukb-b-20531,finn-b-I9_IHD,,rs11709291,0.404717557366533,0.0678137034961093,2.40062755054761e-09,IHD
Leg fat percentage (right) || id:ukb-b-20531,"Ischaemic heart disease, wide definition || id:finn-b-I9_IHD",ukb-b-20531,finn-b-I9_IHD,,rs117113729,0.403046703675781,0.067730624686788,2.6694810102328e-09,IHD
Leg fat percentage (right) || id:ukb-b-20531,"Ischaemic heart disease, wide definition || id:finn-b-I9_IHD",ukb-b-20531,finn-b-I9_IHD,,rs117342986,0.401695306332257,0.0674851952031975,2.64324030219374e-09,IHD
Leg fat percentage (right) || id:ukb-b-20531,"Ischaemic heart disease, wide definition || id:finn-b-I9_IHD",ukb-b-20531,finn-b-I9_IHD,,rs11757278,0.407218995748124,0.0678122686311203,1.91221985700307e-09,IHD
Leg fat percentage (right) || id:ukb-b-20531,"Ischaemic heart disease, wide definition || id:finn-b-I9_IHD",ukb-b-20531,finn-b-I9_IHD,,rs11777625,0.403979071205524,0.0678168553800565,2.57047829754379e-09,IHD
Leg fat percentage (right) || id:ukb-b-20531,"Ischaemic heart disease, wide definition || id:finn-b-I9_IHD",ukb-b-20531,finn-b-I9_IHD,,rs11782074,0.406734017200503,0.0678356062422647,2.02388961560688e-09,IHD
Leg fat percentage (right) || id:ukb-b-20531,"Ischaemic heart disease, wide definition || id:finn-b-I9_IHD",ukb-b-20531,finn-b-I9_IHD,,rs11789898,0.405823353079763,0.0678537885403936,2.21975776301516e-09,IHD
Leg fat percentage (right) || id:ukb-b-20531,"Ischaemic heart disease, wide definition || id:finn-b-I9_IHD",ukb-b-20531,finn-b-I9_IHD,,rs118019496,0.409442145601634,0.067703934450487,1.47075590450287e-09,IHD
Leg fat percentage (right) || id:ukb-b-20531,"Ischaemic heart disease, wide definition || id:finn-b-I9_IHD",ukb-b-20531,finn-b-I9_IHD,,rs11841757,0.405793884756887,0.0678837868355122,2.26208300281859e-09,IHD
Leg fat percentage (right) || id:ukb-b-20531,"Ischaemic heart disease, wide definition || id:finn-b-I9_IHD",ukb-b-20531,finn-b-I9_IHD,,rs11852419,0.402130729346328,0.0677311694368435,2.90003204557964e-09,IHD
Leg fat percentage (right) || id:ukb-b-20531,"Ischaemic heart disease, wide definition || id:finn-b-I9_IHD",ukb-b-20531,finn-b-I9_IHD,,rs11866219,0.406463914329848,0.0678933184773991,2.14005886335236e-09,IHD
Leg fat percentage (right) || id:ukb-b-20531,"Ischaemic heart disease, wide definition || id:finn-b-I9_IHD",ukb-b-20531,finn-b-I9_IHD,,rs1188162,0.407110787786734,0.0678262127507012,1.94585808476343e-09,IHD
Leg fat percentage (right) || id:ukb-b-20531,"Ischaemic heart disease, wide definition || id:finn-b-I9_IHD",ukb-b-20531,finn-b-I9_IHD,,rs11917831,0.40490978872144,0.0678196795237479,2.36690278175284e-09,IHD
Leg fat percentage (right) || id:ukb-b-20531,"Ischaemic heart disease, wide definition || id:finn-b-I9_IHD",ukb-b-20531,finn-b-I9_IHD,,rs11926346,0.401298214276493,0.0676773126306486,3.03705736882817e-09,IHD
Leg fat percentage (right) || id:ukb-b-20531,"Ischaemic heart disease, wide definition || id:finn-b-I9_IHD",ukb-b-20531,finn-b-I9_IHD,,rs11943564,0.405822669849121,0.0678210429869387,2.18087474608919e-09,IHD
Leg fat percentage (right) || id:ukb-b-20531,"Ischaemic heart disease, wide definition || id:finn-b-I9_IHD",ukb-b-20531,finn-b-I9_IHD,,rs1202551,0.40647533984579,0.0678199738183673,2.0544060808518e-09,IHD
Leg fat percentage (right) || id:ukb-b-20531,"Ischaemic heart disease, wide definition || id:finn-b-I9_IHD",ukb-b-20531,finn-b-I9_IHD,,rs12042959,0.407719010159847,0.0678356430083694,1.85071833504165e-09,IHD
Leg fat percentage (right) || id:ukb-b-20531,"Ischaemic heart disease, wide definition || id:finn-b-I9_IHD",ukb-b-20531,finn-b-I9_IHD,,rs12050481,0.402263923011684,0.0679123934097985,3.15588444936977e-09,IHD
Leg fat percentage (right) || id:ukb-b-20531,"Ischaemic heart disease, wide definition || id:finn-b-I9_IHD",ukb-b-20531,finn-b-I9_IHD,,rs12071132,0.407888831649805,0.0677617757343913,1.75007343436374e-09,IHD
Leg fat percentage (right) || id:ukb-b-20531,"Ischaemic heart disease, wide definition || id:finn-b-I9_IHD",ukb-b-20531,finn-b-I9_IHD,,rs12072739,0.402940554572361,0.0678247402742818,2.83447345080782e-09,IHD
Leg fat percentage (right) || id:ukb-b-20531,"Ischaemic heart disease, wide definition || id:finn-b-I9_IHD",ukb-b-20531,finn-b-I9_IHD,,rs12122664,0.402471611916001,0.0677328062136566,2.81482299266386e-09,IHD
Leg fat percentage (right) || id:ukb-b-20531,"Ischaemic heart disease, wide definition || id:finn-b-I9_IHD",ukb-b-20531,finn-b-I9_IHD,,rs12124126,0.402306646397069,0.0678395739660932,3.02446286696587e-09,IHD
Leg fat percentage (right) || id:ukb-b-20531,"Ischaemic heart disease, wide definition || id:finn-b-I9_IHD",ukb-b-20531,finn-b-I9_IHD,,rs12135541,0.407569543350122,0.0677695104767641,1.80939404746426e-09,IHD
Leg fat percentage (right) || id:ukb-b-20531,"Ischaemic heart disease, wide definition || id:finn-b-I9_IHD",ukb-b-20531,finn-b-I9_IHD,,rs12186509,0.407860283190404,0.0678010641319712,1.79283617589387e-09,IHD
Leg fat percentage (right) || id:ukb-b-20531,"Ischaemic heart disease, wide definition || id:finn-b-I9_IHD",ukb-b-20531,finn-b-I9_IHD,,rs1225004,0.404379054081721,0.0678672172224814,2.54741779355605e-09,IHD
Leg fat percentage (right) || id:ukb-b-20531,"Ischaemic heart disease, wide definition || id:finn-b-I9_IHD",ukb-b-20531,finn-b-I9_IHD,,rs1229984,0.405664198568843,0.0677996774364255,2.18693411866503e-09,IHD
Leg fat percentage (right) || id:ukb-b-20531,"Ischaemic heart disease, wide definition || id:finn-b-I9_IHD",ukb-b-20531,finn-b-I9_IHD,,rs12309338,0.406308594094236,0.067814127648672,2.07909643755315e-09,IHD
Leg fat percentage (right) || id:ukb-b-20531,"Ischaemic heart disease, wide definition || id:finn-b-I9_IHD",ukb-b-20531,finn-b-I9_IHD,,rs12316080,0.411593022154672,0.0677074789021056,1.20942624839363e-09,IHD
Leg fat percentage (right) || id:ukb-b-20531,"Ischaemic heart disease, wide definition || id:finn-b-I9_IHD",ukb-b-20531,finn-b-I9_IHD,,rs12343333,0.40602956624238,0.0678287419669648,2.14933539251783e-09,IHD
Leg fat percentage (right) || id:ukb-b-20531,"Ischaemic heart disease, wide definition || id:finn-b-I9_IHD",ukb-b-20531,finn-b-I9_IHD,,rs12362262,0.404913155190098,0.0678226116462941,2.36992927295624e-09,IHD
Leg fat percentage (right) || id:ukb-b-20531,"Ischaemic heart disease, wide definition || id:finn-b-I9_IHD",ukb-b-20531,finn-b-I9_IHD,,rs12375196,0.405303656036272,0.0678481620324422,2.31951205350097e-09,IHD
Leg fat percentage (right) || id:ukb-b-20531,"Ischaemic heart disease, wide definition || id:finn-b-I9_IHD",ukb-b-20531,finn-b-I9_IHD,,rs12413353,0.40769991628591,0.0677786119628649,1.79697314757735e-09,IHD
Leg fat percentage (right) || id:ukb-b-20531,"Ischaemic heart disease, wide definition || id:finn-b-I9_IHD",ukb-b-20531,finn-b-I9_IHD,,rs12435249,0.407026739886927,0.0678179240603086,1.95192980201967e-09,IHD
Leg fat percentage (right) || id:ukb-b-20531,"Ischaemic heart disease, wide definition || id:finn-b-I9_IHD",ukb-b-20531,finn-b-I9_IHD,,rs12441543,0.409845782287857,0.067678313441831,1.39728545368277e-09,IHD
Leg fat percentage (right) || id:ukb-b-20531,"Ischaemic heart disease, wide definition || id:finn-b-I9_IHD",ukb-b-20531,finn-b-I9_IHD,,rs12461110,0.405995765633088,0.067818098786363,2.1435180404308e-09,IHD
Leg fat percentage (right) || id:ukb-b-20531,"Ischaemic heart disease, wide definition || id:finn-b-I9_IHD",ukb-b-20531,finn-b-I9_IHD,,rs12462975,0.413341722130717,0.0673934623672156,8.60955008243648e-10,IHD
Leg fat percentage (right) || id:ukb-b-20531,"Ischaemic heart disease, wide definition || id:finn-b-I9_IHD",ukb-b-20531,finn-b-I9_IHD,,rs12480556,0.408059497291964,0.0677639589594487,1.72511719921747e-09,IHD
Leg fat percentage (right) || id:ukb-b-20531,"Ischaemic heart disease, wide definition || id:finn-b-I9_IHD",ukb-b-20531,finn-b-I9_IHD,,rs12531825,0.403985447823319,0.0678223488435661,2.57659307833479e-09,IHD
Leg fat percentage (right) || id:ukb-b-20531,"Ischaemic heart disease, wide definition || id:finn-b-I9_IHD",ukb-b-20531,finn-b-I9_IHD,,rs12538435,0.405014392652296,0.0678421684164237,2.37325463948203e-09,IHD
Leg fat percentage (right) || id:ukb-b-20531,"Ischaemic heart disease, wide definition || id:finn-b-I9_IHD",ukb-b-20531,finn-b-I9_IHD,,rs12540060,0.402409281890217,0.0676830468546979,2.75621042046452e-09,IHD
Leg fat percentage (right) || id:ukb-b-20531,"Ischaemic heart disease, wide definition || id:finn-b-I9_IHD",ukb-b-20531,finn-b-I9_IHD,,rs1256570,0.403003683363815,0.067666451157497,2.58900142351203e-09,IHD
Leg fat percentage (right) || id:ukb-b-20531,"Ischaemic heart disease, wide definition || id:finn-b-I9_IHD",ukb-b-20531,finn-b-I9_IHD,,rs12588874,0.408268186587238,0.0678281140272963,1.75325849698502e-09,IHD
Leg fat percentage (right) || id:ukb-b-20531,"Ischaemic heart disease, wide definition || id:finn-b-I9_IHD",ukb-b-20531,finn-b-I9_IHD,,rs12607778,0.408549383054587,0.0677143536428533,1.60521845232014e-09,IHD
Leg fat percentage (right) || id:ukb-b-20531,"Ischaemic heart disease, wide definition || id:finn-b-I9_IHD",ukb-b-20531,finn-b-I9_IHD,,rs12628603,0.404120610862356,0.0678185303245193,2.54015420962827e-09,IHD
Leg fat percentage (right) || id:ukb-b-20531,"Ischaemic heart disease, wide definition || id:finn-b-I9_IHD",ukb-b-20531,finn-b-I9_IHD,,rs12635614,0.405267706813249,0.0678606857240033,2.34284374787634e-09,IHD
Leg fat percentage (right) || id:ukb-b-20531,"Ischaemic heart disease, wide definition || id:finn-b-I9_IHD",ukb-b-20531,finn-b-I9_IHD,,rs12665922,0.406062219764152,0.0678348117571599,2.15005217168705e-09,IHD
Leg fat percentage (right) || id:ukb-b-20531,"Ischaemic heart disease, wide definition || id:finn-b-I9_IHD",ukb-b-20531,finn-b-I9_IHD,,rs12724928,0.409577027298506,0.0678038389685847,1.53525941264763e-09,IHD
Leg fat percentage (right) || id:ukb-b-20531,"Ischaemic heart disease, wide definition || id:finn-b-I9_IHD",ukb-b-20531,finn-b-I9_IHD,,rs1274232,0.407673347036051,0.0677412624257923,1.76481707856356e-09,IHD
Leg fat percentage (right) || id:ukb-b-20531,"Ischaemic heart disease, wide definition || id:finn-b-I9_IHD",ukb-b-20531,finn-b-I9_IHD,,rs12803615,0.406421870471228,0.0678289366287295,2.07447370098475e-09,IHD
Leg fat percentage (right) || id:ukb-b-20531,"Ischaemic heart disease, wide definition || id:finn-b-I9_IHD",ukb-b-20531,finn-b-I9_IHD,,rs12806052,0.399058751967198,0.067457420957055,3.30440676448051e-09,IHD
Leg fat percentage (right) || id:ukb-b-20531,"Ischaemic heart disease, wide definition || id:finn-b-I9_IHD",ukb-b-20531,finn-b-I9_IHD,,rs12877270,0.403662583246903,0.0677701547360664,2.57937772186159e-09,IHD
Leg fat percentage (right) || id:ukb-b-20531,"Ischaemic heart disease, wide definition || id:finn-b-I9_IHD",ukb-b-20531,finn-b-I9_IHD,,rs12890931,0.403325052031198,0.0678370757412707,2.75621240056791e-09,IHD
Leg fat percentage (right) || id:ukb-b-20531,"Ischaemic heart disease, wide definition || id:finn-b-I9_IHD",ukb-b-20531,finn-b-I9_IHD,,rs12895351,0.401562925030572,0.0676923842535369,2.98951623776002e-09,IHD
Leg fat percentage (right) || id:ukb-b-20531,"Ischaemic heart disease, wide definition || id:finn-b-I9_IHD",ukb-b-20531,finn-b-I9_IHD,,rs12907408,0.407006458004603,0.0678297498765748,1.96817264248829e-09,IHD
Leg fat percentage (right) || id:ukb-b-20531,"Ischaemic heart disease, wide definition || id:finn-b-I9_IHD",ukb-b-20531,finn-b-I9_IHD,,rs12932141,0.407794501128033,0.0677914839658385,1.79416766351283e-09,IHD
Leg fat percentage (right) || id:ukb-b-20531,"Ischaemic heart disease, wide definition || id:finn-b-I9_IHD",ukb-b-20531,finn-b-I9_IHD,,rs12937411,0.401724997737944,0.0677552672576606,3.04675044427707e-09,IHD
Leg fat percentage (right) || id:ukb-b-20531,"Ischaemic heart disease, wide definition || id:finn-b-I9_IHD",ukb-b-20531,finn-b-I9_IHD,,rs12996154,0.404524845961057,0.067795161384927,2.41849442467808e-09,IHD
Leg fat percentage (right) || id:ukb-b-20531,"Ischaemic heart disease, wide definition || id:finn-b-I9_IHD",ukb-b-20531,finn-b-I9_IHD,,rs13026103,0.405466653836309,0.0678395636729206,2.27498472083475e-09,IHD
Leg fat percentage (right) || id:ukb-b-20531,"Ischaemic heart disease, wide definition || id:finn-b-I9_IHD",ukb-b-20531,finn-b-I9_IHD,,rs13033310,0.405899211795133,0.0678338722869147,2.18091919960051e-09,IHD
Leg fat percentage (right) || id:ukb-b-20531,"Ischaemic heart disease, wide definition || id:finn-b-I9_IHD",ukb-b-20531,finn-b-I9_IHD,,rs13107325,0.408192122899641,0.0677236387991282,1.66699520425986e-09,IHD
Leg fat percentage (right) || id:ukb-b-20531,"Ischaemic heart disease, wide definition || id:finn-b-I9_IHD",ukb-b-20531,finn-b-I9_IHD,,rs13135442,0.405211863752429,0.0678212589214161,2.3051005977921e-09,IHD
Leg fat percentage (right) || id:ukb-b-20531,"Ischaemic heart disease, wide definition || id:finn-b-I9_IHD",ukb-b-20531,finn-b-I9_IHD,,rs13177679,0.408608251421309,0.0677853412931655,1.66028106689466e-09,IHD
Leg fat percentage (right) || id:ukb-b-20531,"Ischaemic heart disease, wide definition || id:finn-b-I9_IHD",ukb-b-20531,finn-b-I9_IHD,,rs1322842,0.404791122971546,0.067859812080539,2.44471954207981e-09,IHD
Leg fat percentage (right) || id:ukb-b-20531,"Ischaemic heart disease, wide definition || id:finn-b-I9_IHD",ukb-b-20531,finn-b-I9_IHD,,rs13249935,0.403476381015494,0.0677694039375999,2.62201997314322e-09,IHD
Leg fat percentage (right) || id:ukb-b-20531,"Ischaemic heart disease, wide definition || id:finn-b-I9_IHD",ukb-b-20531,finn-b-I9_IHD,,rs13320698,0.405007680285456,0.0678155415452506,2.34081604181879e-09,IHD
Leg fat percentage (right) || id:ukb-b-20531,"Ischaemic heart disease, wide definition || id:finn-b-I9_IHD",ukb-b-20531,finn-b-I9_IHD,,rs13330107,0.405228099700483,0.0678176259899885,2.29720351162809e-09,IHD
Leg fat percentage (right) || id:ukb-b-20531,"Ischaemic heart disease, wide definition || id:finn-b-I9_IHD",ukb-b-20531,finn-b-I9_IHD,,rs13360957,0.406695275052749,0.0678166272672677,2.01015010972171e-09,IHD
Leg fat percentage (right) || id:ukb-b-20531,"Ischaemic heart disease, wide definition || id:finn-b-I9_IHD",ukb-b-20531,finn-b-I9_IHD,,rs13389219,0.413664600831906,0.0675993007953719,9.39506805844816e-10,IHD
Leg fat percentage (right) || id:ukb-b-20531,"Ischaemic heart disease, wide definition || id:finn-b-I9_IHD",ukb-b-20531,finn-b-I9_IHD,,rs13427822,0.403746970778684,0.0678374453631775,2.65399034061205e-09,IHD
Leg fat percentage (right) || id:ukb-b-20531,"Ischaemic heart disease, wide definition || id:finn-b-I9_IHD",ukb-b-20531,finn-b-I9_IHD,,rs1350519,0.407250445078144,0.0678038318575284,1.89799850087413e-09,IHD
Leg fat percentage (right) || id:ukb-b-20531,"Ischaemic heart disease, wide definition || id:finn-b-I9_IHD",ukb-b-20531,finn-b-I9_IHD,,rs1360201,0.404314176832397,0.0677978040630617,2.46847480643225e-09,IHD
Leg fat percentage (right) || id:ukb-b-20531,"Ischaemic heart disease, wide definition || id:finn-b-I9_IHD",ukb-b-20531,finn-b-I9_IHD,,rs1360827,0.403124912045219,0.0677310559213618,2.65132457095586e-09,IHD
Leg fat percentage (right) || id:ukb-b-20531,"Ischaemic heart disease, wide definition || id:finn-b-I9_IHD",ukb-b-20531,finn-b-I9_IHD,,rs1377184,0.406309940952284,0.0678340789447819,2.1014924027906e-09,IHD
Leg fat percentage (right) || id:ukb-b-20531,"Ischaemic heart disease, wide definition || id:finn-b-I9_IHD",ukb-b-20531,finn-b-I9_IHD,,rs137984657,0.40558828074997,0.067784862344358,2.18441390687503e-09,IHD
Leg fat percentage (right) || id:ukb-b-20531,"Ischaemic heart disease, wide definition || id:finn-b-I9_IHD",ukb-b-20531,finn-b-I9_IHD,,rs1412239,0.405299393598082,0.067920964594374,2.41328721583899e-09,IHD
Leg fat percentage (right) || id:ukb-b-20531,"Ischaemic heart disease, wide definition || id:finn-b-I9_IHD",ukb-b-20531,finn-b-I9_IHD,,rs141412365,0.407046460205375,0.0677627967549454,1.89067659109315e-09,IHD
Leg fat percentage (right) || id:ukb-b-20531,"Ischaemic heart disease, wide definition || id:finn-b-I9_IHD",ukb-b-20531,finn-b-I9_IHD,,rs1414595,0.408478115474289,0.0677542641170053,1.65163328896464e-09,IHD
Leg fat percentage (right) || id:ukb-b-20531,"Ischaemic heart disease, wide definition || id:finn-b-I9_IHD",ukb-b-20531,finn-b-I9_IHD,,rs1415476,0.40391592810706,0.0677633486258536,2.51183832248035e-09,IHD
Leg fat percentage (right) || id:ukb-b-20531,"Ischaemic heart disease, wide definition || id:finn-b-I9_IHD",ukb-b-20531,finn-b-I9_IHD,,rs1421085,0.394466104671473,0.068674586414312,9.24715134483702e-09,IHD
Leg fat percentage (right) || id:ukb-b-20531,"Ischaemic heart disease, wide definition || id:finn-b-I9_IHD",ukb-b-20531,finn-b-I9_IHD,,rs1423534,0.406601857801265,0.0678138191890507,2.02417009095213e-09,IHD
Leg fat percentage (right) || id:ukb-b-20531,"Ischaemic heart disease, wide definition || id:finn-b-I9_IHD",ukb-b-20531,finn-b-I9_IHD,,rs1427027,0.404210957176536,0.0677876356384634,2.47798640787633e-09,IHD
Leg fat percentage (right) || id:ukb-b-20531,"Ischaemic heart disease, wide definition || id:finn-b-I9_IHD",ukb-b-20531,finn-b-I9_IHD,,rs1444506,0.4082678822755,0.0677568396523748,1.68602311938482e-09,IHD
Leg fat percentage (right) || id:ukb-b-20531,"Ischaemic heart disease, wide definition || id:finn-b-I9_IHD",ukb-b-20531,finn-b-I9_IHD,,rs1446585,0.402265489166007,0.0678002725419315,2.97275890101084e-09,IHD
Leg fat percentage (right) || id:ukb-b-20531,"Ischaemic heart disease, wide definition || id:finn-b-I9_IHD",ukb-b-20531,finn-b-I9_IHD,,rs1450163,0.404096763537154,0.0677748531383525,2.48650057798004e-09,IHD
Leg fat percentage (right) || id:ukb-b-20531,"Ischaemic heart disease, wide definition || id:finn-b-I9_IHD",ukb-b-20531,finn-b-I9_IHD,,rs1452074,0.403142776566752,0.0677597640753432,2.68815923823308e-09,IHD
Leg fat percentage (right) || id:ukb-b-20531,"Ischaemic heart disease, wide definition || id:finn-b-I9_IHD",ukb-b-20531,finn-b-I9_IHD,,rs145585494,0.406152936405849,0.0677997853664522,2.0922871213395e-09,IHD
Leg fat percentage (right) || id:ukb-b-20531,"Ischaemic heart disease, wide definition || id:finn-b-I9_IHD",ukb-b-20531,finn-b-I9_IHD,,rs1456014,0.404553232364778,0.067853783427187,2.48967468568652e-09,IHD
Leg fat percentage (right) || id:ukb-b-20531,"Ischaemic heart disease, wide definition || id:finn-b-I9_IHD",ukb-b-20531,finn-b-I9_IHD,,rs145828988,0.406592545275559,0.0678340910845791,2.04834181969913e-09,IHD
Leg fat percentage (right) || id:ukb-b-20531,"Ischaemic heart disease, wide definition || id:finn-b-I9_IHD",ukb-b-20531,finn-b-I9_IHD,,rs1477290,0.40469611267259,0.0679203628947056,2.5473268891374e-09,IHD
Leg fat percentage (right) || id:ukb-b-20531,"Ischaemic heart disease, wide definition || id:finn-b-I9_IHD",ukb-b-20531,finn-b-I9_IHD,,rs147730268,0.408891172330816,0.067872578885823,1.69744169715722e-09,IHD
Leg fat percentage (right) || id:ukb-b-20531,"Ischaemic heart disease, wide definition || id:finn-b-I9_IHD",ukb-b-20531,finn-b-I9_IHD,,rs148143761,0.411693879874971,0.0676924724847529,1.18821032411407e-09,IHD
Leg fat percentage (right) || id:ukb-b-20531,"Ischaemic heart disease, wide definition || id:finn-b-I9_IHD",ukb-b-20531,finn-b-I9_IHD,,rs148636479,0.405092910751641,0.0677735355905132,2.27068468913801e-09,IHD
Leg fat percentage (right) || id:ukb-b-20531,"Ischaemic heart disease, wide definition || id:finn-b-I9_IHD",ukb-b-20531,finn-b-I9_IHD,,rs148930049,0.404976595930107,0.0678059947306355,2.33533352415889e-09,IHD
Leg fat percentage (right) || id:ukb-b-20531,"Ischaemic heart disease, wide definition || id:finn-b-I9_IHD",ukb-b-20531,finn-b-I9_IHD,,rs1504369,0.407574420140115,0.0677955149051454,1.83452159810158e-09,IHD
Leg fat percentage (right) || id:ukb-b-20531,"Ischaemic heart disease, wide definition || id:finn-b-I9_IHD",ukb-b-20531,finn-b-I9_IHD,,rs1515720,0.405363482469948,0.0678200332991256,2.27219567465106e-09,IHD
Leg fat percentage (right) || id:ukb-b-20531,"Ischaemic heart disease, wide definition || id:finn-b-I9_IHD",ukb-b-20531,finn-b-I9_IHD,,rs1516797,0.407365075299197,0.0678095425375985,1.88418681371982e-09,IHD
Leg fat percentage (right) || id:ukb-b-20531,"Ischaemic heart disease, wide definition || id:finn-b-I9_IHD",ukb-b-20531,finn-b-I9_IHD,,rs1531592,0.40808261575202,0.0677513460507418,1.70959673241232e-09,IHD
Leg fat percentage (right) || id:ukb-b-20531,"Ischaemic heart disease, wide definition || id:finn-b-I9_IHD",ukb-b-20531,finn-b-I9_IHD,,rs1554654,0.403744877201505,0.0678403022865484,2.658559941881e-09,IHD
Leg fat percentage (right) || id:ukb-b-20531,"Ischaemic heart disease, wide definition || id:finn-b-I9_IHD",ukb-b-20531,finn-b-I9_IHD,,rs1568489,0.399337556722899,0.0675763811696898,3.43303922469411e-09,IHD
Leg fat percentage (right) || id:ukb-b-20531,"Ischaemic heart disease, wide definition || id:finn-b-I9_IHD",ukb-b-20531,finn-b-I9_IHD,,rs1596032,0.407752288425814,0.0678141327676023,1.82354731476568e-09,IHD
Leg fat percentage (right) || id:ukb-b-20531,"Ischaemic heart disease, wide definition || id:finn-b-I9_IHD",ukb-b-20531,finn-b-I9_IHD,,rs1668135,0.406675710260033,0.0678188005058078,2.01610614348701e-09,IHD
Leg fat percentage (right) || id:ukb-b-20531,"Ischaemic heart disease, wide definition || id:finn-b-I9_IHD",ukb-b-20531,finn-b-I9_IHD,,rs16871902,0.404601486759185,0.0678116090924006,2.42319648789585e-09,IHD
Leg fat percentage (right) || id:ukb-b-20531,"Ischaemic heart disease, wide definition || id:finn-b-I9_IHD",ukb-b-20531,finn-b-I9_IHD,,rs16916303,0.411134101988356,0.067573475859871,1.1703590258224e-09,IHD
Leg fat percentage (right) || id:ukb-b-20531,"Ischaemic heart disease, wide definition || id:finn-b-I9_IHD",ukb-b-20531,finn-b-I9_IHD,,rs16941684,0.404589206636947,0.0678214497966727,2.4387838670696e-09,IHD
Leg fat percentage (right) || id:ukb-b-20531,"Ischaemic heart disease, wide definition || id:finn-b-I9_IHD",ukb-b-20531,finn-b-I9_IHD,,rs16996657,0.405096510447533,0.0678627846071166,2.38205001459716e-09,IHD
Leg fat percentage (right) || id:ukb-b-20531,"Ischaemic heart disease, wide definition || id:finn-b-I9_IHD",ukb-b-20531,finn-b-I9_IHD,,rs17024393,0.417430833241569,0.0676350587386035,6.75119625465807e-10,IHD
Leg fat percentage (right) || id:ukb-b-20531,"Ischaemic heart disease, wide definition || id:finn-b-I9_IHD",ukb-b-20531,finn-b-I9_IHD,,rs17037390,0.413529338784059,0.0669571843272914,6.57349956641283e-10,IHD
Leg fat percentage (right) || id:ukb-b-20531,"Ischaemic heart disease, wide definition || id:finn-b-I9_IHD",ukb-b-20531,finn-b-I9_IHD,,rs17095778,0.408073049162373,0.0677320726480106,1.69305608459469e-09,IHD
Leg fat percentage (right) || id:ukb-b-20531,"Ischaemic heart disease, wide definition || id:finn-b-I9_IHD",ukb-b-20531,finn-b-I9_IHD,,rs17193211,0.40711143962908,0.0678319244249211,1.95181051502074e-09,IHD
Leg fat percentage (right) || id:ukb-b-20531,"Ischaemic heart disease, wide definition || id:finn-b-I9_IHD",ukb-b-20531,finn-b-I9_IHD,,rs1724557,0.409901604603348,0.0677791192197055,1.47011296445076e-09,IHD
Leg fat percentage (right) || id:ukb-b-20531,"Ischaemic heart disease, wide definition || id:finn-b-I9_IHD",ukb-b-20531,finn-b-I9_IHD,,rs1728380,0.406767298429472,0.0678191077729642,1.99974982277581e-09,IHD
Leg fat percentage (right) || id:ukb-b-20531,"Ischaemic heart disease, wide definition || id:finn-b-I9_IHD",ukb-b-20531,finn-b-I9_IHD,,rs17446091,0.404806285602645,0.0678317583291237,2.4047564891007e-09,IHD
Leg fat percentage (right) || id:ukb-b-20531,"Ischaemic heart disease, wide definition || id:finn-b-I9_IHD",ukb-b-20531,finn-b-I9_IHD,,rs17522122,0.405103724111144,0.0678663462906373,2.38507355246878e-09,IHD
Leg fat percentage (right) || id:ukb-b-20531,"Ischaemic heart disease, wide definition || id:finn-b-I9_IHD",ukb-b-20531,finn-b-I9_IHD,,rs17704679,0.404679773733868,0.0678053696910141,2.39803583731572e-09,IHD
Leg fat percentage (right) || id:ukb-b-20531,"Ischaemic heart disease, wide definition || id:finn-b-I9_IHD",ukb-b-20531,finn-b-I9_IHD,,rs1776209,0.400314101501378,0.0674506543440056,2.93992426201975e-09,IHD
Leg fat percentage (right) || id:ukb-b-20531,"Ischaemic heart disease, wide definition || id:finn-b-I9_IHD",ukb-b-20531,finn-b-I9_IHD,,rs17781552,0.408272723168948,0.0677628964471701,1.69089996776225e-09,IHD
Leg fat percentage (right) || id:ukb-b-20531,"Ischaemic heart disease, wide definition || id:finn-b-I9_IHD",ukb-b-20531,finn-b-I9_IHD,,rs17820064,0.408979331321561,0.0677968610859578,1.61519501280904e-09,IHD
Leg fat percentage (right) || id:ukb-b-20531,"Ischaemic heart disease, wide definition || id:finn-b-I9_IHD",ukb-b-20531,finn-b-I9_IHD,,rs1782508,0.402339055613205,0.0677199647169752,2.82912536699551e-09,IHD
Leg fat percentage (right) || id:ukb-b-20531,"Ischaemic heart disease, wide definition || id:finn-b-I9_IHD",ukb-b-20531,finn-b-I9_IHD,,rs1801282,0.414460529653011,0.0679107151393338,1.0408207410577e-09,IHD
Leg fat percentage (right) || id:ukb-b-20531,"Ischaemic heart disease, wide definition || id:finn-b-I9_IHD",ukb-b-20531,finn-b-I9_IHD,,rs1808629,0.40420048730482,0.0679042348243308,2.64064548742431e-09,IHD
Leg fat percentage (right) || id:ukb-b-20531,"Ischaemic heart disease, wide definition || id:finn-b-I9_IHD",ukb-b-20531,finn-b-I9_IHD,,rs1822186,0.403444982770463,0.0677536919131266,2.60735762446683e-09,IHD
Leg fat percentage (right) || id:ukb-b-20531,"Ischaemic heart disease, wide definition || id:finn-b-I9_IHD",ukb-b-20531,finn-b-I9_IHD,,rs1854225,0.405656549581778,0.0678220900750483,2.21518465918857e-09,IHD
Leg fat percentage (right) || id:ukb-b-20531,"Ischaemic heart disease, wide definition || id:finn-b-I9_IHD",ukb-b-20531,finn-b-I9_IHD,,rs1861410,0.402079645895817,0.0678096577491093,3.03796294094258e-09,IHD
Leg fat percentage (right) || id:ukb-b-20531,"Ischaemic heart disease, wide definition || id:finn-b-I9_IHD",ukb-b-20531,finn-b-I9_IHD,,rs1863366,0.403305216653105,0.0677284155193287,2.60482984976733e-09,IHD
Leg fat percentage (right) || id:ukb-b-20531,"Ischaemic heart disease, wide definition || id:finn-b-I9_IHD",ukb-b-20531,finn-b-I9_IHD,,rs1865454,0.404401129585728,0.0678092511674621,2.46431289060147e-09,IHD
Leg fat percentage (right) || id:ukb-b-20531,"Ischaemic heart disease, wide definition || id:finn-b-I9_IHD",ukb-b-20531,finn-b-I9_IHD,,rs1886558,0.406225852995903,0.0678728673980505,2.16257848729655e-09,IHD
Leg fat percentage (right) || id:ukb-b-20531,"Ischaemic heart disease, wide definition || id:finn-b-I9_IHD",ukb-b-20531,finn-b-I9_IHD,,rs1887340,0.402351219169963,0.0678018243285945,2.95238365424873e-09,IHD
Leg fat percentage (right) || id:ukb-b-20531,"Ischaemic heart disease, wide definition || id:finn-b-I9_IHD",ukb-b-20531,finn-b-I9_IHD,,rs1907721,0.402774303461715,0.06772645392607,2.72976295598252e-09,IHD
Leg fat percentage (right) || id:ukb-b-20531,"Ischaemic heart disease, wide definition || id:finn-b-I9_IHD",ukb-b-20531,finn-b-I9_IHD,,rs1918898,0.402234949706731,0.0676359839680388,2.73008883886249e-09,IHD
Leg fat percentage (right) || id:ukb-b-20531,"Ischaemic heart disease, wide definition || id:finn-b-I9_IHD",ukb-b-20531,finn-b-I9_IHD,,rs1928496,0.408569257750098,0.0678240139854945,1.70198732824756e-09,IHD
Leg fat percentage (right) || id:ukb-b-20531,"Ischaemic heart disease, wide definition || id:finn-b-I9_IHD",ukb-b-20531,finn-b-I9_IHD,,rs1928957,0.403797114110626,0.0677786827726121,2.55996034290762e-09,IHD
Leg fat percentage (right) || id:ukb-b-20531,"Ischaemic heart disease, wide definition || id:finn-b-I9_IHD",ukb-b-20531,finn-b-I9_IHD,,rs197374,0.40659903730204,0.0678265362979307,2.03874374731368e-09,IHD
Leg fat percentage (right) || id:ukb-b-20531,"Ischaemic heart disease, wide definition || id:finn-b-I9_IHD",ukb-b-20531,finn-b-I9_IHD,,rs1981612,0.405545622996296,0.0678353876055559,2.25369604582932e-09,IHD
Leg fat percentage (right) || id:ukb-b-20531,"Ischaemic heart disease, wide definition || id:finn-b-I9_IHD",ukb-b-20531,finn-b-I9_IHD,,rs2034768,0.403151631839793,0.0678432293899819,2.80878359753855e-09,IHD
Leg fat percentage (right) || id:ukb-b-20531,"Ischaemic heart disease, wide definition || id:finn-b-I9_IHD",ukb-b-20531,finn-b-I9_IHD,,rs2034946,0.407095202714908,0.0678113181651077,1.93285124622307e-09,IHD
Leg fat percentage (right) || id:ukb-b-20531,"Ischaemic heart disease, wide definition || id:finn-b-I9_IHD",ukb-b-20531,finn-b-I9_IHD,,rs2035936,0.404844907273077,0.0678385061445037,2.40511443557747e-09,IHD
Leg fat percentage (right) || id:ukb-b-20531,"Ischaemic heart disease, wide definition || id:finn-b-I9_IHD",ukb-b-20531,finn-b-I9_IHD,,rs207466,0.403895999080741,0.0677898359966699,2.55247764548566e-09,IHD
Leg fat percentage (right) || id:ukb-b-20531,"Ischaemic heart disease, wide definition || id:finn-b-I9_IHD",ukb-b-20531,finn-b-I9_IHD,,rs208477,0.405233640670797,0.0678418154282455,2.32625289690878e-09,IHD
Leg fat percentage (right) || id:ukb-b-20531,"Ischaemic heart disease, wide definition || id:finn-b-I9_IHD",ukb-b-20531,finn-b-I9_IHD,,rs2088518,0.409762548031919,0.0678677056163208,1.56359147095598e-09,IHD
Leg fat percentage (right) || id:ukb-b-20531,"Ischaemic heart disease, wide definition || id:finn-b-I9_IHD",ukb-b-20531,finn-b-I9_IHD,,rs2108635,0.408473216334756,0.0677913156567887,1.68639233800784e-09,IHD
Leg fat percentage (right) || id:ukb-b-20531,"Ischaemic heart disease, wide definition || id:finn-b-I9_IHD",ukb-b-20531,finn-b-I9_IHD,,rs215669,0.404489140140285,0.0678473536730305,2.49546709757594e-09,IHD
Leg fat percentage (right) || id:ukb-b-20531,"Ischaemic heart disease, wide definition || id:finn-b-I9_IHD",ukb-b-20531,finn-b-I9_IHD,,rs2165468,0.410326214439524,0.0676644377019323,1.32666549486378e-09,IHD
Leg fat percentage (right) || id:ukb-b-20531,"Ischaemic heart disease, wide definition || id:finn-b-I9_IHD",ukb-b-20531,finn-b-I9_IHD,,rs2172131,0.400967592793742,0.0677325263831899,3.22200771765498e-09,IHD
Leg fat percentage (right) || id:ukb-b-20531,"Ischaemic heart disease, wide definition || id:finn-b-I9_IHD",ukb-b-20531,finn-b-I9_IHD,,rs2174267,0.405360743968989,0.0678177461207766,2.26994927671921e-09,IHD
Leg fat percentage (right) || id:ukb-b-20531,"Ischaemic heart disease, wide definition || id:finn-b-I9_IHD",ukb-b-20531,finn-b-I9_IHD,,rs2192158,0.40460999287234,0.0678215939710321,2.43439914842043e-09,IHD
Leg fat percentage (right) || id:ukb-b-20531,"Ischaemic heart disease, wide definition || id:finn-b-I9_IHD",ukb-b-20531,finn-b-I9_IHD,,rs2209514,0.406638610323371,0.0678221184871551,2.02656094650231e-09,IHD
Leg fat percentage (right) || id:ukb-b-20531,"Ischaemic heart disease, wide definition || id:finn-b-I9_IHD",ukb-b-20531,finn-b-I9_IHD,,rs2216931,0.404399372634184,0.0678418405241703,2.50831056377662e-09,IHD
Leg fat percentage (right) || id:ukb-b-20531,"Ischaemic heart disease, wide definition || id:finn-b-I9_IHD",ukb-b-20531,finn-b-I9_IHD,,rs222857,0.401420047141447,0.0675976814608264,2.87869692814219e-09,IHD
Leg fat percentage (right) || id:ukb-b-20531,"Ischaemic heart disease, wide definition || id:finn-b-I9_IHD",ukb-b-20531,finn-b-I9_IHD,,rs2241743,0.403466068548613,0.0678224046780315,2.70014558820849e-09,IHD
Leg fat percentage (right) || id:ukb-b-20531,"Ischaemic heart disease, wide definition || id:finn-b-I9_IHD",ukb-b-20531,finn-b-I9_IHD,,rs2254614,0.404169084551651,0.0678754397159265,2.60755858953836e-09,IHD
Leg fat percentage (right) || id:ukb-b-20531,"Ischaemic heart disease, wide definition || id:finn-b-I9_IHD",ukb-b-20531,finn-b-I9_IHD,,rs2287821,0.40552889323791,0.0678807075354295,2.31306203373531e-09,IHD
Leg fat percentage (right) || id:ukb-b-20531,"Ischaemic heart disease, wide definition || id:finn-b-I9_IHD",ukb-b-20531,finn-b-I9_IHD,,rs2289379,0.411772493416985,0.0676520528976141,1.15317581281243e-09,IHD
Leg fat percentage (right) || id:ukb-b-20531,"Ischaemic heart disease, wide definition || id:finn-b-I9_IHD",ukb-b-20531,finn-b-I9_IHD,,rs2301597,0.407528473236451,0.0678292489009873,1.87649266775604e-09,IHD
Leg fat percentage (right) || id:ukb-b-20531,"Ischaemic heart disease, wide definition || id:finn-b-I9_IHD",ukb-b-20531,finn-b-I9_IHD,,rs2304616,0.404948399986592,0.0678104669107837,2.34695624889038e-09,IHD
Leg fat percentage (right) || id:ukb-b-20531,"Ischaemic heart disease, wide definition || id:finn-b-I9_IHD",ukb-b-20531,finn-b-I9_IHD,,rs2307111,0.409305282551493,0.0679280307291187,1.68511925361707e-09,IHD
Leg fat percentage (right) || id:ukb-b-20531,"Ischaemic heart disease, wide definition || id:finn-b-I9_IHD",ukb-b-20531,finn-b-I9_IHD,,rs2326844,0.403225466273281,0.0677325218942207,2.62944486015286e-09,IHD
Leg fat percentage (right) || id:ukb-b-20531,"Ischaemic heart disease, wide definition || id:finn-b-I9_IHD",ukb-b-20531,finn-b-I9_IHD,,rs2339683,0.403759906922726,0.0677816218773431,2.57263202415882e-09,IHD
Leg fat percentage (right) || id:ukb-b-20531,"Ischaemic heart disease, wide definition || id:finn-b-I9_IHD",ukb-b-20531,finn-b-I9_IHD,,rs2447097,0.406915792246255,0.0678066925834966,1.95966554843299e-09,IHD
Leg fat percentage (right) || id:ukb-b-20531,"Ischaemic heart disease, wide definition || id:finn-b-I9_IHD",ukb-b-20531,finn-b-I9_IHD,,rs2450444,0.407841562969635,0.0677741391344328,1.76959007949071e-09,IHD
Leg fat percentage (right) || id:ukb-b-20531,"Ischaemic heart disease, wide definition || id:finn-b-I9_IHD",ukb-b-20531,finn-b-I9_IHD,,rs2503185,0.404813416403565,0.0678351247637307,2.40757293252903e-09,IHD
Leg fat percentage (right) || id:ukb-b-20531,"Ischaemic heart disease, wide definition || id:finn-b-I9_IHD",ukb-b-20531,finn-b-I9_IHD,,rs2521763,0.403160726243477,0.067746928656178,2.66539044017911e-09,IHD
Leg fat percentage (right) || id:ukb-b-20531,"Ischaemic heart disease, wide definition || id:finn-b-I9_IHD",ukb-b-20531,finn-b-I9_IHD,,rs2543112,0.403596553049806,0.0677482740434111,2.56444799627509e-09,IHD
Leg fat percentage (right) || id:ukb-b-20531,"Ischaemic heart disease, wide definition || id:finn-b-I9_IHD",ukb-b-20531,finn-b-I9_IHD,,rs2605091,0.413975791216348,0.067653285203793,9.41177870651078e-10,IHD
Leg fat percentage (right) || id:ukb-b-20531,"Ischaemic heart disease, wide definition || id:finn-b-I9_IHD",ukb-b-20531,finn-b-I9_IHD,,rs2613498,0.405204661966387,0.0679071874459845,2.41601468888636e-09,IHD
Leg fat percentage (right) || id:ukb-b-20531,"Ischaemic heart disease, wide definition || id:finn-b-I9_IHD",ukb-b-20531,finn-b-I9_IHD,,rs2618062,0.40919218754704,0.0677348869460932,1.53081610623117e-09,IHD
Leg fat percentage (right) || id:ukb-b-20531,"Ischaemic heart disease, wide definition || id:finn-b-I9_IHD",ukb-b-20531,finn-b-I9_IHD,,rs262956,0.407118839789324,0.0678239947884995,1.94208544356506e-09,IHD
Leg fat percentage (right) || id:ukb-b-20531,"Ischaemic heart disease, wide definition || id:finn-b-I9_IHD",ukb-b-20531,finn-b-I9_IHD,,rs2656512,0.407420089725036,0.0678093029546428,1.87453896569226e-09,IHD
Leg fat percentage (right) || id:ukb-b-20531,"Ischaemic heart disease, wide definition || id:finn-b-I9_IHD",ukb-b-20531,finn-b-I9_IHD,,rs2660241,0.406807295658103,0.0678359463865693,2.01084990467258e-09,IHD
Leg fat percentage (right) || id:ukb-b-20531,"Ischaemic heart disease, wide definition || id:finn-b-I9_IHD",ukb-b-20531,finn-b-I9_IHD,,rs2676161,0.405801128031457,0.0678201456970129,2.18407155157393e-09,IHD
Leg fat percentage (right) || id:ukb-b-20531,"Ischaemic heart disease, wide definition || id:finn-b-I9_IHD",ukb-b-20531,finn-b-I9_IHD,,rs271590,0.406383996365827,0.0678319847924921,2.08505949205385e-09,IHD
Leg fat percentage (right) || id:ukb-b-20531,"Ischaemic heart disease, wide definition || id:finn-b-I9_IHD",ukb-b-20531,finn-b-I9_IHD,,rs2722217,0.404749737032527,0.067829321552036,2.41389811712641e-09,IHD
Leg fat percentage (right) || id:ukb-b-20531,"Ischaemic heart disease, wide definition || id:finn-b-I9_IHD",ukb-b-20531,finn-b-I9_IHD,,rs2725370,0.399554507773907,0.0676008111882327,3.41073509722587e-09,IHD
Leg fat percentage (right) || id:ukb-b-20531,"Ischaemic heart disease, wide definition || id:finn-b-I9_IHD",ukb-b-20531,finn-b-I9_IHD,,rs2726036,0.410708909380772,0.0678944034390193,1.45539127541128e-09,IHD
Leg fat percentage (right) || id:ukb-b-20531,"Ischaemic heart disease, wide definition || id:finn-b-I9_IHD",ukb-b-20531,finn-b-I9_IHD,,rs2727340,0.409727100947983,0.0677934036235571,1.50562880902832e-09,IHD
Leg fat percentage (right) || id:ukb-b-20531,"Ischaemic heart disease, wide definition || id:finn-b-I9_IHD",ukb-b-20531,finn-b-I9_IHD,,rs2733296,0.409844487013173,0.0677679474687927,1.46870768562879e-09,IHD
Leg fat percentage (right) || id:ukb-b-20531,"Ischaemic heart disease, wide definition || id:finn-b-I9_IHD",ukb-b-20531,finn-b-I9_IHD,,rs274111,0.40402590612028,0.0677917464214406,2.52531879550398e-09,IHD
Leg fat percentage (right) || id:ukb-b-20531,"Ischaemic heart disease, wide definition || id:finn-b-I9_IHD",ukb-b-20531,finn-b-I9_IHD,,rs2777657,0.408830032764764,0.0677362847326063,1.58359901096467e-09,IHD
Leg fat percentage (right) || id:ukb-b-20531,"Ischaemic heart disease, wide definition || id:finn-b-I9_IHD",ukb-b-20531,finn-b-I9_IHD,,rs2777770,0.40459076666286,0.0678039153290428,2.41550541906731e-09,IHD
Leg fat percentage (right) || id:ukb-b-20531,"Ischaemic heart disease, wide definition || id:finn-b-I9_IHD",ukb-b-20531,finn-b-I9_IHD,,rs2794665,0.405560868481432,0.067833331893617,2.24808816999943e-09,IHD
Leg fat percentage (right) || id:ukb-b-20531,"Ischaemic heart disease, wide definition || id:finn-b-I9_IHD",ukb-b-20531,finn-b-I9_IHD,,rs2798297,0.401811008310135,0.0676824537397816,2.90800771301352e-09,IHD
Leg fat percentage (right) || id:ukb-b-20531,"Ischaemic heart disease, wide definition || id:finn-b-I9_IHD",ukb-b-20531,finn-b-I9_IHD,,rs2802295,0.403967993845021,0.0678308058339013,2.59239809131298e-09,IHD
Leg fat percentage (right) || id:ukb-b-20531,"Ischaemic heart disease, wide definition || id:finn-b-I9_IHD",ukb-b-20531,finn-b-I9_IHD,,rs2823093,0.409525139871649,0.067596808985464,1.37524752828276e-09,IHD
Leg fat percentage (right) || id:ukb-b-20531,"Ischaemic heart disease, wide definition || id:finn-b-I9_IHD",ukb-b-20531,finn-b-I9_IHD,,rs28431181,0.405441523419492,0.0678772066131707,2.32699202328795e-09,IHD
Leg fat percentage (right) || id:ukb-b-20531,"Ischaemic heart disease, wide definition || id:finn-b-I9_IHD",ukb-b-20531,finn-b-I9_IHD,,rs28450038,0.404909947864812,0.0678076612709404,2.35156493534162e-09,IHD
Leg fat percentage (right) || id:ukb-b-20531,"Ischaemic heart disease, wide definition || id:finn-b-I9_IHD",ukb-b-20531,finn-b-I9_IHD,,rs28457808,0.404120864139114,0.0678728022345002,2.61520719571465e-09,IHD
Leg fat percentage (right) || id:ukb-b-20531,"Ischaemic heart disease, wide definition || id:finn-b-I9_IHD",ukb-b-20531,finn-b-I9_IHD,,rs28475375,0.404598537652096,0.0677988865927618,2.40727348127148e-09,IHD
Leg fat percentage (right) || id:ukb-b-20531,"Ischaemic heart disease, wide definition || id:finn-b-I9_IHD",ukb-b-20531,finn-b-I9_IHD,,rs2848758,0.406864958134674,0.0678178474415441,1.98073770413324e-09,IHD
Leg fat percentage (right) || id:ukb-b-20531,"Ischaemic heart disease, wide definition || id:finn-b-I9_IHD",ukb-b-20531,finn-b-I9_IHD,,rs2861685,0.405888619648517,0.0678544096568522,2.20742830003145e-09,IHD
Leg fat percentage (right) || id:ukb-b-20531,"Ischaemic heart disease, wide definition || id:finn-b-I9_IHD",ukb-b-20531,finn-b-I9_IHD,,rs28670671,0.409776860210703,0.0676646194557533,1.39548965135437e-09,IHD
Leg fat percentage (right) || id:ukb-b-20531,"Ischaemic heart disease, wide definition || id:finn-b-I9_IHD",ukb-b-20531,finn-b-I9_IHD,,rs28711392,0.402634461128512,0.067798664208984,2.87328913903212e-09,IHD
Leg fat percentage (right) || id:ukb-b-20531,"Ischaemic heart disease, wide definition || id:finn-b-I9_IHD",ukb-b-20531,finn-b-I9_IHD,,rs28726372,0.401742561830945,0.0676780776425723,2.91915331110209e-09,IHD
Leg fat percentage (right) || id:ukb-b-20531,"Ischaemic heart disease, wide definition || id:finn-b-I9_IHD",ukb-b-20531,finn-b-I9_IHD,,rs28811003,0.407642737301437,0.0677817834482984,1.80949560548056e-09,IHD
Leg fat percentage (right) || id:ukb-b-20531,"Ischaemic heart disease, wide definition || id:finn-b-I9_IHD",ukb-b-20531,finn-b-I9_IHD,,rs2917705,0.40617659392627,0.0678209747620187,2.11196874267878e-09,IHD
Leg fat percentage (right) || id:ukb-b-20531,"Ischaemic heart disease, wide definition || id:finn-b-I9_IHD",ukb-b-20531,finn-b-I9_IHD,,rs2929458,0.40714040599812,0.067801684848114,1.91483478969199e-09,IHD
Leg fat percentage (right) || id:ukb-b-20531,"Ischaemic heart disease, wide definition || id:finn-b-I9_IHD",ukb-b-20531,finn-b-I9_IHD,,rs2935905,0.404455109858607,0.0678097534215901,2.45299285684762e-09,IHD
Leg fat percentage (right) || id:ukb-b-20531,"Ischaemic heart disease, wide definition || id:finn-b-I9_IHD",ukb-b-20531,finn-b-I9_IHD,,rs2943653,0.413624805724696,0.0671907944283295,7.46173099247799e-10,IHD
Leg fat percentage (right) || id:ukb-b-20531,"Ischaemic heart disease, wide definition || id:finn-b-I9_IHD",ukb-b-20531,finn-b-I9_IHD,,rs2954033,0.414330391868109,0.0671901556837748,6.98029959280658e-10,IHD
Leg fat percentage (right) || id:ukb-b-20531,"Ischaemic heart disease, wide definition || id:finn-b-I9_IHD",ukb-b-20531,finn-b-I9_IHD,,rs2962334,0.404954664811648,0.0678224607395545,2.36086272422977e-09,IHD
Leg fat percentage (right) || id:ukb-b-20531,"Ischaemic heart disease, wide definition || id:finn-b-I9_IHD",ukb-b-20531,finn-b-I9_IHD,,rs2965169,0.412138509011359,0.0673569047746455,9.4325866921049e-10,IHD
Leg fat percentage (right) || id:ukb-b-20531,"Ischaemic heart disease, wide definition || id:finn-b-I9_IHD",ukb-b-20531,finn-b-I9_IHD,,rs2980237,0.406087522347323,0.0678229006673435,2.13131410722098e-09,IHD
Leg fat percentage (right) || id:ukb-b-20531,"Ischaemic heart disease, wide definition || id:finn-b-I9_IHD",ukb-b-20531,finn-b-I9_IHD,,rs3005146,0.405993597451699,0.0678167523673699,2.14237384088341e-09,IHD
Leg fat percentage (right) || id:ukb-b-20531,"Ischaemic heart disease, wide definition || id:finn-b-I9_IHD",ukb-b-20531,finn-b-I9_IHD,,rs302189,0.402730915124041,0.0677762988868843,2.8146031240022e-09,IHD
Leg fat percentage (right) || id:ukb-b-20531,"Ischaemic heart disease, wide definition || id:finn-b-I9_IHD",ukb-b-20531,finn-b-I9_IHD,,rs308911,0.407772000500112,0.0678193629468969,1.82549563022407e-09,IHD
Leg fat percentage (right) || id:ukb-b-20531,"Ischaemic heart disease, wide definition || id:finn-b-I9_IHD",ukb-b-20531,finn-b-I9_IHD,,rs3094904,0.404651077282978,0.0678688985331706,2.48794017929416e-09,IHD
Leg fat percentage (right) || id:ukb-b-20531,"Ischaemic heart disease, wide definition || id:finn-b-I9_IHD",ukb-b-20531,finn-b-I9_IHD,,rs326888,0.407598276584211,0.0677735982925654,1.80871050697198e-09,IHD
Leg fat percentage (right) || id:ukb-b-20531,"Ischaemic heart disease, wide definition || id:finn-b-I9_IHD",ukb-b-20531,finn-b-I9_IHD,,rs34045288,0.407470106449678,0.06791806898764,1.98004079748573e-09,IHD
Leg fat percentage (right) || id:ukb-b-20531,"Ischaemic heart disease, wide definition || id:finn-b-I9_IHD",ukb-b-20531,finn-b-I9_IHD,,rs34117444,0.409912976315989,0.0677304838630637,1.42952434463614e-09,IHD
Leg fat percentage (right) || id:ukb-b-20531,"Ischaemic heart disease, wide definition || id:finn-b-I9_IHD",ukb-b-20531,finn-b-I9_IHD,,rs34325,0.406430154309083,0.0678427894989103,2.08857283307672e-09,IHD
Leg fat percentage (right) || id:ukb-b-20531,"Ischaemic heart disease, wide definition || id:finn-b-I9_IHD",ukb-b-20531,finn-b-I9_IHD,,rs34580448,0.406646755321486,0.067794288812957,1.99461404889215e-09,IHD
Leg fat percentage (right) || id:ukb-b-20531,"Ischaemic heart disease, wide definition || id:finn-b-I9_IHD",ukb-b-20531,finn-b-I9_IHD,,rs34637214,0.401788548565097,0.0676912768683547,2.92767387523523e-09,IHD
Leg fat percentage (right) || id:ukb-b-20531,"Ischaemic heart disease, wide definition || id:finn-b-I9_IHD",ukb-b-20531,finn-b-I9_IHD,,rs34699890,0.403579088481787,0.0677424654674177,2.56048236727684e-09,IHD
Leg fat percentage (right) || id:ukb-b-20531,"Ischaemic heart disease, wide definition || id:finn-b-I9_IHD",ukb-b-20531,finn-b-I9_IHD,,rs34769775,0.406433523135331,0.0678491689158874,2.09517974140266e-09,IHD
Leg fat percentage (right) || id:ukb-b-20531,"Ischaemic heart disease, wide definition || id:finn-b-I9_IHD",ukb-b-20531,finn-b-I9_IHD,,rs34774377,0.408237054293836,0.0677346331386835,1.67024592205138e-09,IHD
Leg fat percentage (right) || id:ukb-b-20531,"Ischaemic heart disease, wide definition || id:finn-b-I9_IHD",ukb-b-20531,finn-b-I9_IHD,,rs34811474,0.400865361248421,0.0677762606330789,3.32805647809349e-09,IHD
Leg fat percentage (right) || id:ukb-b-20531,"Ischaemic heart disease, wide definition || id:finn-b-I9_IHD",ukb-b-20531,finn-b-I9_IHD,,rs34914000,0.403039986533118,0.0677590287782211,2.71211549272855e-09,IHD
Leg fat percentage (right) || id:ukb-b-20531,"Ischaemic heart disease, wide definition || id:finn-b-I9_IHD",ukb-b-20531,finn-b-I9_IHD,,rs34930419,0.401394727088638,0.0677509680770871,3.13133214540806e-09,IHD
Leg fat percentage (right) || id:ukb-b-20531,"Ischaemic heart disease, wide definition || id:finn-b-I9_IHD",ukb-b-20531,finn-b-I9_IHD,,rs35134,0.402436505230157,0.0677045632994244,2.78135031101307e-09,IHD
Leg fat percentage (right) || id:ukb-b-20531,"Ischaemic heart disease, wide definition || id:finn-b-I9_IHD",ukb-b-20531,finn-b-I9_IHD,,rs35394440,0.403985100966286,0.0677826499648184,2.52226384189238e-09,IHD
Leg fat percentage (right) || id:ukb-b-20531,"Ischaemic heart disease, wide definition || id:finn-b-I9_IHD",ukb-b-20531,finn-b-I9_IHD,,rs35445661,0.401411616187524,0.0677263361782819,3.08584933931771e-09,IHD
Leg fat percentage (right) || id:ukb-b-20531,"Ischaemic heart disease, wide definition || id:finn-b-I9_IHD",ukb-b-20531,finn-b-I9_IHD,,rs35463915,0.407876507794392,0.0678056022024126,1.79464480404875e-09,IHD
Leg fat percentage (right) || id:ukb-b-20531,"Ischaemic heart disease, wide definition || id:finn-b-I9_IHD",ukb-b-20531,finn-b-I9_IHD,,rs35513882,0.40428043042738,0.0678164112708091,2.50093252184665e-09,IHD
Leg fat percentage (right) || id:ukb-b-20531,"Ischaemic heart disease, wide definition || id:finn-b-I9_IHD",ukb-b-20531,finn-b-I9_IHD,,rs35723993,0.404496389851356,0.0677877120212175,2.41500130637767e-09,IHD
Leg fat percentage (right) || id:ukb-b-20531,"Ischaemic heart disease, wide definition || id:finn-b-I9_IHD",ukb-b-20531,finn-b-I9_IHD,,rs35792595,0.404314129505568,0.0678123378777121,2.48787712037898e-09,IHD
Leg fat percentage (right) || id:ukb-b-20531,"Ischaemic heart disease, wide definition || id:finn-b-I9_IHD",ukb-b-20531,finn-b-I9_IHD,,rs35961581,0.404604462295152,0.0677925298934347,2.3977497983096e-09,IHD
Leg fat percentage (right) || id:ukb-b-20531,"Ischaemic heart disease, wide definition || id:finn-b-I9_IHD",ukb-b-20531,finn-b-I9_IHD,,rs372519,0.40412242390507,0.067859068630894,2.59564487807888e-09,IHD
Leg fat percentage (right) || id:ukb-b-20531,"Ischaemic heart disease, wide definition || id:finn-b-I9_IHD",ukb-b-20531,finn-b-I9_IHD,,rs3733347,0.404819366094251,0.0678238731981518,2.39172673257168e-09,IHD
Leg fat percentage (right) || id:ukb-b-20531,"Ischaemic heart disease, wide definition || id:finn-b-I9_IHD",ukb-b-20531,finn-b-I9_IHD,,rs3737992,0.405603781396853,0.0678521017172001,2.26222558820588e-09,IHD
Leg fat percentage (right) || id:ukb-b-20531,"Ischaemic heart disease, wide definition || id:finn-b-I9_IHD",ukb-b-20531,finn-b-I9_IHD,,rs3749473,0.406262073925048,0.0678528047283638,2.13218267132228e-09,IHD
Leg fat percentage (right) || id:ukb-b-20531,"Ischaemic heart disease, wide definition || id:finn-b-I9_IHD",ukb-b-20531,finn-b-I9_IHD,,rs3754963,0.410469990473218,0.0677592928885158,1.38024350422778e-09,IHD
Leg fat percentage (right) || id:ukb-b-20531,"Ischaemic heart disease, wide definition || id:finn-b-I9_IHD",ukb-b-20531,finn-b-I9_IHD,,rs3764002,0.405722418293489,0.0679950313420105,2.41741072536054e-09,IHD
Leg fat percentage (right) || id:ukb-b-20531,"Ischaemic heart disease, wide definition || id:finn-b-I9_IHD",ukb-b-20531,finn-b-I9_IHD,,rs3766823,0.402265218480742,0.0678223226000941,3.00797275066276e-09,IHD
Leg fat percentage (right) || id:ukb-b-20531,"Ischaemic heart disease, wide definition || id:finn-b-I9_IHD",ukb-b-20531,finn-b-I9_IHD,,rs3780335,0.403277359339183,0.0677091049088325,2.58441262125384e-09,IHD
Leg fat percentage (right) || id:ukb-b-20531,"Ischaemic heart disease, wide definition || id:finn-b-I9_IHD",ukb-b-20531,finn-b-I9_IHD,,rs3782812,0.409321720408207,0.0677951232796183,1.56396297059769e-09,IHD
Leg fat percentage (right) || id:ukb-b-20531,"Ischaemic heart disease, wide definition || id:finn-b-I9_IHD",ukb-b-20531,finn-b-I9_IHD,,rs3800636,0.406450104881705,0.067819568529075,2.05866048054521e-09,IHD
Leg fat percentage (right) || id:ukb-b-20531,"Ischaemic heart disease, wide definition || id:finn-b-I9_IHD",ukb-b-20531,finn-b-I9_IHD,,rs3803286,0.401905246622511,0.0677883795627083,3.05115323312462e-09,IHD
Leg fat percentage (right) || id:ukb-b-20531,"Ischaemic heart disease, wide definition || id:finn-b-I9_IHD",ukb-b-20531,finn-b-I9_IHD,,rs3807757,0.407755992679453,0.0677689233352912,1.77834880444839e-09,IHD
Leg fat percentage (right) || id:ukb-b-20531,"Ischaemic heart disease, wide definition || id:finn-b-I9_IHD",ukb-b-20531,finn-b-I9_IHD,,rs3824712,0.402778873666274,0.0677869820871691,2.81853838551475e-09,IHD
Leg fat percentage (right) || id:ukb-b-20531,"Ischaemic heart disease, wide definition || id:finn-b-I9_IHD",ukb-b-20531,finn-b-I9_IHD,,rs3846949,0.406937782185484,0.0678002638212745,1.94891098768078e-09,IHD
Leg fat percentage (right) || id:ukb-b-20531,"Ischaemic heart disease, wide definition || id:finn-b-I9_IHD",ukb-b-20531,finn-b-I9_IHD,,rs40071,0.403732585088635,0.0678895820314761,2.73267507172818e-09,IHD
Leg fat percentage (right) || id:ukb-b-20531,"Ischaemic heart disease, wide definition || id:finn-b-I9_IHD",ukb-b-20531,finn-b-I9_IHD,,rs4088476,0.407234744582593,0.0678094314197592,1.90652952941809e-09,IHD
Leg fat percentage (right) || id:ukb-b-20531,"Ischaemic heart disease, wide definition || id:finn-b-I9_IHD",ukb-b-20531,finn-b-I9_IHD,,rs429343,0.404573172805871,0.0678472339231171,2.47645809431954e-09,IHD
Leg fat percentage (right) || id:ukb-b-20531,"Ischaemic heart disease, wide definition || id:finn-b-I9_IHD",ukb-b-20531,finn-b-I9_IHD,,rs429358,0.426078069510425,0.0668277803023715,1.82054622350561e-10,IHD
Leg fat percentage (right) || id:ukb-b-20531,"Ischaemic heart disease, wide definition || id:finn-b-I9_IHD",ukb-b-20531,finn-b-I9_IHD,,rs42999,0.408639231342999,0.0676994151923231,1.57900894249474e-09,IHD
Leg fat percentage (right) || id:ukb-b-20531,"Ischaemic heart disease, wide definition || id:finn-b-I9_IHD",ukb-b-20531,finn-b-I9_IHD,,rs4307239,0.407497922043167,0.0678046237519387,1.85656141273441e-09,IHD
Leg fat percentage (right) || id:ukb-b-20531,"Ischaemic heart disease, wide definition || id:finn-b-I9_IHD",ukb-b-20531,finn-b-I9_IHD,,rs4357530,0.406520666193807,0.0678464445157564,2.07562289838634e-09,IHD
Leg fat percentage (right) || id:ukb-b-20531,"Ischaemic heart disease, wide definition || id:finn-b-I9_IHD",ukb-b-20531,finn-b-I9_IHD,,rs4389955,0.407906837326341,0.0677671081921986,1.75232309613799e-09,IHD
Leg fat percentage (right) || id:ukb-b-20531,"Ischaemic heart disease, wide definition || id:finn-b-I9_IHD",ukb-b-20531,finn-b-I9_IHD,,rs4398538,0.405534631625572,0.0678395136563117,2.26097788166884e-09,IHD
Leg fat percentage (right) || id:ukb-b-20531,"Ischaemic heart disease, wide definition || id:finn-b-I9_IHD",ukb-b-20531,finn-b-I9_IHD,,rs4430672,0.40725955974589,0.0678229394131728,1.91631042221524e-09,IHD
Leg fat percentage (right) || id:ukb-b-20531,"Ischaemic heart disease, wide definition || id:finn-b-I9_IHD",ukb-b-20531,finn-b-I9_IHD,,rs4442005,0.40246638322515,0.067666036750067,2.71713222204963e-09,IHD
Leg fat percentage (right) || id:ukb-b-20531,"Ischaemic heart disease, wide definition || id:finn-b-I9_IHD",ukb-b-20531,finn-b-I9_IHD,,rs4482364,0.406415007031148,0.0678191437642598,2.06474794743793e-09,IHD
Leg fat percentage (right) || id:ukb-b-20531,"Ischaemic heart disease, wide definition || id:finn-b-I9_IHD",ukb-b-20531,finn-b-I9_IHD,,rs4482463,0.405585036150905,0.0678441687202067,2.25636502981284e-09,IHD
Leg fat percentage (right) || id:ukb-b-20531,"Ischaemic heart disease, wide definition || id:finn-b-I9_IHD",ukb-b-20531,finn-b-I9_IHD,,rs4503069,0.40846666090252,0.0677586387459001,1.65734743065126e-09,IHD
Leg fat percentage (right) || id:ukb-b-20531,"Ischaemic heart disease, wide definition || id:finn-b-I9_IHD",ukb-b-20531,finn-b-I9_IHD,,rs450779,0.407343663175399,0.0677952828601817,1.87320765351254e-09,IHD
Leg fat percentage (right) || id:ukb-b-20531,"Ischaemic heart disease, wide definition || id:finn-b-I9_IHD",ukb-b-20531,finn-b-I9_IHD,,rs4528240,0.408089441918628,0.0678006240149386,1.75538070900881e-09,IHD
Leg fat percentage (right) || id:ukb-b-20531,"Ischaemic heart disease, wide definition || id:finn-b-I9_IHD",ukb-b-20531,finn-b-I9_IHD,,rs4547574,0.404129359441598,0.0677975027195763,2.5096059503608e-09,IHD
Leg fat percentage (right) || id:ukb-b-20531,"Ischaemic heart disease, wide definition || id:finn-b-I9_IHD",ukb-b-20531,finn-b-I9_IHD,,rs4554901,0.404607808359803,0.0678000249734258,2.40673463776957e-09,IHD
Leg fat percentage (right) || id:ukb-b-20531,"Ischaemic heart disease, wide definition || id:finn-b-I9_IHD",ukb-b-20531,finn-b-I9_IHD,,rs4561038,0.413321617718427,0.0673981021187715,8.64864648754854e-10,IHD
Leg fat percentage (right) || id:ukb-b-20531,"Ischaemic heart disease, wide definition || id:finn-b-I9_IHD",ukb-b-20531,finn-b-I9_IHD,,rs4562174,0.405794984199172,0.0678281337741584,2.19476556587515e-09,IHD
Leg fat percentage (right) || id:ukb-b-20531,"Ischaemic heart disease, wide definition || id:finn-b-I9_IHD",ukb-b-20531,finn-b-I9_IHD,,rs4601141,0.403589944095776,0.0677653529369686,2.58964923682652e-09,IHD
Leg fat percentage (right) || id:ukb-b-20531,"Ischaemic heart disease, wide definition || id:finn-b-I9_IHD",ukb-b-20531,finn-b-I9_IHD,,rs4656984,0.406314938889921,0.0678210456707604,2.08572525119084e-09,IHD
Leg fat percentage (right) || id:ukb-b-20531,"Ischaemic heart disease, wide definition || id:finn-b-I9_IHD",ukb-b-20531,finn-b-I9_IHD,,rs4664699,0.402540173026321,0.0676828303477329,2.72353795607657e-09,IHD
Leg fat percentage (right) || id:ukb-b-20531,"Ischaemic heart disease, wide definition || id:finn-b-I9_IHD",ukb-b-20531,finn-b-I9_IHD,,rs4670615,0.407314411647089,0.0678066886112218,1.88993820262814e-09,IHD
Leg fat percentage (right) || id:ukb-b-20531,"Ischaemic heart disease, wide definition || id:finn-b-I9_IHD",ukb-b-20531,finn-b-I9_IHD,,rs4671238,0.404829944859972,0.0678057926841321,2.36624686004862e-09,IHD
Leg fat percentage (right) || id:ukb-b-20531,"Ischaemic heart disease, wide definition || id:finn-b-I9_IHD",ukb-b-20531,finn-b-I9_IHD,,rs4672338,0.405407506125683,0.0678418979411746,2.29007405088602e-09,IHD
Leg fat percentage (right) || id:ukb-b-20531,"Ischaemic heart disease, wide definition || id:finn-b-I9_IHD",ukb-b-20531,finn-b-I9_IHD,,rs4673617,0.405147102444072,0.0678384216795398,2.34022848248305e-09,IHD
Leg fat percentage (right) || id:ukb-b-20531,"Ischaemic heart disease, wide definition || id:finn-b-I9_IHD",ukb-b-20531,finn-b-I9_IHD,,rs4734628,0.407553612784691,0.0677788787884445,1.82134060278289e-09,IHD
Leg fat percentage (right) || id:ukb-b-20531,"Ischaemic heart disease, wide definition || id:finn-b-I9_IHD",ukb-b-20531,finn-b-I9_IHD,,rs4740627,0.403850484476884,0.0680153688055338,2.89161617799069e-09,IHD
Leg fat percentage (right) || id:ukb-b-20531,"Ischaemic heart disease, wide definition || id:finn-b-I9_IHD",ukb-b-20531,finn-b-I9_IHD,,rs4752182,0.406701948175431,0.0678146176879704,2.00673642884408e-09,IHD
Leg fat percentage (right) || id:ukb-b-20531,"Ischaemic heart disease, wide definition || id:finn-b-I9_IHD",ukb-b-20531,finn-b-I9_IHD,,rs4759318,0.410849376012974,0.0676143528900829,1.2293867111659e-09,IHD
Leg fat percentage (right) || id:ukb-b-20531,"Ischaemic heart disease, wide definition || id:finn-b-I9_IHD",ukb-b-20531,finn-b-I9_IHD,,rs4762951,0.407451069481602,0.0678126725019186,1.87271001358242e-09,IHD
Leg fat percentage (right) || id:ukb-b-20531,"Ischaemic heart disease, wide definition || id:finn-b-I9_IHD",ukb-b-20531,finn-b-I9_IHD,,rs479018,0.410119921142104,0.0678059473927685,1.46258862105745e-09,IHD
Leg fat percentage (right) || id:ukb-b-20531,"Ischaemic heart disease, wide definition || id:finn-b-I9_IHD",ukb-b-20531,finn-b-I9_IHD,,rs4790292,0.402909387729626,0.0678746251214047,2.91912601497168e-09,IHD
Leg fat percentage (right) || id:ukb-b-20531,"Ischaemic heart disease, wide definition || id:finn-b-I9_IHD",ukb-b-20531,finn-b-I9_IHD,,rs4808762,0.409671695530495,0.0678864120976866,1.59293660080784e-09,IHD
Leg fat percentage (right) || id:ukb-b-20531,"Ischaemic heart disease, wide definition || id:finn-b-I9_IHD",ukb-b-20531,finn-b-I9_IHD,,rs4820323,0.409615010451322,0.0678003246299135,1.52697093352847e-09,IHD
Leg fat percentage (right) || id:ukb-b-20531,"Ischaemic heart disease, wide definition || id:finn-b-I9_IHD",ukb-b-20531,finn-b-I9_IHD,,rs484455,0.405986897877052,0.0678201994060482,2.14768687924332e-09,IHD
Leg fat percentage (right) || id:ukb-b-20531,"Ischaemic heart disease, wide definition || id:finn-b-I9_IHD",ukb-b-20531,finn-b-I9_IHD,,rs4876611,0.407518627937186,0.0678759730447668,1.92667067776618e-09,IHD
Leg fat percentage (right) || id:ukb-b-20531,"Ischaemic heart disease, wide definition || id:finn-b-I9_IHD",ukb-b-20531,finn-b-I9_IHD,,rs4877285,0.406371514801184,0.0678373988051996,2.09356654766733e-09,IHD
Leg fat percentage (right) || id:ukb-b-20531,"Ischaemic heart disease, wide definition || id:finn-b-I9_IHD",ukb-b-20531,finn-b-I9_IHD,,rs4879372,0.406992859127274,0.0678091032432911,1.94855289254084e-09,IHD
Leg fat percentage (right) || id:ukb-b-20531,"Ischaemic heart disease, wide definition || id:finn-b-I9_IHD",ukb-b-20531,finn-b-I9_IHD,,rs4905989,0.404415051792586,0.0678103841050158,2.46271888336695e-09,IHD
Leg fat percentage (right) || id:ukb-b-20531,"Ischaemic heart disease, wide definition || id:finn-b-I9_IHD",ukb-b-20531,finn-b-I9_IHD,,rs4936670,0.40511700659517,0.067811381442703,2.31258567975699e-09,IHD
Leg fat percentage (right) || id:ukb-b-20531,"Ischaemic heart disease, wide definition || id:finn-b-I9_IHD",ukb-b-20531,finn-b-I9_IHD,,rs494048,0.406876112154267,0.0678426595634828,2.00564611637013e-09,IHD
Leg fat percentage (right) || id:ukb-b-20531,"Ischaemic heart disease, wide definition || id:finn-b-I9_IHD",ukb-b-20531,finn-b-I9_IHD,,rs4979236,0.39877458126811,0.0675629537867755,3.58540646254023e-09,IHD
Leg fat percentage (right) || id:ukb-b-20531,"Ischaemic heart disease, wide definition || id:finn-b-I9_IHD",ukb-b-20531,finn-b-I9_IHD,,rs5021156,0.403620201626892,0.0677926016546127,2.62067041923961e-09,IHD
Leg fat percentage (right) || id:ukb-b-20531,"Ischaemic heart disease, wide definition || id:finn-b-I9_IHD",ukb-b-20531,finn-b-I9_IHD,,rs539515,0.40933504684686,0.0680218667707676,1.76914931255816e-09,IHD
Leg fat percentage (right) || id:ukb-b-20531,"Ischaemic heart disease, wide definition || id:finn-b-I9_IHD",ukb-b-20531,finn-b-I9_IHD,,rs55655049,0.406010326430757,0.0678219743661493,2.14519687680424e-09,IHD
Leg fat percentage (right) || id:ukb-b-20531,"Ischaemic heart disease, wide definition || id:finn-b-I9_IHD",ukb-b-20531,finn-b-I9_IHD,,rs55707359,0.405973249389399,0.0677937595984329,2.11971110870036e-09,IHD
Leg fat percentage (right) || id:ukb-b-20531,"Ischaemic heart disease, wide definition || id:finn-b-I9_IHD",ukb-b-20531,finn-b-I9_IHD,,rs55736343,0.405237684529558,0.0678156751103955,2.29279366839591e-09,IHD
Leg fat percentage (right) || id:ukb-b-20531,"Ischaemic heart disease, wide definition || id:finn-b-I9_IHD",ukb-b-20531,finn-b-I9_IHD,,rs561136,0.404381588990501,0.0678070397079681,2.46572679637956e-09,IHD
Leg fat percentage (right) || id:ukb-b-20531,"Ischaemic heart disease, wide definition || id:finn-b-I9_IHD",ukb-b-20531,finn-b-I9_IHD,,rs56163533,0.406241663030412,0.0678206713649299,2.09920164444225e-09,IHD
Leg fat percentage (right) || id:ukb-b-20531,"Ischaemic heart disease, wide definition || id:finn-b-I9_IHD",ukb-b-20531,finn-b-I9_IHD,,rs56218501,0.407128199955823,0.0677974241740965,1.91250731210196e-09,IHD
Leg fat percentage (right) || id:ukb-b-20531,"Ischaemic heart disease, wide definition || id:finn-b-I9_IHD",ukb-b-20531,finn-b-I9_IHD,,rs56260582,0.403209767785916,0.0677972677037668,2.72624179063306e-09,IHD
Leg fat percentage (right) || id:ukb-b-20531,"Ischaemic heart disease, wide definition || id:finn-b-I9_IHD",ukb-b-20531,finn-b-I9_IHD,,rs56328878,0.404257788539139,0.0678090650369689,2.49616196579271e-09,IHD
Leg fat percentage (right) || id:ukb-b-20531,"Ischaemic heart disease, wide definition || id:finn-b-I9_IHD",ukb-b-20531,finn-b-I9_IHD,,rs56351202,0.409450014001528,0.0676947523870734,1.46223352459704e-09,IHD
Leg fat percentage (right) || id:ukb-b-20531,"Ischaemic heart disease, wide definition || id:finn-b-I9_IHD",ukb-b-20531,finn-b-I9_IHD,,rs56356382,0.406855494491295,0.0679082593334641,2.08231682787123e-09,IHD
Leg fat percentage (right) || id:ukb-b-20531,"Ischaemic heart disease, wide definition || id:finn-b-I9_IHD",ukb-b-20531,finn-b-I9_IHD,,rs56399737,0.406123303283677,0.0678662463329177,2.17493149928318e-09,IHD
Leg fat percentage (right) || id:ukb-b-20531,"Ischaemic heart disease, wide definition || id:finn-b-I9_IHD",ukb-b-20531,finn-b-I9_IHD,,rs56803094,0.40355878500917,0.0678046852012261,2.65236604577273e-09,IHD
Leg fat percentage (right) || id:ukb-b-20531,"Ischaemic heart disease, wide definition || id:finn-b-I9_IHD",ukb-b-20531,finn-b-I9_IHD,,rs57241669,0.405676154928405,0.0678307824191617,2.22168785207772e-09,IHD
Leg fat percentage (right) || id:ukb-b-20531,"Ischaemic heart disease, wide definition || id:finn-b-I9_IHD",ukb-b-20531,finn-b-I9_IHD,,rs5762686,0.40442654434989,0.0677853760736694,2.42723388197983e-09,IHD
Leg fat percentage (right) || id:ukb-b-20531,"Ischaemic heart disease, wide definition || id:finn-b-I9_IHD",ukb-b-20531,finn-b-I9_IHD,,rs57800857,0.405887331335533,0.0677911061262679,2.13321291680338e-09,IHD
Leg fat percentage (right) || id:ukb-b-20531,"Ischaemic heart disease, wide definition || id:finn-b-I9_IHD",ukb-b-20531,finn-b-I9_IHD,,rs57803,0.403867933246651,0.0678254875794429,2.60843028186331e-09,IHD
Leg fat percentage (right) || id:ukb-b-20531,"Ischaemic heart disease, wide definition || id:finn-b-I9_IHD",ukb-b-20531,finn-b-I9_IHD,,rs58083390,0.404930260342476,0.0678177894741876,2.36011878013901e-09,IHD
Leg fat percentage (right) || id:ukb-b-20531,"Ischaemic heart disease, wide definition || id:finn-b-I9_IHD",ukb-b-20531,finn-b-I9_IHD,,rs58120873,0.4037265360569,0.0677977692959319,2.60287240796425e-09,IHD
Leg fat percentage (right) || id:ukb-b-20531,"Ischaemic heart disease, wide definition || id:finn-b-I9_IHD",ukb-b-20531,finn-b-I9_IHD,,rs58431213,0.405070679985375,0.0678518260331911,2.37354796316957e-09,IHD
Leg fat percentage (right) || id:ukb-b-20531,"Ischaemic heart disease, wide definition || id:finn-b-I9_IHD",ukb-b-20531,finn-b-I9_IHD,,rs58582157,0.40473639250803,0.0678286328020557,2.41591235565939e-09,IHD
Leg fat percentage (right) || id:ukb-b-20531,"Ischaemic heart disease, wide definition || id:finn-b-I9_IHD",ukb-b-20531,finn-b-I9_IHD,,rs586118,0.402913890169973,0.0677593705131198,2.74361623857611e-09,IHD
Leg fat percentage (right) || id:ukb-b-20531,"Ischaemic heart disease, wide definition || id:finn-b-I9_IHD",ukb-b-20531,finn-b-I9_IHD,,rs58862095,0.40933689310076,0.0678348946361925,1.59641735946715e-09,IHD
Leg fat percentage (right) || id:ukb-b-20531,"Ischaemic heart disease, wide definition || id:finn-b-I9_IHD",ukb-b-20531,finn-b-I9_IHD,,rs588660,0.406341806412684,0.0678796774309299,2.14790858298134e-09,IHD
Leg fat percentage (right) || id:ukb-b-20531,"Ischaemic heart disease, wide definition || id:finn-b-I9_IHD",ukb-b-20531,finn-b-I9_IHD,,rs58948644,0.404342741478486,0.0678546019860828,2.53850908865665e-09,IHD
Leg fat percentage (right) || id:ukb-b-20531,"Ischaemic heart disease, wide definition || id:finn-b-I9_IHD",ukb-b-20531,finn-b-I9_IHD,,rs59104534,0.407337042840253,0.067826566671106,1.90663501525232e-09,IHD
Leg fat percentage (right) || id:ukb-b-20531,"Ischaemic heart disease, wide definition || id:finn-b-I9_IHD",ukb-b-20531,finn-b-I9_IHD,,rs59346947,0.411669260959446,0.0676515367831067,1.1638753978915e-09,IHD
Leg fat percentage (right) || id:ukb-b-20531,"Ischaemic heart disease, wide definition || id:finn-b-I9_IHD",ukb-b-20531,finn-b-I9_IHD,,rs59499656,0.404601398215483,0.0678611597780671,2.48873450433397e-09,IHD
Leg fat percentage (right) || id:ukb-b-20531,"Ischaemic heart disease, wide definition || id:finn-b-I9_IHD",ukb-b-20531,finn-b-I9_IHD,,rs59662983,0.408752869513618,0.0677242239499787,1.58423184380845e-09,IHD
Leg fat percentage (right) || id:ukb-b-20531,"Ischaemic heart disease, wide definition || id:finn-b-I9_IHD",ukb-b-20531,finn-b-I9_IHD,,rs6011058,0.405383957322796,0.0678535421977499,2.30943656812984e-09,IHD
Leg fat percentage (right) || id:ukb-b-20531,"Ischaemic heart disease, wide definition || id:finn-b-I9_IHD",ukb-b-20531,finn-b-I9_IHD,,rs60494825,0.405343562040095,0.0678575853886969,2.32294959574673e-09,IHD
Leg fat percentage (right) || id:ukb-b-20531,"Ischaemic heart disease, wide definition || id:finn-b-I9_IHD",ukb-b-20531,finn-b-I9_IHD,,rs6067822,0.407371580463654,0.0677929921839696,1.86611860572667e-09,IHD
Leg fat percentage (right) || id:ukb-b-20531,"Ischaemic heart disease, wide definition || id:finn-b-I9_IHD",ukb-b-20531,finn-b-I9_IHD,,rs6103254,0.40604840605619,0.0678469574906439,2.16696432353525e-09,IHD
Leg fat percentage (right) || id:ukb-b-20531,"Ischaemic heart disease, wide definition || id:finn-b-I9_IHD",ukb-b-20531,finn-b-I9_IHD,,rs6138536,0.400580974717834,0.0677098297774275,3.29580493229455e-09,IHD
Leg fat percentage (right) || id:ukb-b-20531,"Ischaemic heart disease, wide definition || id:finn-b-I9_IHD",ukb-b-20531,finn-b-I9_IHD,,rs6139205,0.405711520599936,0.0678385481712528,2.22391661741604e-09,IHD
Leg fat percentage (right) || id:ukb-b-20531,"Ischaemic heart disease, wide definition || id:finn-b-I9_IHD",ukb-b-20531,finn-b-I9_IHD,,rs61734410,0.40626239451333,0.0678458147867389,2.12405201956161e-09,IHD
Leg fat percentage (right) || id:ukb-b-20531,"Ischaemic heart disease, wide definition || id:finn-b-I9_IHD",ukb-b-20531,finn-b-I9_IHD,,rs61754230,0.404784496649051,0.0677609382812479,2.31911574419906e-09,IHD
Leg fat percentage (right) || id:ukb-b-20531,"Ischaemic heart disease, wide definition || id:finn-b-I9_IHD",ukb-b-20531,finn-b-I9_IHD,,rs61782665,0.40198561692955,0.0677502705578863,2.96827210033409e-09,IHD
Leg fat percentage (right) || id:ukb-b-20531,"Ischaemic heart disease, wide definition || id:finn-b-I9_IHD",ukb-b-20531,finn-b-I9_IHD,,rs61826925,0.404920566600646,0.0678129781782719,2.35606139398545e-09,IHD
Leg fat percentage (right) || id:ukb-b-20531,"Ischaemic heart disease, wide definition || id:finn-b-I9_IHD",ukb-b-20531,finn-b-I9_IHD,,rs61884414,0.413679045869899,0.0672662516176334,7.75439875643772e-10,IHD
Leg fat percentage (right) || id:ukb-b-20531,"Ischaemic heart disease, wide definition || id:finn-b-I9_IHD",ukb-b-20531,finn-b-I9_IHD,,rs61985887,0.40419657862435,0.0677527447203172,2.43498759030223e-09,IHD
Leg fat percentage (right) || id:ukb-b-20531,"Ischaemic heart disease, wide definition || id:finn-b-I9_IHD",ukb-b-20531,finn-b-I9_IHD,,rs62057232,0.406536742563127,0.0678699120496672,2.09917675988422e-09,IHD
Leg fat percentage (right) || id:ukb-b-20531,"Ischaemic heart disease, wide definition || id:finn-b-I9_IHD",ukb-b-20531,finn-b-I9_IHD,,rs62082914,0.401020863387935,0.0676406983452802,3.05357329985204e-09,IHD
Leg fat percentage (right) || id:ukb-b-20531,"Ischaemic heart disease, wide definition || id:finn-b-I9_IHD",ukb-b-20531,finn-b-I9_IHD,,rs62107261,0.406768385356733,0.0678705095835699,2.05623888852671e-09,IHD
Leg fat percentage (right) || id:ukb-b-20531,"Ischaemic heart disease, wide definition || id:finn-b-I9_IHD",ukb-b-20531,finn-b-I9_IHD,,rs62124758,0.406970759293875,0.0677849030836073,1.9268627039991e-09,IHD
Leg fat percentage (right) || id:ukb-b-20531,"Ischaemic heart disease, wide definition || id:finn-b-I9_IHD",ukb-b-20531,finn-b-I9_IHD,,rs62161461,0.404037275623901,0.0677666806989561,2.48891885866803e-09,IHD
Leg fat percentage (right) || id:ukb-b-20531,"Ischaemic heart disease, wide definition || id:finn-b-I9_IHD",ukb-b-20531,finn-b-I9_IHD,,rs62183912,0.411520805885915,0.0676238154421592,1.16170382944358e-09,IHD
Leg fat percentage (right) || id:ukb-b-20531,"Ischaemic heart disease, wide definition || id:finn-b-I9_IHD",ukb-b-20531,finn-b-I9_IHD,,rs62190049,0.401585676995538,0.0675703151472311,2.79466123184141e-09,IHD
Leg fat percentage (right) || id:ukb-b-20531,"Ischaemic heart disease, wide definition || id:finn-b-I9_IHD",ukb-b-20531,finn-b-I9_IHD,,rs62218301,0.409910193645795,0.0677437304955958,1.44043399754292e-09,IHD
Leg fat percentage (right) || id:ukb-b-20531,"Ischaemic heart disease, wide definition || id:finn-b-I9_IHD",ukb-b-20531,finn-b-I9_IHD,,rs62261725,0.405539993575533,0.0678959039090059,2.32977038562062e-09,IHD
Leg fat percentage (right) || id:ukb-b-20531,"Ischaemic heart disease, wide definition || id:finn-b-I9_IHD",ukb-b-20531,finn-b-I9_IHD,,rs62331463,0.408777187841454,0.0677453874137402,1.59927841818404e-09,IHD
Leg fat percentage (right) || id:ukb-b-20531,"Ischaemic heart disease, wide definition || id:finn-b-I9_IHD",ukb-b-20531,finn-b-I9_IHD,,rs62393063,0.401451248363654,0.0677400230809813,3.09737527382167e-09,IHD
Leg fat percentage (right) || id:ukb-b-20531,"Ischaemic heart disease, wide definition || id:finn-b-I9_IHD",ukb-b-20531,finn-b-I9_IHD,,rs62393181,0.404630002281945,0.0678494177472778,2.46668761467378e-09,IHD
Leg fat percentage (right) || id:ukb-b-20531,"Ischaemic heart disease, wide definition || id:finn-b-I9_IHD",ukb-b-20531,finn-b-I9_IHD,,rs62443626,0.401889393065697,0.0676970050234596,2.91010410376129e-09,IHD
Leg fat percentage (right) || id:ukb-b-20531,"Ischaemic heart disease, wide definition || id:finn-b-I9_IHD",ukb-b-20531,finn-b-I9_IHD,,rs62447181,0.405876454657376,0.0678230717941289,2.17266422629736e-09,IHD
Leg fat percentage (right) || id:ukb-b-20531,"Ischaemic heart disease, wide definition || id:finn-b-I9_IHD",ukb-b-20531,finn-b-I9_IHD,,rs6265,0.407030917384501,0.0679331683994654,2.07738610529765e-09,IHD
Leg fat percentage (right) || id:ukb-b-20531,"Ischaemic heart disease, wide definition || id:finn-b-I9_IHD",ukb-b-20531,finn-b-I9_IHD,,rs629471,0.40486974458079,0.067815761495752,2.37046782979509e-09,IHD
Leg fat percentage (right) || id:ukb-b-20531,"Ischaemic heart disease, wide definition || id:finn-b-I9_IHD",ukb-b-20531,finn-b-I9_IHD,,rs6425839,0.404272490089801,0.0678033230477839,2.48515860219936e-09,IHD
Leg fat percentage (right) || id:ukb-b-20531,"Ischaemic heart disease, wide definition || id:finn-b-I9_IHD",ukb-b-20531,finn-b-I9_IHD,,rs6433672,0.405319435335228,0.0678258666002447,2.28847367800108e-09,IHD
Leg fat percentage (right) || id:ukb-b-20531,"Ischaemic heart disease, wide definition || id:finn-b-I9_IHD",ukb-b-20531,finn-b-I9_IHD,,rs644045,0.405155570033941,0.0678548169485109,2.35921833594707e-09,IHD
Leg fat percentage (right) || id:ukb-b-20531,"Ischaemic heart disease, wide definition || id:finn-b-I9_IHD",ukb-b-20531,finn-b-I9_IHD,,rs6441176,0.407852531855777,0.067830881917709,1.82362458020257e-09,IHD
Leg fat percentage (right) || id:ukb-b-20531,"Ischaemic heart disease, wide definition || id:finn-b-I9_IHD",ukb-b-20531,finn-b-I9_IHD,,rs6478538,0.404457644062003,0.0678427036613024,2.4963169429469e-09,IHD
Leg fat percentage (right) || id:ukb-b-20531,"Ischaemic heart disease, wide definition || id:finn-b-I9_IHD",ukb-b-20531,finn-b-I9_IHD,,rs6480742,0.405170616535871,0.0678119153911392,2.30206307018209e-09,IHD
Leg fat percentage (right) || id:ukb-b-20531,"Ischaemic heart disease, wide definition || id:finn-b-I9_IHD",ukb-b-20531,finn-b-I9_IHD,,rs6495017,0.408604337127792,0.067781147374568,1.65704669979973e-09,IHD
Leg fat percentage (right) || id:ukb-b-20531,"Ischaemic heart disease, wide definition || id:finn-b-I9_IHD",ukb-b-20531,finn-b-I9_IHD,,rs6533413,0.406756425219397,0.0678130824654023,1.99516808925058e-09,IHD
Leg fat percentage (right) || id:ukb-b-20531,"Ischaemic heart disease, wide definition || id:finn-b-I9_IHD",ukb-b-20531,finn-b-I9_IHD,,rs6538790,0.404846976094509,0.0678170559050702,2.37701026301461e-09,IHD
Leg fat percentage (right) || id:ukb-b-20531,"Ischaemic heart disease, wide definition || id:finn-b-I9_IHD",ukb-b-20531,finn-b-I9_IHD,,rs6543214,0.406310263662462,0.0678247945057913,2.09086288328723e-09,IHD
Leg fat percentage (right) || id:ukb-b-20531,"Ischaemic heart disease, wide definition || id:finn-b-I9_IHD",ukb-b-20531,finn-b-I9_IHD,,rs6551304,0.405649745593126,0.0678337258183428,2.23055542384026e-09,IHD
Leg fat percentage (right) || id:ukb-b-20531,"Ischaemic heart disease, wide definition || id:finn-b-I9_IHD",ukb-b-20531,finn-b-I9_IHD,,rs6561937,0.402545343884493,0.067807139480074,2.90954745353953e-09,IHD
Leg fat percentage (right) || id:ukb-b-20531,"Ischaemic heart disease, wide definition || id:finn-b-I9_IHD",ukb-b-20531,finn-b-I9_IHD,,rs6575340,0.402821800139925,0.0678309954041247,2.87449466565394e-09,IHD
Leg fat percentage (right) || id:ukb-b-20531,"Ischaemic heart disease, wide definition || id:finn-b-I9_IHD",ukb-b-20531,finn-b-I9_IHD,,rs6602997,0.405849051337866,0.0680131729961406,2.41341116149319e-09,IHD
Leg fat percentage (right) || id:ukb-b-20531,"Ischaemic heart disease, wide definition || id:finn-b-I9_IHD",ukb-b-20531,finn-b-I9_IHD,,rs663129,0.394491008543303,0.0677083238982728,5.66596776803361e-09,IHD
Leg fat percentage (right) || id:ukb-b-20531,"Ischaemic heart disease, wide definition || id:finn-b-I9_IHD",ukb-b-20531,finn-b-I9_IHD,,rs6674490,0.40586130196677,0.067836478629266,2.19151056011714e-09,IHD
Leg fat percentage (right) || id:ukb-b-20531,"Ischaemic heart disease, wide definition || id:finn-b-I9_IHD",ukb-b-20531,finn-b-I9_IHD,,rs6707827,0.404769451890298,0.0678084496030776,2.38263439808609e-09,IHD
Leg fat percentage (right) || id:ukb-b-20531,"Ischaemic heart disease, wide definition || id:finn-b-I9_IHD",ukb-b-20531,finn-b-I9_IHD,,rs671240,0.400346184489298,0.0674730779045503,2.96686597022489e-09,IHD
Leg fat percentage (right) || id:ukb-b-20531,"Ischaemic heart disease, wide definition || id:finn-b-I9_IHD",ukb-b-20531,finn-b-I9_IHD,,rs672187,0.40936242050203,0.0677921597010043,1.55561046410438e-09,IHD
Leg fat percentage (right) || id:ukb-b-20531,"Ischaemic heart disease, wide definition || id:finn-b-I9_IHD",ukb-b-20531,finn-b-I9_IHD,,rs6740162,0.405110676126771,0.0678536405969848,2.36730337003897e-09,IHD
Leg fat percentage (right) || id:ukb-b-20531,"Ischaemic heart disease, wide definition || id:finn-b-I9_IHD",ukb-b-20531,finn-b-I9_IHD,,rs6744646,0.403021013863224,0.0679947440173383,3.08072779562492e-09,IHD
Leg fat percentage (right) || id:ukb-b-20531,"Ischaemic heart disease, wide definition || id:finn-b-I9_IHD",ukb-b-20531,finn-b-I9_IHD,,rs67609008,0.412319719621427,0.067402153499349,9.51694342708752e-10,IHD
Leg fat percentage (right) || id:ukb-b-20531,"Ischaemic heart disease, wide definition || id:finn-b-I9_IHD",ukb-b-20531,finn-b-I9_IHD,,rs67776659,0.403843484017892,0.0678064485027427,2.587597766479e-09,IHD
Leg fat percentage (right) || id:ukb-b-20531,"Ischaemic heart disease, wide definition || id:finn-b-I9_IHD",ukb-b-20531,finn-b-I9_IHD,,rs6846318,0.406130252350999,0.0678312896337162,2.13276273223157e-09,IHD
Leg fat percentage (right) || id:ukb-b-20531,"Ischaemic heart disease, wide definition || id:finn-b-I9_IHD",ukb-b-20531,finn-b-I9_IHD,,rs6860245,0.410598815953876,0.0679105859405548,1.48331367062889e-09,IHD
Leg fat percentage (right) || id:ukb-b-20531,"Ischaemic heart disease, wide definition || id:finn-b-I9_IHD",ukb-b-20531,finn-b-I9_IHD,,rs6862472,0.408811204515805,0.0677562413592666,1.60388497410269e-09,IHD
Leg fat percentage (right) || id:ukb-b-20531,"Ischaemic heart disease, wide definition || id:finn-b-I9_IHD",ukb-b-20531,finn-b-I9_IHD,,rs6931038,0.406395819993931,0.0678275786856719,2.07784617095564e-09,IHD
Leg fat percentage (right) || id:ukb-b-20531,"Ischaemic heart disease, wide definition || id:finn-b-I9_IHD",ukb-b-20531,finn-b-I9_IHD,,rs6935311,0.408159755666581,0.0677580077399016,1.70383349497717e-09,IHD
Leg fat percentage (right) || id:ukb-b-20531,"Ischaemic heart disease, wide definition || id:finn-b-I9_IHD",ukb-b-20531,finn-b-I9_IHD,,rs6938973,0.40273226693077,0.0679194636073908,3.03754798589153e-09,IHD
Leg fat percentage (right) || id:ukb-b-20531,"Ischaemic heart disease, wide definition || id:finn-b-I9_IHD",ukb-b-20531,finn-b-I9_IHD,,rs6945561,0.406647659931409,0.0678390231286483,2.04360028466693e-09,IHD
Leg fat percentage (right) || id:ukb-b-20531,"Ischaemic heart disease, wide definition || id:finn-b-I9_IHD",ukb-b-20531,finn-b-I9_IHD,,rs6977416,0.407981611591126,0.0678461221641918,1.81742420172313e-09,IHD
Leg fat percentage (right) || id:ukb-b-20531,"Ischaemic heart disease, wide definition || id:finn-b-I9_IHD",ukb-b-20531,finn-b-I9_IHD,,rs698838,0.413236591676254,0.0673947803745518,8.70097158994335e-10,IHD
Leg fat percentage (right) || id:ukb-b-20531,"Ischaemic heart disease, wide definition || id:finn-b-I9_IHD",ukb-b-20531,finn-b-I9_IHD,,rs699330,0.407311607934244,0.0678000809621914,1.88360894802209e-09,IHD
Leg fat percentage (right) || id:ukb-b-20531,"Ischaemic heart disease, wide definition || id:finn-b-I9_IHD",ukb-b-20531,finn-b-I9_IHD,,rs7027304,0.405243554214613,0.067848493633201,2.33256394459382e-09,IHD
Leg fat percentage (right) || id:ukb-b-20531,"Ischaemic heart disease, wide definition || id:finn-b-I9_IHD",ukb-b-20531,finn-b-I9_IHD,,rs708437,0.403996810582155,0.067786190704038,2.52440355578775e-09,IHD
Leg fat percentage (right) || id:ukb-b-20531,"Ischaemic heart disease, wide definition || id:finn-b-I9_IHD",ukb-b-20531,finn-b-I9_IHD,,rs7097348,0.406053885719392,0.0678375276048366,2.15484666495915e-09,IHD
Leg fat percentage (right) || id:ukb-b-20531,"Ischaemic heart disease, wide definition || id:finn-b-I9_IHD",ukb-b-20531,finn-b-I9_IHD,,rs7124681,0.413866442779079,0.0678077285366551,1.03751682787201e-09,IHD
Leg fat percentage (right) || id:ukb-b-20531,"Ischaemic heart disease, wide definition || id:finn-b-I9_IHD",ukb-b-20531,finn-b-I9_IHD,,rs7132908,0.412013765127224,0.067841354794323,1.25390170094815e-09,IHD
Leg fat percentage (right) || id:ukb-b-20531,"Ischaemic heart disease, wide definition || id:finn-b-I9_IHD",ukb-b-20531,finn-b-I9_IHD,,rs7141213,0.408431060324667,0.0677278646021799,1.63480461161246e-09,IHD
Leg fat percentage (right) || id:ukb-b-20531,"Ischaemic heart disease, wide definition || id:finn-b-I9_IHD",ukb-b-20531,finn-b-I9_IHD,,rs7154726,0.405936888098728,0.0678176252278723,2.15443052159417e-09,IHD
Leg fat percentage (right) || id:ukb-b-20531,"Ischaemic heart disease, wide definition || id:finn-b-I9_IHD",ukb-b-20531,finn-b-I9_IHD,,rs719802,0.409161496284711,0.0677915043721215,1.5838624650247e-09,IHD
Leg fat percentage (right) || id:ukb-b-20531,"Ischaemic heart disease, wide definition || id:finn-b-I9_IHD",ukb-b-20531,finn-b-I9_IHD,,rs7206608,0.407644107361302,0.0678401205640201,1.86792960026456e-09,IHD
Leg fat percentage (right) || id:ukb-b-20531,"Ischaemic heart disease, wide definition || id:finn-b-I9_IHD",ukb-b-20531,finn-b-I9_IHD,,rs7213608,0.40121863759852,0.0678462597336875,3.34620390350546e-09,IHD
Leg fat percentage (right) || id:ukb-b-20531,"Ischaemic heart disease, wide definition || id:finn-b-I9_IHD",ukb-b-20531,finn-b-I9_IHD,,rs7218014,0.41002436971205,0.0678656484427528,1.52492112303422e-09,IHD
Leg fat percentage (right) || id:ukb-b-20531,"Ischaemic heart disease, wide definition || id:finn-b-I9_IHD",ukb-b-20531,finn-b-I9_IHD,,rs7230974,0.406102895234887,0.0678201616610686,2.12518576682706e-09,IHD
Leg fat percentage (right) || id:ukb-b-20531,"Ischaemic heart disease, wide definition || id:finn-b-I9_IHD",ukb-b-20531,finn-b-I9_IHD,,rs7235179,0.403582575130455,0.0677602447702537,2.58426676891358e-09,IHD
Leg fat percentage (right) || id:ukb-b-20531,"Ischaemic heart disease, wide definition || id:finn-b-I9_IHD",ukb-b-20531,finn-b-I9_IHD,,rs72634826,0.404915753222058,0.0678639426631528,2.42275567060908e-09,IHD
Leg fat percentage (right) || id:ukb-b-20531,"Ischaemic heart disease, wide definition || id:finn-b-I9_IHD",ukb-b-20531,finn-b-I9_IHD,,rs72651329,0.404486285534631,0.0678293231910248,2.47201053392082e-09,IHD
Leg fat percentage (right) || id:ukb-b-20531,"Ischaemic heart disease, wide definition || id:finn-b-I9_IHD",ukb-b-20531,finn-b-I9_IHD,,rs72668171,0.404550829429856,0.0678054796836367,2.42628211275588e-09,IHD
Leg fat percentage (right) || id:ukb-b-20531,"Ischaemic heart disease, wide definition || id:finn-b-I9_IHD",ukb-b-20531,finn-b-I9_IHD,,rs72744607,0.404398092874502,0.0678017044601992,2.45498953392079e-09,IHD
Leg fat percentage (right) || id:ukb-b-20531,"Ischaemic heart disease, wide definition || id:finn-b-I9_IHD",ukb-b-20531,finn-b-I9_IHD,,rs72811755,0.40657668082607,0.0678327835796915,2.04983373833245e-09,IHD
Leg fat percentage (right) || id:ukb-b-20531,"Ischaemic heart disease, wide definition || id:finn-b-I9_IHD",ukb-b-20531,finn-b-I9_IHD,,rs72823964,0.403606662085566,0.0677694025164851,2.59137904988989e-09,IHD
Leg fat percentage (right) || id:ukb-b-20531,"Ischaemic heart disease, wide definition || id:finn-b-I9_IHD",ukb-b-20531,finn-b-I9_IHD,,rs72892910,0.404237549042297,0.0679511085859673,2.69872867050824e-09,IHD
Leg fat percentage (right) || id:ukb-b-20531,"Ischaemic heart disease, wide definition || id:finn-b-I9_IHD",ukb-b-20531,finn-b-I9_IHD,,rs72917533,0.407140657604739,0.0678252011376882,1.93951561106074e-09,IHD
Leg fat percentage (right) || id:ukb-b-20531,"Ischaemic heart disease, wide definition || id:finn-b-I9_IHD",ukb-b-20531,finn-b-I9_IHD,,rs73034216,0.407284738420335,0.0678125974273652,1.90116812931258e-09,IHD
Leg fat percentage (right) || id:ukb-b-20531,"Ischaemic heart disease, wide definition || id:finn-b-I9_IHD",ukb-b-20531,finn-b-I9_IHD,,rs73049380,0.403509816392175,0.0677293483139662,2.55843102858186e-09,IHD
Leg fat percentage (right) || id:ukb-b-20531,"Ischaemic heart disease, wide definition || id:finn-b-I9_IHD",ukb-b-20531,finn-b-I9_IHD,,rs7308788,0.406657013613316,0.067833025027539,2.03521837329999e-09,IHD
Leg fat percentage (right) || id:ukb-b-20531,"Ischaemic heart disease, wide definition || id:finn-b-I9_IHD",ukb-b-20531,finn-b-I9_IHD,,rs73091318,0.40336707274209,0.0678116827890938,2.7087237478636e-09,IHD
Leg fat percentage (right) || id:ukb-b-20531,"Ischaemic heart disease, wide definition || id:finn-b-I9_IHD",ukb-b-20531,finn-b-I9_IHD,,rs7314469,0.408214469129941,0.0677462118321832,1.68438889440899e-09,IHD
Leg fat percentage (right) || id:ukb-b-20531,"Ischaemic heart disease, wide definition || id:finn-b-I9_IHD",ukb-b-20531,finn-b-I9_IHD,,rs73371569,0.405538982485336,0.0678189688247859,2.23510605798567e-09,IHD
Leg fat percentage (right) || id:ukb-b-20531,"Ischaemic heart disease, wide definition || id:finn-b-I9_IHD",ukb-b-20531,finn-b-I9_IHD,,rs7338169,0.404464783159649,0.0677982898770758,2.43575917063973e-09,IHD
Leg fat percentage (right) || id:ukb-b-20531,"Ischaemic heart disease, wide definition || id:finn-b-I9_IHD",ukb-b-20531,finn-b-I9_IHD,,rs74278876,0.404867503206869,0.067851251412676,2.41675352004535e-09,IHD
Leg fat percentage (right) || id:ukb-b-20531,"Ischaemic heart disease, wide definition || id:finn-b-I9_IHD",ukb-b-20531,finn-b-I9_IHD,,rs74288880,0.405249520654926,0.0678025024111677,2.27408391280778e-09,IHD
Leg fat percentage (right) || id:ukb-b-20531,"Ischaemic heart disease, wide definition || id:finn-b-I9_IHD",ukb-b-20531,finn-b-I9_IHD,,rs7442885,0.408581942286605,0.0678352427850557,1.71053222077188e-09,IHD
Leg fat percentage (right) || id:ukb-b-20531,"Ischaemic heart disease, wide definition || id:finn-b-I9_IHD",ukb-b-20531,finn-b-I9_IHD,,rs745249,0.404697125143981,0.0678521745475069,2.45543109178601e-09,IHD
Leg fat percentage (right) || id:ukb-b-20531,"Ischaemic heart disease, wide definition || id:finn-b-I9_IHD",ukb-b-20531,finn-b-I9_IHD,,rs74618095,0.405761298922353,0.0678464821195733,2.22344797046595e-09,IHD
Leg fat percentage (right) || id:ukb-b-20531,"Ischaemic heart disease, wide definition || id:finn-b-I9_IHD",ukb-b-20531,finn-b-I9_IHD,,rs7463186,0.405552437910179,0.0678453586897305,2.26448476571307e-09,IHD
Leg fat percentage (right) || id:ukb-b-20531,"Ischaemic heart disease, wide definition || id:finn-b-I9_IHD",ukb-b-20531,finn-b-I9_IHD,,rs75035127,0.407339596168052,0.0677870800651817,1.86551734827249e-09,IHD
Leg fat percentage (right) || id:ukb-b-20531,"Ischaemic heart disease, wide definition || id:finn-b-I9_IHD",ukb-b-20531,finn-b-I9_IHD,,rs7537581,0.403313839794756,0.0677954824952773,2.69821754889088e-09,IHD
Leg fat percentage (right) || id:ukb-b-20531,"Ischaemic heart disease, wide definition || id:finn-b-I9_IHD",ukb-b-20531,finn-b-I9_IHD,,rs75499503,0.403453046568216,0.0679221177724519,2.85133010405154e-09,IHD
Leg fat percentage (right) || id:ukb-b-20531,"Ischaemic heart disease, wide definition || id:finn-b-I9_IHD",ukb-b-20531,finn-b-I9_IHD,,rs7553158,0.407157633908022,0.0678011429507669,1.91127290141112e-09,IHD
Leg fat percentage (right) || id:ukb-b-20531,"Ischaemic heart disease, wide definition || id:finn-b-I9_IHD",ukb-b-20531,finn-b-I9_IHD,,rs75557510,0.405956148658062,0.0678438713188192,2.18149084097398e-09,IHD
Leg fat percentage (right) || id:ukb-b-20531,"Ischaemic heart disease, wide definition || id:finn-b-I9_IHD",ukb-b-20531,finn-b-I9_IHD,,rs75695257,0.407248922084405,0.0677938076877848,1.88789636011221e-09,IHD
Leg fat percentage (right) || id:ukb-b-20531,"Ischaemic heart disease, wide definition || id:finn-b-I9_IHD",ukb-b-20531,finn-b-I9_IHD,,rs7575523,0.400112277530593,0.0677719789196675,3.55220590758566e-09,IHD
Leg fat percentage (right) || id:ukb-b-20531,"Ischaemic heart disease, wide definition || id:finn-b-I9_IHD",ukb-b-20531,finn-b-I9_IHD,,rs7636464,0.406728062012375,0.0678301754745495,2.01900939324618e-09,IHD
Leg fat percentage (right) || id:ukb-b-20531,"Ischaemic heart disease, wide definition || id:finn-b-I9_IHD",ukb-b-20531,finn-b-I9_IHD,,rs764729,0.404564203094103,0.0678099324708902,2.4291754659973e-09,IHD
Leg fat percentage (right) || id:ukb-b-20531,"Ischaemic heart disease, wide definition || id:finn-b-I9_IHD",ukb-b-20531,finn-b-I9_IHD,,rs7655064,0.40538364683294,0.0678501043654625,2.30521727058774e-09,IHD
Leg fat percentage (right) || id:ukb-b-20531,"Ischaemic heart disease, wide definition || id:finn-b-I9_IHD",ukb-b-20531,finn-b-I9_IHD,,rs7665222,0.408944755308145,0.0677649497372831,1.59205701595838e-09,IHD
Leg fat percentage (right) || id:ukb-b-20531,"Ischaemic heart disease, wide definition || id:finn-b-I9_IHD",ukb-b-20531,finn-b-I9_IHD,,rs7667864,0.404479663184665,0.0678257216020493,2.46869781184296e-09,IHD
Leg fat percentage (right) || id:ukb-b-20531,"Ischaemic heart disease, wide definition || id:finn-b-I9_IHD",ukb-b-20531,finn-b-I9_IHD,,rs76702514,0.402637589567622,0.0677566110367931,2.80861192559267e-09,IHD
Leg fat percentage (right) || id:ukb-b-20531,"Ischaemic heart disease, wide definition || id:finn-b-I9_IHD",ukb-b-20531,finn-b-I9_IHD,,rs76856798,0.406841148012757,0.0678266792967936,1.994594742537e-09,IHD
Leg fat percentage (right) || id:ukb-b-20531,"Ischaemic heart disease, wide definition || id:finn-b-I9_IHD",ukb-b-20531,finn-b-I9_IHD,,rs7696754,0.408097473347449,0.0677951189633428,1.7488087241306e-09,IHD
Leg fat percentage (right) || id:ukb-b-20531,"Ischaemic heart disease, wide definition || id:finn-b-I9_IHD",ukb-b-20531,finn-b-I9_IHD,,rs770082,0.407435906459461,0.0678417419410462,1.90529682386469e-09,IHD
Leg fat percentage (right) || id:ukb-b-20531,"Ischaemic heart disease, wide definition || id:finn-b-I9_IHD",ukb-b-20531,finn-b-I9_IHD,,rs77221192,0.399894473979105,0.0677807829910313,3.63896565273601e-09,IHD
Leg fat percentage (right) || id:ukb-b-20531,"Ischaemic heart disease, wide definition || id:finn-b-I9_IHD",ukb-b-20531,finn-b-I9_IHD,,rs7723495,0.404722869566829,0.0678140324169784,2.39990119319409e-09,IHD
Leg fat percentage (right) || id:ukb-b-20531,"Ischaemic heart disease, wide definition || id:finn-b-I9_IHD",ukb-b-20531,finn-b-I9_IHD,,rs7739335,0.403206270123741,0.0679429428055279,2.94772049367282e-09,IHD
Leg fat percentage (right) || id:ukb-b-20531,"Ischaemic heart disease, wide definition || id:finn-b-I9_IHD",ukb-b-20531,finn-b-I9_IHD,,rs7746618,0.404356382478503,0.067807030330823,2.47133298807397e-09,IHD
Leg fat percentage (right) || id:ukb-b-20531,"Ischaemic heart disease, wide definition || id:finn-b-I9_IHD",ukb-b-20531,finn-b-I9_IHD,,rs7774,0.403180919809699,0.0678162164439645,2.76120760617097e-09,IHD
Leg fat percentage (right) || id:ukb-b-20531,"Ischaemic heart disease, wide definition || id:finn-b-I9_IHD",ukb-b-20531,finn-b-I9_IHD,,rs77927866,0.40785875333695,0.0677646811049203,1.75767823109291e-09,IHD
Leg fat percentage (right) || id:ukb-b-20531,"Ischaemic heart disease, wide definition || id:finn-b-I9_IHD",ukb-b-20531,finn-b-I9_IHD,,rs78081111,0.405928487059479,0.0678363284568089,2.17804210150376e-09,IHD
Leg fat percentage (right) || id:ukb-b-20531,"Ischaemic heart disease, wide definition || id:finn-b-I9_IHD",ukb-b-20531,finn-b-I9_IHD,,rs7826830,0.405283843446749,0.0678158860504529,2.28349982480976e-09,IHD
Leg fat percentage (right) || id:ukb-b-20531,"Ischaemic heart disease, wide definition || id:finn-b-I9_IHD",ukb-b-20531,finn-b-I9_IHD,,rs78277800,0.401586538972742,0.0676906066139243,2.98033900863579e-09,IHD
Leg fat percentage (right) || id:ukb-b-20531,"Ischaemic heart disease, wide definition || id:finn-b-I9_IHD",ukb-b-20531,finn-b-I9_IHD,,rs7837172,0.40502140430477,0.0678239332753663,2.34852959660896e-09,IHD
Leg fat percentage (right) || id:ukb-b-20531,"Ischaemic heart disease, wide definition || id:finn-b-I9_IHD",ukb-b-20531,finn-b-I9_IHD,,rs78378788,0.407349898988658,0.0678438314208191,1.92243231814155e-09,IHD
Leg fat percentage (right) || id:ukb-b-20531,"Ischaemic heart disease, wide definition || id:finn-b-I9_IHD",ukb-b-20531,finn-b-I9_IHD,,rs785510,0.406657619867309,0.0678469148130863,2.05053292801733e-09,IHD
Leg fat percentage (right) || id:ukb-b-20531,"Ischaemic heart disease, wide definition || id:finn-b-I9_IHD",ukb-b-20531,finn-b-I9_IHD,,rs7865801,0.40300790372331,0.0677409768784605,2.69376436510566e-09,IHD
Leg fat percentage (right) || id:ukb-b-20531,"Ischaemic heart disease, wide definition || id:finn-b-I9_IHD",ukb-b-20531,finn-b-I9_IHD,,rs78759867,0.407036860384562,0.0678095739158169,1.9412769223193e-09,IHD
Leg fat percentage (right) || id:ukb-b-20531,"Ischaemic heart disease, wide definition || id:finn-b-I9_IHD",ukb-b-20531,finn-b-I9_IHD,,rs78886584,0.405851728684919,0.0678412763120567,2.19911774824318e-09,IHD
Leg fat percentage (right) || id:ukb-b-20531,"Ischaemic heart disease, wide definition || id:finn-b-I9_IHD",ukb-b-20531,finn-b-I9_IHD,,rs7893571,0.407738648870163,0.0678011697852172,1.81290503971188e-09,IHD
Leg fat percentage (right) || id:ukb-b-20531,"Ischaemic heart disease, wide definition || id:finn-b-I9_IHD",ukb-b-20531,finn-b-I9_IHD,,rs7927346,0.406594699925526,0.0678262018264886,2.03917517385905e-09,IHD
Leg fat percentage (right) || id:ukb-b-20531,"Ischaemic heart disease, wide definition || id:finn-b-I9_IHD",ukb-b-20531,finn-b-I9_IHD,,rs7957882,0.407297712383331,0.067818271442284,1.90481853169855e-09,IHD
Leg fat percentage (right) || id:ukb-b-20531,"Ischaemic heart disease, wide definition || id:finn-b-I9_IHD",ukb-b-20531,finn-b-I9_IHD,,rs7975187,0.405523881799385,0.0678349406152476,2.25758753718874e-09,IHD
Leg fat percentage (right) || id:ukb-b-20531,"Ischaemic heart disease, wide definition || id:finn-b-I9_IHD",ukb-b-20531,finn-b-I9_IHD,,rs79847714,0.401123240650432,0.0677375256294558,3.18575130709269e-09,IHD
Leg fat percentage (right) || id:ukb-b-20531,"Ischaemic heart disease, wide definition || id:finn-b-I9_IHD",ukb-b-20531,finn-b-I9_IHD,,rs7987928,0.408645274380221,0.0677997684845964,1.6678632506583e-09,IHD
Leg fat percentage (right) || id:ukb-b-20531,"Ischaemic heart disease, wide definition || id:finn-b-I9_IHD",ukb-b-20531,finn-b-I9_IHD,,rs80135274,0.404617666846297,0.0678059188654235,2.41224592178512e-09,IHD
Leg fat percentage (right) || id:ukb-b-20531,"Ischaemic heart disease, wide definition || id:finn-b-I9_IHD",ukb-b-20531,finn-b-I9_IHD,,rs8014124,0.408546062191277,0.067712948436688,1.60446169457766e-09,IHD
Leg fat percentage (right) || id:ukb-b-20531,"Ischaemic heart disease, wide definition || id:finn-b-I9_IHD",ukb-b-20531,finn-b-I9_IHD,,rs8020365,0.413803443280949,0.0677377006648028,1.00314556805578e-09,IHD
Leg fat percentage (right) || id:ukb-b-20531,"Ischaemic heart disease, wide definition || id:finn-b-I9_IHD",ukb-b-20531,finn-b-I9_IHD,,rs8049660,0.4074926760653,0.0678092248365216,1.86212527440816e-09,IHD
Leg fat percentage (right) || id:ukb-b-20531,"Ischaemic heart disease, wide definition || id:finn-b-I9_IHD",ukb-b-20531,finn-b-I9_IHD,,rs8062006,0.406181813138876,0.0678457610773217,2.1395518880594e-09,IHD
Leg fat percentage (right) || id:ukb-b-20531,"Ischaemic heart disease, wide definition || id:finn-b-I9_IHD",ukb-b-20531,finn-b-I9_IHD,,rs8089514,0.405546019497172,0.0678237464353397,2.23946604559898e-09,IHD
Leg fat percentage (right) || id:ukb-b-20531,"Ischaemic heart disease, wide definition || id:finn-b-I9_IHD",ukb-b-20531,finn-b-I9_IHD,,rs811054,0.402286357347745,0.0676920703106248,2.80044666940995e-09,IHD
Leg fat percentage (right) || id:ukb-b-20531,"Ischaemic heart disease, wide definition || id:finn-b-I9_IHD",ukb-b-20531,finn-b-I9_IHD,,rs8119351,0.400634563855738,0.0677854316601666,3.41414071120054e-09,IHD
Leg fat percentage (right) || id:ukb-b-20531,"Ischaemic heart disease, wide definition || id:finn-b-I9_IHD",ukb-b-20531,finn-b-I9_IHD,,rs812949,0.40640672086973,0.0678537680637682,2.10552424974214e-09,IHD
Leg fat percentage (right) || id:ukb-b-20531,"Ischaemic heart disease, wide definition || id:finn-b-I9_IHD",ukb-b-20531,finn-b-I9_IHD,,rs8132491,0.407468543968328,0.0678208168194572,1.87807458722034e-09,IHD
Leg fat percentage (right) || id:ukb-b-20531,"Ischaemic heart disease, wide definition || id:finn-b-I9_IHD",ukb-b-20531,finn-b-I9_IHD,,rs853961,0.405474233825592,0.0678654634177711,2.30546285466324e-09,IHD
Leg fat percentage (right) || id:ukb-b-20531,"Ischaemic heart disease, wide definition || id:finn-b-I9_IHD",ukb-b-20531,finn-b-I9_IHD,,rs879620,0.410109627490754,0.0678051960783102,1.46335843620619e-09,IHD
Leg fat percentage (right) || id:ukb-b-20531,"Ischaemic heart disease, wide definition || id:finn-b-I9_IHD",ukb-b-20531,finn-b-I9_IHD,,rs906835,0.404815237703665,0.0678333797356076,2.40491378158106e-09,IHD
Leg fat percentage (right) || id:ukb-b-20531,"Ischaemic heart disease, wide definition || id:finn-b-I9_IHD",ukb-b-20531,finn-b-I9_IHD,,rs910244,0.410912145151248,0.0675740094039711,1.19494907521383e-09,IHD
Leg fat percentage (right) || id:ukb-b-20531,"Ischaemic heart disease, wide definition || id:finn-b-I9_IHD",ukb-b-20531,finn-b-I9_IHD,,rs9304665,0.400384149844281,0.0676295153523,3.21437809775789e-09,IHD
Leg fat percentage (right) || id:ukb-b-20531,"Ischaemic heart disease, wide definition || id:finn-b-I9_IHD",ukb-b-20531,finn-b-I9_IHD,,rs935166,0.404030119165346,0.0678150003686907,2.55612073034839e-09,IHD
Leg fat percentage (right) || id:ukb-b-20531,"Ischaemic heart disease, wide definition || id:finn-b-I9_IHD",ukb-b-20531,finn-b-I9_IHD,,rs9370068,0.403846392974514,0.0677832157804453,2.55481977135542e-09,IHD
Leg fat percentage (right) || id:ukb-b-20531,"Ischaemic heart disease, wide definition || id:finn-b-I9_IHD",ukb-b-20531,finn-b-I9_IHD,,rs9381202,0.404077092993917,0.0678186482257945,2.55030758780232e-09,IHD
Leg fat percentage (right) || id:ukb-b-20531,"Ischaemic heart disease, wide definition || id:finn-b-I9_IHD",ukb-b-20531,finn-b-I9_IHD,,rs9389857,0.40539440493075,0.0678184247496978,2.26387682260806e-09,IHD
Leg fat percentage (right) || id:ukb-b-20531,"Ischaemic heart disease, wide definition || id:finn-b-I9_IHD",ukb-b-20531,finn-b-I9_IHD,,rs9449999,0.406215399286418,0.0678364397735006,2.1222931063781e-09,IHD
Leg fat percentage (right) || id:ukb-b-20531,"Ischaemic heart disease, wide definition || id:finn-b-I9_IHD",ukb-b-20531,finn-b-I9_IHD,,rs9478496,0.406366128681859,0.0678267487111246,2.08250849971558e-09,IHD
Leg fat percentage (right) || id:ukb-b-20531,"Ischaemic heart disease, wide definition || id:finn-b-I9_IHD",ukb-b-20531,finn-b-I9_IHD,,rs9515455,0.409327854094905,0.0678328101910684,1.59590169071585e-09,IHD
Leg fat percentage (right) || id:ukb-b-20531,"Ischaemic heart disease, wide definition || id:finn-b-I9_IHD",ukb-b-20531,finn-b-I9_IHD,,rs9545470,0.407803359111497,0.0677721250961244,1.77380109944854e-09,IHD
Leg fat percentage (right) || id:ukb-b-20531,"Ischaemic heart disease, wide definition || id:finn-b-I9_IHD",ukb-b-20531,finn-b-I9_IHD,,rs9568867,0.405700203404623,0.0678725625871099,2.26752685546407e-09,IHD
Leg fat percentage (right) || id:ukb-b-20531,"Ischaemic heart disease, wide definition || id:finn-b-I9_IHD",ukb-b-20531,finn-b-I9_IHD,,rs9571687,0.408855082494827,0.0677368780944038,1.58049356984253e-09,IHD
Leg fat percentage (right) || id:ukb-b-20531,"Ischaemic heart disease, wide definition || id:finn-b-I9_IHD",ukb-b-20531,finn-b-I9_IHD,,rs9615723,0.404814347158399,0.0678078089477214,2.37216537712576e-09,IHD
Leg fat percentage (right) || id:ukb-b-20531,"Ischaemic heart disease, wide definition || id:finn-b-I9_IHD",ukb-b-20531,finn-b-I9_IHD,,rs9641499,0.405896267059447,0.0678706176054112,2.22533457174222e-09,IHD
Leg fat percentage (right) || id:ukb-b-20531,"Ischaemic heart disease, wide definition || id:finn-b-I9_IHD",ukb-b-20531,finn-b-I9_IHD,,rs9646033,0.406665146665158,0.06781381897187,2.01257594465486e-09,IHD
Leg fat percentage (right) || id:ukb-b-20531,"Ischaemic heart disease, wide definition || id:finn-b-I9_IHD",ukb-b-20531,finn-b-I9_IHD,,rs9667999,0.404405237770484,0.0678047273468713,2.45740410356848e-09,IHD
Leg fat percentage (right) || id:ukb-b-20531,"Ischaemic heart disease, wide definition || id:finn-b-I9_IHD",ukb-b-20531,finn-b-I9_IHD,,rs972031,0.407209328019691,0.0678011788071893,1.90234902206161e-09,IHD
Leg fat percentage (right) || id:ukb-b-20531,"Ischaemic heart disease, wide definition || id:finn-b-I9_IHD",ukb-b-20531,finn-b-I9_IHD,,rs972283,0.413015117289079,0.0676301459364892,1.01541773340931e-09,IHD
Leg fat percentage (right) || id:ukb-b-20531,"Ischaemic heart disease, wide definition || id:finn-b-I9_IHD",ukb-b-20531,finn-b-I9_IHD,,rs9783304,0.400035090166141,0.0678108291401022,3.65090497451042e-09,IHD
Leg fat percentage (right) || id:ukb-b-20531,"Ischaemic heart disease, wide definition || id:finn-b-I9_IHD",ukb-b-20531,finn-b-I9_IHD,,rs9788550,0.403780443176174,0.067886433068746,2.71635517784974e-09,IHD
Leg fat percentage (right) || id:ukb-b-20531,"Ischaemic heart disease, wide definition || id:finn-b-I9_IHD",ukb-b-20531,finn-b-I9_IHD,,rs9821810,0.404443962334138,0.0678072707462946,2.452182041339e-09,IHD
Leg fat percentage (right) || id:ukb-b-20531,"Ischaemic heart disease, wide definition || id:finn-b-I9_IHD",ukb-b-20531,finn-b-I9_IHD,,rs9839081,0.407555714714003,0.0678449662475105,1.88798652474367e-09,IHD
Leg fat percentage (right) || id:ukb-b-20531,"Ischaemic heart disease, wide definition || id:finn-b-I9_IHD",ukb-b-20531,finn-b-I9_IHD,,rs9843653,0.407432081391841,0.067976581966816,2.05103988884498e-09,IHD
Leg fat percentage (right) || id:ukb-b-20531,"Ischaemic heart disease, wide definition || id:finn-b-I9_IHD",ukb-b-20531,finn-b-I9_IHD,,rs9860326,0.403328453242372,0.0678104690187739,2.71639549421043e-09,IHD
Leg fat percentage (right) || id:ukb-b-20531,"Ischaemic heart disease, wide definition || id:finn-b-I9_IHD",ukb-b-20531,finn-b-I9_IHD,,rs9866090,0.406827261829403,0.0678541525032374,2.02718849409074e-09,IHD
Leg fat percentage (right) || id:ukb-b-20531,"Ischaemic heart disease, wide definition || id:finn-b-I9_IHD",ukb-b-20531,finn-b-I9_IHD,,rs9867130,0.40309240610304,0.0677760440977047,2.72406587574385e-09,IHD
Leg fat percentage (right) || id:ukb-b-20531,"Ischaemic heart disease, wide definition || id:finn-b-I9_IHD",ukb-b-20531,finn-b-I9_IHD,,rs9885336,0.407136538509197,0.0677879502449016,1.90119719236424e-09,IHD
Leg fat percentage (right) || id:ukb-b-20531,"Ischaemic heart disease, wide definition || id:finn-b-I9_IHD",ukb-b-20531,finn-b-I9_IHD,,rs9932172,0.405699335717186,0.0678315112205094,2.21790602279179e-09,IHD
Leg fat percentage (right) || id:ukb-b-20531,"Ischaemic heart disease, wide definition || id:finn-b-I9_IHD",ukb-b-20531,finn-b-I9_IHD,,rs993767,0.411104930074465,0.0674844757344461,1.11617102330719e-09,IHD
Leg fat percentage (right) || id:ukb-b-20531,"Ischaemic heart disease, wide definition || id:finn-b-I9_IHD",ukb-b-20531,finn-b-I9_IHD,,rs9963931,0.408073921269374,0.0677442950380734,1.70433606640425e-09,IHD
Leg fat percentage (right) || id:ukb-b-20531,"Ischaemic heart disease, wide definition || id:finn-b-I9_IHD",ukb-b-20531,finn-b-I9_IHD,,rs9964756,0.405878244265342,0.0678379524218277,2.18989909884956e-09,IHD
Leg fat percentage (right) || id:ukb-b-20531,"Ischaemic heart disease, wide definition || id:finn-b-I9_IHD",ukb-b-20531,finn-b-I9_IHD,,rs997123,0.40362112972741,0.0677801325151672,2.60296203166591e-09,IHD
Leg fat percentage (right) || id:ukb-b-20531,"Ischaemic heart disease, wide definition || id:finn-b-I9_IHD",ukb-b-20531,finn-b-I9_IHD,,All,0.405879351371054,0.0677306759073028,2.06577966459057e-09,IHD
