exposure,outcome,id.exposure,id.outcome,samplesize,SNP,b,se,p,outcome_code
Qualifications: College or University degree || id:ukb-b-16489,"Ischaemic heart disease, wide definition || id:finn-b-I9_IHD",ukb-b-16489,finn-b-I9_IHD,,rs10003973,-0.752939793070527,0.0982102775643775,1.76603157090246e-14,IHD
Qualifications: College or University degree || id:ukb-b-16489,"Ischaemic heart disease, wide definition || id:finn-b-I9_IHD",ukb-b-16489,finn-b-I9_IHD,,rs1000507,-0.760329390727067,0.0982559276865988,1.00790810238279e-14,IHD
Qualifications: College or University degree || id:ukb-b-16489,"Ischaemic heart disease, wide definition || id:finn-b-I9_IHD",ukb-b-16489,finn-b-I9_IHD,,rs10039801,-0.761998292960992,0.0981280891775045,8.14244210837002e-15,IHD
Qualifications: College or University degree || id:ukb-b-16489,"Ischaemic heart disease, wide definition || id:finn-b-I9_IHD",ukb-b-16489,finn-b-I9_IHD,,rs1008078,-0.748417933642313,0.0984108122211818,2.84820929407451e-14,IHD
Qualifications: College or University degree || id:ukb-b-16489,"Ischaemic heart disease, wide definition || id:finn-b-I9_IHD",ukb-b-16489,finn-b-I9_IHD,,rs10088132,-0.762717554804639,0.0984117802714992,9.1699665447163e-15,IHD
Qualifications: College or University degree || id:ukb-b-16489,"Ischaemic heart disease, wide definition || id:finn-b-I9_IHD",ukb-b-16489,finn-b-I9_IHD,,rs10111226,-0.75400771416744,0.0982856301762716,1.69868368079662e-14,IHD
Qualifications: College or University degree || id:ukb-b-16489,"Ischaemic heart disease, wide definition || id:finn-b-I9_IHD",ukb-b-16489,finn-b-I9_IHD,,rs10129035,-0.754772417910042,0.0984376430837097,1.75356175150442e-14,IHD
Qualifications: College or University degree || id:ukb-b-16489,"Ischaemic heart disease, wide definition || id:finn-b-I9_IHD",ukb-b-16489,finn-b-I9_IHD,,rs1013014,-0.759862867271992,0.0983468430101181,1.1066756199513e-14,IHD
Qualifications: College or University degree || id:ukb-b-16489,"Ischaemic heart disease, wide definition || id:finn-b-I9_IHD",ukb-b-16489,finn-b-I9_IHD,,rs1015511,-0.752419431156423,0.0981758751607732,1.80236702154635e-14,IHD
Qualifications: College or University degree || id:ukb-b-16489,"Ischaemic heart disease, wide definition || id:finn-b-I9_IHD",ukb-b-16489,finn-b-I9_IHD,,rs10189857,-0.748628357095366,0.0983020117024397,2.62478504629363e-14,IHD
Qualifications: College or University degree || id:ukb-b-16489,"Ischaemic heart disease, wide definition || id:finn-b-I9_IHD",ukb-b-16489,finn-b-I9_IHD,,rs10205057,-0.762759023423561,0.0982040586213515,8.03145468551469e-15,IHD
Qualifications: College or University degree || id:ukb-b-16489,"Ischaemic heart disease, wide definition || id:finn-b-I9_IHD",ukb-b-16489,finn-b-I9_IHD,,rs1020875,-0.757681481933699,0.0983431452682166,1.31390896831414e-14,IHD
Qualifications: College or University degree || id:ukb-b-16489,"Ischaemic heart disease, wide definition || id:finn-b-I9_IHD",ukb-b-16489,finn-b-I9_IHD,,rs10227949,-0.753861190881611,0.0982869965817593,1.7199734439412e-14,IHD
Qualifications: College or University degree || id:ukb-b-16489,"Ischaemic heart disease, wide definition || id:finn-b-I9_IHD",ukb-b-16489,finn-b-I9_IHD,,rs1024708,-0.758801546313993,0.0983109854859364,1.17817487971593e-14,IHD
Qualifications: College or University degree || id:ukb-b-16489,"Ischaemic heart disease, wide definition || id:finn-b-I9_IHD",ukb-b-16489,finn-b-I9_IHD,,rs10279551,-0.753339294443982,0.0982938627909546,1.80013899324184e-14,IHD
Qualifications: College or University degree || id:ukb-b-16489,"Ischaemic heart disease, wide definition || id:finn-b-I9_IHD",ukb-b-16489,finn-b-I9_IHD,,rs10402747,-0.745071809026518,0.0979190950369404,2.76106604656166e-14,IHD
Qualifications: College or University degree || id:ukb-b-16489,"Ischaemic heart disease, wide definition || id:finn-b-I9_IHD",ukb-b-16489,finn-b-I9_IHD,,rs10431632,-0.755472210106207,0.0983897772526729,1.61137105308266e-14,IHD
Qualifications: College or University degree || id:ukb-b-16489,"Ischaemic heart disease, wide definition || id:finn-b-I9_IHD",ukb-b-16489,finn-b-I9_IHD,,rs10471139,-0.757302343977964,0.09835814152047,1.36666706066137e-14,IHD
Qualifications: College or University degree || id:ukb-b-16489,"Ischaemic heart disease, wide definition || id:finn-b-I9_IHD",ukb-b-16489,finn-b-I9_IHD,,rs10484022,-0.75723044807578,0.0983690442771316,1.38371360135847e-14,IHD
Qualifications: College or University degree || id:ukb-b-16489,"Ischaemic heart disease, wide definition || id:finn-b-I9_IHD",ukb-b-16489,finn-b-I9_IHD,,rs1048527,-0.756423181449079,0.0983059570331258,1.41958228124904e-14,IHD
Qualifications: College or University degree || id:ukb-b-16489,"Ischaemic heart disease, wide definition || id:finn-b-I9_IHD",ukb-b-16489,finn-b-I9_IHD,,rs10496963,-0.747141612284872,0.0979158053780087,2.33936515862098e-14,IHD
Qualifications: College or University degree || id:ukb-b-16489,"Ischaemic heart disease, wide definition || id:finn-b-I9_IHD",ukb-b-16489,finn-b-I9_IHD,,rs1050847,-0.760582244310619,0.0983349741049038,1.03724128988907e-14,IHD
Qualifications: College or University degree || id:ukb-b-16489,"Ischaemic heart disease, wide definition || id:finn-b-I9_IHD",ukb-b-16489,finn-b-I9_IHD,,rs10518019,-0.758216547599878,0.098420024591491,1.31990678671174e-14,IHD
Qualifications: College or University degree || id:ukb-b-16489,"Ischaemic heart disease, wide definition || id:finn-b-I9_IHD",ukb-b-16489,finn-b-I9_IHD,,rs10735131,-0.754326413093074,0.0983333789706775,1.70510903059202e-14,IHD
Qualifications: College or University degree || id:ukb-b-16489,"Ischaemic heart disease, wide definition || id:finn-b-I9_IHD",ukb-b-16489,finn-b-I9_IHD,,rs10752262,-0.758168116498633,0.0983922675905172,1.30264581589695e-14,IHD
Qualifications: College or University degree || id:ukb-b-16489,"Ischaemic heart disease, wide definition || id:finn-b-I9_IHD",ukb-b-16489,finn-b-I9_IHD,,rs10752651,-0.755014460319694,0.0983614130367176,1.64234006322218e-14,IHD
Qualifications: College or University degree || id:ukb-b-16489,"Ischaemic heart disease, wide definition || id:finn-b-I9_IHD",ukb-b-16489,finn-b-I9_IHD,,rs10760023,-0.75434343586784,0.0982817447626265,1.65011518544096e-14,IHD
Qualifications: College or University degree || id:ukb-b-16489,"Ischaemic heart disease, wide definition || id:finn-b-I9_IHD",ukb-b-16489,finn-b-I9_IHD,,rs1081158,-0.77229178797811,0.098173341125643,3.6436844751463e-15,IHD
Qualifications: College or University degree || id:ukb-b-16489,"Ischaemic heart disease, wide definition || id:finn-b-I9_IHD",ukb-b-16489,finn-b-I9_IHD,,rs10865537,-0.759449176500444,0.0982917547918632,1.10562052985302e-14,IHD
Qualifications: College or University degree || id:ukb-b-16489,"Ischaemic heart disease, wide definition || id:finn-b-I9_IHD",ukb-b-16489,finn-b-I9_IHD,,rs10899283,-0.748854708102321,0.0980313700217554,2.1903547575311e-14,IHD
Qualifications: College or University degree || id:ukb-b-16489,"Ischaemic heart disease, wide definition || id:finn-b-I9_IHD",ukb-b-16489,finn-b-I9_IHD,,rs10899654,-0.759673660027608,0.0982879893429624,1.08344529197015e-14,IHD
Qualifications: College or University degree || id:ukb-b-16489,"Ischaemic heart disease, wide definition || id:finn-b-I9_IHD",ukb-b-16489,finn-b-I9_IHD,,rs10901192,-0.751235747827395,0.0982460764143939,2.06570452556771e-14,IHD
Qualifications: College or University degree || id:ukb-b-16489,"Ischaemic heart disease, wide definition || id:finn-b-I9_IHD",ukb-b-16489,finn-b-I9_IHD,,rs10911634,-0.754165389291833,0.0983628670568203,1.75824783820222e-14,IHD
Qualifications: College or University degree || id:ukb-b-16489,"Ischaemic heart disease, wide definition || id:finn-b-I9_IHD",ukb-b-16489,finn-b-I9_IHD,,rs10940921,-0.756014026613792,0.0983971997383513,1.55056433435509e-14,IHD
Qualifications: College or University degree || id:ukb-b-16489,"Ischaemic heart disease, wide definition || id:finn-b-I9_IHD",ukb-b-16489,finn-b-I9_IHD,,rs10946808,-0.753184422762394,0.09860685426346,2.2018328160185e-14,IHD
Qualifications: College or University degree || id:ukb-b-16489,"Ischaemic heart disease, wide definition || id:finn-b-I9_IHD",ukb-b-16489,finn-b-I9_IHD,,rs10951155,-0.755092705293588,0.0983262590614259,1.59758916796471e-14,IHD
Qualifications: College or University degree || id:ukb-b-16489,"Ischaemic heart disease, wide definition || id:finn-b-I9_IHD",ukb-b-16489,finn-b-I9_IHD,,rs10955711,-0.758573082125321,0.0983361410125254,1.21855852813818e-14,IHD
Qualifications: College or University degree || id:ukb-b-16489,"Ischaemic heart disease, wide definition || id:finn-b-I9_IHD",ukb-b-16489,finn-b-I9_IHD,,rs11056449,-0.759091157387518,0.0983655012189881,1.19056127215715e-14,IHD
Qualifications: College or University degree || id:ukb-b-16489,"Ischaemic heart disease, wide definition || id:finn-b-I9_IHD",ukb-b-16489,finn-b-I9_IHD,,rs11057209,-0.7531568484765,0.0984408958145612,1.99650070086734e-14,IHD
Qualifications: College or University degree || id:ukb-b-16489,"Ischaemic heart disease, wide definition || id:finn-b-I9_IHD",ukb-b-16489,finn-b-I9_IHD,,rs1106380,-0.758070683862204,0.0983360610788838,1.26827732850919e-14,IHD
Qualifications: College or University degree || id:ukb-b-16489,"Ischaemic heart disease, wide definition || id:finn-b-I9_IHD",ukb-b-16489,finn-b-I9_IHD,,rs11072106,-0.759013554875298,0.0983100657466692,1.15775413843195e-14,IHD
Qualifications: College or University degree || id:ukb-b-16489,"Ischaemic heart disease, wide definition || id:finn-b-I9_IHD",ukb-b-16489,finn-b-I9_IHD,,rs11122397,-0.750549901130353,0.0980395719258627,1.92439946747895e-14,IHD
Qualifications: College or University degree || id:ukb-b-16489,"Ischaemic heart disease, wide definition || id:finn-b-I9_IHD",ukb-b-16489,finn-b-I9_IHD,,rs11123290,-0.757550520478848,0.0983384074413199,1.32382795457876e-14,IHD
Qualifications: College or University degree || id:ukb-b-16489,"Ischaemic heart disease, wide definition || id:finn-b-I9_IHD",ukb-b-16489,finn-b-I9_IHD,,rs11138947,-0.757487574605661,0.0983443259818796,1.3353157941298e-14,IHD
Qualifications: College or University degree || id:ukb-b-16489,"Ischaemic heart disease, wide definition || id:finn-b-I9_IHD",ukb-b-16489,finn-b-I9_IHD,,rs11155364,-0.760619095123212,0.0982694248997383,9.93074928137894e-15,IHD
Qualifications: College or University degree || id:ukb-b-16489,"Ischaemic heart disease, wide definition || id:finn-b-I9_IHD",ukb-b-16489,finn-b-I9_IHD,,rs11155821,-0.752516030995062,0.0983755810832448,2.0188952769914e-14,IHD
Qualifications: College or University degree || id:ukb-b-16489,"Ischaemic heart disease, wide definition || id:finn-b-I9_IHD",ukb-b-16489,finn-b-I9_IHD,,rs111940281,-0.749019648470452,0.0977538072857547,1.8262293699927e-14,IHD
Qualifications: College or University degree || id:ukb-b-16489,"Ischaemic heart disease, wide definition || id:finn-b-I9_IHD",ukb-b-16489,finn-b-I9_IHD,,rs112026126,-0.753270504509462,0.0980549351158498,1.56468102487092e-14,IHD
Qualifications: College or University degree || id:ukb-b-16489,"Ischaemic heart disease, wide definition || id:finn-b-I9_IHD",ukb-b-16489,finn-b-I9_IHD,,rs11204137,-0.753714006653911,0.0983229470024585,1.77861411722365e-14,IHD
Qualifications: College or University degree || id:ukb-b-16489,"Ischaemic heart disease, wide definition || id:finn-b-I9_IHD",ukb-b-16489,finn-b-I9_IHD,,rs11204881,-0.754521631029214,0.0983020906006529,1.64723209211025e-14,IHD
Qualifications: College or University degree || id:ukb-b-16489,"Ischaemic heart disease, wide definition || id:finn-b-I9_IHD",ukb-b-16489,finn-b-I9_IHD,,rs11210887,-0.765210066556402,0.0983595605740779,7.26839215228525e-15,IHD
Qualifications: College or University degree || id:ukb-b-16489,"Ischaemic heart disease, wide definition || id:finn-b-I9_IHD",ukb-b-16489,finn-b-I9_IHD,,rs112139144,-0.759289988819718,0.0983632164836772,1.17018710615841e-14,IHD
Qualifications: College or University degree || id:ukb-b-16489,"Ischaemic heart disease, wide definition || id:finn-b-I9_IHD",ukb-b-16489,finn-b-I9_IHD,,rs11214468,-0.751860518894275,0.0981970602119914,1.90845853688156e-14,IHD
Qualifications: College or University degree || id:ukb-b-16489,"Ischaemic heart disease, wide definition || id:finn-b-I9_IHD",ukb-b-16489,finn-b-I9_IHD,,rs11217917,-0.760559337174958,0.0982802563145759,1.00455195820246e-14,IHD
Qualifications: College or University degree || id:ukb-b-16489,"Ischaemic heart disease, wide definition || id:finn-b-I9_IHD",ukb-b-16489,finn-b-I9_IHD,,rs11225174,-0.748209620764233,0.0976914952543654,1.87528939333127e-14,IHD
Qualifications: College or University degree || id:ukb-b-16489,"Ischaemic heart disease, wide definition || id:finn-b-I9_IHD",ukb-b-16489,finn-b-I9_IHD,,rs11256891,-0.7565835660834,0.0983721929896635,1.45954290391188e-14,IHD
Qualifications: College or University degree || id:ukb-b-16489,"Ischaemic heart disease, wide definition || id:finn-b-I9_IHD",ukb-b-16489,finn-b-I9_IHD,,rs112669216,-0.760386864553307,0.0982295529032698,9.87019356520178e-15,IHD
Qualifications: College or University degree || id:ukb-b-16489,"Ischaemic heart disease, wide definition || id:finn-b-I9_IHD",ukb-b-16489,finn-b-I9_IHD,,rs114456910,-0.753679033561435,0.0982189352668029,1.67418254886666e-14,IHD
Qualifications: College or University degree || id:ukb-b-16489,"Ischaemic heart disease, wide definition || id:finn-b-I9_IHD",ukb-b-16489,finn-b-I9_IHD,,rs11540358,-0.759271439057717,0.0984132127342174,1.20852153018463e-14,IHD
Qualifications: College or University degree || id:ukb-b-16489,"Ischaemic heart disease, wide definition || id:finn-b-I9_IHD",ukb-b-16489,finn-b-I9_IHD,,rs11548200,-0.757177577416701,0.0983290410475161,1.35590980919146e-14,IHD
Qualifications: College or University degree || id:ukb-b-16489,"Ischaemic heart disease, wide definition || id:finn-b-I9_IHD",ukb-b-16489,finn-b-I9_IHD,,rs11572842,-0.760336057001854,0.0983580934711556,1.07306397994299e-14,IHD
Qualifications: College or University degree || id:ukb-b-16489,"Ischaemic heart disease, wide definition || id:finn-b-I9_IHD",ukb-b-16489,finn-b-I9_IHD,,rs11635966,-0.754815960302741,0.0983411941586861,1.6479917334769e-14,IHD
Qualifications: College or University degree || id:ukb-b-16489,"Ischaemic heart disease, wide definition || id:finn-b-I9_IHD",ukb-b-16489,finn-b-I9_IHD,,rs11663602,-0.755380723078838,0.0983859419313223,1.6193201570398e-14,IHD
Qualifications: College or University degree || id:ukb-b-16489,"Ischaemic heart disease, wide definition || id:finn-b-I9_IHD",ukb-b-16489,finn-b-I9_IHD,,rs11669334,-0.761955151229046,0.0981896311944293,8.49047470413492e-15,IHD
Qualifications: College or University degree || id:ukb-b-16489,"Ischaemic heart disease, wide definition || id:finn-b-I9_IHD",ukb-b-16489,finn-b-I9_IHD,,rs116787098,-0.762482297772001,0.0980629583815528,7.51877376252342e-15,IHD
Qualifications: College or University degree || id:ukb-b-16489,"Ischaemic heart disease, wide definition || id:finn-b-I9_IHD",ukb-b-16489,finn-b-I9_IHD,,rs11678980,-0.764243131736768,0.0984563469713563,8.34333735852638e-15,IHD
Qualifications: College or University degree || id:ukb-b-16489,"Ischaemic heart disease, wide definition || id:finn-b-I9_IHD",ukb-b-16489,finn-b-I9_IHD,,rs11685076,-0.751013473799721,0.0982474777609422,2.10413017981551e-14,IHD
Qualifications: College or University degree || id:ukb-b-16489,"Ischaemic heart disease, wide definition || id:finn-b-I9_IHD",ukb-b-16489,finn-b-I9_IHD,,rs11690224,-0.750039115773597,0.0981904935094358,2.19575317168833e-14,IHD
Qualifications: College or University degree || id:ukb-b-16489,"Ischaemic heart disease, wide definition || id:finn-b-I9_IHD",ukb-b-16489,finn-b-I9_IHD,,rs117005905,-0.761539717943413,0.0982741437970624,9.25197961582933e-15,IHD
Qualifications: College or University degree || id:ukb-b-16489,"Ischaemic heart disease, wide definition || id:finn-b-I9_IHD",ukb-b-16489,finn-b-I9_IHD,,rs11703948,-0.75066500018464,0.0982844919983666,2.21179430847985e-14,IHD
Qualifications: College or University degree || id:ukb-b-16489,"Ischaemic heart disease, wide definition || id:finn-b-I9_IHD",ukb-b-16489,finn-b-I9_IHD,,rs117324288,-0.756505081437652,0.0983219215102544,1.42421234881648e-14,IHD
Qualifications: College or University degree || id:ukb-b-16489,"Ischaemic heart disease, wide definition || id:finn-b-I9_IHD",ukb-b-16489,finn-b-I9_IHD,,rs11732657,-0.756721325617067,0.0983897567760799,1.45923263896769e-14,IHD
Qualifications: College or University degree || id:ukb-b-16489,"Ischaemic heart disease, wide definition || id:finn-b-I9_IHD",ukb-b-16489,finn-b-I9_IHD,,rs11748023,-0.757701174698601,0.0983851688419329,1.34608796534473e-14,IHD
Qualifications: College or University degree || id:ukb-b-16489,"Ischaemic heart disease, wide definition || id:finn-b-I9_IHD",ukb-b-16489,finn-b-I9_IHD,,rs117588074,-0.75209477884065,0.0982563457900829,1.94195258220771e-14,IHD
Qualifications: College or University degree || id:ukb-b-16489,"Ischaemic heart disease, wide definition || id:finn-b-I9_IHD",ukb-b-16489,finn-b-I9_IHD,,rs11770877,-0.753728019378666,0.0983680332818871,1.82594265598295e-14,IHD
Qualifications: College or University degree || id:ukb-b-16489,"Ischaemic heart disease, wide definition || id:finn-b-I9_IHD",ukb-b-16489,finn-b-I9_IHD,,rs117769860,-0.758386556672257,0.0982419430265348,1.16713478603581e-14,IHD
Qualifications: College or University degree || id:ukb-b-16489,"Ischaemic heart disease, wide definition || id:finn-b-I9_IHD",ukb-b-16489,finn-b-I9_IHD,,rs11786598,-0.751075667255065,0.0982571566091643,2.10609346218426e-14,IHD
Qualifications: College or University degree || id:ukb-b-16489,"Ischaemic heart disease, wide definition || id:finn-b-I9_IHD",ukb-b-16489,finn-b-I9_IHD,,rs11793831,-0.763530459212751,0.0988363784034408,1.11680797724984e-14,IHD
Qualifications: College or University degree || id:ukb-b-16489,"Ischaemic heart disease, wide definition || id:finn-b-I9_IHD",ukb-b-16489,finn-b-I9_IHD,,rs118083122,-0.752183267046684,0.0984163231599359,2.12430718961848e-14,IHD
Qualifications: College or University degree || id:ukb-b-16489,"Ischaemic heart disease, wide definition || id:finn-b-I9_IHD",ukb-b-16489,finn-b-I9_IHD,,rs11818760,-0.754340715810312,0.0982947710229658,1.66361969304319e-14,IHD
Qualifications: College or University degree || id:ukb-b-16489,"Ischaemic heart disease, wide definition || id:finn-b-I9_IHD",ukb-b-16489,finn-b-I9_IHD,,rs11885093,-0.76729713808238,0.0976939722132131,4.02688748646947e-15,IHD
Qualifications: College or University degree || id:ukb-b-16489,"Ischaemic heart disease, wide definition || id:finn-b-I9_IHD",ukb-b-16489,finn-b-I9_IHD,,rs1193232,-0.759808868667269,0.0983066761098347,1.08424391917192e-14,IHD
Qualifications: College or University degree || id:ukb-b-16489,"Ischaemic heart disease, wide definition || id:finn-b-I9_IHD",ukb-b-16489,finn-b-I9_IHD,,rs12050316,-0.755578220210469,0.098326089445262,1.53700812307887e-14,IHD
Qualifications: College or University degree || id:ukb-b-16489,"Ischaemic heart disease, wide definition || id:finn-b-I9_IHD",ukb-b-16489,finn-b-I9_IHD,,rs12075943,-0.755137020083397,0.0983245138574614,1.59028560567496e-14,IHD
Qualifications: College or University degree || id:ukb-b-16489,"Ischaemic heart disease, wide definition || id:finn-b-I9_IHD",ukb-b-16489,finn-b-I9_IHD,,rs1207953,-0.759601590231223,0.0982998070176252,1.0976829550987e-14,IHD
Qualifications: College or University degree || id:ukb-b-16489,"Ischaemic heart disease, wide definition || id:finn-b-I9_IHD",ukb-b-16489,finn-b-I9_IHD,,rs12133462,-0.76156939026589,0.0982106017524563,8.87258248475849e-15,IHD
Qualifications: College or University degree || id:ukb-b-16489,"Ischaemic heart disease, wide definition || id:finn-b-I9_IHD",ukb-b-16489,finn-b-I9_IHD,,rs12140753,-0.754234264939629,0.0982739758579865,1.65661752780397e-14,IHD
Qualifications: College or University degree || id:ukb-b-16489,"Ischaemic heart disease, wide definition || id:finn-b-I9_IHD",ukb-b-16489,finn-b-I9_IHD,,rs12212446,-0.757053845802475,0.0983496882817615,1.3867552281114e-14,IHD
Qualifications: College or University degree || id:ukb-b-16489,"Ischaemic heart disease, wide definition || id:finn-b-I9_IHD",ukb-b-16489,finn-b-I9_IHD,,rs12218315,-0.760093503301501,0.0983408362346634,1.0824604077629e-14,IHD
Qualifications: College or University degree || id:ukb-b-16489,"Ischaemic heart disease, wide definition || id:finn-b-I9_IHD",ukb-b-16489,finn-b-I9_IHD,,rs12309873,-0.759886289191005,0.0982385044104558,1.03308352570051e-14,IHD
Qualifications: College or University degree || id:ukb-b-16489,"Ischaemic heart disease, wide definition || id:finn-b-I9_IHD",ukb-b-16489,finn-b-I9_IHD,,rs12355139,-0.745001711092588,0.0973915445893839,2.01680283734987e-14,IHD
Qualifications: College or University degree || id:ukb-b-16489,"Ischaemic heart disease, wide definition || id:finn-b-I9_IHD",ukb-b-16489,finn-b-I9_IHD,,rs12421006,-0.758354087999946,0.0983546590271798,1.25420751438449e-14,IHD
Qualifications: College or University degree || id:ukb-b-16489,"Ischaemic heart disease, wide definition || id:finn-b-I9_IHD",ukb-b-16489,finn-b-I9_IHD,,rs12457071,-0.759676694957612,0.0983140071570167,1.1007229404971e-14,IHD
Qualifications: College or University degree || id:ukb-b-16489,"Ischaemic heart disease, wide definition || id:finn-b-I9_IHD",ukb-b-16489,finn-b-I9_IHD,,rs12468040,-0.766320487349631,0.0982011212620522,6.01743470832118e-15,IHD
Qualifications: College or University degree || id:ukb-b-16489,"Ischaemic heart disease, wide definition || id:finn-b-I9_IHD",ukb-b-16489,finn-b-I9_IHD,,rs12483529,-0.74611141281393,0.0977034100612005,2.23218284196308e-14,IHD
Qualifications: College or University degree || id:ukb-b-16489,"Ischaemic heart disease, wide definition || id:finn-b-I9_IHD",ukb-b-16489,finn-b-I9_IHD,,rs12526814,-0.758485340413116,0.0983886542619742,1.26734683849354e-14,IHD
Qualifications: College or University degree || id:ukb-b-16489,"Ischaemic heart disease, wide definition || id:finn-b-I9_IHD",ukb-b-16489,finn-b-I9_IHD,,rs12574281,-0.76133659100238,0.098227973796266,9.13797793441929e-15,IHD
Qualifications: College or University degree || id:ukb-b-16489,"Ischaemic heart disease, wide definition || id:finn-b-I9_IHD",ukb-b-16489,finn-b-I9_IHD,,rs12619360,-0.756187299740447,0.0983616974036304,1.49659892197276e-14,IHD
Qualifications: College or University degree || id:ukb-b-16489,"Ischaemic heart disease, wide definition || id:finn-b-I9_IHD",ukb-b-16489,finn-b-I9_IHD,,rs12644402,-0.761343128596539,0.0983843424183062,1.00629563168119e-14,IHD
Qualifications: College or University degree || id:ukb-b-16489,"Ischaemic heart disease, wide definition || id:finn-b-I9_IHD",ukb-b-16489,finn-b-I9_IHD,,rs12646808,-0.751369987500502,0.0980670084174903,1.83342351179118e-14,IHD
Qualifications: College or University degree || id:ukb-b-16489,"Ischaemic heart disease, wide definition || id:finn-b-I9_IHD",ukb-b-16489,finn-b-I9_IHD,,rs12681504,-0.755906487389747,0.0983867720402472,1.55394268469369e-14,IHD
Qualifications: College or University degree || id:ukb-b-16489,"Ischaemic heart disease, wide definition || id:finn-b-I9_IHD",ukb-b-16489,finn-b-I9_IHD,,rs12705284,-0.763802921230149,0.0981962676978431,7.34884858819474e-15,IHD
Qualifications: College or University degree || id:ukb-b-16489,"Ischaemic heart disease, wide definition || id:finn-b-I9_IHD",ukb-b-16489,finn-b-I9_IHD,,rs12714271,-0.757987870478747,0.0983360790189716,1.27668662255351e-14,IHD
Qualifications: College or University degree || id:ukb-b-16489,"Ischaemic heart disease, wide definition || id:finn-b-I9_IHD",ukb-b-16489,finn-b-I9_IHD,,rs12716952,-0.761382462570892,0.0982004618872915,8.95001313809118e-15,IHD
Qualifications: College or University degree || id:ukb-b-16489,"Ischaemic heart disease, wide definition || id:finn-b-I9_IHD",ukb-b-16489,finn-b-I9_IHD,,rs12735232,-0.749435621206108,0.0982792738357249,2.42955764381292e-14,IHD
Qualifications: College or University degree || id:ukb-b-16489,"Ischaemic heart disease, wide definition || id:finn-b-I9_IHD",ukb-b-16489,finn-b-I9_IHD,,rs1275200,-0.749022459268198,0.0982255194636651,2.43018171988029e-14,IHD
Qualifications: College or University degree || id:ukb-b-16489,"Ischaemic heart disease, wide definition || id:finn-b-I9_IHD",ukb-b-16489,finn-b-I9_IHD,,rs12752933,-0.759241539685474,0.0983294560211653,1.15054464976684e-14,IHD
Qualifications: College or University degree || id:ukb-b-16489,"Ischaemic heart disease, wide definition || id:finn-b-I9_IHD",ukb-b-16489,finn-b-I9_IHD,,rs12821215,-0.761269678395226,0.0981841831593726,8.94037309426089e-15,IHD
Qualifications: College or University degree || id:ukb-b-16489,"Ischaemic heart disease, wide definition || id:finn-b-I9_IHD",ukb-b-16489,finn-b-I9_IHD,,rs12823941,-0.762504866025107,0.0981324217560166,7.83854847006478e-15,IHD
Qualifications: College or University degree || id:ukb-b-16489,"Ischaemic heart disease, wide definition || id:finn-b-I9_IHD",ukb-b-16489,finn-b-I9_IHD,,rs12863981,-0.758362965375885,0.0983323066345807,1.23622282552794e-14,IHD
Qualifications: College or University degree || id:ukb-b-16489,"Ischaemic heart disease, wide definition || id:finn-b-I9_IHD",ukb-b-16489,finn-b-I9_IHD,,rs12866098,-0.762327507371192,0.0980807179905031,7.69822051818862e-15,IHD
Qualifications: College or University degree || id:ukb-b-16489,"Ischaemic heart disease, wide definition || id:finn-b-I9_IHD",ukb-b-16489,finn-b-I9_IHD,,rs12888615,-0.760110868485066,0.0984083123998944,1.12689318125112e-14,IHD
Qualifications: College or University degree || id:ukb-b-16489,"Ischaemic heart disease, wide definition || id:finn-b-I9_IHD",ukb-b-16489,finn-b-I9_IHD,,rs12987408,-0.755506163583845,0.0983664451224389,1.58435122870656e-14,IHD
Qualifications: College or University degree || id:ukb-b-16489,"Ischaemic heart disease, wide definition || id:finn-b-I9_IHD",ukb-b-16489,finn-b-I9_IHD,,rs12987931,-0.761528753819969,0.0982369834580441,9.04878890445136e-15,IHD
Qualifications: College or University degree || id:ukb-b-16489,"Ischaemic heart disease, wide definition || id:finn-b-I9_IHD",ukb-b-16489,finn-b-I9_IHD,,rs13018621,-0.751356507885879,0.0982732364943186,2.07995438925291e-14,IHD
Qualifications: College or University degree || id:ukb-b-16489,"Ischaemic heart disease, wide definition || id:finn-b-I9_IHD",ukb-b-16489,finn-b-I9_IHD,,rs13063107,-0.757496167900945,0.0983900138610633,1.37228436626047e-14,IHD
Qualifications: College or University degree || id:ukb-b-16489,"Ischaemic heart disease, wide definition || id:finn-b-I9_IHD",ukb-b-16489,finn-b-I9_IHD,,rs13090388,-0.744537436187231,0.0989119158087442,5.1809195976614e-14,IHD
Qualifications: College or University degree || id:ukb-b-16489,"Ischaemic heart disease, wide definition || id:finn-b-I9_IHD",ukb-b-16489,finn-b-I9_IHD,,rs13113979,-0.753951621943166,0.0982529519400196,1.6726465112658e-14,IHD
Qualifications: College or University degree || id:ukb-b-16489,"Ischaemic heart disease, wide definition || id:finn-b-I9_IHD",ukb-b-16489,finn-b-I9_IHD,,rs13128371,-0.75690044902598,0.0983672572070783,1.41895170674572e-14,IHD
Qualifications: College or University degree || id:ukb-b-16489,"Ischaemic heart disease, wide definition || id:finn-b-I9_IHD",ukb-b-16489,finn-b-I9_IHD,,rs13138530,-0.758015586905672,0.0983811444529458,1.30959267649017e-14,IHD
Qualifications: College or University degree || id:ukb-b-16489,"Ischaemic heart disease, wide definition || id:finn-b-I9_IHD",ukb-b-16489,finn-b-I9_IHD,,rs13292239,-0.757345743818107,0.0983417013301652,1.34830441862235e-14,IHD
Qualifications: College or University degree || id:ukb-b-16489,"Ischaemic heart disease, wide definition || id:finn-b-I9_IHD",ukb-b-16489,finn-b-I9_IHD,,rs1334297,-0.74738747968617,0.0984443852895073,3.15061674488397e-14,IHD
Qualifications: College or University degree || id:ukb-b-16489,"Ischaemic heart disease, wide definition || id:finn-b-I9_IHD",ukb-b-16489,finn-b-I9_IHD,,rs1335482,-0.758573700499508,0.0983577240798522,1.23477460401612e-14,IHD
Qualifications: College or University degree || id:ukb-b-16489,"Ischaemic heart disease, wide definition || id:finn-b-I9_IHD",ukb-b-16489,finn-b-I9_IHD,,rs1340799,-0.7581818828331,0.0983613320055021,1.27675181103071e-14,IHD
Qualifications: College or University degree || id:ukb-b-16489,"Ischaemic heart disease, wide definition || id:finn-b-I9_IHD",ukb-b-16489,finn-b-I9_IHD,,rs13419042,-0.7546827025307,0.0983384838465591,1.66275916171054e-14,IHD
Qualifications: College or University degree || id:ukb-b-16489,"Ischaemic heart disease, wide definition || id:finn-b-I9_IHD",ukb-b-16489,finn-b-I9_IHD,,rs13428598,-0.754905933488127,0.0984226614760463,1.71940227485223e-14,IHD
Qualifications: College or University degree || id:ukb-b-16489,"Ischaemic heart disease, wide definition || id:finn-b-I9_IHD",ukb-b-16489,finn-b-I9_IHD,,rs1362551,-0.756136869814634,0.0983253821634398,1.46963418314325e-14,IHD
Qualifications: College or University degree || id:ukb-b-16489,"Ischaemic heart disease, wide definition || id:finn-b-I9_IHD",ukb-b-16489,finn-b-I9_IHD,,rs1391441,-0.761939344900554,0.0984335952314441,9.89150822491774e-15,IHD
Qualifications: College or University degree || id:ukb-b-16489,"Ischaemic heart disease, wide definition || id:finn-b-I9_IHD",ukb-b-16489,finn-b-I9_IHD,,rs1397880,-0.758152368741507,0.0983562272657701,1.275752186293e-14,IHD
Qualifications: College or University degree || id:ukb-b-16489,"Ischaemic heart disease, wide definition || id:finn-b-I9_IHD",ukb-b-16489,finn-b-I9_IHD,,rs141455022,-0.765722027818912,0.0981652129496863,6.17406489136468e-15,IHD
Qualifications: College or University degree || id:ukb-b-16489,"Ischaemic heart disease, wide definition || id:finn-b-I9_IHD",ukb-b-16489,finn-b-I9_IHD,,rs141599192,-0.752665877549368,0.0979923252789179,1.58017230376054e-14,IHD
Qualifications: College or University degree || id:ukb-b-16489,"Ischaemic heart disease, wide definition || id:finn-b-I9_IHD",ukb-b-16489,finn-b-I9_IHD,,rs141874683,-0.757767862023849,0.0983841763487053,1.33815090687282e-14,IHD
Qualifications: College or University degree || id:ukb-b-16489,"Ischaemic heart disease, wide definition || id:finn-b-I9_IHD",ukb-b-16489,finn-b-I9_IHD,,rs1423920,-0.759362714623357,0.0983698200671469,1.16815902867478e-14,IHD
Qualifications: College or University degree || id:ukb-b-16489,"Ischaemic heart disease, wide definition || id:finn-b-I9_IHD",ukb-b-16489,finn-b-I9_IHD,,rs142986186,-0.759317944823259,0.0984247008296948,1.21258389314467e-14,IHD
Qualifications: College or University degree || id:ukb-b-16489,"Ischaemic heart disease, wide definition || id:finn-b-I9_IHD",ukb-b-16489,finn-b-I9_IHD,,rs1448355,-0.758564714737973,0.0983392081231007,1.22167371931476e-14,IHD
Qualifications: College or University degree || id:ukb-b-16489,"Ischaemic heart disease, wide definition || id:finn-b-I9_IHD",ukb-b-16489,finn-b-I9_IHD,,rs1477234,-0.757917217648654,0.0983364669477165,1.28419817309617e-14,IHD
Qualifications: College or University degree || id:ukb-b-16489,"Ischaemic heart disease, wide definition || id:finn-b-I9_IHD",ukb-b-16489,finn-b-I9_IHD,,rs1503526,-0.755016387322471,0.098421956993768,1.7036936092446e-14,IHD
Qualifications: College or University degree || id:ukb-b-16489,"Ischaemic heart disease, wide definition || id:finn-b-I9_IHD",ukb-b-16489,finn-b-I9_IHD,,rs1565400,-0.759203536538176,0.0982982657534695,1.13206340129235e-14,IHD
Qualifications: College or University degree || id:ukb-b-16489,"Ischaemic heart disease, wide definition || id:finn-b-I9_IHD",ukb-b-16489,finn-b-I9_IHD,,rs1596262,-0.7603986469226,0.0983578144029616,1.0675290169318e-14,IHD
Qualifications: College or University degree || id:ukb-b-16489,"Ischaemic heart disease, wide definition || id:finn-b-I9_IHD",ukb-b-16489,finn-b-I9_IHD,,rs165579,-0.750006385797187,0.0982177266833452,2.23794234739806e-14,IHD
Qualifications: College or University degree || id:ukb-b-16489,"Ischaemic heart disease, wide definition || id:finn-b-I9_IHD",ukb-b-16489,finn-b-I9_IHD,,rs16828793,-0.757633450798265,0.0983835198455643,1.35199332935706e-14,IHD
Qualifications: College or University degree || id:ukb-b-16489,"Ischaemic heart disease, wide definition || id:finn-b-I9_IHD",ukb-b-16489,finn-b-I9_IHD,,rs1689510,-0.754647606214463,0.0983811504998311,1.71123737867312e-14,IHD
Qualifications: College or University degree || id:ukb-b-16489,"Ischaemic heart disease, wide definition || id:finn-b-I9_IHD",ukb-b-16489,finn-b-I9_IHD,,rs16924685,-0.757836293631514,0.0983430461635893,1.297732199303e-14,IHD
Qualifications: College or University degree || id:ukb-b-16489,"Ischaemic heart disease, wide definition || id:finn-b-I9_IHD",ukb-b-16489,finn-b-I9_IHD,,rs16938568,-0.759728072124412,0.0982719154053455,1.0680834228336e-14,IHD
Qualifications: College or University degree || id:ukb-b-16489,"Ischaemic heart disease, wide definition || id:finn-b-I9_IHD",ukb-b-16489,finn-b-I9_IHD,,rs16947005,-0.758185001016624,0.0983343902131331,1.25548808043946e-14,IHD
Qualifications: College or University degree || id:ukb-b-16489,"Ischaemic heart disease, wide definition || id:finn-b-I9_IHD",ukb-b-16489,finn-b-I9_IHD,,rs16949091,-0.756741419884632,0.0984046423027915,1.47021470819942e-14,IHD
Qualifications: College or University degree || id:ukb-b-16489,"Ischaemic heart disease, wide definition || id:finn-b-I9_IHD",ukb-b-16489,finn-b-I9_IHD,,rs1698139,-0.755011554350458,0.0983805143432754,1.66192935565077e-14,IHD
Qualifications: College or University degree || id:ukb-b-16489,"Ischaemic heart disease, wide definition || id:finn-b-I9_IHD",ukb-b-16489,finn-b-I9_IHD,,rs17110109,-0.763195930610832,0.0981389431282629,7.44479787825999e-15,IHD
Qualifications: College or University degree || id:ukb-b-16489,"Ischaemic heart disease, wide definition || id:finn-b-I9_IHD",ukb-b-16489,finn-b-I9_IHD,,rs17187632,-0.761408901244662,0.0982431312823247,9.17112722921401e-15,IHD
Qualifications: College or University degree || id:ukb-b-16489,"Ischaemic heart disease, wide definition || id:finn-b-I9_IHD",ukb-b-16489,finn-b-I9_IHD,,rs17235639,-0.750715286526258,0.0981254869565883,2.0010021632441e-14,IHD
Qualifications: College or University degree || id:ukb-b-16489,"Ischaemic heart disease, wide definition || id:finn-b-I9_IHD",ukb-b-16489,finn-b-I9_IHD,,rs17425572,-0.765405355788239,0.0980487128772235,5.88546933701718e-15,IHD
Qualifications: College or University degree || id:ukb-b-16489,"Ischaemic heart disease, wide definition || id:finn-b-I9_IHD",ukb-b-16489,finn-b-I9_IHD,,rs17504871,-0.754795502517153,0.0984230425042579,1.73490916984016e-14,IHD
Qualifications: College or University degree || id:ukb-b-16489,"Ischaemic heart disease, wide definition || id:finn-b-I9_IHD",ukb-b-16489,finn-b-I9_IHD,,rs17518936,-0.756966190238099,0.0983563609052827,1.40217336232311e-14,IHD
Qualifications: College or University degree || id:ukb-b-16489,"Ischaemic heart disease, wide definition || id:finn-b-I9_IHD",ukb-b-16489,finn-b-I9_IHD,,rs175325,-0.751629781863586,0.0982454950192244,2.00157786840816e-14,IHD
Qualifications: College or University degree || id:ukb-b-16489,"Ischaemic heart disease, wide definition || id:finn-b-I9_IHD",ukb-b-16489,finn-b-I9_IHD,,rs17552292,-0.75681973903053,0.0983655218852909,1.42657058195165e-14,IHD
Qualifications: College or University degree || id:ukb-b-16489,"Ischaemic heart disease, wide definition || id:finn-b-I9_IHD",ukb-b-16489,finn-b-I9_IHD,,rs17563464,-0.760197714161095,0.0983010522149474,1.04742129431382e-14,IHD
Qualifications: College or University degree || id:ukb-b-16489,"Ischaemic heart disease, wide definition || id:finn-b-I9_IHD",ukb-b-16489,finn-b-I9_IHD,,rs1771576,-0.763225533095206,0.0980451808136572,7.00299754627201e-15,IHD
Qualifications: College or University degree || id:ukb-b-16489,"Ischaemic heart disease, wide definition || id:finn-b-I9_IHD",ukb-b-16489,finn-b-I9_IHD,,rs184348063,-0.760265493449617,0.0986734822441686,1.30985491903496e-14,IHD
Qualifications: College or University degree || id:ukb-b-16489,"Ischaemic heart disease, wide definition || id:finn-b-I9_IHD",ukb-b-16489,finn-b-I9_IHD,,rs1861047,-0.760803581442532,0.0983338624788957,1.01834933189639e-14,IHD
Qualifications: College or University degree || id:ukb-b-16489,"Ischaemic heart disease, wide definition || id:finn-b-I9_IHD",ukb-b-16489,finn-b-I9_IHD,,rs186313406,-0.757835352918433,0.0982957698984684,1.26069055423213e-14,IHD
Qualifications: College or University degree || id:ukb-b-16489,"Ischaemic heart disease, wide definition || id:finn-b-I9_IHD",ukb-b-16489,finn-b-I9_IHD,,rs1876765,-0.753475299457178,0.0984153601717014,1.91702996909559e-14,IHD
Qualifications: College or University degree || id:ukb-b-16489,"Ischaemic heart disease, wide definition || id:finn-b-I9_IHD",ukb-b-16489,finn-b-I9_IHD,,rs190060475,-0.76322540122869,0.0981966301783524,7.70009531117916e-15,IHD
Qualifications: College or University degree || id:ukb-b-16489,"Ischaemic heart disease, wide definition || id:finn-b-I9_IHD",ukb-b-16489,finn-b-I9_IHD,,rs1914391,-0.753763252705594,0.0983919056460329,1.84741250035653e-14,IHD
Qualifications: College or University degree || id:ukb-b-16489,"Ischaemic heart disease, wide definition || id:finn-b-I9_IHD",ukb-b-16489,finn-b-I9_IHD,,rs192936,-0.761803264870554,0.0981368162402828,8.31628285320792e-15,IHD
Qualifications: College or University degree || id:ukb-b-16489,"Ischaemic heart disease, wide definition || id:finn-b-I9_IHD",ukb-b-16489,finn-b-I9_IHD,,rs195962,-0.757783157422311,0.0983288641429671,1.29194101347983e-14,IHD
Qualifications: College or University degree || id:ukb-b-16489,"Ischaemic heart disease, wide definition || id:finn-b-I9_IHD",ukb-b-16489,finn-b-I9_IHD,,rs1961268,-0.762634472497504,0.0980737553137348,7.47756501147464e-15,IHD
Qualifications: College or University degree || id:ukb-b-16489,"Ischaemic heart disease, wide definition || id:finn-b-I9_IHD",ukb-b-16489,finn-b-I9_IHD,,rs1962047,-0.757711708481688,0.0983467060760745,1.31361688086291e-14,IHD
Qualifications: College or University degree || id:ukb-b-16489,"Ischaemic heart disease, wide definition || id:finn-b-I9_IHD",ukb-b-16489,finn-b-I9_IHD,,rs1982564,-0.753373578944345,0.0982706678854344,1.77012606120954e-14,IHD
Qualifications: College or University degree || id:ukb-b-16489,"Ischaemic heart disease, wide definition || id:finn-b-I9_IHD",ukb-b-16489,finn-b-I9_IHD,,rs2016933,-0.756984291006772,0.0983550467528253,1.3990305318672e-14,IHD
Qualifications: College or University degree || id:ukb-b-16489,"Ischaemic heart disease, wide definition || id:finn-b-I9_IHD",ukb-b-16489,finn-b-I9_IHD,,rs2048793,-0.760067217307366,0.0982767999913109,1.04265331848431e-14,IHD
Qualifications: College or University degree || id:ukb-b-16489,"Ischaemic heart disease, wide definition || id:finn-b-I9_IHD",ukb-b-16489,finn-b-I9_IHD,,rs2061245,-0.760615636511864,0.098334563092917,1.03421364271632e-14,IHD
Qualifications: College or University degree || id:ukb-b-16489,"Ischaemic heart disease, wide definition || id:finn-b-I9_IHD",ukb-b-16489,finn-b-I9_IHD,,rs2061456,-0.759821758785206,0.0983296542302905,1.09860140161616e-14,IHD
Qualifications: College or University degree || id:ukb-b-16489,"Ischaemic heart disease, wide definition || id:finn-b-I9_IHD",ukb-b-16489,finn-b-I9_IHD,,rs2134861,-0.752903010566009,0.0982216833637959,1.78352251653077e-14,IHD
Qualifications: College or University degree || id:ukb-b-16489,"Ischaemic heart disease, wide definition || id:finn-b-I9_IHD",ukb-b-16489,finn-b-I9_IHD,,rs2143989,-0.75623962842413,0.0983306280819785,1.4623605241195e-14,IHD
Qualifications: College or University degree || id:ukb-b-16489,"Ischaemic heart disease, wide definition || id:finn-b-I9_IHD",ukb-b-16489,finn-b-I9_IHD,,rs2148562,-0.75419181878887,0.0983031836987538,1.69203446650345e-14,IHD
Qualifications: College or University degree || id:ukb-b-16489,"Ischaemic heart disease, wide definition || id:finn-b-I9_IHD",ukb-b-16489,finn-b-I9_IHD,,rs2190389,-0.752372094687009,0.0982914431614982,1.94062081534438e-14,IHD
Qualifications: College or University degree || id:ukb-b-16489,"Ischaemic heart disease, wide definition || id:finn-b-I9_IHD",ukb-b-16489,finn-b-I9_IHD,,rs2195086,-0.754122896789033,0.0982805848284095,1.67806693997944e-14,IHD
Qualifications: College or University degree || id:ukb-b-16489,"Ischaemic heart disease, wide definition || id:finn-b-I9_IHD",ukb-b-16489,finn-b-I9_IHD,,rs2235117,-0.761213735330494,0.0981945594272041,9.03874048270866e-15,IHD
Qualifications: College or University degree || id:ukb-b-16489,"Ischaemic heart disease, wide definition || id:finn-b-I9_IHD",ukb-b-16489,finn-b-I9_IHD,,rs2242523,-0.763253277971637,0.0981800112028385,7.60342937327394e-15,IHD
Qualifications: College or University degree || id:ukb-b-16489,"Ischaemic heart disease, wide definition || id:finn-b-I9_IHD",ukb-b-16489,finn-b-I9_IHD,,rs2268991,-0.756666655405172,0.0983934773007022,1.46891943594232e-14,IHD
Qualifications: College or University degree || id:ukb-b-16489,"Ischaemic heart disease, wide definition || id:finn-b-I9_IHD",ukb-b-16489,finn-b-I9_IHD,,rs2299098,-0.752867709084097,0.0982948317443863,1.86977307971012e-14,IHD
Qualifications: College or University degree || id:ukb-b-16489,"Ischaemic heart disease, wide definition || id:finn-b-I9_IHD",ukb-b-16489,finn-b-I9_IHD,,rs2309812,-0.755520050387031,0.0986003676793625,1.82424015975976e-14,IHD
Qualifications: College or University degree || id:ukb-b-16489,"Ischaemic heart disease, wide definition || id:finn-b-I9_IHD",ukb-b-16489,finn-b-I9_IHD,,rs2341336,-0.758299642034726,0.098388570162243,1.28615807591982e-14,IHD
Qualifications: College or University degree || id:ukb-b-16489,"Ischaemic heart disease, wide definition || id:finn-b-I9_IHD",ukb-b-16489,finn-b-I9_IHD,,rs2342082,-0.757245609588625,0.0983363585040263,1.35464948632673e-14,IHD
Qualifications: College or University degree || id:ukb-b-16489,"Ischaemic heart disease, wide definition || id:finn-b-I9_IHD",ukb-b-16489,finn-b-I9_IHD,,rs2357948,-0.757441520192304,0.0983428381490417,1.33899791606571e-14,IHD
Qualifications: College or University degree || id:ukb-b-16489,"Ischaemic heart disease, wide definition || id:finn-b-I9_IHD",ukb-b-16489,finn-b-I9_IHD,,rs2360635,-0.755163142411125,0.0983332965175657,1.59551158887162e-14,IHD
Qualifications: College or University degree || id:ukb-b-16489,"Ischaemic heart disease, wide definition || id:finn-b-I9_IHD",ukb-b-16489,finn-b-I9_IHD,,rs2368831,-0.75322243644662,0.0982197695243278,1.7368637954964e-14,IHD
Qualifications: College or University degree || id:ukb-b-16489,"Ischaemic heart disease, wide definition || id:finn-b-I9_IHD",ukb-b-16489,finn-b-I9_IHD,,rs2383268,-0.752342731543586,0.0982040956842835,1.84473969003683e-14,IHD
Qualifications: College or University degree || id:ukb-b-16489,"Ischaemic heart disease, wide definition || id:finn-b-I9_IHD",ukb-b-16489,finn-b-I9_IHD,,rs2388334,-0.752566919518238,0.0988725254157156,2.70960633670881e-14,IHD
Qualifications: College or University degree || id:ukb-b-16489,"Ischaemic heart disease, wide definition || id:finn-b-I9_IHD",ukb-b-16489,finn-b-I9_IHD,,rs2449635,-0.760366219598647,0.098234990130338,9.91989820440292e-15,IHD
Qualifications: College or University degree || id:ukb-b-16489,"Ischaemic heart disease, wide definition || id:finn-b-I9_IHD",ukb-b-16489,finn-b-I9_IHD,,rs2535911,-0.763220433520663,0.0980593609933904,7.06852584511855e-15,IHD
Qualifications: College or University degree || id:ukb-b-16489,"Ischaemic heart disease, wide definition || id:finn-b-I9_IHD",ukb-b-16489,finn-b-I9_IHD,,rs2606913,-0.75639081613315,0.0983608173046909,1.47180268205545e-14,IHD
Qualifications: College or University degree || id:ukb-b-16489,"Ischaemic heart disease, wide definition || id:finn-b-I9_IHD",ukb-b-16489,finn-b-I9_IHD,,rs261068,-0.75257732937386,0.0982615794941227,1.87506815483518e-14,IHD
Qualifications: College or University degree || id:ukb-b-16489,"Ischaemic heart disease, wide definition || id:finn-b-I9_IHD",ukb-b-16489,finn-b-I9_IHD,,rs2644112,-0.754633014916367,0.0983491431073678,1.68018958191647e-14,IHD
Qualifications: College or University degree || id:ukb-b-16489,"Ischaemic heart disease, wide definition || id:finn-b-I9_IHD",ukb-b-16489,finn-b-I9_IHD,,rs2654222,-0.760967631671667,0.0983399445428702,1.00886786068693e-14,IHD
Qualifications: College or University degree || id:ukb-b-16489,"Ischaemic heart disease, wide definition || id:finn-b-I9_IHD",ukb-b-16489,finn-b-I9_IHD,,rs2661876,-0.758694009759957,0.0983412903099132,1.21069509505141e-14,IHD
Qualifications: College or University degree || id:ukb-b-16489,"Ischaemic heart disease, wide definition || id:finn-b-I9_IHD",ukb-b-16489,finn-b-I9_IHD,,rs2666764,-0.752792296139813,0.098205045070449,1.78114339645959e-14,IHD
Qualifications: College or University degree || id:ukb-b-16489,"Ischaemic heart disease, wide definition || id:finn-b-I9_IHD",ukb-b-16489,finn-b-I9_IHD,,rs2718794,-0.759755088786197,0.0983308055732023,1.1052509164184e-14,IHD
Qualifications: College or University degree || id:ukb-b-16489,"Ischaemic heart disease, wide definition || id:finn-b-I9_IHD",ukb-b-16489,finn-b-I9_IHD,,rs2725377,-0.753401616757248,0.0982861417479771,1.78288489091386e-14,IHD
Qualifications: College or University degree || id:ukb-b-16489,"Ischaemic heart disease, wide definition || id:finn-b-I9_IHD",ukb-b-16489,finn-b-I9_IHD,,rs2727565,-0.763159511155685,0.0982326463698823,7.91712444812993e-15,IHD
Qualifications: College or University degree || id:ukb-b-16489,"Ischaemic heart disease, wide definition || id:finn-b-I9_IHD",ukb-b-16489,finn-b-I9_IHD,,rs2762546,-0.757637045735198,0.0983934564024482,1.35985830007796e-14,IHD
Qualifications: College or University degree || id:ukb-b-16489,"Ischaemic heart disease, wide definition || id:finn-b-I9_IHD",ukb-b-16489,finn-b-I9_IHD,,rs2764264,-0.766469629323946,0.0980258953304371,5.32223798528374e-15,IHD
Qualifications: College or University degree || id:ukb-b-16489,"Ischaemic heart disease, wide definition || id:finn-b-I9_IHD",ukb-b-16489,finn-b-I9_IHD,,rs2815753,-0.764661223629058,0.0983875462608412,7.72985381887303e-15,IHD
Qualifications: College or University degree || id:ukb-b-16489,"Ischaemic heart disease, wide definition || id:finn-b-I9_IHD",ukb-b-16489,finn-b-I9_IHD,,rs2838986,-0.762121405795092,0.0982795034358261,8.85998567321346e-15,IHD
Qualifications: College or University degree || id:ukb-b-16489,"Ischaemic heart disease, wide definition || id:finn-b-I9_IHD",ukb-b-16489,finn-b-I9_IHD,,rs28591249,-0.748224603970287,0.0981548990220668,2.48046394740022e-14,IHD
Qualifications: College or University degree || id:ukb-b-16489,"Ischaemic heart disease, wide definition || id:finn-b-I9_IHD",ukb-b-16489,finn-b-I9_IHD,,rs28703977,-0.741697834040137,0.0973110683494913,2.49916869894288e-14,IHD
Qualifications: College or University degree || id:ukb-b-16489,"Ischaemic heart disease, wide definition || id:finn-b-I9_IHD",ukb-b-16489,finn-b-I9_IHD,,rs2885198,-0.755361672070107,0.0983881206650924,1.62392201015571e-14,IHD
Qualifications: College or University degree || id:ukb-b-16489,"Ischaemic heart disease, wide definition || id:finn-b-I9_IHD",ukb-b-16489,finn-b-I9_IHD,,rs2903589,-0.754807072061063,0.09836940082543,1.67771097971756e-14,IHD
Qualifications: College or University degree || id:ukb-b-16489,"Ischaemic heart disease, wide definition || id:finn-b-I9_IHD",ukb-b-16489,finn-b-I9_IHD,,rs2916490,-0.754194708714621,0.0982797856497591,1.66771864683763e-14,IHD
Qualifications: College or University degree || id:ukb-b-16489,"Ischaemic heart disease, wide definition || id:finn-b-I9_IHD",ukb-b-16489,finn-b-I9_IHD,,rs2923431,-0.753234475893331,0.0983063230262882,1.82893960275469e-14,IHD
Qualifications: College or University degree || id:ukb-b-16489,"Ischaemic heart disease, wide definition || id:finn-b-I9_IHD",ukb-b-16489,finn-b-I9_IHD,,rs2936641,-0.754620966059956,0.0983149193170801,1.64711867367316e-14,IHD
Qualifications: College or University degree || id:ukb-b-16489,"Ischaemic heart disease, wide definition || id:finn-b-I9_IHD",ukb-b-16489,finn-b-I9_IHD,,rs2970050,-0.755103766376928,0.0983302272238313,1.60005287836544e-14,IHD
Qualifications: College or University degree || id:ukb-b-16489,"Ischaemic heart disease, wide definition || id:finn-b-I9_IHD",ukb-b-16489,finn-b-I9_IHD,,rs2971970,-0.751451814354024,0.0983017485083026,2.10022667534189e-14,IHD
Qualifications: College or University degree || id:ukb-b-16489,"Ischaemic heart disease, wide definition || id:finn-b-I9_IHD",ukb-b-16489,finn-b-I9_IHD,,rs2977334,-0.751104331911545,0.0981883991389034,2.01567864818525e-14,IHD
Qualifications: College or University degree || id:ukb-b-16489,"Ischaemic heart disease, wide definition || id:finn-b-I9_IHD",ukb-b-16489,finn-b-I9_IHD,,rs301800,-0.757313691050738,0.0983753975818585,1.37994013314047e-14,IHD
Qualifications: College or University degree || id:ukb-b-16489,"Ischaemic heart disease, wide definition || id:finn-b-I9_IHD",ukb-b-16489,finn-b-I9_IHD,,rs3021146,-0.755618903927928,0.098483517937756,1.68621036182402e-14,IHD
Qualifications: College or University degree || id:ukb-b-16489,"Ischaemic heart disease, wide definition || id:finn-b-I9_IHD",ukb-b-16489,finn-b-I9_IHD,,rs303752,-0.757867051668631,0.0984081290951647,1.34726067635144e-14,IHD
Qualifications: College or University degree || id:ukb-b-16489,"Ischaemic heart disease, wide definition || id:finn-b-I9_IHD",ukb-b-16489,finn-b-I9_IHD,,rs322614,-0.753116431777096,0.0982777650144731,1.81439076555629e-14,IHD
Qualifications: College or University degree || id:ukb-b-16489,"Ischaemic heart disease, wide definition || id:finn-b-I9_IHD",ukb-b-16489,finn-b-I9_IHD,,rs329122,-0.759831580576729,0.0983273548438833,1.09618336774179e-14,IHD
Qualifications: College or University degree || id:ukb-b-16489,"Ischaemic heart disease, wide definition || id:finn-b-I9_IHD",ukb-b-16489,finn-b-I9_IHD,,rs335466,-0.758349666685394,0.0983897435115793,1.28196862356993e-14,IHD
Qualifications: College or University degree || id:ukb-b-16489,"Ischaemic heart disease, wide definition || id:finn-b-I9_IHD",ukb-b-16489,finn-b-I9_IHD,,rs34190234,-0.752839356298774,0.0982903907373665,1.86893466010502e-14,IHD
Qualifications: College or University degree || id:ukb-b-16489,"Ischaemic heart disease, wide definition || id:finn-b-I9_IHD",ukb-b-16489,finn-b-I9_IHD,,rs34364916,-0.759556354093358,0.0982817775595042,1.08946163557594e-14,IHD
Qualifications: College or University degree || id:ukb-b-16489,"Ischaemic heart disease, wide definition || id:finn-b-I9_IHD",ukb-b-16489,finn-b-I9_IHD,,rs34475100,-0.759936297369786,0.0982878043924623,1.0608179170945e-14,IHD
Qualifications: College or University degree || id:ukb-b-16489,"Ischaemic heart disease, wide definition || id:finn-b-I9_IHD",ukb-b-16489,finn-b-I9_IHD,,rs34538116,-0.75821172201032,0.0983211659917709,1.24267689984174e-14,IHD
Qualifications: College or University degree || id:ukb-b-16489,"Ischaemic heart disease, wide definition || id:finn-b-I9_IHD",ukb-b-16489,finn-b-I9_IHD,,rs34809719,-0.749677861461845,0.0983579908250166,2.49907793119223e-14,IHD
Qualifications: College or University degree || id:ukb-b-16489,"Ischaemic heart disease, wide definition || id:finn-b-I9_IHD",ukb-b-16489,finn-b-I9_IHD,,rs34811474,-0.749190386112282,0.0981919399404708,2.35015629010132e-14,IHD
Qualifications: College or University degree || id:ukb-b-16489,"Ischaemic heart disease, wide definition || id:finn-b-I9_IHD",ukb-b-16489,finn-b-I9_IHD,,rs34994277,-0.756046162281314,0.0983389934733764,1.49263152736478e-14,IHD
Qualifications: College or University degree || id:ukb-b-16489,"Ischaemic heart disease, wide definition || id:finn-b-I9_IHD",ukb-b-16489,finn-b-I9_IHD,,rs35160158,-0.760195768211965,0.0982464160518469,1.01276138504428e-14,IHD
Qualifications: College or University degree || id:ukb-b-16489,"Ischaemic heart disease, wide definition || id:finn-b-I9_IHD",ukb-b-16489,finn-b-I9_IHD,,rs351729,-0.755786285841554,0.098336573691004,1.52152038841374e-14,IHD
Qualifications: College or University degree || id:ukb-b-16489,"Ischaemic heart disease, wide definition || id:finn-b-I9_IHD",ukb-b-16489,finn-b-I9_IHD,,rs35398452,-0.762344662570352,0.0982993795971271,8.8110263448229e-15,IHD
Qualifications: College or University degree || id:ukb-b-16489,"Ischaemic heart disease, wide definition || id:finn-b-I9_IHD",ukb-b-16489,finn-b-I9_IHD,,rs35452371,-0.753692310049965,0.0982634702375293,1.71839578835403e-14,IHD
Qualifications: College or University degree || id:ukb-b-16489,"Ischaemic heart disease, wide definition || id:finn-b-I9_IHD",ukb-b-16489,finn-b-I9_IHD,,rs35518360,-0.759571532561936,0.0981901438564345,1.0281893056264e-14,IHD
Qualifications: College or University degree || id:ukb-b-16489,"Ischaemic heart disease, wide definition || id:finn-b-I9_IHD",ukb-b-16489,finn-b-I9_IHD,,rs35623690,-0.756360809796147,0.0985755160957522,1.68140839145417e-14,IHD
Qualifications: College or University degree || id:ukb-b-16489,"Ischaemic heart disease, wide definition || id:finn-b-I9_IHD",ukb-b-16489,finn-b-I9_IHD,,rs35649565,-0.750170290731642,0.0982216107201759,2.21432093397607e-14,IHD
Qualifications: College or University degree || id:ukb-b-16489,"Ischaemic heart disease, wide definition || id:finn-b-I9_IHD",ukb-b-16489,finn-b-I9_IHD,,rs35760956,-0.753119492107391,0.0982351966090854,1.76762176478095e-14,IHD
Qualifications: College or University degree || id:ukb-b-16489,"Ischaemic heart disease, wide definition || id:finn-b-I9_IHD",ukb-b-16489,finn-b-I9_IHD,,rs35811586,-0.7552124520725,0.0983823601693082,1.63750159082979e-14,IHD
Qualifications: College or University degree || id:ukb-b-16489,"Ischaemic heart disease, wide definition || id:finn-b-I9_IHD",ukb-b-16489,finn-b-I9_IHD,,rs35929923,-0.751336992621433,0.0981372443272792,1.91840344560441e-14,IHD
Qualifications: College or University degree || id:ukb-b-16489,"Ischaemic heart disease, wide definition || id:finn-b-I9_IHD",ukb-b-16489,finn-b-I9_IHD,,rs36011282,-0.757998253502067,0.0983410621688756,1.27954019749473e-14,IHD
Qualifications: College or University degree || id:ukb-b-16489,"Ischaemic heart disease, wide definition || id:finn-b-I9_IHD",ukb-b-16489,finn-b-I9_IHD,,rs36572,-0.75712628081489,0.098363991002057,1.39091524617467e-14,IHD
Qualifications: College or University degree || id:ukb-b-16489,"Ischaemic heart disease, wide definition || id:finn-b-I9_IHD",ukb-b-16489,finn-b-I9_IHD,,rs3737193,-0.756763141774846,0.0982971389217901,1.37425094673577e-14,IHD
Qualifications: College or University degree || id:ukb-b-16489,"Ischaemic heart disease, wide definition || id:finn-b-I9_IHD",ukb-b-16489,finn-b-I9_IHD,,rs3738772,-0.74646120205866,0.0976614100968476,2.11627123262526e-14,IHD
Qualifications: College or University degree || id:ukb-b-16489,"Ischaemic heart disease, wide definition || id:finn-b-I9_IHD",ukb-b-16489,finn-b-I9_IHD,,rs3747631,-0.76335458244387,0.0984084464160267,8.69600935811127e-15,IHD
Qualifications: College or University degree || id:ukb-b-16489,"Ischaemic heart disease, wide definition || id:finn-b-I9_IHD",ukb-b-16489,finn-b-I9_IHD,,rs375417,-0.755936845124954,0.0983159101608179,1.48456795638216e-14,IHD
Qualifications: College or University degree || id:ukb-b-16489,"Ischaemic heart disease, wide definition || id:finn-b-I9_IHD",ukb-b-16489,finn-b-I9_IHD,,rs3785236,-0.756037399654059,0.0983582581840601,1.51134857113109e-14,IHD
Qualifications: College or University degree || id:ukb-b-16489,"Ischaemic heart disease, wide definition || id:finn-b-I9_IHD",ukb-b-16489,finn-b-I9_IHD,,rs3800925,-0.74943946442588,0.0982426347688151,2.37584757542723e-14,IHD
Qualifications: College or University degree || id:ukb-b-16489,"Ischaemic heart disease, wide definition || id:finn-b-I9_IHD",ukb-b-16489,finn-b-I9_IHD,,rs3812257,-0.762238154581435,0.0982583904351574,8.66289765083203e-15,IHD
Qualifications: College or University degree || id:ukb-b-16489,"Ischaemic heart disease, wide definition || id:finn-b-I9_IHD",ukb-b-16489,finn-b-I9_IHD,,rs3843567,-0.746828019753549,0.0981950772831353,2.83684748253904e-14,IHD
Qualifications: College or University degree || id:ukb-b-16489,"Ischaemic heart disease, wide definition || id:finn-b-I9_IHD",ukb-b-16489,finn-b-I9_IHD,,rs3849045,-0.75011948929205,0.0980326309316209,1.98289063717231e-14,IHD
Qualifications: College or University degree || id:ukb-b-16489,"Ischaemic heart disease, wide definition || id:finn-b-I9_IHD",ukb-b-16489,finn-b-I9_IHD,,rs385022,-0.757174827424131,0.0983680457231853,1.38899881374917e-14,IHD
Qualifications: College or University degree || id:ukb-b-16489,"Ischaemic heart disease, wide definition || id:finn-b-I9_IHD",ukb-b-16489,finn-b-I9_IHD,,rs3864310,-0.756368527119096,0.0983506206846287,1.46525272370894e-14,IHD
Qualifications: College or University degree || id:ukb-b-16489,"Ischaemic heart disease, wide definition || id:finn-b-I9_IHD",ukb-b-16489,finn-b-I9_IHD,,rs38853,-0.745829919723863,0.0975566536324048,2.08790540035877e-14,IHD
Qualifications: College or University degree || id:ukb-b-16489,"Ischaemic heart disease, wide definition || id:finn-b-I9_IHD",ukb-b-16489,finn-b-I9_IHD,,rs3930811,-0.753292930628357,0.0982765437142364,1.78785512071292e-14,IHD
Qualifications: College or University degree || id:ukb-b-16489,"Ischaemic heart disease, wide definition || id:finn-b-I9_IHD",ukb-b-16489,finn-b-I9_IHD,,rs3943093,-0.771694260948049,0.0979058833287728,3.22179691786873e-15,IHD
Qualifications: College or University degree || id:ukb-b-16489,"Ischaemic heart disease, wide definition || id:finn-b-I9_IHD",ukb-b-16489,finn-b-I9_IHD,,rs4068854,-0.755701431769234,0.0983298096558947,1.52549841458141e-14,IHD
Qualifications: College or University degree || id:ukb-b-16489,"Ischaemic heart disease, wide definition || id:finn-b-I9_IHD",ukb-b-16489,finn-b-I9_IHD,,rs4130864,-0.757707529162453,0.0983047519073722,1.28064698100241e-14,IHD
Qualifications: College or University degree || id:ukb-b-16489,"Ischaemic heart disease, wide definition || id:finn-b-I9_IHD",ukb-b-16489,finn-b-I9_IHD,,rs417938,-0.757189936172706,0.0983867860425135,1.40333439386608e-14,IHD
Qualifications: College or University degree || id:ukb-b-16489,"Ischaemic heart disease, wide definition || id:finn-b-I9_IHD",ukb-b-16489,finn-b-I9_IHD,,rs42210,-0.753432975185882,0.0982792430034999,1.77101659294669e-14,IHD
Qualifications: College or University degree || id:ukb-b-16489,"Ischaemic heart disease, wide definition || id:finn-b-I9_IHD",ukb-b-16489,finn-b-I9_IHD,,rs4246176,-0.755244043436955,0.0983433642839848,1.59505773435138e-14,IHD
Qualifications: College or University degree || id:ukb-b-16489,"Ischaemic heart disease, wide definition || id:finn-b-I9_IHD",ukb-b-16489,finn-b-I9_IHD,,rs4298514,-0.758042594066584,0.0984003124662582,1.32222915300589e-14,IHD
Qualifications: College or University degree || id:ukb-b-16489,"Ischaemic heart disease, wide definition || id:finn-b-I9_IHD",ukb-b-16489,finn-b-I9_IHD,,rs4316980,-0.755597679997116,0.0983263307811566,1.53486015748296e-14,IHD
Qualifications: College or University degree || id:ukb-b-16489,"Ischaemic heart disease, wide definition || id:finn-b-I9_IHD",ukb-b-16489,finn-b-I9_IHD,,rs4333130,-0.755429097736919,0.0983430950717143,1.57153950570453e-14,IHD
Qualifications: College or University degree || id:ukb-b-16489,"Ischaemic heart disease, wide definition || id:finn-b-I9_IHD",ukb-b-16489,finn-b-I9_IHD,,rs4337674,-0.749090579333375,0.0981541898034712,2.31545355296903e-14,IHD
Qualifications: College or University degree || id:ukb-b-16489,"Ischaemic heart disease, wide definition || id:finn-b-I9_IHD",ukb-b-16489,finn-b-I9_IHD,,rs4339163,-0.749600653826475,0.0982907307249285,2.41471917008003e-14,IHD
Qualifications: College or University degree || id:ukb-b-16489,"Ischaemic heart disease, wide definition || id:finn-b-I9_IHD",ukb-b-16489,finn-b-I9_IHD,,rs4384309,-0.759469279874181,0.098317851149061,1.12176399173299e-14,IHD
Qualifications: College or University degree || id:ukb-b-16489,"Ischaemic heart disease, wide definition || id:finn-b-I9_IHD",ukb-b-16489,finn-b-I9_IHD,,rs4457062,-0.755360347714043,0.0983621170223249,1.59856912711366e-14,IHD
Qualifications: College or University degree || id:ukb-b-16489,"Ischaemic heart disease, wide definition || id:finn-b-I9_IHD",ukb-b-16489,finn-b-I9_IHD,,rs4531435,-0.761788620749024,0.0982586825650164,8.98254089186808e-15,IHD
Qualifications: College or University degree || id:ukb-b-16489,"Ischaemic heart disease, wide definition || id:finn-b-I9_IHD",ukb-b-16489,finn-b-I9_IHD,,rs4539421,-0.768581392354669,0.09782726360683,3.94967670536001e-15,IHD
Qualifications: College or University degree || id:ukb-b-16489,"Ischaemic heart disease, wide definition || id:finn-b-I9_IHD",ukb-b-16489,finn-b-I9_IHD,,rs45500097,-0.764167068145767,0.0979532866031606,6.12523653779387e-15,IHD
Qualifications: College or University degree || id:ukb-b-16489,"Ischaemic heart disease, wide definition || id:finn-b-I9_IHD",ukb-b-16489,finn-b-I9_IHD,,rs455868,-0.755913530297437,0.0983679562049003,1.53535065465011e-14,IHD
Qualifications: College or University degree || id:ukb-b-16489,"Ischaemic heart disease, wide definition || id:finn-b-I9_IHD",ukb-b-16489,finn-b-I9_IHD,,rs4621481,-0.759364576067456,0.0983289290235873,1.13893233371104e-14,IHD
Qualifications: College or University degree || id:ukb-b-16489,"Ischaemic heart disease, wide definition || id:finn-b-I9_IHD",ukb-b-16489,finn-b-I9_IHD,,rs4630513,-0.754463040067103,0.0983297493990941,1.68301278241864e-14,IHD
Qualifications: College or University degree || id:ukb-b-16489,"Ischaemic heart disease, wide definition || id:finn-b-I9_IHD",ukb-b-16489,finn-b-I9_IHD,,rs4652333,-0.759713785869116,0.0982906418768097,1.08174756562415e-14,IHD
Qualifications: College or University degree || id:ukb-b-16489,"Ischaemic heart disease, wide definition || id:finn-b-I9_IHD",ukb-b-16489,finn-b-I9_IHD,,rs4687593,-0.776019560527662,0.0974588060800953,1.68544236029627e-15,IHD
Qualifications: College or University degree || id:ukb-b-16489,"Ischaemic heart disease, wide definition || id:finn-b-I9_IHD",ukb-b-16489,finn-b-I9_IHD,,rs4687735,-0.754354096735037,0.0983214744049526,1.6890912468398e-14,IHD
Qualifications: College or University degree || id:ukb-b-16489,"Ischaemic heart disease, wide definition || id:finn-b-I9_IHD",ukb-b-16489,finn-b-I9_IHD,,rs4700393,-0.761589452909593,0.0985396985695949,1.08601165200534e-14,IHD
Qualifications: College or University degree || id:ukb-b-16489,"Ischaemic heart disease, wide definition || id:finn-b-I9_IHD",ukb-b-16489,finn-b-I9_IHD,,rs4705758,-0.762361292610176,0.0982387070392777,8.47324319719171e-15,IHD
Qualifications: College or University degree || id:ukb-b-16489,"Ischaemic heart disease, wide definition || id:finn-b-I9_IHD",ukb-b-16489,finn-b-I9_IHD,,rs4710636,-0.758231488409485,0.0983224957276352,1.24173505610077e-14,IHD
Qualifications: College or University degree || id:ukb-b-16489,"Ischaemic heart disease, wide definition || id:finn-b-I9_IHD",ukb-b-16489,finn-b-I9_IHD,,rs4731366,-0.752154285228566,0.0982021308916223,1.87027746148453e-14,IHD
Qualifications: College or University degree || id:ukb-b-16489,"Ischaemic heart disease, wide definition || id:finn-b-I9_IHD",ukb-b-16489,finn-b-I9_IHD,,rs477723,-0.74941673274414,0.0979067491335917,1.94227492428392e-14,IHD
Qualifications: College or University degree || id:ukb-b-16489,"Ischaemic heart disease, wide definition || id:finn-b-I9_IHD",ukb-b-16489,finn-b-I9_IHD,,rs4777602,-0.752269586518513,0.0982507656644607,1.90878152394579e-14,IHD
Qualifications: College or University degree || id:ukb-b-16489,"Ischaemic heart disease, wide definition || id:finn-b-I9_IHD",ukb-b-16489,finn-b-I9_IHD,,rs4807431,-0.755880857806164,0.0983530758797087,1.52542373564371e-14,IHD
Qualifications: College or University degree || id:ukb-b-16489,"Ischaemic heart disease, wide definition || id:finn-b-I9_IHD",ukb-b-16489,finn-b-I9_IHD,,rs4808762,-0.761509373925081,0.0983155351171873,9.51577115389152e-15,IHD
Qualifications: College or University degree || id:ukb-b-16489,"Ischaemic heart disease, wide definition || id:finn-b-I9_IHD",ukb-b-16489,finn-b-I9_IHD,,rs4808787,-0.751506941613333,0.0982405322762292,2.01507072113079e-14,IHD
Qualifications: College or University degree || id:ukb-b-16489,"Ischaemic heart disease, wide definition || id:finn-b-I9_IHD",ukb-b-16489,finn-b-I9_IHD,,rs484213,-0.757772978410208,0.0983647716282251,1.32178942216502e-14,IHD
Qualifications: College or University degree || id:ukb-b-16489,"Ischaemic heart disease, wide definition || id:finn-b-I9_IHD",ukb-b-16489,finn-b-I9_IHD,,rs4842464,-0.757914612947144,0.0983393191353019,1.2867156937311e-14,IHD
Qualifications: College or University degree || id:ukb-b-16489,"Ischaemic heart disease, wide definition || id:finn-b-I9_IHD",ukb-b-16489,finn-b-I9_IHD,,rs4863692,-0.753692314070276,0.0982485801562802,1.70289083912806e-14,IHD
Qualifications: College or University degree || id:ukb-b-16489,"Ischaemic heart disease, wide definition || id:finn-b-I9_IHD",ukb-b-16489,finn-b-I9_IHD,,rs4904523,-0.756726257999381,0.0983567671631388,1.42953642798103e-14,IHD
Qualifications: College or University degree || id:ukb-b-16489,"Ischaemic heart disease, wide definition || id:finn-b-I9_IHD",ukb-b-16489,finn-b-I9_IHD,,rs4926366,-0.757507153682987,0.0983905347161761,1.37152327903195e-14,IHD
Qualifications: College or University degree || id:ukb-b-16489,"Ischaemic heart disease, wide definition || id:finn-b-I9_IHD",ukb-b-16489,finn-b-I9_IHD,,rs4930351,-0.762649138247152,0.0982831856513165,8.51229880702034e-15,IHD
Qualifications: College or University degree || id:ukb-b-16489,"Ischaemic heart disease, wide definition || id:finn-b-I9_IHD",ukb-b-16489,finn-b-I9_IHD,,rs4941844,-0.759132547807117,0.0983066634245742,1.14440781544418e-14,IHD
Qualifications: College or University degree || id:ukb-b-16489,"Ischaemic heart disease, wide definition || id:finn-b-I9_IHD",ukb-b-16489,finn-b-I9_IHD,,rs4968476,-0.752725651067717,0.0983564635405371,1.96287460242706e-14,IHD
Qualifications: College or University degree || id:ukb-b-16489,"Ischaemic heart disease, wide definition || id:finn-b-I9_IHD",ukb-b-16489,finn-b-I9_IHD,,rs4976344,-0.7521540319941,0.0983223642151212,2.01171017611806e-14,IHD
Qualifications: College or University degree || id:ukb-b-16489,"Ischaemic heart disease, wide definition || id:finn-b-I9_IHD",ukb-b-16489,finn-b-I9_IHD,,rs4983187,-0.753061776729834,0.0983629682666344,1.91891264862384e-14,IHD
Qualifications: College or University degree || id:ukb-b-16489,"Ischaemic heart disease, wide definition || id:finn-b-I9_IHD",ukb-b-16489,finn-b-I9_IHD,,rs4984541,-0.759431246105304,0.0983049051263446,1.11622639826416e-14,IHD
Qualifications: College or University degree || id:ukb-b-16489,"Ischaemic heart disease, wide definition || id:finn-b-I9_IHD",ukb-b-16489,finn-b-I9_IHD,,rs4984738,-0.760328264702941,0.0982461249391615,1.0018972099757e-14,IHD
Qualifications: College or University degree || id:ukb-b-16489,"Ischaemic heart disease, wide definition || id:finn-b-I9_IHD",ukb-b-16489,finn-b-I9_IHD,,rs521671,-0.751615720356,0.097948478604221,1.67258016889421e-14,IHD
Qualifications: College or University degree || id:ukb-b-16489,"Ischaemic heart disease, wide definition || id:finn-b-I9_IHD",ukb-b-16489,finn-b-I9_IHD,,rs531514,-0.764394373503235,0.0984788823772397,8.35917795532071e-15,IHD
Qualifications: College or University degree || id:ukb-b-16489,"Ischaemic heart disease, wide definition || id:finn-b-I9_IHD",ukb-b-16489,finn-b-I9_IHD,,rs533371,-0.76338670590655,0.0982078230747222,7.65421954487942e-15,IHD
Qualifications: College or University degree || id:ukb-b-16489,"Ischaemic heart disease, wide definition || id:finn-b-I9_IHD",ukb-b-16489,finn-b-I9_IHD,,rs55634871,-0.75578026204181,0.0983963369369472,1.57876556133568e-14,IHD
Qualifications: College or University degree || id:ukb-b-16489,"Ischaemic heart disease, wide definition || id:finn-b-I9_IHD",ukb-b-16489,finn-b-I9_IHD,,rs55800473,-0.747967388817631,0.0978092044809188,2.05389010472013e-14,IHD
Qualifications: College or University degree || id:ukb-b-16489,"Ischaemic heart disease, wide definition || id:finn-b-I9_IHD",ukb-b-16489,finn-b-I9_IHD,,rs55818776,-0.756390544501767,0.0983524983822719,1.46437065668617e-14,IHD
Qualifications: College or University degree || id:ukb-b-16489,"Ischaemic heart disease, wide definition || id:finn-b-I9_IHD",ukb-b-16489,finn-b-I9_IHD,,rs55993110,-0.75466946029887,0.0982862027645266,1.61232681929224e-14,IHD
Qualifications: College or University degree || id:ukb-b-16489,"Ischaemic heart disease, wide definition || id:finn-b-I9_IHD",ukb-b-16489,finn-b-I9_IHD,,rs56153354,-0.755256538702711,0.0983169982287461,1.5680606497265e-14,IHD
Qualifications: College or University degree || id:ukb-b-16489,"Ischaemic heart disease, wide definition || id:finn-b-I9_IHD",ukb-b-16489,finn-b-I9_IHD,,rs56291613,-0.763472648885165,0.0979771155591238,6.57706594024025e-15,IHD
Qualifications: College or University degree || id:ukb-b-16489,"Ischaemic heart disease, wide definition || id:finn-b-I9_IHD",ukb-b-16489,finn-b-I9_IHD,,rs56335085,-0.751262646915261,0.0981706887492634,1.9693033207777e-14,IHD
Qualifications: College or University degree || id:ukb-b-16489,"Ischaemic heart disease, wide definition || id:finn-b-I9_IHD",ukb-b-16489,finn-b-I9_IHD,,rs56370807,-0.761748612037763,0.0982766686206853,9.11267359873054e-15,IHD
Qualifications: College or University degree || id:ukb-b-16489,"Ischaemic heart disease, wide definition || id:finn-b-I9_IHD",ukb-b-16489,finn-b-I9_IHD,,rs5754738,-0.756587126891189,0.0983381411822381,1.42906233209112e-14,IHD
Qualifications: College or University degree || id:ukb-b-16489,"Ischaemic heart disease, wide definition || id:finn-b-I9_IHD",ukb-b-16489,finn-b-I9_IHD,,rs58233122,-0.757655058344389,0.0983480562395207,1.32064815665483e-14,IHD
Qualifications: College or University degree || id:ukb-b-16489,"Ischaemic heart disease, wide definition || id:finn-b-I9_IHD",ukb-b-16489,finn-b-I9_IHD,,rs582479,-0.753099195540416,0.0982965373805158,1.83769883318157e-14,IHD
Qualifications: College or University degree || id:ukb-b-16489,"Ischaemic heart disease, wide definition || id:finn-b-I9_IHD",ukb-b-16489,finn-b-I9_IHD,,rs58601596,-0.76767073057447,0.0980778368623342,4.99021589555315e-15,IHD
Qualifications: College or University degree || id:ukb-b-16489,"Ischaemic heart disease, wide definition || id:finn-b-I9_IHD",ukb-b-16489,finn-b-I9_IHD,,rs58941960,-0.755102276219755,0.0983521383959979,1.62175195902904e-14,IHD
Qualifications: College or University degree || id:ukb-b-16489,"Ischaemic heart disease, wide definition || id:finn-b-I9_IHD",ukb-b-16489,finn-b-I9_IHD,,rs592931,-0.755497328267069,0.0983630550661579,1.58218963612093e-14,IHD
Qualifications: College or University degree || id:ukb-b-16489,"Ischaemic heart disease, wide definition || id:finn-b-I9_IHD",ukb-b-16489,finn-b-I9_IHD,,rs6002948,-0.765570308681759,0.0979944586283803,5.61164286453479e-15,IHD
Qualifications: College or University degree || id:ukb-b-16489,"Ischaemic heart disease, wide definition || id:finn-b-I9_IHD",ukb-b-16489,finn-b-I9_IHD,,rs6019518,-0.757177763451779,0.0983585057152506,1.38058688729728e-14,IHD
Qualifications: College or University degree || id:ukb-b-16489,"Ischaemic heart disease, wide definition || id:finn-b-I9_IHD",ukb-b-16489,finn-b-I9_IHD,,rs6028083,-0.759091384065745,0.0984521238441673,1.25562552559833e-14,IHD
Qualifications: College or University degree || id:ukb-b-16489,"Ischaemic heart disease, wide definition || id:finn-b-I9_IHD",ukb-b-16489,finn-b-I9_IHD,,rs6060466,-0.752928140492235,0.0983267232300231,1.89718607194848e-14,IHD
Qualifications: College or University degree || id:ukb-b-16489,"Ischaemic heart disease, wide definition || id:finn-b-I9_IHD",ukb-b-16489,finn-b-I9_IHD,,rs6080640,-0.755011638615736,0.09830248090936,1.5847597046869e-14,IHD
Qualifications: College or University degree || id:ukb-b-16489,"Ischaemic heart disease, wide definition || id:finn-b-I9_IHD",ukb-b-16489,finn-b-I9_IHD,,rs610066,-0.75758959895199,0.0983404579857372,1.32137637118749e-14,IHD
Qualifications: College or University degree || id:ukb-b-16489,"Ischaemic heart disease, wide definition || id:finn-b-I9_IHD",ukb-b-16489,finn-b-I9_IHD,,rs61423212,-0.756486517101608,0.0983374332156163,1.43991670261939e-14,IHD
Qualifications: College or University degree || id:ukb-b-16489,"Ischaemic heart disease, wide definition || id:finn-b-I9_IHD",ukb-b-16489,finn-b-I9_IHD,,rs61747885,-0.754112570857336,0.098293836190118,1.69304599065359e-14,IHD
Qualifications: College or University degree || id:ukb-b-16489,"Ischaemic heart disease, wide definition || id:finn-b-I9_IHD",ukb-b-16489,finn-b-I9_IHD,,rs61757207,-0.755236256843223,0.0982643570796093,1.52091489376041e-14,IHD
Qualifications: College or University degree || id:ukb-b-16489,"Ischaemic heart disease, wide definition || id:finn-b-I9_IHD",ukb-b-16489,finn-b-I9_IHD,,rs61776287,-0.760482417849225,0.0982371603448452,9.84125806098663e-15,IHD
Qualifications: College or University degree || id:ukb-b-16489,"Ischaemic heart disease, wide definition || id:finn-b-I9_IHD",ukb-b-16489,finn-b-I9_IHD,,rs61881642,-0.758271637050598,0.0983273411927991,1.24145974270028e-14,IHD
Qualifications: College or University degree || id:ukb-b-16489,"Ischaemic heart disease, wide definition || id:finn-b-I9_IHD",ukb-b-16489,finn-b-I9_IHD,,rs61943134,-0.761469939206762,0.0981166087320932,8.43508181016007e-15,IHD
Qualifications: College or University degree || id:ukb-b-16489,"Ischaemic heart disease, wide definition || id:finn-b-I9_IHD",ukb-b-16489,finn-b-I9_IHD,,rs61963590,-0.758967411973943,0.0983735635561506,1.2083412484967e-14,IHD
Qualifications: College or University degree || id:ukb-b-16489,"Ischaemic heart disease, wide definition || id:finn-b-I9_IHD",ukb-b-16489,finn-b-I9_IHD,,rs62184480,-0.758028447524519,0.0984636665665358,1.37608088546812e-14,IHD
Qualifications: College or University degree || id:ukb-b-16489,"Ischaemic heart disease, wide definition || id:finn-b-I9_IHD",ukb-b-16489,finn-b-I9_IHD,,rs622169,-0.753912015490277,0.0983036616032202,1.73050792940437e-14,IHD
Qualifications: College or University degree || id:ukb-b-16489,"Ischaemic heart disease, wide definition || id:finn-b-I9_IHD",ukb-b-16489,finn-b-I9_IHD,,rs62263345,-0.754253024659218,0.0982554834567155,1.63561505498965e-14,IHD
Qualifications: College or University degree || id:ukb-b-16489,"Ischaemic heart disease, wide definition || id:finn-b-I9_IHD",ukb-b-16489,finn-b-I9_IHD,,rs62356390,-0.753115053788202,0.0982778975486413,1.81473502144075e-14,IHD
Qualifications: College or University degree || id:ukb-b-16489,"Ischaemic heart disease, wide definition || id:finn-b-I9_IHD",ukb-b-16489,finn-b-I9_IHD,,rs62429694,-0.755384660175338,0.0983444792898004,1.57842524151129e-14,IHD
Qualifications: College or University degree || id:ukb-b-16489,"Ischaemic heart disease, wide definition || id:finn-b-I9_IHD",ukb-b-16489,finn-b-I9_IHD,,rs6440053,-0.756586609187511,0.0984095342592429,1.49285461570077e-14,IHD
Qualifications: College or University degree || id:ukb-b-16489,"Ischaemic heart disease, wide definition || id:finn-b-I9_IHD",ukb-b-16489,finn-b-I9_IHD,,rs645891,-0.75218397495345,0.0981994355548906,1.86282836919911e-14,IHD
Qualifications: College or University degree || id:ukb-b-16489,"Ischaemic heart disease, wide definition || id:finn-b-I9_IHD",ukb-b-16489,finn-b-I9_IHD,,rs6474820,-0.755692052370535,0.0983951196406592,1.58867446380202e-14,IHD
Qualifications: College or University degree || id:ukb-b-16489,"Ischaemic heart disease, wide definition || id:finn-b-I9_IHD",ukb-b-16489,finn-b-I9_IHD,,rs6493265,-0.756064483471982,0.0983975248142471,1.54467345224443e-14,IHD
Qualifications: College or University degree || id:ukb-b-16489,"Ischaemic heart disease, wide definition || id:finn-b-I9_IHD",ukb-b-16489,finn-b-I9_IHD,,rs6517119,-0.757163317008457,0.0983519233555086,1.37661398442535e-14,IHD
Qualifications: College or University degree || id:ukb-b-16489,"Ischaemic heart disease, wide definition || id:finn-b-I9_IHD",ukb-b-16489,finn-b-I9_IHD,,rs6539284,-0.753956482653908,0.0983137209104913,1.73499783826858e-14,IHD
Qualifications: College or University degree || id:ukb-b-16489,"Ischaemic heart disease, wide definition || id:finn-b-I9_IHD",ukb-b-16489,finn-b-I9_IHD,,rs66890092,-0.755473314011301,0.0983664213503332,1.58846397748147e-14,IHD
Qualifications: College or University degree || id:ukb-b-16489,"Ischaemic heart disease, wide definition || id:finn-b-I9_IHD",ukb-b-16489,finn-b-I9_IHD,,rs6690346,-0.758933367139147,0.0983808070294573,1.21703225712749e-14,IHD
Qualifications: College or University degree || id:ukb-b-16489,"Ischaemic heart disease, wide definition || id:finn-b-I9_IHD",ukb-b-16489,finn-b-I9_IHD,,rs6696003,-0.755879998747089,0.0983484895277407,1.52126284111599e-14,IHD
Qualifications: College or University degree || id:ukb-b-16489,"Ischaemic heart disease, wide definition || id:finn-b-I9_IHD",ukb-b-16489,finn-b-I9_IHD,,rs6696046,-0.763062156359815,0.0980877996011314,7.28814860361185e-15,IHD
Qualifications: College or University degree || id:ukb-b-16489,"Ischaemic heart disease, wide definition || id:finn-b-I9_IHD",ukb-b-16489,finn-b-I9_IHD,,rs6696068,-0.756550069818748,0.0984045347464503,1.49262968078223e-14,IHD
Qualifications: College or University degree || id:ukb-b-16489,"Ischaemic heart disease, wide definition || id:finn-b-I9_IHD",ukb-b-16489,finn-b-I9_IHD,,rs6730623,-0.759467159429957,0.0982926344038106,1.10463296040219e-14,IHD
Qualifications: College or University degree || id:ukb-b-16489,"Ischaemic heart disease, wide definition || id:finn-b-I9_IHD",ukb-b-16489,finn-b-I9_IHD,,rs67316991,-0.759621683931364,0.098413371563915,1.17537200679559e-14,IHD
Qualifications: College or University degree || id:ukb-b-16489,"Ischaemic heart disease, wide definition || id:finn-b-I9_IHD",ukb-b-16489,finn-b-I9_IHD,,rs67593591,-0.757855454088817,0.0983977486927087,1.33995586828264e-14,IHD
Qualifications: College or University degree || id:ukb-b-16489,"Ischaemic heart disease, wide definition || id:finn-b-I9_IHD",ukb-b-16489,finn-b-I9_IHD,,rs67693285,-0.760735144300278,0.0982295050844845,9.59837449316213e-15,IHD
Qualifications: College or University degree || id:ukb-b-16489,"Ischaemic heart disease, wide definition || id:finn-b-I9_IHD",ukb-b-16489,finn-b-I9_IHD,,rs6774533,-0.763603324625657,0.0981680984956343,7.3373135020427e-15,IHD
Qualifications: College or University degree || id:ukb-b-16489,"Ischaemic heart disease, wide definition || id:finn-b-I9_IHD",ukb-b-16489,finn-b-I9_IHD,,rs6779035,-0.759875257188266,0.0983048872810179,1.07731692700685e-14,IHD
Qualifications: College or University degree || id:ukb-b-16489,"Ischaemic heart disease, wide definition || id:finn-b-I9_IHD",ukb-b-16489,finn-b-I9_IHD,,rs6834210,-0.756531696606172,0.098353214623768,1.4486678474177e-14,IHD
Qualifications: College or University degree || id:ukb-b-16489,"Ischaemic heart disease, wide definition || id:finn-b-I9_IHD",ukb-b-16489,finn-b-I9_IHD,,rs6839304,-0.763178135793422,0.0982354895734306,7.91932841820347e-15,IHD
Qualifications: College or University degree || id:ukb-b-16489,"Ischaemic heart disease, wide definition || id:finn-b-I9_IHD",ukb-b-16489,finn-b-I9_IHD,,rs6861021,-0.75988416410608,0.0983899707207633,1.13456340917686e-14,IHD
Qualifications: College or University degree || id:ukb-b-16489,"Ischaemic heart disease, wide definition || id:finn-b-I9_IHD",ukb-b-16489,finn-b-I9_IHD,,rs6867851,-0.762630160317826,0.0981952264393511,8.07044611429894e-15,IHD
Qualifications: College or University degree || id:ukb-b-16489,"Ischaemic heart disease, wide definition || id:finn-b-I9_IHD",ukb-b-16489,finn-b-I9_IHD,,rs6877942,-0.759077286281388,0.0983277646612999,1.16450960346176e-14,IHD
Qualifications: College or University degree || id:ukb-b-16489,"Ischaemic heart disease, wide definition || id:finn-b-I9_IHD",ukb-b-16489,finn-b-I9_IHD,,rs6910879,-0.755340839492076,0.0980548315821086,1.32648927045944e-14,IHD
Qualifications: College or University degree || id:ukb-b-16489,"Ischaemic heart disease, wide definition || id:finn-b-I9_IHD",ukb-b-16489,finn-b-I9_IHD,,rs6918725,-0.756481197021192,0.0983964856825337,1.4934585165236e-14,IHD
Qualifications: College or University degree || id:ukb-b-16489,"Ischaemic heart disease, wide definition || id:finn-b-I9_IHD",ukb-b-16489,finn-b-I9_IHD,,rs6958689,-0.750157230013252,0.0979894266529966,1.92574177207142e-14,IHD
Qualifications: College or University degree || id:ukb-b-16489,"Ischaemic heart disease, wide definition || id:finn-b-I9_IHD",ukb-b-16489,finn-b-I9_IHD,,rs6986186,-0.763580400363989,0.098153815911348,7.28540357572814e-15,IHD
Qualifications: College or University degree || id:ukb-b-16489,"Ischaemic heart disease, wide definition || id:finn-b-I9_IHD",ukb-b-16489,finn-b-I9_IHD,,rs6986753,-0.75771658487252,0.09836050590722,1.32426756874104e-14,IHD
Qualifications: College or University degree || id:ukb-b-16489,"Ischaemic heart disease, wide definition || id:finn-b-I9_IHD",ukb-b-16489,finn-b-I9_IHD,,rs702222,-0.753190345136259,0.0982559732896298,1.78006205267214e-14,IHD
Qualifications: College or University degree || id:ukb-b-16489,"Ischaemic heart disease, wide definition || id:finn-b-I9_IHD",ukb-b-16489,finn-b-I9_IHD,,rs7031698,-0.757389442883505,0.0983776727714693,1.37356330456359e-14,IHD
Qualifications: College or University degree || id:ukb-b-16489,"Ischaemic heart disease, wide definition || id:finn-b-I9_IHD",ukb-b-16489,finn-b-I9_IHD,,rs7032484,-0.748629763228937,0.0982727188139981,2.57876183202434e-14,IHD
Qualifications: College or University degree || id:ukb-b-16489,"Ischaemic heart disease, wide definition || id:finn-b-I9_IHD",ukb-b-16489,finn-b-I9_IHD,,rs7049,-0.753371838671173,0.0982366789116285,1.73414692451349e-14,IHD
Qualifications: College or University degree || id:ukb-b-16489,"Ischaemic heart disease, wide definition || id:finn-b-I9_IHD",ukb-b-16489,finn-b-I9_IHD,,rs7099930,-0.75891000850775,0.0983117172216047,1.16854901741426e-14,IHD
Qualifications: College or University degree || id:ukb-b-16489,"Ischaemic heart disease, wide definition || id:finn-b-I9_IHD",ukb-b-16489,finn-b-I9_IHD,,rs7120631,-0.754488958812803,0.0983324732068409,1.68234288119408e-14,IHD
Qualifications: College or University degree || id:ukb-b-16489,"Ischaemic heart disease, wide definition || id:finn-b-I9_IHD",ukb-b-16489,finn-b-I9_IHD,,rs7124437,-0.752490824487452,0.0982702267990585,1.8978924312746e-14,IHD
Qualifications: College or University degree || id:ukb-b-16489,"Ischaemic heart disease, wide definition || id:finn-b-I9_IHD",ukb-b-16489,finn-b-I9_IHD,,rs7170095,-0.759395339485831,0.0982981972029934,1.11480858638332e-14,IHD
Qualifications: College or University degree || id:ukb-b-16489,"Ischaemic heart disease, wide definition || id:finn-b-I9_IHD",ukb-b-16489,finn-b-I9_IHD,,rs7170955,-0.757689902008652,0.0983543901449769,1.32211570220153e-14,IHD
Qualifications: College or University degree || id:ukb-b-16489,"Ischaemic heart disease, wide definition || id:finn-b-I9_IHD",ukb-b-16489,finn-b-I9_IHD,,rs7187604,-0.762109744138495,0.0984502264360554,9.85863589336442e-15,IHD
Qualifications: College or University degree || id:ukb-b-16489,"Ischaemic heart disease, wide definition || id:finn-b-I9_IHD",ukb-b-16489,finn-b-I9_IHD,,rs7210219,-0.751545367053547,0.098255711294629,2.02749801052038e-14,IHD
Qualifications: College or University degree || id:ukb-b-16489,"Ischaemic heart disease, wide definition || id:finn-b-I9_IHD",ukb-b-16489,finn-b-I9_IHD,,rs7218366,-0.760362281851294,0.0981535415029373,9.4339847461602e-15,IHD
Qualifications: College or University degree || id:ukb-b-16489,"Ischaemic heart disease, wide definition || id:finn-b-I9_IHD",ukb-b-16489,finn-b-I9_IHD,,rs7229167,-0.756275613151015,0.0983563381473872,1.48127786905054e-14,IHD
Qualifications: College or University degree || id:ukb-b-16489,"Ischaemic heart disease, wide definition || id:finn-b-I9_IHD",ukb-b-16489,finn-b-I9_IHD,,rs7233920,-0.755661652183363,0.0983827146279586,1.58051760389429e-14,IHD
Qualifications: College or University degree || id:ukb-b-16489,"Ischaemic heart disease, wide definition || id:finn-b-I9_IHD",ukb-b-16489,finn-b-I9_IHD,,rs72638565,-0.758125571518691,0.0983278154769257,1.25636248529409e-14,IHD
Qualifications: College or University degree || id:ukb-b-16489,"Ischaemic heart disease, wide definition || id:finn-b-I9_IHD",ukb-b-16489,finn-b-I9_IHD,,rs72748120,-0.757517364536666,0.0983746102091026,1.35710939571734e-14,IHD
Qualifications: College or University degree || id:ukb-b-16489,"Ischaemic heart disease, wide definition || id:finn-b-I9_IHD",ukb-b-16489,finn-b-I9_IHD,,rs72829857,-0.763061569558131,0.0982876697655198,8.25823500506988e-15,IHD
Qualifications: College or University degree || id:ukb-b-16489,"Ischaemic heart disease, wide definition || id:finn-b-I9_IHD",ukb-b-16489,finn-b-I9_IHD,,rs72915557,-0.753143020574366,0.0981564936213838,1.6817649445551e-14,IHD
Qualifications: College or University degree || id:ukb-b-16489,"Ischaemic heart disease, wide definition || id:finn-b-I9_IHD",ukb-b-16489,finn-b-I9_IHD,,rs72979820,-0.762980413938881,0.0982022127723978,7.88071740353201e-15,IHD
Qualifications: College or University degree || id:ukb-b-16489,"Ischaemic heart disease, wide definition || id:finn-b-I9_IHD",ukb-b-16489,finn-b-I9_IHD,,rs72982946,-0.760861158081183,0.0983208737786667,1.00555714927458e-14,IHD
Qualifications: College or University degree || id:ukb-b-16489,"Ischaemic heart disease, wide definition || id:finn-b-I9_IHD",ukb-b-16489,finn-b-I9_IHD,,rs73075183,-0.759387020814581,0.098294651539955,1.11311158287148e-14,IHD
Qualifications: College or University degree || id:ukb-b-16489,"Ischaemic heart disease, wide definition || id:finn-b-I9_IHD",ukb-b-16489,finn-b-I9_IHD,,rs73091318,-0.752994279033789,0.0982911434265907,1.84698104875363e-14,IHD
Qualifications: College or University degree || id:ukb-b-16489,"Ischaemic heart disease, wide definition || id:finn-b-I9_IHD",ukb-b-16489,finn-b-I9_IHD,,rs73161772,-0.753041201190468,0.0982116001314831,1.75328739024153e-14,IHD
Qualifications: College or University degree || id:ukb-b-16489,"Ischaemic heart disease, wide definition || id:finn-b-I9_IHD",ukb-b-16489,finn-b-I9_IHD,,rs7320211,-0.759077221538314,0.0982619619693661,1.11821487054921e-14,IHD
Qualifications: College or University degree || id:ukb-b-16489,"Ischaemic heart disease, wide definition || id:finn-b-I9_IHD",ukb-b-16489,finn-b-I9_IHD,,rs7320865,-0.76118960241796,0.0981938747256339,9.0524004496317e-15,IHD
Qualifications: College or University degree || id:ukb-b-16489,"Ischaemic heart disease, wide definition || id:finn-b-I9_IHD",ukb-b-16489,finn-b-I9_IHD,,rs73217429,-0.75403331463169,0.0982029500211179,1.6119305933977e-14,IHD
Qualifications: College or University degree || id:ukb-b-16489,"Ischaemic heart disease, wide definition || id:finn-b-I9_IHD",ukb-b-16489,finn-b-I9_IHD,,rs73222960,-0.751015254560371,0.0980350030804003,1.84944306029793e-14,IHD
Qualifications: College or University degree || id:ukb-b-16489,"Ischaemic heart disease, wide definition || id:finn-b-I9_IHD",ukb-b-16489,finn-b-I9_IHD,,rs73282004,-0.760300289282597,0.0982691687457307,1.01857425726674e-14,IHD
Qualifications: College or University degree || id:ukb-b-16489,"Ischaemic heart disease, wide definition || id:finn-b-I9_IHD",ukb-b-16489,finn-b-I9_IHD,,rs73344830,-0.762681821275506,0.0984296865011105,9.298886752019e-15,IHD
Qualifications: College or University degree || id:ukb-b-16489,"Ischaemic heart disease, wide definition || id:finn-b-I9_IHD",ukb-b-16489,finn-b-I9_IHD,,rs736282,-0.759628902401418,0.0983121415507337,1.10366121379008e-14,IHD
Qualifications: College or University degree || id:ukb-b-16489,"Ischaemic heart disease, wide definition || id:finn-b-I9_IHD",ukb-b-16489,finn-b-I9_IHD,,rs74945409,-0.755193616259978,0.0983182879165234,1.57715579932393e-14,IHD
Qualifications: College or University degree || id:ukb-b-16489,"Ischaemic heart disease, wide definition || id:finn-b-I9_IHD",ukb-b-16489,finn-b-I9_IHD,,rs7507110,-0.759829641009687,0.0982997462626771,1.07782300616547e-14,IHD
Qualifications: College or University degree || id:ukb-b-16489,"Ischaemic heart disease, wide definition || id:finn-b-I9_IHD",ukb-b-16489,finn-b-I9_IHD,,rs7523263,-0.763274390262698,0.0981339232611038,7.3746938479464e-15,IHD
Qualifications: College or University degree || id:ukb-b-16489,"Ischaemic heart disease, wide definition || id:finn-b-I9_IHD",ukb-b-16489,finn-b-I9_IHD,,rs7523916,-0.757607429707447,0.0983670421927619,1.34118524020497e-14,IHD
Qualifications: College or University degree || id:ukb-b-16489,"Ischaemic heart disease, wide definition || id:finn-b-I9_IHD",ukb-b-16489,finn-b-I9_IHD,,rs7526730,-0.752105971437472,0.0982101427633437,1.88660903084887e-14,IHD
Qualifications: College or University degree || id:ukb-b-16489,"Ischaemic heart disease, wide definition || id:finn-b-I9_IHD",ukb-b-16489,finn-b-I9_IHD,,rs75434274,-0.753976651487214,0.0982364496811817,1.65262399363015e-14,IHD
Qualifications: College or University degree || id:ukb-b-16489,"Ischaemic heart disease, wide definition || id:finn-b-I9_IHD",ukb-b-16489,finn-b-I9_IHD,,rs75581535,-0.756031960749373,0.098325588528111,1.48212748342963e-14,IHD
Qualifications: College or University degree || id:ukb-b-16489,"Ischaemic heart disease, wide definition || id:finn-b-I9_IHD",ukb-b-16489,finn-b-I9_IHD,,rs75672140,-0.756896683243669,0.098325794419263,1.38380540452614e-14,IHD
Qualifications: College or University degree || id:ukb-b-16489,"Ischaemic heart disease, wide definition || id:finn-b-I9_IHD",ukb-b-16489,finn-b-I9_IHD,,rs75681850,-0.763197749201899,0.0980239425342799,6.92570406541323e-15,IHD
Qualifications: College or University degree || id:ukb-b-16489,"Ischaemic heart disease, wide definition || id:finn-b-I9_IHD",ukb-b-16489,finn-b-I9_IHD,,rs75748479,-0.757644125672238,0.098308706152177,1.29026245280412e-14,IHD
Qualifications: College or University degree || id:ukb-b-16489,"Ischaemic heart disease, wide definition || id:finn-b-I9_IHD",ukb-b-16489,finn-b-I9_IHD,,rs7591768,-0.758309951907129,0.0983637498312554,1.26567207890982e-14,IHD
Qualifications: College or University degree || id:ukb-b-16489,"Ischaemic heart disease, wide definition || id:finn-b-I9_IHD",ukb-b-16489,finn-b-I9_IHD,,rs7592970,-0.758673730045741,0.098334067034183,1.20727803560707e-14,IHD
Qualifications: College or University degree || id:ukb-b-16489,"Ischaemic heart disease, wide definition || id:finn-b-I9_IHD",ukb-b-16489,finn-b-I9_IHD,,rs7599087,-0.754497893764664,0.0983289788340528,1.6775795978962e-14,IHD
Qualifications: College or University degree || id:ukb-b-16489,"Ischaemic heart disease, wide definition || id:finn-b-I9_IHD",ukb-b-16489,finn-b-I9_IHD,,rs76003397,-0.756365225832724,0.0983538316575626,1.46851630963979e-14,IHD
Qualifications: College or University degree || id:ukb-b-16489,"Ischaemic heart disease, wide definition || id:finn-b-I9_IHD",ukb-b-16489,finn-b-I9_IHD,,rs76076331,-0.76032289903622,0.098400355487879,1.10257024801222e-14,IHD
Qualifications: College or University degree || id:ukb-b-16489,"Ischaemic heart disease, wide definition || id:finn-b-I9_IHD",ukb-b-16489,finn-b-I9_IHD,,rs760899,-0.759803840168766,0.0982878296483225,1.07212590454508e-14,IHD
Qualifications: College or University degree || id:ukb-b-16489,"Ischaemic heart disease, wide definition || id:finn-b-I9_IHD",ukb-b-16489,finn-b-I9_IHD,,rs76178978,-0.75365846640729,0.098291756227305,1.75291689118447e-14,IHD
Qualifications: College or University degree || id:ukb-b-16489,"Ischaemic heart disease, wide definition || id:finn-b-I9_IHD",ukb-b-16489,finn-b-I9_IHD,,rs76385277,-0.755139213741873,0.0982784550233542,1.54594617066177e-14,IHD
Qualifications: College or University degree || id:ukb-b-16489,"Ischaemic heart disease, wide definition || id:finn-b-I9_IHD",ukb-b-16489,finn-b-I9_IHD,,rs76577427,-0.755112675806856,0.0983380298454379,1.60654400115445e-14,IHD
Qualifications: College or University degree || id:ukb-b-16489,"Ischaemic heart disease, wide definition || id:finn-b-I9_IHD",ukb-b-16489,finn-b-I9_IHD,,rs76695264,-0.750721238179961,0.0980468837993635,1.90685825219098e-14,IHD
Qualifications: College or University degree || id:ukb-b-16489,"Ischaemic heart disease, wide definition || id:finn-b-I9_IHD",ukb-b-16489,finn-b-I9_IHD,,rs76709882,-0.764173904900112,0.0979337066768703,6.04662934529595e-15,IHD
Qualifications: College or University degree || id:ukb-b-16489,"Ischaemic heart disease, wide definition || id:finn-b-I9_IHD",ukb-b-16489,finn-b-I9_IHD,,rs7680637,-0.754851214756705,0.0983487604907057,1.65097774498855e-14,IHD
Qualifications: College or University degree || id:ukb-b-16489,"Ischaemic heart disease, wide definition || id:finn-b-I9_IHD",ukb-b-16489,finn-b-I9_IHD,,rs77128898,-0.753350258327278,0.0983568662212975,1.86867669510579e-14,IHD
Qualifications: College or University degree || id:ukb-b-16489,"Ischaemic heart disease, wide definition || id:finn-b-I9_IHD",ukb-b-16489,finn-b-I9_IHD,,rs77232327,-0.758510289341602,0.0983100416918221,1.20516909284247e-14,IHD
Qualifications: College or University degree || id:ukb-b-16489,"Ischaemic heart disease, wide definition || id:finn-b-I9_IHD",ukb-b-16489,finn-b-I9_IHD,,rs7742212,-0.75864138043381,0.0983746862000843,1.2410016421645e-14,IHD
Qualifications: College or University degree || id:ukb-b-16489,"Ischaemic heart disease, wide definition || id:finn-b-I9_IHD",ukb-b-16489,finn-b-I9_IHD,,rs77429856,-0.755554631503562,0.098308421947094,1.52336987831337e-14,IHD
Qualifications: College or University degree || id:ukb-b-16489,"Ischaemic heart disease, wide definition || id:finn-b-I9_IHD",ukb-b-16489,finn-b-I9_IHD,,rs7757476,-0.748749634051221,0.0980859123725467,2.28269174753503e-14,IHD
Qualifications: College or University degree || id:ukb-b-16489,"Ischaemic heart disease, wide definition || id:finn-b-I9_IHD",ukb-b-16489,finn-b-I9_IHD,,rs7758776,-0.745399929516859,0.0973691311963185,1.92707106293809e-14,IHD
Qualifications: College or University degree || id:ukb-b-16489,"Ischaemic heart disease, wide definition || id:finn-b-I9_IHD",ukb-b-16489,finn-b-I9_IHD,,rs77714828,-0.762623796256407,0.0980787473441141,7.50743733365042e-15,IHD
Qualifications: College or University degree || id:ukb-b-16489,"Ischaemic heart disease, wide definition || id:finn-b-I9_IHD",ukb-b-16489,finn-b-I9_IHD,,rs77719387,-0.756528386734971,0.0983605850730701,1.45559306995673e-14,IHD
Qualifications: College or University degree || id:ukb-b-16489,"Ischaemic heart disease, wide definition || id:finn-b-I9_IHD",ukb-b-16489,finn-b-I9_IHD,,rs7791133,-0.755496533537443,0.0983526622629482,1.57229510825619e-14,IHD
Qualifications: College or University degree || id:ukb-b-16489,"Ischaemic heart disease, wide definition || id:finn-b-I9_IHD",ukb-b-16489,finn-b-I9_IHD,,rs779215,-0.755623302738542,0.0983261803972382,1.53159866331131e-14,IHD
Qualifications: College or University degree || id:ukb-b-16489,"Ischaemic heart disease, wide definition || id:finn-b-I9_IHD",ukb-b-16489,finn-b-I9_IHD,,rs7794008,-0.756405721137028,0.0983242503084495,1.43755792877056e-14,IHD
Qualifications: College or University degree || id:ukb-b-16489,"Ischaemic heart disease, wide definition || id:finn-b-I9_IHD",ukb-b-16489,finn-b-I9_IHD,,rs78071757,-0.750591363893286,0.0981165513526671,2.00983358505581e-14,IHD
Qualifications: College or University degree || id:ukb-b-16489,"Ischaemic heart disease, wide definition || id:finn-b-I9_IHD",ukb-b-16489,finn-b-I9_IHD,,rs78274871,-0.752548452689658,0.0982190153600237,1.8314157156384e-14,IHD
Qualifications: College or University degree || id:ukb-b-16489,"Ischaemic heart disease, wide definition || id:finn-b-I9_IHD",ukb-b-16489,finn-b-I9_IHD,,rs7829754,-0.756065560629211,0.0983495498905114,1.49997373297756e-14,IHD
Qualifications: College or University degree || id:ukb-b-16489,"Ischaemic heart disease, wide definition || id:finn-b-I9_IHD",ukb-b-16489,finn-b-I9_IHD,,rs78375762,-0.752302712208689,0.0981321856936854,1.77142240975173e-14,IHD
Qualifications: College or University degree || id:ukb-b-16489,"Ischaemic heart disease, wide definition || id:finn-b-I9_IHD",ukb-b-16489,finn-b-I9_IHD,,rs7862560,-0.757237287418527,0.0983616215825995,1.37668970860766e-14,IHD
Qualifications: College or University degree || id:ukb-b-16489,"Ischaemic heart disease, wide definition || id:finn-b-I9_IHD",ukb-b-16489,finn-b-I9_IHD,,rs786272,-0.772555913615223,0.0971706450642859,1.85749438108638e-15,IHD
Qualifications: College or University degree || id:ukb-b-16489,"Ischaemic heart disease, wide definition || id:finn-b-I9_IHD",ukb-b-16489,finn-b-I9_IHD,,rs78639511,-0.756090750513938,0.0982798346226621,1.43450542215448e-14,IHD
Qualifications: College or University degree || id:ukb-b-16489,"Ischaemic heart disease, wide definition || id:finn-b-I9_IHD",ukb-b-16489,finn-b-I9_IHD,,rs78809121,-0.758488403765431,0.0983426591616187,1.23173831843644e-14,IHD
Qualifications: College or University degree || id:ukb-b-16489,"Ischaemic heart disease, wide definition || id:finn-b-I9_IHD",ukb-b-16489,finn-b-I9_IHD,,rs78919173,-0.756006750967425,0.0983393882163319,1.49767426998924e-14,IHD
Qualifications: College or University degree || id:ukb-b-16489,"Ischaemic heart disease, wide definition || id:finn-b-I9_IHD",ukb-b-16489,finn-b-I9_IHD,,rs7900410,-0.756057473627818,0.0983299616066743,1.48308335155282e-14,IHD
Qualifications: College or University degree || id:ukb-b-16489,"Ischaemic heart disease, wide definition || id:finn-b-I9_IHD",ukb-b-16489,finn-b-I9_IHD,,rs7902,-0.756704250919777,0.0984763561358881,1.54050833522085e-14,IHD
Qualifications: College or University degree || id:ukb-b-16489,"Ischaemic heart disease, wide definition || id:finn-b-I9_IHD",ukb-b-16489,finn-b-I9_IHD,,rs790643,-0.758698340152174,0.0983560779513173,1.22133338539523e-14,IHD
Qualifications: College or University degree || id:ukb-b-16489,"Ischaemic heart disease, wide definition || id:finn-b-I9_IHD",ukb-b-16489,finn-b-I9_IHD,,rs7921305,-0.748219416338042,0.0982593271427792,2.64218889091347e-14,IHD
Qualifications: College or University degree || id:ukb-b-16489,"Ischaemic heart disease, wide definition || id:finn-b-I9_IHD",ukb-b-16489,finn-b-I9_IHD,,rs7924036,-0.757629466622536,0.0983973075509169,1.36389111331314e-14,IHD
Qualifications: College or University degree || id:ukb-b-16489,"Ischaemic heart disease, wide definition || id:finn-b-I9_IHD",ukb-b-16489,finn-b-I9_IHD,,rs7945921,-0.763713633238505,0.0980803609651326,6.88303651642718e-15,IHD
Qualifications: College or University degree || id:ukb-b-16489,"Ischaemic heart disease, wide definition || id:finn-b-I9_IHD",ukb-b-16489,finn-b-I9_IHD,,rs7951126,-0.754477782066839,0.0982993616939707,1.65022903565304e-14,IHD
Qualifications: College or University degree || id:ukb-b-16489,"Ischaemic heart disease, wide definition || id:finn-b-I9_IHD",ukb-b-16489,finn-b-I9_IHD,,rs7966054,-0.754999745516694,0.0983697350457404,1.65260922148802e-14,IHD
Qualifications: College or University degree || id:ukb-b-16489,"Ischaemic heart disease, wide definition || id:finn-b-I9_IHD",ukb-b-16489,finn-b-I9_IHD,,rs79697219,-0.757715914447261,0.0983387359860957,1.30677172218025e-14,IHD
Qualifications: College or University degree || id:ukb-b-16489,"Ischaemic heart disease, wide definition || id:finn-b-I9_IHD",ukb-b-16489,finn-b-I9_IHD,,rs79918827,-0.756359009674223,0.0983750419201358,1.48840459059146e-14,IHD
Qualifications: College or University degree || id:ukb-b-16489,"Ischaemic heart disease, wide definition || id:finn-b-I9_IHD",ukb-b-16489,finn-b-I9_IHD,,rs8022374,-0.750520393954136,0.0983994225441749,2.39750042479395e-14,IHD
Qualifications: College or University degree || id:ukb-b-16489,"Ischaemic heart disease, wide definition || id:finn-b-I9_IHD",ukb-b-16489,finn-b-I9_IHD,,rs8049014,-0.758584764726142,0.0983789922384966,1.24991329040001e-14,IHD
Qualifications: College or University degree || id:ukb-b-16489,"Ischaemic heart disease, wide definition || id:finn-b-I9_IHD",ukb-b-16489,finn-b-I9_IHD,,rs8118905,-0.75765607055639,0.0983377744421573,1.31223942824389e-14,IHD
Qualifications: College or University degree || id:ukb-b-16489,"Ischaemic heart disease, wide definition || id:finn-b-I9_IHD",ukb-b-16489,finn-b-I9_IHD,,rs836319,-0.760552366915624,0.0982642676420536,9.95208290758507e-15,IHD
Qualifications: College or University degree || id:ukb-b-16489,"Ischaemic heart disease, wide definition || id:finn-b-I9_IHD",ukb-b-16489,finn-b-I9_IHD,,rs857249,-0.761404188054425,0.098251883918812,9.22461070526177e-15,IHD
Qualifications: College or University degree || id:ukb-b-16489,"Ischaemic heart disease, wide definition || id:finn-b-I9_IHD",ukb-b-16489,finn-b-I9_IHD,,rs860580,-0.764936428120353,0.097952832343977,5.7537339358905e-15,IHD
Qualifications: College or University degree || id:ukb-b-16489,"Ischaemic heart disease, wide definition || id:finn-b-I9_IHD",ukb-b-16489,finn-b-I9_IHD,,rs868698,-0.755603930806414,0.0984059190188049,1.61037730022817e-14,IHD
Qualifications: College or University degree || id:ukb-b-16489,"Ischaemic heart disease, wide definition || id:finn-b-I9_IHD",ukb-b-16489,finn-b-I9_IHD,,rs898751,-0.759500752264158,0.098312995422099,1.11560204438332e-14,IHD
Qualifications: College or University degree || id:ukb-b-16489,"Ischaemic heart disease, wide definition || id:finn-b-I9_IHD",ukb-b-16489,finn-b-I9_IHD,,rs909294,-0.75628829315246,0.0983443884887329,1.46901971314682e-14,IHD
Qualifications: College or University degree || id:ukb-b-16489,"Ischaemic heart disease, wide definition || id:finn-b-I9_IHD",ukb-b-16489,finn-b-I9_IHD,,rs924610,-0.753638797569244,0.0982841666252283,1.74756975641474e-14,IHD
Qualifications: College or University degree || id:ukb-b-16489,"Ischaemic heart disease, wide definition || id:finn-b-I9_IHD",ukb-b-16489,finn-b-I9_IHD,,rs9261870,-0.761826919845248,0.0980313768724332,7.77116950148198e-15,IHD
Qualifications: College or University degree || id:ukb-b-16489,"Ischaemic heart disease, wide definition || id:finn-b-I9_IHD",ukb-b-16489,finn-b-I9_IHD,,rs9304836,-0.75712700777838,0.0983744261785166,1.39974667707799e-14,IHD
Qualifications: College or University degree || id:ukb-b-16489,"Ischaemic heart disease, wide definition || id:finn-b-I9_IHD",ukb-b-16489,finn-b-I9_IHD,,rs9324380,-0.754109381968917,0.0984529355160248,1.86523737440742e-14,IHD
Qualifications: College or University degree || id:ukb-b-16489,"Ischaemic heart disease, wide definition || id:finn-b-I9_IHD",ukb-b-16489,finn-b-I9_IHD,,rs9363731,-0.759661258143365,0.0983125185956969,1.10106891645031e-14,IHD
Qualifications: College or University degree || id:ukb-b-16489,"Ischaemic heart disease, wide definition || id:finn-b-I9_IHD",ukb-b-16489,finn-b-I9_IHD,,rs9368028,-0.759637154316346,0.0983345984184785,1.11832079003994e-14,IHD
Qualifications: College or University degree || id:ukb-b-16489,"Ischaemic heart disease, wide definition || id:finn-b-I9_IHD",ukb-b-16489,finn-b-I9_IHD,,rs9386319,-0.759402741200007,0.0982975467874644,1.11370270236616e-14,IHD
Qualifications: College or University degree || id:ukb-b-16489,"Ischaemic heart disease, wide definition || id:finn-b-I9_IHD",ukb-b-16489,finn-b-I9_IHD,,rs938964,-0.756738035497775,0.098393200701396,1.46036659525487e-14,IHD
Qualifications: College or University degree || id:ukb-b-16489,"Ischaemic heart disease, wide definition || id:finn-b-I9_IHD",ukb-b-16489,finn-b-I9_IHD,,rs9426308,-0.761482761943329,0.0982428860715554,9.11559589210769e-15,IHD
Qualifications: College or University degree || id:ukb-b-16489,"Ischaemic heart disease, wide definition || id:finn-b-I9_IHD",ukb-b-16489,finn-b-I9_IHD,,rs9557427,-0.751472735910861,0.0983023865431269,2.09756455754892e-14,IHD
Qualifications: College or University degree || id:ukb-b-16489,"Ischaemic heart disease, wide definition || id:finn-b-I9_IHD",ukb-b-16489,finn-b-I9_IHD,,rs9605251,-0.755533874715973,0.098236918848323,1.46062267564509e-14,IHD
Qualifications: College or University degree || id:ukb-b-16489,"Ischaemic heart disease, wide definition || id:finn-b-I9_IHD",ukb-b-16489,finn-b-I9_IHD,,rs9613472,-0.758181447392458,0.0983291582169066,1.25181286125473e-14,IHD
Qualifications: College or University degree || id:ukb-b-16489,"Ischaemic heart disease, wide definition || id:finn-b-I9_IHD",ukb-b-16489,finn-b-I9_IHD,,rs9616812,-0.758485235464611,0.0983770787669513,1.25838201610467e-14,IHD
Qualifications: College or University degree || id:ukb-b-16489,"Ischaemic heart disease, wide definition || id:finn-b-I9_IHD",ukb-b-16489,finn-b-I9_IHD,,rs962490,-0.752672258799711,0.0982699338597879,1.87047692594541e-14,IHD
Qualifications: College or University degree || id:ukb-b-16489,"Ischaemic heart disease, wide definition || id:finn-b-I9_IHD",ukb-b-16489,finn-b-I9_IHD,,rs9640052,-0.754874211431159,0.0983869854782096,1.68675085651896e-14,IHD
Qualifications: College or University degree || id:ukb-b-16489,"Ischaemic heart disease, wide definition || id:finn-b-I9_IHD",ukb-b-16489,finn-b-I9_IHD,,rs964206,-0.760983066119359,0.0982118185672671,9.30679728011672e-15,IHD
Qualifications: College or University degree || id:ukb-b-16489,"Ischaemic heart disease, wide definition || id:finn-b-I9_IHD",ukb-b-16489,finn-b-I9_IHD,,rs9675315,-0.754620500986503,0.098347318920658,1.67999198504176e-14,IHD
Qualifications: College or University degree || id:ukb-b-16489,"Ischaemic heart disease, wide definition || id:finn-b-I9_IHD",ukb-b-16489,finn-b-I9_IHD,,rs9818707,-0.758441068767905,0.0983464677533842,1.23929167307448e-14,IHD
Qualifications: College or University degree || id:ukb-b-16489,"Ischaemic heart disease, wide definition || id:finn-b-I9_IHD",ukb-b-16489,finn-b-I9_IHD,,rs9831061,-0.759092861265278,0.0983119350451658,1.15177510206079e-14,IHD
Qualifications: College or University degree || id:ukb-b-16489,"Ischaemic heart disease, wide definition || id:finn-b-I9_IHD",ukb-b-16489,finn-b-I9_IHD,,rs9877063,-0.760660380002618,0.0982452265385501,9.75064323138047e-15,IHD
Qualifications: College or University degree || id:ukb-b-16489,"Ischaemic heart disease, wide definition || id:finn-b-I9_IHD",ukb-b-16489,finn-b-I9_IHD,,rs9879265,-0.761406074589151,0.0982932359914969,9.46302021023326e-15,IHD
Qualifications: College or University degree || id:ukb-b-16489,"Ischaemic heart disease, wide definition || id:finn-b-I9_IHD",ukb-b-16489,finn-b-I9_IHD,,rs9891803,-0.762364936923523,0.0982281639608018,8.41530937040149e-15,IHD
Qualifications: College or University degree || id:ukb-b-16489,"Ischaemic heart disease, wide definition || id:finn-b-I9_IHD",ukb-b-16489,finn-b-I9_IHD,,rs9902820,-0.761960095560345,0.0981931270903878,8.50561271747251e-15,IHD
Qualifications: College or University degree || id:ukb-b-16489,"Ischaemic heart disease, wide definition || id:finn-b-I9_IHD",ukb-b-16489,finn-b-I9_IHD,,rs9912403,-0.756086086208128,0.0983361962344,1.48536283047312e-14,IHD
Qualifications: College or University degree || id:ukb-b-16489,"Ischaemic heart disease, wide definition || id:finn-b-I9_IHD",ukb-b-16489,finn-b-I9_IHD,,rs9964724,-0.758162642481435,0.0986085624501464,1.48743718142586e-14,IHD
Qualifications: College or University degree || id:ukb-b-16489,"Ischaemic heart disease, wide definition || id:finn-b-I9_IHD",ukb-b-16489,finn-b-I9_IHD,,rs9966970,-0.749828162162099,0.0980534392694779,2.05502065942193e-14,IHD
Qualifications: College or University degree || id:ukb-b-16489,"Ischaemic heart disease, wide definition || id:finn-b-I9_IHD",ukb-b-16489,finn-b-I9_IHD,,All,-0.7568814123384,0.0981737565526461,1.26202430951356e-14,IHD
