exposure,outcome,id.exposure,id.outcome,samplesize,SNP,b,se,p,outcome_code
Leg fat mass (right) || id:ukb-b-18096,"Ischaemic heart disease, wide definition || id:finn-b-I9_IHD",ukb-b-18096,finn-b-I9_IHD,,rs1005551,0.277443416613915,0.0477935474522719,6.4350945612006e-09,IHD
Leg fat mass (right) || id:ukb-b-18096,"Ischaemic heart disease, wide definition || id:finn-b-I9_IHD",ukb-b-18096,finn-b-I9_IHD,,rs10070916,0.282402015060998,0.0477741790263499,3.39655094784548e-09,IHD
Leg fat mass (right) || id:ukb-b-18096,"Ischaemic heart disease, wide definition || id:finn-b-I9_IHD",ukb-b-18096,finn-b-I9_IHD,,rs10100245,0.280513067156622,0.0478966116675644,4.72334022280709e-09,IHD
Leg fat mass (right) || id:ukb-b-18096,"Ischaemic heart disease, wide definition || id:finn-b-I9_IHD",ukb-b-18096,finn-b-I9_IHD,,rs10132514,0.280246775158961,0.0478365591643502,4.67284554078392e-09,IHD
Leg fat mass (right) || id:ukb-b-18096,"Ischaemic heart disease, wide definition || id:finn-b-I9_IHD",ukb-b-18096,finn-b-I9_IHD,,rs10141106,0.280657718122649,0.0478473388507127,4.47265319115466e-09,IHD
Leg fat mass (right) || id:ukb-b-18096,"Ischaemic heart disease, wide definition || id:finn-b-I9_IHD",ukb-b-18096,finn-b-I9_IHD,,rs10160769,0.278089699982,0.0477466481798371,5.7360406175101e-09,IHD
Leg fat mass (right) || id:ukb-b-18096,"Ischaemic heart disease, wide definition || id:finn-b-I9_IHD",ukb-b-18096,finn-b-I9_IHD,,rs10172483,0.278282410238811,0.0477422445230101,5.58104425371505e-09,IHD
Leg fat mass (right) || id:ukb-b-18096,"Ischaemic heart disease, wide definition || id:finn-b-I9_IHD",ukb-b-18096,finn-b-I9_IHD,,rs10184537,0.282064989910915,0.0478471297209068,3.74389352806179e-09,IHD
Leg fat mass (right) || id:ukb-b-18096,"Ischaemic heart disease, wide definition || id:finn-b-I9_IHD",ukb-b-18096,finn-b-I9_IHD,,rs10209821,0.276515442903018,0.047763612435039,7.07018452444221e-09,IHD
Leg fat mass (right) || id:ukb-b-18096,"Ischaemic heart disease, wide definition || id:finn-b-I9_IHD",ukb-b-18096,finn-b-I9_IHD,,rs10213345,0.283367640408167,0.0476975207401608,2.8340931318582e-09,IHD
Leg fat mass (right) || id:ukb-b-18096,"Ischaemic heart disease, wide definition || id:finn-b-I9_IHD",ukb-b-18096,finn-b-I9_IHD,,rs10214549,0.278326330639519,0.0477342160685167,5.51784530718111e-09,IHD
Leg fat mass (right) || id:ukb-b-18096,"Ischaemic heart disease, wide definition || id:finn-b-I9_IHD",ukb-b-18096,finn-b-I9_IHD,,rs1022185,0.282468774818088,0.0478026072878671,3.44052262560821e-09,IHD
Leg fat mass (right) || id:ukb-b-18096,"Ischaemic heart disease, wide definition || id:finn-b-I9_IHD",ukb-b-18096,finn-b-I9_IHD,,rs10248136,0.277932014464082,0.0477052841509901,5.67642825205437e-09,IHD
Leg fat mass (right) || id:ukb-b-18096,"Ischaemic heart disease, wide definition || id:finn-b-I9_IHD",ukb-b-18096,finn-b-I9_IHD,,rs1025065,0.282310524967289,0.0477902627747581,3.47799616204314e-09,IHD
Leg fat mass (right) || id:ukb-b-18096,"Ischaemic heart disease, wide definition || id:finn-b-I9_IHD",ukb-b-18096,finn-b-I9_IHD,,rs10260462,0.2817612192408,0.0478026458242504,3.76364359918336e-09,IHD
Leg fat mass (right) || id:ukb-b-18096,"Ischaemic heart disease, wide definition || id:finn-b-I9_IHD",ukb-b-18096,finn-b-I9_IHD,,rs10404726,0.281306562479909,0.0478984422643109,4.28031799896964e-09,IHD
Leg fat mass (right) || id:ukb-b-18096,"Ischaemic heart disease, wide definition || id:finn-b-I9_IHD",ukb-b-18096,finn-b-I9_IHD,,rs10405382,0.281493233172397,0.0478364389373911,3.9927386131702e-09,IHD
Leg fat mass (right) || id:ukb-b-18096,"Ischaemic heart disease, wide definition || id:finn-b-I9_IHD",ukb-b-18096,finn-b-I9_IHD,,rs10410043,0.278801997920068,0.0477801945844512,5.37597696398713e-09,IHD
Leg fat mass (right) || id:ukb-b-18096,"Ischaemic heart disease, wide definition || id:finn-b-I9_IHD",ukb-b-18096,finn-b-I9_IHD,,rs10423928,0.27491308490221,0.0479173339900314,9.62337470941159e-09,IHD
Leg fat mass (right) || id:ukb-b-18096,"Ischaemic heart disease, wide definition || id:finn-b-I9_IHD",ukb-b-18096,finn-b-I9_IHD,,rs10448179,0.278575078447557,0.0477774530126889,5.52016877572482e-09,IHD
Leg fat mass (right) || id:ukb-b-18096,"Ischaemic heart disease, wide definition || id:finn-b-I9_IHD",ukb-b-18096,finn-b-I9_IHD,,rs10499014,0.2791029057149,0.0478397314163557,5.40740298892723e-09,IHD
Leg fat mass (right) || id:ukb-b-18096,"Ischaemic heart disease, wide definition || id:finn-b-I9_IHD",ukb-b-18096,finn-b-I9_IHD,,rs10505836,0.282076097009135,0.0478276858279876,3.68474770278982e-09,IHD
Leg fat mass (right) || id:ukb-b-18096,"Ischaemic heart disease, wide definition || id:finn-b-I9_IHD",ukb-b-18096,finn-b-I9_IHD,,rs10510998,0.280308300692166,0.047837861503991,4.64125507557918e-09,IHD
Leg fat mass (right) || id:ukb-b-18096,"Ischaemic heart disease, wide definition || id:finn-b-I9_IHD",ukb-b-18096,finn-b-I9_IHD,,rs1056441,0.280168339710885,0.0478525820631056,4.77521806433661e-09,IHD
Leg fat mass (right) || id:ukb-b-18096,"Ischaemic heart disease, wide definition || id:finn-b-I9_IHD",ukb-b-18096,finn-b-I9_IHD,,rs1056720,0.280829694633526,0.0478375736543377,4.34525599999022e-09,IHD
Leg fat mass (right) || id:ukb-b-18096,"Ischaemic heart disease, wide definition || id:finn-b-I9_IHD",ukb-b-18096,finn-b-I9_IHD,,rs1057042,0.281920557992778,0.0478363026731804,3.78228940851374e-09,IHD
Leg fat mass (right) || id:ukb-b-18096,"Ischaemic heart disease, wide definition || id:finn-b-I9_IHD",ukb-b-18096,finn-b-I9_IHD,,rs1062557,0.27909501417465,0.047824910246254,5.35438037954312e-09,IHD
Leg fat mass (right) || id:ukb-b-18096,"Ischaemic heart disease, wide definition || id:finn-b-I9_IHD",ukb-b-18096,finn-b-I9_IHD,,rs10756798,0.280709011663533,0.047865231698255,4.50297546175676e-09,IHD
Leg fat mass (right) || id:ukb-b-18096,"Ischaemic heart disease, wide definition || id:finn-b-I9_IHD",ukb-b-18096,finn-b-I9_IHD,,rs10760277,0.280210499968739,0.0478549428133126,4.75823326560302e-09,IHD
Leg fat mass (right) || id:ukb-b-18096,"Ischaemic heart disease, wide definition || id:finn-b-I9_IHD",ukb-b-18096,finn-b-I9_IHD,,rs10766451,0.283065007072157,0.0477807188236659,3.13722540115964e-09,IHD
Leg fat mass (right) || id:ukb-b-18096,"Ischaemic heart disease, wide definition || id:finn-b-I9_IHD",ukb-b-18096,finn-b-I9_IHD,,rs10771041,0.280486623202877,0.0478533806146751,4.5904913988807e-09,IHD
Leg fat mass (right) || id:ukb-b-18096,"Ischaemic heart disease, wide definition || id:finn-b-I9_IHD",ukb-b-18096,finn-b-I9_IHD,,rs10779795,0.27823071404866,0.0478011430302448,5.86412916730851e-09,IHD
Leg fat mass (right) || id:ukb-b-18096,"Ischaemic heart disease, wide definition || id:finn-b-I9_IHD",ukb-b-18096,finn-b-I9_IHD,,rs10798945,0.282288482498581,0.0477691491627284,3.43291799320367e-09,IHD
Leg fat mass (right) || id:ukb-b-18096,"Ischaemic heart disease, wide definition || id:finn-b-I9_IHD",ukb-b-18096,finn-b-I9_IHD,,rs10817947,0.280406520143816,0.0478370509908285,4.58147691128279e-09,IHD
Leg fat mass (right) || id:ukb-b-18096,"Ischaemic heart disease, wide definition || id:finn-b-I9_IHD",ukb-b-18096,finn-b-I9_IHD,,rs10820852,0.278763811699605,0.0477971385716769,5.4692102560254e-09,IHD
Leg fat mass (right) || id:ukb-b-18096,"Ischaemic heart disease, wide definition || id:finn-b-I9_IHD",ukb-b-18096,finn-b-I9_IHD,,rs10846458,0.279575931838222,0.0478362268296158,5.0827683450878e-09,IHD
Leg fat mass (right) || id:ukb-b-18096,"Ischaemic heart disease, wide definition || id:finn-b-I9_IHD",ukb-b-18096,finn-b-I9_IHD,,rs10865534,0.280768750212541,0.0478399393981067,4.38644498792322e-09,IHD
Leg fat mass (right) || id:ukb-b-18096,"Ischaemic heart disease, wide definition || id:finn-b-I9_IHD",ukb-b-18096,finn-b-I9_IHD,,rs10915840,0.280572909798315,0.0478494783560804,4.52783397323345e-09,IHD
Leg fat mass (right) || id:ukb-b-18096,"Ischaemic heart disease, wide definition || id:finn-b-I9_IHD",ukb-b-18096,finn-b-I9_IHD,,rs10938397,0.273762638732485,0.0478742215376467,1.07549080344578e-08,IHD
Leg fat mass (right) || id:ukb-b-18096,"Ischaemic heart disease, wide definition || id:finn-b-I9_IHD",ukb-b-18096,finn-b-I9_IHD,,rs10947793,0.27722110088776,0.047782393288058,6.56296304358839e-09,IHD
Leg fat mass (right) || id:ukb-b-18096,"Ischaemic heart disease, wide definition || id:finn-b-I9_IHD",ukb-b-18096,finn-b-I9_IHD,,rs10951992,0.276380166615687,0.047598415078958,6.37925169824227e-09,IHD
Leg fat mass (right) || id:ukb-b-18096,"Ischaemic heart disease, wide definition || id:finn-b-I9_IHD",ukb-b-18096,finn-b-I9_IHD,,rs10961649,0.280808521964882,0.0478378689405617,4.35782430960348e-09,IHD
Leg fat mass (right) || id:ukb-b-18096,"Ischaemic heart disease, wide definition || id:finn-b-I9_IHD",ukb-b-18096,finn-b-I9_IHD,,rs10973850,0.281211412068745,0.0478344998865768,4.13149346142571e-09,IHD
Leg fat mass (right) || id:ukb-b-18096,"Ischaemic heart disease, wide definition || id:finn-b-I9_IHD",ukb-b-18096,finn-b-I9_IHD,,rs10989067,0.279536557631351,0.0478688456603767,5.23154995157691e-09,IHD
Leg fat mass (right) || id:ukb-b-18096,"Ischaemic heart disease, wide definition || id:finn-b-I9_IHD",ukb-b-18096,finn-b-I9_IHD,,rs10992854,0.280974710628178,0.0478620019428388,4.34437431717087e-09,IHD
Leg fat mass (right) || id:ukb-b-18096,"Ischaemic heart disease, wide definition || id:finn-b-I9_IHD",ukb-b-18096,finn-b-I9_IHD,,rs11001963,0.278208856971262,0.0477858994036098,5.81522786206413e-09,IHD
Leg fat mass (right) || id:ukb-b-18096,"Ischaemic heart disease, wide definition || id:finn-b-I9_IHD",ukb-b-18096,finn-b-I9_IHD,,rs11004108,0.282009954932543,0.0478085842445571,3.66308933719357e-09,IHD
Leg fat mass (right) || id:ukb-b-18096,"Ischaemic heart disease, wide definition || id:finn-b-I9_IHD",ukb-b-18096,finn-b-I9_IHD,,rs11012732,0.277895302495388,0.0478901256836818,6.52289058662603e-09,IHD
Leg fat mass (right) || id:ukb-b-18096,"Ischaemic heart disease, wide definition || id:finn-b-I9_IHD",ukb-b-18096,finn-b-I9_IHD,,rs11013306,0.280190426428689,0.0478251403789734,4.66664526655055e-09,IHD
Leg fat mass (right) || id:ukb-b-18096,"Ischaemic heart disease, wide definition || id:finn-b-I9_IHD",ukb-b-18096,finn-b-I9_IHD,,rs1106761,0.281353151838325,0.0478616756120771,4.1409006534304e-09,IHD
Leg fat mass (right) || id:ukb-b-18096,"Ischaemic heart disease, wide definition || id:finn-b-I9_IHD",ukb-b-18096,finn-b-I9_IHD,,rs11071646,0.281440257030828,0.047879743891349,4.15089399821007e-09,IHD
Leg fat mass (right) || id:ukb-b-18096,"Ischaemic heart disease, wide definition || id:finn-b-I9_IHD",ukb-b-18096,finn-b-I9_IHD,,rs11075252,0.279994122861513,0.0478451383319943,4.85429699165642e-09,IHD
Leg fat mass (right) || id:ukb-b-18096,"Ischaemic heart disease, wide definition || id:finn-b-I9_IHD",ukb-b-18096,finn-b-I9_IHD,,rs11077392,0.279485960716205,0.0478098295124888,5.0418639374469e-09,IHD
Leg fat mass (right) || id:ukb-b-18096,"Ischaemic heart disease, wide definition || id:finn-b-I9_IHD",ukb-b-18096,finn-b-I9_IHD,,rs11099020,0.280313983600469,0.0478590687031326,4.71100560436622e-09,IHD
Leg fat mass (right) || id:ukb-b-18096,"Ischaemic heart disease, wide definition || id:finn-b-I9_IHD",ukb-b-18096,finn-b-I9_IHD,,rs11105842,0.282078855372187,0.0478338242730911,3.70038915999929e-09,IHD
Leg fat mass (right) || id:ukb-b-18096,"Ischaemic heart disease, wide definition || id:finn-b-I9_IHD",ukb-b-18096,finn-b-I9_IHD,,rs11122449,0.279662784573237,0.0478238486566546,4.98211950016159e-09,IHD
Leg fat mass (right) || id:ukb-b-18096,"Ischaemic heart disease, wide definition || id:finn-b-I9_IHD",ukb-b-18096,finn-b-I9_IHD,,rs111258054,0.275833540640749,0.047672766071898,7.20919648295632e-09,IHD
Leg fat mass (right) || id:ukb-b-18096,"Ischaemic heart disease, wide definition || id:finn-b-I9_IHD",ukb-b-18096,finn-b-I9_IHD,,rs11129446,0.282245757906827,0.0477797960614581,3.4792937897358e-09,IHD
Leg fat mass (right) || id:ukb-b-18096,"Ischaemic heart disease, wide definition || id:finn-b-I9_IHD",ukb-b-18096,finn-b-I9_IHD,,rs11135450,0.282194051487503,0.0478414978439945,3.6677560338493e-09,IHD
Leg fat mass (right) || id:ukb-b-18096,"Ischaemic heart disease, wide definition || id:finn-b-I9_IHD",ukb-b-18096,finn-b-I9_IHD,,rs11136567,0.281866009135207,0.047800172740993,3.70714897414902e-09,IHD
Leg fat mass (right) || id:ukb-b-18096,"Ischaemic heart disease, wide definition || id:finn-b-I9_IHD",ukb-b-18096,finn-b-I9_IHD,,rs11150745,0.279114115657141,0.047884076458978,5.57756184469525e-09,IHD
Leg fat mass (right) || id:ukb-b-18096,"Ischaemic heart disease, wide definition || id:finn-b-I9_IHD",ukb-b-18096,finn-b-I9_IHD,,rs11164968,0.28042989387762,0.0478402437811668,4.5787903743744e-09,IHD
Leg fat mass (right) || id:ukb-b-18096,"Ischaemic heart disease, wide definition || id:finn-b-I9_IHD",ukb-b-18096,finn-b-I9_IHD,,rs111652921,0.281181348834486,0.0478539051979394,4.20733264172067e-09,IHD
Leg fat mass (right) || id:ukb-b-18096,"Ischaemic heart disease, wide definition || id:finn-b-I9_IHD",ukb-b-18096,finn-b-I9_IHD,,rs11165643,0.281041166604523,0.0478980647232553,4.42455560652838e-09,IHD
Leg fat mass (right) || id:ukb-b-18096,"Ischaemic heart disease, wide definition || id:finn-b-I9_IHD",ukb-b-18096,finn-b-I9_IHD,,rs111909661,0.281253092668417,0.0478419638962666,4.13264072694456e-09,IHD
Leg fat mass (right) || id:ukb-b-18096,"Ischaemic heart disease, wide definition || id:finn-b-I9_IHD",ukb-b-18096,finn-b-I9_IHD,,rs111947144,0.282666681183097,0.0476993789121791,3.10396179211117e-09,IHD
Leg fat mass (right) || id:ukb-b-18096,"Ischaemic heart disease, wide definition || id:finn-b-I9_IHD",ukb-b-18096,finn-b-I9_IHD,,rs11242730,0.275907185020733,0.0476103367454919,6.82760180299102e-09,IHD
Leg fat mass (right) || id:ukb-b-18096,"Ischaemic heart disease, wide definition || id:finn-b-I9_IHD",ukb-b-18096,finn-b-I9_IHD,,rs11245344,0.280431493619036,0.0478501441147449,4.61143196254167e-09,IHD
Leg fat mass (right) || id:ukb-b-18096,"Ischaemic heart disease, wide definition || id:finn-b-I9_IHD",ukb-b-18096,finn-b-I9_IHD,,rs113079574,0.278929954615238,0.0478221651473373,5.4553902833956e-09,IHD
Leg fat mass (right) || id:ukb-b-18096,"Ischaemic heart disease, wide definition || id:finn-b-I9_IHD",ukb-b-18096,finn-b-I9_IHD,,rs113230003,0.278879732525472,0.0478291687745258,5.5180138149455e-09,IHD
Leg fat mass (right) || id:ukb-b-18096,"Ischaemic heart disease, wide definition || id:finn-b-I9_IHD",ukb-b-18096,finn-b-I9_IHD,,rs113624107,0.27982523471243,0.0478401397673439,4.94024250461617e-09,IHD
Leg fat mass (right) || id:ukb-b-18096,"Ischaemic heart disease, wide definition || id:finn-b-I9_IHD",ukb-b-18096,finn-b-I9_IHD,,rs113866544,0.281489891550418,0.047919100568948,4.24702301336121e-09,IHD
Leg fat mass (right) || id:ukb-b-18096,"Ischaemic heart disease, wide definition || id:finn-b-I9_IHD",ukb-b-18096,finn-b-I9_IHD,,rs115000305,0.279915289610867,0.0478644361263701,4.97264533978784e-09,IHD
Leg fat mass (right) || id:ukb-b-18096,"Ischaemic heart disease, wide definition || id:finn-b-I9_IHD",ukb-b-18096,finn-b-I9_IHD,,rs11525873,0.282536694174614,0.0478053962943681,3.41812350892626e-09,IHD
Leg fat mass (right) || id:ukb-b-18096,"Ischaemic heart disease, wide definition || id:finn-b-I9_IHD",ukb-b-18096,finn-b-I9_IHD,,rs115774037,0.280214646880827,0.0478415896468719,4.70920450422907e-09,IHD
Leg fat mass (right) || id:ukb-b-18096,"Ischaemic heart disease, wide definition || id:finn-b-I9_IHD",ukb-b-18096,finn-b-I9_IHD,,rs11603042,0.281167251727122,0.0478324351817853,4.14823320375214e-09,IHD
Leg fat mass (right) || id:ukb-b-18096,"Ischaemic heart disease, wide definition || id:finn-b-I9_IHD",ukb-b-18096,finn-b-I9_IHD,,rs11603984,0.279453012963526,0.0478545482129863,5.23158459821417e-09,IHD
Leg fat mass (right) || id:ukb-b-18096,"Ischaemic heart disease, wide definition || id:finn-b-I9_IHD",ukb-b-18096,finn-b-I9_IHD,,rs11611979,0.279757823756065,0.0478260643095658,4.93098712122747e-09,IHD
Leg fat mass (right) || id:ukb-b-18096,"Ischaemic heart disease, wide definition || id:finn-b-I9_IHD",ukb-b-18096,finn-b-I9_IHD,,rs11615777,0.278672550928619,0.0477592341148667,5.38079984949162e-09,IHD
Leg fat mass (right) || id:ukb-b-18096,"Ischaemic heart disease, wide definition || id:finn-b-I9_IHD",ukb-b-18096,finn-b-I9_IHD,,rs11619722,0.282580849914862,0.0478338382014401,3.47230357442215e-09,IHD
Leg fat mass (right) || id:ukb-b-18096,"Ischaemic heart disease, wide definition || id:finn-b-I9_IHD",ukb-b-18096,finn-b-I9_IHD,,rs11656076,0.279189104332194,0.0478306636857016,5.31389609854113e-09,IHD
Leg fat mass (right) || id:ukb-b-18096,"Ischaemic heart disease, wide definition || id:finn-b-I9_IHD",ukb-b-18096,finn-b-I9_IHD,,rs11656758,0.280104427093069,0.0478506403746567,4.80686986806834e-09,IHD
Leg fat mass (right) || id:ukb-b-18096,"Ischaemic heart disease, wide definition || id:finn-b-I9_IHD",ukb-b-18096,finn-b-I9_IHD,,rs11660485,0.280620914352114,0.0478309861868934,4.43945448492867e-09,IHD
Leg fat mass (right) || id:ukb-b-18096,"Ischaemic heart disease, wide definition || id:finn-b-I9_IHD",ukb-b-18096,finn-b-I9_IHD,,rs11664848,0.280911507868579,0.0478512636977703,4.34446397253828e-09,IHD
Leg fat mass (right) || id:ukb-b-18096,"Ischaemic heart disease, wide definition || id:finn-b-I9_IHD",ukb-b-18096,finn-b-I9_IHD,,rs1167311,0.280546681560499,0.0479017844425623,4.72137071044961e-09,IHD
Leg fat mass (right) || id:ukb-b-18096,"Ischaemic heart disease, wide definition || id:finn-b-I9_IHD",ukb-b-18096,finn-b-I9_IHD,,rs11677279,0.280645289278277,0.0478502692590874,4.48937007385298e-09,IHD
Leg fat mass (right) || id:ukb-b-18096,"Ischaemic heart disease, wide definition || id:finn-b-I9_IHD",ukb-b-18096,finn-b-I9_IHD,,rs11691869,0.279758747035572,0.0478977058269022,5.19648939340554e-09,IHD
Leg fat mass (right) || id:ukb-b-18096,"Ischaemic heart disease, wide definition || id:finn-b-I9_IHD",ukb-b-18096,finn-b-I9_IHD,,rs11698185,0.276845375548626,0.0477528952729478,6.73278801732681e-09,IHD
Leg fat mass (right) || id:ukb-b-18096,"Ischaemic heart disease, wide definition || id:finn-b-I9_IHD",ukb-b-18096,finn-b-I9_IHD,,rs11704728,0.281494629272722,0.0478550908821853,4.04776436371711e-09,IHD
Leg fat mass (right) || id:ukb-b-18096,"Ischaemic heart disease, wide definition || id:finn-b-I9_IHD",ukb-b-18096,finn-b-I9_IHD,,rs117176448,0.281029906933812,0.0478558527149136,4.29465963393926e-09,IHD
Leg fat mass (right) || id:ukb-b-18096,"Ischaemic heart disease, wide definition || id:finn-b-I9_IHD",ukb-b-18096,finn-b-I9_IHD,,rs117342986,0.277475406193162,0.0476026227432596,5.57624812488954e-09,IHD
Leg fat mass (right) || id:ukb-b-18096,"Ischaemic heart disease, wide definition || id:finn-b-I9_IHD",ukb-b-18096,finn-b-I9_IHD,,rs117435593,0.280156495963234,0.0478190708451967,4.66568838540326e-09,IHD
Leg fat mass (right) || id:ukb-b-18096,"Ischaemic heart disease, wide definition || id:finn-b-I9_IHD",ukb-b-18096,finn-b-I9_IHD,,rs11757278,0.281714106480355,0.0478433026643518,3.90267928048371e-09,IHD
Leg fat mass (right) || id:ukb-b-18096,"Ischaemic heart disease, wide definition || id:finn-b-I9_IHD",ukb-b-18096,finn-b-I9_IHD,,rs11767811,0.279091662051913,0.047843574160556,5.43026512984805e-09,IHD
Leg fat mass (right) || id:ukb-b-18096,"Ischaemic heart disease, wide definition || id:finn-b-I9_IHD",ukb-b-18096,finn-b-I9_IHD,,rs11773362,0.281312909236489,0.0478349393388327,4.08020282094605e-09,IHD
Leg fat mass (right) || id:ukb-b-18096,"Ischaemic heart disease, wide definition || id:finn-b-I9_IHD",ukb-b-18096,finn-b-I9_IHD,,rs11779446,0.281952840196757,0.0478467839133756,3.79642851506909e-09,IHD
Leg fat mass (right) || id:ukb-b-18096,"Ischaemic heart disease, wide definition || id:finn-b-I9_IHD",ukb-b-18096,finn-b-I9_IHD,,rs11782341,0.282045026015475,0.0478138056997798,3.66110702654173e-09,IHD
Leg fat mass (right) || id:ukb-b-18096,"Ischaemic heart disease, wide definition || id:finn-b-I9_IHD",ukb-b-18096,finn-b-I9_IHD,,rs11802102,0.281860379046212,0.0478047558123492,3.72252024636797e-09,IHD
Leg fat mass (right) || id:ukb-b-18096,"Ischaemic heart disease, wide definition || id:finn-b-I9_IHD",ukb-b-18096,finn-b-I9_IHD,,rs1182199,0.276511941388507,0.047664903925482,6.58560126259395e-09,IHD
Leg fat mass (right) || id:ukb-b-18096,"Ischaemic heart disease, wide definition || id:finn-b-I9_IHD",ukb-b-18096,finn-b-I9_IHD,,rs11841757,0.280359549315525,0.0478580205099007,4.68046716877058e-09,IHD
Leg fat mass (right) || id:ukb-b-18096,"Ischaemic heart disease, wide definition || id:finn-b-I9_IHD",ukb-b-18096,finn-b-I9_IHD,,rs11854132,0.278029871850686,0.047783478370043,5.93654033178664e-09,IHD
Leg fat mass (right) || id:ukb-b-18096,"Ischaemic heart disease, wide definition || id:finn-b-I9_IHD",ukb-b-18096,finn-b-I9_IHD,,rs11914525,0.281111613041481,0.0478990068828579,4.38854379502831e-09,IHD
Leg fat mass (right) || id:ukb-b-18096,"Ischaemic heart disease, wide definition || id:finn-b-I9_IHD",ukb-b-18096,finn-b-I9_IHD,,rs11926300,0.278301641550123,0.0477764156367854,5.70838287651659e-09,IHD
Leg fat mass (right) || id:ukb-b-18096,"Ischaemic heart disease, wide definition || id:finn-b-I9_IHD",ukb-b-18096,finn-b-I9_IHD,,rs12025220,0.28768192165682,0.0474958554557998,1.38692204983356e-09,IHD
Leg fat mass (right) || id:ukb-b-18096,"Ischaemic heart disease, wide definition || id:finn-b-I9_IHD",ukb-b-18096,finn-b-I9_IHD,,rs12031634,0.280244562207592,0.0478479586523348,4.71358362692553e-09,IHD
Leg fat mass (right) || id:ukb-b-18096,"Ischaemic heart disease, wide definition || id:finn-b-I9_IHD",ukb-b-18096,finn-b-I9_IHD,,rs12034626,0.281376079164242,0.0478296407526547,4.03186109192909e-09,IHD
Leg fat mass (right) || id:ukb-b-18096,"Ischaemic heart disease, wide definition || id:finn-b-I9_IHD",ukb-b-18096,finn-b-I9_IHD,,rs12042959,0.281617409336212,0.0478417491936055,3.94611737036578e-09,IHD
Leg fat mass (right) || id:ukb-b-18096,"Ischaemic heart disease, wide definition || id:finn-b-I9_IHD",ukb-b-18096,finn-b-I9_IHD,,rs12072739,0.278471823137702,0.0478366902653879,5.83909336150806e-09,IHD
Leg fat mass (right) || id:ukb-b-18096,"Ischaemic heart disease, wide definition || id:finn-b-I9_IHD",ukb-b-18096,finn-b-I9_IHD,,rs12089815,0.279353116082732,0.0478008247991974,5.09294057984983e-09,IHD
Leg fat mass (right) || id:ukb-b-18096,"Ischaemic heart disease, wide definition || id:finn-b-I9_IHD",ukb-b-18096,finn-b-I9_IHD,,rs12139715,0.280242909248294,0.0478442433218918,4.70167475751914e-09,IHD
Leg fat mass (right) || id:ukb-b-18096,"Ischaemic heart disease, wide definition || id:finn-b-I9_IHD",ukb-b-18096,finn-b-I9_IHD,,rs12140153,0.280783944391352,0.0478894367848526,4.54110847656798e-09,IHD
Leg fat mass (right) || id:ukb-b-18096,"Ischaemic heart disease, wide definition || id:finn-b-I9_IHD",ukb-b-18096,finn-b-I9_IHD,,rs12144626,0.278286932897283,0.0478193098839252,5.90057688160132e-09,IHD
Leg fat mass (right) || id:ukb-b-18096,"Ischaemic heart disease, wide definition || id:finn-b-I9_IHD",ukb-b-18096,finn-b-I9_IHD,,rs12173616,0.280233889693291,0.047834374509772,4.67289661095687e-09,IHD
Leg fat mass (right) || id:ukb-b-18096,"Ischaemic heart disease, wide definition || id:finn-b-I9_IHD",ukb-b-18096,finn-b-I9_IHD,,rs12254441,0.278420629202671,0.047775796794742,5.62132677175065e-09,IHD
Leg fat mass (right) || id:ukb-b-18096,"Ischaemic heart disease, wide definition || id:finn-b-I9_IHD",ukb-b-18096,finn-b-I9_IHD,,rs12286929,0.280945493567288,0.0478481877440566,4.31605070300496e-09,IHD
Leg fat mass (right) || id:ukb-b-18096,"Ischaemic heart disease, wide definition || id:finn-b-I9_IHD",ukb-b-18096,finn-b-I9_IHD,,rs1229984,0.28041678185066,0.0478282638210259,4.54597058294886e-09,IHD
Leg fat mass (right) || id:ukb-b-18096,"Ischaemic heart disease, wide definition || id:finn-b-I9_IHD",ukb-b-18096,finn-b-I9_IHD,,rs12316080,0.283587007297964,0.0477478391337792,2.86305038536562e-09,IHD
Leg fat mass (right) || id:ukb-b-18096,"Ischaemic heart disease, wide definition || id:finn-b-I9_IHD",ukb-b-18096,finn-b-I9_IHD,,rs12369705,0.282482051837956,0.0477701469235904,3.35199476672444e-09,IHD
Leg fat mass (right) || id:ukb-b-18096,"Ischaemic heart disease, wide definition || id:finn-b-I9_IHD",ukb-b-18096,finn-b-I9_IHD,,rs12427047,0.280862789497999,0.0478894769825722,4.49641283582869e-09,IHD
Leg fat mass (right) || id:ukb-b-18096,"Ischaemic heart disease, wide definition || id:finn-b-I9_IHD",ukb-b-18096,finn-b-I9_IHD,,rs12475388,0.280653400045006,0.0478556627130402,4.5026883349452e-09,IHD
Leg fat mass (right) || id:ukb-b-18096,"Ischaemic heart disease, wide definition || id:finn-b-I9_IHD",ukb-b-18096,finn-b-I9_IHD,,rs12477385,0.282487078575743,0.0478284524424247,3.49970252379898e-09,IHD
Leg fat mass (right) || id:ukb-b-18096,"Ischaemic heart disease, wide definition || id:finn-b-I9_IHD",ukb-b-18096,finn-b-I9_IHD,,rs12479428,0.27894423432051,0.0477699886613849,5.24144153123457e-09,IHD
Leg fat mass (right) || id:ukb-b-18096,"Ischaemic heart disease, wide definition || id:finn-b-I9_IHD",ukb-b-18096,finn-b-I9_IHD,,rs12540060,0.278302004650873,0.0477338564579632,5.53326690238944e-09,IHD
Leg fat mass (right) || id:ukb-b-18096,"Ischaemic heart disease, wide definition || id:finn-b-I9_IHD",ukb-b-18096,finn-b-I9_IHD,,rs12541408,0.282051281790578,0.047832687202467,3.7101817883311e-09,IHD
Leg fat mass (right) || id:ukb-b-18096,"Ischaemic heart disease, wide definition || id:finn-b-I9_IHD",ukb-b-18096,finn-b-I9_IHD,,rs1263629,0.27840226362268,0.0477588880400189,5.56507420542955e-09,IHD
Leg fat mass (right) || id:ukb-b-18096,"Ischaemic heart disease, wide definition || id:finn-b-I9_IHD",ukb-b-18096,finn-b-I9_IHD,,rs12679106,0.279108161731062,0.0478997950989228,5.64604530407274e-09,IHD
Leg fat mass (right) || id:ukb-b-18096,"Ischaemic heart disease, wide definition || id:finn-b-I9_IHD",ukb-b-18096,finn-b-I9_IHD,,rs12724928,0.28295387200093,0.0478236797792655,3.28652644005309e-09,IHD
Leg fat mass (right) || id:ukb-b-18096,"Ischaemic heart disease, wide definition || id:finn-b-I9_IHD",ukb-b-18096,finn-b-I9_IHD,,rs12784071,0.278058399411523,0.0476831578188692,5.49723123534633e-09,IHD
Leg fat mass (right) || id:ukb-b-18096,"Ischaemic heart disease, wide definition || id:finn-b-I9_IHD",ukb-b-18096,finn-b-I9_IHD,,rs1286058,0.280373703619328,0.0478388272864466,4.60648042859858e-09,IHD
Leg fat mass (right) || id:ukb-b-18096,"Ischaemic heart disease, wide definition || id:finn-b-I9_IHD",ukb-b-18096,finn-b-I9_IHD,,rs12877270,0.278678380832072,0.0478206562152053,5.62391403180832e-09,IHD
Leg fat mass (right) || id:ukb-b-18096,"Ischaemic heart disease, wide definition || id:finn-b-I9_IHD",ukb-b-18096,finn-b-I9_IHD,,rs12878084,0.280397552808314,0.0478415759298171,4.60199415074578e-09,IHD
Leg fat mass (right) || id:ukb-b-18096,"Ischaemic heart disease, wide definition || id:finn-b-I9_IHD",ukb-b-18096,finn-b-I9_IHD,,rs12881629,0.280471939252712,0.0478546763983973,4.60338144959457e-09,IHD
Leg fat mass (right) || id:ukb-b-18096,"Ischaemic heart disease, wide definition || id:finn-b-I9_IHD",ukb-b-18096,finn-b-I9_IHD,,rs12889080,0.278806928400449,0.0478418992143401,5.62056847042138e-09,IHD
Leg fat mass (right) || id:ukb-b-18096,"Ischaemic heart disease, wide definition || id:finn-b-I9_IHD",ukb-b-18096,finn-b-I9_IHD,,rs12890931,0.278878417378218,0.0478332820151248,5.53553196214921e-09,IHD
Leg fat mass (right) || id:ukb-b-18096,"Ischaemic heart disease, wide definition || id:finn-b-I9_IHD",ukb-b-18096,finn-b-I9_IHD,,rs12920259,0.281674318350933,0.0478320978586715,3.88977374977362e-09,IHD
Leg fat mass (right) || id:ukb-b-18096,"Ischaemic heart disease, wide definition || id:finn-b-I9_IHD",ukb-b-18096,finn-b-I9_IHD,,rs12921986,0.280514948601877,0.047836822171717,4.51857529435483e-09,IHD
Leg fat mass (right) || id:ukb-b-18096,"Ischaemic heart disease, wide definition || id:finn-b-I9_IHD",ukb-b-18096,finn-b-I9_IHD,,rs1296328,0.28385746871688,0.0478217509649163,2.92523485458662e-09,IHD
Leg fat mass (right) || id:ukb-b-18096,"Ischaemic heart disease, wide definition || id:finn-b-I9_IHD",ukb-b-18096,finn-b-I9_IHD,,rs12980373,0.278315371590374,0.0477532261478576,5.60282741089043e-09,IHD
Leg fat mass (right) || id:ukb-b-18096,"Ischaemic heart disease, wide definition || id:finn-b-I9_IHD",ukb-b-18096,finn-b-I9_IHD,,rs12981222,0.278917544930698,0.0477707987381616,5.26217166484975e-09,IHD
Leg fat mass (right) || id:ukb-b-18096,"Ischaemic heart disease, wide definition || id:finn-b-I9_IHD",ukb-b-18096,finn-b-I9_IHD,,rs13026068,0.278706802420522,0.0477782683310633,5.43292577813035e-09,IHD
Leg fat mass (right) || id:ukb-b-18096,"Ischaemic heart disease, wide definition || id:finn-b-I9_IHD",ukb-b-18096,finn-b-I9_IHD,,rs13033310,0.280558222372648,0.0478482397156958,4.53206921826205e-09,IHD
Leg fat mass (right) || id:ukb-b-18096,"Ischaemic heart disease, wide definition || id:finn-b-I9_IHD",ukb-b-18096,finn-b-I9_IHD,,rs13041173,0.278936174960652,0.0478134421828671,5.4164683261273e-09,IHD
Leg fat mass (right) || id:ukb-b-18096,"Ischaemic heart disease, wide definition || id:finn-b-I9_IHD",ukb-b-18096,finn-b-I9_IHD,,rs13043475,0.281697976563778,0.0478979148771021,4.07263616491275e-09,IHD
Leg fat mass (right) || id:ukb-b-18096,"Ischaemic heart disease, wide definition || id:finn-b-I9_IHD",ukb-b-18096,finn-b-I9_IHD,,rs13044335,0.28095521298272,0.0478523963906851,4.32421640653872e-09,IHD
Leg fat mass (right) || id:ukb-b-18096,"Ischaemic heart disease, wide definition || id:finn-b-I9_IHD",ukb-b-18096,finn-b-I9_IHD,,rs13097918,0.280335572951154,0.047853693877156,4.67966073384204e-09,IHD
Leg fat mass (right) || id:ukb-b-18096,"Ischaemic heart disease, wide definition || id:finn-b-I9_IHD",ukb-b-18096,finn-b-I9_IHD,,rs13107325,0.282084423706599,0.0477725531932885,3.53207017848464e-09,IHD
Leg fat mass (right) || id:ukb-b-18096,"Ischaemic heart disease, wide definition || id:finn-b-I9_IHD",ukb-b-18096,finn-b-I9_IHD,,rs13172524,0.281769921614394,0.0478134607084147,3.78996896827354e-09,IHD
Leg fat mass (right) || id:ukb-b-18096,"Ischaemic heart disease, wide definition || id:finn-b-I9_IHD",ukb-b-18096,finn-b-I9_IHD,,rs13172600,0.281116414787454,0.0478349278182739,4.18267182513799e-09,IHD
Leg fat mass (right) || id:ukb-b-18096,"Ischaemic heart disease, wide definition || id:finn-b-I9_IHD",ukb-b-18096,finn-b-I9_IHD,,rs13173398,0.279451326120517,0.0478136133995072,5.07794506508788e-09,IHD
Leg fat mass (right) || id:ukb-b-18096,"Ischaemic heart disease, wide definition || id:finn-b-I9_IHD",ukb-b-18096,finn-b-I9_IHD,,rs1320612,0.280677950985826,0.0478434185307183,4.44835944007001e-09,IHD
Leg fat mass (right) || id:ukb-b-18096,"Ischaemic heart disease, wide definition || id:finn-b-I9_IHD",ukb-b-18096,finn-b-I9_IHD,,rs1321519,0.282751594508051,0.0477880522549518,3.28296890658901e-09,IHD
Leg fat mass (right) || id:ukb-b-18096,"Ischaemic heart disease, wide definition || id:finn-b-I9_IHD",ukb-b-18096,finn-b-I9_IHD,,rs13218383,0.280644008251269,0.0478645960839086,4.53784618474797e-09,IHD
Leg fat mass (right) || id:ukb-b-18096,"Ischaemic heart disease, wide definition || id:finn-b-I9_IHD",ukb-b-18096,finn-b-I9_IHD,,rs1327259,0.279751248806972,0.0478475719156491,5.01367087183205e-09,IHD
Leg fat mass (right) || id:ukb-b-18096,"Ischaemic heart disease, wide definition || id:finn-b-I9_IHD",ukb-b-18096,finn-b-I9_IHD,,rs13292699,0.278895240714867,0.047917446108185,5.87323472942757e-09,IHD
Leg fat mass (right) || id:ukb-b-18096,"Ischaemic heart disease, wide definition || id:finn-b-I9_IHD",ukb-b-18096,finn-b-I9_IHD,,rs1330199,0.279165468051469,0.0478211445167936,5.29265254484087e-09,IHD
Leg fat mass (right) || id:ukb-b-18096,"Ischaemic heart disease, wide definition || id:finn-b-I9_IHD",ukb-b-18096,finn-b-I9_IHD,,rs13333747,0.280602626731641,0.0478757723862234,4.59930293197727e-09,IHD
Leg fat mass (right) || id:ukb-b-18096,"Ischaemic heart disease, wide definition || id:finn-b-I9_IHD",ukb-b-18096,finn-b-I9_IHD,,rs13389219,0.284914591121895,0.0476744714179737,2.28331594809245e-09,IHD
Leg fat mass (right) || id:ukb-b-18096,"Ischaemic heart disease, wide definition || id:finn-b-I9_IHD",ukb-b-18096,finn-b-I9_IHD,,rs13410783,0.281481639309837,0.047869808108356,4.09895521900158e-09,IHD
Leg fat mass (right) || id:ukb-b-18096,"Ischaemic heart disease, wide definition || id:finn-b-I9_IHD",ukb-b-18096,finn-b-I9_IHD,,rs13427822,0.279033301478647,0.0478474637828313,5.4856926996449e-09,IHD
Leg fat mass (right) || id:ukb-b-18096,"Ischaemic heart disease, wide definition || id:finn-b-I9_IHD",ukb-b-18096,finn-b-I9_IHD,,rs1360201,0.279360908407719,0.0478297363924625,5.1970410911359e-09,IHD
Leg fat mass (right) || id:ukb-b-18096,"Ischaemic heart disease, wide definition || id:finn-b-I9_IHD",ukb-b-18096,finn-b-I9_IHD,,rs1363695,0.279508193901164,0.0478419517148627,5.14774889660207e-09,IHD
Leg fat mass (right) || id:ukb-b-18096,"Ischaemic heart disease, wide definition || id:finn-b-I9_IHD",ukb-b-18096,finn-b-I9_IHD,,rs1383723,0.277499724833887,0.0477094779563326,6.01110255147169e-09,IHD
Leg fat mass (right) || id:ukb-b-18096,"Ischaemic heart disease, wide definition || id:finn-b-I9_IHD",ukb-b-18096,finn-b-I9_IHD,,rs140529657,0.281204418720512,0.0478285446403397,4.11690045133865e-09,IHD
Leg fat mass (right) || id:ukb-b-18096,"Ischaemic heart disease, wide definition || id:finn-b-I9_IHD",ukb-b-18096,finn-b-I9_IHD,,rs140733155,0.283806681662284,0.0478119729579181,2.92253117966786e-09,IHD
Leg fat mass (right) || id:ukb-b-18096,"Ischaemic heart disease, wide definition || id:finn-b-I9_IHD",ukb-b-18096,finn-b-I9_IHD,,rs1412239,0.280121401490532,0.0479211072479059,5.05139547325801e-09,IHD
Leg fat mass (right) || id:ukb-b-18096,"Ischaemic heart disease, wide definition || id:finn-b-I9_IHD",ukb-b-18096,finn-b-I9_IHD,,rs143121872,0.279904659026147,0.0478180398717129,4.81227534089385e-09,IHD
Leg fat mass (right) || id:ukb-b-18096,"Ischaemic heart disease, wide definition || id:finn-b-I9_IHD",ukb-b-18096,finn-b-I9_IHD,,rs1436348,0.279434924067836,0.0478621563172265,5.2727563472015e-09,IHD
Leg fat mass (right) || id:ukb-b-18096,"Ischaemic heart disease, wide definition || id:finn-b-I9_IHD",ukb-b-18096,finn-b-I9_IHD,,rs1441264,0.283907312010995,0.0477840776646456,2.82490131110069e-09,IHD
Leg fat mass (right) || id:ukb-b-18096,"Ischaemic heart disease, wide definition || id:finn-b-I9_IHD",ukb-b-18096,finn-b-I9_IHD,,rs1446585,0.278138581419894,0.0478104246891545,5.97235348510845e-09,IHD
Leg fat mass (right) || id:ukb-b-18096,"Ischaemic heart disease, wide definition || id:finn-b-I9_IHD",ukb-b-18096,finn-b-I9_IHD,,rs1458156,0.283789343526701,0.0477928326891836,2.88685636134369e-09,IHD
Leg fat mass (right) || id:ukb-b-18096,"Ischaemic heart disease, wide definition || id:finn-b-I9_IHD",ukb-b-18096,finn-b-I9_IHD,,rs1477290,0.27965477585147,0.0479164691332238,5.33735143722659e-09,IHD
Leg fat mass (right) || id:ukb-b-18096,"Ischaemic heart disease, wide definition || id:finn-b-I9_IHD",ukb-b-18096,finn-b-I9_IHD,,rs147730268,0.283131962950419,0.047898763913045,3.39934917142044e-09,IHD
Leg fat mass (right) || id:ukb-b-18096,"Ischaemic heart disease, wide definition || id:finn-b-I9_IHD",ukb-b-18096,finn-b-I9_IHD,,rs1480474,0.280263758217779,0.0478416591833532,4.68043416526247e-09,IHD
Leg fat mass (right) || id:ukb-b-18096,"Ischaemic heart disease, wide definition || id:finn-b-I9_IHD",ukb-b-18096,finn-b-I9_IHD,,rs1481012,0.282611060574443,0.0477139966679193,3.16078192645994e-09,IHD
Leg fat mass (right) || id:ukb-b-18096,"Ischaemic heart disease, wide definition || id:finn-b-I9_IHD",ukb-b-18096,finn-b-I9_IHD,,rs148603272,0.280545393386512,0.0478342416662129,4.49270451726665e-09,IHD
Leg fat mass (right) || id:ukb-b-18096,"Ischaemic heart disease, wide definition || id:finn-b-I9_IHD",ukb-b-18096,finn-b-I9_IHD,,rs148636479,0.279962560031126,0.0478101732495107,4.74973398792911e-09,IHD
Leg fat mass (right) || id:ukb-b-18096,"Ischaemic heart disease, wide definition || id:finn-b-I9_IHD",ukb-b-18096,finn-b-I9_IHD,,rs1487248,0.279414921392519,0.0478138426165226,5.10207961084264e-09,IHD
Leg fat mass (right) || id:ukb-b-18096,"Ischaemic heart disease, wide definition || id:finn-b-I9_IHD",ukb-b-18096,finn-b-I9_IHD,,rs149990157,0.280912948216288,0.0478505650171269,4.34142981560278e-09,IHD
Leg fat mass (right) || id:ukb-b-18096,"Ischaemic heart disease, wide definition || id:finn-b-I9_IHD",ukb-b-18096,finn-b-I9_IHD,,rs1502317,0.285526263135784,0.0477033857018374,2.15791484598244e-09,IHD
Leg fat mass (right) || id:ukb-b-18096,"Ischaemic heart disease, wide definition || id:finn-b-I9_IHD",ukb-b-18096,finn-b-I9_IHD,,rs150379976,0.28246428190316,0.0477497729059283,3.30847847268953e-09,IHD
Leg fat mass (right) || id:ukb-b-18096,"Ischaemic heart disease, wide definition || id:finn-b-I9_IHD",ukb-b-18096,finn-b-I9_IHD,,rs1505112,0.280222608288381,0.047839976593331,4.69890046712047e-09,IHD
Leg fat mass (right) || id:ukb-b-18096,"Ischaemic heart disease, wide definition || id:finn-b-I9_IHD",ukb-b-18096,finn-b-I9_IHD,,rs1507331,0.279162120996874,0.0478006612630071,5.21598090597523e-09,IHD
Leg fat mass (right) || id:ukb-b-18096,"Ischaemic heart disease, wide definition || id:finn-b-I9_IHD",ukb-b-18096,finn-b-I9_IHD,,rs1510593,0.280221615758598,0.0478384498154552,4.69420191107646e-09,IHD
Leg fat mass (right) || id:ukb-b-18096,"Ischaemic heart disease, wide definition || id:finn-b-I9_IHD",ukb-b-18096,finn-b-I9_IHD,,rs1524271,0.281220810491178,0.0478351149764052,4.12847787481371e-09,IHD
Leg fat mass (right) || id:ukb-b-18096,"Ischaemic heart disease, wide definition || id:finn-b-I9_IHD",ukb-b-18096,finn-b-I9_IHD,,rs1532460,0.282112518685782,0.0477987195895847,3.58917348205999e-09,IHD
Leg fat mass (right) || id:ukb-b-18096,"Ischaemic heart disease, wide definition || id:finn-b-I9_IHD",ukb-b-18096,finn-b-I9_IHD,,rs1554654,0.279036881372605,0.0478485683693405,5.48765973453376e-09,IHD
Leg fat mass (right) || id:ukb-b-18096,"Ischaemic heart disease, wide definition || id:finn-b-I9_IHD",ukb-b-18096,finn-b-I9_IHD,,rs1557100,0.279942771866438,0.0478443232924792,4.88280213291862e-09,IHD
Leg fat mass (right) || id:ukb-b-18096,"Ischaemic heart disease, wide definition || id:finn-b-I9_IHD",ukb-b-18096,finn-b-I9_IHD,,rs1564280,0.280511132407424,0.0478411464092774,4.5352086737718e-09,IHD
Leg fat mass (right) || id:ukb-b-18096,"Ischaemic heart disease, wide definition || id:finn-b-I9_IHD",ukb-b-18096,finn-b-I9_IHD,,rs1568488,0.273956665261142,0.0475354452922763,8.25299115316918e-09,IHD
Leg fat mass (right) || id:ukb-b-18096,"Ischaemic heart disease, wide definition || id:finn-b-I9_IHD",ukb-b-18096,finn-b-I9_IHD,,rs1584324,0.279285309902695,0.047801924622338,5.14066179711968e-09,IHD
Leg fat mass (right) || id:ukb-b-18096,"Ischaemic heart disease, wide definition || id:finn-b-I9_IHD",ukb-b-18096,finn-b-I9_IHD,,rs1619442,0.282307180685727,0.0478060997693097,3.52102990857213e-09,IHD
Leg fat mass (right) || id:ukb-b-18096,"Ischaemic heart disease, wide definition || id:finn-b-I9_IHD",ukb-b-18096,finn-b-I9_IHD,,rs16916303,0.284419962728183,0.0476687037604138,2.42252191194374e-09,IHD
Leg fat mass (right) || id:ukb-b-18096,"Ischaemic heart disease, wide definition || id:finn-b-I9_IHD",ukb-b-18096,finn-b-I9_IHD,,rs16996657,0.279976077441703,0.0478791324915016,4.98837344123662e-09,IHD
Leg fat mass (right) || id:ukb-b-18096,"Ischaemic heart disease, wide definition || id:finn-b-I9_IHD",ukb-b-18096,finn-b-I9_IHD,,rs17024393,0.290627332822013,0.0477448122050518,1.14975871548741e-09,IHD
Leg fat mass (right) || id:ukb-b-18096,"Ischaemic heart disease, wide definition || id:finn-b-I9_IHD",ukb-b-18096,finn-b-I9_IHD,,rs17056301,0.279870613250089,0.0478349208014891,4.89333603148152e-09,IHD
Leg fat mass (right) || id:ukb-b-18096,"Ischaemic heart disease, wide definition || id:finn-b-I9_IHD",ukb-b-18096,finn-b-I9_IHD,,rs17115183,0.28136062521506,0.0478486385143703,4.09716162294172e-09,IHD
Leg fat mass (right) || id:ukb-b-18096,"Ischaemic heart disease, wide definition || id:finn-b-I9_IHD",ukb-b-18096,finn-b-I9_IHD,,rs17167315,0.280236566976976,0.0478369977601674,4.68036578735952e-09,IHD
Leg fat mass (right) || id:ukb-b-18096,"Ischaemic heart disease, wide definition || id:finn-b-I9_IHD",ukb-b-18096,finn-b-I9_IHD,,rs17193211,0.281281904567833,0.0478419258758777,4.11751812798488e-09,IHD
Leg fat mass (right) || id:ukb-b-18096,"Ischaemic heart disease, wide definition || id:finn-b-I9_IHD",ukb-b-18096,finn-b-I9_IHD,,rs1726254,0.279824913371445,0.047829322410229,4.90130573382035e-09,IHD
Leg fat mass (right) || id:ukb-b-18096,"Ischaemic heart disease, wide definition || id:finn-b-I9_IHD",ukb-b-18096,finn-b-I9_IHD,,rs17270216,0.28357645501109,0.0476743321377881,2.71107474234634e-09,IHD
Leg fat mass (right) || id:ukb-b-18096,"Ischaemic heart disease, wide definition || id:finn-b-I9_IHD",ukb-b-18096,finn-b-I9_IHD,,rs17311369,0.27990606057547,0.0478284797825233,4.84854720526167e-09,IHD
Leg fat mass (right) || id:ukb-b-18096,"Ischaemic heart disease, wide definition || id:finn-b-I9_IHD",ukb-b-18096,finn-b-I9_IHD,,rs17399739,0.278531799047505,0.0478277925115113,5.7579872477686e-09,IHD
Leg fat mass (right) || id:ukb-b-18096,"Ischaemic heart disease, wide definition || id:finn-b-I9_IHD",ukb-b-18096,finn-b-I9_IHD,,rs17425707,0.281323543310942,0.0478225900741449,4.03749963889794e-09,IHD
Leg fat mass (right) || id:ukb-b-18096,"Ischaemic heart disease, wide definition || id:finn-b-I9_IHD",ukb-b-18096,finn-b-I9_IHD,,rs1743767,0.28099301455632,0.0478465506281004,4.28506550723145e-09,IHD
Leg fat mass (right) || id:ukb-b-18096,"Ischaemic heart disease, wide definition || id:finn-b-I9_IHD",ukb-b-18096,finn-b-I9_IHD,,rs17513752,0.286857708564007,0.0476568219896173,1.75241078837161e-09,IHD
Leg fat mass (right) || id:ukb-b-18096,"Ischaemic heart disease, wide definition || id:finn-b-I9_IHD",ukb-b-18096,finn-b-I9_IHD,,rs17619973,0.279683176839914,0.0478104656905366,4.92070712475849e-09,IHD
Leg fat mass (right) || id:ukb-b-18096,"Ischaemic heart disease, wide definition || id:finn-b-I9_IHD",ukb-b-18096,finn-b-I9_IHD,,rs17668356,0.279390690818172,0.0478657437445401,5.31601249359438e-09,IHD
Leg fat mass (right) || id:ukb-b-18096,"Ischaemic heart disease, wide definition || id:finn-b-I9_IHD",ukb-b-18096,finn-b-I9_IHD,,rs17744603,0.278334703410641,0.047769851178122,5.65758602468797e-09,IHD
Leg fat mass (right) || id:ukb-b-18096,"Ischaemic heart disease, wide definition || id:finn-b-I9_IHD",ukb-b-18096,finn-b-I9_IHD,,rs1778830,0.282584955448885,0.0477965231511969,3.37467467313005e-09,IHD
Leg fat mass (right) || id:ukb-b-18096,"Ischaemic heart disease, wide definition || id:finn-b-I9_IHD",ukb-b-18096,finn-b-I9_IHD,,rs17814208,0.282445064532998,0.0477873569334008,3.41162233862795e-09,IHD
Leg fat mass (right) || id:ukb-b-18096,"Ischaemic heart disease, wide definition || id:finn-b-I9_IHD",ukb-b-18096,finn-b-I9_IHD,,rs1782508,0.277636129118446,0.0477837677016045,6.23757769954832e-09,IHD
Leg fat mass (right) || id:ukb-b-18096,"Ischaemic heart disease, wide definition || id:finn-b-I9_IHD",ukb-b-18096,finn-b-I9_IHD,,rs17879604,0.280358845744232,0.0478402392134843,4.61991462743935e-09,IHD
Leg fat mass (right) || id:ukb-b-18096,"Ischaemic heart disease, wide definition || id:finn-b-I9_IHD",ukb-b-18096,finn-b-I9_IHD,,rs1801282,0.284990366174452,0.0478514582440983,2.58913459053308e-09,IHD
Leg fat mass (right) || id:ukb-b-18096,"Ischaemic heart disease, wide definition || id:finn-b-I9_IHD",ukb-b-18096,finn-b-I9_IHD,,rs1814592,0.281508328475981,0.0478551007413503,4.04079696717028e-09,IHD
Leg fat mass (right) || id:ukb-b-18096,"Ischaemic heart disease, wide definition || id:finn-b-I9_IHD",ukb-b-18096,finn-b-I9_IHD,,rs183063,0.281854795225323,0.0478243054641386,3.77992367375826e-09,IHD
Leg fat mass (right) || id:ukb-b-18096,"Ischaemic heart disease, wide definition || id:finn-b-I9_IHD",ukb-b-18096,finn-b-I9_IHD,,rs1861410,0.277564821340096,0.047847543037234,6.59105416424363e-09,IHD
Leg fat mass (right) || id:ukb-b-18096,"Ischaemic heart disease, wide definition || id:finn-b-I9_IHD",ukb-b-18096,finn-b-I9_IHD,,rs1871329,0.280610778966335,0.0478475970902253,4.50003477989407e-09,IHD
Leg fat mass (right) || id:ukb-b-18096,"Ischaemic heart disease, wide definition || id:finn-b-I9_IHD",ukb-b-18096,finn-b-I9_IHD,,rs1881505,0.279530710481505,0.0477981560640939,4.97074966161082e-09,IHD
Leg fat mass (right) || id:ukb-b-18096,"Ischaemic heart disease, wide definition || id:finn-b-I9_IHD",ukb-b-18096,finn-b-I9_IHD,,rs1889490,0.282185450252797,0.0478132089767021,3.59490621295023e-09,IHD
Leg fat mass (right) || id:ukb-b-18096,"Ischaemic heart disease, wide definition || id:finn-b-I9_IHD",ukb-b-18096,finn-b-I9_IHD,,rs1899689,0.281144442641015,0.0478636178703991,4.25749436136093e-09,IHD
Leg fat mass (right) || id:ukb-b-18096,"Ischaemic heart disease, wide definition || id:finn-b-I9_IHD",ukb-b-18096,finn-b-I9_IHD,,rs1928496,0.282272548387881,0.0478374672781503,3.62054048241586e-09,IHD
Leg fat mass (right) || id:ukb-b-18096,"Ischaemic heart disease, wide definition || id:finn-b-I9_IHD",ukb-b-18096,finn-b-I9_IHD,,rs1941681,0.279270144694938,0.0478138182191445,5.19559916290565e-09,IHD
Leg fat mass (right) || id:ukb-b-18096,"Ischaemic heart disease, wide definition || id:finn-b-I9_IHD",ukb-b-18096,finn-b-I9_IHD,,rs1945160,0.282024258929928,0.0478263475967186,3.70531673738164e-09,IHD
Leg fat mass (right) || id:ukb-b-18096,"Ischaemic heart disease, wide definition || id:finn-b-I9_IHD",ukb-b-18096,finn-b-I9_IHD,,rs1956459,0.278975908583226,0.0477918417534698,5.30495852106904e-09,IHD
Leg fat mass (right) || id:ukb-b-18096,"Ischaemic heart disease, wide definition || id:finn-b-I9_IHD",ukb-b-18096,finn-b-I9_IHD,,rs1963729,0.284224447330887,0.0476381388602188,2.42662078242788e-09,IHD
Leg fat mass (right) || id:ukb-b-18096,"Ischaemic heart disease, wide definition || id:finn-b-I9_IHD",ukb-b-18096,finn-b-I9_IHD,,rs197374,0.281161969402989,0.0478511961241771,4.2091704548618e-09,IHD
Leg fat mass (right) || id:ukb-b-18096,"Ischaemic heart disease, wide definition || id:finn-b-I9_IHD",ukb-b-18096,finn-b-I9_IHD,,rs2051559,0.279583997427561,0.0478317988353934,5.06114641583646e-09,IHD
Leg fat mass (right) || id:ukb-b-18096,"Ischaemic heart disease, wide definition || id:finn-b-I9_IHD",ukb-b-18096,finn-b-I9_IHD,,rs2052607,0.279098457900544,0.0478553192661481,5.47241542805246e-09,IHD
Leg fat mass (right) || id:ukb-b-18096,"Ischaemic heart disease, wide definition || id:finn-b-I9_IHD",ukb-b-18096,finn-b-I9_IHD,,rs2058527,0.281356704692423,0.0478276037850894,4.03562883862883e-09,IHD
Leg fat mass (right) || id:ukb-b-18096,"Ischaemic heart disease, wide definition || id:finn-b-I9_IHD",ukb-b-18096,finn-b-I9_IHD,,rs2072413,0.279983298533321,0.0478446426611746,4.85913431174304e-09,IHD
Leg fat mass (right) || id:ukb-b-18096,"Ischaemic heart disease, wide definition || id:finn-b-I9_IHD",ukb-b-18096,finn-b-I9_IHD,,rs2073910,0.281430739617862,0.0478223706832653,3.98250910972482e-09,IHD
Leg fat mass (right) || id:ukb-b-18096,"Ischaemic heart disease, wide definition || id:finn-b-I9_IHD",ukb-b-18096,finn-b-I9_IHD,,rs208477,0.280083975750225,0.0478564565484351,4.83990988863433e-09,IHD
Leg fat mass (right) || id:ukb-b-18096,"Ischaemic heart disease, wide definition || id:finn-b-I9_IHD",ukb-b-18096,finn-b-I9_IHD,,rs2106736,0.280428219771821,0.0478416713710349,4.58458343110778e-09,IHD
Leg fat mass (right) || id:ukb-b-18096,"Ischaemic heart disease, wide definition || id:finn-b-I9_IHD",ukb-b-18096,finn-b-I9_IHD,,rs2120450,0.279955624005678,0.0478433568039845,4.87145710539009e-09,IHD
Leg fat mass (right) || id:ukb-b-18096,"Ischaemic heart disease, wide definition || id:finn-b-I9_IHD",ukb-b-18096,finn-b-I9_IHD,,rs2133561,0.282794539787207,0.0478168296421671,3.3365155455194e-09,IHD
Leg fat mass (right) || id:ukb-b-18096,"Ischaemic heart disease, wide definition || id:finn-b-I9_IHD",ukb-b-18096,finn-b-I9_IHD,,rs2143175,0.282851950475777,0.0477911329364181,3.24885625646204e-09,IHD
Leg fat mass (right) || id:ukb-b-18096,"Ischaemic heart disease, wide definition || id:finn-b-I9_IHD",ukb-b-18096,finn-b-I9_IHD,,rs2153733,0.282649658737376,0.0477619744841983,3.26116710088465e-09,IHD
Leg fat mass (right) || id:ukb-b-18096,"Ischaemic heart disease, wide definition || id:finn-b-I9_IHD",ukb-b-18096,finn-b-I9_IHD,,rs215634,0.279560124782693,0.0478611192168008,5.18667522437972e-09,IHD
Leg fat mass (right) || id:ukb-b-18096,"Ischaemic heart disease, wide definition || id:finn-b-I9_IHD",ukb-b-18096,finn-b-I9_IHD,,rs2156675,0.280711663881771,0.0478399515982688,4.41816131871096e-09,IHD
Leg fat mass (right) || id:ukb-b-18096,"Ischaemic heart disease, wide definition || id:finn-b-I9_IHD",ukb-b-18096,finn-b-I9_IHD,,rs2162826,0.283487317464909,0.0477405210156681,2.88368848287762e-09,IHD
Leg fat mass (right) || id:ukb-b-18096,"Ischaemic heart disease, wide definition || id:finn-b-I9_IHD",ukb-b-18096,finn-b-I9_IHD,,rs2169935,0.280621146381964,0.0478492675428053,4.49971131062305e-09,IHD
Leg fat mass (right) || id:ukb-b-18096,"Ischaemic heart disease, wide definition || id:finn-b-I9_IHD",ukb-b-18096,finn-b-I9_IHD,,rs2172131,0.277075091270046,0.047771086213236,6.62918167831228e-09,IHD
Leg fat mass (right) || id:ukb-b-18096,"Ischaemic heart disease, wide definition || id:finn-b-I9_IHD",ukb-b-18096,finn-b-I9_IHD,,rs2209514,0.281194517259468,0.0478477825437791,4.18132192042321e-09,IHD
Leg fat mass (right) || id:ukb-b-18096,"Ischaemic heart disease, wide definition || id:finn-b-I9_IHD",ukb-b-18096,finn-b-I9_IHD,,rs2216931,0.279433825879099,0.0478629296336744,5.27646823464621e-09,IHD
Leg fat mass (right) || id:ukb-b-18096,"Ischaemic heart disease, wide definition || id:finn-b-I9_IHD",ukb-b-18096,finn-b-I9_IHD,,rs2217769,0.282185106996832,0.0477921629730148,3.53884869958828e-09,IHD
Leg fat mass (right) || id:ukb-b-18096,"Ischaemic heart disease, wide definition || id:finn-b-I9_IHD",ukb-b-18096,finn-b-I9_IHD,,rs2254992,0.280637977497389,0.0478375395718797,4.45143464323752e-09,IHD
Leg fat mass (right) || id:ukb-b-18096,"Ischaemic heart disease, wide definition || id:finn-b-I9_IHD",ukb-b-18096,finn-b-I9_IHD,,rs2275444,0.281180515893709,0.0478352037958052,4.14981010505327e-09,IHD
Leg fat mass (right) || id:ukb-b-18096,"Ischaemic heart disease, wide definition || id:finn-b-I9_IHD",ukb-b-18096,finn-b-I9_IHD,,rs2283093,0.281592597351769,0.0478278107023837,3.91765836286252e-09,IHD
Leg fat mass (right) || id:ukb-b-18096,"Ischaemic heart disease, wide definition || id:finn-b-I9_IHD",ukb-b-18096,finn-b-I9_IHD,,rs2289379,0.284695770027953,0.04772261021017,2.43681461710585e-09,IHD
Leg fat mass (right) || id:ukb-b-18096,"Ischaemic heart disease, wide definition || id:finn-b-I9_IHD",ukb-b-18096,finn-b-I9_IHD,,rs2291127,0.287187476261378,0.0470142537731289,1.00559705045422e-09,IHD
Leg fat mass (right) || id:ukb-b-18096,"Ischaemic heart disease, wide definition || id:finn-b-I9_IHD",ukb-b-18096,finn-b-I9_IHD,,rs2292238,0.281296352205539,0.0478513447183464,4.13884695557755e-09,IHD
Leg fat mass (right) || id:ukb-b-18096,"Ischaemic heart disease, wide definition || id:finn-b-I9_IHD",ukb-b-18096,finn-b-I9_IHD,,rs2307111,0.283708301149828,0.0479591059866536,3.30608708744387e-09,IHD
Leg fat mass (right) || id:ukb-b-18096,"Ischaemic heart disease, wide definition || id:finn-b-I9_IHD",ukb-b-18096,finn-b-I9_IHD,,rs2413471,0.279537908680195,0.0478168901963079,5.03510722354405e-09,IHD
Leg fat mass (right) || id:ukb-b-18096,"Ischaemic heart disease, wide definition || id:finn-b-I9_IHD",ukb-b-18096,finn-b-I9_IHD,,rs2425847,0.279827889997812,0.0478363503337932,4.92485701500738e-09,IHD
Leg fat mass (right) || id:ukb-b-18096,"Ischaemic heart disease, wide definition || id:finn-b-I9_IHD",ukb-b-18096,finn-b-I9_IHD,,rs2433733,0.281693406684122,0.0478740116009619,4.00330188823076e-09,IHD
Leg fat mass (right) || id:ukb-b-18096,"Ischaemic heart disease, wide definition || id:finn-b-I9_IHD",ukb-b-18096,finn-b-I9_IHD,,rs245767,0.28114602144866,0.0478724215616572,4.2844864161593e-09,IHD
Leg fat mass (right) || id:ukb-b-18096,"Ischaemic heart disease, wide definition || id:finn-b-I9_IHD",ukb-b-18096,finn-b-I9_IHD,,rs2458424,0.279090745134146,0.0477853302798281,5.20409619652042e-09,IHD
Leg fat mass (right) || id:ukb-b-18096,"Ischaemic heart disease, wide definition || id:finn-b-I9_IHD",ukb-b-18096,finn-b-I9_IHD,,rs2472643,0.280127160100395,0.0478394535124561,4.75383237019224e-09,IHD
Leg fat mass (right) || id:ukb-b-18096,"Ischaemic heart disease, wide definition || id:finn-b-I9_IHD",ukb-b-18096,finn-b-I9_IHD,,rs252749,0.281768491042973,0.0478367072777538,3.85693482339553e-09,IHD
Leg fat mass (right) || id:ukb-b-18096,"Ischaemic heart disease, wide definition || id:finn-b-I9_IHD",ukb-b-18096,finn-b-I9_IHD,,rs2539999,0.280317237928844,0.0478409317826673,4.64654661319929e-09,IHD
Leg fat mass (right) || id:ukb-b-18096,"Ischaemic heart disease, wide definition || id:finn-b-I9_IHD",ukb-b-18096,finn-b-I9_IHD,,rs255801,0.28088796687416,0.0478493498865714,4.35120887689968e-09,IHD
Leg fat mass (right) || id:ukb-b-18096,"Ischaemic heart disease, wide definition || id:finn-b-I9_IHD",ukb-b-18096,finn-b-I9_IHD,,rs2568958,0.280130488466006,0.0479196792338652,5.04036602205294e-09,IHD
Leg fat mass (right) || id:ukb-b-18096,"Ischaemic heart disease, wide definition || id:finn-b-I9_IHD",ukb-b-18096,finn-b-I9_IHD,,rs2601062,0.280344550207635,0.0478466469201437,4.65015865664759e-09,IHD
Leg fat mass (right) || id:ukb-b-18096,"Ischaemic heart disease, wide definition || id:finn-b-I9_IHD",ukb-b-18096,finn-b-I9_IHD,,rs2606227,0.281292017985855,0.0478479253725872,4.1306175347301e-09,IHD
Leg fat mass (right) || id:ukb-b-18096,"Ischaemic heart disease, wide definition || id:finn-b-I9_IHD",ukb-b-18096,finn-b-I9_IHD,,rs264948,0.280841019092325,0.0478514434385536,4.3838184555466e-09,IHD
Leg fat mass (right) || id:ukb-b-18096,"Ischaemic heart disease, wide definition || id:finn-b-I9_IHD",ukb-b-18096,finn-b-I9_IHD,,rs2660204,0.280587286773362,0.0478444044398285,4.50273836844981e-09,IHD
Leg fat mass (right) || id:ukb-b-18096,"Ischaemic heart disease, wide definition || id:finn-b-I9_IHD",ukb-b-18096,finn-b-I9_IHD,,rs2660241,0.281370108854571,0.0478617100760141,4.13215444061152e-09,IHD
Leg fat mass (right) || id:ukb-b-18096,"Ischaemic heart disease, wide definition || id:finn-b-I9_IHD",ukb-b-18096,finn-b-I9_IHD,,rs2678204,0.279135941933622,0.0478965108113035,5.6130130437687e-09,IHD
Leg fat mass (right) || id:ukb-b-18096,"Ischaemic heart disease, wide definition || id:finn-b-I9_IHD",ukb-b-18096,finn-b-I9_IHD,,rs2726036,0.284772464683176,0.0479272995476189,2.81979729234993e-09,IHD
Leg fat mass (right) || id:ukb-b-18096,"Ischaemic heart disease, wide definition || id:finn-b-I9_IHD",ukb-b-18096,finn-b-I9_IHD,,rs2736084,0.279537948811104,0.0478233491485332,5.05902271285036e-09,IHD
Leg fat mass (right) || id:ukb-b-18096,"Ischaemic heart disease, wide definition || id:finn-b-I9_IHD",ukb-b-18096,finn-b-I9_IHD,,rs274111,0.279248811550363,0.0478181270609978,5.22601588176689e-09,IHD
Leg fat mass (right) || id:ukb-b-18096,"Ischaemic heart disease, wide definition || id:finn-b-I9_IHD",ukb-b-18096,finn-b-I9_IHD,,rs2744938,0.280964537938469,0.0480639447323729,5.04623055572299e-09,IHD
Leg fat mass (right) || id:ukb-b-18096,"Ischaemic heart disease, wide definition || id:finn-b-I9_IHD",ukb-b-18096,finn-b-I9_IHD,,rs2777768,0.279847598403994,0.0478213318260701,4.85869853496142e-09,IHD
Leg fat mass (right) || id:ukb-b-18096,"Ischaemic heart disease, wide definition || id:finn-b-I9_IHD",ukb-b-18096,finn-b-I9_IHD,,rs279789,0.28094462950225,0.0478364589771165,4.2791876864979e-09,IHD
Leg fat mass (right) || id:ukb-b-18096,"Ischaemic heart disease, wide definition || id:finn-b-I9_IHD",ukb-b-18096,finn-b-I9_IHD,,rs2802295,0.278888483839131,0.0478941058973191,5.77925719459367e-09,IHD
Leg fat mass (right) || id:ukb-b-18096,"Ischaemic heart disease, wide definition || id:finn-b-I9_IHD",ukb-b-18096,finn-b-I9_IHD,,rs28350,0.281027742974943,0.047863739418389,4.32098451221229e-09,IHD
Leg fat mass (right) || id:ukb-b-18096,"Ischaemic heart disease, wide definition || id:finn-b-I9_IHD",ukb-b-18096,finn-b-I9_IHD,,rs28366156,0.281232213558646,0.0478536725903494,4.17969646720457e-09,IHD
Leg fat mass (right) || id:ukb-b-18096,"Ischaemic heart disease, wide definition || id:finn-b-I9_IHD",ukb-b-18096,finn-b-I9_IHD,,rs284532,0.278650647213375,0.047784261853185,5.49538886867133e-09,IHD
Leg fat mass (right) || id:ukb-b-18096,"Ischaemic heart disease, wide definition || id:finn-b-I9_IHD",ukb-b-18096,finn-b-I9_IHD,,rs28457808,0.279334703351913,0.0478595253562448,5.32915013814785e-09,IHD
Leg fat mass (right) || id:ukb-b-18096,"Ischaemic heart disease, wide definition || id:finn-b-I9_IHD",ukb-b-18096,finn-b-I9_IHD,,rs2846139,0.2826558515931,0.0477771481124754,3.2960337757334e-09,IHD
Leg fat mass (right) || id:ukb-b-18096,"Ischaemic heart disease, wide definition || id:finn-b-I9_IHD",ukb-b-18096,finn-b-I9_IHD,,rs28524674,0.278365380294588,0.0477414310936444,5.51993721259903e-09,IHD
Leg fat mass (right) || id:ukb-b-18096,"Ischaemic heart disease, wide definition || id:finn-b-I9_IHD",ukb-b-18096,finn-b-I9_IHD,,rs2861685,0.280590680748233,0.0478715766187097,4.59199107241519e-09,IHD
Leg fat mass (right) || id:ukb-b-18096,"Ischaemic heart disease, wide definition || id:finn-b-I9_IHD",ukb-b-18096,finn-b-I9_IHD,,rs28636067,0.279283932049274,0.0477994981484842,5.13240263026867e-09,IHD
Leg fat mass (right) || id:ukb-b-18096,"Ischaemic heart disease, wide definition || id:finn-b-I9_IHD",ukb-b-18096,finn-b-I9_IHD,,rs28670671,0.283271210011117,0.0477316055420538,2.94441525959307e-09,IHD
Leg fat mass (right) || id:ukb-b-18096,"Ischaemic heart disease, wide definition || id:finn-b-I9_IHD",ukb-b-18096,finn-b-I9_IHD,,rs28711392,0.278181342890429,0.0478242430767713,6.00052006599794e-09,IHD
Leg fat mass (right) || id:ukb-b-18096,"Ischaemic heart disease, wide definition || id:finn-b-I9_IHD",ukb-b-18096,finn-b-I9_IHD,,rs28828150,0.279095275296508,0.047803703927607,5.27168724105161e-09,IHD
Leg fat mass (right) || id:ukb-b-18096,"Ischaemic heart disease, wide definition || id:finn-b-I9_IHD",ukb-b-18096,finn-b-I9_IHD,,rs2920939,0.281588379300967,0.0478305362456058,3.92771109157965e-09,IHD
Leg fat mass (right) || id:ukb-b-18096,"Ischaemic heart disease, wide definition || id:finn-b-I9_IHD",ukb-b-18096,finn-b-I9_IHD,,rs2935905,0.279604377940133,0.0478266551012081,5.02917515441105e-09,IHD
Leg fat mass (right) || id:ukb-b-18096,"Ischaemic heart disease, wide definition || id:finn-b-I9_IHD",ukb-b-18096,finn-b-I9_IHD,,rs2948830,0.279354602845186,0.0478010790867185,5.09294014527785e-09,IHD
Leg fat mass (right) || id:ukb-b-18096,"Ischaemic heart disease, wide definition || id:finn-b-I9_IHD",ukb-b-18096,finn-b-I9_IHD,,rs2954021,0.287846301069779,0.0473528183630101,1.21117342671765e-09,IHD
Leg fat mass (right) || id:ukb-b-18096,"Ischaemic heart disease, wide definition || id:finn-b-I9_IHD",ukb-b-18096,finn-b-I9_IHD,,rs2963469,0.28374248393653,0.0475761297747176,2.46185973425184e-09,IHD
Leg fat mass (right) || id:ukb-b-18096,"Ischaemic heart disease, wide definition || id:finn-b-I9_IHD",ukb-b-18096,finn-b-I9_IHD,,rs2964023,0.282577170950328,0.0478067156849432,3.40396762436157e-09,IHD
Leg fat mass (right) || id:ukb-b-18096,"Ischaemic heart disease, wide definition || id:finn-b-I9_IHD",ukb-b-18096,finn-b-I9_IHD,,rs2984477,0.27991639996509,0.0478177087815491,4.80400103291264e-09,IHD
Leg fat mass (right) || id:ukb-b-18096,"Ischaemic heart disease, wide definition || id:finn-b-I9_IHD",ukb-b-18096,finn-b-I9_IHD,,rs3113509,0.280000876872667,0.0478611458392485,4.90760192876482e-09,IHD
Leg fat mass (right) || id:ukb-b-18096,"Ischaemic heart disease, wide definition || id:finn-b-I9_IHD",ukb-b-18096,finn-b-I9_IHD,,rs312702,0.28034370702514,0.0478350668873941,4.61109796229128e-09,IHD
Leg fat mass (right) || id:ukb-b-18096,"Ischaemic heart disease, wide definition || id:finn-b-I9_IHD",ukb-b-18096,finn-b-I9_IHD,,rs329118,0.281570852030334,0.0478488207094938,3.99033874998828e-09,IHD
Leg fat mass (right) || id:ukb-b-18096,"Ischaemic heart disease, wide definition || id:finn-b-I9_IHD",ukb-b-18096,finn-b-I9_IHD,,rs34025316,0.280709260973343,0.0478437923477805,4.43206862111495e-09,IHD
Leg fat mass (right) || id:ukb-b-18096,"Ischaemic heart disease, wide definition || id:finn-b-I9_IHD",ukb-b-18096,finn-b-I9_IHD,,rs34045288,0.28177679025843,0.0479192896965269,4.09678950681981e-09,IHD
Leg fat mass (right) || id:ukb-b-18096,"Ischaemic heart disease, wide definition || id:finn-b-I9_IHD",ukb-b-18096,finn-b-I9_IHD,,rs34234296,0.283575437284876,0.047775548245863,2.92814157666998e-09,IHD
Leg fat mass (right) || id:ukb-b-18096,"Ischaemic heart disease, wide definition || id:finn-b-I9_IHD",ukb-b-18096,finn-b-I9_IHD,,rs34517439,0.281112539137341,0.0479788055072011,4.65387091660611e-09,IHD
Leg fat mass (right) || id:ukb-b-18096,"Ischaemic heart disease, wide definition || id:finn-b-I9_IHD",ukb-b-18096,finn-b-I9_IHD,,rs34633164,0.279404282550547,0.0478163090172526,5.11815913257768e-09,IHD
Leg fat mass (right) || id:ukb-b-18096,"Ischaemic heart disease, wide definition || id:finn-b-I9_IHD",ukb-b-18096,finn-b-I9_IHD,,rs34769775,0.28098802686279,0.0478652302039953,4.3474606988595e-09,IHD
Leg fat mass (right) || id:ukb-b-18096,"Ischaemic heart disease, wide definition || id:finn-b-I9_IHD",ukb-b-18096,finn-b-I9_IHD,,rs34801745,0.281541990269405,0.0478457230653833,3.99570390821933e-09,IHD
Leg fat mass (right) || id:ukb-b-18096,"Ischaemic heart disease, wide definition || id:finn-b-I9_IHD",ukb-b-18096,finn-b-I9_IHD,,rs34811474,0.276924149838507,0.0478044323070706,6.91998051699909e-09,IHD
Leg fat mass (right) || id:ukb-b-18096,"Ischaemic heart disease, wide definition || id:finn-b-I9_IHD",ukb-b-18096,finn-b-I9_IHD,,rs34864349,0.282136837300753,0.0477957928659183,3.57028536662871e-09,IHD
Leg fat mass (right) || id:ukb-b-18096,"Ischaemic heart disease, wide definition || id:finn-b-I9_IHD",ukb-b-18096,finn-b-I9_IHD,,rs35184536,0.284155757911079,0.0477408119192812,2.6480246445621e-09,IHD
Leg fat mass (right) || id:ukb-b-18096,"Ischaemic heart disease, wide definition || id:finn-b-I9_IHD",ukb-b-18096,finn-b-I9_IHD,,rs35280517,0.279956369587518,0.0478242080387384,4.80283841656109e-09,IHD
Leg fat mass (right) || id:ukb-b-18096,"Ischaemic heart disease, wide definition || id:finn-b-I9_IHD",ukb-b-18096,finn-b-I9_IHD,,rs35394440,0.27901177087466,0.0478250538498046,5.41113614996081e-09,IHD
Leg fat mass (right) || id:ukb-b-18096,"Ischaemic heart disease, wide definition || id:finn-b-I9_IHD",ukb-b-18096,finn-b-I9_IHD,,rs35513882,0.279397536588008,0.0478374982882985,5.20272262272964e-09,IHD
Leg fat mass (right) || id:ukb-b-18096,"Ischaemic heart disease, wide definition || id:finn-b-I9_IHD",ukb-b-18096,finn-b-I9_IHD,,rs35519679,0.282267685197365,0.0477886164934164,3.49265035095942e-09,IHD
Leg fat mass (right) || id:ukb-b-18096,"Ischaemic heart disease, wide definition || id:finn-b-I9_IHD",ukb-b-18096,finn-b-I9_IHD,,rs35537311,0.281102597697056,0.0478406258891839,4.20771717175348e-09,IHD
Leg fat mass (right) || id:ukb-b-18096,"Ischaemic heart disease, wide definition || id:finn-b-I9_IHD",ukb-b-18096,finn-b-I9_IHD,,rs35568752,0.280216219145524,0.0478257945998814,4.65376196432035e-09,IHD
Leg fat mass (right) || id:ukb-b-18096,"Ischaemic heart disease, wide definition || id:finn-b-I9_IHD",ukb-b-18096,finn-b-I9_IHD,,rs35589149,0.281060255832476,0.0478535099529243,4.27083914154339e-09,IHD
Leg fat mass (right) || id:ukb-b-18096,"Ischaemic heart disease, wide definition || id:finn-b-I9_IHD",ukb-b-18096,finn-b-I9_IHD,,rs35792595,0.279400974521847,0.0478368758997996,5.198106783739e-09,IHD
Leg fat mass (right) || id:ukb-b-18096,"Ischaemic heart disease, wide definition || id:finn-b-I9_IHD",ukb-b-18096,finn-b-I9_IHD,,rs35867081,0.281632327479899,0.0478548847362232,3.9773572317895e-09,IHD
Leg fat mass (right) || id:ukb-b-18096,"Ischaemic heart disease, wide definition || id:finn-b-I9_IHD",ukb-b-18096,finn-b-I9_IHD,,rs36007635,0.27948863418109,0.0478226610325684,5.08788661062526e-09,IHD
Leg fat mass (right) || id:ukb-b-18096,"Ischaemic heart disease, wide definition || id:finn-b-I9_IHD",ukb-b-18096,finn-b-I9_IHD,,rs372519,0.279260579760931,0.0478673159360217,5.40961010339616e-09,IHD
Leg fat mass (right) || id:ukb-b-18096,"Ischaemic heart disease, wide definition || id:finn-b-I9_IHD",ukb-b-18096,finn-b-I9_IHD,,rs3729628,0.277382615902312,0.0476509698782116,5.84501599899011e-09,IHD
Leg fat mass (right) || id:ukb-b-18096,"Ischaemic heart disease, wide definition || id:finn-b-I9_IHD",ukb-b-18096,finn-b-I9_IHD,,rs3730071,0.280983979742996,0.0478226209921482,4.21453493510297e-09,IHD
Leg fat mass (right) || id:ukb-b-18096,"Ischaemic heart disease, wide definition || id:finn-b-I9_IHD",ukb-b-18096,finn-b-I9_IHD,,rs3737992,0.280395717571829,0.0478766034890969,4.72344054066564e-09,IHD
Leg fat mass (right) || id:ukb-b-18096,"Ischaemic heart disease, wide definition || id:finn-b-I9_IHD",ukb-b-18096,finn-b-I9_IHD,,rs3744226,0.279030858400776,0.0477927830865824,5.27212218791687e-09,IHD
Leg fat mass (right) || id:ukb-b-18096,"Ischaemic heart disease, wide definition || id:finn-b-I9_IHD",ukb-b-18096,finn-b-I9_IHD,,rs3748916,0.280046254819485,0.0478411898519477,4.8085937442705e-09,IHD
Leg fat mass (right) || id:ukb-b-18096,"Ischaemic heart disease, wide definition || id:finn-b-I9_IHD",ukb-b-18096,finn-b-I9_IHD,,rs3764002,0.280072096541244,0.0478870182926263,4.95722520835763e-09,IHD
Leg fat mass (right) || id:ukb-b-18096,"Ischaemic heart disease, wide definition || id:finn-b-I9_IHD",ukb-b-18096,finn-b-I9_IHD,,rs3764625,0.282320591471192,0.0478039588159778,3.50940789859367e-09,IHD
Leg fat mass (right) || id:ukb-b-18096,"Ischaemic heart disease, wide definition || id:finn-b-I9_IHD",ukb-b-18096,finn-b-I9_IHD,,rs3766823,0.278008016429093,0.0478322775454388,6.16782764778409e-09,IHD
Leg fat mass (right) || id:ukb-b-18096,"Ischaemic heart disease, wide definition || id:finn-b-I9_IHD",ukb-b-18096,finn-b-I9_IHD,,rs3774063,0.279362587803637,0.0478120179323954,5.12885522204547e-09,IHD
Leg fat mass (right) || id:ukb-b-18096,"Ischaemic heart disease, wide definition || id:finn-b-I9_IHD",ukb-b-18096,finn-b-I9_IHD,,rs3803286,0.277552211367031,0.0478224599023998,6.48268315123696e-09,IHD
Leg fat mass (right) || id:ukb-b-18096,"Ischaemic heart disease, wide definition || id:finn-b-I9_IHD",ukb-b-18096,finn-b-I9_IHD,,rs3818896,0.280167499019373,0.047841285497768,4.7361582142504e-09,IHD
Leg fat mass (right) || id:ukb-b-18096,"Ischaemic heart disease, wide definition || id:finn-b-I9_IHD",ukb-b-18096,finn-b-I9_IHD,,rs383701,0.279750589646194,0.0478426794413716,4.99610320293866e-09,IHD
Leg fat mass (right) || id:ukb-b-18096,"Ischaemic heart disease, wide definition || id:finn-b-I9_IHD",ukb-b-18096,finn-b-I9_IHD,,rs3846949,0.281261738642896,0.0478256739375369,4.07849256545668e-09,IHD
Leg fat mass (right) || id:ukb-b-18096,"Ischaemic heart disease, wide definition || id:finn-b-I9_IHD",ukb-b-18096,finn-b-I9_IHD,,rs396354,0.282041860072356,0.0478283193286697,3.7025140526197e-09,IHD
Leg fat mass (right) || id:ukb-b-18096,"Ischaemic heart disease, wide definition || id:finn-b-I9_IHD",ukb-b-18096,finn-b-I9_IHD,,rs40071,0.27901834478945,0.0478750300215292,5.60768412666036e-09,IHD
Leg fat mass (right) || id:ukb-b-18096,"Ischaemic heart disease, wide definition || id:finn-b-I9_IHD",ukb-b-18096,finn-b-I9_IHD,,rs4055791,0.280660498092896,0.0478689045253618,4.54285902549794e-09,IHD
Leg fat mass (right) || id:ukb-b-18096,"Ischaemic heart disease, wide definition || id:finn-b-I9_IHD",ukb-b-18096,finn-b-I9_IHD,,rs4088476,0.281584736791167,0.0478357861170645,3.944905879945e-09,IHD
Leg fat mass (right) || id:ukb-b-18096,"Ischaemic heart disease, wide definition || id:finn-b-I9_IHD",ukb-b-18096,finn-b-I9_IHD,,rs41350349,0.279867940636826,0.0478431739025404,4.92477355369298e-09,IHD
Leg fat mass (right) || id:ukb-b-18096,"Ischaemic heart disease, wide definition || id:finn-b-I9_IHD",ukb-b-18096,finn-b-I9_IHD,,rs4240326,0.28326095513998,0.0478056010650711,3.11790190103533e-09,IHD
Leg fat mass (right) || id:ukb-b-18096,"Ischaemic heart disease, wide definition || id:finn-b-I9_IHD",ukb-b-18096,finn-b-I9_IHD,,rs4261944,0.2822845545677,0.0477881531833088,3.48396684318684e-09,IHD
Leg fat mass (right) || id:ukb-b-18096,"Ischaemic heart disease, wide definition || id:finn-b-I9_IHD",ukb-b-18096,finn-b-I9_IHD,,rs4266606,0.280820433593095,0.0478570670771814,4.41352089166398e-09,IHD
Leg fat mass (right) || id:ukb-b-18096,"Ischaemic heart disease, wide definition || id:finn-b-I9_IHD",ukb-b-18096,finn-b-I9_IHD,,rs4267103,0.280271688829847,0.0478501656535917,4.70517144676852e-09,IHD
Leg fat mass (right) || id:ukb-b-18096,"Ischaemic heart disease, wide definition || id:finn-b-I9_IHD",ukb-b-18096,finn-b-I9_IHD,,rs4290163,0.284327164864354,0.0476934289354344,2.49843496802185e-09,IHD
Leg fat mass (right) || id:ukb-b-18096,"Ischaemic heart disease, wide definition || id:finn-b-I9_IHD",ukb-b-18096,finn-b-I9_IHD,,rs429343,0.27957557371586,0.0478649810607545,5.1913014895255e-09,IHD
Leg fat mass (right) || id:ukb-b-18096,"Ischaemic heart disease, wide definition || id:finn-b-I9_IHD",ukb-b-18096,finn-b-I9_IHD,,rs429358,0.293612069220477,0.047137656408297,4.69955491610416e-10,IHD
Leg fat mass (right) || id:ukb-b-18096,"Ischaemic heart disease, wide definition || id:finn-b-I9_IHD",ukb-b-18096,finn-b-I9_IHD,,rs4307239,0.281636448836969,0.0478280724206636,3.89674926187853e-09,IHD
Leg fat mass (right) || id:ukb-b-18096,"Ischaemic heart disease, wide definition || id:finn-b-I9_IHD",ukb-b-18096,finn-b-I9_IHD,,rs4333219,0.280394384125379,0.0478361278400388,4.58535806365326e-09,IHD
Leg fat mass (right) || id:ukb-b-18096,"Ischaemic heart disease, wide definition || id:finn-b-I9_IHD",ukb-b-18096,finn-b-I9_IHD,,rs4430672,0.281470649743058,0.0478401855699768,4.01532024745067e-09,IHD
Leg fat mass (right) || id:ukb-b-18096,"Ischaemic heart disease, wide definition || id:finn-b-I9_IHD",ukb-b-18096,finn-b-I9_IHD,,rs4482463,0.280359446200994,0.0478649402124961,4.7044504073574e-09,IHD
Leg fat mass (right) || id:ukb-b-18096,"Ischaemic heart disease, wide definition || id:finn-b-I9_IHD",ukb-b-18096,finn-b-I9_IHD,,rs4561038,0.285520006909517,0.0475431411866141,1.90751263621461e-09,IHD
Leg fat mass (right) || id:ukb-b-18096,"Ischaemic heart disease, wide definition || id:finn-b-I9_IHD",ukb-b-18096,finn-b-I9_IHD,,rs4561800,0.283241641724428,0.0477228231755775,2.93594676078768e-09,IHD
Leg fat mass (right) || id:ukb-b-18096,"Ischaemic heart disease, wide definition || id:finn-b-I9_IHD",ukb-b-18096,finn-b-I9_IHD,,rs4562625,0.283382268809065,0.0477596792325272,2.96535975568184e-09,IHD
Leg fat mass (right) || id:ukb-b-18096,"Ischaemic heart disease, wide definition || id:finn-b-I9_IHD",ukb-b-18096,finn-b-I9_IHD,,rs4635724,0.280703353062378,0.0478426972687547,4.43177980192003e-09,IHD
Leg fat mass (right) || id:ukb-b-18096,"Ischaemic heart disease, wide definition || id:finn-b-I9_IHD",ukb-b-18096,finn-b-I9_IHD,,rs464881,0.28027373766615,0.0478394250202729,4.66686690403791e-09,IHD
Leg fat mass (right) || id:ukb-b-18096,"Ischaemic heart disease, wide definition || id:finn-b-I9_IHD",ukb-b-18096,finn-b-I9_IHD,,rs4671238,0.279858240784393,0.0478260928612719,4.86922992376874e-09,IHD
Leg fat mass (right) || id:ukb-b-18096,"Ischaemic heart disease, wide definition || id:finn-b-I9_IHD",ukb-b-18096,finn-b-I9_IHD,,rs4672338,0.280209815634892,0.0478495117117984,4.73964875202412e-09,IHD
Leg fat mass (right) || id:ukb-b-18096,"Ischaemic heart disease, wide definition || id:finn-b-I9_IHD",ukb-b-18096,finn-b-I9_IHD,,rs4700812,0.281461599915418,0.0478255204171854,3.97630876745591e-09,IHD
Leg fat mass (right) || id:ukb-b-18096,"Ischaemic heart disease, wide definition || id:finn-b-I9_IHD",ukb-b-18096,finn-b-I9_IHD,,rs4718964,0.278853034884883,0.0478341144006126,5.55653945312499e-09,IHD
Leg fat mass (right) || id:ukb-b-18096,"Ischaemic heart disease, wide definition || id:finn-b-I9_IHD",ukb-b-18096,finn-b-I9_IHD,,rs4757945,0.280823621523244,0.047845653874025,4.3746655258453e-09,IHD
Leg fat mass (right) || id:ukb-b-18096,"Ischaemic heart disease, wide definition || id:finn-b-I9_IHD",ukb-b-18096,finn-b-I9_IHD,,rs4776970,0.278529166930202,0.0479206051498925,6.16184873141667e-09,IHD
Leg fat mass (right) || id:ukb-b-18096,"Ischaemic heart disease, wide definition || id:finn-b-I9_IHD",ukb-b-18096,finn-b-I9_IHD,,rs4784776,0.280267075638649,0.047833676340621,4.65102326423896e-09,IHD
Leg fat mass (right) || id:ukb-b-18096,"Ischaemic heart disease, wide definition || id:finn-b-I9_IHD",ukb-b-18096,finn-b-I9_IHD,,rs4790292,0.278319869642053,0.0478833901930023,6.15646273967983e-09,IHD
Leg fat mass (right) || id:ukb-b-18096,"Ischaemic heart disease, wide definition || id:finn-b-I9_IHD",ukb-b-18096,finn-b-I9_IHD,,rs4792716,0.280347700150764,0.0478438328338231,4.6386796505036e-09,IHD
Leg fat mass (right) || id:ukb-b-18096,"Ischaemic heart disease, wide definition || id:finn-b-I9_IHD",ukb-b-18096,finn-b-I9_IHD,,rs4796299,0.2804468064143,0.0478405789324301,4.57018045659136e-09,IHD
Leg fat mass (right) || id:ukb-b-18096,"Ischaemic heart disease, wide definition || id:finn-b-I9_IHD",ukb-b-18096,finn-b-I9_IHD,,rs4808187,0.279895546615739,0.0478274017525066,4.85111172505019e-09,IHD
Leg fat mass (right) || id:ukb-b-18096,"Ischaemic heart disease, wide definition || id:finn-b-I9_IHD",ukb-b-18096,finn-b-I9_IHD,,rs4808762,0.282796772386353,0.0478688208081129,3.46822942326207e-09,IHD
Leg fat mass (right) || id:ukb-b-18096,"Ischaemic heart disease, wide definition || id:finn-b-I9_IHD",ukb-b-18096,finn-b-I9_IHD,,rs4820323,0.283236876139205,0.0478279700943199,3.18064297049347e-09,IHD
Leg fat mass (right) || id:ukb-b-18096,"Ischaemic heart disease, wide definition || id:finn-b-I9_IHD",ukb-b-18096,finn-b-I9_IHD,,rs4842920,0.280124233431528,0.047912400909687,5.01747785874349e-09,IHD
Leg fat mass (right) || id:ukb-b-18096,"Ischaemic heart disease, wide definition || id:finn-b-I9_IHD",ukb-b-18096,finn-b-I9_IHD,,rs484455,0.280629001204091,0.0478394418770444,4.46274342684715e-09,IHD
Leg fat mass (right) || id:ukb-b-18096,"Ischaemic heart disease, wide definition || id:finn-b-I9_IHD",ukb-b-18096,finn-b-I9_IHD,,rs4876611,0.281923092924705,0.0478939990831466,3.94705528130627e-09,IHD
Leg fat mass (right) || id:ukb-b-18096,"Ischaemic heart disease, wide definition || id:finn-b-I9_IHD",ukb-b-18096,finn-b-I9_IHD,,rs4881171,0.283794859208516,0.0477514631995861,2.79569539420237e-09,IHD
Leg fat mass (right) || id:ukb-b-18096,"Ischaemic heart disease, wide definition || id:finn-b-I9_IHD",ukb-b-18096,finn-b-I9_IHD,,rs4886643,0.278618258756292,0.0477780425699059,5.49271528879735e-09,IHD
Leg fat mass (right) || id:ukb-b-18096,"Ischaemic heart disease, wide definition || id:finn-b-I9_IHD",ukb-b-18096,finn-b-I9_IHD,,rs4924136,0.282373060013483,0.0477859694375103,3.43938685287608e-09,IHD
Leg fat mass (right) || id:ukb-b-18096,"Ischaemic heart disease, wide definition || id:finn-b-I9_IHD",ukb-b-18096,finn-b-I9_IHD,,rs4936175,0.282632718763326,0.0477889696923506,3.33526626915756e-09,IHD
Leg fat mass (right) || id:ukb-b-18096,"Ischaemic heart disease, wide definition || id:finn-b-I9_IHD",ukb-b-18096,finn-b-I9_IHD,,rs494048,0.281143185935742,0.0478492184057348,4.21297621103026e-09,IHD
Leg fat mass (right) || id:ukb-b-18096,"Ischaemic heart disease, wide definition || id:finn-b-I9_IHD",ukb-b-18096,finn-b-I9_IHD,,rs4947584,0.279565383944123,0.0478487069077971,5.13631144936654e-09,IHD
Leg fat mass (right) || id:ukb-b-18096,"Ischaemic heart disease, wide definition || id:finn-b-I9_IHD",ukb-b-18096,finn-b-I9_IHD,,rs526729,0.281228827065143,0.0478326802681107,4.11685198145308e-09,IHD
Leg fat mass (right) || id:ukb-b-18096,"Ischaemic heart disease, wide definition || id:finn-b-I9_IHD",ukb-b-18096,finn-b-I9_IHD,,rs529200,0.279947381244633,0.0478729923436411,4.98386120532448e-09,IHD
Leg fat mass (right) || id:ukb-b-18096,"Ischaemic heart disease, wide definition || id:finn-b-I9_IHD",ukb-b-18096,finn-b-I9_IHD,,rs530255,0.278696316393846,0.0477916145384632,5.49346450580154e-09,IHD
Leg fat mass (right) || id:ukb-b-18096,"Ischaemic heart disease, wide definition || id:finn-b-I9_IHD",ukb-b-18096,finn-b-I9_IHD,,rs543874,0.283909332554225,0.0480366745285205,3.41564003703622e-09,IHD
Leg fat mass (right) || id:ukb-b-18096,"Ischaemic heart disease, wide definition || id:finn-b-I9_IHD",ukb-b-18096,finn-b-I9_IHD,,rs553634,0.28071181614659,0.0478396896922811,4.41722088176304e-09,IHD
Leg fat mass (right) || id:ukb-b-18096,"Ischaemic heart disease, wide definition || id:finn-b-I9_IHD",ukb-b-18096,finn-b-I9_IHD,,rs556140,0.281129598099502,0.0478365914009458,4.18087353743733e-09,IHD
Leg fat mass (right) || id:ukb-b-18096,"Ischaemic heart disease, wide definition || id:finn-b-I9_IHD",ukb-b-18096,finn-b-I9_IHD,,rs55707359,0.280651297604192,0.0478233656801167,4.39762269668277e-09,IHD
Leg fat mass (right) || id:ukb-b-18096,"Ischaemic heart disease, wide definition || id:finn-b-I9_IHD",ukb-b-18096,finn-b-I9_IHD,,rs55726687,0.277244409904129,0.0478384109321171,6.81442426340276e-09,IHD
Leg fat mass (right) || id:ukb-b-18096,"Ischaemic heart disease, wide definition || id:finn-b-I9_IHD",ukb-b-18096,finn-b-I9_IHD,,rs55736343,0.280112966600132,0.0478356690098168,4.74907033330657e-09,IHD
Leg fat mass (right) || id:ukb-b-18096,"Ischaemic heart disease, wide definition || id:finn-b-I9_IHD",ukb-b-18096,finn-b-I9_IHD,,rs55962356,0.281720558556581,0.0478387058444021,3.88617102044013e-09,IHD
Leg fat mass (right) || id:ukb-b-18096,"Ischaemic heart disease, wide definition || id:finn-b-I9_IHD",ukb-b-18096,finn-b-I9_IHD,,rs56094641,0.271429107262139,0.0486936537281909,2.48642275836868e-08,IHD
Leg fat mass (right) || id:ukb-b-18096,"Ischaemic heart disease, wide definition || id:finn-b-I9_IHD",ukb-b-18096,finn-b-I9_IHD,,rs56163533,0.280771667451347,0.0478373454025284,4.37642449209174e-09,IHD
Leg fat mass (right) || id:ukb-b-18096,"Ischaemic heart disease, wide definition || id:finn-b-I9_IHD",ukb-b-18096,finn-b-I9_IHD,,rs56203622,0.2786061932492,0.0478309927146105,5.71794112245311e-09,IHD
Leg fat mass (right) || id:ukb-b-18096,"Ischaemic heart disease, wide definition || id:finn-b-I9_IHD",ukb-b-18096,finn-b-I9_IHD,,rs56356382,0.280921633813759,0.0478721284671891,4.40639909380916e-09,IHD
Leg fat mass (right) || id:ukb-b-18096,"Ischaemic heart disease, wide definition || id:finn-b-I9_IHD",ukb-b-18096,finn-b-I9_IHD,,rs56399737,0.280618586870895,0.047859030496711,4.53372832585005e-09,IHD
Leg fat mass (right) || id:ukb-b-18096,"Ischaemic heart disease, wide definition || id:finn-b-I9_IHD",ukb-b-18096,finn-b-I9_IHD,,rs57636386,0.281074480095897,0.0478730136255267,4.32518792081906e-09,IHD
Leg fat mass (right) || id:ukb-b-18096,"Ischaemic heart disease, wide definition || id:finn-b-I9_IHD",ukb-b-18096,finn-b-I9_IHD,,rs577525,0.276716020123891,0.047805509181918,7.10723244701338e-09,IHD
Leg fat mass (right) || id:ukb-b-18096,"Ischaemic heart disease, wide definition || id:finn-b-I9_IHD",ukb-b-18096,finn-b-I9_IHD,,rs57803,0.279275758961128,0.0478271621752832,5.24297413986135e-09,IHD
Leg fat mass (right) || id:ukb-b-18096,"Ischaemic heart disease, wide definition || id:finn-b-I9_IHD",ukb-b-18096,finn-b-I9_IHD,,rs57989773,0.28161809713517,0.0478254688611425,3.89823845742134e-09,IHD
Leg fat mass (right) || id:ukb-b-18096,"Ischaemic heart disease, wide definition || id:finn-b-I9_IHD",ukb-b-18096,finn-b-I9_IHD,,rs58862095,0.283277187253129,0.0478608269186906,3.24359800440515e-09,IHD
Leg fat mass (right) || id:ukb-b-18096,"Ischaemic heart disease, wide definition || id:finn-b-I9_IHD",ukb-b-18096,finn-b-I9_IHD,,rs59068084,0.279779056347232,0.0478267200984236,4.92021604548985e-09,IHD
Leg fat mass (right) || id:ukb-b-18096,"Ischaemic heart disease, wide definition || id:finn-b-I9_IHD",ukb-b-18096,finn-b-I9_IHD,,rs6016590,0.279379740366225,0.0478156442860819,5.13145562515954e-09,IHD
Leg fat mass (right) || id:ukb-b-18096,"Ischaemic heart disease, wide definition || id:finn-b-I9_IHD",ukb-b-18096,finn-b-I9_IHD,,rs60661769,0.281153055031812,0.0478438163870172,4.19091272726958e-09,IHD
Leg fat mass (right) || id:ukb-b-18096,"Ischaemic heart disease, wide definition || id:finn-b-I9_IHD",ukb-b-18096,finn-b-I9_IHD,,rs60711578,0.282067557556996,0.0477965544339703,3.60385466594347e-09,IHD
Leg fat mass (right) || id:ukb-b-18096,"Ischaemic heart disease, wide definition || id:finn-b-I9_IHD",ukb-b-18096,finn-b-I9_IHD,,rs61023343,0.281226448322048,0.047846637892263,4.1609707679713e-09,IHD
Leg fat mass (right) || id:ukb-b-18096,"Ischaemic heart disease, wide definition || id:finn-b-I9_IHD",ukb-b-18096,finn-b-I9_IHD,,rs6103254,0.280611450576788,0.0478508562438822,4.51049870887617e-09,IHD
Leg fat mass (right) || id:ukb-b-18096,"Ischaemic heart disease, wide definition || id:finn-b-I9_IHD",ukb-b-18096,finn-b-I9_IHD,,rs61742688,0.283615084935604,0.0477731101366508,2.90798955311103e-09,IHD
Leg fat mass (right) || id:ukb-b-18096,"Ischaemic heart disease, wide definition || id:finn-b-I9_IHD",ukb-b-18096,finn-b-I9_IHD,,rs61754230,0.279796704781394,0.0477986528116959,4.80892811840624e-09,IHD
Leg fat mass (right) || id:ukb-b-18096,"Ischaemic heart disease, wide definition || id:finn-b-I9_IHD",ukb-b-18096,finn-b-I9_IHD,,rs61813324,0.282213249629697,0.0478630095308773,3.7180934891646e-09,IHD
Leg fat mass (right) || id:ukb-b-18096,"Ischaemic heart disease, wide definition || id:finn-b-I9_IHD",ukb-b-18096,finn-b-I9_IHD,,rs61826925,0.279862489850746,0.0478365911744105,4.90435570434753e-09,IHD
Leg fat mass (right) || id:ukb-b-18096,"Ischaemic heart disease, wide definition || id:finn-b-I9_IHD",ukb-b-18096,finn-b-I9_IHD,,rs61871585,0.27882373520328,0.0478001298655156,5.44014944548608e-09,IHD
Leg fat mass (right) || id:ukb-b-18096,"Ischaemic heart disease, wide definition || id:finn-b-I9_IHD",ukb-b-18096,finn-b-I9_IHD,,rs61903695,0.279128404938041,0.0478267159665405,5.33905526989125e-09,IHD
Leg fat mass (right) || id:ukb-b-18096,"Ischaemic heart disease, wide definition || id:finn-b-I9_IHD",ukb-b-18096,finn-b-I9_IHD,,rs61969510,0.27915806836157,0.047848378079182,5.40420726882554e-09,IHD
Leg fat mass (right) || id:ukb-b-18096,"Ischaemic heart disease, wide definition || id:finn-b-I9_IHD",ukb-b-18096,finn-b-I9_IHD,,rs61991651,0.281323954657675,0.0478288885449902,4.05623598479197e-09,IHD
Leg fat mass (right) || id:ukb-b-18096,"Ischaemic heart disease, wide definition || id:finn-b-I9_IHD",ukb-b-18096,finn-b-I9_IHD,,rs61992671,0.278275334896157,0.0478242462470253,5.93041506197369e-09,IHD
Leg fat mass (right) || id:ukb-b-18096,"Ischaemic heart disease, wide definition || id:finn-b-I9_IHD",ukb-b-18096,finn-b-I9_IHD,,rs62062775,0.280555003281227,0.0478416972113319,4.51205342052282e-09,IHD
Leg fat mass (right) || id:ukb-b-18096,"Ischaemic heart disease, wide definition || id:finn-b-I9_IHD",ukb-b-18096,finn-b-I9_IHD,,rs62072665,0.280496040203465,0.0478393788928538,4.53791039139687e-09,IHD
Leg fat mass (right) || id:ukb-b-18096,"Ischaemic heart disease, wide definition || id:finn-b-I9_IHD",ukb-b-18096,finn-b-I9_IHD,,rs62107261,0.281661144218396,0.0479175760318142,4.15167496610004e-09,IHD
Leg fat mass (right) || id:ukb-b-18096,"Ischaemic heart disease, wide definition || id:finn-b-I9_IHD",ukb-b-18096,finn-b-I9_IHD,,rs62190049,0.277824130098663,0.0476522844991884,5.53485844514592e-09,IHD
Leg fat mass (right) || id:ukb-b-18096,"Ischaemic heart disease, wide definition || id:finn-b-I9_IHD",ukb-b-18096,finn-b-I9_IHD,,rs62237500,0.278347775613279,0.0477326029058857,5.49651105610881e-09,IHD
Leg fat mass (right) || id:ukb-b-18096,"Ischaemic heart disease, wide definition || id:finn-b-I9_IHD",ukb-b-18096,finn-b-I9_IHD,,rs62270293,0.281454199865966,0.04783025580253,3.99407558716051e-09,IHD
Leg fat mass (right) || id:ukb-b-18096,"Ischaemic heart disease, wide definition || id:finn-b-I9_IHD",ukb-b-18096,finn-b-I9_IHD,,rs62396185,0.277963985727704,0.0479923607224326,6.96202177580033e-09,IHD
Leg fat mass (right) || id:ukb-b-18096,"Ischaemic heart disease, wide definition || id:finn-b-I9_IHD",ukb-b-18096,finn-b-I9_IHD,,rs6265,0.281665577936229,0.0479527020512939,4.25863759142882e-09,IHD
Leg fat mass (right) || id:ukb-b-18096,"Ischaemic heart disease, wide definition || id:finn-b-I9_IHD",ukb-b-18096,finn-b-I9_IHD,,rs642992,0.277315569755695,0.0476116183804099,5.727160405165e-09,IHD
Leg fat mass (right) || id:ukb-b-18096,"Ischaemic heart disease, wide definition || id:finn-b-I9_IHD",ukb-b-18096,finn-b-I9_IHD,,rs6441176,0.281463285310168,0.0478305257634239,3.99029254941151e-09,IHD
Leg fat mass (right) || id:ukb-b-18096,"Ischaemic heart disease, wide definition || id:finn-b-I9_IHD",ukb-b-18096,finn-b-I9_IHD,,rs6444950,0.283535015161046,0.0477502679617921,2.88744001882481e-09,IHD
Leg fat mass (right) || id:ukb-b-18096,"Ischaemic heart disease, wide definition || id:finn-b-I9_IHD",ukb-b-18096,finn-b-I9_IHD,,rs6461999,0.282236676086573,0.0478156949621887,3.57828210152928e-09,IHD
Leg fat mass (right) || id:ukb-b-18096,"Ischaemic heart disease, wide definition || id:finn-b-I9_IHD",ukb-b-18096,finn-b-I9_IHD,,rs6469351,0.281229176916758,0.0478429590059287,4.14819950710334e-09,IHD
Leg fat mass (right) || id:ukb-b-18096,"Ischaemic heart disease, wide definition || id:finn-b-I9_IHD",ukb-b-18096,finn-b-I9_IHD,,rs6472804,0.281429354223568,0.0478277870265912,3.99928835734494e-09,IHD
Leg fat mass (right) || id:ukb-b-18096,"Ischaemic heart disease, wide definition || id:finn-b-I9_IHD",ukb-b-18096,finn-b-I9_IHD,,rs6475062,0.279321140607755,0.0477969095983474,5.09876443226083e-09,IHD
Leg fat mass (right) || id:ukb-b-18096,"Ischaemic heart disease, wide definition || id:finn-b-I9_IHD",ukb-b-18096,finn-b-I9_IHD,,rs6495017,0.282529845117967,0.0478146573414287,3.44495155842419e-09,IHD
Leg fat mass (right) || id:ukb-b-18096,"Ischaemic heart disease, wide definition || id:finn-b-I9_IHD",ukb-b-18096,finn-b-I9_IHD,,rs6508405,0.280107291384263,0.0478328998846888,4.74277703335415e-09,IHD
Leg fat mass (right) || id:ukb-b-18096,"Ischaemic heart disease, wide definition || id:finn-b-I9_IHD",ukb-b-18096,finn-b-I9_IHD,,rs6538790,0.27985714625555,0.0478333093715496,4.89582105013917e-09,IHD
Leg fat mass (right) || id:ukb-b-18096,"Ischaemic heart disease, wide definition || id:finn-b-I9_IHD",ukb-b-18096,finn-b-I9_IHD,,rs6545625,0.279682123653031,0.0478226255842679,4.96555972221623e-09,IHD
Leg fat mass (right) || id:ukb-b-18096,"Ischaemic heart disease, wide definition || id:finn-b-I9_IHD",ukb-b-18096,finn-b-I9_IHD,,rs6551304,0.280423501227318,0.0478605049634291,4.65147305854548e-09,IHD
Leg fat mass (right) || id:ukb-b-18096,"Ischaemic heart disease, wide definition || id:finn-b-I9_IHD",ukb-b-18096,finn-b-I9_IHD,,rs6561937,0.27850993123708,0.0478051410970394,5.67916807008333e-09,IHD
Leg fat mass (right) || id:ukb-b-18096,"Ischaemic heart disease, wide definition || id:finn-b-I9_IHD",ukb-b-18096,finn-b-I9_IHD,,rs6567160,0.269303226692403,0.0479478733870714,1.94770331994139e-08,IHD
Leg fat mass (right) || id:ukb-b-18096,"Ischaemic heart disease, wide definition || id:finn-b-I9_IHD",ukb-b-18096,finn-b-I9_IHD,,rs6569648,0.280383486864568,0.0478683632425188,4.7020900698614e-09,IHD
Leg fat mass (right) || id:ukb-b-18096,"Ischaemic heart disease, wide definition || id:finn-b-I9_IHD",ukb-b-18096,finn-b-I9_IHD,,rs6575340,0.278168602627813,0.0478611758976578,6.17350924579348e-09,IHD
Leg fat mass (right) || id:ukb-b-18096,"Ischaemic heart disease, wide definition || id:finn-b-I9_IHD",ukb-b-18096,finn-b-I9_IHD,,rs6594682,0.280685839874357,0.0478628045696092,4.50804562192875e-09,IHD
Leg fat mass (right) || id:ukb-b-18096,"Ischaemic heart disease, wide definition || id:finn-b-I9_IHD",ukb-b-18096,finn-b-I9_IHD,,rs66679256,0.278643883741659,0.0478505888878147,5.77289826561199e-09,IHD
Leg fat mass (right) || id:ukb-b-18096,"Ischaemic heart disease, wide definition || id:finn-b-I9_IHD",ukb-b-18096,finn-b-I9_IHD,,rs6669189,0.281904398966264,0.0478397113383628,3.79967933556048e-09,IHD
Leg fat mass (right) || id:ukb-b-18096,"Ischaemic heart disease, wide definition || id:finn-b-I9_IHD",ukb-b-18096,finn-b-I9_IHD,,rs667515,0.282836281352222,0.0477232769357942,3.09290478209852e-09,IHD
Leg fat mass (right) || id:ukb-b-18096,"Ischaemic heart disease, wide definition || id:finn-b-I9_IHD",ukb-b-18096,finn-b-I9_IHD,,rs6688826,0.278671729598067,0.0477916227575285,5.51046338390724e-09,IHD
Leg fat mass (right) || id:ukb-b-18096,"Ischaemic heart disease, wide definition || id:finn-b-I9_IHD",ukb-b-18096,finn-b-I9_IHD,,rs66954327,0.279509617669375,0.0478387555703109,5.13477953337865e-09,IHD
Leg fat mass (right) || id:ukb-b-18096,"Ischaemic heart disease, wide definition || id:finn-b-I9_IHD",ukb-b-18096,finn-b-I9_IHD,,rs6707827,0.279778043904091,0.047830726349437,4.9353585264217e-09,IHD
Leg fat mass (right) || id:ukb-b-18096,"Ischaemic heart disease, wide definition || id:finn-b-I9_IHD",ukb-b-18096,finn-b-I9_IHD,,rs6715925,0.279626907399025,0.0478322022961888,5.03543354561487e-09,IHD
Leg fat mass (right) || id:ukb-b-18096,"Ischaemic heart disease, wide definition || id:finn-b-I9_IHD",ukb-b-18096,finn-b-I9_IHD,,rs6725931,0.279354205134354,0.0477557392635896,4.92618082724609e-09,IHD
Leg fat mass (right) || id:ukb-b-18096,"Ischaemic heart disease, wide definition || id:finn-b-I9_IHD",ukb-b-18096,finn-b-I9_IHD,,rs6733847,0.282144468403099,0.0477901285234453,3.55172838152423e-09,IHD
Leg fat mass (right) || id:ukb-b-18096,"Ischaemic heart disease, wide definition || id:finn-b-I9_IHD",ukb-b-18096,finn-b-I9_IHD,,rs6744646,0.278425294284472,0.0480792401492241,6.9982317133423e-09,IHD
Leg fat mass (right) || id:ukb-b-18096,"Ischaemic heart disease, wide definition || id:finn-b-I9_IHD",ukb-b-18096,finn-b-I9_IHD,,rs67609008,0.285361779358151,0.0475475578463066,1.95373534150885e-09,IHD
Leg fat mass (right) || id:ukb-b-18096,"Ischaemic heart disease, wide definition || id:finn-b-I9_IHD",ukb-b-18096,finn-b-I9_IHD,,rs67632512,0.279939453935722,0.0478455334052314,4.88918743563328e-09,IHD
Leg fat mass (right) || id:ukb-b-18096,"Ischaemic heart disease, wide definition || id:finn-b-I9_IHD",ukb-b-18096,finn-b-I9_IHD,,rs6802828,0.281012846744581,0.0478411293686111,4.25722660387244e-09,IHD
Leg fat mass (right) || id:ukb-b-18096,"Ischaemic heart disease, wide definition || id:finn-b-I9_IHD",ukb-b-18096,finn-b-I9_IHD,,rs6849333,0.279354565558509,0.0478070389767363,5.11529845483612e-09,IHD
Leg fat mass (right) || id:ukb-b-18096,"Ischaemic heart disease, wide definition || id:finn-b-I9_IHD",ukb-b-18096,finn-b-I9_IHD,,rs6861649,0.286194562006237,0.0475133428791818,1.70730833882293e-09,IHD
Leg fat mass (right) || id:ukb-b-18096,"Ischaemic heart disease, wide definition || id:finn-b-I9_IHD",ukb-b-18096,finn-b-I9_IHD,,rs6892707,0.280262859684059,0.0478345849121926,4.65661133562001e-09,IHD
Leg fat mass (right) || id:ukb-b-18096,"Ischaemic heart disease, wide definition || id:finn-b-I9_IHD",ukb-b-18096,finn-b-I9_IHD,,rs6935484,0.279359367655849,0.0478334682299139,5.21228421687688e-09,IHD
Leg fat mass (right) || id:ukb-b-18096,"Ischaemic heart disease, wide definition || id:finn-b-I9_IHD",ukb-b-18096,finn-b-I9_IHD,,rs6938973,0.278404601513948,0.0478747902852814,6.05378355464272e-09,IHD
Leg fat mass (right) || id:ukb-b-18096,"Ischaemic heart disease, wide definition || id:finn-b-I9_IHD",ukb-b-18096,finn-b-I9_IHD,,rs6939451,0.280338702415345,0.0478354099578245,4.61517234145035e-09,IHD
Leg fat mass (right) || id:ukb-b-18096,"Ischaemic heart disease, wide definition || id:finn-b-I9_IHD",ukb-b-18096,finn-b-I9_IHD,,rs6954290,0.282028665416227,0.0478178272707212,3.67974995198057e-09,IHD
Leg fat mass (right) || id:ukb-b-18096,"Ischaemic heart disease, wide definition || id:finn-b-I9_IHD",ukb-b-18096,finn-b-I9_IHD,,rs6966198,0.281520436172488,0.0478305972401819,3.96177847335954e-09,IHD
Leg fat mass (right) || id:ukb-b-18096,"Ischaemic heart disease, wide definition || id:finn-b-I9_IHD",ukb-b-18096,finn-b-I9_IHD,,rs6973656,0.278872745231799,0.0478048897912911,5.42567276808427e-09,IHD
Leg fat mass (right) || id:ukb-b-18096,"Ischaemic heart disease, wide definition || id:finn-b-I9_IHD",ukb-b-18096,finn-b-I9_IHD,,rs6980476,0.282005747675715,0.047810522953981,3.67035905971009e-09,IHD
Leg fat mass (right) || id:ukb-b-18096,"Ischaemic heart disease, wide definition || id:finn-b-I9_IHD",ukb-b-18096,finn-b-I9_IHD,,rs698147,0.279663168348192,0.047844464606048,5.05788256562811e-09,IHD
Leg fat mass (right) || id:ukb-b-18096,"Ischaemic heart disease, wide definition || id:finn-b-I9_IHD",ukb-b-18096,finn-b-I9_IHD,,rs6985028,0.277583339456076,0.0476732395149818,5.7930854346204e-09,IHD
Leg fat mass (right) || id:ukb-b-18096,"Ischaemic heart disease, wide definition || id:finn-b-I9_IHD",ukb-b-18096,finn-b-I9_IHD,,rs6998660,0.281033794548849,0.0478503182892016,4.27499702167046e-09,IHD
Leg fat mass (right) || id:ukb-b-18096,"Ischaemic heart disease, wide definition || id:finn-b-I9_IHD",ukb-b-18096,finn-b-I9_IHD,,rs7027304,0.280088315792377,0.0478587019462659,4.84526626943418e-09,IHD
Leg fat mass (right) || id:ukb-b-18096,"Ischaemic heart disease, wide definition || id:finn-b-I9_IHD",ukb-b-18096,finn-b-I9_IHD,,rs7034554,0.278959166351479,0.0478066035538209,5.37390708060038e-09,IHD
Leg fat mass (right) || id:ukb-b-18096,"Ischaemic heart disease, wide definition || id:finn-b-I9_IHD",ukb-b-18096,finn-b-I9_IHD,,rs7038943,0.281127569759028,0.0478525567657976,4.23174255561859e-09,IHD
Leg fat mass (right) || id:ukb-b-18096,"Ischaemic heart disease, wide definition || id:finn-b-I9_IHD",ukb-b-18096,finn-b-I9_IHD,,rs705160,0.281362207732136,0.0478301330615291,4.04041301581972e-09,IHD
Leg fat mass (right) || id:ukb-b-18096,"Ischaemic heart disease, wide definition || id:finn-b-I9_IHD",ukb-b-18096,finn-b-I9_IHD,,rs7070670,0.282410413717203,0.0477920062101118,3.43865233770756e-09,IHD
Leg fat mass (right) || id:ukb-b-18096,"Ischaemic heart disease, wide definition || id:finn-b-I9_IHD",ukb-b-18096,finn-b-I9_IHD,,rs7071303,0.282530867093489,0.0476723675644588,3.09436441086818e-09,IHD
Leg fat mass (right) || id:ukb-b-18096,"Ischaemic heart disease, wide definition || id:finn-b-I9_IHD",ukb-b-18096,finn-b-I9_IHD,,rs7097348,0.280651462569587,0.0478492521204137,4.48251113800624e-09,IHD
Leg fat mass (right) || id:ukb-b-18096,"Ischaemic heart disease, wide definition || id:finn-b-I9_IHD",ukb-b-18096,finn-b-I9_IHD,,rs7124681,0.285090359578336,0.0478048829284169,2.46703681019289e-09,IHD
Leg fat mass (right) || id:ukb-b-18096,"Ischaemic heart disease, wide definition || id:finn-b-I9_IHD",ukb-b-18096,finn-b-I9_IHD,,rs7129648,0.280619966771249,0.0478383792834469,4.46431887341094e-09,IHD
Leg fat mass (right) || id:ukb-b-18096,"Ischaemic heart disease, wide definition || id:finn-b-I9_IHD",ukb-b-18096,finn-b-I9_IHD,,rs7132908,0.286221548338275,0.0478992445461932,2.29396922693358e-09,IHD
Leg fat mass (right) || id:ukb-b-18096,"Ischaemic heart disease, wide definition || id:finn-b-I9_IHD",ukb-b-18096,finn-b-I9_IHD,,rs71495038,0.279656446487623,0.0478617406915952,5.12671159267173e-09,IHD
Leg fat mass (right) || id:ukb-b-18096,"Ischaemic heart disease, wide definition || id:finn-b-I9_IHD",ukb-b-18096,finn-b-I9_IHD,,rs719802,0.282752105201518,0.0478177608817055,3.35689688739532e-09,IHD
Leg fat mass (right) || id:ukb-b-18096,"Ischaemic heart disease, wide definition || id:finn-b-I9_IHD",ukb-b-18096,finn-b-I9_IHD,,rs7206608,0.281633756794564,0.0478472225016661,3.95404103567147e-09,IHD
Leg fat mass (right) || id:ukb-b-18096,"Ischaemic heart disease, wide definition || id:finn-b-I9_IHD",ukb-b-18096,finn-b-I9_IHD,,rs7218014,0.283530820661679,0.0478745265798309,3.17328165418779e-09,IHD
Leg fat mass (right) || id:ukb-b-18096,"Ischaemic heart disease, wide definition || id:finn-b-I9_IHD",ukb-b-18096,finn-b-I9_IHD,,rs7234208,0.279705442378616,0.0478244346401271,4.95761606473286e-09,IHD
Leg fat mass (right) || id:ukb-b-18096,"Ischaemic heart disease, wide definition || id:finn-b-I9_IHD",ukb-b-18096,finn-b-I9_IHD,,rs7247187,0.282098802096827,0.0478002891099485,3.59964996898256e-09,IHD
Leg fat mass (right) || id:ukb-b-18096,"Ischaemic heart disease, wide definition || id:finn-b-I9_IHD",ukb-b-18096,finn-b-I9_IHD,,rs7258937,0.28028309399069,0.0478606936499879,4.73500465944522e-09,IHD
Leg fat mass (right) || id:ukb-b-18096,"Ischaemic heart disease, wide definition || id:finn-b-I9_IHD",ukb-b-18096,finn-b-I9_IHD,,rs7259070,0.278916129557568,0.0478696115235133,5.65746934199443e-09,IHD
Leg fat mass (right) || id:ukb-b-18096,"Ischaemic heart disease, wide definition || id:finn-b-I9_IHD",ukb-b-18096,finn-b-I9_IHD,,rs72634826,0.279849195404274,0.0478643537179372,5.01377904839908e-09,IHD
Leg fat mass (right) || id:ukb-b-18096,"Ischaemic heart disease, wide definition || id:finn-b-I9_IHD",ukb-b-18096,finn-b-I9_IHD,,rs72779695,0.281150316990016,0.0478228793500663,4.12772741725147e-09,IHD
Leg fat mass (right) || id:ukb-b-18096,"Ischaemic heart disease, wide definition || id:finn-b-I9_IHD",ukb-b-18096,finn-b-I9_IHD,,rs72811755,0.281041665948215,0.0478490256101831,4.26666749871264e-09,IHD
Leg fat mass (right) || id:ukb-b-18096,"Ischaemic heart disease, wide definition || id:finn-b-I9_IHD",ukb-b-18096,finn-b-I9_IHD,,rs72815827,0.280399740922841,0.0478424386292771,4.60365607033927e-09,IHD
Leg fat mass (right) || id:ukb-b-18096,"Ischaemic heart disease, wide definition || id:finn-b-I9_IHD",ukb-b-18096,finn-b-I9_IHD,,rs72866851,0.279311118400562,0.047776100671518,5.02772572768353e-09,IHD
Leg fat mass (right) || id:ukb-b-18096,"Ischaemic heart disease, wide definition || id:finn-b-I9_IHD",ukb-b-18096,finn-b-I9_IHD,,rs72892910,0.279364934898664,0.047985086580086,5.8178301344678e-09,IHD
Leg fat mass (right) || id:ukb-b-18096,"Ischaemic heart disease, wide definition || id:finn-b-I9_IHD",ukb-b-18096,finn-b-I9_IHD,,rs72913721,0.27737730530164,0.0477606033624908,6.33523209467817e-09,IHD
Leg fat mass (right) || id:ukb-b-18096,"Ischaemic heart disease, wide definition || id:finn-b-I9_IHD",ukb-b-18096,finn-b-I9_IHD,,rs72948836,0.281059952152609,0.0478251429126155,4.18212194405674e-09,IHD
Leg fat mass (right) || id:ukb-b-18096,"Ischaemic heart disease, wide definition || id:finn-b-I9_IHD",ukb-b-18096,finn-b-I9_IHD,,rs73052033,0.279795377739932,0.0478764313314409,5.0926792442731e-09,IHD
Leg fat mass (right) || id:ukb-b-18096,"Ischaemic heart disease, wide definition || id:finn-b-I9_IHD",ukb-b-18096,finn-b-I9_IHD,,rs73122615,0.279402885094917,0.0478284552100107,5.16487573405231e-09,IHD
Leg fat mass (right) || id:ukb-b-18096,"Ischaemic heart disease, wide definition || id:finn-b-I9_IHD",ukb-b-18096,finn-b-I9_IHD,,rs7314469,0.282311924862367,0.0477907927025953,3.47876045395446e-09,IHD
Leg fat mass (right) || id:ukb-b-18096,"Ischaemic heart disease, wide definition || id:finn-b-I9_IHD",ukb-b-18096,finn-b-I9_IHD,,rs73175572,0.281545019768386,0.0478201094943835,3.91876641937906e-09,IHD
Leg fat mass (right) || id:ukb-b-18096,"Ischaemic heart disease, wide definition || id:finn-b-I9_IHD",ukb-b-18096,finn-b-I9_IHD,,rs73213484,0.278039741779691,0.0478290417853322,6.12900981653335e-09,IHD
Leg fat mass (right) || id:ukb-b-18096,"Ischaemic heart disease, wide definition || id:finn-b-I9_IHD",ukb-b-18096,finn-b-I9_IHD,,rs7322222,0.279848765831354,0.0478312664680669,4.89362318490875e-09,IHD
Leg fat mass (right) || id:ukb-b-18096,"Ischaemic heart disease, wide definition || id:finn-b-I9_IHD",ukb-b-18096,finn-b-I9_IHD,,rs73759009,0.280174847014304,0.0478265021737287,4.68050434609836e-09,IHD
Leg fat mass (right) || id:ukb-b-18096,"Ischaemic heart disease, wide definition || id:finn-b-I9_IHD",ukb-b-18096,finn-b-I9_IHD,,rs73985439,0.279899760246278,0.0478491181487783,4.92660071534734e-09,IHD
Leg fat mass (right) || id:ukb-b-18096,"Ischaemic heart disease, wide definition || id:finn-b-I9_IHD",ukb-b-18096,finn-b-I9_IHD,,rs7442885,0.282931178823124,0.0478694070741278,3.41112022095229e-09,IHD
Leg fat mass (right) || id:ukb-b-18096,"Ischaemic heart disease, wide definition || id:finn-b-I9_IHD",ukb-b-18096,finn-b-I9_IHD,,rs745249,0.279694393935681,0.0478603689323775,5.09722750800807e-09,IHD
Leg fat mass (right) || id:ukb-b-18096,"Ischaemic heart disease, wide definition || id:finn-b-I9_IHD",ukb-b-18096,finn-b-I9_IHD,,rs7460093,0.280033872797236,0.0478421385586407,4.81945011098868e-09,IHD
Leg fat mass (right) || id:ukb-b-18096,"Ischaemic heart disease, wide definition || id:finn-b-I9_IHD",ukb-b-18096,finn-b-I9_IHD,,rs74606352,0.280710212061135,0.0478463315856182,4.43986431638692e-09,IHD
Leg fat mass (right) || id:ukb-b-18096,"Ischaemic heart disease, wide definition || id:finn-b-I9_IHD",ukb-b-18096,finn-b-I9_IHD,,rs74796445,0.279678813253129,0.047821526735737,4.96361537099777e-09,IHD
Leg fat mass (right) || id:ukb-b-18096,"Ischaemic heart disease, wide definition || id:finn-b-I9_IHD",ukb-b-18096,finn-b-I9_IHD,,rs75128238,0.279662789522815,0.047799635850426,4.89418554459173e-09,IHD
Leg fat mass (right) || id:ukb-b-18096,"Ischaemic heart disease, wide definition || id:finn-b-I9_IHD",ukb-b-18096,finn-b-I9_IHD,,rs7513326,0.282694842254789,0.0477352430073237,3.17776872883387e-09,IHD
Leg fat mass (right) || id:ukb-b-18096,"Ischaemic heart disease, wide definition || id:finn-b-I9_IHD",ukb-b-18096,finn-b-I9_IHD,,rs7537581,0.278678658936257,0.0478229352959431,5.63308155699675e-09,IHD
Leg fat mass (right) || id:ukb-b-18096,"Ischaemic heart disease, wide definition || id:finn-b-I9_IHD",ukb-b-18096,finn-b-I9_IHD,,rs754635,0.280272849207563,0.0478523379609546,4.71202016190113e-09,IHD
Leg fat mass (right) || id:ukb-b-18096,"Ischaemic heart disease, wide definition || id:finn-b-I9_IHD",ukb-b-18096,finn-b-I9_IHD,,rs75557510,0.280593549940954,0.0478554098061877,4.53590208060935e-09,IHD
Leg fat mass (right) || id:ukb-b-18096,"Ischaemic heart disease, wide definition || id:finn-b-I9_IHD",ukb-b-18096,finn-b-I9_IHD,,rs756717,0.280777350730556,0.0478517281568699,4.42006271000921e-09,IHD
Leg fat mass (right) || id:ukb-b-18096,"Ischaemic heart disease, wide definition || id:finn-b-I9_IHD",ukb-b-18096,finn-b-I9_IHD,,rs7575523,0.276025463144819,0.0478221062211454,7.83724328694279e-09,IHD
Leg fat mass (right) || id:ukb-b-18096,"Ischaemic heart disease, wide definition || id:finn-b-I9_IHD",ukb-b-18096,finn-b-I9_IHD,,rs7589069,0.281533933687836,0.0478195597255199,3.92265913634705e-09,IHD
Leg fat mass (right) || id:ukb-b-18096,"Ischaemic heart disease, wide definition || id:finn-b-I9_IHD",ukb-b-18096,finn-b-I9_IHD,,rs760738,0.280216677037001,0.0478327011775763,4.67725649264523e-09,IHD
Leg fat mass (right) || id:ukb-b-18096,"Ischaemic heart disease, wide definition || id:finn-b-I9_IHD",ukb-b-18096,finn-b-I9_IHD,,rs76084874,0.280234743654945,0.0478336458690663,4.66988475652671e-09,IHD
Leg fat mass (right) || id:ukb-b-18096,"Ischaemic heart disease, wide definition || id:finn-b-I9_IHD",ukb-b-18096,finn-b-I9_IHD,,rs7619139,0.281237853846367,0.0478468993279783,4.15579087561793e-09,IHD
Leg fat mass (right) || id:ukb-b-18096,"Ischaemic heart disease, wide definition || id:finn-b-I9_IHD",ukb-b-18096,finn-b-I9_IHD,,rs7663885,0.282788998618816,0.0477577383029256,3.19361729431646e-09,IHD
Leg fat mass (right) || id:ukb-b-18096,"Ischaemic heart disease, wide definition || id:finn-b-I9_IHD",ukb-b-18096,finn-b-I9_IHD,,rs76638898,0.278603971952383,0.0478114519023987,5.63856758666843e-09,IHD
Leg fat mass (right) || id:ukb-b-18096,"Ischaemic heart disease, wide definition || id:finn-b-I9_IHD",ukb-b-18096,finn-b-I9_IHD,,rs7665222,0.282136729193543,0.047792409251314,3.56129762292836e-09,IHD
Leg fat mass (right) || id:ukb-b-18096,"Ischaemic heart disease, wide definition || id:finn-b-I9_IHD",ukb-b-18096,finn-b-I9_IHD,,rs76702514,0.278328796574713,0.0477881410520924,5.7378873526231e-09,IHD
Leg fat mass (right) || id:ukb-b-18096,"Ischaemic heart disease, wide definition || id:finn-b-I9_IHD",ukb-b-18096,finn-b-I9_IHD,,rs7683836,0.283424395994749,0.0477323156098946,2.88892340462747e-09,IHD
Leg fat mass (right) || id:ukb-b-18096,"Ischaemic heart disease, wide definition || id:finn-b-I9_IHD",ukb-b-18096,finn-b-I9_IHD,,rs76895963,0.281331122277979,0.0478977615954286,4.26494478609988e-09,IHD
Leg fat mass (right) || id:ukb-b-18096,"Ischaemic heart disease, wide definition || id:finn-b-I9_IHD",ukb-b-18096,finn-b-I9_IHD,,rs7692662,0.281450926334463,0.0478294481725869,3.99332900988659e-09,IHD
Leg fat mass (right) || id:ukb-b-18096,"Ischaemic heart disease, wide definition || id:finn-b-I9_IHD",ukb-b-18096,finn-b-I9_IHD,,rs77149883,0.279357483146116,0.0478097463798377,5.12359590366412e-09,IHD
Leg fat mass (right) || id:ukb-b-18096,"Ischaemic heart disease, wide definition || id:finn-b-I9_IHD",ukb-b-18096,finn-b-I9_IHD,,rs7741738,0.278506070395532,0.0477303146452642,5.3792700023509e-09,IHD
Leg fat mass (right) || id:ukb-b-18096,"Ischaemic heart disease, wide definition || id:finn-b-I9_IHD",ukb-b-18096,finn-b-I9_IHD,,rs7765393,0.28248633278582,0.0478004069828558,3.42719681923159e-09,IHD
Leg fat mass (right) || id:ukb-b-18096,"Ischaemic heart disease, wide definition || id:finn-b-I9_IHD",ukb-b-18096,finn-b-I9_IHD,,rs7767938,0.280910906365442,0.0478390365877043,4.30564209106206e-09,IHD
Leg fat mass (right) || id:ukb-b-18096,"Ischaemic heart disease, wide definition || id:finn-b-I9_IHD",ukb-b-18096,finn-b-I9_IHD,,rs7774,0.278678735819507,0.0478292577918741,5.6590773721875e-09,IHD
Leg fat mass (right) || id:ukb-b-18096,"Ischaemic heart disease, wide definition || id:finn-b-I9_IHD",ukb-b-18096,finn-b-I9_IHD,,rs7783338,0.280078053324944,0.0478309339783463,4.75336593170067e-09,IHD
Leg fat mass (right) || id:ukb-b-18096,"Ischaemic heart disease, wide definition || id:finn-b-I9_IHD",ukb-b-18096,finn-b-I9_IHD,,rs77978620,0.2790312158256,0.0478074032898771,5.32866484970878e-09,IHD
Leg fat mass (right) || id:ukb-b-18096,"Ischaemic heart disease, wide definition || id:finn-b-I9_IHD",ukb-b-18096,finn-b-I9_IHD,,rs7822053,0.27883551062224,0.0477894952286131,5.38999957899546e-09,IHD
Leg fat mass (right) || id:ukb-b-18096,"Ischaemic heart disease, wide definition || id:finn-b-I9_IHD",ukb-b-18096,finn-b-I9_IHD,,rs7828631,0.281370216650426,0.04781842494002,4.00133609627523e-09,IHD
Leg fat mass (right) || id:ukb-b-18096,"Ischaemic heart disease, wide definition || id:finn-b-I9_IHD",ukb-b-18096,finn-b-I9_IHD,,rs7837172,0.279975140359471,0.0478371452360581,4.83736339846879e-09,IHD
Leg fat mass (right) || id:ukb-b-18096,"Ischaemic heart disease, wide definition || id:finn-b-I9_IHD",ukb-b-18096,finn-b-I9_IHD,,rs784257,0.283184973166281,0.0477361740713924,2.98732827877925e-09,IHD
Leg fat mass (right) || id:ukb-b-18096,"Ischaemic heart disease, wide definition || id:finn-b-I9_IHD",ukb-b-18096,finn-b-I9_IHD,,rs7846042,0.279575565450082,0.0478194553736403,5.02079108951133e-09,IHD
Leg fat mass (right) || id:ukb-b-18096,"Ischaemic heart disease, wide definition || id:finn-b-I9_IHD",ukb-b-18096,finn-b-I9_IHD,,rs7851623,0.279457687715079,0.0478284993095303,5.12962787018719e-09,IHD
Leg fat mass (right) || id:ukb-b-18096,"Ischaemic heart disease, wide definition || id:finn-b-I9_IHD",ukb-b-18096,finn-b-I9_IHD,,rs7854982,0.278478583539402,0.0477656376586414,5.53932008218783e-09,IHD
Leg fat mass (right) || id:ukb-b-18096,"Ischaemic heart disease, wide definition || id:finn-b-I9_IHD",ukb-b-18096,finn-b-I9_IHD,,rs785510,0.280882445872311,0.0478427060059136,4.33287955146417e-09,IHD
Leg fat mass (right) || id:ukb-b-18096,"Ischaemic heart disease, wide definition || id:finn-b-I9_IHD",ukb-b-18096,finn-b-I9_IHD,,rs78759867,0.281272569540432,0.0478298064549395,4.08543978561925e-09,IHD
Leg fat mass (right) || id:ukb-b-18096,"Ischaemic heart disease, wide definition || id:finn-b-I9_IHD",ukb-b-18096,finn-b-I9_IHD,,rs7893571,0.282105987986958,0.0478346229950884,3.68989562713115e-09,IHD
Leg fat mass (right) || id:ukb-b-18096,"Ischaemic heart disease, wide definition || id:finn-b-I9_IHD",ukb-b-18096,finn-b-I9_IHD,,rs7916385,0.281094079868869,0.04786539497294,4.29025664150722e-09,IHD
Leg fat mass (right) || id:ukb-b-18096,"Ischaemic heart disease, wide definition || id:finn-b-I9_IHD",ukb-b-18096,finn-b-I9_IHD,,rs7918733,0.281604128495609,0.0478196606342688,3.88827273965173e-09,IHD
Leg fat mass (right) || id:ukb-b-18096,"Ischaemic heart disease, wide definition || id:finn-b-I9_IHD",ukb-b-18096,finn-b-I9_IHD,,rs79197301,0.279400270305675,0.0477909951101585,5.02641410016683e-09,IHD
Leg fat mass (right) || id:ukb-b-18096,"Ischaemic heart disease, wide definition || id:finn-b-I9_IHD",ukb-b-18096,finn-b-I9_IHD,,rs79207593,0.278968994301989,0.0477672098509017,5.21451686986506e-09,IHD
Leg fat mass (right) || id:ukb-b-18096,"Ischaemic heart disease, wide definition || id:finn-b-I9_IHD",ukb-b-18096,finn-b-I9_IHD,,rs7924036,0.280525297607558,0.0478427405835077,4.53245769781357e-09,IHD
Leg fat mass (right) || id:ukb-b-18096,"Ischaemic heart disease, wide definition || id:finn-b-I9_IHD",ukb-b-18096,finn-b-I9_IHD,,rs79246548,0.283006421291148,0.0477766536342312,3.15104008086811e-09,IHD
Leg fat mass (right) || id:ukb-b-18096,"Ischaemic heart disease, wide definition || id:finn-b-I9_IHD",ukb-b-18096,finn-b-I9_IHD,,rs7924976,0.280291289476635,0.0478348073173319,4.64073808227102e-09,IHD
Leg fat mass (right) || id:ukb-b-18096,"Ischaemic heart disease, wide definition || id:finn-b-I9_IHD",ukb-b-18096,finn-b-I9_IHD,,rs79275587,0.279563510901874,0.0478414938362821,5.11041236685714e-09,IHD
Leg fat mass (right) || id:ukb-b-18096,"Ischaemic heart disease, wide definition || id:finn-b-I9_IHD",ukb-b-18096,finn-b-I9_IHD,,rs7944782,0.280032119397846,0.0478631572993334,4.89561033125154e-09,IHD
Leg fat mass (right) || id:ukb-b-18096,"Ischaemic heart disease, wide definition || id:finn-b-I9_IHD",ukb-b-18096,finn-b-I9_IHD,,rs79518326,0.281688872738193,0.0478208877091473,3.85032102333274e-09,IHD
Leg fat mass (right) || id:ukb-b-18096,"Ischaemic heart disease, wide definition || id:finn-b-I9_IHD",ukb-b-18096,finn-b-I9_IHD,,rs801738,0.283341169387493,0.0478433357552016,3.17527027154597e-09,IHD
Leg fat mass (right) || id:ukb-b-18096,"Ischaemic heart disease, wide definition || id:finn-b-I9_IHD",ukb-b-18096,finn-b-I9_IHD,,rs8020365,0.286967028943374,0.0478000396368231,1.93121437999499e-09,IHD
Leg fat mass (right) || id:ukb-b-18096,"Ischaemic heart disease, wide definition || id:finn-b-I9_IHD",ukb-b-18096,finn-b-I9_IHD,,rs8029301,0.278971397118532,0.0478028576111509,5.35097039101187e-09,IHD
Leg fat mass (right) || id:ukb-b-18096,"Ischaemic heart disease, wide definition || id:finn-b-I9_IHD",ukb-b-18096,finn-b-I9_IHD,,rs803973,0.27976880165713,0.0478391346098401,4.97172239058292e-09,IHD
Leg fat mass (right) || id:ukb-b-18096,"Ischaemic heart disease, wide definition || id:finn-b-I9_IHD",ukb-b-18096,finn-b-I9_IHD,,rs8059619,0.279821966918199,0.047906318026093,5.18808407272698e-09,IHD
Leg fat mass (right) || id:ukb-b-18096,"Ischaemic heart disease, wide definition || id:finn-b-I9_IHD",ukb-b-18096,finn-b-I9_IHD,,rs8078135,0.277494232847105,0.0477499407234512,6.19507742853973e-09,IHD
Leg fat mass (right) || id:ukb-b-18096,"Ischaemic heart disease, wide definition || id:finn-b-I9_IHD",ukb-b-18096,finn-b-I9_IHD,,rs8089514,0.28032474168399,0.0478474817529227,4.66463446461783e-09,IHD
Leg fat mass (right) || id:ukb-b-18096,"Ischaemic heart disease, wide definition || id:finn-b-I9_IHD",ukb-b-18096,finn-b-I9_IHD,,rs8093356,0.28200768506656,0.0478130095281849,3.6762847515967e-09,IHD
Leg fat mass (right) || id:ukb-b-18096,"Ischaemic heart disease, wide definition || id:finn-b-I9_IHD",ukb-b-18096,finn-b-I9_IHD,,rs8096564,0.278576635646843,0.0478074601497483,5.64144771921484e-09,IHD
Leg fat mass (right) || id:ukb-b-18096,"Ischaemic heart disease, wide definition || id:finn-b-I9_IHD",ukb-b-18096,finn-b-I9_IHD,,rs8108461,0.282621709647601,0.0477491227580809,3.24125587459298e-09,IHD
Leg fat mass (right) || id:ukb-b-18096,"Ischaemic heart disease, wide definition || id:finn-b-I9_IHD",ukb-b-18096,finn-b-I9_IHD,,rs8126575,0.28102924042415,0.0478397110850863,4.24396745543197e-09,IHD
Leg fat mass (right) || id:ukb-b-18096,"Ischaemic heart disease, wide definition || id:finn-b-I9_IHD",ukb-b-18096,finn-b-I9_IHD,,rs8132491,0.281808927659253,0.0478463858004748,3.86502697802332e-09,IHD
Leg fat mass (right) || id:ukb-b-18096,"Ischaemic heart disease, wide definition || id:finn-b-I9_IHD",ukb-b-18096,finn-b-I9_IHD,,rs8135285,0.279552019827037,0.0478216897877509,5.04393789271657e-09,IHD
Leg fat mass (right) || id:ukb-b-18096,"Ischaemic heart disease, wide definition || id:finn-b-I9_IHD",ukb-b-18096,finn-b-I9_IHD,,rs814403,0.279909032583513,0.0478309218477503,4.85545324121272e-09,IHD
Leg fat mass (right) || id:ukb-b-18096,"Ischaemic heart disease, wide definition || id:finn-b-I9_IHD",ukb-b-18096,finn-b-I9_IHD,,rs815163,0.281685151423222,0.0478517003060528,3.94154887409876e-09,IHD
Leg fat mass (right) || id:ukb-b-18096,"Ischaemic heart disease, wide definition || id:finn-b-I9_IHD",ukb-b-18096,finn-b-I9_IHD,,rs834128,0.280506610990233,0.0478500702178477,4.56778438079501e-09,IHD
Leg fat mass (right) || id:ukb-b-18096,"Ischaemic heart disease, wide definition || id:finn-b-I9_IHD",ukb-b-18096,finn-b-I9_IHD,,rs844092,0.280092220520143,0.0478403032771759,4.7777586179718e-09,IHD
Leg fat mass (right) || id:ukb-b-18096,"Ischaemic heart disease, wide definition || id:finn-b-I9_IHD",ukb-b-18096,finn-b-I9_IHD,,rs854917,0.280919290774111,0.0478455573949085,4.3219097896804e-09,IHD
Leg fat mass (right) || id:ukb-b-18096,"Ischaemic heart disease, wide definition || id:finn-b-I9_IHD",ukb-b-18096,finn-b-I9_IHD,,rs862320,0.27884580412668,0.0478669635731766,5.69646034641158e-09,IHD
Leg fat mass (right) || id:ukb-b-18096,"Ischaemic heart disease, wide definition || id:finn-b-I9_IHD",ukb-b-18096,finn-b-I9_IHD,,rs879620,0.284886379797255,0.0478709296635351,2.66288817016282e-09,IHD
Leg fat mass (right) || id:ukb-b-18096,"Ischaemic heart disease, wide definition || id:finn-b-I9_IHD",ukb-b-18096,finn-b-I9_IHD,,rs881301,0.28110443454972,0.0478365333041697,4.19399335562675e-09,IHD
Leg fat mass (right) || id:ukb-b-18096,"Ischaemic heart disease, wide definition || id:finn-b-I9_IHD",ukb-b-18096,finn-b-I9_IHD,,rs900448,0.282608852152077,0.0477989615208104,3.37061228386537e-09,IHD
Leg fat mass (right) || id:ukb-b-18096,"Ischaemic heart disease, wide definition || id:finn-b-I9_IHD",ukb-b-18096,finn-b-I9_IHD,,rs909691,0.27963936019115,0.0478188878374121,4.97862335630767e-09,IHD
Leg fat mass (right) || id:ukb-b-18096,"Ischaemic heart disease, wide definition || id:finn-b-I9_IHD",ukb-b-18096,finn-b-I9_IHD,,rs922654,0.282725426683894,0.0477775519892246,3.26798567755625e-09,IHD
Leg fat mass (right) || id:ukb-b-18096,"Ischaemic heart disease, wide definition || id:finn-b-I9_IHD",ukb-b-18096,finn-b-I9_IHD,,rs9289630,0.281827446913767,0.047880270192984,3.95445658428597e-09,IHD
Leg fat mass (right) || id:ukb-b-18096,"Ischaemic heart disease, wide definition || id:finn-b-I9_IHD",ukb-b-18096,finn-b-I9_IHD,,rs9294260,0.283454670242139,0.0477878422988377,3.00138100749962e-09,IHD
Leg fat mass (right) || id:ukb-b-18096,"Ischaemic heart disease, wide definition || id:finn-b-I9_IHD",ukb-b-18096,finn-b-I9_IHD,,rs9340799,0.280922934143992,0.0478364307997625,4.2908253881942e-09,IHD
Leg fat mass (right) || id:ukb-b-18096,"Ischaemic heart disease, wide definition || id:finn-b-I9_IHD",ukb-b-18096,finn-b-I9_IHD,,rs934224,0.280330492828681,0.0478462239318528,4.65693942688107e-09,IHD
Leg fat mass (right) || id:ukb-b-18096,"Ischaemic heart disease, wide definition || id:finn-b-I9_IHD",ukb-b-18096,finn-b-I9_IHD,,rs936145,0.279671302680276,0.0478356844434846,5.02025235294679e-09,IHD
Leg fat mass (right) || id:ukb-b-18096,"Ischaemic heart disease, wide definition || id:finn-b-I9_IHD",ukb-b-18096,finn-b-I9_IHD,,rs9395885,0.28028984068795,0.0478427970699713,4.66901248483703e-09,IHD
Leg fat mass (right) || id:ukb-b-18096,"Ischaemic heart disease, wide definition || id:finn-b-I9_IHD",ukb-b-18096,finn-b-I9_IHD,,rs9402097,0.281377738731223,0.0478295073283177,4.03061579658175e-09,IHD
Leg fat mass (right) || id:ukb-b-18096,"Ischaemic heart disease, wide definition || id:finn-b-I9_IHD",ukb-b-18096,finn-b-I9_IHD,,rs9421249,0.282387075863827,0.0478485543639871,3.59808551999225e-09,IHD
Leg fat mass (right) || id:ukb-b-18096,"Ischaemic heart disease, wide definition || id:finn-b-I9_IHD",ukb-b-18096,finn-b-I9_IHD,,rs9449357,0.281671133058719,0.0478201415759588,3.85682863899311e-09,IHD
Leg fat mass (right) || id:ukb-b-18096,"Ischaemic heart disease, wide definition || id:finn-b-I9_IHD",ukb-b-18096,finn-b-I9_IHD,,rs9449999,0.28074369411204,0.047846853882693,4.4228797608456e-09,IHD
Leg fat mass (right) || id:ukb-b-18096,"Ischaemic heart disease, wide definition || id:finn-b-I9_IHD",ukb-b-18096,finn-b-I9_IHD,,rs947612,0.278733219175239,0.0477878968844534,5.45324210221349e-09,IHD
Leg fat mass (right) || id:ukb-b-18096,"Ischaemic heart disease, wide definition || id:finn-b-I9_IHD",ukb-b-18096,finn-b-I9_IHD,,rs9480184,0.278286284007004,0.0477676537546471,5.6829060074662e-09,IHD
Leg fat mass (right) || id:ukb-b-18096,"Ischaemic heart disease, wide definition || id:finn-b-I9_IHD",ukb-b-18096,finn-b-I9_IHD,,rs9508857,0.282373172568554,0.0477358289740218,3.31211208478261e-09,IHD
Leg fat mass (right) || id:ukb-b-18096,"Ischaemic heart disease, wide definition || id:finn-b-I9_IHD",ukb-b-18096,finn-b-I9_IHD,,rs9522183,0.28020439548096,0.0478725607057175,4.82402251228212e-09,IHD
Leg fat mass (right) || id:ukb-b-18096,"Ischaemic heart disease, wide definition || id:finn-b-I9_IHD",ukb-b-18096,finn-b-I9_IHD,,rs9522279,0.282574153624077,0.0478428371631702,3.49876391281037e-09,IHD
Leg fat mass (right) || id:ukb-b-18096,"Ischaemic heart disease, wide definition || id:finn-b-I9_IHD",ukb-b-18096,finn-b-I9_IHD,,rs9532583,0.281438658136907,0.0478300339799743,4.00126919059768e-09,IHD
Leg fat mass (right) || id:ukb-b-18096,"Ischaemic heart disease, wide definition || id:finn-b-I9_IHD",ukb-b-18096,finn-b-I9_IHD,,rs9568867,0.280516607334389,0.0479001772081095,4.73364330126537e-09,IHD
Leg fat mass (right) || id:ukb-b-18096,"Ischaemic heart disease, wide definition || id:finn-b-I9_IHD",ukb-b-18096,finn-b-I9_IHD,,rs9571687,0.282483476466075,0.0477803057346686,3.37707641796463e-09,IHD
Leg fat mass (right) || id:ukb-b-18096,"Ischaemic heart disease, wide definition || id:finn-b-I9_IHD",ukb-b-18096,finn-b-I9_IHD,,rs9574869,0.27958819630033,0.0478196344515507,5.01348819607904e-09,IHD
Leg fat mass (right) || id:ukb-b-18096,"Ischaemic heart disease, wide definition || id:finn-b-I9_IHD",ukb-b-18096,finn-b-I9_IHD,,rs9610311,0.280170792331109,0.0478459170782617,4.7503751674145e-09,IHD
Leg fat mass (right) || id:ukb-b-18096,"Ischaemic heart disease, wide definition || id:finn-b-I9_IHD",ukb-b-18096,finn-b-I9_IHD,,rs9615723,0.279809432392421,0.0478304982631484,4.91510142324209e-09,IHD
Leg fat mass (right) || id:ukb-b-18096,"Ischaemic heart disease, wide definition || id:finn-b-I9_IHD",ukb-b-18096,finn-b-I9_IHD,,rs9615937,0.280440753259592,0.0478414554356411,4.57662497684962e-09,IHD
Leg fat mass (right) || id:ukb-b-18096,"Ischaemic heart disease, wide definition || id:finn-b-I9_IHD",ukb-b-18096,finn-b-I9_IHD,,rs9673839,0.281175042969405,0.0478478446527018,4.19180345048514e-09,IHD
Leg fat mass (right) || id:ukb-b-18096,"Ischaemic heart disease, wide definition || id:finn-b-I9_IHD",ukb-b-18096,finn-b-I9_IHD,,rs9783304,0.276242766017397,0.0478316895268152,7.68121892512903e-09,IHD
Leg fat mass (right) || id:ukb-b-18096,"Ischaemic heart disease, wide definition || id:finn-b-I9_IHD",ukb-b-18096,finn-b-I9_IHD,,rs9788550,0.278939521119082,0.0479032412998358,5.7808160961399e-09,IHD
Leg fat mass (right) || id:ukb-b-18096,"Ischaemic heart disease, wide definition || id:finn-b-I9_IHD",ukb-b-18096,finn-b-I9_IHD,,rs9800418,0.279803337682737,0.0478286072815584,4.91203318459199e-09,IHD
Leg fat mass (right) || id:ukb-b-18096,"Ischaemic heart disease, wide definition || id:finn-b-I9_IHD",ukb-b-18096,finn-b-I9_IHD,,rs9835574,0.27925680838568,0.0478878138286749,5.49380364527353e-09,IHD
Leg fat mass (right) || id:ukb-b-18096,"Ischaemic heart disease, wide definition || id:finn-b-I9_IHD",ukb-b-18096,finn-b-I9_IHD,,rs9839081,0.281539956233166,0.0478485930369295,4.00526795392066e-09,IHD
Leg fat mass (right) || id:ukb-b-18096,"Ischaemic heart disease, wide definition || id:finn-b-I9_IHD",ukb-b-18096,finn-b-I9_IHD,,rs9843653,0.281721978031425,0.0479622618641738,4.25850497787781e-09,IHD
Leg fat mass (right) || id:ukb-b-18096,"Ischaemic heart disease, wide definition || id:finn-b-I9_IHD",ukb-b-18096,finn-b-I9_IHD,,rs9866090,0.281045165825305,0.0478517453450957,4.27338534717677e-09,IHD
Leg fat mass (right) || id:ukb-b-18096,"Ischaemic heart disease, wide definition || id:finn-b-I9_IHD",ukb-b-18096,finn-b-I9_IHD,,rs9917946,0.280373889035718,0.047853504309008,4.65650552687432e-09,IHD
Leg fat mass (right) || id:ukb-b-18096,"Ischaemic heart disease, wide definition || id:finn-b-I9_IHD",ukb-b-18096,finn-b-I9_IHD,,rs9955276,0.278723233995249,0.0478184587241886,5.58343453670002e-09,IHD
Leg fat mass (right) || id:ukb-b-18096,"Ischaemic heart disease, wide definition || id:finn-b-I9_IHD",ukb-b-18096,finn-b-I9_IHD,,rs9968060,0.278231531001302,0.0477838451518097,5.79005550510024e-09,IHD
Leg fat mass (right) || id:ukb-b-18096,"Ischaemic heart disease, wide definition || id:finn-b-I9_IHD",ukb-b-18096,finn-b-I9_IHD,,rs9998491,0.280814680130753,0.047837436250348,4.35304759051795e-09,IHD
Leg fat mass (right) || id:ukb-b-18096,"Ischaemic heart disease, wide definition || id:finn-b-I9_IHD",ukb-b-18096,finn-b-I9_IHD,,All,0.280583408754666,0.0477815604514393,4.3002072019578e-09,IHD
