"location_name","year","IHD","DD","high_high"
"American Samoa",1992,383.03,2142.98,FALSE
"Antigua and Barbuda",1992,376.45,3062.03,FALSE
"Arab Republic of Egypt",1992,1078.65,4373.87,FALSE
"Argentine Republic",1992,347.85,3098.24,FALSE
"Australia",1992,320,5426.71,FALSE
"Barbados",1992,370.5,3245.37,FALSE
"Belize",1992,362.92,3389.49,FALSE
"Bermuda",1992,374.26,3928.91,FALSE
"Bolivarian Republic of Venezuela",1992,363.97,3708.66,FALSE
"Bosnia and Herzegovina",1992,376,3533.67,FALSE
"Brunei Darussalam",1992,129.48,1573.44,FALSE
"Burkina Faso",1992,336.23,5045.12,FALSE
"Canada",1992,397.75,3587.32,FALSE
"Central African Republic",1992,384.03,7805.7,FALSE
"Commonwealth of Dominica",1992,377.08,3149.74,FALSE
"Commonwealth of the Bahamas",1992,391.5,3185.49,FALSE
"Cook Islands",1992,353.6,2862.56,FALSE
"Czech Republic",1992,532.69,3563.61,FALSE
"Democratic People's Republic of Korea",1992,338.84,2388.64,FALSE
"Democratic Republic of Sao Tome and Principe",1992,379.67,3937.12,FALSE
"Democratic Republic of Timor-Leste",1992,210.67,2733.54,FALSE
"Democratic Republic of the Congo",1992,367,7101.04,FALSE
"Democratic Socialist Republic of Sri Lanka",1992,292.97,3242.45,FALSE
"Dominican Republic",1992,349.64,4287.02,FALSE
"Eastern Republic of Uruguay",1992,257.12,3084.73,FALSE
"Federal Democratic Republic of Ethiopia",1992,307.23,6024.98,FALSE
"Federal Democratic Republic of Nepal",1992,525.31,5681.26,TRUE
"Federal Republic of Germany",1992,430.54,3453.39,FALSE
"Federal Republic of Nigeria",1992,373.62,4607.84,FALSE
"Federal Republic of Somalia",1992,339.02,5694.79,FALSE
"Federated States of Micronesia",1992,393.59,2655.71,FALSE
"Federative Republic of Brazil",1992,194.42,4687.71,FALSE
"French Republic",1992,281.99,5162.26,FALSE
"Gabonese Republic",1992,349.18,7436.35,FALSE
"Georgia",1992,772.67,3701.4,FALSE
"Grand Duchy of Luxembourg",1992,135.42,4500.63,FALSE
"Greenland",1992,254.6,8434.75,FALSE
"Grenada",1992,386.64,3422.87,FALSE
"Guam",1992,327.52,2827.76,FALSE
"Hashemite Kingdom of Jordan",1992,959.7,5168.68,FALSE
"Hellenic Republic",1992,221.62,6245.05,FALSE
"Hungary",1992,570.96,3767.58,FALSE
"Independent State of Papua New Guinea",1992,350.74,2920.83,FALSE
"Independent State of Samoa",1992,406.71,2579.98,FALSE
"Ireland",1992,335.34,4741.01,FALSE
"Islamic Republic of Afghanistan",1992,1163.73,6188.16,TRUE
"Islamic Republic of Iran",1992,1035.08,5597.52,TRUE
"Islamic Republic of Mauritania",1992,404.64,4125.04,FALSE
"Islamic Republic of Pakistan",1992,644.59,4862.36,FALSE
"Jamaica",1992,350.28,3060.82,FALSE
"Japan",1992,98.38,2199.08,FALSE
"Kingdom of Bahrain",1992,1106.98,6299.92,TRUE
"Kingdom of Belgium",1992,320.72,3721.96,FALSE
"Kingdom of Bhutan",1992,581.29,5022.15,FALSE
"Kingdom of Cambodia",1992,227.9,3055.63,FALSE
"Kingdom of Denmark",1992,143.54,5196,FALSE
"Kingdom of Eswatini",1992,344.3,4871.27,FALSE
"Kingdom of Lesotho",1992,306.75,6809.1,FALSE
"Kingdom of Morocco",1992,1008.05,6429.43,TRUE
"Kingdom of Norway",1992,288.16,4188.87,FALSE
"Kingdom of Saudi Arabia",1992,888.28,4556.75,FALSE
"Kingdom of Spain",1992,214.4,4577.37,FALSE
"Kingdom of Sweden",1992,265.24,5199.65,FALSE
"Kingdom of Thailand",1992,220.63,2474.71,FALSE
"Kingdom of Tonga",1992,390.76,2186.61,FALSE
"Kingdom of the Netherlands",1992,302.07,4138.01,FALSE
"Kyrgyz Republic",1992,583.04,4232.72,FALSE
"Lao People's Democratic Republic",1992,268.47,2601.5,FALSE
"Lebanese Republic",1992,998.21,5401.85,TRUE
"Malaysia",1992,332.08,3110.75,FALSE
"Mongolia",1992,763.55,4785.5,FALSE
"Montenegro",1992,354.79,2912.83,FALSE
"New Zealand",1992,493.49,4109.01,FALSE
"North Macedonia",1992,400.01,2678.21,FALSE
"Northern Mariana Islands",1992,375.79,2189.93,FALSE
"Palestine",1992,960.33,8037.57,TRUE
"People's Democratic Republic of Algeria",1992,1123.04,4979.42,FALSE
"People's Republic of Bangladesh",1992,500.65,5793.49,TRUE
"People's Republic of China",1992,311.1,2779.49,FALSE
"Plurinational State of Bolivia",1992,258.15,4215.53,FALSE
"Portuguese Republic",1992,180.53,6191.65,FALSE
"Principality of Andorra",1992,186.17,4226.59,FALSE
"Principality of Monaco",1992,180.41,4862.68,FALSE
"Puerto Rico",1992,393.63,3039.63,FALSE
"Republic of Albania",1992,328.14,2175.86,FALSE
"Republic of Angola",1992,382.02,7720.33,FALSE
"Republic of Armenia",1992,645.75,2891.27,FALSE
"Republic of Austria",1992,237.61,3819.31,FALSE
"Republic of Azerbaijan",1992,669.79,2777.13,FALSE
"Republic of Belarus",1992,629.07,4673.21,FALSE
"Republic of Benin",1992,361.49,4973.11,FALSE
"Republic of Botswana",1992,359.15,4766.13,FALSE
"Republic of Bulgaria",1992,589.53,3130.42,FALSE
"Republic of Burundi",1992,327.65,6725.23,FALSE
"Republic of Cabo Verde",1992,371.85,5459.07,FALSE
"Republic of Cameroon",1992,325.24,5222.75,FALSE
"Republic of Chad",1992,371.25,6135.57,FALSE
"Republic of Chile",1992,191.09,5445.96,FALSE
"Republic of Colombia",1992,329.23,2613.22,FALSE
"Republic of Costa Rica",1992,353.53,3549.76,FALSE
"Republic of Croatia",1992,401.36,3796.94,FALSE
"Republic of Cuba",1992,429.61,5723.16,FALSE
"Republic of Cyprus",1992,166.19,3314.03,FALSE
"Republic of Côte d'Ivoire",1992,407.91,4322.67,FALSE
"Republic of Djibouti",1992,336.32,5043.28,FALSE
"Republic of Ecuador",1992,248.77,3568.15,FALSE
"Republic of El Salvador",1992,288.87,4442.91,FALSE
"Republic of Equatorial Guinea",1992,376.76,7831.81,FALSE
"Republic of Estonia",1992,612.12,5686.87,TRUE
"Republic of Fiji",1992,454.52,2502.75,FALSE
"Republic of Finland",1992,429.69,5842.58,FALSE
"Republic of Ghana",1992,431.41,5024.1,FALSE
"Republic of Guatemala",1992,283.62,4672.82,FALSE
"Republic of Guinea",1992,349.13,4819.63,FALSE
"Republic of Guinea-Bissau",1992,396.98,5010.68,FALSE
"Republic of Guyana",1992,416.87,5415.34,FALSE
"Republic of Haiti",1992,436.87,4097.88,FALSE
"Republic of Honduras",1992,337.82,3475.31,FALSE
"Republic of Iceland",1992,268.58,3520.03,FALSE
"Republic of India",1992,597.48,5091.91,FALSE
"Republic of Indonesia",1992,247.17,1860.3,FALSE
"Republic of Iraq",1992,1030.6,4595.9,FALSE
"Republic of Italy",1992,258.16,4664.66,FALSE
"Republic of Kazakhstan",1992,674.51,3901.4,FALSE
"Republic of Kenya",1992,345.9,6000.53,FALSE
"Republic of Kiribati",1992,428.91,2789.83,FALSE
"Republic of Korea",1992,203.05,2061.11,FALSE
"Republic of Latvia",1992,509.66,5235.68,TRUE
"Republic of Liberia",1992,390.75,5359.3,FALSE
"Republic of Lithuania",1992,534.01,5160.78,FALSE
"Republic of Madagascar",1992,349.85,5670.15,FALSE
"Republic of Malawi",1992,331.98,4858.51,FALSE
"Republic of Maldives",1992,240.57,3641.81,FALSE
"Republic of Mali",1992,357.71,3887.3,FALSE
"Republic of Malta",1992,170.92,3408.87,FALSE
"Republic of Mauritius",1992,297.19,4488.2,FALSE
"Republic of Moldova",1992,667,4189.83,FALSE
"Republic of Mozambique",1992,326.81,5612.15,FALSE
"Republic of Namibia",1992,361.9,4090.34,FALSE
"Republic of Nauru",1992,400.53,2845.73,FALSE
"Republic of Nicaragua",1992,321.29,3771.91,FALSE
"Republic of Niue",1992,379.99,2867.65,FALSE
"Republic of Palau",1992,352.25,2868.76,FALSE
"Republic of Panama",1992,306.56,3374.48,FALSE
"Republic of Paraguay",1992,186.05,3279.02,FALSE
"Republic of Peru",1992,242.79,2369.74,FALSE
"Republic of Poland",1992,503.8,2015.57,FALSE
"Republic of Rwanda",1992,309.85,7002.3,FALSE
"Republic of San Marino",1992,176.05,4880.69,FALSE
"Republic of Senegal",1992,407.45,4451.23,FALSE
"Republic of Serbia",1992,499.69,3275.31,FALSE
"Republic of Seychelles",1992,217.76,2410.56,FALSE
"Republic of Sierra Leone",1992,419.85,4753.39,FALSE
"Republic of Singapore",1992,219.72,3453.95,FALSE
"Republic of Slovenia",1992,347.5,4355.8,FALSE
"Republic of South Africa",1992,406.46,4783.91,FALSE
"Republic of South Sudan",1992,308.13,5330.62,FALSE
"Republic of Sudan",1992,1070.61,5258.78,TRUE
"Republic of Suriname",1992,408.56,5222.68,FALSE
"Republic of Tajikistan",1992,599.86,3181.57,FALSE
"Republic of Trinidad and Tobago",1992,456.09,4517.96,FALSE
"Republic of Tunisia",1992,880.1,6441.85,TRUE
"Republic of Turkey",1992,807.71,4655.45,FALSE
"Republic of Uganda",1992,307.48,9146.75,FALSE
"Republic of Uzbekistan",1992,688.85,3698.26,FALSE
"Republic of Vanuatu",1992,438.24,2775.05,FALSE
"Republic of Yemen",1992,1015.64,5983.75,TRUE
"Republic of Zambia",1992,317.97,4742.16,FALSE
"Republic of Zimbabwe",1992,356.06,3370.45,FALSE
"Republic of the Congo",1992,392.74,7704.21,FALSE
"Republic of the Gambia",1992,407.86,7141.8,FALSE
"Republic of the Marshall Islands",1992,374.06,2580.28,FALSE
"Republic of the Niger",1992,360.38,4675.83,FALSE
"Republic of the Philippines",1992,226.78,3080.44,FALSE
"Republic of the Union of Myanmar",1992,291.84,1558.09,FALSE
"Romania",1992,518.7,2680.96,FALSE
"Russian Federation",1992,757.44,3660.64,FALSE
"Saint Kitts and Nevis",1992,397.24,4491.17,FALSE
"Saint Lucia",1992,403.99,3478.78,FALSE
"Saint Vincent and the Grenadines",1992,377.54,3436.8,FALSE
"Slovak Republic",1992,496.68,3046.42,FALSE
"Socialist Republic of Viet Nam",1992,220.52,2035.22,FALSE
"Solomon Islands",1992,421.83,2776.33,FALSE
"State of Eritrea",1992,315.09,5917.43,FALSE
"State of Israel",1992,275.56,5552.03,FALSE
"State of Kuwait",1992,1087.44,4535.9,FALSE
"State of Libya",1992,873.32,5021.08,FALSE
"State of Qatar",1992,1106.86,5051.8,FALSE
"Sultanate of Oman",1992,1074.55,4561.26,FALSE
"Swiss Confederation",1992,232.19,5239.5,FALSE
"Syrian Arab Republic",1992,1122.52,4756.81,FALSE
"Taiwan (Province of China)",1992,341.12,1796.05,FALSE
"Togolese Republic",1992,397.48,5055.13,FALSE
"Tokelau",1992,332.28,2878.52,FALSE
"Turkmenistan",1992,737.7,3580.82,FALSE
"Tuvalu",1992,356.81,2879.92,FALSE
"Ukraine",1992,728.72,5376.83,TRUE
"Union of the Comoros",1992,330.64,4931.1,FALSE
"United Arab Emirates",1992,1085.44,4541.4,FALSE
"United Kingdom of Great Britain and Northern Ireland",1992,251.41,5464.83,FALSE
"United Mexican States",1992,343.98,3531.41,FALSE
"United Republic of Tanzania",1992,289.55,5584.07,FALSE
"United States Virgin Islands",1992,368.25,3444.94,FALSE
"United States of America",1992,457.48,4288.77,FALSE
"American Samoa",1993,385.13,2132.86,FALSE
"Antigua and Barbuda",1993,376.49,3029.86,FALSE
"Arab Republic of Egypt",1993,1077.38,4395.11,FALSE
"Argentine Republic",1993,342.24,3103.46,FALSE
"Australia",1993,307.57,5456.68,FALSE
"Barbados",1993,371.92,3217.9,FALSE
"Belize",1993,365.45,3387.94,FALSE
"Bermuda",1993,374.86,3899.98,FALSE
"Bolivarian Republic of Venezuela",1993,361.44,3719.77,FALSE
"Bosnia and Herzegovina",1993,375.74,3517.18,FALSE
"Brunei Darussalam",1993,128.98,1559.1,FALSE
"Burkina Faso",1993,335.17,4986.28,FALSE
"Canada",1993,396.23,3617.49,FALSE
"Central African Republic",1993,384.07,7812.44,FALSE
"Commonwealth of Dominica",1993,377.07,3120.2,FALSE
"Commonwealth of the Bahamas",1993,392.53,3159.03,FALSE
"Cook Islands",1993,354.58,2863.57,FALSE
"Czech Republic",1993,525.27,3550.55,FALSE
"Democratic People's Republic of Korea",1993,341.46,2380.97,FALSE
"Democratic Republic of Sao Tome and Principe",1993,381.34,3923.08,FALSE
"Democratic Republic of Timor-Leste",1993,210.32,2718.18,FALSE
"Democratic Republic of the Congo",1993,365.75,7083.91,FALSE
"Democratic Socialist Republic of Sri Lanka",1993,297.87,3233.13,FALSE
"Dominican Republic",1993,348.23,4297.57,FALSE
"Eastern Republic of Uruguay",1993,255.98,3057.58,FALSE
"Federal Democratic Republic of Ethiopia",1993,304.16,6005.86,FALSE
"Federal Democratic Republic of Nepal",1993,520.48,5675.63,TRUE
"Federal Republic of Germany",1993,427.63,3433.54,FALSE
"Federal Republic of Nigeria",1993,373.42,4604.1,FALSE
"Federal Republic of Somalia",1993,337.74,5696.32,FALSE
"Federated States of Micronesia",1993,393.78,2645,FALSE
"Federative Republic of Brazil",1993,192.87,4693.55,FALSE
"French Republic",1993,280.45,5081.33,FALSE
"Gabonese Republic",1993,349.83,7426.99,FALSE
"Georgia",1993,767.66,3691.51,FALSE
"Grand Duchy of Luxembourg",1993,130.08,4468.1,FALSE
"Greenland",1993,252.95,8484.35,FALSE
"Grenada",1993,386.91,3411.4,FALSE
"Guam",1993,331.35,2817.65,FALSE
"Hashemite Kingdom of Jordan",1993,956.25,5149.67,FALSE
"Hellenic Republic",1993,223.26,6227.46,FALSE
"Hungary",1993,568.31,3745.6,FALSE
"Independent State of Papua New Guinea",1993,349.47,2914.36,FALSE
"Independent State of Samoa",1993,408.28,2569.96,FALSE
"Ireland",1993,335.44,4752.38,FALSE
"Islamic Republic of Afghanistan",1993,1164.77,6180.66,TRUE
"Islamic Republic of Iran",1993,1043.27,5541.88,TRUE
"Islamic Republic of Mauritania",1993,403.57,4115.06,FALSE
"Islamic Republic of Pakistan",1993,649.7,4830.84,FALSE
"Jamaica",1993,349.46,3024.82,FALSE
"Japan",1993,100.22,2171.84,FALSE
"Kingdom of Bahrain",1993,1112.08,6322.11,TRUE
"Kingdom of Belgium",1993,318.37,3713.1,FALSE
"Kingdom of Bhutan",1993,579.56,5000.57,FALSE
"Kingdom of Cambodia",1993,229.06,3059.54,FALSE
"Kingdom of Denmark",1993,143.4,5138.03,FALSE
"Kingdom of Eswatini",1993,344.83,4891.48,FALSE
"Kingdom of Lesotho",1993,306.32,6661.22,FALSE
"Kingdom of Morocco",1993,1007.26,6435.17,TRUE
"Kingdom of Norway",1993,288.82,4203.5,FALSE
"Kingdom of Saudi Arabia",1993,893.87,4546.03,FALSE
"Kingdom of Spain",1993,205.9,4491.95,FALSE
"Kingdom of Sweden",1993,261.23,5226.81,FALSE
"Kingdom of Thailand",1993,220.91,2484.99,FALSE
"Kingdom of Tonga",1993,392.07,2175.57,FALSE
"Kingdom of the Netherlands",1993,296.64,4113.31,FALSE
"Kyrgyz Republic",1993,587.27,4219.19,FALSE
"Lao People's Democratic Republic",1993,270.34,2594.71,FALSE
"Lebanese Republic",1993,995.07,5489.67,TRUE
"Malaysia",1993,339.88,3104.22,FALSE
"Mongolia",1993,768.68,4807.01,FALSE
"Montenegro",1993,355.8,2909.56,FALSE
"New Zealand",1993,497.85,4132.48,FALSE
"North Macedonia",1993,407.79,2669.84,FALSE
"Northern Mariana Islands",1993,376.89,2187.56,FALSE
"Palestine",1993,961.13,8031.34,TRUE
"People's Democratic Republic of Algeria",1993,1127.11,4959.44,FALSE
"People's Republic of Bangladesh",1993,495.89,5763.49,TRUE
"People's Republic of China",1993,310.56,2824.44,FALSE
"Plurinational State of Bolivia",1993,257.65,4208.48,FALSE
"Portuguese Republic",1993,180.75,6150.87,FALSE
"Principality of Andorra",1993,186,4207.15,FALSE
"Principality of Monaco",1993,180.22,4860.3,FALSE
"Puerto Rico",1993,390.06,3037.89,FALSE
"Republic of Albania",1993,325.69,2179.15,FALSE
"Republic of Angola",1993,380.42,7710.81,FALSE
"Republic of Armenia",1993,644.46,2874.44,FALSE
"Republic of Austria",1993,239.09,3794.33,FALSE
"Republic of Azerbaijan",1993,676.02,2750.73,FALSE
"Republic of Belarus",1993,642.28,4702.29,FALSE
"Republic of Benin",1993,360.27,4979.46,FALSE
"Republic of Botswana",1993,361.12,4788.5,FALSE
"Republic of Bulgaria",1993,601.79,3122.14,FALSE
"Republic of Burundi",1993,328.11,6711.12,FALSE
"Republic of Cabo Verde",1993,373.36,5504.52,FALSE
"Republic of Cameroon",1993,329.15,5239.27,FALSE
"Republic of Chad",1993,370.6,6146.75,FALSE
"Republic of Chile",1993,185.6,5420.19,FALSE
"Republic of Colombia",1993,324.96,2628.33,FALSE
"Republic of Costa Rica",1993,352.48,3547.64,FALSE
"Republic of Croatia",1993,386.85,3783.47,FALSE
"Republic of Cuba",1993,424.72,5663.11,FALSE
"Republic of Cyprus",1993,169.69,3286.52,FALSE
"Republic of Côte d'Ivoire",1993,410.87,4326.64,FALSE
"Republic of Djibouti",1993,336.5,5040.02,FALSE
"Republic of Ecuador",1993,247.95,3570.43,FALSE
"Republic of El Salvador",1993,289.31,4431.42,FALSE
"Republic of Equatorial Guinea",1993,375.76,7799.07,FALSE
"Republic of Estonia",1993,605.65,5670.16,TRUE
"Republic of Fiji",1993,459.14,2502.36,FALSE
"Republic of Finland",1993,403.35,5782.31,FALSE
"Republic of Ghana",1993,434.43,5024.06,FALSE
"Republic of Guatemala",1993,282.97,4713.8,FALSE
"Republic of Guinea",1993,348.76,4828.18,FALSE
"Republic of Guinea-Bissau",1993,397.76,5020.4,FALSE
"Republic of Guyana",1993,417.43,5442.54,FALSE
"Republic of Haiti",1993,434.78,4088.87,FALSE
"Republic of Honduras",1993,342.29,3478.59,FALSE
"Republic of Iceland",1993,268.43,3499.62,FALSE
"Republic of India",1993,594.65,5227.14,TRUE
"Republic of Indonesia",1993,249.58,1848.49,FALSE
"Republic of Iraq",1993,1030.87,4594.16,FALSE
"Republic of Italy",1993,256.3,4732.66,FALSE
"Republic of Kazakhstan",1993,693.95,3889.99,FALSE
"Republic of Kenya",1993,344.8,5999.4,FALSE
"Republic of Kiribati",1993,429.13,2772.95,FALSE
"Republic of Korea",1993,199.17,2048.07,FALSE
"Republic of Latvia",1993,510.04,5216.13,TRUE
"Republic of Liberia",1993,390.93,5342.06,FALSE
"Republic of Lithuania",1993,519.59,5186.65,FALSE
"Republic of Madagascar",1993,351.92,5654.83,FALSE
"Republic of Malawi",1993,330.86,4860.52,FALSE
"Republic of Maldives",1993,240.63,3632.07,FALSE
"Republic of Mali",1993,357.22,3878.02,FALSE
"Republic of Malta",1993,172.51,3379.49,FALSE
"Republic of Mauritius",1993,303.42,4486.58,FALSE
"Republic of Moldova",1993,672.31,4158.84,FALSE
"Republic of Mozambique",1993,323.06,5620.18,FALSE
"Republic of Namibia",1993,361.53,4113.84,FALSE
"Republic of Nauru",1993,401.87,2847.1,FALSE
"Republic of Nicaragua",1993,322.27,3795.17,FALSE
"Republic of Niue",1993,381.68,2865.78,FALSE
"Republic of Palau",1993,355.44,2867.83,FALSE
"Republic of Panama",1993,305.79,3371.58,FALSE
"Republic of Paraguay",1993,186.28,3282.51,FALSE
"Republic of Peru",1993,240.66,2364.71,FALSE
"Republic of Poland",1993,508.67,2022.13,FALSE
"Republic of Rwanda",1993,310,7020.48,FALSE
"Republic of San Marino",1993,175.15,4881.81,FALSE
"Republic of Senegal",1993,404.82,4448.12,FALSE
"Republic of Serbia",1993,503.43,3262.17,FALSE
"Republic of Seychelles",1993,218.15,2397.28,FALSE
"Republic of Sierra Leone",1993,418.08,4772.75,FALSE
"Republic of Singapore",1993,219.47,3429.5,FALSE
"Republic of Slovenia",1993,345.76,4345.27,FALSE
"Republic of South Africa",1993,401.89,4721.63,FALSE
"Republic of South Sudan",1993,306.81,5322.09,FALSE
"Republic of Sudan",1993,1070.93,5260.52,TRUE
"Republic of Suriname",1993,409.92,5242.56,FALSE
"Republic of Tajikistan",1993,606.12,3162.83,FALSE
"Republic of Trinidad and Tobago",1993,457.55,4504.8,FALSE
"Republic of Tunisia",1993,884.62,6433.46,TRUE
"Republic of Turkey",1993,799.3,4646.61,FALSE
"Republic of Uganda",1993,306.66,9336.93,FALSE
"Republic of Uzbekistan",1993,735.28,3683.78,FALSE
"Republic of Vanuatu",1993,441.5,2768.25,FALSE
"Republic of Yemen",1993,1014.08,5994.6,TRUE
"Republic of Zambia",1993,316.46,4752.25,FALSE
"Republic of Zimbabwe",1993,357.79,3371.86,FALSE
"Republic of the Congo",1993,394.03,7686.31,FALSE
"Republic of the Gambia",1993,409.05,7218.71,FALSE
"Republic of the Marshall Islands",1993,376.46,2576.56,FALSE
"Republic of the Niger",1993,359.16,4672.44,FALSE
"Republic of the Philippines",1993,230.08,3045.38,FALSE
"Republic of the Union of Myanmar",1993,294.85,1547.96,FALSE
"Romania",1993,517.31,2674.73,FALSE
"Russian Federation",1993,767.99,3674.73,FALSE
"Saint Kitts and Nevis",1993,398.33,4489.4,FALSE
"Saint Lucia",1993,401.46,3459.53,FALSE
"Saint Vincent and the Grenadines",1993,377.58,3419.77,FALSE
"Slovak Republic",1993,483.31,3037.51,FALSE
"Socialist Republic of Viet Nam",1993,220.71,2023.42,FALSE
"Solomon Islands",1993,426.2,2766.8,FALSE
"State of Eritrea",1993,313.96,5894.25,FALSE
"State of Israel",1993,274.38,5656.09,FALSE
"State of Kuwait",1993,1086.96,4534.55,FALSE
"State of Libya",1993,871.98,5024.19,FALSE
"State of Qatar",1993,1122.5,5055.08,FALSE
"Sultanate of Oman",1993,1094.8,4553.69,FALSE
"Swiss Confederation",1993,222.67,5210.25,FALSE
"Syrian Arab Republic",1993,1136.53,4727.03,FALSE
"Taiwan (Province of China)",1993,336.13,1805.12,FALSE
"Togolese Republic",1993,398.88,5067.05,FALSE
"Tokelau",1993,334.03,2877.91,FALSE
"Turkmenistan",1993,747.35,3569.21,FALSE
"Tuvalu",1993,358.03,2878.38,FALSE
"Ukraine",1993,750.6,5450.14,TRUE
"Union of the Comoros",1993,330.76,4912.85,FALSE
"United Arab Emirates",1993,1085.52,4528.27,FALSE
"United Kingdom of Great Britain and Northern Ireland",1993,236.1,5322.95,FALSE
"United Mexican States",1993,341.26,3556.95,FALSE
"United Republic of Tanzania",1993,287.68,5572.49,FALSE
"United States Virgin Islands",1993,368.67,3428.95,FALSE
"United States of America",1993,451.53,4456.99,FALSE
"American Samoa",1994,386.66,2125.19,FALSE
"Antigua and Barbuda",1994,376.37,3008.89,FALSE
"Arab Republic of Egypt",1994,1074.24,4405.99,FALSE
"Argentine Republic",1994,336.34,3108.53,FALSE
"Australia",1994,295.04,5484.26,FALSE
"Barbados",1994,373.15,3197.85,FALSE
"Belize",1994,367.28,3390.94,FALSE
"Bermuda",1994,375.04,3873,FALSE
"Bolivarian Republic of Venezuela",1994,358.91,3729.48,FALSE
"Bosnia and Herzegovina",1994,374.78,3507.09,FALSE
"Brunei Darussalam",1994,128.6,1548.73,FALSE
"Burkina Faso",1994,334.59,4943.48,FALSE
"Canada",1994,393.93,3647.46,FALSE
"Central African Republic",1994,384.18,7816.97,FALSE
"Commonwealth of Dominica",1994,376.91,3098.97,FALSE
"Commonwealth of the Bahamas",1994,393.13,3139.93,FALSE
"Cook Islands",1994,355.28,2864.59,FALSE
"Czech Republic",1994,517.86,3534.82,FALSE
"Democratic People's Republic of Korea",1994,343.55,2372.69,FALSE
"Democratic Republic of Sao Tome and Principe",1994,382.85,3912.08,FALSE
"Democratic Republic of Timor-Leste",1994,209.91,2702.94,FALSE
"Democratic Republic of the Congo",1994,364.71,7069.36,FALSE
"Democratic Socialist Republic of Sri Lanka",1994,300.69,3220.1,FALSE
"Dominican Republic",1994,347.07,4309.27,FALSE
"Eastern Republic of Uruguay",1994,254.41,3043.53,FALSE
"Federal Democratic Republic of Ethiopia",1994,302,5990.12,FALSE
"Federal Democratic Republic of Nepal",1994,517.35,5675.85,TRUE
"Federal Republic of Germany",1994,423.99,3421.18,FALSE
"Federal Republic of Nigeria",1994,373.51,4603.39,FALSE
"Federal Republic of Somalia",1994,336.96,5695.34,FALSE
"Federated States of Micronesia",1994,393.74,2635.72,FALSE
"Federative Republic of Brazil",1994,191.41,4709.56,FALSE
"French Republic",1994,278.57,5027.99,FALSE
"Gabonese Republic",1994,350.36,7420.28,FALSE
"Georgia",1994,761.9,3682.6,FALSE
"Grand Duchy of Luxembourg",1994,124.63,4434.39,FALSE
"Greenland",1994,251.9,8511.99,FALSE
"Grenada",1994,386.92,3404.93,FALSE
"Guam",1994,334.37,2809.12,FALSE
"Hashemite Kingdom of Jordan",1994,954.65,5134.35,FALSE
"Hellenic Republic",1994,224.03,6220.35,FALSE
"Hungary",1994,564.75,3720.48,FALSE
"Independent State of Papua New Guinea",1994,348.8,2908.63,FALSE
"Independent State of Samoa",1994,409.3,2559.71,FALSE
"Ireland",1994,334.97,4762.41,FALSE
"Islamic Republic of Afghanistan",1994,1163.67,6173.33,TRUE
"Islamic Republic of Iran",1994,1046.76,5501.98,TRUE
"Islamic Republic of Mauritania",1994,402.7,4104.38,FALSE
"Islamic Republic of Pakistan",1994,654.51,4808.66,FALSE
"Jamaica",1994,349.02,3000.08,FALSE
"Japan",1994,101.29,2157.19,FALSE
"Kingdom of Bahrain",1994,1115.18,6340.12,TRUE
"Kingdom of Belgium",1994,315.29,3707.88,FALSE
"Kingdom of Bhutan",1994,578.56,4979.36,FALSE
"Kingdom of Cambodia",1994,229.58,3060.62,FALSE
"Kingdom of Denmark",1994,142.91,5073.17,FALSE
"Kingdom of Eswatini",1994,345.38,4910.1,FALSE
"Kingdom of Lesotho",1994,306.18,6562.32,FALSE
"Kingdom of Morocco",1994,1005.92,6437.79,TRUE
"Kingdom of Norway",1994,288.45,4210.43,FALSE
"Kingdom of Saudi Arabia",1994,899.38,4540.55,FALSE
"Kingdom of Spain",1994,199.07,4424.33,FALSE
"Kingdom of Sweden",1994,257.32,5246.54,FALSE
"Kingdom of Thailand",1994,220.88,2495.18,FALSE
"Kingdom of Tonga",1994,392.9,2167.09,FALSE
"Kingdom of the Netherlands",1994,291.24,4094.63,FALSE
"Kyrgyz Republic",1994,591.41,4206.94,FALSE
"Lao People's Democratic Republic",1994,271.28,2586.66,FALSE
"Lebanese Republic",1994,991.61,5571.17,TRUE
"Malaysia",1994,345.2,3095.18,FALSE
"Mongolia",1994,773.56,4826.74,FALSE
"Montenegro",1994,356.45,2907.77,FALSE
"New Zealand",1994,499.19,4149.47,FALSE
"North Macedonia",1994,412.82,2661.34,FALSE
"Northern Mariana Islands",1994,378.09,2183.41,FALSE
"Palestine",1994,961.64,8032.47,TRUE
"People's Democratic Republic of Algeria",1994,1128.79,4942.56,FALSE
"People's Republic of Bangladesh",1994,491.72,5737.67,TRUE
"People's Republic of China",1994,310.96,2846.81,FALSE
"Plurinational State of Bolivia",1994,257.13,4200.28,FALSE
"Portuguese Republic",1994,180.61,6123.95,FALSE
"Principality of Andorra",1994,184.86,4199.86,FALSE
"Principality of Monaco",1994,179.88,4857.33,FALSE
"Puerto Rico",1994,386.49,3033.42,FALSE
"Republic of Albania",1994,323.51,2183.87,FALSE
"Republic of Angola",1994,379.18,7703.63,FALSE
"Republic of Armenia",1994,643.85,2864.77,FALSE
"Republic of Austria",1994,239.83,3766.34,FALSE
"Republic of Azerbaijan",1994,681.26,2731.68,FALSE
"Republic of Belarus",1994,653.06,4728.68,FALSE
"Republic of Benin",1994,359.43,4987.35,FALSE
"Republic of Botswana",1994,363,4812.25,FALSE
"Republic of Bulgaria",1994,610.45,3113.15,FALSE
"Republic of Burundi",1994,328.42,6694.81,FALSE
"Republic of Cabo Verde",1994,374.62,5552.16,FALSE
"Republic of Cameroon",1994,332.84,5255.58,FALSE
"Republic of Chad",1994,370.5,6161.27,FALSE
"Republic of Chile",1994,179.73,5392.79,FALSE
"Republic of Colombia",1994,320.74,2644.45,FALSE
"Republic of Costa Rica",1994,351.48,3548.31,FALSE
"Republic of Croatia",1994,371.94,3767.72,FALSE
"Republic of Cuba",1994,419.7,5599.98,FALSE
"Republic of Cyprus",1994,171.37,3266.08,FALSE
"Republic of Côte d'Ivoire",1994,413.09,4329.55,FALSE
"Republic of Djibouti",1994,336.79,5037.46,FALSE
"Republic of Ecuador",1994,247.19,3574.06,FALSE
"Republic of El Salvador",1994,289.53,4420.13,FALSE
"Republic of Equatorial Guinea",1994,374.8,7767.68,FALSE
"Republic of Estonia",1994,598.93,5657.08,TRUE
"Republic of Fiji",1994,461.78,2502.85,FALSE
"Republic of Finland",1994,378.05,5743.59,FALSE
"Republic of Ghana",1994,436.46,5023.94,FALSE
"Republic of Guatemala",1994,282.12,4757.69,FALSE
"Republic of Guinea",1994,348.65,4836.29,FALSE
"Republic of Guinea-Bissau",1994,398.28,5028.72,FALSE
"Republic of Guyana",1994,417.61,5471.94,FALSE
"Republic of Haiti",1994,432.47,4080.27,FALSE
"Republic of Honduras",1994,345.62,3484.21,FALSE
"Republic of Iceland",1994,267.48,3480.33,FALSE
"Republic of India",1994,593.2,5320.09,TRUE
"Republic of Indonesia",1994,251.18,1839.22,FALSE
"Republic of Iraq",1994,1030.88,4588.72,FALSE
"Republic of Italy",1994,254.57,4776.18,FALSE
"Republic of Kazakhstan",1994,711.19,3884.68,FALSE
"Republic of Kenya",1994,344.12,6002.49,FALSE
"Republic of Kiribati",1994,429.13,2757.08,FALSE
"Republic of Korea",1994,194.49,2039.48,FALSE
"Republic of Latvia",1994,508.38,5196.25,TRUE
"Republic of Liberia",1994,391.13,5342.7,FALSE
"Republic of Lithuania",1994,504.24,5209.83,TRUE
"Republic of Madagascar",1994,353.33,5641.64,FALSE
"Republic of Malawi",1994,330.35,4863.52,FALSE
"Republic of Maldives",1994,240.31,3619.1,FALSE
"Republic of Mali",1994,357.05,3867.87,FALSE
"Republic of Malta",1994,173.09,3355.75,FALSE
"Republic of Mauritius",1994,307.06,4486.96,FALSE
"Republic of Moldova",1994,675.65,4129.02,FALSE
"Republic of Mozambique",1994,320.76,5626.86,FALSE
"Republic of Namibia",1994,361.28,4129.54,FALSE
"Republic of Nauru",1994,403.06,2848.83,FALSE
"Republic of Nicaragua",1994,322.9,3816.76,FALSE
"Republic of Niue",1994,382.96,2864.53,FALSE
"Republic of Palau",1994,358.17,2866.13,FALSE
"Republic of Panama",1994,305.11,3370.41,FALSE
"Republic of Paraguay",1994,186.39,3286.46,FALSE
"Republic of Peru",1994,238.54,2358.83,FALSE
"Republic of Poland",1994,509.19,2028.45,FALSE
"Republic of Rwanda",1994,309.67,7083.01,FALSE
"Republic of San Marino",1994,174.24,4883.01,FALSE
"Republic of Senegal",1994,403.11,4444.43,FALSE
"Republic of Serbia",1994,506.21,3250.75,FALSE
"Republic of Seychelles",1994,218.39,2384.45,FALSE
"Republic of Sierra Leone",1994,416.66,4790.91,FALSE
"Republic of Singapore",1994,218.94,3401.57,FALSE
"Republic of Slovenia",1994,343.2,4332.23,FALSE
"Republic of South Africa",1994,398.96,4674.36,FALSE
"Republic of South Sudan",1994,306.02,5317.98,FALSE
"Republic of Sudan",1994,1070.52,5262.29,TRUE
"Republic of Suriname",1994,410.86,5261.71,FALSE
"Republic of Tajikistan",1994,612.28,3143.96,FALSE
"Republic of Trinidad and Tobago",1994,458.29,4490.69,FALSE
"Republic of Tunisia",1994,888.25,6425.65,TRUE
"Republic of Turkey",1994,791.37,4640.04,FALSE
"Republic of Uganda",1994,306.27,9498.28,FALSE
"Republic of Uzbekistan",1994,775.32,3671.34,FALSE
"Republic of Vanuatu",1994,443.82,2762.03,FALSE
"Republic of Yemen",1994,1012.24,6002.55,TRUE
"Republic of Zambia",1994,315.51,4758.82,FALSE
"Republic of Zimbabwe",1994,359.34,3371.93,FALSE
"Republic of the Congo",1994,394.88,7671.8,FALSE
"Republic of the Gambia",1994,410.11,7275.54,FALSE
"Republic of the Marshall Islands",1994,378.27,2573.37,FALSE
"Republic of the Niger",1994,358.19,4671.11,FALSE
"Republic of the Philippines",1994,232.6,3009.2,FALSE
"Republic of the Union of Myanmar",1994,296.66,1538.16,FALSE
"Romania",1994,515.09,2669.72,FALSE
"Russian Federation",1994,779.36,3686.37,FALSE
"Saint Kitts and Nevis",1994,398.98,4487.08,FALSE
"Saint Lucia",1994,399.26,3445.69,FALSE
"Saint Vincent and the Grenadines",1994,377.41,3408.97,FALSE
"Slovak Republic",1994,468.94,3028.64,FALSE
"Socialist Republic of Viet Nam",1994,220.7,2013.54,FALSE
"Solomon Islands",1994,428.7,2759.14,FALSE
"State of Eritrea",1994,313.09,5874.06,FALSE
"State of Israel",1994,272.77,5731.89,FALSE
"State of Kuwait",1994,1086.36,4532.2,FALSE
"State of Libya",1994,871.93,5030,FALSE
"State of Qatar",1994,1133.92,5059.6,FALSE
"Sultanate of Oman",1994,1108.3,4550.3,FALSE
"Swiss Confederation",1994,213.47,5180.47,FALSE
"Syrian Arab Republic",1994,1146.87,4703.32,FALSE
"Taiwan (Province of China)",1994,332.36,1812.62,FALSE
"Togolese Republic",1994,400.06,5077.05,FALSE
"Tokelau",1994,335.65,2877.16,FALSE
"Turkmenistan",1994,754.97,3558.92,FALSE
"Tuvalu",1994,359.06,2877.11,FALSE
"Ukraine",1994,770.78,5502.65,TRUE
"Union of the Comoros",1994,330.92,4896.91,FALSE
"United Arab Emirates",1994,1085.74,4515.9,FALSE
"United Kingdom of Great Britain and Northern Ireland",1994,223.79,5224.09,FALSE
"United Mexican States",1994,339.24,3578.47,FALSE
"United Republic of Tanzania",1994,286.61,5561.81,FALSE
"United States Virgin Islands",1994,368.8,3417.43,FALSE
"United States of America",1994,443.74,4614.73,FALSE
"American Samoa",1995,387.48,2120.54,FALSE
"Antigua and Barbuda",1995,376.12,3001.88,FALSE
"Arab Republic of Egypt",1995,1069.09,4406.72,FALSE
"Argentine Republic",1995,330.23,3113.54,FALSE
"Australia",1995,282.52,5509.69,FALSE
"Barbados",1995,374.13,3187.09,FALSE
"Belize",1995,368.21,3399.06,FALSE
"Bermuda",1995,374.86,3848.87,FALSE
"Bolivarian Republic of Venezuela",1995,356.48,3737.26,FALSE
"Bosnia and Herzegovina",1995,373.23,3500.65,FALSE
"Brunei Darussalam",1995,128.18,1544.14,FALSE
"Burkina Faso",1995,334.48,4921.49,FALSE
"Canada",1995,391.15,3676.69,FALSE
"Central African Republic",1995,384.34,7819.4,FALSE
"Commonwealth of Dominica",1995,376.66,3087.82,FALSE
"Commonwealth of the Bahamas",1995,393.3,3130.26,FALSE
"Cook Islands",1995,355.81,2864.97,FALSE
"Czech Republic",1995,510.58,3517.54,FALSE
"Democratic People's Republic of Korea",1995,344.9,2364.46,FALSE
"Democratic Republic of Sao Tome and Principe",1995,384.04,3905.65,FALSE
"Democratic Republic of Timor-Leste",1995,209.36,2688.54,FALSE
"Democratic Republic of the Congo",1995,363.91,7058.43,FALSE
"Democratic Socialist Republic of Sri Lanka",1995,301.12,3204.98,FALSE
"Dominican Republic",1995,346.13,4321.68,FALSE
"Eastern Republic of Uruguay",1995,252.52,3044.74,FALSE
"Federal Democratic Republic of Ethiopia",1995,301.02,5977.03,FALSE
"Federal Democratic Republic of Nepal",1995,515.99,5680.48,TRUE
"Federal Republic of Germany",1995,419.78,3414.72,FALSE
"Federal Republic of Nigeria",1995,373.81,4604.99,FALSE
"Federal Republic of Somalia",1995,336.62,5695.68,FALSE
"Federated States of Micronesia",1995,393.48,2628.3,FALSE
"Federative Republic of Brazil",1995,190.19,4732.3,FALSE
"French Republic",1995,276.46,5005.98,FALSE
"Gabonese Republic",1995,350.71,7415.93,FALSE
"Georgia",1995,755.45,3674.69,FALSE
"Grand Duchy of Luxembourg",1995,119.15,4400.15,FALSE
"Greenland",1995,250.33,8528.66,FALSE
"Grenada",1995,386.74,3404.57,FALSE
"Guam",1995,336.33,2802.39,FALSE
"Hashemite Kingdom of Jordan",1995,954.7,5123.52,FALSE
"Hellenic Republic",1995,224.04,6218.47,FALSE
"Hungary",1995,560.63,3692.95,FALSE
"Independent State of Papua New Guinea",1995,348.76,2904.07,FALSE
"Independent State of Samoa",1995,409.69,2549.45,FALSE
"Ireland",1995,334.15,4770.24,FALSE
"Islamic Republic of Afghanistan",1995,1161.34,6170.4,TRUE
"Islamic Republic of Iran",1995,1046.85,5479.12,TRUE
"Islamic Republic of Mauritania",1995,402.23,4093.3,FALSE
"Islamic Republic of Pakistan",1995,658.64,4796.02,FALSE
"Jamaica",1995,349.04,2989.38,FALSE
"Japan",1995,101.73,2152,FALSE
"Kingdom of Bahrain",1995,1116.13,6352.29,TRUE
"Kingdom of Belgium",1995,311.69,3705.6,FALSE
"Kingdom of Bhutan",1995,578.46,4958.8,FALSE
"Kingdom of Cambodia",1995,229.57,3059.93,FALSE
"Kingdom of Denmark",1995,142.3,5003.4,FALSE
"Kingdom of Eswatini",1995,345.9,4927.09,FALSE
"Kingdom of Lesotho",1995,306.25,6523.4,FALSE
"Kingdom of Morocco",1995,1004.06,6437.38,TRUE
"Kingdom of Norway",1995,287.34,4212.51,FALSE
"Kingdom of Saudi Arabia",1995,904.7,4540.45,FALSE
"Kingdom of Spain",1995,194.35,4378.41,FALSE
"Kingdom of Sweden",1995,253.54,5257.18,FALSE
"Kingdom of Thailand",1995,220.6,2505.09,FALSE
"Kingdom of Tonga",1995,393.18,2161.71,FALSE
"Kingdom of the Netherlands",1995,285.84,4083.13,FALSE
"Kyrgyz Republic",1995,595.64,4195.61,FALSE
"Lao People's Democratic Republic",1995,271.48,2577.82,FALSE
"Lebanese Republic",1995,988.15,5643.84,TRUE
"Malaysia",1995,347.58,3084.47,FALSE
"Mongolia",1995,778.07,4843.95,FALSE
"Montenegro",1995,356.78,2907.02,FALSE
"New Zealand",1995,497.64,4159.99,FALSE
"North Macedonia",1995,414.58,2653.18,FALSE
"Northern Mariana Islands",1995,379.23,2176.94,FALSE
"Palestine",1995,961.77,8038.4,TRUE
"People's Democratic Republic of Algeria",1995,1128.1,4929.91,FALSE
"People's Republic of Bangladesh",1995,488.25,5717.13,TRUE
"People's Republic of China",1995,312.18,2845.07,FALSE
"Plurinational State of Bolivia",1995,256.64,4191.2,FALSE
"Portuguese Republic",1995,180.2,6105.4,FALSE
"Principality of Andorra",1995,183.79,4195.79,FALSE
"Principality of Monaco",1995,179.55,4853.79,FALSE
"Puerto Rico",1995,383.02,3026.62,FALSE
"Republic of Albania",1995,321.78,2189.59,FALSE
"Republic of Angola",1995,378.42,7699.18,FALSE
"Republic of Armenia",1995,644.25,2861.57,FALSE
"Republic of Austria",1995,239.86,3736.82,FALSE
"Republic of Azerbaijan",1995,685.42,2721.05,FALSE
"Republic of Belarus",1995,660.79,4751.31,FALSE
"Republic of Benin",1995,359.07,4995.81,FALSE
"Republic of Botswana",1995,364.75,4836.72,FALSE
"Republic of Bulgaria",1995,614.68,3104.04,FALSE
"Republic of Burundi",1995,328.59,6670.53,FALSE
"Republic of Cabo Verde",1995,375.55,5600.97,FALSE
"Republic of Cameroon",1995,336.22,5271.16,FALSE
"Republic of Chad",1995,370.78,6178.08,FALSE
"Republic of Chile",1995,173.51,5364.76,FALSE
"Republic of Colombia",1995,316.65,2660.76,FALSE
"Republic of Costa Rica",1995,350.6,3551.69,FALSE
"Republic of Croatia",1995,357.05,3750.27,FALSE
"Republic of Cuba",1995,414.68,5535.39,FALSE
"Republic of Cyprus",1995,171.75,3254.62,FALSE
"Republic of Côte d'Ivoire",1995,414.31,4332.04,FALSE
"Republic of Djibouti",1995,337.07,5036.84,FALSE
"Republic of Ecuador",1995,246.52,3578.3,FALSE
"Republic of El Salvador",1995,289.49,4409.87,FALSE
"Republic of Equatorial Guinea",1995,373.92,7739.31,FALSE
"Republic of Estonia",1995,592.55,5647.13,TRUE
"Republic of Fiji",1995,462.3,2504.07,FALSE
"Republic of Finland",1995,354.28,5726.81,FALSE
"Republic of Ghana",1995,437.33,5023.73,FALSE
"Republic of Guatemala",1995,281.14,4801.84,FALSE
"Republic of Guinea",1995,348.76,4843.21,FALSE
"Republic of Guinea-Bissau",1995,398.47,5034.64,FALSE
"Republic of Guyana",1995,417.47,5502.81,FALSE
"Republic of Haiti",1995,430.09,4072.3,FALSE
"Republic of Honduras",1995,347.51,3491.78,FALSE
"Republic of Iceland",1995,266.09,3462.06,FALSE
"Republic of India",1995,593.07,5361.04,TRUE
"Republic of Indonesia",1995,251.88,1833.18,FALSE
"Republic of Iraq",1995,1030.58,4582.66,FALSE
"Republic of Italy",1995,253.01,4790.41,FALSE
"Republic of Kazakhstan",1995,725.77,3884.15,FALSE
"Republic of Kenya",1995,343.82,6008.8,FALSE
"Republic of Kiribati",1995,428.92,2742.79,FALSE
"Republic of Korea",1995,189.26,2035.74,FALSE
"Republic of Latvia",1995,505.23,5176.79,TRUE
"Republic of Liberia",1995,391.33,5351.36,FALSE
"Republic of Lithuania",1995,488.32,5228.59,TRUE
"Republic of Madagascar",1995,353.92,5631.33,FALSE
"Republic of Malawi",1995,330.41,4866.19,FALSE
"Republic of Maldives",1995,239.86,3603.7,FALSE
"Republic of Mali",1995,357.18,3856.99,FALSE
"Republic of Malta",1995,173,3340.16,FALSE
"Republic of Mauritius",1995,308.25,4488.99,FALSE
"Republic of Moldova",1995,676.56,4101.66,FALSE
"Republic of Mozambique",1995,319.94,5633.2,FALSE
"Republic of Namibia",1995,361.16,4138.76,FALSE
"Republic of Nauru",1995,404.03,2850.78,FALSE
"Republic of Nicaragua",1995,323.11,3836.16,FALSE
"Republic of Niue",1995,383.73,2863.92,FALSE
"Republic of Palau",1995,360.21,2863.46,FALSE
"Republic of Panama",1995,304.57,3371.03,FALSE
"Republic of Paraguay",1995,186.4,3290.38,FALSE
"Republic of Peru",1995,236.53,2352.33,FALSE
"Republic of Poland",1995,506.65,2034.44,FALSE
"Republic of Rwanda",1995,309.23,7137.72,FALSE
"Republic of San Marino",1995,173.36,4884.49,FALSE
"Republic of Senegal",1995,402.44,4440.62,FALSE
"Republic of Serbia",1995,507.86,3241.17,FALSE
"Republic of Seychelles",1995,218.5,2372.49,FALSE
"Republic of Sierra Leone",1995,415.99,4808.54,FALSE
"Republic of Singapore",1995,218.22,3373.48,FALSE
"Republic of Slovenia",1995,340.07,4317.15,FALSE
"Republic of South Africa",1995,397.81,4646.96,FALSE
"Republic of South Sudan",1995,305.78,5318.21,FALSE
"Republic of Sudan",1995,1070.03,5263.22,TRUE
"Republic of Suriname",1995,411.31,5278.15,FALSE
"Republic of Tajikistan",1995,618.24,3125.25,FALSE
"Republic of Trinidad and Tobago",1995,458.29,4475.98,FALSE
"Republic of Tunisia",1995,890.7,6418.37,TRUE
"Republic of Turkey",1995,784.26,4635.4,FALSE
"Republic of Uganda",1995,306.22,9622.73,FALSE
"Republic of Uzbekistan",1995,807.63,3661.88,FALSE
"Republic of Vanuatu",1995,444.87,2756.83,FALSE
"Republic of Yemen",1995,1011.15,6006.13,TRUE
"Republic of Zambia",1995,315.19,4762.2,FALSE
"Republic of Zimbabwe",1995,360.6,3371.22,FALSE
"Republic of the Congo",1995,395.26,7659.57,FALSE
"Republic of the Gambia",1995,410.99,7305.88,FALSE
"Republic of the Marshall Islands",1995,379.3,2570.93,FALSE
"Republic of the Niger",1995,357.63,4672.01,FALSE
"Republic of the Philippines",1995,234.13,2973.29,FALSE
"Republic of the Union of Myanmar",1995,297.26,1529.33,FALSE
"Romania",1995,512.07,2666.08,FALSE
"Russian Federation",1995,791.26,3695.24,FALSE
"Saint Kitts and Nevis",1995,399.25,4483.98,FALSE
"Saint Lucia",1995,397.47,3438.59,FALSE
"Saint Vincent and the Grenadines",1995,377.1,3405.8,FALSE
"Slovak Republic",1995,453.79,3019.84,FALSE
"Socialist Republic of Viet Nam",1995,220.55,2005.4,FALSE
"Solomon Islands",1995,429.25,2753.8,FALSE
"State of Eritrea",1995,312.52,5857.97,FALSE
"State of Israel",1995,270.81,5772.49,FALSE
"State of Kuwait",1995,1086.71,4535.26,FALSE
"State of Libya",1995,872.87,5038.78,FALSE
"State of Qatar",1995,1139.05,5067.26,FALSE
"Sultanate of Oman",1995,1113.73,4551.15,FALSE
"Swiss Confederation",1995,204.71,5151.2,FALSE
"Syrian Arab Republic",1995,1152.85,4687.52,FALSE
"Taiwan (Province of China)",1995,329.9,1819.26,FALSE
"Togolese Republic",1995,400.85,5085.5,FALSE
"Tokelau",1995,337.23,2876.35,FALSE
"Turkmenistan",1995,760.29,3549.41,FALSE
"Tuvalu",1995,359.8,2876.25,FALSE
"Ukraine",1995,788.66,5528.28,TRUE
"Union of the Comoros",1995,331.1,4884.27,FALSE
"United Arab Emirates",1995,1086.13,4506.32,FALSE
"United Kingdom of Great Britain and Northern Ireland",1995,215.31,5181.23,FALSE
"United Mexican States",1995,338.04,3594.46,FALSE
"United Republic of Tanzania",1995,286.29,5552.91,FALSE
"United States Virgin Islands",1995,368.66,3411.18,FALSE
"United States of America",1995,434.83,4755.29,FALSE
"American Samoa",1996,387.78,2117.86,FALSE
"Antigua and Barbuda",1996,375.48,3004.06,FALSE
"Arab Republic of Egypt",1996,1059.44,4378.77,FALSE
"Argentine Republic",1996,323.27,3118.33,FALSE
"Australia",1996,267.71,5523.55,FALSE
"Barbados",1996,375.16,3182.46,FALSE
"Belize",1996,368.47,3413.75,FALSE
"Bermuda",1996,373.3,3825.09,FALSE
"Bolivarian Republic of Venezuela",1996,353.52,3744.59,FALSE
"Bosnia and Herzegovina",1996,369.5,3494.69,FALSE
"Brunei Darussalam",1996,127.5,1542.73,FALSE
"Burkina Faso",1996,335.29,4910.96,FALSE
"Canada",1996,382.91,3712.73,FALSE
"Central African Republic",1996,384.84,7822.4,FALSE
"Commonwealth of Dominica",1996,375.63,3084.66,FALSE
"Commonwealth of the Bahamas",1996,392.7,3125.8,FALSE
"Cook Islands",1996,356.2,2865.62,FALSE
"Czech Republic",1996,502.34,3488.89,FALSE
"Democratic People's Republic of Korea",1996,346.23,2353.91,FALSE
"Democratic Republic of Sao Tome and Principe",1996,385.13,3903.42,FALSE
"Democratic Republic of Timor-Leste",1996,208.52,2670.35,FALSE
"Democratic Republic of the Congo",1996,363.32,7048.32,FALSE
"Democratic Socialist Republic of Sri Lanka",1996,298.6,3164.49,FALSE
"Dominican Republic",1996,345.04,4360.97,FALSE
"Eastern Republic of Uruguay",1996,248.29,3061.13,FALSE
"Federal Democratic Republic of Ethiopia",1996,301,5980.15,FALSE
"Federal Democratic Republic of Nepal",1996,517.09,5751.9,TRUE
"Federal Republic of Germany",1996,410.67,3426.35,FALSE
"Federal Republic of Nigeria",1996,374.98,4629.67,FALSE
"Federal Republic of Somalia",1996,337.32,5700.79,FALSE
"Federated States of Micronesia",1996,392.69,2621.58,FALSE
"Federative Republic of Brazil",1996,188.07,4827.95,FALSE
"French Republic",1996,271.83,5022.07,FALSE
"Gabonese Republic",1996,351.23,7418.88,FALSE
"Georgia",1996,746.89,3666.07,FALSE
"Grand Duchy of Luxembourg",1996,112.19,4359.31,FALSE
"Greenland",1996,248.49,8518.02,FALSE
"Grenada",1996,385.44,3409.48,FALSE
"Guam",1996,337.52,2795.11,FALSE
"Hashemite Kingdom of Jordan",1996,959.55,5115.84,FALSE
"Hellenic Republic",1996,221.71,6402.13,FALSE
"Hungary",1996,551.6,3644.64,FALSE
"Independent State of Papua New Guinea",1996,349.69,2899,FALSE
"Independent State of Samoa",1996,409.51,2537.03,FALSE
"Ireland",1996,327.58,4785.89,FALSE
"Islamic Republic of Afghanistan",1996,1155.2,6173.36,TRUE
"Islamic Republic of Iran",1996,1032.35,5462.89,TRUE
"Islamic Republic of Mauritania",1996,401.93,4070.96,FALSE
"Islamic Republic of Pakistan",1996,665.34,4788.73,FALSE
"Jamaica",1996,350.27,2988,FALSE
"Japan",1996,100.12,2183.99,FALSE
"Kingdom of Bahrain",1996,1112.77,6363.9,TRUE
"Kingdom of Belgium",1996,299.02,3711.48,FALSE
"Kingdom of Bhutan",1996,579.25,4935.99,FALSE
"Kingdom of Cambodia",1996,228.09,3050.75,FALSE
"Kingdom of Denmark",1996,139.16,4908.93,FALSE
"Kingdom of Eswatini",1996,346.76,4947.35,FALSE
"Kingdom of Lesotho",1996,307.12,6534.2,FALSE
"Kingdom of Morocco",1996,1000.59,6430.93,TRUE
"Kingdom of Norway",1996,280.83,4191.53,FALSE
"Kingdom of Saudi Arabia",1996,911.26,4547.26,FALSE
"Kingdom of Spain",1996,190.78,4350.35,FALSE
"Kingdom of Sweden",1996,249.86,5261.18,FALSE
"Kingdom of Thailand",1996,219.55,2515.82,FALSE
"Kingdom of Tonga",1996,392.79,2158.58,FALSE
"Kingdom of the Netherlands",1996,280.44,4077.57,FALSE
"Kyrgyz Republic",1996,600.19,4184.08,FALSE
"Lao People's Democratic Republic",1996,269.14,2550.61,FALSE
"Lebanese Republic",1996,981.3,5726.96,TRUE
"Malaysia",1996,347.07,3044,FALSE
"Mongolia",1996,784.61,4860.22,FALSE
"Montenegro",1996,356.41,2909.56,FALSE
"New Zealand",1996,490.02,4159.83,FALSE
"North Macedonia",1996,413.14,2643.85,FALSE
"Northern Mariana Islands",1996,379.97,2176.2,FALSE
"Palestine",1996,961.74,8156.49,TRUE
"People's Democratic Republic of Algeria",1996,1122.31,4919.59,FALSE
"People's Republic of Bangladesh",1996,484.53,5699.72,TRUE
"People's Republic of China",1996,316.6,2806.05,FALSE
"Plurinational State of Bolivia",1996,255.41,4177.42,FALSE
"Portuguese Republic",1996,176.33,6183.29,FALSE
"Principality of Andorra",1996,182.41,4188.91,FALSE
"Principality of Monaco",1996,178.79,4849.6,FALSE
"Puerto Rico",1996,378.99,3012.3,FALSE
"Republic of Albania",1996,319.67,2198.93,FALSE
"Republic of Angola",1996,377.98,7696.72,FALSE
"Republic of Armenia",1996,645.66,2869.09,FALSE
"Republic of Austria",1996,237.72,3688.49,FALSE
"Republic of Azerbaijan",1996,688.33,2716.9,FALSE
"Republic of Belarus",1996,666.26,4775.95,FALSE
"Republic of Benin",1996,359.32,5008.41,FALSE
"Republic of Botswana",1996,366.79,4869.72,FALSE
"Republic of Bulgaria",1996,615.45,3092.95,FALSE
"Republic of Burundi",1996,328.55,6631.09,FALSE
"Republic of Cabo Verde",1996,376.51,5659.19,FALSE
"Republic of Cameroon",1996,340.01,5290.06,FALSE
"Republic of Chad",1996,372.25,6230.77,FALSE
"Republic of Chile",1996,165.41,5327.35,FALSE
"Republic of Colombia",1996,312,2691.23,FALSE
"Republic of Costa Rica",1996,349.51,3562.61,FALSE
"Republic of Croatia",1996,337.1,3721.01,FALSE
"Republic of Cuba",1996,409,5458.05,FALSE
"Republic of Cyprus",1996,165.89,3250.24,FALSE
"Republic of Côte d'Ivoire",1996,415.12,4331.07,FALSE
"Republic of Djibouti",1996,337.63,5041.81,FALSE
"Republic of Ecuador",1996,245.88,3593.95,FALSE
"Republic of El Salvador",1996,289.18,4396.82,FALSE
"Republic of Equatorial Guinea",1996,372.94,7705.79,FALSE
"Republic of Estonia",1996,583.64,5643.95,TRUE
"Republic of Fiji",1996,459.95,2508.14,FALSE
"Republic of Finland",1996,328.16,5749.39,FALSE
"Republic of Ghana",1996,437.11,5024.88,FALSE
"Republic of Guatemala",1996,279.24,4881.04,FALSE
"Republic of Guinea",1996,349.45,4849.14,FALSE
"Republic of Guinea-Bissau",1996,398.38,5040.73,FALSE
"Republic of Guyana",1996,416.17,5544.03,FALSE
"Republic of Haiti",1996,426.32,4062.14,FALSE
"Republic of Honduras",1996,348.27,3504,FALSE
"Republic of Iceland",1996,260.65,3442.48,FALSE
"Republic of India",1996,596,5354.79,TRUE
"Republic of Indonesia",1996,251.45,1828.85,FALSE
"Republic of Iraq",1996,1029.84,4506.12,FALSE
"Republic of Italy",1996,250.7,4779.58,FALSE
"Republic of Kazakhstan",1996,740.11,3899.77,FALSE
"Republic of Kenya",1996,344.4,6042.4,FALSE
"Republic of Kiribati",1996,428.24,2727.04,FALSE
"Republic of Korea",1996,179.27,2037.59,FALSE
"Republic of Latvia",1996,494.04,5144.12,TRUE
"Republic of Liberia",1996,391.8,5351.47,FALSE
"Republic of Lithuania",1996,468.17,5249.34,TRUE
"Republic of Madagascar",1996,353.87,5620.71,FALSE
"Republic of Malawi",1996,332.13,4855.28,FALSE
"Republic of Maldives",1996,237.95,3576.22,FALSE
"Republic of Mali",1996,358.09,3836.67,FALSE
"Republic of Malta",1996,165.22,3328.64,FALSE
"Republic of Mauritius",1996,304.76,4525.56,FALSE
"Republic of Moldova",1996,674.99,4072.43,FALSE
"Republic of Mozambique",1996,321.55,5644.18,FALSE
"Republic of Namibia",1996,361.22,4130.37,FALSE
"Republic of Nauru",1996,405.11,2853.39,FALSE
"Republic of Nicaragua",1996,322.68,3858.03,FALSE
"Republic of Niue",1996,384.11,2864.92,FALSE
"Republic of Palau",1996,361.76,2859.79,FALSE
"Republic of Panama",1996,304.09,3374.18,FALSE
"Republic of Paraguay",1996,185.83,3305.64,FALSE
"Republic of Peru",1996,234.14,2344.59,FALSE
"Republic of Poland",1996,487.15,2042.27,FALSE
"Republic of Rwanda",1996,308.96,7115.79,FALSE
"Republic of San Marino",1996,172.4,4885.04,FALSE
"Republic of Senegal",1996,403.02,4429.37,FALSE
"Republic of Serbia",1996,509.45,3228.26,FALSE
"Republic of Seychelles",1996,218.42,2359.56,FALSE
"Republic of Sierra Leone",1996,415.52,4835.46,FALSE
"Republic of Singapore",1996,215.49,3335.98,FALSE
"Republic of Slovenia",1996,328.8,4292.9,FALSE
"Republic of South Africa",1996,399.26,4630.3,FALSE
"Republic of South Sudan",1996,306.67,5325.56,FALSE
"Republic of Sudan",1996,1067.17,5269.27,TRUE
"Republic of Suriname",1996,411.32,5295.23,FALSE
"Republic of Tajikistan",1996,624.51,3103.26,FALSE
"Republic of Trinidad and Tobago",1996,457.19,4453.58,FALSE
"Republic of Tunisia",1996,893.17,6414.04,TRUE
"Republic of Turkey",1996,776.11,4634.12,FALSE
"Republic of Uganda",1996,307.4,9738.61,FALSE
"Republic of Uzbekistan",1996,832.79,3653.78,FALSE
"Republic of Vanuatu",1996,445.03,2750.82,FALSE
"Republic of Yemen",1996,1007.75,6009.27,TRUE
"Republic of Zambia",1996,315.81,4754.24,FALSE
"Republic of Zimbabwe",1996,362.14,3363.06,FALSE
"Republic of the Congo",1996,394.98,7677.94,FALSE
"Republic of the Gambia",1996,412.04,7314.25,FALSE
"Republic of the Marshall Islands",1996,379.59,2569.25,FALSE
"Republic of the Niger",1996,357.46,4675.51,FALSE
"Republic of the Philippines",1996,234.82,2928.1,FALSE
"Republic of the Union of Myanmar",1996,295.68,1515.95,FALSE
"Romania",1996,507.84,2664.13,FALSE
"Russian Federation",1996,812.86,3698.11,FALSE
"Saint Kitts and Nevis",1996,398.29,4480.4,FALSE
"Saint Lucia",1996,395.77,3436.37,FALSE
"Saint Vincent and the Grenadines",1996,376,3408.96,FALSE
"Slovak Republic",1996,433.06,3013.62,FALSE
"Socialist Republic of Viet Nam",1996,219.59,2001.08,FALSE
"Solomon Islands",1996,427.01,2749.29,FALSE
"State of Eritrea",1996,312.13,5842.21,FALSE
"State of Israel",1996,264,5789.67,FALSE
"State of Kuwait",1996,1094.08,4542.34,FALSE
"State of Libya",1996,878.28,5053.53,FALSE
"State of Qatar",1996,1139.02,5077.73,FALSE
"Sultanate of Oman",1996,1111.64,4554.57,FALSE
"Swiss Confederation",1996,194.67,5122.23,FALSE
"Syrian Arab Republic",1996,1154.15,4676.65,FALSE
"Taiwan (Province of China)",1996,328.6,1825.6,FALSE
"Togolese Republic",1996,401.5,5097.47,FALSE
"Tokelau",1996,338.87,2875.83,FALSE
"Turkmenistan",1996,764.34,3541.27,FALSE
"Tuvalu",1996,360.61,2875.78,FALSE
"Ukraine",1996,807.74,5540.78,TRUE
"Union of the Comoros",1996,331.5,4871.25,FALSE
"United Arab Emirates",1996,1085.62,4495.01,FALSE
"United Kingdom of Great Britain and Northern Ireland",1996,207.58,5176.51,FALSE
"United Mexican States",1996,337.39,3608.45,FALSE
"United Republic of Tanzania",1996,287.67,5542.17,FALSE
"United States Virgin Islands",1996,367.97,3408.09,FALSE
"United States of America",1996,414.54,4922.38,FALSE
"American Samoa",1997,387.9,2115.33,FALSE
"Antigua and Barbuda",1997,374.39,3008.06,FALSE
"Arab Republic of Egypt",1997,1045.2,4319.24,FALSE
"Argentine Republic",1997,315.12,3122.43,FALSE
"Australia",1997,250.33,5524.05,FALSE
"Barbados",1997,376.52,3179.73,FALSE
"Belize",1997,368.44,3433.91,FALSE
"Bermuda",1997,370.06,3799.63,FALSE
"Bolivarian Republic of Venezuela",1997,349.73,3752.32,FALSE
"Bosnia and Herzegovina",1997,363.22,3484.93,FALSE
"Brunei Darussalam",1997,126.3,1541.98,FALSE
"Burkina Faso",1997,336.96,4900.43,FALSE
"Canada",1997,366.93,3757.11,FALSE
"Central African Republic",1997,385.84,7827.16,FALSE
"Commonwealth of Dominica",1997,373.57,3084.83,FALSE
"Commonwealth of the Bahamas",1997,391.37,3121.36,FALSE
"Cook Islands",1997,356.7,2866.39,FALSE
"Czech Republic",1997,492.59,3443.84,FALSE
"Democratic People's Republic of Korea",1997,348.08,2339.88,FALSE
"Democratic Republic of Sao Tome and Principe",1997,386.36,3902.81,FALSE
"Democratic Republic of Timor-Leste",1997,207.2,2645.81,FALSE
"Democratic Republic of the Congo",1997,362.68,7036.52,FALSE
"Democratic Socialist Republic of Sri Lanka",1997,293.81,3087.09,FALSE
"Dominican Republic",1997,343.65,4437.38,FALSE
"Eastern Republic of Uruguay",1997,241.02,3088.62,FALSE
"Federal Democratic Republic of Ethiopia",1997,301.46,6002.72,FALSE
"Federal Democratic Republic of Nepal",1997,520.16,5915.28,TRUE
"Federal Republic of Germany",1997,395.11,3462.27,FALSE
"Federal Republic of Nigeria",1997,377.12,4685.8,FALSE
"Federal Republic of Somalia",1997,339.17,5709.15,FALSE
"Federated States of Micronesia",1997,391.31,2614.38,FALSE
"Federative Republic of Brazil",1997,184.54,5021.11,FALSE
"French Republic",1997,263.67,5068.31,FALSE
"Gabonese Republic",1997,352.08,7431.19,FALSE
"Georgia",1997,736.22,3655.86,FALSE
"Grand Duchy of Luxembourg",1997,103.45,4307.78,FALSE
"Greenland",1997,246.42,8502.31,FALSE
"Grenada",1997,382.69,3417.43,FALSE
"Guam",1997,338.35,2786.58,FALSE
"Hashemite Kingdom of Jordan",1997,970.19,5108.38,FALSE
"Hellenic Republic",1997,216.39,6840.92,FALSE
"Hungary",1997,536.11,3566.98,FALSE
"Independent State of Papua New Guinea",1997,351.51,2892.58,FALSE
"Independent State of Samoa",1997,409.01,2521.29,FALSE
"Ireland",1997,312.85,4814.69,FALSE
"Islamic Republic of Afghanistan",1997,1144.65,6181.8,TRUE
"Islamic Republic of Iran",1997,998.91,5443.85,TRUE
"Islamic Republic of Mauritania",1997,401.52,4032.98,FALSE
"Islamic Republic of Pakistan",1997,676.09,4782.35,FALSE
"Jamaica",1997,352.75,2989.01,FALSE
"Japan",1997,96.02,2264.36,FALSE
"Kingdom of Bahrain",1997,1104.94,6376.01,TRUE
"Kingdom of Belgium",1997,274,3728.36,FALSE
"Kingdom of Bhutan",1997,580.62,4908.68,FALSE
"Kingdom of Cambodia",1997,224.94,3029.17,FALSE
"Kingdom of Denmark",1997,132.47,4782.15,FALSE
"Kingdom of Eswatini",1997,348.11,4973.82,FALSE
"Kingdom of Lesotho",1997,309,6569.49,FALSE
"Kingdom of Morocco",1997,995.45,6415.75,TRUE
"Kingdom of Norway",1997,267.09,4141.73,FALSE
"Kingdom of Saudi Arabia",1997,920.59,4559.96,FALSE
"Kingdom of Spain",1997,187.34,4331.29,FALSE
"Kingdom of Sweden",1997,246.3,5262.36,FALSE
"Kingdom of Thailand",1997,217.57,2527.87,FALSE
"Kingdom of Tonga",1997,391.88,2156.58,FALSE
"Kingdom of the Netherlands",1997,275.09,4075.49,FALSE
"Kyrgyz Republic",1997,605.02,4171.67,FALSE
"Lao People's Democratic Republic",1997,263.64,2497.73,FALSE
"Lebanese Republic",1997,969.65,5829.25,TRUE
"Malaysia",1997,344.62,2963.63,FALSE
"Mongolia",1997,794.33,4876.62,FALSE
"Montenegro",1997,355.36,2914.72,FALSE
"New Zealand",1997,475.36,4149.53,FALSE
"North Macedonia",1997,409.85,2631.02,FALSE
"Northern Mariana Islands",1997,380.69,2181.14,FALSE
"Palestine",1997,961.82,8428.71,TRUE
"People's Democratic Republic of Algeria",1997,1110.78,4908.92,FALSE
"People's Republic of Bangladesh",1997,479.94,5682.52,TRUE
"People's Republic of China",1997,325.06,2732.01,FALSE
"Plurinational State of Bolivia",1997,253.07,4157.08,FALSE
"Portuguese Republic",1997,167.67,6391.38,FALSE
"Principality of Andorra",1997,181.05,4171.07,FALSE
"Principality of Monaco",1997,177.26,4846.2,FALSE
"Puerto Rico",1997,374.14,2988.89,FALSE
"Republic of Albania",1997,316.72,2212.75,FALSE
"Republic of Angola",1997,377.56,7694.24,FALSE
"Republic of Armenia",1997,647.81,2886.86,FALSE
"Republic of Austria",1997,233.12,3614.03,FALSE
"Republic of Azerbaijan",1997,690.57,2715.34,FALSE
"Republic of Belarus",1997,670.83,4805.06,FALSE
"Republic of Benin",1997,360.03,5026.95,FALSE
"Republic of Botswana",1997,369.27,4913.35,FALSE
"Republic of Bulgaria",1997,614.59,3079.17,FALSE
"Republic of Burundi",1997,328.3,6571.58,FALSE
"Republic of Cabo Verde",1997,377.71,5730.14,FALSE
"Republic of Cameroon",1997,344.39,5314.66,FALSE
"Republic of Chad",1997,375.1,6331.5,FALSE
"Republic of Chile",1997,155.26,5277.94,FALSE
"Republic of Colombia",1997,306.5,2740.97,FALSE
"Republic of Costa Rica",1997,347.94,3582.41,FALSE
"Republic of Croatia",1997,311.03,3673.21,FALSE
"Republic of Cuba",1997,402.21,5362.11,FALSE
"Republic of Cyprus",1997,151.76,3248.7,FALSE
"Republic of Côte d'Ivoire",1997,416.19,4325.17,FALSE
"Republic of Djibouti",1997,338.55,5052.29,FALSE
"Republic of Ecuador",1997,245.22,3625.82,FALSE
"Republic of El Salvador",1997,288.72,4377.68,FALSE
"Republic of Equatorial Guinea",1997,371.69,7662.23,FALSE
"Republic of Estonia",1997,571.02,5645.54,TRUE
"Republic of Fiji",1997,455.15,2515.81,FALSE
"Republic of Finland",1997,298.67,5811.26,FALSE
"Republic of Ghana",1997,436.21,5028.34,FALSE
"Republic of Guatemala",1997,276.16,5007.46,FALSE
"Republic of Guinea",1997,350.75,4857.36,FALSE
"Republic of Guinea-Bissau",1997,398.13,5049.07,FALSE
"Republic of Guyana",1997,413.46,5600.24,FALSE
"Republic of Haiti",1997,420.69,4047.63,FALSE
"Republic of Honduras",1997,348.62,3521.88,FALSE
"Republic of Iceland",1997,249.47,3417.54,FALSE
"Republic of India",1997,602.26,5323.49,TRUE
"Republic of Indonesia",1997,250.02,1824.58,FALSE
"Republic of Iraq",1997,1028.76,4331.31,FALSE
"Republic of Italy",1997,247.13,4755.07,FALSE
"Republic of Kazakhstan",1997,755.54,3934.58,FALSE
"Republic of Kenya",1997,345.98,6111.14,FALSE
"Republic of Kiribati",1997,426.99,2708.18,FALSE
"Republic of Korea",1997,163.18,2044.22,FALSE
"Republic of Latvia",1997,471.82,5092.44,FALSE
"Republic of Liberia",1997,392.62,5343.82,FALSE
"Republic of Lithuania",1997,443.21,5275.4,FALSE
"Republic of Madagascar",1997,353.63,5607.44,FALSE
"Republic of Malawi",1997,335.76,4827.22,FALSE
"Republic of Maldives",1997,234.03,3531.47,FALSE
"Republic of Mali",1997,359.84,3804.17,FALSE
"Republic of Malta",1997,146.94,3316.62,FALSE
"Republic of Mauritius",1997,296.4,4607.84,FALSE
"Republic of Moldova",1997,671.79,4037.45,FALSE
"Republic of Mozambique",1997,325.45,5660.49,FALSE
"Republic of Namibia",1997,361.41,4100.62,FALSE
"Republic of Nauru",1997,406.52,2856.57,FALSE
"Republic of Nicaragua",1997,321.64,3884.36,FALSE
"Republic of Niue",1997,384.32,2867.94,FALSE
"Republic of Palau",1997,363.17,2856.12,FALSE
"Republic of Panama",1997,303.55,3379.54,FALSE
"Republic of Paraguay",1997,184.53,3337.12,FALSE
"Republic of Peru",1997,231.15,2335.02,FALSE
"Republic of Poland",1997,445.59,2052.28,FALSE
"Republic of Rwanda",1997,308.36,7077.01,FALSE
"Republic of San Marino",1997,171.29,4884.09,FALSE
"Republic of Senegal",1997,404.46,4408.11,FALSE
"Republic of Serbia",1997,511.68,3210.41,FALSE
"Republic of Seychelles",1997,218.18,2344.52,FALSE
"Republic of Sierra Leone",1997,415.1,4871.83,FALSE
"Republic of Singapore",1997,209.39,3301.97,FALSE
"Republic of Slovenia",1997,305.91,4255.62,FALSE
"Republic of South Africa",1997,403.11,4612.66,FALSE
"Republic of South Sudan",1997,308.73,5341.22,FALSE
"Republic of Sudan",1997,1061.54,5282.11,TRUE
"Republic of Suriname",1997,411.13,5316.11,FALSE
"Republic of Tajikistan",1997,631.22,3075.3,FALSE
"Republic of Trinidad and Tobago",1997,455.03,4420.05,FALSE
"Republic of Tunisia",1997,896.61,6413.16,TRUE
"Republic of Turkey",1997,766.05,4637.79,FALSE
"Republic of Uganda",1997,310.06,9865.64,FALSE
"Republic of Uzbekistan",1997,853.85,3644.26,FALSE
"Republic of Vanuatu",1997,445.01,2742.65,FALSE
"Republic of Yemen",1997,1001.51,6013.04,TRUE
"Republic of Zambia",1997,317.24,4731.61,FALSE
"Republic of Zimbabwe",1997,364.29,3345.3,FALSE
"Republic of the Congo",1997,394.07,7737.35,FALSE
"Republic of the Gambia",1997,413.46,7315.19,FALSE
"Republic of the Marshall Islands",1997,379.6,2567.51,FALSE
"Republic of the Niger",1997,357.37,4682.08,FALSE
"Republic of the Philippines",1997,235.19,2869.58,FALSE
"Republic of the Union of Myanmar",1997,291.94,1495.71,FALSE
"Romania",1997,502.32,2662.99,FALSE
"Russian Federation",1997,846.71,3693.56,FALSE
"Saint Kitts and Nevis",1997,395.93,4476.15,FALSE
"Saint Lucia",1997,393.81,3435.7,FALSE
"Saint Vincent and the Grenadines",1997,373.8,3415.55,FALSE
"Slovak Republic",1997,405.82,3010.48,FALSE
"Socialist Republic of Viet Nam",1997,217.62,2000.87,FALSE
"Solomon Islands",1997,422.15,2744.47,FALSE
"State of Eritrea",1997,311.72,5823.87,FALSE
"State of Israel",1997,250.48,5799.98,FALSE
"State of Kuwait",1997,1107.78,4552.25,FALSE
"State of Libya",1997,889.09,5076.14,FALSE
"State of Qatar",1997,1135.56,5092.23,FALSE
"Sultanate of Oman",1997,1103.6,4561.14,FALSE
"Swiss Confederation",1997,182.96,5090.25,FALSE
"Syrian Arab Republic",1997,1152.15,4666.34,FALSE
"Taiwan (Province of China)",1997,327.83,1832.85,FALSE
"Togolese Republic",1997,402.19,5114.84,FALSE
"Tokelau",1997,340.39,2876.13,FALSE
"Turkmenistan",1997,768.58,3532.57,FALSE
"Tuvalu",1997,361.65,2876.06,FALSE
"Ukraine",1997,829.45,5555.02,TRUE
"Union of the Comoros",1997,332.24,4854.13,FALSE
"United Arab Emirates",1997,1083.9,4477.77,FALSE
"United Kingdom of Great Britain and Northern Ireland",1997,197.99,5179.77,FALSE
"United Mexican States",1997,336.89,3624.22,FALSE
"United Republic of Tanzania",1997,290.88,5527.42,FALSE
"United States Virgin Islands",1997,366.72,3405.81,FALSE
"United States of America",1997,379.13,5133.64,FALSE
"American Samoa",1998,387.92,2113.07,FALSE
"Antigua and Barbuda",1998,373.15,3013.08,FALSE
"Arab Republic of Egypt",1998,1030.36,4249.9,FALSE
"Argentine Republic",1998,306.32,3126.13,FALSE
"Australia",1998,233.53,5521.97,FALSE
"Barbados",1998,377.98,3178.62,FALSE
"Belize",1998,368.27,3456.26,FALSE
"Bermuda",1998,366.3,3773.68,FALSE
"Bolivarian Republic of Venezuela",1998,345.69,3759.34,FALSE
"Bosnia and Herzegovina",1998,356.03,3466.81,FALSE
"Brunei Darussalam",1998,124.9,1541.78,FALSE
"Burkina Faso",1998,338.98,4890.93,FALSE
"Canada",1998,347.46,3800.11,FALSE
"Central African Republic",1998,387.02,7831.8,FALSE
"Commonwealth of Dominica",1998,371.22,3087.16,FALSE
"Commonwealth of the Bahamas",1998,389.81,3117.37,FALSE
"Cook Islands",1998,357.24,2867.28,FALSE
"Czech Republic",1998,481.97,3390.89,FALSE
"Democratic People's Republic of Korea",1998,350.04,2324.66,FALSE
"Democratic Republic of Sao Tome and Principe",1998,387.58,3903.52,FALSE
"Democratic Republic of Timor-Leste",1998,205.78,2617.98,FALSE
"Democratic Republic of the Congo",1998,361.96,7024.45,FALSE
"Democratic Socialist Republic of Sri Lanka",1998,288.35,2991.54,FALSE
"Dominican Republic",1998,342.24,4526.52,FALSE
"Eastern Republic of Uruguay",1998,232.74,3122.51,FALSE
"Federal Democratic Republic of Ethiopia",1998,302.08,6030.75,FALSE
"Federal Democratic Republic of Nepal",1998,523.88,6112.62,TRUE
"Federal Republic of Germany",1998,377.16,3511.65,FALSE
"Federal Republic of Nigeria",1998,379.63,4752.7,FALSE
"Federal Republic of Somalia",1998,341.42,5718.3,FALSE
"Federated States of Micronesia",1998,389.76,2607.21,FALSE
"Federative Republic of Brazil",1998,180.61,5246.9,FALSE
"French Republic",1998,254.06,5126.41,FALSE
"Gabonese Republic",1998,353.03,7447.27,FALSE
"Georgia",1998,725.24,3645.62,FALSE
"Grand Duchy of Luxembourg",1998,94.65,4251.01,FALSE
"Greenland",1998,244.52,8472.92,FALSE
"Grenada",1998,379.52,3427,FALSE
"Guam",1998,339.06,2778.59,FALSE
"Hashemite Kingdom of Jordan",1998,982.66,5100.21,FALSE
"Hellenic Republic",1998,209.58,7364,FALSE
"Hungary",1998,518.46,3477.28,FALSE
"Independent State of Papua New Guinea",1998,353.7,2885.68,FALSE
"Independent State of Samoa",1998,408.41,2504.51,FALSE
"Ireland",1998,294.55,4850.83,FALSE
"Islamic Republic of Afghanistan",1998,1132.05,6191.46,TRUE
"Islamic Republic of Iran",1998,958.33,5426.21,TRUE
"Islamic Republic of Mauritania",1998,401.09,3989.34,FALSE
"Islamic Republic of Pakistan",1998,687.8,4776.82,FALSE
"Jamaica",1998,355.68,2991.58,FALSE
"Japan",1998,91.07,2365.36,FALSE
"Kingdom of Bahrain",1998,1094.9,6385.76,TRUE
"Kingdom of Belgium",1998,244.44,3752.34,FALSE
"Kingdom of Bhutan",1998,582.16,4880.54,FALSE
"Kingdom of Cambodia",1998,221.28,3000.41,FALSE
"Kingdom of Denmark",1998,124.57,4642.96,FALSE
"Kingdom of Eswatini",1998,349.68,5003.08,FALSE
"Kingdom of Lesotho",1998,311.34,6617.61,FALSE
"Kingdom of Morocco",1998,989.75,6396.96,TRUE
"Kingdom of Norway",1998,250.62,4083.46,FALSE
"Kingdom of Saudi Arabia",1998,930.96,4575.79,FALSE
"Kingdom of Spain",1998,184.39,4317.09,FALSE
"Kingdom of Sweden",1998,242.8,5262.04,FALSE
"Kingdom of Thailand",1998,215.15,2540.09,FALSE
"Kingdom of Tonga",1998,390.77,2155.67,FALSE
"Kingdom of the Netherlands",1998,269.89,4075.63,FALSE
"Kyrgyz Republic",1998,609.83,4158,FALSE
"Lao People's Democratic Republic",1998,257.07,2436.17,FALSE
"Lebanese Republic",1998,956.69,5932.04,TRUE
"Malaysia",1998,341.42,2871.08,FALSE
"Mongolia",1998,804.47,4891.46,FALSE
"Montenegro",1998,354.06,2920.85,FALSE
"New Zealand",1998,457.1,4137.46,FALSE
"North Macedonia",1998,405.89,2616.09,FALSE
"Northern Mariana Islands",1998,381.86,2185.13,FALSE
"Palestine",1998,962.31,8753.35,TRUE
"People's Democratic Republic of Algeria",1998,1096.24,4898.46,FALSE
"People's Republic of Bangladesh",1998,475.45,5665.75,TRUE
"People's Republic of China",1998,335.07,2644.81,FALSE
"Plurinational State of Bolivia",1998,250.4,4133.23,FALSE
"Portuguese Republic",1998,157.21,6644.09,FALSE
"Principality of Andorra",1998,179.7,4156.69,FALSE
"Principality of Monaco",1998,175.29,4842.35,FALSE
"Puerto Rico",1998,369.12,2962.48,FALSE
"Republic of Albania",1998,313.6,2228.01,FALSE
"Republic of Angola",1998,377.1,7691.56,FALSE
"Republic of Armenia",1998,649.95,2910.27,FALSE
"Republic of Austria",1998,227.59,3530.3,FALSE
"Republic of Azerbaijan",1998,692.93,2715.49,FALSE
"Republic of Belarus",1998,674.65,4833.92,FALSE
"Republic of Benin",1998,360.93,5047.32,FALSE
"Republic of Botswana",1998,371.68,4959.17,FALSE
"Republic of Bulgaria",1998,612.8,3063.04,FALSE
"Republic of Burundi",1998,327.94,6495.72,FALSE
"Republic of Cabo Verde",1998,378.89,5803.54,FALSE
"Republic of Cameroon",1998,348.71,5340.18,FALSE
"Republic of Chad",1998,378.38,6448.34,FALSE
"Republic of Chile",1998,145.18,5226.94,FALSE
"Republic of Colombia",1998,300.86,2796.31,FALSE
"Republic of Costa Rica",1998,346.13,3605.35,FALSE
"Republic of Croatia",1998,284.44,3616.42,FALSE
"Republic of Cuba",1998,394.85,5256.75,FALSE
"Republic of Cyprus",1998,134.28,3248.62,FALSE
"Republic of Côte d'Ivoire",1998,417.26,4316.83,FALSE
"Republic of Djibouti",1998,339.63,5065.34,FALSE
"Republic of Ecuador",1998,244.63,3664.1,FALSE
"Republic of El Salvador",1998,288.15,4355.42,FALSE
"Republic of Equatorial Guinea",1998,370.36,7615.26,FALSE
"Republic of Estonia",1998,557.24,5644.86,TRUE
"Republic of Fiji",1998,449.59,2524.6,FALSE
"Republic of Finland",1998,270.45,5885.86,FALSE
"Republic of Ghana",1998,434.95,5033.55,FALSE
"Republic of Guatemala",1998,272.71,5145.22,FALSE
"Republic of Guinea",1998,352.3,4867.44,FALSE
"Republic of Guinea-Bissau",1998,397.85,5058.94,FALSE
"Republic of Guyana",1998,410.27,5663.67,FALSE
"Republic of Haiti",1998,414.53,4032.5,FALSE
"Republic of Honduras",1998,348.85,3542.2,FALSE
"Republic of Iceland",1998,235.59,3389.96,FALSE
"Republic of India",1998,609.64,5283.38,TRUE
"Republic of Indonesia",1998,248.3,1820.79,FALSE
"Republic of Iraq",1998,1027.5,4123.84,FALSE
"Republic of Italy",1998,243.05,4722.64,FALSE
"Republic of Kazakhstan",1998,769.76,3975.45,FALSE
"Republic of Kenya",1998,347.92,6190.65,FALSE
"Republic of Kiribati",1998,425.55,2689.05,FALSE
"Republic of Korea",1998,145.56,2053.42,FALSE
"Republic of Latvia",1998,445.14,5031.68,FALSE
"Republic of Liberia",1998,393.55,5325.36,FALSE
"Republic of Lithuania",1998,418.53,5300.59,FALSE
"Republic of Madagascar",1998,353.31,5593.95,FALSE
"Republic of Malawi",1998,339.98,4792.44,FALSE
"Republic of Maldives",1998,229.38,3477.16,FALSE
"Republic of Mali",1998,361.84,3767.71,FALSE
"Republic of Malta",1998,125.25,3305.19,FALSE
"Republic of Mauritius",1998,286.27,4702.97,FALSE
"Republic of Moldova",1998,667.81,3998.75,FALSE
"Republic of Mozambique",1998,330.12,5677.98,FALSE
"Republic of Namibia",1998,361.62,4061.77,FALSE
"Republic of Nauru",1998,407.94,2859.92,FALSE
"Republic of Nicaragua",1998,320.34,3910.02,FALSE
"Republic of Niue",1998,384.5,2871.82,FALSE
"Republic of Palau",1998,364.67,2852.65,FALSE
"Republic of Panama",1998,302.99,3385.72,FALSE
"Republic of Paraguay",1998,182.95,3375.43,FALSE
"Republic of Peru",1998,227.95,2324.23,FALSE
"Republic of Poland",1998,396.18,2061.88,FALSE
"Republic of Rwanda",1998,307.53,7026.09,FALSE
"Republic of San Marino",1998,170.06,4882.61,FALSE
"Republic of Senegal",1998,406.23,4383.72,FALSE
"Republic of Serbia",1998,513.78,3190.03,FALSE
"Republic of Seychelles",1998,217.87,2328.68,FALSE
"Republic of Sierra Leone",1998,414.67,4913,FALSE
"Republic of Singapore",1998,202.01,3263.15,FALSE
"Republic of Slovenia",1998,277.99,4209.95,FALSE
"Republic of South Africa",1998,407.73,4595.45,FALSE
"Republic of South Sudan",1998,311.18,5360.24,FALSE
"Republic of Sudan",1998,1054.95,5296.1,TRUE
"Republic of Suriname",1998,410.84,5339.64,FALSE
"Republic of Tajikistan",1998,638,3046.4,FALSE
"Republic of Trinidad and Tobago",1998,452.36,4382.63,FALSE
"Republic of Tunisia",1998,900.05,6413.35,TRUE
"Republic of Turkey",1998,755.64,4645.99,FALSE
"Republic of Uganda",1998,313.17,9983.04,FALSE
"Republic of Uzbekistan",1998,872.98,3634.02,FALSE
"Republic of Vanuatu",1998,444.87,2733.98,FALSE
"Republic of Yemen",1998,994.13,6016.41,TRUE
"Republic of Zambia",1998,318.92,4702.65,FALSE
"Republic of Zimbabwe",1998,366.76,3324.93,FALSE
"Republic of the Congo",1998,392.9,7808.8,FALSE
"Republic of the Gambia",1998,414.93,7313.05,FALSE
"Republic of the Marshall Islands",1998,379.47,2565.93,FALSE
"Republic of the Niger",1998,357.43,4689.97,FALSE
"Republic of the Philippines",1998,235.44,2807.61,FALSE
"Republic of the Union of Myanmar",1998,287.46,1474.01,FALSE
"Romania",1998,495.84,2661.82,FALSE
"Russian Federation",1998,883.18,3684.52,FALSE
"Saint Kitts and Nevis",1998,393.06,4471.78,FALSE
"Saint Lucia",1998,391.89,3436.19,FALSE
"Saint Vincent and the Grenadines",1998,371.28,3424.41,FALSE
"Slovak Republic",1998,377.94,3007.81,FALSE
"Socialist Republic of Viet Nam",1998,215.37,2002.18,FALSE
"Solomon Islands",1998,416.46,2739.85,FALSE
"State of Eritrea",1998,311.32,5805.48,FALSE
"State of Israel",1998,234.49,5803.03,FALSE
"State of Kuwait",1998,1124.26,4563.95,FALSE
"State of Libya",1998,901.7,5101.17,FALSE
"State of Qatar",1998,1131.24,5106.5,FALSE
"Sultanate of Oman",1998,1093.86,4569.35,FALSE
"Swiss Confederation",1998,171.62,5050.54,FALSE
"Syrian Arab Republic",1998,1148.69,4656.84,FALSE
"Taiwan (Province of China)",1998,327.18,1840.88,FALSE
"Togolese Republic",1998,402.89,5133.8,FALSE
"Tokelau",1998,341.57,2877.92,FALSE
"Turkmenistan",1998,772.37,3523.57,FALSE
"Tuvalu",1998,362.79,2876.66,FALSE
"Ukraine",1998,850.03,5566.71,TRUE
"Union of the Comoros",1998,333.08,4834.87,FALSE
"United Arab Emirates",1998,1081.78,4457.12,FALSE
"United Kingdom of Great Britain and Northern Ireland",1998,188.14,5185.41,FALSE
"United Mexican States",1998,336.43,3640.83,FALSE
"United Republic of Tanzania",1998,294.73,5511.18,FALSE
"United States Virgin Islands",1998,365.34,3404.69,FALSE
"United States of America",1998,338.77,5343.8,FALSE
"American Samoa",1999,387.9,2111.33,FALSE
"Antigua and Barbuda",1999,372.1,3018.13,FALSE
"Arab Republic of Egypt",1999,1018.5,4193.15,FALSE
"Argentine Republic",1999,297.44,3129.73,FALSE
"Australia",1999,220.48,5529.11,FALSE
"Barbados",1999,379.33,3178.86,FALSE
"Belize",1999,368.1,3477.54,FALSE
"Bermuda",1999,363.16,3748.5,FALSE
"Bolivarian Republic of Venezuela",1999,342,3764.58,FALSE
"Bosnia and Herzegovina",1999,349.56,3441.47,FALSE
"Brunei Darussalam",1999,123.73,1541.74,FALSE
"Burkina Faso",1999,340.77,4883.77,FALSE
"Canada",1999,328.73,3832.31,FALSE
"Central African Republic",1999,388,7834.89,FALSE
"Commonwealth of Dominica",1999,369.36,3090.25,FALSE
"Commonwealth of the Bahamas",1999,388.5,3114.2,FALSE
"Cook Islands",1999,357.89,2867.62,FALSE
"Czech Republic",1999,471.06,3339.03,FALSE
"Democratic People's Republic of Korea",1999,351.78,2309.38,FALSE
"Democratic Republic of Sao Tome and Principe",1999,388.66,3904.89,FALSE
"Democratic Republic of Timor-Leste",1999,204.6,2589.86,FALSE
"Democratic Republic of the Congo",1999,361.16,7013.64,FALSE
"Democratic Socialist Republic of Sri Lanka",1999,283.72,2896.61,FALSE
"Dominican Republic",1999,341.14,4603.89,FALSE
"Eastern Republic of Uruguay",1999,225.47,3158.35,FALSE
"Federal Democratic Republic of Ethiopia",1999,302.51,6050.33,FALSE
"Federal Democratic Republic of Nepal",1999,526.96,6285.73,TRUE
"Federal Republic of Germany",1999,360.9,3563.85,FALSE
"Federal Republic of Nigeria",1999,381.82,4810.3,FALSE
"Federal Republic of Somalia",1999,343.29,5725.73,FALSE
"Federated States of Micronesia",1999,388.45,2600.6,FALSE
"Federative Republic of Brazil",1999,177.32,5440.37,FALSE
"French Republic",1999,245.03,5177.73,FALSE
"Gabonese Republic",1999,353.87,7461.4,FALSE
"Georgia",1999,715.63,3637.36,FALSE
"Grand Duchy of Luxembourg",1999,87.56,4195.16,FALSE
"Greenland",1999,242.6,8433.93,FALSE
"Grenada",1999,376.92,3436.87,FALSE
"Guam",1999,339.87,2772.92,FALSE
"Hashemite Kingdom of Jordan",1999,993.03,5090.42,FALSE
"Hellenic Republic",1999,202.86,7802.29,FALSE
"Hungary",1999,502.95,3392.59,FALSE
"Independent State of Papua New Guinea",1999,355.65,2879.65,FALSE
"Independent State of Samoa",1999,407.88,2488.93,FALSE
"Ireland",1999,277.53,4888.33,FALSE
"Islamic Republic of Afghanistan",1999,1119.71,6197.95,TRUE
"Islamic Republic of Iran",1999,922.2,5414.13,TRUE
"Islamic Republic of Mauritania",1999,400.6,3950.13,FALSE
"Islamic Republic of Pakistan",1999,697.39,4772.08,FALSE
"Jamaica",1999,358.11,2995.06,FALSE
"Japan",1999,86.92,2459.15,FALSE
"Kingdom of Bahrain",1999,1084.76,6390.19,TRUE
"Kingdom of Belgium",1999,218.2,3779.51,FALSE
"Kingdom of Bhutan",1999,583.5,4854.59,FALSE
"Kingdom of Cambodia",1999,218.21,2969.83,FALSE
"Kingdom of Denmark",1999,117.82,4512.34,FALSE
"Kingdom of Eswatini",1999,351.19,5031.76,FALSE
"Kingdom of Lesotho",1999,313.58,6666.93,FALSE
"Kingdom of Morocco",1999,984.6,6378.73,TRUE
"Kingdom of Norway",1999,235.94,4036.63,FALSE
"Kingdom of Saudi Arabia",1999,940.74,4592,FALSE
"Kingdom of Spain",1999,182.35,4303.69,FALSE
"Kingdom of Sweden",1999,239.31,5261.49,FALSE
"Kingdom of Thailand",1999,212.81,2551.47,FALSE
"Kingdom of Tonga",1999,389.79,2155.89,FALSE
"Kingdom of the Netherlands",1999,264.93,4077.28,FALSE
"Kyrgyz Republic",1999,614.12,4143.78,FALSE
"Lao People's Democratic Republic",1999,251.53,2382.8,FALSE
"Lebanese Republic",1999,945.78,6017.83,TRUE
"Malaysia",1999,338.59,2794.01,FALSE
"Mongolia",1999,812.18,4904.11,FALSE
"Montenegro",1999,353.01,2926.01,FALSE
"New Zealand",1999,438.79,4130.82,FALSE
"North Macedonia",1999,402.41,2600.75,FALSE
"Northern Mariana Islands",1999,383.56,2185.56,FALSE
"Palestine",1999,962.77,9030.46,TRUE
"People's Democratic Republic of Algeria",1999,1081.77,4888.21,FALSE
"People's Republic of Bangladesh",1999,471.98,5649.99,TRUE
"People's Republic of China",1999,344.17,2566.2,FALSE
"Plurinational State of Bolivia",1999,248.1,4109.22,FALSE
"Portuguese Republic",1999,147.92,6856.57,FALSE
"Principality of Andorra",1999,178.21,4141.91,FALSE
"Principality of Monaco",1999,173.24,4838.52,FALSE
"Puerto Rico",1999,364.58,2939.06,FALSE
"Republic of Albania",1999,310.88,2242.07,FALSE
"Republic of Angola",1999,376.54,7688.09,FALSE
"Republic of Armenia",1999,651.6,2933.71,FALSE
"Republic of Austria",1999,222.73,3454.36,FALSE
"Republic of Azerbaijan",1999,696.2,2716.59,FALSE
"Republic of Belarus",1999,678.1,4856.84,FALSE
"Republic of Benin",1999,361.6,5066.26,FALSE
"Republic of Botswana",1999,373.54,4998.36,FALSE
"Republic of Bulgaria",1999,610.66,3044.59,FALSE
"Republic of Burundi",1999,327.55,6412.71,FALSE
"Republic of Cabo Verde",1999,379.8,5869.09,FALSE
"Republic of Cameroon",1999,352.23,5362.82,FALSE
"Republic of Chad",1999,381.17,6549.96,FALSE
"Republic of Chile",1999,137.31,5184.7,FALSE
"Republic of Colombia",1999,295.74,2843.4,FALSE
"Republic of Costa Rica",1999,344.34,3625.97,FALSE
"Republic of Croatia",1999,263,3560.02,FALSE
"Republic of Cuba",1999,387.45,5151.45,FALSE
"Republic of Cyprus",1999,118.3,3249.12,FALSE
"Republic of Côte d'Ivoire",1999,418.12,4308.5,FALSE
"Republic of Djibouti",1999,340.7,5077.71,FALSE
"Republic of Ecuador",1999,244.13,3698.81,FALSE
"Republic of El Salvador",1999,287.63,4331.8,FALSE
"Republic of Equatorial Guinea",1999,369.13,7571.11,FALSE
"Republic of Estonia",1999,544.89,5633.53,TRUE
"Republic of Fiji",1999,444.9,2532.33,FALSE
"Republic of Finland",1999,248.03,5947.17,FALSE
"Republic of Ghana",1999,433.68,5039.74,FALSE
"Republic of Guatemala",1999,269.73,5257.89,FALSE
"Republic of Guinea",1999,353.77,4876.27,FALSE
"Republic of Guinea-Bissau",1999,397.63,5069.25,FALSE
"Republic of Guyana",1999,407.48,5726.66,FALSE
"Republic of Haiti",1999,409.24,4020.02,FALSE
"Republic of Honduras",1999,349.15,3561.54,FALSE
"Republic of Iceland",1999,221.77,3363.48,FALSE
"Republic of India",1999,616.02,5250.61,TRUE
"Republic of Indonesia",1999,246.98,1817.9,FALSE
"Republic of Iraq",1999,1026.32,3948.41,FALSE
"Republic of Italy",1999,239.2,4687.87,FALSE
"Republic of Kazakhstan",1999,780.38,4010.05,FALSE
"Republic of Kenya",1999,349.56,6256.77,FALSE
"Republic of Kiribati",1999,424.28,2672.25,FALSE
"Republic of Korea",1999,131.1,2062.99,FALSE
"Republic of Latvia",1999,420.58,4971.77,FALSE
"Republic of Liberia",1999,394.4,5309.7,FALSE
"Republic of Lithuania",1999,399.22,5318.23,FALSE
"Republic of Madagascar",1999,352.98,5582.43,FALSE
"Republic of Malawi",1999,343.43,4760.55,FALSE
"Republic of Maldives",1999,225.42,3420.91,FALSE
"Republic of Mali",1999,363.53,3734.81,FALSE
"Republic of Malta",1999,107.16,3295.73,FALSE
"Republic of Mauritius",1999,277.39,4778.23,FALSE
"Republic of Moldova",1999,663.9,3959.23,FALSE
"Republic of Mozambique",1999,334,5693.79,FALSE
"Republic of Namibia",1999,361.75,4026.59,FALSE
"Republic of Nauru",1999,409.07,2863.21,FALSE
"Republic of Nicaragua",1999,319.17,3930.38,FALSE
"Republic of Niue",1999,384.67,2875.34,FALSE
"Republic of Palau",1999,366.19,2849.75,FALSE
"Republic of Panama",1999,302.45,3391.18,FALSE
"Republic of Paraguay",1999,181.63,3410.91,FALSE
"Republic of Peru",1999,224.99,2312.7,FALSE
"Republic of Poland",1999,353.43,2068.45,FALSE
"Republic of Rwanda",1999,306.59,6967.48,FALSE
"Republic of San Marino",1999,168.75,4881.38,FALSE
"Republic of Senegal",1999,407.76,4363.36,FALSE
"Republic of Serbia",1999,514.97,3169.73,FALSE
"Republic of Seychelles",1999,217.6,2313.41,FALSE
"Republic of Sierra Leone",1999,414.17,4955.54,FALSE
"Republic of Singapore",1999,194.78,3229.6,FALSE
"Republic of Slovenia",1999,251.58,4161.4,FALSE
"Republic of South Africa",1999,411.55,4579.63,FALSE
"Republic of South Sudan",1999,313.25,5377.47,FALSE
"Republic of Sudan",1999,1048.78,5306.82,TRUE
"Republic of Suriname",1999,410.55,5364.16,FALSE
"Republic of Tajikistan",1999,644.54,3020.03,FALSE
"Republic of Trinidad and Tobago",1999,449.71,4348.91,FALSE
"Republic of Tunisia",1999,902.56,6412.72,TRUE
"Republic of Turkey",1999,746.26,4658.48,FALSE
"Republic of Uganda",1999,315.73,10070.13,FALSE
"Republic of Uzbekistan",1999,892.38,3623.69,FALSE
"Republic of Vanuatu",1999,444.75,2726.39,FALSE
"Republic of Yemen",1999,987.31,6018.37,TRUE
"Republic of Zambia",1999,320.26,4675.43,FALSE
"Republic of Zimbabwe",1999,369.14,3309.27,FALSE
"Republic of the Congo",1999,391.83,7862.35,FALSE
"Republic of the Gambia",1999,416.11,7312.5,FALSE
"Republic of the Marshall Islands",1999,379.36,2564.63,FALSE
"Republic of the Niger",1999,357.22,4697.8,FALSE
"Republic of the Philippines",1999,235.79,2752.12,FALSE
"Republic of the Union of Myanmar",1999,283.66,1456.35,FALSE
"Romania",1999,488.66,2660.06,FALSE
"Russian Federation",1999,912.95,3673.4,FALSE
"Saint Kitts and Nevis",1999,390.52,4467.97,FALSE
"Saint Lucia",1999,390.34,3437.47,FALSE
"Saint Vincent and the Grenadines",1999,369.18,3433.74,FALSE
"Slovak Republic",1999,355.27,3002.97,FALSE
"Socialist Republic of Viet Nam",1999,213.56,2002.49,FALSE
"Solomon Islands",1999,411.64,2736.15,FALSE
"State of Eritrea",1999,310.93,5790.03,FALSE
"State of Israel",1999,220.24,5799.52,FALSE
"State of Kuwait",1999,1135.9,4574.93,FALSE
"State of Libya",1999,912.48,5123.18,FALSE
"State of Qatar",1999,1127.18,5116.82,FALSE
"Sultanate of Oman",1999,1085.56,4578.71,FALSE
"Swiss Confederation",1999,162.73,4999.04,FALSE
"Syrian Arab Republic",1999,1145.58,4648.32,FALSE
"Taiwan (Province of China)",1999,326.43,1848.87,FALSE
"Togolese Republic",1999,403.55,5149.24,FALSE
"Tokelau",1999,342.63,2880.72,FALSE
"Turkmenistan",1999,775.17,3514.18,FALSE
"Tuvalu",1999,363.86,2877.29,FALSE
"Ukraine",1999,865.68,5571.36,TRUE
"Union of the Comoros",1999,333.76,4815.47,FALSE
"United Arab Emirates",1999,1080.03,4436.66,FALSE
"United Kingdom of Great Britain and Northern Ireland",1999,179.63,5187.95,FALSE
"United Mexican States",1999,335.95,3657.27,FALSE
"United Republic of Tanzania",1999,298.04,5495.69,FALSE
"United States Virgin Islands",1999,364.22,3405.22,FALSE
"United States of America",1999,303.63,5508,FALSE
"American Samoa",2000,388,2110.12,FALSE
"Antigua and Barbuda",2000,371.59,3022.03,FALSE
"Arab Republic of Egypt",2000,1012.99,4170.98,FALSE
"Argentine Republic",2000,289.09,3133.6,FALSE
"Australia",2000,214.37,5556.55,FALSE
"Barbados",2000,380.35,3180.35,FALSE
"Belize",2000,368.07,3494.18,FALSE
"Bermuda",2000,361.82,3725.53,FALSE
"Bolivarian Republic of Venezuela",2000,339.29,3766.78,FALSE
"Bosnia and Herzegovina",2000,345.32,3413.36,FALSE
"Brunei Darussalam",2000,122.92,1542.1,FALSE
"Burkina Faso",2000,341.71,4880.17,FALSE
"Canada",2000,315.06,3844.26,FALSE
"Central African Republic",2000,388.45,7834.85,FALSE
"Commonwealth of Dominica",2000,368.72,3092.84,FALSE
"Commonwealth of the Bahamas",2000,387.94,3112.63,FALSE
"Cook Islands",2000,358.68,2867.24,FALSE
"Czech Republic",2000,460.47,3296.96,FALSE
"Democratic People's Republic of Korea",2000,352.97,2296.02,FALSE
"Democratic Republic of Sao Tome and Principe",2000,389.46,3906.06,FALSE
"Democratic Republic of Timor-Leste",2000,203.92,2564.36,FALSE
"Democratic Republic of the Congo",2000,360.2,7005.89,FALSE
"Democratic Socialist Republic of Sri Lanka",2000,281.54,2821.24,FALSE
"Dominican Republic",2000,340.76,4645.36,FALSE
"Eastern Republic of Uruguay",2000,221.22,3191.34,FALSE
"Federal Democratic Republic of Ethiopia",2000,302.4,6047.34,FALSE
"Federal Democratic Republic of Nepal",2000,528,6376.78,TRUE
"Federal Republic of Germany",2000,350.24,3608.23,FALSE
"Federal Republic of Nigeria",2000,382.94,4839.07,FALSE
"Federal Republic of Somalia",2000,344.01,5729.41,FALSE
"Federated States of Micronesia",2000,387.77,2595.16,FALSE
"Federative Republic of Brazil",2000,175.68,5536.63,FALSE
"French Republic",2000,238.64,5203.88,FALSE
"Gabonese Republic",2000,354.4,7468.06,FALSE
"Georgia",2000,709.31,3632.06,FALSE
"Grand Duchy of Luxembourg",2000,83.99,4145.44,FALSE
"Greenland",2000,240.86,8399.07,FALSE
"Grenada",2000,375.91,3445.58,FALSE
"Guam",2000,340.99,2771.65,FALSE
"Hashemite Kingdom of Jordan",2000,997.39,5078.27,FALSE
"Hellenic Republic",2000,197.74,7985.03,FALSE
"Hungary",2000,494.04,3329.48,FALSE
"Independent State of Papua New Guinea",2000,356.72,2875.85,FALSE
"Independent State of Samoa",2000,407.63,2476.76,FALSE
"Ireland",2000,266.56,4921.13,FALSE
"Islamic Republic of Afghanistan",2000,1110.75,6200.92,TRUE
"Islamic Republic of Iran",2000,902.08,5411.75,TRUE
"Islamic Republic of Mauritania",2000,400.18,3925.01,FALSE
"Islamic Republic of Pakistan",2000,701.86,4767.92,FALSE
"Jamaica",2000,359.28,2998.2,FALSE
"Japan",2000,85.23,2517.92,FALSE
"Kingdom of Bahrain",2000,1076.46,6388.07,TRUE
"Kingdom of Belgium",2000,203.06,3805.93,FALSE
"Kingdom of Bhutan",2000,584.28,4834.26,FALSE
"Kingdom of Cambodia",2000,216.88,2942.72,FALSE
"Kingdom of Denmark",2000,114.57,4410.72,FALSE
"Kingdom of Eswatini",2000,352.33,5056.23,FALSE
"Kingdom of Lesotho",2000,315.13,6705.96,FALSE
"Kingdom of Morocco",2000,981.06,6365.48,TRUE
"Kingdom of Norway",2000,227.61,4021.44,FALSE
"Kingdom of Saudi Arabia",2000,948.48,4605.98,FALSE
"Kingdom of Spain",2000,181.64,4287.12,FALSE
"Kingdom of Sweden",2000,235.82,5261.6,FALSE
"Kingdom of Thailand",2000,211.11,2560.73,FALSE
"Kingdom of Tonga",2000,389.32,2156.98,FALSE
"Kingdom of the Netherlands",2000,260.32,4079.4,FALSE
"Kyrgyz Republic",2000,617.58,4129.09,FALSE
"Lao People's Democratic Republic",2000,249.11,2354.36,FALSE
"Lebanese Republic",2000,940.38,6069.03,TRUE
"Malaysia",2000,337.31,2759.9,FALSE
"Mongolia",2000,815.12,4912.28,FALSE
"Montenegro",2000,352.75,2927.87,FALSE
"New Zealand",2000,423.93,4136.13,FALSE
"North Macedonia",2000,400.63,2586.54,FALSE
"Northern Mariana Islands",2000,385.04,2188.99,FALSE
"Palestine",2000,962.92,9158.85,TRUE
"People's Democratic Republic of Algeria",2000,1070.15,4879.04,FALSE
"People's Republic of Bangladesh",2000,470.37,5635.44,TRUE
"People's Republic of China",2000,349.89,2517.98,FALSE
"Plurinational State of Bolivia",2000,246.93,4088.47,FALSE
"Portuguese Republic",2000,142.78,6944.01,FALSE
"Principality of Andorra",2000,176.67,4134.56,FALSE
"Principality of Monaco",2000,171.54,4835.61,FALSE
"Puerto Rico",2000,361.19,2924.72,FALSE
"Republic of Albania",2000,309.12,2253.53,FALSE
"Republic of Angola",2000,375.82,7682.78,FALSE
"Republic of Armenia",2000,652.23,2951.53,FALSE
"Republic of Austria",2000,220.15,3403.47,FALSE
"Republic of Azerbaijan",2000,701.27,2717.45,FALSE
"Republic of Belarus",2000,681.52,4868.34,FALSE
"Republic of Benin",2000,361.8,5079.56,FALSE
"Republic of Botswana",2000,374.42,5021.54,FALSE
"Republic of Bulgaria",2000,608.56,3024.41,FALSE
"Republic of Burundi",2000,327.19,6333.49,FALSE
"Republic of Cabo Verde",2000,380.16,5916.36,FALSE
"Republic of Cameroon",2000,354.23,5378.56,FALSE
"Republic of Chad",2000,382.54,6604.57,FALSE
"Republic of Chile",2000,133.75,5161.46,FALSE
"Republic of Colombia",2000,291.81,2868.41,FALSE
"Republic of Costa Rica",2000,342.77,3638.66,FALSE
"Republic of Croatia",2000,252.36,3513.27,FALSE
"Republic of Cuba",2000,380.56,5055.52,FALSE
"Republic of Cyprus",2000,108.73,3249.18,FALSE
"Republic of Côte d'Ivoire",2000,418.47,4302.96,FALSE
"Republic of Djibouti",2000,341.46,5087.22,FALSE
"Republic of Ecuador",2000,243.77,3719.98,FALSE
"Republic of El Salvador",2000,287.29,4308.98,FALSE
"Republic of Equatorial Guinea",2000,368.19,7536.32,FALSE
"Republic of Estonia",2000,536.76,5603.78,TRUE
"Republic of Fiji",2000,442.79,2536.57,FALSE
"Republic of Finland",2000,236.19,5968.99,FALSE
"Republic of Ghana",2000,432.73,5046.24,FALSE
"Republic of Guatemala",2000,268.07,5308.18,FALSE
"Republic of Guinea",2000,354.79,4884.7,FALSE
"Republic of Guinea-Bissau",2000,397.6,5078.48,FALSE
"Republic of Guyana",2000,406.02,5781.48,FALSE
"Republic of Haiti",2000,406.19,4013.68,FALSE
"Republic of Honduras",2000,349.71,3576.74,FALSE
"Republic of Iceland",2000,211.09,3340.21,FALSE
"Republic of India",2000,619.11,5241.56,TRUE
"Republic of Indonesia",2000,246.74,1816.35,FALSE
"Republic of Iraq",2000,1025.44,3870.48,FALSE
"Republic of Italy",2000,236.33,4656.47,FALSE
"Republic of Kazakhstan",2000,785.29,4024.83,FALSE
"Republic of Kenya",2000,350.26,6285.01,FALSE
"Republic of Kiribati",2000,423.57,2660.42,FALSE
"Republic of Korea",2000,124.49,2070.76,FALSE
"Republic of Latvia",2000,404.69,4921.98,FALSE
"Republic of Liberia",2000,394.85,5304.06,FALSE
"Republic of Lithuania",2000,390.34,5322.16,FALSE
"Republic of Madagascar",2000,352.75,5575.41,FALSE
"Republic of Malawi",2000,344.83,4740.04,FALSE
"Republic of Maldives",2000,223.56,3369.68,FALSE
"Republic of Mali",2000,364.35,3713.28,FALSE
"Republic of Malta",2000,99.53,3289.9,FALSE
"Republic of Mauritius",2000,272.8,4800.76,FALSE
"Republic of Moldova",2000,660.9,3921.12,FALSE
"Republic of Mozambique",2000,335.55,5705.01,FALSE
"Republic of Namibia",2000,361.68,4007.54,FALSE
"Republic of Nauru",2000,409.6,2866.21,FALSE
"Republic of Nicaragua",2000,318.51,3940.61,FALSE
"Republic of Niue",2000,384.82,2877.4,FALSE
"Republic of Palau",2000,367.66,2847.86,FALSE
"Republic of Panama",2000,301.97,3394.42,FALSE
"Republic of Paraguay",2000,181.06,3434.2,FALSE
"Republic of Peru",2000,222.69,2300.94,FALSE
"Republic of Poland",2000,331.95,2069.34,FALSE
"Republic of Rwanda",2000,305.63,6906.09,FALSE
"Republic of San Marino",2000,167.4,4881.63,FALSE
"Republic of Senegal",2000,408.42,4354.15,FALSE
"Republic of Serbia",2000,514.52,3152.03,FALSE
"Republic of Seychelles",2000,217.52,2300.13,FALSE
"Republic of Sierra Leone",2000,413.78,4989.63,FALSE
"Republic of Singapore",2000,190.25,3179.35,FALSE
"Republic of Slovenia",2000,233.22,4115.55,FALSE
"Republic of South Africa",2000,413.01,4566.25,FALSE
"Republic of South Sudan",2000,314.2,5388.12,FALSE
"Republic of Sudan",2000,1045.12,5309.54,TRUE
"Republic of Suriname",2000,410.37,5388.18,FALSE
"Republic of Tajikistan",2000,650.5,3000,FALSE
"Republic of Trinidad and Tobago",2000,447.62,4326.1,FALSE
"Republic of Tunisia",2000,903.21,6409.03,TRUE
"Republic of Turkey",2000,739.32,4675.24,FALSE
"Republic of Uganda",2000,316.69,10106.86,FALSE
"Republic of Uzbekistan",2000,914.13,3614.75,FALSE
"Republic of Vanuatu",2000,444.71,2721.63,FALSE
"Republic of Yemen",2000,983.51,6017.02,TRUE
"Republic of Zambia",2000,320.69,4658.1,FALSE
"Republic of Zimbabwe",2000,371.07,3305.99,FALSE
"Republic of the Congo",2000,391.14,7870.25,FALSE
"Republic of the Gambia",2000,416.67,7318.41,FALSE
"Republic of the Marshall Islands",2000,379.43,2563.66,FALSE
"Republic of the Niger",2000,356.78,4703.87,FALSE
"Republic of the Philippines",2000,236.43,2713.07,FALSE
"Republic of the Union of Myanmar",2000,282,1448.23,FALSE
"Romania",2000,481.07,2657.23,FALSE
"Russian Federation",2000,926.94,3662.78,FALSE
"Saint Kitts and Nevis",2000,389.18,4465.19,FALSE
"Saint Lucia",2000,389.48,3439.14,FALSE
"Saint Vincent and the Grenadines",2000,368.24,3442.35,FALSE
"Slovak Republic",2000,343.66,2993.15,FALSE
"Socialist Republic of Viet Nam",2000,212.87,1999.52,FALSE
"Solomon Islands",2000,409.4,2733.83,FALSE
"State of Eritrea",2000,310.57,5779.29,FALSE
"State of Israel",2000,211.83,5789.86,FALSE
"State of Kuwait",2000,1140.05,4586.02,FALSE
"State of Libya",2000,917.37,5137.71,FALSE
"State of Qatar",2000,1123.68,5120.04,FALSE
"Sultanate of Oman",2000,1082.08,4588.23,FALSE
"Swiss Confederation",2000,158.41,4931.47,FALSE
"Syrian Arab Republic",2000,1144.39,4641.11,FALSE
"Taiwan (Province of China)",2000,325.1,1857.58,FALSE
"Togolese Republic",2000,403.95,5158.89,FALSE
"Tokelau",2000,343.69,2883.93,FALSE
"Turkmenistan",2000,776.4,3504.5,FALSE
"Tuvalu",2000,364.65,2877.84,FALSE
"Ukraine",2000,872.48,5565.17,TRUE
"Union of the Comoros",2000,334.06,4797.89,FALSE
"United Arab Emirates",2000,1079.26,4421.01,FALSE
"United Kingdom of Great Britain and Northern Ireland",2000,174.06,5181.86,FALSE
"United Mexican States",2000,335.34,3672.53,FALSE
"United Republic of Tanzania",2000,299.6,5483.17,FALSE
"United States Virgin Islands",2000,363.8,3407.69,FALSE
"United States of America",2000,284.02,5581.31,FALSE
"American Samoa",2001,388.2,2109.81,FALSE
"Antigua and Barbuda",2001,372.22,3026.24,FALSE
"Arab Republic of Egypt",2001,1017.49,4176.8,FALSE
"Argentine Republic",2001,280.33,3139.38,FALSE
"Australia",2001,213.33,5629.62,FALSE
"Barbados",2001,381.49,3185.92,FALSE
"Belize",2001,368.67,3510.48,FALSE
"Bermuda",2001,362.68,3703.19,FALSE
"Bolivarian Republic of Venezuela",2001,337.07,3765.66,FALSE
"Bosnia and Herzegovina",2001,342.72,3375.06,FALSE
"Brunei Darussalam",2001,122.56,1542.02,FALSE
"Burkina Faso",2001,341.82,4900.14,FALSE
"Canada",2001,305.61,3811.14,FALSE
"Central African Republic",2001,388.05,7832.66,FALSE
"Commonwealth of Dominica",2001,369.55,3097.45,FALSE
"Commonwealth of the Bahamas",2001,388.63,3113.69,FALSE
"Cook Islands",2001,359.36,2869.43,FALSE
"Czech Republic",2001,446.56,3262.96,FALSE
"Democratic People's Republic of Korea",2001,354.57,2283.78,FALSE
"Democratic Republic of Sao Tome and Principe",2001,390.29,3909.54,FALSE
"Democratic Republic of Timor-Leste",2001,204.4,2538.98,FALSE
"Democratic Republic of the Congo",2001,358.52,6999.24,FALSE
"Democratic Socialist Republic of Sri Lanka",2001,283.11,2763.48,FALSE
"Dominican Republic",2001,342.11,4661.24,FALSE
"Eastern Republic of Uruguay",2001,219.45,3226.99,FALSE
"Federal Democratic Republic of Ethiopia",2001,300.32,6026.09,FALSE
"Federal Democratic Republic of Nepal",2001,526.07,6399.13,TRUE
"Federal Republic of Germany",2001,345.09,3683.12,FALSE
"Federal Republic of Nigeria",2001,382.88,4845.98,FALSE
"Federal Republic of Somalia",2001,343.2,5729.29,FALSE
"Federated States of Micronesia",2001,388.05,2590.07,FALSE
"Federative Republic of Brazil",2001,175.98,5562.14,FALSE
"French Republic",2001,234.02,5167.46,FALSE
"Gabonese Republic",2001,354.86,7469.93,FALSE
"Georgia",2001,703.87,3631.6,FALSE
"Grand Duchy of Luxembourg",2001,83.05,4098.8,FALSE
"Greenland",2001,239.32,8373.33,FALSE
"Grenada",2001,376.79,3456.24,FALSE
"Guam",2001,343.24,2776.17,FALSE
"Hashemite Kingdom of Jordan",2001,992.57,5056.15,FALSE
"Hellenic Republic",2001,194.95,7906.71,FALSE
"Hungary",2001,490.79,3283.69,FALSE
"Independent State of Papua New Guinea",2001,356.53,2874.9,FALSE
"Independent State of Samoa",2001,407.72,2467.33,FALSE
"Ireland",2001,261.24,4954.13,FALSE
"Islamic Republic of Afghanistan",2001,1103.32,6198.19,TRUE
"Islamic Republic of Iran",2001,894.93,5421.57,TRUE
"Islamic Republic of Mauritania",2001,399.15,3910.52,FALSE
"Islamic Republic of Pakistan",2001,702.67,4766.2,FALSE
"Jamaica",2001,359.24,3004.31,FALSE
"Japan",2001,86.26,2550.24,FALSE
"Kingdom of Bahrain",2001,1068.47,6368.63,TRUE
"Kingdom of Belgium",2001,196.8,3833.02,FALSE
"Kingdom of Bhutan",2001,584.23,4818.15,FALSE
"Kingdom of Cambodia",2001,217.88,2918.11,FALSE
"Kingdom of Denmark",2001,114.22,4337.21,FALSE
"Kingdom of Eswatini",2001,353.43,5082.52,FALSE
"Kingdom of Lesotho",2001,316.14,6739.43,FALSE
"Kingdom of Morocco",2001,978.54,6355.79,TRUE
"Kingdom of Norway",2001,224.68,4054.16,FALSE
"Kingdom of Saudi Arabia",2001,955.32,4621.29,FALSE
"Kingdom of Spain",2001,184.15,4284.86,FALSE
"Kingdom of Sweden",2001,232.35,5266.16,FALSE
"Kingdom of Thailand",2001,209.71,2570.1,FALSE
"Kingdom of Tonga",2001,389.8,2159.74,FALSE
"Kingdom of the Netherlands",2001,255.7,4086.07,FALSE
"Kyrgyz Republic",2001,620.36,4111.98,FALSE
"Lao People's Democratic Republic",2001,250.3,2350.04,FALSE
"Lebanese Republic",2001,940.05,6095.46,TRUE
"Malaysia",2001,338.65,2822.3,FALSE
"Mongolia",2001,810.87,4917.29,FALSE
"Montenegro",2001,354.01,2925.86,FALSE
"New Zealand",2001,411.97,4150.27,FALSE
"North Macedonia",2001,401.49,2573.26,FALSE
"Northern Mariana Islands",2001,385.46,2209.33,FALSE
"Palestine",2001,961.92,9174.73,TRUE
"People's Democratic Republic of Algeria",2001,1059.26,4870.43,FALSE
"People's Republic of Bangladesh",2001,471.83,5621.3,TRUE
"People's Republic of China",2001,353.53,2498.28,FALSE
"Plurinational State of Bolivia",2001,246.76,4066.92,FALSE
"Portuguese Republic",2001,141.18,6866.13,FALSE
"Principality of Andorra",2001,174.62,4130.98,FALSE
"Principality of Monaco",2001,170.07,4834.26,FALSE
"Puerto Rico",2001,358.82,2920.39,FALSE
"Republic of Albania",2001,308.41,2263.92,FALSE
"Republic of Angola",2001,374.04,7671.31,FALSE
"Republic of Armenia",2001,650.45,2966.38,FALSE
"Republic of Austria",2001,219.6,3374.34,FALSE
"Republic of Azerbaijan",2001,710.71,2721.9,FALSE
"Republic of Belarus",2001,687.52,4870.48,FALSE
"Republic of Benin",2001,360.89,5089.23,FALSE
"Republic of Botswana",2001,374.47,5034.2,FALSE
"Republic of Bulgaria",2001,604.81,2996.29,FALSE
"Republic of Burundi",2001,326.62,6252.75,FALSE
"Republic of Cabo Verde",2001,379.64,5952.69,FALSE
"Republic of Cameroon",2001,355.01,5390.85,FALSE
"Republic of Chad",2001,382.02,6624.37,FALSE
"Republic of Chile",2001,133.35,5153.96,FALSE
"Republic of Colombia",2001,288.81,2874.83,FALSE
"Republic of Costa Rica",2001,340.99,3645.08,FALSE
"Republic of Croatia",2001,249.8,3474.31,FALSE
"Republic of Cuba",2001,371.93,4965.2,FALSE
"Republic of Cyprus",2001,104.85,3248.8,FALSE
"Republic of Côte d'Ivoire",2001,417.99,4299.03,FALSE
"Republic of Djibouti",2001,342.24,5095.51,FALSE
"Republic of Ecuador",2001,243.37,3730.36,FALSE
"Republic of El Salvador",2001,287.13,4281.6,FALSE
"Republic of Equatorial Guinea",2001,367.33,7507.38,FALSE
"Republic of Estonia",2001,531.94,5534.59,TRUE
"Republic of Fiji",2001,444.51,2537.97,FALSE
"Republic of Finland",2001,231.67,5902.27,FALSE
"Republic of Ghana",2001,431.67,5055.6,FALSE
"Republic of Guatemala",2001,268,5311.32,FALSE
"Republic of Guinea",2001,355.67,4898.27,FALSE
"Republic of Guinea-Bissau",2001,398.09,5091.12,FALSE
"Republic of Guyana",2001,405.88,5836.38,FALSE
"Republic of Haiti",2001,405.51,4014.99,FALSE
"Republic of Honduras",2001,351.32,3590.82,FALSE
"Republic of Iceland",2001,201.84,3318.41,FALSE
"Republic of India",2001,618.84,5269.36,TRUE
"Republic of Indonesia",2001,249.04,1816.45,FALSE
"Republic of Iraq",2001,1024.46,3865.15,FALSE
"Republic of Italy",2001,233.48,4621.52,FALSE
"Republic of Kazakhstan",2001,784.71,4022.17,FALSE
"Republic of Kenya",2001,350.03,6280.15,FALSE
"Republic of Kiribati",2001,423.48,2652.14,FALSE
"Republic of Korea",2001,124.39,2082.65,FALSE
"Republic of Latvia",2001,396.29,4873.37,FALSE
"Republic of Liberia",2001,394.81,5358.16,FALSE
"Republic of Lithuania",2001,390.38,5301.29,FALSE
"Republic of Madagascar",2001,352.89,5570.04,FALSE
"Republic of Malawi",2001,343.65,4726.87,FALSE
"Republic of Maldives",2001,223.39,3322.04,FALSE
"Republic of Mali",2001,363.96,3699.57,FALSE
"Republic of Malta",2001,100.26,3287.58,FALSE
"Republic of Mauritius",2001,271.71,4776.87,FALSE
"Republic of Moldova",2001,658.85,3880.77,FALSE
"Republic of Mozambique",2001,333.37,5715.55,FALSE
"Republic of Namibia",2001,360.95,4001.75,FALSE
"Republic of Nauru",2001,409.73,2871.61,FALSE
"Republic of Nicaragua",2001,318.35,3943,FALSE
"Republic of Niue",2001,385.01,2879.63,FALSE
"Republic of Palau",2001,369.16,2849.67,FALSE
"Republic of Panama",2001,301.41,3394.66,FALSE
"Republic of Paraguay",2001,181.21,3451.46,FALSE
"Republic of Peru",2001,220.91,2288.27,FALSE
"Republic of Poland",2001,327.02,2039.49,FALSE
"Republic of Rwanda",2001,304.14,6831.51,FALSE
"Republic of San Marino",2001,165.86,4884.06,FALSE
"Republic of Senegal",2001,407.74,4354.31,FALSE
"Republic of Serbia",2001,507.14,3134.4,FALSE
"Republic of Seychelles",2001,217.41,2287.66,FALSE
"Republic of Sierra Leone",2001,412.86,5018.46,FALSE
"Republic of Singapore",2001,188.41,3075.42,FALSE
"Republic of Slovenia",2001,221.52,4070.34,FALSE
"Republic of South Africa",2001,410.54,4545.88,FALSE
"Republic of South Sudan",2001,313.94,5391.5,FALSE
"Republic of Sudan",2001,1042.85,5303.49,TRUE
"Republic of Suriname",2001,410.36,5423.24,FALSE
"Republic of Tajikistan",2001,657.34,2985.57,FALSE
"Republic of Trinidad and Tobago",2001,445.69,4311.38,FALSE
"Republic of Tunisia",2001,900.97,6402.37,TRUE
"Republic of Turkey",2001,733.55,4723.74,FALSE
"Republic of Uganda",2001,315.29,10103.07,FALSE
"Republic of Uzbekistan",2001,944.94,3606.81,FALSE
"Republic of Vanuatu",2001,445.2,2718.96,FALSE
"Republic of Yemen",2001,980.04,6012.89,TRUE
"Republic of Zambia",2001,319.38,4651.09,FALSE
"Republic of Zimbabwe",2001,373.85,3317.04,FALSE
"Republic of the Congo",2001,390.75,7838.34,FALSE
"Republic of the Gambia",2001,416.6,7329.05,FALSE
"Republic of the Marshall Islands",2001,379.8,2563.67,FALSE
"Republic of the Niger",2001,355.48,4707.78,FALSE
"Republic of the Philippines",2001,238.59,2679.64,FALSE
"Republic of the Union of Myanmar",2001,282.67,1446.76,FALSE
"Romania",2001,467.93,2652.61,FALSE
"Russian Federation",2001,927.33,3645.71,FALSE
"Saint Kitts and Nevis",2001,388.9,4467.84,FALSE
"Saint Lucia",2001,389.37,3443.29,FALSE
"Saint Vincent and the Grenadines",2001,368.88,3453.36,FALSE
"Slovak Republic",2001,340.82,2979.81,FALSE
"Socialist Republic of Viet Nam",2001,214.14,1992.46,FALSE
"Solomon Islands",2001,411.18,2731.77,FALSE
"State of Eritrea",2001,309.99,5771.73,FALSE
"State of Israel",2001,208.33,5771.06,FALSE
"State of Kuwait",2001,1137.35,4594.05,FALSE
"State of Libya",2001,916.48,5143.4,FALSE
"State of Qatar",2001,1122.49,5107.59,FALSE
"Sultanate of Oman",2001,1089.07,4599.83,FALSE
"Swiss Confederation",2001,157.48,4718.95,FALSE
"Syrian Arab Republic",2001,1145.37,4633.7,FALSE
"Taiwan (Province of China)",2001,322.06,1871.01,FALSE
"Togolese Republic",2001,404.02,5166.76,FALSE
"Tokelau",2001,345.04,2887.66,FALSE
"Turkmenistan",2001,774.1,3495.92,FALSE
"Tuvalu",2001,365.48,2879.53,FALSE
"Ukraine",2001,872.33,5533.16,TRUE
"Union of the Comoros",2001,333.82,4777.6,FALSE
"United Arab Emirates",2001,1081.26,4406.03,FALSE
"United Kingdom of Great Britain and Northern Ireland",2001,170.59,5133.24,FALSE
"United Mexican States",2001,333.68,3687.84,FALSE
"United Republic of Tanzania",2001,299.31,5469.89,FALSE
"United States Virgin Islands",2001,364.87,3417.84,FALSE
"United States of America",2001,276.95,5578.45,FALSE
"American Samoa",2002,388.57,2109.81,FALSE
"Antigua and Barbuda",2002,373.97,3031.41,FALSE
"Arab Republic of Egypt",2002,1030.45,4187.31,FALSE
"Argentine Republic",2002,270.49,3147.02,FALSE
"Australia",2002,213.05,5744.44,FALSE
"Barbados",2002,383.09,3196.16,FALSE
"Belize",2002,369.98,3529.97,FALSE
"Bermuda",2002,364.87,3679.28,FALSE
"Bolivarian Republic of Venezuela",2002,334.61,3761.93,FALSE
"Bosnia and Herzegovina",2002,340.29,3321.49,FALSE
"Brunei Darussalam",2002,122.15,1542.1,FALSE
"Burkina Faso",2002,341.46,4950.01,FALSE
"Canada",2002,296.55,3731.55,FALSE
"Central African Republic",2002,387.04,7829.13,FALSE
"Commonwealth of Dominica",2002,371.22,3105.35,FALSE
"Commonwealth of the Bahamas",2002,390.37,3116.54,FALSE
"Cook Islands",2002,359.99,2874.99,FALSE
"Czech Republic",2002,427.68,3229.65,FALSE
"Democratic People's Republic of Korea",2002,357.23,2271.36,FALSE
"Democratic Republic of Sao Tome and Principe",2002,391.41,3915.74,FALSE
"Democratic Republic of Timor-Leste",2002,205.78,2511.2,FALSE
"Democratic Republic of the Congo",2002,355.74,6991.34,FALSE
"Democratic Socialist Republic of Sri Lanka",2002,287.5,2709.06,FALSE
"Dominican Republic",2002,345.36,4676.66,FALSE
"Eastern Republic of Uruguay",2002,218.11,3269.35,FALSE
"Federal Democratic Republic of Ethiopia",2002,295.98,5999.67,FALSE
"Federal Democratic Republic of Nepal",2002,521.88,6410.14,TRUE
"Federal Republic of Germany",2002,341.87,3808.56,FALSE
"Federal Republic of Nigeria",2002,382.04,4851.24,FALSE
"Federal Republic of Somalia",2002,341.38,5727.38,FALSE
"Federated States of Micronesia",2002,389.09,2584.24,FALSE
"Federative Republic of Brazil",2002,177.38,5583.83,FALSE
"French Republic",2002,229.26,5067.98,FALSE
"Gabonese Republic",2002,355.45,7472.64,FALSE
"Georgia",2002,695.98,3635.57,FALSE
"Grand Duchy of Luxembourg",2002,82.6,4048.83,FALSE
"Greenland",2002,237.46,8335.38,FALSE
"Grenada",2002,378.76,3470.47,FALSE
"Guam",2002,346.7,2785.18,FALSE
"Hashemite Kingdom of Jordan",2002,980.55,5020.98,FALSE
"Hellenic Republic",2002,193.51,7722.36,FALSE
"Hungary",2002,488.82,3239.5,FALSE
"Independent State of Papua New Guinea",2002,355.49,2875.53,FALSE
"Independent State of Samoa",2002,408.01,2458.25,FALSE
"Ireland",2002,257.33,4991.38,FALSE
"Islamic Republic of Afghanistan",2002,1094.85,6186.33,TRUE
"Islamic Republic of Iran",2002,889.14,5442.13,TRUE
"Islamic Republic of Mauritania",2002,397.17,3896.81,FALSE
"Islamic Republic of Pakistan",2002,703.3,4766.91,FALSE
"Jamaica",2002,358.66,3015.3,FALSE
"Japan",2002,88.56,2581.19,FALSE
"Kingdom of Bahrain",2002,1059.4,6318.02,TRUE
"Kingdom of Belgium",2002,191.8,3864.21,FALSE
"Kingdom of Bhutan",2002,583.62,4802.25,FALSE
"Kingdom of Cambodia",2002,220.45,2891.98,FALSE
"Kingdom of Denmark",2002,114.34,4274.96,FALSE
"Kingdom of Eswatini",2002,354.82,5115.88,FALSE
"Kingdom of Lesotho",2002,317.13,6777.66,FALSE
"Kingdom of Morocco",2002,976.4,6343.62,TRUE
"Kingdom of Norway",2002,222.72,4121.9,FALSE
"Kingdom of Saudi Arabia",2002,963.97,4639.45,FALSE
"Kingdom of Spain",2002,189.91,4310.63,FALSE
"Kingdom of Sweden",2002,228.93,5276.12,FALSE
"Kingdom of Thailand",2002,207.95,2580.79,FALSE
"Kingdom of Tonga",2002,391.08,2164.04,FALSE
"Kingdom of the Netherlands",2002,250.57,4098.81,FALSE
"Kyrgyz Republic",2002,622.82,4091.54,FALSE
"Lao People's Democratic Republic",2002,253.18,2354.2,FALSE
"Lebanese Republic",2002,941.37,6118.01,TRUE
"Malaysia",2002,341.82,2975.93,FALSE
"Mongolia",2002,800.47,4920.66,FALSE
"Montenegro",2002,356.8,2920.25,FALSE
"New Zealand",2002,400.05,4163,FALSE
"North Macedonia",2002,404.37,2558.3,FALSE
"Northern Mariana Islands",2002,385.61,2236.64,FALSE
"Palestine",2002,959.66,9183.53,TRUE
"People's Democratic Republic of Algeria",2002,1045.87,4860.67,FALSE
"People's Republic of Bangladesh",2002,475.83,5606.96,TRUE
"People's Republic of China",2002,357.77,2487.36,FALSE
"Plurinational State of Bolivia",2002,246.86,4041.03,FALSE
"Portuguese Republic",2002,140.2,6683.7,FALSE
"Principality of Andorra",2002,172.6,4122.11,FALSE
"Principality of Monaco",2002,168.47,4835.36,FALSE
"Puerto Rico",2002,356.81,2920.82,FALSE
"Republic of Albania",2002,308.29,2274.99,FALSE
"Republic of Angola",2002,370.83,7651.45,FALSE
"Republic of Armenia",2002,646.16,2982.38,FALSE
"Republic of Austria",2002,219.66,3349.8,FALSE
"Republic of Azerbaijan",2002,725.21,2731.38,FALSE
"Republic of Belarus",2002,696.72,4868.69,FALSE
"Republic of Benin",2002,358.82,5099.84,FALSE
"Republic of Botswana",2002,374.23,5045.87,FALSE
"Republic of Bulgaria",2002,597.88,2957.57,FALSE
"Republic of Burundi",2002,325.65,6161.83,FALSE
"Republic of Cabo Verde",2002,378.32,5989.86,FALSE
"Republic of Cameroon",2002,355.31,5405.08,FALSE
"Republic of Chad",2002,380.3,6641.53,FALSE
"Republic of Chile",2002,133.35,5149.47,FALSE
"Republic of Colombia",2002,286.05,2875.57,FALSE
"Republic of Costa Rica",2002,338.57,3651.14,FALSE
"Republic of Croatia",2002,248.62,3433.82,FALSE
"Republic of Cuba",2002,360.38,4872.58,FALSE
"Republic of Cyprus",2002,102.27,3248.56,FALSE
"Republic of Côte d'Ivoire",2002,416.79,4293.7,FALSE
"Republic of Djibouti",2002,343.2,5106.69,FALSE
"Republic of Ecuador",2002,242.83,3739.02,FALSE
"Republic of El Salvador",2002,287.15,4246.28,FALSE
"Republic of Equatorial Guinea",2002,366.25,7477.29,FALSE
"Republic of Estonia",2002,527.59,5421.5,TRUE
"Republic of Fiji",2002,448.87,2538.87,FALSE
"Republic of Finland",2002,227.88,5750.4,FALSE
"Republic of Ghana",2002,429.91,5068.81,FALSE
"Republic of Guatemala",2002,268.98,5306.52,FALSE
"Republic of Guinea",2002,356.77,4917.33,FALSE
"Republic of Guinea-Bissau",2002,399.12,5109.12,FALSE
"Republic of Guyana",2002,406.23,5898.34,FALSE
"Republic of Haiti",2002,405.99,4020.93,FALSE
"Republic of Honduras",2002,354.13,3607.45,FALSE
"Republic of Iceland",2002,191.55,3294.08,FALSE
"Republic of India",2002,617.32,5322.69,TRUE
"Republic of Indonesia",2002,253.78,1817.66,FALSE
"Republic of Iraq",2002,1022.83,3863,FALSE
"Republic of Italy",2002,229.43,4575.7,FALSE
"Republic of Kazakhstan",2002,780.96,4013.6,FALSE
"Republic of Kenya",2002,349.47,6264.42,FALSE
"Republic of Kiribati",2002,423.67,2644.13,FALSE
"Republic of Korea",2002,125.73,2102.18,FALSE
"Republic of Latvia",2002,389.29,4814.2,FALSE
"Republic of Liberia",2002,394.4,5492.75,FALSE
"Republic of Lithuania",2002,393.24,5256.63,FALSE
"Republic of Madagascar",2002,353.39,5563.14,FALSE
"Republic of Malawi",2002,340.79,4710.83,FALSE
"Republic of Maldives",2002,223.51,3271.83,FALSE
"Republic of Mali",2002,362.7,3685.21,FALSE
"Republic of Malta",2002,102.05,3287.28,FALSE
"Republic of Mauritius",2002,271.05,4739.07,FALSE
"Republic of Moldova",2002,656.91,3834.97,FALSE
"Republic of Mozambique",2002,328.3,5729.84,FALSE
"Republic of Namibia",2002,359.42,3996.87,FALSE
"Republic of Nauru",2002,409.91,2880.4,FALSE
"Republic of Nicaragua",2002,318.33,3943.54,FALSE
"Republic of Niue",2002,385.17,2883.59,FALSE
"Republic of Palau",2002,370.91,2855.38,FALSE
"Republic of Panama",2002,300.59,3392.75,FALSE
"Republic of Paraguay",2002,181.63,3472.7,FALSE
"Republic of Peru",2002,219.23,2273.5,FALSE
"Republic of Poland",2002,323.75,1971.61,FALSE
"Republic of Rwanda",2002,301.75,6737.85,FALSE
"Republic of San Marino",2002,164.05,4887.96,FALSE
"Republic of Senegal",2002,405.9,4356.63,FALSE
"Republic of Serbia",2002,491.21,3114.04,FALSE
"Republic of Seychelles",2002,217.1,2274.2,FALSE
"Republic of Sierra Leone",2002,411.28,5048.87,FALSE
"Republic of Singapore",2002,187.75,2910.61,FALSE
"Republic of Slovenia",2002,210.94,4020.21,FALSE
"Republic of South Africa",2002,404.91,4513.8,FALSE
"Republic of South Sudan",2002,313.04,5392,FALSE
"Republic of Sudan",2002,1040.36,5292.73,TRUE
"Republic of Suriname",2002,410.44,5473.49,FALSE
"Republic of Tajikistan",2002,666.12,2973.01,FALSE
"Republic of Trinidad and Tobago",2002,443.27,4297.19,FALSE
"Republic of Tunisia",2002,896.22,6394.8,TRUE
"Republic of Turkey",2002,727,4812.02,FALSE
"Republic of Uganda",2002,312.04,10085.61,FALSE
"Republic of Uzbekistan",2002,986.55,3597.67,FALSE
"Republic of Vanuatu",2002,446.5,2716.17,FALSE
"Republic of Yemen",2002,975.21,6006.45,TRUE
"Republic of Zambia",2002,316.42,4647.42,FALSE
"Republic of Zimbabwe",2002,378.32,3335.91,FALSE
"Republic of the Congo",2002,390.25,7794.12,FALSE
"Republic of the Gambia",2002,416.22,7338.96,FALSE
"Republic of the Marshall Islands",2002,380.52,2564.22,FALSE
"Republic of the Niger",2002,353.04,4711,FALSE
"Republic of the Philippines",2002,242.58,2639.67,FALSE
"Republic of the Union of Myanmar",2002,284.48,1445.35,FALSE
"Romania",2002,447.04,2645.76,FALSE
"Russian Federation",2002,922.93,3616.74,FALSE
"Saint Kitts and Nevis",2002,388.98,4476.48,FALSE
"Saint Lucia",2002,389.65,3450.68,FALSE
"Saint Vincent and the Grenadines",2002,370.49,3468.53,FALSE
"Slovak Republic",2002,339.95,2965.91,FALSE
"Socialist Republic of Viet Nam",2002,217.15,1982.61,FALSE
"Solomon Islands",2002,415.97,2728.82,FALSE
"State of Eritrea",2002,309.01,5765.45,FALSE
"State of Israel",2002,205.79,5743.32,FALSE
"State of Kuwait",2002,1131.19,4600.46,FALSE
"State of Libya",2002,912.77,5143.89,FALSE
"State of Qatar",2002,1121.58,5080.33,FALSE
"Sultanate of Oman",2002,1103.72,4615.55,FALSE
"Swiss Confederation",2002,157.19,4323.69,FALSE
"Syrian Arab Republic",2002,1147.05,4625.14,FALSE
"Taiwan (Province of China)",2002,317.05,1890.7,FALSE
"Togolese Republic",2002,403.88,5176.45,FALSE
"Tokelau",2002,346.74,2891.69,FALSE
"Turkmenistan",2002,768.1,3486.86,FALSE
"Tuvalu",2002,366.54,2883.26,FALSE
"Ukraine",2002,870.09,5471.89,TRUE
"Union of the Comoros",2002,333.28,4750.9,FALSE
"United Arab Emirates",2002,1085.9,4385.53,FALSE
"United Kingdom of Great Britain and Northern Ireland",2002,167.26,5032.91,FALSE
"United Mexican States",2002,330.66,3704.95,FALSE
"United Republic of Tanzania",2002,298.18,5452.41,FALSE
"United States Virgin Islands",2002,367.47,3437.1,FALSE
"United States of America",2002,271.88,5553.19,FALSE
"American Samoa",2003,389.03,2109.65,FALSE
"Antigua and Barbuda",2003,376.13,3035.8,FALSE
"Arab Republic of Egypt",2003,1047.65,4199.07,FALSE
"Argentine Republic",2003,260.64,3154.17,FALSE
"Australia",2003,213.12,5868.29,FALSE
"Barbados",2003,384.82,3207.91,FALSE
"Belize",2003,371.56,3548.88,FALSE
"Bermuda",2003,367.54,3654.17,FALSE
"Bolivarian Republic of Venezuela",2003,331.99,3756.78,FALSE
"Bosnia and Herzegovina",2003,337.93,3258.82,FALSE
"Brunei Darussalam",2003,121.67,1542.01,FALSE
"Burkina Faso",2003,340.95,5009.36,FALSE
"Canada",2003,287.62,3631.12,FALSE
"Central African Republic",2003,385.8,7824,FALSE
"Commonwealth of Dominica",2003,373.22,3114.14,FALSE
"Commonwealth of the Bahamas",2003,392.55,3119.53,FALSE
"Cook Islands",2003,360.53,2882.21,FALSE
"Czech Republic",2003,407.22,3197.67,FALSE
"Democratic People's Republic of Korea",2003,360.19,2258.96,FALSE
"Democratic Republic of Sao Tome and Principe",2003,392.55,3922.36,FALSE
"Democratic Republic of Timor-Leste",2003,207.64,2483.08,FALSE
"Democratic Republic of the Congo",2003,352.49,6982.51,FALSE
"Democratic Socialist Republic of Sri Lanka",2003,292.97,2658.34,FALSE
"Dominican Republic",2003,349.69,4689.65,FALSE
"Eastern Republic of Uruguay",2003,216.95,3311.01,FALSE
"Federal Democratic Republic of Ethiopia",2003,290.65,5969.91,FALSE
"Federal Democratic Republic of Nepal",2003,516.86,6416.37,TRUE
"Federal Republic of Germany",2003,339.21,3946.29,FALSE
"Federal Republic of Nigeria",2003,380.83,4854.36,FALSE
"Federal Republic of Somalia",2003,339.11,5724.21,FALSE
"Federated States of Micronesia",2003,390.55,2577.92,FALSE
"Federative Republic of Brazil",2003,179.2,5598.18,FALSE
"French Republic",2003,224.93,4942.17,FALSE
"Gabonese Republic",2003,356.1,7473.8,FALSE
"Georgia",2003,686.2,3641.81,FALSE
"Grand Duchy of Luxembourg",2003,82.43,3997.06,FALSE
"Greenland",2003,235.5,8289.08,FALSE
"Grenada",2003,381.15,3484.9,FALSE
"Guam",2003,350.66,2796.25,FALSE
"Hashemite Kingdom of Jordan",2003,964.76,4978.23,FALSE
"Hellenic Republic",2003,192.4,7500.59,FALSE
"Hungary",2003,487.32,3196.85,FALSE
"Independent State of Papua New Guinea",2003,354.25,2876.23,FALSE
"Independent State of Samoa",2003,408.42,2449.14,FALSE
"Ireland",2003,253.87,5025.91,FALSE
"Islamic Republic of Afghanistan",2003,1085.33,6168.33,TRUE
"Islamic Republic of Iran",2003,883.65,5470.38,TRUE
"Islamic Republic of Mauritania",2003,394.78,3884.17,FALSE
"Islamic Republic of Pakistan",2003,703.71,4767.07,FALSE
"Jamaica",2003,357.94,3027.64,FALSE
"Japan",2003,91.27,2607.62,FALSE
"Kingdom of Bahrain",2003,1049.8,6245.26,TRUE
"Kingdom of Belgium",2003,187.65,3899.01,FALSE
"Kingdom of Bhutan",2003,582.71,4786.35,FALSE
"Kingdom of Cambodia",2003,223.77,2864.93,FALSE
"Kingdom of Denmark",2003,114.61,4220.28,FALSE
"Kingdom of Eswatini",2003,356.29,5150.9,FALSE
"Kingdom of Lesotho",2003,318.14,6816.32,FALSE
"Kingdom of Morocco",2003,974.59,6331.34,TRUE
"Kingdom of Norway",2003,221.19,4201.62,FALSE
"Kingdom of Saudi Arabia",2003,972.71,4657.78,FALSE
"Kingdom of Spain",2003,196.64,4353.99,FALSE
"Kingdom of Sweden",2003,225.44,5288.42,FALSE
"Kingdom of Thailand",2003,205.84,2590.4,FALSE
"Kingdom of Tonga",2003,392.71,2168.53,FALSE
"Kingdom of the Netherlands",2003,244.91,4112.36,FALSE
"Kyrgyz Republic",2003,625.09,4068.73,FALSE
"Lao People's Democratic Republic",2003,256.67,2361.08,FALSE
"Lebanese Republic",2003,943.58,6135.35,TRUE
"Malaysia",2003,345.57,3160.39,FALSE
"Mongolia",2003,786.17,4922.02,FALSE
"Montenegro",2003,360.29,2913.18,FALSE
"New Zealand",2003,388.13,4173.89,FALSE
"North Macedonia",2003,407.93,2541.81,FALSE
"Northern Mariana Islands",2003,386.43,2258.87,FALSE
"Palestine",2003,957.18,9186.32,TRUE
"People's Democratic Republic of Algeria",2003,1030.68,4850.14,FALSE
"People's Republic of Bangladesh",2003,480.77,5593.22,TRUE
"People's Republic of China",2003,362.11,2480.25,FALSE
"Plurinational State of Bolivia",2003,247.12,4013.84,FALSE
"Portuguese Republic",2003,139.38,6463.28,FALSE
"Principality of Andorra",2003,170.65,4109.4,FALSE
"Principality of Monaco",2003,166.85,4837.25,FALSE
"Puerto Rico",2003,355.01,2922.79,FALSE
"Republic of Albania",2003,308.54,2285.07,FALSE
"Republic of Angola",2003,366.91,7626.48,FALSE
"Republic of Armenia",2003,640.18,2998.96,FALSE
"Republic of Austria",2003,219.9,3327.48,FALSE
"Republic of Azerbaijan",2003,742.33,2742.34,FALSE
"Republic of Belarus",2003,706.39,4863.45,FALSE
"Republic of Benin",2003,356.29,5109.66,FALSE
"Republic of Botswana",2003,373.85,5055.13,FALSE
"Republic of Bulgaria",2003,588.4,2913.77,FALSE
"Republic of Burundi",2003,324.46,6066.56,FALSE
"Republic of Cabo Verde",2003,376.73,6022.99,FALSE
"Republic of Cameroon",2003,355.32,5418.27,FALSE
"Republic of Chad",2003,378.06,6654.68,FALSE
"Republic of Chile",2003,133.5,5144.01,FALSE
"Republic of Colombia",2003,283.48,2870.99,FALSE
"Republic of Costa Rica",2003,335.89,3656.64,FALSE
"Republic of Croatia",2003,248.11,3393.28,FALSE
"Republic of Cuba",2003,348.07,4780.64,FALSE
"Republic of Cyprus",2003,100.45,3247.96,FALSE
"Republic of Côte d'Ivoire",2003,415.15,4287.32,FALSE
"Republic of Djibouti",2003,344.21,5117.64,FALSE
"Republic of Ecuador",2003,242.34,3745.7,FALSE
"Republic of El Salvador",2003,287.26,4208.22,FALSE
"Republic of Equatorial Guinea",2003,365.18,7448.13,FALSE
"Republic of Estonia",2003,523.63,5284.65,TRUE
"Republic of Fiji",2003,454.24,2539.19,FALSE
"Republic of Finland",2003,224.57,5566.66,FALSE
"Republic of Ghana",2003,427.54,5083.09,FALSE
"Republic of Guatemala",2003,270.57,5295.74,FALSE
"Republic of Guinea",2003,358.01,4935.74,FALSE
"Republic of Guinea-Bissau",2003,400.37,5128.53,FALSE
"Republic of Guyana",2003,406.83,5957.92,FALSE
"Republic of Haiti",2003,407.02,4028.07,FALSE
"Republic of Honduras",2003,357.46,3624.05,FALSE
"Republic of Iceland",2003,181.78,3267.65,FALSE
"Republic of India",2003,615.37,5382.01,TRUE
"Republic of Indonesia",2003,259.63,1819.11,FALSE
"Republic of Iraq",2003,1020.5,3862.79,FALSE
"Republic of Italy",2003,224.73,4523.92,FALSE
"Republic of Kazakhstan",2003,774.71,4001.05,FALSE
"Republic of Kenya",2003,348.76,6240.26,FALSE
"Republic of Kiribati",2003,424.03,2636.31,FALSE
"Republic of Korea",2003,127.62,2123.74,FALSE
"Republic of Latvia",2003,383.38,4750.24,FALSE
"Republic of Liberia",2003,393.84,5655.58,FALSE
"Republic of Lithuania",2003,397.44,5199.1,FALSE
"Republic of Madagascar",2003,353.96,5555.23,FALSE
"Republic of Malawi",2003,337.21,4692.27,FALSE
"Republic of Maldives",2003,223.71,3220.49,FALSE
"Republic of Mali",2003,360.97,3671.23,FALSE
"Republic of Malta",2003,104.23,3287.38,FALSE
"Republic of Mauritius",2003,270.56,4693.48,FALSE
"Republic of Moldova",2003,654.45,3788.18,FALSE
"Republic of Mozambique",2003,322.11,5745.06,FALSE
"Republic of Namibia",2003,357.48,3991.6,FALSE
"Republic of Nauru",2003,410.09,2890.1,FALSE
"Republic of Nicaragua",2003,318.32,3942.47,FALSE
"Republic of Niue",2003,385.34,2887.99,FALSE
"Republic of Palau",2003,372.84,2862.56,FALSE
"Republic of Panama",2003,299.66,3389.37,FALSE
"Republic of Paraguay",2003,182.11,3494.66,FALSE
"Republic of Peru",2003,217.66,2256.61,FALSE
"Republic of Poland",2003,321.42,1889.71,FALSE
"Republic of Rwanda",2003,298.93,6632.97,FALSE
"Republic of San Marino",2003,162.14,4892.07,FALSE
"Republic of Senegal",2003,403.51,4359.64,FALSE
"Republic of Serbia",2003,471.5,3092.17,FALSE
"Republic of Seychelles",2003,216.7,2260.5,FALSE
"Republic of Sierra Leone",2003,409.34,5078.93,FALSE
"Republic of Singapore",2003,187.69,2727.03,FALSE
"Republic of Slovenia",2003,201.85,3965.46,FALSE
"Republic of South Africa",2003,397.85,4479.66,FALSE
"Republic of South Sudan",2003,311.91,5391.06,FALSE
"Republic of Sudan",2003,1037.46,5279.58,TRUE
"Republic of Suriname",2003,410.53,5527.31,FALSE
"Republic of Tajikistan",2003,676.26,2961.91,FALSE
"Republic of Trinidad and Tobago",2003,440.64,4283.94,FALSE
"Republic of Tunisia",2003,890.02,6387.14,TRUE
"Republic of Turkey",2003,719.89,4911.12,FALSE
"Republic of Uganda",2003,307.9,10057.48,FALSE
"Republic of Uzbekistan",2003,1033.54,3587.16,FALSE
"Republic of Vanuatu",2003,448.13,2713.06,FALSE
"Republic of Yemen",2003,969.63,5998.99,TRUE
"Republic of Zambia",2003,312.68,4644.41,FALSE
"Republic of Zimbabwe",2003,383.46,3356.94,FALSE
"Republic of the Congo",2003,389.75,7743.72,FALSE
"Republic of the Gambia",2003,415.66,7344.56,TRUE
"Republic of the Marshall Islands",2003,381.38,2564.65,FALSE
"Republic of the Niger",2003,350.18,4713.39,FALSE
"Republic of the Philippines",2003,247.06,2601.02,FALSE
"Republic of the Union of Myanmar",2003,286.65,1443.91,FALSE
"Romania",2003,422.81,2637.67,FALSE
"Russian Federation",2003,914.75,3581,FALSE
"Saint Kitts and Nevis",2003,389.26,4486.88,FALSE
"Saint Lucia",2003,390.14,3458.8,FALSE
"Saint Vincent and the Grenadines",2003,372.45,3484.89,FALSE
"Slovak Republic",2003,340.09,2951.17,FALSE
"Socialist Republic of Viet Nam",2003,221.03,1971.19,FALSE
"Solomon Islands",2003,422.02,2725.3,FALSE
"State of Eritrea",2003,307.89,5759.93,FALSE
"State of Israel",2003,203.65,5711.22,FALSE
"State of Kuwait",2003,1124.46,4606.8,FALSE
"State of Libya",2003,907.52,5141.6,FALSE
"State of Qatar",2003,1121.06,5042.22,FALSE
"Sultanate of Oman",2003,1121.69,4630.65,FALSE
"Swiss Confederation",2003,157.18,3877.56,FALSE
"Syrian Arab Republic",2003,1148.69,4616.2,FALSE
"Taiwan (Province of China)",2003,311.31,1912.21,FALSE
"Togolese Republic",2003,403.58,5186.22,FALSE
"Tokelau",2003,348.49,2895.38,FALSE
"Turkmenistan",2003,759.56,3477.67,FALSE
"Tuvalu",2003,367.68,2887.57,FALSE
"Ukraine",2003,866.62,5394.16,TRUE
"Union of the Comoros",2003,332.63,4721.74,FALSE
"United Arab Emirates",2003,1091.27,4360.32,FALSE
"United Kingdom of Great Britain and Northern Ireland",2003,164.12,4912.3,FALSE
"United Mexican States",2003,327.17,3723.73,FALSE
"United Republic of Tanzania",2003,296.79,5432.76,FALSE
"United States Virgin Islands",2003,370.76,3459.65,FALSE
"United States of America",2003,267.72,5519.46,FALSE
"American Samoa",2004,389.5,2108.95,FALSE
"Antigua and Barbuda",2004,378.01,3037.75,FALSE
"Arab Republic of Egypt",2004,1064.35,4208.63,FALSE
"Argentine Republic",2004,251.86,3158.1,FALSE
"Australia",2004,213.11,5968.43,FALSE
"Barbados",2004,386.3,3217.73,FALSE
"Belize",2004,372.99,3563.33,FALSE
"Bermuda",2004,369.89,3627.92,FALSE
"Bolivarian Republic of Venezuela",2004,329.36,3751.28,FALSE
"Bosnia and Herzegovina",2004,335.76,3192.19,FALSE
"Brunei Darussalam",2004,121.25,1541.12,FALSE
"Burkina Faso",2004,340.53,5058.16,FALSE
"Canada",2004,278.58,3535.45,FALSE
"Central African Republic",2004,384.7,7817.4,FALSE
"Commonwealth of Dominica",2004,375.03,3121.3,FALSE
"Commonwealth of the Bahamas",2004,394.53,3120.85,FALSE
"Cook Islands",2004,361.17,2888.52,FALSE
"Czech Republic",2004,388.6,3167.49,FALSE
"Democratic People's Republic of Korea",2004,362.7,2246.13,FALSE
"Democratic Republic of Sao Tome and Principe",2004,393.47,3926.7,FALSE
"Democratic Republic of Timor-Leste",2004,209.56,2456.54,FALSE
"Democratic Republic of the Congo",2004,349.38,6973.24,FALSE
"Democratic Socialist Republic of Sri Lanka",2004,297.63,2611.56,FALSE
"Dominican Republic",2004,354.18,4697.99,FALSE
"Eastern Republic of Uruguay",2004,215.74,3344.8,FALSE
"Federal Democratic Republic of Ethiopia",2004,285.64,5938.4,FALSE
"Federal Democratic Republic of Nepal",2004,512.48,6424.05,TRUE
"Federal Republic of Germany",2004,335.79,4057.68,FALSE
"Federal Republic of Nigeria",2004,379.67,4854.93,FALSE
"Federal Republic of Somalia",2004,336.95,5720.11,FALSE
"Federated States of Micronesia",2004,392.06,2571.23,FALSE
"Federative Republic of Brazil",2004,180.78,5601.66,FALSE
"French Republic",2004,221.61,4826.88,FALSE
"Gabonese Republic",2004,356.66,7471.52,FALSE
"Georgia",2004,674.93,3648.71,FALSE
"Grand Duchy of Luxembourg",2004,82.38,3945.4,FALSE
"Greenland",2004,233.85,8246.61,FALSE
"Grenada",2004,383.29,3496.04,FALSE
"Guam",2004,354.46,2806.62,FALSE
"Hashemite Kingdom of Jordan",2004,948.83,4932.69,FALSE
"Hellenic Republic",2004,190.68,7309.34,FALSE
"Hungary",2004,485.42,3155.75,FALSE
"Independent State of Papua New Guinea",2004,353.31,2875.8,FALSE
"Independent State of Samoa",2004,408.85,2439.57,FALSE
"Ireland",2004,250.01,5051.54,FALSE
"Islamic Republic of Afghanistan",2004,1074.62,6152.49,TRUE
"Islamic Republic of Iran",2004,877.41,5503.07,TRUE
"Islamic Republic of Mauritania",2004,392.47,3872.95,FALSE
"Islamic Republic of Pakistan",2004,703.77,4763.95,FALSE
"Jamaica",2004,357.4,3038.07,FALSE
"Japan",2004,93.55,2626.48,FALSE
"Kingdom of Bahrain",2004,1040.72,6163.9,TRUE
"Kingdom of Belgium",2004,183.94,3936.55,FALSE
"Kingdom of Bhutan",2004,581.82,4769.74,FALSE
"Kingdom of Cambodia",2004,226.93,2837.87,FALSE
"Kingdom of Denmark",2004,114.68,4170.05,FALSE
"Kingdom of Eswatini",2004,357.61,5182.16,FALSE
"Kingdom of Lesotho",2004,319.19,6851.97,FALSE
"Kingdom of Morocco",2004,973.21,6320.04,TRUE
"Kingdom of Norway",2004,219.49,4269.15,FALSE
"Kingdom of Saudi Arabia",2004,979.85,4674.01,FALSE
"Kingdom of Spain",2004,202.12,4404.09,FALSE
"Kingdom of Sweden",2004,221.74,5300.53,FALSE
"Kingdom of Thailand",2004,203.39,2596.56,FALSE
"Kingdom of Tonga",2004,394.29,2171.78,FALSE
"Kingdom of the Netherlands",2004,238.68,4121.86,FALSE
"Kyrgyz Republic",2004,627.26,4045.27,FALSE
"Lao People's Democratic Republic",2004,259.66,2364.86,FALSE
"Lebanese Republic",2004,945.77,6146.23,TRUE
"Malaysia",2004,348.67,3315.35,FALSE
"Mongolia",2004,770.1,4921.26,FALSE
"Montenegro",2004,363.74,2906.12,FALSE
"New Zealand",2004,376.18,4184.67,FALSE
"North Macedonia",2004,410.84,2524.87,FALSE
"Northern Mariana Islands",2004,388.09,2272.93,FALSE
"Palestine",2004,954.53,9185.13,TRUE
"People's Democratic Republic of Algeria",2004,1014.49,4838.68,FALSE
"People's Republic of Bangladesh",2004,484.95,5581.38,TRUE
"People's Republic of China",2004,366.09,2471.79,FALSE
"Plurinational State of Bolivia",2004,247.4,3989.06,FALSE
"Portuguese Republic",2004,138.32,6271.12,FALSE
"Principality of Andorra",2004,168.43,4094.48,FALSE
"Principality of Monaco",2004,165.27,4838.03,FALSE
"Puerto Rico",2004,353.23,2923.07,FALSE
"Republic of Albania",2004,308.95,2292.17,FALSE
"Republic of Angola",2004,362.99,7600.15,FALSE
"Republic of Armenia",2004,633.67,3014.05,FALSE
"Republic of Austria",2004,219.98,3304.59,FALSE
"Republic of Azerbaijan",2004,759.68,2750.95,FALSE
"Republic of Belarus",2004,714.15,4854.36,FALSE
"Republic of Benin",2004,353.91,5117.96,FALSE
"Republic of Botswana",2004,373.43,5060.58,FALSE
"Republic of Bulgaria",2004,576.91,2870.74,FALSE
"Republic of Burundi",2004,323.19,5972.93,FALSE
"Republic of Cabo Verde",2004,375.37,6047.44,FALSE
"Republic of Cameroon",2004,355.14,5428.37,FALSE
"Republic of Chad",2004,375.95,6662.74,FALSE
"Republic of Chile",2004,133.54,5133.85,FALSE
"Republic of Colombia",2004,281.03,2861.59,FALSE
"Republic of Costa Rica",2004,333.33,3661.65,FALSE
"Republic of Croatia",2004,247.68,3353.4,FALSE
"Republic of Cuba",2004,337.19,4692.38,FALSE
"Republic of Cyprus",2004,98.94,3246.38,FALSE
"Republic of Côte d'Ivoire",2004,413.39,4280.2,FALSE
"Republic of Djibouti",2004,345.19,5125.19,FALSE
"Republic of Ecuador",2004,242.02,3750.25,FALSE
"Republic of El Salvador",2004,287.38,4172.75,FALSE
"Republic of Equatorial Guinea",2004,364.36,7421.94,FALSE
"Republic of Estonia",2004,519.72,5144.44,FALSE
"Republic of Fiji",2004,458.92,2538.65,FALSE
"Republic of Finland",2004,221.32,5404.22,FALSE
"Republic of Ghana",2004,424.68,5096.12,FALSE
"Republic of Guatemala",2004,272.3,5280.79,FALSE
"Republic of Guinea",2004,359.33,4950.47,FALSE
"Republic of Guinea-Bissau",2004,401.46,5145.49,FALSE
"Republic of Guyana",2004,407.4,6005.83,FALSE
"Republic of Haiti",2004,408.04,4033.09,FALSE
"Republic of Honduras",2004,360.62,3638,FALSE
"Republic of Iceland",2004,174.06,3239.7,FALSE
"Republic of India",2004,613.71,5427.65,TRUE
"Republic of Indonesia",2004,265.24,1819.95,FALSE
"Republic of Iraq",2004,1017.65,3862.94,FALSE
"Republic of Italy",2004,219.88,4471.38,FALSE
"Republic of Kazakhstan",2004,766.66,3986.97,FALSE
"Republic of Kenya",2004,348.1,6210.44,FALSE
"Republic of Kiribati",2004,424.45,2628.7,FALSE
"Republic of Korea",2004,129.21,2141.85,FALSE
"Republic of Latvia",2004,377.98,4688.05,FALSE
"Republic of Liberia",2004,393.39,5797.08,FALSE
"Republic of Lithuania",2004,401.34,5139.89,FALSE
"Republic of Madagascar",2004,354.33,5546.82,FALSE
"Republic of Malawi",2004,333.8,4672.09,FALSE
"Republic of Maldives",2004,223.85,3169.54,FALSE
"Republic of Mali",2004,359.22,3658.71,FALSE
"Republic of Malta",2004,106.14,3286.52,FALSE
"Republic of Mauritius",2004,269.91,4646.16,FALSE
"Republic of Moldova",2004,650.78,3744.69,FALSE
"Republic of Mozambique",2004,316.57,5758.65,FALSE
"Republic of Namibia",2004,355.5,3984.75,FALSE
"Republic of Nauru",2004,410.21,2898.22,FALSE
"Republic of Nicaragua",2004,318.31,3939.75,FALSE
"Republic of Niue",2004,385.49,2891.39,FALSE
"Republic of Palau",2004,374.63,2869.25,FALSE
"Republic of Panama",2004,298.76,3385.04,FALSE
"Republic of Paraguay",2004,182.5,3513.93,FALSE
"Republic of Peru",2004,216.18,2237.61,FALSE
"Republic of Poland",2004,319.4,1817.78,FALSE
"Republic of Rwanda",2004,296.14,6525.47,FALSE
"Republic of San Marino",2004,160.29,4895.67,FALSE
"Republic of Senegal",2004,401.14,4361.93,FALSE
"Republic of Serbia",2004,452.87,3068.5,FALSE
"Republic of Seychelles",2004,216.4,2247.43,FALSE
"Republic of Sierra Leone",2004,407.35,5103.36,FALSE
"Republic of Singapore",2004,187.91,2560.4,FALSE
"Republic of Slovenia",2004,194.58,3907.71,FALSE
"Republic of South Africa",2004,391.09,4452.94,FALSE
"Republic of South Sudan",2004,310.93,5389.88,FALSE
"Republic of Sudan",2004,1033.56,5266.06,TRUE
"Republic of Suriname",2004,410.56,5572.67,FALSE
"Republic of Tajikistan",2004,687.13,2950.92,FALSE
"Republic of Trinidad and Tobago",2004,438.04,4271.9,FALSE
"Republic of Tunisia",2004,883.47,6380.23,TRUE
"Republic of Turkey",2004,712.34,4991.79,FALSE
"Republic of Uganda",2004,303.84,10022.18,FALSE
"Republic of Uzbekistan",2004,1080.47,3575.29,FALSE
"Republic of Vanuatu",2004,449.81,2709.3,FALSE
"Republic of Yemen",2004,963.86,5992.22,TRUE
"Republic of Zambia",2004,309.03,4639.47,FALSE
"Republic of Zimbabwe",2004,388.16,3374.7,FALSE
"Republic of the Congo",2004,389.27,7692.4,FALSE
"Republic of the Gambia",2004,415.06,7342.11,TRUE
"Republic of the Marshall Islands",2004,382.19,2564.31,FALSE
"Republic of the Niger",2004,347.33,4716.07,FALSE
"Republic of the Philippines",2004,250.73,2571.57,FALSE
"Republic of the Union of Myanmar",2004,288.38,1442.31,FALSE
"Romania",2004,399.68,2629.35,FALSE
"Russian Federation",2004,904.62,3542.68,FALSE
"Saint Kitts and Nevis",2004,389.51,4495.41,FALSE
"Saint Lucia",2004,390.65,3465.22,FALSE
"Saint Vincent and the Grenadines",2004,374.14,3499.37,FALSE
"Slovak Republic",2004,340.26,2935.15,FALSE
"Socialist Republic of Viet Nam",2004,224.89,1959.39,FALSE
"Solomon Islands",2004,427.61,2721.53,FALSE
"State of Eritrea",2004,306.83,5754.55,FALSE
"State of Israel",2004,201.41,5679.83,FALSE
"State of Kuwait",2004,1114.26,4612.62,FALSE
"State of Libya",2004,901.98,5138.79,FALSE
"State of Qatar",2004,1119.46,4998.92,FALSE
"Sultanate of Oman",2004,1137.02,4642.1,FALSE
"Swiss Confederation",2004,157.11,3512.81,FALSE
"Syrian Arab Republic",2004,1149.73,4607.15,FALSE
"Taiwan (Province of China)",2004,306.01,1930.43,FALSE
"Togolese Republic",2004,403.27,5192.8,FALSE
"Tokelau",2004,350.35,2897.85,FALSE
"Turkmenistan",2004,749.74,3468.2,FALSE
"Tuvalu",2004,368.82,2891.01,FALSE
"Ukraine",2004,862.78,5312.26,TRUE
"Union of the Comoros",2004,332.08,4693.93,FALSE
"United Arab Emirates",2004,1095.5,4332.52,FALSE
"United Kingdom of Great Britain and Northern Ireland",2004,161.19,4802.89,FALSE
"United Mexican States",2004,324.11,3744.02,FALSE
"United Republic of Tanzania",2004,295.71,5412.91,FALSE
"United States Virgin Islands",2004,373.93,3479.45,FALSE
"United States of America",2004,263.35,5491.22,FALSE
"American Samoa",2005,389.97,2107.03,FALSE
"Antigua and Barbuda",2005,378.93,3035.63,FALSE
"Arab Republic of Egypt",2005,1075.74,4212.59,FALSE
"Argentine Republic",2005,245.21,3156.52,FALSE
"Australia",2005,212.59,6011.79,FALSE
"Barbados",2005,387.2,3222.26,FALSE
"Belize",2005,373.83,3569.32,FALSE
"Bermuda",2005,371.11,3600.8,FALSE
"Bolivarian Republic of Venezuela",2005,326.95,3746.34,FALSE
"Bosnia and Herzegovina",2005,333.75,3128.84,FALSE
"Brunei Darussalam",2005,120.8,1539.51,FALSE
"Burkina Faso",2005,340.41,5076.3,FALSE
"Canada",2005,269.21,3470.05,FALSE
"Central African Republic",2005,384.13,7809.63,FALSE
"Commonwealth of Dominica",2005,376.15,3124.44,FALSE
"Commonwealth of the Bahamas",2005,395.66,3119.01,FALSE
"Cook Islands",2005,362.1,2891.56,FALSE
"Czech Republic",2005,375.21,3139.37,FALSE
"Democratic People's Republic of Korea",2005,363.96,2233.26,FALSE
"Democratic Republic of Sao Tome and Principe",2005,393.91,3926.29,FALSE
"Democratic Republic of Timor-Leste",2005,211,2433.47,FALSE
"Democratic Republic of the Congo",2005,346.94,6964.08,FALSE
"Democratic Socialist Republic of Sri Lanka",2005,299.77,2569.07,FALSE
"Dominican Republic",2005,357.9,4699.25,FALSE
"Eastern Republic of Uruguay",2005,214.27,3363.31,FALSE
"Federal Democratic Republic of Ethiopia",2005,282.25,5906.39,FALSE
"Federal Democratic Republic of Nepal",2005,510.1,6439.87,TRUE
"Federal Republic of Germany",2005,330.1,4104.35,FALSE
"Federal Republic of Nigeria",2005,378.88,4852.67,FALSE
"Federal Republic of Somalia",2005,335.45,5715.74,FALSE
"Federated States of Micronesia",2005,393.26,2564.38,FALSE
"Federative Republic of Brazil",2005,181.46,5590.65,FALSE
"French Republic",2005,219.85,4758.85,FALSE
"Gabonese Republic",2005,357.04,7463.81,FALSE
"Georgia",2005,663.08,3652.98,FALSE
"Grand Duchy of Luxembourg",2005,82.25,3896.99,FALSE
"Greenland",2005,231.78,8205.64,FALSE
"Grenada",2005,384.52,3500,FALSE
"Guam",2005,357.42,2813.68,FALSE
"Hashemite Kingdom of Jordan",2005,936.4,4889.6,FALSE
"Hellenic Republic",2005,187.4,7217.11,FALSE
"Hungary",2005,482.27,3116.38,FALSE
"Independent State of Papua New Guinea",2005,353.2,2873.04,FALSE
"Independent State of Samoa",2005,409.2,2429.19,FALSE
"Ireland",2005,244.79,5062.37,FALSE
"Islamic Republic of Afghanistan",2005,1063.39,6144.36,TRUE
"Islamic Republic of Iran",2005,869.38,5537.5,TRUE
"Islamic Republic of Mauritania",2005,390.84,3863.51,FALSE
"Islamic Republic of Pakistan",2005,703.49,4754.27,FALSE
"Jamaica",2005,357.44,3043.26,FALSE
"Japan",2005,94.52,2634.66,FALSE
"Kingdom of Bahrain",2005,1033.24,6087.9,TRUE
"Kingdom of Belgium",2005,180.22,3976.32,FALSE
"Kingdom of Bhutan",2005,581.32,4751.95,FALSE
"Kingdom of Cambodia",2005,229.1,2811.47,FALSE
"Kingdom of Denmark",2005,114.24,4120.81,FALSE
"Kingdom of Eswatini",2005,358.58,5204.18,FALSE
"Kingdom of Lesotho",2005,320.28,6881.37,FALSE
"Kingdom of Morocco",2005,972.32,6311.02,TRUE
"Kingdom of Norway",2005,217.03,4300.4,FALSE
"Kingdom of Saudi Arabia",2005,983.98,4685.53,FALSE
"Kingdom of Spain",2005,204.15,4450.37,FALSE
"Kingdom of Sweden",2005,217.74,5309.29,FALSE
"Kingdom of Thailand",2005,200.6,2596.79,FALSE
"Kingdom of Tonga",2005,395.43,2172.01,FALSE
"Kingdom of the Netherlands",2005,231.82,4122.13,FALSE
"Kyrgyz Republic",2005,629.41,4022.59,FALSE
"Lao People's Democratic Republic",2005,261.01,2359.74,FALSE
"Lebanese Republic",2005,947.01,6150.06,TRUE
"Malaysia",2005,349.91,3380.37,FALSE
"Mongolia",2005,754.82,4916.82,FALSE
"Montenegro",2005,366.38,2899.78,FALSE
"New Zealand",2005,364.19,4194.76,FALSE
"North Macedonia",2005,411.77,2509.31,FALSE
"Northern Mariana Islands",2005,389.7,2280.78,FALSE
"Palestine",2005,952.21,9182.06,TRUE
"People's Democratic Republic of Algeria",2005,997.81,4826.78,FALSE
"People's Republic of Bangladesh",2005,486.63,5572.17,TRUE
"People's Republic of China",2005,369.3,2456.82,FALSE
"Plurinational State of Bolivia",2005,247.54,3969.92,FALSE
"Portuguese Republic",2005,136.56,6173.78,FALSE
"Principality of Andorra",2005,166.28,4085.39,FALSE
"Principality of Monaco",2005,163.8,4838.62,FALSE
"Puerto Rico",2005,351.31,2918.52,FALSE
"Republic of Albania",2005,309.31,2294.5,FALSE
"Republic of Angola",2005,359.8,7576.02,FALSE
"Republic of Armenia",2005,627.74,3025.71,FALSE
"Republic of Austria",2005,219.51,3278.49,FALSE
"Republic of Azerbaijan",2005,774.9,2753.29,FALSE
"Republic of Belarus",2005,717.37,4841.67,FALSE
"Republic of Benin",2005,352.41,5123.06,FALSE
"Republic of Botswana",2005,373.11,5061.06,FALSE
"Republic of Bulgaria",2005,563.99,2834.29,FALSE
"Republic of Burundi",2005,322.05,5886.62,FALSE
"Republic of Cabo Verde",2005,374.73,6058.42,FALSE
"Republic of Cameroon",2005,354.9,5433.17,FALSE
"Republic of Chad",2005,374.76,6663.49,FALSE
"Republic of Chile",2005,133.22,5115.12,FALSE
"Republic of Colombia",2005,278.65,2847.82,FALSE
"Republic of Costa Rica",2005,331.26,3666.26,FALSE
"Republic of Croatia",2005,246.67,3315.06,FALSE
"Republic of Cuba",2005,329.88,4610.93,FALSE
"Republic of Cyprus",2005,97.23,3243.43,FALSE
"Republic of Côte d'Ivoire",2005,411.76,4272.96,FALSE
"Republic of Djibouti",2005,345.88,5127.99,FALSE
"Republic of Ecuador",2005,242.04,3752.52,FALSE
"Republic of El Salvador",2005,287.43,4144.8,FALSE
"Republic of Equatorial Guinea",2005,364.03,7400.76,FALSE
"Republic of Estonia",2005,515.51,5020.95,FALSE
"Republic of Fiji",2005,461.17,2537.24,FALSE
"Republic of Finland",2005,217.84,5316.76,FALSE
"Republic of Ghana",2005,421.46,5105.03,FALSE
"Republic of Guatemala",2005,273.73,5263.41,FALSE
"Republic of Guinea",2005,360.61,4959.32,FALSE
"Republic of Guinea-Bissau",2005,402.05,5156.31,FALSE
"Republic of Guyana",2005,407.71,6032.28,FALSE
"Republic of Haiti",2005,408.49,4032.76,FALSE
"Republic of Honduras",2005,362.93,3646.76,FALSE
"Republic of Iceland",2005,170.11,3209.68,FALSE
"Republic of India",2005,613.03,5439.64,TRUE
"Republic of Indonesia",2005,269.23,1819.33,FALSE
"Republic of Iraq",2005,1014.42,3861.55,FALSE
"Republic of Italy",2005,215.4,4423.17,FALSE
"Republic of Kazakhstan",2005,757.91,3971.72,FALSE
"Republic of Kenya",2005,347.66,6177.62,FALSE
"Republic of Kiribati",2005,424.81,2621.22,FALSE
"Republic of Korea",2005,129.59,2151.17,FALSE
"Republic of Latvia",2005,372.37,4634.18,FALSE
"Republic of Liberia",2005,393.17,5858.93,FALSE
"Republic of Lithuania",2005,403.29,5090.51,FALSE
"Republic of Madagascar",2005,354.26,5538.1,FALSE
"Republic of Malawi",2005,331.51,4650.83,FALSE
"Republic of Maldives",2005,223.82,3120.37,FALSE
"Republic of Mali",2005,357.9,3648.63,FALSE
"Republic of Malta",2005,106.97,3283.09,FALSE
"Republic of Mauritius",2005,268.72,4603.59,FALSE
"Republic of Moldova",2005,645.09,3709.38,FALSE
"Republic of Mozambique",2005,313.44,5768.19,FALSE
"Republic of Namibia",2005,353.85,3975.03,FALSE
"Republic of Nauru",2005,410.23,2902.32,FALSE
"Republic of Nicaragua",2005,318.15,3935.57,FALSE
"Republic of Niue",2005,385.53,2892.52,FALSE
"Republic of Palau",2005,376.19,2873.32,FALSE
"Republic of Panama",2005,298.04,3380.49,FALSE
"Republic of Paraguay",2005,182.62,3527.15,FALSE
"Republic of Peru",2005,214.83,2216.41,FALSE
"Republic of Poland",2005,316.98,1779.8,FALSE
"Republic of Rwanda",2005,293.8,6423.61,FALSE
"Republic of San Marino",2005,158.65,4897.67,FALSE
"Republic of Senegal",2005,399.31,4362.39,FALSE
"Republic of Serbia",2005,440.19,3044.38,FALSE
"Republic of Seychelles",2005,216.34,2235.75,FALSE
"Republic of Sierra Leone",2005,405.79,5115.19,FALSE
"Republic of Singapore",2005,187.69,2459.49,FALSE
"Republic of Slovenia",2005,189.47,3847.91,FALSE
"Republic of South Africa",2005,386.38,4443.18,FALSE
"Republic of South Sudan",2005,310.5,5390.03,FALSE
"Republic of Sudan",2005,1028.74,5253.58,TRUE
"Republic of Suriname",2005,410.46,5597.54,FALSE
"Republic of Tajikistan",2005,697.93,2939.47,FALSE
"Republic of Trinidad and Tobago",2005,435.74,4261.71,FALSE
"Republic of Tunisia",2005,877.77,6374.57,TRUE
"Republic of Turkey",2005,704.43,5025.04,FALSE
"Republic of Uganda",2005,300.79,9983.09,FALSE
"Republic of Uzbekistan",2005,1121.67,3562.77,FALSE
"Republic of Vanuatu",2005,451.14,2704.8,FALSE
"Republic of Yemen",2005,959.2,5986.77,TRUE
"Republic of Zambia",2005,306.37,4629.67,FALSE
"Republic of Zimbabwe",2005,391.41,3383.68,FALSE
"Republic of the Congo",2005,388.79,7646.07,FALSE
"Republic of the Gambia",2005,414.53,7329.04,TRUE
"Republic of the Marshall Islands",2005,382.72,2562.26,FALSE
"Republic of the Niger",2005,345.18,4718.81,FALSE
"Republic of the Philippines",2005,252.2,2559.18,FALSE
"Republic of the Union of Myanmar",2005,288.94,1440.44,FALSE
"Romania",2005,382.13,2621.61,FALSE
"Russian Federation",2005,894.26,3506.2,FALSE
"Saint Kitts and Nevis",2005,389.56,4498.06,FALSE
"Saint Lucia",2005,391,3467.43,FALSE
"Saint Vincent and the Grenadines",2005,374.95,3509,FALSE
"Slovak Republic",2005,339.47,2917.87,FALSE
"Socialist Republic of Viet Nam",2005,227.82,1948.52,FALSE
"Solomon Islands",2005,431.04,2717.83,FALSE
"State of Eritrea",2005,306.07,5748.53,FALSE
"State of Israel",2005,198.49,5653.91,FALSE
"State of Kuwait",2005,1105.36,4618.44,FALSE
"State of Libya",2005,896.75,5139.29,FALSE
"State of Qatar",2005,1114.59,4957.24,FALSE
"Sultanate of Oman",2005,1144.01,4646.78,FALSE
"Swiss Confederation",2005,156.64,3361.41,FALSE
"Syrian Arab Republic",2005,1149.24,4598.71,FALSE
"Taiwan (Province of China)",2005,302.15,1941.88,FALSE
"Togolese Republic",2005,402.83,5195.6,FALSE
"Tokelau",2005,352.15,2897.85,FALSE
"Turkmenistan",2005,740.08,3458,FALSE
"Tuvalu",2005,369.74,2892.23,FALSE
"Ukraine",2005,859.32,5239.08,TRUE
"Union of the Comoros",2005,331.82,4671.19,FALSE
"United Arab Emirates",2005,1096.38,4304.65,FALSE
"United Kingdom of Great Britain and Northern Ireland",2005,158.51,4736.14,FALSE
"United Mexican States",2005,322.37,3765.7,FALSE
"United Republic of Tanzania",2005,295.49,5394.61,FALSE
"United States Virgin Islands",2005,376.17,3490.67,FALSE
"United States of America",2005,257.71,5482.51,FALSE
"American Samoa",2006,390.67,2101.62,FALSE
"Antigua and Barbuda",2006,379.66,3017.23,FALSE
"Arab Republic of Egypt",2006,1083.44,4209.58,FALSE
"Argentine Republic",2006,239.96,3130.41,FALSE
"Australia",2006,210.78,5999.87,FALSE
"Barbados",2006,388.39,3218.48,FALSE
"Belize",2006,375,3559.32,FALSE
"Bermuda",2006,371.78,3562.86,FALSE
"Bolivarian Republic of Venezuela",2006,324.11,3739.5,FALSE
"Bosnia and Herzegovina",2006,331.47,3064.41,FALSE
"Brunei Darussalam",2006,120.29,1532.41,FALSE
"Burkina Faso",2006,340.76,5064.63,FALSE
"Canada",2006,257.51,3421.53,FALSE
"Central African Republic",2006,383.95,7792.08,FALSE
"Commonwealth of Dominica",2006,377.43,3115.5,FALSE
"Commonwealth of the Bahamas",2006,396.76,3103.44,FALSE
"Cook Islands",2006,363.34,2891.79,FALSE
"Czech Republic",2006,365.26,3110.1,FALSE
"Democratic People's Republic of Korea",2006,363.97,2216.92,FALSE
"Democratic Republic of Sao Tome and Principe",2006,393.71,3917.23,FALSE
"Democratic Republic of Timor-Leste",2006,212.27,2410.96,FALSE
"Democratic Republic of the Congo",2006,345.07,6947.66,FALSE
"Democratic Socialist Republic of Sri Lanka",2006,298.67,2525.92,FALSE
"Dominican Republic",2006,362.75,4689.62,FALSE
"Eastern Republic of Uruguay",2006,211.69,3369.76,FALSE
"Federal Democratic Republic of Ethiopia",2006,280.11,5867.76,FALSE
"Federal Democratic Republic of Nepal",2006,509.98,6477.19,TRUE
"Federal Republic of Germany",2006,319.38,4100.33,FALSE
"Federal Republic of Nigeria",2006,378.86,4809.32,FALSE
"Federal Republic of Somalia",2006,334.6,5704.52,FALSE
"Federated States of Micronesia",2006,394.46,2553.07,FALSE
"Federative Republic of Brazil",2006,181.1,5479.46,FALSE
"French Republic",2006,220.52,4754.77,FALSE
"Gabonese Republic",2006,357.4,7427.48,FALSE
"Georgia",2006,646.89,3654.74,FALSE
"Grand Duchy of Luxembourg",2006,81.91,3835.35,FALSE
"Greenland",2006,229.42,8167.04,FALSE
"Grenada",2006,385.42,3487.08,FALSE
"Guam",2006,359.73,2818.73,FALSE
"Hashemite Kingdom of Jordan",2006,926.98,4836.77,FALSE
"Hellenic Republic",2006,181.88,7205.02,FALSE
"Hungary",2006,475.25,3075.56,FALSE
"Independent State of Papua New Guinea",2006,353.74,2863.11,FALSE
"Independent State of Samoa",2006,409.6,2412.24,FALSE
"Ireland",2006,234.32,5060.5,FALSE
"Islamic Republic of Afghanistan",2006,1047.02,6141.71,TRUE
"Islamic Republic of Iran",2006,854.18,5604.8,TRUE
"Islamic Republic of Mauritania",2006,389.61,3851.61,FALSE
"Islamic Republic of Pakistan",2006,702.92,4727.97,FALSE
"Jamaica",2006,358.84,3034.21,FALSE
"Japan",2006,93.77,2628.33,FALSE
"Kingdom of Bahrain",2006,1025.78,6008.5,TRUE
"Kingdom of Belgium",2006,175.82,4035.66,FALSE
"Kingdom of Bhutan",2006,581.1,4723.45,FALSE
"Kingdom of Cambodia",2006,230.39,2781.62,FALSE
"Kingdom of Denmark",2006,112.84,4065.87,FALSE
"Kingdom of Eswatini",2006,359.39,5219.19,FALSE
"Kingdom of Lesotho",2006,321.77,6909.99,FALSE
"Kingdom of Morocco",2006,972.62,6301.45,TRUE
"Kingdom of Norway",2006,211.29,4295.28,FALSE
"Kingdom of Saudi Arabia",2006,983.63,4697.65,FALSE
"Kingdom of Spain",2006,199.63,4542.41,FALSE
"Kingdom of Sweden",2006,211.86,5322.43,FALSE
"Kingdom of Thailand",2006,196.2,2588.13,FALSE
"Kingdom of Tonga",2006,396.38,2165.07,FALSE
"Kingdom of the Netherlands",2006,222.52,4113.7,FALSE
"Kyrgyz Republic",2006,631.85,3994.58,FALSE
"Lao People's Democratic Republic",2006,260.84,2338.27,FALSE
"Lebanese Republic",2006,946.99,6144.26,TRUE
"Malaysia",2006,347.54,3374.41,FALSE
"Mongolia",2006,736.45,4904.67,FALSE
"Montenegro",2006,368.52,2892.12,FALSE
"New Zealand",2006,349.45,4192.57,FALSE
"North Macedonia",2006,409.61,2493.96,FALSE
"Northern Mariana Islands",2006,390.48,2284.77,FALSE
"Palestine",2006,949.56,9179.04,TRUE
"People's Democratic Republic of Algeria",2006,975.04,4807.88,FALSE
"People's Republic of Bangladesh",2006,485.95,5565.12,TRUE
"People's Republic of China",2006,372.25,2426.86,FALSE
"Plurinational State of Bolivia",2006,247.68,3952.92,FALSE
"Portuguese Republic",2006,129.36,6151.55,FALSE
"Principality of Andorra",2006,164.5,4069.74,FALSE
"Principality of Monaco",2006,162.15,4839.58,FALSE
"Puerto Rico",2006,349.56,2896.19,FALSE
"Republic of Albania",2006,309.5,2288.49,FALSE
"Republic of Angola",2006,357,7546.72,FALSE
"Republic of Armenia",2006,621.45,3034.22,FALSE
"Republic of Austria",2006,217.14,3237.79,FALSE
"Republic of Azerbaijan",2006,792.77,2747.82,FALSE
"Republic of Belarus",2006,715.08,4811.78,FALSE
"Republic of Benin",2006,351.69,5124.62,FALSE
"Republic of Botswana",2006,372.7,5047.09,FALSE
"Republic of Bulgaria",2006,543.16,2798.02,FALSE
"Republic of Burundi",2006,320.64,5799.25,FALSE
"Republic of Cabo Verde",2006,374.93,6049.26,FALSE
"Republic of Cameroon",2006,354.7,5430.48,FALSE
"Republic of Chad",2006,374.31,6657.96,FALSE
"Republic of Chile",2006,131.12,5046.71,FALSE
"Republic of Colombia",2006,276.04,2793.41,FALSE
"Republic of Costa Rica",2006,329.74,3672.81,FALSE
"Republic of Croatia",2006,243.71,3272.9,FALSE
"Republic of Cuba",2006,324.45,4522.92,FALSE
"Republic of Cyprus",2006,95.01,3228.07,FALSE
"Republic of Côte d'Ivoire",2006,409.56,4261.75,FALSE
"Republic of Djibouti",2006,346.69,5116.26,FALSE
"Republic of Ecuador",2006,242.7,3752.26,FALSE
"Republic of El Salvador",2006,287.85,4121.19,FALSE
"Republic of Equatorial Guinea",2006,364.46,7386.93,FALSE
"Republic of Estonia",2006,509.92,4906.69,FALSE
"Republic of Fiji",2006,461.36,2531.05,FALSE
"Republic of Finland",2006,213.61,5294.41,FALSE
"Republic of Ghana",2006,416.51,5102.86,FALSE
"Republic of Guatemala",2006,275.09,5229.51,FALSE
"Republic of Guinea",2006,362.37,4961.13,FALSE
"Republic of Guinea-Bissau",2006,402.12,5161.13,FALSE
"Republic of Guyana",2006,408.24,6040.68,FALSE
"Republic of Haiti",2006,408.72,4018.88,FALSE
"Republic of Honduras",2006,366.02,3650.66,FALSE
"Republic of Iceland",2006,168.55,3170.94,FALSE
"Republic of India",2006,613.6,5300.33,TRUE
"Republic of Indonesia",2006,271.97,1812.84,FALSE
"Republic of Iraq",2006,1008.93,3858.26,FALSE
"Republic of Italy",2006,210.98,4355.13,FALSE
"Republic of Kazakhstan",2006,743.33,3949.3,FALSE
"Republic of Kenya",2006,347.5,6120.52,FALSE
"Republic of Kiribati",2006,425.65,2609.5,FALSE
"Republic of Korea",2006,126.94,2167.31,FALSE
"Republic of Latvia",2006,365.26,4573.92,FALSE
"Republic of Liberia",2006,393.39,5858.58,FALSE
"Republic of Lithuania",2006,403.12,5043.21,FALSE
"Republic of Madagascar",2006,353.56,5521.82,FALSE
"Republic of Malawi",2006,330.27,4618.36,FALSE
"Republic of Maldives",2006,223.21,3069.14,FALSE
"Republic of Mali",2006,356.71,3637.58,FALSE
"Republic of Malta",2006,106.27,3265.79,FALSE
"Republic of Mauritius",2006,263.93,4563.91,FALSE
"Republic of Moldova",2006,634.26,3676.19,FALSE
"Republic of Mozambique",2006,312.35,5776.12,FALSE
"Republic of Namibia",2006,352.27,3949.99,FALSE
"Republic of Nauru",2006,410.37,2901.09,FALSE
"Republic of Nicaragua",2006,317.9,3921.85,FALSE
"Republic of Niue",2006,385.79,2890.1,FALSE
"Republic of Palau",2006,377.93,2872.96,FALSE
"Republic of Panama",2006,297.69,3372.27,FALSE
"Republic of Paraguay",2006,182.48,3535.81,FALSE
"Republic of Peru",2006,213.75,2180.41,FALSE
"Republic of Poland",2006,310.32,1768.14,FALSE
"Republic of Rwanda",2006,291.68,6305.38,FALSE
"Republic of San Marino",2006,157.02,4898.09,FALSE
"Republic of Senegal",2006,398.03,4359.79,FALSE
"Republic of Serbia",2006,433.03,3014.22,FALSE
"Republic of Seychelles",2006,216.57,2222.4,FALSE
"Republic of Sierra Leone",2006,404.26,5116.91,FALSE
"Republic of Singapore",2006,186.9,2408.99,FALSE
"Republic of Slovenia",2006,185.47,3777.29,FALSE
"Republic of South Africa",2006,383.53,4455.8,FALSE
"Republic of South Sudan",2006,310.8,5388.76,FALSE
"Republic of Sudan",2006,1019.41,5241.16,TRUE
"Republic of Suriname",2006,410.6,5600.13,TRUE
"Republic of Tajikistan",2006,711.3,2923.87,FALSE
"Republic of Trinidad and Tobago",2006,433.58,4250.43,FALSE
"Republic of Tunisia",2006,872.01,6375.43,TRUE
"Republic of Turkey",2006,693.81,5003.63,FALSE
"Republic of Uganda",2006,298.59,9892.53,FALSE
"Republic of Uzbekistan",2006,1167.06,3544.3,FALSE
"Republic of Vanuatu",2006,452.56,2693.66,FALSE
"Republic of Yemen",2006,952.88,5984.23,TRUE
"Republic of Zambia",2006,304.53,4607.47,FALSE
"Republic of Zimbabwe",2006,393.51,3380.47,FALSE
"Republic of the Congo",2006,388.16,7600.91,FALSE
"Republic of the Gambia",2006,413.94,7274.14,TRUE
"Republic of the Marshall Islands",2006,383.09,2552.75,FALSE
"Republic of the Niger",2006,343.63,4720.1,FALSE
"Republic of the Philippines",2006,246.04,2559.38,FALSE
"Republic of the Union of Myanmar",2006,287.03,1435.58,FALSE
"Romania",2006,367.88,2611.65,FALSE
"Russian Federation",2006,879.29,3463.54,FALSE
"Saint Kitts and Nevis",2006,389.17,4491.63,FALSE
"Saint Lucia",2006,392.08,3459.79,FALSE
"Saint Vincent and the Grenadines",2006,375.42,3510.39,FALSE
"Slovak Republic",2006,336.06,2893.92,FALSE
"Socialist Republic of Viet Nam",2006,230.04,1937.27,FALSE
"Solomon Islands",2006,432.69,2709.93,FALSE
"State of Eritrea",2006,305.56,5738.07,FALSE
"State of Israel",2006,192.97,5627.01,FALSE
"State of Kuwait",2006,1098.32,4616.49,FALSE
"State of Libya",2006,891.64,5143.16,FALSE
"State of Qatar",2006,1109.12,4908.86,FALSE
"Sultanate of Oman",2006,1140.74,4642.53,FALSE
"Swiss Confederation",2006,155.05,3450.72,FALSE
"Syrian Arab Republic",2006,1146.08,4584.08,FALSE
"Taiwan (Province of China)",2006,299.64,1944.12,FALSE
"Togolese Republic",2006,401.9,5196.62,FALSE
"Tokelau",2006,354,2894.16,FALSE
"Turkmenistan",2006,727.75,3440.16,FALSE
"Tuvalu",2006,371.02,2889.91,FALSE
"Ukraine",2006,854.85,5168.28,TRUE
"Union of the Comoros",2006,331.96,4648.65,FALSE
"United Arab Emirates",2006,1091.99,4259.48,FALSE
"United Kingdom of Great Britain and Northern Ireland",2006,154.77,4703.86,FALSE
"United Mexican States",2006,322,3818.78,FALSE
"United Republic of Tanzania",2006,296.42,5371.03,FALSE
"United States Virgin Islands",2006,378.47,3490.09,FALSE
"United States of America",2006,248.1,5500.14,FALSE
"American Samoa",2007,391.9,2092.13,FALSE
"Antigua and Barbuda",2007,381.11,2980.44,FALSE
"Arab Republic of Egypt",2007,1091.42,4202.57,FALSE
"Argentine Republic",2007,234.95,3075.6,FALSE
"Australia",2007,207.78,5963.18,FALSE
"Barbados",2007,390.52,3208.38,FALSE
"Belize",2007,377.19,3534.72,FALSE
"Bermuda",2007,372.84,3511.72,FALSE
"Bolivarian Republic of Venezuela",2007,320.56,3729.37,FALSE
"Bosnia and Herzegovina",2007,328.94,2993.39,FALSE
"Brunei Darussalam",2007,119.52,1519.1,FALSE
"Burkina Faso",2007,341.23,5042.34,FALSE
"Canada",2007,243.46,3365.97,FALSE
"Central African Republic",2007,383.77,7762.15,FALSE
"Commonwealth of Dominica",2007,379.61,3093.74,FALSE
"Commonwealth of the Bahamas",2007,398.71,3072.01,FALSE
"Cook Islands",2007,365.19,2890.18,FALSE
"Czech Republic",2007,355.38,3078.32,FALSE
"Democratic People's Republic of Korea",2007,363.38,2196.8,FALSE
"Democratic Republic of Sao Tome and Principe",2007,393.16,3900.26,FALSE
"Democratic Republic of Timor-Leste",2007,213.62,2386.76,FALSE
"Democratic Republic of the Congo",2007,343.05,6921.82,FALSE
"Democratic Socialist Republic of Sri Lanka",2007,295.61,2480.63,FALSE
"Dominican Republic",2007,370.02,4669.77,FALSE
"Eastern Republic of Uruguay",2007,207.94,3373.72,FALSE
"Federal Democratic Republic of Ethiopia",2007,278.13,5817.49,FALSE
"Federal Democratic Republic of Nepal",2007,510.79,6534.87,TRUE
"Federal Republic of Germany",2007,304.27,4088.1,FALSE
"Federal Republic of Nigeria",2007,379.29,4708.29,FALSE
"Federal Republic of Somalia",2007,333.94,5683.71,FALSE
"Federated States of Micronesia",2007,396.06,2535.76,FALSE
"Federative Republic of Brazil",2007,180.24,5237.77,FALSE
"French Republic",2007,223.22,4791.02,FALSE
"Gabonese Republic",2007,357.76,7356.09,FALSE
"Georgia",2007,624.97,3656.18,FALSE
"Grand Duchy of Luxembourg",2007,81.44,3753.04,FALSE
"Greenland",2007,226.51,8110.37,FALSE
"Grenada",2007,386.79,3457.11,FALSE
"Guam",2007,361.93,2824.61,FALSE
"Hashemite Kingdom of Jordan",2007,917.72,4769.96,FALSE
"Hellenic Republic",2007,174.8,7203.1,FALSE
"Hungary",2007,464.24,3032.57,FALSE
"Independent State of Papua New Guinea",2007,354.55,2845.2,FALSE
"Independent State of Samoa",2007,410.22,2387.25,FALSE
"Ireland",2007,218.21,5054.65,FALSE
"Islamic Republic of Afghanistan",2007,1024.72,6143.53,TRUE
"Islamic Republic of Iran",2007,831.12,5717.99,TRUE
"Islamic Republic of Mauritania",2007,388.23,3835.29,FALSE
"Islamic Republic of Pakistan",2007,702.17,4683.87,FALSE
"Jamaica",2007,361.52,3010.68,FALSE
"Japan",2007,91.9,2609.82,FALSE
"Kingdom of Bahrain",2007,1017.45,5914.59,TRUE
"Kingdom of Belgium",2007,170.95,4118.18,FALSE
"Kingdom of Bhutan",2007,580.93,4681.75,FALSE
"Kingdom of Cambodia",2007,231.49,2747.01,FALSE
"Kingdom of Denmark",2007,110.7,4006.69,FALSE
"Kingdom of Eswatini",2007,360.24,5233.35,FALSE
"Kingdom of Lesotho",2007,323.73,6942.12,FALSE
"Kingdom of Morocco",2007,974.85,6289.18,TRUE
"Kingdom of Norway",2007,201.87,4274.85,FALSE
"Kingdom of Saudi Arabia",2007,981.26,4713.65,FALSE
"Kingdom of Spain",2007,189.21,4709.01,FALSE
"Kingdom of Sweden",2007,203.76,5344.56,FALSE
"Kingdom of Thailand",2007,189.92,2572.11,FALSE
"Kingdom of Tonga",2007,397.51,2151.18,FALSE
"Kingdom of the Netherlands",2007,210.47,4101.18,FALSE
"Kyrgyz Republic",2007,634.54,3959.04,FALSE
"Lao People's Democratic Republic",2007,259.87,2303.29,FALSE
"Lebanese Republic",2007,946.14,6128.98,TRUE
"Malaysia",2007,341.76,3360.3,FALSE
"Mongolia",2007,712.77,4884.36,FALSE
"Montenegro",2007,370.89,2880.33,FALSE
"New Zealand",2007,331.43,4174,FALSE
"North Macedonia",2007,405.39,2476.77,FALSE
"Northern Mariana Islands",2007,391.35,2284,FALSE
"Palestine",2007,945.94,9174.92,TRUE
"People's Democratic Republic of Algeria",2007,944.8,4780.03,FALSE
"People's Republic of Bangladesh",2007,484.42,5559.4,TRUE
"People's Republic of China",2007,375.42,2384.37,FALSE
"Plurinational State of Bolivia",2007,247.96,3933.93,FALSE
"Portuguese Republic",2007,115.45,6136.82,FALSE
"Principality of Andorra",2007,162.77,4050.66,FALSE
"Principality of Monaco",2007,160.28,4842.28,FALSE
"Puerto Rico",2007,348.27,2854.43,FALSE
"Republic of Albania",2007,309.64,2275.03,FALSE
"Republic of Angola",2007,353.95,7507.91,FALSE
"Republic of Armenia",2007,614.08,3040.3,FALSE
"Republic of Austria",2007,212.78,3181.27,FALSE
"Republic of Azerbaijan",2007,816.25,2737.41,FALSE
"Republic of Belarus",2007,709.63,4759.6,FALSE
"Republic of Benin",2007,351.12,5124.82,FALSE
"Republic of Botswana",2007,372.2,5016.26,FALSE
"Republic of Bulgaria",2007,512.66,2756.33,FALSE
"Republic of Burundi",2007,318.73,5705.28,FALSE
"Republic of Cabo Verde",2007,375.57,6022.95,FALSE
"Republic of Cameroon",2007,354.39,5422.37,FALSE
"Republic of Chad",2007,373.97,6648.7,FALSE
"Republic of Chile",2007,126.94,4917.47,FALSE
"Republic of Colombia",2007,273.15,2684.23,FALSE
"Republic of Costa Rica",2007,328.45,3682.43,FALSE
"Republic of Croatia",2007,239.09,3224.11,FALSE
"Republic of Cuba",2007,318.42,4423.84,FALSE
"Republic of Cyprus",2007,92.61,3196.82,FALSE
"Republic of Côte d'Ivoire",2007,406.39,4244.93,FALSE
"Republic of Djibouti",2007,347.74,5089.92,FALSE
"Republic of Ecuador",2007,243.88,3749.96,FALSE
"Republic of El Salvador",2007,288.9,4096.94,FALSE
"Republic of Equatorial Guinea",2007,365.36,7379.49,FALSE
"Republic of Estonia",2007,502.98,4786.6,FALSE
"Republic of Fiji",2007,461.02,2518.91,FALSE
"Republic of Finland",2007,208.77,5285.83,FALSE
"Republic of Ghana",2007,409.47,5088.27,FALSE
"Republic of Guatemala",2007,276.78,5169.71,FALSE
"Republic of Guinea",2007,364.68,4958.59,FALSE
"Republic of Guinea-Bissau",2007,401.97,5163.32,FALSE
"Republic of Guyana",2007,409.32,6042.14,FALSE
"Republic of Haiti",2007,409.29,3991.83,FALSE
"Republic of Honduras",2007,371.05,3652.52,FALSE
"Republic of Iceland",2007,166.96,3124.6,FALSE
"Republic of India",2007,614.79,4984.09,FALSE
"Republic of Indonesia",2007,274.59,1799.67,FALSE
"Republic of Iraq",2007,1000.68,3854.85,FALSE
"Republic of Italy",2007,206.09,4256.87,FALSE
"Republic of Kazakhstan",2007,720.75,3917.43,FALSE
"Republic of Kenya",2007,347.45,6029.5,FALSE
"Republic of Kiribati",2007,427.12,2592.27,FALSE
"Republic of Korea",2007,121.39,2202.05,FALSE
"Republic of Latvia",2007,356.69,4498.16,FALSE
"Republic of Liberia",2007,393.84,5857.59,FALSE
"Republic of Lithuania",2007,402.03,4988.18,FALSE
"Republic of Madagascar",2007,352.39,5495.62,FALSE
"Republic of Malawi",2007,329.26,4571.88,FALSE
"Republic of Maldives",2007,222.1,3013.68,FALSE
"Republic of Mali",2007,355.17,3623.61,FALSE
"Republic of Malta",2007,104.53,3231.24,FALSE
"Republic of Mauritius",2007,254.66,4521.39,FALSE
"Republic of Moldova",2007,618.26,3639.72,FALSE
"Republic of Mozambique",2007,311.62,5785.03,FALSE
"Republic of Namibia",2007,350.42,3906.63,FALSE
"Republic of Nauru",2007,410.87,2896.18,FALSE
"Republic of Nicaragua",2007,317.65,3895.59,FALSE
"Republic of Niue",2007,386.48,2885.02,FALSE
"Republic of Palau",2007,379.87,2869.55,FALSE
"Republic of Panama",2007,297.63,3358.71,FALSE
"Republic of Paraguay",2007,182.23,3544.05,FALSE
"Republic of Peru",2007,213.04,2126.64,FALSE
"Republic of Poland",2007,298.23,1759.03,FALSE
"Republic of Rwanda",2007,289.3,6164.49,FALSE
"Republic of San Marino",2007,155.25,4897.55,FALSE
"Republic of Senegal",2007,396.79,4355.25,FALSE
"Republic of Serbia",2007,427.6,2975.24,FALSE
"Republic of Seychelles",2007,217.02,2205.89,FALSE
"Republic of Sierra Leone",2007,402.45,5114.2,FALSE
"Republic of Singapore",2007,186.05,2364.06,FALSE
"Republic of Slovenia",2007,181.62,3693.71,FALSE
"Republic of South Africa",2007,381.13,4484.66,FALSE
"Republic of South Sudan",2007,311.5,5384.62,FALSE
"Republic of Sudan",2007,1005.41,5227.39,TRUE
"Republic of Suriname",2007,411.18,5591.18,TRUE
"Republic of Tajikistan",2007,728.67,2904.03,FALSE
"Republic of Trinidad and Tobago",2007,431.3,4236.24,FALSE
"Republic of Tunisia",2007,865.25,6383.81,TRUE
"Republic of Turkey",2007,680.07,4951.91,FALSE
"Republic of Uganda",2007,296.41,9726.73,FALSE
"Republic of Uzbekistan",2007,1222.87,3517.68,FALSE
"Republic of Vanuatu",2007,454.57,2673.99,FALSE
"Republic of Yemen",2007,944.69,5982.98,TRUE
"Republic of Zambia",2007,302.74,4572.93,FALSE
"Republic of Zimbabwe",2007,395.3,3368.85,FALSE
"Republic of the Congo",2007,387.19,7551.21,FALSE
"Republic of the Gambia",2007,413.2,7170.75,TRUE
"Republic of the Marshall Islands",2007,383.63,2533.87,FALSE
"Republic of the Niger",2007,342.1,4719.95,FALSE
"Republic of the Philippines",2007,231.6,2561.94,FALSE
"Republic of the Union of Myanmar",2007,282.88,1426.96,FALSE
"Romania",2007,353.09,2597.57,FALSE
"Russian Federation",2007,857.36,3410.36,FALSE
"Saint Kitts and Nevis",2007,388.42,4478.38,FALSE
"Saint Lucia",2007,394.31,3442.89,FALSE
"Saint Vincent and the Grenadines",2007,376.24,3505.02,FALSE
"Slovak Republic",2007,330.37,2861.39,FALSE
"Socialist Republic of Viet Nam",2007,232.27,1923.99,FALSE
"Solomon Islands",2007,434.01,2696.12,FALSE
"State of Eritrea",2007,305.11,5721.79,FALSE
"State of Israel",2007,184.73,5591.06,FALSE
"State of Kuwait",2007,1091.91,4602.77,FALSE
"State of Libya",2007,885.91,5148.34,TRUE
"State of Qatar",2007,1101.97,4851.45,FALSE
"Sultanate of Oman",2007,1129.08,4632.77,FALSE
"Swiss Confederation",2007,152.43,3664.96,FALSE
"Syrian Arab Republic",2007,1140.56,4559.73,FALSE
"Taiwan (Province of China)",2007,297.46,1940.46,FALSE
"Togolese Republic",2007,400.46,5197.21,FALSE
"Tokelau",2007,355.87,2888.57,FALSE
"Turkmenistan",2007,711.87,3410.77,FALSE
"Tuvalu",2007,372.77,2885.38,FALSE
"Ukraine",2007,848.14,5090.44,FALSE
"Union of the Comoros",2007,332.37,4622.09,FALSE
"United Arab Emirates",2007,1083.63,4196.13,FALSE
"United Kingdom of Great Britain and Northern Ireland",2007,149.45,4677.84,FALSE
"United Mexican States",2007,322.22,3914.68,FALSE
"United Republic of Tanzania",2007,298.03,5339.38,FALSE
"United States Virgin Islands",2007,381.82,3481.37,FALSE
"United States of America",2007,234.56,5533.67,FALSE
"American Samoa",2008,393.36,2081.47,FALSE
"Antigua and Barbuda",2008,382.79,2937.99,FALSE
"Arab Republic of Egypt",2008,1098.71,4194.1,FALSE
"Argentine Republic",2008,230.58,3011.68,FALSE
"Australia",2008,204.52,5912.67,FALSE
"Barbados",2008,392.89,3196.19,FALSE
"Belize",2008,379.66,3504.86,FALSE
"Bermuda",2008,373.97,3459.02,FALSE
"Bolivarian Republic of Venezuela",2008,316.97,3718.42,FALSE
"Bosnia and Herzegovina",2008,326.48,2922.3,FALSE
"Brunei Darussalam",2008,118.68,1504.03,FALSE
"Burkina Faso",2008,341.73,5016.69,FALSE
"Canada",2008,229.77,3313.64,FALSE
"Central African Republic",2008,383.57,7728.46,FALSE
"Commonwealth of Dominica",2008,382.09,3067.79,FALSE
"Commonwealth of the Bahamas",2008,400.87,3035.66,FALSE
"Cook Islands",2008,367.26,2887.81,FALSE
"Czech Republic",2008,346.5,3047.38,FALSE
"Democratic People's Republic of Korea",2008,362.4,2176.79,FALSE
"Democratic Republic of Sao Tome and Principe",2008,392.44,3880.97,FALSE
"Democratic Republic of Timor-Leste",2008,215.03,2364.19,FALSE
"Democratic Republic of the Congo",2008,341.04,6893.44,FALSE
"Democratic Socialist Republic of Sri Lanka",2008,291.75,2439.34,FALSE
"Dominican Republic",2008,377.84,4644.47,FALSE
"Eastern Republic of Uruguay",2008,203.96,3376.21,FALSE
"Federal Democratic Republic of Ethiopia",2008,276.31,5762.28,FALSE
"Federal Democratic Republic of Nepal",2008,511.91,6596.82,TRUE
"Federal Republic of Germany",2008,288.21,4072.51,FALSE
"Federal Republic of Nigeria",2008,379.83,4581.22,FALSE
"Federal Republic of Somalia",2008,333.35,5660.11,FALSE
"Federated States of Micronesia",2008,397.77,2516.99,FALSE
"Federative Republic of Brazil",2008,179.14,4945.22,FALSE
"French Republic",2008,226.72,4843.99,FALSE
"Gabonese Republic",2008,358.1,7272.41,FALSE
"Georgia",2008,601.71,3657.9,FALSE
"Grand Duchy of Luxembourg",2008,80.96,3667.37,FALSE
"Greenland",2008,223.69,8051.56,FALSE
"Grenada",2008,388.3,3421.23,FALSE
"Guam",2008,364.04,2830.8,FALSE
"Hashemite Kingdom of Jordan",2008,908.41,4706.85,FALSE
"Hellenic Republic",2008,167.46,7204.48,FALSE
"Hungary",2008,452.04,2991.1,FALSE
"Independent State of Papua New Guinea",2008,355.44,2824.4,FALSE
"Independent State of Samoa",2008,410.93,2360.59,FALSE
"Ireland",2008,200.85,5045.98,FALSE
"Islamic Republic of Afghanistan",2008,1001.54,6148.05,TRUE
"Islamic Republic of Iran",2008,806.48,5846.7,TRUE
"Islamic Republic of Mauritania",2008,386.89,3818.42,FALSE
"Islamic Republic of Pakistan",2008,701.3,4632.23,FALSE
"Jamaica",2008,364.56,2982.27,FALSE
"Japan",2008,89.54,2585.38,FALSE
"Kingdom of Bahrain",2008,1009.38,5816.61,TRUE
"Kingdom of Belgium",2008,166.4,4203.55,FALSE
"Kingdom of Bhutan",2008,580.7,4637.52,FALSE
"Kingdom of Cambodia",2008,232.58,2712.97,FALSE
"Kingdom of Denmark",2008,108.37,3951.45,FALSE
"Kingdom of Eswatini",2008,361.03,5246.43,FALSE
"Kingdom of Lesotho",2008,325.83,6972.47,FALSE
"Kingdom of Morocco",2008,977.92,6276.98,TRUE
"Kingdom of Norway",2008,191.53,4248.43,FALSE
"Kingdom of Saudi Arabia",2008,977.78,4730.51,FALSE
"Kingdom of Spain",2008,176.41,4907.45,FALSE
"Kingdom of Sweden",2008,195.11,5368.3,FALSE
"Kingdom of Thailand",2008,183.21,2552.7,FALSE
"Kingdom of Tonga",2008,398.65,2135.09,FALSE
"Kingdom of the Netherlands",2008,197.94,4085.82,FALSE
"Kyrgyz Republic",2008,637.07,3922.34,FALSE
"Lao People's Democratic Republic",2008,258.61,2265.11,FALSE
"Lebanese Republic",2008,944.83,6109.49,TRUE
"Malaysia",2008,334.9,3343.65,FALSE
"Mongolia",2008,688.26,4861.21,FALSE
"Montenegro",2008,373.13,2867.5,FALSE
"New Zealand",2008,313.33,4148.13,FALSE
"North Macedonia",2008,400.67,2459.93,FALSE
"Northern Mariana Islands",2008,393,2280.74,FALSE
"Palestine",2008,942.09,9167.46,TRUE
"People's Democratic Republic of Algeria",2008,913.77,4750.63,FALSE
"People's Republic of Bangladesh",2008,482.62,5555.45,TRUE
"People's Republic of China",2008,378.3,2340.83,FALSE
"Plurinational State of Bolivia",2008,248.29,3915.24,FALSE
"Portuguese Republic",2008,99.58,6124.26,FALSE
"Principality of Andorra",2008,161.02,4034.29,FALSE
"Principality of Monaco",2008,158.48,4846.64,FALSE
"Puerto Rico",2008,347.15,2807.01,FALSE
"Republic of Albania",2008,309.87,2258.8,FALSE
"Republic of Angola",2008,350.94,7468.13,FALSE
"Republic of Armenia",2008,606.53,3045.53,FALSE
"Republic of Austria",2008,207.79,3122.6,FALSE
"Republic of Azerbaijan",2008,839.64,2725.47,FALSE
"Republic of Belarus",2008,702.55,4699.75,FALSE
"Republic of Benin",2008,350.64,5124.09,FALSE
"Republic of Botswana",2008,371.79,4978.01,FALSE
"Republic of Bulgaria",2008,480.54,2715.69,FALSE
"Republic of Burundi",2008,316.64,5616.08,FALSE
"Republic of Cabo Verde",2008,376.51,5989.2,FALSE
"Republic of Cameroon",2008,354.03,5411.23,FALSE
"Republic of Chad",2008,373.65,6636.9,FALSE
"Republic of Chile",2008,122.13,4769.95,FALSE
"Republic of Colombia",2008,270.24,2554.02,FALSE
"Republic of Costa Rica",2008,327.25,3692.98,FALSE
"Republic of Croatia",2008,234.22,3176.82,FALSE
"Republic of Cuba",2008,312.8,4330.28,FALSE
"Republic of Cyprus",2008,90.46,3160.87,FALSE
"Republic of Côte d'Ivoire",2008,402.9,4226.78,FALSE
"Republic of Djibouti",2008,348.85,5058.57,FALSE
"Republic of Ecuador",2008,245.19,3746.39,FALSE
"Republic of El Salvador",2008,290.14,4074.53,FALSE
"Republic of Equatorial Guinea",2008,366.45,7375.77,FALSE
"Republic of Estonia",2008,496.26,4670.2,FALSE
"Republic of Fiji",2008,460.49,2504.81,FALSE
"Republic of Finland",2008,204.06,5282.11,FALSE
"Republic of Ghana",2008,402,5067.39,FALSE
"Republic of Guatemala",2008,278.48,5094.68,FALSE
"Republic of Guinea",2008,367.08,4954.11,FALSE
"Republic of Guinea-Bissau",2008,401.76,5164.08,FALSE
"Republic of Guyana",2008,410.48,6039.59,FALSE
"Republic of Haiti",2008,409.92,3960.83,FALSE
"Republic of Honduras",2008,376.6,3653.4,FALSE
"Republic of Iceland",2008,165.48,3082.38,FALSE
"Republic of India",2008,615.79,4608.34,FALSE
"Republic of Indonesia",2008,276.99,1784.45,FALSE
"Republic of Iraq",2008,992.05,3850.27,FALSE
"Republic of Italy",2008,201.02,4154.12,FALSE
"Republic of Kazakhstan",2008,695.58,3882.38,FALSE
"Republic of Kenya",2008,347.45,5925.38,FALSE
"Republic of Kiribati",2008,428.77,2573.92,FALSE
"Republic of Korea",2008,114.99,2244.94,FALSE
"Republic of Latvia",2008,348.52,4421.04,FALSE
"Republic of Liberia",2008,394.34,5855.11,FALSE
"Republic of Lithuania",2008,400.86,4932.4,FALSE
"Republic of Madagascar",2008,351.08,5467,FALSE
"Republic of Malawi",2008,328.35,4522.49,FALSE
"Republic of Maldives",2008,220.87,2959.19,FALSE
"Republic of Mali",2008,353.47,3609.84,FALSE
"Republic of Malta",2008,102.46,3191.85,FALSE
"Republic of Mauritius",2008,244,4476.87,FALSE
"Republic of Moldova",2008,600.85,3604.97,FALSE
"Republic of Mozambique",2008,311.05,5793.65,FALSE
"Republic of Namibia",2008,348.55,3857.57,FALSE
"Republic of Nauru",2008,411.51,2889.95,FALSE
"Republic of Nicaragua",2008,317.37,3864.61,FALSE
"Republic of Niue",2008,387.38,2878.91,FALSE
"Republic of Palau",2008,381.88,2864.57,FALSE
"Republic of Panama",2008,297.63,3343.87,FALSE
"Republic of Paraguay",2008,181.9,3551.63,FALSE
"Republic of Peru",2008,212.56,2069.23,FALSE
"Republic of Poland",2008,283.85,1752.23,FALSE
"Republic of Rwanda",2008,286.98,6027.99,FALSE
"Republic of San Marino",2008,153.59,4896.87,FALSE
"Republic of Senegal",2008,395.54,4350.38,FALSE
"Republic of Serbia",2008,423.74,2934.59,FALSE
"Republic of Seychelles",2008,217.56,2189.28,FALSE
"Republic of Sierra Leone",2008,400.56,5108.93,FALSE
"Republic of Singapore",2008,185.41,2325.9,FALSE
"Republic of Slovenia",2008,178.38,3608.61,FALSE
"Republic of South Africa",2008,378.91,4522.69,FALSE
"Republic of South Sudan",2008,312.33,5379.7,FALSE
"Republic of Sudan",2008,990.52,5213.35,TRUE
"Republic of Suriname",2008,411.86,5577.15,TRUE
"Republic of Tajikistan",2008,746.44,2884.2,FALSE
"Republic of Trinidad and Tobago",2008,428.96,4222.54,FALSE
"Republic of Tunisia",2008,858.42,6394.86,TRUE
"Republic of Turkey",2008,666.2,4888.3,FALSE
"Republic of Uganda",2008,294.29,9523.72,FALSE
"Republic of Uzbekistan",2008,1277.49,3489.46,FALSE
"Republic of Vanuatu",2008,456.76,2651.57,FALSE
"Republic of Yemen",2008,936.43,5982.64,TRUE
"Republic of Zambia",2008,301.03,4535.06,FALSE
"Republic of Zimbabwe",2008,396.7,3354.37,FALSE
"Republic of the Congo",2008,386.13,7500.04,FALSE
"Republic of the Gambia",2008,412.4,7052.45,TRUE
"Republic of the Marshall Islands",2008,384.24,2511.7,FALSE
"Republic of the Niger",2008,340.63,4718.77,FALSE
"Republic of the Philippines",2008,214.48,2565.79,FALSE
"Republic of the Union of Myanmar",2008,277.92,1417.33,FALSE
"Romania",2008,339.74,2583.08,FALSE
"Russian Federation",2008,832.61,3357.52,FALSE
"Saint Kitts and Nevis",2008,387.53,4462.74,FALSE
"Saint Lucia",2008,396.88,3422.96,FALSE
"Saint Vincent and the Grenadines",2008,377.19,3496.79,FALSE
"Slovak Republic",2008,324.28,2825.85,FALSE
"Socialist Republic of Viet Nam",2008,234.31,1909.84,FALSE
"Solomon Islands",2008,435.21,2680.25,FALSE
"State of Eritrea",2008,304.7,5703.57,FALSE
"State of Israel",2008,175.88,5549.35,FALSE
"State of Kuwait",2008,1085.58,4586.57,FALSE
"State of Libya",2008,880.24,5154.01,TRUE
"State of Qatar",2008,1094.79,4792.99,FALSE
"Sultanate of Oman",2008,1113.67,4621.2,FALSE
"Swiss Confederation",2008,149.65,3920.89,FALSE
"Syrian Arab Republic",2008,1134.48,4534.08,FALSE
"Taiwan (Province of China)",2008,295.49,1934.46,FALSE
"Togolese Republic",2008,398.8,5197.62,FALSE
"Tokelau",2008,357.58,2882.96,FALSE
"Turkmenistan",2008,695.83,3377.24,FALSE
"Tuvalu",2008,374.66,2880.05,FALSE
"Ukraine",2008,840.4,5013.08,FALSE
"Union of the Comoros",2008,332.86,4596.25,FALSE
"United Arab Emirates",2008,1074.02,4131.48,FALSE
"United Kingdom of Great Britain and Northern Ireland",2008,143.9,4659.4,FALSE
"United Mexican States",2008,322.61,4025.71,FALSE
"United Republic of Tanzania",2008,299.89,5307.07,FALSE
"United States Virgin Islands",2008,385.4,3469.34,FALSE
"United States of America",2008,220.03,5571.56,FALSE
"American Samoa",2009,394.76,2072.57,FALSE
"Antigua and Barbuda",2009,384.27,2902.04,FALSE
"Arab Republic of Egypt",2009,1104.25,4186.63,FALSE
"Argentine Republic",2009,227.28,2958.42,FALSE
"Australia",2009,201.92,5859.74,FALSE
"Barbados",2009,394.82,3186.34,FALSE
"Belize",2009,381.64,3479.13,FALSE
"Bermuda",2009,374.87,3416.46,FALSE
"Bolivarian Republic of Venezuela",2009,314.03,3709.41,FALSE
"Bosnia and Herzegovina",2009,324.47,2861.06,FALSE
"Brunei Darussalam",2009,118.05,1491.28,FALSE
"Burkina Faso",2009,342.06,4995.01,FALSE
"Canada",2009,219.13,3274.74,FALSE
"Central African Republic",2009,383.31,7699.01,FALSE
"Commonwealth of Dominica",2009,384.21,3046.07,FALSE
"Commonwealth of the Bahamas",2009,402.6,3005.31,FALSE
"Cook Islands",2009,369.43,2885.19,FALSE
"Czech Republic",2009,339.56,3020.52,FALSE
"Democratic People's Republic of Korea",2009,361.35,2159.72,FALSE
"Democratic Republic of Sao Tome and Principe",2009,391.8,3864.47,FALSE
"Democratic Republic of Timor-Leste",2009,216.49,2346.46,FALSE
"Democratic Republic of the Congo",2009,339.17,6869.79,FALSE
"Democratic Socialist Republic of Sri Lanka",2009,288.21,2408.16,FALSE
"Dominican Republic",2009,384.32,4618.55,FALSE
"Eastern Republic of Uruguay",2009,200.63,3378.77,FALSE
"Federal Democratic Republic of Ethiopia",2009,274.65,5708.56,FALSE
"Federal Democratic Republic of Nepal",2009,512.71,6647.04,TRUE
"Federal Republic of Germany",2009,274.68,4058.39,FALSE
"Federal Republic of Nigeria",2009,380.17,4460.3,FALSE
"Federal Republic of Somalia",2009,332.71,5641.03,FALSE
"Federated States of Micronesia",2009,399.28,2501.19,FALSE
"Federative Republic of Brazil",2009,178.1,4681.65,FALSE
"French Republic",2009,229.73,4890.48,FALSE
"Gabonese Republic",2009,358.39,7199.28,FALSE
"Georgia",2009,581.53,3660.24,FALSE
"Grand Duchy of Luxembourg",2009,80.62,3596.02,FALSE
"Greenland",2009,222.04,7990.03,FALSE
"Grenada",2009,389.65,3390.53,FALSE
"Guam",2009,366.09,2836.72,FALSE
"Hashemite Kingdom of Jordan",2009,899.16,4657.08,FALSE
"Hellenic Republic",2009,161.13,7201.94,FALSE
"Hungary",2009,441.39,2955.42,FALSE
"Independent State of Papua New Guinea",2009,356.13,2805.95,FALSE
"Independent State of Samoa",2009,411.61,2338.47,FALSE
"Ireland",2009,186.77,5036.34,FALSE
"Islamic Republic of Afghanistan",2009,982.71,6150.4,TRUE
"Islamic Republic of Iran",2009,786.42,5961,TRUE
"Islamic Republic of Mauritania",2009,385.74,3804.45,FALSE
"Islamic Republic of Pakistan",2009,700.29,4583.49,FALSE
"Jamaica",2009,367.01,2959.27,FALSE
"Japan",2009,87.38,2561.29,FALSE
"Kingdom of Bahrain",2009,1002.61,5727.65,TRUE
"Kingdom of Belgium",2009,162.97,4271.02,FALSE
"Kingdom of Bhutan",2009,580.32,4601.93,FALSE
"Kingdom of Cambodia",2009,233.7,2684.83,FALSE
"Kingdom of Denmark",2009,106.45,3908.76,FALSE
"Kingdom of Eswatini",2009,361.65,5257.94,FALSE
"Kingdom of Lesotho",2009,327.69,6996.38,FALSE
"Kingdom of Morocco",2009,981.11,6266.81,TRUE
"Kingdom of Norway",2009,183.06,4224.48,FALSE
"Kingdom of Saudi Arabia",2009,974.04,4745.53,FALSE
"Kingdom of Spain",2009,164.92,5095.45,FALSE
"Kingdom of Sweden",2009,187.56,5386.53,FALSE
"Kingdom of Thailand",2009,177.52,2534.3,FALSE
"Kingdom of Tonga",2009,399.59,2121.76,FALSE
"Kingdom of the Netherlands",2009,187.26,4068.62,FALSE
"Kyrgyz Republic",2009,638.81,3891.98,FALSE
"Lao People's Democratic Republic",2009,257.59,2234.05,FALSE
"Lebanese Republic",2009,943.26,6091.91,TRUE
"Malaysia",2009,329.29,3330.15,FALSE
"Mongolia",2009,667.31,4841.83,FALSE
"Montenegro",2009,374.93,2856.36,FALSE
"New Zealand",2009,298.42,4123.97,FALSE
"North Macedonia",2009,396.77,2446.38,FALSE
"Northern Mariana Islands",2009,395.26,2278.08,FALSE
"Palestine",2009,938.31,9154.99,TRUE
"People's Democratic Republic of Algeria",2009,888.71,4727.02,FALSE
"People's Republic of Bangladesh",2009,481.06,5554.35,TRUE
"People's Republic of China",2009,380.31,2307.61,FALSE
"Plurinational State of Bolivia",2009,248.55,3899.74,FALSE
"Portuguese Republic",2009,86.54,6108.47,FALSE
"Principality of Andorra",2009,159.5,4023.31,FALSE
"Principality of Monaco",2009,157.02,4848.88,FALSE
"Puerto Rico",2009,345.91,2767.83,FALSE
"Republic of Albania",2009,310.34,2244.41,FALSE
"Republic of Angola",2009,348.21,7435.91,FALSE
"Republic of Armenia",2009,599.88,3050.47,FALSE
"Republic of Austria",2009,203.57,3075.52,FALSE
"Republic of Azerbaijan",2009,857.37,2715.61,FALSE
"Republic of Belarus",2009,695.86,4646.36,FALSE
"Republic of Benin",2009,350.2,5123.66,FALSE
"Republic of Botswana",2009,371.55,4942.76,FALSE
"Republic of Bulgaria",2009,454.71,2682.82,FALSE
"Republic of Burundi",2009,314.71,5542.69,FALSE
"Republic of Cabo Verde",2009,377.65,5957.11,FALSE
"Republic of Cameroon",2009,353.54,5400.76,FALSE
"Republic of Chad",2009,373.22,6624.28,FALSE
"Republic of Chile",2009,118.13,4646.44,FALSE
"Republic of Colombia",2009,267.57,2436.57,FALSE
"Republic of Costa Rica",2009,326,3702.29,FALSE
"Republic of Croatia",2009,230.54,3138.35,FALSE
"Republic of Cuba",2009,308.61,4259.19,FALSE
"Republic of Cyprus",2009,88.95,3131.54,FALSE
"Republic of Côte d'Ivoire",2009,399.8,4211.45,FALSE
"Republic of Djibouti",2009,349.89,5031.26,FALSE
"Republic of Ecuador",2009,246.27,3742.15,FALSE
"Republic of El Salvador",2009,291.1,4056.53,FALSE
"Republic of Equatorial Guinea",2009,367.47,7372.99,FALSE
"Republic of Estonia",2009,491.14,4566.92,FALSE
"Republic of Fiji",2009,460.08,2492.73,FALSE
"Republic of Finland",2009,200.08,5274.31,FALSE
"Republic of Ghana",2009,395.78,5046.65,FALSE
"Republic of Guatemala",2009,279.89,5015.24,FALSE
"Republic of Guinea",2009,369.06,4950.15,FALSE
"Republic of Guinea-Bissau",2009,401.61,5164.72,FALSE
"Republic of Guyana",2009,411.32,6036.37,FALSE
"Republic of Haiti",2009,410.33,3935.04,FALSE
"Republic of Honduras",2009,381.25,3654.36,FALSE
"Republic of Iceland",2009,164.22,3053.47,FALSE
"Republic of India",2009,615.83,4289.63,FALSE
"Republic of Indonesia",2009,279.07,1771.77,FALSE
"Republic of Iraq",2009,985.36,3844.79,FALSE
"Republic of Italy",2009,196.11,4072.47,FALSE
"Republic of Kazakhstan",2009,673.11,3851.36,FALSE
"Republic of Kenya",2009,347.36,5829.2,FALSE
"Republic of Kiribati",2009,430.14,2558.62,FALSE
"Republic of Korea",2009,109.82,2285.48,FALSE
"Republic of Latvia",2009,342.34,4357.44,FALSE
"Republic of Liberia",2009,394.67,5853.84,FALSE
"Republic of Lithuania",2009,400.35,4883.38,FALSE
"Republic of Madagascar",2009,349.91,5443.45,FALSE
"Republic of Malawi",2009,327.37,4481.45,FALSE
"Republic of Maldives",2009,219.89,2910.59,FALSE
"Republic of Mali",2009,351.82,3599.47,FALSE
"Republic of Malta",2009,100.81,3159.19,FALSE
"Republic of Mauritius",2009,234.99,4431.16,FALSE
"Republic of Moldova",2009,585.63,3577.78,FALSE
"Republic of Mozambique",2009,310.43,5800.87,FALSE
"Republic of Namibia",2009,346.9,3815.45,FALSE
"Republic of Nauru",2009,412.03,2884.71,FALSE
"Republic of Nicaragua",2009,317.03,3836.67,FALSE
"Republic of Niue",2009,388.2,2873.69,FALSE
"Republic of Palau",2009,383.75,2859.76,FALSE
"Republic of Panama",2009,297.42,3331.55,FALSE
"Republic of Paraguay",2009,181.53,3558.36,FALSE
"Republic of Peru",2009,212.21,2022.59,FALSE
"Republic of Poland",2009,270.44,1747.45,FALSE
"Republic of Rwanda",2009,285.01,5922.99,FALSE
"Republic of San Marino",2009,152.31,4896.5,FALSE
"Republic of Senegal",2009,394.24,4346.51,FALSE
"Republic of Serbia",2009,421.3,2900.56,FALSE
"Republic of Seychelles",2009,218.1,2175.65,FALSE
"Republic of Sierra Leone",2009,398.7,5103.19,FALSE
"Republic of Singapore",2009,184.66,2302.16,FALSE
"Republic of Slovenia",2009,176.16,3534.8,FALSE
"Republic of South Africa",2009,376.61,4562.83,FALSE
"Republic of South Sudan",2009,313.01,5375.97,FALSE
"Republic of Sudan",2009,978.36,5199.94,TRUE
"Republic of Suriname",2009,412.28,5564.47,TRUE
"Republic of Tajikistan",2009,761.21,2867.76,FALSE
"Republic of Trinidad and Tobago",2009,426.68,4212.34,FALSE
"Republic of Tunisia",2009,852.36,6403.89,TRUE
"Republic of Turkey",2009,655.06,4831.39,FALSE
"Republic of Uganda",2009,292.25,9321.96,FALSE
"Republic of Uzbekistan",2009,1319.5,3465.73,FALSE
"Republic of Vanuatu",2009,458.85,2632.15,FALSE
"Republic of Yemen",2009,929.91,5982.64,TRUE
"Republic of Zambia",2009,299.39,4502.85,FALSE
"Republic of Zimbabwe",2009,397.54,3342.43,FALSE
"Republic of the Congo",2009,385.18,7450.34,FALSE
"Republic of the Gambia",2009,411.66,6952.62,TRUE
"Republic of the Marshall Islands",2009,384.83,2492.44,FALSE
"Republic of the Niger",2009,339.36,4719.29,FALSE
"Republic of the Philippines",2009,200.22,2569.88,FALSE
"Republic of the Union of Myanmar",2009,273.5,1409.55,FALSE
"Romania",2009,329.85,2571.52,FALSE
"Russian Federation",2009,810.08,3314.82,FALSE
"Saint Kitts and Nevis",2009,386.72,4449.61,FALSE
"Saint Lucia",2009,399,3406.32,FALSE
"Saint Vincent and the Grenadines",2009,378,3489.49,FALSE
"Slovak Republic",2009,319.72,2792.62,FALSE
"Socialist Republic of Viet Nam",2009,235.97,1895.89,FALSE
"Solomon Islands",2009,436.52,2666.11,FALSE
"State of Eritrea",2009,304.31,5687.17,FALSE
"State of Israel",2009,168.54,5505.23,FALSE
"State of Kuwait",2009,1078.17,4573.82,FALSE
"State of Libya",2009,875.32,5159.59,TRUE
"State of Qatar",2009,1087.61,4742.55,FALSE
"Sultanate of Oman",2009,1098.02,4611.77,FALSE
"Swiss Confederation",2009,147.55,4135.59,FALSE
"Syrian Arab Republic",2009,1129.95,4515.81,FALSE
"Taiwan (Province of China)",2009,293.65,1929.33,FALSE
"Togolese Republic",2009,397.35,5196.71,FALSE
"Tokelau",2009,359.21,2878.68,FALSE
"Turkmenistan",2009,683.12,3346.8,FALSE
"Tuvalu",2009,376.4,2875.3,FALSE
"Ukraine",2009,833.25,4942.12,FALSE
"Union of the Comoros",2009,333.24,4576.02,FALSE
"United Arab Emirates",2009,1065.99,4082.79,FALSE
"United Kingdom of Great Britain and Northern Ireland",2009,139.41,4650.04,FALSE
"United Mexican States",2009,322.76,4124.1,FALSE
"United Republic of Tanzania",2009,301.55,5281.24,FALSE
"United States Virgin Islands",2009,388.34,3458.93,FALSE
"United States of America",2009,207.42,5602.12,FALSE
"American Samoa",2010,395.85,2068.21,FALSE
"Antigua and Barbuda",2010,385.06,2885.32,FALSE
"Arab Republic of Egypt",2010,1107.07,4182.7,FALSE
"Argentine Republic",2010,225.46,2935.48,FALSE
"Australia",2010,200.93,5815.35,FALSE
"Barbados",2010,395.6,3183.09,FALSE
"Belize",2010,382.38,3466.77,FALSE
"Bermuda",2010,375.22,3395.58,FALSE
"Bolivarian Republic of Venezuela",2010,312.42,3704.74,FALSE
"Bosnia and Herzegovina",2010,323.26,2819.94,FALSE
"Brunei Darussalam",2010,117.7,1485.67,FALSE
"Burkina Faso",2010,342.02,4984.63,FALSE
"Canada",2010,214.3,3259.48,FALSE
"Central African Republic",2010,383.01,7682.66,FALSE
"Commonwealth of Dominica",2010,385.31,3037.16,FALSE
"Commonwealth of the Bahamas",2010,403.27,2992.06,FALSE
"Cook Islands",2010,371.49,2883.33,FALSE
"Czech Republic",2010,335.5,3001.03,FALSE
"Democratic People's Republic of Korea",2010,360.54,2149.37,FALSE
"Democratic Republic of Sao Tome and Principe",2010,391.47,3855.96,FALSE
"Democratic Republic of Timor-Leste",2010,217.96,2336.53,FALSE
"Democratic Republic of the Congo",2010,337.55,6858.07,FALSE
"Democratic Socialist Republic of Sri Lanka",2010,286.16,2393.13,FALSE
"Dominican Republic",2010,387.6,4596.86,FALSE
"Eastern Republic of Uruguay",2010,198.85,3383,FALSE
"Federal Democratic Republic of Ethiopia",2010,273.17,5662.72,FALSE
"Federal Democratic Republic of Nepal",2010,512.56,6669.16,TRUE
"Federal Republic of Germany",2010,267.01,4050.63,FALSE
"Federal Republic of Nigeria",2010,379.91,4378.12,FALSE
"Federal Republic of Somalia",2010,331.82,5633.74,FALSE
"Federated States of Micronesia",2010,400.29,2492.9,FALSE
"Federative Republic of Brazil",2010,177.41,4526.95,FALSE
"French Republic",2010,231.02,4907.15,FALSE
"Gabonese Republic",2010,358.62,7159.58,FALSE
"Georgia",2010,569,3662.87,FALSE
"Grand Duchy of Luxembourg",2010,80.55,3558.02,FALSE
"Greenland",2010,221.25,7948.62,FALSE
"Grenada",2010,390.51,3376.11,FALSE
"Guam",2010,368.16,2841.64,FALSE
"Hashemite Kingdom of Jordan",2010,890,4626.79,FALSE
"Hellenic Republic",2010,157.05,7189.11,FALSE
"Hungary",2010,435.04,2929.49,FALSE
"Independent State of Papua New Guinea",2010,356.36,2795.29,FALSE
"Independent State of Samoa",2010,412.1,2327.33,FALSE
"Ireland",2010,180.46,5027.38,FALSE
"Islamic Republic of Afghanistan",2010,973.46,6150.12,TRUE
"Islamic Republic of Iran",2010,776.93,6031.48,TRUE
"Islamic Republic of Mauritania",2010,384.96,3797.37,FALSE
"Islamic Republic of Pakistan",2010,699.19,4547.86,FALSE
"Jamaica",2010,367.94,2951.02,FALSE
"Japan",2010,86.09,2543.65,FALSE
"Kingdom of Bahrain",2010,997.77,5662.99,TRUE
"Kingdom of Belgium",2010,161.47,4300.1,FALSE
"Kingdom of Bhutan",2010,579.75,4585.72,FALSE
"Kingdom of Cambodia",2010,235.01,2668.07,FALSE
"Kingdom of Denmark",2010,105.52,3887.02,FALSE
"Kingdom of Eswatini",2010,362.05,5267.04,FALSE
"Kingdom of Lesotho",2010,328.91,7008.79,FALSE
"Kingdom of Morocco",2010,983.73,6260.74,TRUE
"Kingdom of Norway",2010,179.27,4211.28,FALSE
"Kingdom of Saudi Arabia",2010,971.16,4756.02,FALSE
"Kingdom of Spain",2010,158.37,5230.73,FALSE
"Kingdom of Sweden",2010,182.79,5391.46,FALSE
"Kingdom of Thailand",2010,174.28,2522.86,FALSE
"Kingdom of Tonga",2010,400.17,2115.93,FALSE
"Kingdom of the Netherlands",2010,180.73,4050.84,FALSE
"Kyrgyz Republic",2010,639.26,3874.81,FALSE
"Lao People's Democratic Republic",2010,257.3,2220.33,FALSE
"Lebanese Republic",2010,941.67,6081.54,TRUE
"Malaysia",2010,327.35,3325.51,FALSE
"Mongolia",2010,654.76,4830.96,FALSE
"Montenegro",2010,376.05,2849.19,FALSE
"New Zealand",2010,290,4110.53,FALSE
"North Macedonia",2010,394.99,2438.81,FALSE
"Northern Mariana Islands",2010,396.88,2280.21,FALSE
"Palestine",2010,934.85,9136.02,TRUE
"People's Democratic Republic of Algeria",2010,876.16,4716.74,FALSE
"People's Republic of Bangladesh",2010,480.14,5556.9,TRUE
"People's Republic of China",2010,380.9,2296.07,FALSE
"Plurinational State of Bolivia",2010,248.64,3889.98,FALSE
"Portuguese Republic",2010,81.12,6084.05,FALSE
"Principality of Andorra",2010,158.35,4019.66,FALSE
"Principality of Monaco",2010,156.18,4851.86,FALSE
"Puerto Rico",2010,344.27,2750.79,FALSE
"Republic of Albania",2010,311.18,2236.59,FALSE
"Republic of Angola",2010,346.05,7420.01,FALSE
"Republic of Armenia",2010,595.23,3055.64,FALSE
"Republic of Austria",2010,201.54,3053.78,FALSE
"Republic of Azerbaijan",2010,864,2711,FALSE
"Republic of Belarus",2010,691.52,4613.49,FALSE
"Republic of Benin",2010,349.79,5124.18,FALSE
"Republic of Botswana",2010,371.57,4920.85,FALSE
"Republic of Bulgaria",2010,443.1,2664.43,FALSE
"Republic of Burundi",2010,313.27,5496.37,FALSE
"Republic of Cabo Verde",2010,378.87,5936.29,FALSE
"Republic of Cameroon",2010,352.9,5394.18,FALSE
"Republic of Chad",2010,372.67,6612.17,FALSE
"Republic of Chile",2010,116.41,4589.4,FALSE
"Republic of Colombia",2010,265.39,2365.39,FALSE
"Republic of Costa Rica",2010,324.57,3708.46,FALSE
"Republic of Croatia",2010,229.58,3115.93,FALSE
"Republic of Cuba",2010,306.87,4227.36,FALSE
"Republic of Cyprus",2010,88.47,3120.2,FALSE
"Republic of Côte d'Ivoire",2010,397.73,4203.25,FALSE
"Republic of Djibouti",2010,350.59,5018.32,FALSE
"Republic of Ecuador",2010,246.74,3738.13,FALSE
"Republic of El Salvador",2010,291.37,4045.72,FALSE
"Republic of Equatorial Guinea",2010,368.14,7368.19,FALSE
"Republic of Estonia",2010,489.09,4486.19,FALSE
"Republic of Fiji",2010,460.05,2486.78,FALSE
"Republic of Finland",2010,197.52,5253.75,FALSE
"Republic of Ghana",2010,392.47,5032.23,FALSE
"Republic of Guatemala",2010,280.71,4941.56,FALSE
"Republic of Guinea",2010,370.15,4949.26,FALSE
"Republic of Guinea-Bissau",2010,401.66,5166.22,FALSE
"Republic of Guyana",2010,411.44,6035.76,FALSE
"Republic of Haiti",2010,410.27,3921.33,FALSE
"Republic of Honduras",2010,383.6,3656.59,FALSE
"Republic of Iceland",2010,163.55,3044.28,FALSE
"Republic of India",2010,614.24,4144.23,FALSE
"Republic of Indonesia",2010,280.71,1766.22,FALSE
"Republic of Iraq",2010,982.8,3842.88,FALSE
"Republic of Italy",2010,191.69,4038.02,FALSE
"Republic of Kazakhstan",2010,658.84,3830.39,FALSE
"Republic of Kenya",2010,347.1,5761.87,FALSE
"Republic of Kiribati",2010,430.77,2550.94,FALSE
"Republic of Korea",2010,107.92,2313.24,FALSE
"Republic of Latvia",2010,339.75,4321.81,FALSE
"Republic of Liberia",2010,394.59,5853.66,FALSE
"Republic of Lithuania",2010,401.01,4848.97,FALSE
"Republic of Madagascar",2010,349.23,5432.68,FALSE
"Republic of Malawi",2010,326.17,4460.27,FALSE
"Republic of Maldives",2010,219.56,2872.84,FALSE
"Republic of Mali",2010,350.4,3595.75,FALSE
"Republic of Malta",2010,100.19,3145.18,FALSE
"Republic of Mauritius",2010,230.8,4384.55,FALSE
"Republic of Moldova",2010,576.31,3563.56,FALSE
"Republic of Mozambique",2010,309.56,5805.57,FALSE
"Republic of Namibia",2010,345.73,3792.78,FALSE
"Republic of Nauru",2010,412.2,2882.77,FALSE
"Republic of Nicaragua",2010,316.63,3819.31,FALSE
"Republic of Niue",2010,388.64,2871.27,FALSE
"Republic of Palau",2010,385.44,2857,FALSE
"Republic of Panama",2010,296.77,3325.58,FALSE
"Republic of Paraguay",2010,181.16,3564.2,FALSE
"Republic of Peru",2010,211.84,2001.08,FALSE
"Republic of Poland",2010,261.21,1744.45,FALSE
"Republic of Rwanda",2010,283.68,5876.29,FALSE
"Republic of San Marino",2010,151.69,4897.03,FALSE
"Republic of Senegal",2010,392.83,4345.33,FALSE
"Republic of Serbia",2010,420.21,2881.15,FALSE
"Republic of Seychelles",2010,218.51,2168.04,FALSE
"Republic of Sierra Leone",2010,397.19,5098.9,FALSE
"Republic of Singapore",2010,184.43,2289.56,FALSE
"Republic of Slovenia",2010,175.41,3484.7,FALSE
"Republic of South Africa",2010,373.98,4598.38,FALSE
"Republic of South Sudan",2010,313.29,5375.5,FALSE
"Republic of Sudan",2010,972.85,5188.21,TRUE
"Republic of Suriname",2010,412.12,5559.49,TRUE
"Republic of Tajikistan",2010,769.47,2858.78,FALSE
"Republic of Trinidad and Tobago",2010,424.58,4208.7,FALSE
"Republic of Tunisia",2010,847.94,6406.1,TRUE
"Republic of Turkey",2010,649.49,4800.25,FALSE
"Republic of Uganda",2010,290.31,9159.68,FALSE
"Republic of Uzbekistan",2010,1337.3,3453.13,FALSE
"Republic of Vanuatu",2010,460.45,2621.65,FALSE
"Republic of Yemen",2010,927.33,5982.41,TRUE
"Republic of Zambia",2010,297.82,4485.16,FALSE
"Republic of Zimbabwe",2010,397.7,3338.71,FALSE
"Republic of the Congo",2010,384.53,7405.24,FALSE
"Republic of the Gambia",2010,411.1,6904.62,FALSE
"Republic of the Marshall Islands",2010,385.24,2482.09,FALSE
"Republic of the Niger",2010,338.33,4722.22,FALSE
"Republic of the Philippines",2010,194.35,2573.15,FALSE
"Republic of the Union of Myanmar",2010,271,1406.47,FALSE
"Romania",2010,325.47,2566.15,FALSE
"Russian Federation",2010,794.63,3292.18,FALSE
"Saint Kitts and Nevis",2010,386.22,4443.66,FALSE
"Saint Lucia",2010,399.86,3399.08,FALSE
"Saint Vincent and the Grenadines",2010,378.39,3486.89,FALSE
"Slovak Republic",2010,318.6,2766.96,FALSE
"Socialist Republic of Viet Nam",2010,237.03,1883.36,FALSE
"Solomon Islands",2010,438.17,2657.74,FALSE
"State of Eritrea",2010,303.94,5676.1,FALSE
"State of Israel",2010,164.81,5461.73,FALSE
"State of Kuwait",2010,1069.93,4575.04,FALSE
"State of Libya",2010,871.23,5165.35,TRUE
"State of Qatar",2010,1079.74,4710.34,FALSE
"Sultanate of Oman",2010,1086.64,4607.12,FALSE
"Swiss Confederation",2010,146.99,4226.05,FALSE
"Syrian Arab Republic",2010,1129.06,4509.4,FALSE
"Taiwan (Province of China)",2010,291.66,1929.2,FALSE
"Togolese Republic",2010,396.2,5195.66,FALSE
"Tokelau",2010,360.56,2877.1,FALSE
"Turkmenistan",2010,677.15,3327.02,FALSE
"Tuvalu",2010,377.52,2872.65,FALSE
"Ukraine",2010,828,4884.84,FALSE
"Union of the Comoros",2010,333.34,4566.05,FALSE
"United Arab Emirates",2010,1061.1,4064.18,FALSE
"United Kingdom of Great Britain and Northern Ireland",2010,137.32,4651.28,FALSE
"United Mexican States",2010,322.27,4181.88,FALSE
"United Republic of Tanzania",2010,302.54,5269.21,FALSE
"United States Virgin Islands",2010,389.76,3454.99,FALSE
"United States of America",2010,199.7,5613.58,FALSE
"American Samoa",2011,396.71,2068,FALSE
"Antigua and Barbuda",2011,384.99,2891.69,FALSE
"Arab Republic of Egypt",2011,1108.48,4213.42,FALSE
"Argentine Republic",2011,224.53,2936.79,FALSE
"Australia",2011,201.48,5777.5,FALSE
"Barbados",2011,394.83,3191.88,FALSE
"Belize",2011,381.64,3469.42,FALSE
"Bermuda",2011,374.74,3392.6,FALSE
"Bolivarian Republic of Venezuela",2011,311.88,3704.2,FALSE
"Bosnia and Herzegovina",2011,322.51,2791.35,FALSE
"Brunei Darussalam",2011,117.84,1488.44,FALSE
"Burkina Faso",2011,341.3,5021.83,FALSE
"Canada",2011,213.52,3272.46,FALSE
"Central African Republic",2011,382.13,7676.81,FALSE
"Commonwealth of Dominica",2011,385.45,3045.16,FALSE
"Commonwealth of the Bahamas",2011,402.53,2998.67,FALSE
"Cook Islands",2011,373.17,2882.72,FALSE
"Czech Republic",2011,333.33,2986.86,FALSE
"Democratic People's Republic of Korea",2011,359.81,2144.33,FALSE
"Democratic Republic of Sao Tome and Principe",2011,391.28,3857.96,FALSE
"Democratic Republic of Timor-Leste",2011,220.14,2333.82,FALSE
"Democratic Republic of the Congo",2011,335.81,6858.18,FALSE
"Democratic Socialist Republic of Sri Lanka",2011,285.14,2396.21,FALSE
"Dominican Republic",2011,388.24,4559.85,FALSE
"Eastern Republic of Uruguay",2011,198.33,3412.73,FALSE
"Federal Democratic Republic of Ethiopia",2011,271.43,5613.14,FALSE
"Federal Democratic Republic of Nepal",2011,510.61,6604.99,TRUE
"Federal Republic of Germany",2011,263.93,4059.13,FALSE
"Federal Republic of Nigeria",2011,378.76,4309.6,FALSE
"Federal Republic of Somalia",2011,330.19,5640.11,FALSE
"Federated States of Micronesia",2011,401,2490.96,FALSE
"Federative Republic of Brazil",2011,176.92,4455.45,FALSE
"French Republic",2011,230.81,4864.73,FALSE
"Gabonese Republic",2011,359.04,7144.95,FALSE
"Georgia",2011,562.16,3671.25,FALSE
"Grand Duchy of Luxembourg",2011,81.33,3544.16,FALSE
"Greenland",2011,221.32,7922.42,FALSE
"Grenada",2011,391.62,3378.96,FALSE
"Guam",2011,370.8,2847.54,FALSE
"Hashemite Kingdom of Jordan",2011,878.82,4616.89,FALSE
"Hellenic Republic",2011,154.49,7034.71,FALSE
"Hungary",2011,432.22,2917,FALSE
"Independent State of Papua New Guinea",2011,355.05,2791.88,FALSE
"Independent State of Samoa",2011,412.57,2324.94,FALSE
"Ireland",2011,179.76,4997.44,FALSE
"Islamic Republic of Afghanistan",2011,971.51,6147.8,TRUE
"Islamic Republic of Iran",2011,778.96,6085.58,TRUE
"Islamic Republic of Mauritania",2011,384.46,3806.67,FALSE
"Islamic Republic of Pakistan",2011,697.38,4524.62,FALSE
"Jamaica",2011,366.08,2960.95,FALSE
"Japan",2011,85.81,2527.49,FALSE
"Kingdom of Bahrain",2011,992.28,5619.95,TRUE
"Kingdom of Belgium",2011,161.16,4288.02,FALSE
"Kingdom of Bhutan",2011,578.51,4586.48,FALSE
"Kingdom of Cambodia",2011,237.26,2659.58,FALSE
"Kingdom of Denmark",2011,105.97,3882.19,FALSE
"Kingdom of Eswatini",2011,362.4,5277.77,FALSE
"Kingdom of Lesotho",2011,329.62,7014.04,FALSE
"Kingdom of Morocco",2011,985.79,6261.91,TRUE
"Kingdom of Norway",2011,178.96,4208.09,FALSE
"Kingdom of Saudi Arabia",2011,967.16,4767.99,FALSE
"Kingdom of Spain",2011,155.57,5321.92,FALSE
"Kingdom of Sweden",2011,180.18,5359.45,FALSE
"Kingdom of Thailand",2011,172.93,2517.65,FALSE
"Kingdom of Tonga",2011,400.57,2116.98,FALSE
"Kingdom of the Netherlands",2011,177.36,4019.2,FALSE
"Kyrgyz Republic",2011,637.07,3868.31,FALSE
"Lao People's Democratic Republic",2011,258.86,2227.87,FALSE
"Lebanese Republic",2011,939.97,6083.97,TRUE
"Malaysia",2011,329.26,3352.72,FALSE
"Mongolia",2011,648,4825.87,FALSE
"Montenegro",2011,376.06,2846.3,FALSE
"New Zealand",2011,286.66,4111.94,FALSE
"North Macedonia",2011,396.19,2436.11,FALSE
"Northern Mariana Islands",2011,396.97,2288.55,FALSE
"Palestine",2011,930.75,9067.09,TRUE
"People's Democratic Republic of Algeria",2011,872.88,4720.42,FALSE
"People's Republic of Bangladesh",2011,480.54,5562.06,TRUE
"People's Republic of China",2011,379.6,2312.39,FALSE
"Plurinational State of Bolivia",2011,248.6,3884.03,FALSE
"Portuguese Republic",2011,81.33,5982.31,FALSE
"Principality of Andorra",2011,155.86,4042.14,FALSE
"Principality of Monaco",2011,155.73,4855.08,FALSE
"Puerto Rico",2011,341.37,2756.99,FALSE
"Republic of Albania",2011,312.58,2235.11,FALSE
"Republic of Angola",2011,344.01,7416.11,FALSE
"Republic of Armenia",2011,591.32,3065.72,FALSE
"Republic of Austria",2011,201.12,3053.62,FALSE
"Republic of Azerbaijan",2011,862.38,2713.91,FALSE
"Republic of Belarus",2011,688.8,4598.88,FALSE
"Republic of Benin",2011,349.28,5127.2,FALSE
"Republic of Botswana",2011,371.72,4909.32,FALSE
"Republic of Bulgaria",2011,441.99,2656.79,FALSE
"Republic of Burundi",2011,311.94,5470.02,FALSE
"Republic of Cabo Verde",2011,381.09,5925.3,FALSE
"Republic of Cameroon",2011,351.56,5390.3,FALSE
"Republic of Chad",2011,371.51,6572.02,FALSE
"Republic of Chile",2011,117.29,4587.04,FALSE
"Republic of Colombia",2011,263.36,2329.6,FALSE
"Republic of Costa Rica",2011,322.27,3713.4,FALSE
"Republic of Croatia",2011,232.07,3104.9,FALSE
"Republic of Cuba",2011,308.48,4225.14,FALSE
"Republic of Cyprus",2011,89.71,3128.16,FALSE
"Republic of Côte d'Ivoire",2011,396.34,4209.08,FALSE
"Republic of Djibouti",2011,351.25,5018.1,FALSE
"Republic of Ecuador",2011,246.21,3729.2,FALSE
"Republic of El Salvador",2011,290.71,4041.12,FALSE
"Republic of Equatorial Guinea",2011,368.64,7364.78,FALSE
"Republic of Estonia",2011,490.12,4416.43,FALSE
"Republic of Fiji",2011,461.42,2487.17,FALSE
"Republic of Finland",2011,196.12,5178.11,FALSE
"Republic of Ghana",2011,391.52,5024.68,FALSE
"Republic of Guatemala",2011,280.72,4847.38,FALSE
"Republic of Guinea",2011,370.26,4952.63,FALSE
"Republic of Guinea-Bissau",2011,402,5169.43,FALSE
"Republic of Guyana",2011,410.39,6039.52,FALSE
"Republic of Haiti",2011,409.19,3922.99,FALSE
"Republic of Honduras",2011,383.94,3662,FALSE
"Republic of Iceland",2011,163.65,3050.1,FALSE
"Republic of India",2011,608.77,4130.56,FALSE
"Republic of Indonesia",2011,282.4,1768.03,FALSE
"Republic of Iraq",2011,985.68,3924.5,FALSE
"Republic of Italy",2011,187.26,4041.48,FALSE
"Republic of Kazakhstan",2011,651.56,3828.04,FALSE
"Republic of Kenya",2011,346.14,5713.14,FALSE
"Republic of Kiribati",2011,430.91,2549.6,FALSE
"Republic of Korea",2011,109.94,2332.45,FALSE
"Republic of Latvia",2011,340.32,4307.85,FALSE
"Republic of Liberia",2011,393.55,5851.47,FALSE
"Republic of Lithuania",2011,403.3,4823.28,FALSE
"Republic of Madagascar",2011,348.98,5434,FALSE
"Republic of Malawi",2011,323.92,4463.26,FALSE
"Republic of Maldives",2011,219.97,2842.71,FALSE
"Republic of Mali",2011,348.86,3610.01,FALSE
"Republic of Malta",2011,102.22,3151.43,FALSE
"Republic of Mauritius",2011,230.27,4309.59,FALSE
"Republic of Moldova",2011,572.4,3557.55,FALSE
"Republic of Mozambique",2011,307.71,5807.99,FALSE
"Republic of Namibia",2011,344.89,3800.05,FALSE
"Republic of Nauru",2011,412.03,2885.06,FALSE
"Republic of Nicaragua",2011,315.85,3810.22,FALSE
"Republic of Niue",2011,389.06,2871.11,FALSE
"Republic of Palau",2011,387.41,2856.54,FALSE
"Republic of Panama",2011,295.28,3325.08,FALSE
"Republic of Paraguay",2011,180.58,3564.14,FALSE
"Republic of Peru",2011,211.23,2000.67,FALSE
"Republic of Poland",2011,254.8,1741.24,FALSE
"Republic of Rwanda",2011,282.82,5871.25,FALSE
"Republic of San Marino",2011,151.56,4900.33,FALSE
"Republic of Senegal",2011,390.46,4351.46,FALSE
"Republic of Serbia",2011,419.71,2872.24,FALSE
"Republic of Seychelles",2011,218.86,2165.86,FALSE
"Republic of Sierra Leone",2011,395.67,5098.44,FALSE
"Republic of Singapore",2011,184.94,2281.82,FALSE
"Republic of Slovenia",2011,177.49,3451.58,FALSE
"Republic of South Africa",2011,370.04,4641.53,FALSE
"Republic of South Sudan",2011,313.04,5375.41,FALSE
"Republic of Sudan",2011,973.23,5174.16,TRUE
"Republic of Suriname",2011,410.92,5563.69,TRUE
"Republic of Tajikistan",2011,771.34,2856.5,FALSE
"Republic of Trinidad and Tobago",2011,421.95,4214,FALSE
"Republic of Tunisia",2011,844.58,6404.85,TRUE
"Republic of Turkey",2011,650.82,4789.59,FALSE
"Republic of Uganda",2011,287.88,9000.17,FALSE
"Republic of Uzbekistan",2011,1336.32,3449.78,FALSE
"Republic of Vanuatu",2011,461.95,2618.58,FALSE
"Republic of Yemen",2011,928.33,5981.8,TRUE
"Republic of Zambia",2011,295.85,4502.88,FALSE
"Republic of Zimbabwe",2011,397.2,3356.66,FALSE
"Republic of the Congo",2011,384.14,7344.03,FALSE
"Republic of the Gambia",2011,410.6,6896.63,FALSE
"Republic of the Marshall Islands",2011,385.7,2479.43,FALSE
"Republic of the Niger",2011,337.49,4727.5,FALSE
"Republic of the Philippines",2011,196.11,2573.5,FALSE
"Republic of the Union of Myanmar",2011,270.06,1416.14,FALSE
"Romania",2011,324.73,2566.37,FALSE
"Russian Federation",2011,785.16,3300.42,FALSE
"Saint Kitts and Nevis",2011,385.43,4446.88,FALSE
"Saint Lucia",2011,399.02,3407.17,FALSE
"Saint Vincent and the Grenadines",2011,378.15,3494.92,FALSE
"Slovak Republic",2011,321.7,2747.09,FALSE
"Socialist Republic of Viet Nam",2011,237.62,1872.99,FALSE
"Solomon Islands",2011,441.71,2653.12,FALSE
"State of Eritrea",2011,303.46,5666.33,FALSE
"State of Israel",2011,163.76,5381.94,FALSE
"State of Kuwait",2011,1058.06,4589.9,FALSE
"State of Libya",2011,868.11,5174.57,TRUE
"State of Qatar",2011,1073.96,4690.61,FALSE
"Sultanate of Oman",2011,1079.47,4614.37,FALSE
"Swiss Confederation",2011,148.06,4220.63,FALSE
"Syrian Arab Republic",2011,1132.49,4519.01,FALSE
"Taiwan (Province of China)",2011,288.89,1934.09,FALSE
"Togolese Republic",2011,395.01,5195.81,FALSE
"Tokelau",2011,361.71,2877.25,FALSE
"Turkmenistan",2011,676.1,3317.73,FALSE
"Tuvalu",2011,378.42,2871.45,FALSE
"Ukraine",2011,823.69,4822.95,FALSE
"Union of the Comoros",2011,332.98,4571.54,FALSE
"United Arab Emirates",2011,1057.72,4070.35,FALSE
"United Kingdom of Great Britain and Northern Ireland",2011,136.99,4694.78,FALSE
"United Mexican States",2011,320.43,4204.93,FALSE
"United Republic of Tanzania",2011,302.76,5270.7,FALSE
"United States Virgin Islands",2011,389.94,3462.67,FALSE
"United States of America",2011,195.97,5572.1,FALSE
"American Samoa",2012,397.77,2069.05,FALSE
"Antigua and Barbuda",2012,384.51,2912.92,FALSE
"Arab Republic of Egypt",2012,1110.21,4289.41,FALSE
"Argentine Republic",2012,223.67,2941.69,FALSE
"Australia",2012,202.64,5736.88,FALSE
"Barbados",2012,393.05,3211.36,FALSE
"Belize",2012,380.09,3480.15,FALSE
"Bermuda",2012,373.7,3394.27,FALSE
"Bolivarian Republic of Venezuela",2012,311.64,3705.49,FALSE
"Bosnia and Herzegovina",2012,321.66,2764.35,FALSE
"Brunei Darussalam",2012,118.25,1497.16,FALSE
"Burkina Faso",2012,339.9,5113.85,FALSE
"Canada",2012,213.08,3303.81,FALSE
"Central African Republic",2012,380.54,7672.53,FALSE
"Commonwealth of Dominica",2012,385.27,3065.37,FALSE
"Commonwealth of the Bahamas",2012,400.88,3017.36,FALSE
"Cook Islands",2012,374.83,2882.04,FALSE
"Czech Republic",2012,331.45,2974.15,FALSE
"Democratic People's Republic of Korea",2012,358.83,2141.11,FALSE
"Democratic Republic of Sao Tome and Principe",2012,390.98,3867.23,FALSE
"Democratic Republic of Timor-Leste",2012,223,2334.17,FALSE
"Democratic Republic of the Congo",2012,333.62,6863.56,FALSE
"Democratic Socialist Republic of Sri Lanka",2012,284.06,2410.9,FALSE
"Dominican Republic",2012,388.33,4497.72,FALSE
"Eastern Republic of Uruguay",2012,198.09,3475.74,FALSE
"Federal Democratic Republic of Ethiopia",2012,269.34,5551.65,FALSE
"Federal Democratic Republic of Nepal",2012,507.01,6447.8,TRUE
"Federal Republic of Germany",2012,261.92,4082.47,FALSE
"Federal Republic of Nigeria",2012,376.85,4220.91,FALSE
"Federal Republic of Somalia",2012,327.87,5652.27,FALSE
"Federated States of Micronesia",2012,401.78,2490.7,FALSE
"Federative Republic of Brazil",2012,176.37,4390.02,FALSE
"French Republic",2012,230.24,4771.94,FALSE
"Gabonese Republic",2012,359.59,7132.99,FALSE
"Georgia",2012,556.25,3687.31,FALSE
"Grand Duchy of Luxembourg",2012,83.26,3533.99,FALSE
"Greenland",2012,221.81,7892.24,FALSE
"Grenada",2012,393.56,3390.53,FALSE
"Guam",2012,374.06,2855.94,FALSE
"Hashemite Kingdom of Jordan",2012,865.49,4619.26,FALSE
"Hellenic Republic",2012,151.84,6696.1,FALSE
"Hungary",2012,430.06,2915.62,FALSE
"Independent State of Papua New Guinea",2012,352.25,2790.59,FALSE
"Independent State of Samoa",2012,413.17,2324.46,FALSE
"Ireland",2012,179.4,4938.37,FALSE
"Islamic Republic of Afghanistan",2012,971.22,6144.34,TRUE
"Islamic Republic of Iran",2012,787.32,6157.96,TRUE
"Islamic Republic of Mauritania",2012,384.04,3833.11,FALSE
"Islamic Republic of Pakistan",2012,694.63,4507.28,FALSE
"Jamaica",2012,361.88,2983.13,FALSE
"Japan",2012,86.09,2506.57,FALSE
"Kingdom of Bahrain",2012,985.08,5582.98,TRUE
"Kingdom of Belgium",2012,160.88,4254.06,FALSE
"Kingdom of Bhutan",2012,576.58,4592.57,FALSE
"Kingdom of Cambodia",2012,240.51,2652.56,FALSE
"Kingdom of Denmark",2012,107.46,3883.18,FALSE
"Kingdom of Eswatini",2012,362.85,5291.67,FALSE
"Kingdom of Lesotho",2012,330.23,7019.56,FALSE
"Kingdom of Morocco",2012,988.04,6269.41,TRUE
"Kingdom of Norway",2012,178.96,4207.49,FALSE
"Kingdom of Saudi Arabia",2012,961.82,4785.37,FALSE
"Kingdom of Spain",2012,152.83,5406.07,FALSE
"Kingdom of Sweden",2012,177.99,5287.94,FALSE
"Kingdom of Thailand",2012,171.94,2513.34,FALSE
"Kingdom of Tonga",2012,400.98,2120.62,FALSE
"Kingdom of the Netherlands",2012,174.58,3969.61,FALSE
"Kyrgyz Republic",2012,632.27,3864.71,FALSE
"Lao People's Democratic Republic",2012,261.92,2247.82,FALSE
"Lebanese Republic",2012,938.03,6093.61,TRUE
"Malaysia",2012,332.64,3416.73,FALSE
"Mongolia",2012,641.75,4820.23,FALSE
"Montenegro",2012,375.18,2844.58,FALSE
"New Zealand",2012,284.45,4122.96,FALSE
"North Macedonia",2012,399.48,2434.24,FALSE
"Northern Mariana Islands",2012,396.83,2297.32,FALSE
"Palestine",2012,926.21,8928.25,TRUE
"People's Democratic Republic of Algeria",2012,870.94,4731.42,FALSE
"People's Republic of Bangladesh",2012,482.1,5567.41,TRUE
"People's Republic of China",2012,377,2346.92,FALSE
"Plurinational State of Bolivia",2012,248.53,3878.06,FALSE
"Portuguese Republic",2012,81.86,5783.05,FALSE
"Principality of Andorra",2012,154.52,4053.28,FALSE
"Principality of Monaco",2012,155.4,4857.86,FALSE
"Puerto Rico",2012,337.27,2774.66,FALSE
"Republic of Albania",2012,314.43,2235.77,FALSE
"Republic of Angola",2012,341.76,7413.64,FALSE
"Republic of Armenia",2012,586.87,3081.44,FALSE
"Republic of Austria",2012,200.84,3060.01,FALSE
"Republic of Azerbaijan",2012,859.63,2722.63,FALSE
"Republic of Belarus",2012,686.09,4588.38,FALSE
"Republic of Benin",2012,348.66,5133.38,FALSE
"Republic of Botswana",2012,371.89,4898.35,FALSE
"Republic of Bulgaria",2012,441.89,2652.04,FALSE
"Republic of Burundi",2012,310.41,5447.05,FALSE
"Republic of Cabo Verde",2012,384.6,5916.13,FALSE
"Republic of Cameroon",2012,349.33,5387.03,FALSE
"Republic of Chad",2012,369.7,6492.53,FALSE
"Republic of Chile",2012,119.53,4595.06,FALSE
"Republic of Colombia",2012,261.12,2297.3,FALSE
"Republic of Costa Rica",2012,319.1,3719.45,FALSE
"Republic of Croatia",2012,236.76,3095.11,FALSE
"Republic of Cuba",2012,312.68,4229.41,FALSE
"Republic of Cyprus",2012,92.71,3146.73,FALSE
"Republic of Côte d'Ivoire",2012,394.94,4228.18,FALSE
"Republic of Djibouti",2012,352,5022.84,FALSE
"Republic of Ecuador",2012,244.93,3712.81,FALSE
"Republic of El Salvador",2012,289.49,4039.44,FALSE
"Republic of Equatorial Guinea",2012,369.13,7366.65,FALSE
"Republic of Estonia",2012,492.7,4345.03,FALSE
"Republic of Fiji",2012,464.22,2490.38,FALSE
"Republic of Finland",2012,195.19,5040.38,FALSE
"Republic of Ghana",2012,391.06,5020.01,FALSE
"Republic of Guatemala",2012,280.16,4719.24,FALSE
"Republic of Guinea",2012,369.79,4959.58,FALSE
"Republic of Guinea-Bissau",2012,402.57,5173.68,FALSE
"Republic of Guyana",2012,408.46,6045.41,FALSE
"Republic of Haiti",2012,407.16,3934.32,FALSE
"Republic of Honduras",2012,383.69,3670.53,FALSE
"Republic of Iceland",2012,164.39,3061.53,FALSE
"Republic of India",2012,599.49,4126.71,FALSE
"Republic of Indonesia",2012,284.34,1773.5,FALSE
"Republic of Iraq",2012,992.39,4116.92,FALSE
"Republic of Italy",2012,182.47,4054.33,FALSE
"Republic of Kazakhstan",2012,645.88,3841.88,FALSE
"Republic of Kenya",2012,344.41,5662.86,FALSE
"Republic of Kiribati",2012,430.93,2550.19,FALSE
"Republic of Korea",2012,114.22,2352.33,FALSE
"Republic of Latvia",2012,342.08,4298.89,FALSE
"Republic of Liberia",2012,391.48,5850.88,FALSE
"Republic of Lithuania",2012,406.71,4796.9,FALSE
"Republic of Madagascar",2012,348.84,5440.46,FALSE
"Republic of Malawi",2012,320.53,4481.26,FALSE
"Republic of Maldives",2012,220.87,2814.43,FALSE
"Republic of Mali",2012,346.94,3644.15,FALSE
"Republic of Malta",2012,106.96,3168.68,FALSE
"Republic of Mauritius",2012,230.05,4198.34,FALSE
"Republic of Moldova",2012,570.37,3551.67,FALSE
"Republic of Mozambique",2012,304.8,5808.86,FALSE
"Republic of Namibia",2012,344.13,3830.15,FALSE
"Republic of Nauru",2012,411.81,2889.77,FALSE
"Republic of Nicaragua",2012,314.62,3801.85,FALSE
"Republic of Niue",2012,389.78,2871.49,FALSE
"Republic of Palau",2012,389.56,2857.14,FALSE
"Republic of Panama",2012,293.07,3326.08,FALSE
"Republic of Paraguay",2012,179.72,3556.42,FALSE
"Republic of Peru",2012,210.38,2006.08,FALSE
"Republic of Poland",2012,248.18,1736.8,FALSE
"Republic of Rwanda",2012,281.99,5873.05,FALSE
"Republic of San Marino",2012,151.52,4906.21,FALSE
"Republic of Senegal",2012,386.86,4366.32,FALSE
"Republic of Serbia",2012,419.11,2864.34,FALSE
"Republic of Seychelles",2012,219.24,2166.11,FALSE
"Republic of Sierra Leone",2012,393.94,5100.15,FALSE
"Republic of Singapore",2012,186.23,2271.36,FALSE
"Republic of Slovenia",2012,182.9,3420.85,FALSE
"Republic of South Africa",2012,364.86,4699.57,FALSE
"Republic of South Sudan",2012,312.42,5373.72,FALSE
"Republic of Sudan",2012,975.77,5156.07,TRUE
"Republic of Suriname",2012,408.89,5572.22,FALSE
"Republic of Tajikistan",2012,771.48,2857.25,FALSE
"Republic of Trinidad and Tobago",2012,418.5,4225.78,FALSE
"Republic of Tunisia",2012,841.26,6406.34,TRUE
"Republic of Turkey",2012,656.7,4781.23,FALSE
"Republic of Uganda",2012,284.8,8807.12,FALSE
"Republic of Uzbekistan",2012,1331.49,3448.11,FALSE
"Republic of Vanuatu",2012,463.82,2617.26,FALSE
"Republic of Yemen",2012,931.46,5980.51,TRUE
"Republic of Zambia",2012,293.37,4556.3,FALSE
"Republic of Zimbabwe",2012,396.29,3396.45,FALSE
"Republic of the Congo",2012,383.76,7258.47,FALSE
"Republic of the Gambia",2012,410.07,6893.95,TRUE
"Republic of the Marshall Islands",2012,386.45,2478.28,FALSE
"Republic of the Niger",2012,336.78,4734.16,FALSE
"Republic of the Philippines",2012,200.17,2571.09,FALSE
"Republic of the Union of Myanmar",2012,269.28,1439.61,FALSE
"Romania",2012,324.41,2568.21,FALSE
"Russian Federation",2012,777.19,3333.17,FALSE
"Saint Kitts and Nevis",2012,383.98,4455.62,FALSE
"Saint Lucia",2012,397.12,3428,FALSE
"Saint Vincent and the Grenadines",2012,377.43,3513.38,FALSE
"Slovak Republic",2012,327.58,2728.69,FALSE
"Socialist Republic of Viet Nam",2012,238.08,1864.75,FALSE
"Solomon Islands",2012,447.23,2648.26,FALSE
"State of Eritrea",2012,302.83,5653.36,FALSE
"State of Israel",2012,163.01,5252.41,FALSE
"State of Kuwait",2012,1042.7,4610.07,FALSE
"State of Libya",2012,865.54,5188.18,TRUE
"State of Qatar",2012,1067.29,4677.04,FALSE
"Sultanate of Oman",2012,1072.4,4633.45,FALSE
"Swiss Confederation",2012,149.93,4206,FALSE
"Syrian Arab Republic",2012,1138.02,4544.35,FALSE
"Taiwan (Province of China)",2012,285.31,1940.73,FALSE
"Togolese Republic",2012,393.52,5196.8,FALSE
"Tokelau",2012,362.89,2877.01,FALSE
"Turkmenistan",2012,676.12,3310.94,FALSE
"Tuvalu",2012,379.4,2870.6,FALSE
"Ukraine",2012,818.72,4744.99,FALSE
"Union of the Comoros",2012,332.25,4589.64,FALSE
"United Arab Emirates",2012,1054.32,4090.22,FALSE
"United Kingdom of Great Britain and Northern Ireland",2012,136.84,4788.51,FALSE
"United Mexican States",2012,317.42,4219.19,FALSE
"United Republic of Tanzania",2012,302.52,5278.67,FALSE
"United States Virgin Islands",2012,389.81,3480.48,FALSE
"United States of America",2012,193.1,5474.98,FALSE
"American Samoa",2013,398.88,2070.98,FALSE
"Antigua and Barbuda",2013,383.91,2943.17,FALSE
"Arab Republic of Egypt",2013,1111.8,4382.34,FALSE
"Argentine Republic",2013,223,2947.94,FALSE
"Australia",2013,204.03,5694.1,FALSE
"Barbados",2013,390.92,3236.55,FALSE
"Belize",2013,378.3,3495.07,FALSE
"Bermuda",2013,372.5,3398.45,FALSE
"Bolivarian Republic of Venezuela",2013,311.63,3708.05,FALSE
"Bosnia and Herzegovina",2013,320.89,2741.5,FALSE
"Brunei Darussalam",2013,118.7,1510.03,FALSE
"Burkina Faso",2013,338.28,5224.4,FALSE
"Canada",2013,212.82,3342.67,FALSE
"Central African Republic",2013,378.75,7670.48,FALSE
"Commonwealth of Dominica",2013,384.97,3092.79,FALSE
"Commonwealth of the Bahamas",2013,398.93,3043.14,FALSE
"Cook Islands",2013,376.28,2881.71,FALSE
"Czech Republic",2013,329.99,2963.53,FALSE
"Democratic People's Republic of Korea",2013,357.73,2139.32,FALSE
"Democratic Republic of Sao Tome and Principe",2013,390.66,3881.06,FALSE
"Democratic Republic of Timor-Leste",2013,225.9,2336.47,FALSE
"Democratic Republic of the Congo",2013,331.45,6872.06,FALSE
"Democratic Socialist Republic of Sri Lanka",2013,282.9,2430.69,FALSE
"Dominican Republic",2013,388.15,4429.46,FALSE
"Eastern Republic of Uruguay",2013,198.1,3549.02,FALSE
"Federal Democratic Republic of Ethiopia",2013,267.32,5491.77,FALSE
"Federal Democratic Republic of Nepal",2013,502.87,6259.34,TRUE
"Federal Republic of Germany",2013,260.39,4110.35,FALSE
"Federal Republic of Nigeria",2013,374.78,4131.81,FALSE
"Federal Republic of Somalia",2013,325.51,5664.32,FALSE
"Federated States of Micronesia",2013,402.52,2491.55,FALSE
"Federative Republic of Brazil",2013,175.82,4333.3,FALSE
"French Republic",2013,229.46,4662.42,FALSE
"Gabonese Republic",2013,360.17,7124.36,FALSE
"Georgia",2013,551.2,3706.67,FALSE
"Grand Duchy of Luxembourg",2013,85.91,3527.17,FALSE
"Greenland",2013,222.4,7860.71,FALSE
"Grenada",2013,395.78,3406.86,FALSE
"Guam",2013,377.39,2865.19,FALSE
"Hashemite Kingdom of Jordan",2013,852.7,4627.12,FALSE
"Hellenic Republic",2013,149.22,6297.81,FALSE
"Hungary",2013,428.24,2919.92,FALSE
"Independent State of Papua New Guinea",2013,348.99,2790.4,FALSE
"Independent State of Samoa",2013,413.79,2325.28,FALSE
"Ireland",2013,179.24,4871.89,FALSE
"Islamic Republic of Afghanistan",2013,971.8,6140.69,TRUE
"Islamic Republic of Iran",2013,798.9,6230.79,TRUE
"Islamic Republic of Mauritania",2013,383.76,3867.62,FALSE
"Islamic Republic of Pakistan",2013,691.56,4498.01,FALSE
"Jamaica",2013,356.9,3012.11,FALSE
"Japan",2013,86.67,2485.22,FALSE
"Kingdom of Bahrain",2013,978.36,5549.29,TRUE
"Kingdom of Belgium",2013,160.74,4211.54,FALSE
"Kingdom of Bhutan",2013,574.47,4602.39,FALSE
"Kingdom of Cambodia",2013,243.98,2646.64,FALSE
"Kingdom of Denmark",2013,109.49,3887.46,FALSE
"Kingdom of Eswatini",2013,363.31,5305.08,FALSE
"Kingdom of Lesotho",2013,330.74,7024.8,FALSE
"Kingdom of Morocco",2013,990.34,6279.21,TRUE
"Kingdom of Norway",2013,179.12,4209.56,FALSE
"Kingdom of Saudi Arabia",2013,955.96,4804.34,FALSE
"Kingdom of Spain",2013,150.35,5481.99,FALSE
"Kingdom of Sweden",2013,176.28,5201.88,FALSE
"Kingdom of Thailand",2013,171.21,2509.56,FALSE
"Kingdom of Tonga",2013,401.38,2125.7,FALSE
"Kingdom of the Netherlands",2013,172.48,3916.99,FALSE
"Kyrgyz Republic",2013,626.51,3862,FALSE
"Lao People's Democratic Republic",2013,265.42,2272.48,FALSE
"Lebanese Republic",2013,936.23,6095.03,TRUE
"Malaysia",2013,336.22,3496.24,FALSE
"Mongolia",2013,636.52,4814.26,FALSE
"Montenegro",2013,373.88,2843.56,FALSE
"New Zealand",2013,282.78,4137.65,FALSE
"North Macedonia",2013,403.45,2433.08,FALSE
"Northern Mariana Islands",2013,397.45,2303.99,FALSE
"Palestine",2013,922.57,8753.24,TRUE
"People's Democratic Republic of Algeria",2013,869.85,4746.42,FALSE
"People's Republic of Bangladesh",2013,483.97,5573.22,TRUE
"People's Republic of China",2013,373.98,2387.42,FALSE
"Plurinational State of Bolivia",2013,248.47,3872.11,FALSE
"Portuguese Republic",2013,82.51,5553.28,FALSE
"Principality of Andorra",2013,153.93,4069.26,FALSE
"Principality of Monaco",2013,155.18,4862.9,FALSE
"Puerto Rico",2013,333.04,2798.26,FALSE
"Republic of Albania",2013,316.4,2237.71,FALSE
"Republic of Angola",2013,339.66,7412.48,FALSE
"Republic of Armenia",2013,582.46,3100.26,FALSE
"Republic of Austria",2013,200.65,3069.72,FALSE
"Republic of Azerbaijan",2013,856.52,2735.02,FALSE
"Republic of Belarus",2013,683.02,4579.77,FALSE
"Republic of Benin",2013,348.07,5140.54,FALSE
"Republic of Botswana",2013,372.11,4888.46,FALSE
"Republic of Bulgaria",2013,442.16,2649.89,FALSE
"Republic of Burundi",2013,308.98,5427.4,FALSE
"Republic of Cabo Verde",2013,388.42,5908.07,FALSE
"Republic of Cameroon",2013,346.83,5384.39,FALSE
"Republic of Chad",2013,367.75,6401.29,FALSE
"Republic of Chile",2013,122.25,4607.23,FALSE
"Republic of Colombia",2013,258.99,2270.93,FALSE
"Republic of Costa Rica",2013,315.82,3725.88,FALSE
"Republic of Croatia",2013,242.33,3087.07,FALSE
"Republic of Cuba",2013,317.98,4237.16,FALSE
"Republic of Cyprus",2013,96.92,3172.16,FALSE
"Republic of Côte d'Ivoire",2013,393.66,4253.53,FALSE
"Republic of Djibouti",2013,352.75,5030.55,FALSE
"Republic of Ecuador",2013,243.4,3694.14,FALSE
"Republic of El Salvador",2013,288.12,4039.17,FALSE
"Republic of Equatorial Guinea",2013,369.65,7371.11,FALSE
"Republic of Estonia",2013,496.02,4281.02,FALSE
"Republic of Fiji",2013,467.4,2495.2,FALSE
"Republic of Finland",2013,194.79,4884.48,FALSE
"Republic of Ghana",2013,390.9,5018.25,FALSE
"Republic of Guatemala",2013,279.35,4587.82,FALSE
"Republic of Guinea",2013,369.06,4968.45,FALSE
"Republic of Guinea-Bissau",2013,403.21,5178.19,FALSE
"Republic of Guyana",2013,406.26,6050.71,FALSE
"Republic of Haiti",2013,404.86,3948.84,FALSE
"Republic of Honduras",2013,383.15,3680.07,FALSE
"Republic of Iceland",2013,165.6,3075.83,FALSE
"Republic of India",2013,589.08,4128.17,FALSE
"Republic of Indonesia",2013,286.19,1781.61,FALSE
"Republic of Iraq",2013,1000.77,4346.14,FALSE
"Republic of Italy",2013,177.9,4073.12,FALSE
"Republic of Kazakhstan",2013,640.92,3862.99,FALSE
"Republic of Kenya",2013,342.47,5617.44,FALSE
"Republic of Kiribati",2013,430.88,2551.97,FALSE
"Republic of Korea",2013,119.24,2370.58,FALSE
"Republic of Latvia",2013,344.75,4293.95,FALSE
"Republic of Liberia",2013,389.22,5851.02,FALSE
"Republic of Lithuania",2013,410.69,4772.46,FALSE
"Republic of Madagascar",2013,348.76,5449.43,FALSE
"Republic of Malawi",2013,316.93,4505.93,FALSE
"Republic of Maldives",2013,221.94,2789.08,FALSE
"Republic of Mali",2013,344.96,3686.64,FALSE
"Republic of Malta",2013,112.82,3193.71,FALSE
"Republic of Mauritius",2013,230.01,4080.35,FALSE
"Republic of Moldova",2013,569.07,3546.32,FALSE
"Republic of Mozambique",2013,301.69,5809.32,FALSE
"Republic of Namibia",2013,343.49,3870.03,FALSE
"Republic of Nauru",2013,411.63,2895.47,FALSE
"Republic of Nicaragua",2013,313.29,3794.39,FALSE
"Republic of Niue",2013,390.56,2872.21,FALSE
"Republic of Palau",2013,391.47,2858.24,FALSE
"Republic of Panama",2013,290.74,3327.93,FALSE
"Republic of Paraguay",2013,178.79,3545.59,FALSE
"Republic of Peru",2013,209.52,2014.76,FALSE
"Republic of Poland",2013,242.02,1732.44,FALSE
"Republic of Rwanda",2013,281.33,5878.34,FALSE
"Republic of San Marino",2013,151.54,4913.17,FALSE
"Republic of Senegal",2013,383,4385.97,FALSE
"Republic of Serbia",2013,418.64,2857.19,FALSE
"Republic of Seychelles",2013,219.66,2168.4,FALSE
"Republic of Sierra Leone",2013,392.29,5102.84,FALSE
"Republic of Singapore",2013,187.9,2260.17,FALSE
"Republic of Slovenia",2013,190.66,3393.75,FALSE
"Republic of South Africa",2013,359.65,4759.44,FALSE
"Republic of South Sudan",2013,311.7,5372.19,FALSE
"Republic of Sudan",2013,979.22,5137.97,TRUE
"Republic of Suriname",2013,406.64,5581.93,FALSE
"Republic of Tajikistan",2013,770.48,2860.26,FALSE
"Republic of Trinidad and Tobago",2013,415.04,4239.91,FALSE
"Republic of Tunisia",2013,838.34,6410.43,TRUE
"Republic of Turkey",2013,664.48,4774.13,FALSE
"Republic of Uganda",2013,281.75,8619.42,FALSE
"Republic of Uzbekistan",2013,1324.7,3447.73,FALSE
"Republic of Vanuatu",2013,465.64,2617.35,FALSE
"Republic of Yemen",2013,935.43,5978.97,TRUE
"Republic of Zambia",2013,290.93,4623.58,FALSE
"Republic of Zimbabwe",2013,395.23,3444.08,FALSE
"Republic of the Congo",2013,383.47,7169.07,FALSE
"Republic of the Gambia",2013,409.61,6895.26,FALSE
"Republic of the Marshall Islands",2013,387.26,2478.25,FALSE
"Republic of the Niger",2013,336.18,4740.84,FALSE
"Republic of the Philippines",2013,205.03,2568.19,FALSE
"Republic of the Union of Myanmar",2013,268.53,1469.31,FALSE
"Romania",2013,324.44,2570.92,FALSE
"Russian Federation",2013,770.03,3375.26,FALSE
"Saint Kitts and Nevis",2013,382.38,4466.61,FALSE
"Saint Lucia",2013,394.84,3455.28,FALSE
"Saint Vincent and the Grenadines",2013,376.54,3537.36,FALSE
"Slovak Republic",2013,334.78,2713.54,FALSE
"Socialist Republic of Viet Nam",2013,238.45,1858.59,FALSE
"Solomon Islands",2013,453.14,2643.99,FALSE
"State of Eritrea",2013,302.21,5640.22,FALSE
"State of Israel",2013,162.46,5111.63,FALSE
"State of Kuwait",2013,1026.2,4634.34,FALSE
"State of Libya",2013,863.72,5203.27,TRUE
"State of Qatar",2013,1061.2,4668.98,FALSE
"Sultanate of Oman",2013,1065.86,4657.53,FALSE
"Swiss Confederation",2013,152.07,4187.64,FALSE
"Syrian Arab Republic",2013,1143.81,4584.4,FALSE
"Taiwan (Province of China)",2013,281.72,1947.74,FALSE
"Togolese Republic",2013,391.93,5198.96,FALSE
"Tokelau",2013,364.12,2876.94,FALSE
"Turkmenistan",2013,676.75,3306.23,FALSE
"Tuvalu",2013,380.39,2870,FALSE
"Ukraine",2013,813.56,4668.04,FALSE
"Union of the Comoros",2013,331.43,4613.6,FALSE
"United Arab Emirates",2013,1051.33,4116.53,FALSE
"United Kingdom of Great Britain and Northern Ireland",2013,136.86,4898.48,FALSE
"United Mexican States",2013,314.17,4226.99,FALSE
"United Republic of Tanzania",2013,302.09,5289.74,FALSE
"United States Virgin Islands",2013,389.58,3503.23,FALSE
"United States of America",2013,190.7,5357.31,FALSE
"American Samoa",2014,399.9,2073.59,FALSE
"Antigua and Barbuda",2014,383.5,2976.88,FALSE
"Arab Republic of Egypt",2014,1112.85,4464.08,FALSE
"Argentine Republic",2014,222.62,2953.41,FALSE
"Australia",2014,205.26,5649.9,FALSE
"Barbados",2014,389.12,3262.31,FALSE
"Belize",2014,376.82,3510.42,FALSE
"Bermuda",2014,371.58,3403.2,FALSE
"Bolivarian Republic of Venezuela",2014,311.82,3711.31,FALSE
"Bosnia and Herzegovina",2014,320.37,2725.43,FALSE
"Brunei Darussalam",2014,119.07,1524.6,FALSE
"Burkina Faso",2014,336.86,5317.32,FALSE
"Canada",2014,212.54,3377.93,FALSE
"Central African Republic",2014,377.27,7671.76,FALSE
"Commonwealth of Dominica",2014,384.74,3122.56,FALSE
"Commonwealth of the Bahamas",2014,397.34,3071.04,FALSE
"Cook Islands",2014,377.61,2881.58,FALSE
"Czech Republic",2014,329.03,2955.57,FALSE
"Democratic People's Republic of Korea",2014,356.76,2137.78,FALSE
"Democratic Republic of Sao Tome and Principe",2014,390.41,3896.56,FALSE
"Democratic Republic of Timor-Leste",2014,228.19,2339.5,FALSE
"Democratic Republic of the Congo",2014,329.77,6881.14,FALSE
"Democratic Socialist Republic of Sri Lanka",2014,281.64,2449.11,FALSE
"Dominican Republic",2014,388.05,4374.05,FALSE
"Eastern Republic of Uruguay",2014,198.24,3609.55,FALSE
"Federal Democratic Republic of Ethiopia",2014,265.8,5447.05,FALSE
"Federal Democratic Republic of Nepal",2014,499.29,6102.12,TRUE
"Federal Republic of Germany",2014,258.8,4132.37,FALSE
"Federal Republic of Nigeria",2014,373.18,4062.45,FALSE
"Federal Republic of Somalia",2014,323.73,5673.71,FALSE
"Federated States of Micronesia",2014,403.08,2493.09,FALSE
"Federative Republic of Brazil",2014,175.34,4287.99,FALSE
"French Republic",2014,228.62,4569.91,FALSE
"Gabonese Republic",2014,360.65,7119.22,FALSE
"Georgia",2014,546.86,3725.23,FALSE
"Grand Duchy of Luxembourg",2014,89,3523.19,FALSE
"Greenland",2014,223.15,7828.21,FALSE
"Grenada",2014,397.76,3423.91,FALSE
"Guam",2014,380.28,2873.55,FALSE
"Hashemite Kingdom of Jordan",2014,843.16,4633.33,FALSE
"Hellenic Republic",2014,146.68,5964.66,FALSE
"Hungary",2014,426.35,2925.01,FALSE
"Independent State of Papua New Guinea",2014,346.25,2790.43,FALSE
"Independent State of Samoa",2014,414.31,2326.85,FALSE
"Ireland",2014,179.22,4820.18,FALSE
"Islamic Republic of Afghanistan",2014,972.66,6136.7,TRUE
"Islamic Republic of Iran",2014,810.55,6286.56,TRUE
"Islamic Republic of Mauritania",2014,383.71,3900.52,FALSE
"Islamic Republic of Pakistan",2014,688.79,4499.1,FALSE
"Jamaica",2014,352.77,3043.36,FALSE
"Japan",2014,87.33,2467.83,FALSE
"Kingdom of Bahrain",2014,973.69,5519.37,TRUE
"Kingdom of Belgium",2014,160.83,4173.48,FALSE
"Kingdom of Bhutan",2014,572.71,4614.63,FALSE
"Kingdom of Cambodia",2014,246.78,2641.49,FALSE
"Kingdom of Denmark",2014,111.55,3892.68,FALSE
"Kingdom of Eswatini",2014,363.68,5314.54,FALSE
"Kingdom of Lesotho",2014,331.14,7030.34,FALSE
"Kingdom of Morocco",2014,992.76,6286.83,TRUE
"Kingdom of Norway",2014,179.3,4213.28,FALSE
"Kingdom of Saudi Arabia",2014,950.35,4821.4,FALSE
"Kingdom of Spain",2014,148.28,5548.87,FALSE
"Kingdom of Sweden",2014,175.08,5126.73,FALSE
"Kingdom of Thailand",2014,170.65,2506.39,FALSE
"Kingdom of Tonga",2014,401.73,2131.19,FALSE
"Kingdom of the Netherlands",2014,171.17,3875.89,FALSE
"Kyrgyz Republic",2014,621.13,3859.89,FALSE
"Lao People's Democratic Republic",2014,268.28,2294.11,FALSE
"Lebanese Republic",2014,934.71,6081.35,TRUE
"Malaysia",2014,338.93,3569.97,FALSE
"Mongolia",2014,632.75,4808.59,FALSE
"Montenegro",2014,372.65,2842.95,FALSE
"New Zealand",2014,281.17,4150.83,FALSE
"North Macedonia",2014,406.7,2432.43,FALSE
"Northern Mariana Islands",2014,398.66,2309.2,FALSE
"Palestine",2014,920.45,8575.29,TRUE
"People's Democratic Republic of Algeria",2014,869.17,4762.07,FALSE
"People's Republic of Bangladesh",2014,485.31,5579.72,TRUE
"People's Republic of China",2014,371.39,2421.56,FALSE
"Plurinational State of Bolivia",2014,248.46,3866.16,FALSE
"Portuguese Republic",2014,83.06,5359.94,FALSE
"Principality of Andorra",2014,153.75,4082.96,FALSE
"Principality of Monaco",2014,155.05,4865.55,FALSE
"Puerto Rico",2014,329.74,2822.36,FALSE
"Republic of Albania",2014,318.13,2240.42,FALSE
"Republic of Angola",2014,338.06,7412.61,FALSE
"Republic of Armenia",2014,578.8,3118.71,FALSE
"Republic of Austria",2014,200.46,3079.43,FALSE
"Republic of Azerbaijan",2014,853.79,2749,FALSE
"Republic of Belarus",2014,679.51,4570.56,FALSE
"Republic of Benin",2014,347.7,5147.37,FALSE
"Republic of Botswana",2014,372.38,4880.2,FALSE
"Republic of Bulgaria",2014,442.2,2649.77,FALSE
"Republic of Burundi",2014,307.92,5413.02,FALSE
"Republic of Cabo Verde",2014,391.6,5899.61,FALSE
"Republic of Cameroon",2014,344.56,5382.98,FALSE
"Republic of Chad",2014,366.19,6325.61,FALSE
"Republic of Chile",2014,124.56,4617.85,FALSE
"Republic of Colombia",2014,257.31,2252.94,FALSE
"Republic of Costa Rica",2014,313.23,3731.96,FALSE
"Republic of Croatia",2014,247.43,3080.97,FALSE
"Republic of Cuba",2014,322.87,4245.19,FALSE
"Republic of Cyprus",2014,101.57,3200.64,FALSE
"Republic of Côte d'Ivoire",2014,392.64,4278.04,FALSE
"Republic of Djibouti",2014,353.45,5038.49,FALSE
"Republic of Ecuador",2014,242.14,3678.14,FALSE
"Republic of El Salvador",2014,286.98,4038.97,FALSE
"Republic of Equatorial Guinea",2014,370.2,7375.43,FALSE
"Republic of Estonia",2014,499.23,4232.88,FALSE
"Republic of Fiji",2014,469.96,2500.09,FALSE
"Republic of Finland",2014,194.94,4754.69,FALSE
"Republic of Ghana",2014,390.81,5019.28,FALSE
"Republic of Guatemala",2014,278.64,4483.7,FALSE
"Republic of Guinea",2014,368.37,4977.57,FALSE
"Republic of Guinea-Bissau",2014,403.76,5182.66,FALSE
"Republic of Guyana",2014,404.43,6052.9,FALSE
"Republic of Haiti",2014,402.94,3962.24,FALSE
"Republic of Honduras",2014,382.67,3687.86,FALSE
"Republic of Iceland",2014,167.06,3089.55,FALSE
"Republic of India",2014,580.07,4130.44,FALSE
"Republic of Indonesia",2014,287.59,1791.28,FALSE
"Republic of Iraq",2014,1008.6,4539.58,FALSE
"Republic of Italy",2014,174.15,4094.23,FALSE
"Republic of Kazakhstan",2014,635.73,3882.23,FALSE
"Republic of Kenya",2014,340.87,5583.45,FALSE
"Republic of Kiribati",2014,430.75,2554.06,FALSE
"Republic of Korea",2014,123.56,2384.49,FALSE
"Republic of Latvia",2014,347.81,4292.36,FALSE
"Republic of Liberia",2014,387.39,5852.02,FALSE
"Republic of Lithuania",2014,414.6,4752.42,FALSE
"Republic of Madagascar",2014,348.69,5458.15,FALSE
"Republic of Malawi",2014,314.07,4528.89,FALSE
"Republic of Maldives",2014,222.9,2767.63,FALSE
"Republic of Mali",2014,343.27,3725.67,FALSE
"Republic of Malta",2014,118.28,3221.7,FALSE
"Republic of Mauritius",2014,229.99,3985.09,FALSE
"Republic of Moldova",2014,567.48,3541.91,FALSE
"Republic of Mozambique",2014,299.2,5809.94,FALSE
"Republic of Namibia",2014,342.99,3906.4,FALSE
"Republic of Nauru",2014,411.54,2900.63,FALSE
"Republic of Nicaragua",2014,312.23,3788.24,FALSE
"Republic of Niue",2014,391.18,2873.04,FALSE
"Republic of Palau",2014,392.85,2859.26,FALSE
"Republic of Panama",2014,288.89,3330.09,FALSE
"Republic of Paraguay",2014,178.04,3536.53,FALSE
"Republic of Peru",2014,208.89,2024.03,FALSE
"Republic of Poland",2014,237.02,1729.43,FALSE
"Republic of Rwanda",2014,280.93,5884.06,FALSE
"Republic of San Marino",2014,151.61,4919.12,FALSE
"Republic of Senegal",2014,379.82,4406.49,FALSE
"Republic of Serbia",2014,418.54,2851.22,FALSE
"Republic of Seychelles",2014,220.08,2172.23,FALSE
"Republic of Sierra Leone",2014,390.95,5105.24,FALSE
"Republic of Singapore",2014,189.43,2251.9,FALSE
"Republic of Slovenia",2014,199.8,3371.45,FALSE
"Republic of South Africa",2014,355.64,4807.89,FALSE
"Republic of South Sudan",2014,311.09,5374.26,FALSE
"Republic of Sudan",2014,982.24,5124,TRUE
"Republic of Suriname",2014,404.81,5589.62,FALSE
"Republic of Tajikistan",2014,770.15,2864.1,FALSE
"Republic of Trinidad and Tobago",2014,412.37,4252.25,FALSE
"Republic of Tunisia",2014,836.17,6416.79,TRUE
"Republic of Turkey",2014,671.42,4767.34,FALSE
"Republic of Uganda",2014,279.38,8475.72,FALSE
"Republic of Uzbekistan",2014,1317.94,3447.96,FALSE
"Republic of Vanuatu",2014,467.07,2618.31,FALSE
"Republic of Yemen",2014,938.9,5977.81,TRUE
"Republic of Zambia",2014,289.05,4682.93,FALSE
"Republic of Zimbabwe",2014,394.23,3485.4,FALSE
"Republic of the Congo",2014,383.34,7096.61,FALSE
"Republic of the Gambia",2014,409.34,6899.23,FALSE
"Republic of the Marshall Islands",2014,387.87,2478.88,FALSE
"Republic of the Niger",2014,336,4748.44,FALSE
"Republic of the Philippines",2014,209.16,2566.97,FALSE
"Republic of the Union of Myanmar",2014,267.69,1497.65,FALSE
"Romania",2014,324.77,2573.81,FALSE
"Russian Federation",2014,763.51,3410.89,FALSE
"Saint Kitts and Nevis",2014,381.12,4476.58,FALSE
"Saint Lucia",2014,392.91,3482.75,FALSE
"Saint Vincent and the Grenadines",2014,375.85,3562.08,FALSE
"Slovak Republic",2014,341.84,2703.54,FALSE
"Socialist Republic of Viet Nam",2014,238.76,1854.48,FALSE
"Solomon Islands",2014,457.84,2641.19,FALSE
"State of Eritrea",2014,301.76,5629.95,FALSE
"State of Israel",2014,162,4998.26,FALSE
"State of Kuwait",2014,1013.8,4655.81,FALSE
"State of Libya",2014,862.75,5217.28,TRUE
"State of Qatar",2014,1056.13,4666.51,FALSE
"Sultanate of Oman",2014,1059.56,4679.97,FALSE
"Swiss Confederation",2014,153.97,4171.07,FALSE
"Syrian Arab Republic",2014,1148.67,4635,FALSE
"Taiwan (Province of China)",2014,278.96,1953.6,FALSE
"Togolese Republic",2014,390.66,5200.35,FALSE
"Tokelau",2014,365.4,2877.18,FALSE
"Turkmenistan",2014,677.59,3302.91,FALSE
"Tuvalu",2014,381.37,2869.59,FALSE
"Ukraine",2014,808.89,4608.64,FALSE
"Union of the Comoros",2014,330.74,4636.77,FALSE
"United Arab Emirates",2014,1049.28,4142.64,FALSE
"United Kingdom of Great Britain and Northern Ireland",2014,137.02,4990.66,FALSE
"United Mexican States",2014,311.59,4230.61,FALSE
"United Republic of Tanzania",2014,301.76,5300.59,FALSE
"United States Virgin Islands",2014,389.43,3525.76,FALSE
"United States of America",2014,188.36,5254,FALSE
"American Samoa",2015,400.78,2076.35,FALSE
"Antigua and Barbuda",2015,383.57,3008.43,FALSE
"Arab Republic of Egypt",2015,1113.1,4506.32,FALSE
"Argentine Republic",2015,222.64,2955.88,FALSE
"Australia",2015,205.97,5605.23,FALSE
"Barbados",2015,388.33,3283.55,FALSE
"Belize",2015,376.23,3522.36,FALSE
"Bermuda",2015,371.39,3406.44,FALSE
"Bolivarian Republic of Venezuela",2015,312.13,3714.81,FALSE
"Bosnia and Herzegovina",2015,320.3,2719.17,FALSE
"Brunei Darussalam",2015,119.16,1538.9,FALSE
"Burkina Faso",2015,336.05,5356.46,FALSE
"Canada",2015,212.07,3398.76,FALSE
"Central African Republic",2015,376.66,7674.52,FALSE
"Commonwealth of Dominica",2015,384.81,3149.85,FALSE
"Commonwealth of the Bahamas",2015,396.74,3096.31,FALSE
"Cook Islands",2015,378.83,2881.77,FALSE
"Czech Republic",2015,328.7,2950.84,FALSE
"Democratic People's Republic of Korea",2015,356.12,2136.04,FALSE
"Democratic Republic of Sao Tome and Principe",2015,390.3,3911.06,FALSE
"Democratic Republic of Timor-Leste",2015,229.11,2341.89,FALSE
"Democratic Republic of the Congo",2015,329.02,6888.5,FALSE
"Democratic Socialist Republic of Sri Lanka",2015,280.27,2459.62,FALSE
"Dominican Republic",2015,388.38,4350.58,FALSE
"Eastern Republic of Uruguay",2015,198.41,3634.46,FALSE
"Federal Democratic Republic of Ethiopia",2015,265.21,5431.08,FALSE
"Federal Democratic Republic of Nepal",2015,497.31,6039.11,TRUE
"Federal Republic of Germany",2015,256.58,4139.54,FALSE
"Federal Republic of Nigeria",2015,372.62,4033.61,FALSE
"Federal Republic of Somalia",2015,322.98,5678.87,FALSE
"Federated States of Micronesia",2015,403.3,2494.96,FALSE
"Federative Republic of Brazil",2015,175,4256.66,FALSE
"French Republic",2015,227.86,4527.94,FALSE
"Gabonese Republic",2015,360.95,7118.08,FALSE
"Georgia",2015,543.17,3738.32,FALSE
"Grand Duchy of Luxembourg",2015,92.19,3521.05,FALSE
"Greenland",2015,223.69,7788.62,FALSE
"Grenada",2015,398.98,3437.83,FALSE
"Guam",2015,382.21,2879.24,FALSE
"Hashemite Kingdom of Jordan",2015,839.48,4636.06,FALSE
"Hellenic Republic",2015,144.27,5822.99,FALSE
"Hungary",2015,424,2925.85,FALSE
"Independent State of Papua New Guinea",2015,345.06,2789.8,FALSE
"Independent State of Samoa",2015,414.6,2328.67,FALSE
"Ireland",2015,179.19,4805.18,FALSE
"Islamic Republic of Afghanistan",2015,973.26,6132.91,TRUE
"Islamic Republic of Iran",2015,818.99,6308.2,TRUE
"Islamic Republic of Mauritania",2015,383.95,3922.75,FALSE
"Islamic Republic of Pakistan",2015,686.95,4512.91,FALSE
"Jamaica",2015,351.01,3072.04,FALSE
"Japan",2015,87.83,2458.8,FALSE
"Kingdom of Bahrain",2015,972.47,5495.75,TRUE
"Kingdom of Belgium",2015,161.23,4153.18,FALSE
"Kingdom of Bhutan",2015,571.85,4627.22,FALSE
"Kingdom of Cambodia",2015,248.12,2636.81,FALSE
"Kingdom of Denmark",2015,113.14,3896.48,FALSE
"Kingdom of Eswatini",2015,363.84,5316.35,FALSE
"Kingdom of Lesotho",2015,331.43,7035.94,FALSE
"Kingdom of Morocco",2015,995.33,6288.16,TRUE
"Kingdom of Norway",2015,179.35,4218.14,FALSE
"Kingdom of Saudi Arabia",2015,945.86,4832.86,FALSE
"Kingdom of Spain",2015,146.77,5605.98,FALSE
"Kingdom of Sweden",2015,174.42,5087.36,FALSE
"Kingdom of Thailand",2015,170.14,2503.52,FALSE
"Kingdom of Tonga",2015,402.01,2135.99,FALSE
"Kingdom of the Netherlands",2015,170.72,3861.21,FALSE
"Kyrgyz Republic",2015,617.57,3857.28,FALSE
"Lao People's Democratic Republic",2015,269.39,2305,FALSE
"Lebanese Republic",2015,933.22,6056.99,TRUE
"Malaysia",2015,339.86,3616.72,FALSE
"Mongolia",2015,631.04,4802.89,FALSE
"Montenegro",2015,372.02,2841.79,FALSE
"New Zealand",2015,279.05,4157.6,FALSE
"North Macedonia",2015,407.84,2432.3,FALSE
"Northern Mariana Islands",2015,399.37,2314.79,FALSE
"Palestine",2015,920.07,8428.12,TRUE
"People's Democratic Republic of Algeria",2015,868.33,4775.31,FALSE
"People's Republic of Bangladesh",2015,485.45,5586.82,TRUE
"People's Republic of China",2015,370.01,2437.23,FALSE
"Plurinational State of Bolivia",2015,248.55,3860.24,FALSE
"Portuguese Republic",2015,83.29,5269.87,FALSE
"Principality of Andorra",2015,153.79,4091.87,FALSE
"Principality of Monaco",2015,155.08,4867.7,FALSE
"Puerto Rico",2015,328.44,2841.61,FALSE
"Republic of Albania",2015,319.21,2243.41,FALSE
"Republic of Angola",2015,337.35,7413.61,FALSE
"Republic of Armenia",2015,576.6,3133.2,FALSE
"Republic of Austria",2015,200.17,3086.13,FALSE
"Republic of Azerbaijan",2015,852.26,2762.45,FALSE
"Republic of Belarus",2015,675.48,4558,FALSE
"Republic of Benin",2015,347.71,5151.88,FALSE
"Republic of Botswana",2015,372.69,4874.39,FALSE
"Republic of Bulgaria",2015,441.42,2651.12,FALSE
"Republic of Burundi",2015,307.54,5406.31,FALSE
"Republic of Cabo Verde",2015,393.18,5889.56,FALSE
"Republic of Cameroon",2015,343.09,5383.16,FALSE
"Republic of Chad",2015,365.55,6293.27,FALSE
"Republic of Chile",2015,125.61,4620.73,FALSE
"Republic of Colombia",2015,256.37,2245.69,FALSE
"Republic of Costa Rica",2015,312.1,3736.83,FALSE
"Republic of Croatia",2015,250.72,3077.32,FALSE
"Republic of Cuba",2015,325.88,4250.41,FALSE
"Republic of Cyprus",2015,105.75,3228.22,FALSE
"Republic of Côte d'Ivoire",2015,392.01,4294.81,FALSE
"Republic of Djibouti",2015,353.94,5044.75,FALSE
"Republic of Ecuador",2015,241.63,3669.86,FALSE
"Republic of El Salvador",2015,286.46,4037.61,FALSE
"Republic of Equatorial Guinea",2015,370.82,7376.99,FALSE
"Republic of Estonia",2015,501.56,4209.06,FALSE
"Republic of Fiji",2015,470.87,2503.82,FALSE
"Republic of Finland",2015,195.71,4695.25,FALSE
"Republic of Ghana",2015,390.61,5023.01,FALSE
"Republic of Guatemala",2015,278.37,4437.45,FALSE
"Republic of Guinea",2015,368.04,4985.26,FALSE
"Republic of Guinea-Bissau",2015,404.09,5186.16,FALSE
"Republic of Guyana",2015,403.58,6049.93,FALSE
"Republic of Haiti",2015,402.07,3970.32,FALSE
"Republic of Honduras",2015,382.52,3691.79,FALSE
"Republic of Iceland",2015,168.62,3099.91,FALSE
"Republic of India",2015,575.15,4128.41,FALSE
"Republic of Indonesia",2015,288.17,1801.45,FALSE
"Republic of Iraq",2015,1013.71,4624.38,FALSE
"Republic of Italy",2015,171.8,4114.13,FALSE
"Republic of Kazakhstan",2015,629.58,3889.61,FALSE
"Republic of Kenya",2015,340.15,5567.41,FALSE
"Republic of Kiribati",2015,430.57,2555.74,FALSE
"Republic of Korea",2015,125.53,2391.73,FALSE
"Republic of Latvia",2015,350.85,4293.1,FALSE
"Republic of Liberia",2015,386.65,5851.92,FALSE
"Republic of Lithuania",2015,417.85,4739.27,FALSE
"Republic of Madagascar",2015,348.62,5463.96,FALSE
"Republic of Malawi",2015,312.89,4541.73,FALSE
"Republic of Maldives",2015,223.49,2750.94,FALSE
"Republic of Mali",2015,342.21,3749.95,FALSE
"Republic of Malta",2015,121.61,3248.72,FALSE
"Republic of Mauritius",2015,229.86,3942.01,FALSE
"Republic of Moldova",2015,564.45,3539.06,FALSE
"Republic of Mozambique",2015,298.16,5811.75,FALSE
"Republic of Namibia",2015,342.68,3926.35,FALSE
"Republic of Nauru",2015,411.6,2903.89,FALSE
"Republic of Nicaragua",2015,311.79,3783.54,FALSE
"Republic of Niue",2015,391.34,2873.92,FALSE
"Republic of Palau",2015,393.55,2859.54,FALSE
"Republic of Panama",2015,288.11,3331.89,FALSE
"Republic of Paraguay",2015,177.7,3533.84,FALSE
"Republic of Peru",2015,208.73,2031.42,FALSE
"Republic of Poland",2015,233.85,1729.07,FALSE
"Republic of Rwanda",2015,280.87,5886.76,FALSE
"Republic of San Marino",2015,151.71,4922.24,FALSE
"Republic of Senegal",2015,378.27,4424.08,FALSE
"Republic of Serbia",2015,419.06,2847.07,FALSE
"Republic of Seychelles",2015,220.46,2177.26,FALSE
"Republic of Sierra Leone",2015,390.32,5105.54,FALSE
"Republic of Singapore",2015,190.55,2248.55,FALSE
"Republic of Slovenia",2015,209.32,3355.41,FALSE
"Republic of South Africa",2015,353.98,4831.75,FALSE
"Republic of South Sudan",2015,310.85,5382.69,FALSE
"Republic of Sudan",2015,983.64,5118.46,TRUE
"Republic of Suriname",2015,404.04,5591.25,FALSE
"Republic of Tajikistan",2015,772.02,2868.44,FALSE
"Republic of Trinidad and Tobago",2015,411.3,4258.65,FALSE
"Republic of Tunisia",2015,835.14,6425.03,TRUE
"Republic of Turkey",2015,674.71,4760.48,FALSE
"Republic of Uganda",2015,278.35,8414.68,FALSE
"Republic of Uzbekistan",2015,1313,3448.99,FALSE
"Republic of Vanuatu",2015,467.7,2619.88,FALSE
"Republic of Yemen",2015,940.77,5977.96,TRUE
"Republic of Zambia",2015,288.29,4712.62,FALSE
"Republic of Zimbabwe",2015,393.52,3506.35,FALSE
"Republic of the Congo",2015,383.43,7062.13,FALSE
"Republic of the Gambia",2015,409.36,6904.33,FALSE
"Republic of the Marshall Islands",2015,388.04,2479.73,FALSE
"Republic of the Niger",2015,336.28,4755.73,FALSE
"Republic of the Philippines",2015,211.03,2569.54,FALSE
"Republic of the Union of Myanmar",2015,266.66,1517,FALSE
"Romania",2015,325.34,2576,FALSE
"Russian Federation",2015,757.28,3424.34,FALSE
"Saint Kitts and Nevis",2015,380.72,4482.13,FALSE
"Saint Lucia",2015,392.08,3503.86,FALSE
"Saint Vincent and the Grenadines",2015,375.74,3582.62,FALSE
"Slovak Republic",2015,347.3,2700.24,FALSE
"Socialist Republic of Viet Nam",2015,238.96,1852.48,FALSE
"Solomon Islands",2015,459.76,2640.74,FALSE
"State of Eritrea",2015,301.66,5625.19,FALSE
"State of Israel",2015,161.48,4950.62,FALSE
"State of Kuwait",2015,1007.44,4674.32,FALSE
"State of Libya",2015,862.29,5228.29,TRUE
"State of Qatar",2015,1052.28,4670.75,FALSE
"Sultanate of Oman",2015,1053.59,4693.23,FALSE
"Swiss Confederation",2015,155.09,4161.71,FALSE
"Syrian Arab Republic",2015,1151.22,4683.08,FALSE
"Taiwan (Province of China)",2015,277.75,1957.47,FALSE
"Togolese Republic",2015,389.7,5202.14,FALSE
"Tokelau",2015,366.62,2877.66,FALSE
"Turkmenistan",2015,678.42,3299.59,FALSE
"Tuvalu",2015,382.14,2869.48,FALSE
"Ukraine",2015,805.16,4583.52,FALSE
"Union of the Comoros",2015,330.45,4652.32,FALSE
"United Arab Emirates",2015,1048.83,4161.56,FALSE
"United Kingdom of Great Britain and Northern Ireland",2015,137.29,5030.89,FALSE
"United Mexican States",2015,310.62,4232.28,FALSE
"United Republic of Tanzania",2015,301.8,5308.03,FALSE
"United States Virgin Islands",2015,389.54,3543.02,FALSE
"United States of America",2015,185.7,5200.22,FALSE
"American Samoa",2016,401.77,2085.11,FALSE
"Antigua and Barbuda",2016,384.86,3044.56,FALSE
"Arab Republic of Egypt",2016,1112.93,4519.2,FALSE
"Argentine Republic",2016,224.61,2952.87,FALSE
"Australia",2016,206.1,5540.92,FALSE
"Barbados",2016,388.93,3303.02,FALSE
"Belize",2016,377.5,3532.97,FALSE
"Bermuda",2016,372.82,3407.73,FALSE
"Bolivarian Republic of Venezuela",2016,313.01,3723.93,FALSE
"Bosnia and Herzegovina",2016,320.84,2725.27,FALSE
"Brunei Darussalam",2016,118.88,1558.06,FALSE
"Burkina Faso",2016,335.8,5316.26,FALSE
"Canada",2016,210.6,3412.7,FALSE
"Central African Republic",2016,377.47,7674.64,FALSE
"Commonwealth of Dominica",2016,385.78,3180.12,FALSE
"Commonwealth of the Bahamas",2016,398.11,3123.88,FALSE
"Cook Islands",2016,379.86,2885.18,FALSE
"Czech Republic",2016,334.07,2947.11,FALSE
"Democratic People's Republic of Korea",2016,355.43,2133.78,FALSE
"Democratic Republic of Sao Tome and Principe",2016,390.29,3933.41,FALSE
"Democratic Republic of Timor-Leste",2016,229.13,2345.13,FALSE
"Democratic Republic of the Congo",2016,329.38,6897.14,FALSE
"Democratic Socialist Republic of Sri Lanka",2016,277.25,2466.83,FALSE
"Dominican Republic",2016,390.17,4351.77,FALSE
"Eastern Republic of Uruguay",2016,198.74,3625.35,FALSE
"Federal Democratic Republic of Ethiopia",2016,266.3,5439.26,FALSE
"Federal Democratic Republic of Nepal",2016,497.57,6057.92,TRUE
"Federal Republic of Germany",2016,250.73,4117.18,FALSE
"Federal Republic of Nigeria",2016,373.7,4033.66,FALSE
"Federal Republic of Somalia",2016,323.62,5679.34,FALSE
"Federated States of Micronesia",2016,402.87,2499.45,FALSE
"Federative Republic of Brazil",2016,174.85,4232.11,FALSE
"French Republic",2016,226.11,4528.51,FALSE
"Gabonese Republic",2016,361.47,7120.66,FALSE
"Georgia",2016,539.45,3751.04,FALSE
"Grand Duchy of Luxembourg",2016,97.95,3521.84,FALSE
"Greenland",2016,223.99,7712.74,FALSE
"Grenada",2016,399.96,3450.82,FALSE
"Guam",2016,383.56,2882.41,FALSE
"Hashemite Kingdom of Jordan",2016,842.99,4640.24,FALSE
"Hellenic Republic",2016,141.21,5926.47,FALSE
"Hungary",2016,419.4,2921.2,FALSE
"Independent State of Papua New Guinea",2016,345.72,2787.61,FALSE
"Independent State of Samoa",2016,414.6,2333.6,FALSE
"Ireland",2016,178.74,4869.13,FALSE
"Islamic Republic of Afghanistan",2016,972.32,6125.28,TRUE
"Islamic Republic of Iran",2016,826.8,6289.55,TRUE
"Islamic Republic of Mauritania",2016,385.41,3939.32,FALSE
"Islamic Republic of Pakistan",2016,684.95,4556.47,FALSE
"Jamaica",2016,352.45,3104.42,FALSE
"Japan",2016,88.63,2455.59,FALSE
"Kingdom of Bahrain",2016,976.48,5478.38,TRUE
"Kingdom of Belgium",2016,162.65,4150.33,FALSE
"Kingdom of Bhutan",2016,572.6,4650.33,FALSE
"Kingdom of Cambodia",2016,248.1,2631.43,FALSE
"Kingdom of Denmark",2016,114.55,3899.58,FALSE
"Kingdom of Eswatini",2016,363.88,5310.03,FALSE
"Kingdom of Lesotho",2016,331.9,7050.81,FALSE
"Kingdom of Morocco",2016,999.52,6276.29,TRUE
"Kingdom of Norway",2016,178.59,4242.74,FALSE
"Kingdom of Saudi Arabia",2016,940.39,4840.79,FALSE
"Kingdom of Spain",2016,145.53,5673.15,FALSE
"Kingdom of Sweden",2016,174.33,5073.65,FALSE
"Kingdom of Thailand",2016,169.48,2499.33,FALSE
"Kingdom of Tonga",2016,402.39,2143.33,FALSE
"Kingdom of the Netherlands",2016,171.05,3893.93,FALSE
"Kyrgyz Republic",2016,615.63,3852.94,FALSE
"Lao People's Democratic Republic",2016,268.35,2306.16,FALSE
"Lebanese Republic",2016,932.2,5965.37,TRUE
"Malaysia",2016,337.42,3648.87,FALSE
"Mongolia",2016,631.31,4790.77,FALSE
"Montenegro",2016,371.89,2839.03,FALSE
"New Zealand",2016,274.75,4160.38,FALSE
"North Macedonia",2016,406.4,2435.83,FALSE
"Northern Mariana Islands",2016,398.61,2327.08,FALSE
"Palestine",2016,921.67,8286.83,TRUE
"People's Democratic Republic of Algeria",2016,866.34,4791.93,FALSE
"People's Republic of Bangladesh",2016,482.63,5599.06,TRUE
"People's Republic of China",2016,369.51,2433.07,FALSE
"Plurinational State of Bolivia",2016,249.37,3852.01,FALSE
"Portuguese Republic",2016,82.41,5283.4,FALSE
"Principality of Andorra",2016,154.48,4104.98,FALSE
"Principality of Monaco",2016,155.28,4869.91,FALSE
"Puerto Rico",2016,330.67,2856.81,FALSE
"Republic of Albania",2016,320,2247.89,FALSE
"Republic of Angola",2016,337.54,7416.89,FALSE
"Republic of Armenia",2016,575.9,3149.22,FALSE
"Republic of Austria",2016,199.58,3094.73,FALSE
"Republic of Azerbaijan",2016,851.96,2782.63,FALSE
"Republic of Belarus",2016,666.13,4537.9,FALSE
"Republic of Benin",2016,348.71,5155.51,FALSE
"Republic of Botswana",2016,373.26,4871,FALSE
"Republic of Bulgaria",2016,437.73,2656.21,FALSE
"Republic of Burundi",2016,308.04,5410.25,FALSE
"Republic of Cabo Verde",2016,393.08,5872.86,FALSE
"Republic of Cameroon",2016,342.08,5386.94,FALSE
"Republic of Chad",2016,366.07,6297.79,FALSE
"Republic of Chile",2016,125.63,4611.89,FALSE
"Republic of Colombia",2016,256.29,2251.11,FALSE
"Republic of Costa Rica",2016,313.2,3742.04,FALSE
"Republic of Croatia",2016,252.73,3076.78,FALSE
"Republic of Cuba",2016,327.37,4255.22,FALSE
"Republic of Cyprus",2016,111.89,3265.39,FALSE
"Republic of Côte d'Ivoire",2016,391.82,4308.88,FALSE
"Republic of Djibouti",2016,354.61,5051.94,FALSE
"Republic of Ecuador",2016,242.63,3666.6,FALSE
"Republic of El Salvador",2016,287.43,4033.35,FALSE
"Republic of Equatorial Guinea",2016,372.34,7379.37,FALSE
"Republic of Estonia",2016,504.74,4205.25,FALSE
"Republic of Fiji",2016,469.24,2508.34,FALSE
"Republic of Finland",2016,200.94,4696.85,FALSE
"Republic of Ghana",2016,389.91,5029.48,FALSE
"Republic of Guatemala",2016,279.41,4432.94,FALSE
"Republic of Guinea",2016,368.17,4995.15,FALSE
"Republic of Guinea-Bissau",2016,404.26,5190.86,FALSE
"Republic of Guyana",2016,403.77,6019.46,FALSE
"Republic of Haiti",2016,402.47,3972.82,FALSE
"Republic of Honduras",2016,383.04,3687.08,FALSE
"Republic of Iceland",2016,173.01,3111.2,FALSE
"Republic of India",2016,574.61,4120.07,FALSE
"Republic of Indonesia",2016,287.43,1818.65,FALSE
"Republic of Iraq",2016,1016,4624.68,FALSE
"Republic of Italy",2016,170.4,4135.8,FALSE
"Republic of Kazakhstan",2016,619.78,3885.81,FALSE
"Republic of Kenya",2016,340.52,5569.24,FALSE
"Republic of Kiribati",2016,430.31,2558.72,FALSE
"Republic of Korea",2016,122.43,2378.37,FALSE
"Republic of Latvia",2016,357.27,4304.97,FALSE
"Republic of Liberia",2016,387.55,5775.12,FALSE
"Republic of Lithuania",2016,420.69,4731.88,FALSE
"Republic of Madagascar",2016,348.32,5468.47,FALSE
"Republic of Malawi",2016,314.11,4544.44,FALSE
"Republic of Maldives",2016,223.68,2738.54,FALSE
"Republic of Mali",2016,342.31,3763.79,FALSE
"Republic of Malta",2016,123.58,3283.32,FALSE
"Republic of Mauritius",2016,229.33,3937.46,FALSE
"Republic of Moldova",2016,556.98,3535.51,FALSE
"Republic of Mozambique",2016,299.65,5819.86,FALSE
"Republic of Namibia",2016,342.42,3937.15,FALSE
"Republic of Nauru",2016,412.62,2905.57,FALSE
"Republic of Nicaragua",2016,312.27,3780.69,FALSE
"Republic of Niue",2016,391.4,2875.7,FALSE
"Republic of Palau",2016,393.63,2859.69,FALSE
"Republic of Panama",2016,289.09,3332.97,FALSE
"Republic of Paraguay",2016,177.93,3535.55,FALSE
"Republic of Peru",2016,209.91,2038,FALSE
"Republic of Poland",2016,231.79,1770.68,FALSE
"Republic of Rwanda",2016,281.62,5889.5,FALSE
"Republic of San Marino",2016,152.29,4923.32,FALSE
"Republic of Senegal",2016,378.27,4446.37,FALSE
"Republic of Serbia",2016,426.57,2842.99,FALSE
"Republic of Seychelles",2016,220.94,2186.87,FALSE
"Republic of Sierra Leone",2016,390.18,5108.19,FALSE
"Republic of Singapore",2016,191.5,2255.69,FALSE
"Republic of Slovenia",2016,225.35,3341.92,FALSE
"Republic of South Africa",2016,354.89,4842.75,FALSE
"Republic of South Sudan",2016,311.91,5405.5,FALSE
"Republic of Sudan",2016,982.72,5121.26,TRUE
"Republic of Suriname",2016,404.47,5580.96,FALSE
"Republic of Tajikistan",2016,777.29,2879.14,FALSE
"Republic of Trinidad and Tobago",2016,412.38,4259.43,FALSE
"Republic of Tunisia",2016,836.12,6439.48,TRUE
"Republic of Turkey",2016,673.89,4735.63,FALSE
"Republic of Uganda",2016,278.79,8412.17,FALSE
"Republic of Uzbekistan",2016,1311.1,3453.05,FALSE
"Republic of Vanuatu",2016,467.66,2624.55,FALSE
"Republic of Yemen",2016,941.4,5978.52,TRUE
"Republic of Zambia",2016,289.09,4719.88,FALSE
"Republic of Zimbabwe",2016,392.79,3506.91,FALSE
"Republic of the Congo",2016,384.14,7057.02,FALSE
"Republic of the Gambia",2016,410.22,6915.73,FALSE
"Republic of the Marshall Islands",2016,387.52,2481.85,FALSE
"Republic of the Niger",2016,337.72,4767.7,FALSE
"Republic of the Philippines",2016,209.22,2578.88,FALSE
"Republic of the Union of Myanmar",2016,264.27,1529.49,FALSE
"Romania",2016,331.88,2577.28,FALSE
"Russian Federation",2016,748.23,3416.89,FALSE
"Saint Kitts and Nevis",2016,383.01,4482.45,FALSE
"Saint Lucia",2016,392.61,3519.08,FALSE
"Saint Vincent and the Grenadines",2016,376.97,3601.94,FALSE
"Slovak Republic",2016,352.49,2700.34,FALSE
"Socialist Republic of Viet Nam",2016,238.88,1851.79,FALSE
"Solomon Islands",2016,458.72,2644.95,FALSE
"State of Eritrea",2016,302.22,5632.78,FALSE
"State of Israel",2016,160.42,4957.28,FALSE
"State of Kuwait",2016,1008.53,4690.93,FALSE
"State of Libya",2016,865.98,5238.97,TRUE
"State of Qatar",2016,1051.73,4683.97,FALSE
"Sultanate of Oman",2016,1046.62,4700.08,FALSE
"Swiss Confederation",2016,154.74,4160.09,FALSE
"Syrian Arab Republic",2016,1152.42,4729.66,FALSE
"Taiwan (Province of China)",2016,278.99,1955.31,FALSE
"Togolese Republic",2016,388.52,5208.05,FALSE
"Tokelau",2016,368.37,2878.5,FALSE
"Turkmenistan",2016,679.57,3298.04,FALSE
"Tuvalu",2016,383.32,2870.47,FALSE
"Ukraine",2016,801.02,4587.56,FALSE
"Union of the Comoros",2016,330.78,4667.3,FALSE
"United Arab Emirates",2016,1050.04,4173.86,FALSE
"United Kingdom of Great Britain and Northern Ireland",2016,138.37,5022.55,FALSE
"United Mexican States",2016,312.47,4234.53,FALSE
"United Republic of Tanzania",2016,303.23,5314.5,FALSE
"United States Virgin Islands",2016,390.43,3557.58,FALSE
"United States of America",2016,182.08,5186.67,FALSE
"American Samoa",2017,403.14,2100.84,FALSE
"Antigua and Barbuda",2017,387.18,3088.78,FALSE
"Arab Republic of Egypt",2017,1112.27,4530.31,FALSE
"Argentine Republic",2017,228.8,2945.62,FALSE
"Australia",2017,205.98,5456.04,FALSE
"Barbados",2017,390.33,3324.73,FALSE
"Belize",2017,380.3,3545.62,FALSE
"Bermuda",2017,375.65,3408.19,FALSE
"Bolivarian Republic of Venezuela",2017,314.52,3740.11,FALSE
"Bosnia and Herzegovina",2017,321.81,2739.62,FALSE
"Brunei Darussalam",2017,118.31,1583.58,FALSE
"Burkina Faso",2017,335.71,5225.31,FALSE
"Canada",2017,208.14,3434.15,FALSE
"Central African Republic",2017,379.26,7672.25,FALSE
"Commonwealth of Dominica",2017,387.61,3216.06,FALSE
"Commonwealth of the Bahamas",2017,401.03,3156.46,FALSE
"Cook Islands",2017,380.94,2891.51,FALSE
"Czech Republic",2017,345.98,2942.96,FALSE
"Democratic People's Republic of Korea",2017,354.34,2131.49,FALSE
"Democratic Republic of Sao Tome and Principe",2017,390.29,3965.8,FALSE
"Democratic Republic of Timor-Leste",2017,228.91,2350.05,FALSE
"Democratic Republic of the Congo",2017,330.27,6909.09,FALSE
"Democratic Socialist Republic of Sri Lanka",2017,272.43,2476.82,FALSE
"Dominican Republic",2017,393.34,4356.92,FALSE
"Eastern Republic of Uruguay",2017,199.25,3605.41,FALSE
"Federal Democratic Republic of Ethiopia",2017,268.81,5453.4,FALSE
"Federal Democratic Republic of Nepal",2017,499.11,6093.9,TRUE
"Federal Republic of Germany",2017,241.29,4064.64,FALSE
"Federal Republic of Nigeria",2017,375.89,4036.25,FALSE
"Federal Republic of Somalia",2017,325.11,5677.89,FALSE
"Federated States of Micronesia",2017,401.78,2507.48,FALSE
"Federative Republic of Brazil",2017,174.89,4208.11,FALSE
"French Republic",2017,222.94,4536.69,FALSE
"Gabonese Republic",2017,362.26,7125.22,FALSE
"Georgia",2017,535.45,3768,FALSE
"Grand Duchy of Luxembourg",2017,106.66,3526.94,FALSE
"Greenland",2017,224.05,7614.28,FALSE
"Grenada",2017,401.22,3465.43,FALSE
"Guam",2017,384.86,2884.51,FALSE
"Hashemite Kingdom of Jordan",2017,850.71,4647.69,FALSE
"Hellenic Republic",2017,137.36,6158.71,FALSE
"Hungary",2017,412.71,2914.58,FALSE
"Independent State of Papua New Guinea",2017,347.45,2784.14,FALSE
"Independent State of Samoa",2017,414.34,2342.42,FALSE
"Ireland",2017,177.8,4996.84,FALSE
"Islamic Republic of Afghanistan",2017,970.08,6112.63,TRUE
"Islamic Republic of Iran",2017,836.75,6240.7,TRUE
"Islamic Republic of Mauritania",2017,388.13,3958.33,FALSE
"Islamic Republic of Pakistan",2017,681.94,4628.37,FALSE
"Jamaica",2017,355.82,3143.63,FALSE
"Japan",2017,89.98,2452.83,FALSE
"Kingdom of Bahrain",2017,983.98,5464.03,TRUE
"Kingdom of Belgium",2017,165.05,4153,FALSE
"Kingdom of Bhutan",2017,574.69,4686.29,FALSE
"Kingdom of Cambodia",2017,247.6,2625.35,FALSE
"Kingdom of Denmark",2017,116.14,3902.78,FALSE
"Kingdom of Eswatini",2017,363.91,5299.87,FALSE
"Kingdom of Lesotho",2017,332.65,7076.84,FALSE
"Kingdom of Morocco",2017,1005.36,6254.44,TRUE
"Kingdom of Norway",2017,176.93,4291.16,FALSE
"Kingdom of Saudi Arabia",2017,933.38,4849.53,FALSE
"Kingdom of Spain",2017,144.25,5754.1,FALSE
"Kingdom of Sweden",2017,174.99,5060.43,FALSE
"Kingdom of Thailand",2017,168.69,2493.52,FALSE
"Kingdom of Tonga",2017,402.94,2154.72,FALSE
"Kingdom of the Netherlands",2017,171.79,3962.38,FALSE
"Kyrgyz Republic",2017,614.05,3847.6,FALSE
"Lao People's Democratic Republic",2017,265.91,2304.65,FALSE
"Lebanese Republic",2017,932.07,5797.38,TRUE
"Malaysia",2017,332.33,3683.86,FALSE
"Mongolia",2017,632.6,4770.85,FALSE
"Montenegro",2017,371.9,2834.59,FALSE
"New Zealand",2017,268.53,4163.56,FALSE
"North Macedonia",2017,403.86,2443.07,FALSE
"Northern Mariana Islands",2017,397.37,2345.76,FALSE
"Palestine",2017,924.85,8131.06,TRUE
"People's Democratic Republic of Algeria",2017,863.35,4815.54,FALSE
"People's Republic of Bangladesh",2017,477,5617.36,TRUE
"People's Republic of China",2017,369.11,2420.37,FALSE
"Plurinational State of Bolivia",2017,251.04,3840.8,FALSE
"Portuguese Republic",2017,80.46,5335.07,FALSE
"Principality of Andorra",2017,155.89,4125.04,FALSE
"Principality of Monaco",2017,155.65,4872.29,FALSE
"Puerto Rico",2017,335.5,2873.25,FALSE
"Republic of Albania",2017,320.92,2253.89,FALSE
"Republic of Angola",2017,338.22,7421.89,FALSE
"Republic of Armenia",2017,576.03,3169.3,FALSE
"Republic of Austria",2017,198.82,3108.03,FALSE
"Republic of Azerbaijan",2017,852.3,2811.48,FALSE
"Republic of Belarus",2017,651.17,4511.6,FALSE
"Republic of Benin",2017,350.61,5160.7,FALSE
"Republic of Botswana",2017,374.12,4868.96,FALSE
"Republic of Bulgaria",2017,431.28,2665.43,FALSE
"Republic of Burundi",2017,309.15,5421.8,FALSE
"Republic of Cabo Verde",2017,392.2,5849.63,FALSE
"Republic of Cameroon",2017,340.98,5394.18,FALSE
"Republic of Chad",2017,367.24,6310.49,FALSE
"Republic of Chile",2017,125.53,4594.87,FALSE
"Republic of Colombia",2017,256.72,2264.65,FALSE
"Republic of Costa Rica",2017,315.85,3748.19,FALSE
"Republic of Croatia",2017,254.67,3078.15,FALSE
"Republic of Cuba",2017,328.61,4262.81,FALSE
"Republic of Cyprus",2017,120.74,3314.47,FALSE
"Republic of Côte d'Ivoire",2017,391.9,4325.94,FALSE
"Republic of Djibouti",2017,355.55,5062.41,FALSE
"Republic of Ecuador",2017,244.83,3662.71,FALSE
"Republic of El Salvador",2017,289.67,4026.91,FALSE
"Republic of Equatorial Guinea",2017,374.8,7385.79,FALSE
"Republic of Estonia",2017,509.7,4208.35,FALSE
"Republic of Fiji",2017,465.7,2515.16,FALSE
"Republic of Finland",2017,211.08,4720.59,FALSE
"Republic of Ghana",2017,388.76,5037.23,FALSE
"Republic of Guatemala",2017,281.64,4431.86,FALSE
"Republic of Guinea",2017,368.51,5009.47,FALSE
"Republic of Guinea-Bissau",2017,404.44,5197.81,FALSE
"Republic of Guyana",2017,404.42,5960.24,FALSE
"Republic of Haiti",2017,403.53,3974,FALSE
"Republic of Honduras",2017,384.01,3674.89,FALSE
"Republic of Iceland",2017,180.71,3127.09,FALSE
"Republic of India",2017,575.94,4108.87,FALSE
"Republic of Indonesia",2017,285.61,1843.97,FALSE
"Republic of Iraq",2017,1017.14,4617.31,FALSE
"Republic of Italy",2017,169.18,4161.53,FALSE
"Republic of Kazakhstan",2017,606.95,3879.12,FALSE
"Republic of Kenya",2017,341.52,5579,FALSE
"Republic of Kiribati",2017,429.79,2564.2,FALSE
"Republic of Korea",2017,115.02,2345.96,FALSE
"Republic of Latvia",2017,367.8,4329.76,FALSE
"Republic of Liberia",2017,389.45,5606.88,FALSE
"Republic of Lithuania",2017,423.46,4726.57,FALSE
"Republic of Madagascar",2017,347.75,5474.56,FALSE
"Republic of Malawi",2017,316.92,4543.87,FALSE
"Republic of Maldives",2017,223.79,2728.88,FALSE
"Republic of Mali",2017,343.39,3777.69,FALSE
"Republic of Malta",2017,125.65,3328.12,FALSE
"Republic of Mauritius",2017,228.38,3936.39,FALSE
"Republic of Moldova",2017,545.85,3529.77,FALSE
"Republic of Mozambique",2017,303.09,5834.7,FALSE
"Republic of Namibia",2017,342.12,3951.12,FALSE
"Republic of Nauru",2017,414.76,2906.92,FALSE
"Republic of Nicaragua",2017,313.4,3779.45,FALSE
"Republic of Niue",2017,391.55,2878.88,FALSE
"Republic of Palau",2017,393.12,2860.59,FALSE
"Republic of Panama",2017,291.38,3333.56,FALSE
"Republic of Paraguay",2017,178.51,3536.75,FALSE
"Republic of Peru",2017,212.33,2045.36,FALSE
"Republic of Poland",2017,229.92,1861.68,FALSE
"Republic of Rwanda",2017,283.11,5896.41,FALSE
"Republic of San Marino",2017,153.4,4923.87,FALSE
"Republic of Senegal",2017,378.85,4476.58,FALSE
"Republic of Serbia",2017,442.04,2838,FALSE
"Republic of Seychelles",2017,221.61,2201.02,FALSE
"Republic of Sierra Leone",2017,390.18,5114.1,FALSE
"Republic of Singapore",2017,192.16,2275.09,FALSE
"Republic of Slovenia",2017,248.74,3327.68,FALSE
"Republic of South Africa",2017,357.14,4858.53,FALSE
"Republic of South Sudan",2017,314.23,5445.44,FALSE
"Republic of Sudan",2017,980.52,5127.39,TRUE
"Republic of Suriname",2017,405.45,5561.29,FALSE
"Republic of Tajikistan",2017,785.21,2898.3,FALSE
"Republic of Trinidad and Tobago",2017,414.8,4259.31,FALSE
"Republic of Tunisia",2017,838.77,6460.03,TRUE
"Republic of Turkey",2017,671.52,4687.32,FALSE
"Republic of Uganda",2017,279.94,8416.2,FALSE
"Republic of Uzbekistan",2017,1311.62,3459.94,FALSE
"Republic of Vanuatu",2017,467.36,2632.66,FALSE
"Republic of Yemen",2017,942.47,5978.72,TRUE
"Republic of Zambia",2017,290.95,4725.61,FALSE
"Republic of Zimbabwe",2017,391.74,3500.1,FALSE
"Republic of the Congo",2017,385.43,7056.56,FALSE
"Republic of the Gambia",2017,411.86,6934.02,FALSE
"Republic of the Marshall Islands",2017,386.59,2485.39,FALSE
"Republic of the Niger",2017,340.33,4786.09,FALSE
"Republic of the Philippines",2017,204.91,2593.2,FALSE
"Republic of the Union of Myanmar",2017,260.39,1541.26,FALSE
"Romania",2017,345.56,2578.11,FALSE
"Russian Federation",2017,736.31,3403.04,FALSE
"Saint Kitts and Nevis",2017,387.85,4480.28,FALSE
"Saint Lucia",2017,393.9,3533.22,FALSE
"Saint Vincent and the Grenadines",2017,379.34,3623.91,FALSE
"Slovak Republic",2017,358.54,2699.84,FALSE
"Socialist Republic of Viet Nam",2017,238.5,1851.46,FALSE
"Solomon Islands",2017,456.16,2653.32,FALSE
"State of Eritrea",2017,303.34,5650.95,FALSE
"State of Israel",2017,158.76,4974.58,FALSE
"State of Kuwait",2017,1014.36,4706.96,FALSE
"State of Libya",2017,874.47,5251.12,TRUE
"State of Qatar",2017,1052,4706.64,FALSE
"Sultanate of Oman",2017,1038.18,4705.89,FALSE
"Swiss Confederation",2017,153.23,4161.37,FALSE
"Syrian Arab Republic",2017,1153.64,4779.53,FALSE
"Taiwan (Province of China)",2017,281.99,1946.6,FALSE
"Togolese Republic",2017,386.92,5218.16,FALSE
"Tokelau",2017,370.78,2879.43,FALSE
"Turkmenistan",2017,681.35,3297.99,FALSE
"Tuvalu",2017,384.94,2873.01,FALSE
"Ukraine",2017,795.68,4599.9,FALSE
"Union of the Comoros",2017,331.56,4687.91,FALSE
"United Arab Emirates",2017,1052.65,4184.96,FALSE
"United Kingdom of Great Britain and Northern Ireland",2017,140.36,4999.64,FALSE
"United Mexican States",2017,316.41,4237.41,FALSE
"United Republic of Tanzania",2017,305.99,5323.37,FALSE
"United States Virgin Islands",2017,392.03,3573.94,FALSE
"United States of America",2017,177.53,5181.07,FALSE
"American Samoa",2018,404.41,2116.72,FALSE
"Antigua and Barbuda",2018,389.47,3130.26,FALSE
"Arab Republic of Egypt",2018,1110.74,4538.48,FALSE
"Argentine Republic",2018,233.31,2937.73,FALSE
"Australia",2018,205.82,5378.63,FALSE
"Barbados",2018,391.76,3345.31,FALSE
"Belize",2018,383.17,3557.95,FALSE
"Bermuda",2018,378.55,3408.33,FALSE
"Bolivarian Republic of Venezuela",2018,315.98,3758.73,FALSE
"Bosnia and Herzegovina",2018,322.82,2755.69,FALSE
"Brunei Darussalam",2018,117.73,1607.15,FALSE
"Burkina Faso",2018,335.74,5128.95,FALSE
"Canada",2018,205.74,3462.32,FALSE
"Central African Republic",2018,381.14,7670.32,FALSE
"Commonwealth of Dominica",2018,389.45,3248.8,FALSE
"Commonwealth of the Bahamas",2018,404.05,3186.32,FALSE
"Cook Islands",2018,381.77,2898.28,FALSE
"Czech Republic",2018,358.22,2939.84,FALSE
"Democratic People's Republic of Korea",2018,353.23,2129.41,FALSE
"Democratic Republic of Sao Tome and Principe",2018,390.31,3996.26,FALSE
"Democratic Republic of Timor-Leste",2018,228.6,2355.01,FALSE
"Democratic Republic of the Congo",2018,331.2,6920.09,FALSE
"Democratic Socialist Republic of Sri Lanka",2018,267.88,2485.84,FALSE
"Dominican Republic",2018,396.48,4364.3,FALSE
"Eastern Republic of Uruguay",2018,199.84,3583.92,FALSE
"Federal Democratic Republic of Ethiopia",2018,271.57,5467.24,FALSE
"Federal Democratic Republic of Nepal",2018,500.82,6133.23,TRUE
"Federal Republic of Germany",2018,232.18,3995.85,FALSE
"Federal Republic of Nigeria",2018,378.12,4039.37,FALSE
"Federal Republic of Somalia",2018,326.78,5675.99,FALSE
"Federated States of Micronesia",2018,400.53,2515.75,FALSE
"Federative Republic of Brazil",2018,174.92,4188.92,FALSE
"French Republic",2018,219.45,4546.03,FALSE
"Gabonese Republic",2018,363.05,7129.14,FALSE
"Georgia",2018,531.79,3784.06,FALSE
"Grand Duchy of Luxembourg",2018,114.75,3533.04,FALSE
"Greenland",2018,224.17,7521.1,FALSE
"Grenada",2018,402.34,3478.35,FALSE
"Guam",2018,385.93,2885.78,FALSE
"Hashemite Kingdom of Jordan",2018,858.7,4652.66,FALSE
"Hellenic Republic",2018,133.94,6390.75,FALSE
"Hungary",2018,406.48,2908.46,FALSE
"Independent State of Papua New Guinea",2018,349.24,2780.79,FALSE
"Independent State of Samoa",2018,413.91,2351.36,FALSE
"Ireland",2018,176.79,5124.76,FALSE
"Islamic Republic of Afghanistan",2018,967.75,6099.89,TRUE
"Islamic Republic of Iran",2018,845.88,6169.15,TRUE
"Islamic Republic of Mauritania",2018,390.85,3975.31,FALSE
"Islamic Republic of Pakistan",2018,678.91,4702.92,FALSE
"Jamaica",2018,359.26,3180.28,FALSE
"Japan",2018,91.34,2451.21,FALSE
"Kingdom of Bahrain",2018,992.08,5451.13,TRUE
"Kingdom of Belgium",2018,167.37,4156.65,FALSE
"Kingdom of Bhutan",2018,577.16,4721.34,FALSE
"Kingdom of Cambodia",2018,247.02,2619.85,FALSE
"Kingdom of Denmark",2018,117.41,3903.84,FALSE
"Kingdom of Eswatini",2018,363.93,5289.6,FALSE
"Kingdom of Lesotho",2018,333.42,7102.98,FALSE
"Kingdom of Morocco",2018,1010.7,6231.86,TRUE
"Kingdom of Norway",2018,175.07,4340.45,FALSE
"Kingdom of Saudi Arabia",2018,926.89,4858.74,FALSE
"Kingdom of Spain",2018,143.2,5822.94,FALSE
"Kingdom of Sweden",2018,176.6,5051.09,FALSE
"Kingdom of Thailand",2018,167.97,2487.65,FALSE
"Kingdom of Tonga",2018,403.46,2166.31,FALSE
"Kingdom of the Netherlands",2018,172.54,4033.17,FALSE
"Kyrgyz Republic",2018,612.83,3842.48,FALSE
"Lao People's Democratic Republic",2018,263.33,2302.39,FALSE
"Lebanese Republic",2018,932.55,5631.31,TRUE
"Malaysia",2018,326.89,3708.02,FALSE
"Mongolia",2018,633.99,4751.01,FALSE
"Montenegro",2018,371.98,2830.61,FALSE
"New Zealand",2018,262.83,4166.45,FALSE
"North Macedonia",2018,401.38,2451.25,FALSE
"Northern Mariana Islands",2018,396.64,2363.37,FALSE
"Palestine",2018,928.88,8001.16,TRUE
"People's Democratic Republic of Algeria",2018,860.41,4838.41,FALSE
"People's Republic of Bangladesh",2018,470.82,5636.02,TRUE
"People's Republic of China",2018,368.78,2406.14,FALSE
"Plurinational State of Bolivia",2018,252.74,3829.26,FALSE
"Portuguese Republic",2018,78.48,5392.98,FALSE
"Principality of Andorra",2018,157.25,4145.86,FALSE
"Principality of Monaco",2018,156.04,4875.13,FALSE
"Puerto Rico",2018,340.41,2888.71,FALSE
"Republic of Albania",2018,321.76,2260.03,FALSE
"Republic of Angola",2018,338.98,7426.76,FALSE
"Republic of Armenia",2018,576.44,3188.08,FALSE
"Republic of Austria",2018,198.11,3120.06,FALSE
"Republic of Azerbaijan",2018,853.04,2838.65,FALSE
"Republic of Belarus",2018,636.46,4486.42,FALSE
"Republic of Benin",2018,352.62,5165.01,FALSE
"Republic of Botswana",2018,375.02,4867.84,FALSE
"Republic of Bulgaria",2018,424.89,2675.06,FALSE
"Republic of Burundi",2018,310.37,5433.77,FALSE
"Republic of Cabo Verde",2018,390.99,5828.74,FALSE
"Republic of Cameroon",2018,340.07,5401.94,FALSE
"Republic of Chad",2018,368.51,6324.68,FALSE
"Republic of Chile",2018,125.44,4574.6,FALSE
"Republic of Colombia",2018,257.23,2278.96,FALSE
"Republic of Costa Rica",2018,318.63,3753.93,FALSE
"Republic of Croatia",2018,256.21,3080.72,FALSE
"Republic of Cuba",2018,329.47,4271.7,FALSE
"Republic of Cyprus",2018,128.74,3359.34,FALSE
"Republic of Côte d'Ivoire",2018,392,4340.61,FALSE
"Republic of Djibouti",2018,356.49,5072.39,FALSE
"Republic of Ecuador",2018,247.11,3658.79,FALSE
"Republic of El Salvador",2018,291.94,4020.72,FALSE
"Republic of Equatorial Guinea",2018,377.3,7391.5,FALSE
"Republic of Estonia",2018,514.47,4214.3,FALSE
"Republic of Fiji",2018,461.73,2522.27,FALSE
"Republic of Finland",2018,221.2,4766.51,FALSE
"Republic of Ghana",2018,387.59,5044.62,FALSE
"Republic of Guatemala",2018,283.9,4432.28,FALSE
"Republic of Guinea",2018,368.88,5023.38,FALSE
"Republic of Guinea-Bissau",2018,404.63,5204.99,FALSE
"Republic of Guyana",2018,405.11,5897.57,FALSE
"Republic of Haiti",2018,404.64,3975.29,FALSE
"Republic of Honduras",2018,384.86,3662.16,FALSE
"Republic of Iceland",2018,187.98,3143.05,FALSE
"Republic of India",2018,577.63,4097.71,FALSE
"Republic of Indonesia",2018,283.62,1868.2,FALSE
"Republic of Iraq",2018,1017.64,4607.85,FALSE
"Republic of Italy",2018,168.26,4186.39,FALSE
"Republic of Kazakhstan",2018,595.22,3872.01,FALSE
"Republic of Kenya",2018,342.66,5588.69,FALSE
"Republic of Kiribati",2018,429.13,2570.17,FALSE
"Republic of Korea",2018,106.95,2315.36,FALSE
"Republic of Latvia",2018,378.13,4356,FALSE
"Republic of Liberia",2018,391.53,5432.81,FALSE
"Republic of Lithuania",2018,425.77,4722.9,FALSE
"Republic of Madagascar",2018,347.22,5480.74,FALSE
"Republic of Malawi",2018,319.92,4543.05,FALSE
"Republic of Maldives",2018,223.89,2721.12,FALSE
"Republic of Mali",2018,344.68,3789.68,FALSE
"Republic of Malta",2018,127.22,3369.74,FALSE
"Republic of Mauritius",2018,227.38,3937.14,FALSE
"Republic of Moldova",2018,535.44,3524.29,FALSE
"Republic of Mozambique",2018,306.84,5850.26,FALSE
"Republic of Namibia",2018,341.85,3963.33,FALSE
"Republic of Nauru",2018,417.02,2907.99,FALSE
"Republic of Nicaragua",2018,314.53,3779.94,FALSE
"Republic of Niue",2018,391.65,2882.26,FALSE
"Republic of Palau",2018,392.34,2861.63,FALSE
"Republic of Panama",2018,293.76,3334.04,FALSE
"Republic of Paraguay",2018,179.14,3538.29,FALSE
"Republic of Peru",2018,214.77,2051.1,FALSE
"Republic of Poland",2018,228.53,1955.69,FALSE
"Republic of Rwanda",2018,284.76,5903.13,FALSE
"Republic of San Marino",2018,154.47,4923.25,FALSE
"Republic of Senegal",2018,379.57,4504.32,FALSE
"Republic of Serbia",2018,457.72,2833.76,FALSE
"Republic of Seychelles",2018,222.33,2214.31,FALSE
"Republic of Sierra Leone",2018,390.25,5119.74,FALSE
"Republic of Singapore",2018,192.78,2294.72,FALSE
"Republic of Slovenia",2018,270.34,3315.96,FALSE
"Republic of South Africa",2018,359.63,4875.93,FALSE
"Republic of South Sudan",2018,316.66,5486.07,FALSE
"Republic of Sudan",2018,978.08,5133.64,TRUE
"Republic of Suriname",2018,406.45,5541.56,FALSE
"Republic of Tajikistan",2018,792.35,2917.82,FALSE
"Republic of Trinidad and Tobago",2018,417.29,4260.25,FALSE
"Republic of Tunisia",2018,841.6,6479.68,TRUE
"Republic of Turkey",2018,669.07,4633.99,FALSE
"Republic of Uganda",2018,281.26,8423.08,FALSE
"Republic of Uzbekistan",2018,1312.66,3466.82,FALSE
"Republic of Vanuatu",2018,466.83,2640.92,FALSE
"Republic of Yemen",2018,943.71,5978.83,TRUE
"Republic of Zambia",2018,293.01,4729.02,FALSE
"Republic of Zimbabwe",2018,390.68,3491.45,FALSE
"Republic of the Congo",2018,386.78,7058.06,FALSE
"Republic of the Gambia",2018,413.52,6951.91,TRUE
"Republic of the Marshall Islands",2018,385.56,2488.83,FALSE
"Republic of the Niger",2018,342.9,4803.19,FALSE
"Republic of the Philippines",2018,200.38,2607.54,FALSE
"Republic of the Union of Myanmar",2018,256.52,1550.71,FALSE
"Romania",2018,359.46,2578.94,FALSE
"Russian Federation",2018,725.47,3387.37,FALSE
"Saint Kitts and Nevis",2018,392.78,4478.09,FALSE
"Saint Lucia",2018,395.23,3546.63,FALSE
"Saint Vincent and the Grenadines",2018,381.66,3644.66,FALSE
"Slovak Republic",2018,363.68,2699.52,FALSE
"Socialist Republic of Viet Nam",2018,238.09,1851.29,FALSE
"Solomon Islands",2018,453.24,2662.33,FALSE
"State of Eritrea",2018,304.54,5670.35,FALSE
"State of Israel",2018,157.02,4993.06,FALSE
"State of Kuwait",2018,1019.87,4722.9,FALSE
"State of Libya",2018,883.67,5261.76,TRUE
"State of Qatar",2018,1051.87,4733.63,FALSE
"Sultanate of Oman",2018,1031.19,4708.8,FALSE
"Swiss Confederation",2018,151.5,4163.07,FALSE
"Syrian Arab Republic",2018,1154.51,4822.63,FALSE
"Taiwan (Province of China)",2018,285.27,1935.29,FALSE
"Togolese Republic",2018,385.41,5228.11,FALSE
"Tokelau",2018,373.18,2880.09,FALSE
"Turkmenistan",2018,683.13,3298.46,FALSE
"Tuvalu",2018,386.5,2875.59,FALSE
"Ukraine",2018,790.74,4612.9,FALSE
"Union of the Comoros",2018,332.45,4707.33,FALSE
"United Arab Emirates",2018,1056.2,4195.15,FALSE
"United Kingdom of Great Britain and Northern Ireland",2018,142.34,4973.95,FALSE
"United Mexican States",2018,320.44,4239.29,FALSE
"United Republic of Tanzania",2018,308.82,5332.18,FALSE
"United States Virgin Islands",2018,393.6,3589.55,FALSE
"United States of America",2018,172.56,5184.11,FALSE
"American Samoa",2019,405.1,2125.99,FALSE
"Antigua and Barbuda",2019,390.69,3158.44,FALSE
"Arab Republic of Egypt",2019,1108.71,4542.74,FALSE
"Argentine Republic",2019,236.21,2932.81,FALSE
"Australia",2019,205.8,5336.56,FALSE
"Barbados",2019,392.47,3361.83,FALSE
"Belize",2019,384.69,3567.78,FALSE
"Bermuda",2019,380.21,3408.46,FALSE
"Bolivarian Republic of Venezuela",2019,316.7,3773.74,FALSE
"Bosnia and Herzegovina",2019,323.48,2766.89,FALSE
"Brunei Darussalam",2019,117.41,1620.64,FALSE
"Burkina Faso",2019,335.85,5072.42,FALSE
"Canada",2019,204.44,3496.2,FALSE
"Central African Republic",2019,382.24,7669.66,FALSE
"Commonwealth of Dominica",2019,390.44,3269.82,FALSE
"Commonwealth of the Bahamas",2019,405.74,3205.81,FALSE
"Cook Islands",2019,382.25,2902.43,FALSE
"Czech Republic",2019,364.67,2939.09,FALSE
"Democratic People's Republic of Korea",2019,352.54,2127.24,FALSE
"Democratic Republic of Sao Tome and Principe",2019,390.37,4012.66,FALSE
"Democratic Republic of Timor-Leste",2019,228.39,2358.21,FALSE
"Democratic Republic of the Congo",2019,331.72,6925.97,FALSE
"Democratic Socialist Republic of Sri Lanka",2019,265.64,2490.08,FALSE
"Dominican Republic",2019,398.19,4372.41,FALSE
"Eastern Republic of Uruguay",2019,200.3,3570.31,FALSE
"Federal Democratic Republic of Ethiopia",2019,273.39,5474.5,FALSE
"Federal Democratic Republic of Nepal",2019,501.62,6161.33,TRUE
"Federal Republic of Germany",2019,227.34,3923.73,FALSE
"Federal Republic of Nigeria",2019,379.38,4041.02,FALSE
"Federal Republic of Somalia",2019,327.95,5675.12,FALSE
"Federated States of Micronesia",2019,399.63,2521.4,FALSE
"Federative Republic of Brazil",2019,174.78,4178.73,FALSE
"French Republic",2019,216.78,4549.78,FALSE
"Gabonese Republic",2019,363.54,7130.07,FALSE
"Georgia",2019,529.06,3794.03,FALSE
"Grand Duchy of Luxembourg",2019,118.64,3537.21,FALSE
"Greenland",2019,224.32,7470.91,FALSE
"Grenada",2019,402.9,3486.06,FALSE
"Guam",2019,386.61,2886.19,FALSE
"Hashemite Kingdom of Jordan",2019,863.04,4649.45,FALSE
"Hellenic Republic",2019,132.17,6492.69,FALSE
"Hungary",2019,403.23,2905.61,FALSE
"Independent State of Papua New Guinea",2019,350.16,2779.15,FALSE
"Independent State of Samoa",2019,413.37,2356.5,FALSE
"Ireland",2019,176.19,5189.26,FALSE
"Islamic Republic of Afghanistan",2019,966.81,6092.17,TRUE
"Islamic Republic of Iran",2019,851.21,6082.44,TRUE
"Islamic Republic of Mauritania",2019,392.34,3985.55,FALSE
"Islamic Republic of Pakistan",2019,676.83,4754.28,FALSE
"Jamaica",2019,361.02,3204.79,FALSE
"Japan",2019,92.14,2451.4,FALSE
"Kingdom of Bahrain",2019,997.58,5440.55,TRUE
"Kingdom of Belgium",2019,168.55,4157.35,FALSE
"Kingdom of Bhutan",2019,579.08,4741.77,FALSE
"Kingdom of Cambodia",2019,246.7,2616.17,FALSE
"Kingdom of Denmark",2019,117.91,3900.81,FALSE
"Kingdom of Eswatini",2019,363.93,5282.62,FALSE
"Kingdom of Lesotho",2019,333.96,7117.92,FALSE
"Kingdom of Morocco",2019,1013.31,6218.98,TRUE
"Kingdom of Norway",2019,173.71,4368.4,FALSE
"Kingdom of Saudi Arabia",2019,922.95,4868.01,FALSE
"Kingdom of Spain",2019,142.66,5854.41,FALSE
"Kingdom of Sweden",2019,179.37,5048.92,FALSE
"Kingdom of Thailand",2019,167.5,2483.52,FALSE
"Kingdom of Tonga",2019,403.78,2174.4,FALSE
"Kingdom of the Netherlands",2019,172.92,4072.54,FALSE
"Kyrgyz Republic",2019,611.72,3839.96,FALSE
"Lao People's Democratic Republic",2019,261.84,2301.44,FALSE
"Lebanese Republic",2019,932.94,5551.26,TRUE
"Malaysia",2019,323.5,3707.74,FALSE
"Mongolia",2019,634.45,4739.43,FALSE
"Montenegro",2019,372.07,2829.28,FALSE
"New Zealand",2019,260.13,4167.74,FALSE
"North Macedonia",2019,400.1,2457.87,FALSE
"Northern Mariana Islands",2019,396.55,2373.37,FALSE
"Palestine",2019,932.63,7936.88,TRUE
"People's Democratic Republic of Algeria",2019,858.65,4853.19,FALSE
"People's Republic of Bangladesh",2019,466.35,5649.75,TRUE
"People's Republic of China",2019,368.41,2397.22,FALSE
"Plurinational State of Bolivia",2019,253.72,3819.91,FALSE
"Portuguese Republic",2019,77.51,5425.68,FALSE
"Principality of Andorra",2019,158.09,4160.93,FALSE
"Principality of Monaco",2019,156.17,4874.03,FALSE
"Puerto Rico",2019,342.87,2900.51,FALSE
"Republic of Albania",2019,322.33,2264.88,FALSE
"Republic of Angola",2019,339.43,7429.5,FALSE
"Republic of Armenia",2019,576.61,3199.29,FALSE
"Republic of Austria",2019,197.7,3126.15,FALSE
"Republic of Azerbaijan",2019,853.87,2854.11,FALSE
"Republic of Belarus",2019,628.42,4469.02,FALSE
"Republic of Benin",2019,353.94,5166.67,FALSE
"Republic of Botswana",2019,375.68,4867.21,FALSE
"Republic of Bulgaria",2019,421.33,2681.55,FALSE
"Republic of Burundi",2019,311.17,5440.72,FALSE
"Republic of Cabo Verde",2019,390.06,5816.83,FALSE
"Republic of Cameroon",2019,339.56,5408,FALSE
"Republic of Chad",2019,369.35,6333.99,FALSE
"Republic of Chile",2019,125.46,4557.01,FALSE
"Republic of Colombia",2019,257.4,2286.75,FALSE
"Republic of Costa Rica",2019,320.11,3757.83,FALSE
"Republic of Croatia",2019,257.03,3083.6,FALSE
"Republic of Cuba",2019,329.81,4280.69,FALSE
"Republic of Cyprus",2019,132.32,3383.74,FALSE
"Republic of Côte d'Ivoire",2019,391.88,4347.92,FALSE
"Republic of Djibouti",2019,357.2,5078.01,FALSE
"Republic of Ecuador",2019,248.35,3655.37,FALSE
"Republic of El Salvador",2019,293.08,4016.9,FALSE
"Republic of Equatorial Guinea",2019,378.97,7391.75,FALSE
"Republic of Estonia",2019,517.27,4218.1,FALSE
"Republic of Fiji",2019,458.85,2527.81,FALSE
"Republic of Finland",2019,226.21,4834.97,FALSE
"Republic of Ghana",2019,386.85,5050.04,FALSE
"Republic of Guatemala",2019,285,4432.42,FALSE
"Republic of Guinea",2019,369.07,5032.49,FALSE
"Republic of Guinea-Bissau",2019,404.81,5210.56,FALSE
"Republic of Guyana",2019,405.43,5860.37,FALSE
"Republic of Haiti",2019,405.16,3978.41,FALSE
"Republic of Honduras",2019,385.08,3655.43,FALSE
"Republic of Iceland",2019,191.15,3152.73,FALSE
"Republic of India",2019,578.19,4089.33,FALSE
"Republic of Indonesia",2019,282.29,1882.19,FALSE
"Republic of Iraq",2019,1018,4602.11,FALSE
"Republic of Italy",2019,167.79,4205.01,FALSE
"Republic of Kazakhstan",2019,588.61,3867.39,FALSE
"Republic of Kenya",2019,343.47,5590.35,FALSE
"Republic of Kiribati",2019,428.5,2574.59,FALSE
"Republic of Korea",2019,102.29,2306.5,FALSE
"Republic of Latvia",2019,383.95,4372.25,FALSE
"Republic of Liberia",2019,392.69,5343.98,FALSE
"Republic of Lithuania",2019,427.13,4720.63,FALSE
"Republic of Madagascar",2019,347.03,5485.83,FALSE
"Republic of Malawi",2019,321.72,4544.74,FALSE
"Republic of Maldives",2019,224,2714.28,FALSE
"Republic of Mali",2019,345.43,3797.87,FALSE
"Republic of Malta",2019,127.79,3393.93,FALSE
"Republic of Mauritius",2019,226.71,3937.61,FALSE
"Republic of Moldova",2019,530.08,3521.55,FALSE
"Republic of Mozambique",2019,309.21,5860.9,FALSE
"Republic of Namibia",2019,341.68,3968.75,FALSE
"Republic of Nauru",2019,418.41,2908.86,FALSE
"Republic of Nicaragua",2019,315.01,3782.14,FALSE
"Republic of Niue",2019,391.63,2884.26,FALSE
"Republic of Palau",2019,391.73,2861.98,FALSE
"Republic of Panama",2019,295.03,3335.3,FALSE
"Republic of Paraguay",2019,179.46,3541.31,FALSE
"Republic of Peru",2019,216.01,2053.39,FALSE
"Republic of Poland",2019,227.96,2006.42,FALSE
"Republic of Rwanda",2019,285.98,5905.09,FALSE
"Republic of San Marino",2019,154.91,4921.2,FALSE
"Republic of Senegal",2019,380.01,4519.2,FALSE
"Republic of Serbia",2019,465.85,2831.98,FALSE
"Republic of Seychelles",2019,222.88,2221.44,FALSE
"Republic of Sierra Leone",2019,390.28,5121.7,FALSE
"Republic of Singapore",2019,193.23,2306.37,FALSE
"Republic of Slovenia",2019,281.02,3310.41,FALSE
"Republic of South Africa",2019,361.26,4891.71,FALSE
"Republic of South Sudan",2019,318.09,5508.43,FALSE
"Republic of Sudan",2019,976.38,5136.82,TRUE
"Republic of Suriname",2019,406.98,5531.24,FALSE
"Republic of Tajikistan",2019,796.24,2929.91,FALSE
"Republic of Trinidad and Tobago",2019,418.61,4264.22,FALSE
"Republic of Tunisia",2019,843.11,6491.62,TRUE
"Republic of Turkey",2019,667.98,4594.72,FALSE
"Republic of Uganda",2019,282.14,8429.69,FALSE
"Republic of Uzbekistan",2019,1312.28,3470.5,FALSE
"Republic of Vanuatu",2019,466.16,2645.89,FALSE
"Republic of Yemen",2019,944.84,5979.29,TRUE
"Republic of Zambia",2019,294.39,4729.37,FALSE
"Republic of Zimbabwe",2019,389.95,3486.67,FALSE
"Republic of the Congo",2019,387.71,7059.36,FALSE
"Republic of the Gambia",2019,414.42,6962.66,TRUE
"Republic of the Marshall Islands",2019,384.72,2490.58,FALSE
"Republic of the Niger",2019,344.5,4813.85,FALSE
"Republic of the Philippines",2019,197.91,2617.01,FALSE
"Republic of the Union of Myanmar",2019,254.14,1556.24,FALSE
"Romania",2019,366.68,2579.84,FALSE
"Russian Federation",2019,720.09,3374.04,FALSE
"Saint Kitts and Nevis",2019,395.33,4478.24,FALSE
"Saint Lucia",2019,395.9,3559.79,FALSE
"Saint Vincent and the Grenadines",2019,382.76,3660.63,FALSE
"Slovak Republic",2019,366.25,2699.7,FALSE
"Socialist Republic of Viet Nam",2019,237.88,1850.9,FALSE
"Solomon Islands",2019,451.08,2668.51,FALSE
"State of Eritrea",2019,305.33,5681.62,FALSE
"State of Israel",2019,155.73,5003.02,FALSE
"State of Kuwait",2019,1023.67,4734.07,FALSE
"State of Libya",2019,889.42,5268.09,TRUE
"State of Qatar",2019,1049.28,4759.72,FALSE
"Sultanate of Oman",2019,1027.76,4707.08,FALSE
"Swiss Confederation",2019,150.51,4163.22,FALSE
"Syrian Arab Republic",2019,1154.59,4846.85,FALSE
"Taiwan (Province of China)",2019,287.37,1925.32,FALSE
"Togolese Republic",2019,384.57,5232.29,FALSE
"Tokelau",2019,374.7,2880.51,FALSE
"Turkmenistan",2019,684.3,3298.54,FALSE
"Tuvalu",2019,387.53,2876.87,FALSE
"Ukraine",2019,787.98,4618.77,FALSE
"Union of the Comoros",2019,333.14,4718.86,FALSE
"United Arab Emirates",2019,1059.34,4204.35,FALSE
"United Kingdom of Great Britain and Northern Ireland",2019,143.4,4957.32,FALSE
"United Mexican States",2019,322.56,4238.52,FALSE
"United Republic of Tanzania",2019,310.52,5338.76,FALSE
"United States Virgin Islands",2019,394.42,3602.17,FALSE
"United States of America",2019,167.65,5196.44,FALSE
"American Samoa",2020,403.02,2186.62,FALSE
"Antigua and Barbuda",2020,386.94,3621.25,FALSE
"Arab Republic of Egypt",2020,1099.91,5366.54,FALSE
"Argentine Republic",2020,237.46,3782.45,FALSE
"Australia",2020,206.25,5873.94,FALSE
"Barbados",2020,390.27,3801.48,FALSE
"Belize",2020,382.38,4332.96,FALSE
"Bermuda",2020,377.58,3944.63,FALSE
"Bolivarian Republic of Venezuela",2020,315.02,4164.94,FALSE
"Bosnia and Herzegovina",2020,324.1,3292.84,FALSE
"Brunei Darussalam",2020,117.41,1793.04,FALSE
"Burkina Faso",2020,336.49,5323.04,FALSE
"Canada",2020,204.78,4427.86,FALSE
"Central African Republic",2020,381.42,8753.28,FALSE
"Commonwealth of Dominica",2020,388.7,3734.34,FALSE
"Commonwealth of the Bahamas",2020,403.49,3925.87,FALSE
"Cook Islands",2020,381.43,2997.5,FALSE
"Czech Republic",2020,365.28,3431.63,FALSE
"Democratic People's Republic of Korea",2020,353.41,2193.52,FALSE
"Democratic Republic of Sao Tome and Principe",2020,391.08,4378.22,FALSE
"Democratic Republic of Timor-Leste",2020,228.38,2557.91,FALSE
"Democratic Republic of the Congo",2020,330.75,7777.67,FALSE
"Democratic Socialist Republic of Sri Lanka",2020,266.84,2790.05,FALSE
"Dominican Republic",2020,396.28,5406.02,FALSE
"Eastern Republic of Uruguay",2020,200.92,3971.09,FALSE
"Federal Democratic Republic of Ethiopia",2020,273.92,6001.5,FALSE
"Federal Democratic Republic of Nepal",2020,500.5,7422.8,TRUE
"Federal Republic of Germany",2020,226.86,4509.66,FALSE
"Federal Republic of Nigeria",2020,378.19,4407.09,FALSE
"Federal Republic of Somalia",2020,328.76,6230.46,FALSE
"Federated States of Micronesia",2020,399.29,2592.07,FALSE
"Federative Republic of Brazil",2020,173.46,5028.71,FALSE
"French Republic",2020,214.37,5687.05,FALSE
"Gabonese Republic",2020,363.89,7808.38,FALSE
"Georgia",2020,525.75,4285.8,FALSE
"Grand Duchy of Luxembourg",2020,118.33,4356.04,FALSE
"Greenland",2020,224.19,9613.21,FALSE
"Grenada",2020,400.14,3932.96,FALSE
"Guam",2020,385.91,3332.31,FALSE
"Hashemite Kingdom of Jordan",2020,860.12,5136.51,FALSE
"Hellenic Republic",2020,131.97,7234.29,FALSE
"Hungary",2020,404.85,3242.92,FALSE
"Independent State of Papua New Guinea",2020,349.13,2779.28,FALSE
"Independent State of Samoa",2020,410.36,2437.45,FALSE
"Ireland",2020,175.28,6332.87,FALSE
"Islamic Republic of Afghanistan",2020,967.37,7081.85,TRUE
"Islamic Republic of Iran",2020,851.84,7052.55,TRUE
"Islamic Republic of Mauritania",2020,390.49,4375.04,FALSE
"Islamic Republic of Pakistan",2020,673.7,5433.14,FALSE
"Jamaica",2020,358.46,3619.35,FALSE
"Japan",2020,92.48,2770.44,FALSE
"Kingdom of Bahrain",2020,998.51,6327.67,TRUE
"Kingdom of Belgium",2020,168.2,5421.76,FALSE
"Kingdom of Bhutan",2020,580.03,5137.24,FALSE
"Kingdom of Cambodia",2020,246.65,2817.13,FALSE
"Kingdom of Denmark",2020,117.22,4561.06,FALSE
"Kingdom of Eswatini",2020,363.67,6246.01,FALSE
"Kingdom of Lesotho",2020,334.33,7902.47,FALSE
"Kingdom of Morocco",2020,1007.95,7858.74,TRUE
"Kingdom of Norway",2020,172.29,4885.72,FALSE
"Kingdom of Saudi Arabia",2020,923.4,5916.67,TRUE
"Kingdom of Spain",2020,142.45,6994.68,FALSE
"Kingdom of Sweden",2020,191.89,6123.95,FALSE
"Kingdom of Thailand",2020,167.26,2635.16,FALSE
"Kingdom of Tonga",2020,402.63,2245.89,FALSE
"Kingdom of the Netherlands",2020,171.98,5139.66,FALSE
"Kyrgyz Republic",2020,609.35,4626.43,FALSE
"Lao People's Democratic Republic",2020,261.92,2447.84,FALSE
"Lebanese Republic",2020,933.25,6511.83,TRUE
"Malaysia",2020,322.52,3403.48,FALSE
"Mongolia",2020,631.99,4741.53,FALSE
"Montenegro",2020,372.62,3420.09,FALSE
"New Zealand",2020,260.57,4333.79,FALSE
"North Macedonia",2020,400.92,3137.34,FALSE
"Northern Mariana Islands",2020,396,2620.19,FALSE
"Palestine",2020,934.06,9204.56,TRUE
"People's Democratic Republic of Algeria",2020,860.47,5699.23,FALSE
"People's Republic of Bangladesh",2020,464.44,6545.66,TRUE
"People's Republic of China",2020,366.89,2489.45,FALSE
"Plurinational State of Bolivia",2020,252.42,5512.38,FALSE
"Portuguese Republic",2020,77.79,6834.47,FALSE
"Principality of Andorra",2020,156.74,5387.78,FALSE
"Principality of Monaco",2020,154.4,5704.34,FALSE
"Puerto Rico",2020,339.92,3447.12,FALSE
"Republic of Albania",2020,323.1,2788.36,FALSE
"Republic of Angola",2020,339.09,8320.64,FALSE
"Republic of Armenia",2020,576.19,3907.14,FALSE
"Republic of Austria",2020,197.2,3723.36,FALSE
"Republic of Azerbaijan",2020,854.47,3356.88,FALSE
"Republic of Belarus",2020,626.64,5351.74,FALSE
"Republic of Benin",2020,354.23,5460.38,FALSE
"Republic of Botswana",2020,375.56,5143.41,FALSE
"Republic of Bulgaria",2020,421.41,3213.84,FALSE
"Republic of Burundi",2020,311.35,5999.27,FALSE
"Republic of Cabo Verde",2020,389.93,6800.33,FALSE
"Republic of Cameroon",2020,339.53,5700.86,FALSE
"Republic of Chad",2020,369.13,6891.2,FALSE
"Republic of Chile",2020,125.98,5965.25,FALSE
"Republic of Colombia",2020,256.16,2697,FALSE
"Republic of Costa Rica",2020,318.2,4444.56,FALSE
"Republic of Croatia",2020,257.34,3599.39,FALSE
"Republic of Cuba",2020,327.59,4803.92,FALSE
"Republic of Cyprus",2020,131.62,3816.61,FALSE
"Republic of Côte d'Ivoire",2020,390.22,4565.44,FALSE
"Republic of Djibouti",2020,357.45,5635.51,FALSE
"Republic of Ecuador",2020,246.92,5000.69,FALSE
"Republic of El Salvador",2020,291.57,4959.58,FALSE
"Republic of Equatorial Guinea",2020,378.93,8302.09,FALSE
"Republic of Estonia",2020,517.52,4648.75,FALSE
"Republic of Fiji",2020,457.76,2686.33,FALSE
"Republic of Finland",2020,225.62,5791.66,FALSE
"Republic of Ghana",2020,387.19,5506.67,FALSE
"Republic of Guatemala",2020,283.52,5380.51,FALSE
"Republic of Guinea",2020,368.88,5487.49,FALSE
"Republic of Guinea-Bissau",2020,404.66,5724.11,FALSE
"Republic of Guyana",2020,403.23,6884.66,FALSE
"Republic of Haiti",2020,403.6,4573.68,FALSE
"Republic of Honduras",2020,382.84,4540.77,FALSE
"Republic of Iceland",2020,189.19,3586.61,FALSE
"Republic of India",2020,575.58,4899.93,FALSE
"Republic of Indonesia",2020,281.74,2144.1,FALSE
"Republic of Iraq",2020,1019.03,5701.02,FALSE
"Republic of Italy",2020,167.75,5425.37,FALSE
"Republic of Kazakhstan",2020,587.06,4320.44,FALSE
"Republic of Kenya",2020,343.42,6244.77,FALSE
"Republic of Kiribati",2020,426.73,2657.03,FALSE
"Republic of Korea",2020,101.44,2556.86,FALSE
"Republic of Latvia",2020,385.37,4787.23,FALSE
"Republic of Liberia",2020,391.33,5780.63,FALSE
"Republic of Lithuania",2020,427.47,5589.58,FALSE
"Republic of Madagascar",2020,348.16,6101.34,FALSE
"Republic of Malawi",2020,321.68,4901.54,FALSE
"Republic of Maldives",2020,224.18,3023.67,FALSE
"Republic of Mali",2020,345.36,4143.1,FALSE
"Republic of Malta",2020,126.8,3991.62,FALSE
"Republic of Mauritius",2020,226.73,4521.59,FALSE
"Republic of Moldova",2020,530.5,4189.69,FALSE
"Republic of Mozambique",2020,309.55,6275.94,FALSE
"Republic of Namibia",2020,341.35,4429.53,FALSE
"Republic of Nauru",2020,417.6,3001.44,FALSE
"Republic of Nicaragua",2020,312.74,4647.42,FALSE
"Republic of Niue",2020,390.59,2984.94,FALSE
"Republic of Palau",2020,391.85,2958.55,FALSE
"Republic of Panama",2020,293.03,4337.11,FALSE
"Republic of Paraguay",2020,179.2,4119.59,FALSE
"Republic of Peru",2020,214.26,2992.89,FALSE
"Republic of Poland",2020,228.26,2377.08,FALSE
"Republic of Rwanda",2020,286.84,6300.4,FALSE
"Republic of San Marino",2020,152.96,6354.43,FALSE
"Republic of Senegal",2020,380.28,5093.07,FALSE
"Republic of Serbia",2020,466.61,3296.47,FALSE
"Republic of Seychelles",2020,223.15,2483.72,FALSE
"Republic of Sierra Leone",2020,391.11,5573.92,FALSE
"Republic of Singapore",2020,191.65,2536.24,FALSE
"Republic of Slovenia",2020,281.75,3938.92,FALSE
"Republic of South Africa",2020,361.78,5996.82,FALSE
"Republic of South Sudan",2020,318.13,6077.93,FALSE
"Republic of Sudan",2020,975.15,6167.04,TRUE
"Republic of Suriname",2020,404.75,6513.39,FALSE
"Republic of Tajikistan",2020,793.57,3337.37,FALSE
"Republic of Trinidad and Tobago",2020,415.52,4859.26,FALSE
"Republic of Tunisia",2020,842.61,7609.84,TRUE
"Republic of Turkey",2020,668.72,5404.6,FALSE
"Republic of Uganda",2020,282.29,9233.91,FALSE
"Republic of Uzbekistan",2020,1309.68,3982.88,FALSE
"Republic of Vanuatu",2020,464.2,2733.21,FALSE
"Republic of Yemen",2020,946.4,6431.78,TRUE
"Republic of Zambia",2020,294.83,5007.43,FALSE
"Republic of Zimbabwe",2020,389.16,3794.27,FALSE
"Republic of the Congo",2020,387.64,8000.1,FALSE
"Republic of the Gambia",2020,413.22,7639.35,TRUE
"Republic of the Marshall Islands",2020,383.97,2556.74,FALSE
"Republic of the Niger",2020,344.21,5038.21,FALSE
"Republic of the Philippines",2020,197.84,3178.34,FALSE
"Republic of the Union of Myanmar",2020,253.61,1781.44,FALSE
"Romania",2020,367.06,3192,FALSE
"Russian Federation",2020,722.48,3911.06,FALSE
"Saint Kitts and Nevis",2020,391.81,5125.9,FALSE
"Saint Lucia",2020,392.69,4077.35,FALSE
"Saint Vincent and the Grenadines",2020,379.7,4167.26,FALSE
"Slovak Republic",2020,366.51,3038.37,FALSE
"Socialist Republic of Viet Nam",2020,237.73,1922.76,FALSE
"Solomon Islands",2020,449.81,2755.3,FALSE
"State of Eritrea",2020,305.04,5942.04,FALSE
"State of Israel",2020,154.19,5874.39,FALSE
"State of Kuwait",2020,1022.5,5330.35,FALSE
"State of Libya",2020,890.23,6121.62,TRUE
"State of Qatar",2020,1040.02,5367.77,FALSE
"Sultanate of Oman",2020,1028.48,5535.19,FALSE
"Swiss Confederation",2020,150.15,4788.52,FALSE
"Syrian Arab Republic",2020,1149.49,5545.21,FALSE
"Taiwan (Province of China)",2020,286.94,1973.8,FALSE
"Togolese Republic",2020,385.05,5616.15,FALSE
"Tokelau",2020,373.49,2976.6,FALSE
"Turkmenistan",2020,682.25,3798.9,FALSE
"Tuvalu",2020,385.95,2957.26,FALSE
"Ukraine",2020,789.81,5184.05,FALSE
"Union of the Comoros",2020,333.97,5218.67,FALSE
"United Arab Emirates",2020,1059.73,4955.53,FALSE
"United Kingdom of Great Britain and Northern Ireland",2020,143.51,6355.62,FALSE
"United Mexican States",2020,320.36,5543.45,FALSE
"United Republic of Tanzania",2020,310.3,5768.98,FALSE
"United States Virgin Islands",2020,391.72,4120.87,FALSE
"United States of America",2020,162.71,6789.29,FALSE
"American Samoa",2021,403.26,2378.24,FALSE
"Antigua and Barbuda",2021,382.38,3844.31,FALSE
"Arab Republic of Egypt",2021,1063.03,5368.99,FALSE
"Argentine Republic",2021,243.87,3721.36,FALSE
"Australia",2021,213.72,5840.36,FALSE
"Barbados",2021,390.55,4271.49,FALSE
"Belize",2021,378.41,4302.34,FALSE
"Bermuda",2021,373.73,4225.17,FALSE
"Bolivarian Republic of Venezuela",2021,323.97,4160.08,FALSE
"Bosnia and Herzegovina",2021,324.88,3604.63,FALSE
"Brunei Darussalam",2021,115.47,1868.65,FALSE
"Burkina Faso",2021,336.69,5284.75,FALSE
"Canada",2021,204.24,4625.14,FALSE
"Central African Republic",2021,387.14,8195.73,FALSE
"Commonwealth of Dominica",2021,384.71,4050.59,FALSE
"Commonwealth of the Bahamas",2021,401.65,4016.58,FALSE
"Cook Islands",2021,381.65,3260.39,FALSE
"Czech Republic",2021,369.33,3703.77,FALSE
"Democratic People's Republic of Korea",2021,346.24,2238.22,FALSE
"Democratic Republic of Sao Tome and Principe",2021,389.79,4257.96,FALSE
"Democratic Republic of Timor-Leste",2021,221.76,2833,FALSE
"Democratic Republic of the Congo",2021,336.17,7422.84,FALSE
"Democratic Socialist Republic of Sri Lanka",2021,248.5,3184.35,FALSE
"Dominican Republic",2021,383.62,5056.51,FALSE
"Eastern Republic of Uruguay",2021,204.18,4685.71,FALSE
"Federal Democratic Republic of Ethiopia",2021,286.9,6102.7,FALSE
"Federal Democratic Republic of Nepal",2021,511.87,7482.7,TRUE
"Federal Republic of Germany",2021,223.88,4828.97,FALSE
"Federal Republic of Nigeria",2021,389.43,4162.19,FALSE
"Federal Republic of Somalia",2021,337.69,6857.16,FALSE
"Federated States of Micronesia",2021,394.33,2805.54,FALSE
"Federative Republic of Brazil",2021,167.57,5336.88,FALSE
"French Republic",2021,176.27,5596.72,FALSE
"Gabonese Republic",2021,366.64,8182.42,FALSE
"Georgia",2021,553.85,4769.76,FALSE
"Grand Duchy of Luxembourg",2021,117.08,4260.2,FALSE
"Greenland",2021,223.4,9885.55,FALSE
"Grenada",2021,395.82,4235.76,FALSE
"Guam",2021,381.86,3534.67,FALSE
"Hashemite Kingdom of Jordan",2021,913.43,5264.24,FALSE
"Hellenic Republic",2021,124.49,7809.92,FALSE
"Hungary",2021,382.61,3575.57,FALSE
"Independent State of Papua New Guinea",2021,356.49,2950.55,FALSE
"Independent State of Samoa",2021,410.13,2652.43,FALSE
"Ireland",2021,170.13,6384.83,FALSE
"Islamic Republic of Afghanistan",2021,964.61,7277.55,TRUE
"Islamic Republic of Iran",2021,887.06,6807.71,TRUE
"Islamic Republic of Mauritania",2021,398.48,4318.47,FALSE
"Islamic Republic of Pakistan",2021,673.64,5213.71,FALSE
"Jamaica",2021,368.87,4031.97,FALSE
"Japan",2021,90.63,2992.26,FALSE
"Kingdom of Bahrain",2021,1023.47,6514.65,TRUE
"Kingdom of Belgium",2021,170.49,5025.91,FALSE
"Kingdom of Bhutan",2021,587.35,4813.61,FALSE
"Kingdom of Cambodia",2021,237.77,3234.77,FALSE
"Kingdom of Denmark",2021,132.46,4724.49,FALSE
"Kingdom of Eswatini",2021,365.62,7222.45,FALSE
"Kingdom of Lesotho",2021,337.23,9306.49,FALSE
"Kingdom of Morocco",2021,995.04,7446.24,TRUE
"Kingdom of Norway",2021,169.91,4957.5,FALSE
"Kingdom of Saudi Arabia",2021,920.14,5377.5,FALSE
"Kingdom of Spain",2021,143.48,6633.65,FALSE
"Kingdom of Sweden",2021,226.81,5927.22,FALSE
"Kingdom of Thailand",2021,169.58,2865.17,FALSE
"Kingdom of Tonga",2021,403.04,2440.23,FALSE
"Kingdom of the Netherlands",2021,178.54,5122.34,FALSE
"Kyrgyz Republic",2021,594.1,4708.48,FALSE
"Lao People's Democratic Republic",2021,250.17,2692.71,FALSE
"Lebanese Republic",2021,931.42,7687.95,TRUE
"Malaysia",2021,313.1,3668.66,FALSE
"Mongolia",2021,669.06,5002.77,FALSE
"Montenegro",2021,364.68,3786.59,FALSE
"New Zealand",2021,257.38,4271.05,FALSE
"North Macedonia",2021,391.57,3414.83,FALSE
"Northern Mariana Islands",2021,394.3,2977.7,FALSE
"Palestine",2021,942.08,9361.05,TRUE
"People's Democratic Republic of Algeria",2021,861.13,5417.8,FALSE
"People's Republic of Bangladesh",2021,469.75,6512.3,TRUE
"People's Republic of China",2021,365.67,2345.08,FALSE
"Plurinational State of Bolivia",2021,251.69,5251.68,FALSE
"Portuguese Republic",2021,72.93,7066.25,FALSE
"Principality of Andorra",2021,158.24,5207.68,FALSE
"Principality of Monaco",2021,155.29,6088.08,FALSE
"Puerto Rico",2021,351.5,3387.45,FALSE
"Republic of Albania",2021,322.15,2939.69,FALSE
"Republic of Angola",2021,346.95,8342.09,FALSE
"Republic of Armenia",2021,591,4123.49,FALSE
"Republic of Austria",2021,192.62,3858.52,FALSE
"Republic of Azerbaijan",2021,806.26,3579.79,FALSE
"Republic of Belarus",2021,606.69,6256.58,TRUE
"Republic of Benin",2021,361.71,5537.74,FALSE
"Republic of Botswana",2021,379.05,6079.3,FALSE
"Republic of Bulgaria",2021,413.13,3806.83,FALSE
"Republic of Burundi",2021,317.54,6211.95,FALSE
"Republic of Cabo Verde",2021,391.91,6898.38,FALSE
"Republic of Cameroon",2021,340.42,5740.08,FALSE
"Republic of Chad",2021,375.09,6520.34,FALSE
"Republic of Chile",2021,108.52,5740.86,FALSE
"Republic of Colombia",2021,261.03,2643.92,FALSE
"Republic of Costa Rica",2021,325.92,4593.73,FALSE
"Republic of Croatia",2021,245.54,3779.3,FALSE
"Republic of Cuba",2021,330.27,5341.52,FALSE
"Republic of Cyprus",2021,119.58,4001.28,FALSE
"Republic of Côte d'Ivoire",2021,390.73,4484.74,FALSE
"Republic of Djibouti",2021,359.64,5672.13,FALSE
"Republic of Ecuador",2021,250.34,4725.79,FALSE
"Republic of El Salvador",2021,293.73,4794.98,FALSE
"Republic of Equatorial Guinea",2021,381.85,8050.3,FALSE
"Republic of Estonia",2021,559.35,5438.85,FALSE
"Republic of Fiji",2021,441.76,3042.55,FALSE
"Republic of Finland",2021,224.32,6080.09,FALSE
"Republic of Ghana",2021,387.94,5528.29,FALSE
"Republic of Guatemala",2021,288.62,5331.48,FALSE
"Republic of Guinea",2021,369.17,5514.13,FALSE
"Republic of Guinea-Bissau",2021,405.01,5640.61,FALSE
"Republic of Guyana",2021,397.67,7677.43,FALSE
"Republic of Haiti",2021,401.8,4742.07,FALSE
"Republic of Honduras",2021,365.94,4674.83,FALSE
"Republic of Iceland",2021,188.79,3512.31,FALSE
"Republic of India",2021,585.23,4947.31,FALSE
"Republic of Indonesia",2021,270.65,2369.42,FALSE
"Republic of Iraq",2021,1040.55,5035.4,FALSE
"Republic of Italy",2021,166.39,5328.04,FALSE
"Republic of Kazakhstan",2021,584.39,4501.73,FALSE
"Republic of Kenya",2021,349.26,6202.69,FALSE
"Republic of Kiribati",2021,424.76,2879.45,FALSE
"Republic of Korea",2021,96.28,2628.96,FALSE
"Republic of Latvia",2021,385.1,5780.4,FALSE
"Republic of Liberia",2021,397.86,5622.46,FALSE
"Republic of Lithuania",2021,413.59,6530.74,TRUE
"Republic of Madagascar",2021,346.21,6246.73,FALSE
"Republic of Malawi",2021,335.7,5273.29,FALSE
"Republic of Maldives",2021,221.43,3197.61,FALSE
"Republic of Mali",2021,351.99,4018.57,FALSE
"Republic of Malta",2021,121.22,3948.76,FALSE
"Republic of Mauritius",2021,224.16,4894.44,FALSE
"Republic of Moldova",2021,511.83,4473.3,FALSE
"Republic of Mozambique",2021,326,6812.23,FALSE
"Republic of Namibia",2021,344.67,5285.82,FALSE
"Republic of Nauru",2021,416.09,3263.67,FALSE
"Republic of Nicaragua",2021,309.06,4525.39,FALSE
"Republic of Niue",2021,390.06,3245.27,FALSE
"Republic of Palau",2021,388.02,3220.12,FALSE
"Republic of Panama",2021,298.49,4100.98,FALSE
"Republic of Paraguay",2021,178.3,4543.27,FALSE
"Republic of Peru",2021,222.24,2840.66,FALSE
"Republic of Poland",2021,227.31,2539.36,FALSE
"Republic of Rwanda",2021,294.24,6747.22,FALSE
"Republic of San Marino",2021,154.38,6230.86,FALSE
"Republic of Senegal",2021,390.43,5147.55,FALSE
"Republic of Serbia",2021,468.45,3503.99,FALSE
"Republic of Seychelles",2021,223.44,2863.93,FALSE
"Republic of Sierra Leone",2021,393.12,5167.4,FALSE
"Republic of Singapore",2021,149.87,2548.84,FALSE
"Republic of Slovenia",2021,286.63,3997.93,FALSE
"Republic of South Africa",2021,380.13,6184.85,FALSE
"Republic of South Sudan",2021,327.21,5904.67,FALSE
"Republic of Sudan",2021,973.5,5981.14,TRUE
"Republic of Suriname",2021,404.09,7463.25,FALSE
"Republic of Tajikistan",2021,774.65,3596.03,FALSE
"Republic of Trinidad and Tobago",2021,422.86,5832.8,FALSE
"Republic of Tunisia",2021,847.53,8561.61,TRUE
"Republic of Turkey",2021,665.07,5654.58,FALSE
"Republic of Uganda",2021,291.89,9644.06,FALSE
"Republic of Uzbekistan",2021,1206.01,3998.75,FALSE
"Republic of Vanuatu",2021,456.38,2967.74,FALSE
"Republic of Yemen",2021,948.5,6135.05,TRUE
"Republic of Zambia",2021,305.26,5488.82,FALSE
"Republic of Zimbabwe",2021,389.53,4067.45,FALSE
"Republic of the Congo",2021,391.55,7973.72,FALSE
"Republic of the Gambia",2021,416.26,7623.84,TRUE
"Republic of the Marshall Islands",2021,381.21,2790.48,FALSE
"Republic of the Niger",2021,350.99,4810.42,FALSE
"Republic of the Philippines",2021,177.16,3272.6,FALSE
"Republic of the Union of Myanmar",2021,241.69,2067.69,FALSE
"Romania",2021,364.29,3422.68,FALSE
"Russian Federation",2021,727.97,4380.35,FALSE
"Saint Kitts and Nevis",2021,387.91,5297.57,FALSE
"Saint Lucia",2021,390.38,4653.78,FALSE
"Saint Vincent and the Grenadines",2021,372.87,4560.96,FALSE
"Slovak Republic",2021,357.35,3570,FALSE
"Socialist Republic of Viet Nam",2021,232.72,2251.05,FALSE
"Solomon Islands",2021,426.82,2989.76,FALSE
"State of Eritrea",2021,310.99,6213.68,FALSE
"State of Israel",2021,153.19,5808.73,FALSE
"State of Kuwait",2021,1061.15,4938.46,FALSE
"State of Libya",2021,922.52,5950.16,TRUE
"State of Qatar",2021,1032.07,5304.67,FALSE
"Sultanate of Oman",2021,1027.08,5535.42,FALSE
"Swiss Confederation",2021,149.87,5308.37,FALSE
"Syrian Arab Republic",2021,1130.3,5692.34,FALSE
"Taiwan (Province of China)",2021,303.19,2032.37,FALSE
"Togolese Republic",2021,386.94,5503.36,FALSE
"Tokelau",2021,373.08,3235.81,FALSE
"Turkmenistan",2021,689.66,3916.73,FALSE
"Tuvalu",2021,385.73,3216.43,FALSE
"Ukraine",2021,752.32,5853.84,FALSE
"Union of the Comoros",2021,335.59,5392.73,FALSE
"United Arab Emirates",2021,1084.31,5054.6,FALSE
"United Kingdom of Great Britain and Northern Ireland",2021,141.62,6290.35,FALSE
"United Mexican States",2021,329.42,5347.28,FALSE
"United Republic of Tanzania",2021,321.55,5953.14,FALSE
"United States Virgin Islands",2021,384.68,4318.65,FALSE
"United States of America",2021,170.36,6782.8,FALSE
