"location_name","origin","specification","model","n_train","n_forecast","future_SDI","status","message","roots","p_IHD","d_IHD","q_IHD","p_DD","d_DD","q_DD","clip_low_IHD","clip_high_IHD","clip_low_DD","clip_high_DD","zero_floor_IHD","zero_floor_DD","residual_lb_IHD","residual_lb_DD","warning"
"American Samoa",2021,"Original","VARX",30,9,0.72373,"ok","",1.89179125041707,2,,,2,,,0,5,0,8,0,0,0.000158836599380652,0.164701623460164,""
"Antigua and Barbuda",2021,"Original","VARX",30,9,0.74989,"ok","",1.51409631751718,2,,,2,,,8,0,0,8,0,0,0.0160413103348709,0.196797520040944,""
"Arab Republic of Egypt",2021,"Original","VARX",30,9,0.60679,"ok","",1.02494445188878,2,,,2,,,8,0,0,0,0,0,9.19265725496388e-05,0.573738966834047,""
"Argentine Republic",2021,"Original","VARX",30,9,0.72312,"ok","",0.99223987194063,2,,,2,,,0,0,0,0,0,0,2.8378034923171e-05,0.894221324310385,""
"Australia",2021,"Original","VARX",30,9,0.84425,"ok","",0.89388562875899,2,,,2,,,0,0,0,0,0,0,0.000369126857997393,0.997100152926628,""
"Barbados",2021,"Original","VARX",30,9,0.74675,"ok","",2.2044424888611,2,,,2,,,7,0,0,8,0,0,0.000103246118380085,0.952937335818002,""
"Belize",2021,"Original","VARX",30,9,0.61023,"ok","",0.866206069742554,2,,,2,,,0,0,0,0,0,0,0.516851675727192,0.999982422158597,""
"Bermuda",2021,"Original","VARX",30,9,0.82137,"ok","",1.81933004456705,2,,,2,,,8,0,0,8,0,0,0.00820312840283433,0.554075092730322,""
"Bolivarian Republic of Venezuela",2021,"Original","VARX",30,9,0.59651,"ok","",1.99007127059904,2,,,2,,,0,4,0,8,0,0,0.0118097851002008,0.996727058300994,""
"Bosnia and Herzegovina",2021,"Original","VARX",30,9,0.72308,"ok","",1.104437950774,2,,,2,,,0,0,0,4,0,0,0.00152710183192495,0.802571732228034,""
"Brunei Darussalam",2021,"Original","VARX",30,9,0.81023,"ok","",1.4141338940077,2,,,2,,,9,0,0,7,0,0,0.00705183854903491,0.749294985587164,""
"Burkina Faso",2021,"Original","VARX",30,9,0.28512,"ok","",0.893023452315551,2,,,2,,,0,0,0,0,0,0,0.0178479349277643,0.727794270791976,""
"Canada",2021,"Original","VARX",30,9,0.87317,"ok","",1.03494739519249,2,,,2,,,0,0,0,0,0,0,0.0139744300706764,0.874440423421665,""
"Central African Republic",2021,"Original","VARX",30,9,0.30917,"ok","",1.09474205878517,2,,,2,,,0,0,3,0,0,0,0.0112040326283466,0.993179278691551,""
"Commonwealth of Dominica",2021,"Original","VARX",30,9,0.74697,"ok","",1.60699877520702,2,,,2,,,7,0,0,8,0,0,0.00221121889598508,0.51390154394946,""
"Commonwealth of the Bahamas",2021,"Original","VARX",30,9,0.80502,"ok","",1.81927865757051,2,,,2,,,8,0,0,9,0,0,0.00023159520309235,0.273816361367068,""
"Cook Islands",2021,"Original","VARX",30,9,0.77911,"ok","",2.76442482935911,2,,,2,,,0,6,0,8,0,0,0.00126754400518447,0.554387822152321,""
"Czech Republic",2021,"Original","VARX",30,9,0.82845,"ok","",1.29306712942725,2,,,2,,,0,0,5,1,0,0,0.00235240123177993,0.976724485336692,""
"Democratic People's Republic of Korea",2021,"Original","VARX",30,9,0.56985,"ok","",1.099168576757,2,,,2,,,9,0,0,0,0,0,0.000229663857673312,0.913357331663339,""
"Democratic Republic of Sao Tome and Principe",2021,"Original","VARX",30,9,0.50541,"ok","",1.27731049752978,2,,,2,,,6,0,0,5,0,0,0.0170385954442832,0.781501895054391,""
"Democratic Republic of Timor-Leste",2021,"Original","VARX",30,9,0.44467,"ok","",1.56040433074672,2,,,2,,,8,0,0,7,0,0,9.12757584847768e-07,0.951068113181728,""
"Democratic Republic of the Congo",2021,"Original","VARX",30,9,0.38318,"ok","",1.15522945875107,2,,,2,,,0,3,0,1,0,0,0.0240536030478619,0.984191803503615,""
"Democratic Socialist Republic of Sri Lanka",2021,"Original","VARX",30,9,0.70153,"ok","",1.35616591017483,2,,,2,,,9,0,0,7,0,0,0.0334156290240776,0.898753081446038,""
"Dominican Republic",2021,"Original","VARX",30,9,0.61939,"ok","",0.950083681207335,2,,,2,,,0,0,0,0,0,0,0.00406654457877997,0.95061362555288,""
"Eastern Republic of Uruguay",2021,"Original","VARX",30,9,0.71928,"ok","",1.38956129012278,2,,,2,,,6,0,4,2,0,0,1.71634751428007e-05,0.998291590434449,""
"Federal Democratic Republic of Ethiopia",2021,"Original","VARX",30,9,0.35882,"ok","",1.2438361283837,2,,,2,,,5,0,0,2,0,0,0.113996479517553,0.922190495866786,""
"Federal Democratic Republic of Nepal",2021,"Original","VARX",30,9,0.43317,"ok","",0.99758801159586,2,,,2,,,5,0,0,0,0,0,0.0616522184342996,0.999284645080775,""
"Federal Republic of Germany",2021,"Original","VARX",30,9,0.90296,"ok","",0.944898097031957,2,,,2,,,4,0,0,0,0,0,0.047165295313497,0.999941655372677,""
"Federal Republic of Nigeria",2021,"Original","VARX",30,9,0.50339,"ok","",0.988231858847876,2,,,2,,,0,0,0,0,0,0,0.0386176281884177,0.957468144621266,""
"Federal Republic of Somalia",2021,"Original","VARX",30,9,0.07769,"ok","",1.5164971668713,2,,,2,,,0,6,0,7,0,0,0.00650480257104624,0.994410738575926,""
"Federated States of Micronesia",2021,"Original","VARX",30,9,0.58753,"ok","",2.43782600334661,2,,,2,,,9,0,0,8,0,0,9.2455174329098e-05,0.0876243114426326,""
"Federative Republic of Brazil",2021,"Original","VARX",30,9,0.65304,"ok","",0.916807120881441,2,,,2,,,5,0,0,0,0,0,0.000727066040714375,0.995873955593135,""
"French Republic",2021,"Original","VARX",30,9,0.83836,"ok","",1.09357318742187,2,,,2,,,8,0,3,0,0,0,6.63819665902565e-10,0.956267070448159,""
"Gabonese Republic",2021,"Original","VARX",30,9,0.63469,"ok","",1.39362841538997,2,,,2,,,0,0,0,6,0,0,1.16359298165669e-05,0.540646748124657,""
"Georgia",2021,"Original","VARX",30,9,0.73247,"ok","",1.80973944703385,2,,,2,,,0,7,0,8,0,0,0.000266406923823626,0.974487329963137,""
"Grand Duchy of Luxembourg",2021,"Original","VARX",30,9,0.88443,"ok","",1.21185500049898,2,,,2,,,6,0,0,7,0,0,0.00461267540551247,0.320892414077555,""
"Greenland",2021,"Original","VARX",30,9,0.82621,"ok","",1.9760587990266,2,,,2,,,5,2,4,5,0,0,0.733634350852754,0.836768999195532,""
"Grenada",2021,"Original","VARX",30,9,0.66899,"ok","",1.47494179832396,2,,,2,,,8,0,0,7,0,0,0.00324561549209723,0.731377848638434,""
"Guam",2021,"Original","VARX",30,9,0.80398,"ok","",2.5799948267502,2,,,2,,,7,0,0,9,0,0,0.0228715011633362,0.78210429687091,""
"Hashemite Kingdom of Jordan",2021,"Original","VARX",30,9,0.72531,"ok","",1.41377850921261,2,,,2,,,0,5,0,6,0,0,2.59563789469786e-05,0.86026666212578,""
"Hellenic Republic",2021,"Original","VARX",30,9,0.79185,"ok","",0.906167599129997,2,,,2,,,2,0,0,0,0,0,0.0553293117150417,0.935122301799435,""
"Hungary",2021,"Original","VARX",30,9,0.79075,"ok","",1.67680067363417,2,,,2,,,9,0,0,7,0,0,0.0328669773285041,0.939636221499079,""
"Independent State of Papua New Guinea",2021,"Original","VARX",30,9,0.4178,"ok","",1.87584588959409,2,,,2,,,0,4,0,7,0,0,0.980651592164591,0.975569125366168,""
"Independent State of Samoa",2021,"Original","VARX",30,9,0.59339,"ok","",1.86887573416635,2,,,2,,,0,2,0,8,0,0,0.54300506182274,0.539141306387801,""
"Ireland",2021,"Original","VARX",30,9,0.87375,"ok","",0.975913131477723,2,,,2,,,9,0,0,0,0,0,0.000608785713210436,0.978089162476447,""
"Islamic Republic of Afghanistan",2021,"Original","VARX",30,9,0.3372,"ok","",1.79854853687243,2,,,2,,,3,2,4,4,0,0,0.00318088454573695,0.888778224302419,""
"Islamic Republic of Iran",2021,"Original","VARX",30,9,0.69721,"ok","",0.952718233860515,2,,,2,,,0,0,0,0,0,0,0.000157201371074667,0.898191415250983,""
"Islamic Republic of Mauritania",2021,"Original","VARX",30,9,0.49895,"ok","",1.15212331858763,2,,,2,,,0,0,0,1,0,0,0.000749070344346014,0.296993062704458,""
"Islamic Republic of Pakistan",2021,"Original","VARX",30,9,0.50403,"ok","",1.57546281149213,2,,,2,,,0,0,0,7,0,0,7.27220466059109e-05,0.4974699845408,""
"Jamaica",2021,"Original","VARX",30,9,0.68326,"ok","",1.74013871440541,2,,,2,,,0,6,0,8,0,0,0.000713032925881096,0.988665165001526,""
"Japan",2021,"Original","VARX",30,9,0.87124,"ok","",1.00601488084537,2,,,2,,,6,0,0,0,0,0,0.000951070587073666,0.98962762829056,""
"Kingdom of Bahrain",2021,"Original","VARX",30,9,0.75304,"ok","",1.0343394279359,2,,,2,,,0,0,0,2,0,0,0.000204838209539315,0.851371186272458,""
"Kingdom of Belgium",2021,"Original","VARX",30,9,0.85365,"ok","",0.926192138471024,2,,,2,,,7,0,0,0,0,0,7.14849564904529e-05,0.972327863228157,""
"Kingdom of Bhutan",2021,"Original","VARX",30,9,0.47306,"ok","",1.9966208080845,2,,,2,,,2,1,4,4,0,0,7.40376912194973e-05,0.256506231492405,""
"Kingdom of Cambodia",2021,"Original","VARX",30,9,0.47362,"ok","",2.11538228562141,2,,,2,,,9,0,0,8,0,0,0.000139796082184285,0.925027944440472,""
"Kingdom of Denmark",2021,"Original","VARX",30,9,0.89642,"ok","",1.37686007683156,2,,,2,,,0,7,0,7,0,0,0.000272823726243709,0.954866234533474,""
"Kingdom of Eswatini",2021,"Original","VARX",30,9,0.58546,"ok","",3.56745065812221,2,,,2,,,4,3,5,4,0,0,2.73772598036182e-07,0.931335634817292,""
"Kingdom of Lesotho",2021,"Original","VARX",30,9,0.51039,"ok","",1.90445816261115,2,,,2,,,0,5,0,8,0,0,0.00262496232013965,0.842513924616415,""
"Kingdom of Morocco",2021,"Original","VARX",30,9,0.5627,"ok","",2.98043194178654,2,,,2,,,4,3,5,4,0,0,0.0369036714375993,0.745015990163939,""
"Kingdom of Norway",2021,"Original","VARX",30,9,0.91613,"ok","",1.06163350293563,2,,,2,,,9,0,3,0,0,0,0.00574606870108041,0.859664494553395,""
"Kingdom of Saudi Arabia",2021,"Original","VARX",30,9,0.81514,"ok","",1.52112049449105,2,,,2,,,9,0,3,4,0,0,0.000497258804212475,0.894877853183817,""
"Kingdom of Spain",2021,"Original","VARX",30,9,0.76928,"ok","",0.954089518718905,2,,,2,,,9,0,0,0,0,0,1.76034536902847e-06,0.98916455485688,""
"Kingdom of Sweden",2021,"Original","VARX",30,9,0.88688,"ok","",1.19537209789154,2,,,2,,,0,7,0,5,0,0,0.593819766808442,0.95431933445593,""
"Kingdom of Thailand",2021,"Original","VARX",30,9,0.68255,"ok","",1.17336615749851,2,,,2,,,6,0,4,0,0,0,0.000307829294915574,0.831504318036413,""
"Kingdom of Tonga",2021,"Original","VARX",30,9,0.62635,"ok","",2.21745904687062,2,,,2,,,0,4,0,8,0,0,0.0723830396614633,0.0551805783390689,""
"Kingdom of the Netherlands",2021,"Original","VARX",30,9,0.88846,"ok","",1.81614674090977,2,,,2,,,0,4,0,9,0,0,0.00144436499401335,0.993463165843435,""
"Kyrgyz Republic",2021,"Original","VARX",30,9,0.60398,"ok","",1.50444260076689,2,,,2,,,0,1,0,7,0,0,6.59088934540364e-08,0.772471478090824,""
"Lao People's Democratic Republic",2021,"Original","VARX",30,9,0.48914,"ok","",2.06123884753171,2,,,2,,,9,0,0,8,0,0,0.00413023140218083,0.76322427319749,""
"Lebanese Republic",2021,"Original","VARX",30,9,0.74475,"ok","",1.22475878779084,2,,,2,,,6,0,3,2,0,0,6.21355452012917e-05,0.974325760082196,""
"Malaysia",2021,"Original","VARX",30,9,0.74252,"ok","",0.995334171801867,2,,,2,,,0,0,0,0,0,0,0.206370438158557,0.912973981509822,""
"Mongolia",2021,"Original","VARX",30,9,0.61762,"ok","",3.89843060525342,2,,,2,,,0,8,0,8,0,0,0.662443184734845,0.445621335631897,""
"Montenegro",2021,"Original","VARX",30,9,0.7958,"ok","",2.17416044462309,2,,,2,,,3,3,4,5,0,0,6.68747307519535e-06,0.871785743766616,""
"New Zealand",2021,"Original","VARX",30,9,0.84944,"ok","",0.981258698216523,2,,,2,,,9,0,2,0,0,0,0.00624556613585947,0.830255042837925,""
"North Macedonia",2021,"Original","VARX",30,9,0.75063,"ok","",2.61886791188733,2,,,2,,,7,0,0,9,0,0,0.171408278654075,0.977138382113538,""
"Northern Mariana Islands",2021,"Original","VARX",30,9,0.77154,"ok","",1.7184632331795,2,,,2,,,5,0,0,8,0,0,2.68082919863133e-07,0.999206775703596,""
"Palestine",2021,"Original","VARX",30,9,0.63101,"ok","",1.07341273173607,2,,,2,,,0,0,0,0,0,0,0.00843365941730867,0.805448988951668,""
"People's Democratic Republic of Algeria",2021,"Original","VARX",30,9,0.6595,"ok","",1.92672571225603,2,,,2,,,0,4,0,8,0,0,0.000302777468294324,0.744199672677236,""
"People's Republic of Bangladesh",2021,"Original","VARX",30,9,0.49242,"ok","",1.63979427785814,2,,,2,,,0,4,0,8,0,0,2.10433441144575e-05,0.986793888923155,""
"People's Republic of China",2021,"Original","VARX",30,9,0.72163,"ok","",0.943911497068744,2,,,2,,,0,0,0,0,0,0,3.98291525749439e-06,0.543426974179021,""
"Plurinational State of Bolivia",2021,"Original","VARX",30,9,0.59901,"ok","",1.69906194082377,2,,,2,,,0,4,0,9,0,0,0.0169195068712973,0.997900235308301,""
"Portuguese Republic",2021,"Original","VARX",30,9,0.74415,"ok","",0.948077156738616,2,,,2,,,3,0,0,0,0,0,0.0794291592686504,0.985764319066811,""
"Principality of Andorra",2021,"Original","VARX",30,9,0.86944,"ok","",2.4504910589288,2,,,2,,,0,7,0,9,0,0,0.914218624583816,0.611030399571246,""
"Principality of Monaco",2021,"Original","VARX",30,9,0.90826,"ok","",3.00416400327717,2,,,2,,,0,6,0,9,0,0,0.386841549906859,0.733582579068369,""
"Puerto Rico",2021,"Original","VARX",30,9,0.82553,"ok","",1.34801640099496,2,,,2,,,0,4,0,7,0,0,0.00013810312936624,0.656559826608846,""
"Republic of Albania",2021,"Original","VARX",30,9,0.70685,"ok","",1.76587016208498,2,,,2,,,7,0,0,8,0,0,1.6361393456954e-05,0.628969494298588,""
"Republic of Angola",2021,"Original","VARX",30,9,0.45372,"ok","",1.49776376076039,2,,,2,,,0,2,4,3,0,0,1.51039655338359e-07,0.982375008415894,""
"Republic of Armenia",2021,"Original","VARX",30,9,0.70183,"ok","",2.04595413138813,2,,,2,,,0,6,0,9,0,0,0.000116364628345966,0.847711435486198,""
"Republic of Austria",2021,"Original","VARX",30,9,0.85384,"ok","",1.56882858106631,2,,,2,,,2,0,0,8,0,0,0.108192674939952,0.96486659139034,""
"Republic of Azerbaijan",2021,"Original","VARX",30,9,0.69485,"ok","",2.46970221521804,2,,,2,,,8,0,0,9,0,0,0.00142542466671747,0.695882860936981,""
"Republic of Belarus",2021,"Original","VARX",30,9,0.78448,"ok","",1.86993431930879,2,,,2,,,4,2,0,8,0,0,3.10099230974581e-05,0.796475657524988,""
"Republic of Benin",2021,"Original","VARX",30,9,0.37349,"ok","",1.14396088389905,2,,,2,,,6,0,1,0,0,0,6.45812922261957e-06,0.899126522979615,""
"Republic of Botswana",2021,"Original","VARX",30,9,0.64272,"ok","",1.75271846049596,2,,,2,,,0,6,0,8,0,0,5.22078753816269e-05,0.675532535963495,""
"Republic of Bulgaria",2021,"Original","VARX",30,9,0.76815,"ok","",2.04429296973804,2,,,2,,,0,5,0,9,0,0,0.00182435838414563,0.848517422013746,""
"Republic of Burundi",2021,"Original","VARX",30,9,0.28937,"ok","",1.301021319859,2,,,2,,,0,1,0,4,0,0,0.000492160411309062,0.9638502181242,""
"Republic of Cabo Verde",2021,"Original","VARX",30,9,0.53353,"ok","",0.980759074733653,2,,,2,,,0,0,0,0,0,0,1.79659506205354e-06,0.867178750238166,""
"Republic of Cameroon",2021,"Original","VARX",30,9,0.47969,"ok","",1.52168981742594,2,,,2,,,0,3,0,6,0,0,1.16291823353265e-05,0.630243566665654,""
"Republic of Chad",2021,"Original","VARX",30,9,0.24044,"ok","",0.969986296085897,2,,,2,,,1,0,0,0,0,0,0.00372933481912874,0.976143132085385,""
"Republic of Chile",2021,"Original","VARX",30,9,0.77151,"ok","",1.12449667022538,2,,,2,,,9,0,3,0,0,0,0.000881343279752977,0.846108500289787,""
"Republic of Colombia",2021,"Original","VARX",30,9,0.65544,"ok","",1.16682845130859,2,,,2,,,0,0,0,5,0,0,0.0034759059327677,0.86183297085198,""
"Republic of Costa Rica",2021,"Original","VARX",30,9,0.70034,"ok","",1.82441644752003,2,,,2,,,6,2,5,4,0,0,3.13559144350384e-05,0.924693477731742,""
"Republic of Croatia",2021,"Original","VARX",30,9,0.79834,"ok","",1.74498164692106,2,,,2,,,9,0,0,8,0,0,3.30706017259708e-05,0.837999751804003,""
"Republic of Cuba",2021,"Original","VARX",30,9,0.66873,"ok","",1.25725525012627,2,,,2,,,0,4,0,6,0,0,4.24690340716793e-06,0.772611456307247,""
"Republic of Cyprus",2021,"Original","VARX",30,9,0.83563,"ok","",1.19351522784831,2,,,2,,,8,0,0,6,0,0,0.00175129471564273,0.422495937092943,""
"Republic of Côte d'Ivoire",2021,"Original","VARX",30,9,0.42594,"ok","",1.03884131492669,2,,,2,,,5,0,0,0,0,0,0.000938998476503583,0.563258689703859,""
"Republic of Djibouti",2021,"Original","VARX",30,9,0.48796,"ok","",1.1858111602862,2,,,2,,,0,0,0,5,0,0,4.36650955696338e-05,0.660365126525288,""
"Republic of Ecuador",2021,"Original","VARX",30,9,0.66102,"ok","",1.22883248546083,2,,,2,,,6,0,6,0,0,0,0.101331506232504,0.999683543932889,""
"Republic of El Salvador",2021,"Original","VARX",30,9,0.56378,"ok","",1.78654034937046,2,,,2,,,7,0,0,9,0,0,0.104341773693037,0.950092580832255,""
"Republic of Equatorial Guinea",2021,"Original","VARX",30,9,0.65786,"ok","",2.72629950128852,2,,,2,,,4,3,5,4,0,0,0.00770303000342487,0.677696968280648,""
"Republic of Estonia",2021,"Original","VARX",30,9,0.84492,"ok","",1.50861113811364,2,,,2,,,0,7,0,7,0,0,0.0216988175390304,0.611628354419762,""
"Republic of Fiji",2021,"Original","VARX",30,9,0.67505,"ok","",2.06709897173141,2,,,2,,,9,0,0,8,0,0,0.000420690654554634,0.977485657257398,""
"Republic of Finland",2021,"Original","VARX",30,9,0.85983,"ok","",1.2904812966521,2,,,2,,,7,0,0,8,0,0,0.00366531920521629,0.561642357437647,""
"Republic of Ghana",2021,"Original","VARX",30,9,0.56493,"ok","",1.27592854123359,2,,,2,,,9,0,2,0,0,0,0.000748131432433019,0.921190119109418,""
"Republic of Guatemala",2021,"Original","VARX",30,9,0.53997,"ok","",0.975866277730109,2,,,2,,,0,0,0,0,0,0,0.0254481171236165,0.999336311500362,""
"Republic of Guinea",2021,"Original","VARX",30,9,0.3364,"ok","",1.26276126826933,2,,,2,,,0,3,2,0,0,0,0.000588032419174378,0.764727237223897,""
"Republic of Guinea-Bissau",2021,"Original","VARX",30,9,0.35311,"ok","",1.02101787897117,2,,,2,,,0,0,0,0,0,0,0.0686013067343768,0.996801216870257,""
"Republic of Guyana",2021,"Original","VARX",30,9,0.65081,"ok","",1.08439200967997,2,,,2,,,4,0,3,0,0,0,0.0555863778623836,0.99238652581532,""
"Republic of Haiti",2021,"Original","VARX",30,9,0.44828,"ok","",1.69132806822851,2,,,2,,,2,0,0,8,0,0,5.50287345533196e-05,0.890250177353697,""
"Republic of Honduras",2021,"Original","VARX",30,9,0.51304,"ok","",1.70799347443065,2,,,2,,,4,2,4,4,0,0,0.000734886659902401,0.983416971707819,""
"Republic of Iceland",2021,"Original","VARX",30,9,0.87636,"ok","",1.06254123694425,2,,,2,,,0,0,0,0,0,0,0.000323335785667789,0.803614762946139,""
"Republic of India",2021,"Original","VARX",30,9,0.5754,"ok","",1.00560293208696,2,,,2,,,0,0,1,0,0,0,0.0785224629973238,0.949638942284123,""
"Republic of Indonesia",2021,"Original","VARX",30,9,0.65687,"ok","",1.66949734890763,2,,,2,,,8,0,0,8,0,0,7.82427218279924e-05,0.867505140445981,""
"Republic of Iraq",2021,"Original","VARX",30,9,0.66263,"ok","",0.926029618643525,2,,,2,,,0,0,0,0,0,0,2.45354439876166e-07,0.571869056832908,""
"Republic of Italy",2021,"Original","VARX",30,9,0.80577,"ok","",1.07810473725733,2,,,2,,,0,0,0,6,0,0,1.3321539682476e-07,0.579025884927447,""
"Republic of Kazakhstan",2021,"Original","VARX",30,9,0.72514,"ok","",1.28757778902901,2,,,2,,,9,0,0,6,0,0,4.90950948006663e-05,0.853537227974391,""
"Republic of Kenya",2021,"Original","VARX",30,9,0.52377,"ok","",1.00072327169967,2,,,2,,,0,0,0,0,0,0,0.00814270253848604,0.99456203025012,""
"Republic of Kiribati",2021,"Original","VARX",30,9,0.52719,"ok","",2.28175580463944,2,,,2,,,9,0,0,8,0,0,0.00845470980644891,0.246635509255119,""
"Republic of Korea",2021,"Original","VARX",30,9,0.88668,"ok","",0.951639487009336,2,,,2,,,0,0,0,0,0,0,0.00671973299922435,0.932365840945001,""
"Republic of Latvia",2021,"Original","VARX",30,9,0.83066,"ok","",2.13405667532483,2,,,2,,,6,0,0,8,0,0,5.986041201822e-05,0.713079326293276,""
"Republic of Liberia",2021,"Original","VARX",30,9,0.35244,"ok","",1.08884238568856,2,,,2,,,0,0,0,0,0,0,0.16568401055375,0.991482161991607,""
"Republic of Lithuania",2021,"Original","VARX",30,9,0.85648,"ok","",2.20609358196559,2,,,2,,,9,0,0,9,0,0,2.03971819460191e-05,0.835499408880164,""
"Republic of Madagascar",2021,"Original","VARX",30,9,0.40025,"ok","",1.52948741123175,2,,,2,,,9,0,0,7,0,0,0.0172244634813954,0.848764703785289,""
"Republic of Malawi",2021,"Original","VARX",30,9,0.38455,"ok","",1.55931961720817,2,,,2,,,0,6,0,7,0,0,0.000671220497206471,0.919508684458276,""
"Republic of Maldives",2021,"Original","VARX",30,9,0.65089,"ok","",1.079875619103,2,,,2,,,9,0,1,0,0,0,0.0156947095083295,0.854957029730062,""
"Republic of Mali",2021,"Original","VARX",30,9,0.26858,"ok","",1.24220702865913,2,,,2,,,0,0,0,3,0,0,1.01099524016934e-05,0.358048970529999,""
"Republic of Malta",2021,"Original","VARX",30,9,0.80159,"ok","",1.41324845726711,2,,,2,,,4,0,0,7,0,0,0.000359151960039439,0.570793210180296,""
"Republic of Mauritius",2021,"Original","VARX",30,9,0.71826,"ok","",0.93184307074342,2,,,2,,,9,0,0,0,0,0,0.0959349630904757,0.947434367546649,""
"Republic of Moldova",2021,"Original","VARX",30,9,0.73221,"ok","",1.35035058225362,2,,,2,,,3,0,0,7,0,0,0.0137510956025222,0.999046668533423,""
"Republic of Mozambique",2021,"Original","VARX",30,9,0.32646,"ok","",1.26503239819493,2,,,2,,,6,0,5,0,0,0,0.00149587288394515,0.962974847520635,""
"Republic of Namibia",2021,"Original","VARX",30,9,0.61756,"ok","",1.74790432646088,2,,,2,,,0,5,0,8,0,0,0.000596786105009683,0.597204340252902,""
"Republic of Nauru",2021,"Original","VARX",30,9,0.62518,"ok","",2.08069531200581,2,,,2,,,0,5,0,8,0,0,0.0309969659900051,0.884970402111863,""
"Republic of Nicaragua",2021,"Original","VARX",30,9,0.52396,"ok","",1.00191885385692,2,,,2,,,1,0,3,0,0,0,0.575231887419391,0.99973989198568,""
"Republic of Niue",2021,"Original","VARX",30,9,0.72622,"ok","",1.45247051254339,2,,,2,,,7,0,0,8,0,0,0.62640631281326,0.998201980375617,""
"Republic of Palau",2021,"Original","VARX",30,9,0.75405,"ok","",1.90909645765317,2,,,2,,,8,0,0,8,0,0,0.0218166040655611,0.970852584545159,""
"Republic of Panama",2021,"Original","VARX",30,9,0.70886,"ok","",1.39595875510765,2,,,2,,,0,3,0,6,0,0,0.551195811337608,0.99436946486353,""
"Republic of Paraguay",2021,"Original","VARX",30,9,0.63572,"ok","",1.03988070175932,2,,,2,,,6,0,3,0,0,0,5.15037428728826e-05,0.998814171005442,""
"Republic of Peru",2021,"Original","VARX",30,9,0.66205,"ok","",1.46223451425344,2,,,2,,,0,4,0,9,0,0,1.44149458916054e-05,0.407629479953158,""
"Republic of Poland",2021,"Original","VARX",30,9,0.81204,"ok","",1.23930387588742,2,,,2,,,1,0,0,7,0,0,0.000182658585501039,0.963793772914083,""
"Republic of Rwanda",2021,"Original","VARX",30,9,0.43559,"ok","",1.20156336870583,2,,,2,,,0,1,0,4,0,0,9.73923510753094e-05,0.828787813793284,""
"Republic of San Marino",2021,"Original","VARX",30,9,0.88801,"ok","",3.98153293810624,2,,,2,,,9,0,0,9,0,0,0.0560903519029649,0.783301175158654,""
"Republic of Senegal",2021,"Original","VARX",30,9,0.40805,"ok","",1.8673491163779,2,,,2,,,0,6,0,8,0,0,0.00115757566350994,0.810726458467151,""
"Republic of Serbia",2021,"Original","VARX",30,9,0.79242,"ok","",1.94099125275982,2,,,2,,,0,7,0,8,0,0,0.00324699836481723,0.987901040520764,""
"Republic of Seychelles",2021,"Original","VARX",30,9,0.73015,"ok","",1.7231069922552,2,,,2,,,0,0,0,8,0,0,7.0793063328467e-05,0.948265834746711,""
"Republic of Sierra Leone",2021,"Original","VARX",30,9,0.35867,"ok","",1.77939356668156,2,,,2,,,3,0,3,4,0,0,0.00270396468830569,0.788199085230945,""
"Republic of Singapore",2021,"Original","VARX",30,9,0.8561,"ok","",1.25331648436149,2,,,2,,,6,1,6,0,0,0,0.00680160596948121,0.743683364535259,""
"Republic of Slovenia",2021,"Original","VARX",30,9,0.84243,"ok","",1.09039521720036,2,,,2,,,6,0,0,0,0,0,0.00674745582705294,0.601034015510294,""
"Republic of South Africa",2021,"Original","VARX",30,9,0.67963,"ok","",1.37919643881455,2,,,2,,,0,4,0,7,0,0,3.25238652376658e-06,0.923437565927842,""
"Republic of South Sudan",2021,"Original","VARX",30,9,0.27837,"ok","",2.08564314083623,2,,,2,,,0,6,0,7,0,0,0.0405989600286679,0.891583742721997,""
"Republic of Sudan",2021,"Original","VARX",30,9,0.54195,"ok","",1.22950388472348,2,,,2,,,9,0,0,6,0,0,0.000153201681712622,0.923835734562833,""
"Republic of Suriname",2021,"Original","VARX",30,9,0.63367,"ok","",1.42832277916702,2,,,2,,,2,0,5,2,0,0,0.247136294804221,0.9825448898827,""
"Republic of Tajikistan",2021,"Original","VARX",30,9,0.54151,"ok","",1.93912121245662,2,,,2,,,8,0,0,8,0,0,0.00202346412474119,0.92381261058783,""
"Republic of Trinidad and Tobago",2021,"Original","VARX",30,9,0.76876,"ok","",2.34044355248429,2,,,2,,,0,6,0,9,0,0,0.00168381292891728,0.761784991985239,""
"Republic of Tunisia",2021,"Original","VARX",30,9,0.68243,"ok","",3.72481522746543,2,,,2,,,9,0,0,9,0,0,1.53647928358147e-06,0.435197081924467,""
"Republic of Turkey",2021,"Original","VARX",30,9,0.71269,"ok","",1.01517360379172,2,,,2,,,9,0,0,0,0,0,0.000278926245263933,0.966900366765127,""
"Republic of Uganda",2021,"Original","VARX",30,9,0.42326,"ok","",1.05552598410538,2,,,2,,,0,0,0,0,0,0,0.00160447848889089,0.975372361669577,""
"Republic of Uzbekistan",2021,"Original","VARX",30,9,0.66262,"ok","",1.33707841914878,2,,,2,,,0,6,0,7,0,0,0.00636996320058347,0.938102259907259,""
"Republic of Vanuatu",2021,"Original","VARX",30,9,0.4731,"ok","",2.24530046131542,2,,,2,,,9,0,0,8,0,0,0.0146066141154235,0.460642884243695,""
"Republic of Yemen",2021,"Original","VARX",30,9,0.45038,"ok","",0.994545840890923,2,,,2,,,3,0,0,0,0,0,0.00280461177418589,0.764042022529389,""
"Republic of Zambia",2021,"Original","VARX",30,9,0.50595,"ok","",1.70828103198152,2,,,2,,,0,7,0,7,0,0,0.00694171894545736,0.887027822056727,""
"Republic of Zimbabwe",2021,"Original","VARX",30,9,0.47382,"ok","",1.01911904599504,2,,,2,,,5,0,0,0,0,0,5.56833142040247e-07,0.869039934641102,""
"Republic of the Congo",2021,"Original","VARX",30,9,0.58308,"ok","",1.30005183665279,2,,,2,,,0,0,0,6,0,0,0.0086098169394031,0.945647217384882,""
"Republic of the Gambia",2021,"Original","VARX",30,9,0.40971,"ok","",0.998259704264101,2,,,2,,,0,0,0,0,0,0,0.0336243106370187,0.93238946866422,""
"Republic of the Marshall Islands",2021,"Original","VARX",30,9,0.57409,"ok","",2.29042792489369,2,,,2,,,9,0,0,8,0,0,0.000472147479885887,0.0365065882713032,""
"Republic of the Niger",2021,"Original","VARX",30,9,0.16807,"ok","",1.47388076670346,2,,,2,,,6,0,3,2,0,0,0.000425244788395673,0.866785535972366,""
"Republic of the Philippines",2021,"Original","VARX",30,9,0.65122,"ok","",1.13304657361625,2,,,2,,,9,0,0,6,0,0,0.00012521790892317,0.945836408222851,""
"Republic of the Union of Myanmar",2021,"Original","VARX",30,9,0.5339,"ok","",1.49665471196035,2,,,2,,,9,0,0,8,0,0,3.24649055805093e-06,0.932196859205469,""
"Romania",2021,"Original","VARX",30,9,0.76845,"ok","",2.39872115446807,2,,,2,,,5,2,5,4,0,0,0.000125688084463893,0.979317083874867,""
"Russian Federation",2021,"Original","VARX",30,9,0.80854,"ok","",1.19926951945483,2,,,2,,,2,0,0,6,0,0,1.50068892625921e-05,0.829321788520918,""
"Saint Kitts and Nevis",2021,"Original","VARX",30,9,0.75499,"ok","",1.14657001565198,2,,,2,,,0,0,1,0,0,0,0.0234435918814546,0.996921778643608,""
"Saint Lucia",2021,"Original","VARX",30,9,0.67251,"ok","",1.86974521396855,2,,,2,,,9,0,0,8,0,0,0.0206765594289801,0.882196548146458,""
"Saint Vincent and the Grenadines",2021,"Original","VARX",30,9,0.6372,"ok","",1.93187846531148,2,,,2,,,9,0,0,8,0,0,0.189686013246748,0.769592914178693,""
"Slovak Republic",2021,"Original","VARX",30,9,0.81061,"ok","",1.81315522016787,2,,,2,,,8,0,0,8,0,0,0.00032465281224181,0.790700170720476,""
"Socialist Republic of Viet Nam",2021,"Original","VARX",30,9,0.62793,"ok","",3.96228156430693,2,,,2,,,9,0,0,9,0,0,2.09639450943211e-06,0.428887681004405,""
"Solomon Islands",2021,"Original","VARX",30,9,0.42936,"ok","",2.33832700809822,2,,,2,,,9,0,0,8,0,0,0.00324764568863767,0.71377731736543,""
"State of Eritrea",2021,"Original","VARX",30,9,0.40386,"ok","",1.96267885848055,2,,,2,,,0,6,0,7,0,0,9.19568366453127e-07,0.998426241556358,""
"State of Israel",2021,"Original","VARX",30,9,0.80901,"ok","",0.996041812829013,2,,,2,,,9,0,0,0,0,0,0.0285156325539089,0.862635474976135,""
"State of Kuwait",2021,"Original","VARX",30,9,0.84665,"ok","",1.47896726389813,2,,,2,,,0,4,0,6,0,0,8.9948426677755e-05,0.700776925448575,""
"State of Libya",2021,"Original","VARX",30,9,0.72577,"ok","",1.80405747467824,2,,,2,,,0,6,0,8,0,0,5.48457049865947e-05,0.936863274968501,""
"State of Qatar",2021,"Original","VARX",30,9,0.84686,"ok","",1.34773357178662,2,,,2,,,0,0,0,7,0,0,0.28655531811805,0.979646468727681,""
"Sultanate of Oman",2021,"Original","VARX",30,9,0.77339,"ok","",1.64907747418245,2,,,2,,,9,0,0,7,0,0,1.2935934148306e-05,0.909553446280865,""
"Swiss Confederation",2021,"Original","VARX",30,9,0.93306,"ok","",0.954949400851456,2,,,2,,,0,0,0,0,0,0,9.2039001890587e-05,0.448583602704459,""
"Syrian Arab Republic",2021,"Original","VARX",30,9,0.623,"ok","",1.57507312595985,2,,,2,,,9,0,0,7,0,0,0.000129885190095158,0.720869696542577,""
"Taiwan (Province of China)",2021,"Original","VARX",30,9,0.87475,"ok","",1.33442000376455,2,,,2,,,0,7,0,3,0,0,0.000748833638322899,0.952884413317374,""
"Togolese Republic",2021,"Original","VARX",30,9,0.40853,"ok","",1.98493678189177,2,,,2,,,0,3,0,7,0,0,7.01529268939405e-05,0.55744505106185,""
"Tokelau",2021,"Original","VARX",30,9,0.68643,"ok","",1.90800454280338,2,,,2,,,0,5,0,8,0,0,0.624623041301314,0.999602019083534,""
"Turkmenistan",2021,"Original","VARX",30,9,0.68216,"ok","",1.58002713016302,2,,,2,,,7,0,0,7,0,0,4.48538775196239e-05,0.797035231933131,""
"Tuvalu",2021,"Original","VARX",30,9,0.57662,"ok","",3.06288250069833,2,,,2,,,0,5,0,8,0,0,0.646464539350196,0.977004763804294,""
"Ukraine",2021,"Original","VARX",30,9,0.76077,"ok","",1.95419507030813,2,,,2,,,9,0,0,8,0,0,0.0215085974064615,0.979490170915456,""
"Union of the Comoros",2021,"Original","VARX",30,9,0.47598,"ok","",1.52151567791965,2,,,2,,,0,0,0,7,0,0,0.0106111279679676,0.968842601304447,""
"United Arab Emirates",2021,"Original","VARX",30,9,0.84932,"ok","",1.25112822671272,2,,,2,,,0,3,0,7,0,0,1.47018997420645e-06,0.932023905002094,""
"United Kingdom of Great Britain and Northern Ireland",2021,"Original","VARX",30,9,0.859,"ok","",1.05098801633954,2,,,2,,,0,0,0,0,0,0,0.0138695314397206,0.908675924371035,""
"United Mexican States",2021,"Original","VARX",30,9,0.66458,"ok","",1.14332747986077,2,,,2,,,6,0,1,0,0,0,3.63713756771356e-05,0.981860380897353,""
"United Republic of Tanzania",2021,"Original","VARX",30,9,0.44657,"ok","",1.57062404544886,2,,,2,,,0,4,0,7,0,0,0.00852759194382902,0.873977152540999,""
"United States Virgin Islands",2021,"Original","VARX",30,9,0.82183,"ok","",1.77593383690671,2,,,2,,,7,0,0,8,0,0,0.0851184335096036,0.610610783132783,""
"United States of America",2021,"Original","VARX",30,9,0.86245,"ok","",1.00793237590932,2,,,2,,,8,0,0,0,0,0,0.000466446671464116,0.9987611019222,""
"American Samoa",2021,"Original","ARIMAX",30,9,0.72373,"ok","",,2,0,0,1,0,0,0,0,0,0,0,0,0.993669398169138,0.799414820045406,""
"Antigua and Barbuda",2021,"Original","ARIMAX",30,9,0.74989,"ok","",,3,0,0,2,0,0,0,0,0,0,0,0,0.962244959623199,0.999761142248376,""
"Arab Republic of Egypt",2021,"Original","ARIMAX",30,9,0.60679,"ok","",,1,0,0,1,0,0,0,0,0,0,0,0,0.00198088021300291,0.987641654760029,""
"Argentine Republic",2021,"Original","ARIMAX",30,9,0.72312,"ok","",,1,0,0,0,0,1,0,0,0,0,0,0,1.92068583260152e-14,0.998942845274406,""
"Australia",2021,"Original","ARIMAX",30,9,0.84425,"ok","",,4,0,0,1,0,0,0,0,0,0,0,0,0.965045846671446,0.931171558525505,""
"Barbados",2021,"Original","ARIMAX",30,9,0.74675,"ok","",,2,0,0,1,0,1,0,0,0,0,0,0,0.369186071113109,0.914984331123428,""
"Belize",2021,"Original","ARIMAX",30,9,0.61023,"ok","",,2,0,0,0,0,1,0,0,0,0,0,0,0.016928592885004,0.998157303681649,""
"Bermuda",2021,"Original","ARIMAX",30,9,0.82137,"ok","",,2,0,1,2,0,0,0,0,0,0,0,0,0.7437988709997,0.999851244887466,""
"Bolivarian Republic of Venezuela",2021,"Original","ARIMAX",30,9,0.59651,"ok","",,2,0,0,1,0,0,0,0,0,0,0,0,0.953713804127862,0.980907335601932,""
"Bosnia and Herzegovina",2021,"Original","ARIMAX",30,9,0.72308,"ok","",,2,0,2,1,0,1,0,0,0,0,0,0,0.75388161245425,0.993983247388331,""
"Brunei Darussalam",2021,"Original","ARIMAX",30,9,0.81023,"ok","",,2,0,0,2,0,0,0,0,0,0,0,0,0.996545965335038,0.988013637145651,""
"Burkina Faso",2021,"Original","ARIMAX",30,9,0.28512,"ok","",,3,0,0,3,0,0,0,0,0,0,0,0,0.874762579610636,0.998932504766031,""
"Canada",2021,"Original","ARIMAX",30,9,0.87317,"ok","",,0,0,0,2,0,0,0,0,0,0,0,0,3.19262394299358e-11,0.999721689539182,""
"Central African Republic",2021,"Original","ARIMAX",30,9,0.30917,"ok","",,2,0,0,1,0,0,0,0,0,0,0,0,0.991599028637353,0.999998100335711,""
"Commonwealth of Dominica",2021,"Original","ARIMAX",30,9,0.74697,"ok","",,4,0,0,2,0,0,0,0,0,0,0,0,0.552834634198252,0.99972561960701,""
"Commonwealth of the Bahamas",2021,"Original","ARIMAX",30,9,0.80502,"ok","",,3,0,0,1,0,0,0,0,0,0,0,0,0.938218684845886,0.911498705830227,""
"Cook Islands",2021,"Original","ARIMAX",30,9,0.77911,"ok","",,2,0,0,1,0,0,0,0,0,0,0,0,0.890259947384012,0.700377756716672,""
"Czech Republic",2021,"Original","ARIMAX",30,9,0.82845,"ok","",,2,0,2,1,0,1,0,0,0,0,0,0,0.120307893825575,0.998889841842147,""
"Democratic People's Republic of Korea",2021,"Original","ARIMAX",30,9,0.56985,"ok","",,2,0,0,2,0,0,0,0,0,0,0,0,0.983105510691072,0.999769337515911,""
"Democratic Republic of Sao Tome and Principe",2021,"Original","ARIMAX",30,9,0.50541,"ok","",,2,0,0,1,0,0,0,0,0,0,0,0,0.933983284440346,0.988820225530282,""
"Democratic Republic of Timor-Leste",2021,"Original","ARIMAX",30,9,0.44467,"ok","",,1,0,1,2,0,2,0,0,0,0,0,0,0.415580442457957,0.99958794793352,""
"Democratic Republic of the Congo",2021,"Original","ARIMAX",30,9,0.38318,"ok","",,0,2,0,1,0,0,0,0,0,0,0,0,0.960365281310387,0.999193381367876,""
"Democratic Socialist Republic of Sri Lanka",2021,"Original","ARIMAX",30,9,0.70153,"ok","",,2,0,0,2,0,1,0,0,0,0,0,0,0.999927654185525,0.999597527843486,""
"Dominican Republic",2021,"Original","ARIMAX",30,9,0.61939,"ok","",,3,0,1,1,0,0,0,0,0,0,0,0,0.725065796955391,0.998587832295176,""
"Eastern Republic of Uruguay",2021,"Original","ARIMAX",30,9,0.71928,"ok","",,2,0,1,2,0,1,0,0,0,0,0,0,0.375040480698134,0.91971078154535,""
"Federal Democratic Republic of Ethiopia",2021,"Original","ARIMAX",30,9,0.35882,"ok","",,1,0,1,2,0,0,0,0,0,0,0,0,0.75552773046634,0.999603029340143,""
"Federal Democratic Republic of Nepal",2021,"Original","ARIMAX",30,9,0.43317,"ok","",,2,0,0,1,0,0,0,0,0,0,0,0,0.99986296659699,0.78144659395256,""
"Federal Republic of Germany",2021,"Original","ARIMAX",30,9,0.90296,"ok","",,3,0,0,0,0,2,0,0,0,0,0,0,0.866903023725774,0.998272595708885,""
"Federal Republic of Nigeria",2021,"Original","ARIMAX",30,9,0.50339,"ok","",,1,0,0,1,0,0,0,0,0,0,0,0,0.649768266944381,0.788556882130563,""
"Federal Republic of Somalia",2021,"Original","ARIMAX",30,9,0.07769,"ok","",,2,0,1,2,0,0,0,0,0,0,0,0,0.999200723024379,0.936927964554885,""
"Federated States of Micronesia",2021,"Original","ARIMAX",30,9,0.58753,"ok","",,1,0,1,1,0,0,0,0,0,0,0,0,0.195660609550258,0.641208448388192,""
"Federative Republic of Brazil",2021,"Original","ARIMAX",30,9,0.65304,"ok","",,2,0,0,2,0,0,0,0,0,0,0,0,0.381173350631245,0.974360343830821,""
"French Republic",2021,"Original","ARIMAX",30,9,0.83836,"ok","",,1,0,1,0,0,1,0,0,0,0,0,0,0.990251824568556,0.946935881741708,""
"Gabonese Republic",2021,"Original","ARIMAX",30,9,0.63469,"ok","",,1,0,0,2,0,0,0,0,0,0,0,0,0.93352353565368,0.999972663531075,""
"Georgia",2021,"Original","ARIMAX",30,9,0.73247,"ok","",,0,2,0,0,0,2,0,0,0,0,0,0,0.989919469053665,0.988832791227769,""
"Grand Duchy of Luxembourg",2021,"Original","ARIMAX",30,9,0.88443,"ok","",,2,0,2,1,0,0,0,0,0,0,0,0,0.366957493252938,0.997228057105755,""
"Greenland",2021,"Original","ARIMAX",30,9,0.82621,"ok","",,3,0,0,0,0,1,0,0,0,0,0,0,0.72495788439435,0.980631324036032,""
"Grenada",2021,"Original","ARIMAX",30,9,0.66899,"ok","",,4,0,0,2,0,0,0,0,0,0,0,0,0.755139504478467,0.998705724008524,""
"Guam",2021,"Original","ARIMAX",30,9,0.80398,"ok","",,2,0,2,2,0,0,0,0,0,0,0,0,0.811199137170153,0.999961802115431,""
"Hashemite Kingdom of Jordan",2021,"Original","ARIMAX",30,9,0.72531,"ok","",,1,0,1,2,0,0,0,0,0,0,0,0,0.808690671640107,0.99978852898764,""
"Hellenic Republic",2021,"Original","ARIMAX",30,9,0.79185,"ok","",,2,0,1,2,0,0,0,0,0,0,0,0,0.876030316498055,0.981539167771577,""
"Hungary",2021,"Original","ARIMAX",30,9,0.79075,"ok","",,2,0,0,1,0,1,0,0,0,0,0,0,0.999107084055792,0.922638018632525,""
"Independent State of Papua New Guinea",2021,"Original","ARIMAX",30,9,0.4178,"ok","",,2,0,0,1,0,0,0,0,0,0,0,0,0.999965065243959,0.999742336099128,""
"Independent State of Samoa",2021,"Original","ARIMAX",30,9,0.59339,"ok","",,2,0,2,0,0,0,0,0,0,0,0,0,0.998933856508067,0.0500911646469013,""
"Ireland",2021,"Original","ARIMAX",30,9,0.87375,"ok","",,3,0,1,1,0,0,0,0,0,0,0,0,0.7078702486489,0.877872222616514,""
"Islamic Republic of Afghanistan",2021,"Original","ARIMAX",30,9,0.3372,"ok","",,2,0,2,0,0,1,0,0,0,0,0,0,0.303135424621964,0.984659080196712,""
"Islamic Republic of Iran",2021,"Original","ARIMAX",30,9,0.69721,"ok","",,3,0,0,1,0,0,0,0,0,0,0,0,0.961730846011186,0.995660163924746,""
"Islamic Republic of Mauritania",2021,"Original","ARIMAX",30,9,0.49895,"ok","",,1,0,1,1,0,0,0,0,0,0,0,0,0.420328830116941,0.997623612748834,""
"Islamic Republic of Pakistan",2021,"Original","ARIMAX",30,9,0.50403,"ok","",,2,0,2,1,0,0,0,0,0,0,0,0,0.957803380765057,0.979994580944251,""
"Jamaica",2021,"Original","ARIMAX",30,9,0.68326,"ok","",,2,0,0,2,0,0,0,0,0,0,0,0,0.998779075681303,0.996006876284306,""
"Japan",2021,"Original","ARIMAX",30,9,0.87124,"ok","",,4,0,0,2,0,0,0,0,0,0,0,0,0.702272954506747,0.999507068832268,""
"Kingdom of Bahrain",2021,"Original","ARIMAX",30,9,0.75304,"ok","",,1,0,2,2,0,0,0,0,0,0,0,0,0.761806320130724,0.999843505536729,""
"Kingdom of Belgium",2021,"Original","ARIMAX",30,9,0.85365,"ok","",,0,0,0,0,0,1,0,0,0,0,0,0,5.99076344087734e-12,0.94978400849276,""
"Kingdom of Bhutan",2021,"Original","ARIMAX",30,9,0.47306,"ok","",,1,0,1,2,0,0,0,0,0,0,0,0,0.680658021454886,0.789373962252628,""
"Kingdom of Cambodia",2021,"Original","ARIMAX",30,9,0.47362,"ok","",,2,0,1,2,0,1,0,0,0,0,0,0,0.997220793212482,0.890910926508437,""
"Kingdom of Denmark",2021,"Original","ARIMAX",30,9,0.89642,"ok","",,2,0,0,2,0,0,0,0,0,0,0,0,0.992233364258338,0.999398261014383,""
"Kingdom of Eswatini",2021,"Original","ARIMAX",30,9,0.58546,"ok","",,2,0,0,0,0,2,0,0,0,0,0,0,0.997450592491173,0.963615803765205,""
"Kingdom of Lesotho",2021,"Original","ARIMAX",30,9,0.51039,"ok","",,2,0,0,0,0,3,0,0,0,0,0,0,0.971517989585065,0.962660624769337,""
"Kingdom of Morocco",2021,"Original","ARIMAX",30,9,0.5627,"ok","",,1,0,0,0,0,1,0,0,0,0,0,0,0.00118418895593608,0.99999201486857,""
"Kingdom of Norway",2021,"Original","ARIMAX",30,9,0.91613,"ok","",,2,0,2,2,0,0,0,0,0,0,0,0,0.424121155455904,0.992102705197332,""
"Kingdom of Saudi Arabia",2021,"Original","ARIMAX",30,9,0.81514,"ok","",,1,0,0,0,0,1,0,0,0,0,0,0,0,0.999981144531593,""
"Kingdom of Spain",2021,"Original","ARIMAX",30,9,0.76928,"ok","",,4,0,0,1,0,0,0,0,0,0,0,0,0.551211806605623,0.856349089038632,""
"Kingdom of Sweden",2021,"Original","ARIMAX",30,9,0.88688,"ok","",,0,0,0,0,0,1,0,0,0,0,0,0,0.00200857131759624,0.967994981737153,""
"Kingdom of Thailand",2021,"Original","ARIMAX",30,9,0.68255,"ok","",,2,0,1,2,0,1,0,0,0,0,0,0,0.591405553518045,0.991542193558112,""
"Kingdom of Tonga",2021,"Original","ARIMAX",30,9,0.62635,"ok","",,2,0,0,1,0,0,0,0,0,0,0,0,0.949573869889728,0.692872639446304,""
"Kingdom of the Netherlands",2021,"Original","ARIMAX",30,9,0.88846,"ok","",,3,0,1,1,0,0,0,0,0,0,0,0,0.97664086769442,0.968582039556796,""
"Kyrgyz Republic",2021,"Original","ARIMAX",30,9,0.60398,"ok","",,0,2,0,1,0,0,0,0,0,0,0,0,0.656972480810052,0.992672166101149,""
"Lao People's Democratic Republic",2021,"Original","ARIMAX",30,9,0.48914,"ok","",,2,0,0,2,0,1,0,0,0,0,0,0,0.996708464851173,0.984436312114491,""
"Lebanese Republic",2021,"Original","ARIMAX",30,9,0.74475,"ok","",,4,0,0,1,0,0,0,0,0,0,0,0,0.365478004981853,0.116775329899464,""
"Malaysia",2021,"Original","ARIMAX",30,9,0.74252,"ok","",,3,0,0,2,0,0,0,0,0,0,0,0,0.994823497985362,0.837245954717924,""
"Mongolia",2021,"Original","ARIMAX",30,9,0.61762,"ok","",,1,0,1,1,0,0,0,0,0,0,0,0,0.0536316971863273,0.996318439525559,""
"Montenegro",2021,"Original","ARIMAX",30,9,0.7958,"ok","",,2,0,0,0,0,2,0,0,0,0,0,0,0.997872247189972,0.998600353210051,""
"New Zealand",2021,"Original","ARIMAX",30,9,0.84944,"ok","",,0,0,0,1,0,0,0,0,0,0,0,0,6.24722495956576e-13,0.993994744183129,""
"North Macedonia",2021,"Original","ARIMAX",30,9,0.75063,"ok","",,2,0,0,2,0,0,0,0,0,0,0,0,0.951295135394506,0.999998004451895,""
"Northern Mariana Islands",2021,"Original","ARIMAX",30,9,0.77154,"ok","",,3,1,0,3,0,1,0,0,0,0,0,0,0.00526393729425934,0.998697157719618,""
"Palestine",2021,"Original","ARIMAX",30,9,0.63101,"ok","",,1,0,1,2,0,0,0,0,0,0,0,0,0.00302832678418008,0.997494705460361,""
"People's Democratic Republic of Algeria",2021,"Original","ARIMAX",30,9,0.6595,"ok","",,2,0,0,1,0,0,0,0,0,0,0,0,0.00191320251021943,0.999725389133991,""
"People's Republic of Bangladesh",2021,"Original","ARIMAX",30,9,0.49242,"ok","",,2,0,2,1,0,0,0,0,0,0,0,0,0.592747230523805,0.999748485097786,""
"People's Republic of China",2021,"Original","ARIMAX",30,9,0.72163,"ok","",,4,0,0,2,0,0,0,0,0,0,0,0,0.225803508361166,0.977313899366483,""
"Plurinational State of Bolivia",2021,"Original","ARIMAX",30,9,0.59901,"ok","",,2,0,0,0,0,1,0,0,0,0,0,0,0.460230909934457,0.999906331222844,""
"Portuguese Republic",2021,"Original","ARIMAX",30,9,0.74415,"ok","",,4,0,0,2,0,0,0,0,0,0,0,0,0.4037471473086,0.995578613796487,""
"Principality of Andorra",2021,"Original","ARIMAX",30,9,0.86944,"ok","",,3,0,0,1,0,0,0,0,0,0,0,0,0.868655802220888,0.999966082075071,""
"Principality of Monaco",2021,"Original","ARIMAX",30,9,0.90826,"ok","",,3,0,0,2,0,0,0,0,0,0,0,0,0.897195956454308,0.99888101995199,""
"Puerto Rico",2021,"Original","ARIMAX",30,9,0.82553,"ok","",,2,0,0,1,0,0,0,0,0,0,0,0,0.959760319049967,0.999824868018177,""
"Republic of Albania",2021,"Original","ARIMAX",30,9,0.70685,"ok","",,2,0,2,0,0,1,0,0,0,0,0,0,0.713107011423163,0.892842717667395,""
"Republic of Angola",2021,"Original","ARIMAX",30,9,0.45372,"ok","",,1,0,1,1,0,0,0,0,0,0,0,0,0.49408236265263,0.994292744715308,""
"Republic of Armenia",2021,"Original","ARIMAX",30,9,0.70183,"ok","",,1,0,1,2,0,0,0,0,0,0,0,0,0.597402612605677,0.999990711847213,""
"Republic of Austria",2021,"Original","ARIMAX",30,9,0.85384,"ok","",,4,0,0,2,0,0,0,0,0,0,0,0,0.872292797824247,0.9986931440694,""
"Republic of Azerbaijan",2021,"Original","ARIMAX",30,9,0.69485,"ok","",,2,0,1,2,0,0,0,0,0,0,0,0,0.999976986221259,0.999917543952943,""
"Republic of Belarus",2021,"Original","ARIMAX",30,9,0.78448,"ok","",,2,0,1,0,0,0,0,0,0,0,0,0,0.861012959859689,0.330530824445551,""
"Republic of Benin",2021,"Original","ARIMAX",30,9,0.37349,"ok","",,1,0,1,0,0,1,0,0,0,0,0,0,0.880742016374875,0.985011091819684,""
"Republic of Botswana",2021,"Original","ARIMAX",30,9,0.64272,"ok","",,2,0,0,1,0,0,0,0,0,0,0,0,0.998380066855492,0.805843319412197,""
"Republic of Bulgaria",2021,"Original","ARIMAX",30,9,0.76815,"ok","",,4,0,0,2,0,1,0,0,0,0,0,0,0.769216108942202,0.999925466162089,""
"Republic of Burundi",2021,"Original","ARIMAX",30,9,0.28937,"ok","",,1,0,1,2,0,0,0,0,0,0,0,0,0.427785540031687,0.99562721435157,""
"Republic of Cabo Verde",2021,"Original","ARIMAX",30,9,0.53353,"ok","",,4,0,0,0,0,1,0,0,0,0,0,0,0.966584400879984,0.992421463747768,""
"Republic of Cameroon",2021,"Original","ARIMAX",30,9,0.47969,"ok","",,2,0,1,1,0,0,0,0,0,0,0,0,0.111152339043876,0.946621869957596,""
"Republic of Chad",2021,"Original","ARIMAX",30,9,0.24044,"ok","",,2,0,0,1,0,0,0,0,0,0,0,0,0.997715790263827,0.839154352958594,""
"Republic of Chile",2021,"Original","ARIMAX",30,9,0.77151,"ok","",,1,0,2,1,0,0,0,0,0,0,0,0,0.965438732395727,0.999915913716895,""
"Republic of Colombia",2021,"Original","ARIMAX",30,9,0.65544,"ok","",,2,0,0,1,0,0,0,0,0,0,0,0,0.91300663808897,0.40071523599694,""
"Republic of Costa Rica",2021,"Original","ARIMAX",30,9,0.70034,"ok","",,1,0,2,0,0,1,0,0,0,0,0,0,0.791165832452824,0.986262485407396,""
"Republic of Croatia",2021,"Original","ARIMAX",30,9,0.79834,"ok","",,4,0,0,2,0,0,0,0,0,0,0,0,0.928500646208836,0.999992345741447,""
"Republic of Cuba",2021,"Original","ARIMAX",30,9,0.66873,"ok","",,4,0,0,2,0,1,0,0,0,0,0,0,0.972349731069234,0.999980702373486,""
"Republic of Cyprus",2021,"Original","ARIMAX",30,9,0.83563,"ok","",,2,0,1,2,0,0,0,0,0,0,0,0,0.47364531068025,0.989275900931772,""
"Republic of Côte d'Ivoire",2021,"Original","ARIMAX",30,9,0.42594,"ok","",,2,0,0,1,0,0,0,0,0,0,0,0,0.684632480129997,0.927137656497976,""
"Republic of Djibouti",2021,"Original","ARIMAX",30,9,0.48796,"ok","",,2,0,0,1,0,0,0,0,0,0,0,0,0.960865586597314,0.987734975545199,""
"Republic of Ecuador",2021,"Original","ARIMAX",30,9,0.66102,"ok","",,2,0,0,0,0,1,0,0,0,0,0,0,0.996107025787806,0.997609819032184,""
"Republic of El Salvador",2021,"Original","ARIMAX",30,9,0.56378,"ok","",,2,0,0,1,0,0,0,0,0,0,0,0,0.999679942035208,0.999962351636855,""
"Republic of Equatorial Guinea",2021,"Original","ARIMAX",30,9,0.65786,"ok","",,2,0,0,1,0,0,0,0,0,0,0,0,0.830665680956634,0.999983819614127,""
"Republic of Estonia",2021,"Original","ARIMAX",30,9,0.84492,"ok","",,1,0,1,2,0,1,0,0,0,0,0,0,0.797853539833324,0.985192644949065,""
"Republic of Fiji",2021,"Original","ARIMAX",30,9,0.67505,"ok","",,2,0,0,1,0,0,0,0,0,0,0,0,0.99993520416455,0.556705063296827,""
"Republic of Finland",2021,"Original","ARIMAX",30,9,0.85983,"ok","",,1,0,0,2,0,0,0,0,0,0,0,0,2.9428681713739e-11,0.999710102239515,""
"Republic of Ghana",2021,"Original","ARIMAX",30,9,0.56493,"ok","",,2,0,2,0,0,1,0,0,0,0,0,0,0.57356893093872,0.992758723102293,""
"Republic of Guatemala",2021,"Original","ARIMAX",30,9,0.53997,"ok","",,2,0,0,1,0,0,0,0,0,0,0,0,0.993442906890374,0.869247505013489,""
"Republic of Guinea",2021,"Original","ARIMAX",30,9,0.3364,"ok","",,4,0,0,0,0,1,0,0,0,0,0,0,0.491431846393038,0.998459520643876,""
"Republic of Guinea-Bissau",2021,"Original","ARIMAX",30,9,0.35311,"ok","",,3,0,0,0,0,1,0,0,0,0,0,0,0.951211510479412,0.996984465930517,""
"Republic of Guyana",2021,"Original","ARIMAX",30,9,0.65081,"ok","",,1,0,0,2,0,1,0,0,0,0,0,0,0.000998265419032474,0.987926641135514,""
"Republic of Haiti",2021,"Original","ARIMAX",30,9,0.44828,"ok","",,2,0,2,2,0,0,0,0,0,0,0,0,0.424816195027125,0.999967090852448,""
"Republic of Honduras",2021,"Original","ARIMAX",30,9,0.51304,"ok","",,3,0,1,0,0,1,0,0,0,0,0,0,0.936507372002806,0.99022663492199,""
"Republic of Iceland",2021,"Original","ARIMAX",30,9,0.87636,"ok","",,4,0,0,1,0,0,0,0,0,0,0,0,0.377786572451292,0.988065795858627,""
"Republic of India",2021,"Original","ARIMAX",30,9,0.5754,"ok","",,2,0,0,2,0,0,0,0,0,0,0,0,0.812750442701109,0.994118344014928,""
"Republic of Indonesia",2021,"Original","ARIMAX",30,9,0.65687,"ok","",,2,0,1,2,0,0,0,0,0,0,0,0,0.999890592279276,0.999960525415919,""
"Republic of Iraq",2021,"Original","ARIMAX",30,9,0.66263,"ok","",,2,0,0,1,0,0,0,0,0,0,0,0,0.796003067134908,0.938292350333542,""
"Republic of Italy",2021,"Original","ARIMAX",30,9,0.80577,"ok","",,2,0,2,1,0,0,0,0,0,0,0,0,0.14926812223921,0.998531199871075,""
"Republic of Kazakhstan",2021,"Original","ARIMAX",30,9,0.72514,"ok","",,4,0,0,2,0,0,0,0,0,0,0,0,0.799297852682412,0.999756633732713,""
"Republic of Kenya",2021,"Original","ARIMAX",30,9,0.52377,"ok","",,2,0,0,1,0,0,0,0,0,0,0,0,0.999978948467445,0.848138653117536,""
"Republic of Kiribati",2021,"Original","ARIMAX",30,9,0.52719,"ok","",,2,0,1,0,0,0,0,0,0,0,0,0,0.884871144636266,0.038859500654902,""
"Republic of Korea",2021,"Original","ARIMAX",30,9,0.88668,"ok","",,2,0,2,2,0,0,0,0,0,0,0,0,0.748613478810208,0.999576463730516,""
"Republic of Latvia",2021,"Original","ARIMAX",30,9,0.83066,"ok","",,4,0,0,1,0,0,0,0,0,0,0,0,0.220163316278317,0.456993019489667,""
"Republic of Liberia",2021,"Original","ARIMAX",30,9,0.35244,"ok","",,2,0,0,1,0,0,0,0,0,0,0,0,0.994884266531888,0.992304649366462,""
"Republic of Lithuania",2021,"Original","ARIMAX",30,9,0.85648,"ok","",,3,0,2,0,0,0,0,0,0,0,0,0,0.972984044753318,0.25711000429524,""
"Republic of Madagascar",2021,"Original","ARIMAX",30,9,0.40025,"ok","",,2,0,0,1,0,0,0,0,0,0,0,0,0.751886327267111,0.941154629801983,""
"Republic of Malawi",2021,"Original","ARIMAX",30,9,0.38455,"ok","",,2,0,0,2,0,0,0,0,0,0,0,0,0.999964977410236,0.965304314971456,""
"Republic of Maldives",2021,"Original","ARIMAX",30,9,0.65089,"ok","",,2,0,1,1,0,1,0,0,0,0,0,0,0.882853832292437,0.995735275558587,""
"Republic of Mali",2021,"Original","ARIMAX",30,9,0.26858,"ok","",,1,0,1,1,0,0,0,0,0,0,0,0,0.465924843054849,0.953273175917804,""
"Republic of Malta",2021,"Original","ARIMAX",30,9,0.80159,"ok","",,2,0,2,1,0,0,0,0,0,0,0,0,0.0251411920936251,0.998559618533969,""
"Republic of Mauritius",2021,"Original","ARIMAX",30,9,0.71826,"ok","",,3,0,1,2,0,0,0,0,0,0,0,0,0.273919526445348,0.999996831472049,""
"Republic of Moldova",2021,"Original","ARIMAX",30,9,0.73221,"ok","",,2,0,0,2,0,0,0,0,0,0,0,0,0.98521875446616,0.999876681730845,""
"Republic of Mozambique",2021,"Original","ARIMAX",30,9,0.32646,"ok","",,2,0,0,0,0,3,0,0,0,0,0,0,0.999944621082173,0.994019853231172,""
"Republic of Namibia",2021,"Original","ARIMAX",30,9,0.61756,"ok","",,2,0,0,2,0,1,0,0,0,0,0,0,0.999640608775089,0.991773991762595,""
"Republic of Nauru",2021,"Original","ARIMAX",30,9,0.62518,"ok","",,1,2,0,2,0,1,0,0,0,0,0,0,0.104328114299992,0.273650962389606,""
"Republic of Nicaragua",2021,"Original","ARIMAX",30,9,0.52396,"ok","",,2,0,1,0,0,1,0,0,0,0,0,0,0.992894251989378,0.999571045373634,""
"Republic of Niue",2021,"Original","ARIMAX",30,9,0.72622,"ok","",,2,0,0,1,0,0,0,0,0,0,0,0,0.494353300902935,0.681422384628758,""
"Republic of Palau",2021,"Original","ARIMAX",30,9,0.75405,"ok","",,2,0,1,1,0,0,0,0,0,0,0,0,0.999548324936689,0.665635366572078,""
"Republic of Panama",2021,"Original","ARIMAX",30,9,0.70886,"ok","",,2,0,0,0,0,1,0,0,0,0,0,0,0.976873693681198,0.999983963664336,""
"Republic of Paraguay",2021,"Original","ARIMAX",30,9,0.63572,"ok","",,4,0,0,0,0,2,0,0,0,0,0,0,0.098590296501226,0.986818612984611,""
"Republic of Peru",2021,"Original","ARIMAX",30,9,0.66205,"ok","",,2,0,0,1,0,0,0,0,0,0,0,0,0.827945575937922,0.999057191357163,""
"Republic of Poland",2021,"Original","ARIMAX",30,9,0.81204,"ok","",,2,0,1,2,0,0,0,0,0,0,0,0,0.194185220071567,0.903476607909589,""
"Republic of Rwanda",2021,"Original","ARIMAX",30,9,0.43559,"ok","",,1,0,1,0,0,0,0,0,0,0,0,0,0.125112797470159,1.05912883197057e-06,""
"Republic of San Marino",2021,"Original","ARIMAX",30,9,0.88801,"ok","",,3,0,0,0,0,1,0,0,0,0,0,0,0.682972609702438,0.999605553288815,""
"Republic of Senegal",2021,"Original","ARIMAX",30,9,0.40805,"ok","",,1,0,2,1,0,0,0,0,0,0,0,0,0.991868964185247,0.99739730923434,""
"Republic of Serbia",2021,"Original","ARIMAX",30,9,0.79242,"ok","",,2,0,2,2,0,0,0,0,0,0,0,0,0.714609006331251,0.999973222706792,""
"Republic of Seychelles",2021,"Original","ARIMAX",30,9,0.73015,"ok","",,2,0,2,2,0,1,0,0,0,0,0,0,0.699542621001404,0.999717957135601,""
"Republic of Sierra Leone",2021,"Original","ARIMAX",30,9,0.35867,"ok","",,1,0,0,2,0,0,0,0,0,0,0,0,1.03124524086784e-06,0.956458919416542,""
"Republic of Singapore",2021,"Original","ARIMAX",30,9,0.8561,"ok","",,1,0,0,1,0,2,0,0,0,0,0,0,0.986024276209789,0.908690463366698,""
"Republic of Slovenia",2021,"Original","ARIMAX",30,9,0.84243,"ok","",,3,0,0,1,0,0,0,0,0,0,0,0,0.0369774986361781,0.854334271884257,""
"Republic of South Africa",2021,"Original","ARIMAX",30,9,0.67963,"ok","",,2,0,1,1,0,0,0,0,0,0,0,0,0.999944586435865,0.926287606309856,""
"Republic of South Sudan",2021,"Original","ARIMAX",30,9,0.27837,"ok","",,0,0,0,1,0,0,0,0,0,0,0,0,0.000981426883419845,0.995639985330122,""
"Republic of Sudan",2021,"Original","ARIMAX",30,9,0.54195,"ok","",,2,0,1,1,0,0,0,0,0,0,0,0,0.122390216188528,0.999542150231103,""
"Republic of Suriname",2021,"Original","ARIMAX",30,9,0.63367,"ok","",,2,0,0,0,0,2,0,0,0,0,0,0,0.88941519118325,0.981896070185096,""
"Republic of Tajikistan",2021,"Original","ARIMAX",30,9,0.54151,"ok","",,2,2,2,2,0,0,0,0,0,0,0,0,0.953135755054151,0.999992043136799,""
"Republic of Trinidad and Tobago",2021,"Original","ARIMAX",30,9,0.76876,"ok","",,2,0,0,2,0,1,0,0,0,0,0,0,0.938932963937771,0.995692703601016,""
"Republic of Tunisia",2021,"Original","ARIMAX",30,9,0.68243,"ok","",,2,0,0,2,0,0,0,0,0,0,0,0,0.489351106023665,0.997524944084709,""
"Republic of Turkey",2021,"Original","ARIMAX",30,9,0.71269,"ok","",,2,0,0,0,0,1,0,0,0,0,0,0,0.000133012830204948,0.927951527023655,""
"Republic of Uganda",2021,"Original","ARIMAX",30,9,0.42326,"ok","",,2,0,1,2,0,0,0,0,0,0,0,0,0.999773710655062,0.971454313272622,""
"Republic of Uzbekistan",2021,"Original","ARIMAX",30,9,0.66262,"ok","",,2,0,2,1,0,0,0,0,0,0,0,0,0.999966458098382,0.984338361330199,""
"Republic of Vanuatu",2021,"Original","ARIMAX",30,9,0.4731,"ok","",,1,0,0,1,0,0,0,0,0,0,0,0,0.125310400966371,0.581193495809315,""
"Republic of Yemen",2021,"Original","ARIMAX",30,9,0.45038,"ok","",,0,0,0,0,0,0,0,0,0,0,0,0,1.33526523171668e-12,0.847840383054321,""
"Republic of Zambia",2021,"Original","ARIMAX",30,9,0.50595,"ok","",,1,0,1,2,0,1,0,0,0,0,0,0,0.678026941496979,0.978138379555052,""
"Republic of Zimbabwe",2021,"Original","ARIMAX",30,9,0.47382,"ok","",,0,2,1,0,0,2,0,0,0,0,0,0,0.644224005878879,0.994498848640924,""
"Republic of the Congo",2021,"Original","ARIMAX",30,9,0.58308,"ok","",,1,0,1,1,0,0,0,0,0,0,0,0,0.533922783475182,0.970787823372273,""
"Republic of the Gambia",2021,"Original","ARIMAX",30,9,0.40971,"ok","",,2,0,0,1,0,0,0,0,0,0,0,0,0.851989691403278,0.937439510136518,""
"Republic of the Marshall Islands",2021,"Original","ARIMAX",30,9,0.57409,"ok","",,3,0,0,1,0,0,0,0,0,0,0,0,0.908792895448876,0.819981763837347,""
"Republic of the Niger",2021,"Original","ARIMAX",30,9,0.16807,"ok","",,1,0,1,0,0,0,0,0,0,0,0,0,0.311106395498936,0.987427734148239,""
"Republic of the Philippines",2021,"Original","ARIMAX",30,9,0.65122,"ok","",,2,0,0,1,0,0,0,0,0,0,0,0,0.94163441541221,0.984920182950371,""
"Republic of the Union of Myanmar",2021,"Original","ARIMAX",30,9,0.5339,"ok","",,2,0,0,2,0,1,0,0,0,0,0,0,0.9999369827918,0.999733789027972,""
"Romania",2021,"Original","ARIMAX",30,9,0.76845,"ok","",,0,0,0,2,0,0,0,0,0,0,0,0,1.5377921158688e-11,0.999999581274991,""
"Russian Federation",2021,"Original","ARIMAX",30,9,0.80854,"ok","",,2,0,2,2,0,0,0,0,0,0,0,0,0.0352772205096347,0.991011197383239,""
"Saint Kitts and Nevis",2021,"Original","ARIMAX",30,9,0.75499,"ok","",,2,0,0,0,0,1,0,0,0,0,0,0,0.630978599499591,0.914497978770958,""
"Saint Lucia",2021,"Original","ARIMAX",30,9,0.67251,"ok","",,2,0,0,2,0,1,0,0,0,0,0,0,0.336716066333822,0.999952310486721,""
"Saint Vincent and the Grenadines",2021,"Original","ARIMAX",30,9,0.6372,"ok","",,1,0,0,2,0,0,0,0,0,0,0,0,0.00600020671081758,0.999382761265561,""
"Slovak Republic",2021,"Original","ARIMAX",30,9,0.81061,"ok","",,2,0,1,2,0,1,0,0,0,0,0,0,0.259949460678913,0.999486495342845,""
"Socialist Republic of Viet Nam",2021,"Original","ARIMAX",30,9,0.62793,"ok","",,2,0,0,0,0,1,0,0,0,0,0,0,0.919140451101458,0.850137814481904,""
"Solomon Islands",2021,"Original","ARIMAX",30,9,0.42936,"ok","",,2,0,1,1,0,0,0,0,0,0,0,0,0.999940123967353,0.618387325816165,""
"State of Eritrea",2021,"Original","ARIMAX",30,9,0.40386,"ok","",,1,0,1,1,0,1,0,0,0,0,0,0,0.743840247004016,0.925339969932844,""
"State of Israel",2021,"Original","ARIMAX",30,9,0.80901,"ok","",,2,0,1,1,0,0,0,0,0,0,0,0,0.205436670683119,0.960295538795566,""
"State of Kuwait",2021,"Original","ARIMAX",30,9,0.84665,"ok","",,3,0,0,1,0,0,0,0,0,0,0,0,0.99276231514646,0.999205380014771,""
"State of Libya",2021,"Original","ARIMAX",30,9,0.72577,"ok","",,2,0,0,1,0,0,0,0,0,0,0,0,0.997658484400866,0.999958474399662,""
"State of Qatar",2021,"Original","ARIMAX",30,9,0.84686,"ok","",,3,0,0,1,0,0,0,0,0,0,0,0,0.246623605226353,0.971537639570984,""
"Sultanate of Oman",2021,"Original","ARIMAX",30,9,0.77339,"ok","",,0,0,0,1,0,0,0,0,0,0,0,0,2.11192507926228e-10,0.993922271273734,""
"Swiss Confederation",2021,"Original","ARIMAX",30,9,0.93306,"ok","",,2,0,2,2,0,0,0,0,0,0,0,0,0.390486775199644,0.782308822695432,""
"Syrian Arab Republic",2021,"Original","ARIMAX",30,9,0.623,"ok","",,2,0,3,1,0,1,0,0,0,0,0,0,0.651010317853281,0.98731305910498,""
"Taiwan (Province of China)",2021,"Original","ARIMAX",30,9,0.87475,"ok","",,1,0,1,0,0,3,0,0,0,0,0,0,0.892099957916323,0.965782476212495,""
"Togolese Republic",2021,"Original","ARIMAX",30,9,0.40853,"ok","",,1,0,0,1,0,0,0,0,0,0,0,0,5.88617589336593e-07,0.999258608372244,""
"Tokelau",2021,"Original","ARIMAX",30,9,0.68643,"ok","",,2,0,0,0,0,0,0,0,0,0,0,0,0.831253677452247,0.798704033877498,""
"Turkmenistan",2021,"Original","ARIMAX",30,9,0.68216,"ok","",,2,0,0,2,0,0,0,0,0,0,0,0,0.808377122862342,0.999992757580185,""
"Tuvalu",2021,"Original","ARIMAX",30,9,0.57662,"ok","",,2,0,0,2,0,1,0,0,0,0,0,0,0.90789217796097,0.190102393188111,""
"Ukraine",2021,"Original","ARIMAX",30,9,0.76077,"ok","",,1,0,2,0,0,0,0,0,0,0,0,0,0.940752168186525,0.120624480101366,""
"Union of the Comoros",2021,"Original","ARIMAX",30,9,0.47598,"ok","",,1,0,0,2,0,0,0,0,0,0,0,0,1.74720482037927e-06,0.999956095000312,""
"United Arab Emirates",2021,"Original","ARIMAX",30,9,0.84932,"ok","",,1,0,1,1,0,0,0,0,0,0,0,0,0.829715707657563,0.868446088984421,""
"United Kingdom of Great Britain and Northern Ireland",2021,"Original","ARIMAX",30,9,0.859,"ok","",,2,0,1,1,0,0,0,0,0,0,0,0,0.484840615116496,0.999952603919679,""
"United Mexican States",2021,"Original","ARIMAX",30,9,0.66458,"ok","",,2,0,0,0,0,1,0,0,0,0,0,0,0.99216551050823,0.999784865323743,""
"United Republic of Tanzania",2021,"Original","ARIMAX",30,9,0.44657,"ok","",,2,0,0,2,0,0,0,0,0,0,0,0,0.999953957449571,0.999998866003469,""
"United States Virgin Islands",2021,"Original","ARIMAX",30,9,0.82183,"ok","",,1,0,0,2,0,0,0,0,0,0,0,0,0.0781370883746813,0.999995035432922,""
"United States of America",2021,"Original","ARIMAX",30,9,0.86245,"ok","",,2,0,2,1,0,0,0,0,0,0,0,0,0.455842074314491,0.971948767181375,""
"American Samoa",2021,"Harmonized","VARX",30,9,0.72373,"ok","",1.89179125041707,2,,,2,,,0,0,0,0,0,0,0.000158836599380652,0.164701623460164,""
"Antigua and Barbuda",2021,"Harmonized","VARX",30,9,0.74989,"ok","",1.51409631751718,2,,,2,,,0,0,0,0,0,0,0.0160413103348709,0.196797520040944,""
"Arab Republic of Egypt",2021,"Harmonized","VARX",30,9,0.60679,"ok","",1.02494445188878,2,,,2,,,0,0,0,0,0,0,9.19265725496388e-05,0.573738966834047,""
"Argentine Republic",2021,"Harmonized","VARX",30,9,0.72312,"ok","",0.99223987194063,2,,,2,,,0,0,0,0,0,0,2.8378034923171e-05,0.894221324310385,""
"Australia",2021,"Harmonized","VARX",30,9,0.84425,"ok","",0.89388562875899,2,,,2,,,0,0,0,0,0,0,0.000369126857997393,0.997100152926628,""
"Barbados",2021,"Harmonized","VARX",30,9,0.74675,"ok","",2.2044424888611,2,,,2,,,0,0,0,0,1,0,0.000103246118380085,0.952937335818002,""
"Belize",2021,"Harmonized","VARX",30,9,0.61023,"ok","",0.866206069742554,2,,,2,,,0,0,0,0,0,0,0.516851675727192,0.999982422158597,""
"Bermuda",2021,"Harmonized","VARX",30,9,0.82137,"ok","",1.81933004456705,2,,,2,,,0,0,0,0,0,0,0.00820312840283433,0.554075092730322,""
"Bolivarian Republic of Venezuela",2021,"Harmonized","VARX",30,9,0.59651,"ok","",1.99007127059904,2,,,2,,,0,0,0,0,0,0,0.0118097851002008,0.996727058300994,""
"Bosnia and Herzegovina",2021,"Harmonized","VARX",30,9,0.72308,"ok","",1.104437950774,2,,,2,,,0,0,0,0,0,0,0.00152710183192495,0.802571732228034,""
"Brunei Darussalam",2021,"Harmonized","VARX",30,9,0.81023,"ok","",1.4141338940077,2,,,2,,,0,0,0,0,0,0,0.00705183854903491,0.749294985587164,""
"Burkina Faso",2021,"Harmonized","VARX",30,9,0.28512,"ok","",0.893023452315551,2,,,2,,,0,0,0,0,0,0,0.0178479349277643,0.727794270791976,""
"Canada",2021,"Harmonized","VARX",30,9,0.87317,"ok","",1.03494739519249,2,,,2,,,0,0,0,0,0,0,0.0139744300706764,0.874440423421665,""
"Central African Republic",2021,"Harmonized","VARX",30,9,0.30917,"ok","",1.09474205878517,2,,,2,,,0,0,0,0,0,0,0.0112040326283466,0.993179278691551,""
"Commonwealth of Dominica",2021,"Harmonized","VARX",30,9,0.74697,"ok","",1.60699877520702,2,,,2,,,0,0,0,0,0,0,0.00221121889598508,0.51390154394946,""
"Commonwealth of the Bahamas",2021,"Harmonized","VARX",30,9,0.80502,"ok","",1.81927865757051,2,,,2,,,0,0,0,0,0,0,0.00023159520309235,0.273816361367068,""
"Cook Islands",2021,"Harmonized","VARX",30,9,0.77911,"nonfinite","Nonfinite rate forecast; annual count cannot use an incomplete denominator",2.76442482935911,2,,,2,,,0,0,0,0,0,0,0.00126754400518447,0.554387822152321,""
"Czech Republic",2021,"Harmonized","VARX",30,9,0.82845,"ok","",1.29306712942725,2,,,2,,,0,0,0,0,0,0,0.00235240123177993,0.976724485336692,""
"Democratic People's Republic of Korea",2021,"Harmonized","VARX",30,9,0.56985,"ok","",1.099168576757,2,,,2,,,0,0,0,0,0,0,0.000229663857673312,0.913357331663339,""
"Democratic Republic of Sao Tome and Principe",2021,"Harmonized","VARX",30,9,0.50541,"ok","",1.27731049752978,2,,,2,,,0,0,0,0,0,0,0.0170385954442832,0.781501895054391,""
"Democratic Republic of Timor-Leste",2021,"Harmonized","VARX",30,9,0.44467,"ok","",1.56040433074672,2,,,2,,,0,0,0,0,1,0,9.12757584847768e-07,0.951068113181728,""
"Democratic Republic of the Congo",2021,"Harmonized","VARX",30,9,0.38318,"ok","",1.15522945875107,2,,,2,,,0,0,0,0,0,0,0.0240536030478619,0.984191803503615,""
"Democratic Socialist Republic of Sri Lanka",2021,"Harmonized","VARX",30,9,0.70153,"ok","",1.35616591017483,2,,,2,,,0,0,0,0,0,0,0.0334156290240776,0.898753081446038,""
"Dominican Republic",2021,"Harmonized","VARX",30,9,0.61939,"ok","",0.950083681207335,2,,,2,,,0,0,0,0,0,0,0.00406654457877997,0.95061362555288,""
"Eastern Republic of Uruguay",2021,"Harmonized","VARX",30,9,0.71928,"ok","",1.38956129012278,2,,,2,,,0,0,0,0,0,0,1.71634751428007e-05,0.998291590434449,""
"Federal Democratic Republic of Ethiopia",2021,"Harmonized","VARX",30,9,0.35882,"ok","",1.2438361283837,2,,,2,,,0,0,0,0,0,0,0.113996479517553,0.922190495866786,""
"Federal Democratic Republic of Nepal",2021,"Harmonized","VARX",30,9,0.43317,"ok","",0.99758801159586,2,,,2,,,0,0,0,0,0,0,0.0616522184342996,0.999284645080775,""
"Federal Republic of Germany",2021,"Harmonized","VARX",30,9,0.90296,"ok","",0.944898097031957,2,,,2,,,0,0,0,0,0,0,0.047165295313497,0.999941655372677,""
"Federal Republic of Nigeria",2021,"Harmonized","VARX",30,9,0.50339,"ok","",0.988231858847876,2,,,2,,,0,0,0,0,0,0,0.0386176281884177,0.957468144621266,""
"Federal Republic of Somalia",2021,"Harmonized","VARX",30,9,0.07769,"ok","",1.5164971668713,2,,,2,,,0,0,0,0,0,0,0.00650480257104624,0.994410738575926,""
"Federated States of Micronesia",2021,"Harmonized","VARX",30,9,0.58753,"ok","",2.43782600334661,2,,,2,,,0,0,0,0,4,0,9.2455174329098e-05,0.0876243114426326,""
"Federative Republic of Brazil",2021,"Harmonized","VARX",30,9,0.65304,"ok","",0.916807120881441,2,,,2,,,0,0,0,0,0,0,0.000727066040714375,0.995873955593135,""
"French Republic",2021,"Harmonized","VARX",30,9,0.83836,"ok","",1.09357318742187,2,,,2,,,0,0,0,0,0,0,6.63819665902565e-10,0.956267070448159,""
"Gabonese Republic",2021,"Harmonized","VARX",30,9,0.63469,"ok","",1.39362841538997,2,,,2,,,0,0,0,0,0,0,1.16359298165669e-05,0.540646748124657,""
"Georgia",2021,"Harmonized","VARX",30,9,0.73247,"ok","",1.80973944703385,2,,,2,,,0,0,0,0,0,0,0.000266406923823626,0.974487329963137,""
"Grand Duchy of Luxembourg",2021,"Harmonized","VARX",30,9,0.88443,"ok","",1.21185500049898,2,,,2,,,0,0,0,0,0,0,0.00461267540551247,0.320892414077555,""
"Greenland",2021,"Harmonized","VARX",30,9,0.82621,"ok","",1.9760587990266,2,,,2,,,0,0,0,0,0,1,0.733634350852754,0.836768999195532,""
"Grenada",2021,"Harmonized","VARX",30,9,0.66899,"ok","",1.47494179832396,2,,,2,,,0,0,0,0,0,0,0.00324561549209723,0.731377848638434,""
"Guam",2021,"Harmonized","VARX",30,9,0.80398,"nonfinite","Nonfinite rate forecast; annual count cannot use an incomplete denominator",2.5799948267502,2,,,2,,,0,0,0,0,4,0,0.0228715011633362,0.78210429687091,""
"Hashemite Kingdom of Jordan",2021,"Harmonized","VARX",30,9,0.72531,"ok","",1.41377850921261,2,,,2,,,0,0,0,0,0,0,2.59563789469786e-05,0.86026666212578,""
"Hellenic Republic",2021,"Harmonized","VARX",30,9,0.79185,"ok","",0.906167599129997,2,,,2,,,0,0,0,0,0,0,0.0553293117150417,0.935122301799435,""
"Hungary",2021,"Harmonized","VARX",30,9,0.79075,"ok","",1.67680067363417,2,,,2,,,0,0,0,0,2,0,0.0328669773285041,0.939636221499079,""
"Independent State of Papua New Guinea",2021,"Harmonized","VARX",30,9,0.4178,"ok","",1.87584588959409,2,,,2,,,0,0,0,0,0,0,0.980651592164591,0.975569125366168,""
"Independent State of Samoa",2021,"Harmonized","VARX",30,9,0.59339,"ok","",1.86887573416635,2,,,2,,,0,0,0,0,0,0,0.54300506182274,0.539141306387801,""
"Ireland",2021,"Harmonized","VARX",30,9,0.87375,"ok","",0.975913131477723,2,,,2,,,0,0,0,0,0,0,0.000608785713210436,0.978089162476447,""
"Islamic Republic of Afghanistan",2021,"Harmonized","VARX",30,9,0.3372,"ok","",1.79854853687243,2,,,2,,,0,0,0,0,1,1,0.00318088454573695,0.888778224302419,""
"Islamic Republic of Iran",2021,"Harmonized","VARX",30,9,0.69721,"ok","",0.952718233860515,2,,,2,,,0,0,0,0,0,0,0.000157201371074667,0.898191415250983,""
"Islamic Republic of Mauritania",2021,"Harmonized","VARX",30,9,0.49895,"ok","",1.15212331858763,2,,,2,,,0,0,0,0,0,0,0.000749070344346014,0.296993062704458,""
"Islamic Republic of Pakistan",2021,"Harmonized","VARX",30,9,0.50403,"ok","",1.57546281149213,2,,,2,,,0,0,0,0,0,0,7.27220466059109e-05,0.4974699845408,""
"Jamaica",2021,"Harmonized","VARX",30,9,0.68326,"ok","",1.74013871440541,2,,,2,,,0,0,0,0,0,0,0.000713032925881096,0.988665165001526,""
"Japan",2021,"Harmonized","VARX",30,9,0.87124,"ok","",1.00601488084537,2,,,2,,,0,0,0,0,0,0,0.000951070587073666,0.98962762829056,""
"Kingdom of Bahrain",2021,"Harmonized","VARX",30,9,0.75304,"ok","",1.0343394279359,2,,,2,,,0,0,0,0,0,0,0.000204838209539315,0.851371186272458,""
"Kingdom of Belgium",2021,"Harmonized","VARX",30,9,0.85365,"ok","",0.926192138471024,2,,,2,,,0,0,0,0,0,0,7.14849564904529e-05,0.972327863228157,""
"Kingdom of Bhutan",2021,"Harmonized","VARX",30,9,0.47306,"ok","",1.9966208080845,2,,,2,,,0,0,0,0,0,1,7.40376912194973e-05,0.256506231492405,""
"Kingdom of Cambodia",2021,"Harmonized","VARX",30,9,0.47362,"ok","",2.11538228562141,2,,,2,,,0,0,0,0,4,0,0.000139796082184285,0.925027944440472,""
"Kingdom of Denmark",2021,"Harmonized","VARX",30,9,0.89642,"ok","",1.37686007683156,2,,,2,,,0,0,0,0,0,0,0.000272823726243709,0.954866234533474,""
"Kingdom of Eswatini",2021,"Harmonized","VARX",30,9,0.58546,"nonfinite","Nonfinite rate forecast; annual count cannot use an incomplete denominator",3.56745065812221,2,,,2,,,0,0,0,0,2,3,2.73772598036182e-07,0.931335634817292,""
"Kingdom of Lesotho",2021,"Harmonized","VARX",30,9,0.51039,"ok","",1.90445816261115,2,,,2,,,0,0,0,0,0,0,0.00262496232013965,0.842513924616415,""
"Kingdom of Morocco",2021,"Harmonized","VARX",30,9,0.5627,"nonfinite","Nonfinite rate forecast; annual count cannot use an incomplete denominator",2.98043194178654,2,,,2,,,0,0,0,0,2,3,0.0369036714375993,0.745015990163939,""
"Kingdom of Norway",2021,"Harmonized","VARX",30,9,0.91613,"ok","",1.06163350293563,2,,,2,,,0,0,0,0,0,0,0.00574606870108041,0.859664494553395,""
"Kingdom of Saudi Arabia",2021,"Harmonized","VARX",30,9,0.81514,"ok","",1.52112049449105,2,,,2,,,0,0,0,0,0,0,0.000497258804212475,0.894877853183817,""
"Kingdom of Spain",2021,"Harmonized","VARX",30,9,0.76928,"ok","",0.954089518718905,2,,,2,,,0,0,0,0,0,0,1.76034536902847e-06,0.98916455485688,""
"Kingdom of Sweden",2021,"Harmonized","VARX",30,9,0.88688,"ok","",1.19537209789154,2,,,2,,,0,0,0,0,0,0,0.593819766808442,0.95431933445593,""
"Kingdom of Thailand",2021,"Harmonized","VARX",30,9,0.68255,"ok","",1.17336615749851,2,,,2,,,0,0,0,0,0,0,0.000307829294915574,0.831504318036413,""
"Kingdom of Tonga",2021,"Harmonized","VARX",30,9,0.62635,"ok","",2.21745904687062,2,,,2,,,0,0,0,0,0,0,0.0723830396614633,0.0551805783390689,""
"Kingdom of the Netherlands",2021,"Harmonized","VARX",30,9,0.88846,"ok","",1.81614674090977,2,,,2,,,0,0,0,0,0,0,0.00144436499401335,0.993463165843435,""
"Kyrgyz Republic",2021,"Harmonized","VARX",30,9,0.60398,"ok","",1.50444260076689,2,,,2,,,0,0,0,0,0,0,6.59088934540364e-08,0.772471478090824,""
"Lao People's Democratic Republic",2021,"Harmonized","VARX",30,9,0.48914,"ok","",2.06123884753171,2,,,2,,,0,0,0,0,4,0,0.00413023140218083,0.76322427319749,""
"Lebanese Republic",2021,"Harmonized","VARX",30,9,0.74475,"ok","",1.22475878779084,2,,,2,,,0,0,0,0,0,0,6.21355452012917e-05,0.974325760082196,""
"Malaysia",2021,"Harmonized","VARX",30,9,0.74252,"ok","",0.995334171801867,2,,,2,,,0,0,0,0,0,0,0.206370438158557,0.912973981509822,""
"Mongolia",2021,"Harmonized","VARX",30,9,0.61762,"nonfinite","Nonfinite rate forecast; annual count cannot use an incomplete denominator",3.89843060525342,2,,,2,,,0,0,0,0,0,0,0.662443184734845,0.445621335631897,""
"Montenegro",2021,"Harmonized","VARX",30,9,0.7958,"ok","",2.17416044462309,2,,,2,,,0,0,0,0,1,2,6.68747307519535e-06,0.871785743766616,""
"New Zealand",2021,"Harmonized","VARX",30,9,0.84944,"ok","",0.981258698216523,2,,,2,,,0,0,0,0,0,0,0.00624556613585947,0.830255042837925,""
"North Macedonia",2021,"Harmonized","VARX",30,9,0.75063,"nonfinite","Nonfinite rate forecast; annual count cannot use an incomplete denominator",2.61886791188733,2,,,2,,,0,0,0,0,2,0,0.171408278654075,0.977138382113538,""
"Northern Mariana Islands",2021,"Harmonized","VARX",30,9,0.77154,"ok","",1.7184632331795,2,,,2,,,0,0,0,0,0,0,2.68082919863133e-07,0.999206775703596,""
"Palestine",2021,"Harmonized","VARX",30,9,0.63101,"ok","",1.07341273173607,2,,,2,,,0,0,0,0,0,0,0.00843365941730867,0.805448988951668,""
"People's Democratic Republic of Algeria",2021,"Harmonized","VARX",30,9,0.6595,"ok","",1.92672571225603,2,,,2,,,0,0,0,0,0,0,0.000302777468294324,0.744199672677236,""
"People's Republic of Bangladesh",2021,"Harmonized","VARX",30,9,0.49242,"ok","",1.63979427785814,2,,,2,,,0,0,0,0,0,0,2.10433441144575e-05,0.986793888923155,""
"People's Republic of China",2021,"Harmonized","VARX",30,9,0.72163,"ok","",0.943911497068744,2,,,2,,,0,0,0,0,0,0,3.98291525749439e-06,0.543426974179021,""
"Plurinational State of Bolivia",2021,"Harmonized","VARX",30,9,0.59901,"ok","",1.69906194082377,2,,,2,,,0,0,0,0,0,0,0.0169195068712973,0.997900235308301,""
"Portuguese Republic",2021,"Harmonized","VARX",30,9,0.74415,"ok","",0.948077156738616,2,,,2,,,0,0,0,0,0,0,0.0794291592686504,0.985764319066811,""
"Principality of Andorra",2021,"Harmonized","VARX",30,9,0.86944,"nonfinite","Nonfinite rate forecast; annual count cannot use an incomplete denominator",2.4504910589288,2,,,2,,,0,0,0,0,0,0,0.914218624583816,0.611030399571246,""
"Principality of Monaco",2021,"Harmonized","VARX",30,9,0.90826,"nonfinite","Nonfinite rate forecast; annual count cannot use an incomplete denominator",3.00416400327717,2,,,2,,,0,0,0,0,0,0,0.386841549906859,0.733582579068369,""
"Puerto Rico",2021,"Harmonized","VARX",30,9,0.82553,"ok","",1.34801640099496,2,,,2,,,0,0,0,0,0,0,0.00013810312936624,0.656559826608846,""
"Republic of Albania",2021,"Harmonized","VARX",30,9,0.70685,"ok","",1.76587016208498,2,,,2,,,0,0,0,0,0,0,1.6361393456954e-05,0.628969494298588,""
"Republic of Angola",2021,"Harmonized","VARX",30,9,0.45372,"ok","",1.49776376076039,2,,,2,,,0,0,0,0,0,0,1.51039655338359e-07,0.982375008415894,""
"Republic of Armenia",2021,"Harmonized","VARX",30,9,0.70183,"ok","",2.04595413138813,2,,,2,,,0,0,0,0,0,0,0.000116364628345966,0.847711435486198,""
"Republic of Austria",2021,"Harmonized","VARX",30,9,0.85384,"ok","",1.56882858106631,2,,,2,,,0,0,0,0,0,0,0.108192674939952,0.96486659139034,""
"Republic of Azerbaijan",2021,"Harmonized","VARX",30,9,0.69485,"nonfinite","Nonfinite rate forecast; annual count cannot use an incomplete denominator",2.46970221521804,2,,,2,,,0,0,0,0,4,0,0.00142542466671747,0.695882860936981,""
"Republic of Belarus",2021,"Harmonized","VARX",30,9,0.78448,"ok","",1.86993431930879,2,,,2,,,0,0,0,0,0,0,3.10099230974581e-05,0.796475657524988,""
"Republic of Benin",2021,"Harmonized","VARX",30,9,0.37349,"ok","",1.14396088389905,2,,,2,,,0,0,0,0,0,0,6.45812922261957e-06,0.899126522979615,""
"Republic of Botswana",2021,"Harmonized","VARX",30,9,0.64272,"ok","",1.75271846049596,2,,,2,,,0,0,0,0,0,0,5.22078753816269e-05,0.675532535963495,""
"Republic of Bulgaria",2021,"Harmonized","VARX",30,9,0.76815,"ok","",2.04429296973804,2,,,2,,,0,0,0,0,0,0,0.00182435838414563,0.848517422013746,""
"Republic of Burundi",2021,"Harmonized","VARX",30,9,0.28937,"ok","",1.301021319859,2,,,2,,,0,0,0,0,0,0,0.000492160411309062,0.9638502181242,""
"Republic of Cabo Verde",2021,"Harmonized","VARX",30,9,0.53353,"ok","",0.980759074733653,2,,,2,,,0,0,0,0,0,0,1.79659506205354e-06,0.867178750238166,""
"Republic of Cameroon",2021,"Harmonized","VARX",30,9,0.47969,"ok","",1.52168981742594,2,,,2,,,0,0,0,0,0,0,1.16291823353265e-05,0.630243566665654,""
"Republic of Chad",2021,"Harmonized","VARX",30,9,0.24044,"ok","",0.969986296085897,2,,,2,,,0,0,0,0,0,0,0.00372933481912874,0.976143132085385,""
"Republic of Chile",2021,"Harmonized","VARX",30,9,0.77151,"ok","",1.12449667022538,2,,,2,,,0,0,0,0,0,0,0.000881343279752977,0.846108500289787,""
"Republic of Colombia",2021,"Harmonized","VARX",30,9,0.65544,"ok","",1.16682845130859,2,,,2,,,0,0,0,0,0,0,0.0034759059327677,0.86183297085198,""
"Republic of Costa Rica",2021,"Harmonized","VARX",30,9,0.70034,"ok","",1.82441644752003,2,,,2,,,0,0,0,0,0,1,3.13559144350384e-05,0.924693477731742,""
"Republic of Croatia",2021,"Harmonized","VARX",30,9,0.79834,"ok","",1.74498164692106,2,,,2,,,0,0,0,0,3,0,3.30706017259708e-05,0.837999751804003,""
"Republic of Cuba",2021,"Harmonized","VARX",30,9,0.66873,"ok","",1.25725525012627,2,,,2,,,0,0,0,0,0,0,4.24690340716793e-06,0.772611456307247,""
"Republic of Cyprus",2021,"Harmonized","VARX",30,9,0.83563,"ok","",1.19351522784831,2,,,2,,,0,0,0,0,1,0,0.00175129471564273,0.422495937092943,""
"Republic of Côte d'Ivoire",2021,"Harmonized","VARX",30,9,0.42594,"ok","",1.03884131492669,2,,,2,,,0,0,0,0,0,0,0.000938998476503583,0.563258689703859,""
"Republic of Djibouti",2021,"Harmonized","VARX",30,9,0.48796,"ok","",1.1858111602862,2,,,2,,,0,0,0,0,0,0,4.36650955696338e-05,0.660365126525288,""
"Republic of Ecuador",2021,"Harmonized","VARX",30,9,0.66102,"ok","",1.22883248546083,2,,,2,,,0,0,0,0,0,0,0.101331506232504,0.999683543932889,""
"Republic of El Salvador",2021,"Harmonized","VARX",30,9,0.56378,"ok","",1.78654034937046,2,,,2,,,0,0,0,0,0,0,0.104341773693037,0.950092580832255,""
"Republic of Equatorial Guinea",2021,"Harmonized","VARX",30,9,0.65786,"ok","",2.72629950128852,2,,,2,,,0,0,0,0,2,3,0.00770303000342487,0.677696968280648,""
"Republic of Estonia",2021,"Harmonized","VARX",30,9,0.84492,"ok","",1.50861113811364,2,,,2,,,0,0,0,0,0,0,0.0216988175390304,0.611628354419762,""
"Republic of Fiji",2021,"Harmonized","VARX",30,9,0.67505,"ok","",2.06709897173141,2,,,2,,,0,0,0,0,4,0,0.000420690654554634,0.977485657257398,""
"Republic of Finland",2021,"Harmonized","VARX",30,9,0.85983,"ok","",1.2904812966521,2,,,2,,,0,0,0,0,0,0,0.00366531920521629,0.561642357437647,""
"Republic of Ghana",2021,"Harmonized","VARX",30,9,0.56493,"ok","",1.27592854123359,2,,,2,,,0,0,0,0,0,0,0.000748131432433019,0.921190119109418,""
"Republic of Guatemala",2021,"Harmonized","VARX",30,9,0.53997,"ok","",0.975866277730109,2,,,2,,,0,0,0,0,0,0,0.0254481171236165,0.999336311500362,""
"Republic of Guinea",2021,"Harmonized","VARX",30,9,0.3364,"ok","",1.26276126826933,2,,,2,,,0,0,0,0,0,0,0.000588032419174378,0.764727237223897,""
"Republic of Guinea-Bissau",2021,"Harmonized","VARX",30,9,0.35311,"ok","",1.02101787897117,2,,,2,,,0,0,0,0,0,0,0.0686013067343768,0.996801216870257,""
"Republic of Guyana",2021,"Harmonized","VARX",30,9,0.65081,"ok","",1.08439200967997,2,,,2,,,0,0,0,0,0,0,0.0555863778623836,0.99238652581532,""
"Republic of Haiti",2021,"Harmonized","VARX",30,9,0.44828,"ok","",1.69132806822851,2,,,2,,,0,0,0,0,0,0,5.50287345533196e-05,0.890250177353697,""
"Republic of Honduras",2021,"Harmonized","VARX",30,9,0.51304,"ok","",1.70799347443065,2,,,2,,,0,0,0,0,1,1,0.000734886659902401,0.983416971707819,""
"Republic of Iceland",2021,"Harmonized","VARX",30,9,0.87636,"ok","",1.06254123694425,2,,,2,,,0,0,0,0,0,0,0.000323335785667789,0.803614762946139,""
"Republic of India",2021,"Harmonized","VARX",30,9,0.5754,"ok","",1.00560293208696,2,,,2,,,0,0,0,0,0,0,0.0785224629973238,0.949638942284123,""
"Republic of Indonesia",2021,"Harmonized","VARX",30,9,0.65687,"ok","",1.66949734890763,2,,,2,,,0,0,0,0,2,0,7.82427218279924e-05,0.867505140445981,""
"Republic of Iraq",2021,"Harmonized","VARX",30,9,0.66263,"ok","",0.926029618643525,2,,,2,,,0,0,0,0,0,0,2.45354439876166e-07,0.571869056832908,""
"Republic of Italy",2021,"Harmonized","VARX",30,9,0.80577,"ok","",1.07810473725733,2,,,2,,,0,0,0,0,0,0,1.3321539682476e-07,0.579025884927447,""
"Republic of Kazakhstan",2021,"Harmonized","VARX",30,9,0.72514,"ok","",1.28757778902901,2,,,2,,,0,0,0,0,0,0,4.90950948006663e-05,0.853537227974391,""
"Republic of Kenya",2021,"Harmonized","VARX",30,9,0.52377,"ok","",1.00072327169967,2,,,2,,,0,0,0,0,0,0,0.00814270253848604,0.99456203025012,""
"Republic of Kiribati",2021,"Harmonized","VARX",30,9,0.52719,"ok","",2.28175580463944,2,,,2,,,0,0,0,0,0,0,0.00845470980644891,0.246635509255119,""
"Republic of Korea",2021,"Harmonized","VARX",30,9,0.88668,"ok","",0.951639487009336,2,,,2,,,0,0,0,0,0,0,0.00671973299922435,0.932365840945001,""
"Republic of Latvia",2021,"Harmonized","VARX",30,9,0.83066,"ok","",2.13405667532483,2,,,2,,,0,0,0,0,1,0,5.986041201822e-05,0.713079326293276,""
"Republic of Liberia",2021,"Harmonized","VARX",30,9,0.35244,"ok","",1.08884238568856,2,,,2,,,0,0,0,0,0,0,0.16568401055375,0.991482161991607,""
"Republic of Lithuania",2021,"Harmonized","VARX",30,9,0.85648,"ok","",2.20609358196559,2,,,2,,,0,0,0,0,4,0,2.03971819460191e-05,0.835499408880164,""
"Republic of Madagascar",2021,"Harmonized","VARX",30,9,0.40025,"ok","",1.52948741123175,2,,,2,,,0,0,0,0,0,0,0.0172244634813954,0.848764703785289,""
"Republic of Malawi",2021,"Harmonized","VARX",30,9,0.38455,"ok","",1.55931961720817,2,,,2,,,0,0,0,0,0,0,0.000671220497206471,0.919508684458276,""
"Republic of Maldives",2021,"Harmonized","VARX",30,9,0.65089,"ok","",1.079875619103,2,,,2,,,0,0,0,0,0,0,0.0156947095083295,0.854957029730062,""
"Republic of Mali",2021,"Harmonized","VARX",30,9,0.26858,"ok","",1.24220702865913,2,,,2,,,0,0,0,0,0,0,1.01099524016934e-05,0.358048970529999,""
"Republic of Malta",2021,"Harmonized","VARX",30,9,0.80159,"ok","",1.41324845726711,2,,,2,,,0,0,0,0,0,0,0.000359151960039439,0.570793210180296,""
"Republic of Mauritius",2021,"Harmonized","VARX",30,9,0.71826,"ok","",0.93184307074342,2,,,2,,,0,0,0,0,0,0,0.0959349630904757,0.947434367546649,""
"Republic of Moldova",2021,"Harmonized","VARX",30,9,0.73221,"ok","",1.35035058225362,2,,,2,,,0,0,0,0,0,0,0.0137510956025222,0.999046668533423,""
"Republic of Mozambique",2021,"Harmonized","VARX",30,9,0.32646,"ok","",1.26503239819493,2,,,2,,,0,0,0,0,0,0,0.00149587288394515,0.962974847520635,""
"Republic of Namibia",2021,"Harmonized","VARX",30,9,0.61756,"ok","",1.74790432646088,2,,,2,,,0,0,0,0,0,0,0.000596786105009683,0.597204340252902,""
"Republic of Nauru",2021,"Harmonized","VARX",30,9,0.62518,"ok","",2.08069531200581,2,,,2,,,0,0,0,0,0,0,0.0309969659900051,0.884970402111863,""
"Republic of Nicaragua",2021,"Harmonized","VARX",30,9,0.52396,"ok","",1.00191885385692,2,,,2,,,0,0,0,0,0,0,0.575231887419391,0.99973989198568,""
"Republic of Niue",2021,"Harmonized","VARX",30,9,0.72622,"ok","",1.45247051254339,2,,,2,,,0,0,0,0,0,0,0.62640631281326,0.998201980375617,""
"Republic of Palau",2021,"Harmonized","VARX",30,9,0.75405,"ok","",1.90909645765317,2,,,2,,,0,0,0,0,3,0,0.0218166040655611,0.970852584545159,""
"Republic of Panama",2021,"Harmonized","VARX",30,9,0.70886,"ok","",1.39595875510765,2,,,2,,,0,0,0,0,0,0,0.551195811337608,0.99436946486353,""
"Republic of Paraguay",2021,"Harmonized","VARX",30,9,0.63572,"ok","",1.03988070175932,2,,,2,,,0,0,0,0,0,0,5.15037428728826e-05,0.998814171005442,""
"Republic of Peru",2021,"Harmonized","VARX",30,9,0.66205,"ok","",1.46223451425344,2,,,2,,,0,0,0,0,0,0,1.44149458916054e-05,0.407629479953158,""
"Republic of Poland",2021,"Harmonized","VARX",30,9,0.81204,"ok","",1.23930387588742,2,,,2,,,0,0,0,0,0,0,0.000182658585501039,0.963793772914083,""
"Republic of Rwanda",2021,"Harmonized","VARX",30,9,0.43559,"ok","",1.20156336870583,2,,,2,,,0,0,0,0,0,0,9.73923510753094e-05,0.828787813793284,""
"Republic of San Marino",2021,"Harmonized","VARX",30,9,0.88801,"nonfinite","Nonfinite rate forecast; annual count cannot use an incomplete denominator",3.98153293810624,2,,,2,,,0,0,0,0,5,0,0.0560903519029649,0.783301175158654,""
"Republic of Senegal",2021,"Harmonized","VARX",30,9,0.40805,"ok","",1.8673491163779,2,,,2,,,0,0,0,0,0,0,0.00115757566350994,0.810726458467151,""
"Republic of Serbia",2021,"Harmonized","VARX",30,9,0.79242,"ok","",1.94099125275982,2,,,2,,,0,0,0,0,0,0,0.00324699836481723,0.987901040520764,""
"Republic of Seychelles",2021,"Harmonized","VARX",30,9,0.73015,"ok","",1.7231069922552,2,,,2,,,0,0,0,0,0,0,7.0793063328467e-05,0.948265834746711,""
"Republic of Sierra Leone",2021,"Harmonized","VARX",30,9,0.35867,"ok","",1.77939356668156,2,,,2,,,0,0,0,0,0,0,0.00270396468830569,0.788199085230945,""
"Republic of Singapore",2021,"Harmonized","VARX",30,9,0.8561,"ok","",1.25331648436149,2,,,2,,,0,0,0,0,0,0,0.00680160596948121,0.743683364535259,""
"Republic of Slovenia",2021,"Harmonized","VARX",30,9,0.84243,"ok","",1.09039521720036,2,,,2,,,0,0,0,0,0,0,0.00674745582705294,0.601034015510294,""
"Republic of South Africa",2021,"Harmonized","VARX",30,9,0.67963,"ok","",1.37919643881455,2,,,2,,,0,0,0,0,0,0,3.25238652376658e-06,0.923437565927842,""
"Republic of South Sudan",2021,"Harmonized","VARX",30,9,0.27837,"ok","",2.08564314083623,2,,,2,,,0,0,0,0,0,0,0.0405989600286679,0.891583742721997,""
"Republic of Sudan",2021,"Harmonized","VARX",30,9,0.54195,"ok","",1.22950388472348,2,,,2,,,0,0,0,0,0,0,0.000153201681712622,0.923835734562833,""
"Republic of Suriname",2021,"Harmonized","VARX",30,9,0.63367,"ok","",1.42832277916702,2,,,2,,,0,0,0,0,0,0,0.247136294804221,0.9825448898827,""
"Republic of Tajikistan",2021,"Harmonized","VARX",30,9,0.54151,"ok","",1.93912121245662,2,,,2,,,0,0,0,0,4,0,0.00202346412474119,0.92381261058783,""
"Republic of Trinidad and Tobago",2021,"Harmonized","VARX",30,9,0.76876,"nonfinite","Nonfinite rate forecast; annual count cannot use an incomplete denominator",2.34044355248429,2,,,2,,,0,0,0,0,0,0,0.00168381292891728,0.761784991985239,""
"Republic of Tunisia",2021,"Harmonized","VARX",30,9,0.68243,"nonfinite","Nonfinite rate forecast; annual count cannot use an incomplete denominator",3.72481522746543,2,,,2,,,0,0,0,0,4,0,1.53647928358147e-06,0.435197081924467,""
"Republic of Turkey",2021,"Harmonized","VARX",30,9,0.71269,"ok","",1.01517360379172,2,,,2,,,0,0,0,0,0,0,0.000278926245263933,0.966900366765127,""
"Republic of Uganda",2021,"Harmonized","VARX",30,9,0.42326,"ok","",1.05552598410538,2,,,2,,,0,0,0,0,0,0,0.00160447848889089,0.975372361669577,""
"Republic of Uzbekistan",2021,"Harmonized","VARX",30,9,0.66262,"ok","",1.33707841914878,2,,,2,,,0,0,0,0,0,0,0.00636996320058347,0.938102259907259,""
"Republic of Vanuatu",2021,"Harmonized","VARX",30,9,0.4731,"ok","",2.24530046131542,2,,,2,,,0,0,0,0,3,0,0.0146066141154235,0.460642884243695,""
"Republic of Yemen",2021,"Harmonized","VARX",30,9,0.45038,"ok","",0.994545840890923,2,,,2,,,0,0,0,0,0,0,0.00280461177418589,0.764042022529389,""
"Republic of Zambia",2021,"Harmonized","VARX",30,9,0.50595,"ok","",1.70828103198152,2,,,2,,,0,0,0,0,0,0,0.00694171894545736,0.887027822056727,""
"Republic of Zimbabwe",2021,"Harmonized","VARX",30,9,0.47382,"ok","",1.01911904599504,2,,,2,,,0,0,0,0,0,0,5.56833142040247e-07,0.869039934641102,""
"Republic of the Congo",2021,"Harmonized","VARX",30,9,0.58308,"ok","",1.30005183665279,2,,,2,,,0,0,0,0,0,0,0.0086098169394031,0.945647217384882,""
"Republic of the Gambia",2021,"Harmonized","VARX",30,9,0.40971,"ok","",0.998259704264101,2,,,2,,,0,0,0,0,0,0,0.0336243106370187,0.93238946866422,""
"Republic of the Marshall Islands",2021,"Harmonized","VARX",30,9,0.57409,"ok","",2.29042792489369,2,,,2,,,0,0,0,0,3,0,0.000472147479885887,0.0365065882713032,""
"Republic of the Niger",2021,"Harmonized","VARX",30,9,0.16807,"ok","",1.47388076670346,2,,,2,,,0,0,0,0,0,0,0.000425244788395673,0.866785535972366,""
"Republic of the Philippines",2021,"Harmonized","VARX",30,9,0.65122,"ok","",1.13304657361625,2,,,2,,,0,0,0,0,0,0,0.00012521790892317,0.945836408222851,""
"Republic of the Union of Myanmar",2021,"Harmonized","VARX",30,9,0.5339,"ok","",1.49665471196035,2,,,2,,,0,0,0,0,1,0,3.24649055805093e-06,0.932196859205469,""
"Romania",2021,"Harmonized","VARX",30,9,0.76845,"ok","",2.39872115446807,2,,,2,,,0,0,0,0,2,3,0.000125688084463893,0.979317083874867,""
"Russian Federation",2021,"Harmonized","VARX",30,9,0.80854,"ok","",1.19926951945483,2,,,2,,,0,0,0,0,0,0,1.50068892625921e-05,0.829321788520918,""
"Saint Kitts and Nevis",2021,"Harmonized","VARX",30,9,0.75499,"ok","",1.14657001565198,2,,,2,,,0,0,0,0,0,0,0.0234435918814546,0.996921778643608,""
"Saint Lucia",2021,"Harmonized","VARX",30,9,0.67251,"ok","",1.86974521396855,2,,,2,,,0,0,0,0,0,0,0.0206765594289801,0.882196548146458,""
"Saint Vincent and the Grenadines",2021,"Harmonized","VARX",30,9,0.6372,"ok","",1.93187846531148,2,,,2,,,0,0,0,0,0,0,0.189686013246748,0.769592914178693,""
"Slovak Republic",2021,"Harmonized","VARX",30,9,0.81061,"ok","",1.81315522016787,2,,,2,,,0,0,0,0,4,0,0.00032465281224181,0.790700170720476,""
"Socialist Republic of Viet Nam",2021,"Harmonized","VARX",30,9,0.62793,"nonfinite","Nonfinite rate forecast; annual count cannot use an incomplete denominator",3.96228156430693,2,,,2,,,0,0,0,0,6,0,2.09639450943211e-06,0.428887681004405,""
"Solomon Islands",2021,"Harmonized","VARX",30,9,0.42936,"ok","",2.33832700809822,2,,,2,,,0,0,0,0,5,0,0.00324764568863767,0.71377731736543,""
"State of Eritrea",2021,"Harmonized","VARX",30,9,0.40386,"ok","",1.96267885848055,2,,,2,,,0,0,0,0,0,0,9.19568366453127e-07,0.998426241556358,""
"State of Israel",2021,"Harmonized","VARX",30,9,0.80901,"ok","",0.996041812829013,2,,,2,,,0,0,0,0,0,0,0.0285156325539089,0.862635474976135,""
"State of Kuwait",2021,"Harmonized","VARX",30,9,0.84665,"ok","",1.47896726389813,2,,,2,,,0,0,0,0,0,0,8.9948426677755e-05,0.700776925448575,""
"State of Libya",2021,"Harmonized","VARX",30,9,0.72577,"ok","",1.80405747467824,2,,,2,,,0,0,0,0,0,0,5.48457049865947e-05,0.936863274968501,""
"State of Qatar",2021,"Harmonized","VARX",30,9,0.84686,"ok","",1.34773357178662,2,,,2,,,0,0,0,0,0,0,0.28655531811805,0.979646468727681,""
"Sultanate of Oman",2021,"Harmonized","VARX",30,9,0.77339,"ok","",1.64907747418245,2,,,2,,,0,0,0,0,2,0,1.2935934148306e-05,0.909553446280865,""
"Swiss Confederation",2021,"Harmonized","VARX",30,9,0.93306,"ok","",0.954949400851456,2,,,2,,,0,0,0,0,0,0,9.2039001890587e-05,0.448583602704459,""
"Syrian Arab Republic",2021,"Harmonized","VARX",30,9,0.623,"ok","",1.57507312595985,2,,,2,,,0,0,0,0,0,0,0.000129885190095158,0.720869696542577,""
"Taiwan (Province of China)",2021,"Harmonized","VARX",30,9,0.87475,"ok","",1.33442000376455,2,,,2,,,0,0,0,0,0,0,0.000748833638322899,0.952884413317374,""
"Togolese Republic",2021,"Harmonized","VARX",30,9,0.40853,"ok","",1.98493678189177,2,,,2,,,0,0,0,0,0,0,7.01529268939405e-05,0.55744505106185,""
"Tokelau",2021,"Harmonized","VARX",30,9,0.68643,"ok","",1.90800454280338,2,,,2,,,0,0,0,0,0,0,0.624623041301314,0.999602019083534,""
"Turkmenistan",2021,"Harmonized","VARX",30,9,0.68216,"ok","",1.58002713016302,2,,,2,,,0,0,0,0,0,0,4.48538775196239e-05,0.797035231933131,""
"Tuvalu",2021,"Harmonized","VARX",30,9,0.57662,"nonfinite","Nonfinite rate forecast; annual count cannot use an incomplete denominator",3.06288250069833,2,,,2,,,0,0,0,0,0,0,0.646464539350196,0.977004763804294,""
"Ukraine",2021,"Harmonized","VARX",30,9,0.76077,"ok","",1.95419507030813,2,,,2,,,0,0,0,0,3,0,0.0215085974064615,0.979490170915456,""
"Union of the Comoros",2021,"Harmonized","VARX",30,9,0.47598,"ok","",1.52151567791965,2,,,2,,,0,0,0,0,0,0,0.0106111279679676,0.968842601304447,""
"United Arab Emirates",2021,"Harmonized","VARX",30,9,0.84932,"ok","",1.25112822671272,2,,,2,,,0,0,0,0,0,0,1.47018997420645e-06,0.932023905002094,""
"United Kingdom of Great Britain and Northern Ireland",2021,"Harmonized","VARX",30,9,0.859,"ok","",1.05098801633954,2,,,2,,,0,0,0,0,0,0,0.0138695314397206,0.908675924371035,""
"United Mexican States",2021,"Harmonized","VARX",30,9,0.66458,"ok","",1.14332747986077,2,,,2,,,0,0,0,0,0,0,3.63713756771356e-05,0.981860380897353,""
"United Republic of Tanzania",2021,"Harmonized","VARX",30,9,0.44657,"ok","",1.57062404544886,2,,,2,,,0,0,0,0,0,0,0.00852759194382902,0.873977152540999,""
"United States Virgin Islands",2021,"Harmonized","VARX",30,9,0.82183,"ok","",1.77593383690671,2,,,2,,,0,0,0,0,0,0,0.0851184335096036,0.610610783132783,""
"United States of America",2021,"Harmonized","VARX",30,9,0.86245,"ok","",1.00793237590932,2,,,2,,,0,0,0,0,0,0,0.000466446671464116,0.9987611019222,""
"American Samoa",2021,"Harmonized","ARIMAX",30,9,0.72373,"ok","",,2,0,0,1,0,0,0,0,0,0,0,0,0.991741336533213,0.695755052069529,""
"Antigua and Barbuda",2021,"Harmonized","ARIMAX",30,9,0.74989,"ok","",,3,0,0,1,0,1,0,0,0,0,0,0,0.957539515821986,0.991529533160767,""
"Arab Republic of Egypt",2021,"Harmonized","ARIMAX",30,9,0.60679,"ok","",,1,0,0,1,0,0,0,0,0,0,0,0,0.00159729974692668,0.999434614869709,""
"Argentine Republic",2021,"Harmonized","ARIMAX",30,9,0.72312,"ok","",,1,0,0,1,0,0,0,0,0,0,0,0,8.65973959207622e-14,0.994825949752505,""
"Australia",2021,"Harmonized","ARIMAX",30,9,0.84425,"ok","",,2,0,2,1,0,0,0,0,0,0,0,0,0.946834199200305,0.942989673981385,""
"Barbados",2021,"Harmonized","ARIMAX",30,9,0.74675,"ok","",,2,0,0,2,0,0,0,0,0,0,0,0,0.355272560719118,0.994399466437994,""
"Belize",2021,"Harmonized","ARIMAX",30,9,0.61023,"ok","",,2,0,0,0,0,1,0,0,0,0,0,0,0.0172442372575319,0.997411565545472,""
"Bermuda",2021,"Harmonized","ARIMAX",30,9,0.82137,"ok","",,2,0,1,2,0,0,0,0,0,0,0,0,0.720442910343121,0.999983920520955,""
"Bolivarian Republic of Venezuela",2021,"Harmonized","ARIMAX",30,9,0.59651,"ok","",,2,0,0,1,0,0,0,0,0,0,0,0,0.967605577409142,0.979626876970605,""
"Bosnia and Herzegovina",2021,"Harmonized","ARIMAX",30,9,0.72308,"ok","",,2,0,2,2,0,0,0,0,0,0,0,0,0.737657566191335,0.99996260643408,""
"Brunei Darussalam",2021,"Harmonized","ARIMAX",30,9,0.81023,"ok","",,2,0,0,1,0,1,0,0,0,0,0,0,0.99823588452305,0.92175417935164,""
"Burkina Faso",2021,"Harmonized","ARIMAX",30,9,0.28512,"ok","",,3,0,0,3,0,0,0,0,0,0,0,0,0.876081596796248,0.998838536972453,""
"Canada",2021,"Harmonized","ARIMAX",30,9,0.87317,"ok","",,2,0,2,2,0,0,0,0,0,0,0,0,0.228206814973365,0.999370084805217,""
"Central African Republic",2021,"Harmonized","ARIMAX",30,9,0.30917,"ok","",,2,0,0,1,0,0,0,0,0,0,0,0,0.99162361939468,0.999997999546813,""
"Commonwealth of Dominica",2021,"Harmonized","ARIMAX",30,9,0.74697,"ok","",,4,0,0,2,0,0,0,0,0,0,0,0,0.522893958865281,0.999960906348629,""
"Commonwealth of the Bahamas",2021,"Harmonized","ARIMAX",30,9,0.80502,"ok","",,3,0,0,1,0,0,0,0,0,0,0,0,0.930179601570693,0.887388380181722,""
"Cook Islands",2021,"Harmonized","ARIMAX",30,9,0.77911,"ok","",,2,0,0,1,0,0,0,0,0,0,0,0,0.884157700428808,0.653899375809909,""
"Czech Republic",2021,"Harmonized","ARIMAX",30,9,0.82845,"ok","",,2,0,2,2,0,0,0,0,0,0,0,0,0.123920665031417,0.99984883198214,""
"Democratic People's Republic of Korea",2021,"Harmonized","ARIMAX",30,9,0.56985,"ok","",,2,0,0,2,0,0,0,0,0,0,0,0,0.981079043491295,0.999873922933062,""
"Democratic Republic of Sao Tome and Principe",2021,"Harmonized","ARIMAX",30,9,0.50541,"ok","",,2,0,0,1,0,0,0,0,0,0,0,0,0.932711027080006,0.986481383801293,""
"Democratic Republic of Timor-Leste",2021,"Harmonized","ARIMAX",30,9,0.44467,"ok","",,1,0,1,2,0,1,0,0,0,0,0,0,0.3598098959926,0.999645561437602,""
"Democratic Republic of the Congo",2021,"Harmonized","ARIMAX",30,9,0.38318,"ok","",,0,2,0,1,0,0,0,0,0,0,0,0,0.953146433966263,0.998976664805649,""
"Democratic Socialist Republic of Sri Lanka",2021,"Harmonized","ARIMAX",30,9,0.70153,"ok","",,2,0,0,0,0,0,0,0,0,0,0,0,0.999849614666528,2.01620779216594e-06,""
"Dominican Republic",2021,"Harmonized","ARIMAX",30,9,0.61939,"ok","",,3,0,1,1,0,0,0,0,0,0,0,0,0.771395350799129,0.998134868294242,""
"Eastern Republic of Uruguay",2021,"Harmonized","ARIMAX",30,9,0.71928,"ok","",,4,0,0,2,0,1,0,0,0,0,0,0,0.633926166563655,0.91987398639374,""
"Federal Democratic Republic of Ethiopia",2021,"Harmonized","ARIMAX",30,9,0.35882,"ok","",,1,0,1,2,0,0,0,0,0,0,0,0,0.738800159643784,0.9995567733149,""
"Federal Democratic Republic of Nepal",2021,"Harmonized","ARIMAX",30,9,0.43317,"ok","",,2,0,0,1,0,0,0,0,0,0,0,0,0.999869624533058,0.745031471444927,""
"Federal Republic of Germany",2021,"Harmonized","ARIMAX",30,9,0.90296,"ok","",,2,0,1,2,0,0,0,0,0,0,0,0,0.520011924662405,0.999545415848512,""
"Federal Republic of Nigeria",2021,"Harmonized","ARIMAX",30,9,0.50339,"ok","",,1,0,0,1,0,0,0,0,0,0,0,0,0.632984221685216,0.819023215442024,""
"Federal Republic of Somalia",2021,"Harmonized","ARIMAX",30,9,0.07769,"ok","",,2,0,1,2,0,0,0,0,0,0,0,0,0.99901092294124,0.976866775505413,""
"Federated States of Micronesia",2021,"Harmonized","ARIMAX",30,9,0.58753,"ok","",,1,0,1,0,0,0,0,0,0,0,0,0,0.196298058379689,0.139540005566313,""
"Federative Republic of Brazil",2021,"Harmonized","ARIMAX",30,9,0.65304,"ok","",,1,0,0,2,0,0,0,0,0,0,0,0,0.00458175755024659,0.997801752997787,""
"French Republic",2021,"Harmonized","ARIMAX",30,9,0.83836,"ok","",,1,0,0,0,0,1,0,0,0,0,0,0,0.929082984574813,0.930221573074259,""
"Gabonese Republic",2021,"Harmonized","ARIMAX",30,9,0.63469,"ok","",,1,0,0,2,0,0,0,0,0,0,0,0,0.915116579495172,0.999981419014135,""
"Georgia",2021,"Harmonized","ARIMAX",30,9,0.73247,"ok","",,0,2,0,2,0,0,0,0,0,0,0,0,0.997817854175533,0.981802823075814,""
"Grand Duchy of Luxembourg",2021,"Harmonized","ARIMAX",30,9,0.88443,"ok","",,2,0,2,1,0,0,0,0,0,0,0,0,0.598309869120538,0.996115510410643,""
"Greenland",2021,"Harmonized","ARIMAX",30,9,0.82621,"ok","",,3,0,0,0,0,1,0,0,0,0,0,0,0.705462896579196,0.979026363867729,""
"Grenada",2021,"Harmonized","ARIMAX",30,9,0.66899,"ok","",,4,0,0,1,0,1,0,0,0,0,0,0,0.726516956949307,0.999501376150063,""
"Guam",2021,"Harmonized","ARIMAX",30,9,0.80398,"ok","",,0,0,0,2,0,0,0,0,0,0,0,0,3.60562690815414e-11,0.999949309196024,""
"Hashemite Kingdom of Jordan",2021,"Harmonized","ARIMAX",30,9,0.72531,"ok","",,2,0,0,2,0,0,0,0,0,0,0,0,0.999784414072928,0.999725323615609,""
"Hellenic Republic",2021,"Harmonized","ARIMAX",30,9,0.79185,"ok","",,2,0,1,2,0,0,0,0,0,0,0,0,0.981463525964653,0.997152999391152,""
"Hungary",2021,"Harmonized","ARIMAX",30,9,0.79075,"ok","",,2,0,0,1,0,1,0,0,0,0,0,0,0.999974430042651,0.971173177570416,""
"Independent State of Papua New Guinea",2021,"Harmonized","ARIMAX",30,9,0.4178,"ok","",,2,0,0,1,0,0,0,0,0,0,0,0,0.999967076814137,0.999717479752986,""
"Independent State of Samoa",2021,"Harmonized","ARIMAX",30,9,0.59339,"ok","",,2,0,2,2,0,2,0,0,0,0,0,0,0.998899857486761,0.995454320864695,""
"Ireland",2021,"Harmonized","ARIMAX",30,9,0.87375,"ok","",,4,0,0,1,0,0,0,0,0,0,0,0,0.864561561429461,0.878759800596074,""
"Islamic Republic of Afghanistan",2021,"Harmonized","ARIMAX",30,9,0.3372,"ok","",,3,0,1,0,0,1,0,0,0,0,0,0,0.38082913786616,0.988178642657244,""
"Islamic Republic of Iran",2021,"Harmonized","ARIMAX",30,9,0.69721,"ok","",,2,0,1,1,0,0,0,0,0,0,0,0,0.945387015299426,0.994718303388115,""
"Islamic Republic of Mauritania",2021,"Harmonized","ARIMAX",30,9,0.49895,"ok","",,1,0,1,1,0,0,0,0,0,0,0,0,0.413662156951233,0.997163889969322,""
"Islamic Republic of Pakistan",2021,"Harmonized","ARIMAX",30,9,0.50403,"ok","",,2,0,2,1,0,0,0,0,0,0,0,0,0.958714875133475,0.970438037437239,""
"Jamaica",2021,"Harmonized","ARIMAX",30,9,0.68326,"ok","",,2,0,0,2,0,0,0,0,0,0,0,0,0.999028173208994,0.999757654732082,""
"Japan",2021,"Harmonized","ARIMAX",30,9,0.87124,"ok","",,4,0,0,2,0,0,0,0,0,0,0,0,0.629650026051258,0.99969914805504,""
"Kingdom of Bahrain",2021,"Harmonized","ARIMAX",30,9,0.75304,"ok","",,1,0,1,2,0,0,0,0,0,0,0,0,0.162642286298402,0.99984038485415,""
"Kingdom of Belgium",2021,"Harmonized","ARIMAX",30,9,0.85365,"ok","",,2,0,2,0,0,1,0,0,0,0,0,0,0.371777287233593,0.944028762645741,""
"Kingdom of Bhutan",2021,"Harmonized","ARIMAX",30,9,0.47306,"ok","",,2,0,0,2,0,0,0,0,0,0,0,0,0.998753520587874,0.763850131628877,""
"Kingdom of Cambodia",2021,"Harmonized","ARIMAX",30,9,0.47362,"ok","",,2,0,0,2,0,2,0,0,0,0,0,0,0.971225933425747,0.997685717916292,""
"Kingdom of Denmark",2021,"Harmonized","ARIMAX",30,9,0.89642,"ok","",,1,0,1,2,0,0,0,0,0,0,0,0,0.93677425365868,0.999478225103079,""
"Kingdom of Eswatini",2021,"Harmonized","ARIMAX",30,9,0.58546,"ok","",,0,0,0,2,0,1,0,0,0,0,0,0,7.14983627858601e-14,0.989577320291435,""
"Kingdom of Lesotho",2021,"Harmonized","ARIMAX",30,9,0.51039,"ok","",,2,0,1,2,0,1,0,0,0,0,0,0,0.98343226382427,0.996206548660837,""
"Kingdom of Morocco",2021,"Harmonized","ARIMAX",30,9,0.5627,"ok","",,1,0,0,0,0,1,0,0,0,0,0,0,0.000996083684494886,0.999991250205515,""
"Kingdom of Norway",2021,"Harmonized","ARIMAX",30,9,0.91613,"ok","",,2,0,0,2,0,0,0,0,0,0,0,0,0.0602831104194105,0.990770945123319,""
"Kingdom of Saudi Arabia",2021,"Harmonized","ARIMAX",30,9,0.81514,"ok","",,2,0,1,0,0,1,0,0,0,0,0,0,0.472434673932141,0.999976073570331,""
"Kingdom of Spain",2021,"Harmonized","ARIMAX",30,9,0.76928,"ok","",,2,0,2,1,0,0,0,0,0,0,0,0,0.62115590458317,0.822812946263213,""
"Kingdom of Sweden",2021,"Harmonized","ARIMAX",30,9,0.88688,"ok","",,0,0,0,0,0,1,0,0,0,0,0,0,0.00164894257804038,0.965689917791893,""
"Kingdom of Thailand",2021,"Harmonized","ARIMAX",30,9,0.68255,"ok","",,2,0,1,2,0,1,0,0,0,0,0,0,0.681785331002344,0.994844732688399,""
"Kingdom of Tonga",2021,"Harmonized","ARIMAX",30,9,0.62635,"ok","",,2,0,0,1,0,0,0,0,0,0,0,0,0.94833951968397,0.635438198502955,""
"Kingdom of the Netherlands",2021,"Harmonized","ARIMAX",30,9,0.88846,"ok","",,2,0,1,1,0,0,0,0,0,0,0,0,0.959114596682263,0.967992842197323,""
"Kyrgyz Republic",2021,"Harmonized","ARIMAX",30,9,0.60398,"ok","",,0,2,0,1,0,0,0,0,0,0,0,0,0.80917726676691,0.989030495799458,""
"Lao People's Democratic Republic",2021,"Harmonized","ARIMAX",30,9,0.48914,"ok","",,2,0,0,2,0,1,0,0,0,0,0,0,0.996811771628173,0.990513071045975,""
"Lebanese Republic",2021,"Harmonized","ARIMAX",30,9,0.74475,"ok","",,4,0,0,1,0,0,0,0,0,0,0,0,0.387112817460523,0.101085865457327,""
"Malaysia",2021,"Harmonized","ARIMAX",30,9,0.74252,"ok","",,3,0,0,3,0,1,0,0,0,0,0,0,0.996413427764303,0.997137670735403,""
"Mongolia",2021,"Harmonized","ARIMAX",30,9,0.61762,"ok","",,1,0,1,1,0,0,0,0,0,0,0,0,0.121793710040857,0.996136670625173,""
"Montenegro",2021,"Harmonized","ARIMAX",30,9,0.7958,"ok","",,2,0,0,0,0,2,0,0,0,0,0,0,0.9974987159532,0.999191306759375,""
"New Zealand",2021,"Harmonized","ARIMAX",30,9,0.84944,"ok","",,2,0,2,1,0,0,0,0,0,0,0,0,0.569039035423623,0.993047208320542,""
"North Macedonia",2021,"Harmonized","ARIMAX",30,9,0.75063,"ok","",,2,0,0,2,0,0,0,0,0,0,0,0,0.951946037413372,0.999978706110846,""
"Northern Mariana Islands",2021,"Harmonized","ARIMAX",30,9,0.77154,"ok","",,2,1,0,3,0,0,0,0,0,0,0,0,0.0286622013314792,0.99059107457503,""
"Palestine",2021,"Harmonized","ARIMAX",30,9,0.63101,"ok","",,3,0,1,2,0,0,0,0,0,0,0,0,0.996301457336841,0.997621734989334,""
"People's Democratic Republic of Algeria",2021,"Harmonized","ARIMAX",30,9,0.6595,"ok","",,4,0,0,1,0,0,0,0,0,0,0,0,0.248388241291456,0.999616045657944,""
"People's Republic of Bangladesh",2021,"Harmonized","ARIMAX",30,9,0.49242,"ok","",,2,0,2,1,0,0,0,0,0,0,0,0,0.611005925373404,0.999798104918735,""
"People's Republic of China",2021,"Harmonized","ARIMAX",30,9,0.72163,"ok","",,4,0,0,1,0,0,0,0,0,0,0,0,0.238446919484742,0.479040440279641,""
"Plurinational State of Bolivia",2021,"Harmonized","ARIMAX",30,9,0.59901,"ok","",,2,0,0,0,0,1,0,0,0,0,0,0,0.442113853965657,0.999857833203481,""
"Portuguese Republic",2021,"Harmonized","ARIMAX",30,9,0.74415,"ok","",,4,0,0,2,0,0,0,0,0,0,0,0,0.904460293285651,0.994187497238493,""
"Principality of Andorra",2021,"Harmonized","ARIMAX",30,9,0.86944,"ok","",,3,0,0,1,0,0,0,0,0,0,0,0,0.971899715874087,0.999839566089243,""
"Principality of Monaco",2021,"Harmonized","ARIMAX",30,9,0.90826,"ok","",,3,0,1,2,0,0,0,0,0,0,0,0,0.952372621616259,0.999858467521054,""
"Puerto Rico",2021,"Harmonized","ARIMAX",30,9,0.82553,"ok","",,2,0,0,1,0,0,0,0,0,0,0,0,0.965045875756868,0.999173514918636,""
"Republic of Albania",2021,"Harmonized","ARIMAX",30,9,0.70685,"ok","",,2,0,2,0,0,1,0,0,0,0,0,0,0.692121465620958,0.918935487295866,""
"Republic of Angola",2021,"Harmonized","ARIMAX",30,9,0.45372,"ok","",,1,0,1,1,0,0,0,0,0,0,0,0,0.527478660774891,0.99440425164495,""
"Republic of Armenia",2021,"Harmonized","ARIMAX",30,9,0.70183,"ok","",,1,0,1,0,0,1,0,0,0,0,0,0,0.633967727484065,0.894667309275009,""
"Republic of Austria",2021,"Harmonized","ARIMAX",30,9,0.85384,"ok","",,4,0,0,2,0,0,0,0,0,0,0,0,0.945670361926405,0.999733593791599,""
"Republic of Azerbaijan",2021,"Harmonized","ARIMAX",30,9,0.69485,"ok","",,2,0,1,2,0,0,0,0,0,0,0,0,0.999975769336057,0.999917517557609,""
"Republic of Belarus",2021,"Harmonized","ARIMAX",30,9,0.78448,"ok","",,2,0,1,0,0,2,0,0,0,0,0,0,0.92957097073471,0.991366328578404,""
"Republic of Benin",2021,"Harmonized","ARIMAX",30,9,0.37349,"ok","",,1,0,1,0,0,1,0,0,0,0,0,0,0.872209502387503,0.987136256591471,""
"Republic of Botswana",2021,"Harmonized","ARIMAX",30,9,0.64272,"ok","",,2,0,0,1,0,0,0,0,0,0,0,0,0.998115712016498,0.730086313856421,""
"Republic of Bulgaria",2021,"Harmonized","ARIMAX",30,9,0.76815,"ok","",,4,0,0,1,0,1,0,0,0,0,0,0,0.849700202639417,0.976769951735274,""
"Republic of Burundi",2021,"Harmonized","ARIMAX",30,9,0.28937,"ok","",,1,0,0,2,0,0,0,0,0,0,0,0,0.003510001377101,0.99580266134676,""
"Republic of Cabo Verde",2021,"Harmonized","ARIMAX",30,9,0.53353,"ok","",,3,0,1,0,0,1,0,0,0,0,0,0,0.930650833759998,0.987981409445203,""
"Republic of Cameroon",2021,"Harmonized","ARIMAX",30,9,0.47969,"ok","",,1,0,0,1,0,0,0,0,0,0,0,0,6.15618667154649e-13,0.948300034827427,""
"Republic of Chad",2021,"Harmonized","ARIMAX",30,9,0.24044,"ok","",,2,0,0,1,0,0,0,0,0,0,0,0,0.998197844066301,0.842587489789041,""
"Republic of Chile",2021,"Harmonized","ARIMAX",30,9,0.77151,"ok","",,2,0,1,1,0,0,0,0,0,0,0,0,0.996971933234252,0.99981925592808,""
"Republic of Colombia",2021,"Harmonized","ARIMAX",30,9,0.65544,"ok","",,2,0,0,1,0,0,0,0,0,0,0,0,0.923685934289155,0.436261582934704,""
"Republic of Costa Rica",2021,"Harmonized","ARIMAX",30,9,0.70034,"ok","",,1,0,2,0,0,1,0,0,0,0,0,0,0.818299564222574,0.990203467358132,""
"Republic of Croatia",2021,"Harmonized","ARIMAX",30,9,0.79834,"ok","",,4,0,0,2,0,0,0,0,0,0,0,0,0.969693004334271,0.999988412604101,""
"Republic of Cuba",2021,"Harmonized","ARIMAX",30,9,0.66873,"ok","",,2,0,1,2,0,0,0,0,0,0,0,0,0.951796848929807,0.999769448928355,""
"Republic of Cyprus",2021,"Harmonized","ARIMAX",30,9,0.83563,"ok","",,2,0,1,1,0,1,0,0,0,0,0,0,0.519589491560167,0.953282778864583,""
"Republic of Côte d'Ivoire",2021,"Harmonized","ARIMAX",30,9,0.42594,"ok","",,2,0,0,1,0,0,0,0,0,0,0,0,0.545643748961626,0.926547212234892,""
"Republic of Djibouti",2021,"Harmonized","ARIMAX",30,9,0.48796,"ok","",,2,0,0,1,0,0,0,0,0,0,0,0,0.952461183976833,0.988473129504428,""
"Republic of Ecuador",2021,"Harmonized","ARIMAX",30,9,0.66102,"ok","",,2,0,0,0,0,1,0,0,0,0,0,0,0.996661550916268,0.997372724667364,""
"Republic of El Salvador",2021,"Harmonized","ARIMAX",30,9,0.56378,"ok","",,2,0,0,1,0,0,0,0,0,0,0,0,0.999729525377483,0.999939408790976,""
"Republic of Equatorial Guinea",2021,"Harmonized","ARIMAX",30,9,0.65786,"ok","",,2,0,0,1,0,0,0,0,0,0,0,0,0.836980734085623,0.99998270986834,""
"Republic of Estonia",2021,"Harmonized","ARIMAX",30,9,0.84492,"ok","",,1,0,1,2,0,1,0,0,0,0,0,0,0.794058969397585,0.99789718070773,""
"Republic of Fiji",2021,"Harmonized","ARIMAX",30,9,0.67505,"ok","",,2,0,0,0,0,0,0,0,0,0,0,0,0.999935252548323,0.511940269159717,""
"Republic of Finland",2021,"Harmonized","ARIMAX",30,9,0.85983,"ok","",,0,0,0,2,0,0,0,0,0,0,0,0,1.10528075580874e-09,0.999497960954569,""
"Republic of Ghana",2021,"Harmonized","ARIMAX",30,9,0.56493,"ok","",,2,0,2,0,0,1,0,0,0,0,0,0,0.582563016411962,0.992209592960587,""
"Republic of Guatemala",2021,"Harmonized","ARIMAX",30,9,0.53997,"ok","",,1,0,2,1,0,0,0,0,0,0,0,0,0.994248639113073,0.865568050090482,""
"Republic of Guinea",2021,"Harmonized","ARIMAX",30,9,0.3364,"ok","",,4,0,0,0,0,1,0,0,0,0,0,0,0.477348255537707,0.998482933477095,""
"Republic of Guinea-Bissau",2021,"Harmonized","ARIMAX",30,9,0.35311,"ok","",,3,0,0,0,0,1,0,0,0,0,0,0,0.947510912700841,0.996696098799049,""
"Republic of Guyana",2021,"Harmonized","ARIMAX",30,9,0.65081,"ok","",,1,0,0,0,0,2,0,0,0,0,0,0,0.00126473734372567,0.981615444159952,""
"Republic of Haiti",2021,"Harmonized","ARIMAX",30,9,0.44828,"ok","",,2,0,1,2,0,0,0,0,0,0,0,0,0.213082031076014,0.999974919583741,""
"Republic of Honduras",2021,"Harmonized","ARIMAX",30,9,0.51304,"ok","",,4,0,1,0,0,1,0,0,0,0,0,0,0.995502919196383,0.991641254175489,""
"Republic of Iceland",2021,"Harmonized","ARIMAX",30,9,0.87636,"ok","",,4,0,0,1,0,0,0,0,0,0,0,0,0.236612324966153,0.982607490118588,""
"Republic of India",2021,"Harmonized","ARIMAX",30,9,0.5754,"ok","",,2,0,0,2,0,0,0,0,0,0,0,0,0.854268108424991,0.994950296950502,""
"Republic of Indonesia",2021,"Harmonized","ARIMAX",30,9,0.65687,"ok","",,2,0,1,2,0,0,0,0,0,0,0,0,0.999923809620441,0.999963676495115,""
"Republic of Iraq",2021,"Harmonized","ARIMAX",30,9,0.66263,"ok","",,2,0,0,1,0,0,0,0,0,0,0,0,0.768329578181471,0.963899195784401,""
"Republic of Italy",2021,"Harmonized","ARIMAX",30,9,0.80577,"ok","",,2,0,1,1,0,0,0,0,0,0,0,0,0.132968685100468,0.991583900270503,""
"Republic of Kazakhstan",2021,"Harmonized","ARIMAX",30,9,0.72514,"ok","",,2,0,2,2,0,0,0,0,0,0,0,0,0.631948156331991,0.999812151603658,""
"Republic of Kenya",2021,"Harmonized","ARIMAX",30,9,0.52377,"ok","",,2,0,0,1,0,0,0,0,0,0,0,0,0.999975534759661,0.848703312485772,""
"Republic of Kiribati",2021,"Harmonized","ARIMAX",30,9,0.52719,"ok","",,2,0,1,1,0,0,0,0,0,0,0,0,0.886539611360918,0.515399125786136,""
"Republic of Korea",2021,"Harmonized","ARIMAX",30,9,0.88668,"ok","",,2,0,2,2,0,0,0,0,0,0,0,0,0.958353315055563,0.999345774996285,""
"Republic of Latvia",2021,"Harmonized","ARIMAX",30,9,0.83066,"ok","",,2,0,2,2,0,2,0,0,0,0,0,0,0.0791496710892108,0.997337026382716,""
"Republic of Liberia",2021,"Harmonized","ARIMAX",30,9,0.35244,"ok","",,2,0,0,1,0,0,0,0,0,0,0,0,0.995270509437932,0.993084678411324,""
"Republic of Lithuania",2021,"Harmonized","ARIMAX",30,9,0.85648,"ok","",,0,0,0,1,0,1,0,0,0,0,0,0,2.07471573254736e-09,0.974300572024727,""
"Republic of Madagascar",2021,"Harmonized","ARIMAX",30,9,0.40025,"ok","",,2,0,0,1,0,0,0,0,0,0,0,0,0.746999191688652,0.954247327642644,""
"Republic of Malawi",2021,"Harmonized","ARIMAX",30,9,0.38455,"ok","",,2,0,0,2,0,0,0,0,0,0,0,0,0.999930502840184,0.985545575592715,""
"Republic of Maldives",2021,"Harmonized","ARIMAX",30,9,0.65089,"ok","",,2,0,1,2,0,0,0,0,0,0,0,0,0.895853608715551,0.999979790269518,""
"Republic of Mali",2021,"Harmonized","ARIMAX",30,9,0.26858,"ok","",,1,0,1,1,0,0,0,0,0,0,0,0,0.477831887866279,0.956025531588121,""
"Republic of Malta",2021,"Harmonized","ARIMAX",30,9,0.80159,"ok","",,4,0,0,1,0,0,0,0,0,0,0,0,0.353287536456625,0.982995296056332,""
"Republic of Mauritius",2021,"Harmonized","ARIMAX",30,9,0.71826,"ok","",,3,0,1,2,0,0,0,0,0,0,0,0,0.425912382064645,0.999995832233411,""
"Republic of Moldova",2021,"Harmonized","ARIMAX",30,9,0.73221,"ok","",,2,0,0,2,0,0,0,0,0,0,0,0,0.957181734271256,0.999999972970593,""
"Republic of Mozambique",2021,"Harmonized","ARIMAX",30,9,0.32646,"ok","",,2,0,0,0,0,2,0,0,0,0,0,0,0.99994749104348,0.914734876252763,""
"Republic of Namibia",2021,"Harmonized","ARIMAX",30,9,0.61756,"ok","",,3,0,0,2,0,1,0,0,0,0,0,0,0.998179284721642,0.997091337566135,""
"Republic of Nauru",2021,"Harmonized","ARIMAX",30,9,0.62518,"ok","",,1,2,0,2,0,1,0,0,0,0,0,0,0.810016251933449,0.267311285098934,""
"Republic of Nicaragua",2021,"Harmonized","ARIMAX",30,9,0.52396,"ok","",,2,0,1,0,0,1,0,0,0,0,0,0,0.994236439372147,0.999449986419907,""
"Republic of Niue",2021,"Harmonized","ARIMAX",30,9,0.72622,"ok","",,2,0,0,1,0,0,0,0,0,0,0,0,0.503690172770115,0.607268334268344,""
"Republic of Palau",2021,"Harmonized","ARIMAX",30,9,0.75405,"ok","",,2,0,0,1,0,0,0,0,0,0,0,0,0.986877033334403,0.631552201188324,""
"Republic of Panama",2021,"Harmonized","ARIMAX",30,9,0.70886,"ok","",,2,0,0,0,0,1,0,0,0,0,0,0,0.97883786693714,0.999982179216298,""
"Republic of Paraguay",2021,"Harmonized","ARIMAX",30,9,0.63572,"ok","",,4,0,0,0,0,2,0,0,0,0,0,0,0.0881582249509506,0.98909417201224,""
"Republic of Peru",2021,"Harmonized","ARIMAX",30,9,0.66205,"ok","",,2,0,0,1,0,0,0,0,0,0,0,0,0.852711834779915,0.999785155111674,""
"Republic of Poland",2021,"Harmonized","ARIMAX",30,9,0.81204,"ok","",,2,0,1,1,0,1,0,0,0,0,0,0,0.644796827248329,0.577015711128911,""
"Republic of Rwanda",2021,"Harmonized","ARIMAX",30,9,0.43559,"ok","",,1,0,0,0,0,0,0,0,0,0,0,0,6.8535501380973e-05,1.98094918035796e-06,""
"Republic of San Marino",2021,"Harmonized","ARIMAX",30,9,0.88801,"ok","",,1,0,1,0,0,1,0,0,0,0,0,0,0.16050094784679,0.999522672023267,""
"Republic of Senegal",2021,"Harmonized","ARIMAX",30,9,0.40805,"ok","",,2,0,1,1,0,0,0,0,0,0,0,0,0.999904566269144,0.998088474972311,""
"Republic of Serbia",2021,"Harmonized","ARIMAX",30,9,0.79242,"ok","",,2,0,2,2,0,0,0,0,0,0,0,0,0.709478136920837,0.999978815243717,""
"Republic of Seychelles",2021,"Harmonized","ARIMAX",30,9,0.73015,"ok","",,4,0,0,2,0,2,0,0,0,0,0,0,0.565667555244861,0.999719109685912,""
"Republic of Sierra Leone",2021,"Harmonized","ARIMAX",30,9,0.35867,"ok","",,1,0,0,2,0,0,0,0,0,0,0,0,1.30939014375553e-06,0.940410330915743,""
"Republic of Singapore",2021,"Harmonized","ARIMAX",30,9,0.8561,"ok","",,1,0,0,1,0,2,0,0,0,0,0,0,0.992811215121625,0.907088020519592,""
"Republic of Slovenia",2021,"Harmonized","ARIMAX",30,9,0.84243,"ok","",,0,0,0,1,0,0,0,0,0,0,0,0,1.77102776888205e-12,0.87018354192279,""
"Republic of South Africa",2021,"Harmonized","ARIMAX",30,9,0.67963,"ok","",,2,0,1,1,0,0,0,0,0,0,0,0,0.999929939965982,0.945926708671122,""
"Republic of South Sudan",2021,"Harmonized","ARIMAX",30,9,0.27837,"ok","",,0,0,0,1,0,0,0,0,0,0,0,0,0.000737867295070527,0.994178700103271,""
"Republic of Sudan",2021,"Harmonized","ARIMAX",30,9,0.54195,"ok","",,2,0,1,1,0,0,0,0,0,0,0,0,0.120390584389086,0.999457503760604,""
"Republic of Suriname",2021,"Harmonized","ARIMAX",30,9,0.63367,"ok","",,2,0,0,2,0,1,0,0,0,0,0,0,0.88980462170372,0.99454891337572,""
"Republic of Tajikistan",2021,"Harmonized","ARIMAX",30,9,0.54151,"ok","",,2,2,0,2,0,0,0,0,0,0,0,0,0.926154636772458,0.999989322873827,""
"Republic of Trinidad and Tobago",2021,"Harmonized","ARIMAX",30,9,0.76876,"ok","",,2,0,0,0,0,0,0,0,0,0,0,0,0.934058374182337,0.318856391259717,""
"Republic of Tunisia",2021,"Harmonized","ARIMAX",30,9,0.68243,"ok","",,2,0,0,2,0,0,0,0,0,0,0,0,0.491708496147887,0.999389357628832,""
"Republic of Turkey",2021,"Harmonized","ARIMAX",30,9,0.71269,"ok","",,0,0,0,0,0,1,0,0,0,0,0,0,1.48658862997308e-12,0.947611773192684,""
"Republic of Uganda",2021,"Harmonized","ARIMAX",30,9,0.42326,"ok","",,2,0,1,2,0,0,0,0,0,0,0,0,0.999877472257565,0.973475227565753,""
"Republic of Uzbekistan",2021,"Harmonized","ARIMAX",30,9,0.66262,"ok","",,1,0,1,1,0,0,0,0,0,0,0,0,0.57594201024996,0.984286107363003,""
"Republic of Vanuatu",2021,"Harmonized","ARIMAX",30,9,0.4731,"ok","",,4,0,1,1,0,0,0,0,0,0,0,0,0.994568582821462,0.52115174802561,""
"Republic of Yemen",2021,"Harmonized","ARIMAX",30,9,0.45038,"ok","",,2,0,2,0,0,0,0,0,0,0,0,0,0.546384979576038,0.830499952523245,""
"Republic of Zambia",2021,"Harmonized","ARIMAX",30,9,0.50595,"ok","",,1,0,1,2,0,1,0,0,0,0,0,0,0.675556114492691,0.988139756414098,""
"Republic of Zimbabwe",2021,"Harmonized","ARIMAX",30,9,0.47382,"ok","",,0,2,1,0,0,2,0,0,0,0,0,0,0.886651602099197,0.996364831156507,""
"Republic of the Congo",2021,"Harmonized","ARIMAX",30,9,0.58308,"ok","",,1,0,1,1,0,0,0,0,0,0,0,0,0.524311194207409,0.968839400178237,""
"Republic of the Gambia",2021,"Harmonized","ARIMAX",30,9,0.40971,"ok","",,2,0,0,1,0,0,0,0,0,0,0,0,0.852627260988144,0.928895088344827,""
"Republic of the Marshall Islands",2021,"Harmonized","ARIMAX",30,9,0.57409,"ok","",,3,0,0,1,0,0,0,0,0,0,0,0,0.913862547335013,0.78248203440817,""
"Republic of the Niger",2021,"Harmonized","ARIMAX",30,9,0.16807,"ok","",,1,0,2,0,0,0,0,0,0,0,0,0,0.76680455633078,0.985310415850934,""
"Republic of the Philippines",2021,"Harmonized","ARIMAX",30,9,0.65122,"ok","",,2,0,0,1,0,0,0,0,0,0,0,0,0.976036624419346,0.960225030841209,""
"Republic of the Union of Myanmar",2021,"Harmonized","ARIMAX",30,9,0.5339,"ok","",,2,0,0,1,0,1,0,0,0,0,0,0,0.945613321007572,0.908420649782914,""
"Romania",2021,"Harmonized","ARIMAX",30,9,0.76845,"ok","",,4,0,0,2,0,0,0,0,0,0,0,0,0.994178569229356,0.999952194541228,""
"Russian Federation",2021,"Harmonized","ARIMAX",30,9,0.80854,"ok","",,4,0,0,1,0,1,0,0,0,0,0,0,0.185415070061853,0.996987108251553,""
"Saint Kitts and Nevis",2021,"Harmonized","ARIMAX",30,9,0.75499,"ok","",,2,0,0,0,0,1,0,0,0,0,0,0,0.597108114015213,0.930237895611064,""
"Saint Lucia",2021,"Harmonized","ARIMAX",30,9,0.67251,"ok","",,2,0,0,2,0,0,0,0,0,0,0,0,0.329721571818746,0.984578880622822,""
"Saint Vincent and the Grenadines",2021,"Harmonized","ARIMAX",30,9,0.6372,"ok","",,1,0,0,2,0,0,0,0,0,0,0,0,0.00588432889217461,0.999522637767638,""
"Slovak Republic",2021,"Harmonized","ARIMAX",30,9,0.81061,"ok","",,4,0,0,0,0,0,0,0,0,0,0,0,0.658141198476096,0.37357016909635,""
"Socialist Republic of Viet Nam",2021,"Harmonized","ARIMAX",30,9,0.62793,"ok","",,2,0,0,2,0,0,0,0,0,0,0,0,0.863298479553528,0.770969748619651,""
"Solomon Islands",2021,"Harmonized","ARIMAX",30,9,0.42936,"ok","",,2,0,1,1,0,0,0,0,0,0,0,0,0.999918911775345,0.561142142921416,""
"State of Eritrea",2021,"Harmonized","ARIMAX",30,9,0.40386,"ok","",,1,0,1,1,0,1,0,0,0,0,0,0,0.738218887251053,0.951661994448996,""
"State of Israel",2021,"Harmonized","ARIMAX",30,9,0.80901,"ok","",,2,0,2,1,0,0,0,0,0,0,0,0,0.0975532124523542,0.92424644065211,""
"State of Kuwait",2021,"Harmonized","ARIMAX",30,9,0.84665,"ok","",,3,0,0,1,0,0,0,0,0,0,0,0,0.993181089519338,0.998941850326813,""
"State of Libya",2021,"Harmonized","ARIMAX",30,9,0.72577,"ok","",,2,0,0,1,0,0,0,0,0,0,0,0,0.996953546926161,0.999938121047928,""
"State of Qatar",2021,"Harmonized","ARIMAX",30,9,0.84686,"ok","",,3,0,0,1,0,0,0,0,0,0,0,0,0.268140919115952,0.962462610041859,""
"Sultanate of Oman",2021,"Harmonized","ARIMAX",30,9,0.77339,"ok","",,0,0,0,1,0,0,0,0,0,0,0,0,1.65237379334826e-10,0.994247716012252,""
"Swiss Confederation",2021,"Harmonized","ARIMAX",30,9,0.93306,"ok","",,2,0,2,2,0,0,0,0,0,0,0,0,0.110497111762344,0.719977579066563,""
"Syrian Arab Republic",2021,"Harmonized","ARIMAX",30,9,0.623,"ok","",,2,0,0,1,0,1,0,0,0,0,0,0,0.595120135232468,0.978301228897305,""
"Taiwan (Province of China)",2021,"Harmonized","ARIMAX",30,9,0.87475,"ok","",,1,0,1,0,0,3,0,0,0,0,0,0,0.878812249882531,0.975441147104112,""
"Togolese Republic",2021,"Harmonized","ARIMAX",30,9,0.40853,"ok","",,2,0,2,1,0,0,0,0,0,0,0,0,0.131988475826994,0.999347189561727,""
"Tokelau",2021,"Harmonized","ARIMAX",30,9,0.68643,"ok","",,3,0,0,0,0,0,0,0,0,0,0,0,0.75231442968833,0.770569742226422,""
"Turkmenistan",2021,"Harmonized","ARIMAX",30,9,0.68216,"ok","",,2,0,0,1,0,0,0,0,0,0,0,0,0.836510810212885,0.82220236238744,""
"Tuvalu",2021,"Harmonized","ARIMAX",30,9,0.57662,"ok","",,2,0,0,1,0,0,0,0,0,0,0,0,0.90072937876546,0.79649543770289,""
"Ukraine",2021,"Harmonized","ARIMAX",30,9,0.76077,"ok","",,2,0,0,1,0,1,0,0,0,0,0,0,0.998352668685021,0.852804984083313,""
"Union of the Comoros",2021,"Harmonized","ARIMAX",30,9,0.47598,"ok","",,1,0,0,2,0,0,0,0,0,0,0,0,1.61866444015057e-06,0.999911672320218,""
"United Arab Emirates",2021,"Harmonized","ARIMAX",30,9,0.84932,"ok","",,1,0,1,1,0,0,0,0,0,0,0,0,0.827164830353459,0.873297000539188,""
"United Kingdom of Great Britain and Northern Ireland",2021,"Harmonized","ARIMAX",30,9,0.859,"ok","",,4,0,0,1,0,0,0,0,0,0,0,0,0.989258354728513,0.999722749185704,""
"United Mexican States",2021,"Harmonized","ARIMAX",30,9,0.66458,"ok","",,2,0,0,0,0,1,0,0,0,0,0,0,0.993243464593798,0.983829586278634,""
"United Republic of Tanzania",2021,"Harmonized","ARIMAX",30,9,0.44657,"ok","",,2,0,0,2,0,0,0,0,0,0,0,0,0.999971705151542,0.999998448133399,""
"United States Virgin Islands",2021,"Harmonized","ARIMAX",30,9,0.82183,"ok","",,0,0,0,2,0,0,0,0,0,0,0,0,2.04013293858551e-05,0.999991853728296,""
"United States of America",2021,"Harmonized","ARIMAX",30,9,0.86245,"ok","",,4,0,0,1,0,0,0,0,0,0,0,0,0.91614213435633,0.959405394930541,""
"American Samoa",2021,"Benchmark","Persistence",30,9,0.72373,"ok","",,,,,,,,0,0,0,0,0,0,,,""
"Antigua and Barbuda",2021,"Benchmark","Persistence",30,9,0.74989,"ok","",,,,,,,,0,0,0,0,0,0,,,""
"Arab Republic of Egypt",2021,"Benchmark","Persistence",30,9,0.60679,"ok","",,,,,,,,0,0,0,0,0,0,,,""
"Argentine Republic",2021,"Benchmark","Persistence",30,9,0.72312,"ok","",,,,,,,,0,0,0,0,0,0,,,""
"Australia",2021,"Benchmark","Persistence",30,9,0.84425,"ok","",,,,,,,,0,0,0,0,0,0,,,""
"Barbados",2021,"Benchmark","Persistence",30,9,0.74675,"ok","",,,,,,,,0,0,0,0,0,0,,,""
"Belize",2021,"Benchmark","Persistence",30,9,0.61023,"ok","",,,,,,,,0,0,0,0,0,0,,,""
"Bermuda",2021,"Benchmark","Persistence",30,9,0.82137,"ok","",,,,,,,,0,0,0,0,0,0,,,""
"Bolivarian Republic of Venezuela",2021,"Benchmark","Persistence",30,9,0.59651,"ok","",,,,,,,,0,0,0,0,0,0,,,""
"Bosnia and Herzegovina",2021,"Benchmark","Persistence",30,9,0.72308,"ok","",,,,,,,,0,0,0,0,0,0,,,""
"Brunei Darussalam",2021,"Benchmark","Persistence",30,9,0.81023,"ok","",,,,,,,,0,0,0,0,0,0,,,""
"Burkina Faso",2021,"Benchmark","Persistence",30,9,0.28512,"ok","",,,,,,,,0,0,0,0,0,0,,,""
"Canada",2021,"Benchmark","Persistence",30,9,0.87317,"ok","",,,,,,,,0,0,0,0,0,0,,,""
"Central African Republic",2021,"Benchmark","Persistence",30,9,0.30917,"ok","",,,,,,,,0,0,0,0,0,0,,,""
"Commonwealth of Dominica",2021,"Benchmark","Persistence",30,9,0.74697,"ok","",,,,,,,,0,0,0,0,0,0,,,""
"Commonwealth of the Bahamas",2021,"Benchmark","Persistence",30,9,0.80502,"ok","",,,,,,,,0,0,0,0,0,0,,,""
"Cook Islands",2021,"Benchmark","Persistence",30,9,0.77911,"ok","",,,,,,,,0,0,0,0,0,0,,,""
"Czech Republic",2021,"Benchmark","Persistence",30,9,0.82845,"ok","",,,,,,,,0,0,0,0,0,0,,,""
"Democratic People's Republic of Korea",2021,"Benchmark","Persistence",30,9,0.56985,"ok","",,,,,,,,0,0,0,0,0,0,,,""
"Democratic Republic of Sao Tome and Principe",2021,"Benchmark","Persistence",30,9,0.50541,"ok","",,,,,,,,0,0,0,0,0,0,,,""
"Democratic Republic of Timor-Leste",2021,"Benchmark","Persistence",30,9,0.44467,"ok","",,,,,,,,0,0,0,0,0,0,,,""
"Democratic Republic of the Congo",2021,"Benchmark","Persistence",30,9,0.38318,"ok","",,,,,,,,0,0,0,0,0,0,,,""
"Democratic Socialist Republic of Sri Lanka",2021,"Benchmark","Persistence",30,9,0.70153,"ok","",,,,,,,,0,0,0,0,0,0,,,""
"Dominican Republic",2021,"Benchmark","Persistence",30,9,0.61939,"ok","",,,,,,,,0,0,0,0,0,0,,,""
"Eastern Republic of Uruguay",2021,"Benchmark","Persistence",30,9,0.71928,"ok","",,,,,,,,0,0,0,0,0,0,,,""
"Federal Democratic Republic of Ethiopia",2021,"Benchmark","Persistence",30,9,0.35882,"ok","",,,,,,,,0,0,0,0,0,0,,,""
"Federal Democratic Republic of Nepal",2021,"Benchmark","Persistence",30,9,0.43317,"ok","",,,,,,,,0,0,0,0,0,0,,,""
"Federal Republic of Germany",2021,"Benchmark","Persistence",30,9,0.90296,"ok","",,,,,,,,0,0,0,0,0,0,,,""
"Federal Republic of Nigeria",2021,"Benchmark","Persistence",30,9,0.50339,"ok","",,,,,,,,0,0,0,0,0,0,,,""
"Federal Republic of Somalia",2021,"Benchmark","Persistence",30,9,0.07769,"ok","",,,,,,,,0,0,0,0,0,0,,,""
"Federated States of Micronesia",2021,"Benchmark","Persistence",30,9,0.58753,"ok","",,,,,,,,0,0,0,0,0,0,,,""
"Federative Republic of Brazil",2021,"Benchmark","Persistence",30,9,0.65304,"ok","",,,,,,,,0,0,0,0,0,0,,,""
"French Republic",2021,"Benchmark","Persistence",30,9,0.83836,"ok","",,,,,,,,0,0,0,0,0,0,,,""
"Gabonese Republic",2021,"Benchmark","Persistence",30,9,0.63469,"ok","",,,,,,,,0,0,0,0,0,0,,,""
"Georgia",2021,"Benchmark","Persistence",30,9,0.73247,"ok","",,,,,,,,0,0,0,0,0,0,,,""
"Grand Duchy of Luxembourg",2021,"Benchmark","Persistence",30,9,0.88443,"ok","",,,,,,,,0,0,0,0,0,0,,,""
"Greenland",2021,"Benchmark","Persistence",30,9,0.82621,"ok","",,,,,,,,0,0,0,0,0,0,,,""
"Grenada",2021,"Benchmark","Persistence",30,9,0.66899,"ok","",,,,,,,,0,0,0,0,0,0,,,""
"Guam",2021,"Benchmark","Persistence",30,9,0.80398,"ok","",,,,,,,,0,0,0,0,0,0,,,""
"Hashemite Kingdom of Jordan",2021,"Benchmark","Persistence",30,9,0.72531,"ok","",,,,,,,,0,0,0,0,0,0,,,""
"Hellenic Republic",2021,"Benchmark","Persistence",30,9,0.79185,"ok","",,,,,,,,0,0,0,0,0,0,,,""
"Hungary",2021,"Benchmark","Persistence",30,9,0.79075,"ok","",,,,,,,,0,0,0,0,0,0,,,""
"Independent State of Papua New Guinea",2021,"Benchmark","Persistence",30,9,0.4178,"ok","",,,,,,,,0,0,0,0,0,0,,,""
"Independent State of Samoa",2021,"Benchmark","Persistence",30,9,0.59339,"ok","",,,,,,,,0,0,0,0,0,0,,,""
"Ireland",2021,"Benchmark","Persistence",30,9,0.87375,"ok","",,,,,,,,0,0,0,0,0,0,,,""
"Islamic Republic of Afghanistan",2021,"Benchmark","Persistence",30,9,0.3372,"ok","",,,,,,,,0,0,0,0,0,0,,,""
"Islamic Republic of Iran",2021,"Benchmark","Persistence",30,9,0.69721,"ok","",,,,,,,,0,0,0,0,0,0,,,""
"Islamic Republic of Mauritania",2021,"Benchmark","Persistence",30,9,0.49895,"ok","",,,,,,,,0,0,0,0,0,0,,,""
"Islamic Republic of Pakistan",2021,"Benchmark","Persistence",30,9,0.50403,"ok","",,,,,,,,0,0,0,0,0,0,,,""
"Jamaica",2021,"Benchmark","Persistence",30,9,0.68326,"ok","",,,,,,,,0,0,0,0,0,0,,,""
"Japan",2021,"Benchmark","Persistence",30,9,0.87124,"ok","",,,,,,,,0,0,0,0,0,0,,,""
"Kingdom of Bahrain",2021,"Benchmark","Persistence",30,9,0.75304,"ok","",,,,,,,,0,0,0,0,0,0,,,""
"Kingdom of Belgium",2021,"Benchmark","Persistence",30,9,0.85365,"ok","",,,,,,,,0,0,0,0,0,0,,,""
"Kingdom of Bhutan",2021,"Benchmark","Persistence",30,9,0.47306,"ok","",,,,,,,,0,0,0,0,0,0,,,""
"Kingdom of Cambodia",2021,"Benchmark","Persistence",30,9,0.47362,"ok","",,,,,,,,0,0,0,0,0,0,,,""
"Kingdom of Denmark",2021,"Benchmark","Persistence",30,9,0.89642,"ok","",,,,,,,,0,0,0,0,0,0,,,""
"Kingdom of Eswatini",2021,"Benchmark","Persistence",30,9,0.58546,"ok","",,,,,,,,0,0,0,0,0,0,,,""
"Kingdom of Lesotho",2021,"Benchmark","Persistence",30,9,0.51039,"ok","",,,,,,,,0,0,0,0,0,0,,,""
"Kingdom of Morocco",2021,"Benchmark","Persistence",30,9,0.5627,"ok","",,,,,,,,0,0,0,0,0,0,,,""
"Kingdom of Norway",2021,"Benchmark","Persistence",30,9,0.91613,"ok","",,,,,,,,0,0,0,0,0,0,,,""
"Kingdom of Saudi Arabia",2021,"Benchmark","Persistence",30,9,0.81514,"ok","",,,,,,,,0,0,0,0,0,0,,,""
"Kingdom of Spain",2021,"Benchmark","Persistence",30,9,0.76928,"ok","",,,,,,,,0,0,0,0,0,0,,,""
"Kingdom of Sweden",2021,"Benchmark","Persistence",30,9,0.88688,"ok","",,,,,,,,0,0,0,0,0,0,,,""
"Kingdom of Thailand",2021,"Benchmark","Persistence",30,9,0.68255,"ok","",,,,,,,,0,0,0,0,0,0,,,""
"Kingdom of Tonga",2021,"Benchmark","Persistence",30,9,0.62635,"ok","",,,,,,,,0,0,0,0,0,0,,,""
"Kingdom of the Netherlands",2021,"Benchmark","Persistence",30,9,0.88846,"ok","",,,,,,,,0,0,0,0,0,0,,,""
"Kyrgyz Republic",2021,"Benchmark","Persistence",30,9,0.60398,"ok","",,,,,,,,0,0,0,0,0,0,,,""
"Lao People's Democratic Republic",2021,"Benchmark","Persistence",30,9,0.48914,"ok","",,,,,,,,0,0,0,0,0,0,,,""
"Lebanese Republic",2021,"Benchmark","Persistence",30,9,0.74475,"ok","",,,,,,,,0,0,0,0,0,0,,,""
"Malaysia",2021,"Benchmark","Persistence",30,9,0.74252,"ok","",,,,,,,,0,0,0,0,0,0,,,""
"Mongolia",2021,"Benchmark","Persistence",30,9,0.61762,"ok","",,,,,,,,0,0,0,0,0,0,,,""
"Montenegro",2021,"Benchmark","Persistence",30,9,0.7958,"ok","",,,,,,,,0,0,0,0,0,0,,,""
"New Zealand",2021,"Benchmark","Persistence",30,9,0.84944,"ok","",,,,,,,,0,0,0,0,0,0,,,""
"North Macedonia",2021,"Benchmark","Persistence",30,9,0.75063,"ok","",,,,,,,,0,0,0,0,0,0,,,""
"Northern Mariana Islands",2021,"Benchmark","Persistence",30,9,0.77154,"ok","",,,,,,,,0,0,0,0,0,0,,,""
"Palestine",2021,"Benchmark","Persistence",30,9,0.63101,"ok","",,,,,,,,0,0,0,0,0,0,,,""
"People's Democratic Republic of Algeria",2021,"Benchmark","Persistence",30,9,0.6595,"ok","",,,,,,,,0,0,0,0,0,0,,,""
"People's Republic of Bangladesh",2021,"Benchmark","Persistence",30,9,0.49242,"ok","",,,,,,,,0,0,0,0,0,0,,,""
"People's Republic of China",2021,"Benchmark","Persistence",30,9,0.72163,"ok","",,,,,,,,0,0,0,0,0,0,,,""
"Plurinational State of Bolivia",2021,"Benchmark","Persistence",30,9,0.59901,"ok","",,,,,,,,0,0,0,0,0,0,,,""
"Portuguese Republic",2021,"Benchmark","Persistence",30,9,0.74415,"ok","",,,,,,,,0,0,0,0,0,0,,,""
"Principality of Andorra",2021,"Benchmark","Persistence",30,9,0.86944,"ok","",,,,,,,,0,0,0,0,0,0,,,""
"Principality of Monaco",2021,"Benchmark","Persistence",30,9,0.90826,"ok","",,,,,,,,0,0,0,0,0,0,,,""
"Puerto Rico",2021,"Benchmark","Persistence",30,9,0.82553,"ok","",,,,,,,,0,0,0,0,0,0,,,""
"Republic of Albania",2021,"Benchmark","Persistence",30,9,0.70685,"ok","",,,,,,,,0,0,0,0,0,0,,,""
"Republic of Angola",2021,"Benchmark","Persistence",30,9,0.45372,"ok","",,,,,,,,0,0,0,0,0,0,,,""
"Republic of Armenia",2021,"Benchmark","Persistence",30,9,0.70183,"ok","",,,,,,,,0,0,0,0,0,0,,,""
"Republic of Austria",2021,"Benchmark","Persistence",30,9,0.85384,"ok","",,,,,,,,0,0,0,0,0,0,,,""
"Republic of Azerbaijan",2021,"Benchmark","Persistence",30,9,0.69485,"ok","",,,,,,,,0,0,0,0,0,0,,,""
"Republic of Belarus",2021,"Benchmark","Persistence",30,9,0.78448,"ok","",,,,,,,,0,0,0,0,0,0,,,""
"Republic of Benin",2021,"Benchmark","Persistence",30,9,0.37349,"ok","",,,,,,,,0,0,0,0,0,0,,,""
"Republic of Botswana",2021,"Benchmark","Persistence",30,9,0.64272,"ok","",,,,,,,,0,0,0,0,0,0,,,""
"Republic of Bulgaria",2021,"Benchmark","Persistence",30,9,0.76815,"ok","",,,,,,,,0,0,0,0,0,0,,,""
"Republic of Burundi",2021,"Benchmark","Persistence",30,9,0.28937,"ok","",,,,,,,,0,0,0,0,0,0,,,""
"Republic of Cabo Verde",2021,"Benchmark","Persistence",30,9,0.53353,"ok","",,,,,,,,0,0,0,0,0,0,,,""
"Republic of Cameroon",2021,"Benchmark","Persistence",30,9,0.47969,"ok","",,,,,,,,0,0,0,0,0,0,,,""
"Republic of Chad",2021,"Benchmark","Persistence",30,9,0.24044,"ok","",,,,,,,,0,0,0,0,0,0,,,""
"Republic of Chile",2021,"Benchmark","Persistence",30,9,0.77151,"ok","",,,,,,,,0,0,0,0,0,0,,,""
"Republic of Colombia",2021,"Benchmark","Persistence",30,9,0.65544,"ok","",,,,,,,,0,0,0,0,0,0,,,""
"Republic of Costa Rica",2021,"Benchmark","Persistence",30,9,0.70034,"ok","",,,,,,,,0,0,0,0,0,0,,,""
"Republic of Croatia",2021,"Benchmark","Persistence",30,9,0.79834,"ok","",,,,,,,,0,0,0,0,0,0,,,""
"Republic of Cuba",2021,"Benchmark","Persistence",30,9,0.66873,"ok","",,,,,,,,0,0,0,0,0,0,,,""
"Republic of Cyprus",2021,"Benchmark","Persistence",30,9,0.83563,"ok","",,,,,,,,0,0,0,0,0,0,,,""
"Republic of Côte d'Ivoire",2021,"Benchmark","Persistence",30,9,0.42594,"ok","",,,,,,,,0,0,0,0,0,0,,,""
"Republic of Djibouti",2021,"Benchmark","Persistence",30,9,0.48796,"ok","",,,,,,,,0,0,0,0,0,0,,,""
"Republic of Ecuador",2021,"Benchmark","Persistence",30,9,0.66102,"ok","",,,,,,,,0,0,0,0,0,0,,,""
"Republic of El Salvador",2021,"Benchmark","Persistence",30,9,0.56378,"ok","",,,,,,,,0,0,0,0,0,0,,,""
"Republic of Equatorial Guinea",2021,"Benchmark","Persistence",30,9,0.65786,"ok","",,,,,,,,0,0,0,0,0,0,,,""
"Republic of Estonia",2021,"Benchmark","Persistence",30,9,0.84492,"ok","",,,,,,,,0,0,0,0,0,0,,,""
"Republic of Fiji",2021,"Benchmark","Persistence",30,9,0.67505,"ok","",,,,,,,,0,0,0,0,0,0,,,""
"Republic of Finland",2021,"Benchmark","Persistence",30,9,0.85983,"ok","",,,,,,,,0,0,0,0,0,0,,,""
"Republic of Ghana",2021,"Benchmark","Persistence",30,9,0.56493,"ok","",,,,,,,,0,0,0,0,0,0,,,""
"Republic of Guatemala",2021,"Benchmark","Persistence",30,9,0.53997,"ok","",,,,,,,,0,0,0,0,0,0,,,""
"Republic of Guinea",2021,"Benchmark","Persistence",30,9,0.3364,"ok","",,,,,,,,0,0,0,0,0,0,,,""
"Republic of Guinea-Bissau",2021,"Benchmark","Persistence",30,9,0.35311,"ok","",,,,,,,,0,0,0,0,0,0,,,""
"Republic of Guyana",2021,"Benchmark","Persistence",30,9,0.65081,"ok","",,,,,,,,0,0,0,0,0,0,,,""
"Republic of Haiti",2021,"Benchmark","Persistence",30,9,0.44828,"ok","",,,,,,,,0,0,0,0,0,0,,,""
"Republic of Honduras",2021,"Benchmark","Persistence",30,9,0.51304,"ok","",,,,,,,,0,0,0,0,0,0,,,""
"Republic of Iceland",2021,"Benchmark","Persistence",30,9,0.87636,"ok","",,,,,,,,0,0,0,0,0,0,,,""
"Republic of India",2021,"Benchmark","Persistence",30,9,0.5754,"ok","",,,,,,,,0,0,0,0,0,0,,,""
"Republic of Indonesia",2021,"Benchmark","Persistence",30,9,0.65687,"ok","",,,,,,,,0,0,0,0,0,0,,,""
"Republic of Iraq",2021,"Benchmark","Persistence",30,9,0.66263,"ok","",,,,,,,,0,0,0,0,0,0,,,""
"Republic of Italy",2021,"Benchmark","Persistence",30,9,0.80577,"ok","",,,,,,,,0,0,0,0,0,0,,,""
"Republic of Kazakhstan",2021,"Benchmark","Persistence",30,9,0.72514,"ok","",,,,,,,,0,0,0,0,0,0,,,""
"Republic of Kenya",2021,"Benchmark","Persistence",30,9,0.52377,"ok","",,,,,,,,0,0,0,0,0,0,,,""
"Republic of Kiribati",2021,"Benchmark","Persistence",30,9,0.52719,"ok","",,,,,,,,0,0,0,0,0,0,,,""
"Republic of Korea",2021,"Benchmark","Persistence",30,9,0.88668,"ok","",,,,,,,,0,0,0,0,0,0,,,""
"Republic of Latvia",2021,"Benchmark","Persistence",30,9,0.83066,"ok","",,,,,,,,0,0,0,0,0,0,,,""
"Republic of Liberia",2021,"Benchmark","Persistence",30,9,0.35244,"ok","",,,,,,,,0,0,0,0,0,0,,,""
"Republic of Lithuania",2021,"Benchmark","Persistence",30,9,0.85648,"ok","",,,,,,,,0,0,0,0,0,0,,,""
"Republic of Madagascar",2021,"Benchmark","Persistence",30,9,0.40025,"ok","",,,,,,,,0,0,0,0,0,0,,,""
"Republic of Malawi",2021,"Benchmark","Persistence",30,9,0.38455,"ok","",,,,,,,,0,0,0,0,0,0,,,""
"Republic of Maldives",2021,"Benchmark","Persistence",30,9,0.65089,"ok","",,,,,,,,0,0,0,0,0,0,,,""
"Republic of Mali",2021,"Benchmark","Persistence",30,9,0.26858,"ok","",,,,,,,,0,0,0,0,0,0,,,""
"Republic of Malta",2021,"Benchmark","Persistence",30,9,0.80159,"ok","",,,,,,,,0,0,0,0,0,0,,,""
"Republic of Mauritius",2021,"Benchmark","Persistence",30,9,0.71826,"ok","",,,,,,,,0,0,0,0,0,0,,,""
"Republic of Moldova",2021,"Benchmark","Persistence",30,9,0.73221,"ok","",,,,,,,,0,0,0,0,0,0,,,""
"Republic of Mozambique",2021,"Benchmark","Persistence",30,9,0.32646,"ok","",,,,,,,,0,0,0,0,0,0,,,""
"Republic of Namibia",2021,"Benchmark","Persistence",30,9,0.61756,"ok","",,,,,,,,0,0,0,0,0,0,,,""
"Republic of Nauru",2021,"Benchmark","Persistence",30,9,0.62518,"ok","",,,,,,,,0,0,0,0,0,0,,,""
"Republic of Nicaragua",2021,"Benchmark","Persistence",30,9,0.52396,"ok","",,,,,,,,0,0,0,0,0,0,,,""
"Republic of Niue",2021,"Benchmark","Persistence",30,9,0.72622,"ok","",,,,,,,,0,0,0,0,0,0,,,""
"Republic of Palau",2021,"Benchmark","Persistence",30,9,0.75405,"ok","",,,,,,,,0,0,0,0,0,0,,,""
"Republic of Panama",2021,"Benchmark","Persistence",30,9,0.70886,"ok","",,,,,,,,0,0,0,0,0,0,,,""
"Republic of Paraguay",2021,"Benchmark","Persistence",30,9,0.63572,"ok","",,,,,,,,0,0,0,0,0,0,,,""
"Republic of Peru",2021,"Benchmark","Persistence",30,9,0.66205,"ok","",,,,,,,,0,0,0,0,0,0,,,""
"Republic of Poland",2021,"Benchmark","Persistence",30,9,0.81204,"ok","",,,,,,,,0,0,0,0,0,0,,,""
"Republic of Rwanda",2021,"Benchmark","Persistence",30,9,0.43559,"ok","",,,,,,,,0,0,0,0,0,0,,,""
"Republic of San Marino",2021,"Benchmark","Persistence",30,9,0.88801,"ok","",,,,,,,,0,0,0,0,0,0,,,""
"Republic of Senegal",2021,"Benchmark","Persistence",30,9,0.40805,"ok","",,,,,,,,0,0,0,0,0,0,,,""
"Republic of Serbia",2021,"Benchmark","Persistence",30,9,0.79242,"ok","",,,,,,,,0,0,0,0,0,0,,,""
"Republic of Seychelles",2021,"Benchmark","Persistence",30,9,0.73015,"ok","",,,,,,,,0,0,0,0,0,0,,,""
"Republic of Sierra Leone",2021,"Benchmark","Persistence",30,9,0.35867,"ok","",,,,,,,,0,0,0,0,0,0,,,""
"Republic of Singapore",2021,"Benchmark","Persistence",30,9,0.8561,"ok","",,,,,,,,0,0,0,0,0,0,,,""
"Republic of Slovenia",2021,"Benchmark","Persistence",30,9,0.84243,"ok","",,,,,,,,0,0,0,0,0,0,,,""
"Republic of South Africa",2021,"Benchmark","Persistence",30,9,0.67963,"ok","",,,,,,,,0,0,0,0,0,0,,,""
"Republic of South Sudan",2021,"Benchmark","Persistence",30,9,0.27837,"ok","",,,,,,,,0,0,0,0,0,0,,,""
"Republic of Sudan",2021,"Benchmark","Persistence",30,9,0.54195,"ok","",,,,,,,,0,0,0,0,0,0,,,""
"Republic of Suriname",2021,"Benchmark","Persistence",30,9,0.63367,"ok","",,,,,,,,0,0,0,0,0,0,,,""
"Republic of Tajikistan",2021,"Benchmark","Persistence",30,9,0.54151,"ok","",,,,,,,,0,0,0,0,0,0,,,""
"Republic of Trinidad and Tobago",2021,"Benchmark","Persistence",30,9,0.76876,"ok","",,,,,,,,0,0,0,0,0,0,,,""
"Republic of Tunisia",2021,"Benchmark","Persistence",30,9,0.68243,"ok","",,,,,,,,0,0,0,0,0,0,,,""
"Republic of Turkey",2021,"Benchmark","Persistence",30,9,0.71269,"ok","",,,,,,,,0,0,0,0,0,0,,,""
"Republic of Uganda",2021,"Benchmark","Persistence",30,9,0.42326,"ok","",,,,,,,,0,0,0,0,0,0,,,""
"Republic of Uzbekistan",2021,"Benchmark","Persistence",30,9,0.66262,"ok","",,,,,,,,0,0,0,0,0,0,,,""
"Republic of Vanuatu",2021,"Benchmark","Persistence",30,9,0.4731,"ok","",,,,,,,,0,0,0,0,0,0,,,""
"Republic of Yemen",2021,"Benchmark","Persistence",30,9,0.45038,"ok","",,,,,,,,0,0,0,0,0,0,,,""
"Republic of Zambia",2021,"Benchmark","Persistence",30,9,0.50595,"ok","",,,,,,,,0,0,0,0,0,0,,,""
"Republic of Zimbabwe",2021,"Benchmark","Persistence",30,9,0.47382,"ok","",,,,,,,,0,0,0,0,0,0,,,""
"Republic of the Congo",2021,"Benchmark","Persistence",30,9,0.58308,"ok","",,,,,,,,0,0,0,0,0,0,,,""
"Republic of the Gambia",2021,"Benchmark","Persistence",30,9,0.40971,"ok","",,,,,,,,0,0,0,0,0,0,,,""
"Republic of the Marshall Islands",2021,"Benchmark","Persistence",30,9,0.57409,"ok","",,,,,,,,0,0,0,0,0,0,,,""
"Republic of the Niger",2021,"Benchmark","Persistence",30,9,0.16807,"ok","",,,,,,,,0,0,0,0,0,0,,,""
"Republic of the Philippines",2021,"Benchmark","Persistence",30,9,0.65122,"ok","",,,,,,,,0,0,0,0,0,0,,,""
"Republic of the Union of Myanmar",2021,"Benchmark","Persistence",30,9,0.5339,"ok","",,,,,,,,0,0,0,0,0,0,,,""
"Romania",2021,"Benchmark","Persistence",30,9,0.76845,"ok","",,,,,,,,0,0,0,0,0,0,,,""
"Russian Federation",2021,"Benchmark","Persistence",30,9,0.80854,"ok","",,,,,,,,0,0,0,0,0,0,,,""
"Saint Kitts and Nevis",2021,"Benchmark","Persistence",30,9,0.75499,"ok","",,,,,,,,0,0,0,0,0,0,,,""
"Saint Lucia",2021,"Benchmark","Persistence",30,9,0.67251,"ok","",,,,,,,,0,0,0,0,0,0,,,""
"Saint Vincent and the Grenadines",2021,"Benchmark","Persistence",30,9,0.6372,"ok","",,,,,,,,0,0,0,0,0,0,,,""
"Slovak Republic",2021,"Benchmark","Persistence",30,9,0.81061,"ok","",,,,,,,,0,0,0,0,0,0,,,""
"Socialist Republic of Viet Nam",2021,"Benchmark","Persistence",30,9,0.62793,"ok","",,,,,,,,0,0,0,0,0,0,,,""
"Solomon Islands",2021,"Benchmark","Persistence",30,9,0.42936,"ok","",,,,,,,,0,0,0,0,0,0,,,""
"State of Eritrea",2021,"Benchmark","Persistence",30,9,0.40386,"ok","",,,,,,,,0,0,0,0,0,0,,,""
"State of Israel",2021,"Benchmark","Persistence",30,9,0.80901,"ok","",,,,,,,,0,0,0,0,0,0,,,""
"State of Kuwait",2021,"Benchmark","Persistence",30,9,0.84665,"ok","",,,,,,,,0,0,0,0,0,0,,,""
"State of Libya",2021,"Benchmark","Persistence",30,9,0.72577,"ok","",,,,,,,,0,0,0,0,0,0,,,""
"State of Qatar",2021,"Benchmark","Persistence",30,9,0.84686,"ok","",,,,,,,,0,0,0,0,0,0,,,""
"Sultanate of Oman",2021,"Benchmark","Persistence",30,9,0.77339,"ok","",,,,,,,,0,0,0,0,0,0,,,""
"Swiss Confederation",2021,"Benchmark","Persistence",30,9,0.93306,"ok","",,,,,,,,0,0,0,0,0,0,,,""
"Syrian Arab Republic",2021,"Benchmark","Persistence",30,9,0.623,"ok","",,,,,,,,0,0,0,0,0,0,,,""
"Taiwan (Province of China)",2021,"Benchmark","Persistence",30,9,0.87475,"ok","",,,,,,,,0,0,0,0,0,0,,,""
"Togolese Republic",2021,"Benchmark","Persistence",30,9,0.40853,"ok","",,,,,,,,0,0,0,0,0,0,,,""
"Tokelau",2021,"Benchmark","Persistence",30,9,0.68643,"ok","",,,,,,,,0,0,0,0,0,0,,,""
"Turkmenistan",2021,"Benchmark","Persistence",30,9,0.68216,"ok","",,,,,,,,0,0,0,0,0,0,,,""
"Tuvalu",2021,"Benchmark","Persistence",30,9,0.57662,"ok","",,,,,,,,0,0,0,0,0,0,,,""
"Ukraine",2021,"Benchmark","Persistence",30,9,0.76077,"ok","",,,,,,,,0,0,0,0,0,0,,,""
"Union of the Comoros",2021,"Benchmark","Persistence",30,9,0.47598,"ok","",,,,,,,,0,0,0,0,0,0,,,""
"United Arab Emirates",2021,"Benchmark","Persistence",30,9,0.84932,"ok","",,,,,,,,0,0,0,0,0,0,,,""
"United Kingdom of Great Britain and Northern Ireland",2021,"Benchmark","Persistence",30,9,0.859,"ok","",,,,,,,,0,0,0,0,0,0,,,""
"United Mexican States",2021,"Benchmark","Persistence",30,9,0.66458,"ok","",,,,,,,,0,0,0,0,0,0,,,""
"United Republic of Tanzania",2021,"Benchmark","Persistence",30,9,0.44657,"ok","",,,,,,,,0,0,0,0,0,0,,,""
"United States Virgin Islands",2021,"Benchmark","Persistence",30,9,0.82183,"ok","",,,,,,,,0,0,0,0,0,0,,,""
"United States of America",2021,"Benchmark","Persistence",30,9,0.86245,"ok","",,,,,,,,0,0,0,0,0,0,,,""
"American Samoa",2012,"Original","VARX",21,9,0.68086,"ok","",1.1206253585616,2,,,2,,,0,0,6,0,0,0,0.0373497039451935,0.0340058843112032,""
"Antigua and Barbuda",2012,"Original","VARX",21,9,0.71951,"ok","",1.01487848455536,2,,,2,,,0,0,0,0,0,0,0.00195866087010299,0.00808962085412546,""
"Arab Republic of Egypt",2012,"Original","VARX",21,9,0.50916,"ok","",1.05040217482746,2,,,2,,,3,0,2,0,0,0,0.006463941700941,0.0250552073465602,""
"Argentine Republic",2012,"Original","VARX",21,9,0.67922,"ok","",1.00221773623704,2,,,2,,,6,0,4,0,0,0,2.16200005989098e-05,0.00147419498900836,""
"Australia",2012,"Original","VARX",21,9,0.81164,"ok","",0.971417797433101,2,,,2,,,0,0,0,0,0,0,6.0557884221768e-05,0.00658064794739621,""
"Barbados",2012,"Original","VARX",21,9,0.72416,"ok","",1.1687787546774,2,,,2,,,1,0,0,0,0,0,0.000180254713930794,5.68365381647951e-07,""
"Belize",2012,"Original","VARX",21,9,0.56846,"ok","",1.16296704911914,2,,,2,,,0,0,0,0,0,0,0.0130503483959603,0.224882434001758,""
"Bermuda",2012,"Original","VARX",21,9,0.79748,"ok","",1.03321923672435,2,,,2,,,0,0,0,0,0,0,0.000443450204067219,1.60058276408304e-05,""
"Bolivarian Republic of Venezuela",2012,"Original","VARX",21,9,0.61019,"ok","",1.03087211806619,2,,,2,,,0,0,0,0,0,0,0.00557729815818775,0.000472963787373382,""
"Bosnia and Herzegovina",2012,"Original","VARX",21,9,0.68951,"ok","",0.913681231656543,2,,,2,,,3,0,7,0,0,0,0.0222585164446024,0.00204329375447865,""
"Brunei Darussalam",2012,"Original","VARX",21,9,0.78022,"ok","",1.10345797882054,2,,,2,,,3,0,0,0,0,0,0.00290845888716817,0.000837424465895964,""
"Burkina Faso",2012,"Original","VARX",21,9,0.23259,"ok","",1.11277963245906,2,,,2,,,0,0,1,0,0,0,0.0122236349132959,0.0159402543005207,""
"Canada",2012,"Original","VARX",21,9,0.85098,"ok","",1.03288663933731,2,,,2,,,0,0,0,0,0,0,0.000244609948477414,6.10604136828119e-05,""
"Central African Republic",2012,"Original","VARX",21,9,0.29046,"ok","",1.0631552726695,2,,,2,,,9,0,9,0,0,0,0.000713542725091609,0.00125950675443587,""
"Commonwealth of Dominica",2012,"Original","VARX",21,9,0.70687,"ok","",1.05653826795858,2,,,2,,,0,0,3,0,0,0,0.0102177895573263,0.0248064766712777,""
"Commonwealth of the Bahamas",2012,"Original","VARX",21,9,0.78184,"ok","",1.09630701331559,2,,,2,,,0,0,0,0,0,0,0.00212275942301066,0.0228018061643913,""
"Cook Islands",2012,"Original","VARX",21,9,0.72696,"ok","",0.95957882767655,2,,,2,,,0,0,5,0,0,0,0.0116152685592584,0.000718547906966349,""
"Czech Republic",2012,"Original","VARX",21,9,0.81423,"ok","",0.952779426240121,2,,,2,,,9,0,7,0,0,0,8.39928430773629e-06,0.000265801805740318,""
"Democratic People's Republic of Korea",2012,"Original","VARX",21,9,0.54533,"ok","",1.06931301444712,2,,,2,,,0,0,0,0,0,0,0.00017563470108517,0.000588391362083107,""
"Democratic Republic of Sao Tome and Principe",2012,"Original","VARX",21,9,0.42572,"ok","",1.03839612873262,2,,,2,,,2,0,4,0,0,0,0.0280754097464951,4.29515194892982e-05,""
"Democratic Republic of Timor-Leste",2012,"Original","VARX",21,9,0.40891,"ok","",1.03476767207376,2,,,2,,,0,0,0,0,0,0,0.0466380949259662,0.000452418979516866,""
"Democratic Republic of the Congo",2012,"Original","VARX",21,9,0.30045,"ok","",1.06224681138059,2,,,2,,,9,0,6,0,0,0,0.000390807395976633,7.73439087953243e-06,""
"Democratic Socialist Republic of Sri Lanka",2012,"Original","VARX",21,9,0.64805,"ok","",1.06099166126896,2,,,2,,,4,0,0,0,0,0,0.100838115780845,4.74508930702333e-05,""
"Dominican Republic",2012,"Original","VARX",21,9,0.57897,"ok","",1.04469264843194,2,,,2,,,0,0,0,0,0,0,0.00170286807665965,0.00723715062727714,""
"Eastern Republic of Uruguay",2012,"Original","VARX",21,9,0.6658,"ok","",1.17572368407641,2,,,2,,,6,0,0,0,0,0,2.88039930692596e-05,0.0128856618604206,""
"Federal Democratic Republic of Ethiopia",2012,"Original","VARX",21,9,0.27901,"ok","",0.936581308140403,2,,,2,,,2,0,9,0,0,0,2.17840116938373e-05,0.000717895647901701,""
"Federal Democratic Republic of Nepal",2012,"Original","VARX",21,9,0.37244,"ok","",1.27514249296125,2,,,2,,,9,0,6,0,0,0,0.365870656400691,0.000102772840904319,""
"Federal Republic of Germany",2012,"Original","VARX",21,9,0.88366,"ok","",1.02603765062062,2,,,2,,,0,0,0,0,0,0,0.467164336070936,0.000202503624232686,""
"Federal Republic of Nigeria",2012,"Original","VARX",21,9,0.43178,"ok","",0.999698644531576,2,,,2,,,8,0,9,0,0,0,0.000662298428699359,0.000623322456883568,""
"Federal Republic of Somalia",2012,"Original","VARX",21,9,0.06635,"ok","",1.0720839901383,2,,,2,,,3,0,0,0,0,0,0.000814151611633562,0.00678020255925349,""
"Federated States of Micronesia",2012,"Original","VARX",21,9,0.55797,"ok","",1.08548490445705,2,,,2,,,0,0,3,0,0,0,0.000417329073833295,0.00181983728087631,""
"Federative Republic of Brazil",2012,"Original","VARX",21,9,0.61262,"ok","",0.977699568054417,2,,,2,,,9,0,0,0,0,0,0.00136552523405131,0.0033684316584297,""
"French Republic",2012,"Original","VARX",21,9,0.80962,"ok","",1.02269937189988,2,,,2,,,5,0,4,0,0,0,0.000199283490591617,0.106498360871386,""
"Gabonese Republic",2012,"Original","VARX",21,9,0.56684,"ok","",0.992819795769575,2,,,2,,,0,0,0,0,0,0,0.0142848220486342,0.0055849183883715,""
"Georgia",2012,"Original","VARX",21,9,0.68552,"ok","",1.00751067976097,2,,,2,,,4,0,0,0,0,0,0.00066426760971261,0.00234794956542239,""
"Grand Duchy of Luxembourg",2012,"Original","VARX",21,9,0.85979,"ok","",1.02515032297574,2,,,2,,,0,0,9,0,0,0,0.000999118172941738,0.157860289251812,""
"Greenland",2012,"Original","VARX",21,9,0.81168,"ok","",1.04104135224028,2,,,2,,,1,0,0,0,0,0,0.108629619200233,0.118893552867256,""
"Grenada",2012,"Original","VARX",21,9,0.62498,"ok","",1.04644703307928,2,,,2,,,0,0,2,0,0,0,0.00144325783010679,0.0128852054123165,""
"Guam",2012,"Original","VARX",21,9,0.76685,"ok","",0.924042347784266,2,,,2,,,0,0,0,0,0,0,0.0562146213500984,0.0263772577125059,""
"Hashemite Kingdom of Jordan",2012,"Original","VARX",21,9,0.67457,"ok","",1.13273303146579,2,,,2,,,3,0,0,0,0,0,0.00142148969042111,0.00402092217475591,""
"Hellenic Republic",2012,"Original","VARX",21,9,0.78079,"ok","",0.976429434111045,2,,,2,,,9,0,8,0,0,0,0.176724462542588,0.0149137440176728,""
"Hungary",2012,"Original","VARX",21,9,0.77078,"ok","",0.985048047559447,2,,,2,,,0,0,0,0,0,0,0.0119920660387542,0.00746567807566179,""
"Independent State of Papua New Guinea",2012,"Original","VARX",21,9,0.38678,"ok","",1.04622268857018,2,,,2,,,8,0,7,0,0,0,0.00192570873476183,0.00586101703529729,""
"Independent State of Samoa",2012,"Original","VARX",21,9,0.56532,"ok","",0.986412698616381,2,,,2,,,0,0,2,0,0,0,0.0120096533447784,0.00444157925385358,""
"Ireland",2012,"Original","VARX",21,9,0.83533,"ok","",1.1402729911502,2,,,2,,,9,0,7,0,0,0,0.000761961132331068,0.000491624631663301,""
"Islamic Republic of Afghanistan",2012,"Original","VARX",21,9,0.26648,"ok","",1.28122081745085,2,,,2,,,0,0,2,0,0,0,0.000124916373100969,0.0609275562681294,""
"Islamic Republic of Iran",2012,"Original","VARX",21,9,0.6515,"ok","",0.965761951502536,2,,,2,,,0,0,0,0,0,0,0.000729466673312085,0.000431758419061512,""
"Islamic Republic of Mauritania",2012,"Original","VARX",21,9,0.43472,"ok","",1.07875894912051,2,,,2,,,4,0,0,0,0,0,6.37596114816397e-06,0.00171643574372005,""
"Islamic Republic of Pakistan",2012,"Original","VARX",21,9,0.4471,"ok","",0.97315424013289,2,,,2,,,0,0,1,0,0,0,0.000177405302723033,0.00018634256672434,""
"Jamaica",2012,"Original","VARX",21,9,0.65058,"ok","",1.11812292714638,2,,,2,,,0,0,4,0,0,0,0.0193324565657775,0.0943376876628882,""
"Japan",2012,"Original","VARX",21,9,0.84906,"ok","",0.991311012096378,2,,,2,,,4,0,0,0,0,0,0.0355748779563121,0.00071540566102879,""
"Kingdom of Bahrain",2012,"Original","VARX",21,9,0.71036,"ok","",0.966423443458103,2,,,2,,,9,0,9,0,0,0,0.0095770775633861,0.000158383837096987,""
"Kingdom of Belgium",2012,"Original","VARX",21,9,0.82423,"ok","",1.06891978250964,2,,,2,,,9,0,0,0,0,0,0.0700009889051738,0.00335836489927333,""
"Kingdom of Bhutan",2012,"Original","VARX",21,9,0.41944,"ok","",1.09874500367302,2,,,2,,,9,0,3,0,0,0,0.0267067206185126,0.00122421201981726,""
"Kingdom of Cambodia",2012,"Original","VARX",21,9,0.42177,"ok","",0.931183902112692,2,,,2,,,0,0,2,0,0,0,0.0438482277120962,0.015628438242932,""
"Kingdom of Denmark",2012,"Original","VARX",21,9,0.87252,"ok","",0.985003674537941,2,,,2,,,0,0,7,0,0,0,0.0550962088933357,0.117872825632808,""
"Kingdom of Eswatini",2012,"Original","VARX",21,9,0.5378,"ok","",1.02091489614666,2,,,2,,,0,0,0,0,0,0,5.41542466123701e-05,7.47382640138294e-05,""
"Kingdom of Lesotho",2012,"Original","VARX",21,9,0.46042,"ok","",1.00252796091733,2,,,2,,,0,0,0,0,0,0,0.00367607212873644,0.183431686670978,""
"Kingdom of Morocco",2012,"Original","VARX",21,9,0.4916,"ok","",1.01955857702101,2,,,2,,,2,0,0,0,0,0,0.00121628333611934,0.0658508564158562,""
"Kingdom of Norway",2012,"Original","VARX",21,9,0.88816,"ok","",0.981013425674404,2,,,2,,,2,0,0,0,0,0,0.000797351684332148,0.0054169981757386,""
"Kingdom of Saudi Arabia",2012,"Original","VARX",21,9,0.75905,"ok","",0.780363287596598,2,,,2,,,0,0,0,0,0,0,0.00646419464165726,0.000629387401445136,""
"Kingdom of Spain",2012,"Original","VARX",21,9,0.74518,"ok","",0.931538157087018,2,,,2,,,1,0,0,0,0,0,0.0267007633947731,4.58044558016013e-06,""
"Kingdom of Sweden",2012,"Original","VARX",21,9,0.86471,"ok","",1.18907358180013,2,,,2,,,9,0,6,0,0,0,0.00771656479609462,0.0686744207598993,""
"Kingdom of Thailand",2012,"Original","VARX",21,9,0.63841,"ok","",1.01338513041879,2,,,2,,,0,0,0,0,0,0,0.0453242769484271,0.0158937154888148,""
"Kingdom of Tonga",2012,"Original","VARX",21,9,0.58477,"ok","",1.02571957912659,2,,,2,,,0,0,0,0,0,0,0.000707150448139515,0.0129683029555591,""
"Kingdom of the Netherlands",2012,"Original","VARX",21,9,0.86695,"ok","",1.14071070188205,2,,,2,,,7,0,9,0,0,0,0.179819342891131,0.00226973222421245,""
"Kyrgyz Republic",2012,"Original","VARX",21,9,0.56154,"ok","",1.05904642075157,2,,,2,,,3,0,8,0,0,0,0.0702871613810176,0.000628223615566803,""
"Lao People's Democratic Republic",2012,"Original","VARX",21,9,0.43115,"ok","",1.05911385435205,2,,,2,,,0,0,2,0,0,0,0.00150160832595081,0.00110530027381728,""
"Lebanese Republic",2012,"Original","VARX",21,9,0.69391,"ok","",0.965625873665002,2,,,2,,,9,0,0,0,0,0,0.00228812222884311,0.000800584570701868,""
"Malaysia",2012,"Original","VARX",21,9,0.69966,"ok","",0.988706142573736,2,,,2,,,0,0,0,0,0,0,0.0295346143741447,0.000108032868945451,""
"Mongolia",2012,"Original","VARX",21,9,0.58326,"ok","",0.97161176085795,2,,,2,,,2,0,0,0,0,0,0.00159679482504826,0.00124083205299408,""
"Montenegro",2012,"Original","VARX",21,9,0.75558,"ok","",1.02321822781813,2,,,2,,,0,0,0,0,0,0,0.0622441175520956,0.0174699902767793,""
"New Zealand",2012,"Original","VARX",21,9,0.81496,"ok","",0.925480367478659,2,,,2,,,7,0,1,0,0,0,0.014958973393855,0.000194070440238892,""
"North Macedonia",2012,"Original","VARX",21,9,0.71517,"ok","",1.01958454247388,2,,,2,,,0,0,2,0,0,0,0.385159613921878,6.22224503354918e-05,""
"Northern Mariana Islands",2012,"Original","VARX",21,9,0.74294,"ok","",0.921460357933112,2,,,2,,,0,0,0,0,0,0,6.46913894419843e-06,0.0287281788524175,""
"Palestine",2012,"Original","VARX",21,9,0.5483,"ok","",0.908841263519724,2,,,2,,,9,0,6,0,0,0,0.012699220060996,0.141668526938274,""
"People's Democratic Republic of Algeria",2012,"Original","VARX",21,9,0.6127,"ok","",1.02720698167487,2,,,2,,,6,0,3,0,0,0,0.0183696003433615,0.0141382362240063,""
"People's Republic of Bangladesh",2012,"Original","VARX",21,9,0.39062,"ok","",1.03664840027462,2,,,2,,,0,0,0,0,0,0,0.000268858157217666,0.0105651610734949,""
"People's Republic of China",2012,"Original","VARX",21,9,0.65714,"ok","",0.952946660501009,2,,,2,,,0,0,3,0,0,0,4.39192304541036e-05,0.00026026780569044,""
"Plurinational State of Bolivia",2012,"Original","VARX",21,9,0.54862,"ok","",0.961852331100099,2,,,2,,,0,0,9,0,0,0,0.106415487841277,0.0004666518770573,""
"Portuguese Republic",2012,"Original","VARX",21,9,0.7158,"ok","",1.02470320599555,2,,,2,,,5,0,9,0,0,0,0.0042564178023663,0.00438519856584718,""
"Principality of Andorra",2012,"Original","VARX",21,9,0.84581,"ok","",1.24051668972602,2,,,2,,,9,0,4,0,0,0,0.790375765057198,0.753642803914913,""
"Principality of Monaco",2012,"Original","VARX",21,9,0.89307,"ok","",0.901052973726433,2,,,2,,,3,0,0,0,0,0,0.0786449283416841,0.0196811762606015,""
"Puerto Rico",2012,"Original","VARX",21,9,0.77231,"ok","",1.19654658201194,2,,,2,,,7,0,0,0,0,0,0.0118681950347918,0.15972921381332,""
"Republic of Albania",2012,"Original","VARX",21,9,0.66356,"ok","",1.01109934025128,2,,,2,,,0,0,0,0,0,0,0.00121478370764605,0.00372663958026043,""
"Republic of Angola",2012,"Original","VARX",21,9,0.38789,"ok","",1.0239008069345,2,,,2,,,5,0,7,0,0,0,0.00022633946008932,0.00121610881526923,""
"Republic of Armenia",2012,"Original","VARX",21,9,0.66483,"ok","",0.936944434718044,2,,,2,,,9,0,0,0,0,0,0.00490022918248534,0.0021097594392393,""
"Republic of Austria",2012,"Original","VARX",21,9,0.83111,"ok","",1.23446993197965,2,,,2,,,9,0,0,0,0,0,0.142892078687498,0.00914818561754283,""
"Republic of Azerbaijan",2012,"Original","VARX",21,9,0.6629,"ok","",1.33070886521793,2,,,2,,,0,0,2,0,0,0,0.000155231305780212,0.00814763695506149,""
"Republic of Belarus",2012,"Original","VARX",21,9,0.74347,"ok","",1.0212191518965,2,,,2,,,0,0,0,0,0,0,0.00211118710277569,0.00119530897567954,""
"Republic of Benin",2012,"Original","VARX",21,9,0.31337,"ok","",0.999465160586941,2,,,2,,,2,0,0,0,0,0,0.00023014865180615,9.55652729609513e-05,""
"Republic of Botswana",2012,"Original","VARX",21,9,0.59774,"ok","",0.95419531913022,2,,,2,,,0,0,0,0,0,0,0.000229909576728304,0.000542750734031094,""
"Republic of Bulgaria",2012,"Original","VARX",21,9,0.73918,"ok","",1.09987740031306,2,,,2,,,3,0,1,0,0,0,0.0388267325749455,0.000724521605431683,""
"Republic of Burundi",2012,"Original","VARX",21,9,0.25157,"ok","",1.12024638372121,2,,,2,,,8,0,0,0,0,0,0.0096812707080568,0.121527949533863,""
"Republic of Cabo Verde",2012,"Original","VARX",21,9,0.47286,"ok","",1.05691416430736,2,,,2,,,0,0,0,0,0,0,0.0186829207515725,0.00582974575859541,""
"Republic of Cameroon",2012,"Original","VARX",21,9,0.40858,"ok","",1.01534699671563,2,,,2,,,0,0,0,0,0,0,0.000167892506129697,0.000359312238873311,""
"Republic of Chad",2012,"Original","VARX",21,9,0.19526,"ok","",1.05149172089588,2,,,2,,,9,0,6,0,0,0,0.0138537172689143,7.66968598087114e-05,""
"Republic of Chile",2012,"Original","VARX",21,9,0.71474,"ok","",1.09844192773532,2,,,2,,,3,0,4,0,0,0,2.60135734091449e-05,0.000243282619345253,""
"Republic of Colombia",2012,"Original","VARX",21,9,0.60025,"ok","",0.961062679546965,2,,,2,,,9,0,0,0,0,0,0.000138999494722847,0.000197729733403484,""
"Republic of Costa Rica",2012,"Original","VARX",21,9,0.64657,"ok","",0.980649131745757,2,,,2,,,6,0,0,0,0,0,0.654208925205984,0.0251049453165395,""
"Republic of Croatia",2012,"Original","VARX",21,9,0.76741,"ok","",1.05045607326772,2,,,2,,,0,0,3,0,0,0,0.046045410006442,0.0873161802892747,""
"Republic of Cuba",2012,"Original","VARX",21,9,0.62616,"ok","",1.08996928188791,2,,,2,,,0,0,0,0,0,0,8.0693331240278e-06,0.00577507185426229,""
"Republic of Cyprus",2012,"Original","VARX",21,9,0.81698,"ok","",1.03494579437985,2,,,2,,,7,0,0,0,0,0,0.0245809116344264,0.00401670086794226,""
"Republic of Côte d'Ivoire",2012,"Original","VARX",21,9,0.36783,"ok","",1.08091685576891,2,,,2,,,3,0,0,0,0,0,0.00213489417625756,0.101944200737204,""
"Republic of Djibouti",2012,"Original","VARX",21,9,0.42771,"ok","",1.01143840428379,2,,,2,,,0,0,0,0,0,0,0.0221394644242741,0.00166455504731999,""
"Republic of Ecuador",2012,"Original","VARX",21,9,0.60545,"ok","",1.08082769116086,2,,,2,,,8,0,0,0,0,0,0.0117348820845136,0.00102926515004342,""
"Republic of El Salvador",2012,"Original","VARX",21,9,0.5134,"ok","",1.02054364258111,2,,,2,,,0,0,7,0,0,0,0.00176916424987683,6.97881418565416e-06,""
"Republic of Equatorial Guinea",2012,"Original","VARX",21,9,0.58183,"ok","",1.01210932630496,2,,,2,,,0,0,4,0,0,0,0.000739865330024014,0.00295178666304752,""
"Republic of Estonia",2012,"Original","VARX",21,9,0.81111,"ok","",1.1257576566462,2,,,2,,,0,0,8,0,0,0,0.325996669774231,0.000175063930113351,""
"Republic of Fiji",2012,"Original","VARX",21,9,0.62988,"ok","",1.00084538961717,2,,,2,,,0,0,0,0,0,0,0.00170898085261206,0.00127948704277292,""
"Republic of Finland",2012,"Original","VARX",21,9,0.83143,"ok","",0.961051508579066,2,,,2,,,9,0,3,0,0,0,0.000159956068164213,0.0234333715071191,""
"Republic of Ghana",2012,"Original","VARX",21,9,0.49751,"ok","",0.986736713337873,2,,,2,,,0,0,0,0,0,0,0.0406793354319858,0.00109010646404417,""
"Republic of Guatemala",2012,"Original","VARX",21,9,0.48186,"ok","",1.24917639250191,2,,,2,,,5,0,9,0,0,0,0.00784022271359675,0.00118927363220322,""
"Republic of Guinea",2012,"Original","VARX",21,9,0.27343,"ok","",1.04954028301353,2,,,2,,,0,0,0,0,0,0,6.30339324304563e-05,0.0437326061145481,""
"Republic of Guinea-Bissau",2012,"Original","VARX",21,9,0.30156,"ok","",0.977968673015643,2,,,2,,,0,0,0,0,0,0,6.85501489705587e-05,8.39686768971948e-06,""
"Republic of Guyana",2012,"Original","VARX",21,9,0.59134,"ok","",1.00090206390975,2,,,2,,,6,0,0,0,0,0,0.00879846409178908,0.000364398246655795,""
"Republic of Haiti",2012,"Original","VARX",21,9,0.42002,"ok","",1.06061464412457,2,,,2,,,9,0,0,0,0,0,0.000343389470744526,0.000526265211705401,""
"Republic of Honduras",2012,"Original","VARX",21,9,0.46493,"ok","",1.04620121911508,2,,,2,,,0,0,0,0,0,0,0.00508659031824521,0.00036575509086223,""
"Republic of Iceland",2012,"Original","VARX",21,9,0.8473,"ok","",1.05041748608802,2,,,2,,,7,0,0,0,0,0,0.0018953064104662,2.87337185530534e-05,""
"Republic of India",2012,"Original","VARX",21,9,0.48721,"ok","",1.02818565653058,2,,,2,,,9,0,9,0,0,0,0.00782751248545555,0.00158587748266892,""
"Republic of Indonesia",2012,"Original","VARX",21,9,0.60119,"ok","",1.07963751417403,2,,,2,,,0,0,3,0,0,0,0.000950003934983901,0.00541454533350028,""
"Republic of Iraq",2012,"Original","VARX",21,9,0.56475,"ok","",1.24190913956164,2,,,2,,,3,0,4,0,0,0,0.00861251993999534,0.00470822330967835,""
"Republic of Italy",2012,"Original","VARX",21,9,0.78309,"ok","",1.1069006832302,2,,,2,,,9,0,9,0,0,0,6.58819157952628e-05,0.0244082987713693,""
"Republic of Kazakhstan",2012,"Original","VARX",21,9,0.69531,"ok","",0.922034477508004,2,,,2,,,2,0,0,0,0,0,0.00148196649219312,0.00299018806275242,""
"Republic of Kenya",2012,"Original","VARX",21,9,0.44867,"ok","",1.01521261758391,2,,,2,,,5,0,4,0,0,0,0.00970221687877149,0.000227383550210791,""
"Republic of Kiribati",2012,"Original","VARX",21,9,0.48818,"ok","",1.0026228439675,2,,,2,,,0,0,3,0,0,0,6.75103087492968e-05,1.38710974515455e-05,""
"Republic of Korea",2012,"Original","VARX",21,9,0.85114,"ok","",0.994514299562074,2,,,2,,,0,0,0,0,0,0,0.00379626169589597,4.97743748432145e-05,""
"Republic of Latvia",2012,"Original","VARX",21,9,0.80103,"ok","",1.00436515363825,2,,,2,,,0,0,0,0,0,0,0.00139631963773457,0.0143258503421021,""
"Republic of Liberia",2012,"Original","VARX",21,9,0.29485,"ok","",1.23037052198673,2,,,2,,,9,0,4,0,0,0,0.118996412486756,0.0016995262317302,""
"Republic of Lithuania",2012,"Original","VARX",21,9,0.80783,"ok","",1.0731588341779,2,,,2,,,0,0,9,0,0,0,0.0266462042779582,0.000416052634564346,""
"Republic of Madagascar",2012,"Original","VARX",21,9,0.32995,"ok","",1.17309382830233,2,,,2,,,9,0,0,0,0,0,0.0432449467071987,0.0427188916516801,""
"Republic of Malawi",2012,"Original","VARX",21,9,0.3092,"ok","",1.1278613990872,2,,,2,,,4,0,0,0,0,0,0.00450700539120574,0.000487441186614812,""
"Republic of Maldives",2012,"Original","VARX",21,9,0.59695,"ok","",0.924772120198276,2,,,2,,,0,0,9,0,0,0,0.0144291016037883,0.00328824837813324,""
"Republic of Mali",2012,"Original","VARX",21,9,0.21247,"ok","",1.19801185073629,2,,,2,,,6,0,0,0,0,0,0.016403085271964,0.0142059001724847,""
"Republic of Malta",2012,"Original","VARX",21,9,0.76454,"ok","",1.06549894604015,2,,,2,,,6,0,0,0,0,0,0.00147450668648308,3.15104886635664e-05,""
"Republic of Mauritius",2012,"Original","VARX",21,9,0.67313,"ok","",0.945857791549214,2,,,2,,,9,0,9,0,0,0,0.00394807103007899,0.00948161255553692,""
"Republic of Moldova",2012,"Original","VARX",21,9,0.68298,"ok","",1.08236176545917,2,,,2,,,0,0,6,0,0,0,0.0125628250518377,1.42752483955899e-06,""
"Republic of Mozambique",2012,"Original","VARX",21,9,0.25832,"ok","",1.08155437679591,2,,,2,,,9,0,0,0,0,0,0.134936622050185,3.61762289224909e-06,""
"Republic of Namibia",2012,"Original","VARX",21,9,0.56698,"ok","",1.03617375288655,2,,,2,,,4,0,0,0,0,0,5.70997182435251e-05,0.00852408197113574,""
"Republic of Nauru",2012,"Original","VARX",21,9,0.54989,"ok","",0.981890614412968,2,,,2,,,0,0,0,0,0,0,0.000425968542003941,0.00474608288346545,""
"Republic of Nicaragua",2012,"Original","VARX",21,9,0.4813,"ok","",0.905329608785605,2,,,2,,,9,0,3,0,0,0,0.0599280658462684,0.000505723106139389,""
"Republic of Niue",2012,"Original","VARX",21,9,0.69415,"ok","",1.01186840918028,2,,,2,,,0,0,0,0,0,0,0.0262391100852757,0.0501420352024904,""
"Republic of Palau",2012,"Original","VARX",21,9,0.72961,"ok","",0.99622009028996,2,,,2,,,0,0,0,0,0,0,7.33790302630544e-05,0.18968572435932,""
"Republic of Panama",2012,"Original","VARX",21,9,0.63426,"ok","",1.10693159309514,2,,,2,,,5,0,8,0,0,0,0.0389878810126044,0.00068782635003517,""
"Republic of Paraguay",2012,"Original","VARX",21,9,0.58065,"ok","",1.02275096441703,2,,,2,,,9,0,0,0,0,0,0.0601334510658065,0.000277128981491459,""
"Republic of Peru",2012,"Original","VARX",21,9,0.61936,"ok","",1.11378977852839,2,,,2,,,9,0,0,0,0,0,0.000108563681156637,0.00143755720757277,""
"Republic of Poland",2012,"Original","VARX",21,9,0.77468,"ok","",0.8969592929563,2,,,2,,,2,0,9,0,0,0,0.00735188675760201,0.000296652715967238,""
"Republic of Rwanda",2012,"Original","VARX",21,9,0.36641,"ok","",1.05843642260287,2,,,2,,,4,0,6,0,0,0,0.0259510191051779,0.00391167306442664,""
"Republic of San Marino",2012,"Original","VARX",21,9,0.88292,"ok","",1.11770833325435,2,,,2,,,8,0,0,0,0,0,7.21275037566249e-05,0.140458936797476,""
"Republic of Senegal",2012,"Original","VARX",21,9,0.34298,"ok","",0.954094899195462,2,,,2,,,3,0,7,0,0,0,0.00217213502159042,0.00116825338510929,""
"Republic of Serbia",2012,"Original","VARX",21,9,0.75711,"ok","",1.25230175716936,2,,,2,,,4,0,3,0,0,0,0.000156756725437135,0.00962114269566683,""
"Republic of Seychelles",2012,"Original","VARX",21,9,0.68763,"ok","",0.999992692691978,2,,,2,,,0,0,0,0,0,0,0.00047363334283157,0.00607540804925644,""
"Republic of Sierra Leone",2012,"Original","VARX",21,9,0.29034,"ok","",0.859908273311182,2,,,2,,,9,0,0,0,0,0,7.17281854664131e-05,2.57741121251209e-05,""
"Republic of Singapore",2012,"Original","VARX",21,9,0.83739,"ok","",0.991604725716064,2,,,2,,,0,0,6,0,0,0,0.0538510940706388,0.00374396833409318,""
"Republic of Slovenia",2012,"Original","VARX",21,9,0.82434,"ok","",0.930657844824011,2,,,2,,,0,0,9,0,0,0,0.0189904724887398,0.00923905475337716,""
"Republic of South Africa",2012,"Original","VARX",21,9,0.64472,"ok","",1.07964067017036,2,,,2,,,9,0,0,0,0,0,0.0960305251474589,0.000575005765291681,""
"Republic of South Sudan",2012,"Original","VARX",21,9,0.27507,"ok","",0.980831713187382,2,,,2,,,0,0,0,0,0,0,0.00608573155821612,0.000309529901925232,""
"Republic of Sudan",2012,"Original","VARX",21,9,0.45679,"ok","",1.0647105196622,2,,,2,,,4,0,9,0,0,0,0.0035680915110996,0.000794377139525015,""
"Republic of Suriname",2012,"Original","VARX",21,9,0.60474,"ok","",1.00752222358597,2,,,2,,,7,0,0,0,0,0,0.00343207299168191,0.0154960159462131,""
"Republic of Tajikistan",2012,"Original","VARX",21,9,0.50395,"ok","",1.03848951965593,2,,,2,,,0,0,0,0,0,0,9.06649603097387e-05,0.0038572588682958,""
"Republic of Trinidad and Tobago",2012,"Original","VARX",21,9,0.74,"ok","",1.66125358710138,2,,,2,,,9,0,0,2,0,0,0.0891074049630561,0.0310920217849053,""
"Republic of Tunisia",2012,"Original","VARX",21,9,0.63758,"ok","",0.920353471036372,2,,,2,,,9,0,0,0,0,0,0.000165901349865272,0.000183214952009902,""
"Republic of Turkey",2012,"Original","VARX",21,9,0.6341,"ok","",1.15973876696408,2,,,2,,,4,0,7,0,0,0,0.00092290307235332,0.000273144925400093,""
"Republic of Uganda",2012,"Original","VARX",21,9,0.34536,"ok","",0.965087327628209,2,,,2,,,9,0,9,0,0,0,0.00166736743602125,0.000157946598264291,""
"Republic of Uzbekistan",2012,"Original","VARX",21,9,0.6262,"ok","",1.05889591895288,2,,,2,,,0,0,0,0,0,0,1.89737355974495e-05,0.00711855057231336,""
"Republic of Vanuatu",2012,"Original","VARX",21,9,0.43866,"ok","",1.01260293078868,2,,,2,,,0,0,4,0,0,0,0.000138659720212875,0.0017140077239125,""
"Republic of Yemen",2012,"Original","VARX",21,9,0.40956,"ok","",1.07391317226695,2,,,2,,,0,0,1,0,0,0,0.00242996422875119,0.39419990787546,""
"Republic of Zambia",2012,"Original","VARX",21,9,0.41457,"ok","",1.39997523223993,2,,,2,,,5,0,4,0,0,0,0.000806399353223242,0.013692297662407,""
"Republic of Zimbabwe",2012,"Original","VARX",21,9,0.42575,"ok","",1.12028866960909,2,,,2,,,0,0,3,0,0,0,4.61443270238782e-06,0.013158534357481,""
"Republic of the Congo",2012,"Original","VARX",21,9,0.52293,"ok","",0.893286460472017,2,,,2,,,9,0,9,0,0,0,0.0339392647372239,0.056098997311395,""
"Republic of the Gambia",2012,"Original","VARX",21,9,0.35837,"ok","",0.996678161169942,2,,,2,,,0,0,6,0,0,0,5.57164990290238e-05,0.000142397331701405,""
"Republic of the Marshall Islands",2012,"Original","VARX",21,9,0.52604,"ok","",0.999316812451779,2,,,2,,,0,0,0,0,0,0,0.00111440533835128,0.0135055389204177,""
"Republic of the Niger",2012,"Original","VARX",21,9,0.13447,"ok","",0.990487552191075,2,,,2,,,9,0,0,0,0,0,0.0165731542511635,0.174352502885072,""
"Republic of the Philippines",2012,"Original","VARX",21,9,0.58377,"ok","",1.05532863795925,2,,,2,,,0,0,8,0,0,0,0.0164842867515236,3.52795302633879e-05,""
"Republic of the Union of Myanmar",2012,"Original","VARX",21,9,0.47534,"ok","",1.41243646892494,2,,,2,,,9,0,0,3,0,0,0.0642685654102024,0.00516033323081899,""
"Romania",2012,"Original","VARX",21,9,0.73389,"ok","",0.97699215532601,2,,,2,,,5,0,0,0,0,0,3.57355480687938e-05,0.0153374197894708,""
"Russian Federation",2012,"Original","VARX",21,9,0.77192,"ok","",1.070579575763,2,,,2,,,0,1,0,0,0,0,0.00166917809927991,0.0101027595487819,""
"Saint Kitts and Nevis",2012,"Original","VARX",21,9,0.72344,"ok","",1.01390849582081,2,,,2,,,5,0,0,0,0,0,0.000285466566840364,0.325379528415276,""
"Saint Lucia",2012,"Original","VARX",21,9,0.64157,"ok","",1.07782913354263,2,,,2,,,0,0,3,0,0,0,0.0169682644720233,7.72224793802456e-05,""
"Saint Vincent and the Grenadines",2012,"Original","VARX",21,9,0.59215,"ok","",1.02503610585234,2,,,2,,,0,0,0,0,0,0,0.233150398105626,0.111953111858879,""
"Slovak Republic",2012,"Original","VARX",21,9,0.79546,"ok","",1.00998153853399,2,,,2,,,0,0,8,0,0,0,0.000148935313581178,0.000765346126820998,""
"Socialist Republic of Viet Nam",2012,"Original","VARX",21,9,0.57508,"ok","",1.01871947009007,2,,,2,,,5,0,1,0,0,0,0.0449092385585201,0.10101774437006,""
"Solomon Islands",2012,"Original","VARX",21,9,0.393,"ok","",1.00170709436101,2,,,2,,,0,0,7,0,0,0,0.000358724955952572,0.000355372937060894,""
"State of Eritrea",2012,"Original","VARX",21,9,0.36011,"ok","",0.997477970109185,2,,,2,,,9,0,9,0,0,0,7.73999831322758e-05,0.00493024505624273,""
"State of Israel",2012,"Original","VARX",21,9,0.7804,"ok","",1.66511880678497,2,,,2,,,9,0,9,0,0,0,0.000551939970598103,0.0917481780570492,""
"State of Kuwait",2012,"Original","VARX",21,9,0.79836,"ok","",1.11951507251542,2,,,2,,,3,0,3,0,0,0,0.0121880167137638,0.00589864770004644,""
"State of Libya",2012,"Original","VARX",21,9,0.7167,"ok","",1.0611705452286,2,,,2,,,9,0,0,0,0,0,0.000436424428661875,0.00907399917672336,""
"State of Qatar",2012,"Original","VARX",21,9,0.79349,"ok","",0.960153502728433,2,,,2,,,9,0,1,0,0,0,0.00177186706267574,0.000209897962891503,""
"Sultanate of Oman",2012,"Original","VARX",21,9,0.72645,"ok","",1.05115707558111,2,,,2,,,0,0,0,0,0,0,0.204868042237247,0.0568224379293206,""
"Swiss Confederation",2012,"Original","VARX",21,9,0.91571,"ok","",0.966672145137951,2,,,2,,,0,0,0,0,0,0,0.000126354349969771,0.00042621171006707,""
"Syrian Arab Republic",2012,"Original","VARX",21,9,0.60287,"ok","",1.10418779360676,2,,,2,,,2,0,3,0,0,0,0.0610614330122566,0.0759935991187307,""
"Taiwan (Province of China)",2012,"Original","VARX",21,9,0.83668,"ok","",1.01961558254668,2,,,2,,,4,0,0,0,0,0,8.91426380100757e-06,0.0289699485127011,""
"Togolese Republic",2012,"Original","VARX",21,9,0.34632,"ok","",0.945572595178715,2,,,2,,,9,0,0,0,0,0,0.007505958254724,0.0180535079656444,""
"Tokelau",2012,"Original","VARX",21,9,0.64161,"ok","",0.96941229150683,2,,,2,,,0,0,0,0,0,0,0.0405336383571073,0.0231327442854246,""
"Turkmenistan",2012,"Original","VARX",21,9,0.63526,"ok","",0.875590135423964,2,,,2,,,0,0,1,0,0,0,0.0142152595230891,0.00160381607759386,""
"Tuvalu",2012,"Original","VARX",21,9,0.5312,"ok","",0.928537199737278,2,,,2,,,0,0,7,0,0,0,0.000334403222383095,0.00141227231963326,""
"Ukraine",2012,"Original","VARX",21,9,0.72882,"ok","",1.23642979679909,2,,,2,,,3,0,9,0,0,0,0.0256984068118459,0.058065510331922,""
"Union of the Comoros",2012,"Original","VARX",21,9,0.42673,"ok","",1.14894921774772,2,,,2,,,0,0,1,0,0,0,0.155728864695934,0.000130282241778135,""
"United Arab Emirates",2012,"Original","VARX",21,9,0.83359,"ok","",1.0641029452316,2,,,2,,,4,0,0,0,0,0,0.0670004860756509,0.00031365693826535,""
"United Kingdom of Great Britain and Northern Ireland",2012,"Original","VARX",21,9,0.82645,"ok","",1.30671355265288,2,,,2,,,0,0,0,0,0,0,0.0229413232045588,0.00303633792311953,""
"United Mexican States",2012,"Original","VARX",21,9,0.60891,"ok","",1.00845991705959,2,,,2,,,6,0,0,0,0,0,1.70025379937488e-05,0.00259957349270545,""
"United Republic of Tanzania",2012,"Original","VARX",21,9,0.37041,"ok","",1.26076144380162,2,,,2,,,0,0,3,0,0,0,0.0289428731202546,0.000200062872127038,""
"United States Virgin Islands",2012,"Original","VARX",21,9,0.80109,"ok","",1.03000868957941,2,,,2,,,0,0,0,0,0,0,0.00563500868802158,0.0052000670755411,""
"United States of America",2012,"Original","VARX",21,9,0.83396,"ok","",0.908865606813492,2,,,2,,,4,0,0,0,0,0,0.0231867461586015,0.162855059382327,""
"American Samoa",2012,"Original","ARIMAX",21,9,0.68086,"ok","",,2,0,1,2,0,1,0,0,0,0,0,0,0.83888651277559,0.494127987329553,""
"Antigua and Barbuda",2012,"Original","ARIMAX",21,9,0.71951,"ok","",,4,0,0,1,0,0,0,0,0,0,0,0,0.107940267531669,0.000624003184583888,""
"Arab Republic of Egypt",2012,"Original","ARIMAX",21,9,0.50916,"ok","",,2,0,2,2,0,1,0,0,0,0,0,0,0.233802194151158,0.118580405410183,""
"Argentine Republic",2012,"Original","ARIMAX",21,9,0.67922,"ok","",,0,0,0,1,0,0,0,0,0,0,0,0,0.00211732815303556,0.000256157936620038,""
"Australia",2012,"Original","ARIMAX",21,9,0.81164,"ok","",,4,0,0,2,0,1,0,0,0,0,0,0,0.784964906683835,0.298457246562186,""
"Barbados",2012,"Original","ARIMAX",21,9,0.72416,"ok","",,3,0,0,2,0,0,0,0,0,0,0,0,0.452467442549192,0.25702785760393,""
"Belize",2012,"Original","ARIMAX",21,9,0.56846,"ok","",,1,0,0,1,0,0,0,0,0,0,0,0,0.0108528014765036,1.33294490630709e-05,""
"Bermuda",2012,"Original","ARIMAX",21,9,0.79748,"ok","",,4,0,0,2,0,1,0,0,0,0,0,0,0.0352954807044686,0.158423339415878,""
"Bolivarian Republic of Venezuela",2012,"Original","ARIMAX",21,9,0.61019,"ok","",,2,0,0,2,0,1,0,0,0,0,0,0,0.0149450946651718,0.169201224768425,""
"Bosnia and Herzegovina",2012,"Original","ARIMAX",21,9,0.68951,"ok","",,2,0,0,0,0,0,0,0,0,0,0,0,0.0300548581300694,6.8344921144714e-07,""
"Brunei Darussalam",2012,"Original","ARIMAX",21,9,0.78022,"ok","",,3,0,0,2,0,0,0,0,0,0,0,0,0.35593370193659,0.00277601948284356,""
"Burkina Faso",2012,"Original","ARIMAX",21,9,0.23259,"ok","",,3,0,0,2,0,0,0,0,0,0,0,0,0.482972974138897,0.635772677389862,""
"Canada",2012,"Original","ARIMAX",21,9,0.85098,"ok","",,2,0,0,3,0,0,0,0,0,0,0,0,0.917101948008535,0.0304360169596409,""
"Central African Republic",2012,"Original","ARIMAX",21,9,0.29046,"ok","",,2,0,1,2,0,2,0,0,0,0,0,0,0.340800911815123,0.568224529451843,""
"Commonwealth of Dominica",2012,"Original","ARIMAX",21,9,0.70687,"ok","",,4,0,0,2,0,0,0,0,0,0,0,0,0.0504755367517383,0.00106344670017067,""
"Commonwealth of the Bahamas",2012,"Original","ARIMAX",21,9,0.78184,"ok","",,2,0,2,4,0,0,0,0,0,0,0,0,0.707650846024019,0.571556343470718,""
"Cook Islands",2012,"Original","ARIMAX",21,9,0.72696,"ok","",,1,0,0,1,0,0,0,0,0,0,0,0,7.52053638253258e-07,1.43859651720035e-05,""
"Czech Republic",2012,"Original","ARIMAX",21,9,0.81423,"ok","",,2,0,2,2,0,1,0,0,0,0,0,0,0.147642700796923,0.29900783632895,""
"Democratic People's Republic of Korea",2012,"Original","ARIMAX",21,9,0.54533,"ok","",,4,0,0,2,0,2,0,0,0,0,0,0,0.637778545708475,0.648505058591729,""
"Democratic Republic of Sao Tome and Principe",2012,"Original","ARIMAX",21,9,0.42572,"ok","",,2,0,2,2,0,0,0,0,0,0,0,0,0.704939050779393,5.77713609450914e-05,""
"Democratic Republic of Timor-Leste",2012,"Original","ARIMAX",21,9,0.40891,"ok","",,3,0,0,0,0,0,0,0,0,0,0,0,0.647907794805043,0.00032910886085924,""
"Democratic Republic of the Congo",2012,"Original","ARIMAX",21,9,0.30045,"ok","",,2,2,0,3,1,0,0,0,0,0,0,0,0.908507451434795,0.748458518829006,""
"Democratic Socialist Republic of Sri Lanka",2012,"Original","ARIMAX",21,9,0.64805,"ok","",,2,0,1,2,0,0,0,0,0,0,0,0,0.201923412357859,0.000943220360120511,""
"Dominican Republic",2012,"Original","ARIMAX",21,9,0.57897,"ok","",,2,0,0,2,0,2,0,0,0,0,0,0,0.00826513818104968,0.372294412067206,""
"Eastern Republic of Uruguay",2012,"Original","ARIMAX",21,9,0.6658,"ok","",,2,0,0,1,0,0,0,0,0,0,0,0,0.111303614337107,0.0408852942999806,""
"Federal Democratic Republic of Ethiopia",2012,"Original","ARIMAX",21,9,0.27901,"ok","",,2,0,0,3,0,0,0,0,0,0,0,0,0.0498567624404791,0.28870953327914,""
"Federal Democratic Republic of Nepal",2012,"Original","ARIMAX",21,9,0.37244,"ok","",,3,0,0,3,0,1,0,0,0,0,0,0,0.970986985647456,0.883851449909238,""
"Federal Republic of Germany",2012,"Original","ARIMAX",21,9,0.88366,"ok","",,2,0,0,2,0,1,0,0,0,0,0,0,0.925495513135628,0.386519457648713,""
"Federal Republic of Nigeria",2012,"Original","ARIMAX",21,9,0.43178,"ok","",,4,0,0,2,0,0,0,0,0,0,0,0,0.679940920953054,0.0113016480863345,""
"Federal Republic of Somalia",2012,"Original","ARIMAX",21,9,0.06635,"ok","",,4,0,0,2,0,2,0,0,0,0,0,0,0.594768789085778,0.5992584780627,""
"Federated States of Micronesia",2012,"Original","ARIMAX",21,9,0.55797,"ok","",,4,0,0,2,0,1,0,0,0,0,0,0,0.237608459612147,0.690523508243907,""
"Federative Republic of Brazil",2012,"Original","ARIMAX",21,9,0.61262,"ok","",,4,0,0,0,0,0,0,0,0,0,0,0,0.0749622808426512,1.82140619642279e-06,""
"French Republic",2012,"Original","ARIMAX",21,9,0.80962,"ok","",,3,0,1,3,0,0,0,0,0,0,0,0,0.0696327717732173,0.556611694256173,""
"Gabonese Republic",2012,"Original","ARIMAX",21,9,0.56684,"ok","",,2,0,0,1,0,0,0,0,0,0,0,0,0.0465052148808418,5.78435534999144e-05,""
"Georgia",2012,"Original","ARIMAX",21,9,0.68552,"ok","",,2,2,0,2,2,0,0,0,0,0,0,0,0.368491825130155,0.984099786556019,""
"Grand Duchy of Luxembourg",2012,"Original","ARIMAX",21,9,0.85979,"ok","",,3,0,1,2,0,1,0,0,0,0,0,0,0.560253453062648,0.796146616974977,""
"Greenland",2012,"Original","ARIMAX",21,9,0.81168,"ok","",,2,0,2,2,0,0,0,0,0,0,0,0,0.85610544467258,0.547662085106846,""
"Grenada",2012,"Original","ARIMAX",21,9,0.62498,"ok","",,4,0,0,2,0,2,0,0,0,0,0,0,0.247855299294715,0.431512743029189,""
"Guam",2012,"Original","ARIMAX",21,9,0.76685,"ok","",,2,0,1,2,0,0,0,0,0,0,0,0,0.957326999796412,0.0136170054153035,""
"Hashemite Kingdom of Jordan",2012,"Original","ARIMAX",21,9,0.67457,"ok","",,4,0,0,1,0,0,0,0,0,0,0,0,0.330566103542485,0.00247573403006074,""
"Hellenic Republic",2012,"Original","ARIMAX",21,9,0.78079,"ok","",,2,0,3,3,0,1,0,0,0,0,0,0,0.128003676224244,0.896587944919605,""
"Hungary",2012,"Original","ARIMAX",21,9,0.77078,"ok","",,2,0,0,2,0,0,0,0,0,0,0,0,0.0728814996103669,0.562938990942053,""
"Independent State of Papua New Guinea",2012,"Original","ARIMAX",21,9,0.38678,"ok","",,2,0,2,2,0,1,0,0,0,0,0,0,0.921134248138876,0.646519338170685,""
"Independent State of Samoa",2012,"Original","ARIMAX",21,9,0.56532,"ok","",,2,0,1,2,0,1,0,0,0,0,0,0,0.897657298464378,0.786686016389064,""
"Ireland",2012,"Original","ARIMAX",21,9,0.83533,"ok","",,2,0,2,2,0,2,0,0,0,0,0,0,0.272239266665042,0.891377321031239,""
"Islamic Republic of Afghanistan",2012,"Original","ARIMAX",21,9,0.26648,"ok","",,4,0,0,2,0,0,0,0,0,0,0,0,0.0905927441864408,0.595397752167427,""
"Islamic Republic of Iran",2012,"Original","ARIMAX",21,9,0.6515,"ok","",,2,0,0,2,0,0,0,0,0,0,0,0,0.10911550108141,0.0205389831105641,""
"Islamic Republic of Mauritania",2012,"Original","ARIMAX",21,9,0.43472,"ok","",,2,0,1,4,0,0,0,0,0,0,0,0,0.491758662680191,0.326928353138462,""
"Islamic Republic of Pakistan",2012,"Original","ARIMAX",21,9,0.4471,"ok","",,4,0,0,3,0,0,0,0,0,0,0,0,0.174867262242779,0.122693838777582,""
"Jamaica",2012,"Original","ARIMAX",21,9,0.65058,"ok","",,2,0,1,2,0,2,0,0,0,0,0,0,0.341114335422101,0.267924801907614,""
"Japan",2012,"Original","ARIMAX",21,9,0.84906,"ok","",,2,0,1,0,0,0,0,0,0,0,0,0,0.814070134083931,2.07091556838623e-05,""
"Kingdom of Bahrain",2012,"Original","ARIMAX",21,9,0.71036,"ok","",,2,0,1,1,0,0,0,0,0,0,0,0,0.101468157001088,1.91818649852848e-09,""
"Kingdom of Belgium",2012,"Original","ARIMAX",21,9,0.82423,"ok","",,4,0,0,2,0,2,0,0,0,0,0,0,0.44871181968373,0.192074561969201,""
"Kingdom of Bhutan",2012,"Original","ARIMAX",21,9,0.41944,"ok","",,2,0,2,1,0,0,0,0,0,0,0,0,0.847111410679905,4.5944367497941e-05,""
"Kingdom of Cambodia",2012,"Original","ARIMAX",21,9,0.42177,"ok","",,4,0,0,2,0,1,0,0,0,0,0,0,0.435344250009027,0.355225866461025,""
"Kingdom of Denmark",2012,"Original","ARIMAX",21,9,0.87252,"ok","",,3,0,1,2,0,2,0,0,0,0,0,0,0.452542681095878,0.338740704393968,""
"Kingdom of Eswatini",2012,"Original","ARIMAX",21,9,0.5378,"ok","",,2,0,0,2,0,2,0,0,0,0,0,0,0.000249142050099405,0.0639773320067304,""
"Kingdom of Lesotho",2012,"Original","ARIMAX",21,9,0.46042,"ok","",,2,0,1,1,0,0,0,0,0,0,0,0,0.581721532263143,0.0691016413600729,""
"Kingdom of Morocco",2012,"Original","ARIMAX",21,9,0.4916,"ok","",,3,0,0,2,0,1,0,0,0,0,0,0,0.00974946457128001,0.388981057991205,""
"Kingdom of Norway",2012,"Original","ARIMAX",21,9,0.88816,"ok","",,2,0,0,4,0,0,0,0,0,0,0,0,0.0344983499243015,0.0592833128986459,""
"Kingdom of Saudi Arabia",2012,"Original","ARIMAX",21,9,0.75905,"ok","",,2,0,0,3,0,0,0,0,0,0,0,0,0.00892022392222069,0.0228183634082766,""
"Kingdom of Spain",2012,"Original","ARIMAX",21,9,0.74518,"ok","",,3,0,0,2,0,2,0,0,0,0,0,0,0.152027818405133,0.196933266269434,""
"Kingdom of Sweden",2012,"Original","ARIMAX",21,9,0.86471,"ok","",,2,0,1,1,0,0,0,0,0,0,0,0,0.0576505880484531,0.132790367737816,""
"Kingdom of Thailand",2012,"Original","ARIMAX",21,9,0.63841,"ok","",,3,0,0,1,0,0,0,0,0,0,0,0,0.169696228127832,7.93581504954233e-08,""
"Kingdom of Tonga",2012,"Original","ARIMAX",21,9,0.58477,"ok","",,2,0,1,1,0,0,0,0,0,0,0,0,0.220777623655737,6.04545542276513e-05,""
"Kingdom of the Netherlands",2012,"Original","ARIMAX",21,9,0.86695,"ok","",,2,0,2,3,0,1,0,0,0,0,0,0,0.723901726351286,0.882267692137552,""
"Kyrgyz Republic",2012,"Original","ARIMAX",21,9,0.56154,"ok","",,1,0,0,2,0,2,0,0,0,0,0,0,0.0226461811783588,0.765185655570227,""
"Lao People's Democratic Republic",2012,"Original","ARIMAX",21,9,0.43115,"ok","",,3,0,1,3,0,1,0,0,0,0,0,0,0.668094951224847,0.821725526859944,""
"Lebanese Republic",2012,"Original","ARIMAX",21,9,0.69391,"ok","",,4,0,0,2,0,2,0,0,0,0,0,0,0.229672258115047,0.684090938679828,""
"Malaysia",2012,"Original","ARIMAX",21,9,0.69966,"ok","",,2,0,2,3,0,1,0,0,0,0,0,0,0.778794086632314,0.576982805468341,""
"Mongolia",2012,"Original","ARIMAX",21,9,0.58326,"ok","",,2,0,2,2,0,2,0,0,0,0,0,0,0.412660414234664,0.0872346856355322,""
"Montenegro",2012,"Original","ARIMAX",21,9,0.75558,"ok","",,2,0,0,2,0,0,0,0,0,0,0,0,0.00922247205069093,0.0178505549500629,""
"New Zealand",2012,"Original","ARIMAX",21,9,0.81496,"ok","",,1,0,0,2,0,1,0,0,0,0,0,0,0.000467756363343064,0.671722039700014,""
"North Macedonia",2012,"Original","ARIMAX",21,9,0.71517,"ok","",,1,0,0,1,0,0,0,0,0,0,0,0,6.63140218888358e-05,0.0678739089865753,""
"Northern Mariana Islands",2012,"Original","ARIMAX",21,9,0.74294,"ok","",,0,2,0,2,2,0,0,0,0,0,0,0,5.92523614428853e-05,0.871332148044249,""
"Palestine",2012,"Original","ARIMAX",21,9,0.5483,"ok","",,3,0,2,4,0,0,0,0,0,0,0,0,0.951216144770187,0.303388486899053,""
"People's Democratic Republic of Algeria",2012,"Original","ARIMAX",21,9,0.6127,"ok","",,3,0,0,1,0,0,0,0,0,0,0,0,0.157385863624986,0.000764677584008999,""
"People's Republic of Bangladesh",2012,"Original","ARIMAX",21,9,0.39062,"ok","",,4,0,0,1,0,0,0,0,0,0,0,0,0.576497026076006,0.000225890970156795,""
"People's Republic of China",2012,"Original","ARIMAX",21,9,0.65714,"ok","",,4,0,0,4,0,0,0,0,0,0,0,0,0.354578030025529,0.381779595528896,""
"Plurinational State of Bolivia",2012,"Original","ARIMAX",21,9,0.54862,"ok","",,2,0,2,2,0,1,0,0,0,0,0,0,0.432217579412089,0.0142288290280551,""
"Portuguese Republic",2012,"Original","ARIMAX",21,9,0.7158,"ok","",,3,0,0,2,0,2,0,0,0,0,0,0,0.119989465039858,0.542435976007735,""
"Principality of Andorra",2012,"Original","ARIMAX",21,9,0.84581,"ok","",,2,0,0,2,0,0,0,0,0,0,0,0,0.811502947495443,0.947381397599838,""
"Principality of Monaco",2012,"Original","ARIMAX",21,9,0.89307,"ok","",,3,0,0,0,0,0,0,0,0,0,0,0,0.20072872552146,1.38133579060673e-05,""
"Puerto Rico",2012,"Original","ARIMAX",21,9,0.77231,"ok","",,4,0,0,2,0,1,0,0,0,0,0,0,0.663461163484301,0.953460289818189,""
"Republic of Albania",2012,"Original","ARIMAX",21,9,0.66356,"ok","",,1,0,0,2,0,2,0,0,0,0,0,0,4.62237266543042e-05,0.00979435236893911,""
"Republic of Angola",2012,"Original","ARIMAX",21,9,0.38789,"ok","",,2,0,0,2,0,1,0,0,0,0,0,0,0.00627711440234091,0.509500299620404,""
"Republic of Armenia",2012,"Original","ARIMAX",21,9,0.66483,"ok","",,2,0,2,2,0,0,0,0,0,0,0,0,0.54026977192869,0.20988159976986,""
"Republic of Austria",2012,"Original","ARIMAX",21,9,0.83111,"ok","",,2,0,0,1,0,0,0,0,0,0,0,0,0.453488630677962,5.31751826645666e-05,""
"Republic of Azerbaijan",2012,"Original","ARIMAX",21,9,0.6629,"ok","",,2,2,0,4,0,0,0,0,0,0,0,0,0.543290710081896,0.347319211463599,""
"Republic of Belarus",2012,"Original","ARIMAX",21,9,0.74347,"ok","",,4,0,0,3,0,0,0,0,0,0,0,0,0.743678644646945,0.092383039509375,""
"Republic of Benin",2012,"Original","ARIMAX",21,9,0.31337,"ok","",,2,0,1,2,0,0,0,0,0,0,0,0,0.213400753061546,0.00469983244902017,""
"Republic of Botswana",2012,"Original","ARIMAX",21,9,0.59774,"ok","",,2,0,2,0,0,0,0,0,0,0,0,0,0.301926412833914,4.08726731815356e-06,""
"Republic of Bulgaria",2012,"Original","ARIMAX",21,9,0.73918,"ok","",,1,0,0,1,0,0,0,0,0,0,0,0,0.000635692202885618,0.000940735844072393,""
"Republic of Burundi",2012,"Original","ARIMAX",21,9,0.25157,"ok","",,2,0,0,1,0,0,0,0,0,0,0,0,0.000187371754306498,0.000161275379480297,""
"Republic of Cabo Verde",2012,"Original","ARIMAX",21,9,0.47286,"ok","",,2,0,2,2,0,2,0,0,0,0,0,0,0.584477118997206,0.362188237176474,""
"Republic of Cameroon",2012,"Original","ARIMAX",21,9,0.40858,"ok","",,2,0,2,2,0,1,0,0,0,0,0,0,0.747876165796026,0.231875318940066,""
"Republic of Chad",2012,"Original","ARIMAX",21,9,0.19526,"ok","",,2,0,2,2,0,2,0,0,0,0,0,0,0.410229090325984,0.675153150879479,""
"Republic of Chile",2012,"Original","ARIMAX",21,9,0.71474,"ok","",,4,0,0,1,0,0,0,0,0,0,0,0,0.598467182651481,8.10028010306274e-05,""
"Republic of Colombia",2012,"Original","ARIMAX",21,9,0.60025,"ok","",,2,0,1,2,0,2,0,0,0,0,0,0,0.724766542060244,0.159150406372036,""
"Republic of Costa Rica",2012,"Original","ARIMAX",21,9,0.64657,"ok","",,1,0,2,2,0,1,0,0,0,0,0,0,0.757482145781925,0.74677209418817,""
"Republic of Croatia",2012,"Original","ARIMAX",21,9,0.76741,"ok","",,5,0,0,4,0,0,0,0,0,0,0,0,0.137077479177276,0.534568814954795,""
"Republic of Cuba",2012,"Original","ARIMAX",21,9,0.62616,"ok","",,1,0,0,1,0,0,0,0,0,0,0,0,0.188826219483026,0.038335985870328,""
"Republic of Cyprus",2012,"Original","ARIMAX",21,9,0.81698,"ok","",,3,0,0,1,0,0,0,0,0,0,0,0,0.350794015144509,0.000584933546861399,""
"Republic of Côte d'Ivoire",2012,"Original","ARIMAX",21,9,0.36783,"ok","",,2,0,2,1,0,0,0,0,0,0,0,0,0.40594830363411,0.0130078065165732,""
"Republic of Djibouti",2012,"Original","ARIMAX",21,9,0.42771,"ok","",,2,0,0,1,0,0,0,0,0,0,0,0,0.119539564228017,5.58020608898424e-05,""
"Republic of Ecuador",2012,"Original","ARIMAX",21,9,0.60545,"ok","",,2,0,1,4,0,0,0,0,0,0,0,0,0.0647267101920656,0.202539484093415,""
"Republic of El Salvador",2012,"Original","ARIMAX",21,9,0.5134,"ok","",,2,0,2,2,0,0,0,0,0,0,0,0,0.392786601379929,2.54423869322506e-05,""
"Republic of Equatorial Guinea",2012,"Original","ARIMAX",21,9,0.58183,"ok","",,4,0,0,2,0,2,0,0,0,0,0,0,0.123788960880183,0.255896135644016,""
"Republic of Estonia",2012,"Original","ARIMAX",21,9,0.81111,"ok","",,0,0,0,3,0,0,0,0,0,0,0,0,0.000147309270996154,0.0485886804516478,""
"Republic of Fiji",2012,"Original","ARIMAX",21,9,0.62988,"ok","",,3,0,0,2,0,2,0,0,0,0,0,0,0.632526963482262,0.505851833182282,""
"Republic of Finland",2012,"Original","ARIMAX",21,9,0.83143,"ok","",,1,0,0,2,0,1,0,0,0,0,0,0,1.52895058965763e-05,0.7949506486477,""
"Republic of Ghana",2012,"Original","ARIMAX",21,9,0.49751,"ok","",,2,0,0,2,0,2,0,0,0,0,0,0,0.131321103827168,0.756051926604204,""
"Republic of Guatemala",2012,"Original","ARIMAX",21,9,0.48186,"ok","",,3,0,0,1,0,0,0,0,0,0,0,0,0.00624659693086183,7.83185305164302e-07,""
"Republic of Guinea",2012,"Original","ARIMAX",21,9,0.27343,"ok","",,2,0,2,2,0,1,0,0,0,0,0,0,0.835515207571366,0.482365685078763,""
"Republic of Guinea-Bissau",2012,"Original","ARIMAX",21,9,0.30156,"ok","",,2,0,0,2,0,2,0,0,0,0,0,0,0.0623174024945157,0.567320390714685,""
"Republic of Guyana",2012,"Original","ARIMAX",21,9,0.59134,"ok","",,2,0,2,1,0,0,0,0,0,0,0,0,0.301472449806877,1.91768045232354e-06,""
"Republic of Haiti",2012,"Original","ARIMAX",21,9,0.42002,"ok","",,4,0,0,2,0,2,0,0,0,0,0,0,0.195841476113453,0.498904399236801,""
"Republic of Honduras",2012,"Original","ARIMAX",21,9,0.46493,"ok","",,2,0,1,2,0,0,0,0,0,0,0,0,0.312438293982166,0.00104285511180569,""
"Republic of Iceland",2012,"Original","ARIMAX",21,9,0.8473,"ok","",,4,0,0,1,0,0,0,0,0,0,0,0,0.0771688066632052,0.000126602560657996,""
"Republic of India",2012,"Original","ARIMAX",21,9,0.48721,"ok","",,3,0,1,2,0,1,0,0,0,0,0,0,0.856775473435449,0.625800761842875,""
"Republic of Indonesia",2012,"Original","ARIMAX",21,9,0.60119,"ok","",,3,0,0,3,0,1,0,0,0,0,0,0,0.319718576641176,0.521194316236431,""
"Republic of Iraq",2012,"Original","ARIMAX",21,9,0.56475,"ok","",,1,0,0,2,0,2,0,0,0,0,0,0,0.00503339504428046,0.271446164127289,""
"Republic of Italy",2012,"Original","ARIMAX",21,9,0.78309,"ok","",,1,0,0,2,0,2,0,0,0,0,0,0,4.38657148082999e-06,0.314400873749316,""
"Republic of Kazakhstan",2012,"Original","ARIMAX",21,9,0.69531,"ok","",,3,0,0,4,0,0,0,0,0,0,0,0,0.0566836603534833,0.035383772968644,""
"Republic of Kenya",2012,"Original","ARIMAX",21,9,0.44867,"ok","",,2,0,1,2,0,2,0,0,0,0,0,0,0.272372367337828,0.107262948994978,""
"Republic of Kiribati",2012,"Original","ARIMAX",21,9,0.48818,"ok","",,3,0,0,3,0,0,0,0,0,0,0,0,0.0152644755361377,0.659391025357561,""
"Republic of Korea",2012,"Original","ARIMAX",21,9,0.85114,"ok","",,3,0,1,2,0,0,0,0,0,0,0,0,0.586319200854906,0.00290079493517337,""
"Republic of Latvia",2012,"Original","ARIMAX",21,9,0.80103,"ok","",,2,0,2,3,0,0,0,0,0,0,0,0,0.109279045374573,0.0393367570478693,""
"Republic of Liberia",2012,"Original","ARIMAX",21,9,0.29485,"ok","",,1,0,0,4,0,0,0,0,0,0,0,0,0.00390317180835287,0.886610280629752,""
"Republic of Lithuania",2012,"Original","ARIMAX",21,9,0.80783,"ok","",,0,0,0,2,0,2,0,0,0,0,0,0,1.67958714902827e-05,0.794559581803046,""
"Republic of Madagascar",2012,"Original","ARIMAX",21,9,0.32995,"ok","",,3,0,2,4,0,1,0,0,0,0,0,0,0.599456314256479,0.509476659688644,""
"Republic of Malawi",2012,"Original","ARIMAX",21,9,0.3092,"ok","",,4,0,0,3,0,1,0,0,0,0,0,0,0.504338059970124,0.867144956504582,""
"Republic of Maldives",2012,"Original","ARIMAX",21,9,0.59695,"ok","",,3,0,1,2,0,0,0,0,0,0,0,0,0.481693827324888,0.164112530926415,""
"Republic of Mali",2012,"Original","ARIMAX",21,9,0.21247,"ok","",,4,0,0,2,0,2,0,0,0,0,0,0,0.646981442382039,0.801104516487931,""
"Republic of Malta",2012,"Original","ARIMAX",21,9,0.76454,"ok","",,4,0,0,2,0,1,0,0,0,0,0,0,0.403582019817137,0.235953593578101,""
"Republic of Mauritius",2012,"Original","ARIMAX",21,9,0.67313,"ok","",,3,0,0,2,0,1,0,0,0,0,0,0,0.162719664715497,0.185488152515008,""
"Republic of Moldova",2012,"Original","ARIMAX",21,9,0.68298,"ok","",,2,0,2,0,0,0,0,0,0,0,0,0,0.456692527109856,5.54543294839505e-07,""
"Republic of Mozambique",2012,"Original","ARIMAX",21,9,0.25832,"ok","",,2,0,1,2,0,2,0,0,0,0,0,0,0.346835060913778,0.0816346022668026,""
"Republic of Namibia",2012,"Original","ARIMAX",21,9,0.56698,"ok","",,2,0,1,2,0,2,0,0,0,0,0,0,0.072611567586407,0.0483280525008187,""
"Republic of Nauru",2012,"Original","ARIMAX",21,9,0.54989,"ok","",,2,1,2,2,1,1,0,0,0,0,0,0,0.740387733194062,0.975201629866279,""
"Republic of Nicaragua",2012,"Original","ARIMAX",21,9,0.4813,"ok","",,2,0,2,2,0,3,0,0,0,0,0,0,0.681054169013463,0.985299050867651,""
"Republic of Niue",2012,"Original","ARIMAX",21,9,0.69415,"ok","",,2,0,2,4,0,0,0,0,0,0,0,0,0.810658032495384,0.232068265727895,""
"Republic of Palau",2012,"Original","ARIMAX",21,9,0.72961,"ok","",,2,0,1,2,0,1,0,0,0,0,0,0,0.980723410693837,0.120070660397704,""
"Republic of Panama",2012,"Original","ARIMAX",21,9,0.63426,"ok","",,1,0,0,1,0,0,0,0,0,0,0,0,0.000631571201727854,2.56250068608743e-06,""
"Republic of Paraguay",2012,"Original","ARIMAX",21,9,0.58065,"ok","",,4,0,0,2,0,0,0,0,0,0,0,0,0.425821391958551,0.00231159352269683,""
"Republic of Peru",2012,"Original","ARIMAX",21,9,0.61936,"ok","",,2,0,2,4,0,0,0,0,0,0,0,0,0.30351737083231,0.552006151686841,""
"Republic of Poland",2012,"Original","ARIMAX",21,9,0.77468,"ok","",,3,0,0,4,0,0,0,0,0,0,0,0,0.198628852490966,0.573822725487978,""
"Republic of Rwanda",2012,"Original","ARIMAX",21,9,0.36641,"ok","",,2,0,1,2,0,0,0,0,0,0,0,0,0.475411424551179,0.779342868954482,""
"Republic of San Marino",2012,"Original","ARIMAX",21,9,0.88292,"ok","",,1,0,1,4,0,0,0,0,0,0,0,0,7.71936659671457e-05,0.963060129141704,""
"Republic of Senegal",2012,"Original","ARIMAX",21,9,0.34298,"ok","",,4,0,0,4,0,0,0,0,0,0,0,0,0.937330643083902,0.59250902196544,""
"Republic of Serbia",2012,"Original","ARIMAX",21,9,0.75711,"ok","",,2,0,1,2,0,1,0,0,0,0,0,0,0.220631174647194,0.716365739135877,""
"Republic of Seychelles",2012,"Original","ARIMAX",21,9,0.68763,"ok","",,2,0,0,1,0,0,0,0,0,0,0,0,0.00234951844429487,9.8091865841976e-05,""
"Republic of Sierra Leone",2012,"Original","ARIMAX",21,9,0.29034,"ok","",,2,0,0,0,0,0,0,0,0,0,0,0,0.245889733001377,4.22907602382061e-07,""
"Republic of Singapore",2012,"Original","ARIMAX",21,9,0.83739,"ok","",,3,0,0,2,0,2,0,0,0,0,0,0,0.542338687230139,0.897519325621978,""
"Republic of Slovenia",2012,"Original","ARIMAX",21,9,0.82434,"ok","",,4,0,0,3,0,1,0,0,0,0,0,0,0.659212178258716,0.626110848200472,""
"Republic of South Africa",2012,"Original","ARIMAX",21,9,0.64472,"ok","",,4,0,0,0,0,0,0,0,0,0,0,0,0.95164005876855,0.000693603435336754,""
"Republic of South Sudan",2012,"Original","ARIMAX",21,9,0.27507,"ok","",,2,0,1,2,0,2,0,0,0,0,0,0,0.356236543970087,0.262717872652457,""
"Republic of Sudan",2012,"Original","ARIMAX",21,9,0.45679,"ok","",,2,0,1,2,0,2,0,0,0,0,0,0,0.679488611606285,0.185424874273894,""
"Republic of Suriname",2012,"Original","ARIMAX",21,9,0.60474,"ok","",,1,0,0,2,0,1,0,0,0,0,0,0,0.151809106989477,0.457608074186446,""
"Republic of Tajikistan",2012,"Original","ARIMAX",21,9,0.50395,"ok","",,1,2,0,2,2,0,0,0,0,0,0,0,0.0371292998860067,0.874863594577653,""
"Republic of Trinidad and Tobago",2012,"Original","ARIMAX",21,9,0.74,"ok","",,3,0,4,3,0,0,0,0,0,0,0,0,0.375097543729603,0.351673516300986,""
"Republic of Tunisia",2012,"Original","ARIMAX",21,9,0.63758,"ok","",,3,0,0,3,0,1,0,0,0,0,0,0,0.101061933763277,0.783980692892129,""
"Republic of Turkey",2012,"Original","ARIMAX",21,9,0.6341,"ok","",,2,0,1,2,0,1,0,0,0,0,0,0,0.0288511791654441,0.0672818617509847,""
"Republic of Uganda",2012,"Original","ARIMAX",21,9,0.34536,"ok","",,3,0,1,2,0,2,0,0,0,0,0,0,0.468772372917021,0.780758814280921,""
"Republic of Uzbekistan",2012,"Original","ARIMAX",21,9,0.6262,"ok","",,2,0,0,3,0,0,0,0,0,0,0,0,0.00129922406350258,0.14125643674032,""
"Republic of Vanuatu",2012,"Original","ARIMAX",21,9,0.43866,"ok","",,2,0,1,3,0,0,0,0,0,0,0,0,0.319813854337592,0.260327926400468,""
"Republic of Yemen",2012,"Original","ARIMAX",21,9,0.40956,"ok","",,1,0,0,4,0,0,0,0,0,0,0,0,0.0106546164245094,0.0437810824939654,""
"Republic of Zambia",2012,"Original","ARIMAX",21,9,0.41457,"ok","",,4,0,0,3,0,1,0,0,0,0,0,0,0.868149045893767,0.856300156224982,""
"Republic of Zimbabwe",2012,"Original","ARIMAX",21,9,0.42575,"ok","",,2,2,0,3,0,1,0,0,0,0,0,0,0.269878469913317,0.939013622924451,""
"Republic of the Congo",2012,"Original","ARIMAX",21,9,0.52293,"ok","",,2,0,0,4,0,0,0,0,0,0,0,0,0.523082982470023,0.85108606450704,""
"Republic of the Gambia",2012,"Original","ARIMAX",21,9,0.35837,"ok","",,2,0,2,4,0,0,0,0,0,0,0,0,0.320052123873581,0.940006322989268,""
"Republic of the Marshall Islands",2012,"Original","ARIMAX",21,9,0.52604,"ok","",,4,0,0,2,0,1,0,0,0,0,0,0,0.602767000219366,0.354450008644208,""
"Republic of the Niger",2012,"Original","ARIMAX",21,9,0.13447,"ok","",,2,0,0,2,0,0,0,0,0,0,0,0,0.0742416313851575,0.0157313320281531,""
"Republic of the Philippines",2012,"Original","ARIMAX",21,9,0.58377,"ok","",,3,0,1,0,0,0,0,0,0,0,0,0,0.907887266461157,4.29438428058981e-05,""
"Republic of the Union of Myanmar",2012,"Original","ARIMAX",21,9,0.47534,"ok","",,2,0,1,2,0,2,0,0,0,0,0,0,0.741183974346738,0.803934815530215,""
"Romania",2012,"Original","ARIMAX",21,9,0.73389,"ok","",,2,0,1,2,0,1,0,0,0,0,0,0,0.155975523059595,0.36702210288958,""
"Russian Federation",2012,"Original","ARIMAX",21,9,0.77192,"ok","",,4,0,0,2,0,2,0,0,0,0,0,0,0.71074752212384,0.715227065189423,""
"Saint Kitts and Nevis",2012,"Original","ARIMAX",21,9,0.72344,"ok","",,2,0,0,2,0,1,0,0,0,0,0,0,0.0484237758556993,0.0198958050301472,""
"Saint Lucia",2012,"Original","ARIMAX",21,9,0.64157,"ok","",,1,0,0,1,0,0,0,0,0,0,0,0,1.47993895165399e-05,0.00201722853275355,""
"Saint Vincent and the Grenadines",2012,"Original","ARIMAX",21,9,0.59215,"ok","",,2,0,2,3,0,1,0,0,0,0,0,0,0.0153187670004726,0.457006796048457,""
"Slovak Republic",2012,"Original","ARIMAX",21,9,0.79546,"ok","",,4,0,0,1,0,0,0,0,0,0,0,0,0.6125408205809,1.79389314514111e-09,""
"Socialist Republic of Viet Nam",2012,"Original","ARIMAX",21,9,0.57508,"ok","",,2,0,2,2,0,2,0,0,0,0,0,0,0.193269008983327,0.0652965131096936,""
"Solomon Islands",2012,"Original","ARIMAX",21,9,0.393,"ok","",,4,0,0,2,0,1,0,0,0,0,0,0,0.803151704315543,0.689682030935539,""
"State of Eritrea",2012,"Original","ARIMAX",21,9,0.36011,"ok","",,2,0,0,2,0,0,0,0,0,0,0,0,0.142889067918245,0.450767591465964,""
"State of Israel",2012,"Original","ARIMAX",21,9,0.7804,"ok","",,2,0,0,1,0,0,0,0,0,0,0,0,0.0173490838660167,0.000855406952372406,""
"State of Kuwait",2012,"Original","ARIMAX",21,9,0.79836,"ok","",,3,0,0,2,0,1,0,0,0,0,0,0,0.430940894638455,0.408193509217761,""
"State of Libya",2012,"Original","ARIMAX",21,9,0.7167,"ok","",,4,0,0,2,0,0,0,0,0,0,0,0,0.117389182707753,0.30101906968546,""
"State of Qatar",2012,"Original","ARIMAX",21,9,0.79349,"ok","",,2,0,2,2,0,1,0,0,0,0,0,0,0.194553163557054,0.576931857722018,""
"Sultanate of Oman",2012,"Original","ARIMAX",21,9,0.72645,"ok","",,4,0,0,2,0,1,0,0,0,0,0,0,0.517155947900811,0.569023040140747,""
"Swiss Confederation",2012,"Original","ARIMAX",21,9,0.91571,"ok","",,4,0,0,2,0,2,0,0,0,0,0,0,0.658951482746712,0.161302727973781,""
"Syrian Arab Republic",2012,"Original","ARIMAX",21,9,0.60287,"ok","",,2,0,1,2,0,0,0,0,0,0,0,0,0.0313239894346268,0.292479358560441,""
"Taiwan (Province of China)",2012,"Original","ARIMAX",21,9,0.83668,"ok","",,2,0,1,2,0,1,0,0,0,0,0,0,0.923036121839306,0.295765231417612,""
"Togolese Republic",2012,"Original","ARIMAX",21,9,0.34632,"ok","",,2,0,0,3,0,1,0,0,0,0,0,0,0.000767663384849904,0.0641403861991946,""
"Tokelau",2012,"Original","ARIMAX",21,9,0.64161,"ok","",,2,0,0,2,0,1,0,0,0,0,0,0,0.803341044309946,0.205632668404163,""
"Turkmenistan",2012,"Original","ARIMAX",21,9,0.63526,"ok","",,1,0,0,2,0,1,0,0,0,0,0,0,0.24742713233667,0.674591144137669,""
"Tuvalu",2012,"Original","ARIMAX",21,9,0.5312,"ok","",,2,0,0,2,0,1,0,0,0,0,0,0,0.622219046234128,0.145854021189563,""
"Ukraine",2012,"Original","ARIMAX",21,9,0.72882,"ok","",,2,0,1,1,0,0,0,0,0,0,0,0,0.841890410575184,0.0887659113698582,""
"Union of the Comoros",2012,"Original","ARIMAX",21,9,0.42673,"ok","",,3,0,1,3,0,0,0,0,0,0,0,0,0.809432534030186,0.194324228151092,""
"United Arab Emirates",2012,"Original","ARIMAX",21,9,0.83359,"ok","",,4,0,0,1,0,0,0,0,0,0,0,0,0.528404880634569,0.000249217170752214,""
"United Kingdom of Great Britain and Northern Ireland",2012,"Original","ARIMAX",21,9,0.82645,"ok","",,1,0,0,2,0,2,0,0,0,0,0,0,0.0681320091885071,0.783619916488244,""
"United Mexican States",2012,"Original","ARIMAX",21,9,0.60891,"ok","",,2,0,0,2,0,1,0,0,0,0,0,0,0.499063045416014,0.511073169471575,""
"United Republic of Tanzania",2012,"Original","ARIMAX",21,9,0.37041,"ok","",,2,0,1,1,0,0,0,0,0,0,0,0,0.606279355981038,0.0266630448519632,""
"United States Virgin Islands",2012,"Original","ARIMAX",21,9,0.80109,"ok","",,2,0,1,2,0,1,0,0,0,0,0,0,0.655415062484888,0.148673686389529,""
"United States of America",2012,"Original","ARIMAX",21,9,0.83396,"ok","",,4,0,0,4,0,0,0,0,0,0,0,0,0.266019322671744,0.576817486893581,""
"American Samoa",2012,"Harmonized","VARX",21,9,0.68086,"ok","",1.1206253585616,2,,,2,,,0,0,0,0,0,0,0.0373497039451935,0.0340058843112032,""
"Antigua and Barbuda",2012,"Harmonized","VARX",21,9,0.71951,"ok","",1.01487848455536,2,,,2,,,0,0,0,0,0,0,0.00195866087010299,0.00808962085412546,""
"Arab Republic of Egypt",2012,"Harmonized","VARX",21,9,0.50916,"ok","",1.05040217482746,2,,,2,,,0,0,0,0,0,0,0.006463941700941,0.0250552073465602,""
"Argentine Republic",2012,"Harmonized","VARX",21,9,0.67922,"ok","",1.00221773623704,2,,,2,,,0,0,0,0,0,0,2.16200005989098e-05,0.00147419498900836,""
"Australia",2012,"Harmonized","VARX",21,9,0.81164,"ok","",0.971417797433101,2,,,2,,,0,0,0,0,0,0,6.0557884221768e-05,0.00658064794739621,""
"Barbados",2012,"Harmonized","VARX",21,9,0.72416,"ok","",1.1687787546774,2,,,2,,,0,0,0,0,0,0,0.000180254713930794,5.68365381647951e-07,""
"Belize",2012,"Harmonized","VARX",21,9,0.56846,"ok","",1.16296704911914,2,,,2,,,0,0,0,0,0,0,0.0130503483959603,0.224882434001758,""
"Bermuda",2012,"Harmonized","VARX",21,9,0.79748,"ok","",1.03321923672435,2,,,2,,,0,0,0,0,0,0,0.000443450204067219,1.60058276408304e-05,""
"Bolivarian Republic of Venezuela",2012,"Harmonized","VARX",21,9,0.61019,"ok","",1.03087211806619,2,,,2,,,0,0,0,0,0,0,0.00557729815818775,0.000472963787373382,""
"Bosnia and Herzegovina",2012,"Harmonized","VARX",21,9,0.68951,"ok","",0.913681231656543,2,,,2,,,0,0,0,0,0,0,0.0222585164446024,0.00204329375447865,""
"Brunei Darussalam",2012,"Harmonized","VARX",21,9,0.78022,"ok","",1.10345797882054,2,,,2,,,0,0,0,0,0,0,0.00290845888716817,0.000837424465895964,""
"Burkina Faso",2012,"Harmonized","VARX",21,9,0.23259,"ok","",1.11277963245906,2,,,2,,,0,0,0,0,0,0,0.0122236349132959,0.0159402543005207,""
"Canada",2012,"Harmonized","VARX",21,9,0.85098,"ok","",1.03288663933731,2,,,2,,,0,0,0,0,0,0,0.000244609948477414,6.10604136828119e-05,""
"Central African Republic",2012,"Harmonized","VARX",21,9,0.29046,"ok","",1.0631552726695,2,,,2,,,0,0,0,0,0,0,0.000713542725091609,0.00125950675443587,""
"Commonwealth of Dominica",2012,"Harmonized","VARX",21,9,0.70687,"ok","",1.05653826795858,2,,,2,,,0,0,0,0,0,0,0.0102177895573263,0.0248064766712777,""
"Commonwealth of the Bahamas",2012,"Harmonized","VARX",21,9,0.78184,"ok","",1.09630701331559,2,,,2,,,0,0,0,0,0,0,0.00212275942301066,0.0228018061643913,""
"Cook Islands",2012,"Harmonized","VARX",21,9,0.72696,"ok","",0.95957882767655,2,,,2,,,0,0,0,0,0,0,0.0116152685592584,0.000718547906966349,""
"Czech Republic",2012,"Harmonized","VARX",21,9,0.81423,"ok","",0.952779426240121,2,,,2,,,0,0,0,0,0,0,8.39928430773629e-06,0.000265801805740318,""
"Democratic People's Republic of Korea",2012,"Harmonized","VARX",21,9,0.54533,"ok","",1.06931301444712,2,,,2,,,0,0,0,0,0,0,0.00017563470108517,0.000588391362083107,""
"Democratic Republic of Sao Tome and Principe",2012,"Harmonized","VARX",21,9,0.42572,"ok","",1.03839612873262,2,,,2,,,0,0,0,0,0,0,0.0280754097464951,4.29515194892982e-05,""
"Democratic Republic of Timor-Leste",2012,"Harmonized","VARX",21,9,0.40891,"ok","",1.03476767207376,2,,,2,,,0,0,0,0,0,0,0.0466380949259662,0.000452418979516866,""
"Democratic Republic of the Congo",2012,"Harmonized","VARX",21,9,0.30045,"ok","",1.06224681138059,2,,,2,,,0,0,0,0,0,0,0.000390807395976633,7.73439087953243e-06,""
"Democratic Socialist Republic of Sri Lanka",2012,"Harmonized","VARX",21,9,0.64805,"ok","",1.06099166126896,2,,,2,,,0,0,0,0,0,0,0.100838115780845,4.74508930702333e-05,""
"Dominican Republic",2012,"Harmonized","VARX",21,9,0.57897,"ok","",1.04469264843194,2,,,2,,,0,0,0,0,0,0,0.00170286807665965,0.00723715062727714,""
"Eastern Republic of Uruguay",2012,"Harmonized","VARX",21,9,0.6658,"ok","",1.17572368407641,2,,,2,,,0,0,0,0,0,0,2.88039930692596e-05,0.0128856618604206,""
"Federal Democratic Republic of Ethiopia",2012,"Harmonized","VARX",21,9,0.27901,"ok","",0.936581308140403,2,,,2,,,0,0,0,0,0,0,2.17840116938373e-05,0.000717895647901701,""
"Federal Democratic Republic of Nepal",2012,"Harmonized","VARX",21,9,0.37244,"ok","",1.27514249296125,2,,,2,,,0,0,0,0,0,0,0.365870656400691,0.000102772840904319,""
"Federal Republic of Germany",2012,"Harmonized","VARX",21,9,0.88366,"ok","",1.02603765062062,2,,,2,,,0,0,0,0,0,0,0.467164336070936,0.000202503624232686,""
"Federal Republic of Nigeria",2012,"Harmonized","VARX",21,9,0.43178,"ok","",0.999698644531576,2,,,2,,,0,0,0,0,0,0,0.000662298428699359,0.000623322456883568,""
"Federal Republic of Somalia",2012,"Harmonized","VARX",21,9,0.06635,"ok","",1.0720839901383,2,,,2,,,0,0,0,0,0,0,0.000814151611633562,0.00678020255925349,""
"Federated States of Micronesia",2012,"Harmonized","VARX",21,9,0.55797,"ok","",1.08548490445705,2,,,2,,,0,0,0,0,0,0,0.000417329073833295,0.00181983728087631,""
"Federative Republic of Brazil",2012,"Harmonized","VARX",21,9,0.61262,"ok","",0.977699568054417,2,,,2,,,0,0,0,0,0,0,0.00136552523405131,0.0033684316584297,""
"French Republic",2012,"Harmonized","VARX",21,9,0.80962,"ok","",1.02269937189988,2,,,2,,,0,0,0,0,0,0,0.000199283490591617,0.106498360871386,""
"Gabonese Republic",2012,"Harmonized","VARX",21,9,0.56684,"ok","",0.992819795769575,2,,,2,,,0,0,0,0,0,0,0.0142848220486342,0.0055849183883715,""
"Georgia",2012,"Harmonized","VARX",21,9,0.68552,"ok","",1.00751067976097,2,,,2,,,0,0,0,0,0,0,0.00066426760971261,0.00234794956542239,""
"Grand Duchy of Luxembourg",2012,"Harmonized","VARX",21,9,0.85979,"ok","",1.02515032297574,2,,,2,,,0,0,0,0,0,0,0.000999118172941738,0.157860289251812,""
"Greenland",2012,"Harmonized","VARX",21,9,0.81168,"ok","",1.04104135224028,2,,,2,,,0,0,0,0,0,0,0.108629619200233,0.118893552867256,""
"Grenada",2012,"Harmonized","VARX",21,9,0.62498,"ok","",1.04644703307928,2,,,2,,,0,0,0,0,0,0,0.00144325783010679,0.0128852054123165,""
"Guam",2012,"Harmonized","VARX",21,9,0.76685,"ok","",0.924042347784266,2,,,2,,,0,0,0,0,0,0,0.0562146213500984,0.0263772577125059,""
"Hashemite Kingdom of Jordan",2012,"Harmonized","VARX",21,9,0.67457,"ok","",1.13273303146579,2,,,2,,,0,0,0,0,0,0,0.00142148969042111,0.00402092217475591,""
"Hellenic Republic",2012,"Harmonized","VARX",21,9,0.78079,"ok","",0.976429434111045,2,,,2,,,0,0,0,0,0,0,0.176724462542588,0.0149137440176728,""
"Hungary",2012,"Harmonized","VARX",21,9,0.77078,"ok","",0.985048047559447,2,,,2,,,0,0,0,0,0,0,0.0119920660387542,0.00746567807566179,""
"Independent State of Papua New Guinea",2012,"Harmonized","VARX",21,9,0.38678,"ok","",1.04622268857018,2,,,2,,,0,0,0,0,0,0,0.00192570873476183,0.00586101703529729,""
"Independent State of Samoa",2012,"Harmonized","VARX",21,9,0.56532,"ok","",0.986412698616381,2,,,2,,,0,0,0,0,0,0,0.0120096533447784,0.00444157925385358,""
"Ireland",2012,"Harmonized","VARX",21,9,0.83533,"ok","",1.1402729911502,2,,,2,,,0,0,0,0,0,0,0.000761961132331068,0.000491624631663301,""
"Islamic Republic of Afghanistan",2012,"Harmonized","VARX",21,9,0.26648,"ok","",1.28122081745085,2,,,2,,,0,0,0,0,0,0,0.000124916373100969,0.0609275562681294,""
"Islamic Republic of Iran",2012,"Harmonized","VARX",21,9,0.6515,"ok","",0.965761951502536,2,,,2,,,0,0,0,0,0,0,0.000729466673312085,0.000431758419061512,""
"Islamic Republic of Mauritania",2012,"Harmonized","VARX",21,9,0.43472,"ok","",1.07875894912051,2,,,2,,,0,0,0,0,0,0,6.37596114816397e-06,0.00171643574372005,""
"Islamic Republic of Pakistan",2012,"Harmonized","VARX",21,9,0.4471,"ok","",0.97315424013289,2,,,2,,,0,0,0,0,0,0,0.000177405302723033,0.00018634256672434,""
"Jamaica",2012,"Harmonized","VARX",21,9,0.65058,"ok","",1.11812292714638,2,,,2,,,0,0,0,0,0,0,0.0193324565657775,0.0943376876628882,""
"Japan",2012,"Harmonized","VARX",21,9,0.84906,"ok","",0.991311012096378,2,,,2,,,0,0,0,0,0,0,0.0355748779563121,0.00071540566102879,""
"Kingdom of Bahrain",2012,"Harmonized","VARX",21,9,0.71036,"ok","",0.966423443458103,2,,,2,,,0,0,0,0,0,0,0.0095770775633861,0.000158383837096987,""
"Kingdom of Belgium",2012,"Harmonized","VARX",21,9,0.82423,"ok","",1.06891978250964,2,,,2,,,0,0,0,0,0,0,0.0700009889051738,0.00335836489927333,""
"Kingdom of Bhutan",2012,"Harmonized","VARX",21,9,0.41944,"ok","",1.09874500367302,2,,,2,,,0,0,0,0,0,0,0.0267067206185126,0.00122421201981726,""
"Kingdom of Cambodia",2012,"Harmonized","VARX",21,9,0.42177,"ok","",0.931183902112692,2,,,2,,,0,0,0,0,0,0,0.0438482277120962,0.015628438242932,""
"Kingdom of Denmark",2012,"Harmonized","VARX",21,9,0.87252,"ok","",0.985003674537941,2,,,2,,,0,0,0,0,0,0,0.0550962088933357,0.117872825632808,""
"Kingdom of Eswatini",2012,"Harmonized","VARX",21,9,0.5378,"ok","",1.02091489614666,2,,,2,,,0,0,0,0,0,0,5.41542466123701e-05,7.47382640138294e-05,""
"Kingdom of Lesotho",2012,"Harmonized","VARX",21,9,0.46042,"ok","",1.00252796091733,2,,,2,,,0,0,0,0,0,0,0.00367607212873644,0.183431686670978,""
"Kingdom of Morocco",2012,"Harmonized","VARX",21,9,0.4916,"ok","",1.01955857702101,2,,,2,,,0,0,0,0,0,0,0.00121628333611934,0.0658508564158562,""
"Kingdom of Norway",2012,"Harmonized","VARX",21,9,0.88816,"ok","",0.981013425674404,2,,,2,,,0,0,0,0,0,0,0.000797351684332148,0.0054169981757386,""
"Kingdom of Saudi Arabia",2012,"Harmonized","VARX",21,9,0.75905,"ok","",0.780363287596598,2,,,2,,,0,0,0,0,0,0,0.00646419464165726,0.000629387401445136,""
"Kingdom of Spain",2012,"Harmonized","VARX",21,9,0.74518,"ok","",0.931538157087018,2,,,2,,,0,0,0,0,0,0,0.0267007633947731,4.58044558016013e-06,""
"Kingdom of Sweden",2012,"Harmonized","VARX",21,9,0.86471,"ok","",1.18907358180013,2,,,2,,,0,0,0,0,0,0,0.00771656479609462,0.0686744207598993,""
"Kingdom of Thailand",2012,"Harmonized","VARX",21,9,0.63841,"ok","",1.01338513041879,2,,,2,,,0,0,0,0,0,0,0.0453242769484271,0.0158937154888148,""
"Kingdom of Tonga",2012,"Harmonized","VARX",21,9,0.58477,"ok","",1.02571957912659,2,,,2,,,0,0,0,0,0,0,0.000707150448139515,0.0129683029555591,""
"Kingdom of the Netherlands",2012,"Harmonized","VARX",21,9,0.86695,"ok","",1.14071070188205,2,,,2,,,0,0,0,0,0,0,0.179819342891131,0.00226973222421245,""
"Kyrgyz Republic",2012,"Harmonized","VARX",21,9,0.56154,"ok","",1.05904642075157,2,,,2,,,0,0,0,0,0,0,0.0702871613810176,0.000628223615566803,""
"Lao People's Democratic Republic",2012,"Harmonized","VARX",21,9,0.43115,"ok","",1.05911385435205,2,,,2,,,0,0,0,0,0,0,0.00150160832595081,0.00110530027381728,""
"Lebanese Republic",2012,"Harmonized","VARX",21,9,0.69391,"ok","",0.965625873665002,2,,,2,,,0,0,0,0,0,0,0.00228812222884311,0.000800584570701868,""
"Malaysia",2012,"Harmonized","VARX",21,9,0.69966,"ok","",0.988706142573736,2,,,2,,,0,0,0,0,0,0,0.0295346143741447,0.000108032868945451,""
"Mongolia",2012,"Harmonized","VARX",21,9,0.58326,"ok","",0.97161176085795,2,,,2,,,0,0,0,0,0,0,0.00159679482504826,0.00124083205299408,""
"Montenegro",2012,"Harmonized","VARX",21,9,0.75558,"ok","",1.02321822781813,2,,,2,,,0,0,0,0,0,0,0.0622441175520956,0.0174699902767793,""
"New Zealand",2012,"Harmonized","VARX",21,9,0.81496,"ok","",0.925480367478659,2,,,2,,,0,0,0,0,0,0,0.014958973393855,0.000194070440238892,""
"North Macedonia",2012,"Harmonized","VARX",21,9,0.71517,"ok","",1.01958454247388,2,,,2,,,0,0,0,0,0,0,0.385159613921878,6.22224503354918e-05,""
"Northern Mariana Islands",2012,"Harmonized","VARX",21,9,0.74294,"ok","",0.921460357933112,2,,,2,,,0,0,0,0,0,0,6.46913894419843e-06,0.0287281788524175,""
"Palestine",2012,"Harmonized","VARX",21,9,0.5483,"ok","",0.908841263519724,2,,,2,,,0,0,0,0,0,0,0.012699220060996,0.141668526938274,""
"People's Democratic Republic of Algeria",2012,"Harmonized","VARX",21,9,0.6127,"ok","",1.02720698167487,2,,,2,,,0,0,0,0,0,0,0.0183696003433615,0.0141382362240063,""
"People's Republic of Bangladesh",2012,"Harmonized","VARX",21,9,0.39062,"ok","",1.03664840027462,2,,,2,,,0,0,0,0,0,0,0.000268858157217666,0.0105651610734949,""
"People's Republic of China",2012,"Harmonized","VARX",21,9,0.65714,"ok","",0.952946660501009,2,,,2,,,0,0,0,0,0,0,4.39192304541036e-05,0.00026026780569044,""
"Plurinational State of Bolivia",2012,"Harmonized","VARX",21,9,0.54862,"ok","",0.961852331100099,2,,,2,,,0,0,0,0,0,0,0.106415487841277,0.0004666518770573,""
"Portuguese Republic",2012,"Harmonized","VARX",21,9,0.7158,"ok","",1.02470320599555,2,,,2,,,0,0,0,0,0,0,0.0042564178023663,0.00438519856584718,""
"Principality of Andorra",2012,"Harmonized","VARX",21,9,0.84581,"ok","",1.24051668972602,2,,,2,,,0,0,0,0,0,0,0.790375765057198,0.753642803914913,""
"Principality of Monaco",2012,"Harmonized","VARX",21,9,0.89307,"ok","",0.901052973726433,2,,,2,,,0,0,0,0,0,0,0.0786449283416841,0.0196811762606015,""
"Puerto Rico",2012,"Harmonized","VARX",21,9,0.77231,"ok","",1.19654658201194,2,,,2,,,0,0,0,0,0,0,0.0118681950347918,0.15972921381332,""
"Republic of Albania",2012,"Harmonized","VARX",21,9,0.66356,"ok","",1.01109934025128,2,,,2,,,0,0,0,0,0,0,0.00121478370764605,0.00372663958026043,""
"Republic of Angola",2012,"Harmonized","VARX",21,9,0.38789,"ok","",1.0239008069345,2,,,2,,,0,0,0,0,0,0,0.00022633946008932,0.00121610881526923,""
"Republic of Armenia",2012,"Harmonized","VARX",21,9,0.66483,"ok","",0.936944434718044,2,,,2,,,0,0,0,0,0,0,0.00490022918248534,0.0021097594392393,""
"Republic of Austria",2012,"Harmonized","VARX",21,9,0.83111,"ok","",1.23446993197965,2,,,2,,,0,0,0,0,0,0,0.142892078687498,0.00914818561754283,""
"Republic of Azerbaijan",2012,"Harmonized","VARX",21,9,0.6629,"ok","",1.33070886521793,2,,,2,,,0,0,0,0,0,0,0.000155231305780212,0.00814763695506149,""
"Republic of Belarus",2012,"Harmonized","VARX",21,9,0.74347,"ok","",1.0212191518965,2,,,2,,,0,0,0,0,0,0,0.00211118710277569,0.00119530897567954,""
"Republic of Benin",2012,"Harmonized","VARX",21,9,0.31337,"ok","",0.999465160586941,2,,,2,,,0,0,0,0,0,0,0.00023014865180615,9.55652729609513e-05,""
"Republic of Botswana",2012,"Harmonized","VARX",21,9,0.59774,"ok","",0.95419531913022,2,,,2,,,0,0,0,0,0,0,0.000229909576728304,0.000542750734031094,""
"Republic of Bulgaria",2012,"Harmonized","VARX",21,9,0.73918,"ok","",1.09987740031306,2,,,2,,,0,0,0,0,0,0,0.0388267325749455,0.000724521605431683,""
"Republic of Burundi",2012,"Harmonized","VARX",21,9,0.25157,"ok","",1.12024638372121,2,,,2,,,0,0,0,0,0,0,0.0096812707080568,0.121527949533863,""
"Republic of Cabo Verde",2012,"Harmonized","VARX",21,9,0.47286,"ok","",1.05691416430736,2,,,2,,,0,0,0,0,0,0,0.0186829207515725,0.00582974575859541,""
"Republic of Cameroon",2012,"Harmonized","VARX",21,9,0.40858,"ok","",1.01534699671563,2,,,2,,,0,0,0,0,0,0,0.000167892506129697,0.000359312238873311,""
"Republic of Chad",2012,"Harmonized","VARX",21,9,0.19526,"ok","",1.05149172089588,2,,,2,,,0,0,0,0,0,0,0.0138537172689143,7.66968598087114e-05,""
"Republic of Chile",2012,"Harmonized","VARX",21,9,0.71474,"ok","",1.09844192773532,2,,,2,,,0,0,0,0,0,0,2.60135734091449e-05,0.000243282619345253,""
"Republic of Colombia",2012,"Harmonized","VARX",21,9,0.60025,"ok","",0.961062679546965,2,,,2,,,0,0,0,0,0,0,0.000138999494722847,0.000197729733403484,""
"Republic of Costa Rica",2012,"Harmonized","VARX",21,9,0.64657,"ok","",0.980649131745757,2,,,2,,,0,0,0,0,0,0,0.654208925205984,0.0251049453165395,""
"Republic of Croatia",2012,"Harmonized","VARX",21,9,0.76741,"ok","",1.05045607326772,2,,,2,,,0,0,0,0,0,0,0.046045410006442,0.0873161802892747,""
"Republic of Cuba",2012,"Harmonized","VARX",21,9,0.62616,"ok","",1.08996928188791,2,,,2,,,0,0,0,0,0,0,8.0693331240278e-06,0.00577507185426229,""
"Republic of Cyprus",2012,"Harmonized","VARX",21,9,0.81698,"ok","",1.03494579437985,2,,,2,,,0,0,0,0,0,0,0.0245809116344264,0.00401670086794226,""
"Republic of Côte d'Ivoire",2012,"Harmonized","VARX",21,9,0.36783,"ok","",1.08091685576891,2,,,2,,,0,0,0,0,0,0,0.00213489417625756,0.101944200737204,""
"Republic of Djibouti",2012,"Harmonized","VARX",21,9,0.42771,"ok","",1.01143840428379,2,,,2,,,0,0,0,0,0,0,0.0221394644242741,0.00166455504731999,""
"Republic of Ecuador",2012,"Harmonized","VARX",21,9,0.60545,"ok","",1.08082769116086,2,,,2,,,0,0,0,0,0,0,0.0117348820845136,0.00102926515004342,""
"Republic of El Salvador",2012,"Harmonized","VARX",21,9,0.5134,"ok","",1.02054364258111,2,,,2,,,0,0,0,0,0,0,0.00176916424987683,6.97881418565416e-06,""
"Republic of Equatorial Guinea",2012,"Harmonized","VARX",21,9,0.58183,"ok","",1.01210932630496,2,,,2,,,0,0,0,0,0,0,0.000739865330024014,0.00295178666304752,""
"Republic of Estonia",2012,"Harmonized","VARX",21,9,0.81111,"ok","",1.1257576566462,2,,,2,,,0,0,0,0,0,0,0.325996669774231,0.000175063930113351,""
"Republic of Fiji",2012,"Harmonized","VARX",21,9,0.62988,"ok","",1.00084538961717,2,,,2,,,0,0,0,0,0,0,0.00170898085261206,0.00127948704277292,""
"Republic of Finland",2012,"Harmonized","VARX",21,9,0.83143,"ok","",0.961051508579066,2,,,2,,,0,0,0,0,0,0,0.000159956068164213,0.0234333715071191,""
"Republic of Ghana",2012,"Harmonized","VARX",21,9,0.49751,"ok","",0.986736713337873,2,,,2,,,0,0,0,0,0,0,0.0406793354319858,0.00109010646404417,""
"Republic of Guatemala",2012,"Harmonized","VARX",21,9,0.48186,"ok","",1.24917639250191,2,,,2,,,0,0,0,0,0,0,0.00784022271359675,0.00118927363220322,""
"Republic of Guinea",2012,"Harmonized","VARX",21,9,0.27343,"ok","",1.04954028301353,2,,,2,,,0,0,0,0,0,0,6.30339324304563e-05,0.0437326061145481,""
"Republic of Guinea-Bissau",2012,"Harmonized","VARX",21,9,0.30156,"ok","",0.977968673015643,2,,,2,,,0,0,0,0,0,0,6.85501489705587e-05,8.39686768971948e-06,""
"Republic of Guyana",2012,"Harmonized","VARX",21,9,0.59134,"ok","",1.00090206390975,2,,,2,,,0,0,0,0,0,0,0.00879846409178908,0.000364398246655795,""
"Republic of Haiti",2012,"Harmonized","VARX",21,9,0.42002,"ok","",1.06061464412457,2,,,2,,,0,0,0,0,0,0,0.000343389470744526,0.000526265211705401,""
"Republic of Honduras",2012,"Harmonized","VARX",21,9,0.46493,"ok","",1.04620121911508,2,,,2,,,0,0,0,0,0,0,0.00508659031824521,0.00036575509086223,""
"Republic of Iceland",2012,"Harmonized","VARX",21,9,0.8473,"ok","",1.05041748608802,2,,,2,,,0,0,0,0,0,0,0.0018953064104662,2.87337185530534e-05,""
"Republic of India",2012,"Harmonized","VARX",21,9,0.48721,"ok","",1.02818565653058,2,,,2,,,0,0,0,0,0,0,0.00782751248545555,0.00158587748266892,""
"Republic of Indonesia",2012,"Harmonized","VARX",21,9,0.60119,"ok","",1.07963751417403,2,,,2,,,0,0,0,0,0,0,0.000950003934983901,0.00541454533350028,""
"Republic of Iraq",2012,"Harmonized","VARX",21,9,0.56475,"ok","",1.24190913956164,2,,,2,,,0,0,0,0,0,0,0.00861251993999534,0.00470822330967835,""
"Republic of Italy",2012,"Harmonized","VARX",21,9,0.78309,"ok","",1.1069006832302,2,,,2,,,0,0,0,0,0,0,6.58819157952628e-05,0.0244082987713693,""
"Republic of Kazakhstan",2012,"Harmonized","VARX",21,9,0.69531,"ok","",0.922034477508004,2,,,2,,,0,0,0,0,0,0,0.00148196649219312,0.00299018806275242,""
"Republic of Kenya",2012,"Harmonized","VARX",21,9,0.44867,"ok","",1.01521261758391,2,,,2,,,0,0,0,0,0,0,0.00970221687877149,0.000227383550210791,""
"Republic of Kiribati",2012,"Harmonized","VARX",21,9,0.48818,"ok","",1.0026228439675,2,,,2,,,0,0,0,0,0,0,6.75103087492968e-05,1.38710974515455e-05,""
"Republic of Korea",2012,"Harmonized","VARX",21,9,0.85114,"ok","",0.994514299562074,2,,,2,,,0,0,0,0,0,0,0.00379626169589597,4.97743748432145e-05,""
"Republic of Latvia",2012,"Harmonized","VARX",21,9,0.80103,"ok","",1.00436515363825,2,,,2,,,0,0,0,0,0,0,0.00139631963773457,0.0143258503421021,""
"Republic of Liberia",2012,"Harmonized","VARX",21,9,0.29485,"ok","",1.23037052198673,2,,,2,,,0,0,0,0,0,0,0.118996412486756,0.0016995262317302,""
"Republic of Lithuania",2012,"Harmonized","VARX",21,9,0.80783,"ok","",1.0731588341779,2,,,2,,,0,0,0,0,0,0,0.0266462042779582,0.000416052634564346,""
"Republic of Madagascar",2012,"Harmonized","VARX",21,9,0.32995,"ok","",1.17309382830233,2,,,2,,,0,0,0,0,0,0,0.0432449467071987,0.0427188916516801,""
"Republic of Malawi",2012,"Harmonized","VARX",21,9,0.3092,"ok","",1.1278613990872,2,,,2,,,0,0,0,0,0,0,0.00450700539120574,0.000487441186614812,""
"Republic of Maldives",2012,"Harmonized","VARX",21,9,0.59695,"ok","",0.924772120198276,2,,,2,,,0,0,0,0,0,0,0.0144291016037883,0.00328824837813324,""
"Republic of Mali",2012,"Harmonized","VARX",21,9,0.21247,"ok","",1.19801185073629,2,,,2,,,0,0,0,0,0,0,0.016403085271964,0.0142059001724847,""
"Republic of Malta",2012,"Harmonized","VARX",21,9,0.76454,"ok","",1.06549894604015,2,,,2,,,0,0,0,0,0,0,0.00147450668648308,3.15104886635664e-05,""
"Republic of Mauritius",2012,"Harmonized","VARX",21,9,0.67313,"ok","",0.945857791549214,2,,,2,,,0,0,0,0,0,0,0.00394807103007899,0.00948161255553692,""
"Republic of Moldova",2012,"Harmonized","VARX",21,9,0.68298,"ok","",1.08236176545917,2,,,2,,,0,0,0,0,0,0,0.0125628250518377,1.42752483955899e-06,""
"Republic of Mozambique",2012,"Harmonized","VARX",21,9,0.25832,"ok","",1.08155437679591,2,,,2,,,0,0,0,0,0,0,0.134936622050185,3.61762289224909e-06,""
"Republic of Namibia",2012,"Harmonized","VARX",21,9,0.56698,"ok","",1.03617375288655,2,,,2,,,0,0,0,0,0,0,5.70997182435251e-05,0.00852408197113574,""
"Republic of Nauru",2012,"Harmonized","VARX",21,9,0.54989,"ok","",0.981890614412968,2,,,2,,,0,0,0,0,0,0,0.000425968542003941,0.00474608288346545,""
"Republic of Nicaragua",2012,"Harmonized","VARX",21,9,0.4813,"ok","",0.905329608785605,2,,,2,,,0,0,0,0,0,0,0.0599280658462684,0.000505723106139389,""
"Republic of Niue",2012,"Harmonized","VARX",21,9,0.69415,"ok","",1.01186840918028,2,,,2,,,0,0,0,0,0,0,0.0262391100852757,0.0501420352024904,""
"Republic of Palau",2012,"Harmonized","VARX",21,9,0.72961,"ok","",0.99622009028996,2,,,2,,,0,0,0,0,0,0,7.33790302630544e-05,0.18968572435932,""
"Republic of Panama",2012,"Harmonized","VARX",21,9,0.63426,"ok","",1.10693159309514,2,,,2,,,0,0,0,0,0,0,0.0389878810126044,0.00068782635003517,""
"Republic of Paraguay",2012,"Harmonized","VARX",21,9,0.58065,"ok","",1.02275096441703,2,,,2,,,0,0,0,0,0,0,0.0601334510658065,0.000277128981491459,""
"Republic of Peru",2012,"Harmonized","VARX",21,9,0.61936,"ok","",1.11378977852839,2,,,2,,,0,0,0,0,0,0,0.000108563681156637,0.00143755720757277,""
"Republic of Poland",2012,"Harmonized","VARX",21,9,0.77468,"ok","",0.8969592929563,2,,,2,,,0,0,0,0,0,0,0.00735188675760201,0.000296652715967238,""
"Republic of Rwanda",2012,"Harmonized","VARX",21,9,0.36641,"ok","",1.05843642260287,2,,,2,,,0,0,0,0,0,0,0.0259510191051779,0.00391167306442664,""
"Republic of San Marino",2012,"Harmonized","VARX",21,9,0.88292,"ok","",1.11770833325435,2,,,2,,,0,0,0,0,0,0,7.21275037566249e-05,0.140458936797476,""
"Republic of Senegal",2012,"Harmonized","VARX",21,9,0.34298,"ok","",0.954094899195462,2,,,2,,,0,0,0,0,0,0,0.00217213502159042,0.00116825338510929,""
"Republic of Serbia",2012,"Harmonized","VARX",21,9,0.75711,"ok","",1.25230175716936,2,,,2,,,0,0,0,0,0,0,0.000156756725437135,0.00962114269566683,""
"Republic of Seychelles",2012,"Harmonized","VARX",21,9,0.68763,"ok","",0.999992692691978,2,,,2,,,0,0,0,0,0,0,0.00047363334283157,0.00607540804925644,""
"Republic of Sierra Leone",2012,"Harmonized","VARX",21,9,0.29034,"ok","",0.859908273311182,2,,,2,,,0,0,0,0,0,0,7.17281854664131e-05,2.57741121251209e-05,""
"Republic of Singapore",2012,"Harmonized","VARX",21,9,0.83739,"ok","",0.991604725716064,2,,,2,,,0,0,0,0,0,0,0.0538510940706388,0.00374396833409318,""
"Republic of Slovenia",2012,"Harmonized","VARX",21,9,0.82434,"ok","",0.930657844824011,2,,,2,,,0,0,0,0,0,0,0.0189904724887398,0.00923905475337716,""
"Republic of South Africa",2012,"Harmonized","VARX",21,9,0.64472,"ok","",1.07964067017036,2,,,2,,,0,0,0,0,0,0,0.0960305251474589,0.000575005765291681,""
"Republic of South Sudan",2012,"Harmonized","VARX",21,9,0.27507,"ok","",0.980831713187382,2,,,2,,,0,0,0,0,0,0,0.00608573155821612,0.000309529901925232,""
"Republic of Sudan",2012,"Harmonized","VARX",21,9,0.45679,"ok","",1.0647105196622,2,,,2,,,0,0,0,0,0,0,0.0035680915110996,0.000794377139525015,""
"Republic of Suriname",2012,"Harmonized","VARX",21,9,0.60474,"ok","",1.00752222358597,2,,,2,,,0,0,0,0,0,0,0.00343207299168191,0.0154960159462131,""
"Republic of Tajikistan",2012,"Harmonized","VARX",21,9,0.50395,"ok","",1.03848951965593,2,,,2,,,0,0,0,0,0,0,9.06649603097387e-05,0.0038572588682958,""
"Republic of Trinidad and Tobago",2012,"Harmonized","VARX",21,9,0.74,"ok","",1.66125358710138,2,,,2,,,0,0,0,0,0,0,0.0891074049630561,0.0310920217849053,""
"Republic of Tunisia",2012,"Harmonized","VARX",21,9,0.63758,"ok","",0.920353471036372,2,,,2,,,0,0,0,0,0,0,0.000165901349865272,0.000183214952009902,""
"Republic of Turkey",2012,"Harmonized","VARX",21,9,0.6341,"ok","",1.15973876696408,2,,,2,,,0,0,0,0,0,0,0.00092290307235332,0.000273144925400093,""
"Republic of Uganda",2012,"Harmonized","VARX",21,9,0.34536,"ok","",0.965087327628209,2,,,2,,,0,0,0,0,0,0,0.00166736743602125,0.000157946598264291,""
"Republic of Uzbekistan",2012,"Harmonized","VARX",21,9,0.6262,"ok","",1.05889591895288,2,,,2,,,0,0,0,0,0,0,1.89737355974495e-05,0.00711855057231336,""
"Republic of Vanuatu",2012,"Harmonized","VARX",21,9,0.43866,"ok","",1.01260293078868,2,,,2,,,0,0,0,0,0,0,0.000138659720212875,0.0017140077239125,""
"Republic of Yemen",2012,"Harmonized","VARX",21,9,0.40956,"ok","",1.07391317226695,2,,,2,,,0,0,0,0,0,0,0.00242996422875119,0.39419990787546,""
"Republic of Zambia",2012,"Harmonized","VARX",21,9,0.41457,"ok","",1.39997523223993,2,,,2,,,0,0,0,0,0,0,0.000806399353223242,0.013692297662407,""
"Republic of Zimbabwe",2012,"Harmonized","VARX",21,9,0.42575,"ok","",1.12028866960909,2,,,2,,,0,0,0,0,0,0,4.61443270238782e-06,0.013158534357481,""
"Republic of the Congo",2012,"Harmonized","VARX",21,9,0.52293,"ok","",0.893286460472017,2,,,2,,,0,0,0,0,0,0,0.0339392647372239,0.056098997311395,""
"Republic of the Gambia",2012,"Harmonized","VARX",21,9,0.35837,"ok","",0.996678161169942,2,,,2,,,0,0,0,0,0,0,5.57164990290238e-05,0.000142397331701405,""
"Republic of the Marshall Islands",2012,"Harmonized","VARX",21,9,0.52604,"ok","",0.999316812451779,2,,,2,,,0,0,0,0,0,0,0.00111440533835128,0.0135055389204177,""
"Republic of the Niger",2012,"Harmonized","VARX",21,9,0.13447,"ok","",0.990487552191075,2,,,2,,,0,0,0,0,0,0,0.0165731542511635,0.174352502885072,""
"Republic of the Philippines",2012,"Harmonized","VARX",21,9,0.58377,"ok","",1.05532863795925,2,,,2,,,0,0,0,0,0,0,0.0164842867515236,3.52795302633879e-05,""
"Republic of the Union of Myanmar",2012,"Harmonized","VARX",21,9,0.47534,"ok","",1.41243646892494,2,,,2,,,0,0,0,0,0,0,0.0642685654102024,0.00516033323081899,""
"Romania",2012,"Harmonized","VARX",21,9,0.73389,"ok","",0.97699215532601,2,,,2,,,0,0,0,0,0,0,3.57355480687938e-05,0.0153374197894708,""
"Russian Federation",2012,"Harmonized","VARX",21,9,0.77192,"ok","",1.070579575763,2,,,2,,,0,0,0,0,0,0,0.00166917809927991,0.0101027595487819,""
"Saint Kitts and Nevis",2012,"Harmonized","VARX",21,9,0.72344,"ok","",1.01390849582081,2,,,2,,,0,0,0,0,0,0,0.000285466566840364,0.325379528415276,""
"Saint Lucia",2012,"Harmonized","VARX",21,9,0.64157,"ok","",1.07782913354263,2,,,2,,,0,0,0,0,0,0,0.0169682644720233,7.72224793802456e-05,""
"Saint Vincent and the Grenadines",2012,"Harmonized","VARX",21,9,0.59215,"ok","",1.02503610585234,2,,,2,,,0,0,0,0,0,0,0.233150398105626,0.111953111858879,""
"Slovak Republic",2012,"Harmonized","VARX",21,9,0.79546,"ok","",1.00998153853399,2,,,2,,,0,0,0,0,0,0,0.000148935313581178,0.000765346126820998,""
"Socialist Republic of Viet Nam",2012,"Harmonized","VARX",21,9,0.57508,"ok","",1.01871947009007,2,,,2,,,0,0,0,0,0,0,0.0449092385585201,0.10101774437006,""
"Solomon Islands",2012,"Harmonized","VARX",21,9,0.393,"ok","",1.00170709436101,2,,,2,,,0,0,0,0,0,0,0.000358724955952572,0.000355372937060894,""
"State of Eritrea",2012,"Harmonized","VARX",21,9,0.36011,"ok","",0.997477970109185,2,,,2,,,0,0,0,0,0,0,7.73999831322758e-05,0.00493024505624273,""
"State of Israel",2012,"Harmonized","VARX",21,9,0.7804,"ok","",1.66511880678497,2,,,2,,,0,0,0,0,1,0,0.000551939970598103,0.0917481780570492,""
"State of Kuwait",2012,"Harmonized","VARX",21,9,0.79836,"ok","",1.11951507251542,2,,,2,,,0,0,0,0,0,0,0.0121880167137638,0.00589864770004644,""
"State of Libya",2012,"Harmonized","VARX",21,9,0.7167,"ok","",1.0611705452286,2,,,2,,,0,0,0,0,0,0,0.000436424428661875,0.00907399917672336,""
"State of Qatar",2012,"Harmonized","VARX",21,9,0.79349,"ok","",0.960153502728433,2,,,2,,,0,0,0,0,0,0,0.00177186706267574,0.000209897962891503,""
"Sultanate of Oman",2012,"Harmonized","VARX",21,9,0.72645,"ok","",1.05115707558111,2,,,2,,,0,0,0,0,0,0,0.204868042237247,0.0568224379293206,""
"Swiss Confederation",2012,"Harmonized","VARX",21,9,0.91571,"ok","",0.966672145137951,2,,,2,,,0,0,0,0,0,0,0.000126354349969771,0.00042621171006707,""
"Syrian Arab Republic",2012,"Harmonized","VARX",21,9,0.60287,"ok","",1.10418779360676,2,,,2,,,0,0,0,0,0,0,0.0610614330122566,0.0759935991187307,""
"Taiwan (Province of China)",2012,"Harmonized","VARX",21,9,0.83668,"ok","",1.01961558254668,2,,,2,,,0,0,0,0,0,0,8.91426380100757e-06,0.0289699485127011,""
"Togolese Republic",2012,"Harmonized","VARX",21,9,0.34632,"ok","",0.945572595178715,2,,,2,,,0,0,0,0,0,0,0.007505958254724,0.0180535079656444,""
"Tokelau",2012,"Harmonized","VARX",21,9,0.64161,"ok","",0.96941229150683,2,,,2,,,0,0,0,0,0,0,0.0405336383571073,0.0231327442854246,""
"Turkmenistan",2012,"Harmonized","VARX",21,9,0.63526,"ok","",0.875590135423964,2,,,2,,,0,0,0,0,0,0,0.0142152595230891,0.00160381607759386,""
"Tuvalu",2012,"Harmonized","VARX",21,9,0.5312,"ok","",0.928537199737278,2,,,2,,,0,0,0,0,0,0,0.000334403222383095,0.00141227231963326,""
"Ukraine",2012,"Harmonized","VARX",21,9,0.72882,"ok","",1.23642979679909,2,,,2,,,0,0,0,0,0,0,0.0256984068118459,0.058065510331922,""
"Union of the Comoros",2012,"Harmonized","VARX",21,9,0.42673,"ok","",1.14894921774772,2,,,2,,,0,0,0,0,0,0,0.155728864695934,0.000130282241778135,""
"United Arab Emirates",2012,"Harmonized","VARX",21,9,0.83359,"ok","",1.0641029452316,2,,,2,,,0,0,0,0,0,0,0.0670004860756509,0.00031365693826535,""
"United Kingdom of Great Britain and Northern Ireland",2012,"Harmonized","VARX",21,9,0.82645,"ok","",1.30671355265288,2,,,2,,,0,0,0,0,0,0,0.0229413232045588,0.00303633792311953,""
"United Mexican States",2012,"Harmonized","VARX",21,9,0.60891,"ok","",1.00845991705959,2,,,2,,,0,0,0,0,0,0,1.70025379937488e-05,0.00259957349270545,""
"United Republic of Tanzania",2012,"Harmonized","VARX",21,9,0.37041,"ok","",1.26076144380162,2,,,2,,,0,0,0,0,0,0,0.0289428731202546,0.000200062872127038,""
"United States Virgin Islands",2012,"Harmonized","VARX",21,9,0.80109,"ok","",1.03000868957941,2,,,2,,,0,0,0,0,0,0,0.00563500868802158,0.0052000670755411,""
"United States of America",2012,"Harmonized","VARX",21,9,0.83396,"ok","",0.908865606813492,2,,,2,,,0,0,0,0,0,0,0.0231867461586015,0.162855059382327,""
"American Samoa",2012,"Harmonized","ARIMAX",21,9,0.68086,"ok","",,2,0,1,2,0,1,0,0,0,0,0,0,0.84845324409989,0.503966773550347,""
"Antigua and Barbuda",2012,"Harmonized","ARIMAX",21,9,0.71951,"ok","",,4,0,0,2,0,2,0,0,0,0,0,0,0.108820634784866,0.321347304771202,""
"Arab Republic of Egypt",2012,"Harmonized","ARIMAX",21,9,0.50916,"ok","",,0,0,0,2,0,1,0,0,0,0,0,0,1.63667279284851e-07,0.126322268220459,""
"Argentine Republic",2012,"Harmonized","ARIMAX",21,9,0.67922,"ok","",,1,0,0,1,0,0,0,0,0,0,0,0,0.00207989001173425,0.000273205899372075,""
"Australia",2012,"Harmonized","ARIMAX",21,9,0.81164,"ok","",,4,0,0,2,0,1,0,0,0,0,0,0,0.847273750815607,0.11684459771628,""
"Barbados",2012,"Harmonized","ARIMAX",21,9,0.72416,"ok","",,2,0,2,2,0,0,0,0,0,0,0,0,0.552520151708794,0.251830035099096,""
"Belize",2012,"Harmonized","ARIMAX",21,9,0.56846,"ok","",,1,0,0,2,0,2,0,0,0,0,0,0,0.0108439803699526,0.243941447628238,""
"Bermuda",2012,"Harmonized","ARIMAX",21,9,0.79748,"ok","",,4,0,0,2,0,1,0,0,0,0,0,0,0.0300142137218563,0.164438123248979,""
"Bolivarian Republic of Venezuela",2012,"Harmonized","ARIMAX",21,9,0.61019,"ok","",,2,0,0,2,0,1,0,0,0,0,0,0,0.0165194534543852,0.173523760944982,""
"Bosnia and Herzegovina",2012,"Harmonized","ARIMAX",21,9,0.68951,"ok","",,2,0,0,0,0,0,0,0,0,0,0,0,0.0623855258862701,7.64096718008922e-07,""
"Brunei Darussalam",2012,"Harmonized","ARIMAX",21,9,0.78022,"ok","",,1,0,0,1,0,0,0,0,0,0,0,0,7.77803998546212e-05,0.00200203759336859,""
"Burkina Faso",2012,"Harmonized","ARIMAX",21,9,0.23259,"ok","",,3,0,0,2,0,0,0,0,0,0,0,0,0.488074399075958,0.626705064130913,""
"Canada",2012,"Harmonized","ARIMAX",21,9,0.85098,"ok","",,4,0,0,4,0,1,0,0,0,0,0,0,0.186827785326223,0.174666513831791,""
"Central African Republic",2012,"Harmonized","ARIMAX",21,9,0.29046,"ok","",,2,0,1,2,0,2,0,0,0,0,0,0,0.351288319635715,0.476406883703255,""
"Commonwealth of Dominica",2012,"Harmonized","ARIMAX",21,9,0.70687,"ok","",,4,0,0,2,0,0,0,0,0,0,0,0,0.047026598074239,0.000779996008021255,""
"Commonwealth of the Bahamas",2012,"Harmonized","ARIMAX",21,9,0.78184,"ok","",,2,0,2,4,0,0,0,0,0,0,0,0,0.705074816381298,0.590399365299094,""
"Cook Islands",2012,"Harmonized","ARIMAX",21,9,0.72696,"ok","",,2,0,0,1,0,0,0,0,0,0,0,0,0.0737188220543433,1.46033952717062e-05,""
"Czech Republic",2012,"Harmonized","ARIMAX",21,9,0.81423,"ok","",,3,0,1,3,0,2,0,0,0,0,0,0,0.0383542631481855,0.22455632730796,""
"Democratic People's Republic of Korea",2012,"Harmonized","ARIMAX",21,9,0.54533,"ok","",,4,0,0,3,0,1,0,0,0,0,0,0,0.641793001023502,0.264649485689097,""
"Democratic Republic of Sao Tome and Principe",2012,"Harmonized","ARIMAX",21,9,0.42572,"ok","",,2,0,2,2,0,0,0,0,0,0,0,0,0.71466784815679,5.01262045844442e-05,""
"Democratic Republic of Timor-Leste",2012,"Harmonized","ARIMAX",21,9,0.40891,"ok","",,3,0,0,2,0,2,0,0,0,0,0,0,0.637936647199903,0.0810073488341194,""
"Democratic Republic of the Congo",2012,"Harmonized","ARIMAX",21,9,0.30045,"ok","",,2,2,0,3,1,0,0,0,0,0,0,0,0.766924245287562,0.999746147225441,""
"Democratic Socialist Republic of Sri Lanka",2012,"Harmonized","ARIMAX",21,9,0.64805,"ok","",,2,0,1,2,0,2,0,0,0,0,0,0,0.209657137395758,0.215200772735692,""
"Dominican Republic",2012,"Harmonized","ARIMAX",21,9,0.57897,"ok","",,2,0,0,2,0,2,0,0,0,0,0,0,0.00635047953751533,0.423980572722466,""
"Eastern Republic of Uruguay",2012,"Harmonized","ARIMAX",21,9,0.6658,"ok","",,2,0,0,2,0,2,0,0,0,0,0,0,0.252736534311432,0.544760641992006,""
"Federal Democratic Republic of Ethiopia",2012,"Harmonized","ARIMAX",21,9,0.27901,"ok","",,2,0,2,3,0,0,0,0,0,0,0,0,0.575785945164903,0.315343076519784,""
"Federal Democratic Republic of Nepal",2012,"Harmonized","ARIMAX",21,9,0.37244,"ok","",,3,0,0,3,0,1,0,0,0,0,0,0,0.976153545856009,0.859400790847305,""
"Federal Republic of Germany",2012,"Harmonized","ARIMAX",21,9,0.88366,"ok","",,2,0,0,2,0,1,0,0,0,0,0,0,0.328795736121493,0.358277430515564,""
"Federal Republic of Nigeria",2012,"Harmonized","ARIMAX",21,9,0.43178,"ok","",,4,0,0,2,0,0,0,0,0,0,0,0,0.684915402559154,0.0154959332284648,""
"Federal Republic of Somalia",2012,"Harmonized","ARIMAX",21,9,0.06635,"ok","",,3,0,1,2,0,2,0,0,0,0,0,0,0.752550405692471,0.599512369586494,""
"Federated States of Micronesia",2012,"Harmonized","ARIMAX",21,9,0.55797,"ok","",,4,0,0,2,0,1,0,0,0,0,0,0,0.232887149281588,0.686524369157583,""
"Federative Republic of Brazil",2012,"Harmonized","ARIMAX",21,9,0.61262,"ok","",,4,0,0,2,0,2,0,0,0,0,0,0,0.069474729809482,0.223756875898826,""
"French Republic",2012,"Harmonized","ARIMAX",21,9,0.80962,"ok","",,3,0,0,3,0,0,0,0,0,0,0,0,0.00226445732007996,0.526674182412047,""
"Gabonese Republic",2012,"Harmonized","ARIMAX",21,9,0.56684,"ok","",,2,0,0,1,0,0,0,0,0,0,0,0,0.0484755545096519,5.77051725987321e-05,""
"Georgia",2012,"Harmonized","ARIMAX",21,9,0.68552,"ok","",,2,2,0,2,2,0,0,0,0,0,0,0,0.753409877142624,0.811917061623351,""
"Grand Duchy of Luxembourg",2012,"Harmonized","ARIMAX",21,9,0.85979,"ok","",,2,0,2,2,0,1,0,0,0,0,0,0,0.54517796268058,0.748326857650597,""
"Greenland",2012,"Harmonized","ARIMAX",21,9,0.81168,"ok","",,2,0,2,2,0,0,0,0,0,0,0,0,0.857899692213769,0.569323533059837,""
"Grenada",2012,"Harmonized","ARIMAX",21,9,0.62498,"ok","",,4,0,0,2,0,2,0,0,0,0,0,0,0.232415428522011,0.479860794683283,""
"Guam",2012,"Harmonized","ARIMAX",21,9,0.76685,"ok","",,1,0,0,4,0,0,0,0,0,0,0,0,0.00642549065813791,0.586036205957685,""
"Hashemite Kingdom of Jordan",2012,"Harmonized","ARIMAX",21,9,0.67457,"ok","",,2,0,2,1,0,0,0,0,0,0,0,0,0.274202242382597,0.00268031835789961,""
"Hellenic Republic",2012,"Harmonized","ARIMAX",21,9,0.78079,"ok","",,4,0,0,4,0,0,0,0,0,0,0,0,0.312349578067216,0.584863093729076,""
"Hungary",2012,"Harmonized","ARIMAX",21,9,0.77078,"ok","",,2,0,0,2,0,0,0,0,0,0,0,0,0.304499513368348,0.739444092156827,""
"Independent State of Papua New Guinea",2012,"Harmonized","ARIMAX",21,9,0.38678,"ok","",,2,0,2,2,0,1,0,0,0,0,0,0,0.919768438640136,0.647483792409879,""
"Independent State of Samoa",2012,"Harmonized","ARIMAX",21,9,0.56532,"ok","",,2,0,1,2,0,0,0,0,0,0,0,0,0.90019862736592,0.441621288682942,""
"Ireland",2012,"Harmonized","ARIMAX",21,9,0.83533,"ok","",,2,0,2,0,0,0,0,0,0,0,0,0,0.892210161334006,0.00197364152589996,""
"Islamic Republic of Afghanistan",2012,"Harmonized","ARIMAX",21,9,0.26648,"ok","",,4,0,0,2,0,0,0,0,0,0,0,0,0.0919662505957753,0.595464963800845,""
"Islamic Republic of Iran",2012,"Harmonized","ARIMAX",21,9,0.6515,"ok","",,2,0,1,2,0,0,0,0,0,0,0,0,0.0445536046888536,0.0176198889411063,""
"Islamic Republic of Mauritania",2012,"Harmonized","ARIMAX",21,9,0.43472,"ok","",,2,0,1,4,0,0,0,0,0,0,0,0,0.489553562343096,0.341412652510875,""
"Islamic Republic of Pakistan",2012,"Harmonized","ARIMAX",21,9,0.4471,"ok","",,4,0,0,1,0,0,0,0,0,0,0,0,0.155197528901891,1.13055177521915e-05,""
"Jamaica",2012,"Harmonized","ARIMAX",21,9,0.65058,"ok","",,2,0,1,2,0,2,0,0,0,0,0,0,0.377171936126375,0.262322205879842,""
"Japan",2012,"Harmonized","ARIMAX",21,9,0.84906,"ok","",,2,0,1,0,0,0,0,0,0,0,0,0,0.724819153574044,2.31937139416605e-05,""
"Kingdom of Bahrain",2012,"Harmonized","ARIMAX",21,9,0.71036,"ok","",,3,0,0,1,0,0,0,0,0,0,0,0,0.00787742431527017,1.35493283259791e-09,""
"Kingdom of Belgium",2012,"Harmonized","ARIMAX",21,9,0.82423,"ok","",,2,0,2,1,0,0,0,0,0,0,0,0,0.166354746479767,0.00260141201175013,""
"Kingdom of Bhutan",2012,"Harmonized","ARIMAX",21,9,0.41944,"ok","",,4,0,0,2,0,2,0,0,0,0,0,0,0.907513101215006,0.0721032664331562,""
"Kingdom of Cambodia",2012,"Harmonized","ARIMAX",21,9,0.42177,"ok","",,4,0,0,2,0,1,0,0,0,0,0,0,0.365336074198054,0.362886067212858,""
"Kingdom of Denmark",2012,"Harmonized","ARIMAX",21,9,0.87252,"ok","",,3,0,0,4,0,0,0,0,0,0,0,0,0.235278513210021,0.510199939659923,""
"Kingdom of Eswatini",2012,"Harmonized","ARIMAX",21,9,0.5378,"ok","",,2,0,0,2,0,2,0,0,0,0,0,0,0.000253654929971203,0.0801461139462062,""
"Kingdom of Lesotho",2012,"Harmonized","ARIMAX",21,9,0.46042,"ok","",,2,0,1,1,0,0,0,0,0,0,0,0,0.530950799732563,0.0679281155420346,""
"Kingdom of Morocco",2012,"Harmonized","ARIMAX",21,9,0.4916,"ok","",,2,0,2,4,0,0,0,0,0,0,0,0,0.185565382751476,0.377537200311639,""
"Kingdom of Norway",2012,"Harmonized","ARIMAX",21,9,0.88816,"ok","",,2,0,0,2,0,1,0,0,0,0,0,0,0.559948588748422,0.0060039005636694,""
"Kingdom of Saudi Arabia",2012,"Harmonized","ARIMAX",21,9,0.75905,"ok","",,2,0,0,3,0,1,0,0,0,0,0,0,0.00858168202212728,0.0318659967621682,""
"Kingdom of Spain",2012,"Harmonized","ARIMAX",21,9,0.74518,"ok","",,1,0,0,3,0,0,0,0,0,0,0,0,5.90254536991797e-06,0.0195066681426762,""
"Kingdom of Sweden",2012,"Harmonized","ARIMAX",21,9,0.86471,"ok","",,2,0,2,1,0,0,0,0,0,0,0,0,0.959962942761819,0.136412040822122,""
"Kingdom of Thailand",2012,"Harmonized","ARIMAX",21,9,0.63841,"ok","",,4,0,0,1,0,0,0,0,0,0,0,0,0.305516446577584,6.82655484363082e-08,""
"Kingdom of Tonga",2012,"Harmonized","ARIMAX",21,9,0.58477,"ok","",,2,0,1,1,0,0,0,0,0,0,0,0,0.213225557270528,5.92606653440075e-05,""
"Kingdom of the Netherlands",2012,"Harmonized","ARIMAX",21,9,0.86695,"ok","",,4,0,0,3,0,1,0,0,0,0,0,0,0.979591751809638,0.88982768307273,""
"Kyrgyz Republic",2012,"Harmonized","ARIMAX",21,9,0.56154,"ok","",,1,0,0,1,0,0,0,0,0,0,0,0,0.0239638635968835,0.000171978165740549,""
"Lao People's Democratic Republic",2012,"Harmonized","ARIMAX",21,9,0.43115,"ok","",,3,0,1,3,0,1,0,0,0,0,0,0,0.647175604229018,0.826279324810736,""
"Lebanese Republic",2012,"Harmonized","ARIMAX",21,9,0.69391,"ok","",,4,0,0,2,0,2,0,0,0,0,0,0,0.241960698907228,0.709477417611158,""
"Malaysia",2012,"Harmonized","ARIMAX",21,9,0.69966,"ok","",,3,0,1,3,0,1,0,0,0,0,0,0,0.924978021331919,0.75235328237884,""
"Mongolia",2012,"Harmonized","ARIMAX",21,9,0.58326,"ok","",,2,0,2,2,0,2,0,0,0,0,0,0,0.468704961378213,0.0895311301431487,""
"Montenegro",2012,"Harmonized","ARIMAX",21,9,0.75558,"ok","",,2,0,0,2,0,0,0,0,0,0,0,0,0.00875658275352842,0.018630955812149,""
"New Zealand",2012,"Harmonized","ARIMAX",21,9,0.81496,"ok","",,2,0,2,2,0,1,0,0,0,0,0,0,0.275506727170986,0.672325542316102,""
"North Macedonia",2012,"Harmonized","ARIMAX",21,9,0.71517,"ok","",,3,0,1,3,0,1,0,0,0,0,0,0,0.0714081142798496,0.769882399183525,""
"Northern Mariana Islands",2012,"Harmonized","ARIMAX",21,9,0.74294,"ok","",,0,2,0,2,2,0,0,0,0,0,0,0,0.657160906059368,0.886229848078982,""
"Palestine",2012,"Harmonized","ARIMAX",21,9,0.5483,"ok","",,2,0,1,4,0,0,0,0,0,0,0,0,0.216672839205232,0.283289844042433,""
"People's Democratic Republic of Algeria",2012,"Harmonized","ARIMAX",21,9,0.6127,"ok","",,3,0,0,1,0,0,0,0,0,0,0,0,0.182944253698243,0.000774213304347904,""
"People's Republic of Bangladesh",2012,"Harmonized","ARIMAX",21,9,0.39062,"ok","",,4,0,0,1,0,0,0,0,0,0,0,0,0.555900115367468,0.000217802302214132,""
"People's Republic of China",2012,"Harmonized","ARIMAX",21,9,0.65714,"ok","",,4,0,0,4,0,0,0,0,0,0,0,0,0.379023146533703,0.435753598900714,""
"Plurinational State of Bolivia",2012,"Harmonized","ARIMAX",21,9,0.54862,"ok","",,4,0,0,2,0,1,0,0,0,0,0,0,0.103518886422441,0.0131501512327524,""
"Portuguese Republic",2012,"Harmonized","ARIMAX",21,9,0.7158,"ok","",,4,0,0,3,0,1,0,0,0,0,0,0,0.643857780617071,0.94242232052426,""
"Principality of Andorra",2012,"Harmonized","ARIMAX",21,9,0.84581,"ok","",,2,0,0,2,0,0,0,0,0,0,0,0,0.805790336930451,0.94713475597506,""
"Principality of Monaco",2012,"Harmonized","ARIMAX",21,9,0.89307,"ok","",,3,0,0,0,0,0,0,0,0,0,0,0,0.192508444837298,1.36929108311978e-05,""
"Puerto Rico",2012,"Harmonized","ARIMAX",21,9,0.77231,"ok","",,4,0,0,3,0,1,0,0,0,0,0,0,0.13280851663482,0.968919107946765,""
"Republic of Albania",2012,"Harmonized","ARIMAX",21,9,0.66356,"ok","",,1,0,0,4,0,0,0,0,0,0,0,0,4.33329278790584e-05,0.209853667070935,""
"Republic of Angola",2012,"Harmonized","ARIMAX",21,9,0.38789,"ok","",,2,0,0,2,0,1,0,0,0,0,0,0,0.0117130409799159,0.516902016078836,""
"Republic of Armenia",2012,"Harmonized","ARIMAX",21,9,0.66483,"ok","",,2,0,0,2,0,0,0,0,0,0,0,0,0.287597467161235,0.177305644847729,""
"Republic of Austria",2012,"Harmonized","ARIMAX",21,9,0.83111,"ok","",,3,0,0,2,0,0,0,0,0,0,0,0,0.264935053518515,0.0687654913588831,""
"Republic of Azerbaijan",2012,"Harmonized","ARIMAX",21,9,0.6629,"ok","",,2,2,0,4,0,0,0,0,0,0,0,0,0.928564977929197,0.335293895550671,""
"Republic of Belarus",2012,"Harmonized","ARIMAX",21,9,0.74347,"ok","",,3,0,1,3,0,0,0,0,0,0,0,0,0.811135131020738,0.100198834681963,""
"Republic of Benin",2012,"Harmonized","ARIMAX",21,9,0.31337,"ok","",,2,0,1,2,0,0,0,0,0,0,0,0,0.220439495710367,0.00480153600600353,""
"Republic of Botswana",2012,"Harmonized","ARIMAX",21,9,0.59774,"ok","",,2,0,2,0,0,0,0,0,0,0,0,0,0.431459548608602,4.28594940993232e-06,""
"Republic of Bulgaria",2012,"Harmonized","ARIMAX",21,9,0.73918,"ok","",,1,0,0,1,0,0,0,0,0,0,0,0,0.000912819470800685,0.000978391462135852,""
"Republic of Burundi",2012,"Harmonized","ARIMAX",21,9,0.25157,"ok","",,2,0,0,1,0,0,0,0,0,0,0,0,0.000222769012631963,0.000223760550867036,""
"Republic of Cabo Verde",2012,"Harmonized","ARIMAX",21,9,0.47286,"ok","",,3,0,1,3,0,0,0,0,0,0,0,0,0.571035455061185,0.0237362194516163,""
"Republic of Cameroon",2012,"Harmonized","ARIMAX",21,9,0.40858,"ok","",,2,0,0,2,0,2,0,0,0,0,0,0,0.0558618713729129,0.29075809821983,""
"Republic of Chad",2012,"Harmonized","ARIMAX",21,9,0.19526,"ok","",,2,0,2,2,0,2,0,0,0,0,0,0,0.40833209594153,0.655944803756509,""
"Republic of Chile",2012,"Harmonized","ARIMAX",21,9,0.71474,"ok","",,4,0,0,1,0,0,0,0,0,0,0,0,0.754758250282429,0.000111375421562032,""
"Republic of Colombia",2012,"Harmonized","ARIMAX",21,9,0.60025,"ok","",,2,0,1,3,0,0,0,0,0,0,0,0,0.78124989587646,0.0780392166686202,""
"Republic of Costa Rica",2012,"Harmonized","ARIMAX",21,9,0.64657,"ok","",,3,0,0,2,0,1,0,0,0,0,0,0,0.826625173439749,0.779841597919318,""
"Republic of Croatia",2012,"Harmonized","ARIMAX",21,9,0.76741,"ok","",,4,0,0,2,0,0,0,0,0,0,0,0,0.651187017594863,0.129102271070733,""
"Republic of Cuba",2012,"Harmonized","ARIMAX",21,9,0.62616,"ok","",,1,0,0,1,0,0,0,0,0,0,0,0,0.223378827431819,0.0167648532332126,""
"Republic of Cyprus",2012,"Harmonized","ARIMAX",21,9,0.81698,"ok","",,2,0,2,1,0,0,0,0,0,0,0,0,0.756032537571199,0.00059128100057726,""
"Republic of Côte d'Ivoire",2012,"Harmonized","ARIMAX",21,9,0.36783,"ok","",,3,0,0,1,0,0,0,0,0,0,0,0,0.0093425114679101,0.0134076485919643,""
"Republic of Djibouti",2012,"Harmonized","ARIMAX",21,9,0.42771,"ok","",,2,0,0,1,0,0,0,0,0,0,0,0,0.112593276782499,5.65733709173566e-05,""
"Republic of Ecuador",2012,"Harmonized","ARIMAX",21,9,0.60545,"ok","",,2,0,1,4,0,0,0,0,0,0,0,0,0.0615122042630687,0.199015452454341,""
"Republic of El Salvador",2012,"Harmonized","ARIMAX",21,9,0.5134,"ok","",,2,0,2,2,0,0,0,0,0,0,0,0,0.394061058201995,3.08247964875275e-05,""
"Republic of Equatorial Guinea",2012,"Harmonized","ARIMAX",21,9,0.58183,"ok","",,4,0,0,2,0,2,0,0,0,0,0,0,0.122251391105955,0.26500790527449,""
"Republic of Estonia",2012,"Harmonized","ARIMAX",21,9,0.81111,"ok","",,2,0,0,3,0,1,0,0,0,0,0,0,0.271258768880104,0.716849514064902,""
"Republic of Fiji",2012,"Harmonized","ARIMAX",21,9,0.62988,"ok","",,3,0,0,2,0,2,0,0,0,0,0,0,0.576201511907167,0.507484051704655,""
"Republic of Finland",2012,"Harmonized","ARIMAX",21,9,0.83143,"ok","",,2,0,2,2,0,1,0,0,0,0,0,0,0.699521978372585,0.828128395063297,""
"Republic of Ghana",2012,"Harmonized","ARIMAX",21,9,0.49751,"ok","",,2,0,0,2,0,2,0,0,0,0,0,0,0.139816274272059,0.758120454213195,""
"Republic of Guatemala",2012,"Harmonized","ARIMAX",21,9,0.48186,"ok","",,3,0,0,1,0,0,0,0,0,0,0,0,0.00519898736373037,9.40425680551193e-07,""
"Republic of Guinea",2012,"Harmonized","ARIMAX",21,9,0.27343,"ok","",,2,0,2,2,0,1,0,0,0,0,0,0,0.848900942715555,0.485661104360009,""
"Republic of Guinea-Bissau",2012,"Harmonized","ARIMAX",21,9,0.30156,"ok","",,2,0,0,2,0,1,0,0,0,0,0,0,0.0601627239604193,0.76372383443506,""
"Republic of Guyana",2012,"Harmonized","ARIMAX",21,9,0.59134,"ok","",,4,0,0,1,0,0,0,0,0,0,0,0,0.0383321543752928,1.57534969336126e-06,""
"Republic of Haiti",2012,"Harmonized","ARIMAX",21,9,0.42002,"ok","",,4,0,0,2,0,2,0,0,0,0,0,0,0.191057615932492,0.507731439776346,""
"Republic of Honduras",2012,"Harmonized","ARIMAX",21,9,0.46493,"ok","",,2,0,1,2,0,1,0,0,0,0,0,0,0.356739669748136,0.0783160661063049,""
"Republic of Iceland",2012,"Harmonized","ARIMAX",21,9,0.8473,"ok","",,2,0,0,1,0,0,0,0,0,0,0,0,0.000218672038501344,0.000196352407103584,""
"Republic of India",2012,"Harmonized","ARIMAX",21,9,0.48721,"ok","",,4,0,1,4,0,0,0,0,0,0,0,0,0.85516081758846,0.68428871438076,""
"Republic of Indonesia",2012,"Harmonized","ARIMAX",21,9,0.60119,"ok","",,3,0,0,3,0,1,0,0,0,0,0,0,0.254819207986792,0.511132973497633,""
"Republic of Iraq",2012,"Harmonized","ARIMAX",21,9,0.56475,"ok","",,1,0,0,4,0,0,0,0,0,0,0,0,0.00520823762704936,0.649093062819776,""
"Republic of Italy",2012,"Harmonized","ARIMAX",21,9,0.78309,"ok","",,1,0,0,3,0,0,0,0,0,0,0,0,5.50477278427053e-07,0.0146061547357044,""
"Republic of Kazakhstan",2012,"Harmonized","ARIMAX",21,9,0.69531,"ok","",,3,0,0,2,0,2,0,0,0,0,0,0,0.0781909304782138,0.125145774574055,""
"Republic of Kenya",2012,"Harmonized","ARIMAX",21,9,0.44867,"ok","",,2,0,1,3,0,0,0,0,0,0,0,0,0.276588751390231,0.0336448698309427,""
"Republic of Kiribati",2012,"Harmonized","ARIMAX",21,9,0.48818,"ok","",,3,0,0,3,0,0,0,0,0,0,0,0,0.0151374884549328,0.641543690778438,""
"Republic of Korea",2012,"Harmonized","ARIMAX",21,9,0.85114,"ok","",,3,0,1,2,0,1,0,0,0,0,0,0,0.672973801411156,0.00461621629802367,""
"Republic of Latvia",2012,"Harmonized","ARIMAX",21,9,0.80103,"ok","",,2,0,2,3,0,0,0,0,0,0,0,0,0.105524393728743,0.0594879661325256,""
"Republic of Liberia",2012,"Harmonized","ARIMAX",21,9,0.29485,"ok","",,1,0,0,4,0,0,0,0,0,0,0,0,0.00403198825350704,0.887928981018196,""
"Republic of Lithuania",2012,"Harmonized","ARIMAX",21,9,0.80783,"ok","",,0,0,0,2,0,2,0,0,0,0,0,0,1.20672677001998e-05,0.833041527577646,""
"Republic of Madagascar",2012,"Harmonized","ARIMAX",21,9,0.32995,"ok","",,3,0,2,4,0,0,0,0,0,0,0,0,0.602945591126726,0.702001790788827,""
"Republic of Malawi",2012,"Harmonized","ARIMAX",21,9,0.3092,"ok","",,3,0,1,3,0,1,0,0,0,0,0,0,0.696839694526453,0.862764658439468,""
"Republic of Maldives",2012,"Harmonized","ARIMAX",21,9,0.59695,"ok","",,2,0,2,1,0,0,0,0,0,0,0,0,0.468737385363972,1.98003040630113e-08,""
"Republic of Mali",2012,"Harmonized","ARIMAX",21,9,0.21247,"ok","",,4,0,0,0,0,0,0,0,0,0,0,0,0.664938040835424,0.0019916140466173,""
"Republic of Malta",2012,"Harmonized","ARIMAX",21,9,0.76454,"ok","",,3,0,0,2,0,1,0,0,0,0,0,0,0.515878886643876,0.204363268663254,""
"Republic of Mauritius",2012,"Harmonized","ARIMAX",21,9,0.67313,"ok","",,2,0,0,2,0,1,0,0,0,0,0,0,0.852505169061192,0.219599647364623,""
"Republic of Moldova",2012,"Harmonized","ARIMAX",21,9,0.68298,"ok","",,2,0,2,1,0,0,0,0,0,0,0,0,0.486290266304083,6.29587732265957e-05,""
"Republic of Mozambique",2012,"Harmonized","ARIMAX",21,9,0.25832,"ok","",,2,0,1,2,0,0,0,0,0,0,0,0,0.428701196536847,0.00281708183066398,""
"Republic of Namibia",2012,"Harmonized","ARIMAX",21,9,0.56698,"ok","",,2,0,1,2,0,0,0,0,0,0,0,0,0.0715187574220716,0.156240454483866,""
"Republic of Nauru",2012,"Harmonized","ARIMAX",21,9,0.54989,"ok","",,2,2,0,2,1,1,0,0,0,0,0,0,0.736446524195314,0.999982859100123,""
"Republic of Nicaragua",2012,"Harmonized","ARIMAX",21,9,0.4813,"ok","",,3,0,0,2,0,3,0,0,0,0,0,0,0.87216684693967,0.98514558951703,""
"Republic of Niue",2012,"Harmonized","ARIMAX",21,9,0.69415,"ok","",,2,0,2,4,0,0,0,0,0,0,0,0,0.798306363607005,0.235016658746052,""
"Republic of Palau",2012,"Harmonized","ARIMAX",21,9,0.72961,"ok","",,2,0,1,2,0,1,0,0,0,0,0,0,0.922554169474479,0.123490589623061,""
"Republic of Panama",2012,"Harmonized","ARIMAX",21,9,0.63426,"ok","",,1,0,0,1,0,0,0,0,0,0,0,0,0.000839492588077584,2.6556455644533e-06,""
"Republic of Paraguay",2012,"Harmonized","ARIMAX",21,9,0.58065,"ok","",,4,0,0,2,0,0,0,0,0,0,0,0,0.412860389517546,0.00239610820273428,""
"Republic of Peru",2012,"Harmonized","ARIMAX",21,9,0.61936,"ok","",,2,0,2,4,0,0,0,0,0,0,0,0,0.331092576775273,0.57206173808192,""
"Republic of Poland",2012,"Harmonized","ARIMAX",21,9,0.77468,"ok","",,2,0,1,4,0,0,0,0,0,0,0,0,0.436101188591528,0.588097960943028,""
"Republic of Rwanda",2012,"Harmonized","ARIMAX",21,9,0.36641,"ok","",,2,0,1,2,0,0,0,0,0,0,0,0,0.740317143058276,0.690766185715701,""
"Republic of San Marino",2012,"Harmonized","ARIMAX",21,9,0.88292,"ok","",,2,0,1,2,0,1,0,0,0,0,0,0,0.350567274769971,0.168259278856795,""
"Republic of Senegal",2012,"Harmonized","ARIMAX",21,9,0.34298,"ok","",,4,0,0,3,0,1,0,0,0,0,0,0,0.937433043056628,0.714933803117867,""
"Republic of Serbia",2012,"Harmonized","ARIMAX",21,9,0.75711,"ok","",,2,0,1,2,0,1,0,0,0,0,0,0,0.280915067417531,0.827096011215764,""
"Republic of Seychelles",2012,"Harmonized","ARIMAX",21,9,0.68763,"ok","",,2,0,0,1,0,0,0,0,0,0,0,0,0.00229410525493234,5.88373092548222e-05,""
"Republic of Sierra Leone",2012,"Harmonized","ARIMAX",21,9,0.29034,"ok","",,2,0,0,0,0,0,0,0,0,0,0,0,0.238596336280737,4.4583611491511e-07,""
"Republic of Singapore",2012,"Harmonized","ARIMAX",21,9,0.83739,"ok","",,3,0,0,4,0,0,0,0,0,0,0,0,0.58709664539523,0.921481029459098,""
"Republic of Slovenia",2012,"Harmonized","ARIMAX",21,9,0.82434,"ok","",,4,0,0,1,0,0,0,0,0,0,0,0,0.771095486687569,5.39852396119755e-09,""
"Republic of South Africa",2012,"Harmonized","ARIMAX",21,9,0.64472,"ok","",,4,0,0,0,0,0,0,0,0,0,0,0,0.729830670560205,0.000603128899755001,""
"Republic of South Sudan",2012,"Harmonized","ARIMAX",21,9,0.27507,"ok","",,2,0,1,2,0,2,0,0,0,0,0,0,0.371775089860532,0.262716218959843,""
"Republic of Sudan",2012,"Harmonized","ARIMAX",21,9,0.45679,"ok","",,2,0,1,2,0,2,0,0,0,0,0,0,0.723920575883617,0.185549285949602,""
"Republic of Suriname",2012,"Harmonized","ARIMAX",21,9,0.60474,"ok","",,1,0,0,2,0,1,0,0,0,0,0,0,0.154564151915051,0.484895470467563,""
"Republic of Tajikistan",2012,"Harmonized","ARIMAX",21,9,0.50395,"ok","",,1,2,0,2,2,0,0,0,0,0,0,0,0.578803242929867,0.759069181234042,""
"Republic of Trinidad and Tobago",2012,"Harmonized","ARIMAX",21,9,0.74,"ok","",,3,0,0,3,0,0,0,0,0,0,0,0,0.0350342008212737,0.362199883924423,""
"Republic of Tunisia",2012,"Harmonized","ARIMAX",21,9,0.63758,"ok","",,3,0,0,3,0,1,0,0,0,0,0,0,0.0993448608495899,0.78407094693958,""
"Republic of Turkey",2012,"Harmonized","ARIMAX",21,9,0.6341,"ok","",,3,0,1,2,0,1,0,0,0,0,0,0,0.497114845463376,0.0884338167668015,""
"Republic of Uganda",2012,"Harmonized","ARIMAX",21,9,0.34536,"ok","",,3,0,1,2,0,2,0,0,0,0,0,0,0.526436871803938,0.732407458164915,""
"Republic of Uzbekistan",2012,"Harmonized","ARIMAX",21,9,0.6262,"ok","",,2,0,2,3,0,0,0,0,0,0,0,0,0.849638292759208,0.137872913617302,""
"Republic of Vanuatu",2012,"Harmonized","ARIMAX",21,9,0.43866,"ok","",,2,0,1,3,0,0,0,0,0,0,0,0,0.323587937825615,0.256569238973328,""
"Republic of Yemen",2012,"Harmonized","ARIMAX",21,9,0.40956,"ok","",,1,0,0,4,0,0,0,0,0,0,0,0,0.0104783216413006,0.0441535213429257,""
"Republic of Zambia",2012,"Harmonized","ARIMAX",21,9,0.41457,"ok","",,4,0,0,2,0,1,0,0,0,0,0,0,0.913407134716913,0.0717420183665327,""
"Republic of Zimbabwe",2012,"Harmonized","ARIMAX",21,9,0.42575,"ok","",,2,2,0,3,0,1,0,0,0,0,0,0,0.872890079831051,0.943841335221019,""
"Republic of the Congo",2012,"Harmonized","ARIMAX",21,9,0.52293,"ok","",,2,0,0,2,0,3,0,0,0,0,0,0,0.517217893648956,0.985855643963728,""
"Republic of the Gambia",2012,"Harmonized","ARIMAX",21,9,0.35837,"ok","",,3,0,0,4,0,0,0,0,0,0,0,0,0.108415808871691,0.752051072275588,""
"Republic of the Marshall Islands",2012,"Harmonized","ARIMAX",21,9,0.52604,"ok","",,4,0,0,2,0,2,0,0,0,0,0,0,0.568145821641072,0.968535794583576,""
"Republic of the Niger",2012,"Harmonized","ARIMAX",21,9,0.13447,"ok","",,2,0,0,2,0,0,0,0,0,0,0,0,0.075971746512702,0.0158473171669089,""
"Republic of the Philippines",2012,"Harmonized","ARIMAX",21,9,0.58377,"ok","",,2,0,2,2,0,0,0,0,0,0,0,0,0.849832840733989,0.000645690930436982,""
"Republic of the Union of Myanmar",2012,"Harmonized","ARIMAX",21,9,0.47534,"ok","",,2,0,1,3,0,1,0,0,0,0,0,0,0.809159129155984,0.938652641093826,""
"Romania",2012,"Harmonized","ARIMAX",21,9,0.73389,"ok","",,2,0,1,2,0,1,0,0,0,0,0,0,0.132374224659333,0.366679403377863,""
"Russian Federation",2012,"Harmonized","ARIMAX",21,9,0.77192,"ok","",,3,0,0,2,0,2,0,0,0,0,0,0,0.0222113186051983,0.693433793832358,""
"Saint Kitts and Nevis",2012,"Harmonized","ARIMAX",21,9,0.72344,"ok","",,2,0,0,2,0,1,0,0,0,0,0,0,0.0499254670817418,0.0211071095751776,""
"Saint Lucia",2012,"Harmonized","ARIMAX",21,9,0.64157,"ok","",,4,0,0,1,0,0,0,0,0,0,0,0,0.137371708598355,0.00200531572322304,""
"Saint Vincent and the Grenadines",2012,"Harmonized","ARIMAX",21,9,0.59215,"ok","",,2,0,2,2,0,0,0,0,0,0,0,0,0.014837499370442,0.0966071572186514,""
"Slovak Republic",2012,"Harmonized","ARIMAX",21,9,0.79546,"ok","",,3,0,0,1,0,0,0,0,0,0,0,0,0.48784033794706,1.68491387508851e-09,""
"Socialist Republic of Viet Nam",2012,"Harmonized","ARIMAX",21,9,0.57508,"ok","",,2,0,2,2,0,2,0,0,0,0,0,0,0.18049115934566,0.0708307543047723,""
"Solomon Islands",2012,"Harmonized","ARIMAX",21,9,0.393,"ok","",,4,0,0,2,0,1,0,0,0,0,0,0,0.753090570371767,0.691303490650583,""
"State of Eritrea",2012,"Harmonized","ARIMAX",21,9,0.36011,"ok","",,2,0,0,2,0,0,0,0,0,0,0,0,0.148677525640073,0.442633632420422,""
"State of Israel",2012,"Harmonized","ARIMAX",21,9,0.7804,"ok","",,2,0,0,1,0,0,0,0,0,0,0,0,0.11041155283062,0.00122526490472774,""
"State of Kuwait",2012,"Harmonized","ARIMAX",21,9,0.79836,"ok","",,3,0,0,2,0,1,0,0,0,0,0,0,0.431663833121522,0.41533663106407,""
"State of Libya",2012,"Harmonized","ARIMAX",21,9,0.7167,"ok","",,4,0,0,2,0,0,0,0,0,0,0,0,0.120699449797337,0.309381775136091,""
"State of Qatar",2012,"Harmonized","ARIMAX",21,9,0.79349,"ok","",,1,0,0,2,0,1,0,0,0,0,0,0,0.0624196235371886,0.576912291889425,""
"Sultanate of Oman",2012,"Harmonized","ARIMAX",21,9,0.72645,"ok","",,4,0,0,2,0,1,0,0,0,0,0,0,0.564519660967579,0.570441388859559,""
"Swiss Confederation",2012,"Harmonized","ARIMAX",21,9,0.91571,"ok","",,4,0,0,2,0,2,0,0,0,0,0,0,0.493727253833164,0.535225291525061,""
"Syrian Arab Republic",2012,"Harmonized","ARIMAX",21,9,0.60287,"ok","",,3,0,1,2,0,0,0,0,0,0,0,0,0.0565239591921296,0.240353722846891,""
"Taiwan (Province of China)",2012,"Harmonized","ARIMAX",21,9,0.83668,"ok","",,2,0,1,2,0,1,0,0,0,0,0,0,0.86927580983696,0.334848235940987,""
"Togolese Republic",2012,"Harmonized","ARIMAX",21,9,0.34632,"ok","",,2,0,0,2,0,2,0,0,0,0,0,0,0.000794085586528603,0.12860758938791,""
"Tokelau",2012,"Harmonized","ARIMAX",21,9,0.64161,"ok","",,2,0,0,2,0,1,0,0,0,0,0,0,0.96057744523671,0.207837629708618,""
"Turkmenistan",2012,"Harmonized","ARIMAX",21,9,0.63526,"ok","",,1,0,0,2,0,1,0,0,0,0,0,0,0.239078360600594,0.696874497458997,""
"Tuvalu",2012,"Harmonized","ARIMAX",21,9,0.5312,"ok","",,2,0,0,2,0,2,0,0,0,0,0,0,0.637176628327436,0.534500689495344,""
"Ukraine",2012,"Harmonized","ARIMAX",21,9,0.72882,"ok","",,1,0,0,1,0,0,0,0,0,0,0,0,2.90751532162625e-05,0.105772306212209,""
"Union of the Comoros",2012,"Harmonized","ARIMAX",21,9,0.42673,"ok","",,3,0,1,2,0,1,0,0,0,0,0,0,0.810557609917384,0.751967919402467,""
"United Arab Emirates",2012,"Harmonized","ARIMAX",21,9,0.83359,"ok","",,2,0,2,1,0,0,0,0,0,0,0,0,0.182057447897986,0.000274246192050409,""
"United Kingdom of Great Britain and Northern Ireland",2012,"Harmonized","ARIMAX",21,9,0.82645,"ok","",,2,0,1,2,0,2,0,0,0,0,0,0,0.697094150355657,0.763052979861644,""
"United Mexican States",2012,"Harmonized","ARIMAX",21,9,0.60891,"ok","",,3,0,0,2,0,1,0,0,0,0,0,0,0.949252546978895,0.591696286656117,""
"United Republic of Tanzania",2012,"Harmonized","ARIMAX",21,9,0.37041,"ok","",,2,0,1,1,0,0,0,0,0,0,0,0,0.614236783155563,0.0220980950079663,""
"United States Virgin Islands",2012,"Harmonized","ARIMAX",21,9,0.80109,"ok","",,2,0,1,4,0,1,0,0,0,0,0,0,0.643688163764929,0.733219533340368,""
"United States of America",2012,"Harmonized","ARIMAX",21,9,0.83396,"ok","",,2,0,0,3,0,1,0,0,0,0,0,0,0.0661755679969803,0.862103171134227,""
"American Samoa",2012,"Benchmark","Persistence",21,9,0.68086,"ok","",,,,,,,,0,0,0,0,0,0,,,""
"Antigua and Barbuda",2012,"Benchmark","Persistence",21,9,0.71951,"ok","",,,,,,,,0,0,0,0,0,0,,,""
"Arab Republic of Egypt",2012,"Benchmark","Persistence",21,9,0.50916,"ok","",,,,,,,,0,0,0,0,0,0,,,""
"Argentine Republic",2012,"Benchmark","Persistence",21,9,0.67922,"ok","",,,,,,,,0,0,0,0,0,0,,,""
"Australia",2012,"Benchmark","Persistence",21,9,0.81164,"ok","",,,,,,,,0,0,0,0,0,0,,,""
"Barbados",2012,"Benchmark","Persistence",21,9,0.72416,"ok","",,,,,,,,0,0,0,0,0,0,,,""
"Belize",2012,"Benchmark","Persistence",21,9,0.56846,"ok","",,,,,,,,0,0,0,0,0,0,,,""
"Bermuda",2012,"Benchmark","Persistence",21,9,0.79748,"ok","",,,,,,,,0,0,0,0,0,0,,,""
"Bolivarian Republic of Venezuela",2012,"Benchmark","Persistence",21,9,0.61019,"ok","",,,,,,,,0,0,0,0,0,0,,,""
"Bosnia and Herzegovina",2012,"Benchmark","Persistence",21,9,0.68951,"ok","",,,,,,,,0,0,0,0,0,0,,,""
"Brunei Darussalam",2012,"Benchmark","Persistence",21,9,0.78022,"ok","",,,,,,,,0,0,0,0,0,0,,,""
"Burkina Faso",2012,"Benchmark","Persistence",21,9,0.23259,"ok","",,,,,,,,0,0,0,0,0,0,,,""
"Canada",2012,"Benchmark","Persistence",21,9,0.85098,"ok","",,,,,,,,0,0,0,0,0,0,,,""
"Central African Republic",2012,"Benchmark","Persistence",21,9,0.29046,"ok","",,,,,,,,0,0,0,0,0,0,,,""
"Commonwealth of Dominica",2012,"Benchmark","Persistence",21,9,0.70687,"ok","",,,,,,,,0,0,0,0,0,0,,,""
"Commonwealth of the Bahamas",2012,"Benchmark","Persistence",21,9,0.78184,"ok","",,,,,,,,0,0,0,0,0,0,,,""
"Cook Islands",2012,"Benchmark","Persistence",21,9,0.72696,"ok","",,,,,,,,0,0,0,0,0,0,,,""
"Czech Republic",2012,"Benchmark","Persistence",21,9,0.81423,"ok","",,,,,,,,0,0,0,0,0,0,,,""
"Democratic People's Republic of Korea",2012,"Benchmark","Persistence",21,9,0.54533,"ok","",,,,,,,,0,0,0,0,0,0,,,""
"Democratic Republic of Sao Tome and Principe",2012,"Benchmark","Persistence",21,9,0.42572,"ok","",,,,,,,,0,0,0,0,0,0,,,""
"Democratic Republic of Timor-Leste",2012,"Benchmark","Persistence",21,9,0.40891,"ok","",,,,,,,,0,0,0,0,0,0,,,""
"Democratic Republic of the Congo",2012,"Benchmark","Persistence",21,9,0.30045,"ok","",,,,,,,,0,0,0,0,0,0,,,""
"Democratic Socialist Republic of Sri Lanka",2012,"Benchmark","Persistence",21,9,0.64805,"ok","",,,,,,,,0,0,0,0,0,0,,,""
"Dominican Republic",2012,"Benchmark","Persistence",21,9,0.57897,"ok","",,,,,,,,0,0,0,0,0,0,,,""
"Eastern Republic of Uruguay",2012,"Benchmark","Persistence",21,9,0.6658,"ok","",,,,,,,,0,0,0,0,0,0,,,""
"Federal Democratic Republic of Ethiopia",2012,"Benchmark","Persistence",21,9,0.27901,"ok","",,,,,,,,0,0,0,0,0,0,,,""
"Federal Democratic Republic of Nepal",2012,"Benchmark","Persistence",21,9,0.37244,"ok","",,,,,,,,0,0,0,0,0,0,,,""
"Federal Republic of Germany",2012,"Benchmark","Persistence",21,9,0.88366,"ok","",,,,,,,,0,0,0,0,0,0,,,""
"Federal Republic of Nigeria",2012,"Benchmark","Persistence",21,9,0.43178,"ok","",,,,,,,,0,0,0,0,0,0,,,""
"Federal Republic of Somalia",2012,"Benchmark","Persistence",21,9,0.06635,"ok","",,,,,,,,0,0,0,0,0,0,,,""
"Federated States of Micronesia",2012,"Benchmark","Persistence",21,9,0.55797,"ok","",,,,,,,,0,0,0,0,0,0,,,""
"Federative Republic of Brazil",2012,"Benchmark","Persistence",21,9,0.61262,"ok","",,,,,,,,0,0,0,0,0,0,,,""
"French Republic",2012,"Benchmark","Persistence",21,9,0.80962,"ok","",,,,,,,,0,0,0,0,0,0,,,""
"Gabonese Republic",2012,"Benchmark","Persistence",21,9,0.56684,"ok","",,,,,,,,0,0,0,0,0,0,,,""
"Georgia",2012,"Benchmark","Persistence",21,9,0.68552,"ok","",,,,,,,,0,0,0,0,0,0,,,""
"Grand Duchy of Luxembourg",2012,"Benchmark","Persistence",21,9,0.85979,"ok","",,,,,,,,0,0,0,0,0,0,,,""
"Greenland",2012,"Benchmark","Persistence",21,9,0.81168,"ok","",,,,,,,,0,0,0,0,0,0,,,""
"Grenada",2012,"Benchmark","Persistence",21,9,0.62498,"ok","",,,,,,,,0,0,0,0,0,0,,,""
"Guam",2012,"Benchmark","Persistence",21,9,0.76685,"ok","",,,,,,,,0,0,0,0,0,0,,,""
"Hashemite Kingdom of Jordan",2012,"Benchmark","Persistence",21,9,0.67457,"ok","",,,,,,,,0,0,0,0,0,0,,,""
"Hellenic Republic",2012,"Benchmark","Persistence",21,9,0.78079,"ok","",,,,,,,,0,0,0,0,0,0,,,""
"Hungary",2012,"Benchmark","Persistence",21,9,0.77078,"ok","",,,,,,,,0,0,0,0,0,0,,,""
"Independent State of Papua New Guinea",2012,"Benchmark","Persistence",21,9,0.38678,"ok","",,,,,,,,0,0,0,0,0,0,,,""
"Independent State of Samoa",2012,"Benchmark","Persistence",21,9,0.56532,"ok","",,,,,,,,0,0,0,0,0,0,,,""
"Ireland",2012,"Benchmark","Persistence",21,9,0.83533,"ok","",,,,,,,,0,0,0,0,0,0,,,""
"Islamic Republic of Afghanistan",2012,"Benchmark","Persistence",21,9,0.26648,"ok","",,,,,,,,0,0,0,0,0,0,,,""
"Islamic Republic of Iran",2012,"Benchmark","Persistence",21,9,0.6515,"ok","",,,,,,,,0,0,0,0,0,0,,,""
"Islamic Republic of Mauritania",2012,"Benchmark","Persistence",21,9,0.43472,"ok","",,,,,,,,0,0,0,0,0,0,,,""
"Islamic Republic of Pakistan",2012,"Benchmark","Persistence",21,9,0.4471,"ok","",,,,,,,,0,0,0,0,0,0,,,""
"Jamaica",2012,"Benchmark","Persistence",21,9,0.65058,"ok","",,,,,,,,0,0,0,0,0,0,,,""
"Japan",2012,"Benchmark","Persistence",21,9,0.84906,"ok","",,,,,,,,0,0,0,0,0,0,,,""
"Kingdom of Bahrain",2012,"Benchmark","Persistence",21,9,0.71036,"ok","",,,,,,,,0,0,0,0,0,0,,,""
"Kingdom of Belgium",2012,"Benchmark","Persistence",21,9,0.82423,"ok","",,,,,,,,0,0,0,0,0,0,,,""
"Kingdom of Bhutan",2012,"Benchmark","Persistence",21,9,0.41944,"ok","",,,,,,,,0,0,0,0,0,0,,,""
"Kingdom of Cambodia",2012,"Benchmark","Persistence",21,9,0.42177,"ok","",,,,,,,,0,0,0,0,0,0,,,""
"Kingdom of Denmark",2012,"Benchmark","Persistence",21,9,0.87252,"ok","",,,,,,,,0,0,0,0,0,0,,,""
"Kingdom of Eswatini",2012,"Benchmark","Persistence",21,9,0.5378,"ok","",,,,,,,,0,0,0,0,0,0,,,""
"Kingdom of Lesotho",2012,"Benchmark","Persistence",21,9,0.46042,"ok","",,,,,,,,0,0,0,0,0,0,,,""
"Kingdom of Morocco",2012,"Benchmark","Persistence",21,9,0.4916,"ok","",,,,,,,,0,0,0,0,0,0,,,""
"Kingdom of Norway",2012,"Benchmark","Persistence",21,9,0.88816,"ok","",,,,,,,,0,0,0,0,0,0,,,""
"Kingdom of Saudi Arabia",2012,"Benchmark","Persistence",21,9,0.75905,"ok","",,,,,,,,0,0,0,0,0,0,,,""
"Kingdom of Spain",2012,"Benchmark","Persistence",21,9,0.74518,"ok","",,,,,,,,0,0,0,0,0,0,,,""
"Kingdom of Sweden",2012,"Benchmark","Persistence",21,9,0.86471,"ok","",,,,,,,,0,0,0,0,0,0,,,""
"Kingdom of Thailand",2012,"Benchmark","Persistence",21,9,0.63841,"ok","",,,,,,,,0,0,0,0,0,0,,,""
"Kingdom of Tonga",2012,"Benchmark","Persistence",21,9,0.58477,"ok","",,,,,,,,0,0,0,0,0,0,,,""
"Kingdom of the Netherlands",2012,"Benchmark","Persistence",21,9,0.86695,"ok","",,,,,,,,0,0,0,0,0,0,,,""
"Kyrgyz Republic",2012,"Benchmark","Persistence",21,9,0.56154,"ok","",,,,,,,,0,0,0,0,0,0,,,""
"Lao People's Democratic Republic",2012,"Benchmark","Persistence",21,9,0.43115,"ok","",,,,,,,,0,0,0,0,0,0,,,""
"Lebanese Republic",2012,"Benchmark","Persistence",21,9,0.69391,"ok","",,,,,,,,0,0,0,0,0,0,,,""
"Malaysia",2012,"Benchmark","Persistence",21,9,0.69966,"ok","",,,,,,,,0,0,0,0,0,0,,,""
"Mongolia",2012,"Benchmark","Persistence",21,9,0.58326,"ok","",,,,,,,,0,0,0,0,0,0,,,""
"Montenegro",2012,"Benchmark","Persistence",21,9,0.75558,"ok","",,,,,,,,0,0,0,0,0,0,,,""
"New Zealand",2012,"Benchmark","Persistence",21,9,0.81496,"ok","",,,,,,,,0,0,0,0,0,0,,,""
"North Macedonia",2012,"Benchmark","Persistence",21,9,0.71517,"ok","",,,,,,,,0,0,0,0,0,0,,,""
"Northern Mariana Islands",2012,"Benchmark","Persistence",21,9,0.74294,"ok","",,,,,,,,0,0,0,0,0,0,,,""
"Palestine",2012,"Benchmark","Persistence",21,9,0.5483,"ok","",,,,,,,,0,0,0,0,0,0,,,""
"People's Democratic Republic of Algeria",2012,"Benchmark","Persistence",21,9,0.6127,"ok","",,,,,,,,0,0,0,0,0,0,,,""
"People's Republic of Bangladesh",2012,"Benchmark","Persistence",21,9,0.39062,"ok","",,,,,,,,0,0,0,0,0,0,,,""
"People's Republic of China",2012,"Benchmark","Persistence",21,9,0.65714,"ok","",,,,,,,,0,0,0,0,0,0,,,""
"Plurinational State of Bolivia",2012,"Benchmark","Persistence",21,9,0.54862,"ok","",,,,,,,,0,0,0,0,0,0,,,""
"Portuguese Republic",2012,"Benchmark","Persistence",21,9,0.7158,"ok","",,,,,,,,0,0,0,0,0,0,,,""
"Principality of Andorra",2012,"Benchmark","Persistence",21,9,0.84581,"ok","",,,,,,,,0,0,0,0,0,0,,,""
"Principality of Monaco",2012,"Benchmark","Persistence",21,9,0.89307,"ok","",,,,,,,,0,0,0,0,0,0,,,""
"Puerto Rico",2012,"Benchmark","Persistence",21,9,0.77231,"ok","",,,,,,,,0,0,0,0,0,0,,,""
"Republic of Albania",2012,"Benchmark","Persistence",21,9,0.66356,"ok","",,,,,,,,0,0,0,0,0,0,,,""
"Republic of Angola",2012,"Benchmark","Persistence",21,9,0.38789,"ok","",,,,,,,,0,0,0,0,0,0,,,""
"Republic of Armenia",2012,"Benchmark","Persistence",21,9,0.66483,"ok","",,,,,,,,0,0,0,0,0,0,,,""
"Republic of Austria",2012,"Benchmark","Persistence",21,9,0.83111,"ok","",,,,,,,,0,0,0,0,0,0,,,""
"Republic of Azerbaijan",2012,"Benchmark","Persistence",21,9,0.6629,"ok","",,,,,,,,0,0,0,0,0,0,,,""
"Republic of Belarus",2012,"Benchmark","Persistence",21,9,0.74347,"ok","",,,,,,,,0,0,0,0,0,0,,,""
"Republic of Benin",2012,"Benchmark","Persistence",21,9,0.31337,"ok","",,,,,,,,0,0,0,0,0,0,,,""
"Republic of Botswana",2012,"Benchmark","Persistence",21,9,0.59774,"ok","",,,,,,,,0,0,0,0,0,0,,,""
"Republic of Bulgaria",2012,"Benchmark","Persistence",21,9,0.73918,"ok","",,,,,,,,0,0,0,0,0,0,,,""
"Republic of Burundi",2012,"Benchmark","Persistence",21,9,0.25157,"ok","",,,,,,,,0,0,0,0,0,0,,,""
"Republic of Cabo Verde",2012,"Benchmark","Persistence",21,9,0.47286,"ok","",,,,,,,,0,0,0,0,0,0,,,""
"Republic of Cameroon",2012,"Benchmark","Persistence",21,9,0.40858,"ok","",,,,,,,,0,0,0,0,0,0,,,""
"Republic of Chad",2012,"Benchmark","Persistence",21,9,0.19526,"ok","",,,,,,,,0,0,0,0,0,0,,,""
"Republic of Chile",2012,"Benchmark","Persistence",21,9,0.71474,"ok","",,,,,,,,0,0,0,0,0,0,,,""
"Republic of Colombia",2012,"Benchmark","Persistence",21,9,0.60025,"ok","",,,,,,,,0,0,0,0,0,0,,,""
"Republic of Costa Rica",2012,"Benchmark","Persistence",21,9,0.64657,"ok","",,,,,,,,0,0,0,0,0,0,,,""
"Republic of Croatia",2012,"Benchmark","Persistence",21,9,0.76741,"ok","",,,,,,,,0,0,0,0,0,0,,,""
"Republic of Cuba",2012,"Benchmark","Persistence",21,9,0.62616,"ok","",,,,,,,,0,0,0,0,0,0,,,""
"Republic of Cyprus",2012,"Benchmark","Persistence",21,9,0.81698,"ok","",,,,,,,,0,0,0,0,0,0,,,""
"Republic of Côte d'Ivoire",2012,"Benchmark","Persistence",21,9,0.36783,"ok","",,,,,,,,0,0,0,0,0,0,,,""
"Republic of Djibouti",2012,"Benchmark","Persistence",21,9,0.42771,"ok","",,,,,,,,0,0,0,0,0,0,,,""
"Republic of Ecuador",2012,"Benchmark","Persistence",21,9,0.60545,"ok","",,,,,,,,0,0,0,0,0,0,,,""
"Republic of El Salvador",2012,"Benchmark","Persistence",21,9,0.5134,"ok","",,,,,,,,0,0,0,0,0,0,,,""
"Republic of Equatorial Guinea",2012,"Benchmark","Persistence",21,9,0.58183,"ok","",,,,,,,,0,0,0,0,0,0,,,""
"Republic of Estonia",2012,"Benchmark","Persistence",21,9,0.81111,"ok","",,,,,,,,0,0,0,0,0,0,,,""
"Republic of Fiji",2012,"Benchmark","Persistence",21,9,0.62988,"ok","",,,,,,,,0,0,0,0,0,0,,,""
"Republic of Finland",2012,"Benchmark","Persistence",21,9,0.83143,"ok","",,,,,,,,0,0,0,0,0,0,,,""
"Republic of Ghana",2012,"Benchmark","Persistence",21,9,0.49751,"ok","",,,,,,,,0,0,0,0,0,0,,,""
"Republic of Guatemala",2012,"Benchmark","Persistence",21,9,0.48186,"ok","",,,,,,,,0,0,0,0,0,0,,,""
"Republic of Guinea",2012,"Benchmark","Persistence",21,9,0.27343,"ok","",,,,,,,,0,0,0,0,0,0,,,""
"Republic of Guinea-Bissau",2012,"Benchmark","Persistence",21,9,0.30156,"ok","",,,,,,,,0,0,0,0,0,0,,,""
"Republic of Guyana",2012,"Benchmark","Persistence",21,9,0.59134,"ok","",,,,,,,,0,0,0,0,0,0,,,""
"Republic of Haiti",2012,"Benchmark","Persistence",21,9,0.42002,"ok","",,,,,,,,0,0,0,0,0,0,,,""
"Republic of Honduras",2012,"Benchmark","Persistence",21,9,0.46493,"ok","",,,,,,,,0,0,0,0,0,0,,,""
"Republic of Iceland",2012,"Benchmark","Persistence",21,9,0.8473,"ok","",,,,,,,,0,0,0,0,0,0,,,""
"Republic of India",2012,"Benchmark","Persistence",21,9,0.48721,"ok","",,,,,,,,0,0,0,0,0,0,,,""
"Republic of Indonesia",2012,"Benchmark","Persistence",21,9,0.60119,"ok","",,,,,,,,0,0,0,0,0,0,,,""
"Republic of Iraq",2012,"Benchmark","Persistence",21,9,0.56475,"ok","",,,,,,,,0,0,0,0,0,0,,,""
"Republic of Italy",2012,"Benchmark","Persistence",21,9,0.78309,"ok","",,,,,,,,0,0,0,0,0,0,,,""
"Republic of Kazakhstan",2012,"Benchmark","Persistence",21,9,0.69531,"ok","",,,,,,,,0,0,0,0,0,0,,,""
"Republic of Kenya",2012,"Benchmark","Persistence",21,9,0.44867,"ok","",,,,,,,,0,0,0,0,0,0,,,""
"Republic of Kiribati",2012,"Benchmark","Persistence",21,9,0.48818,"ok","",,,,,,,,0,0,0,0,0,0,,,""
"Republic of Korea",2012,"Benchmark","Persistence",21,9,0.85114,"ok","",,,,,,,,0,0,0,0,0,0,,,""
"Republic of Latvia",2012,"Benchmark","Persistence",21,9,0.80103,"ok","",,,,,,,,0,0,0,0,0,0,,,""
"Republic of Liberia",2012,"Benchmark","Persistence",21,9,0.29485,"ok","",,,,,,,,0,0,0,0,0,0,,,""
"Republic of Lithuania",2012,"Benchmark","Persistence",21,9,0.80783,"ok","",,,,,,,,0,0,0,0,0,0,,,""
"Republic of Madagascar",2012,"Benchmark","Persistence",21,9,0.32995,"ok","",,,,,,,,0,0,0,0,0,0,,,""
"Republic of Malawi",2012,"Benchmark","Persistence",21,9,0.3092,"ok","",,,,,,,,0,0,0,0,0,0,,,""
"Republic of Maldives",2012,"Benchmark","Persistence",21,9,0.59695,"ok","",,,,,,,,0,0,0,0,0,0,,,""
"Republic of Mali",2012,"Benchmark","Persistence",21,9,0.21247,"ok","",,,,,,,,0,0,0,0,0,0,,,""
"Republic of Malta",2012,"Benchmark","Persistence",21,9,0.76454,"ok","",,,,,,,,0,0,0,0,0,0,,,""
"Republic of Mauritius",2012,"Benchmark","Persistence",21,9,0.67313,"ok","",,,,,,,,0,0,0,0,0,0,,,""
"Republic of Moldova",2012,"Benchmark","Persistence",21,9,0.68298,"ok","",,,,,,,,0,0,0,0,0,0,,,""
"Republic of Mozambique",2012,"Benchmark","Persistence",21,9,0.25832,"ok","",,,,,,,,0,0,0,0,0,0,,,""
"Republic of Namibia",2012,"Benchmark","Persistence",21,9,0.56698,"ok","",,,,,,,,0,0,0,0,0,0,,,""
"Republic of Nauru",2012,"Benchmark","Persistence",21,9,0.54989,"ok","",,,,,,,,0,0,0,0,0,0,,,""
"Republic of Nicaragua",2012,"Benchmark","Persistence",21,9,0.4813,"ok","",,,,,,,,0,0,0,0,0,0,,,""
"Republic of Niue",2012,"Benchmark","Persistence",21,9,0.69415,"ok","",,,,,,,,0,0,0,0,0,0,,,""
"Republic of Palau",2012,"Benchmark","Persistence",21,9,0.72961,"ok","",,,,,,,,0,0,0,0,0,0,,,""
"Republic of Panama",2012,"Benchmark","Persistence",21,9,0.63426,"ok","",,,,,,,,0,0,0,0,0,0,,,""
"Republic of Paraguay",2012,"Benchmark","Persistence",21,9,0.58065,"ok","",,,,,,,,0,0,0,0,0,0,,,""
"Republic of Peru",2012,"Benchmark","Persistence",21,9,0.61936,"ok","",,,,,,,,0,0,0,0,0,0,,,""
"Republic of Poland",2012,"Benchmark","Persistence",21,9,0.77468,"ok","",,,,,,,,0,0,0,0,0,0,,,""
"Republic of Rwanda",2012,"Benchmark","Persistence",21,9,0.36641,"ok","",,,,,,,,0,0,0,0,0,0,,,""
"Republic of San Marino",2012,"Benchmark","Persistence",21,9,0.88292,"ok","",,,,,,,,0,0,0,0,0,0,,,""
"Republic of Senegal",2012,"Benchmark","Persistence",21,9,0.34298,"ok","",,,,,,,,0,0,0,0,0,0,,,""
"Republic of Serbia",2012,"Benchmark","Persistence",21,9,0.75711,"ok","",,,,,,,,0,0,0,0,0,0,,,""
"Republic of Seychelles",2012,"Benchmark","Persistence",21,9,0.68763,"ok","",,,,,,,,0,0,0,0,0,0,,,""
"Republic of Sierra Leone",2012,"Benchmark","Persistence",21,9,0.29034,"ok","",,,,,,,,0,0,0,0,0,0,,,""
"Republic of Singapore",2012,"Benchmark","Persistence",21,9,0.83739,"ok","",,,,,,,,0,0,0,0,0,0,,,""
"Republic of Slovenia",2012,"Benchmark","Persistence",21,9,0.82434,"ok","",,,,,,,,0,0,0,0,0,0,,,""
"Republic of South Africa",2012,"Benchmark","Persistence",21,9,0.64472,"ok","",,,,,,,,0,0,0,0,0,0,,,""
"Republic of South Sudan",2012,"Benchmark","Persistence",21,9,0.27507,"ok","",,,,,,,,0,0,0,0,0,0,,,""
"Republic of Sudan",2012,"Benchmark","Persistence",21,9,0.45679,"ok","",,,,,,,,0,0,0,0,0,0,,,""
"Republic of Suriname",2012,"Benchmark","Persistence",21,9,0.60474,"ok","",,,,,,,,0,0,0,0,0,0,,,""
"Republic of Tajikistan",2012,"Benchmark","Persistence",21,9,0.50395,"ok","",,,,,,,,0,0,0,0,0,0,,,""
"Republic of Trinidad and Tobago",2012,"Benchmark","Persistence",21,9,0.74,"ok","",,,,,,,,0,0,0,0,0,0,,,""
"Republic of Tunisia",2012,"Benchmark","Persistence",21,9,0.63758,"ok","",,,,,,,,0,0,0,0,0,0,,,""
"Republic of Turkey",2012,"Benchmark","Persistence",21,9,0.6341,"ok","",,,,,,,,0,0,0,0,0,0,,,""
"Republic of Uganda",2012,"Benchmark","Persistence",21,9,0.34536,"ok","",,,,,,,,0,0,0,0,0,0,,,""
"Republic of Uzbekistan",2012,"Benchmark","Persistence",21,9,0.6262,"ok","",,,,,,,,0,0,0,0,0,0,,,""
"Republic of Vanuatu",2012,"Benchmark","Persistence",21,9,0.43866,"ok","",,,,,,,,0,0,0,0,0,0,,,""
"Republic of Yemen",2012,"Benchmark","Persistence",21,9,0.40956,"ok","",,,,,,,,0,0,0,0,0,0,,,""
"Republic of Zambia",2012,"Benchmark","Persistence",21,9,0.41457,"ok","",,,,,,,,0,0,0,0,0,0,,,""
"Republic of Zimbabwe",2012,"Benchmark","Persistence",21,9,0.42575,"ok","",,,,,,,,0,0,0,0,0,0,,,""
"Republic of the Congo",2012,"Benchmark","Persistence",21,9,0.52293,"ok","",,,,,,,,0,0,0,0,0,0,,,""
"Republic of the Gambia",2012,"Benchmark","Persistence",21,9,0.35837,"ok","",,,,,,,,0,0,0,0,0,0,,,""
"Republic of the Marshall Islands",2012,"Benchmark","Persistence",21,9,0.52604,"ok","",,,,,,,,0,0,0,0,0,0,,,""
"Republic of the Niger",2012,"Benchmark","Persistence",21,9,0.13447,"ok","",,,,,,,,0,0,0,0,0,0,,,""
"Republic of the Philippines",2012,"Benchmark","Persistence",21,9,0.58377,"ok","",,,,,,,,0,0,0,0,0,0,,,""
"Republic of the Union of Myanmar",2012,"Benchmark","Persistence",21,9,0.47534,"ok","",,,,,,,,0,0,0,0,0,0,,,""
"Romania",2012,"Benchmark","Persistence",21,9,0.73389,"ok","",,,,,,,,0,0,0,0,0,0,,,""
"Russian Federation",2012,"Benchmark","Persistence",21,9,0.77192,"ok","",,,,,,,,0,0,0,0,0,0,,,""
"Saint Kitts and Nevis",2012,"Benchmark","Persistence",21,9,0.72344,"ok","",,,,,,,,0,0,0,0,0,0,,,""
"Saint Lucia",2012,"Benchmark","Persistence",21,9,0.64157,"ok","",,,,,,,,0,0,0,0,0,0,,,""
"Saint Vincent and the Grenadines",2012,"Benchmark","Persistence",21,9,0.59215,"ok","",,,,,,,,0,0,0,0,0,0,,,""
"Slovak Republic",2012,"Benchmark","Persistence",21,9,0.79546,"ok","",,,,,,,,0,0,0,0,0,0,,,""
"Socialist Republic of Viet Nam",2012,"Benchmark","Persistence",21,9,0.57508,"ok","",,,,,,,,0,0,0,0,0,0,,,""
"Solomon Islands",2012,"Benchmark","Persistence",21,9,0.393,"ok","",,,,,,,,0,0,0,0,0,0,,,""
"State of Eritrea",2012,"Benchmark","Persistence",21,9,0.36011,"ok","",,,,,,,,0,0,0,0,0,0,,,""
"State of Israel",2012,"Benchmark","Persistence",21,9,0.7804,"ok","",,,,,,,,0,0,0,0,0,0,,,""
"State of Kuwait",2012,"Benchmark","Persistence",21,9,0.79836,"ok","",,,,,,,,0,0,0,0,0,0,,,""
"State of Libya",2012,"Benchmark","Persistence",21,9,0.7167,"ok","",,,,,,,,0,0,0,0,0,0,,,""
"State of Qatar",2012,"Benchmark","Persistence",21,9,0.79349,"ok","",,,,,,,,0,0,0,0,0,0,,,""
"Sultanate of Oman",2012,"Benchmark","Persistence",21,9,0.72645,"ok","",,,,,,,,0,0,0,0,0,0,,,""
"Swiss Confederation",2012,"Benchmark","Persistence",21,9,0.91571,"ok","",,,,,,,,0,0,0,0,0,0,,,""
"Syrian Arab Republic",2012,"Benchmark","Persistence",21,9,0.60287,"ok","",,,,,,,,0,0,0,0,0,0,,,""
"Taiwan (Province of China)",2012,"Benchmark","Persistence",21,9,0.83668,"ok","",,,,,,,,0,0,0,0,0,0,,,""
"Togolese Republic",2012,"Benchmark","Persistence",21,9,0.34632,"ok","",,,,,,,,0,0,0,0,0,0,,,""
"Tokelau",2012,"Benchmark","Persistence",21,9,0.64161,"ok","",,,,,,,,0,0,0,0,0,0,,,""
"Turkmenistan",2012,"Benchmark","Persistence",21,9,0.63526,"ok","",,,,,,,,0,0,0,0,0,0,,,""
"Tuvalu",2012,"Benchmark","Persistence",21,9,0.5312,"ok","",,,,,,,,0,0,0,0,0,0,,,""
"Ukraine",2012,"Benchmark","Persistence",21,9,0.72882,"ok","",,,,,,,,0,0,0,0,0,0,,,""
"Union of the Comoros",2012,"Benchmark","Persistence",21,9,0.42673,"ok","",,,,,,,,0,0,0,0,0,0,,,""
"United Arab Emirates",2012,"Benchmark","Persistence",21,9,0.83359,"ok","",,,,,,,,0,0,0,0,0,0,,,""
"United Kingdom of Great Britain and Northern Ireland",2012,"Benchmark","Persistence",21,9,0.82645,"ok","",,,,,,,,0,0,0,0,0,0,,,""
"United Mexican States",2012,"Benchmark","Persistence",21,9,0.60891,"ok","",,,,,,,,0,0,0,0,0,0,,,""
"United Republic of Tanzania",2012,"Benchmark","Persistence",21,9,0.37041,"ok","",,,,,,,,0,0,0,0,0,0,,,""
"United States Virgin Islands",2012,"Benchmark","Persistence",21,9,0.80109,"ok","",,,,,,,,0,0,0,0,0,0,,,""
"United States of America",2012,"Benchmark","Persistence",21,9,0.83396,"ok","",,,,,,,,0,0,0,0,0,0,,,""
"American Samoa",2015,"Original","VARX",24,6,0.69716,"ok","",1.11867108157126,2,,,2,,,0,0,3,0,0,0,0.000250134237449351,0.00258664008211285,""
"Antigua and Barbuda",2015,"Original","VARX",24,6,0.72837,"ok","",1.00957285131712,2,,,2,,,0,0,1,0,0,0,0.000127748775240244,0.0375287906927347,""
"Arab Republic of Egypt",2015,"Original","VARX",24,6,0.54437,"ok","",1.06590546397048,2,,,2,,,2,0,3,0,0,0,0.00351160714819299,0.0232220569682308,""
"Argentine Republic",2015,"Original","VARX",24,6,0.69171,"ok","",1.00162795688744,2,,,2,,,6,0,4,0,0,0,5.88669363699168e-07,5.12454579738586e-05,""
"Australia",2015,"Original","VARX",24,6,0.82486,"ok","",0.971574654173679,2,,,2,,,0,0,0,0,0,0,1.46172407087253e-05,0.000841320893944508,""
"Barbados",2015,"Original","VARX",24,6,0.7326,"ok","",0.985328790072953,2,,,2,,,0,0,0,0,0,0,0.000123127407716916,3.97808292973423e-08,""
"Belize",2015,"Original","VARX",24,6,0.58328,"ok","",0.977283821191417,2,,,2,,,0,0,0,0,0,0,5.92682591127325e-06,4.41681753440282e-05,""
"Bermuda",2015,"Original","VARX",24,6,0.808,"ok","",1.03620122365929,2,,,2,,,0,0,5,0,0,0,3.73187079263371e-05,3.19855039077055e-06,""
"Bolivarian Republic of Venezuela",2015,"Original","VARX",24,6,0.61068,"ok","",0.983019267418023,2,,,2,,,0,0,0,0,0,0,0.000214950101579459,3.86735376232128e-05,""
"Bosnia and Herzegovina",2015,"Original","VARX",24,6,0.70045,"ok","",0.924097028096209,2,,,2,,,3,0,1,0,0,0,0.0142768589066541,7.49901881424986e-06,""
"Brunei Darussalam",2015,"Original","VARX",24,6,0.79137,"ok","",1.11078250878601,2,,,2,,,5,0,2,0,0,0,0.00204222981438285,0.000724727574317852,""
"Burkina Faso",2015,"Original","VARX",24,6,0.25021,"ok","",1.03786208213278,2,,,2,,,0,0,0,0,0,0,0.00516491065780278,0.0396109171765715,""
"Canada",2015,"Original","VARX",24,6,0.85953,"ok","",1.03755577847998,2,,,2,,,6,0,0,0,0,0,6.00442813469826e-07,3.81461808119932e-05,""
"Central African Republic",2015,"Original","VARX",24,6,0.29083,"ok","",1.06644357972025,2,,,2,,,0,0,5,0,0,0,0.00011334017988307,0.000146696892545872,""
"Commonwealth of Dominica",2015,"Original","VARX",24,6,0.72479,"ok","",1.05479930918738,2,,,2,,,0,0,1,0,0,0,6.22365153045701e-05,0.00658110058949568,""
"Commonwealth of the Bahamas",2015,"Original","VARX",24,6,0.78996,"ok","",1.08688831505369,2,,,2,,,0,0,2,0,0,0,0.000146371870614503,0.00159234765968097,""
"Cook Islands",2015,"Original","VARX",24,6,0.74655,"ok","",0.934162080042949,2,,,2,,,0,0,1,0,0,0,0.00504154140708568,0.000805714004136981,""
"Czech Republic",2015,"Original","VARX",24,6,0.81656,"ok","",0.931390962803008,2,,,2,,,6,0,1,0,0,0,1.65985045896822e-06,0.000523444048374122,""
"Democratic People's Republic of Korea",2015,"Original","VARX",24,6,0.55732,"ok","",1.05070482078534,2,,,2,,,0,0,0,0,0,0,4.59730872269803e-05,0.00952222777286427,""
"Democratic Republic of Sao Tome and Principe",2015,"Original","VARX",24,6,0.45405,"ok","",1.0158960628242,2,,,2,,,0,0,0,0,0,0,0.000777054269132327,9.82022935014371e-06,""
"Democratic Republic of Timor-Leste",2015,"Original","VARX",24,6,0.42638,"ok","",1.02886808227418,2,,,2,,,0,0,0,0,0,0,0.0279273441464112,0.000194165064506979,""
"Democratic Republic of the Congo",2015,"Original","VARX",24,6,0.33242,"ok","",1.05780454297684,2,,,2,,,0,0,4,0,0,0,2.28491403032605e-05,3.13029364651385e-08,""
"Democratic Socialist Republic of Sri Lanka",2015,"Original","VARX",24,6,0.66976,"ok","",1.06591526116747,2,,,2,,,5,0,2,0,0,0,0.0124510393944678,4.75767739360755e-06,""
"Dominican Republic",2015,"Original","VARX",24,6,0.59292,"ok","",1.02041936467028,2,,,2,,,0,0,0,0,0,0,0.00194328451269721,0.00150218026289795,""
"Eastern Republic of Uruguay",2015,"Original","VARX",24,6,0.6806,"ok","",1.05448559884133,2,,,2,,,6,0,0,0,0,0,0.0025956075162975,0.000767958805431235,""
"Federal Democratic Republic of Ethiopia",2015,"Original","VARX",24,6,0.31074,"ok","",1.01992157203214,2,,,2,,,0,0,0,0,0,0,2.43432972100166e-05,0.000407472878785398,""
"Federal Democratic Republic of Nepal",2015,"Original","VARX",24,6,0.39502,"ok","",0.982524203678131,2,,,2,,,0,0,0,0,0,0,0.42900874843329,0.00883427185353614,""
"Federal Republic of Germany",2015,"Original","VARX",24,6,0.88887,"ok","",1.02697568871464,2,,,2,,,4,0,0,0,0,0,0.036643813115752,2.57692516014707e-06,""
"Federal Republic of Nigeria",2015,"Original","VARX",24,6,0.45724,"ok","",1.00812634902992,2,,,2,,,0,0,3,0,0,0,0.000157732129193233,2.96499689089735e-05,""
"Federal Republic of Somalia",2015,"Original","VARX",24,6,0.06981,"ok","",1.05821820633598,2,,,2,,,0,0,3,0,0,0,0.000105528762027629,0.000581861532344408,""
"Federated States of Micronesia",2015,"Original","VARX",24,6,0.56715,"ok","",1.08707450951918,2,,,2,,,0,0,5,0,0,0,1.69709776094429e-05,1.33122785072048e-05,""
"Federative Republic of Brazil",2015,"Original","VARX",24,6,0.62815,"ok","",0.953982571220656,2,,,2,,,6,0,0,0,0,0,0.000540939684773756,3.97225577638549e-05,""
"French Republic",2015,"Original","VARX",24,6,0.82024,"ok","",1.00319257749665,2,,,2,,,1,0,0,0,0,0,6.4671242715475e-06,0.207340041986835,""
"Gabonese Republic",2015,"Original","VARX",24,6,0.58836,"ok","",1.01545011669835,2,,,2,,,0,0,0,0,0,0,0.000589875548645202,0.000322195474965037,""
"Georgia",2015,"Original","VARX",24,6,0.69732,"ok","",1.0151128625184,2,,,2,,,1,0,0,0,0,0,0.000349802977458458,9.13605331334111e-05,""
"Grand Duchy of Luxembourg",2015,"Original","VARX",24,6,0.87011,"ok","",1.01160002788253,2,,,2,,,0,0,6,0,0,0,7.05181933732257e-05,0.00188112356541947,""
"Greenland",2015,"Original","VARX",24,6,0.81772,"ok","",1.02181662584908,2,,,2,,,0,0,6,0,0,0,0.0603266456052196,0.645188852602991,""
"Grenada",2015,"Original","VARX",24,6,0.63894,"ok","",1.04388110302186,2,,,2,,,0,0,3,0,0,0,3.1038893178903e-05,5.71947173615417e-05,""
"Guam",2015,"Original","VARX",24,6,0.77672,"ok","",0.909563300873411,2,,,2,,,0,0,0,0,0,0,0.0062641090927571,0.00133779480702623,""
"Hashemite Kingdom of Jordan",2015,"Original","VARX",24,6,0.69295,"ok","",1.07800518080438,2,,,2,,,0,0,5,0,0,0,8.36488039945849e-05,0.000256542976490026,""
"Hellenic Republic",2015,"Original","VARX",24,6,0.78249,"ok","",0.973483520639549,2,,,2,,,6,0,6,0,0,0,0.00563036777706127,0.00886760529316188,""
"Hungary",2015,"Original","VARX",24,6,0.77405,"ok","",0.98787151338552,2,,,2,,,4,0,0,0,0,0,0.00767299239703834,0.00809085898354733,""
"Independent State of Papua New Guinea",2015,"Original","VARX",24,6,0.39829,"ok","",1.02696478958362,2,,,2,,,0,0,6,0,0,0,0.000187533977720311,0.000525388849644481,""
"Independent State of Samoa",2015,"Original","VARX",24,6,0.572,"ok","",1.00331878413366,2,,,2,,,0,0,5,0,0,0,0.000281544853884208,3.73380012280711e-05,""
"Ireland",2015,"Original","VARX",24,6,0.84744,"ok","",1.10101038062315,2,,,2,,,0,0,0,0,0,0,0.00258508607771923,0.000559085931767567,""
"Islamic Republic of Afghanistan",2015,"Original","VARX",24,6,0.29185,"ok","",0.976060887063761,2,,,2,,,0,0,3,0,0,0,0.00688022541240263,0.082795407982533,""
"Islamic Republic of Iran",2015,"Original","VARX",24,6,0.66206,"ok","",0.961795709282713,2,,,2,,,0,0,0,0,0,0,0.000322770453041299,0.000262941948354634,""
"Islamic Republic of Mauritania",2015,"Original","VARX",24,6,0.45452,"ok","",1.07833839098379,2,,,2,,,0,0,0,0,0,0,9.37509517717761e-06,0.00302753485434482,""
"Islamic Republic of Pakistan",2015,"Original","VARX",24,6,0.46479,"ok","",1.03476107048372,2,,,2,,,0,0,0,0,0,0,5.79144865635595e-05,9.27825505908642e-05,""
"Jamaica",2015,"Original","VARX",24,6,0.66247,"ok","",1.13541982628376,2,,,2,,,0,0,3,0,0,0,0.0545129077962387,0.0152016142448206,""
"Japan",2015,"Original","VARX",24,6,0.8561,"ok","",0.970560760004635,2,,,2,,,3,0,0,0,0,0,0.0252811491296426,8.39983237578279e-05,""
"Kingdom of Bahrain",2015,"Original","VARX",24,6,0.71993,"ok","",0.914840886842312,2,,,2,,,6,0,6,0,0,0,0.000402783729016143,1.22428934490326e-06,""
"Kingdom of Belgium",2015,"Original","VARX",24,6,0.83588,"ok","",1.05741021647707,2,,,2,,,6,0,0,0,0,0,0.00100977609482722,0.000358388457560754,""
"Kingdom of Bhutan",2015,"Original","VARX",24,6,0.44181,"ok","",1.11262756419515,2,,,2,,,0,0,3,0,0,0,0.00263575283154505,0.00115608709477499,""
"Kingdom of Cambodia",2015,"Original","VARX",24,6,0.43949,"ok","",0.962412417782545,2,,,2,,,0,0,6,0,0,0,0.00178492783973272,3.4629034867395e-05,""
"Kingdom of Denmark",2015,"Original","VARX",24,6,0.87854,"ok","",0.971502171820753,2,,,2,,,3,0,5,0,0,0,0.0029394436358896,0.000511239547607123,""
"Kingdom of Eswatini",2015,"Original","VARX",24,6,0.55537,"ok","",0.937009981776435,2,,,2,,,0,0,0,0,0,0,7.81856443621276e-06,3.14051215922762e-05,""
"Kingdom of Lesotho",2015,"Original","VARX",24,6,0.47975,"ok","",0.991665988898309,2,,,2,,,0,0,0,0,0,0,0.0485166265494688,0.53280588342628,""
"Kingdom of Morocco",2015,"Original","VARX",24,6,0.51558,"ok","",1.01307106797291,2,,,2,,,0,0,0,0,0,0,3.29548091223542e-05,0.0415534494490631,""
"Kingdom of Norway",2015,"Original","VARX",24,6,0.89891,"ok","",1.00588881209681,2,,,2,,,6,0,0,0,0,0,8.21716947829731e-06,0.000309634363985123,""
"Kingdom of Saudi Arabia",2015,"Original","VARX",24,6,0.7823,"ok","",0.797786880919203,2,,,2,,,0,0,0,0,0,0,0.000569853993765301,8.57445986545136e-05,""
"Kingdom of Spain",2015,"Original","VARX",24,6,0.75227,"ok","",0.876168983463795,2,,,2,,,3,0,0,0,0,0,0.00141810104305684,2.06007314540457e-07,""
"Kingdom of Sweden",2015,"Original","VARX",24,6,0.87239,"ok","",1.04527146103841,2,,,2,,,0,0,0,0,0,0,0.00686310811490032,0.0617845600859124,""
"Kingdom of Thailand",2015,"Original","VARX",24,6,0.65402,"ok","",0.97778604708071,2,,,2,,,3,0,0,0,0,0,0.00346713079823302,0.00193239806948486,""
"Kingdom of Tonga",2015,"Original","VARX",24,6,0.59497,"ok","",1.02708625131646,2,,,2,,,0,0,3,0,0,0,6.32254766923523e-05,5.63472286060351e-05,""
"Kingdom of the Netherlands",2015,"Original","VARX",24,6,0.8744,"ok","",1.06667806311341,2,,,2,,,0,0,0,0,0,0,0.104561522170973,0.0271722905259145,""
"Kyrgyz Republic",2015,"Original","VARX",24,6,0.57546,"ok","",1.09093701730904,2,,,2,,,0,0,0,0,0,0,0.0944308249013844,0.000724161804298462,""
"Lao People's Democratic Republic",2015,"Original","VARX",24,6,0.45275,"ok","",1.1069100623612,2,,,2,,,0,0,4,0,0,0,0.000578075853031379,0.00468032117183403,""
"Lebanese Republic",2015,"Original","VARX",24,6,0.7187,"ok","",0.950675684705539,2,,,2,,,0,0,0,0,0,0,0.00140145289591675,0.000139336189481698,""
"Malaysia",2015,"Original","VARX",24,6,0.71466,"ok","",0.981668266169562,2,,,2,,,0,0,0,0,0,0,0.00148596110857468,8.30722175763077e-05,""
"Mongolia",2015,"Original","VARX",24,6,0.59686,"ok","",0.913397154557903,2,,,2,,,2,0,0,0,0,0,4.47494053421593e-05,1.34111701149964e-05,""
"Montenegro",2015,"Original","VARX",24,6,0.77056,"ok","",0.997237907922499,2,,,2,,,0,0,0,0,0,0,0.025164128517795,0.0163969896658918,""
"New Zealand",2015,"Original","VARX",24,6,0.82746,"ok","",0.964372301835866,2,,,2,,,6,0,0,0,0,0,0.000124706270884012,0.00124495775178979,""
"North Macedonia",2015,"Original","VARX",24,6,0.7286,"ok","",1.03618156122468,2,,,2,,,0,0,6,0,0,0,0.168195070090065,1.14230937930948e-07,""
"Northern Mariana Islands",2015,"Original","VARX",24,6,0.7438,"ok","",0.961774847034883,2,,,2,,,0,0,0,0,0,0,1.15082808949118e-07,0.0148751998514212,""
"Palestine",2015,"Original","VARX",24,6,0.5792,"ok","",1.1506233285189,2,,,2,,,0,0,5,0,0,0,0.00083121418998966,0.249189451229648,""
"People's Democratic Republic of Algeria",2015,"Original","VARX",24,6,0.62675,"ok","",1.04373777060791,2,,,2,,,6,0,1,0,0,0,0.00204778193593269,0.0017928269428632,""
"People's Republic of Bangladesh",2015,"Original","VARX",24,6,0.42548,"ok","",0.970705744299532,2,,,2,,,0,0,0,0,0,0,5.77379559563163e-05,0.0121879667273244,""
"People's Republic of China",2015,"Original","VARX",24,6,0.67194,"ok","",0.967852270519947,2,,,2,,,0,0,0,0,0,0,8.94702031861705e-06,0.000920397637058867,""
"Plurinational State of Bolivia",2015,"Original","VARX",24,6,0.567,"ok","",0.966275491533422,2,,,2,,,0,0,6,0,0,0,0.000813143924707993,9.44656918799858e-07,""
"Portuguese Republic",2015,"Original","VARX",24,6,0.72576,"ok","",1.03175965049979,2,,,2,,,6,0,0,0,0,0,7.1969759042001e-05,0.000751475766171295,""
"Principality of Andorra",2015,"Original","VARX",24,6,0.85359,"ok","",0.988198599151041,2,,,2,,,0,0,0,0,0,0,0.74687177629152,0.510164820831906,""
"Principality of Monaco",2015,"Original","VARX",24,6,0.89836,"ok","",0.957862670098597,2,,,2,,,0,0,0,0,0,0,0.0225976358804529,0.00641699769474169,""
"Puerto Rico",2015,"Original","VARX",24,6,0.7918,"ok","",1.13575711702576,2,,,2,,,1,0,3,0,0,0,7.86439969377994e-05,0.0039117735630384,""
"Republic of Albania",2015,"Original","VARX",24,6,0.67967,"ok","",1.03496366450827,2,,,2,,,0,0,0,0,0,0,0.000338112388061695,9.02949277866716e-05,""
"Republic of Angola",2015,"Original","VARX",24,6,0.41137,"ok","",1.06885712241789,2,,,2,,,0,0,6,0,0,0,5.34771312787896e-08,3.08897400436159e-07,""
"Republic of Armenia",2015,"Original","VARX",24,6,0.67805,"ok","",0.947828654609744,2,,,2,,,6,0,0,0,0,0,5.08449142763157e-05,0.000564939226322281,""
"Republic of Austria",2015,"Original","VARX",24,6,0.83758,"ok","",1.2202577206074,2,,,2,,,0,0,0,0,0,0,0.0518272359774268,0.00147135483778238,""
"Republic of Azerbaijan",2015,"Original","VARX",24,6,0.67624,"ok","",1.09063236276521,2,,,2,,,0,0,0,0,0,0,1.28852397850432e-05,4.95309899761764e-08,""
"Republic of Belarus",2015,"Original","VARX",24,6,0.75821,"ok","",0.927651363982912,2,,,2,,,0,0,4,0,0,0,2.0400059449921e-05,2.66474137069483e-05,""
"Republic of Benin",2015,"Original","VARX",24,6,0.33222,"ok","",0.908820757810509,2,,,2,,,6,0,0,0,0,0,0.010833553018501,0.000164485253586033,""
"Republic of Botswana",2015,"Original","VARX",24,6,0.61541,"ok","",0.922913693537686,2,,,2,,,0,0,0,0,0,0,2.99416238174199e-05,3.01328697094316e-06,""
"Republic of Bulgaria",2015,"Original","VARX",24,6,0.74898,"ok","",1.07902999508205,2,,,2,,,1,0,0,0,0,0,0.00840665639959803,9.45096428697223e-05,""
"Republic of Burundi",2015,"Original","VARX",24,6,0.26733,"ok","",1.19621102233034,2,,,2,,,0,0,0,0,0,0,0.00540149634871312,0.218243762733503,""
"Republic of Cabo Verde",2015,"Original","VARX",24,6,0.49523,"ok","",1.04187696648138,2,,,2,,,0,0,0,0,0,0,0.00287749852941077,0.00668807586404696,""
"Republic of Cameroon",2015,"Original","VARX",24,6,0.43083,"ok","",1.01475153916582,2,,,2,,,0,0,0,0,0,0,8.33459792787261e-05,3.54403890584498e-05,""
"Republic of Chad",2015,"Original","VARX",24,6,0.21243,"ok","",0.937098385929271,2,,,2,,,0,0,0,0,0,0,0.0323288271224774,0.000676518825923345,""
"Republic of Chile",2015,"Original","VARX",24,6,0.7361,"ok","",1.06588058377146,2,,,2,,,4,0,5,0,0,0,0.000312163866191484,6.07981023621473e-05,""
"Republic of Colombia",2015,"Original","VARX",24,6,0.62089,"ok","",1.04405140823739,2,,,2,,,6,0,0,0,0,0,0.000671794346938204,4.19567318005187e-05,""
"Republic of Costa Rica",2015,"Original","VARX",24,6,0.66203,"ok","",0.953224346139966,2,,,2,,,1,0,0,0,0,0,0.37661556823534,0.103868180037421,""
"Republic of Croatia",2015,"Original","VARX",24,6,0.77787,"ok","",0.981871019404126,2,,,2,,,0,0,6,0,0,0,0.00134809894389931,0.0018919808507486,""
"Republic of Cuba",2015,"Original","VARX",24,6,0.64282,"ok","",1.05426267215393,2,,,2,,,0,0,0,0,0,0,2.10896376806602e-07,0.00356210047403593,""
"Republic of Cyprus",2015,"Original","VARX",24,6,0.82273,"ok","",1.10307313866066,2,,,2,,,3,0,2,0,0,0,0.00126943163943127,0.000258733292806457,""
"Republic of Côte d'Ivoire",2015,"Original","VARX",24,6,0.38349,"ok","",1.05401192239995,2,,,2,,,0,0,0,0,0,0,0.00106910048987252,0.0498188547265255,""
"Republic of Djibouti",2015,"Original","VARX",24,6,0.44586,"ok","",0.980196090731902,2,,,2,,,0,0,0,0,0,0,2.32989592607868e-05,0.000318729181027155,""
"Republic of Ecuador",2015,"Original","VARX",24,6,0.62855,"ok","",1.1020688228865,2,,,2,,,0,0,0,0,0,0,0.00185380800335744,6.82985979042483e-05,""
"Republic of El Salvador",2015,"Original","VARX",24,6,0.52939,"ok","",1.0627876369703,2,,,2,,,0,0,6,0,0,0,0.00384050600712194,3.64790463391884e-08,""
"Republic of Equatorial Guinea",2015,"Original","VARX",24,6,0.61313,"ok","",1.03856266350529,2,,,2,,,0,0,0,0,0,0,5.83765048318696e-05,3.79247832532625e-05,""
"Republic of Estonia",2015,"Original","VARX",24,6,0.82322,"ok","",1.03780082911605,2,,,2,,,0,0,1,0,0,0,0.00260469214710712,4.74382423032438e-06,""
"Republic of Fiji",2015,"Original","VARX",24,6,0.64503,"ok","",0.990944798036044,2,,,2,,,0,0,0,0,0,0,0.000120423550212245,1.03959818513744e-05,""
"Republic of Finland",2015,"Original","VARX",24,6,0.84088,"ok","",0.944680341474124,2,,,2,,,6,0,0,0,0,0,7.74627195718747e-05,0.00189861952564385,""
"Republic of Ghana",2015,"Original","VARX",24,6,0.52154,"ok","",0.972277289239839,2,,,2,,,1,0,0,0,0,0,0.00582559705885599,0.000158467333649104,""
"Republic of Guatemala",2015,"Original","VARX",24,6,0.50066,"ok","",1.08916258323028,2,,,2,,,3,0,0,0,0,0,0.000210445659088787,0.00145311594328112,""
"Republic of Guinea",2015,"Original","VARX",24,6,0.29236,"ok","",0.983371199129127,2,,,2,,,0,0,0,0,0,0,6.77896624057261e-07,0.00171674418980794,""
"Republic of Guinea-Bissau",2015,"Original","VARX",24,6,0.31709,"ok","",0.975120557464183,2,,,2,,,0,0,0,0,0,0,3.80258254958354e-05,1.98707362286665e-06,""
"Republic of Guyana",2015,"Original","VARX",24,6,0.60761,"ok","",0.997364929705175,2,,,2,,,1,0,0,0,0,0,0.0320853248427755,0.00414727627290834,""
"Republic of Haiti",2015,"Original","VARX",24,6,0.43176,"ok","",1.02777461327988,2,,,2,,,5,0,2,0,0,0,3.29527136040397e-05,0.00102154387404263,""
"Republic of Honduras",2015,"Original","VARX",24,6,0.48229,"ok","",1.0347337275055,2,,,2,,,0,0,0,0,0,0,0.000757387230872597,5.02439979895852e-05,""
"Republic of Iceland",2015,"Original","VARX",24,6,0.85772,"ok","",1.02045185223028,2,,,2,,,3,0,0,0,0,0,1.38364966451032e-06,0.000127526417690316,""
"Republic of India",2015,"Original","VARX",24,6,0.52124,"ok","",0.998704577854966,2,,,2,,,1,0,6,0,0,0,0.000854092719993815,0.00173957106308253,""
"Republic of Indonesia",2015,"Original","VARX",24,6,0.62222,"ok","",1.1246918931359,2,,,2,,,0,0,3,0,0,0,0.000138559320998044,0.0329973549926442,""
"Republic of Iraq",2015,"Original","VARX",24,6,0.59949,"ok","",1.08545512771168,2,,,2,,,2,0,4,0,0,0,0.00077778960285757,0.00370652540321481,""
"Republic of Italy",2015,"Original","VARX",24,6,0.7899,"ok","",0.989811874967344,2,,,2,,,4,0,3,0,0,0,1.68745946456106e-05,0.0131450609339983,""
"Republic of Kazakhstan",2015,"Original","VARX",24,6,0.70823,"ok","",0.901752389210037,2,,,2,,,6,0,3,0,0,0,6.9478337805462e-05,0.00265411691129525,""
"Republic of Kenya",2015,"Original","VARX",24,6,0.47308,"ok","",1.01437553867775,2,,,2,,,0,0,0,0,0,0,0.0034107450484997,2.04651797778288e-05,""
"Republic of Kiribati",2015,"Original","VARX",24,6,0.50006,"ok","",1.01473592712314,2,,,2,,,0,0,5,0,0,0,7.05602799289107e-06,0.00036045726681655,""
"Republic of Korea",2015,"Original","VARX",24,6,0.86391,"ok","",0.989804148883136,2,,,2,,,0,0,0,0,0,0,0.00147392945268021,0.000134024115687748,""
"Republic of Latvia",2015,"Original","VARX",24,6,0.80699,"ok","",1.0066710907431,2,,,2,,,0,0,6,0,0,0,0.000387976491366238,0.00279439893166245,""
"Republic of Liberia",2015,"Original","VARX",24,6,0.31849,"ok","",1.2097586683126,2,,,2,,,0,0,0,0,0,0,0.0487078947994217,0.00131779249327746,""
"Republic of Lithuania",2015,"Original","VARX",24,6,0.82311,"ok","",1.01904764759071,2,,,2,,,0,0,5,0,0,0,0.00331407520837845,0.000129741003117023,""
"Republic of Madagascar",2015,"Original","VARX",24,6,0.35044,"ok","",1.02709303847377,2,,,2,,,6,0,0,0,0,0,0.0366509545399348,0.000108668474033125,""
"Republic of Malawi",2015,"Original","VARX",24,6,0.33614,"ok","",1.06797882398242,2,,,2,,,0,0,3,0,0,0,0.00149333166719867,5.93202612787502e-05,""
"Republic of Maldives",2015,"Original","VARX",24,6,0.61845,"ok","",0.945413264861591,2,,,2,,,0,0,6,0,0,0,0.00792623302665418,2.29319415189222e-05,""
"Republic of Mali",2015,"Original","VARX",24,6,0.22983,"ok","",1.11058118183711,2,,,2,,,0,0,3,0,0,0,0.00168411263109491,0.0172455827318597,""
"Republic of Malta",2015,"Original","VARX",24,6,0.77728,"ok","",1.09289615321785,2,,,2,,,4,0,2,0,0,0,0.00104988857896593,0.00173878526380833,""
"Republic of Mauritius",2015,"Original","VARX",24,6,0.69224,"ok","",0.978464926056064,2,,,2,,,2,0,4,0,0,0,0.00294368566990044,0.00242601268096021,""
"Republic of Moldova",2015,"Original","VARX",24,6,0.69936,"ok","",1.06944410925653,2,,,2,,,6,0,0,0,0,0,0.00566769294743497,6.04258355455523e-05,""
"Republic of Mozambique",2015,"Original","VARX",24,6,0.28103,"ok","",0.916644611451417,2,,,2,,,0,0,0,0,0,0,0.0539782831436014,6.86147766371104e-06,""
"Republic of Namibia",2015,"Original","VARX",24,6,0.58982,"ok","",1.0262259747179,2,,,2,,,1,0,1,0,0,0,9.16488291335948e-06,0.000146676346140406,""
"Republic of Nauru",2015,"Original","VARX",24,6,0.58128,"ok","",0.967794964054069,2,,,2,,,0,0,0,0,0,0,3.8812332018745e-05,0.000785376610725974,""
"Republic of Nicaragua",2015,"Original","VARX",24,6,0.49639,"ok","",0.906616784212984,2,,,2,,,1,0,4,0,0,0,0.14416072877215,7.38912549239634e-05,""
"Republic of Niue",2015,"Original","VARX",24,6,0.70423,"ok","",0.941263291797129,2,,,2,,,0,0,0,0,0,0,1.41525531086595e-05,7.50383714187564e-06,""
"Republic of Palau",2015,"Original","VARX",24,6,0.73817,"ok","",1.08643709732314,2,,,2,,,0,0,2,0,0,0,0.0163122830718865,0.00811396105771589,""
"Republic of Panama",2015,"Original","VARX",24,6,0.65796,"ok","",1.07383286550892,2,,,2,,,0,0,2,0,0,0,0.0131256770319604,2.04683181536103e-05,""
"Republic of Paraguay",2015,"Original","VARX",24,6,0.60048,"ok","",1.04692543184827,2,,,2,,,6,0,0,0,0,0,0.0163278692507179,0.000152573442415593,""
"Republic of Peru",2015,"Original","VARX",24,6,0.63628,"ok","",1.08459700725296,2,,,2,,,0,0,4,0,0,0,2.81552765346582e-05,0.000726705177268805,""
"Republic of Poland",2015,"Original","VARX",24,6,0.78745,"ok","",0.931423765149885,2,,,2,,,2,0,6,0,0,0,0.00133415912238977,0.00762509471276929,""
"Republic of Rwanda",2015,"Original","VARX",24,6,0.3899,"ok","",1.04454738684496,2,,,2,,,6,0,5,0,0,0,2.16334657410222e-07,0.000220199825781919,""
"Republic of San Marino",2015,"Original","VARX",24,6,0.88469,"ok","",1.09147764123408,2,,,2,,,0,0,0,0,0,0,9.83022779066367e-07,0.0390777486567334,""
"Republic of Senegal",2015,"Original","VARX",24,6,0.36414,"ok","",1.39072502242908,2,,,2,,,1,0,0,0,0,0,0.0189080759036002,0.00517122502868916,""
"Republic of Serbia",2015,"Original","VARX",24,6,0.76984,"ok","",1.16572661414379,2,,,2,,,4,0,3,0,0,0,0.000316977232449278,0.000163025947859996,""
"Republic of Seychelles",2015,"Original","VARX",24,6,0.70172,"ok","",1.01024528400255,2,,,2,,,0,0,0,0,0,0,0.000109082312855335,0.00150147209856422,""
"Republic of Sierra Leone",2015,"Original","VARX",24,6,0.317,"ok","",0.987348096447257,2,,,2,,,6,0,0,0,0,0,0.0698983004895177,4.87232462555998e-05,""
"Republic of Singapore",2015,"Original","VARX",24,6,0.8454,"ok","",0.996922619319311,2,,,2,,,2,0,0,0,0,0,0.00524355908884111,0.00156052881238022,""
"Republic of Slovenia",2015,"Original","VARX",24,6,0.82984,"ok","",0.94169162915529,2,,,2,,,0,0,6,0,0,0,0.00195533360007383,0.000348467129352659,""
"Republic of South Africa",2015,"Original","VARX",24,6,0.65842,"ok","",1.12592031789532,2,,,2,,,0,0,0,0,0,0,0.0460359341390818,8.07787468160015e-05,""
"Republic of South Sudan",2015,"Original","VARX",24,6,0.27583,"ok","",1.00494365227748,2,,,2,,,0,0,0,0,0,0,0.00520069582075811,9.0596972632806e-06,""
"Republic of Sudan",2015,"Original","VARX",24,6,0.48655,"ok","",1.02884594492704,2,,,2,,,3,0,0,0,0,0,0.000171047820536674,0.00011436120272823,""
"Republic of Suriname",2015,"Original","VARX",24,6,0.6161,"ok","",0.989457153080638,2,,,2,,,0,0,0,0,0,0,0.00242976258086058,0.00408261207726746,""
"Republic of Tajikistan",2015,"Original","VARX",24,6,0.51578,"ok","",1.02443876554532,2,,,2,,,0,0,0,0,0,0,3.19966485964329e-05,0.000829113028808615,""
"Republic of Trinidad and Tobago",2015,"Original","VARX",24,6,0.75151,"ok","",1.031799098057,2,,,2,,,1,0,0,0,0,0,0.0765112084933299,0.410739011669755,""
"Republic of Tunisia",2015,"Original","VARX",24,6,0.65341,"ok","",0.908617815198308,2,,,2,,,2,0,0,0,0,0,4.33780043207488e-05,0.000268514947736387,""
"Republic of Turkey",2015,"Original","VARX",24,6,0.66297,"ok","",1.12231911151672,2,,,2,,,3,0,0,0,0,0,4.01843420136938e-05,0.000252583378681948,""
"Republic of Uganda",2015,"Original","VARX",24,6,0.37254,"ok","",0.997171751028447,2,,,2,,,0,0,3,0,0,0,0.00195303011858616,0.000152815856215516,""
"Republic of Uzbekistan",2015,"Original","VARX",24,6,0.63981,"ok","",1.03299842447193,2,,,2,,,0,0,0,0,0,0,4.06048416556892e-07,0.000935888179709021,""
"Republic of Vanuatu",2015,"Original","VARX",24,6,0.45033,"ok","",1.02689360556132,2,,,2,,,0,0,5,0,0,0,1.95407378644763e-06,2.71802762040751e-05,""
"Republic of Yemen",2015,"Original","VARX",24,6,0.4302,"ok","",1.02725252902776,2,,,2,,,0,0,0,0,0,0,8.03804457039092e-06,0.0654737000564348,""
"Republic of Zambia",2015,"Original","VARX",24,6,0.44674,"ok","",1.20715656511055,2,,,2,,,0,0,4,0,0,0,0.00043448752712627,0.118978019000284,""
"Republic of Zimbabwe",2015,"Original","VARX",24,6,0.44655,"ok","",1.09690067602724,2,,,2,,,0,0,3,0,0,0,2.79973578121151e-06,0.00808847588524053,""
"Republic of the Congo",2015,"Original","VARX",24,6,0.54841,"ok","",1.1482785389793,2,,,2,,,0,0,6,0,0,0,5.97708272308539e-05,0.0276984665069292,""
"Republic of the Gambia",2015,"Original","VARX",24,6,0.37584,"ok","",1.00249274641285,2,,,2,,,0,0,4,0,0,0,2.24240907343853e-05,2.11325195327294e-05,""
"Republic of the Marshall Islands",2015,"Original","VARX",24,6,0.54179,"ok","",0.991345019671844,2,,,2,,,0,0,2,0,0,0,0.00361084844364656,0.000475581716451901,""
"Republic of the Niger",2015,"Original","VARX",24,6,0.14544,"ok","",1.01678048519442,2,,,2,,,6,0,0,0,0,0,0.0685032299481582,0.0417227237461949,""
"Republic of the Philippines",2015,"Original","VARX",24,6,0.60622,"ok","",1.03048086797489,2,,,2,,,4,0,0,0,0,0,0.00526785338616176,3.30348811750092e-07,""
"Republic of the Union of Myanmar",2015,"Original","VARX",24,6,0.49737,"ok","",0.998407548544026,2,,,2,,,6,0,0,0,0,0,0.0235639183495113,0.0314812891379886,""
"Romania",2015,"Original","VARX",24,6,0.74347,"ok","",0.996316510462793,2,,,2,,,6,0,3,0,0,0,1.18186754827221e-07,0.00258167233048734,""
"Russian Federation",2015,"Original","VARX",24,6,0.78491,"ok","",1.06432978110663,2,,,2,,,1,0,3,0,0,0,6.16079721028617e-05,0.00327737004063244,""
"Saint Kitts and Nevis",2015,"Original","VARX",24,6,0.73222,"ok","",1.00121685535558,2,,,2,,,0,0,0,0,0,0,0.00428087949764955,0.201094662144443,""
"Saint Lucia",2015,"Original","VARX",24,6,0.65216,"ok","",1.05625547881308,2,,,2,,,0,0,1,0,0,0,0.000868055875512086,3.48419009406076e-05,""
"Saint Vincent and the Grenadines",2015,"Original","VARX",24,6,0.60375,"ok","",1.00840429295575,2,,,2,,,0,0,0,0,0,0,0.00110147056762078,0.000103350400905811,""
"Slovak Republic",2015,"Original","VARX",24,6,0.80039,"ok","",1.02060833831393,2,,,2,,,1,0,0,0,0,0,6.58600943111987e-05,6.17389752433084e-05,""
"Socialist Republic of Viet Nam",2015,"Original","VARX",24,6,0.59285,"ok","",1.01556341262625,2,,,2,,,0,0,0,0,0,0,0.000348331669789093,0.00063020971080896,""
"Solomon Islands",2015,"Original","VARX",24,6,0.40623,"ok","",1.03760970200321,2,,,2,,,0,0,2,0,0,0,1.75522949790174e-05,6.9977036644131e-06,""
"State of Eritrea",2015,"Original","VARX",24,6,0.37694,"ok","",0.970878722780865,2,,,2,,,6,0,6,0,0,0,0.102322778152479,0.000120111158916747,""
"State of Israel",2015,"Original","VARX",24,6,0.78887,"ok","",0.982372269262012,2,,,2,,,6,0,3,0,0,0,0.0674688142560955,0.0903089362503737,""
"State of Kuwait",2015,"Original","VARX",24,6,0.817,"ok","",1.0985149409911,2,,,2,,,0,0,1,0,0,0,0.00628873013139031,0.00471270232486032,""
"State of Libya",2015,"Original","VARX",24,6,0.71365,"ok","",0.877972570998163,2,,,2,,,0,0,0,0,0,0,0.000231209328798498,0.00101211869855422,""
"State of Qatar",2015,"Original","VARX",24,6,0.81187,"ok","",0.964198289636197,2,,,2,,,4,0,0,0,0,0,0.00613553695818647,2.46815162274761e-06,""
"Sultanate of Oman",2015,"Original","VARX",24,6,0.7436,"ok","",0.993935995929555,2,,,2,,,6,0,0,0,0,0,0.000127375847572386,0.298205529940121,""
"Swiss Confederation",2015,"Original","VARX",24,6,0.92183,"ok","",0.949246587169327,2,,,2,,,0,0,0,0,0,0,4.14976941112144e-05,2.39220738148527e-05,""
"Syrian Arab Republic",2015,"Original","VARX",24,6,0.60228,"ok","",1.11118781966457,2,,,2,,,3,0,2,0,0,0,0.000622373112022845,0.242383057965138,""
"Taiwan (Province of China)",2015,"Original","VARX",24,6,0.85006,"ok","",1.02740223271245,2,,,2,,,0,0,0,0,0,0,1.86993521222867e-07,0.00313512504389912,""
"Togolese Republic",2015,"Original","VARX",24,6,0.3656,"ok","",0.984052107769732,2,,,2,,,6,0,0,0,0,0,2.52845140441549e-05,0.00878986769699808,""
"Tokelau",2015,"Original","VARX",24,6,0.6588,"ok","",0.943227475512768,2,,,2,,,0,0,0,0,0,0,0.0150293336755181,0.000181254848326318,""
"Turkmenistan",2015,"Original","VARX",24,6,0.65335,"ok","",1.00762057483181,2,,,2,,,5,0,6,0,0,0,1.17501766764283e-05,0.000869986998036199,""
"Tuvalu",2015,"Original","VARX",24,6,0.54405,"ok","",0.901503260208904,2,,,2,,,0,0,6,0,0,0,1.28283781081207e-05,5.59222245188895e-06,""
"Ukraine",2015,"Original","VARX",24,6,0.74379,"ok","",0.985139576724924,2,,,2,,,1,0,6,0,0,0,0.0022137322676602,0.00483022747072803,""
"Union of the Comoros",2015,"Original","VARX",24,6,0.44471,"ok","",1.10620758068885,2,,,2,,,0,0,3,0,0,0,0.0118721256105336,1.32097982838975e-05,""
"United Arab Emirates",2015,"Original","VARX",24,6,0.83418,"ok","",1.03150798178602,2,,,2,,,0,0,0,0,0,0,0.183629334727319,0.0709026381700792,""
"United Kingdom of Great Britain and Northern Ireland",2015,"Original","VARX",24,6,0.83895,"ok","",1.01769869022945,2,,,2,,,0,0,0,0,0,0,0.00923858223496909,0.00225778187107395,""
"United Mexican States",2015,"Original","VARX",24,6,0.6289,"ok","",0.989567854308231,2,,,2,,,0,0,0,0,0,0,0.000162632999105017,1.2298590873927e-05,""
"United Republic of Tanzania",2015,"Original","VARX",24,6,0.39428,"ok","",1.14167837868197,2,,,2,,,0,0,4,0,0,0,0.0225761852137738,0.000262636226312285,""
"United States Virgin Islands",2015,"Original","VARX",24,6,0.80789,"ok","",1.02306914381561,2,,,2,,,0,0,0,0,0,0,6.78544847065865e-05,5.84354145828359e-05,""
"United States of America",2015,"Original","VARX",24,6,0.84437,"ok","",0.889038632282135,2,,,2,,,3,0,0,0,0,0,0.000529491451164876,0.000527183648799889,""
"American Samoa",2015,"Original","ARIMAX",24,6,0.69716,"ok","",,2,0,1,2,0,1,0,0,0,0,0,0,0.660512767448249,0.812946207668895,""
"Antigua and Barbuda",2015,"Original","ARIMAX",24,6,0.72837,"ok","",,2,0,1,1,0,0,0,0,0,0,0,0,0.108276229377035,4.11864777016824e-06,""
"Arab Republic of Egypt",2015,"Original","ARIMAX",24,6,0.54437,"ok","",,2,1,1,3,0,1,0,0,0,0,0,0,0.558729819771228,0.754867610312687,""
"Argentine Republic",2015,"Original","ARIMAX",24,6,0.69171,"ok","",,2,0,2,2,0,3,0,0,0,0,0,0,0.572276499033192,0.30825362892988,""
"Australia",2015,"Original","ARIMAX",24,6,0.82486,"ok","",,2,0,2,2,0,2,0,0,0,0,0,0,0.138435105473264,0.198254784475742,""
"Barbados",2015,"Original","ARIMAX",24,6,0.7326,"ok","",,3,0,1,2,0,0,0,0,0,0,0,0,0.62492649484197,0.0218572834102386,""
"Belize",2015,"Original","ARIMAX",24,6,0.58328,"ok","",,1,0,0,2,0,1,0,0,0,0,0,0,5.89210327262002e-05,0.00143327462642995,""
"Bermuda",2015,"Original","ARIMAX",24,6,0.808,"ok","",,4,0,0,1,0,0,0,0,0,0,0,0,0.0446969754678435,4.47662338065591e-06,""
"Bolivarian Republic of Venezuela",2015,"Original","ARIMAX",24,6,0.61068,"ok","",,2,0,0,2,0,1,0,0,0,0,0,0,0.00802200280058962,0.08673002533819,""
"Bosnia and Herzegovina",2015,"Original","ARIMAX",24,6,0.70045,"ok","",,2,0,1,0,0,0,0,0,0,0,0,0,0.301852632557775,3.80440734470966e-09,""
"Brunei Darussalam",2015,"Original","ARIMAX",24,6,0.79137,"ok","",,2,0,1,1,0,0,0,0,0,0,0,0,0.446143425120811,4.19613673043884e-05,""
"Burkina Faso",2015,"Original","ARIMAX",24,6,0.25021,"ok","",,4,0,0,3,0,1,0,0,0,0,0,0,0.926024467135864,0.90688925599478,""
"Canada",2015,"Original","ARIMAX",24,6,0.85953,"ok","",,2,0,2,4,0,0,0,0,0,0,0,0,0.863677999911713,0.412129752369819,""
"Central African Republic",2015,"Original","ARIMAX",24,6,0.29083,"ok","",,4,0,0,4,0,1,0,0,0,0,0,0,0.943473789857653,0.965472373072644,""
"Commonwealth of Dominica",2015,"Original","ARIMAX",24,6,0.72479,"ok","",,2,0,2,3,0,1,0,0,0,0,0,0,0.467994556508502,0.757851662884642,""
"Commonwealth of the Bahamas",2015,"Original","ARIMAX",24,6,0.78996,"ok","",,2,0,1,1,0,0,0,0,0,0,0,0,0.33554189488246,3.77656355110556e-06,""
"Cook Islands",2015,"Original","ARIMAX",24,6,0.74655,"ok","",,2,0,0,2,0,1,0,0,0,0,0,0,0.0375893421907044,0.492020320227609,""
"Czech Republic",2015,"Original","ARIMAX",24,6,0.81656,"ok","",,2,0,2,2,0,1,0,0,0,0,0,0,0.175020590752548,0.159419634422484,""
"Democratic People's Republic of Korea",2015,"Original","ARIMAX",24,6,0.55732,"ok","",,4,0,0,1,0,0,0,0,0,0,0,0,0.742372285109509,0.000106445041159531,""
"Democratic Republic of Sao Tome and Principe",2015,"Original","ARIMAX",24,6,0.45405,"ok","",,2,0,2,2,0,1,0,0,0,0,0,0,0.73525073377266,0.110828109849329,""
"Democratic Republic of Timor-Leste",2015,"Original","ARIMAX",24,6,0.42638,"ok","",,2,0,2,3,0,1,0,0,0,0,0,0,0.346627320850331,0.123153374437158,""
"Democratic Republic of the Congo",2015,"Original","ARIMAX",24,6,0.33242,"ok","",,2,2,0,2,2,0,0,0,0,0,0,0,0.613166870466492,0.917666946008078,""
"Democratic Socialist Republic of Sri Lanka",2015,"Original","ARIMAX",24,6,0.66976,"ok","",,2,0,2,2,0,2,0,0,0,0,0,0,0.186017162295895,0.205830216029027,""
"Dominican Republic",2015,"Original","ARIMAX",24,6,0.59292,"ok","",,4,0,0,4,0,0,0,0,0,0,0,0,0.207248922211833,0.129839710671954,""
"Eastern Republic of Uruguay",2015,"Original","ARIMAX",24,6,0.6806,"ok","",,3,0,1,2,0,2,0,0,0,0,0,0,0.24037247144892,0.246357634056103,""
"Federal Democratic Republic of Ethiopia",2015,"Original","ARIMAX",24,6,0.31074,"ok","",,5,0,0,4,0,0,0,0,0,0,0,0,0.748192706434932,0.214934919012838,""
"Federal Democratic Republic of Nepal",2015,"Original","ARIMAX",24,6,0.39502,"ok","",,3,0,0,1,0,0,0,0,0,0,0,0,0.968087890833167,2.23442361367843e-05,""
"Federal Republic of Germany",2015,"Original","ARIMAX",24,6,0.88887,"ok","",,2,0,0,2,0,1,0,0,0,0,0,0,0.661395500566753,0.294912716104248,""
"Federal Republic of Nigeria",2015,"Original","ARIMAX",24,6,0.45724,"ok","",,4,0,0,2,0,2,0,0,0,0,0,0,0.690172264721856,0.0163195794382405,""
"Federal Republic of Somalia",2015,"Original","ARIMAX",24,6,0.06981,"ok","",,3,0,1,2,0,2,0,0,0,0,0,0,0.687225507431768,0.431640761019354,""
"Federated States of Micronesia",2015,"Original","ARIMAX",24,6,0.56715,"ok","",,4,0,0,4,0,0,0,0,0,0,0,0,0.171739704307813,0.318183977507373,""
"Federative Republic of Brazil",2015,"Original","ARIMAX",24,6,0.62815,"ok","",,4,0,0,0,0,0,0,0,0,0,0,0,0.0669925247785612,5.59250512566223e-09,""
"French Republic",2015,"Original","ARIMAX",24,6,0.82024,"ok","",,4,0,0,3,0,0,0,0,0,0,0,0,0.0288099371602607,0.584812545614832,""
"Gabonese Republic",2015,"Original","ARIMAX",24,6,0.58836,"ok","",,0,0,0,4,0,0,0,0,0,0,0,0,1.05852873133472e-07,0.143700163020008,""
"Georgia",2015,"Original","ARIMAX",24,6,0.69732,"ok","",,2,2,0,2,2,0,0,0,0,0,0,0,0.310852190956986,0.904907946675315,""
"Grand Duchy of Luxembourg",2015,"Original","ARIMAX",24,6,0.87011,"ok","",,5,0,0,2,0,0,0,0,0,0,0,0,0.102322471055914,0.0191814403562155,""
"Greenland",2015,"Original","ARIMAX",24,6,0.81772,"ok","",,2,0,0,2,0,0,0,0,0,0,0,0,0.161756836638927,0.982279932428158,""
"Grenada",2015,"Original","ARIMAX",24,6,0.63894,"ok","",,2,0,2,2,0,2,0,0,0,0,0,0,0.0313651547962093,0.294550488472278,""
"Guam",2015,"Original","ARIMAX",24,6,0.77672,"ok","",,2,0,1,4,0,0,0,0,0,0,0,0,0.942187862606773,0.478414000806508,""
"Hashemite Kingdom of Jordan",2015,"Original","ARIMAX",24,6,0.69295,"ok","",,4,0,0,1,0,0,0,0,0,0,0,0,0.240551558967607,2.18937103491079e-06,""
"Hellenic Republic",2015,"Original","ARIMAX",24,6,0.78249,"ok","",,3,0,0,3,0,1,0,0,0,0,0,0,0.602603242376957,0.842504640448079,""
"Hungary",2015,"Original","ARIMAX",24,6,0.77405,"ok","",,3,0,0,3,0,0,0,0,0,0,0,0,0.244269025417284,0.141008210740481,""
"Independent State of Papua New Guinea",2015,"Original","ARIMAX",24,6,0.39829,"ok","",,2,0,2,2,0,1,0,0,0,0,0,0,0.349507673527721,0.565229667134638,""
"Independent State of Samoa",2015,"Original","ARIMAX",24,6,0.572,"ok","",,4,0,0,2,0,1,0,0,0,0,0,0,0.71284749982285,0.60724419992785,""
"Ireland",2015,"Original","ARIMAX",24,6,0.84744,"ok","",,2,0,1,2,0,2,0,0,0,0,0,0,0.464245940808681,0.860585945246117,""
"Islamic Republic of Afghanistan",2015,"Original","ARIMAX",24,6,0.29185,"ok","",,2,0,0,3,0,0,0,0,0,0,0,0,0.00138825073686377,0.759347725500807,""
"Islamic Republic of Iran",2015,"Original","ARIMAX",24,6,0.66206,"ok","",,2,0,1,1,0,0,0,0,0,0,0,0,0.186046892473348,1.75482961495277e-11,""
"Islamic Republic of Mauritania",2015,"Original","ARIMAX",24,6,0.45452,"ok","",,1,0,0,4,0,0,0,0,0,0,0,0,1.97866980731209e-05,0.168684206264459,""
"Islamic Republic of Pakistan",2015,"Original","ARIMAX",24,6,0.46479,"ok","",,2,0,0,2,0,2,0,0,0,0,0,0,0.0307260192069068,0.565521150632189,""
"Jamaica",2015,"Original","ARIMAX",24,6,0.66247,"ok","",,2,0,1,2,0,2,0,0,0,0,0,0,0.00863199940934656,0.50516968732111,""
"Japan",2015,"Original","ARIMAX",24,6,0.8561,"ok","",,2,0,1,0,0,0,0,0,0,0,0,0,0.769716090528511,4.35026319411946e-08,""
"Kingdom of Bahrain",2015,"Original","ARIMAX",24,6,0.71993,"ok","",,1,0,0,2,0,2,0,0,0,0,0,0,0.0125137020977935,0.657395845642438,""
"Kingdom of Belgium",2015,"Original","ARIMAX",24,6,0.83588,"ok","",,4,0,0,4,0,0,0,0,0,0,0,0,0.303425664559265,0.813445865936183,""
"Kingdom of Bhutan",2015,"Original","ARIMAX",24,6,0.44181,"ok","",,4,0,0,3,0,1,0,0,0,0,0,0,0.691563535176934,0.6830203731236,""
"Kingdom of Cambodia",2015,"Original","ARIMAX",24,6,0.43949,"ok","",,4,0,0,4,0,0,0,0,0,0,0,0,0.306139316900975,0.967449825025821,""
"Kingdom of Denmark",2015,"Original","ARIMAX",24,6,0.87854,"ok","",,2,0,2,2,0,2,0,0,0,0,0,0,0.111388968196655,0.0440453460693087,""
"Kingdom of Eswatini",2015,"Original","ARIMAX",24,6,0.55537,"ok","",,1,0,0,4,0,0,0,0,0,0,0,0,1.71535101978204e-05,0.183165151747222,""
"Kingdom of Lesotho",2015,"Original","ARIMAX",24,6,0.47975,"ok","",,2,0,2,1,0,0,0,0,0,0,0,0,0.431647417153223,0.0360877122785482,""
"Kingdom of Morocco",2015,"Original","ARIMAX",24,6,0.51558,"ok","",,2,0,2,2,0,0,0,0,0,0,0,0,0.249663255291609,0.0119020867477689,""
"Kingdom of Norway",2015,"Original","ARIMAX",24,6,0.89891,"ok","",,2,0,0,2,0,2,0,0,0,0,0,0,0.0684402840256735,0.0694605964139781,""
"Kingdom of Saudi Arabia",2015,"Original","ARIMAX",24,6,0.7823,"ok","",,0,0,0,3,0,0,0,0,0,0,0,0,5.41763575112597e-08,0.00862426666232985,""
"Kingdom of Spain",2015,"Original","ARIMAX",24,6,0.75227,"ok","",,2,0,2,2,0,2,0,0,0,0,0,0,0.327738021395434,0.228273363003089,""
"Kingdom of Sweden",2015,"Original","ARIMAX",24,6,0.87239,"ok","",,4,0,0,0,0,0,0,0,0,0,0,0,0.860555355878917,0.000537720113842011,""
"Kingdom of Thailand",2015,"Original","ARIMAX",24,6,0.65402,"ok","",,2,0,0,2,0,2,0,0,0,0,0,0,0.00320559025878464,0.0366071879456901,""
"Kingdom of Tonga",2015,"Original","ARIMAX",24,6,0.59497,"ok","",,2,0,1,4,0,0,0,0,0,0,0,0,0.157161213324389,0.0886741790466712,""
"Kingdom of the Netherlands",2015,"Original","ARIMAX",24,6,0.8744,"ok","",,2,0,0,1,0,0,0,0,0,0,0,0,0.171544243518747,1.99984044546575e-07,""
"Kyrgyz Republic",2015,"Original","ARIMAX",24,6,0.57546,"ok","",,4,0,0,5,0,0,0,0,0,0,0,0,0.432606601581177,0.554496180854398,""
"Lao People's Democratic Republic",2015,"Original","ARIMAX",24,6,0.45275,"ok","",,3,0,1,3,0,1,0,0,0,0,0,0,0.585012315252919,0.85293546016977,""
"Lebanese Republic",2015,"Original","ARIMAX",24,6,0.7187,"ok","",,4,0,0,1,0,0,0,0,0,0,0,0,0.234920039451217,8.86925155541007e-09,""
"Malaysia",2015,"Original","ARIMAX",24,6,0.71466,"ok","",,4,0,0,3,0,1,0,0,0,0,0,0,0.903126951466399,0.536876182445455,""
"Mongolia",2015,"Original","ARIMAX",24,6,0.59686,"ok","",,4,0,0,2,0,1,0,0,0,0,0,0,0.380498401663664,0.0221143025263631,""
"Montenegro",2015,"Original","ARIMAX",24,6,0.77056,"ok","",,3,0,0,2,0,1,0,0,0,0,0,0,0.643889949647109,0.208379557041742,""
"New Zealand",2015,"Original","ARIMAX",24,6,0.82746,"ok","",,4,0,0,3,0,1,0,0,0,0,0,0,0.154392206365716,0.402693860888464,""
"North Macedonia",2015,"Original","ARIMAX",24,6,0.7286,"ok","",,2,0,2,2,0,2,0,0,0,0,0,0,0.0387628241399034,0.377469378531156,""
"Northern Mariana Islands",2015,"Original","ARIMAX",24,6,0.7438,"ok","",,0,2,0,2,2,0,0,0,0,0,0,0,1.76444705846102e-07,0.846969734733288,""
"Palestine",2015,"Original","ARIMAX",24,6,0.5792,"ok","",,2,0,2,2,0,2,0,0,0,0,0,0,0.340689188515032,0.0922730289835788,""
"People's Democratic Republic of Algeria",2015,"Original","ARIMAX",24,6,0.62675,"ok","",,3,0,0,1,0,0,0,0,0,0,0,0,0.105259815302862,4.76787024628056e-06,""
"People's Republic of Bangladesh",2015,"Original","ARIMAX",24,6,0.42548,"ok","",,4,0,0,1,0,0,0,0,0,0,0,0,0.476593030974727,2.00907388614446e-07,""
"People's Republic of China",2015,"Original","ARIMAX",24,6,0.67194,"ok","",,4,0,0,3,0,1,0,0,0,0,0,0,0.365943117582659,0.858820778565307,""
"Plurinational State of Bolivia",2015,"Original","ARIMAX",24,6,0.567,"ok","",,4,0,0,2,0,1,0,0,0,0,0,0,0.124774986960675,0.00450852036876448,""
"Portuguese Republic",2015,"Original","ARIMAX",24,6,0.72576,"ok","",,3,0,0,3,0,1,0,0,0,0,0,0,0.0573817861299352,0.854351249916788,""
"Principality of Andorra",2015,"Original","ARIMAX",24,6,0.85359,"ok","",,2,0,0,2,0,0,0,0,0,0,0,0,0.944169314189835,0.918717990049048,""
"Principality of Monaco",2015,"Original","ARIMAX",24,6,0.89836,"ok","",,3,0,0,2,0,2,0,0,0,0,0,0,0.0367210744626479,0.235444052769327,""
"Puerto Rico",2015,"Original","ARIMAX",24,6,0.7918,"ok","",,2,0,2,2,0,1,0,0,0,0,0,0,0.381997020287268,0.751252707093037,""
"Republic of Albania",2015,"Original","ARIMAX",24,6,0.67967,"ok","",,2,0,2,2,0,2,0,0,0,0,0,0,0.259572139559767,0.0504142021985855,""
"Republic of Angola",2015,"Original","ARIMAX",24,6,0.41137,"ok","",,2,0,1,1,0,0,0,0,0,0,0,0,0.588160338599955,8.16258794866798e-06,""
"Republic of Armenia",2015,"Original","ARIMAX",24,6,0.67805,"ok","",,2,0,0,2,0,0,0,0,0,0,0,0,0.0605466284191951,0.199359535296661,""
"Republic of Austria",2015,"Original","ARIMAX",24,6,0.83758,"ok","",,3,0,0,1,0,0,0,0,0,0,0,0,0.13514365382045,6.91551839171467e-06,""
"Republic of Azerbaijan",2015,"Original","ARIMAX",24,6,0.67624,"ok","",,2,2,0,3,0,1,0,0,0,0,0,0,0.364451447889464,0.464838813935471,""
"Republic of Belarus",2015,"Original","ARIMAX",24,6,0.75821,"ok","",,4,0,0,4,0,0,0,0,0,0,0,0,0.673525865266304,0.245480839536365,""
"Republic of Benin",2015,"Original","ARIMAX",24,6,0.33222,"ok","",,2,0,1,0,0,0,0,0,0,0,0,0,0.129196279510843,5.64762858701329e-09,""
"Republic of Botswana",2015,"Original","ARIMAX",24,6,0.61541,"ok","",,2,0,2,0,0,0,0,0,0,0,0,0,0.514730786554636,9.44934741564651e-09,""
"Republic of Bulgaria",2015,"Original","ARIMAX",24,6,0.74898,"ok","",,4,0,0,1,0,0,0,0,0,0,0,0,0.59480137896225,5.28582950494183e-05,""
"Republic of Burundi",2015,"Original","ARIMAX",24,6,0.26733,"ok","",,2,0,0,3,2,0,0,0,0,0,0,0,1.62335562542415e-05,0.419235107416454,""
"Republic of Cabo Verde",2015,"Original","ARIMAX",24,6,0.49523,"ok","",,1,0,0,2,0,2,0,0,0,0,0,0,5.60388472292672e-07,0.2672051161246,""
"Republic of Cameroon",2015,"Original","ARIMAX",24,6,0.43083,"ok","",,2,0,0,3,0,0,0,0,0,0,0,0,0.0110962487556209,0.0196778807397759,""
"Republic of Chad",2015,"Original","ARIMAX",24,6,0.21243,"ok","",,4,0,0,4,0,0,0,0,0,0,0,0,0.320453511722195,0.232423302909944,""
"Republic of Chile",2015,"Original","ARIMAX",24,6,0.7361,"ok","",,4,0,0,4,0,0,0,0,0,0,0,0,0.619361759709043,0.680793177618336,""
"Republic of Colombia",2015,"Original","ARIMAX",24,6,0.62089,"ok","",,1,0,0,4,0,0,0,0,0,0,0,0,6.12038001390758e-08,0.108634458133779,""
"Republic of Costa Rica",2015,"Original","ARIMAX",24,6,0.66203,"ok","",,3,0,0,2,0,1,0,0,0,0,0,0,0.962230420857121,0.802860726073816,""
"Republic of Croatia",2015,"Original","ARIMAX",24,6,0.77787,"ok","",,2,0,2,3,0,0,0,0,0,0,0,0,0.238883093336583,0.0597125925818611,""
"Republic of Cuba",2015,"Original","ARIMAX",24,6,0.64282,"ok","",,3,0,0,1,0,0,0,0,0,0,0,0,0.0449016172437362,0.00052219268705811,""
"Republic of Cyprus",2015,"Original","ARIMAX",24,6,0.82273,"ok","",,2,0,2,1,0,0,0,0,0,0,0,0,0.41505276381284,3.30186398367349e-06,""
"Republic of Côte d'Ivoire",2015,"Original","ARIMAX",24,6,0.38349,"ok","",,3,0,0,1,0,0,0,0,0,0,0,0,0.00300049019191828,6.2759333065987e-06,""
"Republic of Djibouti",2015,"Original","ARIMAX",24,6,0.44586,"ok","",,2,0,0,4,0,0,0,0,0,0,0,0,0.0188875522981986,0.0775590393325949,""
"Republic of Ecuador",2015,"Original","ARIMAX",24,6,0.62855,"ok","",,3,0,1,4,0,0,0,0,0,0,0,0,0.213716956093313,0.128599330346389,""
"Republic of El Salvador",2015,"Original","ARIMAX",24,6,0.52939,"ok","",,2,0,1,1,0,0,0,0,0,0,0,0,0.029955760044207,9.99963421288719e-07,""
"Republic of Equatorial Guinea",2015,"Original","ARIMAX",24,6,0.61313,"ok","",,4,0,0,2,0,0,0,0,0,0,0,0,0.133905265813314,0.00340899763433888,""
"Republic of Estonia",2015,"Original","ARIMAX",24,6,0.82322,"ok","",,2,0,2,4,0,1,0,0,0,0,0,0,0.277101142271342,0.58452475364991,""
"Republic of Fiji",2015,"Original","ARIMAX",24,6,0.64503,"ok","",,3,0,1,2,0,2,0,0,0,0,0,0,0.937035548148568,0.297000086124448,""
"Republic of Finland",2015,"Original","ARIMAX",24,6,0.84088,"ok","",,1,0,0,3,0,0,0,0,0,0,0,0,3.03484158692413e-07,0.412867142251982,""
"Republic of Ghana",2015,"Original","ARIMAX",24,6,0.52154,"ok","",,3,0,1,2,0,2,0,0,0,0,0,0,0.648565156594919,0.475513530335445,""
"Republic of Guatemala",2015,"Original","ARIMAX",24,6,0.50066,"ok","",,4,0,0,1,0,0,0,0,0,0,0,0,0.0371552656409321,1.18647314195641e-10,""
"Republic of Guinea",2015,"Original","ARIMAX",24,6,0.29236,"ok","",,1,0,0,2,0,2,0,0,0,0,0,0,5.88363670228631e-06,0.886176695855643,""
"Republic of Guinea-Bissau",2015,"Original","ARIMAX",24,6,0.31709,"ok","",,2,0,1,4,0,0,0,0,0,0,0,0,0.821217440541647,0.695829741153144,""
"Republic of Guyana",2015,"Original","ARIMAX",24,6,0.60761,"ok","",,2,0,2,4,0,0,0,0,0,0,0,0,0.281377919465317,0.177736164680128,""
"Republic of Haiti",2015,"Original","ARIMAX",24,6,0.43176,"ok","",,4,0,0,2,0,3,0,0,0,0,0,0,0.441784979441961,0.59781576436783,""
"Republic of Honduras",2015,"Original","ARIMAX",24,6,0.48229,"ok","",,2,0,1,2,0,1,0,0,0,0,0,0,0.158269902796082,0.155283196917377,""
"Republic of Iceland",2015,"Original","ARIMAX",24,6,0.85772,"ok","",,4,0,0,1,0,0,0,0,0,0,0,0,0.0658123637446034,8.49121431556465e-06,""
"Republic of India",2015,"Original","ARIMAX",24,6,0.52124,"ok","",,4,0,0,3,0,1,0,0,0,0,0,0,0.621454932200581,0.907170184392904,""
"Republic of Indonesia",2015,"Original","ARIMAX",24,6,0.62222,"ok","",,4,0,0,2,0,1,0,0,0,0,0,0,0.307185376997633,0.561651993177396,""
"Republic of Iraq",2015,"Original","ARIMAX",24,6,0.59949,"ok","",,1,0,0,2,0,2,0,0,0,0,0,0,2.63143462087001e-06,0.0151961858473444,""
"Republic of Italy",2015,"Original","ARIMAX",24,6,0.7899,"ok","",,2,0,1,2,0,1,0,0,0,0,0,0,0.295707001729377,0.0215031597458112,""
"Republic of Kazakhstan",2015,"Original","ARIMAX",24,6,0.70823,"ok","",,3,0,0,2,0,2,0,0,0,0,0,0,0.0277105461523309,0.0942102308426362,""
"Republic of Kenya",2015,"Original","ARIMAX",24,6,0.47308,"ok","",,3,0,1,3,0,0,0,0,0,0,0,0,0.776808038534324,0.00855748504967291,""
"Republic of Kiribati",2015,"Original","ARIMAX",24,6,0.50006,"ok","",,3,0,2,3,0,1,0,0,0,0,0,0,0.0760271736522536,0.384352272572282,""
"Republic of Korea",2015,"Original","ARIMAX",24,6,0.86391,"ok","",,3,0,1,4,0,0,0,0,0,0,0,0,0.565582532231751,0.148456614826327,""
"Republic of Latvia",2015,"Original","ARIMAX",24,6,0.80699,"ok","",,2,0,2,3,0,0,0,0,0,0,0,0,0.0993098778187393,0.01223861817031,""
"Republic of Liberia",2015,"Original","ARIMAX",24,6,0.31849,"ok","",,2,0,2,4,0,0,0,0,0,0,0,0,0.402459048793507,0.872227940846939,""
"Republic of Lithuania",2015,"Original","ARIMAX",24,6,0.82311,"ok","",,2,0,2,4,0,0,0,0,0,0,0,0,0.223019331981314,0.401118507960641,""
"Republic of Madagascar",2015,"Original","ARIMAX",24,6,0.35044,"ok","",,4,0,0,2,0,0,0,0,0,0,0,0,0.416713797750839,0.0674498184941626,""
"Republic of Malawi",2015,"Original","ARIMAX",24,6,0.33614,"ok","",,4,0,0,2,0,2,0,0,0,0,0,0,0.399398709834433,0.752619040391044,""
"Republic of Maldives",2015,"Original","ARIMAX",24,6,0.61845,"ok","",,4,0,0,3,0,1,0,0,0,0,0,0,0.423255576817995,0.0826407745979643,""
"Republic of Mali",2015,"Original","ARIMAX",24,6,0.22983,"ok","",,4,0,0,4,0,0,0,0,0,0,0,0,0.560953006156711,0.413535611811255,""
"Republic of Malta",2015,"Original","ARIMAX",24,6,0.77728,"ok","",,4,0,0,1,0,0,0,0,0,0,0,0,0.351420614729035,8.07149393722284e-06,""
"Republic of Mauritius",2015,"Original","ARIMAX",24,6,0.69224,"ok","",,3,0,0,4,0,0,0,0,0,0,0,0,0.11777436456546,0.181161793546241,""
"Republic of Moldova",2015,"Original","ARIMAX",24,6,0.69936,"ok","",,2,0,3,1,0,0,0,0,0,0,0,0,0.333260836895671,2.75830446261338e-08,""
"Republic of Mozambique",2015,"Original","ARIMAX",24,6,0.28103,"ok","",,2,0,1,0,0,0,0,0,0,0,0,0,0.199248235129013,4.32869557642768e-07,""
"Republic of Namibia",2015,"Original","ARIMAX",24,6,0.58982,"ok","",,2,0,1,1,0,0,0,0,0,0,0,0,0.0278409015343366,1.68409111522827e-06,""
"Republic of Nauru",2015,"Original","ARIMAX",24,6,0.58128,"ok","",,2,2,0,2,1,1,0,0,0,0,0,0,0.460303682340181,0.96792699670506,""
"Republic of Nicaragua",2015,"Original","ARIMAX",24,6,0.49639,"ok","",,3,0,1,3,0,0,0,0,0,0,0,0,0.83794185911166,0.017610709935438,""
"Republic of Niue",2015,"Original","ARIMAX",24,6,0.70423,"ok","",,2,0,1,4,0,0,0,0,0,0,0,0,0.683334607611659,0.219644127136337,""
"Republic of Palau",2015,"Original","ARIMAX",24,6,0.73817,"ok","",,3,0,0,2,0,1,0,0,0,0,0,0,0.00183182068234744,0.0288774489232577,""
"Republic of Panama",2015,"Original","ARIMAX",24,6,0.65796,"ok","",,1,0,0,2,0,2,0,0,0,0,0,0,2.96900915910392e-05,0.0983300987037353,""
"Republic of Paraguay",2015,"Original","ARIMAX",24,6,0.60048,"ok","",,2,0,2,2,0,1,0,0,0,0,0,0,0.482425018514688,0.0329790935700924,""
"Republic of Peru",2015,"Original","ARIMAX",24,6,0.63628,"ok","",,2,0,2,1,0,0,0,0,0,0,0,0,0.200488759140772,3.81246880998276e-06,""
"Republic of Poland",2015,"Original","ARIMAX",24,6,0.78745,"ok","",,2,0,2,2,0,2,0,0,0,0,0,0,0.387662444819032,0.214848865978826,""
"Republic of Rwanda",2015,"Original","ARIMAX",24,6,0.3899,"ok","",,1,0,0,2,0,0,0,0,0,0,0,0,0.00201215660306608,0.797405142635351,""
"Republic of San Marino",2015,"Original","ARIMAX",24,6,0.88469,"ok","",,3,0,0,0,0,0,0,0,0,0,0,0,0.0604146249176488,0.000249690651592749,""
"Republic of Senegal",2015,"Original","ARIMAX",24,6,0.36414,"ok","",,4,0,0,3,0,1,0,0,0,0,0,0,0.864195518842098,0.694533060708289,""
"Republic of Serbia",2015,"Original","ARIMAX",24,6,0.76984,"ok","",,2,0,1,1,0,0,0,0,0,0,0,0,0.203803075746073,0.0286269751014538,""
"Republic of Seychelles",2015,"Original","ARIMAX",24,6,0.70172,"ok","",,0,0,0,1,0,0,0,0,0,0,0,0,7.19501043189297e-08,5.46537054879614e-06,""
"Republic of Sierra Leone",2015,"Original","ARIMAX",24,6,0.317,"ok","",,2,0,0,2,0,2,0,0,0,0,0,0,0.293423273233808,0.058220621091048,""
"Republic of Singapore",2015,"Original","ARIMAX",24,6,0.8454,"ok","",,2,0,2,2,0,1,0,0,0,0,0,0,0.527595352577753,0.44532742935471,""
"Republic of Slovenia",2015,"Original","ARIMAX",24,6,0.82984,"ok","",,4,0,0,1,0,0,0,0,0,0,0,0,0.21829253005268,2.25680363286074e-10,""
"Republic of South Africa",2015,"Original","ARIMAX",24,6,0.65842,"ok","",,4,0,0,1,0,0,0,0,0,0,0,0,0.503741051878868,6.12707972136306e-08,""
"Republic of South Sudan",2015,"Original","ARIMAX",24,6,0.27583,"ok","",,3,0,0,4,0,0,0,0,0,0,0,0,0.620606058752161,0.431399635386405,""
"Republic of Sudan",2015,"Original","ARIMAX",24,6,0.48655,"ok","",,2,0,1,4,0,0,0,0,0,0,0,0,0.659821761329276,0.187849243978502,""
"Republic of Suriname",2015,"Original","ARIMAX",24,6,0.6161,"ok","",,1,0,0,2,0,1,0,0,0,0,0,0,0.000295222435801046,0.0657916584254135,""
"Republic of Tajikistan",2015,"Original","ARIMAX",24,6,0.51578,"ok","",,2,2,0,2,2,0,0,0,0,0,0,0,0.444600915384849,0.832923564333895,""
"Republic of Trinidad and Tobago",2015,"Original","ARIMAX",24,6,0.75151,"ok","",,3,0,1,4,0,0,0,0,0,0,0,0,0.089854838557364,0.143210926067998,""
"Republic of Tunisia",2015,"Original","ARIMAX",24,6,0.65341,"ok","",,3,0,0,3,0,1,0,0,0,0,0,0,0.0439303357810107,0.86004583306694,""
"Republic of Turkey",2015,"Original","ARIMAX",24,6,0.66297,"ok","",,0,0,0,2,0,2,0,0,0,0,0,0,0.000348228267402662,0.298516119484292,""
"Republic of Uganda",2015,"Original","ARIMAX",24,6,0.37254,"ok","",,3,0,1,1,0,0,0,0,0,0,0,0,0.390320307430995,5.56302015564114e-09,""
"Republic of Uzbekistan",2015,"Original","ARIMAX",24,6,0.63981,"ok","",,2,0,2,2,0,1,0,0,0,0,0,0,0.0952966513956111,0.158974686413066,""
"Republic of Vanuatu",2015,"Original","ARIMAX",24,6,0.45033,"ok","",,2,0,1,2,0,2,0,0,0,0,0,0,0.245166762860684,0.183015046771781,""
"Republic of Yemen",2015,"Original","ARIMAX",24,6,0.4302,"ok","",,2,0,2,4,0,0,0,0,0,0,0,0,0.126047535713964,0.0347153645569236,""
"Republic of Zambia",2015,"Original","ARIMAX",24,6,0.44674,"ok","",,4,0,0,2,0,1,0,0,0,0,0,0,0.754640859911188,0.0137391314632898,""
"Republic of Zimbabwe",2015,"Original","ARIMAX",24,6,0.44655,"ok","",,3,2,0,2,1,2,0,0,0,0,0,0,0.40121936351915,0.884978993386014,""
"Republic of the Congo",2015,"Original","ARIMAX",24,6,0.54841,"ok","",,4,0,0,2,0,2,0,0,0,0,0,0,0.0959706364753991,0.767294825752147,""
"Republic of the Gambia",2015,"Original","ARIMAX",24,6,0.37584,"ok","",,2,0,2,4,0,0,0,0,0,0,0,0,0.147328878515846,0.835875257418401,""
"Republic of the Marshall Islands",2015,"Original","ARIMAX",24,6,0.54179,"ok","",,2,0,2,2,0,1,0,0,0,0,0,0,0.575410728843339,0.370739393439065,""
"Republic of the Niger",2015,"Original","ARIMAX",24,6,0.14544,"ok","",,3,0,0,2,0,0,0,0,0,0,0,0,0.750160170496191,0.00595686279691876,""
"Republic of the Philippines",2015,"Original","ARIMAX",24,6,0.60622,"ok","",,3,0,1,3,0,0,0,0,0,0,0,0,0.846753833418222,0.0011820172578425,""
"Republic of the Union of Myanmar",2015,"Original","ARIMAX",24,6,0.49737,"ok","",,2,0,1,3,0,1,0,0,0,0,0,0,0.609878424923311,0.904342873962858,""
"Romania",2015,"Original","ARIMAX",24,6,0.74347,"ok","",,2,0,1,2,0,1,0,0,0,0,0,0,0.220997195071535,0.172752651902086,""
"Russian Federation",2015,"Original","ARIMAX",24,6,0.78491,"ok","",,2,0,2,1,0,0,0,0,0,0,0,0,0.0562828570851374,8.71705717175875e-06,""
"Saint Kitts and Nevis",2015,"Original","ARIMAX",24,6,0.73222,"ok","",,4,0,0,1,0,0,0,0,0,0,0,0,0.0769363035979502,2.34479546890043e-10,""
"Saint Lucia",2015,"Original","ARIMAX",24,6,0.65216,"ok","",,4,0,0,1,0,0,0,0,0,0,0,0,0.112064362275773,6.5870986394323e-06,""
"Saint Vincent and the Grenadines",2015,"Original","ARIMAX",24,6,0.60375,"ok","",,2,0,2,2,0,2,0,0,0,0,0,0,0.118534315847556,0.277062057143767,""
"Slovak Republic",2015,"Original","ARIMAX",24,6,0.80039,"ok","",,2,0,2,1,0,0,0,0,0,0,0,0,0.146152303953665,3.9022118869525e-12,""
"Socialist Republic of Viet Nam",2015,"Original","ARIMAX",24,6,0.59285,"ok","",,2,0,2,2,0,1,0,0,0,0,0,0,0.151729232338768,0.00235177057007596,""
"Solomon Islands",2015,"Original","ARIMAX",24,6,0.40623,"ok","",,4,0,0,2,0,1,0,0,0,0,0,0,0.597758346036125,0.34902324830508,""
"State of Eritrea",2015,"Original","ARIMAX",24,6,0.37694,"ok","",,2,0,0,2,0,0,0,0,0,0,0,0,0.503101731139389,0.749936987374738,""
"State of Israel",2015,"Original","ARIMAX",24,6,0.78887,"ok","",,2,0,1,2,0,0,0,0,0,0,0,0,0.252627286592344,0.10758779762516,""
"State of Kuwait",2015,"Original","ARIMAX",24,6,0.817,"ok","",,3,0,0,2,0,1,0,0,0,0,0,0,0.383013096518898,0.157049369002667,""
"State of Libya",2015,"Original","ARIMAX",24,6,0.71365,"ok","",,4,0,0,1,0,1,0,0,0,0,0,0,0.338035327696927,0.000760060054536549,""
"State of Qatar",2015,"Original","ARIMAX",24,6,0.81187,"ok","",,2,0,2,2,0,1,0,0,0,0,0,0,0.803815639509627,0.302612735491305,""
"Sultanate of Oman",2015,"Original","ARIMAX",24,6,0.7436,"ok","",,3,0,1,2,0,1,0,0,0,0,0,0,0.438315574378442,0.279135152140554,""
"Swiss Confederation",2015,"Original","ARIMAX",24,6,0.92183,"ok","",,2,0,2,2,0,2,0,0,0,0,0,0,0.604587784647652,0.478613195849453,""
"Syrian Arab Republic",2015,"Original","ARIMAX",24,6,0.60228,"ok","",,4,0,0,3,0,1,0,0,0,0,0,0,0.614957071364114,0.768430838462389,""
"Taiwan (Province of China)",2015,"Original","ARIMAX",24,6,0.85006,"ok","",,2,0,1,4,0,0,0,0,0,0,0,0,0.817807132388205,0.497207251917716,""
"Togolese Republic",2015,"Original","ARIMAX",24,6,0.3656,"ok","",,2,0,2,3,0,0,0,0,0,0,0,0,0.0092513032631244,0.00339681295334238,""
"Tokelau",2015,"Original","ARIMAX",24,6,0.6588,"ok","",,2,0,0,2,0,1,0,0,0,0,0,0,0.583010492728455,0.0812775009545609,""
"Turkmenistan",2015,"Original","ARIMAX",24,6,0.65335,"ok","",,4,0,0,2,0,1,0,0,0,0,0,0,0.50992402620337,0.874592181660563,""
"Tuvalu",2015,"Original","ARIMAX",24,6,0.54405,"ok","",,2,0,0,3,0,1,0,0,0,0,0,0,0.347167818741256,0.361457793374178,""
"Ukraine",2015,"Original","ARIMAX",24,6,0.74379,"ok","",,2,0,2,1,0,0,0,0,0,0,0,0,0.780849876947495,0.0390983571724901,""
"Union of the Comoros",2015,"Original","ARIMAX",24,6,0.44471,"ok","",,3,0,1,2,0,1,0,0,0,0,0,0,0.763910369211775,0.619916170522182,""
"United Arab Emirates",2015,"Original","ARIMAX",24,6,0.83418,"ok","",,3,0,1,2,0,1,0,0,0,0,0,0,0.436335256793741,0.25582552022938,""
"United Kingdom of Great Britain and Northern Ireland",2015,"Original","ARIMAX",24,6,0.83895,"ok","",,1,0,0,2,0,2,0,0,0,0,0,0,0.000128567600874985,0.85548248308142,""
"United Mexican States",2015,"Original","ARIMAX",24,6,0.6289,"ok","",,3,0,0,2,0,1,0,0,0,0,0,0,0.733117040509135,0.324925019214362,""
"United Republic of Tanzania",2015,"Original","ARIMAX",24,6,0.39428,"ok","",,2,0,1,1,0,0,0,0,0,0,0,0,0.508929424985535,3.86851336875438e-05,""
"United States Virgin Islands",2015,"Original","ARIMAX",24,6,0.80789,"ok","",,2,0,1,2,0,2,0,0,0,0,0,0,0.630992164473102,0.642085900391742,""
"United States of America",2015,"Original","ARIMAX",24,6,0.84437,"ok","",,3,0,1,4,0,0,0,0,0,0,0,0,0.139384123668953,0.478686625032505,""
"American Samoa",2015,"Harmonized","VARX",24,6,0.69716,"ok","",1.11867108157126,2,,,2,,,0,0,0,0,0,0,0.000250134237449351,0.00258664008211285,""
"Antigua and Barbuda",2015,"Harmonized","VARX",24,6,0.72837,"ok","",1.00957285131712,2,,,2,,,0,0,0,0,0,0,0.000127748775240244,0.0375287906927347,""
"Arab Republic of Egypt",2015,"Harmonized","VARX",24,6,0.54437,"ok","",1.06590546397048,2,,,2,,,0,0,0,0,0,0,0.00351160714819299,0.0232220569682308,""
"Argentine Republic",2015,"Harmonized","VARX",24,6,0.69171,"ok","",1.00162795688744,2,,,2,,,0,0,0,0,0,0,5.88669363699168e-07,5.12454579738586e-05,""
"Australia",2015,"Harmonized","VARX",24,6,0.82486,"ok","",0.971574654173679,2,,,2,,,0,0,0,0,0,0,1.46172407087253e-05,0.000841320893944508,""
"Barbados",2015,"Harmonized","VARX",24,6,0.7326,"ok","",0.985328790072953,2,,,2,,,0,0,0,0,0,0,0.000123127407716916,3.97808292973423e-08,""
"Belize",2015,"Harmonized","VARX",24,6,0.58328,"ok","",0.977283821191417,2,,,2,,,0,0,0,0,0,0,5.92682591127325e-06,4.41681753440282e-05,""
"Bermuda",2015,"Harmonized","VARX",24,6,0.808,"ok","",1.03620122365929,2,,,2,,,0,0,0,0,0,0,3.73187079263371e-05,3.19855039077055e-06,""
"Bolivarian Republic of Venezuela",2015,"Harmonized","VARX",24,6,0.61068,"ok","",0.983019267418023,2,,,2,,,0,0,0,0,0,0,0.000214950101579459,3.86735376232128e-05,""
"Bosnia and Herzegovina",2015,"Harmonized","VARX",24,6,0.70045,"ok","",0.924097028096209,2,,,2,,,0,0,0,0,0,0,0.0142768589066541,7.49901881424986e-06,""
"Brunei Darussalam",2015,"Harmonized","VARX",24,6,0.79137,"ok","",1.11078250878601,2,,,2,,,0,0,0,0,0,0,0.00204222981438285,0.000724727574317852,""
"Burkina Faso",2015,"Harmonized","VARX",24,6,0.25021,"ok","",1.03786208213278,2,,,2,,,0,0,0,0,0,0,0.00516491065780278,0.0396109171765715,""
"Canada",2015,"Harmonized","VARX",24,6,0.85953,"ok","",1.03755577847998,2,,,2,,,0,0,0,0,0,0,6.00442813469826e-07,3.81461808119932e-05,""
"Central African Republic",2015,"Harmonized","VARX",24,6,0.29083,"ok","",1.06644357972025,2,,,2,,,0,0,0,0,0,0,0.00011334017988307,0.000146696892545872,""
"Commonwealth of Dominica",2015,"Harmonized","VARX",24,6,0.72479,"ok","",1.05479930918738,2,,,2,,,0,0,0,0,0,0,6.22365153045701e-05,0.00658110058949568,""
"Commonwealth of the Bahamas",2015,"Harmonized","VARX",24,6,0.78996,"ok","",1.08688831505369,2,,,2,,,0,0,0,0,0,0,0.000146371870614503,0.00159234765968097,""
"Cook Islands",2015,"Harmonized","VARX",24,6,0.74655,"ok","",0.934162080042949,2,,,2,,,0,0,0,0,0,0,0.00504154140708568,0.000805714004136981,""
"Czech Republic",2015,"Harmonized","VARX",24,6,0.81656,"ok","",0.931390962803008,2,,,2,,,0,0,0,0,0,0,1.65985045896822e-06,0.000523444048374122,""
"Democratic People's Republic of Korea",2015,"Harmonized","VARX",24,6,0.55732,"ok","",1.05070482078534,2,,,2,,,0,0,0,0,0,0,4.59730872269803e-05,0.00952222777286427,""
"Democratic Republic of Sao Tome and Principe",2015,"Harmonized","VARX",24,6,0.45405,"ok","",1.0158960628242,2,,,2,,,0,0,0,0,0,0,0.000777054269132327,9.82022935014371e-06,""
"Democratic Republic of Timor-Leste",2015,"Harmonized","VARX",24,6,0.42638,"ok","",1.02886808227418,2,,,2,,,0,0,0,0,0,0,0.0279273441464112,0.000194165064506979,""
"Democratic Republic of the Congo",2015,"Harmonized","VARX",24,6,0.33242,"ok","",1.05780454297684,2,,,2,,,0,0,0,0,0,0,2.28491403032605e-05,3.13029364651385e-08,""
"Democratic Socialist Republic of Sri Lanka",2015,"Harmonized","VARX",24,6,0.66976,"ok","",1.06591526116747,2,,,2,,,0,0,0,0,0,0,0.0124510393944678,4.75767739360755e-06,""
"Dominican Republic",2015,"Harmonized","VARX",24,6,0.59292,"ok","",1.02041936467028,2,,,2,,,0,0,0,0,0,0,0.00194328451269721,0.00150218026289795,""
"Eastern Republic of Uruguay",2015,"Harmonized","VARX",24,6,0.6806,"ok","",1.05448559884133,2,,,2,,,0,0,0,0,0,0,0.0025956075162975,0.000767958805431235,""
"Federal Democratic Republic of Ethiopia",2015,"Harmonized","VARX",24,6,0.31074,"ok","",1.01992157203214,2,,,2,,,0,0,0,0,0,0,2.43432972100166e-05,0.000407472878785398,""
"Federal Democratic Republic of Nepal",2015,"Harmonized","VARX",24,6,0.39502,"ok","",0.982524203678131,2,,,2,,,0,0,0,0,0,0,0.42900874843329,0.00883427185353614,""
"Federal Republic of Germany",2015,"Harmonized","VARX",24,6,0.88887,"ok","",1.02697568871464,2,,,2,,,0,0,0,0,0,0,0.036643813115752,2.57692516014707e-06,""
"Federal Republic of Nigeria",2015,"Harmonized","VARX",24,6,0.45724,"ok","",1.00812634902992,2,,,2,,,0,0,0,0,0,0,0.000157732129193233,2.96499689089735e-05,""
"Federal Republic of Somalia",2015,"Harmonized","VARX",24,6,0.06981,"ok","",1.05821820633598,2,,,2,,,0,0,0,0,0,0,0.000105528762027629,0.000581861532344408,""
"Federated States of Micronesia",2015,"Harmonized","VARX",24,6,0.56715,"ok","",1.08707450951918,2,,,2,,,0,0,0,0,0,0,1.69709776094429e-05,1.33122785072048e-05,""
"Federative Republic of Brazil",2015,"Harmonized","VARX",24,6,0.62815,"ok","",0.953982571220656,2,,,2,,,0,0,0,0,0,0,0.000540939684773756,3.97225577638549e-05,""
"French Republic",2015,"Harmonized","VARX",24,6,0.82024,"ok","",1.00319257749665,2,,,2,,,0,0,0,0,0,0,6.4671242715475e-06,0.207340041986835,""
"Gabonese Republic",2015,"Harmonized","VARX",24,6,0.58836,"ok","",1.01545011669835,2,,,2,,,0,0,0,0,0,0,0.000589875548645202,0.000322195474965037,""
"Georgia",2015,"Harmonized","VARX",24,6,0.69732,"ok","",1.0151128625184,2,,,2,,,0,0,0,0,0,0,0.000349802977458458,9.13605331334111e-05,""
"Grand Duchy of Luxembourg",2015,"Harmonized","VARX",24,6,0.87011,"ok","",1.01160002788253,2,,,2,,,0,0,0,0,0,0,7.05181933732257e-05,0.00188112356541947,""
"Greenland",2015,"Harmonized","VARX",24,6,0.81772,"ok","",1.02181662584908,2,,,2,,,0,0,0,0,0,0,0.0603266456052196,0.645188852602991,""
"Grenada",2015,"Harmonized","VARX",24,6,0.63894,"ok","",1.04388110302186,2,,,2,,,0,0,0,0,0,0,3.1038893178903e-05,5.71947173615417e-05,""
"Guam",2015,"Harmonized","VARX",24,6,0.77672,"ok","",0.909563300873411,2,,,2,,,0,0,0,0,0,0,0.0062641090927571,0.00133779480702623,""
"Hashemite Kingdom of Jordan",2015,"Harmonized","VARX",24,6,0.69295,"ok","",1.07800518080438,2,,,2,,,0,0,0,0,0,0,8.36488039945849e-05,0.000256542976490026,""
"Hellenic Republic",2015,"Harmonized","VARX",24,6,0.78249,"ok","",0.973483520639549,2,,,2,,,0,0,0,0,0,0,0.00563036777706127,0.00886760529316188,""
"Hungary",2015,"Harmonized","VARX",24,6,0.77405,"ok","",0.98787151338552,2,,,2,,,0,0,0,0,0,0,0.00767299239703834,0.00809085898354733,""
"Independent State of Papua New Guinea",2015,"Harmonized","VARX",24,6,0.39829,"ok","",1.02696478958362,2,,,2,,,0,0,0,0,0,0,0.000187533977720311,0.000525388849644481,""
"Independent State of Samoa",2015,"Harmonized","VARX",24,6,0.572,"ok","",1.00331878413366,2,,,2,,,0,0,0,0,0,0,0.000281544853884208,3.73380012280711e-05,""
"Ireland",2015,"Harmonized","VARX",24,6,0.84744,"ok","",1.10101038062315,2,,,2,,,0,0,0,0,0,0,0.00258508607771923,0.000559085931767567,""
"Islamic Republic of Afghanistan",2015,"Harmonized","VARX",24,6,0.29185,"ok","",0.976060887063761,2,,,2,,,0,0,0,0,0,0,0.00688022541240263,0.082795407982533,""
"Islamic Republic of Iran",2015,"Harmonized","VARX",24,6,0.66206,"ok","",0.961795709282713,2,,,2,,,0,0,0,0,0,0,0.000322770453041299,0.000262941948354634,""
"Islamic Republic of Mauritania",2015,"Harmonized","VARX",24,6,0.45452,"ok","",1.07833839098379,2,,,2,,,0,0,0,0,0,0,9.37509517717761e-06,0.00302753485434482,""
"Islamic Republic of Pakistan",2015,"Harmonized","VARX",24,6,0.46479,"ok","",1.03476107048372,2,,,2,,,0,0,0,0,0,0,5.79144865635595e-05,9.27825505908642e-05,""
"Jamaica",2015,"Harmonized","VARX",24,6,0.66247,"ok","",1.13541982628376,2,,,2,,,0,0,0,0,0,0,0.0545129077962387,0.0152016142448206,""
"Japan",2015,"Harmonized","VARX",24,6,0.8561,"ok","",0.970560760004635,2,,,2,,,0,0,0,0,0,0,0.0252811491296426,8.39983237578279e-05,""
"Kingdom of Bahrain",2015,"Harmonized","VARX",24,6,0.71993,"ok","",0.914840886842312,2,,,2,,,0,0,0,0,0,0,0.000402783729016143,1.22428934490326e-06,""
"Kingdom of Belgium",2015,"Harmonized","VARX",24,6,0.83588,"ok","",1.05741021647707,2,,,2,,,0,0,0,0,0,0,0.00100977609482722,0.000358388457560754,""
"Kingdom of Bhutan",2015,"Harmonized","VARX",24,6,0.44181,"ok","",1.11262756419515,2,,,2,,,0,0,0,0,0,0,0.00263575283154505,0.00115608709477499,""
"Kingdom of Cambodia",2015,"Harmonized","VARX",24,6,0.43949,"ok","",0.962412417782545,2,,,2,,,0,0,0,0,0,0,0.00178492783973272,3.4629034867395e-05,""
"Kingdom of Denmark",2015,"Harmonized","VARX",24,6,0.87854,"ok","",0.971502171820753,2,,,2,,,0,0,0,0,0,0,0.0029394436358896,0.000511239547607123,""
"Kingdom of Eswatini",2015,"Harmonized","VARX",24,6,0.55537,"ok","",0.937009981776435,2,,,2,,,0,0,0,0,0,0,7.81856443621276e-06,3.14051215922762e-05,""
"Kingdom of Lesotho",2015,"Harmonized","VARX",24,6,0.47975,"ok","",0.991665988898309,2,,,2,,,0,0,0,0,0,0,0.0485166265494688,0.53280588342628,""
"Kingdom of Morocco",2015,"Harmonized","VARX",24,6,0.51558,"ok","",1.01307106797291,2,,,2,,,0,0,0,0,0,0,3.29548091223542e-05,0.0415534494490631,""
"Kingdom of Norway",2015,"Harmonized","VARX",24,6,0.89891,"ok","",1.00588881209681,2,,,2,,,0,0,0,0,0,0,8.21716947829731e-06,0.000309634363985123,""
"Kingdom of Saudi Arabia",2015,"Harmonized","VARX",24,6,0.7823,"ok","",0.797786880919203,2,,,2,,,0,0,0,0,0,0,0.000569853993765301,8.57445986545136e-05,""
"Kingdom of Spain",2015,"Harmonized","VARX",24,6,0.75227,"ok","",0.876168983463795,2,,,2,,,0,0,0,0,0,0,0.00141810104305684,2.06007314540457e-07,""
"Kingdom of Sweden",2015,"Harmonized","VARX",24,6,0.87239,"ok","",1.04527146103841,2,,,2,,,0,0,0,0,0,0,0.00686310811490032,0.0617845600859124,""
"Kingdom of Thailand",2015,"Harmonized","VARX",24,6,0.65402,"ok","",0.97778604708071,2,,,2,,,0,0,0,0,0,0,0.00346713079823302,0.00193239806948486,""
"Kingdom of Tonga",2015,"Harmonized","VARX",24,6,0.59497,"ok","",1.02708625131646,2,,,2,,,0,0,0,0,0,0,6.32254766923523e-05,5.63472286060351e-05,""
"Kingdom of the Netherlands",2015,"Harmonized","VARX",24,6,0.8744,"ok","",1.06667806311341,2,,,2,,,0,0,0,0,0,0,0.104561522170973,0.0271722905259145,""
"Kyrgyz Republic",2015,"Harmonized","VARX",24,6,0.57546,"ok","",1.09093701730904,2,,,2,,,0,0,0,0,0,0,0.0944308249013844,0.000724161804298462,""
"Lao People's Democratic Republic",2015,"Harmonized","VARX",24,6,0.45275,"ok","",1.1069100623612,2,,,2,,,0,0,0,0,0,0,0.000578075853031379,0.00468032117183403,""
"Lebanese Republic",2015,"Harmonized","VARX",24,6,0.7187,"ok","",0.950675684705539,2,,,2,,,0,0,0,0,0,0,0.00140145289591675,0.000139336189481698,""
"Malaysia",2015,"Harmonized","VARX",24,6,0.71466,"ok","",0.981668266169562,2,,,2,,,0,0,0,0,0,0,0.00148596110857468,8.30722175763077e-05,""
"Mongolia",2015,"Harmonized","VARX",24,6,0.59686,"ok","",0.913397154557903,2,,,2,,,0,0,0,0,0,0,4.47494053421593e-05,1.34111701149964e-05,""
"Montenegro",2015,"Harmonized","VARX",24,6,0.77056,"ok","",0.997237907922499,2,,,2,,,0,0,0,0,0,0,0.025164128517795,0.0163969896658918,""
"New Zealand",2015,"Harmonized","VARX",24,6,0.82746,"ok","",0.964372301835866,2,,,2,,,0,0,0,0,0,0,0.000124706270884012,0.00124495775178979,""
"North Macedonia",2015,"Harmonized","VARX",24,6,0.7286,"ok","",1.03618156122468,2,,,2,,,0,0,0,0,0,0,0.168195070090065,1.14230937930948e-07,""
"Northern Mariana Islands",2015,"Harmonized","VARX",24,6,0.7438,"ok","",0.961774847034883,2,,,2,,,0,0,0,0,0,0,1.15082808949118e-07,0.0148751998514212,""
"Palestine",2015,"Harmonized","VARX",24,6,0.5792,"ok","",1.1506233285189,2,,,2,,,0,0,0,0,0,0,0.00083121418998966,0.249189451229648,""
"People's Democratic Republic of Algeria",2015,"Harmonized","VARX",24,6,0.62675,"ok","",1.04373777060791,2,,,2,,,0,0,0,0,0,0,0.00204778193593269,0.0017928269428632,""
"People's Republic of Bangladesh",2015,"Harmonized","VARX",24,6,0.42548,"ok","",0.970705744299532,2,,,2,,,0,0,0,0,0,0,5.77379559563163e-05,0.0121879667273244,""
"People's Republic of China",2015,"Harmonized","VARX",24,6,0.67194,"ok","",0.967852270519947,2,,,2,,,0,0,0,0,0,0,8.94702031861705e-06,0.000920397637058867,""
"Plurinational State of Bolivia",2015,"Harmonized","VARX",24,6,0.567,"ok","",0.966275491533422,2,,,2,,,0,0,0,0,0,0,0.000813143924707993,9.44656918799858e-07,""
"Portuguese Republic",2015,"Harmonized","VARX",24,6,0.72576,"ok","",1.03175965049979,2,,,2,,,0,0,0,0,0,0,7.1969759042001e-05,0.000751475766171295,""
"Principality of Andorra",2015,"Harmonized","VARX",24,6,0.85359,"ok","",0.988198599151041,2,,,2,,,0,0,0,0,0,0,0.74687177629152,0.510164820831906,""
"Principality of Monaco",2015,"Harmonized","VARX",24,6,0.89836,"ok","",0.957862670098597,2,,,2,,,0,0,0,0,0,0,0.0225976358804529,0.00641699769474169,""
"Puerto Rico",2015,"Harmonized","VARX",24,6,0.7918,"ok","",1.13575711702576,2,,,2,,,0,0,0,0,0,0,7.86439969377994e-05,0.0039117735630384,""
"Republic of Albania",2015,"Harmonized","VARX",24,6,0.67967,"ok","",1.03496366450827,2,,,2,,,0,0,0,0,0,0,0.000338112388061695,9.02949277866716e-05,""
"Republic of Angola",2015,"Harmonized","VARX",24,6,0.41137,"ok","",1.06885712241789,2,,,2,,,0,0,0,0,0,0,5.34771312787896e-08,3.08897400436159e-07,""
"Republic of Armenia",2015,"Harmonized","VARX",24,6,0.67805,"ok","",0.947828654609744,2,,,2,,,0,0,0,0,0,0,5.08449142763157e-05,0.000564939226322281,""
"Republic of Austria",2015,"Harmonized","VARX",24,6,0.83758,"ok","",1.2202577206074,2,,,2,,,0,0,0,0,0,0,0.0518272359774268,0.00147135483778238,""
"Republic of Azerbaijan",2015,"Harmonized","VARX",24,6,0.67624,"ok","",1.09063236276521,2,,,2,,,0,0,0,0,0,0,1.28852397850432e-05,4.95309899761764e-08,""
"Republic of Belarus",2015,"Harmonized","VARX",24,6,0.75821,"ok","",0.927651363982912,2,,,2,,,0,0,0,0,0,0,2.0400059449921e-05,2.66474137069483e-05,""
"Republic of Benin",2015,"Harmonized","VARX",24,6,0.33222,"ok","",0.908820757810509,2,,,2,,,0,0,0,0,0,0,0.010833553018501,0.000164485253586033,""
"Republic of Botswana",2015,"Harmonized","VARX",24,6,0.61541,"ok","",0.922913693537686,2,,,2,,,0,0,0,0,0,0,2.99416238174199e-05,3.01328697094316e-06,""
"Republic of Bulgaria",2015,"Harmonized","VARX",24,6,0.74898,"ok","",1.07902999508205,2,,,2,,,0,0,0,0,0,0,0.00840665639959803,9.45096428697223e-05,""
"Republic of Burundi",2015,"Harmonized","VARX",24,6,0.26733,"ok","",1.19621102233034,2,,,2,,,0,0,0,0,0,0,0.00540149634871312,0.218243762733503,""
"Republic of Cabo Verde",2015,"Harmonized","VARX",24,6,0.49523,"ok","",1.04187696648138,2,,,2,,,0,0,0,0,0,0,0.00287749852941077,0.00668807586404696,""
"Republic of Cameroon",2015,"Harmonized","VARX",24,6,0.43083,"ok","",1.01475153916582,2,,,2,,,0,0,0,0,0,0,8.33459792787261e-05,3.54403890584498e-05,""
"Republic of Chad",2015,"Harmonized","VARX",24,6,0.21243,"ok","",0.937098385929271,2,,,2,,,0,0,0,0,0,0,0.0323288271224774,0.000676518825923345,""
"Republic of Chile",2015,"Harmonized","VARX",24,6,0.7361,"ok","",1.06588058377146,2,,,2,,,0,0,0,0,0,0,0.000312163866191484,6.07981023621473e-05,""
"Republic of Colombia",2015,"Harmonized","VARX",24,6,0.62089,"ok","",1.04405140823739,2,,,2,,,0,0,0,0,0,0,0.000671794346938204,4.19567318005187e-05,""
"Republic of Costa Rica",2015,"Harmonized","VARX",24,6,0.66203,"ok","",0.953224346139966,2,,,2,,,0,0,0,0,0,0,0.37661556823534,0.103868180037421,""
"Republic of Croatia",2015,"Harmonized","VARX",24,6,0.77787,"ok","",0.981871019404126,2,,,2,,,0,0,0,0,0,0,0.00134809894389931,0.0018919808507486,""
"Republic of Cuba",2015,"Harmonized","VARX",24,6,0.64282,"ok","",1.05426267215393,2,,,2,,,0,0,0,0,0,0,2.10896376806602e-07,0.00356210047403593,""
"Republic of Cyprus",2015,"Harmonized","VARX",24,6,0.82273,"ok","",1.10307313866066,2,,,2,,,0,0,0,0,0,0,0.00126943163943127,0.000258733292806457,""
"Republic of Côte d'Ivoire",2015,"Harmonized","VARX",24,6,0.38349,"ok","",1.05401192239995,2,,,2,,,0,0,0,0,0,0,0.00106910048987252,0.0498188547265255,""
"Republic of Djibouti",2015,"Harmonized","VARX",24,6,0.44586,"ok","",0.980196090731902,2,,,2,,,0,0,0,0,0,0,2.32989592607868e-05,0.000318729181027155,""
"Republic of Ecuador",2015,"Harmonized","VARX",24,6,0.62855,"ok","",1.1020688228865,2,,,2,,,0,0,0,0,0,0,0.00185380800335744,6.82985979042483e-05,""
"Republic of El Salvador",2015,"Harmonized","VARX",24,6,0.52939,"ok","",1.0627876369703,2,,,2,,,0,0,0,0,0,0,0.00384050600712194,3.64790463391884e-08,""
"Republic of Equatorial Guinea",2015,"Harmonized","VARX",24,6,0.61313,"ok","",1.03856266350529,2,,,2,,,0,0,0,0,0,0,5.83765048318696e-05,3.79247832532625e-05,""
"Republic of Estonia",2015,"Harmonized","VARX",24,6,0.82322,"ok","",1.03780082911605,2,,,2,,,0,0,0,0,0,0,0.00260469214710712,4.74382423032438e-06,""
"Republic of Fiji",2015,"Harmonized","VARX",24,6,0.64503,"ok","",0.990944798036044,2,,,2,,,0,0,0,0,0,0,0.000120423550212245,1.03959818513744e-05,""
"Republic of Finland",2015,"Harmonized","VARX",24,6,0.84088,"ok","",0.944680341474124,2,,,2,,,0,0,0,0,0,0,7.74627195718747e-05,0.00189861952564385,""
"Republic of Ghana",2015,"Harmonized","VARX",24,6,0.52154,"ok","",0.972277289239839,2,,,2,,,0,0,0,0,0,0,0.00582559705885599,0.000158467333649104,""
"Republic of Guatemala",2015,"Harmonized","VARX",24,6,0.50066,"ok","",1.08916258323028,2,,,2,,,0,0,0,0,0,0,0.000210445659088787,0.00145311594328112,""
"Republic of Guinea",2015,"Harmonized","VARX",24,6,0.29236,"ok","",0.983371199129127,2,,,2,,,0,0,0,0,0,0,6.77896624057261e-07,0.00171674418980794,""
"Republic of Guinea-Bissau",2015,"Harmonized","VARX",24,6,0.31709,"ok","",0.975120557464183,2,,,2,,,0,0,0,0,0,0,3.80258254958354e-05,1.98707362286665e-06,""
"Republic of Guyana",2015,"Harmonized","VARX",24,6,0.60761,"ok","",0.997364929705175,2,,,2,,,0,0,0,0,0,0,0.0320853248427755,0.00414727627290834,""
"Republic of Haiti",2015,"Harmonized","VARX",24,6,0.43176,"ok","",1.02777461327988,2,,,2,,,0,0,0,0,0,0,3.29527136040397e-05,0.00102154387404263,""
"Republic of Honduras",2015,"Harmonized","VARX",24,6,0.48229,"ok","",1.0347337275055,2,,,2,,,0,0,0,0,0,0,0.000757387230872597,5.02439979895852e-05,""
"Republic of Iceland",2015,"Harmonized","VARX",24,6,0.85772,"ok","",1.02045185223028,2,,,2,,,0,0,0,0,0,0,1.38364966451032e-06,0.000127526417690316,""
"Republic of India",2015,"Harmonized","VARX",24,6,0.52124,"ok","",0.998704577854966,2,,,2,,,0,0,0,0,0,0,0.000854092719993815,0.00173957106308253,""
"Republic of Indonesia",2015,"Harmonized","VARX",24,6,0.62222,"ok","",1.1246918931359,2,,,2,,,0,0,0,0,0,0,0.000138559320998044,0.0329973549926442,""
"Republic of Iraq",2015,"Harmonized","VARX",24,6,0.59949,"ok","",1.08545512771168,2,,,2,,,0,0,0,0,0,0,0.00077778960285757,0.00370652540321481,""
"Republic of Italy",2015,"Harmonized","VARX",24,6,0.7899,"ok","",0.989811874967344,2,,,2,,,0,0,0,0,0,0,1.68745946456106e-05,0.0131450609339983,""
"Republic of Kazakhstan",2015,"Harmonized","VARX",24,6,0.70823,"ok","",0.901752389210037,2,,,2,,,0,0,0,0,0,0,6.9478337805462e-05,0.00265411691129525,""
"Republic of Kenya",2015,"Harmonized","VARX",24,6,0.47308,"ok","",1.01437553867775,2,,,2,,,0,0,0,0,0,0,0.0034107450484997,2.04651797778288e-05,""
"Republic of Kiribati",2015,"Harmonized","VARX",24,6,0.50006,"ok","",1.01473592712314,2,,,2,,,0,0,0,0,0,0,7.05602799289107e-06,0.00036045726681655,""
"Republic of Korea",2015,"Harmonized","VARX",24,6,0.86391,"ok","",0.989804148883136,2,,,2,,,0,0,0,0,0,0,0.00147392945268021,0.000134024115687748,""
"Republic of Latvia",2015,"Harmonized","VARX",24,6,0.80699,"ok","",1.0066710907431,2,,,2,,,0,0,0,0,0,0,0.000387976491366238,0.00279439893166245,""
"Republic of Liberia",2015,"Harmonized","VARX",24,6,0.31849,"ok","",1.2097586683126,2,,,2,,,0,0,0,0,0,0,0.0487078947994217,0.00131779249327746,""
"Republic of Lithuania",2015,"Harmonized","VARX",24,6,0.82311,"ok","",1.01904764759071,2,,,2,,,0,0,0,0,0,0,0.00331407520837845,0.000129741003117023,""
"Republic of Madagascar",2015,"Harmonized","VARX",24,6,0.35044,"ok","",1.02709303847377,2,,,2,,,0,0,0,0,0,0,0.0366509545399348,0.000108668474033125,""
"Republic of Malawi",2015,"Harmonized","VARX",24,6,0.33614,"ok","",1.06797882398242,2,,,2,,,0,0,0,0,0,0,0.00149333166719867,5.93202612787502e-05,""
"Republic of Maldives",2015,"Harmonized","VARX",24,6,0.61845,"ok","",0.945413264861591,2,,,2,,,0,0,0,0,0,0,0.00792623302665418,2.29319415189222e-05,""
"Republic of Mali",2015,"Harmonized","VARX",24,6,0.22983,"ok","",1.11058118183711,2,,,2,,,0,0,0,0,0,0,0.00168411263109491,0.0172455827318597,""
"Republic of Malta",2015,"Harmonized","VARX",24,6,0.77728,"ok","",1.09289615321785,2,,,2,,,0,0,0,0,0,0,0.00104988857896593,0.00173878526380833,""
"Republic of Mauritius",2015,"Harmonized","VARX",24,6,0.69224,"ok","",0.978464926056064,2,,,2,,,0,0,0,0,0,0,0.00294368566990044,0.00242601268096021,""
"Republic of Moldova",2015,"Harmonized","VARX",24,6,0.69936,"ok","",1.06944410925653,2,,,2,,,0,0,0,0,0,0,0.00566769294743497,6.04258355455523e-05,""
"Republic of Mozambique",2015,"Harmonized","VARX",24,6,0.28103,"ok","",0.916644611451417,2,,,2,,,0,0,0,0,0,0,0.0539782831436014,6.86147766371104e-06,""
"Republic of Namibia",2015,"Harmonized","VARX",24,6,0.58982,"ok","",1.0262259747179,2,,,2,,,0,0,0,0,0,0,9.16488291335948e-06,0.000146676346140406,""
"Republic of Nauru",2015,"Harmonized","VARX",24,6,0.58128,"ok","",0.967794964054069,2,,,2,,,0,0,0,0,0,0,3.8812332018745e-05,0.000785376610725974,""
"Republic of Nicaragua",2015,"Harmonized","VARX",24,6,0.49639,"ok","",0.906616784212984,2,,,2,,,0,0,0,0,0,0,0.14416072877215,7.38912549239634e-05,""
"Republic of Niue",2015,"Harmonized","VARX",24,6,0.70423,"ok","",0.941263291797129,2,,,2,,,0,0,0,0,0,0,1.41525531086595e-05,7.50383714187564e-06,""
"Republic of Palau",2015,"Harmonized","VARX",24,6,0.73817,"ok","",1.08643709732314,2,,,2,,,0,0,0,0,0,0,0.0163122830718865,0.00811396105771589,""
"Republic of Panama",2015,"Harmonized","VARX",24,6,0.65796,"ok","",1.07383286550892,2,,,2,,,0,0,0,0,0,0,0.0131256770319604,2.04683181536103e-05,""
"Republic of Paraguay",2015,"Harmonized","VARX",24,6,0.60048,"ok","",1.04692543184827,2,,,2,,,0,0,0,0,0,0,0.0163278692507179,0.000152573442415593,""
"Republic of Peru",2015,"Harmonized","VARX",24,6,0.63628,"ok","",1.08459700725296,2,,,2,,,0,0,0,0,0,0,2.81552765346582e-05,0.000726705177268805,""
"Republic of Poland",2015,"Harmonized","VARX",24,6,0.78745,"ok","",0.931423765149885,2,,,2,,,0,0,0,0,0,0,0.00133415912238977,0.00762509471276929,""
"Republic of Rwanda",2015,"Harmonized","VARX",24,6,0.3899,"ok","",1.04454738684496,2,,,2,,,0,0,0,0,0,0,2.16334657410222e-07,0.000220199825781919,""
"Republic of San Marino",2015,"Harmonized","VARX",24,6,0.88469,"ok","",1.09147764123408,2,,,2,,,0,0,0,0,0,0,9.83022779066367e-07,0.0390777486567334,""
"Republic of Senegal",2015,"Harmonized","VARX",24,6,0.36414,"ok","",1.39072502242908,2,,,2,,,0,0,0,0,0,0,0.0189080759036002,0.00517122502868916,""
"Republic of Serbia",2015,"Harmonized","VARX",24,6,0.76984,"ok","",1.16572661414379,2,,,2,,,0,0,0,0,0,0,0.000316977232449278,0.000163025947859996,""
"Republic of Seychelles",2015,"Harmonized","VARX",24,6,0.70172,"ok","",1.01024528400255,2,,,2,,,0,0,0,0,0,0,0.000109082312855335,0.00150147209856422,""
"Republic of Sierra Leone",2015,"Harmonized","VARX",24,6,0.317,"ok","",0.987348096447257,2,,,2,,,0,0,0,0,0,0,0.0698983004895177,4.87232462555998e-05,""
"Republic of Singapore",2015,"Harmonized","VARX",24,6,0.8454,"ok","",0.996922619319311,2,,,2,,,0,0,0,0,0,0,0.00524355908884111,0.00156052881238022,""
"Republic of Slovenia",2015,"Harmonized","VARX",24,6,0.82984,"ok","",0.94169162915529,2,,,2,,,0,0,0,0,0,0,0.00195533360007383,0.000348467129352659,""
"Republic of South Africa",2015,"Harmonized","VARX",24,6,0.65842,"ok","",1.12592031789532,2,,,2,,,0,0,0,0,0,0,0.0460359341390818,8.07787468160015e-05,""
"Republic of South Sudan",2015,"Harmonized","VARX",24,6,0.27583,"ok","",1.00494365227748,2,,,2,,,0,0,0,0,0,0,0.00520069582075811,9.0596972632806e-06,""
"Republic of Sudan",2015,"Harmonized","VARX",24,6,0.48655,"ok","",1.02884594492704,2,,,2,,,0,0,0,0,0,0,0.000171047820536674,0.00011436120272823,""
"Republic of Suriname",2015,"Harmonized","VARX",24,6,0.6161,"ok","",0.989457153080638,2,,,2,,,0,0,0,0,0,0,0.00242976258086058,0.00408261207726746,""
"Republic of Tajikistan",2015,"Harmonized","VARX",24,6,0.51578,"ok","",1.02443876554532,2,,,2,,,0,0,0,0,0,0,3.19966485964329e-05,0.000829113028808615,""
"Republic of Trinidad and Tobago",2015,"Harmonized","VARX",24,6,0.75151,"ok","",1.031799098057,2,,,2,,,0,0,0,0,0,0,0.0765112084933299,0.410739011669755,""
"Republic of Tunisia",2015,"Harmonized","VARX",24,6,0.65341,"ok","",0.908617815198308,2,,,2,,,0,0,0,0,0,0,4.33780043207488e-05,0.000268514947736387,""
"Republic of Turkey",2015,"Harmonized","VARX",24,6,0.66297,"ok","",1.12231911151672,2,,,2,,,0,0,0,0,0,0,4.01843420136938e-05,0.000252583378681948,""
"Republic of Uganda",2015,"Harmonized","VARX",24,6,0.37254,"ok","",0.997171751028447,2,,,2,,,0,0,0,0,0,0,0.00195303011858616,0.000152815856215516,""
"Republic of Uzbekistan",2015,"Harmonized","VARX",24,6,0.63981,"ok","",1.03299842447193,2,,,2,,,0,0,0,0,0,0,4.06048416556892e-07,0.000935888179709021,""
"Republic of Vanuatu",2015,"Harmonized","VARX",24,6,0.45033,"ok","",1.02689360556132,2,,,2,,,0,0,0,0,0,0,1.95407378644763e-06,2.71802762040751e-05,""
"Republic of Yemen",2015,"Harmonized","VARX",24,6,0.4302,"ok","",1.02725252902776,2,,,2,,,0,0,0,0,0,0,8.03804457039092e-06,0.0654737000564348,""
"Republic of Zambia",2015,"Harmonized","VARX",24,6,0.44674,"ok","",1.20715656511055,2,,,2,,,0,0,0,0,0,0,0.00043448752712627,0.118978019000284,""
"Republic of Zimbabwe",2015,"Harmonized","VARX",24,6,0.44655,"ok","",1.09690067602724,2,,,2,,,0,0,0,0,0,0,2.79973578121151e-06,0.00808847588524053,""
"Republic of the Congo",2015,"Harmonized","VARX",24,6,0.54841,"ok","",1.1482785389793,2,,,2,,,0,0,0,0,0,0,5.97708272308539e-05,0.0276984665069292,""
"Republic of the Gambia",2015,"Harmonized","VARX",24,6,0.37584,"ok","",1.00249274641285,2,,,2,,,0,0,0,0,0,0,2.24240907343853e-05,2.11325195327294e-05,""
"Republic of the Marshall Islands",2015,"Harmonized","VARX",24,6,0.54179,"ok","",0.991345019671844,2,,,2,,,0,0,0,0,0,0,0.00361084844364656,0.000475581716451901,""
"Republic of the Niger",2015,"Harmonized","VARX",24,6,0.14544,"ok","",1.01678048519442,2,,,2,,,0,0,0,0,0,0,0.0685032299481582,0.0417227237461949,""
"Republic of the Philippines",2015,"Harmonized","VARX",24,6,0.60622,"ok","",1.03048086797489,2,,,2,,,0,0,0,0,0,0,0.00526785338616176,3.30348811750092e-07,""
"Republic of the Union of Myanmar",2015,"Harmonized","VARX",24,6,0.49737,"ok","",0.998407548544026,2,,,2,,,0,0,0,0,0,0,0.0235639183495113,0.0314812891379886,""
"Romania",2015,"Harmonized","VARX",24,6,0.74347,"ok","",0.996316510462793,2,,,2,,,0,0,0,0,0,0,1.18186754827221e-07,0.00258167233048734,""
"Russian Federation",2015,"Harmonized","VARX",24,6,0.78491,"ok","",1.06432978110663,2,,,2,,,0,0,0,0,0,0,6.16079721028617e-05,0.00327737004063244,""
"Saint Kitts and Nevis",2015,"Harmonized","VARX",24,6,0.73222,"ok","",1.00121685535558,2,,,2,,,0,0,0,0,0,0,0.00428087949764955,0.201094662144443,""
"Saint Lucia",2015,"Harmonized","VARX",24,6,0.65216,"ok","",1.05625547881308,2,,,2,,,0,0,0,0,0,0,0.000868055875512086,3.48419009406076e-05,""
"Saint Vincent and the Grenadines",2015,"Harmonized","VARX",24,6,0.60375,"ok","",1.00840429295575,2,,,2,,,0,0,0,0,0,0,0.00110147056762078,0.000103350400905811,""
"Slovak Republic",2015,"Harmonized","VARX",24,6,0.80039,"ok","",1.02060833831393,2,,,2,,,0,0,0,0,0,0,6.58600943111987e-05,6.17389752433084e-05,""
"Socialist Republic of Viet Nam",2015,"Harmonized","VARX",24,6,0.59285,"ok","",1.01556341262625,2,,,2,,,0,0,0,0,0,0,0.000348331669789093,0.00063020971080896,""
"Solomon Islands",2015,"Harmonized","VARX",24,6,0.40623,"ok","",1.03760970200321,2,,,2,,,0,0,0,0,0,0,1.75522949790174e-05,6.9977036644131e-06,""
"State of Eritrea",2015,"Harmonized","VARX",24,6,0.37694,"ok","",0.970878722780865,2,,,2,,,0,0,0,0,0,0,0.102322778152479,0.000120111158916747,""
"State of Israel",2015,"Harmonized","VARX",24,6,0.78887,"ok","",0.982372269262012,2,,,2,,,0,0,0,0,0,0,0.0674688142560955,0.0903089362503737,""
"State of Kuwait",2015,"Harmonized","VARX",24,6,0.817,"ok","",1.0985149409911,2,,,2,,,0,0,0,0,0,0,0.00628873013139031,0.00471270232486032,""
"State of Libya",2015,"Harmonized","VARX",24,6,0.71365,"ok","",0.877972570998163,2,,,2,,,0,0,0,0,0,0,0.000231209328798498,0.00101211869855422,""
"State of Qatar",2015,"Harmonized","VARX",24,6,0.81187,"ok","",0.964198289636197,2,,,2,,,0,0,0,0,0,0,0.00613553695818647,2.46815162274761e-06,""
"Sultanate of Oman",2015,"Harmonized","VARX",24,6,0.7436,"ok","",0.993935995929555,2,,,2,,,0,0,0,0,0,0,0.000127375847572386,0.298205529940121,""
"Swiss Confederation",2015,"Harmonized","VARX",24,6,0.92183,"ok","",0.949246587169327,2,,,2,,,0,0,0,0,0,0,4.14976941112144e-05,2.39220738148527e-05,""
"Syrian Arab Republic",2015,"Harmonized","VARX",24,6,0.60228,"ok","",1.11118781966457,2,,,2,,,0,0,0,0,0,0,0.000622373112022845,0.242383057965138,""
"Taiwan (Province of China)",2015,"Harmonized","VARX",24,6,0.85006,"ok","",1.02740223271245,2,,,2,,,0,0,0,0,0,0,1.86993521222867e-07,0.00313512504389912,""
"Togolese Republic",2015,"Harmonized","VARX",24,6,0.3656,"ok","",0.984052107769732,2,,,2,,,0,0,0,0,0,0,2.52845140441549e-05,0.00878986769699808,""
"Tokelau",2015,"Harmonized","VARX",24,6,0.6588,"ok","",0.943227475512768,2,,,2,,,0,0,0,0,0,0,0.0150293336755181,0.000181254848326318,""
"Turkmenistan",2015,"Harmonized","VARX",24,6,0.65335,"ok","",1.00762057483181,2,,,2,,,0,0,0,0,0,0,1.17501766764283e-05,0.000869986998036199,""
"Tuvalu",2015,"Harmonized","VARX",24,6,0.54405,"ok","",0.901503260208904,2,,,2,,,0,0,0,0,0,0,1.28283781081207e-05,5.59222245188895e-06,""
"Ukraine",2015,"Harmonized","VARX",24,6,0.74379,"ok","",0.985139576724924,2,,,2,,,0,0,0,0,0,0,0.0022137322676602,0.00483022747072803,""
"Union of the Comoros",2015,"Harmonized","VARX",24,6,0.44471,"ok","",1.10620758068885,2,,,2,,,0,0,0,0,0,0,0.0118721256105336,1.32097982838975e-05,""
"United Arab Emirates",2015,"Harmonized","VARX",24,6,0.83418,"ok","",1.03150798178602,2,,,2,,,0,0,0,0,0,0,0.183629334727319,0.0709026381700792,""
"United Kingdom of Great Britain and Northern Ireland",2015,"Harmonized","VARX",24,6,0.83895,"ok","",1.01769869022945,2,,,2,,,0,0,0,0,0,0,0.00923858223496909,0.00225778187107395,""
"United Mexican States",2015,"Harmonized","VARX",24,6,0.6289,"ok","",0.989567854308231,2,,,2,,,0,0,0,0,0,0,0.000162632999105017,1.2298590873927e-05,""
"United Republic of Tanzania",2015,"Harmonized","VARX",24,6,0.39428,"ok","",1.14167837868197,2,,,2,,,0,0,0,0,0,0,0.0225761852137738,0.000262636226312285,""
"United States Virgin Islands",2015,"Harmonized","VARX",24,6,0.80789,"ok","",1.02306914381561,2,,,2,,,0,0,0,0,0,0,6.78544847065865e-05,5.84354145828359e-05,""
"United States of America",2015,"Harmonized","VARX",24,6,0.84437,"ok","",0.889038632282135,2,,,2,,,0,0,0,0,0,0,0.000529491451164876,0.000527183648799889,""
"American Samoa",2015,"Harmonized","ARIMAX",24,6,0.69716,"ok","",,2,0,1,2,0,1,0,0,0,0,0,0,0.663701837374226,0.805923106040812,""
"Antigua and Barbuda",2015,"Harmonized","ARIMAX",24,6,0.72837,"ok","",,2,0,1,1,0,0,0,0,0,0,0,0,0.1062713474741,3.36946791512638e-06,""
"Arab Republic of Egypt",2015,"Harmonized","ARIMAX",24,6,0.54437,"ok","",,2,1,1,3,0,1,0,0,0,0,0,0,0.336359904174553,0.778503759709734,""
"Argentine Republic",2015,"Harmonized","ARIMAX",24,6,0.69171,"ok","",,2,0,2,2,0,3,0,0,0,0,0,0,0.759171444879119,0.375748460121485,""
"Australia",2015,"Harmonized","ARIMAX",24,6,0.82486,"ok","",,2,0,2,4,0,0,0,0,0,0,0,0,0.1807883247027,0.449728285583862,""
"Barbados",2015,"Harmonized","ARIMAX",24,6,0.7326,"ok","",,3,0,1,3,0,2,0,0,0,0,0,0,0.625064390465984,0.137827440749567,""
"Belize",2015,"Harmonized","ARIMAX",24,6,0.58328,"ok","",,1,0,0,2,0,2,0,0,0,0,0,0,6.85180176743794e-05,0.0668547045533515,""
"Bermuda",2015,"Harmonized","ARIMAX",24,6,0.808,"ok","",,4,0,0,2,0,2,0,0,0,0,0,0,0.0380550101836646,0.458839342526408,""
"Bolivarian Republic of Venezuela",2015,"Harmonized","ARIMAX",24,6,0.61068,"ok","",,2,0,0,2,0,2,0,0,0,0,0,0,0.00784310371012398,0.3667875818201,""
"Bosnia and Herzegovina",2015,"Harmonized","ARIMAX",24,6,0.70045,"ok","",,2,0,0,0,0,0,0,0,0,0,0,0,0.0131099143068395,2.80787393336368e-09,""
"Brunei Darussalam",2015,"Harmonized","ARIMAX",24,6,0.79137,"ok","",,2,0,1,1,0,0,0,0,0,0,0,0,0.427929515945032,3.25091144370848e-05,""
"Burkina Faso",2015,"Harmonized","ARIMAX",24,6,0.25021,"ok","",,2,0,2,3,0,1,0,0,0,0,0,0,0.466408768249775,0.927514950272083,""
"Canada",2015,"Harmonized","ARIMAX",24,6,0.85953,"ok","",,4,0,0,3,0,1,0,0,0,0,0,0,0.465436339235797,0.474415732242173,""
"Central African Republic",2015,"Harmonized","ARIMAX",24,6,0.29083,"ok","",,4,0,0,4,0,1,0,0,0,0,0,0,0.941360129374769,0.978412334955176,""
"Commonwealth of Dominica",2015,"Harmonized","ARIMAX",24,6,0.72479,"ok","",,2,0,2,2,0,2,0,0,0,0,0,0,0.45893702460695,0.480575036682558,""
"Commonwealth of the Bahamas",2015,"Harmonized","ARIMAX",24,6,0.78996,"ok","",,2,0,1,1,0,0,0,0,0,0,0,0,0.344324537088958,3.02865368717598e-06,""
"Cook Islands",2015,"Harmonized","ARIMAX",24,6,0.74655,"ok","",,2,0,0,2,0,1,0,0,0,0,0,0,0.0374010309299548,0.498513058938035,""
"Czech Republic",2015,"Harmonized","ARIMAX",24,6,0.81656,"ok","",,2,0,2,1,0,0,0,0,0,0,0,0,0.159601471689898,2.58745394994264e-05,""
"Democratic People's Republic of Korea",2015,"Harmonized","ARIMAX",24,6,0.55732,"ok","",,2,0,2,1,0,0,0,0,0,0,0,0,0.711051940454029,0.0001292034761875,""
"Democratic Republic of Sao Tome and Principe",2015,"Harmonized","ARIMAX",24,6,0.45405,"ok","",,2,0,2,2,0,1,0,0,0,0,0,0,0.747620694955221,0.109418339868428,""
"Democratic Republic of Timor-Leste",2015,"Harmonized","ARIMAX",24,6,0.42638,"ok","",,2,0,2,2,0,2,0,0,0,0,0,0,0.314543123450279,0.163529271908911,""
"Democratic Republic of the Congo",2015,"Harmonized","ARIMAX",24,6,0.33242,"ok","",,2,2,0,2,2,0,0,0,0,0,0,0,0.824489448411345,0.7007157391379,""
"Democratic Socialist Republic of Sri Lanka",2015,"Harmonized","ARIMAX",24,6,0.66976,"ok","",,2,0,2,2,0,1,0,0,0,0,0,0,0.192038158671702,0.0297820510119431,""
"Dominican Republic",2015,"Harmonized","ARIMAX",24,6,0.59292,"ok","",,4,0,0,4,0,0,0,0,0,0,0,0,0.18253588152076,0.129062410877748,""
"Eastern Republic of Uruguay",2015,"Harmonized","ARIMAX",24,6,0.6806,"ok","",,2,0,1,2,0,2,0,0,0,0,0,0,0.284743492032037,0.174761193366421,""
"Federal Democratic Republic of Ethiopia",2015,"Harmonized","ARIMAX",24,6,0.31074,"ok","",,5,0,0,4,0,0,0,0,0,0,0,0,0.713209347489786,0.237014811892533,""
"Federal Democratic Republic of Nepal",2015,"Harmonized","ARIMAX",24,6,0.39502,"ok","",,3,0,0,3,0,1,0,0,0,0,0,0,0.973054086357292,0.759410098846906,""
"Federal Republic of Germany",2015,"Harmonized","ARIMAX",24,6,0.88887,"ok","",,2,0,0,2,0,1,0,0,0,0,0,0,0.210851195202466,0.272417926343737,""
"Federal Republic of Nigeria",2015,"Harmonized","ARIMAX",24,6,0.45724,"ok","",,4,0,0,4,0,0,0,0,0,0,0,0,0.69588378861322,0.0282080000225076,""
"Federal Republic of Somalia",2015,"Harmonized","ARIMAX",24,6,0.06981,"ok","",,4,0,0,2,0,2,0,0,0,0,0,0,0.531313547045235,0.433148313625836,""
"Federated States of Micronesia",2015,"Harmonized","ARIMAX",24,6,0.56715,"ok","",,4,0,0,4,0,0,0,0,0,0,0,0,0.170558088943802,0.316433404711009,""
"Federative Republic of Brazil",2015,"Harmonized","ARIMAX",24,6,0.62815,"ok","",,4,0,0,0,0,0,0,0,0,0,0,0,0.0617035673173059,5.94492488570353e-09,""
"French Republic",2015,"Harmonized","ARIMAX",24,6,0.82024,"ok","",,4,0,0,3,0,0,0,0,0,0,0,0,0.0273918267531971,0.594142125238435,""
"Gabonese Republic",2015,"Harmonized","ARIMAX",24,6,0.58836,"ok","",,0,0,0,4,0,0,0,0,0,0,0,0,1.0271738004608e-07,0.148319113731786,""
"Georgia",2015,"Harmonized","ARIMAX",24,6,0.69732,"ok","",,2,2,0,2,2,0,0,0,0,0,0,0,0.858563000341651,0.765749265966708,""
"Grand Duchy of Luxembourg",2015,"Harmonized","ARIMAX",24,6,0.87011,"ok","",,4,0,0,2,0,0,0,0,0,0,0,0,0.486675488481563,0.0141889103820764,""
"Greenland",2015,"Harmonized","ARIMAX",24,6,0.81772,"ok","",,2,0,0,2,0,0,0,0,0,0,0,0,0.109858199617574,0.989095711531359,""
"Grenada",2015,"Harmonized","ARIMAX",24,6,0.63894,"ok","",,4,0,0,2,0,2,0,0,0,0,0,0,0.15387594487641,0.292910813971834,""
"Guam",2015,"Harmonized","ARIMAX",24,6,0.77672,"ok","",,2,0,2,4,0,0,0,0,0,0,0,0,0.525363280065418,0.470599747553994,""
"Hashemite Kingdom of Jordan",2015,"Harmonized","ARIMAX",24,6,0.69295,"ok","",,4,0,0,1,0,0,0,0,0,0,0,0,0.297640209426894,2.3527074483054e-06,""
"Hellenic Republic",2015,"Harmonized","ARIMAX",24,6,0.78249,"ok","",,2,0,2,3,0,1,0,0,0,0,0,0,0.000942312294537895,0.834152058730829,""
"Hungary",2015,"Harmonized","ARIMAX",24,6,0.77405,"ok","",,3,0,0,3,0,0,0,0,0,0,0,0,0.212032633711911,0.14996038040326,""
"Independent State of Papua New Guinea",2015,"Harmonized","ARIMAX",24,6,0.39829,"ok","",,2,0,2,2,0,1,0,0,0,0,0,0,0.333822895985066,0.564504007047374,""
"Independent State of Samoa",2015,"Harmonized","ARIMAX",24,6,0.572,"ok","",,4,0,0,2,0,1,0,0,0,0,0,0,0.71307052655608,0.563150922134967,""
"Ireland",2015,"Harmonized","ARIMAX",24,6,0.84744,"ok","",,3,0,1,2,0,2,0,0,0,0,0,0,0.725868437665331,0.858589058371103,""
"Islamic Republic of Afghanistan",2015,"Harmonized","ARIMAX",24,6,0.29185,"ok","",,2,0,0,3,0,0,0,0,0,0,0,0,0.00396624319266059,0.76027407673553,""
"Islamic Republic of Iran",2015,"Harmonized","ARIMAX",24,6,0.66206,"ok","",,2,0,1,1,0,0,0,0,0,0,0,0,0.229689372047763,2.23336904525695e-11,""
"Islamic Republic of Mauritania",2015,"Harmonized","ARIMAX",24,6,0.45452,"ok","",,1,0,0,4,0,0,0,0,0,0,0,0,1.76824830268041e-05,0.174534963768131,""
"Islamic Republic of Pakistan",2015,"Harmonized","ARIMAX",24,6,0.46479,"ok","",,2,0,0,2,0,2,0,0,0,0,0,0,0.0120316464168119,0.557358291975107,""
"Jamaica",2015,"Harmonized","ARIMAX",24,6,0.66247,"ok","",,1,0,0,3,0,1,0,0,0,0,0,0,4.69771370803507e-07,0.611891493904419,""
"Japan",2015,"Harmonized","ARIMAX",24,6,0.8561,"ok","",,2,0,1,4,0,0,0,0,0,0,0,0,0.657219963966034,0.190222165000229,""
"Kingdom of Bahrain",2015,"Harmonized","ARIMAX",24,6,0.71993,"ok","",,2,0,2,2,0,2,0,0,0,0,0,0,0.222304753669277,0.608514155963144,""
"Kingdom of Belgium",2015,"Harmonized","ARIMAX",24,6,0.83588,"ok","",,4,0,0,2,0,3,0,0,0,0,0,0,0.429691383047388,0.171006981970979,""
"Kingdom of Bhutan",2015,"Harmonized","ARIMAX",24,6,0.44181,"ok","",,2,0,2,3,0,1,0,0,0,0,0,0,0.397654848971659,0.667815363172332,""
"Kingdom of Cambodia",2015,"Harmonized","ARIMAX",24,6,0.43949,"ok","",,4,0,0,3,0,1,0,0,0,0,0,0,0.250239403057057,0.0518739470279233,""
"Kingdom of Denmark",2015,"Harmonized","ARIMAX",24,6,0.87854,"ok","",,4,0,0,2,0,2,0,0,0,0,0,0,0.441753629939678,0.71243521917975,""
"Kingdom of Eswatini",2015,"Harmonized","ARIMAX",24,6,0.55537,"ok","",,2,0,2,1,0,0,0,0,0,0,0,0,0.0643476570371148,6.29281997099884e-06,""
"Kingdom of Lesotho",2015,"Harmonized","ARIMAX",24,6,0.47975,"ok","",,2,0,2,2,0,0,0,0,0,0,0,0,0.41080983206212,0.0292164764121965,""
"Kingdom of Morocco",2015,"Harmonized","ARIMAX",24,6,0.51558,"ok","",,0,0,0,4,0,0,0,0,0,0,0,0,1.44557820158653e-08,0.359068699942944,""
"Kingdom of Norway",2015,"Harmonized","ARIMAX",24,6,0.89891,"ok","",,2,0,2,4,0,0,0,0,0,0,0,0,0.331155811070093,0.0166584139141502,""
"Kingdom of Saudi Arabia",2015,"Harmonized","ARIMAX",24,6,0.7823,"ok","",,0,0,0,2,0,2,0,0,0,0,0,0,5.54596240043281e-08,0.980545719561373,""
"Kingdom of Spain",2015,"Harmonized","ARIMAX",24,6,0.75227,"ok","",,2,0,2,2,0,2,0,0,0,0,0,0,0.444514115968855,0.338953016650275,""
"Kingdom of Sweden",2015,"Harmonized","ARIMAX",24,6,0.87239,"ok","",,4,0,1,0,0,0,0,0,0,0,0,0,0.0660894394288986,0.00059950279815002,""
"Kingdom of Thailand",2015,"Harmonized","ARIMAX",24,6,0.65402,"ok","",,4,0,0,2,0,2,0,0,0,0,0,0,0.656141605568166,0.308026513170767,""
"Kingdom of Tonga",2015,"Harmonized","ARIMAX",24,6,0.59497,"ok","",,2,0,1,4,0,0,0,0,0,0,0,0,0.151902286378891,0.0941242696555596,""
"Kingdom of the Netherlands",2015,"Harmonized","ARIMAX",24,6,0.8744,"ok","",,3,0,0,0,0,0,0,0,0,0,0,0,0.901455553993508,3.53550132836666e-06,""
"Kyrgyz Republic",2015,"Harmonized","ARIMAX",24,6,0.57546,"ok","",,2,0,0,2,0,2,0,0,0,0,0,0,0.00567584957099165,0.516060086278511,""
"Lao People's Democratic Republic",2015,"Harmonized","ARIMAX",24,6,0.45275,"ok","",,3,0,1,4,0,0,0,0,0,0,0,0,0.56272217588279,0.770330995916665,""
"Lebanese Republic",2015,"Harmonized","ARIMAX",24,6,0.7187,"ok","",,4,0,0,1,0,0,0,0,0,0,0,0,0.247046906857961,1.36829692021223e-08,""
"Malaysia",2015,"Harmonized","ARIMAX",24,6,0.71466,"ok","",,3,0,1,3,0,1,0,0,0,0,0,0,0.855561573470931,0.788960863718117,""
"Mongolia",2015,"Harmonized","ARIMAX",24,6,0.59686,"ok","",,2,0,2,2,0,1,0,0,0,0,0,0,0.22959031617746,0.0227026421323444,""
"Montenegro",2015,"Harmonized","ARIMAX",24,6,0.77056,"ok","",,3,0,0,2,0,1,0,0,0,0,0,0,0.643198088771755,0.214524969336165,""
"New Zealand",2015,"Harmonized","ARIMAX",24,6,0.82746,"ok","",,2,0,2,3,0,1,0,0,0,0,0,0,0.41863728644647,0.390103691057294,""
"North Macedonia",2015,"Harmonized","ARIMAX",24,6,0.7286,"ok","",,2,0,2,3,0,0,0,0,0,0,0,0,0.0315016832130081,0.0962076955146178,""
"Northern Mariana Islands",2015,"Harmonized","ARIMAX",24,6,0.7438,"ok","",,0,2,0,2,2,0,0,0,0,0,0,0,0.27576343571202,0.880410560904306,""
"Palestine",2015,"Harmonized","ARIMAX",24,6,0.5792,"ok","",,2,0,2,2,0,2,0,0,0,0,0,0,0.356544402923103,0.0722509319839951,""
"People's Democratic Republic of Algeria",2015,"Harmonized","ARIMAX",24,6,0.62675,"ok","",,4,0,0,1,0,0,0,0,0,0,0,0,0.322164409114114,4.12148843176308e-06,""
"People's Republic of Bangladesh",2015,"Harmonized","ARIMAX",24,6,0.42548,"ok","",,4,0,0,1,0,0,0,0,0,0,0,0,0.460552062007088,1.67150807639516e-07,""
"People's Republic of China",2015,"Harmonized","ARIMAX",24,6,0.67194,"ok","",,4,0,0,2,0,2,0,0,0,0,0,0,0.365062268228496,0.652504640481571,""
"Plurinational State of Bolivia",2015,"Harmonized","ARIMAX",24,6,0.567,"ok","",,4,0,0,3,0,1,0,0,0,0,0,0,0.124830896593248,0.00258250893440415,""
"Portuguese Republic",2015,"Harmonized","ARIMAX",24,6,0.72576,"ok","",,3,0,0,3,0,1,0,0,0,0,0,0,0.291189832366063,0.884801273741145,""
"Principality of Andorra",2015,"Harmonized","ARIMAX",24,6,0.85359,"ok","",,2,0,0,2,0,0,0,0,0,0,0,0,0.941516774072999,0.915054467425016,""
"Principality of Monaco",2015,"Harmonized","ARIMAX",24,6,0.89836,"ok","",,3,0,0,2,0,2,0,0,0,0,0,0,0.0608657033248194,0.234635628204487,""
"Puerto Rico",2015,"Harmonized","ARIMAX",24,6,0.7918,"ok","",,2,0,0,2,0,1,0,0,0,0,0,0,0.119874350244165,0.728952760641197,""
"Republic of Albania",2015,"Harmonized","ARIMAX",24,6,0.67967,"ok","",,2,0,2,2,0,2,0,0,0,0,0,0,0.295622494927257,0.00307662528563946,""
"Republic of Angola",2015,"Harmonized","ARIMAX",24,6,0.41137,"ok","",,2,0,1,2,0,1,0,0,0,0,0,0,0.559495724190632,0.453351455216848,""
"Republic of Armenia",2015,"Harmonized","ARIMAX",24,6,0.67805,"ok","",,2,0,2,2,0,0,0,0,0,0,0,0,0.239001506049917,0.188377268898049,""
"Republic of Austria",2015,"Harmonized","ARIMAX",24,6,0.83758,"ok","",,2,0,2,1,0,0,0,0,0,0,0,0,0.0724742555753675,4.60032628424312e-06,""
"Republic of Azerbaijan",2015,"Harmonized","ARIMAX",24,6,0.67624,"ok","",,2,2,0,3,0,1,0,0,0,0,0,0,0.814692382521892,0.464749665786226,""
"Republic of Belarus",2015,"Harmonized","ARIMAX",24,6,0.75821,"ok","",,3,0,1,4,0,0,0,0,0,0,0,0,0.261412893425907,0.243517017722637,""
"Republic of Benin",2015,"Harmonized","ARIMAX",24,6,0.33222,"ok","",,2,0,1,2,0,2,0,0,0,0,0,0,0.130354483600174,0.0791969723162627,""
"Republic of Botswana",2015,"Harmonized","ARIMAX",24,6,0.61541,"ok","",,2,0,2,0,0,0,0,0,0,0,0,0,0.531344953667228,1.0277370843248e-08,""
"Republic of Bulgaria",2015,"Harmonized","ARIMAX",24,6,0.74898,"ok","",,2,0,0,3,0,1,0,0,0,0,0,0,0.0010474740723575,0.0435545701709583,""
"Republic of Burundi",2015,"Harmonized","ARIMAX",24,6,0.26733,"ok","",,2,0,0,3,2,0,0,0,0,0,0,0,2.18812198783391e-05,0.805019330357772,""
"Republic of Cabo Verde",2015,"Harmonized","ARIMAX",24,6,0.49523,"ok","",,1,0,0,3,0,0,0,0,0,0,0,0,5.43688235876694e-07,0.0096611195085814,""
"Republic of Cameroon",2015,"Harmonized","ARIMAX",24,6,0.43083,"ok","",,1,0,0,3,0,0,0,0,0,0,0,0,2.39457831341383e-08,0.0201578957907009,""
"Republic of Chad",2015,"Harmonized","ARIMAX",24,6,0.21243,"ok","",,3,0,1,4,0,0,0,0,0,0,0,0,0.48519689843073,0.221098712625294,""
"Republic of Chile",2015,"Harmonized","ARIMAX",24,6,0.7361,"ok","",,3,0,2,4,0,0,0,0,0,0,0,0,0.884461436837761,0.691369774796789,""
"Republic of Colombia",2015,"Harmonized","ARIMAX",24,6,0.62089,"ok","",,4,0,1,4,0,0,0,0,0,0,0,0,0.224038194508978,0.126401178118132,""
"Republic of Costa Rica",2015,"Harmonized","ARIMAX",24,6,0.66203,"ok","",,2,0,2,2,0,1,0,0,0,0,0,0,0.848584221014129,0.8145357283395,""
"Republic of Croatia",2015,"Harmonized","ARIMAX",24,6,0.77787,"ok","",,2,0,2,3,0,0,0,0,0,0,0,0,0.370932333497737,0.0260109942742714,""
"Republic of Cuba",2015,"Harmonized","ARIMAX",24,6,0.64282,"ok","",,3,0,0,4,0,0,0,0,0,0,0,0,0.0485790866793097,0.553956723743519,""
"Republic of Cyprus",2015,"Harmonized","ARIMAX",24,6,0.82273,"ok","",,2,0,1,2,0,2,0,0,0,0,0,0,0.183569753249916,0.181844036254095,""
"Republic of Côte d'Ivoire",2015,"Harmonized","ARIMAX",24,6,0.38349,"ok","",,3,0,0,3,0,1,0,0,0,0,0,0,0.00302424658173939,0.831508970990359,""
"Republic of Djibouti",2015,"Harmonized","ARIMAX",24,6,0.44586,"ok","",,2,0,0,4,0,0,0,0,0,0,0,0,0.0182451120113505,0.0778774138881069,""
"Republic of Ecuador",2015,"Harmonized","ARIMAX",24,6,0.62855,"ok","",,3,0,1,4,0,0,0,0,0,0,0,0,0.211236346907806,0.129007200667136,""
"Republic of El Salvador",2015,"Harmonized","ARIMAX",24,6,0.52939,"ok","",,2,0,1,2,0,0,0,0,0,0,0,0,0.0317722210727451,6.65906669516936e-06,""
"Republic of Equatorial Guinea",2015,"Harmonized","ARIMAX",24,6,0.61313,"ok","",,4,0,0,4,0,1,0,0,0,0,0,0,0.13081251549225,0.119323995388564,""
"Republic of Estonia",2015,"Harmonized","ARIMAX",24,6,0.82322,"ok","",,2,0,0,2,0,2,0,0,0,0,0,0,0.11821236125448,0.643502300092165,""
"Republic of Fiji",2015,"Harmonized","ARIMAX",24,6,0.64503,"ok","",,3,0,1,2,0,2,0,0,0,0,0,0,0.91757076494052,0.293600812995869,""
"Republic of Finland",2015,"Harmonized","ARIMAX",24,6,0.84088,"ok","",,2,0,2,3,0,0,0,0,0,0,0,0,0.712768533938899,0.37154194485904,""
"Republic of Ghana",2015,"Harmonized","ARIMAX",24,6,0.52154,"ok","",,3,0,1,2,0,2,0,0,0,0,0,0,0.639018003693581,0.32521008909289,""
"Republic of Guatemala",2015,"Harmonized","ARIMAX",24,6,0.50066,"ok","",,2,0,2,1,0,0,0,0,0,0,0,0,0.116493220418653,1.36714417564576e-10,""
"Republic of Guinea",2015,"Harmonized","ARIMAX",24,6,0.29236,"ok","",,1,0,0,2,0,2,0,0,0,0,0,0,6.27173644218715e-06,0.889181425222687,""
"Republic of Guinea-Bissau",2015,"Harmonized","ARIMAX",24,6,0.31709,"ok","",,2,0,1,2,0,0,0,0,0,0,0,0,0.825408582008154,0.16831281293235,""
"Republic of Guyana",2015,"Harmonized","ARIMAX",24,6,0.60761,"ok","",,2,0,2,4,0,1,0,0,0,0,0,0,0.281576714689702,0.906936145488159,""
"Republic of Haiti",2015,"Harmonized","ARIMAX",24,6,0.43176,"ok","",,4,0,0,2,0,1,0,0,0,0,0,0,0.435376087613218,0.178747628328763,""
"Republic of Honduras",2015,"Harmonized","ARIMAX",24,6,0.48229,"ok","",,2,0,1,2,0,1,0,0,0,0,0,0,0.180279982538445,0.147677912095827,""
"Republic of Iceland",2015,"Harmonized","ARIMAX",24,6,0.85772,"ok","",,4,0,0,1,0,0,0,0,0,0,0,0,0.0736652068319135,6.71339887792222e-06,""
"Republic of India",2015,"Harmonized","ARIMAX",24,6,0.52124,"ok","",,4,0,0,3,0,1,0,0,0,0,0,0,0.612963196953906,0.916222203319492,""
"Republic of Indonesia",2015,"Harmonized","ARIMAX",24,6,0.62222,"ok","",,4,0,0,2,0,1,0,0,0,0,0,0,0.258032605419771,0.544079116238217,""
"Republic of Iraq",2015,"Harmonized","ARIMAX",24,6,0.59949,"ok","",,1,0,0,2,0,2,0,0,0,0,0,0,2.62355300661987e-06,0.193844407127172,""
"Republic of Italy",2015,"Harmonized","ARIMAX",24,6,0.7899,"ok","",,2,0,2,2,0,0,0,0,0,0,0,0,0.128391402515705,0.000787207832215642,""
"Republic of Kazakhstan",2015,"Harmonized","ARIMAX",24,6,0.70823,"ok","",,3,0,0,2,0,2,0,0,0,0,0,0,0.0301100573321943,0.0910975492765231,""
"Republic of Kenya",2015,"Harmonized","ARIMAX",24,6,0.47308,"ok","",,3,0,1,3,0,0,0,0,0,0,0,0,0.772614451084365,0.00898085437648122,""
"Republic of Kiribati",2015,"Harmonized","ARIMAX",24,6,0.50006,"ok","",,4,0,0,2,0,1,0,0,0,0,0,0,0.0173695256444067,0.0391760368184702,""
"Republic of Korea",2015,"Harmonized","ARIMAX",24,6,0.86391,"ok","",,3,0,1,4,0,0,0,0,0,0,0,0,0.713599409517479,0.13232900244876,""
"Republic of Latvia",2015,"Harmonized","ARIMAX",24,6,0.80699,"ok","",,2,0,2,2,0,2,0,0,0,0,0,0,0.0867135362151092,0.401698911518981,""
"Republic of Liberia",2015,"Harmonized","ARIMAX",24,6,0.31849,"ok","",,2,0,2,4,0,0,0,0,0,0,0,0,0.393137060955343,0.873986302596681,""
"Republic of Lithuania",2015,"Harmonized","ARIMAX",24,6,0.82311,"ok","",,4,0,0,3,0,0,0,0,0,0,0,0,0.788940533599227,0.0326858172927365,""
"Republic of Madagascar",2015,"Harmonized","ARIMAX",24,6,0.35044,"ok","",,4,0,0,2,0,0,0,0,0,0,0,0,0.422170370797045,0.0656065812255311,""
"Republic of Malawi",2015,"Harmonized","ARIMAX",24,6,0.33614,"ok","",,3,0,1,2,0,1,0,0,0,0,0,0,0.613448550640329,0.24679897723879,""
"Republic of Maldives",2015,"Harmonized","ARIMAX",24,6,0.61845,"ok","",,2,0,2,1,0,0,0,0,0,0,0,0,0.0047479207260952,8.78881190047309e-10,""
"Republic of Mali",2015,"Harmonized","ARIMAX",24,6,0.22983,"ok","",,4,0,0,4,0,0,0,0,0,0,0,0,0.575706666893953,0.438795680724746,""
"Republic of Malta",2015,"Harmonized","ARIMAX",24,6,0.77728,"ok","",,3,0,1,1,0,0,0,0,0,0,0,0,0.791877707666067,5.9605499559412e-06,""
"Republic of Mauritius",2015,"Harmonized","ARIMAX",24,6,0.69224,"ok","",,3,0,0,4,0,0,0,0,0,0,0,0,0.171479696413317,0.197983786129242,""
"Republic of Moldova",2015,"Harmonized","ARIMAX",24,6,0.69936,"ok","",,2,0,0,2,0,1,0,0,0,0,0,0,0.970542134220602,0.0821123660901703,""
"Republic of Mozambique",2015,"Harmonized","ARIMAX",24,6,0.28103,"ok","",,2,0,1,2,0,2,0,0,0,0,0,0,0.260664144404879,0.0647764143217534,""
"Republic of Namibia",2015,"Harmonized","ARIMAX",24,6,0.58982,"ok","",,2,0,1,1,0,0,0,0,0,0,0,0,0.0266365414367528,1.55575343274705e-06,""
"Republic of Nauru",2015,"Harmonized","ARIMAX",24,6,0.58128,"ok","",,2,2,0,2,1,1,0,0,0,0,0,0,0.708385487509751,0.999989812747191,""
"Republic of Nicaragua",2015,"Harmonized","ARIMAX",24,6,0.49639,"ok","",,3,0,1,3,0,0,0,0,0,0,0,0,0.842080090989036,0.0180689608397862,""
"Republic of Niue",2015,"Harmonized","ARIMAX",24,6,0.70423,"ok","",,2,0,1,4,0,0,0,0,0,0,0,0,0.683796186881427,0.222804468012179,""
"Republic of Palau",2015,"Harmonized","ARIMAX",24,6,0.73817,"ok","",,3,0,0,2,0,1,0,0,0,0,0,0,0.00122266772415325,0.02996078531443,""
"Republic of Panama",2015,"Harmonized","ARIMAX",24,6,0.65796,"ok","",,1,0,0,0,0,0,0,0,0,0,0,0,3.81348764615375e-05,1.35913128529452e-08,""
"Republic of Paraguay",2015,"Harmonized","ARIMAX",24,6,0.60048,"ok","",,2,0,2,2,0,1,0,0,0,0,0,0,0.469838115614109,0.0349226648572376,""
"Republic of Peru",2015,"Harmonized","ARIMAX",24,6,0.63628,"ok","",,3,0,0,1,0,0,0,0,0,0,0,0,0.0772090235972074,3.84195979674651e-06,""
"Republic of Poland",2015,"Harmonized","ARIMAX",24,6,0.78745,"ok","",,2,0,1,2,0,2,0,0,0,0,0,0,0.388192852488292,0.658502997187973,""
"Republic of Rwanda",2015,"Harmonized","ARIMAX",24,6,0.3899,"ok","",,2,0,1,2,0,0,0,0,0,0,0,0,0.353498945474928,0.730374763360358,""
"Republic of San Marino",2015,"Harmonized","ARIMAX",24,6,0.88469,"ok","",,1,0,1,0,0,0,0,0,0,0,0,0,1.23852366118449e-05,0.000246029340267739,""
"Republic of Senegal",2015,"Harmonized","ARIMAX",24,6,0.36414,"ok","",,4,0,0,0,0,0,0,0,0,0,0,0,0.854094374184383,2.60973972626699e-05,""
"Republic of Serbia",2015,"Harmonized","ARIMAX",24,6,0.76984,"ok","",,2,0,1,3,0,0,0,0,0,0,0,0,0.251085351531181,0.207608392488522,""
"Republic of Seychelles",2015,"Harmonized","ARIMAX",24,6,0.70172,"ok","",,0,0,0,1,0,0,0,0,0,0,0,0,7.04382784322277e-08,4.46946263943371e-06,""
"Republic of Sierra Leone",2015,"Harmonized","ARIMAX",24,6,0.317,"ok","",,2,0,0,0,0,0,0,0,0,0,0,0,0.287619775458023,3.22508553196599e-09,""
"Republic of Singapore",2015,"Harmonized","ARIMAX",24,6,0.8454,"ok","",,3,0,0,2,0,1,0,0,0,0,0,0,0.488535119238025,0.470385306473355,""
"Republic of Slovenia",2015,"Harmonized","ARIMAX",24,6,0.82984,"ok","",,2,0,2,3,0,1,0,0,0,0,0,0,0.187788886675092,0.189010643047353,""
"Republic of South Africa",2015,"Harmonized","ARIMAX",24,6,0.65842,"ok","",,4,0,0,1,0,0,0,0,0,0,0,0,0.596516375539853,5.31135366799163e-08,""
"Republic of South Sudan",2015,"Harmonized","ARIMAX",24,6,0.27583,"ok","",,3,0,0,4,0,0,0,0,0,0,0,0,0.638053781722993,0.43262137902726,""
"Republic of Sudan",2015,"Harmonized","ARIMAX",24,6,0.48655,"ok","",,2,0,1,4,0,0,0,0,0,0,0,0,0.666059133603695,0.198096380084495,""
"Republic of Suriname",2015,"Harmonized","ARIMAX",24,6,0.6161,"ok","",,2,0,2,2,0,1,0,0,0,0,0,0,0.340541302028009,0.074961262278271,""
"Republic of Tajikistan",2015,"Harmonized","ARIMAX",24,6,0.51578,"ok","",,2,2,0,2,2,0,0,0,0,0,0,0,0.862779093316294,0.750284305761023,""
"Republic of Trinidad and Tobago",2015,"Harmonized","ARIMAX",24,6,0.75151,"ok","",,3,0,0,4,0,0,0,0,0,0,0,0,0.0639507033979485,0.139513536527867,""
"Republic of Tunisia",2015,"Harmonized","ARIMAX",24,6,0.65341,"ok","",,3,0,0,3,0,1,0,0,0,0,0,0,0.0410308362701552,0.859034061256408,""
"Republic of Turkey",2015,"Harmonized","ARIMAX",24,6,0.66297,"ok","",,2,0,1,2,0,2,0,0,0,0,0,0,0.131737832610387,0.320545357054516,""
"Republic of Uganda",2015,"Harmonized","ARIMAX",24,6,0.37254,"ok","",,3,0,1,2,0,2,0,0,0,0,0,0,0.432835681743446,0.290683870139878,""
"Republic of Uzbekistan",2015,"Harmonized","ARIMAX",24,6,0.63981,"ok","",,3,0,1,4,0,0,0,0,0,0,0,0,0.372078962090543,0.265602888473512,""
"Republic of Vanuatu",2015,"Harmonized","ARIMAX",24,6,0.45033,"ok","",,2,0,1,3,0,0,0,0,0,0,0,0,0.254046068211006,0.0374473009208748,""
"Republic of Yemen",2015,"Harmonized","ARIMAX",24,6,0.4302,"ok","",,1,0,0,4,0,0,0,0,0,0,0,0,3.2403138450654e-05,0.0350388808794382,""
"Republic of Zambia",2015,"Harmonized","ARIMAX",24,6,0.44674,"ok","",,4,0,0,2,0,1,0,0,0,0,0,0,0.744647599943621,0.0143156498648631,""
"Republic of Zimbabwe",2015,"Harmonized","ARIMAX",24,6,0.44655,"ok","",,3,2,0,2,1,2,0,0,0,0,0,0,0.78674138236974,0.755307860017486,""
"Republic of the Congo",2015,"Harmonized","ARIMAX",24,6,0.54841,"ok","",,4,0,0,2,0,2,0,0,0,0,0,0,0.101100582395266,0.765445998684609,""
"Republic of the Gambia",2015,"Harmonized","ARIMAX",24,6,0.37584,"ok","",,2,0,2,4,0,0,0,0,0,0,0,0,0.158528287571908,0.838023011692671,""
"Republic of the Marshall Islands",2015,"Harmonized","ARIMAX",24,6,0.54179,"ok","",,4,0,0,2,0,1,0,0,0,0,0,0,0.494800448397052,0.374476057681116,""
"Republic of the Niger",2015,"Harmonized","ARIMAX",24,6,0.14544,"ok","",,3,0,0,2,0,0,0,0,0,0,0,0,0.752133264603144,0.00590900922433002,""
"Republic of the Philippines",2015,"Harmonized","ARIMAX",24,6,0.60622,"ok","",,3,0,1,2,0,2,0,0,0,0,0,0,0.833604404772183,0.18027963845568,""
"Republic of the Union of Myanmar",2015,"Harmonized","ARIMAX",24,6,0.49737,"ok","",,2,0,1,3,0,1,0,0,0,0,0,0,0.617339843869173,0.92217092635105,""
"Romania",2015,"Harmonized","ARIMAX",24,6,0.74347,"ok","",,2,0,1,2,0,1,0,0,0,0,0,0,0.148226581540637,0.167734656300378,""
"Russian Federation",2015,"Harmonized","ARIMAX",24,6,0.78491,"ok","",,4,0,0,1,0,0,0,0,0,0,0,0,0.0565907985135243,9.09124301440301e-06,""
"Saint Kitts and Nevis",2015,"Harmonized","ARIMAX",24,6,0.73222,"ok","",,4,0,0,1,0,0,0,0,0,0,0,0,0.0705488729457368,2.33138286453993e-10,""
"Saint Lucia",2015,"Harmonized","ARIMAX",24,6,0.65216,"ok","",,2,0,0,2,0,1,0,0,0,0,0,0,0.00385816552848472,0.0217503723489381,""
"Saint Vincent and the Grenadines",2015,"Harmonized","ARIMAX",24,6,0.60375,"ok","",,4,0,0,2,0,2,0,0,0,0,0,0,0.0315274973828857,0.285065342825539,""
"Slovak Republic",2015,"Harmonized","ARIMAX",24,6,0.80039,"ok","",,5,0,0,1,0,0,0,0,0,0,0,0,0.255453321747566,2.5596191832733e-12,""
"Socialist Republic of Viet Nam",2015,"Harmonized","ARIMAX",24,6,0.59285,"ok","",,2,0,2,2,0,1,0,0,0,0,0,0,0.138370753789081,0.00205792673276362,""
"Solomon Islands",2015,"Harmonized","ARIMAX",24,6,0.40623,"ok","",,4,0,0,2,0,1,0,0,0,0,0,0,0.55202010252807,0.345598706392021,""
"State of Eritrea",2015,"Harmonized","ARIMAX",24,6,0.37694,"ok","",,2,0,0,2,0,0,0,0,0,0,0,0,0.505864120769464,0.730153075804879,""
"State of Israel",2015,"Harmonized","ARIMAX",24,6,0.78887,"ok","",,2,0,0,2,0,0,0,0,0,0,0,0,0.0205676832827071,0.124246177045306,""
"State of Kuwait",2015,"Harmonized","ARIMAX",24,6,0.817,"ok","",,4,0,0,2,0,1,0,0,0,0,0,0,0.641904070669189,0.159479055605121,""
"State of Libya",2015,"Harmonized","ARIMAX",24,6,0.71365,"ok","",,4,0,0,1,0,1,0,0,0,0,0,0,0.347525287373565,0.000789511744496707,""
"State of Qatar",2015,"Harmonized","ARIMAX",24,6,0.81187,"ok","",,2,0,2,2,0,1,0,0,0,0,0,0,0.795613642735399,0.292632410979137,""
"Sultanate of Oman",2015,"Harmonized","ARIMAX",24,6,0.7436,"ok","",,3,0,1,2,0,1,0,0,0,0,0,0,0.461293501686413,0.283611289703917,""
"Swiss Confederation",2015,"Harmonized","ARIMAX",24,6,0.92183,"ok","",,4,0,0,4,0,0,0,0,0,0,0,0,0.407453533662305,0.41116919301519,""
"Syrian Arab Republic",2015,"Harmonized","ARIMAX",24,6,0.60228,"ok","",,4,0,0,2,0,5,0,0,0,0,0,0,0.619090578014626,0.908431990101465,""
"Taiwan (Province of China)",2015,"Harmonized","ARIMAX",24,6,0.85006,"ok","",,3,0,0,4,0,0,0,0,0,0,0,0,0.419974814087921,0.526253811037532,""
"Togolese Republic",2015,"Harmonized","ARIMAX",24,6,0.3656,"ok","",,2,0,2,3,0,0,0,0,0,0,0,0,0.0113054780512402,0.0034544105533485,""
"Tokelau",2015,"Harmonized","ARIMAX",24,6,0.6588,"ok","",,2,0,2,2,0,1,0,0,0,0,0,0,0.925543305914752,0.0829117747813369,""
"Turkmenistan",2015,"Harmonized","ARIMAX",24,6,0.65335,"ok","",,2,0,2,4,0,0,0,0,0,0,0,0,0.171130716402457,0.947480176682929,""
"Tuvalu",2015,"Harmonized","ARIMAX",24,6,0.54405,"ok","",,2,0,0,3,0,1,0,0,0,0,0,0,0.376008372262029,0.363813336747444,""
"Ukraine",2015,"Harmonized","ARIMAX",24,6,0.74379,"ok","",,1,0,0,1,0,0,0,0,0,0,0,0,1.30958857513797e-06,0.044889108037004,""
"Union of the Comoros",2015,"Harmonized","ARIMAX",24,6,0.44471,"ok","",,3,0,1,0,0,0,0,0,0,0,0,0,0.763832054470395,0.000219984514425842,""
"United Arab Emirates",2015,"Harmonized","ARIMAX",24,6,0.83418,"ok","",,2,0,2,2,0,1,0,0,0,0,0,0,0.0383622182059391,0.213101731606825,""
"United Kingdom of Great Britain and Northern Ireland",2015,"Harmonized","ARIMAX",24,6,0.83895,"ok","",,4,0,0,2,0,2,0,0,0,0,0,0,0.883054647051461,0.837082055543079,""
"United Mexican States",2015,"Harmonized","ARIMAX",24,6,0.6289,"ok","",,2,0,1,2,0,1,0,0,0,0,0,0,0.717204257623317,0.346951754040145,""
"United Republic of Tanzania",2015,"Harmonized","ARIMAX",24,6,0.39428,"ok","",,2,0,1,1,0,0,0,0,0,0,0,0,0.51376865233311,3.68309902080144e-05,""
"United States Virgin Islands",2015,"Harmonized","ARIMAX",24,6,0.80789,"ok","",,2,0,1,3,0,1,0,0,0,0,0,0,0.611385701510668,0.351951117129392,""
"United States of America",2015,"Harmonized","ARIMAX",24,6,0.84437,"ok","",,2,0,0,2,0,2,0,0,0,0,0,0,0.00792154447594673,0.58480554880705,""
"American Samoa",2015,"Benchmark","Persistence",24,6,0.69716,"ok","",,,,,,,,0,0,0,0,0,0,,,""
"Antigua and Barbuda",2015,"Benchmark","Persistence",24,6,0.72837,"ok","",,,,,,,,0,0,0,0,0,0,,,""
"Arab Republic of Egypt",2015,"Benchmark","Persistence",24,6,0.54437,"ok","",,,,,,,,0,0,0,0,0,0,,,""
"Argentine Republic",2015,"Benchmark","Persistence",24,6,0.69171,"ok","",,,,,,,,0,0,0,0,0,0,,,""
"Australia",2015,"Benchmark","Persistence",24,6,0.82486,"ok","",,,,,,,,0,0,0,0,0,0,,,""
"Barbados",2015,"Benchmark","Persistence",24,6,0.7326,"ok","",,,,,,,,0,0,0,0,0,0,,,""
"Belize",2015,"Benchmark","Persistence",24,6,0.58328,"ok","",,,,,,,,0,0,0,0,0,0,,,""
"Bermuda",2015,"Benchmark","Persistence",24,6,0.808,"ok","",,,,,,,,0,0,0,0,0,0,,,""
"Bolivarian Republic of Venezuela",2015,"Benchmark","Persistence",24,6,0.61068,"ok","",,,,,,,,0,0,0,0,0,0,,,""
"Bosnia and Herzegovina",2015,"Benchmark","Persistence",24,6,0.70045,"ok","",,,,,,,,0,0,0,0,0,0,,,""
"Brunei Darussalam",2015,"Benchmark","Persistence",24,6,0.79137,"ok","",,,,,,,,0,0,0,0,0,0,,,""
"Burkina Faso",2015,"Benchmark","Persistence",24,6,0.25021,"ok","",,,,,,,,0,0,0,0,0,0,,,""
"Canada",2015,"Benchmark","Persistence",24,6,0.85953,"ok","",,,,,,,,0,0,0,0,0,0,,,""
"Central African Republic",2015,"Benchmark","Persistence",24,6,0.29083,"ok","",,,,,,,,0,0,0,0,0,0,,,""
"Commonwealth of Dominica",2015,"Benchmark","Persistence",24,6,0.72479,"ok","",,,,,,,,0,0,0,0,0,0,,,""
"Commonwealth of the Bahamas",2015,"Benchmark","Persistence",24,6,0.78996,"ok","",,,,,,,,0,0,0,0,0,0,,,""
"Cook Islands",2015,"Benchmark","Persistence",24,6,0.74655,"ok","",,,,,,,,0,0,0,0,0,0,,,""
"Czech Republic",2015,"Benchmark","Persistence",24,6,0.81656,"ok","",,,,,,,,0,0,0,0,0,0,,,""
"Democratic People's Republic of Korea",2015,"Benchmark","Persistence",24,6,0.55732,"ok","",,,,,,,,0,0,0,0,0,0,,,""
"Democratic Republic of Sao Tome and Principe",2015,"Benchmark","Persistence",24,6,0.45405,"ok","",,,,,,,,0,0,0,0,0,0,,,""
"Democratic Republic of Timor-Leste",2015,"Benchmark","Persistence",24,6,0.42638,"ok","",,,,,,,,0,0,0,0,0,0,,,""
"Democratic Republic of the Congo",2015,"Benchmark","Persistence",24,6,0.33242,"ok","",,,,,,,,0,0,0,0,0,0,,,""
"Democratic Socialist Republic of Sri Lanka",2015,"Benchmark","Persistence",24,6,0.66976,"ok","",,,,,,,,0,0,0,0,0,0,,,""
"Dominican Republic",2015,"Benchmark","Persistence",24,6,0.59292,"ok","",,,,,,,,0,0,0,0,0,0,,,""
"Eastern Republic of Uruguay",2015,"Benchmark","Persistence",24,6,0.6806,"ok","",,,,,,,,0,0,0,0,0,0,,,""
"Federal Democratic Republic of Ethiopia",2015,"Benchmark","Persistence",24,6,0.31074,"ok","",,,,,,,,0,0,0,0,0,0,,,""
"Federal Democratic Republic of Nepal",2015,"Benchmark","Persistence",24,6,0.39502,"ok","",,,,,,,,0,0,0,0,0,0,,,""
"Federal Republic of Germany",2015,"Benchmark","Persistence",24,6,0.88887,"ok","",,,,,,,,0,0,0,0,0,0,,,""
"Federal Republic of Nigeria",2015,"Benchmark","Persistence",24,6,0.45724,"ok","",,,,,,,,0,0,0,0,0,0,,,""
"Federal Republic of Somalia",2015,"Benchmark","Persistence",24,6,0.06981,"ok","",,,,,,,,0,0,0,0,0,0,,,""
"Federated States of Micronesia",2015,"Benchmark","Persistence",24,6,0.56715,"ok","",,,,,,,,0,0,0,0,0,0,,,""
"Federative Republic of Brazil",2015,"Benchmark","Persistence",24,6,0.62815,"ok","",,,,,,,,0,0,0,0,0,0,,,""
"French Republic",2015,"Benchmark","Persistence",24,6,0.82024,"ok","",,,,,,,,0,0,0,0,0,0,,,""
"Gabonese Republic",2015,"Benchmark","Persistence",24,6,0.58836,"ok","",,,,,,,,0,0,0,0,0,0,,,""
"Georgia",2015,"Benchmark","Persistence",24,6,0.69732,"ok","",,,,,,,,0,0,0,0,0,0,,,""
"Grand Duchy of Luxembourg",2015,"Benchmark","Persistence",24,6,0.87011,"ok","",,,,,,,,0,0,0,0,0,0,,,""
"Greenland",2015,"Benchmark","Persistence",24,6,0.81772,"ok","",,,,,,,,0,0,0,0,0,0,,,""
"Grenada",2015,"Benchmark","Persistence",24,6,0.63894,"ok","",,,,,,,,0,0,0,0,0,0,,,""
"Guam",2015,"Benchmark","Persistence",24,6,0.77672,"ok","",,,,,,,,0,0,0,0,0,0,,,""
"Hashemite Kingdom of Jordan",2015,"Benchmark","Persistence",24,6,0.69295,"ok","",,,,,,,,0,0,0,0,0,0,,,""
"Hellenic Republic",2015,"Benchmark","Persistence",24,6,0.78249,"ok","",,,,,,,,0,0,0,0,0,0,,,""
"Hungary",2015,"Benchmark","Persistence",24,6,0.77405,"ok","",,,,,,,,0,0,0,0,0,0,,,""
"Independent State of Papua New Guinea",2015,"Benchmark","Persistence",24,6,0.39829,"ok","",,,,,,,,0,0,0,0,0,0,,,""
"Independent State of Samoa",2015,"Benchmark","Persistence",24,6,0.572,"ok","",,,,,,,,0,0,0,0,0,0,,,""
"Ireland",2015,"Benchmark","Persistence",24,6,0.84744,"ok","",,,,,,,,0,0,0,0,0,0,,,""
"Islamic Republic of Afghanistan",2015,"Benchmark","Persistence",24,6,0.29185,"ok","",,,,,,,,0,0,0,0,0,0,,,""
"Islamic Republic of Iran",2015,"Benchmark","Persistence",24,6,0.66206,"ok","",,,,,,,,0,0,0,0,0,0,,,""
"Islamic Republic of Mauritania",2015,"Benchmark","Persistence",24,6,0.45452,"ok","",,,,,,,,0,0,0,0,0,0,,,""
"Islamic Republic of Pakistan",2015,"Benchmark","Persistence",24,6,0.46479,"ok","",,,,,,,,0,0,0,0,0,0,,,""
"Jamaica",2015,"Benchmark","Persistence",24,6,0.66247,"ok","",,,,,,,,0,0,0,0,0,0,,,""
"Japan",2015,"Benchmark","Persistence",24,6,0.8561,"ok","",,,,,,,,0,0,0,0,0,0,,,""
"Kingdom of Bahrain",2015,"Benchmark","Persistence",24,6,0.71993,"ok","",,,,,,,,0,0,0,0,0,0,,,""
"Kingdom of Belgium",2015,"Benchmark","Persistence",24,6,0.83588,"ok","",,,,,,,,0,0,0,0,0,0,,,""
"Kingdom of Bhutan",2015,"Benchmark","Persistence",24,6,0.44181,"ok","",,,,,,,,0,0,0,0,0,0,,,""
"Kingdom of Cambodia",2015,"Benchmark","Persistence",24,6,0.43949,"ok","",,,,,,,,0,0,0,0,0,0,,,""
"Kingdom of Denmark",2015,"Benchmark","Persistence",24,6,0.87854,"ok","",,,,,,,,0,0,0,0,0,0,,,""
"Kingdom of Eswatini",2015,"Benchmark","Persistence",24,6,0.55537,"ok","",,,,,,,,0,0,0,0,0,0,,,""
"Kingdom of Lesotho",2015,"Benchmark","Persistence",24,6,0.47975,"ok","",,,,,,,,0,0,0,0,0,0,,,""
"Kingdom of Morocco",2015,"Benchmark","Persistence",24,6,0.51558,"ok","",,,,,,,,0,0,0,0,0,0,,,""
"Kingdom of Norway",2015,"Benchmark","Persistence",24,6,0.89891,"ok","",,,,,,,,0,0,0,0,0,0,,,""
"Kingdom of Saudi Arabia",2015,"Benchmark","Persistence",24,6,0.7823,"ok","",,,,,,,,0,0,0,0,0,0,,,""
"Kingdom of Spain",2015,"Benchmark","Persistence",24,6,0.75227,"ok","",,,,,,,,0,0,0,0,0,0,,,""
"Kingdom of Sweden",2015,"Benchmark","Persistence",24,6,0.87239,"ok","",,,,,,,,0,0,0,0,0,0,,,""
"Kingdom of Thailand",2015,"Benchmark","Persistence",24,6,0.65402,"ok","",,,,,,,,0,0,0,0,0,0,,,""
"Kingdom of Tonga",2015,"Benchmark","Persistence",24,6,0.59497,"ok","",,,,,,,,0,0,0,0,0,0,,,""
"Kingdom of the Netherlands",2015,"Benchmark","Persistence",24,6,0.8744,"ok","",,,,,,,,0,0,0,0,0,0,,,""
"Kyrgyz Republic",2015,"Benchmark","Persistence",24,6,0.57546,"ok","",,,,,,,,0,0,0,0,0,0,,,""
"Lao People's Democratic Republic",2015,"Benchmark","Persistence",24,6,0.45275,"ok","",,,,,,,,0,0,0,0,0,0,,,""
"Lebanese Republic",2015,"Benchmark","Persistence",24,6,0.7187,"ok","",,,,,,,,0,0,0,0,0,0,,,""
"Malaysia",2015,"Benchmark","Persistence",24,6,0.71466,"ok","",,,,,,,,0,0,0,0,0,0,,,""
"Mongolia",2015,"Benchmark","Persistence",24,6,0.59686,"ok","",,,,,,,,0,0,0,0,0,0,,,""
"Montenegro",2015,"Benchmark","Persistence",24,6,0.77056,"ok","",,,,,,,,0,0,0,0,0,0,,,""
"New Zealand",2015,"Benchmark","Persistence",24,6,0.82746,"ok","",,,,,,,,0,0,0,0,0,0,,,""
"North Macedonia",2015,"Benchmark","Persistence",24,6,0.7286,"ok","",,,,,,,,0,0,0,0,0,0,,,""
"Northern Mariana Islands",2015,"Benchmark","Persistence",24,6,0.7438,"ok","",,,,,,,,0,0,0,0,0,0,,,""
"Palestine",2015,"Benchmark","Persistence",24,6,0.5792,"ok","",,,,,,,,0,0,0,0,0,0,,,""
"People's Democratic Republic of Algeria",2015,"Benchmark","Persistence",24,6,0.62675,"ok","",,,,,,,,0,0,0,0,0,0,,,""
"People's Republic of Bangladesh",2015,"Benchmark","Persistence",24,6,0.42548,"ok","",,,,,,,,0,0,0,0,0,0,,,""
"People's Republic of China",2015,"Benchmark","Persistence",24,6,0.67194,"ok","",,,,,,,,0,0,0,0,0,0,,,""
"Plurinational State of Bolivia",2015,"Benchmark","Persistence",24,6,0.567,"ok","",,,,,,,,0,0,0,0,0,0,,,""
"Portuguese Republic",2015,"Benchmark","Persistence",24,6,0.72576,"ok","",,,,,,,,0,0,0,0,0,0,,,""
"Principality of Andorra",2015,"Benchmark","Persistence",24,6,0.85359,"ok","",,,,,,,,0,0,0,0,0,0,,,""
"Principality of Monaco",2015,"Benchmark","Persistence",24,6,0.89836,"ok","",,,,,,,,0,0,0,0,0,0,,,""
"Puerto Rico",2015,"Benchmark","Persistence",24,6,0.7918,"ok","",,,,,,,,0,0,0,0,0,0,,,""
"Republic of Albania",2015,"Benchmark","Persistence",24,6,0.67967,"ok","",,,,,,,,0,0,0,0,0,0,,,""
"Republic of Angola",2015,"Benchmark","Persistence",24,6,0.41137,"ok","",,,,,,,,0,0,0,0,0,0,,,""
"Republic of Armenia",2015,"Benchmark","Persistence",24,6,0.67805,"ok","",,,,,,,,0,0,0,0,0,0,,,""
"Republic of Austria",2015,"Benchmark","Persistence",24,6,0.83758,"ok","",,,,,,,,0,0,0,0,0,0,,,""
"Republic of Azerbaijan",2015,"Benchmark","Persistence",24,6,0.67624,"ok","",,,,,,,,0,0,0,0,0,0,,,""
"Republic of Belarus",2015,"Benchmark","Persistence",24,6,0.75821,"ok","",,,,,,,,0,0,0,0,0,0,,,""
"Republic of Benin",2015,"Benchmark","Persistence",24,6,0.33222,"ok","",,,,,,,,0,0,0,0,0,0,,,""
"Republic of Botswana",2015,"Benchmark","Persistence",24,6,0.61541,"ok","",,,,,,,,0,0,0,0,0,0,,,""
"Republic of Bulgaria",2015,"Benchmark","Persistence",24,6,0.74898,"ok","",,,,,,,,0,0,0,0,0,0,,,""
"Republic of Burundi",2015,"Benchmark","Persistence",24,6,0.26733,"ok","",,,,,,,,0,0,0,0,0,0,,,""
"Republic of Cabo Verde",2015,"Benchmark","Persistence",24,6,0.49523,"ok","",,,,,,,,0,0,0,0,0,0,,,""
"Republic of Cameroon",2015,"Benchmark","Persistence",24,6,0.43083,"ok","",,,,,,,,0,0,0,0,0,0,,,""
"Republic of Chad",2015,"Benchmark","Persistence",24,6,0.21243,"ok","",,,,,,,,0,0,0,0,0,0,,,""
"Republic of Chile",2015,"Benchmark","Persistence",24,6,0.7361,"ok","",,,,,,,,0,0,0,0,0,0,,,""
"Republic of Colombia",2015,"Benchmark","Persistence",24,6,0.62089,"ok","",,,,,,,,0,0,0,0,0,0,,,""
"Republic of Costa Rica",2015,"Benchmark","Persistence",24,6,0.66203,"ok","",,,,,,,,0,0,0,0,0,0,,,""
"Republic of Croatia",2015,"Benchmark","Persistence",24,6,0.77787,"ok","",,,,,,,,0,0,0,0,0,0,,,""
"Republic of Cuba",2015,"Benchmark","Persistence",24,6,0.64282,"ok","",,,,,,,,0,0,0,0,0,0,,,""
"Republic of Cyprus",2015,"Benchmark","Persistence",24,6,0.82273,"ok","",,,,,,,,0,0,0,0,0,0,,,""
"Republic of Côte d'Ivoire",2015,"Benchmark","Persistence",24,6,0.38349,"ok","",,,,,,,,0,0,0,0,0,0,,,""
"Republic of Djibouti",2015,"Benchmark","Persistence",24,6,0.44586,"ok","",,,,,,,,0,0,0,0,0,0,,,""
"Republic of Ecuador",2015,"Benchmark","Persistence",24,6,0.62855,"ok","",,,,,,,,0,0,0,0,0,0,,,""
"Republic of El Salvador",2015,"Benchmark","Persistence",24,6,0.52939,"ok","",,,,,,,,0,0,0,0,0,0,,,""
"Republic of Equatorial Guinea",2015,"Benchmark","Persistence",24,6,0.61313,"ok","",,,,,,,,0,0,0,0,0,0,,,""
"Republic of Estonia",2015,"Benchmark","Persistence",24,6,0.82322,"ok","",,,,,,,,0,0,0,0,0,0,,,""
"Republic of Fiji",2015,"Benchmark","Persistence",24,6,0.64503,"ok","",,,,,,,,0,0,0,0,0,0,,,""
"Republic of Finland",2015,"Benchmark","Persistence",24,6,0.84088,"ok","",,,,,,,,0,0,0,0,0,0,,,""
"Republic of Ghana",2015,"Benchmark","Persistence",24,6,0.52154,"ok","",,,,,,,,0,0,0,0,0,0,,,""
"Republic of Guatemala",2015,"Benchmark","Persistence",24,6,0.50066,"ok","",,,,,,,,0,0,0,0,0,0,,,""
"Republic of Guinea",2015,"Benchmark","Persistence",24,6,0.29236,"ok","",,,,,,,,0,0,0,0,0,0,,,""
"Republic of Guinea-Bissau",2015,"Benchmark","Persistence",24,6,0.31709,"ok","",,,,,,,,0,0,0,0,0,0,,,""
"Republic of Guyana",2015,"Benchmark","Persistence",24,6,0.60761,"ok","",,,,,,,,0,0,0,0,0,0,,,""
"Republic of Haiti",2015,"Benchmark","Persistence",24,6,0.43176,"ok","",,,,,,,,0,0,0,0,0,0,,,""
"Republic of Honduras",2015,"Benchmark","Persistence",24,6,0.48229,"ok","",,,,,,,,0,0,0,0,0,0,,,""
"Republic of Iceland",2015,"Benchmark","Persistence",24,6,0.85772,"ok","",,,,,,,,0,0,0,0,0,0,,,""
"Republic of India",2015,"Benchmark","Persistence",24,6,0.52124,"ok","",,,,,,,,0,0,0,0,0,0,,,""
"Republic of Indonesia",2015,"Benchmark","Persistence",24,6,0.62222,"ok","",,,,,,,,0,0,0,0,0,0,,,""
"Republic of Iraq",2015,"Benchmark","Persistence",24,6,0.59949,"ok","",,,,,,,,0,0,0,0,0,0,,,""
"Republic of Italy",2015,"Benchmark","Persistence",24,6,0.7899,"ok","",,,,,,,,0,0,0,0,0,0,,,""
"Republic of Kazakhstan",2015,"Benchmark","Persistence",24,6,0.70823,"ok","",,,,,,,,0,0,0,0,0,0,,,""
"Republic of Kenya",2015,"Benchmark","Persistence",24,6,0.47308,"ok","",,,,,,,,0,0,0,0,0,0,,,""
"Republic of Kiribati",2015,"Benchmark","Persistence",24,6,0.50006,"ok","",,,,,,,,0,0,0,0,0,0,,,""
"Republic of Korea",2015,"Benchmark","Persistence",24,6,0.86391,"ok","",,,,,,,,0,0,0,0,0,0,,,""
"Republic of Latvia",2015,"Benchmark","Persistence",24,6,0.80699,"ok","",,,,,,,,0,0,0,0,0,0,,,""
"Republic of Liberia",2015,"Benchmark","Persistence",24,6,0.31849,"ok","",,,,,,,,0,0,0,0,0,0,,,""
"Republic of Lithuania",2015,"Benchmark","Persistence",24,6,0.82311,"ok","",,,,,,,,0,0,0,0,0,0,,,""
"Republic of Madagascar",2015,"Benchmark","Persistence",24,6,0.35044,"ok","",,,,,,,,0,0,0,0,0,0,,,""
"Republic of Malawi",2015,"Benchmark","Persistence",24,6,0.33614,"ok","",,,,,,,,0,0,0,0,0,0,,,""
"Republic of Maldives",2015,"Benchmark","Persistence",24,6,0.61845,"ok","",,,,,,,,0,0,0,0,0,0,,,""
"Republic of Mali",2015,"Benchmark","Persistence",24,6,0.22983,"ok","",,,,,,,,0,0,0,0,0,0,,,""
"Republic of Malta",2015,"Benchmark","Persistence",24,6,0.77728,"ok","",,,,,,,,0,0,0,0,0,0,,,""
"Republic of Mauritius",2015,"Benchmark","Persistence",24,6,0.69224,"ok","",,,,,,,,0,0,0,0,0,0,,,""
"Republic of Moldova",2015,"Benchmark","Persistence",24,6,0.69936,"ok","",,,,,,,,0,0,0,0,0,0,,,""
"Republic of Mozambique",2015,"Benchmark","Persistence",24,6,0.28103,"ok","",,,,,,,,0,0,0,0,0,0,,,""
"Republic of Namibia",2015,"Benchmark","Persistence",24,6,0.58982,"ok","",,,,,,,,0,0,0,0,0,0,,,""
"Republic of Nauru",2015,"Benchmark","Persistence",24,6,0.58128,"ok","",,,,,,,,0,0,0,0,0,0,,,""
"Republic of Nicaragua",2015,"Benchmark","Persistence",24,6,0.49639,"ok","",,,,,,,,0,0,0,0,0,0,,,""
"Republic of Niue",2015,"Benchmark","Persistence",24,6,0.70423,"ok","",,,,,,,,0,0,0,0,0,0,,,""
"Republic of Palau",2015,"Benchmark","Persistence",24,6,0.73817,"ok","",,,,,,,,0,0,0,0,0,0,,,""
"Republic of Panama",2015,"Benchmark","Persistence",24,6,0.65796,"ok","",,,,,,,,0,0,0,0,0,0,,,""
"Republic of Paraguay",2015,"Benchmark","Persistence",24,6,0.60048,"ok","",,,,,,,,0,0,0,0,0,0,,,""
"Republic of Peru",2015,"Benchmark","Persistence",24,6,0.63628,"ok","",,,,,,,,0,0,0,0,0,0,,,""
"Republic of Poland",2015,"Benchmark","Persistence",24,6,0.78745,"ok","",,,,,,,,0,0,0,0,0,0,,,""
"Republic of Rwanda",2015,"Benchmark","Persistence",24,6,0.3899,"ok","",,,,,,,,0,0,0,0,0,0,,,""
"Republic of San Marino",2015,"Benchmark","Persistence",24,6,0.88469,"ok","",,,,,,,,0,0,0,0,0,0,,,""
"Republic of Senegal",2015,"Benchmark","Persistence",24,6,0.36414,"ok","",,,,,,,,0,0,0,0,0,0,,,""
"Republic of Serbia",2015,"Benchmark","Persistence",24,6,0.76984,"ok","",,,,,,,,0,0,0,0,0,0,,,""
"Republic of Seychelles",2015,"Benchmark","Persistence",24,6,0.70172,"ok","",,,,,,,,0,0,0,0,0,0,,,""
"Republic of Sierra Leone",2015,"Benchmark","Persistence",24,6,0.317,"ok","",,,,,,,,0,0,0,0,0,0,,,""
"Republic of Singapore",2015,"Benchmark","Persistence",24,6,0.8454,"ok","",,,,,,,,0,0,0,0,0,0,,,""
"Republic of Slovenia",2015,"Benchmark","Persistence",24,6,0.82984,"ok","",,,,,,,,0,0,0,0,0,0,,,""
"Republic of South Africa",2015,"Benchmark","Persistence",24,6,0.65842,"ok","",,,,,,,,0,0,0,0,0,0,,,""
"Republic of South Sudan",2015,"Benchmark","Persistence",24,6,0.27583,"ok","",,,,,,,,0,0,0,0,0,0,,,""
"Republic of Sudan",2015,"Benchmark","Persistence",24,6,0.48655,"ok","",,,,,,,,0,0,0,0,0,0,,,""
"Republic of Suriname",2015,"Benchmark","Persistence",24,6,0.6161,"ok","",,,,,,,,0,0,0,0,0,0,,,""
"Republic of Tajikistan",2015,"Benchmark","Persistence",24,6,0.51578,"ok","",,,,,,,,0,0,0,0,0,0,,,""
"Republic of Trinidad and Tobago",2015,"Benchmark","Persistence",24,6,0.75151,"ok","",,,,,,,,0,0,0,0,0,0,,,""
"Republic of Tunisia",2015,"Benchmark","Persistence",24,6,0.65341,"ok","",,,,,,,,0,0,0,0,0,0,,,""
"Republic of Turkey",2015,"Benchmark","Persistence",24,6,0.66297,"ok","",,,,,,,,0,0,0,0,0,0,,,""
"Republic of Uganda",2015,"Benchmark","Persistence",24,6,0.37254,"ok","",,,,,,,,0,0,0,0,0,0,,,""
"Republic of Uzbekistan",2015,"Benchmark","Persistence",24,6,0.63981,"ok","",,,,,,,,0,0,0,0,0,0,,,""
"Republic of Vanuatu",2015,"Benchmark","Persistence",24,6,0.45033,"ok","",,,,,,,,0,0,0,0,0,0,,,""
"Republic of Yemen",2015,"Benchmark","Persistence",24,6,0.4302,"ok","",,,,,,,,0,0,0,0,0,0,,,""
"Republic of Zambia",2015,"Benchmark","Persistence",24,6,0.44674,"ok","",,,,,,,,0,0,0,0,0,0,,,""
"Republic of Zimbabwe",2015,"Benchmark","Persistence",24,6,0.44655,"ok","",,,,,,,,0,0,0,0,0,0,,,""
"Republic of the Congo",2015,"Benchmark","Persistence",24,6,0.54841,"ok","",,,,,,,,0,0,0,0,0,0,,,""
"Republic of the Gambia",2015,"Benchmark","Persistence",24,6,0.37584,"ok","",,,,,,,,0,0,0,0,0,0,,,""
"Republic of the Marshall Islands",2015,"Benchmark","Persistence",24,6,0.54179,"ok","",,,,,,,,0,0,0,0,0,0,,,""
"Republic of the Niger",2015,"Benchmark","Persistence",24,6,0.14544,"ok","",,,,,,,,0,0,0,0,0,0,,,""
"Republic of the Philippines",2015,"Benchmark","Persistence",24,6,0.60622,"ok","",,,,,,,,0,0,0,0,0,0,,,""
"Republic of the Union of Myanmar",2015,"Benchmark","Persistence",24,6,0.49737,"ok","",,,,,,,,0,0,0,0,0,0,,,""
"Romania",2015,"Benchmark","Persistence",24,6,0.74347,"ok","",,,,,,,,0,0,0,0,0,0,,,""
"Russian Federation",2015,"Benchmark","Persistence",24,6,0.78491,"ok","",,,,,,,,0,0,0,0,0,0,,,""
"Saint Kitts and Nevis",2015,"Benchmark","Persistence",24,6,0.73222,"ok","",,,,,,,,0,0,0,0,0,0,,,""
"Saint Lucia",2015,"Benchmark","Persistence",24,6,0.65216,"ok","",,,,,,,,0,0,0,0,0,0,,,""
"Saint Vincent and the Grenadines",2015,"Benchmark","Persistence",24,6,0.60375,"ok","",,,,,,,,0,0,0,0,0,0,,,""
"Slovak Republic",2015,"Benchmark","Persistence",24,6,0.80039,"ok","",,,,,,,,0,0,0,0,0,0,,,""
"Socialist Republic of Viet Nam",2015,"Benchmark","Persistence",24,6,0.59285,"ok","",,,,,,,,0,0,0,0,0,0,,,""
"Solomon Islands",2015,"Benchmark","Persistence",24,6,0.40623,"ok","",,,,,,,,0,0,0,0,0,0,,,""
"State of Eritrea",2015,"Benchmark","Persistence",24,6,0.37694,"ok","",,,,,,,,0,0,0,0,0,0,,,""
"State of Israel",2015,"Benchmark","Persistence",24,6,0.78887,"ok","",,,,,,,,0,0,0,0,0,0,,,""
"State of Kuwait",2015,"Benchmark","Persistence",24,6,0.817,"ok","",,,,,,,,0,0,0,0,0,0,,,""
"State of Libya",2015,"Benchmark","Persistence",24,6,0.71365,"ok","",,,,,,,,0,0,0,0,0,0,,,""
"State of Qatar",2015,"Benchmark","Persistence",24,6,0.81187,"ok","",,,,,,,,0,0,0,0,0,0,,,""
"Sultanate of Oman",2015,"Benchmark","Persistence",24,6,0.7436,"ok","",,,,,,,,0,0,0,0,0,0,,,""
"Swiss Confederation",2015,"Benchmark","Persistence",24,6,0.92183,"ok","",,,,,,,,0,0,0,0,0,0,,,""
"Syrian Arab Republic",2015,"Benchmark","Persistence",24,6,0.60228,"ok","",,,,,,,,0,0,0,0,0,0,,,""
"Taiwan (Province of China)",2015,"Benchmark","Persistence",24,6,0.85006,"ok","",,,,,,,,0,0,0,0,0,0,,,""
"Togolese Republic",2015,"Benchmark","Persistence",24,6,0.3656,"ok","",,,,,,,,0,0,0,0,0,0,,,""
"Tokelau",2015,"Benchmark","Persistence",24,6,0.6588,"ok","",,,,,,,,0,0,0,0,0,0,,,""
"Turkmenistan",2015,"Benchmark","Persistence",24,6,0.65335,"ok","",,,,,,,,0,0,0,0,0,0,,,""
"Tuvalu",2015,"Benchmark","Persistence",24,6,0.54405,"ok","",,,,,,,,0,0,0,0,0,0,,,""
"Ukraine",2015,"Benchmark","Persistence",24,6,0.74379,"ok","",,,,,,,,0,0,0,0,0,0,,,""
"Union of the Comoros",2015,"Benchmark","Persistence",24,6,0.44471,"ok","",,,,,,,,0,0,0,0,0,0,,,""
"United Arab Emirates",2015,"Benchmark","Persistence",24,6,0.83418,"ok","",,,,,,,,0,0,0,0,0,0,,,""
"United Kingdom of Great Britain and Northern Ireland",2015,"Benchmark","Persistence",24,6,0.83895,"ok","",,,,,,,,0,0,0,0,0,0,,,""
"United Mexican States",2015,"Benchmark","Persistence",24,6,0.6289,"ok","",,,,,,,,0,0,0,0,0,0,,,""
"United Republic of Tanzania",2015,"Benchmark","Persistence",24,6,0.39428,"ok","",,,,,,,,0,0,0,0,0,0,,,""
"United States Virgin Islands",2015,"Benchmark","Persistence",24,6,0.80789,"ok","",,,,,,,,0,0,0,0,0,0,,,""
"United States of America",2015,"Benchmark","Persistence",24,6,0.84437,"ok","",,,,,,,,0,0,0,0,0,0,,,""
"American Samoa",2018,"Original","VARX",27,3,0.7128,"ok","",1.12398595140223,2,,,2,,,0,0,0,0,0,0,0.000154530382374896,0.0320128912523486,""
"Antigua and Barbuda",2018,"Original","VARX",27,3,0.73888,"ok","",0.9361732320582,2,,,2,,,0,0,0,0,0,0,0.00119846736963336,0.000130002359743697,""
"Arab Republic of Egypt",2018,"Original","VARX",27,3,0.57744,"ok","",0.992548213912769,2,,,2,,,0,0,0,0,0,0,2.08937696577483e-06,0.000224113516567481,""
"Argentine Republic",2018,"Original","VARX",27,3,0.71289,"ok","",0.967962596284753,2,,,2,,,0,0,3,0,0,0,0.00264677734742669,0.00620793549652332,""
"Australia",2018,"Original","VARX",27,3,0.83535,"ok","",0.964739453974946,2,,,2,,,0,0,3,0,0,0,3.98263669110221e-06,0.000568399534451647,""
"Barbados",2018,"Original","VARX",27,3,0.73953,"ok","",1.05931619565565,2,,,2,,,0,0,0,0,0,0,0.000430005185814819,4.48644490891326e-07,""
"Belize",2018,"Original","VARX",27,3,0.59851,"ok","",1.0000626004709,2,,,2,,,0,0,0,0,0,0,0.000734617124004466,2.52318638812588e-05,""
"Bermuda",2018,"Original","VARX",27,3,0.81489,"ok","",1.03617715933597,2,,,2,,,0,0,2,0,0,0,2.22628358023114e-05,0.00385544289634665,""
"Bolivarian Republic of Venezuela",2018,"Original","VARX",27,3,0.60407,"ok","",1.11261021024845,2,,,2,,,0,0,0,0,0,0,0.00060736324322852,0.00119836358408476,""
"Bosnia and Herzegovina",2018,"Original","VARX",27,3,0.71235,"ok","",0.96018533301906,2,,,2,,,0,0,0,0,0,0,0.00106193229225016,1.96789915773987e-06,""
"Brunei Darussalam",2018,"Original","VARX",27,3,0.80144,"ok","",1.06006651738778,2,,,2,,,3,0,0,0,0,0,0.0292583984169762,4.64404085688264e-05,""
"Burkina Faso",2018,"Original","VARX",27,3,0.2681,"ok","",1.04256886745258,2,,,2,,,1,0,0,0,0,0,0.00474394579263704,0.0822778282199208,""
"Canada",2018,"Original","VARX",27,3,0.86791,"ok","",1.01549596949154,2,,,2,,,3,0,0,0,0,0,0.000296454377893718,3.97146916830682e-06,""
"Central African Republic",2018,"Original","VARX",27,3,0.29801,"ok","",1.03677150204449,2,,,2,,,0,0,0,0,0,0,0.000652958322780339,4.35855002759444e-05,""
"Commonwealth of Dominica",2018,"Original","VARX",27,3,0.73894,"ok","",0.995753174167138,2,,,2,,,0,0,0,0,0,0,0.000196424509947946,3.06782818970674e-06,""
"Commonwealth of the Bahamas",2018,"Original","VARX",27,3,0.79818,"ok","",1.03449598990661,2,,,2,,,0,0,0,0,0,0,0.00669550062322732,0.00104992146169269,""
"Cook Islands",2018,"Original","VARX",27,3,0.76404,"ok","",0.994387102745894,2,,,2,,,0,0,0,0,0,0,0.000320873223206841,0.00295044576164094,""
"Czech Republic",2018,"Original","VARX",27,3,0.82203,"ok","",1.00054598524227,2,,,2,,,0,0,0,0,0,0,0.00866868649173225,0.00338142996526858,""
"Democratic People's Republic of Korea",2018,"Original","VARX",27,3,0.56516,"ok","",1.02520323039136,2,,,2,,,0,0,0,0,0,0,4.09761224124949e-05,0.0308569802059875,""
"Democratic Republic of Sao Tome and Principe",2018,"Original","VARX",27,3,0.4811,"ok","",1.02178444320452,2,,,2,,,0,0,0,0,0,0,1.12134432124211e-05,0.00083514579927535,""
"Democratic Republic of Timor-Leste",2018,"Original","VARX",27,3,0.43702,"ok","",1.02453921124014,2,,,2,,,0,0,0,0,0,0,0.0289456647405764,0.000107730456170074,""
"Democratic Republic of the Congo",2018,"Original","VARX",27,3,0.36029,"ok","",1.03047622739632,2,,,2,,,0,0,0,0,0,0,0.000564631935764282,0.000140249199340525,""
"Democratic Socialist Republic of Sri Lanka",2018,"Original","VARX",27,3,0.68813,"ok","",1.0087570545591,2,,,2,,,3,0,0,0,0,0,0.0173702391658145,7.06288398525379e-05,""
"Dominican Republic",2018,"Original","VARX",27,3,0.60696,"ok","",0.951974920038766,2,,,2,,,0,0,0,0,0,0,0.000370024966018012,0.000279514685993854,""
"Eastern Republic of Uruguay",2018,"Original","VARX",27,3,0.7069,"ok","",1.0359395510308,2,,,2,,,0,0,0,0,0,0,0.00105805565690253,0.0140374979368001,""
"Federal Democratic Republic of Ethiopia",2018,"Original","VARX",27,3,0.33805,"ok","",1.00953146016488,2,,,2,,,0,0,0,0,0,0,0.0385662531731763,8.58694009102656e-05,""
"Federal Democratic Republic of Nepal",2018,"Original","VARX",27,3,0.41524,"ok","",0.961827001267294,2,,,2,,,0,0,0,0,0,0,0.196358063976074,0.00148010699863188,""
"Federal Republic of Germany",2018,"Original","VARX",27,3,0.89698,"ok","",0.990063666821106,2,,,2,,,3,0,0,0,0,0,0.136576544357209,3.64558704335494e-08,""
"Federal Republic of Nigeria",2018,"Original","VARX",27,3,0.48084,"ok","",0.995914005412532,2,,,2,,,0,0,0,0,0,0,0.00104224213632409,1.45854985977856e-06,""
"Federal Republic of Somalia",2018,"Original","VARX",27,3,0.07364,"ok","",1.00254060189057,2,,,2,,,0,0,0,0,0,0,0.000134199321379036,5.40322309761088e-06,""
"Federated States of Micronesia",2018,"Original","VARX",27,3,0.57756,"ok","",1.0447913417123,2,,,2,,,0,0,0,0,0,0,7.1617876875596e-06,4.58964852456667e-06,""
"Federative Republic of Brazil",2018,"Original","VARX",27,3,0.6408,"ok","",0.957473437736024,2,,,2,,,3,0,3,0,0,0,0.000254493199567829,1.65068469223373e-05,""
"French Republic",2018,"Original","VARX",27,3,0.83045,"ok","",0.983868018876073,2,,,2,,,3,0,0,0,0,0,3.26559728502929e-06,0.0264878771343716,""
"Gabonese Republic",2018,"Original","VARX",27,3,0.61172,"ok","",0.981621697882562,2,,,2,,,0,0,0,0,0,0,0.000655114582132743,2.64410287557082e-05,""
"Georgia",2018,"Original","VARX",27,3,0.71799,"ok","",0.99360902758752,2,,,2,,,3,0,0,0,0,0,0.000647184151346236,0.000648334377905457,""
"Grand Duchy of Luxembourg",2018,"Original","VARX",27,3,0.87864,"ok","",0.937493516327331,2,,,2,,,0,0,0,0,0,0,0.00238559780891556,0.000345941927159532,""
"Greenland",2018,"Original","VARX",27,3,0.82082,"ok","",1.17628296240121,2,,,2,,,0,0,3,0,0,0,0.0102522603800059,0.522612429076676,""
"Grenada",2018,"Original","VARX",27,3,0.65537,"ok","",1.01206390470716,2,,,2,,,0,0,0,0,0,0,3.9577093657539e-05,9.44953718717834e-07,""
"Guam",2018,"Original","VARX",27,3,0.79129,"ok","",0.886664495167725,2,,,2,,,0,0,0,0,0,0,0.00353507205839187,0.000347944374811782,""
"Hashemite Kingdom of Jordan",2018,"Original","VARX",27,3,0.70941,"ok","",1.03512386708978,2,,,2,,,0,0,0,0,0,0,0.00031503358830387,5.6678292634782e-05,""
"Hellenic Republic",2018,"Original","VARX",27,3,0.786,"ok","",0.99180204008651,2,,,2,,,3,0,0,0,0,0,0.00328858226609641,0.00875330661169649,""
"Hungary",2018,"Original","VARX",27,3,0.78208,"ok","",0.978643400491364,2,,,2,,,3,0,3,0,0,0,0.0419036575035466,0.00680437307899595,""
"Independent State of Papua New Guinea",2018,"Original","VARX",27,3,0.40917,"ok","",1.01239639591469,2,,,2,,,0,0,3,0,0,0,0.00105134712505084,0.000402746752840022,""
"Independent State of Samoa",2018,"Original","VARX",27,3,0.58232,"ok","",1.03498649486962,2,,,2,,,0,0,0,0,0,0,1.92875596149999e-05,8.70255091356409e-06,""
"Ireland",2018,"Original","VARX",27,3,0.86393,"ok","",1.01474793460045,2,,,2,,,0,0,0,0,0,0,0.0424207980593546,0.0606391439026437,""
"Islamic Republic of Afghanistan",2018,"Original","VARX",27,3,0.31487,"ok","",1.00630456766427,2,,,2,,,3,0,3,0,0,0,0.012970020400787,0.0256381740410866,""
"Islamic Republic of Iran",2018,"Original","VARX",27,3,0.68091,"ok","",1.01358599854921,2,,,2,,,0,0,0,0,0,0,0.00574148940713304,3.92086165024175e-05,""
"Islamic Republic of Mauritania",2018,"Original","VARX",27,3,0.47584,"ok","",1.04312399285574,2,,,2,,,0,0,0,0,0,0,0.000822859351911953,0.00266826881212245,""
"Islamic Republic of Pakistan",2018,"Original","VARX",27,3,0.48433,"ok","",1.08226665063429,2,,,2,,,0,0,0,0,0,0,2.15224414742421e-05,0.000462648192463333,""
"Jamaica",2018,"Original","VARX",27,3,0.67408,"ok","",1.01745887128532,2,,,2,,,0,0,0,0,0,0,0.0695891732331181,3.62450251836233e-05,""
"Japan",2018,"Original","VARX",27,3,0.86424,"ok","",0.987285135299414,2,,,2,,,0,0,0,0,0,0,0.00148231945933286,1.93312184338934e-05,""
"Kingdom of Bahrain",2018,"Original","VARX",27,3,0.73619,"ok","",1.00055840483495,2,,,2,,,0,0,1,0,0,0,0.000333895945850204,3.26335904965447e-08,""
"Kingdom of Belgium",2018,"Original","VARX",27,3,0.84662,"ok","",0.968267393471847,2,,,2,,,0,0,0,0,0,0,3.84730049770576e-05,5.5556247957611e-07,""
"Kingdom of Bhutan",2018,"Original","VARX",27,3,0.45962,"ok","",1.1500045894051,2,,,2,,,0,0,0,0,0,0,0.119135337589812,4.71658866675329e-05,""
"Kingdom of Cambodia",2018,"Original","VARX",27,3,0.45734,"ok","",0.982978233957289,2,,,2,,,0,0,3,0,0,0,0.004774143406023,0.000171941162736666,""
"Kingdom of Denmark",2018,"Original","VARX",27,3,0.88753,"ok","",0.948349197126419,2,,,2,,,0,0,2,0,0,0,0.000905945755530713,0.00014905793290898,""
"Kingdom of Eswatini",2018,"Original","VARX",27,3,0.57215,"ok","",0.982178856575697,2,,,2,,,0,0,0,0,0,0,8.53118810706377e-07,9.77325024754672e-05,""
"Kingdom of Lesotho",2018,"Original","VARX",27,3,0.49738,"ok","",0.942652890128013,2,,,2,,,0,0,0,0,0,0,0.0259363569606275,0.524243644644996,""
"Kingdom of Morocco",2018,"Original","VARX",27,3,0.53973,"ok","",1.07340961628531,2,,,2,,,0,0,2,0,0,0,0.000501590549281672,0.141415504867658,""
"Kingdom of Norway",2018,"Original","VARX",27,3,0.90926,"ok","",0.991924037932363,2,,,2,,,3,0,0,0,0,0,0.00197512321747084,9.35205844954101e-06,""
"Kingdom of Saudi Arabia",2018,"Original","VARX",27,3,0.80066,"ok","",0.825024904047218,2,,,2,,,0,0,0,0,0,0,0.000607717902971872,1.98782792991681e-05,""
"Kingdom of Spain",2018,"Original","VARX",27,3,0.76066,"ok","",0.885415607260409,2,,,2,,,3,0,0,0,0,0,0.000938864231558978,2.81750986985685e-07,""
"Kingdom of Sweden",2018,"Original","VARX",27,3,0.87989,"ok","",1.03030244508713,2,,,2,,,0,0,3,0,0,0,0.00679924702407875,0.0177205385325025,""
"Kingdom of Thailand",2018,"Original","VARX",27,3,0.67023,"ok","",0.940942457549409,2,,,2,,,3,0,1,0,0,0,0.00600127818202367,0.00251197964666738,""
"Kingdom of Tonga",2018,"Original","VARX",27,3,0.61195,"ok","",1.03031501954316,2,,,2,,,0,0,0,0,0,0,0.000119235275226726,6.1372058954845e-06,""
"Kingdom of the Netherlands",2018,"Original","VARX",27,3,0.8819,"ok","",1.02028281602316,2,,,2,,,0,0,0,0,0,0,0.0201523093583886,0.118995632966435,""
"Kyrgyz Republic",2018,"Original","VARX",27,3,0.59124,"ok","",1.04103403091444,2,,,2,,,0,0,3,0,0,0,0.00625533956895907,0.00048600692565226,""
"Lao People's Democratic Republic",2018,"Original","VARX",27,3,0.47262,"ok","",1.06152440977203,2,,,2,,,0,0,0,0,0,0,0.000583959375512366,0.000435367030702905,""
"Lebanese Republic",2018,"Original","VARX",27,3,0.73475,"ok","",1.18602957893071,2,,,2,,,0,0,2,0,0,0,0.000736356186385567,0.179783546331725,""
"Malaysia",2018,"Original","VARX",27,3,0.72939,"ok","",0.980830052519007,2,,,2,,,3,0,0,0,0,0,0.117669191170824,2.86718512727546e-05,""
"Mongolia",2018,"Original","VARX",27,3,0.6075,"ok","",1.05561232974521,2,,,2,,,1,0,3,0,0,0,4.04584003221853e-06,0.00356148212904572,""
"Montenegro",2018,"Original","VARX",27,3,0.78441,"ok","",0.936604831432851,2,,,2,,,0,0,3,0,0,0,0.122244100829376,0.0237774581654879,""
"New Zealand",2018,"Original","VARX",27,3,0.8406,"ok","",0.957441462627064,2,,,2,,,3,0,0,0,0,0,0.00321867936900788,0.000156183144933708,""
"North Macedonia",2018,"Original","VARX",27,3,0.74133,"ok","",1.03057302953752,2,,,2,,,0,0,0,0,0,0,0.174517643829466,0.000121874446840753,""
"Northern Mariana Islands",2018,"Original","VARX",27,3,0.76126,"ok","",0.887250773511127,2,,,2,,,0,0,0,0,0,0,3.23817970171447e-06,0.0291050242860483,""
"Palestine",2018,"Original","VARX",27,3,0.60812,"ok","",1.09358852206879,2,,,2,,,0,0,1,0,0,0,0.0395131823191361,0.00369326398454117,""
"People's Democratic Republic of Algeria",2018,"Original","VARX",27,3,0.6425,"ok","",1.02573232438104,2,,,2,,,3,0,0,0,0,0,7.86243579515844e-05,5.48970557332495e-05,""
"People's Republic of Bangladesh",2018,"Original","VARX",27,3,0.46172,"ok","",0.973592208908711,2,,,2,,,3,0,0,0,0,0,2.84369933862827e-05,0.0433346417242064,""
"People's Republic of China",2018,"Original","VARX",27,3,0.69372,"ok","",0.960150896549343,2,,,2,,,0,0,0,0,0,0,3.87273898216911e-06,0.00770951248232876,""
"Plurinational State of Bolivia",2018,"Original","VARX",27,3,0.58518,"ok","",0.958016112733724,2,,,2,,,0,0,3,0,0,0,0.000352580237897082,8.13975137847756e-07,""
"Portuguese Republic",2018,"Original","VARX",27,3,0.7344,"ok","",0.994507302350665,2,,,2,,,3,0,0,0,0,0,0.00225929262866753,0.000736927075946636,""
"Principality of Andorra",2018,"Original","VARX",27,3,0.86259,"ok","",1.0595981277503,2,,,2,,,0,0,0,0,0,0,0.443153382867466,0.635780382655958,""
"Principality of Monaco",2018,"Original","VARX",27,3,0.90339,"ok","",0.969911460225723,2,,,2,,,0,0,0,0,0,0,0.00122562774218127,0.0180950170220351,""
"Puerto Rico",2018,"Original","VARX",27,3,0.81291,"ok","",0.952932074358452,2,,,2,,,0,0,0,0,0,0,0.00362897386762862,0.000843922971616951,""
"Republic of Albania",2018,"Original","VARX",27,3,0.69557,"ok","",0.980485796443276,2,,,2,,,0,0,0,0,0,0,4.18695580464146e-05,9.33115973711374e-07,""
"Republic of Angola",2018,"Original","VARX",27,3,0.43336,"ok","",1.06016725627806,2,,,2,,,0,0,0,0,0,0,8.73306283954989e-08,2.7954866765878e-06,""
"Republic of Armenia",2018,"Original","VARX",27,3,0.69028,"ok","",0.95701114759488,2,,,2,,,0,0,0,0,0,0,0.000271522984589989,0.000363529678703345,""
"Republic of Austria",2018,"Original","VARX",27,3,0.84661,"ok","",1.02385171253944,2,,,2,,,2,0,0,0,0,0,0.0353544907941573,0.0105946136336327,""
"Republic of Azerbaijan",2018,"Original","VARX",27,3,0.68656,"ok","",1.12833255603343,2,,,2,,,0,0,0,0,0,0,2.17172137096933e-05,0.000158847532059858,""
"Republic of Belarus",2018,"Original","VARX",27,3,0.77657,"ok","",0.90140137402113,2,,,2,,,3,0,3,0,0,0,1.04474237117014e-05,2.93231627206403e-05,""
"Republic of Benin",2018,"Original","VARX",27,3,0.35265,"ok","",0.953926205416126,2,,,2,,,0,0,0,0,0,0,1.77102875958957e-05,0.000291979939621156,""
"Republic of Botswana",2018,"Original","VARX",27,3,0.63061,"ok","",0.944731987437221,2,,,2,,,0,0,0,0,0,0,1.68239991157337e-05,1.39183313951907e-06,""
"Republic of Bulgaria",2018,"Original","VARX",27,3,0.75915,"ok","",1.02998862375266,2,,,2,,,2,0,0,0,0,0,0.0354304321977343,4.57272967091527e-05,""
"Republic of Burundi",2018,"Original","VARX",27,3,0.27973,"ok","",1.13792634010553,2,,,2,,,0,0,2,0,0,0,0.00213777863292919,0.0102580833745798,""
"Republic of Cabo Verde",2018,"Original","VARX",27,3,0.51529,"ok","",0.982417387069956,2,,,2,,,0,0,0,0,0,0,0.000853438732815515,6.55735822557846e-05,""
"Republic of Cameroon",2018,"Original","VARX",27,3,0.45569,"ok","",0.97172134463074,2,,,2,,,0,0,0,0,0,0,3.52174708988517e-05,6.22487302803787e-06,""
"Republic of Chad",2018,"Original","VARX",27,3,0.22691,"ok","",0.940118863286099,2,,,2,,,0,0,0,0,0,0,0.00883275113514048,8.86283792157494e-05,""
"Republic of Chile",2018,"Original","VARX",27,3,0.75863,"ok","",0.981432401839265,2,,,2,,,0,0,3,0,0,0,0.000150071700760201,0.0001176044526221,""
"Republic of Colombia",2018,"Original","VARX",27,3,0.64026,"ok","",1.05133543822119,2,,,2,,,0,0,0,0,0,0,2.33349230919222e-05,2.38824738237886e-05,""
"Republic of Costa Rica",2018,"Original","VARX",27,3,0.6813,"ok","",1.10095040438324,2,,,2,,,0,0,0,0,0,0,8.06731390802229e-05,0.0280439150440203,""
"Republic of Croatia",2018,"Original","VARX",27,3,0.78867,"ok","",0.971471806234805,2,,,2,,,0,0,0,0,0,0,0.000178464460390604,0.000169291527959525,""
"Republic of Cuba",2018,"Original","VARX",27,3,0.65686,"ok","",1.03908078479045,2,,,2,,,0,0,0,0,0,0,0.000636928018379557,0.00376710196734031,""
"Republic of Cyprus",2018,"Original","VARX",27,3,0.82834,"ok","",1.04731393408601,2,,,2,,,0,0,0,0,0,0,0.000522906034971182,2.83365302558014e-05,""
"Republic of Côte d'Ivoire",2018,"Original","VARX",27,3,0.40409,"ok","",0.972195503440659,2,,,2,,,0,0,0,0,0,0,0.00044693245444305,0.00647217692233293,""
"Republic of Djibouti",2018,"Original","VARX",27,3,0.46771,"ok","",0.911484962112338,2,,,2,,,0,0,0,0,0,0,1.65293761830165e-05,1.37182705994832e-06,""
"Republic of Ecuador",2018,"Original","VARX",27,3,0.64589,"ok","",1.03846681249058,2,,,2,,,0,0,0,0,0,0,0.223241836564911,6.31009214335787e-05,""
"Republic of El Salvador",2018,"Original","VARX",27,3,0.54814,"ok","",1.09004681761462,2,,,2,,,0,0,3,0,0,0,0.184654339834477,2.48487548315524e-08,""
"Republic of Equatorial Guinea",2018,"Original","VARX",27,3,0.63802,"ok","",1.09481325497345,2,,,2,,,0,0,0,0,0,0,0.00124549433733545,6.96852089697719e-05,""
"Republic of Estonia",2018,"Original","VARX",27,3,0.83457,"ok","",1.02558872646859,2,,,2,,,0,0,0,0,0,0,0.000403485739310372,4.35648201245753e-05,""
"Republic of Fiji",2018,"Original","VARX",27,3,0.66199,"ok","",0.987386140079207,2,,,2,,,0,0,0,0,0,0,6.17879402479149e-05,9.73793605862916e-07,""
"Republic of Finland",2018,"Original","VARX",27,3,0.8522,"ok","",1.04933046566005,2,,,2,,,0,0,2,0,0,0,0.026597967005086,0.264642668647506,""
"Republic of Ghana",2018,"Original","VARX",27,3,0.54384,"ok","",0.952608718654003,2,,,2,,,3,0,0,0,0,0,0.0205243488771899,9.75455141868364e-05,""
"Republic of Guatemala",2018,"Original","VARX",27,3,0.521,"ok","",1.01150152079573,2,,,2,,,0,0,0,0,0,0,2.66584959449645e-05,2.69875164375932e-05,""
"Republic of Guinea",2018,"Original","VARX",27,3,0.31484,"ok","",0.966477024682619,2,,,2,,,0,0,0,0,0,0,3.09053267799619e-06,0.0152140002206979,""
"Republic of Guinea-Bissau",2018,"Original","VARX",27,3,0.33567,"ok","",0.968371424511995,2,,,2,,,0,0,0,0,0,0,0.00209143526009559,2.6950152904881e-05,""
"Republic of Guyana",2018,"Original","VARX",27,3,0.62717,"ok","",1.06790642077628,2,,,2,,,0,0,0,0,0,0,0.0327362832862844,0.0466223188472111,""
"Republic of Haiti",2018,"Original","VARX",27,3,0.44168,"ok","",0.996159058103411,2,,,2,,,0,0,0,0,0,0,5.69404933992157e-06,0.00917530660020127,""
"Republic of Honduras",2018,"Original","VARX",27,3,0.49866,"ok","",1.1692964642411,2,,,2,,,0,0,0,0,0,0,2.12034506779091e-05,0.00505555636574118,""
"Republic of Iceland",2018,"Original","VARX",27,3,0.86922,"ok","",0.963270886038693,2,,,2,,,0,0,0,0,0,0,3.87686566863943e-05,1.92387281316986e-05,""
"Republic of India",2018,"Original","VARX",27,3,0.55193,"ok","",0.970415791129324,2,,,2,,,0,0,1,0,0,0,0.000246338369362831,0.00059057322451872,""
"Republic of Indonesia",2018,"Original","VARX",27,3,0.64095,"ok","",1.08672507708891,2,,,2,,,0,0,0,0,0,0,0.000174404529966643,0.00216525447757654,""
"Republic of Iraq",2018,"Original","VARX",27,3,0.63323,"ok","",0.976380917954405,2,,,2,,,0,0,0,0,0,0,1.1108249352576e-06,9.184814614005e-05,""
"Republic of Italy",2018,"Original","VARX",27,3,0.79836,"ok","",0.948203592439207,2,,,2,,,3,0,0,0,0,0,4.52829872166216e-06,0.00206795515279967,""
"Republic of Kazakhstan",2018,"Original","VARX",27,3,0.71853,"ok","",0.942902264317499,2,,,2,,,3,0,1,0,0,0,0.000114494603129955,0.000760262918905852,""
"Republic of Kenya",2018,"Original","VARX",27,3,0.4991,"ok","",0.991521882462522,2,,,2,,,0,0,0,0,0,0,0.00100249668210228,4.94777611748098e-06,""
"Republic of Kiribati",2018,"Original","VARX",27,3,0.51481,"ok","",0.946944887855839,2,,,2,,,0,0,0,0,0,0,1.47836616148922e-06,1.43832401999777e-05,""
"Republic of Korea",2018,"Original","VARX",27,3,0.87682,"ok","",0.991173454712241,2,,,2,,,3,0,0,0,0,0,0.000383273902704317,0.00511379179658789,""
"Republic of Latvia",2018,"Original","VARX",27,3,0.82142,"ok","",0.989378635403522,2,,,2,,,0,0,0,0,0,0,0.000137238127258854,3.17786958980992e-05,""
"Republic of Liberia",2018,"Original","VARX",27,3,0.33778,"ok","",1.01921662444218,2,,,2,,,0,0,1,0,0,0,0.00330996170847742,0.00126150681839354,""
"Republic of Lithuania",2018,"Original","VARX",27,3,0.84192,"ok","",0.993047272476944,2,,,2,,,0,0,0,0,0,0,0.000508041859527908,6.22921529548348e-05,""
"Republic of Madagascar",2018,"Original","VARX",27,3,0.37497,"ok","",1.01400223431667,2,,,2,,,3,0,0,0,0,0,0.00157872372219481,0.000376208636305941,""
"Republic of Malawi",2018,"Original","VARX",27,3,0.36147,"ok","",1.06470563751399,2,,,2,,,0,0,0,0,0,0,0.00761366053923251,0.000262559820005004,""
"Republic of Maldives",2018,"Original","VARX",27,3,0.63721,"ok","",0.944910269382605,2,,,2,,,0,0,3,0,0,0,0.0123590397007823,6.09231750825501e-05,""
"Republic of Mali",2018,"Original","VARX",27,3,0.24942,"ok","",1.04835345422757,2,,,2,,,0,0,0,0,0,0,0.0011023895816441,9.07321001909489e-05,""
"Republic of Malta",2018,"Original","VARX",27,3,0.79097,"ok","",1.03664187915343,2,,,2,,,0,0,0,0,0,0,0.000351607143015076,2.26342227560572e-06,""
"Republic of Mauritius",2018,"Original","VARX",27,3,0.70627,"ok","",0.95233720930891,2,,,2,,,3,0,0,0,0,0,0.000968189346785442,0.000148891827162267,""
"Republic of Moldova",2018,"Original","VARX",27,3,0.71724,"ok","",1.00649910804638,2,,,2,,,3,0,0,0,0,0,0.0366770724180843,0.00234099180548941,""
"Republic of Mozambique",2018,"Original","VARX",27,3,0.30523,"ok","",0.971062491529456,2,,,2,,,0,0,0,0,0,0,0.203564239733035,0.000958816097679782,""
"Republic of Namibia",2018,"Original","VARX",27,3,0.60662,"ok","",1.01592423991709,2,,,2,,,3,0,0,0,0,0,5.44078768549561e-06,0.000114601397500413,""
"Republic of Nauru",2018,"Original","VARX",27,3,0.60531,"ok","",0.9803298956087,2,,,2,,,0,0,0,0,0,0,0.0127062653057869,4.02130407828327e-06,""
"Republic of Nicaragua",2018,"Original","VARX",27,3,0.51234,"ok","",1.01073864456421,2,,,2,,,0,0,0,0,0,0,4.3592611587151e-07,1.14567399076559e-05,""
"Republic of Niue",2018,"Original","VARX",27,3,0.71511,"ok","",0.946018002421846,2,,,2,,,0,0,0,0,0,0,4.25596649401561e-05,9.92845572311829e-07,""
"Republic of Palau",2018,"Original","VARX",27,3,0.74776,"ok","",1.27217379761262,2,,,2,,,0,0,0,0,0,0,0.0280712241276939,6.62374402093935e-06,""
"Republic of Panama",2018,"Original","VARX",27,3,0.68672,"ok","",1.20534272046587,2,,,2,,,0,0,0,0,0,0,0.0911883756878612,2.86751990408174e-06,""
"Republic of Paraguay",2018,"Original","VARX",27,3,0.62003,"ok","",0.992277296157392,2,,,2,,,0,0,0,0,0,0,7.047324376519e-05,2.58467440206189e-06,""
"Republic of Peru",2018,"Original","VARX",27,3,0.65098,"ok","",1.13835049205464,2,,,2,,,0,0,0,0,0,0,0.0318404718728814,0.00041001085548642,""
"Republic of Poland",2018,"Original","VARX",27,3,0.79948,"ok","",1.00693588387682,2,,,2,,,3,0,0,0,0,0,5.87737337059968e-05,0.0756891020881703,""
"Republic of Rwanda",2018,"Original","VARX",27,3,0.41466,"ok","",1.02878251180349,2,,,2,,,0,0,0,0,0,0,0.000682187372515686,0.00095982912957937,""
"Republic of San Marino",2018,"Original","VARX",27,3,0.88513,"ok","",1.0020178754171,2,,,2,,,0,0,0,0,0,0,0.00768572626660224,0.0168252579160673,""
"Republic of Senegal",2018,"Original","VARX",27,3,0.38608,"ok","",1.13478151871823,2,,,2,,,0,0,0,0,0,0,0.0022151714198374,0.0930314393519149,""
"Republic of Serbia",2018,"Original","VARX",27,3,0.78149,"ok","",1.1080885401105,2,,,2,,,0,0,3,0,0,0,0.0165400974831148,5.94835533916926e-05,""
"Republic of Seychelles",2018,"Original","VARX",27,3,0.71641,"ok","",1.00348697095424,2,,,2,,,0,0,0,0,0,0,0.00150504317438904,0.00146844092802534,""
"Republic of Sierra Leone",2018,"Original","VARX",27,3,0.33834,"ok","",1.05473369173605,2,,,2,,,0,0,0,0,0,0,0.0134644391777101,1.47891561865787e-05,""
"Republic of Singapore",2018,"Original","VARX",27,3,0.85076,"ok","",0.990630984053481,2,,,2,,,0,0,0,0,0,0,0.00302640781822805,0.000723916852556572,""
"Republic of Slovenia",2018,"Original","VARX",27,3,0.83547,"ok","",0.950922363671693,2,,,2,,,0,0,3,0,0,0,0.00446908425341519,0.000931800180646314,""
"Republic of South Africa",2018,"Original","VARX",27,3,0.67034,"ok","",0.969766556830336,2,,,2,,,0,0,0,0,0,0,0.00321674753358281,1.13915289863264e-05,""
"Republic of South Sudan",2018,"Original","VARX",27,3,0.27499,"ok","",1.13582520796854,2,,,2,,,0,0,0,0,0,0,0.199121279667352,0.0130017567297323,""
"Republic of Sudan",2018,"Original","VARX",27,3,0.51621,"ok","",0.998664329460715,2,,,2,,,2,0,0,0,0,0,0.00102510600269079,0.000185817952427558,""
"Republic of Suriname",2018,"Original","VARX",27,3,0.62471,"ok","",1.0068117921797,2,,,2,,,0,0,0,0,0,0,0.000837207476588109,0.000298829045292437,""
"Republic of Tajikistan",2018,"Original","VARX",27,3,0.52915,"ok","",1.04757914979613,2,,,2,,,0,0,0,0,0,0,0.00155875527197691,0.0014291361068407,""
"Republic of Trinidad and Tobago",2018,"Original","VARX",27,3,0.76124,"ok","",1.04850536776721,2,,,2,,,0,0,0,0,0,0,0.00177506005294503,0.0945515976789412,""
"Republic of Tunisia",2018,"Original","VARX",27,3,0.66822,"ok","",0.979366160672448,2,,,2,,,0,0,0,0,0,0,2.39789409944846e-05,0.0017372930653784,""
"Republic of Turkey",2018,"Original","VARX",27,3,0.6899,"ok","",0.986767202526841,2,,,2,,,0,0,3,0,0,0,0.000753899234317457,0.000181795909087068,""
"Republic of Uganda",2018,"Original","VARX",27,3,0.39912,"ok","",0.965476539781735,2,,,2,,,0,0,0,0,0,0,0.00111602207065409,1.83655754000256e-05,""
"Republic of Uzbekistan",2018,"Original","VARX",27,3,0.65192,"ok","",1.03660022951546,2,,,2,,,0,0,0,0,0,0,0.000155165057956097,0.000119197969064011,""
"Republic of Vanuatu",2018,"Original","VARX",27,3,0.46208,"ok","",1.06099592693448,2,,,2,,,0,0,0,0,0,0,4.00880504025647e-06,0.000164966912095998,""
"Republic of Yemen",2018,"Original","VARX",27,3,0.44073,"ok","",0.938237855460455,2,,,2,,,0,0,0,0,0,0,0.000304365048534483,0.00240538811005375,""
"Republic of Zambia",2018,"Original","VARX",27,3,0.47789,"ok","",1.06014031846381,2,,,2,,,0,0,0,0,0,0,0.000431100961126862,0.00103332791796595,""
"Republic of Zimbabwe",2018,"Original","VARX",27,3,0.46438,"ok","",0.97420869817451,2,,,2,,,0,0,0,0,0,0,4.12933597204734e-07,0.000396251590960794,""
"Republic of the Congo",2018,"Original","VARX",27,3,0.56779,"ok","",1.02825634577676,2,,,2,,,0,0,0,0,0,0,0.198369668883737,0.0114581864330038,""
"Republic of the Gambia",2018,"Original","VARX",27,3,0.39316,"ok","",0.995421239331124,2,,,2,,,0,0,0,0,0,0,0.00543619815929119,8.5106265147461e-06,""
"Republic of the Marshall Islands",2018,"Original","VARX",27,3,0.5576,"ok","",1.00237247881365,2,,,2,,,0,0,0,0,0,0,0.000674064798268259,7.09872818427382e-05,""
"Republic of the Niger",2018,"Original","VARX",27,3,0.15688,"ok","",1.04339061482403,2,,,2,,,0,0,0,0,0,0,0.00113978114614655,0.0856161255715666,""
"Republic of the Philippines",2018,"Original","VARX",27,3,0.63046,"ok","",0.973126178966806,2,,,2,,,2,0,0,0,0,0,0.000505600066027512,6.9141966485553e-08,""
"Republic of the Union of Myanmar",2018,"Original","VARX",27,3,0.51756,"ok","",0.982228196774694,2,,,2,,,3,0,0,0,0,0,0.000453776213403811,0.028465046354603,""
"Romania",2018,"Original","VARX",27,3,0.75553,"ok","",1.0267415873066,2,,,2,,,0,0,0,0,0,0,0.000799784136308435,0.000109483623571882,""
"Russian Federation",2018,"Original","VARX",27,3,0.80011,"ok","",0.952063266323166,2,,,2,,,3,0,0,0,0,0,1.97465256072116e-05,3.62509430986702e-05,""
"Saint Kitts and Nevis",2018,"Original","VARX",27,3,0.74374,"ok","",1.06984589603844,2,,,2,,,0,0,0,0,0,0,0.0105678400616486,0.332865071701355,""
"Saint Lucia",2018,"Original","VARX",27,3,0.66309,"ok","",0.991947212272115,2,,,2,,,0,0,0,0,0,0,0.00238087376411389,9.5143532834463e-06,""
"Saint Vincent and the Grenadines",2018,"Original","VARX",27,3,0.62263,"ok","",0.943301579774209,2,,,2,,,0,0,0,0,0,0,0.0111015614454644,0.000624709829544212,""
"Slovak Republic",2018,"Original","VARX",27,3,0.80436,"ok","",1.02527161195092,2,,,2,,,0,0,3,0,0,0,0.000139692366947441,5.63749903245148e-05,""
"Socialist Republic of Viet Nam",2018,"Original","VARX",27,3,0.61135,"ok","",0.990295017654746,2,,,2,,,0,0,3,0,0,0,0.000151843975932597,0.000317847228508583,""
"Solomon Islands",2018,"Original","VARX",27,3,0.41889,"ok","",1.12531910118129,2,,,2,,,0,0,0,0,0,0,0.000346168301666894,7.32651621205838e-05,""
"State of Eritrea",2018,"Original","VARX",27,3,0.39115,"ok","",1.13674462592659,2,,,2,,,0,0,0,0,0,0,0.00808575768113518,0.00524025750921564,""
"State of Israel",2018,"Original","VARX",27,3,0.79912,"ok","",0.945364680438022,2,,,2,,,3,0,0,0,0,0,0.250638621116949,0.0043579604817805,""
"State of Kuwait",2018,"Original","VARX",27,3,0.83437,"ok","",1.00405622521944,2,,,2,,,0,0,0,0,0,0,0.00306297301135661,1.0525479187562e-05,""
"State of Libya",2018,"Original","VARX",27,3,0.71272,"ok","",1.00452866150935,2,,,2,,,0,0,0,0,0,0,0.010841953735252,0.00287719675835063,""
"State of Qatar",2018,"Original","VARX",27,3,0.82996,"ok","",1.00065248740912,2,,,2,,,0,0,0,0,0,0,0.000818593525359845,1.86182621819686e-06,""
"Sultanate of Oman",2018,"Original","VARX",27,3,0.75918,"ok","",0.979025724061373,2,,,2,,,3,0,0,0,0,0,6.05975293446193e-05,0.00374271050185981,""
"Swiss Confederation",2018,"Original","VARX",27,3,0.92855,"ok","",0.966070633786237,2,,,2,,,2,0,0,0,0,0,5.47949816920301e-05,1.98783623582832e-05,""
"Syrian Arab Republic",2018,"Original","VARX",27,3,0.60851,"ok","",1.0011848828139,2,,,2,,,0,0,0,0,0,0,9.05953592612585e-05,0.361446937435736,""
"Taiwan (Province of China)",2018,"Original","VARX",27,3,0.86316,"ok","",1.07466679054161,2,,,2,,,0,0,0,0,0,0,6.25421332414167e-05,0.000572813677615414,""
"Togolese Republic",2018,"Original","VARX",27,3,0.38792,"ok","",0.928541775260229,2,,,2,,,3,0,0,0,0,0,5.0288313511615e-05,0.00391219810679999,""
"Tokelau",2018,"Original","VARX",27,3,0.67418,"ok","",1.00479035787139,2,,,2,,,0,0,0,0,0,0,0.159418283287368,4.76014152664961e-05,""
"Turkmenistan",2018,"Original","VARX",27,3,0.66943,"ok","",0.966950356315581,2,,,2,,,0,0,3,0,0,0,4.55755832240445e-06,2.52559431346278e-06,""
"Tuvalu",2018,"Original","VARX",27,3,0.55986,"ok","",0.912969199174152,2,,,2,,,0,0,1,0,0,0,0.0293783737857917,3.0438714035963e-06,""
"Ukraine",2018,"Original","VARX",27,3,0.75445,"ok","",1.02334961195547,2,,,2,,,0,0,0,0,0,0,0.000140771908557324,0.000848429195206002,""
"Union of the Comoros",2018,"Original","VARX",27,3,0.46195,"ok","",1.0539742382333,2,,,2,,,0,0,0,0,0,0,0.000451842106549916,7.33793928973103e-05,""
"United Arab Emirates",2018,"Original","VARX",27,3,0.8399,"ok","",1.01069060628419,2,,,2,,,0,0,0,0,0,0,0.0001075750295636,0.0176203134650131,""
"United Kingdom of Great Britain and Northern Ireland",2018,"Original","VARX",27,3,0.84997,"ok","",1.01006884248874,2,,,2,,,0,0,0,0,0,0,0.0055531288901256,0.000517376613677345,""
"United Mexican States",2018,"Original","VARX",27,3,0.64905,"ok","",1.07381557735331,2,,,2,,,0,0,0,0,0,0,0.00502906076401854,2.74028678315386e-06,""
"United Republic of Tanzania",2018,"Original","VARX",27,3,0.42099,"ok","",1.04070267834153,2,,,2,,,0,0,0,0,0,0,0.0984261298015419,0.00030618776336333,""
"United States Virgin Islands",2018,"Original","VARX",27,3,0.81483,"ok","",0.957839013608933,2,,,2,,,0,0,0,0,0,0,8.05228806828318e-05,5.97580151917576e-07,""
"United States of America",2018,"Original","VARX",27,3,0.85505,"ok","",0.894756314450132,2,,,2,,,3,0,0,0,0,0,0.000301820647679474,5.59481515189919e-05,""
"American Samoa",2018,"Original","ARIMAX",27,3,0.7128,"ok","",,2,0,1,1,0,0,0,0,0,0,0,0,0.569817188447644,0.00264147346574339,""
"Antigua and Barbuda",2018,"Original","ARIMAX",27,3,0.73888,"ok","",,4,0,0,1,0,0,0,0,0,0,0,0,0.586725114034094,4.3809819618712e-06,""
"Arab Republic of Egypt",2018,"Original","ARIMAX",27,3,0.57744,"ok","",,2,0,2,2,0,1,0,0,0,0,0,0,0.110513766202158,0.130837810190261,""
"Argentine Republic",2018,"Original","ARIMAX",27,3,0.71289,"ok","",,1,0,0,4,0,0,0,0,0,0,0,0,2.53340801670277e-08,0.707757959649258,""
"Australia",2018,"Original","ARIMAX",27,3,0.83535,"ok","",,4,0,0,2,0,2,0,0,0,0,0,0,0.431572702951457,0.37186480074496,""
"Barbados",2018,"Original","ARIMAX",27,3,0.73953,"ok","",,2,0,2,3,0,1,0,0,0,0,0,0,0.329802011102298,0.725531926442694,""
"Belize",2018,"Original","ARIMAX",27,3,0.59851,"ok","",,4,0,0,4,0,0,0,0,0,0,0,0,0.724147496934704,0.0403863425990167,""
"Bermuda",2018,"Original","ARIMAX",27,3,0.81489,"ok","",,2,0,2,2,0,2,0,0,0,0,0,0,0.371657463268618,0.741741100315732,""
"Bolivarian Republic of Venezuela",2018,"Original","ARIMAX",27,3,0.60407,"ok","",,3,0,0,1,0,0,0,0,0,0,0,0,0.0860191291071335,8.05741190583742e-05,""
"Bosnia and Herzegovina",2018,"Original","ARIMAX",27,3,0.71235,"ok","",,2,0,0,3,0,0,0,0,0,0,0,0,0.0266656204467537,0.00467027576944734,""
"Brunei Darussalam",2018,"Original","ARIMAX",27,3,0.80144,"ok","",,3,0,0,1,0,0,0,0,0,0,0,0,0.23236459861055,3.5868864467492e-06,""
"Burkina Faso",2018,"Original","ARIMAX",27,3,0.2681,"ok","",,2,0,2,3,0,1,0,0,0,0,0,0,0.385042221443396,0.957276757698612,""
"Canada",2018,"Original","ARIMAX",27,3,0.86791,"ok","",,1,0,0,2,0,2,0,0,0,0,0,0,2.28616235126156e-05,0.451138523400743,""
"Central African Republic",2018,"Original","ARIMAX",27,3,0.29801,"ok","",,4,0,0,4,0,0,0,0,0,0,0,0,0.875880873729492,0.810008400662587,""
"Commonwealth of Dominica",2018,"Original","ARIMAX",27,3,0.73894,"ok","",,2,0,2,1,0,0,0,0,0,0,0,0,0.108340351703072,5.45987018985006e-06,""
"Commonwealth of the Bahamas",2018,"Original","ARIMAX",27,3,0.79818,"ok","",,2,0,2,2,0,2,0,0,0,0,0,0,0.887318978094214,0.106120178142752,""
"Cook Islands",2018,"Original","ARIMAX",27,3,0.76404,"ok","",,2,0,0,1,0,0,0,0,0,0,0,0,0.105115208500164,3.84275679677915e-05,""
"Czech Republic",2018,"Original","ARIMAX",27,3,0.82203,"ok","",,2,0,2,4,0,0,0,0,0,0,0,0,0.562339984057722,0.304543885956361,""
"Democratic People's Republic of Korea",2018,"Original","ARIMAX",27,3,0.56516,"ok","",,2,0,2,4,0,0,0,0,0,0,0,0,0.668642330764294,0.226437915219901,""
"Democratic Republic of Sao Tome and Principe",2018,"Original","ARIMAX",27,3,0.4811,"ok","",,0,0,0,1,0,0,0,0,0,0,0,0,9.98729654533292e-10,5.96379274284686e-05,""
"Democratic Republic of Timor-Leste",2018,"Original","ARIMAX",27,3,0.43702,"ok","",,4,0,0,2,0,2,0,0,0,0,0,0,0.26047976850205,0.430252648649136,""
"Democratic Republic of the Congo",2018,"Original","ARIMAX",27,3,0.36029,"ok","",,0,2,3,0,2,2,0,0,0,0,0,0,0.861556468293883,0.944110349064747,""
"Democratic Socialist Republic of Sri Lanka",2018,"Original","ARIMAX",27,3,0.68813,"ok","",,3,0,1,0,0,0,0,0,0,0,0,0,0.909450231087175,2.61962118663916e-10,""
"Dominican Republic",2018,"Original","ARIMAX",27,3,0.60696,"ok","",,4,0,0,4,0,0,0,0,0,0,0,0,0.432734596598267,0.0674566625822738,""
"Eastern Republic of Uruguay",2018,"Original","ARIMAX",27,3,0.7069,"ok","",,2,0,1,1,0,0,0,0,0,0,0,0,0.188138451795701,4.1433147612846e-07,""
"Federal Democratic Republic of Ethiopia",2018,"Original","ARIMAX",27,3,0.33805,"ok","",,3,0,2,4,0,0,0,0,0,0,0,0,0.885617488294002,0.193656504672764,""
"Federal Democratic Republic of Nepal",2018,"Original","ARIMAX",27,3,0.41524,"ok","",,3,0,0,4,0,0,0,0,0,0,0,0,0.947042974286023,0.345207091635385,""
"Federal Republic of Germany",2018,"Original","ARIMAX",27,3,0.89698,"ok","",,2,0,1,2,0,1,0,0,0,0,0,0,0.981194906696789,0.116761609742746,""
"Federal Republic of Nigeria",2018,"Original","ARIMAX",27,3,0.48084,"ok","",,3,0,1,0,0,0,0,0,0,0,0,0,0.803014016977858,3.03309599658519e-11,""
"Federal Republic of Somalia",2018,"Original","ARIMAX",27,3,0.07364,"ok","",,4,0,0,4,0,0,0,0,0,0,0,0,0.480532272831184,0.137250557174565,""
"Federated States of Micronesia",2018,"Original","ARIMAX",27,3,0.57756,"ok","",,4,0,0,1,0,0,0,0,0,0,0,0,0.270528250560239,2.81101717106713e-05,""
"Federative Republic of Brazil",2018,"Original","ARIMAX",27,3,0.6408,"ok","",,4,0,0,0,0,0,0,0,0,0,0,0,0.061936382030656,9.19548881483934e-11,""
"French Republic",2018,"Original","ARIMAX",27,3,0.83045,"ok","",,4,0,0,2,0,2,0,0,0,0,0,0,0.0469857401619486,0.971525276425183,""
"Gabonese Republic",2018,"Original","ARIMAX",27,3,0.61172,"ok","",,2,0,0,4,0,0,0,0,0,0,0,0,0.0214315625427542,0.112437515110623,""
"Georgia",2018,"Original","ARIMAX",27,3,0.71799,"ok","",,2,2,0,3,0,0,0,0,0,0,0,0,0.206891402268713,0.160053058984633,""
"Grand Duchy of Luxembourg",2018,"Original","ARIMAX",27,3,0.87864,"ok","",,4,0,0,0,0,0,0,0,0,0,0,0,0.80797326320718,7.61807657956304e-07,""
"Greenland",2018,"Original","ARIMAX",27,3,0.82082,"ok","",,3,0,0,2,0,2,0,0,0,0,0,0,0.594696345431006,0.927044652504827,""
"Grenada",2018,"Original","ARIMAX",27,3,0.65537,"ok","",,4,0,0,2,0,2,0,0,0,0,0,0,0.190118374920346,0.2377150331606,""
"Guam",2018,"Original","ARIMAX",27,3,0.79129,"ok","",,2,0,1,4,0,0,0,0,0,0,0,0,0.974992238874007,0.397043102717321,""
"Hashemite Kingdom of Jordan",2018,"Original","ARIMAX",27,3,0.70941,"ok","",,4,0,0,1,0,0,0,0,0,0,0,0,0.170355281329139,1.15733909122895e-08,""
"Hellenic Republic",2018,"Original","ARIMAX",27,3,0.786,"ok","",,2,0,2,3,0,1,0,0,0,0,0,0,0.00836730783612094,0.867659166686343,""
"Hungary",2018,"Original","ARIMAX",27,3,0.78208,"ok","",,2,0,1,4,0,0,0,0,0,0,0,0,0.342630492596378,0.19097797524262,""
"Independent State of Papua New Guinea",2018,"Original","ARIMAX",27,3,0.40917,"ok","",,2,0,2,2,0,2,0,0,0,0,0,0,0.473182756701035,0.916240712985661,""
"Independent State of Samoa",2018,"Original","ARIMAX",27,3,0.58232,"ok","",,4,0,0,4,0,0,0,0,0,0,0,0,0.499625653972088,0.972634176864717,""
"Ireland",2018,"Original","ARIMAX",27,3,0.86393,"ok","",,2,0,1,2,0,2,0,0,0,0,0,0,0.539872674209867,0.478124213560949,""
"Islamic Republic of Afghanistan",2018,"Original","ARIMAX",27,3,0.31487,"ok","",,3,0,1,3,0,1,0,0,0,0,0,0,0.20727505757873,0.926522674947043,""
"Islamic Republic of Iran",2018,"Original","ARIMAX",27,3,0.68091,"ok","",,3,0,1,1,0,0,0,0,0,0,0,0,0.409147276382278,2.77349643251767e-09,""
"Islamic Republic of Mauritania",2018,"Original","ARIMAX",27,3,0.47584,"ok","",,0,0,0,4,0,0,0,0,0,0,0,0,2.38837734278796e-06,0.249845090847911,""
"Islamic Republic of Pakistan",2018,"Original","ARIMAX",27,3,0.48433,"ok","",,4,0,0,1,0,0,0,0,0,0,0,0,0.471226070121725,0.000198980022463435,""
"Jamaica",2018,"Original","ARIMAX",27,3,0.67408,"ok","",,3,0,1,3,0,0,0,0,0,0,0,0,0.803378805149794,0.10610750651427,""
"Japan",2018,"Original","ARIMAX",27,3,0.86424,"ok","",,2,0,2,0,0,0,0,0,0,0,0,0,0.732844563502074,1.1556977597138e-11,""
"Kingdom of Bahrain",2018,"Original","ARIMAX",27,3,0.73619,"ok","",,2,0,2,3,0,1,0,0,0,0,0,0,0.251427424121689,0.0574137176153486,""
"Kingdom of Belgium",2018,"Original","ARIMAX",27,3,0.84662,"ok","",,0,0,0,4,0,0,0,0,0,0,0,0,3.31976313105997e-09,0.691841439915926,""
"Kingdom of Bhutan",2018,"Original","ARIMAX",27,3,0.45962,"ok","",,3,0,1,2,0,2,0,0,0,0,0,0,0.754256677970611,0.881519393702952,""
"Kingdom of Cambodia",2018,"Original","ARIMAX",27,3,0.45734,"ok","",,2,0,2,3,0,1,0,0,0,0,0,0,0.13007863557185,0.0652949767752083,""
"Kingdom of Denmark",2018,"Original","ARIMAX",27,3,0.88753,"ok","",,4,0,0,3,0,0,0,0,0,0,0,0,0.270765661848925,0.0115015977347847,""
"Kingdom of Eswatini",2018,"Original","ARIMAX",27,3,0.57215,"ok","",,2,0,2,2,0,2,0,0,0,0,0,0,0.024260208265397,0.303630801787945,""
"Kingdom of Lesotho",2018,"Original","ARIMAX",27,3,0.49738,"ok","",,3,0,1,3,0,2,0,0,0,0,0,0,0.366204220054146,0.850295472806864,""
"Kingdom of Morocco",2018,"Original","ARIMAX",27,3,0.53973,"ok","",,0,0,0,2,0,1,0,0,0,0,0,0,4.62578531035263e-10,0.677470388682354,""
"Kingdom of Norway",2018,"Original","ARIMAX",27,3,0.90926,"ok","",,2,0,1,2,0,2,0,0,0,0,0,0,0.458290430711255,0.144609651331089,""
"Kingdom of Saudi Arabia",2018,"Original","ARIMAX",27,3,0.80066,"ok","",,0,0,0,1,0,2,0,0,0,0,0,0,8.84233797293632e-11,0.332765754879303,""
"Kingdom of Spain",2018,"Original","ARIMAX",27,3,0.76066,"ok","",,4,0,0,2,0,2,0,0,0,0,0,0,0.408860492383554,0.705966357445316,""
"Kingdom of Sweden",2018,"Original","ARIMAX",27,3,0.87989,"ok","",,4,0,0,3,0,0,0,0,0,0,0,0,0.927328685127603,0.128583860722693,""
"Kingdom of Thailand",2018,"Original","ARIMAX",27,3,0.67023,"ok","",,4,0,0,4,0,0,0,0,0,0,0,0,0.406014887470847,0.592520730164726,""
"Kingdom of Tonga",2018,"Original","ARIMAX",27,3,0.61195,"ok","",,4,0,0,0,0,0,0,0,0,0,0,0,0.169783120445836,2.11274094186198e-06,""
"Kingdom of the Netherlands",2018,"Original","ARIMAX",27,3,0.8819,"ok","",,2,0,2,3,0,1,0,0,0,0,0,0,0.755987780204766,0.111303202973413,""
"Kyrgyz Republic",2018,"Original","ARIMAX",27,3,0.59124,"ok","",,4,0,0,3,0,1,0,0,0,0,0,0,0.423496648095127,0.216847754143981,""
"Lao People's Democratic Republic",2018,"Original","ARIMAX",27,3,0.47262,"ok","",,3,0,1,3,0,1,0,0,0,0,0,0,0.594171166462604,0.825432465645554,""
"Lebanese Republic",2018,"Original","ARIMAX",27,3,0.73475,"ok","",,4,0,0,1,0,0,0,0,0,0,0,0,0.271756902391882,2.83731608484716e-05,""
"Malaysia",2018,"Original","ARIMAX",27,3,0.72939,"ok","",,3,0,1,3,0,1,0,0,0,0,0,0,0.672661599013463,0.582315804819784,""
"Mongolia",2018,"Original","ARIMAX",27,3,0.6075,"ok","",,4,0,0,2,0,2,0,0,0,0,0,0,0.524312765283752,0.884881518558503,""
"Montenegro",2018,"Original","ARIMAX",27,3,0.78441,"ok","",,4,0,0,2,0,1,0,0,0,0,0,0,0.884490914213792,0.284754741373606,""
"New Zealand",2018,"Original","ARIMAX",27,3,0.8406,"ok","",,3,0,1,3,0,1,0,0,0,0,0,0,0.149342950598209,0.469184789237249,""
"North Macedonia",2018,"Original","ARIMAX",27,3,0.74133,"ok","",,4,0,0,1,0,0,0,0,0,0,0,0,0.0633883105158644,1.50786551689208e-07,""
"Northern Mariana Islands",2018,"Original","ARIMAX",27,3,0.76126,"ok","",,3,1,0,0,2,1,0,0,0,0,0,0,0.0328014134545126,0.226353821417424,""
"Palestine",2018,"Original","ARIMAX",27,3,0.60812,"ok","",,1,0,0,4,0,0,0,0,0,0,0,0,1.05123778237903e-05,0.221819842760503,""
"People's Democratic Republic of Algeria",2018,"Original","ARIMAX",27,3,0.6425,"ok","",,4,0,0,0,0,0,0,0,0,0,0,0,0.332517664307707,1.17292567691774e-05,""
"People's Republic of Bangladesh",2018,"Original","ARIMAX",27,3,0.46172,"ok","",,2,0,1,1,0,0,0,0,0,0,0,0,0.0453703195154332,6.71169564370189e-09,""
"People's Republic of China",2018,"Original","ARIMAX",27,3,0.69372,"ok","",,2,0,2,3,0,1,0,0,0,0,0,0,0.0365583482784665,0.92467711925974,""
"Plurinational State of Bolivia",2018,"Original","ARIMAX",27,3,0.58518,"ok","",,2,0,2,2,0,1,0,0,0,0,0,0,0.166515720334329,0.00455177554795616,""
"Portuguese Republic",2018,"Original","ARIMAX",27,3,0.7344,"ok","",,4,0,0,3,0,1,0,0,0,0,0,0,0.225711912895373,0.836511830663375,""
"Principality of Andorra",2018,"Original","ARIMAX",27,3,0.86259,"ok","",,2,0,0,3,0,0,0,0,0,0,0,0,0.513783336681562,0.971098895651862,""
"Principality of Monaco",2018,"Original","ARIMAX",27,3,0.90339,"ok","",,3,0,1,0,0,0,0,0,0,0,0,0,0.431268656145883,8.90330809077966e-10,""
"Puerto Rico",2018,"Original","ARIMAX",27,3,0.81291,"ok","",,0,0,0,1,0,0,0,0,0,0,0,0,0.0088608169990001,6.23321597337245e-07,""
"Republic of Albania",2018,"Original","ARIMAX",27,3,0.69557,"ok","",,2,0,2,4,0,0,0,0,0,0,0,0,0.392986414580984,0.113495394293593,""
"Republic of Angola",2018,"Original","ARIMAX",27,3,0.43336,"ok","",,2,0,1,2,0,1,0,0,0,0,0,0,0.476220278671616,0.566732012041993,""
"Republic of Armenia",2018,"Original","ARIMAX",27,3,0.69028,"ok","",,2,0,0,2,0,1,0,0,0,0,0,0,0.0228772308944775,0.249952464337664,""
"Republic of Austria",2018,"Original","ARIMAX",27,3,0.84661,"ok","",,4,0,0,0,0,0,0,0,0,0,0,0,0.598657618635386,2.55227834322636e-06,""
"Republic of Azerbaijan",2018,"Original","ARIMAX",27,3,0.68656,"ok","",,2,0,1,2,0,0,0,0,0,0,0,0,0.341645012031601,0.102389383948223,""
"Republic of Belarus",2018,"Original","ARIMAX",27,3,0.77657,"ok","",,3,0,1,4,0,0,0,0,0,0,0,0,0.969142988023846,0.514725419357195,""
"Republic of Benin",2018,"Original","ARIMAX",27,3,0.35265,"ok","",,4,0,0,2,0,2,0,0,0,0,0,0,0.939978509109222,0.362157188435063,""
"Republic of Botswana",2018,"Original","ARIMAX",27,3,0.63061,"ok","",,4,0,1,2,0,2,0,0,0,0,0,0,0.2446975866056,0.64305035720584,""
"Republic of Bulgaria",2018,"Original","ARIMAX",27,3,0.75915,"ok","",,4,0,0,2,0,1,0,0,0,0,0,0,0.608694006889004,0.173933892998456,""
"Republic of Burundi",2018,"Original","ARIMAX",27,3,0.27973,"ok","",,1,0,0,3,2,0,0,0,0,0,0,0,2.78833991007588e-06,0.278408676083254,""
"Republic of Cabo Verde",2018,"Original","ARIMAX",27,3,0.51529,"ok","",,1,0,0,2,0,2,0,0,0,0,0,0,1.86106856669976e-06,0.467650136955268,""
"Republic of Cameroon",2018,"Original","ARIMAX",27,3,0.45569,"ok","",,2,0,1,3,0,1,0,0,0,0,0,0,0.104646814456369,0.297391344824641,""
"Republic of Chad",2018,"Original","ARIMAX",27,3,0.22691,"ok","",,4,0,0,4,0,0,0,0,0,0,0,0,0.265598005472814,0.129606717339728,""
"Republic of Chile",2018,"Original","ARIMAX",27,3,0.75863,"ok","",,4,0,0,2,0,2,0,0,0,0,0,0,0.524103437232246,0.0732957336400836,""
"Republic of Colombia",2018,"Original","ARIMAX",27,3,0.64026,"ok","",,3,0,0,4,0,0,0,0,0,0,0,0,0.13088225059858,0.0986008235283343,""
"Republic of Costa Rica",2018,"Original","ARIMAX",27,3,0.6813,"ok","",,2,0,2,2,0,2,0,0,0,0,0,0,0.452359327839163,0.861448637204598,""
"Republic of Croatia",2018,"Original","ARIMAX",27,3,0.78867,"ok","",,3,0,1,3,0,0,0,0,0,0,0,0,0.477304640913884,0.0164877436403342,""
"Republic of Cuba",2018,"Original","ARIMAX",27,3,0.65686,"ok","",,4,0,0,2,0,2,0,0,0,0,0,0,0.691213327464044,0.688943170285285,""
"Republic of Cyprus",2018,"Original","ARIMAX",27,3,0.82834,"ok","",,0,0,0,2,0,2,0,0,0,0,0,0,2.36263454911345e-07,0.697321887750687,""
"Republic of Côte d'Ivoire",2018,"Original","ARIMAX",27,3,0.40409,"ok","",,3,0,0,0,0,0,0,0,0,0,0,0,0.0015594343520392,6.58712209222756e-08,""
"Republic of Djibouti",2018,"Original","ARIMAX",27,3,0.46771,"ok","",,2,0,0,4,0,0,0,0,0,0,0,0,0.0350627823428737,0.0626524418018781,""
"Republic of Ecuador",2018,"Original","ARIMAX",27,3,0.64589,"ok","",,3,0,1,4,0,0,0,0,0,0,0,0,0.44744132121209,0.0942211536999599,""
"Republic of El Salvador",2018,"Original","ARIMAX",27,3,0.54814,"ok","",,3,0,1,1,0,0,0,0,0,0,0,0,0.903329148830135,2.36905173256474e-09,""
"Republic of Equatorial Guinea",2018,"Original","ARIMAX",27,3,0.63802,"ok","",,1,0,0,3,0,1,0,0,0,0,0,0,5.77503334042717e-09,0.10173592532527,""
"Republic of Estonia",2018,"Original","ARIMAX",27,3,0.83457,"ok","",,2,0,2,3,0,1,0,0,0,0,0,0,0.351502939036543,0.485971005180474,""
"Republic of Fiji",2018,"Original","ARIMAX",27,3,0.66199,"ok","",,3,0,1,2,0,2,0,0,0,0,0,0,0.902499166729711,0.537462691496633,""
"Republic of Finland",2018,"Original","ARIMAX",27,3,0.8522,"ok","",,1,0,0,2,0,1,0,0,0,0,0,0,5.29316505071264e-08,0.574908165610085,""
"Republic of Ghana",2018,"Original","ARIMAX",27,3,0.54384,"ok","",,2,0,1,2,0,2,0,0,0,0,0,0,0.388754445063671,0.3286651184048,""
"Republic of Guatemala",2018,"Original","ARIMAX",27,3,0.521,"ok","",,2,0,2,2,0,2,0,0,0,0,0,0,0.540081025325619,0.180098253450436,""
"Republic of Guinea",2018,"Original","ARIMAX",27,3,0.31484,"ok","",,4,0,0,2,0,1,0,0,0,0,0,0,0.631797209641754,0.289525887617977,""
"Republic of Guinea-Bissau",2018,"Original","ARIMAX",27,3,0.33567,"ok","",,3,0,0,4,0,0,0,0,0,0,0,0,0.510127781237861,0.781560949366696,""
"Republic of Guyana",2018,"Original","ARIMAX",27,3,0.62717,"ok","",,4,0,0,4,0,0,0,0,0,0,0,0,0.0444878862755307,0.797676450831207,""
"Republic of Haiti",2018,"Original","ARIMAX",27,3,0.44168,"ok","",,4,0,0,4,0,0,0,0,0,0,0,0,0.323450564079228,0.603771704565133,""
"Republic of Honduras",2018,"Original","ARIMAX",27,3,0.49866,"ok","",,2,0,1,0,0,0,0,0,0,0,0,0,0.336578977414308,3.66344109492545e-08,""
"Republic of Iceland",2018,"Original","ARIMAX",27,3,0.86922,"ok","",,2,0,2,2,0,2,0,0,0,0,0,0,0.444649403551235,0.372345996636249,""
"Republic of India",2018,"Original","ARIMAX",27,3,0.55193,"ok","",,2,0,2,3,0,1,0,0,0,0,0,0,0.264037387117479,0.883173903255154,""
"Republic of Indonesia",2018,"Original","ARIMAX",27,3,0.64095,"ok","",,3,0,1,1,0,0,0,0,0,0,0,0,0.636228037054614,4.23213377150899e-05,""
"Republic of Iraq",2018,"Original","ARIMAX",27,3,0.63323,"ok","",,1,0,0,4,0,0,0,0,0,0,0,0,1.78742598944126e-07,0.253625277365039,""
"Republic of Italy",2018,"Original","ARIMAX",27,3,0.79836,"ok","",,1,0,0,4,0,0,0,0,0,0,0,0,2.01792556553393e-07,0.686930497563166,""
"Republic of Kazakhstan",2018,"Original","ARIMAX",27,3,0.71853,"ok","",,4,0,0,2,0,2,0,0,0,0,0,0,0.721495732803972,0.127376596078188,""
"Republic of Kenya",2018,"Original","ARIMAX",27,3,0.4991,"ok","",,3,0,1,4,0,1,0,0,0,0,0,0,0.802429257840772,0.0484051498129661,""
"Republic of Kiribati",2018,"Original","ARIMAX",27,3,0.51481,"ok","",,2,0,2,0,0,0,0,0,0,0,0,0,0.0652863213721904,2.84788595271701e-05,""
"Republic of Korea",2018,"Original","ARIMAX",27,3,0.87682,"ok","",,3,0,1,3,0,0,0,0,0,0,0,0,0.665859616093137,0.0650427439749934,""
"Republic of Latvia",2018,"Original","ARIMAX",27,3,0.82142,"ok","",,2,0,2,3,0,0,0,0,0,0,0,0,0.0725255513116025,0.00548662363324726,""
"Republic of Liberia",2018,"Original","ARIMAX",27,3,0.33778,"ok","",,2,0,2,4,0,0,0,0,0,0,0,0,0.418528208379029,0.83653760774736,""
"Republic of Lithuania",2018,"Original","ARIMAX",27,3,0.84192,"ok","",,3,0,1,4,0,0,0,0,0,0,0,0,0.309028525441844,0.351326435424603,""
"Republic of Madagascar",2018,"Original","ARIMAX",27,3,0.37497,"ok","",,2,0,3,0,0,0,0,0,0,0,0,0,0.685829349153985,7.81312271547208e-08,""
"Republic of Malawi",2018,"Original","ARIMAX",27,3,0.36147,"ok","",,2,0,2,2,0,2,0,0,0,0,0,0,0.10349854661056,0.504167846576597,""
"Republic of Maldives",2018,"Original","ARIMAX",27,3,0.63721,"ok","",,4,0,0,2,0,0,0,0,0,0,0,0,0.31731921208981,0.0538594633460466,""
"Republic of Mali",2018,"Original","ARIMAX",27,3,0.24942,"ok","",,4,0,0,0,0,0,0,0,0,0,0,0,0.434637071549355,8.48978776168963e-10,""
"Republic of Malta",2018,"Original","ARIMAX",27,3,0.79097,"ok","",,4,0,0,0,0,0,0,0,0,0,0,0,0.260763016612426,3.96467523481325e-05,""
"Republic of Mauritius",2018,"Original","ARIMAX",27,3,0.70627,"ok","",,3,0,1,2,0,2,0,0,0,0,0,0,0.204750398219112,0.31295638715624,""
"Republic of Moldova",2018,"Original","ARIMAX",27,3,0.71724,"ok","",,4,0,1,1,0,0,0,0,0,0,0,0,0.784157498591982,3.80206977013131e-12,""
"Republic of Mozambique",2018,"Original","ARIMAX",27,3,0.30523,"ok","",,2,0,2,2,0,0,0,0,0,0,0,0,0.33763154991038,0.0628369605941089,""
"Republic of Namibia",2018,"Original","ARIMAX",27,3,0.60662,"ok","",,2,0,1,4,0,0,0,0,0,0,0,0,0.0346079117564777,0.64240962695661,""
"Republic of Nauru",2018,"Original","ARIMAX",27,3,0.60531,"ok","",,2,2,0,2,2,0,0,0,0,0,0,0,0.82214697756785,0.830866878945214,""
"Republic of Nicaragua",2018,"Original","ARIMAX",27,3,0.51234,"ok","",,2,0,2,4,0,0,0,0,0,0,0,0,0.605637680829878,0.0684062789832864,""
"Republic of Niue",2018,"Original","ARIMAX",27,3,0.71511,"ok","",,2,0,1,4,0,0,0,0,0,0,0,0,0.597006151295425,0.179453070588482,""
"Republic of Palau",2018,"Original","ARIMAX",27,3,0.74776,"ok","",,0,0,0,2,0,1,0,0,0,0,0,0,3.95440044220763e-06,0.0199296980090411,""
"Republic of Panama",2018,"Original","ARIMAX",27,3,0.68672,"ok","",,4,0,0,4,0,0,0,0,0,0,0,0,0.557213776839371,0.135132488050181,""
"Republic of Paraguay",2018,"Original","ARIMAX",27,3,0.62003,"ok","",,2,0,2,2,0,2,0,0,0,0,0,0,0.574250185021001,0.0794342490681597,""
"Republic of Peru",2018,"Original","ARIMAX",27,3,0.65098,"ok","",,4,0,1,1,0,0,0,0,0,0,0,0,0.75345165604115,5.64837391969775e-07,""
"Republic of Poland",2018,"Original","ARIMAX",27,3,0.79948,"ok","",,2,0,2,2,0,1,0,0,0,0,0,0,0.374511150430761,0.34143923540123,""
"Republic of Rwanda",2018,"Original","ARIMAX",27,3,0.41466,"ok","",,1,0,0,2,0,0,0,0,0,0,0,0,9.0218576120904e-07,0.464001598118638,""
"Republic of San Marino",2018,"Original","ARIMAX",27,3,0.88513,"ok","",,2,0,2,2,0,2,0,0,0,0,0,0,0.609688318755157,0.156128032605057,""
"Republic of Senegal",2018,"Original","ARIMAX",27,3,0.38608,"ok","",,2,0,2,2,0,2,0,0,0,0,0,0,0.570924336231803,0.673025849953787,""
"Republic of Serbia",2018,"Original","ARIMAX",27,3,0.78149,"ok","",,2,0,2,3,0,1,0,0,0,0,0,0,0.914232381907804,0.188476985202477,""
"Republic of Seychelles",2018,"Original","ARIMAX",27,3,0.71641,"ok","",,0,0,0,0,0,0,0,0,0,0,0,0,1.43567824295587e-10,2.251552381205e-06,""
"Republic of Sierra Leone",2018,"Original","ARIMAX",27,3,0.33834,"ok","",,2,0,0,0,0,0,0,0,0,0,0,0,0.489744542637657,2.0522472610196e-11,""
"Republic of Singapore",2018,"Original","ARIMAX",27,3,0.85076,"ok","",,2,0,2,2,0,1,0,0,0,0,0,0,0.351476675142348,0.310313461348558,""
"Republic of Slovenia",2018,"Original","ARIMAX",27,3,0.83547,"ok","",,0,0,0,3,0,1,0,0,0,0,0,0,5.25901592940414e-07,0.420377612565854,""
"Republic of South Africa",2018,"Original","ARIMAX",27,3,0.67034,"ok","",,4,0,0,2,0,2,0,0,0,0,0,0,0.395499738421509,0.694636402452067,""
"Republic of South Sudan",2018,"Original","ARIMAX",27,3,0.27499,"ok","",,2,0,2,2,0,2,0,0,0,0,0,0,0.96161239000072,0.502207251719073,""
"Republic of Sudan",2018,"Original","ARIMAX",27,3,0.51621,"ok","",,2,0,1,4,0,0,0,0,0,0,0,0,0.492176461829123,0.0720068545605975,""
"Republic of Suriname",2018,"Original","ARIMAX",27,3,0.62471,"ok","",,4,0,0,2,0,2,0,0,0,0,0,0,0.251253158437944,0.307954508193048,""
"Republic of Tajikistan",2018,"Original","ARIMAX",27,3,0.52915,"ok","",,2,2,0,2,2,0,0,0,0,0,0,0,0.326351803357521,0.977899333853079,""
"Republic of Trinidad and Tobago",2018,"Original","ARIMAX",27,3,0.76124,"ok","",,2,0,2,4,0,0,0,0,0,0,0,0,0.148712882189489,0.230012900543554,""
"Republic of Tunisia",2018,"Original","ARIMAX",27,3,0.66822,"ok","",,1,0,0,0,0,0,0,0,0,0,0,0,2.66842103968656e-11,4.5083365238785e-06,""
"Republic of Turkey",2018,"Original","ARIMAX",27,3,0.6899,"ok","",,2,0,2,4,0,0,0,0,0,0,0,0,0.125225783478595,0.758878191622537,""
"Republic of Uganda",2018,"Original","ARIMAX",27,3,0.39912,"ok","",,3,0,1,3,0,0,0,0,0,0,0,0,0.402677185479038,0.000483327605175221,""
"Republic of Uzbekistan",2018,"Original","ARIMAX",27,3,0.65192,"ok","",,4,0,0,2,0,2,0,0,0,0,0,0,0.39429932827529,0.483324757688865,""
"Republic of Vanuatu",2018,"Original","ARIMAX",27,3,0.46208,"ok","",,2,0,1,1,0,0,0,0,0,0,0,0,0.621814548675199,3.25059025548802e-05,""
"Republic of Yemen",2018,"Original","ARIMAX",27,3,0.44073,"ok","",,2,0,2,2,0,1,0,0,0,0,0,0,0.494339063543584,0.776018397760024,""
"Republic of Zambia",2018,"Original","ARIMAX",27,3,0.47789,"ok","",,1,0,0,3,0,1,0,0,0,0,0,0,4.84118894493735e-05,0.848377714662497,""
"Republic of Zimbabwe",2018,"Original","ARIMAX",27,3,0.46438,"ok","",,3,2,0,2,1,1,0,0,0,0,0,0,0.358451047764983,0.889041044205002,""
"Republic of the Congo",2018,"Original","ARIMAX",27,3,0.56779,"ok","",,0,0,0,2,0,2,0,0,0,0,0,0,1.0237277490055e-05,0.771290717462746,""
"Republic of the Gambia",2018,"Original","ARIMAX",27,3,0.39316,"ok","",,2,0,2,4,0,0,0,0,0,0,0,0,0.559250141279173,0.826109347706191,""
"Republic of the Marshall Islands",2018,"Original","ARIMAX",27,3,0.5576,"ok","",,2,0,2,2,0,2,0,0,0,0,0,0,0.92465573328497,0.787002932509472,""
"Republic of the Niger",2018,"Original","ARIMAX",27,3,0.15688,"ok","",,0,0,0,2,0,1,0,0,0,0,0,0,1.28895162576637e-05,0.831189911770593,""
"Republic of the Philippines",2018,"Original","ARIMAX",27,3,0.63046,"ok","",,3,0,1,3,0,0,0,0,0,0,0,0,0.942406945059231,0.00122636626089356,""
"Republic of the Union of Myanmar",2018,"Original","ARIMAX",27,3,0.51756,"ok","",,3,0,0,3,0,1,0,0,0,0,0,0,0.130476636490002,0.790758551324237,""
"Romania",2018,"Original","ARIMAX",27,3,0.75553,"ok","",,4,0,0,2,0,1,0,0,0,0,0,0,0.980980983864544,0.334129298875767,""
"Russian Federation",2018,"Original","ARIMAX",27,3,0.80011,"ok","",,4,0,0,4,0,0,0,0,0,0,0,0,0.168233731153705,0.67199498439245,""
"Saint Kitts and Nevis",2018,"Original","ARIMAX",27,3,0.74374,"ok","",,2,0,2,2,0,2,0,0,0,0,0,0,0.837945975667498,0.141678308029748,""
"Saint Lucia",2018,"Original","ARIMAX",27,3,0.66309,"ok","",,4,0,0,2,0,0,0,0,0,0,0,0,0.187091839594252,0.00895338676697732,""
"Saint Vincent and the Grenadines",2018,"Original","ARIMAX",27,3,0.62263,"ok","",,4,0,0,4,0,1,0,0,0,0,0,0,0.386684875402001,0.661243664248283,""
"Slovak Republic",2018,"Original","ARIMAX",27,3,0.80436,"ok","",,2,0,2,1,0,0,0,0,0,0,0,0,0.265496345923127,4.16999768049209e-13,""
"Socialist Republic of Viet Nam",2018,"Original","ARIMAX",27,3,0.61135,"ok","",,2,0,2,2,0,1,0,0,0,0,0,0,0.130317031164439,0.000936862550445006,""
"Solomon Islands",2018,"Original","ARIMAX",27,3,0.41889,"ok","",,3,0,1,1,0,0,0,0,0,0,0,0,0.604276627348334,0.000108075596697343,""
"State of Eritrea",2018,"Original","ARIMAX",27,3,0.39115,"ok","",,1,0,0,2,0,2,0,0,0,0,0,0,0.001044330719568,0.964347114331608,""
"State of Israel",2018,"Original","ARIMAX",27,3,0.79912,"ok","",,2,0,1,4,0,0,0,0,0,0,0,0,0.480022238717554,0.769344052221823,""
"State of Kuwait",2018,"Original","ARIMAX",27,3,0.83437,"ok","",,2,0,2,2,0,2,0,0,0,0,0,0,0.353999299581842,0.152228009306836,""
"State of Libya",2018,"Original","ARIMAX",27,3,0.71272,"ok","",,4,0,0,1,0,1,0,0,0,0,0,0,0.538138236318591,0.000316217866780821,""
"State of Qatar",2018,"Original","ARIMAX",27,3,0.82996,"ok","",,3,0,0,1,0,0,0,0,0,0,0,0,0.0498166329988197,2.93424617936466e-10,""
"Sultanate of Oman",2018,"Original","ARIMAX",27,3,0.75918,"ok","",,0,0,0,2,0,1,0,0,0,0,0,0,2.85459166526891e-07,0.823228634384098,""
"Swiss Confederation",2018,"Original","ARIMAX",27,3,0.92855,"ok","",,4,0,0,2,0,2,0,0,0,0,0,0,0.707186636967329,0.428328668217031,""
"Syrian Arab Republic",2018,"Original","ARIMAX",27,3,0.60851,"ok","",,4,0,0,0,0,0,0,0,0,0,0,0,0.716693173677063,7.32343208242892e-06,""
"Taiwan (Province of China)",2018,"Original","ARIMAX",27,3,0.86316,"ok","",,4,0,0,2,0,2,0,0,0,0,0,0,0.987430716713787,0.033581006386013,""
"Togolese Republic",2018,"Original","ARIMAX",27,3,0.38792,"ok","",,3,0,0,2,0,2,0,0,0,0,0,0,0.000257632132427354,0.484153422580991,""
"Tokelau",2018,"Original","ARIMAX",27,3,0.67418,"ok","",,2,0,0,2,0,1,0,0,0,0,0,0,0.747968248599708,0.0945905244294193,""
"Turkmenistan",2018,"Original","ARIMAX",27,3,0.66943,"ok","",,4,0,0,2,0,2,0,0,0,0,0,0,0.390256169991292,0.433653500899717,""
"Tuvalu",2018,"Original","ARIMAX",27,3,0.55986,"ok","",,2,0,0,2,0,1,0,0,0,0,0,0,0.486780151875582,0.0402134147086882,""
"Ukraine",2018,"Original","ARIMAX",27,3,0.75445,"ok","",,1,0,0,1,0,0,0,0,0,0,0,0,4.81407533836631e-08,0.00591839521403592,""
"Union of the Comoros",2018,"Original","ARIMAX",27,3,0.46195,"ok","",,2,0,2,2,0,2,0,0,0,0,0,0,0.481276440174456,0.843061181543421,""
"United Arab Emirates",2018,"Original","ARIMAX",27,3,0.8399,"ok","",,2,0,2,2,0,1,0,0,0,0,0,0,0.277239481750715,0.128276277372468,""
"United Kingdom of Great Britain and Northern Ireland",2018,"Original","ARIMAX",27,3,0.84997,"ok","",,3,0,2,2,0,2,0,0,0,0,0,0,0.35446603437245,0.787504988248456,""
"United Mexican States",2018,"Original","ARIMAX",27,3,0.64905,"ok","",,2,0,1,4,0,0,0,0,0,0,0,0,0.00934465881626267,0.124529312127301,""
"United Republic of Tanzania",2018,"Original","ARIMAX",27,3,0.42099,"ok","",,2,0,1,1,0,0,0,0,0,0,0,0,0.849216735921642,2.01603193028532e-08,""
"United States Virgin Islands",2018,"Original","ARIMAX",27,3,0.81483,"ok","",,2,0,1,4,0,0,0,0,0,0,0,0,0.807128365519041,0.945732937319815,""
"United States of America",2018,"Original","ARIMAX",27,3,0.85505,"ok","",,2,0,2,2,0,2,0,0,0,0,0,0,0.0791207939388909,0.310859289399666,""
"American Samoa",2018,"Harmonized","VARX",27,3,0.7128,"ok","",1.12398595140223,2,,,2,,,0,0,0,0,0,0,0.000154530382374896,0.0320128912523486,""
"Antigua and Barbuda",2018,"Harmonized","VARX",27,3,0.73888,"ok","",0.9361732320582,2,,,2,,,0,0,0,0,0,0,0.00119846736963336,0.000130002359743697,""
"Arab Republic of Egypt",2018,"Harmonized","VARX",27,3,0.57744,"ok","",0.992548213912769,2,,,2,,,0,0,0,0,0,0,2.08937696577483e-06,0.000224113516567481,""
"Argentine Republic",2018,"Harmonized","VARX",27,3,0.71289,"ok","",0.967962596284753,2,,,2,,,0,0,0,0,0,0,0.00264677734742669,0.00620793549652332,""
"Australia",2018,"Harmonized","VARX",27,3,0.83535,"ok","",0.964739453974946,2,,,2,,,0,0,0,0,0,0,3.98263669110221e-06,0.000568399534451647,""
"Barbados",2018,"Harmonized","VARX",27,3,0.73953,"ok","",1.05931619565565,2,,,2,,,0,0,0,0,0,0,0.000430005185814819,4.48644490891326e-07,""
"Belize",2018,"Harmonized","VARX",27,3,0.59851,"ok","",1.0000626004709,2,,,2,,,0,0,0,0,0,0,0.000734617124004466,2.52318638812588e-05,""
"Bermuda",2018,"Harmonized","VARX",27,3,0.81489,"ok","",1.03617715933597,2,,,2,,,0,0,0,0,0,0,2.22628358023114e-05,0.00385544289634665,""
"Bolivarian Republic of Venezuela",2018,"Harmonized","VARX",27,3,0.60407,"ok","",1.11261021024845,2,,,2,,,0,0,0,0,0,0,0.00060736324322852,0.00119836358408476,""
"Bosnia and Herzegovina",2018,"Harmonized","VARX",27,3,0.71235,"ok","",0.96018533301906,2,,,2,,,0,0,0,0,0,0,0.00106193229225016,1.96789915773987e-06,""
"Brunei Darussalam",2018,"Harmonized","VARX",27,3,0.80144,"ok","",1.06006651738778,2,,,2,,,0,0,0,0,0,0,0.0292583984169762,4.64404085688264e-05,""
"Burkina Faso",2018,"Harmonized","VARX",27,3,0.2681,"ok","",1.04256886745258,2,,,2,,,0,0,0,0,0,0,0.00474394579263704,0.0822778282199208,""
"Canada",2018,"Harmonized","VARX",27,3,0.86791,"ok","",1.01549596949154,2,,,2,,,0,0,0,0,0,0,0.000296454377893718,3.97146916830682e-06,""
"Central African Republic",2018,"Harmonized","VARX",27,3,0.29801,"ok","",1.03677150204449,2,,,2,,,0,0,0,0,0,0,0.000652958322780339,4.35855002759444e-05,""
"Commonwealth of Dominica",2018,"Harmonized","VARX",27,3,0.73894,"ok","",0.995753174167138,2,,,2,,,0,0,0,0,0,0,0.000196424509947946,3.06782818970674e-06,""
"Commonwealth of the Bahamas",2018,"Harmonized","VARX",27,3,0.79818,"ok","",1.03449598990661,2,,,2,,,0,0,0,0,0,0,0.00669550062322732,0.00104992146169269,""
"Cook Islands",2018,"Harmonized","VARX",27,3,0.76404,"ok","",0.994387102745894,2,,,2,,,0,0,0,0,0,0,0.000320873223206841,0.00295044576164094,""
"Czech Republic",2018,"Harmonized","VARX",27,3,0.82203,"ok","",1.00054598524227,2,,,2,,,0,0,0,0,0,0,0.00866868649173225,0.00338142996526858,""
"Democratic People's Republic of Korea",2018,"Harmonized","VARX",27,3,0.56516,"ok","",1.02520323039136,2,,,2,,,0,0,0,0,0,0,4.09761224124949e-05,0.0308569802059875,""
"Democratic Republic of Sao Tome and Principe",2018,"Harmonized","VARX",27,3,0.4811,"ok","",1.02178444320452,2,,,2,,,0,0,0,0,0,0,1.12134432124211e-05,0.00083514579927535,""
"Democratic Republic of Timor-Leste",2018,"Harmonized","VARX",27,3,0.43702,"ok","",1.02453921124014,2,,,2,,,0,0,0,0,0,0,0.0289456647405764,0.000107730456170074,""
"Democratic Republic of the Congo",2018,"Harmonized","VARX",27,3,0.36029,"ok","",1.03047622739632,2,,,2,,,0,0,0,0,0,0,0.000564631935764282,0.000140249199340525,""
"Democratic Socialist Republic of Sri Lanka",2018,"Harmonized","VARX",27,3,0.68813,"ok","",1.0087570545591,2,,,2,,,0,0,0,0,0,0,0.0173702391658145,7.06288398525379e-05,""
"Dominican Republic",2018,"Harmonized","VARX",27,3,0.60696,"ok","",0.951974920038766,2,,,2,,,0,0,0,0,0,0,0.000370024966018012,0.000279514685993854,""
"Eastern Republic of Uruguay",2018,"Harmonized","VARX",27,3,0.7069,"ok","",1.0359395510308,2,,,2,,,0,0,0,0,0,0,0.00105805565690253,0.0140374979368001,""
"Federal Democratic Republic of Ethiopia",2018,"Harmonized","VARX",27,3,0.33805,"ok","",1.00953146016488,2,,,2,,,0,0,0,0,0,0,0.0385662531731763,8.58694009102656e-05,""
"Federal Democratic Republic of Nepal",2018,"Harmonized","VARX",27,3,0.41524,"ok","",0.961827001267294,2,,,2,,,0,0,0,0,0,0,0.196358063976074,0.00148010699863188,""
"Federal Republic of Germany",2018,"Harmonized","VARX",27,3,0.89698,"ok","",0.990063666821106,2,,,2,,,0,0,0,0,0,0,0.136576544357209,3.64558704335494e-08,""
"Federal Republic of Nigeria",2018,"Harmonized","VARX",27,3,0.48084,"ok","",0.995914005412532,2,,,2,,,0,0,0,0,0,0,0.00104224213632409,1.45854985977856e-06,""
"Federal Republic of Somalia",2018,"Harmonized","VARX",27,3,0.07364,"ok","",1.00254060189057,2,,,2,,,0,0,0,0,0,0,0.000134199321379036,5.40322309761088e-06,""
"Federated States of Micronesia",2018,"Harmonized","VARX",27,3,0.57756,"ok","",1.0447913417123,2,,,2,,,0,0,0,0,0,0,7.1617876875596e-06,4.58964852456667e-06,""
"Federative Republic of Brazil",2018,"Harmonized","VARX",27,3,0.6408,"ok","",0.957473437736024,2,,,2,,,0,0,0,0,0,0,0.000254493199567829,1.65068469223373e-05,""
"French Republic",2018,"Harmonized","VARX",27,3,0.83045,"ok","",0.983868018876073,2,,,2,,,0,0,0,0,0,0,3.26559728502929e-06,0.0264878771343716,""
"Gabonese Republic",2018,"Harmonized","VARX",27,3,0.61172,"ok","",0.981621697882562,2,,,2,,,0,0,0,0,0,0,0.000655114582132743,2.64410287557082e-05,""
"Georgia",2018,"Harmonized","VARX",27,3,0.71799,"ok","",0.99360902758752,2,,,2,,,0,0,0,0,0,0,0.000647184151346236,0.000648334377905457,""
"Grand Duchy of Luxembourg",2018,"Harmonized","VARX",27,3,0.87864,"ok","",0.937493516327331,2,,,2,,,0,0,0,0,0,0,0.00238559780891556,0.000345941927159532,""
"Greenland",2018,"Harmonized","VARX",27,3,0.82082,"ok","",1.17628296240121,2,,,2,,,0,0,0,0,0,0,0.0102522603800059,0.522612429076676,""
"Grenada",2018,"Harmonized","VARX",27,3,0.65537,"ok","",1.01206390470716,2,,,2,,,0,0,0,0,0,0,3.9577093657539e-05,9.44953718717834e-07,""
"Guam",2018,"Harmonized","VARX",27,3,0.79129,"ok","",0.886664495167725,2,,,2,,,0,0,0,0,0,0,0.00353507205839187,0.000347944374811782,""
"Hashemite Kingdom of Jordan",2018,"Harmonized","VARX",27,3,0.70941,"ok","",1.03512386708978,2,,,2,,,0,0,0,0,0,0,0.00031503358830387,5.6678292634782e-05,""
"Hellenic Republic",2018,"Harmonized","VARX",27,3,0.786,"ok","",0.99180204008651,2,,,2,,,0,0,0,0,0,0,0.00328858226609641,0.00875330661169649,""
"Hungary",2018,"Harmonized","VARX",27,3,0.78208,"ok","",0.978643400491364,2,,,2,,,0,0,0,0,0,0,0.0419036575035466,0.00680437307899595,""
"Independent State of Papua New Guinea",2018,"Harmonized","VARX",27,3,0.40917,"ok","",1.01239639591469,2,,,2,,,0,0,0,0,0,0,0.00105134712505084,0.000402746752840022,""
"Independent State of Samoa",2018,"Harmonized","VARX",27,3,0.58232,"ok","",1.03498649486962,2,,,2,,,0,0,0,0,0,0,1.92875596149999e-05,8.70255091356409e-06,""
"Ireland",2018,"Harmonized","VARX",27,3,0.86393,"ok","",1.01474793460045,2,,,2,,,0,0,0,0,0,0,0.0424207980593546,0.0606391439026437,""
"Islamic Republic of Afghanistan",2018,"Harmonized","VARX",27,3,0.31487,"ok","",1.00630456766427,2,,,2,,,0,0,0,0,0,0,0.012970020400787,0.0256381740410866,""
"Islamic Republic of Iran",2018,"Harmonized","VARX",27,3,0.68091,"ok","",1.01358599854921,2,,,2,,,0,0,0,0,0,0,0.00574148940713304,3.92086165024175e-05,""
"Islamic Republic of Mauritania",2018,"Harmonized","VARX",27,3,0.47584,"ok","",1.04312399285574,2,,,2,,,0,0,0,0,0,0,0.000822859351911953,0.00266826881212245,""
"Islamic Republic of Pakistan",2018,"Harmonized","VARX",27,3,0.48433,"ok","",1.08226665063429,2,,,2,,,0,0,0,0,0,0,2.15224414742421e-05,0.000462648192463333,""
"Jamaica",2018,"Harmonized","VARX",27,3,0.67408,"ok","",1.01745887128532,2,,,2,,,0,0,0,0,0,0,0.0695891732331181,3.62450251836233e-05,""
"Japan",2018,"Harmonized","VARX",27,3,0.86424,"ok","",0.987285135299414,2,,,2,,,0,0,0,0,0,0,0.00148231945933286,1.93312184338934e-05,""
"Kingdom of Bahrain",2018,"Harmonized","VARX",27,3,0.73619,"ok","",1.00055840483495,2,,,2,,,0,0,0,0,0,0,0.000333895945850204,3.26335904965447e-08,""
"Kingdom of Belgium",2018,"Harmonized","VARX",27,3,0.84662,"ok","",0.968267393471847,2,,,2,,,0,0,0,0,0,0,3.84730049770576e-05,5.5556247957611e-07,""
"Kingdom of Bhutan",2018,"Harmonized","VARX",27,3,0.45962,"ok","",1.1500045894051,2,,,2,,,0,0,0,0,0,0,0.119135337589812,4.71658866675329e-05,""
"Kingdom of Cambodia",2018,"Harmonized","VARX",27,3,0.45734,"ok","",0.982978233957289,2,,,2,,,0,0,0,0,0,0,0.004774143406023,0.000171941162736666,""
"Kingdom of Denmark",2018,"Harmonized","VARX",27,3,0.88753,"ok","",0.948349197126419,2,,,2,,,0,0,0,0,0,0,0.000905945755530713,0.00014905793290898,""
"Kingdom of Eswatini",2018,"Harmonized","VARX",27,3,0.57215,"ok","",0.982178856575697,2,,,2,,,0,0,0,0,0,0,8.53118810706377e-07,9.77325024754672e-05,""
"Kingdom of Lesotho",2018,"Harmonized","VARX",27,3,0.49738,"ok","",0.942652890128013,2,,,2,,,0,0,0,0,0,0,0.0259363569606275,0.524243644644996,""
"Kingdom of Morocco",2018,"Harmonized","VARX",27,3,0.53973,"ok","",1.07340961628531,2,,,2,,,0,0,0,0,0,0,0.000501590549281672,0.141415504867658,""
"Kingdom of Norway",2018,"Harmonized","VARX",27,3,0.90926,"ok","",0.991924037932363,2,,,2,,,0,0,0,0,0,0,0.00197512321747084,9.35205844954101e-06,""
"Kingdom of Saudi Arabia",2018,"Harmonized","VARX",27,3,0.80066,"ok","",0.825024904047218,2,,,2,,,0,0,0,0,0,0,0.000607717902971872,1.98782792991681e-05,""
"Kingdom of Spain",2018,"Harmonized","VARX",27,3,0.76066,"ok","",0.885415607260409,2,,,2,,,0,0,0,0,0,0,0.000938864231558978,2.81750986985685e-07,""
"Kingdom of Sweden",2018,"Harmonized","VARX",27,3,0.87989,"ok","",1.03030244508713,2,,,2,,,0,0,0,0,0,0,0.00679924702407875,0.0177205385325025,""
"Kingdom of Thailand",2018,"Harmonized","VARX",27,3,0.67023,"ok","",0.940942457549409,2,,,2,,,0,0,0,0,0,0,0.00600127818202367,0.00251197964666738,""
"Kingdom of Tonga",2018,"Harmonized","VARX",27,3,0.61195,"ok","",1.03031501954316,2,,,2,,,0,0,0,0,0,0,0.000119235275226726,6.1372058954845e-06,""
"Kingdom of the Netherlands",2018,"Harmonized","VARX",27,3,0.8819,"ok","",1.02028281602316,2,,,2,,,0,0,0,0,0,0,0.0201523093583886,0.118995632966435,""
"Kyrgyz Republic",2018,"Harmonized","VARX",27,3,0.59124,"ok","",1.04103403091444,2,,,2,,,0,0,0,0,0,0,0.00625533956895907,0.00048600692565226,""
"Lao People's Democratic Republic",2018,"Harmonized","VARX",27,3,0.47262,"ok","",1.06152440977203,2,,,2,,,0,0,0,0,0,0,0.000583959375512366,0.000435367030702905,""
"Lebanese Republic",2018,"Harmonized","VARX",27,3,0.73475,"ok","",1.18602957893071,2,,,2,,,0,0,0,0,0,0,0.000736356186385567,0.179783546331725,""
"Malaysia",2018,"Harmonized","VARX",27,3,0.72939,"ok","",0.980830052519007,2,,,2,,,0,0,0,0,0,0,0.117669191170824,2.86718512727546e-05,""
"Mongolia",2018,"Harmonized","VARX",27,3,0.6075,"ok","",1.05561232974521,2,,,2,,,0,0,0,0,0,0,4.04584003221853e-06,0.00356148212904572,""
"Montenegro",2018,"Harmonized","VARX",27,3,0.78441,"ok","",0.936604831432851,2,,,2,,,0,0,0,0,0,0,0.122244100829376,0.0237774581654879,""
"New Zealand",2018,"Harmonized","VARX",27,3,0.8406,"ok","",0.957441462627064,2,,,2,,,0,0,0,0,0,0,0.00321867936900788,0.000156183144933708,""
"North Macedonia",2018,"Harmonized","VARX",27,3,0.74133,"ok","",1.03057302953752,2,,,2,,,0,0,0,0,0,0,0.174517643829466,0.000121874446840753,""
"Northern Mariana Islands",2018,"Harmonized","VARX",27,3,0.76126,"ok","",0.887250773511127,2,,,2,,,0,0,0,0,0,0,3.23817970171447e-06,0.0291050242860483,""
"Palestine",2018,"Harmonized","VARX",27,3,0.60812,"ok","",1.09358852206879,2,,,2,,,0,0,0,0,0,0,0.0395131823191361,0.00369326398454117,""
"People's Democratic Republic of Algeria",2018,"Harmonized","VARX",27,3,0.6425,"ok","",1.02573232438104,2,,,2,,,0,0,0,0,0,0,7.86243579515844e-05,5.48970557332495e-05,""
"People's Republic of Bangladesh",2018,"Harmonized","VARX",27,3,0.46172,"ok","",0.973592208908711,2,,,2,,,0,0,0,0,0,0,2.84369933862827e-05,0.0433346417242064,""
"People's Republic of China",2018,"Harmonized","VARX",27,3,0.69372,"ok","",0.960150896549343,2,,,2,,,0,0,0,0,0,0,3.87273898216911e-06,0.00770951248232876,""
"Plurinational State of Bolivia",2018,"Harmonized","VARX",27,3,0.58518,"ok","",0.958016112733724,2,,,2,,,0,0,0,0,0,0,0.000352580237897082,8.13975137847756e-07,""
"Portuguese Republic",2018,"Harmonized","VARX",27,3,0.7344,"ok","",0.994507302350665,2,,,2,,,0,0,0,0,0,0,0.00225929262866753,0.000736927075946636,""
"Principality of Andorra",2018,"Harmonized","VARX",27,3,0.86259,"ok","",1.0595981277503,2,,,2,,,0,0,0,0,0,0,0.443153382867466,0.635780382655958,""
"Principality of Monaco",2018,"Harmonized","VARX",27,3,0.90339,"ok","",0.969911460225723,2,,,2,,,0,0,0,0,0,0,0.00122562774218127,0.0180950170220351,""
"Puerto Rico",2018,"Harmonized","VARX",27,3,0.81291,"ok","",0.952932074358452,2,,,2,,,0,0,0,0,0,0,0.00362897386762862,0.000843922971616951,""
"Republic of Albania",2018,"Harmonized","VARX",27,3,0.69557,"ok","",0.980485796443276,2,,,2,,,0,0,0,0,0,0,4.18695580464146e-05,9.33115973711374e-07,""
"Republic of Angola",2018,"Harmonized","VARX",27,3,0.43336,"ok","",1.06016725627806,2,,,2,,,0,0,0,0,0,0,8.73306283954989e-08,2.7954866765878e-06,""
"Republic of Armenia",2018,"Harmonized","VARX",27,3,0.69028,"ok","",0.95701114759488,2,,,2,,,0,0,0,0,0,0,0.000271522984589989,0.000363529678703345,""
"Republic of Austria",2018,"Harmonized","VARX",27,3,0.84661,"ok","",1.02385171253944,2,,,2,,,0,0,0,0,0,0,0.0353544907941573,0.0105946136336327,""
"Republic of Azerbaijan",2018,"Harmonized","VARX",27,3,0.68656,"ok","",1.12833255603343,2,,,2,,,0,0,0,0,0,0,2.17172137096933e-05,0.000158847532059858,""
"Republic of Belarus",2018,"Harmonized","VARX",27,3,0.77657,"ok","",0.90140137402113,2,,,2,,,0,0,0,0,0,0,1.04474237117014e-05,2.93231627206403e-05,""
"Republic of Benin",2018,"Harmonized","VARX",27,3,0.35265,"ok","",0.953926205416126,2,,,2,,,0,0,0,0,0,0,1.77102875958957e-05,0.000291979939621156,""
"Republic of Botswana",2018,"Harmonized","VARX",27,3,0.63061,"ok","",0.944731987437221,2,,,2,,,0,0,0,0,0,0,1.68239991157337e-05,1.39183313951907e-06,""
"Republic of Bulgaria",2018,"Harmonized","VARX",27,3,0.75915,"ok","",1.02998862375266,2,,,2,,,0,0,0,0,0,0,0.0354304321977343,4.57272967091527e-05,""
"Republic of Burundi",2018,"Harmonized","VARX",27,3,0.27973,"ok","",1.13792634010553,2,,,2,,,0,0,0,0,0,0,0.00213777863292919,0.0102580833745798,""
"Republic of Cabo Verde",2018,"Harmonized","VARX",27,3,0.51529,"ok","",0.982417387069956,2,,,2,,,0,0,0,0,0,0,0.000853438732815515,6.55735822557846e-05,""
"Republic of Cameroon",2018,"Harmonized","VARX",27,3,0.45569,"ok","",0.97172134463074,2,,,2,,,0,0,0,0,0,0,3.52174708988517e-05,6.22487302803787e-06,""
"Republic of Chad",2018,"Harmonized","VARX",27,3,0.22691,"ok","",0.940118863286099,2,,,2,,,0,0,0,0,0,0,0.00883275113514048,8.86283792157494e-05,""
"Republic of Chile",2018,"Harmonized","VARX",27,3,0.75863,"ok","",0.981432401839265,2,,,2,,,0,0,0,0,0,0,0.000150071700760201,0.0001176044526221,""
"Republic of Colombia",2018,"Harmonized","VARX",27,3,0.64026,"ok","",1.05133543822119,2,,,2,,,0,0,0,0,0,0,2.33349230919222e-05,2.38824738237886e-05,""
"Republic of Costa Rica",2018,"Harmonized","VARX",27,3,0.6813,"ok","",1.10095040438324,2,,,2,,,0,0,0,0,0,0,8.06731390802229e-05,0.0280439150440203,""
"Republic of Croatia",2018,"Harmonized","VARX",27,3,0.78867,"ok","",0.971471806234805,2,,,2,,,0,0,0,0,0,0,0.000178464460390604,0.000169291527959525,""
"Republic of Cuba",2018,"Harmonized","VARX",27,3,0.65686,"ok","",1.03908078479045,2,,,2,,,0,0,0,0,0,0,0.000636928018379557,0.00376710196734031,""
"Republic of Cyprus",2018,"Harmonized","VARX",27,3,0.82834,"ok","",1.04731393408601,2,,,2,,,0,0,0,0,0,0,0.000522906034971182,2.83365302558014e-05,""
"Republic of Côte d'Ivoire",2018,"Harmonized","VARX",27,3,0.40409,"ok","",0.972195503440659,2,,,2,,,0,0,0,0,0,0,0.00044693245444305,0.00647217692233293,""
"Republic of Djibouti",2018,"Harmonized","VARX",27,3,0.46771,"ok","",0.911484962112338,2,,,2,,,0,0,0,0,0,0,1.65293761830165e-05,1.37182705994832e-06,""
"Republic of Ecuador",2018,"Harmonized","VARX",27,3,0.64589,"ok","",1.03846681249058,2,,,2,,,0,0,0,0,0,0,0.223241836564911,6.31009214335787e-05,""
"Republic of El Salvador",2018,"Harmonized","VARX",27,3,0.54814,"ok","",1.09004681761462,2,,,2,,,0,0,0,0,0,0,0.184654339834477,2.48487548315524e-08,""
"Republic of Equatorial Guinea",2018,"Harmonized","VARX",27,3,0.63802,"ok","",1.09481325497345,2,,,2,,,0,0,0,0,0,0,0.00124549433733545,6.96852089697719e-05,""
"Republic of Estonia",2018,"Harmonized","VARX",27,3,0.83457,"ok","",1.02558872646859,2,,,2,,,0,0,0,0,0,0,0.000403485739310372,4.35648201245753e-05,""
"Republic of Fiji",2018,"Harmonized","VARX",27,3,0.66199,"ok","",0.987386140079207,2,,,2,,,0,0,0,0,0,0,6.17879402479149e-05,9.73793605862916e-07,""
"Republic of Finland",2018,"Harmonized","VARX",27,3,0.8522,"ok","",1.04933046566005,2,,,2,,,0,0,0,0,0,0,0.026597967005086,0.264642668647506,""
"Republic of Ghana",2018,"Harmonized","VARX",27,3,0.54384,"ok","",0.952608718654003,2,,,2,,,0,0,0,0,0,0,0.0205243488771899,9.75455141868364e-05,""
"Republic of Guatemala",2018,"Harmonized","VARX",27,3,0.521,"ok","",1.01150152079573,2,,,2,,,0,0,0,0,0,0,2.66584959449645e-05,2.69875164375932e-05,""
"Republic of Guinea",2018,"Harmonized","VARX",27,3,0.31484,"ok","",0.966477024682619,2,,,2,,,0,0,0,0,0,0,3.09053267799619e-06,0.0152140002206979,""
"Republic of Guinea-Bissau",2018,"Harmonized","VARX",27,3,0.33567,"ok","",0.968371424511995,2,,,2,,,0,0,0,0,0,0,0.00209143526009559,2.6950152904881e-05,""
"Republic of Guyana",2018,"Harmonized","VARX",27,3,0.62717,"ok","",1.06790642077628,2,,,2,,,0,0,0,0,0,0,0.0327362832862844,0.0466223188472111,""
"Republic of Haiti",2018,"Harmonized","VARX",27,3,0.44168,"ok","",0.996159058103411,2,,,2,,,0,0,0,0,0,0,5.69404933992157e-06,0.00917530660020127,""
"Republic of Honduras",2018,"Harmonized","VARX",27,3,0.49866,"ok","",1.1692964642411,2,,,2,,,0,0,0,0,0,0,2.12034506779091e-05,0.00505555636574118,""
"Republic of Iceland",2018,"Harmonized","VARX",27,3,0.86922,"ok","",0.963270886038693,2,,,2,,,0,0,0,0,0,0,3.87686566863943e-05,1.92387281316986e-05,""
"Republic of India",2018,"Harmonized","VARX",27,3,0.55193,"ok","",0.970415791129324,2,,,2,,,0,0,0,0,0,0,0.000246338369362831,0.00059057322451872,""
"Republic of Indonesia",2018,"Harmonized","VARX",27,3,0.64095,"ok","",1.08672507708891,2,,,2,,,0,0,0,0,0,0,0.000174404529966643,0.00216525447757654,""
"Republic of Iraq",2018,"Harmonized","VARX",27,3,0.63323,"ok","",0.976380917954405,2,,,2,,,0,0,0,0,0,0,1.1108249352576e-06,9.184814614005e-05,""
"Republic of Italy",2018,"Harmonized","VARX",27,3,0.79836,"ok","",0.948203592439207,2,,,2,,,0,0,0,0,0,0,4.52829872166216e-06,0.00206795515279967,""
"Republic of Kazakhstan",2018,"Harmonized","VARX",27,3,0.71853,"ok","",0.942902264317499,2,,,2,,,0,0,0,0,0,0,0.000114494603129955,0.000760262918905852,""
"Republic of Kenya",2018,"Harmonized","VARX",27,3,0.4991,"ok","",0.991521882462522,2,,,2,,,0,0,0,0,0,0,0.00100249668210228,4.94777611748098e-06,""
"Republic of Kiribati",2018,"Harmonized","VARX",27,3,0.51481,"ok","",0.946944887855839,2,,,2,,,0,0,0,0,0,0,1.47836616148922e-06,1.43832401999777e-05,""
"Republic of Korea",2018,"Harmonized","VARX",27,3,0.87682,"ok","",0.991173454712241,2,,,2,,,0,0,0,0,0,0,0.000383273902704317,0.00511379179658789,""
"Republic of Latvia",2018,"Harmonized","VARX",27,3,0.82142,"ok","",0.989378635403522,2,,,2,,,0,0,0,0,0,0,0.000137238127258854,3.17786958980992e-05,""
"Republic of Liberia",2018,"Harmonized","VARX",27,3,0.33778,"ok","",1.01921662444218,2,,,2,,,0,0,0,0,0,0,0.00330996170847742,0.00126150681839354,""
"Republic of Lithuania",2018,"Harmonized","VARX",27,3,0.84192,"ok","",0.993047272476944,2,,,2,,,0,0,0,0,0,0,0.000508041859527908,6.22921529548348e-05,""
"Republic of Madagascar",2018,"Harmonized","VARX",27,3,0.37497,"ok","",1.01400223431667,2,,,2,,,0,0,0,0,0,0,0.00157872372219481,0.000376208636305941,""
"Republic of Malawi",2018,"Harmonized","VARX",27,3,0.36147,"ok","",1.06470563751399,2,,,2,,,0,0,0,0,0,0,0.00761366053923251,0.000262559820005004,""
"Republic of Maldives",2018,"Harmonized","VARX",27,3,0.63721,"ok","",0.944910269382605,2,,,2,,,0,0,0,0,0,0,0.0123590397007823,6.09231750825501e-05,""
"Republic of Mali",2018,"Harmonized","VARX",27,3,0.24942,"ok","",1.04835345422757,2,,,2,,,0,0,0,0,0,0,0.0011023895816441,9.07321001909489e-05,""
"Republic of Malta",2018,"Harmonized","VARX",27,3,0.79097,"ok","",1.03664187915343,2,,,2,,,0,0,0,0,0,0,0.000351607143015076,2.26342227560572e-06,""
"Republic of Mauritius",2018,"Harmonized","VARX",27,3,0.70627,"ok","",0.95233720930891,2,,,2,,,0,0,0,0,0,0,0.000968189346785442,0.000148891827162267,""
"Republic of Moldova",2018,"Harmonized","VARX",27,3,0.71724,"ok","",1.00649910804638,2,,,2,,,0,0,0,0,0,0,0.0366770724180843,0.00234099180548941,""
"Republic of Mozambique",2018,"Harmonized","VARX",27,3,0.30523,"ok","",0.971062491529456,2,,,2,,,0,0,0,0,0,0,0.203564239733035,0.000958816097679782,""
"Republic of Namibia",2018,"Harmonized","VARX",27,3,0.60662,"ok","",1.01592423991709,2,,,2,,,0,0,0,0,0,0,5.44078768549561e-06,0.000114601397500413,""
"Republic of Nauru",2018,"Harmonized","VARX",27,3,0.60531,"ok","",0.9803298956087,2,,,2,,,0,0,0,0,0,0,0.0127062653057869,4.02130407828327e-06,""
"Republic of Nicaragua",2018,"Harmonized","VARX",27,3,0.51234,"ok","",1.01073864456421,2,,,2,,,0,0,0,0,0,0,4.3592611587151e-07,1.14567399076559e-05,""
"Republic of Niue",2018,"Harmonized","VARX",27,3,0.71511,"ok","",0.946018002421846,2,,,2,,,0,0,0,0,0,0,4.25596649401561e-05,9.92845572311829e-07,""
"Republic of Palau",2018,"Harmonized","VARX",27,3,0.74776,"ok","",1.27217379761262,2,,,2,,,0,0,0,0,0,0,0.0280712241276939,6.62374402093935e-06,""
"Republic of Panama",2018,"Harmonized","VARX",27,3,0.68672,"ok","",1.20534272046587,2,,,2,,,0,0,0,0,0,0,0.0911883756878612,2.86751990408174e-06,""
"Republic of Paraguay",2018,"Harmonized","VARX",27,3,0.62003,"ok","",0.992277296157392,2,,,2,,,0,0,0,0,0,0,7.047324376519e-05,2.58467440206189e-06,""
"Republic of Peru",2018,"Harmonized","VARX",27,3,0.65098,"ok","",1.13835049205464,2,,,2,,,0,0,0,0,0,0,0.0318404718728814,0.00041001085548642,""
"Republic of Poland",2018,"Harmonized","VARX",27,3,0.79948,"ok","",1.00693588387682,2,,,2,,,0,0,0,0,0,0,5.87737337059968e-05,0.0756891020881703,""
"Republic of Rwanda",2018,"Harmonized","VARX",27,3,0.41466,"ok","",1.02878251180349,2,,,2,,,0,0,0,0,0,0,0.000682187372515686,0.00095982912957937,""
"Republic of San Marino",2018,"Harmonized","VARX",27,3,0.88513,"ok","",1.0020178754171,2,,,2,,,0,0,0,0,0,0,0.00768572626660224,0.0168252579160673,""
"Republic of Senegal",2018,"Harmonized","VARX",27,3,0.38608,"ok","",1.13478151871823,2,,,2,,,0,0,0,0,0,0,0.0022151714198374,0.0930314393519149,""
"Republic of Serbia",2018,"Harmonized","VARX",27,3,0.78149,"ok","",1.1080885401105,2,,,2,,,0,0,0,0,0,0,0.0165400974831148,5.94835533916926e-05,""
"Republic of Seychelles",2018,"Harmonized","VARX",27,3,0.71641,"ok","",1.00348697095424,2,,,2,,,0,0,0,0,0,0,0.00150504317438904,0.00146844092802534,""
"Republic of Sierra Leone",2018,"Harmonized","VARX",27,3,0.33834,"ok","",1.05473369173605,2,,,2,,,0,0,0,0,0,0,0.0134644391777101,1.47891561865787e-05,""
"Republic of Singapore",2018,"Harmonized","VARX",27,3,0.85076,"ok","",0.990630984053481,2,,,2,,,0,0,0,0,0,0,0.00302640781822805,0.000723916852556572,""
"Republic of Slovenia",2018,"Harmonized","VARX",27,3,0.83547,"ok","",0.950922363671693,2,,,2,,,0,0,0,0,0,0,0.00446908425341519,0.000931800180646314,""
"Republic of South Africa",2018,"Harmonized","VARX",27,3,0.67034,"ok","",0.969766556830336,2,,,2,,,0,0,0,0,0,0,0.00321674753358281,1.13915289863264e-05,""
"Republic of South Sudan",2018,"Harmonized","VARX",27,3,0.27499,"ok","",1.13582520796854,2,,,2,,,0,0,0,0,0,0,0.199121279667352,0.0130017567297323,""
"Republic of Sudan",2018,"Harmonized","VARX",27,3,0.51621,"ok","",0.998664329460715,2,,,2,,,0,0,0,0,0,0,0.00102510600269079,0.000185817952427558,""
"Republic of Suriname",2018,"Harmonized","VARX",27,3,0.62471,"ok","",1.0068117921797,2,,,2,,,0,0,0,0,0,0,0.000837207476588109,0.000298829045292437,""
"Republic of Tajikistan",2018,"Harmonized","VARX",27,3,0.52915,"ok","",1.04757914979613,2,,,2,,,0,0,0,0,0,0,0.00155875527197691,0.0014291361068407,""
"Republic of Trinidad and Tobago",2018,"Harmonized","VARX",27,3,0.76124,"ok","",1.04850536776721,2,,,2,,,0,0,0,0,0,0,0.00177506005294503,0.0945515976789412,""
"Republic of Tunisia",2018,"Harmonized","VARX",27,3,0.66822,"ok","",0.979366160672448,2,,,2,,,0,0,0,0,0,0,2.39789409944846e-05,0.0017372930653784,""
"Republic of Turkey",2018,"Harmonized","VARX",27,3,0.6899,"ok","",0.986767202526841,2,,,2,,,0,0,0,0,0,0,0.000753899234317457,0.000181795909087068,""
"Republic of Uganda",2018,"Harmonized","VARX",27,3,0.39912,"ok","",0.965476539781735,2,,,2,,,0,0,0,0,0,0,0.00111602207065409,1.83655754000256e-05,""
"Republic of Uzbekistan",2018,"Harmonized","VARX",27,3,0.65192,"ok","",1.03660022951546,2,,,2,,,0,0,0,0,0,0,0.000155165057956097,0.000119197969064011,""
"Republic of Vanuatu",2018,"Harmonized","VARX",27,3,0.46208,"ok","",1.06099592693448,2,,,2,,,0,0,0,0,0,0,4.00880504025647e-06,0.000164966912095998,""
"Republic of Yemen",2018,"Harmonized","VARX",27,3,0.44073,"ok","",0.938237855460455,2,,,2,,,0,0,0,0,0,0,0.000304365048534483,0.00240538811005375,""
"Republic of Zambia",2018,"Harmonized","VARX",27,3,0.47789,"ok","",1.06014031846381,2,,,2,,,0,0,0,0,0,0,0.000431100961126862,0.00103332791796595,""
"Republic of Zimbabwe",2018,"Harmonized","VARX",27,3,0.46438,"ok","",0.97420869817451,2,,,2,,,0,0,0,0,0,0,4.12933597204734e-07,0.000396251590960794,""
"Republic of the Congo",2018,"Harmonized","VARX",27,3,0.56779,"ok","",1.02825634577676,2,,,2,,,0,0,0,0,0,0,0.198369668883737,0.0114581864330038,""
"Republic of the Gambia",2018,"Harmonized","VARX",27,3,0.39316,"ok","",0.995421239331124,2,,,2,,,0,0,0,0,0,0,0.00543619815929119,8.5106265147461e-06,""
"Republic of the Marshall Islands",2018,"Harmonized","VARX",27,3,0.5576,"ok","",1.00237247881365,2,,,2,,,0,0,0,0,0,0,0.000674064798268259,7.09872818427382e-05,""
"Republic of the Niger",2018,"Harmonized","VARX",27,3,0.15688,"ok","",1.04339061482403,2,,,2,,,0,0,0,0,0,0,0.00113978114614655,0.0856161255715666,""
"Republic of the Philippines",2018,"Harmonized","VARX",27,3,0.63046,"ok","",0.973126178966806,2,,,2,,,0,0,0,0,0,0,0.000505600066027512,6.9141966485553e-08,""
"Republic of the Union of Myanmar",2018,"Harmonized","VARX",27,3,0.51756,"ok","",0.982228196774694,2,,,2,,,0,0,0,0,0,0,0.000453776213403811,0.028465046354603,""
"Romania",2018,"Harmonized","VARX",27,3,0.75553,"ok","",1.0267415873066,2,,,2,,,0,0,0,0,0,0,0.000799784136308435,0.000109483623571882,""
"Russian Federation",2018,"Harmonized","VARX",27,3,0.80011,"ok","",0.952063266323166,2,,,2,,,0,0,0,0,0,0,1.97465256072116e-05,3.62509430986702e-05,""
"Saint Kitts and Nevis",2018,"Harmonized","VARX",27,3,0.74374,"ok","",1.06984589603844,2,,,2,,,0,0,0,0,0,0,0.0105678400616486,0.332865071701355,""
"Saint Lucia",2018,"Harmonized","VARX",27,3,0.66309,"ok","",0.991947212272115,2,,,2,,,0,0,0,0,0,0,0.00238087376411389,9.5143532834463e-06,""
"Saint Vincent and the Grenadines",2018,"Harmonized","VARX",27,3,0.62263,"ok","",0.943301579774209,2,,,2,,,0,0,0,0,0,0,0.0111015614454644,0.000624709829544212,""
"Slovak Republic",2018,"Harmonized","VARX",27,3,0.80436,"ok","",1.02527161195092,2,,,2,,,0,0,0,0,0,0,0.000139692366947441,5.63749903245148e-05,""
"Socialist Republic of Viet Nam",2018,"Harmonized","VARX",27,3,0.61135,"ok","",0.990295017654746,2,,,2,,,0,0,0,0,0,0,0.000151843975932597,0.000317847228508583,""
"Solomon Islands",2018,"Harmonized","VARX",27,3,0.41889,"ok","",1.12531910118129,2,,,2,,,0,0,0,0,0,0,0.000346168301666894,7.32651621205838e-05,""
"State of Eritrea",2018,"Harmonized","VARX",27,3,0.39115,"ok","",1.13674462592659,2,,,2,,,0,0,0,0,0,0,0.00808575768113518,0.00524025750921564,""
"State of Israel",2018,"Harmonized","VARX",27,3,0.79912,"ok","",0.945364680438022,2,,,2,,,0,0,0,0,0,0,0.250638621116949,0.0043579604817805,""
"State of Kuwait",2018,"Harmonized","VARX",27,3,0.83437,"ok","",1.00405622521944,2,,,2,,,0,0,0,0,0,0,0.00306297301135661,1.0525479187562e-05,""
"State of Libya",2018,"Harmonized","VARX",27,3,0.71272,"ok","",1.00452866150935,2,,,2,,,0,0,0,0,0,0,0.010841953735252,0.00287719675835063,""
"State of Qatar",2018,"Harmonized","VARX",27,3,0.82996,"ok","",1.00065248740912,2,,,2,,,0,0,0,0,0,0,0.000818593525359845,1.86182621819686e-06,""
"Sultanate of Oman",2018,"Harmonized","VARX",27,3,0.75918,"ok","",0.979025724061373,2,,,2,,,0,0,0,0,0,0,6.05975293446193e-05,0.00374271050185981,""
"Swiss Confederation",2018,"Harmonized","VARX",27,3,0.92855,"ok","",0.966070633786237,2,,,2,,,0,0,0,0,0,0,5.47949816920301e-05,1.98783623582832e-05,""
"Syrian Arab Republic",2018,"Harmonized","VARX",27,3,0.60851,"ok","",1.0011848828139,2,,,2,,,0,0,0,0,0,0,9.05953592612585e-05,0.361446937435736,""
"Taiwan (Province of China)",2018,"Harmonized","VARX",27,3,0.86316,"ok","",1.07466679054161,2,,,2,,,0,0,0,0,0,0,6.25421332414167e-05,0.000572813677615414,""
"Togolese Republic",2018,"Harmonized","VARX",27,3,0.38792,"ok","",0.928541775260229,2,,,2,,,0,0,0,0,0,0,5.0288313511615e-05,0.00391219810679999,""
"Tokelau",2018,"Harmonized","VARX",27,3,0.67418,"ok","",1.00479035787139,2,,,2,,,0,0,0,0,0,0,0.159418283287368,4.76014152664961e-05,""
"Turkmenistan",2018,"Harmonized","VARX",27,3,0.66943,"ok","",0.966950356315581,2,,,2,,,0,0,0,0,0,0,4.55755832240445e-06,2.52559431346278e-06,""
"Tuvalu",2018,"Harmonized","VARX",27,3,0.55986,"ok","",0.912969199174152,2,,,2,,,0,0,0,0,0,0,0.0293783737857917,3.0438714035963e-06,""
"Ukraine",2018,"Harmonized","VARX",27,3,0.75445,"ok","",1.02334961195547,2,,,2,,,0,0,0,0,0,0,0.000140771908557324,0.000848429195206002,""
"Union of the Comoros",2018,"Harmonized","VARX",27,3,0.46195,"ok","",1.0539742382333,2,,,2,,,0,0,0,0,0,0,0.000451842106549916,7.33793928973103e-05,""
"United Arab Emirates",2018,"Harmonized","VARX",27,3,0.8399,"ok","",1.01069060628419,2,,,2,,,0,0,0,0,0,0,0.0001075750295636,0.0176203134650131,""
"United Kingdom of Great Britain and Northern Ireland",2018,"Harmonized","VARX",27,3,0.84997,"ok","",1.01006884248874,2,,,2,,,0,0,0,0,0,0,0.0055531288901256,0.000517376613677345,""
"United Mexican States",2018,"Harmonized","VARX",27,3,0.64905,"ok","",1.07381557735331,2,,,2,,,0,0,0,0,0,0,0.00502906076401854,2.74028678315386e-06,""
"United Republic of Tanzania",2018,"Harmonized","VARX",27,3,0.42099,"ok","",1.04070267834153,2,,,2,,,0,0,0,0,0,0,0.0984261298015419,0.00030618776336333,""
"United States Virgin Islands",2018,"Harmonized","VARX",27,3,0.81483,"ok","",0.957839013608933,2,,,2,,,0,0,0,0,0,0,8.05228806828318e-05,5.97580151917576e-07,""
"United States of America",2018,"Harmonized","VARX",27,3,0.85505,"ok","",0.894756314450132,2,,,2,,,0,0,0,0,0,0,0.000301820647679474,5.59481515189919e-05,""
"American Samoa",2018,"Harmonized","ARIMAX",27,3,0.7128,"ok","",,2,0,1,1,0,0,0,0,0,0,0,0,0.558613703255491,0.00241816118335192,""
"Antigua and Barbuda",2018,"Harmonized","ARIMAX",27,3,0.73888,"ok","",,4,0,0,1,0,0,0,0,0,0,0,0,0.572329088321558,3.84705844369559e-06,""
"Arab Republic of Egypt",2018,"Harmonized","ARIMAX",27,3,0.57744,"ok","",,4,0,0,2,0,1,0,0,0,0,0,0,0.0231751828154729,0.129698242894314,""
"Argentine Republic",2018,"Harmonized","ARIMAX",27,3,0.71289,"ok","",,0,0,0,2,0,1,0,0,0,0,0,0,2.00619108881028e-07,0.197830798592011,""
"Australia",2018,"Harmonized","ARIMAX",27,3,0.83535,"ok","",,4,0,0,1,0,0,0,0,0,0,0,0,0.552305178238087,1.72747393945016e-07,""
"Barbados",2018,"Harmonized","ARIMAX",27,3,0.73953,"ok","",,2,0,2,4,0,1,0,0,0,0,0,0,0.329843226704597,0.984716671674276,""
"Belize",2018,"Harmonized","ARIMAX",27,3,0.59851,"ok","",,4,0,0,4,0,0,0,0,0,0,0,0,0.742759400574972,0.042921738474507,""
"Bermuda",2018,"Harmonized","ARIMAX",27,3,0.81489,"ok","",,2,0,2,2,0,2,0,0,0,0,0,0,0.337705308019201,0.724817202698621,""
"Bolivarian Republic of Venezuela",2018,"Harmonized","ARIMAX",27,3,0.60407,"ok","",,2,0,0,1,0,0,0,0,0,0,0,0,0.00598778113242615,8.10521748859649e-05,""
"Bosnia and Herzegovina",2018,"Harmonized","ARIMAX",27,3,0.71235,"ok","",,4,0,0,3,0,0,0,0,0,0,0,0,0.818633134176355,0.00777959004473128,""
"Brunei Darussalam",2018,"Harmonized","ARIMAX",27,3,0.80144,"ok","",,3,0,0,1,0,0,0,0,0,0,0,0,0.238763928229305,2.97559478823484e-06,""
"Burkina Faso",2018,"Harmonized","ARIMAX",27,3,0.2681,"ok","",,2,0,2,3,0,1,0,0,0,0,0,0,0.389887031570025,0.962118559480666,""
"Canada",2018,"Harmonized","ARIMAX",27,3,0.86791,"ok","",,4,0,0,2,0,2,0,0,0,0,0,0,0.410507986674877,0.460918203151149,""
"Central African Republic",2018,"Harmonized","ARIMAX",27,3,0.29801,"ok","",,2,0,2,4,0,0,0,0,0,0,0,0,0.292160605510559,0.806420691202761,""
"Commonwealth of Dominica",2018,"Harmonized","ARIMAX",27,3,0.73894,"ok","",,2,0,2,1,0,0,0,0,0,0,0,0,0.508132815984923,5.34999215517917e-06,""
"Commonwealth of the Bahamas",2018,"Harmonized","ARIMAX",27,3,0.79818,"ok","",,2,0,2,1,0,0,0,0,0,0,0,0,0.889766377784992,2.11653958648306e-06,""
"Cook Islands",2018,"Harmonized","ARIMAX",27,3,0.76404,"ok","",,2,0,0,1,0,0,0,0,0,0,0,0,0.100273322017686,3.7832698562168e-05,""
"Czech Republic",2018,"Harmonized","ARIMAX",27,3,0.82203,"ok","",,2,0,2,1,0,0,0,0,0,0,0,0,0.762299591267893,8.0292611365218e-06,""
"Democratic People's Republic of Korea",2018,"Harmonized","ARIMAX",27,3,0.56516,"ok","",,2,0,2,2,0,2,0,0,0,0,0,0,0.660522246518007,0.374227140196112,""
"Democratic Republic of Sao Tome and Principe",2018,"Harmonized","ARIMAX",27,3,0.4811,"ok","",,0,0,0,1,0,0,0,0,0,0,0,0,1.14062370659695e-09,5.36756182792919e-05,""
"Democratic Republic of Timor-Leste",2018,"Harmonized","ARIMAX",27,3,0.43702,"ok","",,4,0,0,0,0,0,0,0,0,0,0,0,0.244647455599069,1.22405785507596e-09,""
"Democratic Republic of the Congo",2018,"Harmonized","ARIMAX",27,3,0.36029,"ok","",,0,2,3,0,2,2,0,0,0,0,0,0,0.781894255732903,0.659693398281875,""
"Democratic Socialist Republic of Sri Lanka",2018,"Harmonized","ARIMAX",27,3,0.68813,"ok","",,3,0,1,2,0,2,0,0,0,0,0,0,0.913993620448956,0.0815551033127941,""
"Dominican Republic",2018,"Harmonized","ARIMAX",27,3,0.60696,"ok","",,4,0,0,4,0,0,0,0,0,0,0,0,0.407438382299924,0.0702096966159127,""
"Eastern Republic of Uruguay",2018,"Harmonized","ARIMAX",27,3,0.7069,"ok","",,2,0,1,2,0,2,0,0,0,0,0,0,0.243896802990646,0.0905741229158084,""
"Federal Democratic Republic of Ethiopia",2018,"Harmonized","ARIMAX",27,3,0.33805,"ok","",,4,0,1,4,0,0,0,0,0,0,0,0,0.961432885362434,0.205330904922612,""
"Federal Democratic Republic of Nepal",2018,"Harmonized","ARIMAX",27,3,0.41524,"ok","",,3,0,0,4,0,0,0,0,0,0,0,0,0.955164960799045,0.336682143494629,""
"Federal Republic of Germany",2018,"Harmonized","ARIMAX",27,3,0.89698,"ok","",,2,0,0,4,0,0,0,0,0,0,0,0,0.331334410852444,0.399996544038502,""
"Federal Republic of Nigeria",2018,"Harmonized","ARIMAX",27,3,0.48084,"ok","",,3,0,1,0,0,0,0,0,0,0,0,0,0.809785895453925,2.48847609185532e-11,""
"Federal Republic of Somalia",2018,"Harmonized","ARIMAX",27,3,0.07364,"ok","",,4,0,0,2,0,2,0,0,0,0,0,0,0.504244104975545,0.368468304512205,""
"Federated States of Micronesia",2018,"Harmonized","ARIMAX",27,3,0.57756,"ok","",,4,0,0,2,0,1,0,0,0,0,0,0,0.264023129777051,0.110787983858011,""
"Federative Republic of Brazil",2018,"Harmonized","ARIMAX",27,3,0.6408,"ok","",,2,0,2,0,0,0,0,0,0,0,0,0,0.35993657635732,8.09278200009089e-11,""
"French Republic",2018,"Harmonized","ARIMAX",27,3,0.83045,"ok","",,4,0,0,2,0,2,0,0,0,0,0,0,0.0440998773418029,0.98384616180409,""
"Gabonese Republic",2018,"Harmonized","ARIMAX",27,3,0.61172,"ok","",,2,0,0,4,0,0,0,0,0,0,0,0,0.0211926875317271,0.117106669884475,""
"Georgia",2018,"Harmonized","ARIMAX",27,3,0.71799,"ok","",,2,2,0,2,0,0,0,0,0,0,0,0,0.779852392638377,0.0592988839813003,""
"Grand Duchy of Luxembourg",2018,"Harmonized","ARIMAX",27,3,0.87864,"ok","",,4,0,0,4,0,0,0,0,0,0,0,0,0.870180942059247,0.468660788569193,""
"Greenland",2018,"Harmonized","ARIMAX",27,3,0.82082,"ok","",,3,0,0,2,0,2,0,0,0,0,0,0,0.585622474294196,0.937009508476279,""
"Grenada",2018,"Harmonized","ARIMAX",27,3,0.65537,"ok","",,2,0,2,2,0,2,0,0,0,0,0,0,0.0820037703622276,0.147478954721117,""
"Guam",2018,"Harmonized","ARIMAX",27,3,0.79129,"ok","",,2,0,2,4,0,0,0,0,0,0,0,0,0.570682025513965,0.393246955884816,""
"Hashemite Kingdom of Jordan",2018,"Harmonized","ARIMAX",27,3,0.70941,"ok","",,4,0,0,1,0,0,0,0,0,0,0,0,0.209500237564789,1.51806512915797e-08,""
"Hellenic Republic",2018,"Harmonized","ARIMAX",27,3,0.786,"ok","",,4,0,0,3,0,1,0,0,0,0,0,0,0.633550703797968,0.897679260172376,""
"Hungary",2018,"Harmonized","ARIMAX",27,3,0.78208,"ok","",,3,0,0,3,0,0,0,0,0,0,0,0,0.0270687118439105,0.128362568678888,""
"Independent State of Papua New Guinea",2018,"Harmonized","ARIMAX",27,3,0.40917,"ok","",,3,0,1,2,0,2,0,0,0,0,0,0,0.838954100144031,0.913512088116461,""
"Independent State of Samoa",2018,"Harmonized","ARIMAX",27,3,0.58232,"ok","",,2,0,1,1,0,0,0,0,0,0,0,0,0.443537175594054,7.37307030672651e-05,""
"Ireland",2018,"Harmonized","ARIMAX",27,3,0.86393,"ok","",,2,0,1,2,0,2,0,0,0,0,0,0,0.511121816834489,0.54814583930374,""
"Islamic Republic of Afghanistan",2018,"Harmonized","ARIMAX",27,3,0.31487,"ok","",,3,0,1,3,0,0,0,0,0,0,0,0,0.247234199897239,0.754769946659412,""
"Islamic Republic of Iran",2018,"Harmonized","ARIMAX",27,3,0.68091,"ok","",,3,0,1,1,0,0,0,0,0,0,0,0,0.486492060577115,1.43766676341528e-09,""
"Islamic Republic of Mauritania",2018,"Harmonized","ARIMAX",27,3,0.47584,"ok","",,0,0,0,4,0,0,0,0,0,0,0,0,2.76538761312395e-06,0.251613778883782,""
"Islamic Republic of Pakistan",2018,"Harmonized","ARIMAX",27,3,0.48433,"ok","",,4,0,0,1,0,0,0,0,0,0,0,0,0.191756125111338,0.000165205293512161,""
"Jamaica",2018,"Harmonized","ARIMAX",27,3,0.67408,"ok","",,3,0,1,2,0,2,0,0,0,0,0,0,0.831480680048802,0.734959038093317,""
"Japan",2018,"Harmonized","ARIMAX",27,3,0.86424,"ok","",,2,0,1,0,0,0,0,0,0,0,0,0,0.192642740094519,4.8405279784447e-11,""
"Kingdom of Bahrain",2018,"Harmonized","ARIMAX",27,3,0.73619,"ok","",,2,0,2,3,0,1,0,0,0,0,0,0,0.290461755863571,0.210099366419668,""
"Kingdom of Belgium",2018,"Harmonized","ARIMAX",27,3,0.84662,"ok","",,0,0,0,2,0,0,0,0,0,0,0,0,5.59834190116959e-09,0.000205336256256405,""
"Kingdom of Bhutan",2018,"Harmonized","ARIMAX",27,3,0.45962,"ok","",,3,0,1,0,0,0,0,0,0,0,0,0,0.757073590488894,1.53342195718942e-05,""
"Kingdom of Cambodia",2018,"Harmonized","ARIMAX",27,3,0.45734,"ok","",,2,0,2,3,0,1,0,0,0,0,0,0,0.145699697222656,0.100485491740152,""
"Kingdom of Denmark",2018,"Harmonized","ARIMAX",27,3,0.88753,"ok","",,4,0,0,0,0,0,0,0,0,0,0,0,0.32582334714275,9.1319475425955e-08,""
"Kingdom of Eswatini",2018,"Harmonized","ARIMAX",27,3,0.57215,"ok","",,2,0,2,2,0,2,0,0,0,0,0,0,0.0266472618744366,0.298084699145181,""
"Kingdom of Lesotho",2018,"Harmonized","ARIMAX",27,3,0.49738,"ok","",,3,0,1,2,0,2,0,0,0,0,0,0,0.350060723328628,0.917688113708625,""
"Kingdom of Morocco",2018,"Harmonized","ARIMAX",27,3,0.53973,"ok","",,0,0,0,2,0,1,0,0,0,0,0,0,4.0967940151404e-10,0.683127833270563,""
"Kingdom of Norway",2018,"Harmonized","ARIMAX",27,3,0.90926,"ok","",,3,0,1,2,0,2,0,0,0,0,0,0,0.570058688796433,0.129129413727908,""
"Kingdom of Saudi Arabia",2018,"Harmonized","ARIMAX",27,3,0.80066,"ok","",,2,0,2,3,0,0,0,0,0,0,0,0,0.0916954785861545,0.000390285973088766,""
"Kingdom of Spain",2018,"Harmonized","ARIMAX",27,3,0.76066,"ok","",,3,0,1,4,0,0,0,0,0,0,0,0,0.798814679160581,0.454177286422236,""
"Kingdom of Sweden",2018,"Harmonized","ARIMAX",27,3,0.87989,"ok","",,2,0,0,3,0,0,0,0,0,0,0,0,0.00245310697564693,0.141294108472968,""
"Kingdom of Thailand",2018,"Harmonized","ARIMAX",27,3,0.67023,"ok","",,2,0,0,2,0,2,0,0,0,0,0,0,0.00459280549902208,0.41274996329587,""
"Kingdom of Tonga",2018,"Harmonized","ARIMAX",27,3,0.61195,"ok","",,2,0,1,1,0,0,0,0,0,0,0,0,0.169099619776227,8.25766448755427e-05,""
"Kingdom of the Netherlands",2018,"Harmonized","ARIMAX",27,3,0.8819,"ok","",,4,0,0,2,0,2,0,0,0,0,0,0,0.888998054436217,0.120660329374887,""
"Kyrgyz Republic",2018,"Harmonized","ARIMAX",27,3,0.59124,"ok","",,4,0,0,5,0,0,0,0,0,0,0,0,0.425229176986268,0.687724354237759,""
"Lao People's Democratic Republic",2018,"Harmonized","ARIMAX",27,3,0.47262,"ok","",,3,0,1,3,0,1,0,0,0,0,0,0,0.564566023375765,0.834777796276397,""
"Lebanese Republic",2018,"Harmonized","ARIMAX",27,3,0.73475,"ok","",,2,0,2,2,0,0,0,0,0,0,0,0,0.161374552945355,0.114719025335399,""
"Malaysia",2018,"Harmonized","ARIMAX",27,3,0.72939,"ok","",,3,0,1,3,0,1,0,0,0,0,0,0,0.657154463494534,0.770903955460366,""
"Mongolia",2018,"Harmonized","ARIMAX",27,3,0.6075,"ok","",,3,0,0,2,0,2,0,0,0,0,0,0,0.055629123975743,0.887498954796011,""
"Montenegro",2018,"Harmonized","ARIMAX",27,3,0.78441,"ok","",,4,0,0,2,0,1,0,0,0,0,0,0,0.88972333911821,0.296920963736688,""
"New Zealand",2018,"Harmonized","ARIMAX",27,3,0.8406,"ok","",,2,0,2,3,0,1,0,0,0,0,0,0,0.044272629478625,0.455074020353733,""
"North Macedonia",2018,"Harmonized","ARIMAX",27,3,0.74133,"ok","",,4,0,0,2,0,2,0,0,0,0,0,0,0.0568198423031561,0.28117127707846,""
"Northern Mariana Islands",2018,"Harmonized","ARIMAX",27,3,0.76126,"ok","",,1,1,0,1,1,1,0,0,0,0,0,0,0.0207623323819789,0.492119151890243,""
"Palestine",2018,"Harmonized","ARIMAX",27,3,0.60812,"ok","",,1,0,0,4,0,0,0,0,0,0,0,0,1.23336840280874e-05,0.21598835494907,""
"People's Democratic Republic of Algeria",2018,"Harmonized","ARIMAX",27,3,0.6425,"ok","",,4,0,0,0,0,0,0,0,0,0,0,0,0.234991642743808,1.07730199413458e-05,""
"People's Republic of Bangladesh",2018,"Harmonized","ARIMAX",27,3,0.46172,"ok","",,4,0,0,1,0,0,0,0,0,0,0,0,0.444057332154634,5.30679422627856e-09,""
"People's Republic of China",2018,"Harmonized","ARIMAX",27,3,0.69372,"ok","",,4,0,0,3,0,1,0,0,0,0,0,0,0.353061635007709,0.947553501725301,""
"Plurinational State of Bolivia",2018,"Harmonized","ARIMAX",27,3,0.58518,"ok","",,4,0,0,3,0,1,0,0,0,0,0,0,0.470396916845678,0.546247543923167,""
"Portuguese Republic",2018,"Harmonized","ARIMAX",27,3,0.7344,"ok","",,3,0,1,3,0,1,0,0,0,0,0,0,0.537966751947427,0.881831754331244,""
"Principality of Andorra",2018,"Harmonized","ARIMAX",27,3,0.86259,"ok","",,2,0,2,2,0,1,0,0,0,0,0,0,0.624985553464671,0.963215159907088,""
"Principality of Monaco",2018,"Harmonized","ARIMAX",27,3,0.90339,"ok","",,2,0,0,0,0,0,0,0,0,0,0,0,0.00225681487967078,8.79492034755458e-10,""
"Puerto Rico",2018,"Harmonized","ARIMAX",27,3,0.81291,"ok","",,2,0,2,1,0,0,0,0,0,0,0,0,0.318945963734037,6.13184229614205e-07,""
"Republic of Albania",2018,"Harmonized","ARIMAX",27,3,0.69557,"ok","",,2,0,2,2,0,2,0,0,0,0,0,0,0.367386310218287,0.069040437358482,""
"Republic of Angola",2018,"Harmonized","ARIMAX",27,3,0.43336,"ok","",,1,0,0,2,0,1,0,0,0,0,0,0,1.4082500740864e-05,0.559492770979337,""
"Republic of Armenia",2018,"Harmonized","ARIMAX",27,3,0.69028,"ok","",,2,0,0,2,0,1,0,0,0,0,0,0,0.0209398358818028,0.209527832986275,""
"Republic of Austria",2018,"Harmonized","ARIMAX",27,3,0.84661,"ok","",,3,0,0,4,0,0,0,0,0,0,0,0,0.329659032615236,0.279686196061621,""
"Republic of Azerbaijan",2018,"Harmonized","ARIMAX",27,3,0.68656,"ok","",,5,0,0,1,0,0,0,0,0,0,0,0,0.561597003431322,0.00035096394609524,""
"Republic of Belarus",2018,"Harmonized","ARIMAX",27,3,0.77657,"ok","",,2,0,2,4,0,0,0,0,0,0,0,0,0.696753199436746,0.512365343224164,""
"Republic of Benin",2018,"Harmonized","ARIMAX",27,3,0.35265,"ok","",,4,0,0,4,0,0,0,0,0,0,0,0,0.942057290512345,0.116789541863731,""
"Republic of Botswana",2018,"Harmonized","ARIMAX",27,3,0.63061,"ok","",,4,0,1,2,0,2,0,0,0,0,0,0,0.236884864293595,0.633612660888731,""
"Republic of Bulgaria",2018,"Harmonized","ARIMAX",27,3,0.75915,"ok","",,4,0,0,3,0,0,0,0,0,0,0,0,0.577129274695778,0.00783154424886678,""
"Republic of Burundi",2018,"Harmonized","ARIMAX",27,3,0.27973,"ok","",,1,0,0,3,2,0,0,0,0,0,0,0,4.097654291213e-06,0.768290546966905,""
"Republic of Cabo Verde",2018,"Harmonized","ARIMAX",27,3,0.51529,"ok","",,1,0,0,2,0,2,0,0,0,0,0,0,1.71409577720549e-06,0.492686128663086,""
"Republic of Cameroon",2018,"Harmonized","ARIMAX",27,3,0.45569,"ok","",,1,0,0,2,0,1,0,0,0,0,0,0,4.50619541680908e-11,0.171802872287573,""
"Republic of Chad",2018,"Harmonized","ARIMAX",27,3,0.22691,"ok","",,4,0,0,4,0,0,0,0,0,0,0,0,0.285206264934169,0.1247856202139,""
"Republic of Chile",2018,"Harmonized","ARIMAX",27,3,0.75863,"ok","",,4,0,1,2,0,0,0,0,0,0,0,0,0.916711964702344,0.0191149072737608,""
"Republic of Colombia",2018,"Harmonized","ARIMAX",27,3,0.64026,"ok","",,1,0,0,4,0,0,0,0,0,0,0,0,2.97528118808899e-08,0.103520687066401,""
"Republic of Costa Rica",2018,"Harmonized","ARIMAX",27,3,0.6813,"ok","",,3,0,1,2,0,0,0,0,0,0,0,0,0.84119104920727,0.115065136992012,""
"Republic of Croatia",2018,"Harmonized","ARIMAX",27,3,0.78867,"ok","",,3,0,1,3,0,0,0,0,0,0,0,0,0.643521463640963,0.0144536495882729,""
"Republic of Cuba",2018,"Harmonized","ARIMAX",27,3,0.65686,"ok","",,2,0,2,1,0,0,0,0,0,0,0,0,0.824441584674764,1.57049732052439e-06,""
"Republic of Cyprus",2018,"Harmonized","ARIMAX",27,3,0.82834,"ok","",,0,0,0,1,0,0,0,0,0,0,0,0,2.21506804121141e-07,1.42954751625179e-06,""
"Republic of Côte d'Ivoire",2018,"Harmonized","ARIMAX",27,3,0.40409,"ok","",,3,0,0,2,0,2,0,0,0,0,0,0,0.00155903800404222,0.558765719849981,""
"Republic of Djibouti",2018,"Harmonized","ARIMAX",27,3,0.46771,"ok","",,0,0,0,4,0,0,0,0,0,0,0,0,3.17663040316774e-09,0.0625051024005849,""
"Republic of Ecuador",2018,"Harmonized","ARIMAX",27,3,0.64589,"ok","",,3,0,1,4,0,0,0,0,0,0,0,0,0.470695392336938,0.0953491291755433,""
"Republic of El Salvador",2018,"Harmonized","ARIMAX",27,3,0.54814,"ok","",,1,0,0,1,0,0,0,0,0,0,0,0,1.22848549499732e-06,2.02390937342756e-09,""
"Republic of Equatorial Guinea",2018,"Harmonized","ARIMAX",27,3,0.63802,"ok","",,1,0,0,3,0,0,0,0,0,0,0,0,4.96749985590128e-09,0.00750933491164918,""
"Republic of Estonia",2018,"Harmonized","ARIMAX",27,3,0.83457,"ok","",,2,0,2,2,0,2,0,0,0,0,0,0,0.383217127317091,0.614334454704995,""
"Republic of Fiji",2018,"Harmonized","ARIMAX",27,3,0.66199,"ok","",,3,0,1,2,0,2,0,0,0,0,0,0,0.882100441208454,0.539168852200621,""
"Republic of Finland",2018,"Harmonized","ARIMAX",27,3,0.8522,"ok","",,0,0,0,2,0,1,0,0,0,0,0,0,1.67422894936653e-06,0.595379845568324,""
"Republic of Ghana",2018,"Harmonized","ARIMAX",27,3,0.54384,"ok","",,2,0,1,2,0,2,0,0,0,0,0,0,0.40360501920395,0.476632907574793,""
"Republic of Guatemala",2018,"Harmonized","ARIMAX",27,3,0.521,"ok","",,2,0,2,3,0,1,0,0,0,0,0,0,0.523368076901664,0.391028918027524,""
"Republic of Guinea",2018,"Harmonized","ARIMAX",27,3,0.31484,"ok","",,4,0,0,2,0,1,0,0,0,0,0,0,0.607782164476618,0.282863847691786,""
"Republic of Guinea-Bissau",2018,"Harmonized","ARIMAX",27,3,0.33567,"ok","",,3,0,0,4,0,0,0,0,0,0,0,0,0.50752372994852,0.783558939152024,""
"Republic of Guyana",2018,"Harmonized","ARIMAX",27,3,0.62717,"ok","",,4,0,0,1,0,0,0,0,0,0,0,0,0.0410090287308162,2.22623875778538e-07,""
"Republic of Haiti",2018,"Harmonized","ARIMAX",27,3,0.44168,"ok","",,4,0,0,4,0,0,0,0,0,0,0,0,0.314631123538697,0.591346412711313,""
"Republic of Honduras",2018,"Harmonized","ARIMAX",27,3,0.49866,"ok","",,2,0,1,2,0,1,0,0,0,0,0,0,0.406850746437758,0.182674623601642,""
"Republic of Iceland",2018,"Harmonized","ARIMAX",27,3,0.86922,"ok","",,0,0,0,2,0,2,0,0,0,0,0,0,1.31949086101812e-08,0.315930230706426,""
"Republic of India",2018,"Harmonized","ARIMAX",27,3,0.55193,"ok","",,2,0,2,3,0,1,0,0,0,0,0,0,0.280069356035647,0.916694883074461,""
"Republic of Indonesia",2018,"Harmonized","ARIMAX",27,3,0.64095,"ok","",,3,0,1,1,0,0,0,0,0,0,0,0,0.59279766007847,3.52744965612661e-05,""
"Republic of Iraq",2018,"Harmonized","ARIMAX",27,3,0.63323,"ok","",,1,0,0,4,0,0,0,0,0,0,0,0,1.96703277333121e-07,0.278808766944227,""
"Republic of Italy",2018,"Harmonized","ARIMAX",27,3,0.79836,"ok","",,2,0,1,4,0,0,0,0,0,0,0,0,0.287530620760998,0.745167530184279,""
"Republic of Kazakhstan",2018,"Harmonized","ARIMAX",27,3,0.71853,"ok","",,2,0,2,2,0,2,0,0,0,0,0,0,0.92371786824423,0.121175876527301,""
"Republic of Kenya",2018,"Harmonized","ARIMAX",27,3,0.4991,"ok","",,3,0,1,4,0,1,0,0,0,0,0,0,0.802264543037474,0.0418872480487213,""
"Republic of Kiribati",2018,"Harmonized","ARIMAX",27,3,0.51481,"ok","",,4,0,0,0,0,0,0,0,0,0,0,0,0.0304052822972327,3.00640379412576e-05,""
"Republic of Korea",2018,"Harmonized","ARIMAX",27,3,0.87682,"ok","",,3,0,1,3,0,0,0,0,0,0,0,0,0.772830860136126,0.0417560589109438,""
"Republic of Latvia",2018,"Harmonized","ARIMAX",27,3,0.82142,"ok","",,2,0,2,3,0,0,0,0,0,0,0,0,0.142891388313303,0.00794052222325092,""
"Republic of Liberia",2018,"Harmonized","ARIMAX",27,3,0.33778,"ok","",,2,0,2,4,0,0,0,0,0,0,0,0,0.430717375052775,0.838507809443997,""
"Republic of Lithuania",2018,"Harmonized","ARIMAX",27,3,0.84192,"ok","",,3,0,1,4,0,0,0,0,0,0,0,0,0.354850929190674,0.328101148269378,""
"Republic of Madagascar",2018,"Harmonized","ARIMAX",27,3,0.37497,"ok","",,2,0,3,2,0,2,0,0,0,0,0,0,0.692912000835299,0.539258972508592,""
"Republic of Malawi",2018,"Harmonized","ARIMAX",27,3,0.36147,"ok","",,4,0,0,2,0,1,0,0,0,0,0,0,0.273733764208437,0.0512406007734989,""
"Republic of Maldives",2018,"Harmonized","ARIMAX",27,3,0.63721,"ok","",,4,0,0,1,0,1,0,0,0,0,0,0,0.332281807162292,1.53261346613753e-07,""
"Republic of Mali",2018,"Harmonized","ARIMAX",27,3,0.24942,"ok","",,4,0,0,0,0,0,0,0,0,0,0,0,0.450041489783788,8.07074518327511e-10,""
"Republic of Malta",2018,"Harmonized","ARIMAX",27,3,0.79097,"ok","",,3,0,1,0,0,0,0,0,0,0,0,0,0.736264375989916,3.26395218305242e-05,""
"Republic of Mauritius",2018,"Harmonized","ARIMAX",27,3,0.70627,"ok","",,3,0,1,4,0,0,0,0,0,0,0,0,0.277873961087571,0.168126246498536,""
"Republic of Moldova",2018,"Harmonized","ARIMAX",27,3,0.71724,"ok","",,3,0,0,2,0,3,0,0,0,0,0,0,0.695985648278248,0.273041300919758,""
"Republic of Mozambique",2018,"Harmonized","ARIMAX",27,3,0.30523,"ok","",,3,0,1,2,0,0,0,0,0,0,0,0,0.832134786329821,0.0570855614683841,""
"Republic of Namibia",2018,"Harmonized","ARIMAX",27,3,0.60662,"ok","",,2,0,1,2,0,2,0,0,0,0,0,0,0.033167126635864,0.00404104370909553,""
"Republic of Nauru",2018,"Harmonized","ARIMAX",27,3,0.60531,"ok","",,2,2,0,2,2,0,0,0,0,0,0,0,0.821335289019137,0.658508042973041,""
"Republic of Nicaragua",2018,"Harmonized","ARIMAX",27,3,0.51234,"ok","",,2,0,2,4,0,0,0,0,0,0,0,0,0.623364069796937,0.068831261827951,""
"Republic of Niue",2018,"Harmonized","ARIMAX",27,3,0.71511,"ok","",,2,0,1,4,0,0,0,0,0,0,0,0,0.601224089677715,0.181921841279695,""
"Republic of Palau",2018,"Harmonized","ARIMAX",27,3,0.74776,"ok","",,0,0,0,2,0,1,0,0,0,0,0,0,7.8534430086874e-06,0.0207584558112477,""
"Republic of Panama",2018,"Harmonized","ARIMAX",27,3,0.68672,"ok","",,1,0,0,4,0,0,0,0,0,0,0,0,3.15841340802203e-05,0.13530354810546,""
"Republic of Paraguay",2018,"Harmonized","ARIMAX",27,3,0.62003,"ok","",,2,0,2,2,0,2,0,0,0,0,0,0,0.57370533646826,0.0803468794258017,""
"Republic of Peru",2018,"Harmonized","ARIMAX",27,3,0.65098,"ok","",,3,0,0,1,0,0,0,0,0,0,0,0,0.354330068125803,6.90886490239961e-07,""
"Republic of Poland",2018,"Harmonized","ARIMAX",27,3,0.79948,"ok","",,2,0,1,2,0,1,0,0,0,0,0,0,0.606197283048317,0.458006041789929,""
"Republic of Rwanda",2018,"Harmonized","ARIMAX",27,3,0.41466,"ok","",,2,0,1,2,0,0,0,0,0,0,0,0,0.562226343723059,0.343804926981651,""
"Republic of San Marino",2018,"Harmonized","ARIMAX",27,3,0.88513,"ok","",,2,0,2,2,0,2,0,0,0,0,0,0,0.739149460660431,0.109155492554457,""
"Republic of Senegal",2018,"Harmonized","ARIMAX",27,3,0.38608,"ok","",,3,0,1,2,0,2,0,0,0,0,0,0,0.867585291178184,0.707530695532491,""
"Republic of Serbia",2018,"Harmonized","ARIMAX",27,3,0.78149,"ok","",,2,0,2,4,0,0,0,0,0,0,0,0,0.941177365064908,0.235478079993964,""
"Republic of Seychelles",2018,"Harmonized","ARIMAX",27,3,0.71641,"ok","",,0,0,0,0,0,0,0,0,0,0,0,0,1.33121735856889e-10,2.08263866907643e-06,""
"Republic of Sierra Leone",2018,"Harmonized","ARIMAX",27,3,0.33834,"ok","",,2,0,0,4,0,0,0,0,0,0,0,0,0.509546272458024,0.211166105331074,""
"Republic of Singapore",2018,"Harmonized","ARIMAX",27,3,0.85076,"ok","",,2,0,2,2,0,1,0,0,0,0,0,0,0.329457739179282,0.333338580090661,""
"Republic of Slovenia",2018,"Harmonized","ARIMAX",27,3,0.83547,"ok","",,0,0,0,2,0,2,0,0,0,0,0,0,6.20506337978277e-07,0.915258674081434,""
"Republic of South Africa",2018,"Harmonized","ARIMAX",27,3,0.67034,"ok","",,2,0,2,1,0,0,0,0,0,0,0,0,0.121135596759621,2.03364436401898e-10,""
"Republic of South Sudan",2018,"Harmonized","ARIMAX",27,3,0.27499,"ok","",,2,0,2,2,0,3,0,0,0,0,0,0,0.966432015854754,0.965223178949984,""
"Republic of Sudan",2018,"Harmonized","ARIMAX",27,3,0.51621,"ok","",,2,0,1,4,0,0,0,0,0,0,0,0,0.494816746677021,0.0758835657726884,""
"Republic of Suriname",2018,"Harmonized","ARIMAX",27,3,0.62471,"ok","",,4,0,0,4,0,1,0,0,0,0,0,0,0.271798205973247,0.793240067638539,""
"Republic of Tajikistan",2018,"Harmonized","ARIMAX",27,3,0.52915,"ok","",,2,2,0,2,2,0,0,0,0,0,0,0,0.791889052775983,0.743718239483489,""
"Republic of Trinidad and Tobago",2018,"Harmonized","ARIMAX",27,3,0.76124,"ok","",,2,0,0,4,0,0,0,0,0,0,0,0,0.0481209688908637,0.228656387742833,""
"Republic of Tunisia",2018,"Harmonized","ARIMAX",27,3,0.66822,"ok","",,1,0,0,0,0,0,0,0,0,0,0,0,2.52480258922105e-11,4.25914760371349e-06,""
"Republic of Turkey",2018,"Harmonized","ARIMAX",27,3,0.6899,"ok","",,0,0,0,3,0,1,0,0,0,0,0,0,1.99261890321267e-08,0.91384100019844,""
"Republic of Uganda",2018,"Harmonized","ARIMAX",27,3,0.39912,"ok","",,3,0,1,2,0,1,0,0,0,0,0,0,0.448243230718949,0.0435082111482026,""
"Republic of Uzbekistan",2018,"Harmonized","ARIMAX",27,3,0.65192,"ok","",,2,0,0,1,0,0,0,0,0,0,0,0,0.16786639650907,7.00368656347816e-06,""
"Republic of Vanuatu",2018,"Harmonized","ARIMAX",27,3,0.46208,"ok","",,2,0,1,1,0,0,0,0,0,0,0,0,0.653181210455266,3.11556924136314e-05,""
"Republic of Yemen",2018,"Harmonized","ARIMAX",27,3,0.44073,"ok","",,2,0,2,2,0,1,0,0,0,0,0,0,0.497503712630359,0.778045769147232,""
"Republic of Zambia",2018,"Harmonized","ARIMAX",27,3,0.47789,"ok","",,1,0,0,3,0,1,0,0,0,0,0,0,5.79249963175155e-05,0.835456863324073,""
"Republic of Zimbabwe",2018,"Harmonized","ARIMAX",27,3,0.46438,"ok","",,3,2,0,2,1,1,0,0,0,0,0,0,0.771211653810236,0.717339986194941,""
"Republic of the Congo",2018,"Harmonized","ARIMAX",27,3,0.56779,"ok","",,0,0,0,2,0,2,0,0,0,0,0,0,1.1269632792188e-05,0.777660751733382,""
"Republic of the Gambia",2018,"Harmonized","ARIMAX",27,3,0.39316,"ok","",,2,0,2,4,0,0,0,0,0,0,0,0,0.529569202972914,0.826460545614659,""
"Republic of the Marshall Islands",2018,"Harmonized","ARIMAX",27,3,0.5576,"ok","",,4,0,0,2,0,1,0,0,0,0,0,0,0.740891116124393,0.169975553290392,""
"Republic of the Niger",2018,"Harmonized","ARIMAX",27,3,0.15688,"ok","",,0,0,0,2,0,1,0,0,0,0,0,0,1.56250360268118e-05,0.819005686374171,""
"Republic of the Philippines",2018,"Harmonized","ARIMAX",27,3,0.63046,"ok","",,3,0,1,3,0,0,0,0,0,0,0,0,0.955953135518766,0.00136220594120384,""
"Republic of the Union of Myanmar",2018,"Harmonized","ARIMAX",27,3,0.51756,"ok","",,3,0,0,3,0,1,0,0,0,0,0,0,0.126787034822402,0.775856383841726,""
"Romania",2018,"Harmonized","ARIMAX",27,3,0.75553,"ok","",,0,0,0,2,0,1,0,0,0,0,0,0,6.22331761446215e-06,0.312380488103723,""
"Russian Federation",2018,"Harmonized","ARIMAX",27,3,0.80011,"ok","",,4,0,0,4,0,0,0,0,0,0,0,0,0.166876097643022,0.675277058899457,""
"Saint Kitts and Nevis",2018,"Harmonized","ARIMAX",27,3,0.74374,"ok","",,3,0,1,2,0,2,0,0,0,0,0,0,0.894896263317861,0.141352286438156,""
"Saint Lucia",2018,"Harmonized","ARIMAX",27,3,0.66309,"ok","",,4,0,0,2,0,0,0,0,0,0,0,0,0.187864079397083,0.0086023492008358,""
"Saint Vincent and the Grenadines",2018,"Harmonized","ARIMAX",27,3,0.62263,"ok","",,4,0,0,4,0,1,0,0,0,0,0,0,0.3751950228006,0.723725604277946,""
"Slovak Republic",2018,"Harmonized","ARIMAX",27,3,0.80436,"ok","",,2,0,2,2,0,2,0,0,0,0,0,0,0.118139150610423,0.533626838752565,""
"Socialist Republic of Viet Nam",2018,"Harmonized","ARIMAX",27,3,0.61135,"ok","",,2,0,2,2,0,1,0,0,0,0,0,0,0.117102223260966,0.000877979892325298,""
"Solomon Islands",2018,"Harmonized","ARIMAX",27,3,0.41889,"ok","",,3,0,1,1,0,0,0,0,0,0,0,0,0.581610014089453,0.000100426572436585,""
"State of Eritrea",2018,"Harmonized","ARIMAX",27,3,0.39115,"ok","",,1,0,0,2,0,2,0,0,0,0,0,0,0.000978457972060975,0.965164575866721,""
"State of Israel",2018,"Harmonized","ARIMAX",27,3,0.79912,"ok","",,2,0,1,4,0,0,0,0,0,0,0,0,0.640276005969953,0.760826602376945,""
"State of Kuwait",2018,"Harmonized","ARIMAX",27,3,0.83437,"ok","",,2,0,2,2,0,2,0,0,0,0,0,0,0.349972298749267,0.13878143753754,""
"State of Libya",2018,"Harmonized","ARIMAX",27,3,0.71272,"ok","",,4,0,0,1,0,1,0,0,0,0,0,0,0.546941229574255,0.000314386663100463,""
"State of Qatar",2018,"Harmonized","ARIMAX",27,3,0.82996,"ok","",,3,0,0,1,0,0,0,0,0,0,0,0,0.048702497754588,3.40091954598165e-10,""
"Sultanate of Oman",2018,"Harmonized","ARIMAX",27,3,0.75918,"ok","",,0,0,0,2,0,1,0,0,0,0,0,0,2.82218810876422e-07,0.814213519422921,""
"Swiss Confederation",2018,"Harmonized","ARIMAX",27,3,0.92855,"ok","",,2,0,2,4,0,0,0,0,0,0,0,0,0.38864682250622,0.397033168661719,""
"Syrian Arab Republic",2018,"Harmonized","ARIMAX",27,3,0.60851,"ok","",,0,0,0,0,0,0,0,0,0,0,0,0,0.000203243722485702,6.35942094928676e-06,""
"Taiwan (Province of China)",2018,"Harmonized","ARIMAX",27,3,0.86316,"ok","",,4,0,0,4,0,0,0,0,0,0,0,0,0.978861002755095,0.880475826415079,""
"Togolese Republic",2018,"Harmonized","ARIMAX",27,3,0.38792,"ok","",,2,0,1,2,0,2,0,0,0,0,0,0,7.12355533464271e-05,0.471864723815312,""
"Tokelau",2018,"Harmonized","ARIMAX",27,3,0.67418,"ok","",,2,0,0,0,0,0,0,0,0,0,0,0,0.73297187796177,5.51352741240407e-10,""
"Turkmenistan",2018,"Harmonized","ARIMAX",27,3,0.66943,"ok","",,4,0,0,5,0,0,0,0,0,0,0,0,0.425457249772788,0.806448762151533,""
"Tuvalu",2018,"Harmonized","ARIMAX",27,3,0.55986,"ok","",,2,0,0,2,0,1,0,0,0,0,0,0,0.486914927436582,0.0415154013257226,""
"Ukraine",2018,"Harmonized","ARIMAX",27,3,0.75445,"ok","",,1,0,0,3,0,0,0,0,0,0,0,0,6.35760613043601e-08,0.0124138864169036,""
"Union of the Comoros",2018,"Harmonized","ARIMAX",27,3,0.46195,"ok","",,2,0,2,0,0,0,0,0,0,0,0,0,0.485538272583267,7.41189228881112e-08,""
"United Arab Emirates",2018,"Harmonized","ARIMAX",27,3,0.8399,"ok","",,2,0,2,2,0,1,0,0,0,0,0,0,0.287750396669364,0.0993267319480848,""
"United Kingdom of Great Britain and Northern Ireland",2018,"Harmonized","ARIMAX",27,3,0.84997,"ok","",,2,0,0,2,0,2,0,0,0,0,0,0,0.0272412134361804,0.787872058606752,""
"United Mexican States",2018,"Harmonized","ARIMAX",27,3,0.64905,"ok","",,3,0,1,4,0,0,0,0,0,0,0,0,0.832204933912462,0.193647875808029,""
"United Republic of Tanzania",2018,"Harmonized","ARIMAX",27,3,0.42099,"ok","",,2,0,1,1,0,0,0,0,0,0,0,0,0.854152562572442,2.42196243060988e-08,""
"United States Virgin Islands",2018,"Harmonized","ARIMAX",27,3,0.81483,"ok","",,2,0,1,2,0,2,0,0,0,0,0,0,0.789466310638029,0.0040513469990926,""
"United States of America",2018,"Harmonized","ARIMAX",27,3,0.85505,"ok","",,2,0,0,2,0,2,0,0,0,0,0,0,0.000886899471979841,0.487744389308908,""
"American Samoa",2018,"Benchmark","Persistence",27,3,0.7128,"ok","",,,,,,,,0,0,0,0,0,0,,,""
"Antigua and Barbuda",2018,"Benchmark","Persistence",27,3,0.73888,"ok","",,,,,,,,0,0,0,0,0,0,,,""
"Arab Republic of Egypt",2018,"Benchmark","Persistence",27,3,0.57744,"ok","",,,,,,,,0,0,0,0,0,0,,,""
"Argentine Republic",2018,"Benchmark","Persistence",27,3,0.71289,"ok","",,,,,,,,0,0,0,0,0,0,,,""
"Australia",2018,"Benchmark","Persistence",27,3,0.83535,"ok","",,,,,,,,0,0,0,0,0,0,,,""
"Barbados",2018,"Benchmark","Persistence",27,3,0.73953,"ok","",,,,,,,,0,0,0,0,0,0,,,""
"Belize",2018,"Benchmark","Persistence",27,3,0.59851,"ok","",,,,,,,,0,0,0,0,0,0,,,""
"Bermuda",2018,"Benchmark","Persistence",27,3,0.81489,"ok","",,,,,,,,0,0,0,0,0,0,,,""
"Bolivarian Republic of Venezuela",2018,"Benchmark","Persistence",27,3,0.60407,"ok","",,,,,,,,0,0,0,0,0,0,,,""
"Bosnia and Herzegovina",2018,"Benchmark","Persistence",27,3,0.71235,"ok","",,,,,,,,0,0,0,0,0,0,,,""
"Brunei Darussalam",2018,"Benchmark","Persistence",27,3,0.80144,"ok","",,,,,,,,0,0,0,0,0,0,,,""
"Burkina Faso",2018,"Benchmark","Persistence",27,3,0.2681,"ok","",,,,,,,,0,0,0,0,0,0,,,""
"Canada",2018,"Benchmark","Persistence",27,3,0.86791,"ok","",,,,,,,,0,0,0,0,0,0,,,""
"Central African Republic",2018,"Benchmark","Persistence",27,3,0.29801,"ok","",,,,,,,,0,0,0,0,0,0,,,""
"Commonwealth of Dominica",2018,"Benchmark","Persistence",27,3,0.73894,"ok","",,,,,,,,0,0,0,0,0,0,,,""
"Commonwealth of the Bahamas",2018,"Benchmark","Persistence",27,3,0.79818,"ok","",,,,,,,,0,0,0,0,0,0,,,""
"Cook Islands",2018,"Benchmark","Persistence",27,3,0.76404,"ok","",,,,,,,,0,0,0,0,0,0,,,""
"Czech Republic",2018,"Benchmark","Persistence",27,3,0.82203,"ok","",,,,,,,,0,0,0,0,0,0,,,""
"Democratic People's Republic of Korea",2018,"Benchmark","Persistence",27,3,0.56516,"ok","",,,,,,,,0,0,0,0,0,0,,,""
"Democratic Republic of Sao Tome and Principe",2018,"Benchmark","Persistence",27,3,0.4811,"ok","",,,,,,,,0,0,0,0,0,0,,,""
"Democratic Republic of Timor-Leste",2018,"Benchmark","Persistence",27,3,0.43702,"ok","",,,,,,,,0,0,0,0,0,0,,,""
"Democratic Republic of the Congo",2018,"Benchmark","Persistence",27,3,0.36029,"ok","",,,,,,,,0,0,0,0,0,0,,,""
"Democratic Socialist Republic of Sri Lanka",2018,"Benchmark","Persistence",27,3,0.68813,"ok","",,,,,,,,0,0,0,0,0,0,,,""
"Dominican Republic",2018,"Benchmark","Persistence",27,3,0.60696,"ok","",,,,,,,,0,0,0,0,0,0,,,""
"Eastern Republic of Uruguay",2018,"Benchmark","Persistence",27,3,0.7069,"ok","",,,,,,,,0,0,0,0,0,0,,,""
"Federal Democratic Republic of Ethiopia",2018,"Benchmark","Persistence",27,3,0.33805,"ok","",,,,,,,,0,0,0,0,0,0,,,""
"Federal Democratic Republic of Nepal",2018,"Benchmark","Persistence",27,3,0.41524,"ok","",,,,,,,,0,0,0,0,0,0,,,""
"Federal Republic of Germany",2018,"Benchmark","Persistence",27,3,0.89698,"ok","",,,,,,,,0,0,0,0,0,0,,,""
"Federal Republic of Nigeria",2018,"Benchmark","Persistence",27,3,0.48084,"ok","",,,,,,,,0,0,0,0,0,0,,,""
"Federal Republic of Somalia",2018,"Benchmark","Persistence",27,3,0.07364,"ok","",,,,,,,,0,0,0,0,0,0,,,""
"Federated States of Micronesia",2018,"Benchmark","Persistence",27,3,0.57756,"ok","",,,,,,,,0,0,0,0,0,0,,,""
"Federative Republic of Brazil",2018,"Benchmark","Persistence",27,3,0.6408,"ok","",,,,,,,,0,0,0,0,0,0,,,""
"French Republic",2018,"Benchmark","Persistence",27,3,0.83045,"ok","",,,,,,,,0,0,0,0,0,0,,,""
"Gabonese Republic",2018,"Benchmark","Persistence",27,3,0.61172,"ok","",,,,,,,,0,0,0,0,0,0,,,""
"Georgia",2018,"Benchmark","Persistence",27,3,0.71799,"ok","",,,,,,,,0,0,0,0,0,0,,,""
"Grand Duchy of Luxembourg",2018,"Benchmark","Persistence",27,3,0.87864,"ok","",,,,,,,,0,0,0,0,0,0,,,""
"Greenland",2018,"Benchmark","Persistence",27,3,0.82082,"ok","",,,,,,,,0,0,0,0,0,0,,,""
"Grenada",2018,"Benchmark","Persistence",27,3,0.65537,"ok","",,,,,,,,0,0,0,0,0,0,,,""
"Guam",2018,"Benchmark","Persistence",27,3,0.79129,"ok","",,,,,,,,0,0,0,0,0,0,,,""
"Hashemite Kingdom of Jordan",2018,"Benchmark","Persistence",27,3,0.70941,"ok","",,,,,,,,0,0,0,0,0,0,,,""
"Hellenic Republic",2018,"Benchmark","Persistence",27,3,0.786,"ok","",,,,,,,,0,0,0,0,0,0,,,""
"Hungary",2018,"Benchmark","Persistence",27,3,0.78208,"ok","",,,,,,,,0,0,0,0,0,0,,,""
"Independent State of Papua New Guinea",2018,"Benchmark","Persistence",27,3,0.40917,"ok","",,,,,,,,0,0,0,0,0,0,,,""
"Independent State of Samoa",2018,"Benchmark","Persistence",27,3,0.58232,"ok","",,,,,,,,0,0,0,0,0,0,,,""
"Ireland",2018,"Benchmark","Persistence",27,3,0.86393,"ok","",,,,,,,,0,0,0,0,0,0,,,""
"Islamic Republic of Afghanistan",2018,"Benchmark","Persistence",27,3,0.31487,"ok","",,,,,,,,0,0,0,0,0,0,,,""
"Islamic Republic of Iran",2018,"Benchmark","Persistence",27,3,0.68091,"ok","",,,,,,,,0,0,0,0,0,0,,,""
"Islamic Republic of Mauritania",2018,"Benchmark","Persistence",27,3,0.47584,"ok","",,,,,,,,0,0,0,0,0,0,,,""
"Islamic Republic of Pakistan",2018,"Benchmark","Persistence",27,3,0.48433,"ok","",,,,,,,,0,0,0,0,0,0,,,""
"Jamaica",2018,"Benchmark","Persistence",27,3,0.67408,"ok","",,,,,,,,0,0,0,0,0,0,,,""
"Japan",2018,"Benchmark","Persistence",27,3,0.86424,"ok","",,,,,,,,0,0,0,0,0,0,,,""
"Kingdom of Bahrain",2018,"Benchmark","Persistence",27,3,0.73619,"ok","",,,,,,,,0,0,0,0,0,0,,,""
"Kingdom of Belgium",2018,"Benchmark","Persistence",27,3,0.84662,"ok","",,,,,,,,0,0,0,0,0,0,,,""
"Kingdom of Bhutan",2018,"Benchmark","Persistence",27,3,0.45962,"ok","",,,,,,,,0,0,0,0,0,0,,,""
"Kingdom of Cambodia",2018,"Benchmark","Persistence",27,3,0.45734,"ok","",,,,,,,,0,0,0,0,0,0,,,""
"Kingdom of Denmark",2018,"Benchmark","Persistence",27,3,0.88753,"ok","",,,,,,,,0,0,0,0,0,0,,,""
"Kingdom of Eswatini",2018,"Benchmark","Persistence",27,3,0.57215,"ok","",,,,,,,,0,0,0,0,0,0,,,""
"Kingdom of Lesotho",2018,"Benchmark","Persistence",27,3,0.49738,"ok","",,,,,,,,0,0,0,0,0,0,,,""
"Kingdom of Morocco",2018,"Benchmark","Persistence",27,3,0.53973,"ok","",,,,,,,,0,0,0,0,0,0,,,""
"Kingdom of Norway",2018,"Benchmark","Persistence",27,3,0.90926,"ok","",,,,,,,,0,0,0,0,0,0,,,""
"Kingdom of Saudi Arabia",2018,"Benchmark","Persistence",27,3,0.80066,"ok","",,,,,,,,0,0,0,0,0,0,,,""
"Kingdom of Spain",2018,"Benchmark","Persistence",27,3,0.76066,"ok","",,,,,,,,0,0,0,0,0,0,,,""
"Kingdom of Sweden",2018,"Benchmark","Persistence",27,3,0.87989,"ok","",,,,,,,,0,0,0,0,0,0,,,""
"Kingdom of Thailand",2018,"Benchmark","Persistence",27,3,0.67023,"ok","",,,,,,,,0,0,0,0,0,0,,,""
"Kingdom of Tonga",2018,"Benchmark","Persistence",27,3,0.61195,"ok","",,,,,,,,0,0,0,0,0,0,,,""
"Kingdom of the Netherlands",2018,"Benchmark","Persistence",27,3,0.8819,"ok","",,,,,,,,0,0,0,0,0,0,,,""
"Kyrgyz Republic",2018,"Benchmark","Persistence",27,3,0.59124,"ok","",,,,,,,,0,0,0,0,0,0,,,""
"Lao People's Democratic Republic",2018,"Benchmark","Persistence",27,3,0.47262,"ok","",,,,,,,,0,0,0,0,0,0,,,""
"Lebanese Republic",2018,"Benchmark","Persistence",27,3,0.73475,"ok","",,,,,,,,0,0,0,0,0,0,,,""
"Malaysia",2018,"Benchmark","Persistence",27,3,0.72939,"ok","",,,,,,,,0,0,0,0,0,0,,,""
"Mongolia",2018,"Benchmark","Persistence",27,3,0.6075,"ok","",,,,,,,,0,0,0,0,0,0,,,""
"Montenegro",2018,"Benchmark","Persistence",27,3,0.78441,"ok","",,,,,,,,0,0,0,0,0,0,,,""
"New Zealand",2018,"Benchmark","Persistence",27,3,0.8406,"ok","",,,,,,,,0,0,0,0,0,0,,,""
"North Macedonia",2018,"Benchmark","Persistence",27,3,0.74133,"ok","",,,,,,,,0,0,0,0,0,0,,,""
"Northern Mariana Islands",2018,"Benchmark","Persistence",27,3,0.76126,"ok","",,,,,,,,0,0,0,0,0,0,,,""
"Palestine",2018,"Benchmark","Persistence",27,3,0.60812,"ok","",,,,,,,,0,0,0,0,0,0,,,""
"People's Democratic Republic of Algeria",2018,"Benchmark","Persistence",27,3,0.6425,"ok","",,,,,,,,0,0,0,0,0,0,,,""
"People's Republic of Bangladesh",2018,"Benchmark","Persistence",27,3,0.46172,"ok","",,,,,,,,0,0,0,0,0,0,,,""
"People's Republic of China",2018,"Benchmark","Persistence",27,3,0.69372,"ok","",,,,,,,,0,0,0,0,0,0,,,""
"Plurinational State of Bolivia",2018,"Benchmark","Persistence",27,3,0.58518,"ok","",,,,,,,,0,0,0,0,0,0,,,""
"Portuguese Republic",2018,"Benchmark","Persistence",27,3,0.7344,"ok","",,,,,,,,0,0,0,0,0,0,,,""
"Principality of Andorra",2018,"Benchmark","Persistence",27,3,0.86259,"ok","",,,,,,,,0,0,0,0,0,0,,,""
"Principality of Monaco",2018,"Benchmark","Persistence",27,3,0.90339,"ok","",,,,,,,,0,0,0,0,0,0,,,""
"Puerto Rico",2018,"Benchmark","Persistence",27,3,0.81291,"ok","",,,,,,,,0,0,0,0,0,0,,,""
"Republic of Albania",2018,"Benchmark","Persistence",27,3,0.69557,"ok","",,,,,,,,0,0,0,0,0,0,,,""
"Republic of Angola",2018,"Benchmark","Persistence",27,3,0.43336,"ok","",,,,,,,,0,0,0,0,0,0,,,""
"Republic of Armenia",2018,"Benchmark","Persistence",27,3,0.69028,"ok","",,,,,,,,0,0,0,0,0,0,,,""
"Republic of Austria",2018,"Benchmark","Persistence",27,3,0.84661,"ok","",,,,,,,,0,0,0,0,0,0,,,""
"Republic of Azerbaijan",2018,"Benchmark","Persistence",27,3,0.68656,"ok","",,,,,,,,0,0,0,0,0,0,,,""
"Republic of Belarus",2018,"Benchmark","Persistence",27,3,0.77657,"ok","",,,,,,,,0,0,0,0,0,0,,,""
"Republic of Benin",2018,"Benchmark","Persistence",27,3,0.35265,"ok","",,,,,,,,0,0,0,0,0,0,,,""
"Republic of Botswana",2018,"Benchmark","Persistence",27,3,0.63061,"ok","",,,,,,,,0,0,0,0,0,0,,,""
"Republic of Bulgaria",2018,"Benchmark","Persistence",27,3,0.75915,"ok","",,,,,,,,0,0,0,0,0,0,,,""
"Republic of Burundi",2018,"Benchmark","Persistence",27,3,0.27973,"ok","",,,,,,,,0,0,0,0,0,0,,,""
"Republic of Cabo Verde",2018,"Benchmark","Persistence",27,3,0.51529,"ok","",,,,,,,,0,0,0,0,0,0,,,""
"Republic of Cameroon",2018,"Benchmark","Persistence",27,3,0.45569,"ok","",,,,,,,,0,0,0,0,0,0,,,""
"Republic of Chad",2018,"Benchmark","Persistence",27,3,0.22691,"ok","",,,,,,,,0,0,0,0,0,0,,,""
"Republic of Chile",2018,"Benchmark","Persistence",27,3,0.75863,"ok","",,,,,,,,0,0,0,0,0,0,,,""
"Republic of Colombia",2018,"Benchmark","Persistence",27,3,0.64026,"ok","",,,,,,,,0,0,0,0,0,0,,,""
"Republic of Costa Rica",2018,"Benchmark","Persistence",27,3,0.6813,"ok","",,,,,,,,0,0,0,0,0,0,,,""
"Republic of Croatia",2018,"Benchmark","Persistence",27,3,0.78867,"ok","",,,,,,,,0,0,0,0,0,0,,,""
"Republic of Cuba",2018,"Benchmark","Persistence",27,3,0.65686,"ok","",,,,,,,,0,0,0,0,0,0,,,""
"Republic of Cyprus",2018,"Benchmark","Persistence",27,3,0.82834,"ok","",,,,,,,,0,0,0,0,0,0,,,""
"Republic of Côte d'Ivoire",2018,"Benchmark","Persistence",27,3,0.40409,"ok","",,,,,,,,0,0,0,0,0,0,,,""
"Republic of Djibouti",2018,"Benchmark","Persistence",27,3,0.46771,"ok","",,,,,,,,0,0,0,0,0,0,,,""
"Republic of Ecuador",2018,"Benchmark","Persistence",27,3,0.64589,"ok","",,,,,,,,0,0,0,0,0,0,,,""
"Republic of El Salvador",2018,"Benchmark","Persistence",27,3,0.54814,"ok","",,,,,,,,0,0,0,0,0,0,,,""
"Republic of Equatorial Guinea",2018,"Benchmark","Persistence",27,3,0.63802,"ok","",,,,,,,,0,0,0,0,0,0,,,""
"Republic of Estonia",2018,"Benchmark","Persistence",27,3,0.83457,"ok","",,,,,,,,0,0,0,0,0,0,,,""
"Republic of Fiji",2018,"Benchmark","Persistence",27,3,0.66199,"ok","",,,,,,,,0,0,0,0,0,0,,,""
"Republic of Finland",2018,"Benchmark","Persistence",27,3,0.8522,"ok","",,,,,,,,0,0,0,0,0,0,,,""
"Republic of Ghana",2018,"Benchmark","Persistence",27,3,0.54384,"ok","",,,,,,,,0,0,0,0,0,0,,,""
"Republic of Guatemala",2018,"Benchmark","Persistence",27,3,0.521,"ok","",,,,,,,,0,0,0,0,0,0,,,""
"Republic of Guinea",2018,"Benchmark","Persistence",27,3,0.31484,"ok","",,,,,,,,0,0,0,0,0,0,,,""
"Republic of Guinea-Bissau",2018,"Benchmark","Persistence",27,3,0.33567,"ok","",,,,,,,,0,0,0,0,0,0,,,""
"Republic of Guyana",2018,"Benchmark","Persistence",27,3,0.62717,"ok","",,,,,,,,0,0,0,0,0,0,,,""
"Republic of Haiti",2018,"Benchmark","Persistence",27,3,0.44168,"ok","",,,,,,,,0,0,0,0,0,0,,,""
"Republic of Honduras",2018,"Benchmark","Persistence",27,3,0.49866,"ok","",,,,,,,,0,0,0,0,0,0,,,""
"Republic of Iceland",2018,"Benchmark","Persistence",27,3,0.86922,"ok","",,,,,,,,0,0,0,0,0,0,,,""
"Republic of India",2018,"Benchmark","Persistence",27,3,0.55193,"ok","",,,,,,,,0,0,0,0,0,0,,,""
"Republic of Indonesia",2018,"Benchmark","Persistence",27,3,0.64095,"ok","",,,,,,,,0,0,0,0,0,0,,,""
"Republic of Iraq",2018,"Benchmark","Persistence",27,3,0.63323,"ok","",,,,,,,,0,0,0,0,0,0,,,""
"Republic of Italy",2018,"Benchmark","Persistence",27,3,0.79836,"ok","",,,,,,,,0,0,0,0,0,0,,,""
"Republic of Kazakhstan",2018,"Benchmark","Persistence",27,3,0.71853,"ok","",,,,,,,,0,0,0,0,0,0,,,""
"Republic of Kenya",2018,"Benchmark","Persistence",27,3,0.4991,"ok","",,,,,,,,0,0,0,0,0,0,,,""
"Republic of Kiribati",2018,"Benchmark","Persistence",27,3,0.51481,"ok","",,,,,,,,0,0,0,0,0,0,,,""
"Republic of Korea",2018,"Benchmark","Persistence",27,3,0.87682,"ok","",,,,,,,,0,0,0,0,0,0,,,""
"Republic of Latvia",2018,"Benchmark","Persistence",27,3,0.82142,"ok","",,,,,,,,0,0,0,0,0,0,,,""
"Republic of Liberia",2018,"Benchmark","Persistence",27,3,0.33778,"ok","",,,,,,,,0,0,0,0,0,0,,,""
"Republic of Lithuania",2018,"Benchmark","Persistence",27,3,0.84192,"ok","",,,,,,,,0,0,0,0,0,0,,,""
"Republic of Madagascar",2018,"Benchmark","Persistence",27,3,0.37497,"ok","",,,,,,,,0,0,0,0,0,0,,,""
"Republic of Malawi",2018,"Benchmark","Persistence",27,3,0.36147,"ok","",,,,,,,,0,0,0,0,0,0,,,""
"Republic of Maldives",2018,"Benchmark","Persistence",27,3,0.63721,"ok","",,,,,,,,0,0,0,0,0,0,,,""
"Republic of Mali",2018,"Benchmark","Persistence",27,3,0.24942,"ok","",,,,,,,,0,0,0,0,0,0,,,""
"Republic of Malta",2018,"Benchmark","Persistence",27,3,0.79097,"ok","",,,,,,,,0,0,0,0,0,0,,,""
"Republic of Mauritius",2018,"Benchmark","Persistence",27,3,0.70627,"ok","",,,,,,,,0,0,0,0,0,0,,,""
"Republic of Moldova",2018,"Benchmark","Persistence",27,3,0.71724,"ok","",,,,,,,,0,0,0,0,0,0,,,""
"Republic of Mozambique",2018,"Benchmark","Persistence",27,3,0.30523,"ok","",,,,,,,,0,0,0,0,0,0,,,""
"Republic of Namibia",2018,"Benchmark","Persistence",27,3,0.60662,"ok","",,,,,,,,0,0,0,0,0,0,,,""
"Republic of Nauru",2018,"Benchmark","Persistence",27,3,0.60531,"ok","",,,,,,,,0,0,0,0,0,0,,,""
"Republic of Nicaragua",2018,"Benchmark","Persistence",27,3,0.51234,"ok","",,,,,,,,0,0,0,0,0,0,,,""
"Republic of Niue",2018,"Benchmark","Persistence",27,3,0.71511,"ok","",,,,,,,,0,0,0,0,0,0,,,""
"Republic of Palau",2018,"Benchmark","Persistence",27,3,0.74776,"ok","",,,,,,,,0,0,0,0,0,0,,,""
"Republic of Panama",2018,"Benchmark","Persistence",27,3,0.68672,"ok","",,,,,,,,0,0,0,0,0,0,,,""
"Republic of Paraguay",2018,"Benchmark","Persistence",27,3,0.62003,"ok","",,,,,,,,0,0,0,0,0,0,,,""
"Republic of Peru",2018,"Benchmark","Persistence",27,3,0.65098,"ok","",,,,,,,,0,0,0,0,0,0,,,""
"Republic of Poland",2018,"Benchmark","Persistence",27,3,0.79948,"ok","",,,,,,,,0,0,0,0,0,0,,,""
"Republic of Rwanda",2018,"Benchmark","Persistence",27,3,0.41466,"ok","",,,,,,,,0,0,0,0,0,0,,,""
"Republic of San Marino",2018,"Benchmark","Persistence",27,3,0.88513,"ok","",,,,,,,,0,0,0,0,0,0,,,""
"Republic of Senegal",2018,"Benchmark","Persistence",27,3,0.38608,"ok","",,,,,,,,0,0,0,0,0,0,,,""
"Republic of Serbia",2018,"Benchmark","Persistence",27,3,0.78149,"ok","",,,,,,,,0,0,0,0,0,0,,,""
"Republic of Seychelles",2018,"Benchmark","Persistence",27,3,0.71641,"ok","",,,,,,,,0,0,0,0,0,0,,,""
"Republic of Sierra Leone",2018,"Benchmark","Persistence",27,3,0.33834,"ok","",,,,,,,,0,0,0,0,0,0,,,""
"Republic of Singapore",2018,"Benchmark","Persistence",27,3,0.85076,"ok","",,,,,,,,0,0,0,0,0,0,,,""
"Republic of Slovenia",2018,"Benchmark","Persistence",27,3,0.83547,"ok","",,,,,,,,0,0,0,0,0,0,,,""
"Republic of South Africa",2018,"Benchmark","Persistence",27,3,0.67034,"ok","",,,,,,,,0,0,0,0,0,0,,,""
"Republic of South Sudan",2018,"Benchmark","Persistence",27,3,0.27499,"ok","",,,,,,,,0,0,0,0,0,0,,,""
"Republic of Sudan",2018,"Benchmark","Persistence",27,3,0.51621,"ok","",,,,,,,,0,0,0,0,0,0,,,""
"Republic of Suriname",2018,"Benchmark","Persistence",27,3,0.62471,"ok","",,,,,,,,0,0,0,0,0,0,,,""
"Republic of Tajikistan",2018,"Benchmark","Persistence",27,3,0.52915,"ok","",,,,,,,,0,0,0,0,0,0,,,""
"Republic of Trinidad and Tobago",2018,"Benchmark","Persistence",27,3,0.76124,"ok","",,,,,,,,0,0,0,0,0,0,,,""
"Republic of Tunisia",2018,"Benchmark","Persistence",27,3,0.66822,"ok","",,,,,,,,0,0,0,0,0,0,,,""
"Republic of Turkey",2018,"Benchmark","Persistence",27,3,0.6899,"ok","",,,,,,,,0,0,0,0,0,0,,,""
"Republic of Uganda",2018,"Benchmark","Persistence",27,3,0.39912,"ok","",,,,,,,,0,0,0,0,0,0,,,""
"Republic of Uzbekistan",2018,"Benchmark","Persistence",27,3,0.65192,"ok","",,,,,,,,0,0,0,0,0,0,,,""
"Republic of Vanuatu",2018,"Benchmark","Persistence",27,3,0.46208,"ok","",,,,,,,,0,0,0,0,0,0,,,""
"Republic of Yemen",2018,"Benchmark","Persistence",27,3,0.44073,"ok","",,,,,,,,0,0,0,0,0,0,,,""
"Republic of Zambia",2018,"Benchmark","Persistence",27,3,0.47789,"ok","",,,,,,,,0,0,0,0,0,0,,,""
"Republic of Zimbabwe",2018,"Benchmark","Persistence",27,3,0.46438,"ok","",,,,,,,,0,0,0,0,0,0,,,""
"Republic of the Congo",2018,"Benchmark","Persistence",27,3,0.56779,"ok","",,,,,,,,0,0,0,0,0,0,,,""
"Republic of the Gambia",2018,"Benchmark","Persistence",27,3,0.39316,"ok","",,,,,,,,0,0,0,0,0,0,,,""
"Republic of the Marshall Islands",2018,"Benchmark","Persistence",27,3,0.5576,"ok","",,,,,,,,0,0,0,0,0,0,,,""
"Republic of the Niger",2018,"Benchmark","Persistence",27,3,0.15688,"ok","",,,,,,,,0,0,0,0,0,0,,,""
"Republic of the Philippines",2018,"Benchmark","Persistence",27,3,0.63046,"ok","",,,,,,,,0,0,0,0,0,0,,,""
"Republic of the Union of Myanmar",2018,"Benchmark","Persistence",27,3,0.51756,"ok","",,,,,,,,0,0,0,0,0,0,,,""
"Romania",2018,"Benchmark","Persistence",27,3,0.75553,"ok","",,,,,,,,0,0,0,0,0,0,,,""
"Russian Federation",2018,"Benchmark","Persistence",27,3,0.80011,"ok","",,,,,,,,0,0,0,0,0,0,,,""
"Saint Kitts and Nevis",2018,"Benchmark","Persistence",27,3,0.74374,"ok","",,,,,,,,0,0,0,0,0,0,,,""
"Saint Lucia",2018,"Benchmark","Persistence",27,3,0.66309,"ok","",,,,,,,,0,0,0,0,0,0,,,""
"Saint Vincent and the Grenadines",2018,"Benchmark","Persistence",27,3,0.62263,"ok","",,,,,,,,0,0,0,0,0,0,,,""
"Slovak Republic",2018,"Benchmark","Persistence",27,3,0.80436,"ok","",,,,,,,,0,0,0,0,0,0,,,""
"Socialist Republic of Viet Nam",2018,"Benchmark","Persistence",27,3,0.61135,"ok","",,,,,,,,0,0,0,0,0,0,,,""
"Solomon Islands",2018,"Benchmark","Persistence",27,3,0.41889,"ok","",,,,,,,,0,0,0,0,0,0,,,""
"State of Eritrea",2018,"Benchmark","Persistence",27,3,0.39115,"ok","",,,,,,,,0,0,0,0,0,0,,,""
"State of Israel",2018,"Benchmark","Persistence",27,3,0.79912,"ok","",,,,,,,,0,0,0,0,0,0,,,""
"State of Kuwait",2018,"Benchmark","Persistence",27,3,0.83437,"ok","",,,,,,,,0,0,0,0,0,0,,,""
"State of Libya",2018,"Benchmark","Persistence",27,3,0.71272,"ok","",,,,,,,,0,0,0,0,0,0,,,""
"State of Qatar",2018,"Benchmark","Persistence",27,3,0.82996,"ok","",,,,,,,,0,0,0,0,0,0,,,""
"Sultanate of Oman",2018,"Benchmark","Persistence",27,3,0.75918,"ok","",,,,,,,,0,0,0,0,0,0,,,""
"Swiss Confederation",2018,"Benchmark","Persistence",27,3,0.92855,"ok","",,,,,,,,0,0,0,0,0,0,,,""
"Syrian Arab Republic",2018,"Benchmark","Persistence",27,3,0.60851,"ok","",,,,,,,,0,0,0,0,0,0,,,""
"Taiwan (Province of China)",2018,"Benchmark","Persistence",27,3,0.86316,"ok","",,,,,,,,0,0,0,0,0,0,,,""
"Togolese Republic",2018,"Benchmark","Persistence",27,3,0.38792,"ok","",,,,,,,,0,0,0,0,0,0,,,""
"Tokelau",2018,"Benchmark","Persistence",27,3,0.67418,"ok","",,,,,,,,0,0,0,0,0,0,,,""
"Turkmenistan",2018,"Benchmark","Persistence",27,3,0.66943,"ok","",,,,,,,,0,0,0,0,0,0,,,""
"Tuvalu",2018,"Benchmark","Persistence",27,3,0.55986,"ok","",,,,,,,,0,0,0,0,0,0,,,""
"Ukraine",2018,"Benchmark","Persistence",27,3,0.75445,"ok","",,,,,,,,0,0,0,0,0,0,,,""
"Union of the Comoros",2018,"Benchmark","Persistence",27,3,0.46195,"ok","",,,,,,,,0,0,0,0,0,0,,,""
"United Arab Emirates",2018,"Benchmark","Persistence",27,3,0.8399,"ok","",,,,,,,,0,0,0,0,0,0,,,""
"United Kingdom of Great Britain and Northern Ireland",2018,"Benchmark","Persistence",27,3,0.84997,"ok","",,,,,,,,0,0,0,0,0,0,,,""
"United Mexican States",2018,"Benchmark","Persistence",27,3,0.64905,"ok","",,,,,,,,0,0,0,0,0,0,,,""
"United Republic of Tanzania",2018,"Benchmark","Persistence",27,3,0.42099,"ok","",,,,,,,,0,0,0,0,0,0,,,""
"United States Virgin Islands",2018,"Benchmark","Persistence",27,3,0.81483,"ok","",,,,,,,,0,0,0,0,0,0,,,""
"United States of America",2018,"Benchmark","Persistence",27,3,0.85505,"ok","",,,,,,,,0,0,0,0,0,0,,,""
