"id.exposure","id.outcome","outcome","exposure","method","nsnp","b","se","pval"
"ukb-b-20175","finn-b-I9_IHD","Ischaemic heart disease, wide definition || id:finn-b-I9_IHD","Systolic blood pressure, automated reading || id:ukb-b-20175","Inverse variance weighted","228",0.646389376342198,0.0771754232794465,5.49498704753913e-17
"ukb-b-20188","finn-b-I9_IHD","Ischaemic heart disease, wide definition || id:finn-b-I9_IHD","Arm fat percentage (left) || id:ukb-b-20188","Inverse variance weighted","359",0.286468168885743,0.0676152532022006,2.2678966981768e-05
"ukb-b-20261","finn-b-I9_IHD","Ischaemic heart disease, wide definition || id:finn-b-I9_IHD","Ever smoked || id:ukb-b-20261","Inverse variance weighted","76",0.472691559285579,0.23210404635077,0.0416951301715509
"ukb-b-20292","finn-b-I9_IHD","Ischaemic heart disease, wide definition || id:finn-b-I9_IHD","Taking other prescription medications || id:ukb-b-20292","Inverse variance weighted","24",1.749260217626,0.502395459540441,0.00049798258531008
"ukb-b-20300","finn-b-I9_IHD","Ischaemic heart disease, wide definition || id:finn-b-I9_IHD","Treatment speciality of consultant (recoded): Cardiology || id:ukb-b-20300","Inverse variance weighted","8",20.0001956272228,3.69741278269221,6.32925247651721e-08
"ukb-b-20379","finn-b-I9_IHD","Ischaemic heart disease, wide definition || id:finn-b-I9_IHD","Medication for cholesterol, blood pressure, diabetes, or take exogenous hormones: None of the above || id:ukb-b-20379","Inverse variance weighted","42",-2.9012038729454,0.475652318248891,1.06453167479519e-09
"finn-b-G6_MYOTDIS","finn-b-I9_IHD","Ischaemic heart disease, wide definition || id:finn-b-I9_IHD","Mytonic disorders || id:finn-b-G6_MYOTDIS","Inverse variance weighted","8",-0.00373341231526954,0.00152525211061747,0.0143757516631957
"ukb-b-20498","finn-b-I9_IHD","Ischaemic heart disease, wide definition || id:finn-b-I9_IHD","Number of incorrect matches in round || id:ukb-b-20498","Inverse variance weighted","31",0.315698664220287,0.159735124973021,0.048110792898877
"ukb-b-20531","finn-b-I9_IHD","Ischaemic heart disease, wide definition || id:finn-b-I9_IHD","Leg fat percentage (right) || id:ukb-b-20531","Inverse variance weighted","352",0.395371072926318,0.0800877416503377,7.94457947805783e-07
"ukb-b-2134","finn-b-I9_IHD","Ischaemic heart disease, wide definition || id:finn-b-I9_IHD","Past tobacco smoking || id:ukb-b-2134","Inverse variance weighted","93",-0.183466643447128,0.0751128515381058,0.0145840448690355
"ukb-b-2205","finn-b-I9_IHD","Ischaemic heart disease, wide definition || id:finn-b-I9_IHD","Diagnoses - secondary ICD10: Z82.4 Family history of ischaemic heart disease and other diseases of the circulatory system || id:ukb-b-2205","Inverse variance weighted","3",51.4176211293962,5.69674442779087,1.78402793275484e-19
"ukb-b-2303","finn-b-I9_IHD","Ischaemic heart disease, wide definition || id:finn-b-I9_IHD","Body mass index (BMI) || id:ukb-b-2303","Inverse variance weighted","403",0.235908645973006,0.0410082541181355,8.78234041106194e-09
"ukb-b-2393","finn-b-I9_IHD","Ischaemic heart disease, wide definition || id:finn-b-I9_IHD","Never eat eggs, dairy, wheat, sugar: I eat all of the above || id:ukb-b-2393","Inverse variance weighted","24",-1.17124152592658,0.505162896599222,0.0204198687882035
"ukb-b-2399","finn-b-I9_IHD","Ischaemic heart disease, wide definition || id:finn-b-I9_IHD","Destinations on discharge from hospital (recoded): Transfer to other NHS provider: General ward, young physically disabled, A&E || id:ukb-b-2399","Inverse variance weighted","2",72.6320021987402,19.3340651702282,0.000172178658572053
"finn-b-G6_NEURODEG","finn-b-I9_IHD","Ischaemic heart disease, wide definition || id:finn-b-I9_IHD","Other degenerative diseases of the nervous system (G6_NEURODEG) || id:finn-b-G6_NEURODEG","Inverse variance weighted","4",0.0578720230796971,0.0125757587270437,4.18711928749506e-06
"ukb-b-2528","finn-b-I9_IHD","Ischaemic heart disease, wide definition || id:finn-b-I9_IHD","Operation code: spinal laminectomy || id:ukb-b-2528","Inverse variance weighted","6",12.6924170701075,4.94365271998252,0.0102459372604939
"ukb-b-288","finn-b-I9_IHD","Ischaemic heart disease, wide definition || id:finn-b-I9_IHD","Treatment/medication code: folic acid product || id:ukb-b-288","Inverse variance weighted","2",13.3560632750089,3.58764811522536,0.000197032797961734
"ukb-b-2909","finn-b-I9_IHD","Ischaemic heart disease, wide definition || id:finn-b-I9_IHD","Variation in diet || id:ukb-b-2909","Inverse variance weighted","15",1.08446471979688,0.474205416216258,0.0222011246581739
"ukb-b-298","finn-b-I9_IHD","Ischaemic heart disease, wide definition || id:finn-b-I9_IHD","Frequency of stair climbing in last 4 weeks || id:ukb-b-298","Inverse variance weighted","15",-0.392146397387039,0.18463714677146,0.0336805170777296
"ukb-b-3083","finn-b-I9_IHD","Ischaemic heart disease, wide definition || id:finn-b-I9_IHD","Operation code: mastectomy || id:ukb-b-3083","Inverse variance weighted","10",6.41617452398182,2.50682838654999,0.0104829199747104
"ukb-b-323","finn-b-I9_IHD","Ischaemic heart disease, wide definition || id:finn-b-I9_IHD","Illnesses of father: Alzheimer's disease/dementia || id:ukb-b-323","Inverse variance weighted","4",3.09472639506266,1.07546351337714,0.00400745255771805
"ukb-b-3291","finn-b-I9_IHD","Ischaemic heart disease, wide definition || id:finn-b-I9_IHD","Standard tea intake || id:ukb-b-3291","Inverse variance weighted","2",0.00255166121809924,0.00106541929100799,0.0166211304280777
"ukb-b-3357","finn-b-I9_IHD","Ischaemic heart disease, wide definition || id:finn-b-I9_IHD","Birth weight of first child || id:ukb-b-3357","Inverse variance weighted","63",-0.238507269698035,0.087111597478383,0.00618233205046992
"ukb-b-3656","finn-b-I9_IHD","Ischaemic heart disease, wide definition || id:finn-b-I9_IHD","Number of treatments/medications taken || id:ukb-b-3656","Inverse variance weighted","38",1.77503227086154,0.410501997372852,1.53188675417341e-05
"ukb-b-3768","finn-b-I9_IHD","Ischaemic heart disease, wide definition || id:finn-b-I9_IHD","Age when periods started (menarche) || id:ukb-b-3768","Inverse variance weighted","183",-0.234372700616238,0.0557543945490814,2.62629551979984e-05
"finn-b-G6_SLEEPAPNO","finn-b-I9_IHD","Ischaemic heart disease, wide definition || id:finn-b-I9_IHD","Sleep apnoea || id:finn-b-G6_SLEEPAPNO","Inverse variance weighted","5",0.227414588200421,0.0619734761649628,0.000242980591588798
"ukb-b-3855","finn-b-I9_IHD","Ischaemic heart disease, wide definition || id:finn-b-I9_IHD","Attendance/disability/mobility allowance: None of the above || id:ukb-b-3855","Inverse variance weighted","8",-3.64489878576554,1.85930311598623,0.0499540210673109
"finn-b-G6_SLEEPAPNO_INCLAVO","finn-b-I9_IHD","Ischaemic heart disease, wide definition || id:finn-b-I9_IHD","Sleep apnoea, including avohilmo || id:finn-b-G6_SLEEPAPNO_INCLAVO","Inverse variance weighted","5",0.228672038377845,0.0622446745250879,0.000239006593188333
"ukb-b-3975","finn-b-I9_IHD","Ischaemic heart disease, wide definition || id:finn-b-I9_IHD","Drinking water intake || id:ukb-b-3975","Inverse variance weighted","2",-0.272495823120764,0.102386348293902,0.00778056259382851
"ukb-b-4063","finn-b-I9_IHD","Ischaemic heart disease, wide definition || id:finn-b-I9_IHD","Number of self-reported non-cancer illnesses || id:ukb-b-4063","Inverse variance weighted","34",1.15647320560509,0.303810792705293,0.000140914628216553
"ukb-b-4077","finn-b-I9_IHD","Ischaemic heart disease, wide definition || id:finn-b-I9_IHD","Leisure/social activities: Other group activity || id:ukb-b-4077","Inverse variance weighted","3",-2.97281438877574,1.25595126379398,0.0179337913294504
"ukb-b-4226","finn-b-I9_IHD","Ischaemic heart disease, wide definition || id:finn-b-I9_IHD","Diagnoses - secondary ICD10: E03.9 Hypothyroidism, unspecified || id:ukb-b-4226","Inverse variance weighted","34",2.55343614735053,1.22899672514291,0.0377407748225279
"ukb-b-4522","finn-b-I9_IHD","Ischaemic heart disease, wide definition || id:finn-b-I9_IHD","Time spent using computer || id:ukb-b-4522","Inverse variance weighted","75",-0.264624575605183,0.126109544168695,0.0358724092914432
"ukb-b-4630","finn-b-I9_IHD","Ischaemic heart disease, wide definition || id:finn-b-I9_IHD","Neuroticism score || id:ukb-b-4630","Inverse variance weighted","108",0.096828449919336,0.0274828284938128,0.00042631396023292
"ukb-b-4650","finn-b-I9_IHD","Ischaemic heart disease, wide definition || id:finn-b-I9_IHD","Comparative body size at age 10 || id:ukb-b-4650","Inverse variance weighted","211",0.19334438876395,0.0766941481771301,0.011702861151211
"finn-b-GAST_OPER","finn-b-I9_IHD","Ischaemic heart disease, wide definition || id:finn-b-I9_IHD","Any gastric operation || id:finn-b-GAST_OPER","Inverse variance weighted","3",-0.566521459413626,0.175581889839083,0.00125298042445388
"finn-b-GEST_DIABETES","finn-b-I9_IHD","Ischaemic heart disease, wide definition || id:finn-b-I9_IHD","Gestational diabetes (for exclusion) || id:finn-b-GEST_DIABETES","Inverse variance weighted","6",0.0757716391066901,0.0365749560364964,0.0382952064904985
"ukb-b-5076","finn-b-I9_IHD","Ischaemic heart disease, wide definition || id:finn-b-I9_IHD","Leisure/social activities: None of the above || id:ukb-b-5076","Inverse variance weighted","10",2.37035840464,0.65713447864885,0.000309622690342375
"ukb-b-5192","finn-b-I9_IHD","Ischaemic heart disease, wide definition || id:finn-b-I9_IHD","Time spent watching television (TV) || id:ukb-b-5192","Inverse variance weighted","104",0.455577968131144,0.117361033270848,0.000103664666925486
"finn-b-GIANT_CELL_TEMP_ARTERITIS","finn-b-I9_IHD","Ischaemic heart disease, wide definition || id:finn-b-I9_IHD","Giant cell arteritis with polymyalgia rheumatica || id:finn-b-GIANT_CELL_TEMP_ARTERITIS","Inverse variance weighted","2",0.0416361935001808,0.0128964686538807,0.00124443132910458
"ukb-b-5237","finn-b-I9_IHD","Ischaemic heart disease, wide definition || id:finn-b-I9_IHD","Coffee intake || id:ukb-b-5237","Inverse variance weighted","37",0.453706064005122,0.162743668555964,0.00530579702017041
"finn-b-GLOMER_NEPHRITIS","finn-b-I9_IHD","Ischaemic heart disease, wide definition || id:finn-b-I9_IHD","Glomerulonephritis || id:finn-b-GLOMER_NEPHRITIS","Inverse variance weighted","2",0.14919914076858,0.0537286000060743,0.00548794593045411
"ukb-b-5716","finn-b-I9_IHD","Ischaemic heart disease, wide definition || id:finn-b-I9_IHD","Average weekly champagne plus white wine intake || id:ukb-b-5716","Inverse variance weighted","4",-1.12173923688761,0.477074127033141,0.01870848741775
"ukb-b-6134","finn-b-I9_IHD","Ischaemic heart disease, wide definition || id:finn-b-I9_IHD","Age completed full time education || id:ukb-b-6134","Inverse variance weighted","37",-0.642697976851639,0.153144344396671,2.7085488325246e-05
"ukb-b-6235","finn-b-I9_IHD","Ischaemic heart disease, wide definition || id:finn-b-I9_IHD","Operation code: cholecystectomy/gall bladder removal || id:ukb-b-6235","Inverse variance weighted","42",-1.97607584585775,0.472448990534406,2.8816547446288e-05
"ukb-b-6306","finn-b-I9_IHD","Ischaemic heart disease, wide definition || id:finn-b-I9_IHD","Overall health rating || id:ukb-b-6306","Inverse variance weighted","100",0.76021255039132,0.14827452600887,2.94300070389785e-07
"ukb-b-6353","finn-b-I9_IHD","Ischaemic heart disease, wide definition || id:finn-b-I9_IHD","Reason for glasses/contact lenses: For short-sightedness, i.e. only or mainly for distance viewing such as driving, cinema etc (called 'myopia') || id:ukb-b-6353","Inverse variance weighted","28",-1.22737654497734,0.552766215617005,0.0263898554243602
"ukb-b-6445","finn-b-I9_IHD","Ischaemic heart disease, wide definition || id:finn-b-I9_IHD","Ever had hysterectomy (womb removed) || id:ukb-b-6445","Inverse variance weighted","3",3.51249044868196,1.2254341682323,0.00415269977415981
"ukb-b-6474","finn-b-I9_IHD","Ischaemic heart disease, wide definition || id:finn-b-I9_IHD","Treatment/medication code: ezetimibe || id:ukb-b-6474","Inverse variance weighted","7",40.1871375876712,6.8211893025078,3.82671427474425e-09
"ukb-b-6503","finn-b-I9_IHD","Ischaemic heart disease, wide definition || id:finn-b-I9_IHD","Systolic blood pressure, manual reading || id:ukb-b-6503","Inverse variance weighted","2",0.754318521144535,0.36912392720589,0.0409992768516127
"ukb-b-6519","finn-b-I9_IHD","Ischaemic heart disease, wide definition || id:finn-b-I9_IHD","Worrier / anxious feelings || id:ukb-b-6519","Inverse variance weighted","59",0.523920780922286,0.254017271822655,0.0391563544891442
"ukb-b-6591","finn-b-I9_IHD","Ischaemic heart disease, wide definition || id:finn-b-I9_IHD","Age first had sexual intercourse || id:ukb-b-6591","Inverse variance weighted","183",-0.371079377646314,0.0612399854190754,1.36605136733847e-09
"ukb-b-6704","finn-b-I9_IHD","Ischaemic heart disease, wide definition || id:finn-b-I9_IHD","Arm fat mass (right) || id:ukb-b-6704","Inverse variance weighted","398",0.166201111959072,0.0456664295876325,0.00027321111137312
"ukb-b-6991","finn-b-I9_IHD","Ischaemic heart disease, wide definition || id:finn-b-I9_IHD","Seen doctor (GP) for nerves, anxiety, tension or depression || id:ukb-b-6991","Inverse variance weighted","40",1.26758348501627,0.399483600082982,0.0015084388030312
"ukb-b-7137","finn-b-I9_IHD","Ischaemic heart disease, wide definition || id:finn-b-I9_IHD","Medication for pain relief, constipation, heartburn: Aspirin || id:ukb-b-7137","Inverse variance weighted","11",12.1351649148122,2.57662541685448,2.48066468321775e-06
"ukb-b-7178","finn-b-I9_IHD","Ischaemic heart disease, wide definition || id:finn-b-I9_IHD","Doctor diagnosed hayfever or allergic rhinitis || id:ukb-b-7178","Inverse variance weighted","31",-0.525259340368687,0.248725281545489,0.0347031619948382
"ukb-b-7212","finn-b-I9_IHD","Ischaemic heart disease, wide definition || id:finn-b-I9_IHD","Leg fat mass (left) || id:ukb-b-7212","Inverse variance weighted","385",0.24450089586003,0.0584275690217206,2.85563437038695e-05
"ukb-b-7278","finn-b-I9_IHD","Ischaemic heart disease, wide definition || id:finn-b-I9_IHD","Operative procedures - main OPCS: T20.2 Primary repair of inguinal hernia using insert of prosthetic material || id:ukb-b-7278","Inverse variance weighted","10",-3.99225293815781,1.78420465742902,0.0252502028073097
"ukb-b-7350","finn-b-I9_IHD","Ischaemic heart disease, wide definition || id:finn-b-I9_IHD","Medication for cholesterol, blood pressure or diabetes: Insulin || id:ukb-b-7350","Inverse variance weighted","6",4.55155915004938,1.82031902970282,0.0124046715176454
"ukb-b-7352","finn-b-I9_IHD","Ischaemic heart disease, wide definition || id:finn-b-I9_IHD","Diagnoses - secondary ICD10: Z92.1 Personal history of long-term (current) use of anticoagulants || id:ukb-b-7352","Inverse variance weighted","3",12.0647616102865,4.25562991530969,0.00458239733949629
"ukb-b-7408","finn-b-I9_IHD","Ischaemic heart disease, wide definition || id:finn-b-I9_IHD","Average total household income before tax || id:ukb-b-7408","Inverse variance weighted","43",-0.419278838053126,0.110666177454608,0.00015144926441981
"ukb-b-7436","finn-b-I9_IHD","Ischaemic heart disease, wide definition || id:finn-b-I9_IHD","Diagnoses - secondary ICD10: I25.1 Atherosclerotic heart disease || id:ukb-b-7436","Inverse variance weighted","6",53.7320531847655,7.02335219551605,2.00222126338248e-14
"ukb-b-7478","finn-b-I9_IHD","Ischaemic heart disease, wide definition || id:finn-b-I9_IHD","Hand grip strength (left) || id:ukb-b-7478","Inverse variance weighted","141",-0.343836903082027,0.116473246529833,0.00315653768077139
"ukb-b-7859","finn-b-I9_IHD","Ischaemic heart disease, wide definition || id:finn-b-I9_IHD","Impedance of arm (right) || id:ukb-b-7859","Inverse variance weighted","443",-0.158302870486202,0.0596503575562637,0.00795801064723068
"ukb-b-7869","finn-b-I9_IHD","Ischaemic heart disease, wide definition || id:finn-b-I9_IHD","Operation code: coronary angioplasty (ptca) +/- stent || id:ukb-b-7869","Inverse variance weighted","10",53.9931991897929,6.36001913450702,2.07579472590306e-17
"ukb-b-7953","finn-b-I9_IHD","Ischaemic heart disease, wide definition || id:finn-b-I9_IHD","Forced vital capacity (FVC) || id:ukb-b-7953","Inverse variance weighted","300",-0.169921912644656,0.0596342875859661,0.00438018338102681
"ukb-b-7992","finn-b-I9_IHD","Ischaemic heart disease, wide definition || id:finn-b-I9_IHD","Diastolic blood pressure, automated reading || id:ukb-b-7992","Inverse variance weighted","242",0.439352523801463,0.0788255992942378,2.49343603724661e-08
"ukb-b-8184","finn-b-I9_IHD","Ischaemic heart disease, wide definition || id:finn-b-I9_IHD","Diagnoses - secondary ICD10: I25.9 Chronic ischaemic heart disease, unspecified || id:ukb-b-8184","Inverse variance weighted","3",77.6415611084165,11.9446280010871,8.02539241250244e-11
"ukb-b-8338","finn-b-I9_IHD","Ischaemic heart disease, wide definition || id:finn-b-I9_IHD","Arm fat mass (left) || id:ukb-b-8338","Inverse variance weighted","391",0.19916049311863,0.0454875626023489,1.19580918752243e-05
"ukb-b-8428","finn-b-I9_IHD","Ischaemic heart disease, wide definition || id:finn-b-I9_IHD","Forced expiratory volume in 1-second (FEV1), predicted || id:ukb-b-8428","Inverse variance weighted","117",-0.186132367249895,0.0799169845129164,0.0198552806987516
"ukb-b-8468","finn-b-I9_IHD","Ischaemic heart disease, wide definition || id:finn-b-I9_IHD","Vascular/heart problems diagnosed by doctor: Angina || id:ukb-b-8468","Inverse variance weighted","21",24.5003806858313,2.20213518627733,9.40237668521664e-29
"ukb-b-8602","finn-b-I9_IHD","Ischaemic heart disease, wide definition || id:finn-b-I9_IHD","Treatment/medication code: gliclazide || id:ukb-b-8602","Inverse variance weighted","8",9.20457168734524,4.61175673335403,0.0459456013766352
"ukb-b-8650","finn-b-I9_IHD","Ischaemic heart disease, wide definition || id:finn-b-I9_IHD","Non-cancer illness code, self-reported: angina || id:ukb-b-8650","Inverse variance weighted","20",24.9297960529986,2.20271876890491,1.0720119314149e-29
"ukb-b-8668","finn-b-I9_IHD","Ischaemic heart disease, wide definition || id:finn-b-I9_IHD","Treatment/medication code: doxazosin || id:ukb-b-8668","Inverse variance weighted","4",8.60377149323692,3.80986537889075,0.0239277389430325
"ukb-b-8746","finn-b-I9_IHD","Ischaemic heart disease, wide definition || id:finn-b-I9_IHD","Illnesses of siblings: High blood pressure || id:ukb-b-8746","Inverse variance weighted","26",3.27839032118015,0.666946358937334,8.85456493321101e-07
"ukb-b-8755","finn-b-I9_IHD","Ischaemic heart disease, wide definition || id:finn-b-I9_IHD","Treatment/medication code: aspirin || id:ukb-b-8755","Inverse variance weighted","11",13.2752182968939,2.47657555959153,8.30782315314711e-08
"ukb-b-8909","finn-b-I9_IHD","Ischaemic heart disease, wide definition || id:finn-b-I9_IHD","Body fat percentage || id:ukb-b-8909","Inverse variance weighted","367",0.183076618676831,0.0673665370410414,0.00657533945975259
"ukb-b-8988","finn-b-I9_IHD","Ischaemic heart disease, wide definition || id:finn-b-I9_IHD","Diagnoses - main ICD10: K80.1 Calculus of gallbladder with other cholecystitis || id:ukb-b-8988","Inverse variance weighted","5",-14.5118161953326,4.20345694824445,0.000555720680372771
"ukb-b-9125","finn-b-I9_IHD","Ischaemic heart disease, wide definition || id:finn-b-I9_IHD","Non-cancer illness code, self-reported: rheumatoid arthritis || id:ukb-b-9125","Inverse variance weighted","5",5.60826007656323,1.7350919095053,0.00122817260532709
"ukb-b-9207","finn-b-I9_IHD","Ischaemic heart disease, wide definition || id:finn-b-I9_IHD","Treatment/medication code: amlodipine || id:ukb-b-9207","Inverse variance weighted","23",5.00839158569489,1.41131150878021,0.000387064512936409
"ukb-b-929","finn-b-I9_IHD","Ischaemic heart disease, wide definition || id:finn-b-I9_IHD","Frequency of tiredness / lethargy in last 2 weeks || id:ukb-b-929","Inverse variance weighted","38",0.837847835626448,0.200389619954551,2.90109904125842e-05
"ukb-b-930","finn-b-I9_IHD","Ischaemic heart disease, wide definition || id:finn-b-I9_IHD","Instant coffee intake || id:ukb-b-930","Inverse variance weighted","2",0.316788762674344,0.117685564031051,0.00710625497294039
"ukb-b-9405","finn-b-I9_IHD","Ischaemic heart disease, wide definition || id:finn-b-I9_IHD","Waist circumference || id:ukb-b-9405","Inverse variance weighted","343",0.278446010350075,0.0550618503573749,4.25974882174212e-07
"ukb-b-9508","finn-b-I9_IHD","Ischaemic heart disease, wide definition || id:finn-b-I9_IHD","Coffee consumed || id:ukb-b-9508","Inverse variance weighted","3",0.988319095015581,0.398056372004159,0.0130331516824281
"ukb-b-9536","finn-b-I9_IHD","Ischaemic heart disease, wide definition || id:finn-b-I9_IHD","Diagnoses - main ICD10: D25.9 Leiomyoma of uterus, unspecified || id:ukb-b-9536","Inverse variance weighted","3",13.9472689705887,4.31943159190871,0.00124241558909599
"ukb-b-9592","finn-b-I9_IHD","Ischaemic heart disease, wide definition || id:finn-b-I9_IHD","Operative procedures - main OPCS: K63.3 Angiocardiography of left side of heart NEC || id:ukb-b-9592","Inverse variance weighted","4",44.5717492649681,10.9756280167264,4.88682375640065e-05
"ukb-b-970","finn-b-I9_IHD","Ischaemic heart disease, wide definition || id:finn-b-I9_IHD","Diagnoses - secondary ICD10: E11.9 Without complications || id:ukb-b-970","Inverse variance weighted","35",3.85072905975908,1.03165822607021,0.000189541461612477
"ukb-b-9838","finn-b-I9_IHD","Ischaemic heart disease, wide definition || id:finn-b-I9_IHD","Pain type(s) experienced in last month: Back pain || id:ukb-b-9838","Inverse variance weighted","16",1.72138490154637,0.652741371282345,0.00836028341083411
"ukb-b-9961","finn-b-I9_IHD","Ischaemic heart disease, wide definition || id:finn-b-I9_IHD","Operative procedures - secondary OPCS: Y50.8 Other specified approach through abdominal cavity || id:ukb-b-9961","Inverse variance weighted","5",-8.86468236529683,2.39040769988763,0.000208540461109762
"ukb-b-9971","finn-b-I9_IHD","Ischaemic heart disease, wide definition || id:finn-b-I9_IHD","Treatment/medication code: thyroxine product || id:ukb-b-9971","Inverse variance weighted","14",6.20540426846511,2.46769903776423,0.0119149935957121
"ukb-d-12340_irnt","finn-b-I9_IHD","Ischaemic heart disease, wide definition || id:finn-b-I9_IHD","QRS duration || id:ukb-d-12340_irnt","Inverse variance weighted","5",-0.169176244965108,0.0678784998884178,0.0126904784406486
"ukb-d-1538_0","finn-b-I9_IHD","Ischaemic heart disease, wide definition || id:finn-b-I9_IHD","Major dietary changes in the last 5 years: No || id:ukb-d-1538_0","Inverse variance weighted","11",-2.19280473828498,0.641089125275768,0.000625206959682442
"ukb-d-1538_2","finn-b-I9_IHD","Ischaemic heart disease, wide definition || id:finn-b-I9_IHD","Major dietary changes in the last 5 years: Yes, because of other reasons || id:ukb-d-1538_2","Inverse variance weighted","3",4.43917895878609,1.65961397208096,0.00747679964517959
"ukb-d-20116_0","finn-b-I9_IHD","Ischaemic heart disease, wide definition || id:finn-b-I9_IHD","Smoking status: Never || id:ukb-d-20116_0","Inverse variance weighted","71",-0.538924425408854,0.209204802873508,0.00999328878635174
"ukb-d-22601_31193034","finn-b-I9_IHD","Ischaemic heart disease, wide definition || id:finn-b-I9_IHD","Job coding: other science technician, materials technician, technical assistant, technical officer || id:ukb-d-22601_31193034","Inverse variance weighted","2",-11.9824467940382,4.43806905713708,0.00693554286871532
"finn-b-H7_LACRIMALORBITINOTH","finn-b-I9_IHD","Ischaemic heart disease, wide definition || id:finn-b-I9_IHD","Disorders of lacrimal system and orbit in diseases classified elsewhere || id:finn-b-H7_LACRIMALORBITINOTH","Inverse variance weighted","2",0.05317797651838,0.0163667400475754,0.00115750843861556
"ukb-d-2654_2","finn-b-I9_IHD","Ischaemic heart disease, wide definition || id:finn-b-I9_IHD","Non-butter spread type details: Flora Pro-Active or Benecol || id:ukb-d-2654_2","Inverse variance weighted","3",4.59189542493708,2.24786493906446,0.0410741382255394
"finn-b-H7_MACULOPATHYDIAB","finn-b-I9_IHD","Ischaemic heart disease, wide definition || id:finn-b-I9_IHD","Diabetic maculopathy (H7_MACULOPATHYDIAB) || id:finn-b-H7_MACULOPATHYDIAB","Inverse variance weighted","7",0.0492051992580311,0.0101253710326005,1.17626316045705e-06
"ukb-d-30070_irnt","finn-b-I9_IHD","Ischaemic heart disease, wide definition || id:finn-b-I9_IHD","Red blood cell (erythrocyte) distribution width || id:ukb-d-30070_irnt","Inverse variance weighted","263",-0.0881025929278808,0.0355815350249551,0.0132835214731771
"ukb-d-30120_irnt","finn-b-I9_IHD","Ischaemic heart disease, wide definition || id:finn-b-I9_IHD","Lymphocyte count || id:ukb-d-30120_irnt","Inverse variance weighted","283",0.0792996629172358,0.0382891195067551,0.0383517273716521
"ukb-d-30190_irnt","finn-b-I9_IHD","Ischaemic heart disease, wide definition || id:finn-b-I9_IHD","Monocyte percentage || id:ukb-d-30190_irnt","Inverse variance weighted","265",-0.0748767850886392,0.0273822877241342,0.00624756546063413
"ukb-d-30240_irnt","finn-b-I9_IHD","Ischaemic heart disease, wide definition || id:finn-b-I9_IHD","Reticulocyte percentage || id:ukb-d-30240_irnt","Inverse variance weighted","232",0.120607011442713,0.0412382798168994,0.00344857907292219
"ukb-d-30250_irnt","finn-b-I9_IHD","Ischaemic heart disease, wide definition || id:finn-b-I9_IHD","Reticulocyte count || id:ukb-d-30250_irnt","Inverse variance weighted","242",0.134476305464642,0.0420031557346251,0.00136677900469603
"ukb-d-30290_irnt","finn-b-I9_IHD","Ischaemic heart disease, wide definition || id:finn-b-I9_IHD","High light scatter reticulocyte percentage || id:ukb-d-30290_irnt","Inverse variance weighted","262",0.0957774605821095,0.0347416341832692,0.00583611869067345
"ukb-d-30300_irnt","finn-b-I9_IHD","Ischaemic heart disease, wide definition || id:finn-b-I9_IHD","High light scatter reticulocyte count || id:ukb-d-30300_irnt","Inverse variance weighted","252",0.10400362994223,0.0398593441557921,0.00907366898739007
"ukb-d-30620_irnt","finn-b-I9_IHD","Ischaemic heart disease, wide definition || id:finn-b-I9_IHD","Alanine aminotransferase || id:ukb-d-30620_irnt","Inverse variance weighted","169",0.133194633705905,0.0654533103973672,0.0418552589609695
"ukb-d-30630_irnt","finn-b-I9_IHD","Ischaemic heart disease, wide definition || id:finn-b-I9_IHD","Apoliprotein A || id:ukb-d-30630_irnt","Inverse variance weighted","211",-0.169352983533811,0.0455093828088708,0.000198218483933428
"ukb-d-30630_raw","finn-b-I9_IHD","Ischaemic heart disease, wide definition || id:finn-b-I9_IHD","Apoliprotein A || id:ukb-d-30630_raw","Inverse variance weighted","210",-0.592932619495174,0.165116687510266,0.000329422394944765
"ukb-d-30640_irnt","finn-b-I9_IHD","Ischaemic heart disease, wide definition || id:finn-b-I9_IHD","Apoliprotein B || id:ukb-d-30640_irnt","Inverse variance weighted","145",0.534562147008647,0.0642509809158681,8.80328077452729e-17
"ukb-d-30640_raw","finn-b-I9_IHD","Ischaemic heart disease, wide definition || id:finn-b-I9_IHD","Apoliprotein B || id:ukb-d-30640_raw","Inverse variance weighted","149",2.2114113914434,0.263914930558887,5.326223822187e-17
"ukb-d-30680_irnt","finn-b-I9_IHD","Ischaemic heart disease, wide definition || id:finn-b-I9_IHD","Calcium || id:ukb-d-30680_irnt","Inverse variance weighted","183",0.104254830196028,0.0441483666517765,0.018202881698633
"ukb-d-30680_raw","finn-b-I9_IHD","Ischaemic heart disease, wide definition || id:finn-b-I9_IHD","Calcium || id:ukb-d-30680_raw","Inverse variance weighted","170",1.26242569324618,0.482831085253474,0.00893235905890179
"ukb-d-30690_irnt","finn-b-I9_IHD","Ischaemic heart disease, wide definition || id:finn-b-I9_IHD","Cholesterol || id:ukb-d-30690_irnt","Inverse variance weighted","150",0.453596695732038,0.0772396629153322,4.29044554595882e-09
"ukb-d-30690_raw","finn-b-I9_IHD","Ischaemic heart disease, wide definition || id:finn-b-I9_IHD","Cholesterol || id:ukb-d-30690_raw","Inverse variance weighted","148",0.394764018275357,0.0678692912430474,6.0080442307221e-09
"ukb-d-30730_raw","finn-b-I9_IHD","Ischaemic heart disease, wide definition || id:finn-b-I9_IHD","Gamma glutamyltransferase || id:ukb-d-30730_raw","Inverse variance weighted","112",0.00294886324649981,0.0014481165109205,0.0417158328962299
"ukb-d-30740_raw","finn-b-I9_IHD","Ischaemic heart disease, wide definition || id:finn-b-I9_IHD","Glucose || id:ukb-d-30740_raw","Inverse variance weighted","53",0.205831878983112,0.0843853582523684,0.0147202471725154
"ukb-d-30750_irnt","finn-b-I9_IHD","Ischaemic heart disease, wide definition || id:finn-b-I9_IHD","Glycated haemoglobin || id:ukb-d-30750_irnt","Inverse variance weighted","264",0.125433385641664,0.0351484622433869,0.000358793223996821
"ukb-d-30750_raw","finn-b-I9_IHD","Ischaemic heart disease, wide definition || id:finn-b-I9_IHD","Glycated haemoglobin || id:ukb-d-30750_raw","Inverse variance weighted","147",0.0360423058945109,0.00890313497586973,5.15973153315011e-05
"ukb-d-30760_irnt","finn-b-I9_IHD","Ischaemic heart disease, wide definition || id:finn-b-I9_IHD","HDL cholesterol || id:ukb-d-30760_irnt","Inverse variance weighted","240",-0.242706832552811,0.0394851300557172,7.90663188648571e-10
"ukb-d-30760_raw","finn-b-I9_IHD","Ischaemic heart disease, wide definition || id:finn-b-I9_IHD","HDL cholesterol || id:ukb-d-30760_raw","Inverse variance weighted","228",-0.592955377887234,0.105578829049033,1.95164655546612e-08
"ukb-d-30780_irnt","finn-b-I9_IHD","Ischaemic heart disease, wide definition || id:finn-b-I9_IHD","LDL direct || id:ukb-d-30780_irnt","Inverse variance weighted","141",0.555758363522828,0.0750132979946931,1.2744936768929e-13
"ukb-d-30780_raw","finn-b-I9_IHD","Ischaemic heart disease, wide definition || id:finn-b-I9_IHD","LDL direct || id:ukb-d-30780_raw","Inverse variance weighted","139",0.644533928098385,0.0842806811329312,2.04973037647823e-14
"ukb-d-30790_irnt","finn-b-I9_IHD","Ischaemic heart disease, wide definition || id:finn-b-I9_IHD","Lipoprotein A || id:ukb-d-30790_irnt","Inverse variance weighted","18",0.189876270713556,0.0335995590899846,1.59374555797809e-08
"ukb-d-30790_raw","finn-b-I9_IHD","Ischaemic heart disease, wide definition || id:finn-b-I9_IHD","Lipoprotein A || id:ukb-d-30790_raw","Inverse variance weighted","16",0.00326623109846841,0.00049468624081004,4.0392192045162e-11
"ukb-d-30830_irnt","finn-b-I9_IHD","Ischaemic heart disease, wide definition || id:finn-b-I9_IHD","SHBG || id:ukb-d-30830_irnt","Inverse variance weighted","233",-0.0716749488014316,0.0362970630314439,0.0483048982907383
"ukb-d-30830_raw","finn-b-I9_IHD","Ischaemic heart disease, wide definition || id:finn-b-I9_IHD","SHBG || id:ukb-d-30830_raw","Inverse variance weighted","193",-0.00385033739229495,0.00145440358590842,0.008112170217358
"ukb-d-30870_irnt","finn-b-I9_IHD","Ischaemic heart disease, wide definition || id:finn-b-I9_IHD","Triglycerides || id:ukb-d-30870_irnt","Inverse variance weighted","207",0.284400667303632,0.0359372267180196,2.49613371788617e-15
"ukb-d-30870_raw","finn-b-I9_IHD","Ischaemic heart disease, wide definition || id:finn-b-I9_IHD","Triglycerides || id:ukb-d-30870_raw","Inverse variance weighted","173",0.31312521577027,0.0406142057480317,1.26068260620949e-14
"ukb-d-30880_irnt","finn-b-I9_IHD","Ischaemic heart disease, wide definition || id:finn-b-I9_IHD","Urate || id:ukb-d-30880_irnt","Inverse variance weighted","218",0.137143760112059,0.0440283642003218,0.00184009994087527
"ukb-d-30880_raw","finn-b-I9_IHD","Ischaemic heart disease, wide definition || id:finn-b-I9_IHD","Urate || id:ukb-d-30880_raw","Inverse variance weighted","205",0.00202100892850985,0.000721987070692439,0.00512244029903892
"ukb-d-CARDIAC_ARRHYTM","finn-b-I9_IHD","Ischaemic heart disease, wide definition || id:finn-b-I9_IHD","Cardiac arrhytmias, COPD co-morbidities || id:ukb-d-CARDIAC_ARRHYTM","Inverse variance weighted","16",2.36950334648377,1.14674976881953,0.0388022763668937
"ukb-d-D05","finn-b-I9_IHD","Ischaemic heart disease, wide definition || id:finn-b-I9_IHD","Diagnoses - main ICD10: D05 Carcinoma in situ of breast || id:ukb-d-D05","Inverse variance weighted","2",18.2355693480024,9.10902038212425,0.0452928725959648
"ukb-d-G6_CARPTU","finn-b-I9_IHD","Ischaemic heart disease, wide definition || id:finn-b-I9_IHD","Carpal tunnel syndrome || id:ukb-d-G6_CARPTU","Inverse variance weighted","7",4.28035166342993,1.98928586104556,0.0314207811181866
"ukb-d-G6_NERPLEX","finn-b-I9_IHD","Ischaemic heart disease, wide definition || id:finn-b-I9_IHD","Nerve, nerve root and plexus disorders || id:ukb-d-G6_NERPLEX","Inverse variance weighted","5",5.92608431257883,2.09773546075299,0.00472819078256111
"ukb-d-I26","finn-b-I9_IHD","Ischaemic heart disease, wide definition || id:finn-b-I9_IHD","Diagnoses - main ICD10: I26 Pulmonary embolism || id:ukb-d-I26","Inverse variance weighted","8",6.48641923204279,2.32537133422604,0.00528038072529687
"ukb-d-I9_CHD","finn-b-I9_IHD","Ischaemic heart disease, wide definition || id:finn-b-I9_IHD","Major coronary heart disease event || id:ukb-d-I9_CHD","Inverse variance weighted","10",28.6057254758052,2.35119314330237,4.68915547299841e-34
"ukb-d-I9_CHD_NOREV","finn-b-I9_IHD","Ischaemic heart disease, wide definition || id:finn-b-I9_IHD","Major coronary heart disease event excluding revascularizations || id:ukb-d-I9_CHD_NOREV","Inverse variance weighted","10",28.6057254758052,2.35119314330237,4.68915547299841e-34
"ukb-d-I9_CORATHER","finn-b-I9_IHD","Ischaemic heart disease, wide definition || id:finn-b-I9_IHD","Coronary atherosclerosis || id:ukb-d-I9_CORATHER","Inverse variance weighted","27",18.4970439270036,1.16684128327747,1.35665537180252e-56
"ukb-d-I9_DVTANDPULM","finn-b-I9_IHD","Ischaemic heart disease, wide definition || id:finn-b-I9_IHD","DVT of lower extremities and pulmonary embolism || id:ukb-d-I9_DVTANDPULM","Inverse variance weighted","11",3.33253397950643,1.13859101528365,0.00342366736659505
"ukb-d-I9_IHD","finn-b-I9_IHD","Ischaemic heart disease, wide definition || id:finn-b-I9_IHD","Ischaemic heart disease, wide definition || id:ukb-d-I9_IHD","Inverse variance weighted","27",15.8378221155457,0.714224736796585,6.00834161714801e-109
"ukb-d-I9_MI","finn-b-I9_IHD","Ischaemic heart disease, wide definition || id:finn-b-I9_IHD","Myocardial infarction || id:ukb-d-I9_MI","Inverse variance weighted","8",40.5813285071979,2.64085625526688,2.73630150267954e-53
"ukb-d-I9_MI_STRICT","finn-b-I9_IHD","Ischaemic heart disease, wide definition || id:finn-b-I9_IHD","Myocardial infarction, strict || id:ukb-d-I9_MI_STRICT","Inverse variance weighted","8",40.5813285071979,2.64085625526688,2.73630150267954e-53
"ukb-d-I9_PAD","finn-b-I9_IHD","Ischaemic heart disease, wide definition || id:finn-b-I9_IHD","Peripheral artery disease || id:ukb-d-I9_PAD","Inverse variance weighted","2",191.470092814635,27.0908977661826,1.5753290341574e-12
"ukb-d-I9_PHLETHROMBDVTLOW","finn-b-I9_IHD","Ischaemic heart disease, wide definition || id:finn-b-I9_IHD","DVT of lower extremities || id:ukb-d-I9_PHLETHROMBDVTLOW","Inverse variance weighted","7",5.13460929163364,2.0088875558103,0.0105899373062412
"ukb-d-I9_VTE","finn-b-I9_IHD","Ischaemic heart disease, wide definition || id:finn-b-I9_IHD","Venous thromboembolism || id:ukb-d-I9_VTE","Inverse variance weighted","10",3.07940373804775,1.07606838675201,0.0042135228172279
"ukb-d-ICDMAIN_ANY_ENTRY","finn-b-I9_IHD","Ischaemic heart disease, wide definition || id:finn-b-I9_IHD","Any ICDMAIN event in hilmo or causes of death || id:ukb-d-ICDMAIN_ANY_ENTRY","Inverse variance weighted","5",2.63222068241072,1.00218813148451,0.00862746814362956
"ukb-d-IX_CIRCULATORY","finn-b-I9_IHD","Ischaemic heart disease, wide definition || id:finn-b-I9_IHD","Diseases of the circulatory system || id:ukb-d-IX_CIRCULATORY","Inverse variance weighted","10",9.98106315179831,2.8784595881518,0.000525320666093546
"ukb-d-K11_GALLBILPANC","finn-b-I9_IHD","Ischaemic heart disease, wide definition || id:finn-b-I9_IHD","Disorders of gallbladder, biliary tract and pancreas || id:ukb-d-K11_GALLBILPANC","Inverse variance weighted","19",-2.89602086171433,0.667130075479725,1.41826816786136e-05
"ukb-d-K11_HERNIA","finn-b-I9_IHD","Ischaemic heart disease, wide definition || id:finn-b-I9_IHD","Hernia || id:ukb-d-K11_HERNIA","Inverse variance weighted","13",-2.72862282561421,1.03450943261629,0.00834948262667099
"ukb-d-K11_OTHDIG","finn-b-I9_IHD","Ischaemic heart disease, wide definition || id:finn-b-I9_IHD","Other diseases of the digestive system || id:ukb-d-K11_OTHDIG","Inverse variance weighted","2",11.0577411971205,3.09458919130503,0.000352577691031755
"ukb-d-K81","finn-b-I9_IHD","Ischaemic heart disease, wide definition || id:finn-b-I9_IHD","Diagnoses - main ICD10: K81 Cholecystitis || id:ukb-d-K81","Inverse variance weighted","2",-21.7112729281033,9.75836105381871,0.0260886716476331
"ukb-d-M13_CERVICALGIA","finn-b-I9_IHD","Ischaemic heart disease, wide definition || id:finn-b-I9_IHD","Cervicalgia || id:ukb-d-M13_CERVICALGIA","Inverse variance weighted","2",38.9918659769667,14.982175186992,0.00925332140623984
"finn-b-H7_RETINOPATHYDIAB","finn-b-I9_IHD","Ischaemic heart disease, wide definition || id:finn-b-I9_IHD","Diabetic retinopathy (H7_RETINOPATHYDIAB) || id:finn-b-H7_RETINOPATHYDIAB","Inverse variance weighted","10",0.0436139913015516,0.00927831591582348,2.59351707538369e-06
"ukb-d-OTHER_ILD_CVD_COMORB","finn-b-I9_IHD","Ischaemic heart disease, wide definition || id:finn-b-I9_IHD","Other ILD-related CVD-co-morbidities || id:ukb-d-OTHER_ILD_CVD_COMORB","Inverse variance weighted","7",6.6636968574002,2.35858394316681,0.00472370141501872
"finn-b-H7_RETINOPATHYDIAB_BKG","finn-b-I9_IHD","Ischaemic heart disease, wide definition || id:finn-b-I9_IHD","Diabetic background retinopathy || id:finn-b-H7_RETINOPATHYDIAB_BKG","Inverse variance weighted","8",0.0407582677948875,0.00874378985542853,3.14071633238535e-06
"finn-b-H7_RETINOPATHYDIAB_BKG_SEVERE","finn-b-I9_IHD","Ischaemic heart disease, wide definition || id:finn-b-I9_IHD","Severe diabetic background retinopathy || id:finn-b-H7_RETINOPATHYDIAB_BKG_SEVERE","Inverse variance weighted","4",0.0309859915368396,0.00876247836616908,0.000405906992346638
"finn-b-H7_RETINOPATHYDIAB_NAS","finn-b-I9_IHD","Ischaemic heart disease, wide definition || id:finn-b-I9_IHD","Other diabetic retinopathy || id:finn-b-H7_RETINOPATHYDIAB_NAS","Inverse variance weighted","6",0.0297287567938409,0.00756271165004962,8.46054965342379e-05
"finn-b-H7_RETINOPATHYDIAB_PROLIF","finn-b-I9_IHD","Ischaemic heart disease, wide definition || id:finn-b-I9_IHD","Proliferative diabetic retinopathy (H7_RETINOPATHYDIAB_PROLIF) || id:finn-b-H7_RETINOPATHYDIAB_PROLIF","Inverse variance weighted","8",0.0348359470720393,0.00775586058844701,7.07019252179209e-06
"ukb-d-XVIII_MISCFINDINGS","finn-b-I9_IHD","Ischaemic heart disease, wide definition || id:finn-b-I9_IHD","Symptoms, signs and abnormal clinical and laboratory findings, not elsewhere classified || id:ukb-d-XVIII_MISCFINDINGS","Inverse variance weighted","3",2.79781052344279,1.0456434312774,0.00745771102278638
"finn-b-H7_VITRHAEMORR","finn-b-I9_IHD","Ischaemic heart disease, wide definition || id:finn-b-I9_IHD","Vitreous haemorrhage || id:finn-b-H7_VITRHAEMORR","Inverse variance weighted","3",0.0585756912619298,0.0142377738621284,3.88685131735775e-05
"finn-b-HYPOTHYROIDISM","finn-b-I9_IHD","Ischaemic heart disease, wide definition || id:finn-b-I9_IHD","Hypothyroidism (congenital or acquired) || id:finn-b-HYPOTHYROIDISM","Inverse variance weighted","30",0.0738446557104867,0.0292187354773057,0.0114941640318826
"finn-b-HYPOTHY_LEVOTHY","finn-b-I9_IHD","Ischaemic heart disease, wide definition || id:finn-b-I9_IHD","Hypothyroidism, levothyroxin purchases || id:finn-b-HYPOTHY_LEVOTHY","Inverse variance weighted","28",0.0763802735636122,0.0291004657184755,0.00867228814840356
"finn-b-HYPOTHY_PURCHASE","finn-b-I9_IHD","Ischaemic heart disease, wide definition || id:finn-b-I9_IHD","Hypothyroidism and >3 levothyroxin purchases || id:finn-b-HYPOTHY_PURCHASE","Inverse variance weighted","28",0.0763802735636122,0.0291004657184755,0.00867228814840356
"finn-b-HYPOTHY_REIMB","finn-b-I9_IHD","Ischaemic heart disease, wide definition || id:finn-b-I9_IHD","Hypothyroidism, drug reimbursement || id:finn-b-HYPOTHY_REIMB","Inverse variance weighted","12",0.0913177050872966,0.0268002143673883,0.00065597000441933
"finn-b-I9_AF","finn-b-I9_IHD","Ischaemic heart disease, wide definition || id:finn-b-I9_IHD","Atrial fibrillation and flutter || id:finn-b-I9_AF","Inverse variance weighted","30",0.0899130994257582,0.0231838970657453,0.000105207760409212
"finn-b-I9_AF_EXNONE","finn-b-I9_IHD","Ischaemic heart disease, wide definition || id:finn-b-I9_IHD","Atrial fibrillation and flutter (no controls excluded) || id:finn-b-I9_AF_EXNONE","Inverse variance weighted","43",0.0789124837536751,0.0202326880458468,9.60945425744294e-05
"finn-b-I9_AF_REIMB","finn-b-I9_IHD","Ischaemic heart disease, wide definition || id:finn-b-I9_IHD","Atrial fibrillation and flutter with reimbursement || id:finn-b-I9_AF_REIMB","Inverse variance weighted","20",0.0591426325087925,0.0173062337468632,0.00063218164564324
"finn-b-I9_ANGINA","finn-b-I9_IHD","Ischaemic heart disease, wide definition || id:finn-b-I9_IHD","Angina pectoris || id:finn-b-I9_ANGINA","Inverse variance weighted","22",0.846364709207015,0.0235503279991277,7.64012075982607e-283
"finn-b-I9_ANGINA_EXNONE","finn-b-I9_IHD","Ischaemic heart disease, wide definition || id:finn-b-I9_IHD","Angina pectoris (no controls excluded) || id:finn-b-I9_ANGINA_EXNONE","Inverse variance weighted","13",0.962309671446645,0.0329617513810372,2.2617089176748e-187
"finn-b-ASTHMA_CHILD","finn-b-I9_IHD","Ischaemic heart disease, wide definition || id:finn-b-I9_IHD","Childhood asthma (age<16) || id:finn-b-ASTHMA_CHILD","Inverse variance weighted","6",0.0577868402070918,0.02733462190779,0.0345107384590385
"finn-b-I9_ANGIO","finn-b-I9_IHD","Ischaemic heart disease, wide definition || id:finn-b-I9_IHD","Coronary angiopasty || id:finn-b-I9_ANGIO","Inverse variance weighted","16",0.621755051147027,0.0224401507618806,5.70885317044331e-169
"finn-b-I9_ANGIO_EXNONE","finn-b-I9_IHD","Ischaemic heart disease, wide definition || id:finn-b-I9_IHD","Coronary angiopasty (no controls excluded) || id:finn-b-I9_ANGIO_EXNONE","Inverse variance weighted","5",0.68947413582606,0.0987709970737673,2.9406373179745e-12
"finn-b-I9_AORTANEUR","finn-b-I9_IHD","Ischaemic heart disease, wide definition || id:finn-b-I9_IHD","Aortic aneurysm || id:finn-b-I9_AORTANEUR","Inverse variance weighted","2",0.116523264188627,0.0492765043394799,0.0180455569422506
"finn-b-I9_AORTANEUR_EXNONE","finn-b-I9_IHD","Ischaemic heart disease, wide definition || id:finn-b-I9_IHD","Aortic aneurysm (no controls excluded) || id:finn-b-I9_AORTANEUR_EXNONE","Inverse variance weighted","2",0.119196799474361,0.0503268455026847,0.0178626197890456
"finn-b-ASTHMA_CHILD_EXMORE","finn-b-I9_IHD","Ischaemic heart disease, wide definition || id:finn-b-I9_IHD","Childhood asthma (age<16) (more controls excluded) || id:finn-b-ASTHMA_CHILD_EXMORE","Inverse variance weighted","6",0.0575564939522029,0.0273115533825867,0.0350825209346111
"finn-b-I9_CABG","finn-b-I9_IHD","Ischaemic heart disease, wide definition || id:finn-b-I9_IHD","Coronary artery bypass grafting || id:finn-b-I9_CABG","Inverse variance weighted","19",0.468066776956103,0.0172502185477458,3.91534417070779e-162
"finn-b-I9_CABG_EXNONE","finn-b-I9_IHD","Ischaemic heart disease, wide definition || id:finn-b-I9_IHD","Coronary artery bypass grafting (no controls excluded) || id:finn-b-I9_CABG_EXNONE","Inverse variance weighted","16",0.525774715587315,0.0199967201755414,2.30301850021799e-152
"finn-b-ASTHMA_EOSINOPHIL_SUGG","finn-b-I9_IHD","Ischaemic heart disease, wide definition || id:finn-b-I9_IHD","Suggestive for eosinophilic asthma || id:finn-b-ASTHMA_EOSINOPHIL_SUGG","Inverse variance weighted","6",0.0494762920328899,0.0198992292808177,0.012906382073683
"finn-b-I9_CARDMPRI","finn-b-I9_IHD","Ischaemic heart disease, wide definition || id:finn-b-I9_IHD","Cardiomyopathies, Primary/intrinsic || id:finn-b-I9_CARDMPRI","Inverse variance weighted","2",0.0784272489109486,0.0346222709414984,0.0234988487874922
"finn-b-I9_CARDMPRI_EXNONE","finn-b-I9_IHD","Ischaemic heart disease, wide definition || id:finn-b-I9_IHD","\Cardiomyopathies, Primary/intrinsic\ (no controls excluded) || id:finn-b-I9_CARDMPRI_EXNONE","Inverse variance weighted","2",0.0697998239573277,0.0303996393451282,0.021671646016777
"finn-b-I9_CARDMYO","finn-b-I9_IHD","Ischaemic heart disease, wide definition || id:finn-b-I9_IHD","Cardiomyopathy || id:finn-b-I9_CARDMYO","Inverse variance weighted","3",0.0934583669755164,0.0315336464465917,0.00303898725646116
"finn-b-I9_CARDMYOHYP_EXNONE","finn-b-I9_IHD","Ischaemic heart disease, wide definition || id:finn-b-I9_IHD","\Cardiomyopathy, Hypertrophic obstructive\ (no controls excluded) || id:finn-b-I9_CARDMYOHYP_EXNONE","Inverse variance weighted","2",0.00926735194494768,0.00464478030399111,0.0460190458705907
"finn-b-I9_CARDMYO_EXNONE","finn-b-I9_IHD","Ischaemic heart disease, wide definition || id:finn-b-I9_IHD","Cardiomyopathy (no controls excluded) || id:finn-b-I9_CARDMYO_EXNONE","Inverse variance weighted","3",0.0634218045770646,0.0287934428121153,0.0276196038580159
"finn-b-I9_CHD","finn-b-I9_IHD","Ischaemic heart disease, wide definition || id:finn-b-I9_IHD","Major coronary heart disease event || id:finn-b-I9_CHD","Inverse variance weighted","25",0.817569901385261,0.0242667621692135,7.84790023281963e-249
"finn-b-I9_CORATHER","finn-b-I9_IHD","Ischaemic heart disease, wide definition || id:finn-b-I9_IHD","Coronary atherosclerosis || id:finn-b-I9_CORATHER","Inverse variance weighted","31",0.824986606988396,0.0208062400964425,0
"finn-b-I9_CORATHER_EXNONE","finn-b-I9_IHD","Ischaemic heart disease, wide definition || id:finn-b-I9_IHD","Coronary atherosclerosis (no controls excluded) || id:finn-b-I9_CORATHER_EXNONE","Inverse variance weighted","24",0.872088761904501,0.0235954258877055,5.01749014590163e-299
"finn-b-I9_CVD","finn-b-I9_IHD","Ischaemic heart disease, wide definition || id:finn-b-I9_IHD","Cardiovascular diseases || id:finn-b-I9_CVD","Inverse variance weighted","11",0.719749798758858,0.117549188311537,9.18487337839793e-10
"finn-b-I9_CVD_HARD","finn-b-I9_IHD","Ischaemic heart disease, wide definition || id:finn-b-I9_IHD","Hard cardiovascular diseases || id:finn-b-I9_CVD_HARD","Inverse variance weighted","11",1.02752653813647,0.0871636751767632,4.47588225151603e-32
"finn-b-I9_HEARTFAIL","finn-b-I9_IHD","Ischaemic heart disease, wide definition || id:finn-b-I9_IHD","Heart failure,strict || id:finn-b-I9_HEARTFAIL","Inverse variance weighted","2",0.312783237788829,0.0896936744590949,0.000488035866719334
"finn-b-I9_HEARTFAIL_AND_ANTIHYPERT","finn-b-I9_IHD","Ischaemic heart disease, wide definition || id:finn-b-I9_IHD","Heart failure and antihypertensive medication || id:finn-b-I9_HEARTFAIL_AND_ANTIHYPERT","Inverse variance weighted","8",0.242905129790202,0.0755827623664368,0.00131007489148553
"finn-b-I9_HEARTFAIL_EXNONE","finn-b-I9_IHD","Ischaemic heart disease, wide definition || id:finn-b-I9_IHD","\Heart failure,strict\ (no controls excluded) || id:finn-b-I9_HEARTFAIL_EXNONE","Inverse variance weighted","2",0.326779676912206,0.0921233839376284,0.000389355164522545
"finn-b-I9_HYPERTENSION","finn-b-I9_IHD","Ischaemic heart disease, wide definition || id:finn-b-I9_IHD","Hypertensive diseases || id:finn-b-I9_HYPERTENSION","Inverse variance weighted","63",0.3169938838182,0.0501177299546819,2.53257391884292e-10
"finn-b-I9_HYPTENS","finn-b-I9_IHD","Ischaemic heart disease, wide definition || id:finn-b-I9_IHD","Hypertension || id:finn-b-I9_HYPTENS","Inverse variance weighted","62",0.31388030412005,0.0506276563272929,5.65423328486918e-10
"finn-b-I9_HYPTENSEC","finn-b-I9_IHD","Ischaemic heart disease, wide definition || id:finn-b-I9_IHD","Secondary hypertension || id:finn-b-I9_HYPTENSEC","Inverse variance weighted","2",0.126251159190814,0.0276960367620554,5.15311084868135e-06
"finn-b-I9_HYPTENSESS","finn-b-I9_IHD","Ischaemic heart disease, wide definition || id:finn-b-I9_IHD","Hypertension, essential || id:finn-b-I9_HYPTENSESS","Inverse variance weighted","40",0.337144915388983,0.0454240256177143,1.15215352358389e-13
"finn-b-I9_HYPTENSESS_EXNONE","finn-b-I9_IHD","Ischaemic heart disease, wide definition || id:finn-b-I9_IHD","\Hypertension, essential\ (no controls excluded) || id:finn-b-I9_HYPTENSESS_EXNONE","Inverse variance weighted","26",0.380506908950438,0.0678752856295808,2.07090178072302e-08
"finn-b-I9_HYPTENSPREG","finn-b-I9_IHD","Ischaemic heart disease, wide definition || id:finn-b-I9_IHD","Hypertension complicating pregnancy, childbirth, and the puerperium || id:finn-b-I9_HYPTENSPREG","Inverse variance weighted","5",0.2292364125398,0.108859642344179,0.0352219063126611
"finn-b-I9_HYPTENS_EXNONE","finn-b-I9_IHD","Ischaemic heart disease, wide definition || id:finn-b-I9_IHD","Hypertension (no controls excluded) || id:finn-b-I9_HYPTENS_EXNONE","Inverse variance weighted","62",0.305703159120583,0.0500765031880046,1.02979398294216e-09
"finn-b-I9_ISCHHEART","finn-b-I9_IHD","Ischaemic heart disease, wide definition || id:finn-b-I9_IHD","Ischemic heart diseases || id:finn-b-I9_ISCHHEART","Inverse variance weighted","27",0.996730394087291,0.0256216240892234,0
"finn-b-I9_MI","finn-b-I9_IHD","Ischaemic heart disease, wide definition || id:finn-b-I9_IHD","Myocardial infarction || id:finn-b-I9_MI","Inverse variance weighted","13",0.750237150255631,0.0246830413313808,6.42636461761135e-203
"finn-b-I9_MI_EXNONE","finn-b-I9_IHD","Ischaemic heart disease, wide definition || id:finn-b-I9_IHD","Myocardial infarction (no controls excluded) || id:finn-b-I9_MI_EXNONE","Inverse variance weighted","7",0.890241824426418,0.0426733275348194,1.19138621872489e-96
"finn-b-I9_MI_STRICT","finn-b-I9_IHD","Ischaemic heart disease, wide definition || id:finn-b-I9_IHD","Myocardial infarction, strict || id:finn-b-I9_MI_STRICT","Inverse variance weighted","15",0.719812808623667,0.0228322269238127,3.80396820420502e-218
"finn-b-I9_MI_STRICT_EXNONE","finn-b-I9_IHD","Ischaemic heart disease, wide definition || id:finn-b-I9_IHD","\Myocardial infarction, strict\ (no controls excluded) || id:finn-b-I9_MI_STRICT_EXNONE","Inverse variance weighted","8",0.853507059959118,0.0384478825463087,3.50665211295815e-109
"finn-b-I9_NONRHEVALV","finn-b-I9_IHD","Ischaemic heart disease, wide definition || id:finn-b-I9_IHD","Non-rheumatic valve diseases || id:finn-b-I9_NONRHEVALV","Inverse variance weighted","3",0.187390737938246,0.0595331477091218,0.00164577046065867
"finn-b-I9_OTHHEART","finn-b-I9_IHD","Ischaemic heart disease, wide definition || id:finn-b-I9_IHD","Other heart diseases (I9_OTHHEART) || id:finn-b-I9_OTHHEART","Inverse variance weighted","3",0.251501359986442,0.0834544331925886,0.00258136541443833
"finn-b-ASTHMA_NOS_EXMORE","finn-b-I9_IHD","Ischaemic heart disease, wide definition || id:finn-b-I9_IHD","Undetermined asthma (more controls excluded) || id:finn-b-ASTHMA_NOS_EXMORE","Inverse variance weighted","3",0.109129453240081,0.0447870927918057,0.0148249500753206
"finn-b-I9_PERIPH","finn-b-I9_IHD","Ischaemic heart disease, wide definition || id:finn-b-I9_IHD","Peripheral artery operations in Hilmo || id:finn-b-I9_PERIPH","Inverse variance weighted","2",0.092871154384698,0.0291884622607974,0.00146374881892366
"finn-b-I9_PERIPH_EXNONE","finn-b-I9_IHD","Ischaemic heart disease, wide definition || id:finn-b-I9_IHD","Peripheral artery operations in Hilmo (no controls excluded) || id:finn-b-I9_PERIPH_EXNONE","Inverse variance weighted","2",0.0932453352892952,0.0292877621736816,0.00145373268912559
"finn-b-I9_PULMHEART","finn-b-I9_IHD","Ischaemic heart disease, wide definition || id:finn-b-I9_IHD","Pulmonary heart disease, diseases of pulmonary circulation || id:finn-b-I9_PULMHEART","Inverse variance weighted","7",0.0563958486699861,0.0286630492077275,0.0491203751243548
"finn-b-I9_REVACS_EXNONE","finn-b-I9_IHD","Ischaemic heart disease, wide definition || id:finn-b-I9_IHD","Emergency coronary revascularization (for ACS) (no controls excluded) || id:finn-b-I9_REVACS_EXNONE","Inverse variance weighted","27",0.604772575718035,0.0217494979454643,3.64220328692798e-170
"finn-b-I9_REVASC","finn-b-I9_IHD","Ischaemic heart disease, wide definition || id:finn-b-I9_IHD","Coronary revascularization (ANGIO or CABG) || id:finn-b-I9_REVASC","Inverse variance weighted","32",0.570315709039926,0.0148334282409093,0
"finn-b-I9_REVASC_EXNONE","finn-b-I9_IHD","Ischaemic heart disease, wide definition || id:finn-b-I9_IHD","Coronary revascularization (ANGIO or CABG) (no controls excluded) || id:finn-b-I9_REVASC_EXNONE","Inverse variance weighted","27",0.604772575718035,0.0217494979454643,3.64220328692798e-170
"finn-b-I9_UAP","finn-b-I9_IHD","Ischaemic heart disease, wide definition || id:finn-b-I9_IHD","Unstable angina pectoris || id:finn-b-I9_UAP","Inverse variance weighted","5",0.772880990569353,0.101312039539517,2.37099441206169e-14
"finn-b-I9_VALVES","finn-b-I9_IHD","Ischaemic heart disease, wide definition || id:finn-b-I9_IHD","Valvular operations || id:finn-b-I9_VALVES","Inverse variance weighted","2",0.296689091779488,0.10528452273775,0.00483276600302787
"finn-b-I9_VALVES_EXNONE","finn-b-I9_IHD","Ischaemic heart disease, wide definition || id:finn-b-I9_IHD","Valvular operations (no controls excluded) || id:finn-b-I9_VALVES_EXNONE","Inverse variance weighted","3",0.22739216127438,0.111503847052442,0.0414179792809194
"finn-b-I9_VHD","finn-b-I9_IHD","Ischaemic heart disease, wide definition || id:finn-b-I9_IHD","Valvular heart disease including rheumatic fever || id:finn-b-I9_VHD","Inverse variance weighted","2",0.286963686499671,0.0935801138415962,0.00216578738209556
"finn-b-I9_VHD_EXNONE","finn-b-I9_IHD","Ischaemic heart disease, wide definition || id:finn-b-I9_IHD","Valvular heart disease including rheumatic fever (no controls excluded) || id:finn-b-I9_VHD_EXNONE","Inverse variance weighted","3",0.222211686100005,0.110691645762592,0.044698173457361
"finn-b-ILD_ENDPOINTS","finn-b-I9_IHD","Ischaemic heart disease, wide definition || id:finn-b-I9_IHD","Interstitial lung disease endpoints || id:finn-b-ILD_ENDPOINTS","Inverse variance weighted","16",0.103524538828766,0.0513769108959172,0.0439045198306823
"finn-b-AUTOIMMUNE","finn-b-I9_IHD","Ischaemic heart disease, wide definition || id:finn-b-I9_IHD","Autoimmune diseases || id:finn-b-AUTOIMMUNE","Inverse variance weighted","51",0.108912034789569,0.020737846549692,1.50580041552863e-07
"finn-b-J10_CHRONSINUSITIS","finn-b-I9_IHD","Ischaemic heart disease, wide definition || id:finn-b-I9_IHD","Chronic sinusitis || id:finn-b-J10_CHRONSINUSITIS","Inverse variance weighted","7",0.132156206726917,0.0570080294640607,0.0204382703024577
"finn-b-AUTOIMMUNE_HYPERTHYROIDISM","finn-b-I9_IHD","Ischaemic heart disease, wide definition || id:finn-b-I9_IHD","Autoimmune hyperthyroidism || id:finn-b-AUTOIMMUNE_HYPERTHYROIDISM","Inverse variance weighted","5",0.0565767395866083,0.0133124948477145,2.13868287249345e-05
"finn-b-J10_CHRONTONSADEN","finn-b-I9_IHD","Ischaemic heart disease, wide definition || id:finn-b-I9_IHD","Chronic diseases of tonsils and adenoids || id:finn-b-J10_CHRONTONSADEN","Inverse variance weighted","15",0.0918725626425096,0.0430902631976153,0.0329989843196156
"finn-b-J10_SINUSITIS","finn-b-I9_IHD","Ischaemic heart disease, wide definition || id:finn-b-I9_IHD","Acute sinusitis || id:finn-b-J10_SINUSITIS","Inverse variance weighted","3",0.238814624059906,0.0697566925715278,0.00061811816745193
"finn-b-K11_CD_STRICT","finn-b-I9_IHD","Ischaemic heart disease, wide definition || id:finn-b-I9_IHD","Crohn disease (strict definition, require KELA) || id:finn-b-K11_CD_STRICT","Inverse variance weighted","4",-0.0420741321873824,0.0167314074892477,0.011914054000853
"finn-b-K11_CD_STRICT2","finn-b-I9_IHD","Ischaemic heart disease, wide definition || id:finn-b-I9_IHD","Crohn disease (strict definition, require KELA, min 2 HDR) || id:finn-b-K11_CD_STRICT2","Inverse variance weighted","4",-0.0413001717656178,0.0162691513413608,0.0111310595816325
"finn-b-K11_CHOLANGI","finn-b-I9_IHD","Ischaemic heart disease, wide definition || id:finn-b-I9_IHD","Cholangitis (primary sclerosing, PSC) || id:finn-b-K11_CHOLANGI","Inverse variance weighted","2",0.0822177151363501,0.0250428776139497,0.00102680329493487
"finn-b-K11_CHOLELITH","finn-b-I9_IHD","Ischaemic heart disease, wide definition || id:finn-b-I9_IHD","Cholelithiasis || id:finn-b-K11_CHOLELITH","Inverse variance weighted","30",-0.0801456058021791,0.0193410138156219,3.41573589662931e-05
"finn-b-K11_COELIAC","finn-b-I9_IHD","Ischaemic heart disease, wide definition || id:finn-b-I9_IHD","Coeliac disease || id:finn-b-K11_COELIAC","Inverse variance weighted","10",0.0333454237560202,0.014068385789897,0.0177766340778182
"finn-b-K11_CROHN","finn-b-I9_IHD","Ischaemic heart disease, wide definition || id:finn-b-I9_IHD","Crohn disease || id:finn-b-K11_CROHN","Inverse variance weighted","6",-0.0425588202731972,0.0197365385724702,0.0310566014668001
"finn-b-K11_DIAHER","finn-b-I9_IHD","Ischaemic heart disease, wide definition || id:finn-b-I9_IHD","Diaphragmatic hernia || id:finn-b-K11_DIAHER","Inverse variance weighted","3",-0.128436108505766,0.0435798924814203,0.00320726432628401
"finn-b-K11_ENERCOLNONINF","finn-b-I9_IHD","Ischaemic heart disease, wide definition || id:finn-b-I9_IHD","Noninfective enteritis and colitis || id:finn-b-K11_ENERCOLNONINF","Inverse variance weighted","9",-0.115848400167354,0.0443257092566467,0.00896013941712642
"finn-b-K11_GALLBILPANC","finn-b-I9_IHD","Ischaemic heart disease, wide definition || id:finn-b-I9_IHD","Disorders of gallbladder, biliary tract and pancreas || id:finn-b-K11_GALLBILPANC","Inverse variance weighted","27",-0.105182671362123,0.0243398991009913,1.5503563463719e-05
"finn-b-K11_IBD","finn-b-I9_IHD","Ischaemic heart disease, wide definition || id:finn-b-I9_IHD","Inflammatory bowel disease || id:finn-b-K11_IBD","Inverse variance weighted","14",-0.0727876813295382,0.0293328927621234,0.0130854391141504
"finn-b-K11_IBD_STRICT","finn-b-I9_IHD","Ischaemic heart disease, wide definition || id:finn-b-I9_IHD","Inflammatory bowel disease, strict (require KELA) || id:finn-b-K11_IBD_STRICT","Inverse variance weighted","16",-0.0485554591301388,0.020712197098016,0.019063187960455
"finn-b-K11_KELAIBD","finn-b-I9_IHD","Ischaemic heart disease, wide definition || id:finn-b-I9_IHD","IBD patients in KELA-register || id:finn-b-K11_KELAIBD","Inverse variance weighted","18",-0.0441953818541788,0.0195967632553084,0.0241183405067851
"finn-b-K11_OTHDIG","finn-b-I9_IHD","Ischaemic heart disease, wide definition || id:finn-b-I9_IHD","Other diseases of the digestive system (K11_OTHDIG) || id:finn-b-K11_OTHDIG","Inverse variance weighted","4",0.0816346757159298,0.0250598839792712,0.0011236501846789
"finn-b-K11_UC_NOCD","finn-b-I9_IHD","Ischaemic heart disease, wide definition || id:finn-b-I9_IHD","Ulcerative colitis (strict definition, all Crohn cases excluded) || id:finn-b-K11_UC_NOCD","Inverse variance weighted","6",-0.0501984374624316,0.0212475680818505,0.0181497033472648
"finn-b-K11_UC_STRICT","finn-b-I9_IHD","Ischaemic heart disease, wide definition || id:finn-b-I9_IHD","Ulcerative colitis (strict definition, require KELA) || id:finn-b-K11_UC_STRICT","Inverse variance weighted","7",-0.0609933767993168,0.0204058518798073,0.00279879314037493
"finn-b-K11_UC_STRICT2","finn-b-I9_IHD","Ischaemic heart disease, wide definition || id:finn-b-I9_IHD","Ulcerative colitis (strict definition, require KELA, min 2 HDR) || id:finn-b-K11_UC_STRICT2","Inverse variance weighted","8",-0.059359597151829,0.0185072627273004,0.00133955647183008
"finn-b-KELA_DIAB_INSUL","finn-b-I9_IHD","Ischaemic heart disease, wide definition || id:finn-b-I9_IHD","Diabetes, insuline treatment (Kela reimbursement) || id:finn-b-KELA_DIAB_INSUL","Inverse variance weighted","53",0.095184219087172,0.0222845122920167,1.94321838546918e-05
"finn-b-KELA_DIAB_INSUL_EXMORE","finn-b-I9_IHD","Ischaemic heart disease, wide definition || id:finn-b-I9_IHD","\Diabetes, insuline treatment (Kela reimbursement)\ (more controls excluded) || id:finn-b-KELA_DIAB_INSUL_EXMORE","Inverse variance weighted","55",0.0924194612899764,0.0223248378178025,3.47669992129804e-05
"finn-b-KRA_PSY_ANYMENTAL","finn-b-I9_IHD","Ischaemic heart disease, wide definition || id:finn-b-I9_IHD","Any mental disorder || id:finn-b-KRA_PSY_ANYMENTAL","Inverse variance weighted","2",0.473219102020027,0.0977959770500356,1.30599017615554e-06
"finn-b-KRA_PSY_DEMENTIA","finn-b-I9_IHD","Ischaemic heart disease, wide definition || id:finn-b-I9_IHD","Any dementia || id:finn-b-KRA_PSY_DEMENTIA","Inverse variance weighted","5",0.0688139462448533,0.0131479635952844,1.66050945730808e-07
"finn-b-KRA_PSY_DEMENTIA_EXMORE","finn-b-I9_IHD","Ischaemic heart disease, wide definition || id:finn-b-I9_IHD","Any dementia (more controls excluded) || id:finn-b-KRA_PSY_DEMENTIA_EXMORE","Inverse variance weighted","5",0.068805767699104,0.0131526176204461,1.68288908599973e-07
"finn-b-L12_BULLOTH","finn-b-I9_IHD","Ischaemic heart disease, wide definition || id:finn-b-I9_IHD","Other bullous disorders || id:finn-b-L12_BULLOTH","Inverse variance weighted","4",0.0263303796474779,0.00793044241230504,0.00089964165081918
"finn-b-L12_CORNSANDCALLOS","finn-b-I9_IHD","Ischaemic heart disease, wide definition || id:finn-b-I9_IHD","Corns and callosities || id:finn-b-L12_CORNSANDCALLOS","Inverse variance weighted","2",0.11343963292556,0.0301132786815349,0.000165157037426782
"finn-b-L12_DERMATHERP","finn-b-I9_IHD","Ischaemic heart disease, wide definition || id:finn-b-I9_IHD","Dermatitis herpetiformis || id:finn-b-L12_DERMATHERP","Inverse variance weighted","3",0.0225641460402468,0.00559847362751348,5.56795632645749e-05
"finn-b-L12_INFECT_SKIN","finn-b-I9_IHD","Ischaemic heart disease, wide definition || id:finn-b-I9_IHD","Infections of the skin and subcutaneous tissue || id:finn-b-L12_INFECT_SKIN","Inverse variance weighted","2",0.431387992494023,0.0956563984986467,6.48991119421002e-06
"finn-b-M13_ARTHTROSIS_COX","finn-b-I9_IHD","Ischaemic heart disease, wide definition || id:finn-b-I9_IHD","Coxarthrosis, || id:finn-b-M13_ARTHTROSIS_COX","Inverse variance weighted","5",-0.157442702041381,0.0529578494630485,0.00294922311841764
"finn-b-M13_GIANTCELL","finn-b-I9_IHD","Ischaemic heart disease, wide definition || id:finn-b-I9_IHD","Giant cell arteritis || id:finn-b-M13_GIANTCELL","Inverse variance weighted","2",0.0439105360324284,0.0135813101232926,0.00122429370300946
"finn-b-M13_INTERVERTEB","finn-b-I9_IHD","Ischaemic heart disease, wide definition || id:finn-b-I9_IHD","Other intervertebral disc disorders || id:finn-b-M13_INTERVERTEB","Inverse variance weighted","6",0.152224859158116,0.0700717978001935,0.0298245525551936
"finn-b-M13_NECROVASC","finn-b-I9_IHD","Ischaemic heart disease, wide definition || id:finn-b-I9_IHD","Other necrotizing vasculopathies || id:finn-b-M13_NECROVASC","Inverse variance weighted","2",0.0775779560077263,0.0202633000952976,0.00012892891617714
"finn-b-M13_OTHCONN","finn-b-I9_IHD","Ischaemic heart disease, wide definition || id:finn-b-I9_IHD","Other systemic involvement of connective tissue || id:finn-b-M13_OTHCONN","Inverse variance weighted","3",0.10180251328401,0.0320090893076725,0.00147059114476724
"finn-b-M13_PALINDROMIC","finn-b-I9_IHD","Ischaemic heart disease, wide definition || id:finn-b-I9_IHD","Palindromic rheumatism || id:finn-b-M13_PALINDROMIC","Inverse variance weighted","2",0.0457190587499139,0.0101642769525641,6.85912223774823e-06
"finn-b-C3_FEMALE_GENITAL","finn-b-I9_IHD","Ischaemic heart disease, wide definition || id:finn-b-I9_IHD","malignant neoplasm of female genital organs || id:finn-b-C3_FEMALE_GENITAL","Inverse variance weighted","2",0.127588874970771,0.0640623335694824,0.0464109672826975
"finn-b-M13_POLYARTHROPATHIES","finn-b-I9_IHD","Ischaemic heart disease, wide definition || id:finn-b-I9_IHD","Polyarthropathies || id:finn-b-M13_POLYARTHROPATHIES","Inverse variance weighted","12",0.0876961821696345,0.0432326958406724,0.0425124067580236
"finn-b-M13_POLYMYO","finn-b-I9_IHD","Ischaemic heart disease, wide definition || id:finn-b-I9_IHD","Polymyositis || id:finn-b-M13_POLYMYO","Inverse variance weighted","2",0.0263420165453898,0.00842419480201885,0.00176631346814789
"finn-b-M13_SJOGREN","finn-b-I9_IHD","Ischaemic heart disease, wide definition || id:finn-b-I9_IHD","Sicca syndrome [Sj<c2><9a>gren] || id:finn-b-M13_SJOGREN","Inverse variance weighted","4",0.0574854182930623,0.017082762234186,0.000765124301515171
"finn-b-M13_SPINSTENOSIS","finn-b-I9_IHD","Ischaemic heart disease, wide definition || id:finn-b-I9_IHD","Spinal stenosis || id:finn-b-M13_SPINSTENOSIS","Inverse variance weighted","4",0.18502979483624,0.0557391921464189,0.000901582566616889
"finn-b-M13_SYSTCONNECT","finn-b-I9_IHD","Ischaemic heart disease, wide definition || id:finn-b-I9_IHD","Systemic connective tissue disorders || id:finn-b-M13_SYSTCONNECT","Inverse variance weighted","5",0.0886672239212699,0.0298059177487562,0.00293161035956832
"finn-b-M13_TEMPARTERIT","finn-b-I9_IHD","Ischaemic heart disease, wide definition || id:finn-b-I9_IHD","Temporal arteritis || id:finn-b-M13_TEMPARTERIT","Inverse variance weighted","2",0.0413839823570715,0.0128248008806654,0.0012515172237241
"finn-b-MIGRAINE_TRIPTAN","finn-b-I9_IHD","Ischaemic heart disease, wide definition || id:finn-b-I9_IHD","Migraine, single triptan purchase ok & required. ICD-code if available is included || id:finn-b-MIGRAINE_TRIPTAN","Inverse variance weighted","9",-0.32562423592073,0.133147424347688,0.014461466788258
"finn-b-N14_CHRONKIDNEYDIS","finn-b-I9_IHD","Ischaemic heart disease, wide definition || id:finn-b-I9_IHD","Chronic kidney disease || id:finn-b-N14_CHRONKIDNEYDIS","Inverse variance weighted","2",0.194914433976235,0.0810734777122516,0.0162092274409213
"finn-b-N14_GLOMEINOTH","finn-b-I9_IHD","Ischaemic heart disease, wide definition || id:finn-b-I9_IHD","Glomerular disorders in diseases classified elsewhere || id:finn-b-N14_GLOMEINOTH","Inverse variance weighted","2",0.0650559411187807,0.0175978294623895,0.000218320283693064
"finn-b-N14_GLOMERULAR","finn-b-I9_IHD","Ischaemic heart disease, wide definition || id:finn-b-I9_IHD","Glomerular diseases || id:finn-b-N14_GLOMERULAR","Inverse variance weighted","2",0.161370960003519,0.0395672799490969,4.53478552650044e-05
"finn-b-NECROVASC_FG","finn-b-I9_IHD","Ischaemic heart disease, wide definition || id:finn-b-I9_IHD","Other necrotizing vasculopathies (FG) || id:finn-b-NECROVASC_FG","Inverse variance weighted","2",0.0669970200394615,0.0175110955261223,0.000130255318060388
"finn-b-NEURODEGOTH","finn-b-I9_IHD","Ischaemic heart disease, wide definition || id:finn-b-I9_IHD","Other degenerative diseases of the nervous system (NEURODEGOTH) || id:finn-b-NEURODEGOTH","Inverse variance weighted","3",0.060506566453796,0.0145712001287511,3.2889650384444e-05
"finn-b-NONALLERG_ASTHMA","finn-b-I9_IHD","Ischaemic heart disease, wide definition || id:finn-b-I9_IHD","Non-allergic asthma (mode) || id:finn-b-NONALLERG_ASTHMA","Inverse variance weighted","2",0.119659741357596,0.0540679794253884,0.0268883350081667
"finn-b-NONALLERG_ASTHMA_EXMORE","finn-b-I9_IHD","Ischaemic heart disease, wide definition || id:finn-b-I9_IHD","Non-allergic asthma (mode) (more controls excluded) || id:finn-b-NONALLERG_ASTHMA_EXMORE","Inverse variance weighted","2",0.1203114263783,0.0543846943479324,0.0269508099892142
"finn-b-O15_HYPTENSPREG","finn-b-I9_IHD","Ischaemic heart disease, wide definition || id:finn-b-I9_IHD","Pregnancy hypertension || id:finn-b-O15_HYPTENSPREG","Inverse variance weighted","5",0.2292364125398,0.108859642344179,0.0352219063126611
"finn-b-O15_MATERN_CARE_OTHER","finn-b-I9_IHD","Ischaemic heart disease, wide definition || id:finn-b-I9_IHD","Maternal care for other known or suspected fetal problems || id:finn-b-O15_MATERN_CARE_OTHER","Inverse variance weighted","2",0.168898340468111,0.0527855541394593,0.0013756705877425
"finn-b-O15_OEDEM_PROTUR_HYPERT","finn-b-I9_IHD","Ischaemic heart disease, wide definition || id:finn-b-I9_IHD","Oedema, proteinuria and hypertensive disorders in pregnancy, childbirth and the puerperium || id:finn-b-O15_OEDEM_PROTUR_HYPERT","Inverse variance weighted","3",0.337007764636978,0.102208902115875,0.000976383816182116
"finn-b-O15_PREG_OTHER_MAT_DISORD","finn-b-I9_IHD","Ischaemic heart disease, wide definition || id:finn-b-I9_IHD","Other maternal disorders predominantly related to pregnancy || id:finn-b-O15_PREG_OTHER_MAT_DISORD","Inverse variance weighted","4",0.182178734487812,0.046405222568839,8.64333548228894e-05
"finn-b-OTHER_SYSTCON_FG","finn-b-I9_IHD","Ischaemic heart disease, wide definition || id:finn-b-I9_IHD","Other systemic involvement of connective tissue (FG) || id:finn-b-OTHER_SYSTCON_FG","Inverse variance weighted","4",0.0959163453651428,0.0299156895873793,0.00134490135710821
"finn-b-PAIN","finn-b-I9_IHD","Ischaemic heart disease, wide definition || id:finn-b-I9_IHD","Pain (limb, back, neck, head abdominally) || id:finn-b-PAIN","Inverse variance weighted","8",0.48471782518896,0.0988972424521914,9.52399779126326e-07
"finn-b-R18_OTHER_SYMPTOMS_SIGNS_INVOLVI_COGNITIVE_FUNCTIONS_AWARE","finn-b-I9_IHD","Ischaemic heart disease, wide definition || id:finn-b-I9_IHD","Other symptoms and signs involving cognitive functions and awareness || id:finn-b-R18_OTHER_SYMPTOMS_SIGNS_INVOLVI_COGNITIVE_FUNCTIONS_AWARE","Inverse variance weighted","2",0.186546280504507,0.0728264828879457,0.0104216113816377
"finn-b-R18_UNSPE_HAEMATU","finn-b-I9_IHD","Ischaemic heart disease, wide definition || id:finn-b-I9_IHD","Unspecified haematuria || id:finn-b-R18_UNSPE_HAEMATU","Inverse variance weighted","2",0.270665848368588,0.0742557917098372,0.000267342973058552
"finn-b-RHEUMA_NOS","finn-b-I9_IHD","Ischaemic heart disease, wide definition || id:finn-b-I9_IHD","Other/unspecified rheumatoid arthritis || id:finn-b-RHEUMA_NOS","Inverse variance weighted","6",0.0215324008531766,0.0108345979874187,0.0468809410374304
"finn-b-RHEUMA_OTHER_WIDE","finn-b-I9_IHD","Ischaemic heart disease, wide definition || id:finn-b-I9_IHD","Other (seronegative) rheumatoid arthritis, wide || id:finn-b-RHEUMA_OTHER_WIDE","Inverse variance weighted","6",0.029907923644766,0.0144226432729506,0.0381091897369129
"finn-b-RHEUMA_SEROPOS_STRICT","finn-b-I9_IHD","Ischaemic heart disease, wide definition || id:finn-b-I9_IHD","Seropositive rheumatoid arthritis, strict definition || id:finn-b-RHEUMA_SEROPOS_STRICT","Inverse variance weighted","5",0.0253352626961947,0.00859895836167435,0.00321581979092925
"finn-b-RX_ANTIHYP","finn-b-I9_IHD","Ischaemic heart disease, wide definition || id:finn-b-I9_IHD","Antihypertensive medication - note that there are other indications || id:finn-b-RX_ANTIHYP","Inverse variance weighted","52",0.408814438925213,0.0360036987744467,7.02083818486223e-30
"finn-b-RX_STATIN","finn-b-I9_IHD","Ischaemic heart disease, wide definition || id:finn-b-I9_IHD","Statin medication || id:finn-b-RX_STATIN","Inverse variance weighted","68",0.319765738932186,0.0270985022124824,3.89727739022864e-32
"finn-b-SLEEP","finn-b-I9_IHD","Ischaemic heart disease, wide definition || id:finn-b-I9_IHD","Sleep disorders (combined) || id:finn-b-SLEEP","Inverse variance weighted","3",0.252961079983272,0.0796223985834203,0.0014880239828858
"finn-b-SLE_FG","finn-b-I9_IHD","Ischaemic heart disease, wide definition || id:finn-b-I9_IHD","SLE (Finngen) || id:finn-b-SLE_FG","Inverse variance weighted","4",0.0436803392172306,0.0177738419021897,0.0139883207819908
"finn-b-T1D","finn-b-I9_IHD","Ischaemic heart disease, wide definition || id:finn-b-I9_IHD","Type1 diabetes, definitions combined || id:finn-b-T1D","Inverse variance weighted","9",0.0217527030264314,0.00646873478130467,0.000771717219175932
"finn-b-T1D_STRICT","finn-b-I9_IHD","Ischaemic heart disease, wide definition || id:finn-b-I9_IHD","Type 1 diabetes, strict definition || id:finn-b-T1D_STRICT","Inverse variance weighted","10",0.0237363577301029,0.00718850625310405,0.000960023512479155
"finn-b-T1D_STRICT1","finn-b-I9_IHD","Ischaemic heart disease, wide definition || id:finn-b-I9_IHD","Type 1 diabetes, strict definition, subgroup 1 || id:finn-b-T1D_STRICT1","Inverse variance weighted","12",0.0270685321521967,0.00563318861781064,1.54605912347347e-06
"finn-b-T1D_STRICT2","finn-b-I9_IHD","Ischaemic heart disease, wide definition || id:finn-b-I9_IHD","Type 1 diabetes, strict definition, subgroup 2 || id:finn-b-T1D_STRICT2","Inverse variance weighted","3",0.0160329618832759,0.00409109783916932,8.89216723902568e-05
"finn-b-T1D_WIDE","finn-b-I9_IHD","Ischaemic heart disease, wide definition || id:finn-b-I9_IHD","Type 1 diabetes, wide definition || id:finn-b-T1D_WIDE","Inverse variance weighted","17",0.0400924040867213,0.0150903166210747,0.00788792365256684
"finn-b-T1D_WIDE1","finn-b-I9_IHD","Ischaemic heart disease, wide definition || id:finn-b-I9_IHD","Type 1 diabetes, wide definition, subgroup 1 || id:finn-b-T1D_WIDE1","Inverse variance weighted","18",0.0292241626645194,0.0110659161463733,0.00826820475088063
"finn-b-T1D_WIDE2","finn-b-I9_IHD","Ischaemic heart disease, wide definition || id:finn-b-I9_IHD","Type 1 diabetes, wide definition, subgroup 2 || id:finn-b-T1D_WIDE2","Inverse variance weighted","2",0.0247925690819113,0.00774299569912708,0.00136507787576363
"finn-b-T2D","finn-b-I9_IHD","Ischaemic heart disease, wide definition || id:finn-b-I9_IHD","Type 2 diabetes, definitions combined || id:finn-b-T2D","Inverse variance weighted","55",0.122627315229088,0.0255134642989622,1.53690348102301e-06
"finn-b-T2D_INCLAVO","finn-b-I9_IHD","Ischaemic heart disease, wide definition || id:finn-b-I9_IHD","Type 2 diabetes, definitions combined, including avohilmo || id:finn-b-T2D_INCLAVO","Inverse variance weighted","59",0.123004104193897,0.0213104623323533,7.83335935472957e-09
"finn-b-T2D_WIDE","finn-b-I9_IHD","Ischaemic heart disease, wide definition || id:finn-b-I9_IHD","Type 2 diabetes, wide definition || id:finn-b-T2D_WIDE","Inverse variance weighted","31",0.159678932913097,0.0240379500177464,3.07810766918006e-11
"finn-b-THYROID_DISORDER_IBD","finn-b-I9_IHD","Ischaemic heart disease, wide definition || id:finn-b-I9_IHD","Disorders of thyroid, IBD co-morbidities || id:finn-b-THYROID_DISORDER_IBD","Inverse variance weighted","11",0.0511517272877508,0.0190220547234104,0.00716503701601188
"finn-b-THYROTOXICOSIS","finn-b-I9_IHD","Ischaemic heart disease, wide definition || id:finn-b-I9_IHD","Thyrotoxicosis || id:finn-b-THYROTOXICOSIS","Inverse variance weighted","11",0.0481661226376942,0.0161447396542219,0.0028507057504392
"finn-b-VWXY20_SUICI_OTHER_INTENTI_SELF_H","finn-b-I9_IHD","Ischaemic heart disease, wide definition || id:finn-b-I9_IHD","Suicide or other Intentional self-harm || id:finn-b-VWXY20_SUICI_OTHER_INTENTI_SELF_H","Inverse variance weighted","2",0.473219102020027,0.0977959770500356,1.30599017615554e-06
"finn-b-CARDIAC_ARRHYTM","finn-b-I9_IHD","Ischaemic heart disease, wide definition || id:finn-b-I9_IHD","Cardiac arrhytmias || id:finn-b-CARDIAC_ARRHYTM","Inverse variance weighted","19",0.167918354448122,0.0415751258771133,5.36992668910619e-05
"finn-b-Z21_PERSONS_ENCOUNTERI_HEALTH_SERVI_EXAM_INVES","finn-b-I9_IHD","Ischaemic heart disease, wide definition || id:finn-b-I9_IHD","Persons encountering health services for examination and investigation || id:finn-b-Z21_PERSONS_ENCOUNTERI_HEALTH_SERVI_EXAM_INVES","Inverse variance weighted","3",0.48133482234898,0.22771897339997,0.0345389363583982
"finn-b-Z21_PERSONS_W_POTEN_HEALTH_HAZARDS_RELATED_FAMILY_PERSONAL_HISTORY_CERTA_CONDI_INFLUENCI_HEALTH_STATUS","finn-b-I9_IHD","Ischaemic heart disease, wide definition || id:finn-b-I9_IHD","Persons with potential health hazards related to family and personal history and certain conditions influencing health status || id:finn-b-Z21_PERSONS_W_POTEN_HEALTH_HAZARDS_RELATED_FAMILY_PERSONAL_HISTORY_CERTA_CONDI_INFLUENCI_HEALTH_STATUS","Inverse variance weighted","5",1.16374078946675,0.410934476947855,0.00462668791523958
"finn-b-Z21_PRESENCE_CARDIAC_VASCULAR_IMPLANTNTS_GRAFTS","finn-b-I9_IHD","Ischaemic heart disease, wide definition || id:finn-b-I9_IHD","Presence of cardiac and vascular implants and grafts || id:finn-b-Z21_PRESENCE_CARDIAC_VASCULAR_IMPLANTNTS_GRAFTS","Inverse variance weighted","2",0.89765371973983,0.0640506881906378,1.26661912546846e-44
"finn-b-Z21_SPECIAL_SCREEN_EXAM_OTH_DISEA_DISORD","finn-b-I9_IHD","Ischaemic heart disease, wide definition || id:finn-b-I9_IHD","Special screening examination for other diseases and disorders || id:finn-b-Z21_SPECIAL_SCREEN_EXAM_OTH_DISEA_DISORD","Inverse variance weighted","2",0.0556921837029359,0.0147526542405065,0.000159967902686402
"ieu-a-1001","finn-b-I9_IHD","Ischaemic heart disease, wide definition || id:finn-b-I9_IHD","Years of schooling || id:ieu-a-1001","Inverse variance weighted","66",-0.260035792651259,0.096152800440993,0.00684275215861666
"ieu-a-1007","finn-b-I9_IHD","Ischaemic heart disease, wide definition || id:finn-b-I9_IHD","Neuroticism || id:ieu-a-1007","Inverse variance weighted","10",0.630020146579805,0.237488346171752,0.00798161405239534
"ieu-a-1010","finn-b-I9_IHD","Ischaemic heart disease, wide definition || id:finn-b-I9_IHD","Years of schooling || id:ieu-a-1010","Inverse variance weighted","15",-0.376759533005305,0.125431805004918,0.00266718038413517
"ieu-a-102","finn-b-I9_IHD","Ischaemic heart disease, wide definition || id:finn-b-I9_IHD","Waist circumference || id:ieu-a-102","Inverse variance weighted","2",0.37364174355895,0.118009598213921,0.00154445672463669
"ieu-a-103","finn-b-I9_IHD","Ischaemic heart disease, wide definition || id:finn-b-I9_IHD","Waist circumference || id:ieu-a-103","Inverse variance weighted","2",0.524208221390487,0.21798424602499,0.0161813783670755
"ieu-a-1034","finn-b-I9_IHD","Ischaemic heart disease, wide definition || id:finn-b-I9_IHD","Height || id:ieu-a-1034","Inverse variance weighted","4",-0.1762378472954,0.0885341249375713,0.0465226207378031
"ieu-a-105","finn-b-I9_IHD","Ischaemic heart disease, wide definition || id:finn-b-I9_IHD","Waist circumference || id:ieu-a-105","Inverse variance weighted","4",0.547402971352127,0.200094691506052,0.00622440376669897
"ieu-a-1055","finn-b-I9_IHD","Ischaemic heart disease, wide definition || id:finn-b-I9_IHD","Urate || id:ieu-a-1055","Inverse variance weighted","24",0.108406306215163,0.0499327615120918,0.0299277194641624
"ieu-a-107","finn-b-I9_IHD","Ischaemic heart disease, wide definition || id:finn-b-I9_IHD","Weight || id:ieu-a-107","Inverse variance weighted","11",0.245377984768164,0.104700163352314,0.0190973302155572
"ieu-a-1079","finn-b-I9_IHD","Ischaemic heart disease, wide definition || id:finn-b-I9_IHD","Zinc || id:ieu-a-1079","Inverse variance weighted","2",0.0983277255864569,0.0380643075335019,0.00978885111944381
"ieu-a-1090","finn-b-I9_IHD","Ischaemic heart disease, wide definition || id:finn-b-I9_IHD","Type 2 diabetes || id:ieu-a-1090","Inverse variance weighted","2",-0.051820584003295,0.0239687085685092,0.0306174170076057
"ieu-a-1095","finn-b-I9_IHD","Ischaemic heart disease, wide definition || id:finn-b-I9_IHD","Age at menarche || id:ieu-a-1095","Inverse variance weighted","60",-0.088056259593752,0.0390104456437596,0.0239925679200655
"ieu-a-1096","finn-b-I9_IHD","Ischaemic heart disease, wide definition || id:finn-b-I9_IHD","Childhood obesity || id:ieu-a-1096","Inverse variance weighted","5",0.102755119078167,0.0469310721135731,0.0285612353126987
"ieu-a-1134","finn-b-I9_IHD","Ischaemic heart disease, wide definition || id:finn-b-I9_IHD","ER+ Breast cancer (GWAS) || id:ieu-a-1134","Inverse variance weighted","7",0.0415362512177604,0.0183388724525513,0.0235170128272694
"ieu-a-1239","finn-b-I9_IHD","Ischaemic heart disease, wide definition || id:finn-b-I9_IHD","Years of schooling || id:ieu-a-1239","Inverse variance weighted","293",-0.453709709462512,0.0602926177280216,5.26684097600089e-14
"ieu-a-26","finn-b-I9_IHD","Ischaemic heart disease, wide definition || id:finn-b-I9_IHD","Type 2 diabetes || id:ieu-a-26","Inverse variance weighted","8",0.0690294666537828,0.0255038712828669,0.00679705784367001
"ieu-a-297","finn-b-I9_IHD","Ischaemic heart disease, wide definition || id:finn-b-I9_IHD","Alzheimer's disease || id:ieu-a-297","Inverse variance weighted","12",0.0416894670612708,0.0111886487785367,0.000194503680606206
"ieu-a-30","finn-b-I9_IHD","Ischaemic heart disease, wide definition || id:finn-b-I9_IHD","Crohn's disease || id:ieu-a-30","Inverse variance weighted","48",-0.0240822428095003,0.0107404834326537,0.0249488650431509
"ieu-a-55","finn-b-I9_IHD","Ischaemic heart disease, wide definition || id:finn-b-I9_IHD","Hip circumference || id:ieu-a-55","Inverse variance weighted","73",-0.137855069632166,0.0668487983603407,0.0391894423440362
"ieu-a-75","finn-b-I9_IHD","Ischaemic heart disease, wide definition || id:finn-b-I9_IHD","Waist-to-hip ratio || id:ieu-a-75","Inverse variance weighted","22",0.475267549204116,0.0912743027272813,1.91892553824589e-07
"ieu-a-755","finn-b-I9_IHD","Ischaemic heart disease, wide definition || id:finn-b-I9_IHD","Years of schooling || id:ieu-a-755","Inverse variance weighted","4",-0.53553755812586,0.210118902252257,0.0108114185769101
"ieu-a-795","finn-b-I9_IHD","Ischaemic heart disease, wide definition || id:finn-b-I9_IHD","Urate || id:ieu-a-795","Inverse variance weighted","3",0.0962227608331999,0.0402846574903153,0.0169140441400983
"ieu-a-796","finn-b-I9_IHD","Ischaemic heart disease, wide definition || id:finn-b-I9_IHD","Urate || id:ieu-a-796","Inverse variance weighted","4",0.121072952224081,0.0448117677515533,0.00689628347483165
"ieu-a-8","finn-b-I9_IHD","Ischaemic heart disease, wide definition || id:finn-b-I9_IHD","Coronary heart disease || id:ieu-a-8","Inverse variance weighted","14",0.629684073334629,0.0727172961294661,4.7448739554097e-18
"ieu-a-81","finn-b-I9_IHD","Ischaemic heart disease, wide definition || id:finn-b-I9_IHD","Waist-to-hip ratio || id:ieu-a-81","Inverse variance weighted","32",0.343357285174323,0.0636398293025776,6.84012874999159e-08
"ieu-a-834","finn-b-I9_IHD","Ischaemic heart disease, wide definition || id:finn-b-I9_IHD","Rheumatoid arthritis || id:ieu-a-834","Inverse variance weighted","8",0.0315240968478023,0.0106823277697436,0.00316694351773046
"ieu-a-835","finn-b-I9_IHD","Ischaemic heart disease, wide definition || id:finn-b-I9_IHD","Body mass index || id:ieu-a-835","Inverse variance weighted","67",0.22530322767221,0.0712073415213381,0.00155592775460121
"ieu-a-85","finn-b-I9_IHD","Ischaemic heart disease, wide definition || id:finn-b-I9_IHD","Extreme body mass index || id:ieu-a-85","Inverse variance weighted","7",0.0593618498407818,0.0298148972220303,0.0464794511381363
"ieu-a-89","finn-b-I9_IHD","Ischaemic heart disease, wide definition || id:finn-b-I9_IHD","Height || id:ieu-a-89","Inverse variance weighted","353",-0.0656470431456481,0.0276868723034884,0.0177374847761675
"ieu-a-90","finn-b-I9_IHD","Ischaemic heart disease, wide definition || id:finn-b-I9_IHD","Obesity class 1 || id:ieu-a-90","Inverse variance weighted","17",0.104561595696529,0.0343946757076243,0.00236537464626061
"ieu-a-93","finn-b-I9_IHD","Ischaemic heart disease, wide definition || id:finn-b-I9_IHD","Overweight || id:ieu-a-93","Inverse variance weighted","13",0.16409843597273,0.0459916902316549,0.000359713961019986
"ieu-a-94","finn-b-I9_IHD","Ischaemic heart disease, wide definition || id:finn-b-I9_IHD","Body mass index || id:ieu-a-94","Inverse variance weighted","10",0.264627994531324,0.114441793771014,0.0207591189899348
"ieu-a-95","finn-b-I9_IHD","Ischaemic heart disease, wide definition || id:finn-b-I9_IHD","Body mass index || id:ieu-a-95","Inverse variance weighted","11",0.317361353240721,0.0845710852069497,0.000175010819118921
"ieu-a-965","finn-b-I9_IHD","Ischaemic heart disease, wide definition || id:finn-b-I9_IHD","Lung adenocarcinoma || id:ieu-a-965","Inverse variance weighted","2",-0.0748834274721981,0.0352464946101231,0.0336230249141905
"ieu-a-974","finn-b-I9_IHD","Ischaemic heart disease, wide definition || id:finn-b-I9_IHD","Body mass index || id:ieu-a-974","Inverse variance weighted","36",0.202952887496692,0.0722767521724302,0.00498507249845136
"ieu-b-102","finn-b-I9_IHD","Ischaemic heart disease, wide definition || id:finn-b-I9_IHD","Major depression || id:ieu-b-102","Inverse variance weighted","43",0.27845937222382,0.0735686734372125,0.000153692253346616
"ieu-b-105","finn-b-I9_IHD","Ischaemic heart disease, wide definition || id:finn-b-I9_IHD","FVC || id:ieu-b-105","Inverse variance weighted","259",-0.156629493006435,0.0600399659410145,0.0090872579961053
"ieu-b-107","finn-b-I9_IHD","Ischaemic heart disease, wide definition || id:finn-b-I9_IHD","apolipoprotein A-I || id:ieu-b-107","Inverse variance weighted","261",-0.166060469260935,0.0418913010922226,7.36795395787992e-05
"ieu-b-108","finn-b-I9_IHD","Ischaemic heart disease, wide definition || id:finn-b-I9_IHD","apolipoprotein B || id:ieu-b-108","Inverse variance weighted","172",0.528706838190675,0.0616302390041451,9.59580401861412e-18
"ieu-b-109","finn-b-I9_IHD","Ischaemic heart disease, wide definition || id:finn-b-I9_IHD","HDL cholesterol || id:ieu-b-109","Inverse variance weighted","306",-0.260470390793084,0.0366363105542688,1.16359563078338e-12
"ieu-b-110","finn-b-I9_IHD","Ischaemic heart disease, wide definition || id:finn-b-I9_IHD","LDL cholesterol || id:ieu-b-110","Inverse variance weighted","158",0.524886612373879,0.0734017740599362,8.6229039781793e-13
"ieu-b-111","finn-b-I9_IHD","Ischaemic heart disease, wide definition || id:finn-b-I9_IHD","triglycerides || id:ieu-b-111","Inverse variance weighted","274",0.312404392328008,0.0373698165114248,6.28218171770555e-17
"ieu-b-115","finn-b-I9_IHD","Ischaemic heart disease, wide definition || id:finn-b-I9_IHD","Fasting insulin || id:ieu-b-115","Inverse variance weighted","4",-0.719118745310155,0.346260776098707,0.0378188581343726
"ieu-b-2","finn-b-I9_IHD","Ischaemic heart disease, wide definition || id:finn-b-I9_IHD","Alzheimer's disease || id:ieu-b-2","Inverse variance weighted","16",0.0590877292726923,0.0118479763972588,6.12739806077932e-07
"ieu-b-38","finn-b-I9_IHD","Ischaemic heart disease, wide definition || id:finn-b-I9_IHD","systolic blood pressure || id:ieu-b-38","Inverse variance weighted","421",0.0333312185256012,0.00297626666374023,4.12349073730167e-29
"ieu-b-39","finn-b-I9_IHD","Ischaemic heart disease, wide definition || id:finn-b-I9_IHD","diastolic blood pressure || id:ieu-b-39","Inverse variance weighted","430",0.0436067523663934,0.00504547772623439,5.48806932131679e-18
"ieu-b-40","finn-b-I9_IHD","Ischaemic heart disease, wide definition || id:finn-b-I9_IHD","body mass index || id:ieu-b-40","Inverse variance weighted","473",0.282445474503245,0.0406769122465785,3.82147527477656e-12
"ieu-b-41","finn-b-I9_IHD","Ischaemic heart disease, wide definition || id:finn-b-I9_IHD","bipolar disorder || id:ieu-b-41","Inverse variance weighted","13",-0.127113803485803,0.040362952015248,0.0016367931564986
"ieu-b-4809","finn-b-I9_IHD","Ischaemic heart disease, wide definition || id:finn-b-I9_IHD","Prostate cancer || id:ieu-b-4809","Inverse variance weighted","32",0.771897203463787,0.30963092276154,0.012668346450384
"ieu-b-4877","finn-b-I9_IHD","Ischaemic heart disease, wide definition || id:finn-b-I9_IHD","smoking initiation || id:ieu-b-4877","Inverse variance weighted","83",0.202631984122031,0.0549132574802295,0.000224220919931307
"ieu-b-4879","finn-b-I9_IHD","Ischaemic heart disease, wide definition || id:finn-b-I9_IHD","telomere length || id:ieu-b-4879","Inverse variance weighted","134",-0.14442567781043,0.0526173797286766,0.00605425473641585
"ieu-b-5089","finn-b-I9_IHD","Ischaemic heart disease, wide definition || id:finn-b-I9_IHD","LDL cholesterol || id:ieu-b-5089","Inverse variance weighted","72",0.519544594673077,0.0993564707443955,1.70340243703104e-07
"ieu-b-5106","finn-b-I9_IHD","Ischaemic heart disease, wide definition || id:finn-b-I9_IHD","Age at menarche || id:ieu-b-5106","Inverse variance weighted","159",-0.0806161152266875,0.0303321179302177,0.00786570758837024
"ieu-b-5107","finn-b-I9_IHD","Ischaemic heart disease, wide definition || id:finn-b-I9_IHD","Comparative body size at age 10, Males and Females || id:ieu-b-5107","Inverse variance weighted","203",0.224759058311602,0.0773564236255476,0.00366667311548109
"met-a-304","finn-b-I9_IHD","Ischaemic heart disease, wide definition || id:finn-b-I9_IHD","Tryptophan || id:met-a-304","Inverse variance weighted","19",-1.18326461615861,0.494441714760602,0.0167051998045851
"met-a-307","finn-b-I9_IHD","Ischaemic heart disease, wide definition || id:finn-b-I9_IHD","Cholesterol || id:met-a-307","Inverse variance weighted","2",5.94843070269658,1.14707864133997,2.15179835746685e-07
"met-a-331","finn-b-I9_IHD","Ischaemic heart disease, wide definition || id:finn-b-I9_IHD","Stearate (18:0) || id:met-a-331","Inverse variance weighted","2",1.9570905709248,0.615219063977336,0.00146702812108555
"met-a-339","finn-b-I9_IHD","Ischaemic heart disease, wide definition || id:finn-b-I9_IHD","4-acetamidobutanoate || id:met-a-339","Inverse variance weighted","2",0.942601296403534,0.385322527753255,0.0144344568240449
"met-a-373","finn-b-I9_IHD","Ischaemic heart disease, wide definition || id:finn-b-I9_IHD","X-03094 || id:met-a-373","Inverse variance weighted","5",1.51872802945889,0.759697642272029,0.0455951895637925
"met-a-379","finn-b-I9_IHD","Ischaemic heart disease, wide definition || id:finn-b-I9_IHD","Carnitine || id:met-a-379","Inverse variance weighted","16",0.982243314659859,0.400014795296523,0.0140681917982627
"met-a-383","finn-b-I9_IHD","Ischaemic heart disease, wide definition || id:finn-b-I9_IHD","3-methyl-2-oxovalerate || id:met-a-383","Inverse variance weighted","3",1.27615459429309,0.549522867107359,0.0202170186416816
"met-a-419","finn-b-I9_IHD","Ischaemic heart disease, wide definition || id:finn-b-I9_IHD","1,5-anhydroglucitol (1,5-AG) || id:met-a-419","Inverse variance weighted","3",0.523699131359836,0.262538400421788,0.0460698799953381
"met-a-435","finn-b-I9_IHD","Ischaemic heart disease, wide definition || id:finn-b-I9_IHD","X-08988 || id:met-a-435","Inverse variance weighted","2",-0.808779635578158,0.343748398807809,0.0186314280417764
"met-a-509","finn-b-I9_IHD","Ischaemic heart disease, wide definition || id:finn-b-I9_IHD","X-11423--O-sulfo-L-tyrosine || id:met-a-509","Inverse variance weighted","2",-1.60761448969524,0.67001065015375,0.0164225714567932
"met-a-510","finn-b-I9_IHD","Ischaemic heart disease, wide definition || id:finn-b-I9_IHD","X-09789 || id:met-a-510","Inverse variance weighted","2",0.411341891829268,0.194741392582943,0.0346652825477326
"met-a-513","finn-b-I9_IHD","Ischaemic heart disease, wide definition || id:finn-b-I9_IHD","X-11440 || id:met-a-513","Inverse variance weighted","3",-0.217983083692095,0.0888481136254155,0.0141499056360126
"met-a-524","finn-b-I9_IHD","Ischaemic heart disease, wide definition || id:finn-b-I9_IHD","X-11491 || id:met-a-524","Inverse variance weighted","3",-0.378569137718458,0.134411938045819,0.00485523884047409
"met-a-528","finn-b-I9_IHD","Ischaemic heart disease, wide definition || id:finn-b-I9_IHD","X-11529 || id:met-a-528","Inverse variance weighted","2",-0.138477155885923,0.0446816151817174,0.00194045534483129
"met-a-531","finn-b-I9_IHD","Ischaemic heart disease, wide definition || id:finn-b-I9_IHD","X-11538 || id:met-a-531","Inverse variance weighted","3",-0.380004131722758,0.11896092159536,0.00140140740309694
"met-a-536","finn-b-I9_IHD","Ischaemic heart disease, wide definition || id:finn-b-I9_IHD","X-11593--O-methylascorbate* || id:met-a-536","Inverse variance weighted","6",-0.493602037698823,0.213837077131983,0.0209819593388584
"met-a-558","finn-b-I9_IHD","Ischaemic heart disease, wide definition || id:finn-b-I9_IHD","1-arachidonoylglycerophosphocholine* || id:met-a-558","Inverse variance weighted","3",0.48597040848218,0.225252439582308,0.0309707804566915
"met-a-560","finn-b-I9_IHD","Ischaemic heart disease, wide definition || id:finn-b-I9_IHD","X-11905 || id:met-a-560","Inverse variance weighted","2",-0.475160281218562,0.159155930528378,0.00283113680348705
"met-a-568","finn-b-I9_IHD","Ischaemic heart disease, wide definition || id:finn-b-I9_IHD","X-12040 || id:met-a-568","Inverse variance weighted","2",0.0739838509992359,0.0370612247067146,0.0459055985434598
"met-a-602","finn-b-I9_IHD","Ischaemic heart disease, wide definition || id:finn-b-I9_IHD","1-eicosatrienoylglycerophosphocholine* || id:met-a-602","Inverse variance weighted","2",-1.02302425976033,0.351873754879298,0.00364491537789044
"met-a-613","finn-b-I9_IHD","Ischaemic heart disease, wide definition || id:finn-b-I9_IHD","X-12456 || id:met-a-613","Inverse variance weighted","2",-0.482736791137457,0.153021253645648,0.0016066090594497
"met-a-633","finn-b-I9_IHD","Ischaemic heart disease, wide definition || id:finn-b-I9_IHD","X-12556 || id:met-a-633","Inverse variance weighted","2",-0.851876130843471,0.41900823893378,0.0420447159697812
"met-a-683","finn-b-I9_IHD","Ischaemic heart disease, wide definition || id:finn-b-I9_IHD","X-13429 || id:met-a-683","Inverse variance weighted","3",-0.28163069400775,0.0840383133395165,0.000804569872102289
"met-a-712","finn-b-I9_IHD","Ischaemic heart disease, wide definition || id:finn-b-I9_IHD","Dihomo-linolenate (20:3n3 or n6) || id:met-a-712","Inverse variance weighted","2",-1.00349784905798,0.421969886009435,0.0174008462008776
"met-a-720","finn-b-I9_IHD","Ischaemic heart disease, wide definition || id:finn-b-I9_IHD","X-14205--alpha-glutamyltyrosine || id:met-a-720","Inverse variance weighted","2",0.420870580655439,0.190947190808511,0.027515884439682
"met-a-721","finn-b-I9_IHD","Ischaemic heart disease, wide definition || id:finn-b-I9_IHD","X-14208--phenylalanylserine || id:met-a-721","Inverse variance weighted","2",0.33210146102818,0.151280938998613,0.0281447312177732
"met-a-729","finn-b-I9_IHD","Ischaemic heart disease, wide definition || id:finn-b-I9_IHD","X-14626 || id:met-a-729","Inverse variance weighted","2",-0.673806868260984,0.335696338977287,0.044729266803885
"met-a-735","finn-b-I9_IHD","Ischaemic heart disease, wide definition || id:finn-b-I9_IHD","Octadecanedioate || id:met-a-735","Inverse variance weighted","2",-1.16208484236807,0.318321405209652,0.000261562118998547
"met-a-748","finn-b-I9_IHD","Ischaemic heart disease, wide definition || id:finn-b-I9_IHD","4-androsten-3beta,17beta-diol disulfate 2* || id:met-a-748","Inverse variance weighted","2",-0.723290389230386,0.226969579195973,0.00143891858833453
"met-a-751","finn-b-I9_IHD","Ischaemic heart disease, wide definition || id:finn-b-I9_IHD","Palmitoyl sphingomyelin || id:met-a-751","Inverse variance weighted","2",4.13348554985612,1.75451019642187,0.0184768995999874
"met-c-838","finn-b-I9_IHD","Ischaemic heart disease, wide definition || id:finn-b-I9_IHD","Acetoacetate || id:met-c-838","Inverse variance weighted","2",0.682687591545508,0.338259508041386,0.0435666654176936
"met-c-843","finn-b-I9_IHD","Ischaemic heart disease, wide definition || id:finn-b-I9_IHD","Apolipoprotein B || id:met-c-843","Inverse variance weighted","20",0.464235758531373,0.0558004864379128,8.82869349308864e-17
"met-c-852","finn-b-I9_IHD","Ischaemic heart disease, wide definition || id:finn-b-I9_IHD","22:6, docosahexaenoic acid || id:met-c-852","Inverse variance weighted","5",0.250021415726255,0.114395962367554,0.0288464186688941
"met-c-853","finn-b-I9_IHD","Ischaemic heart disease, wide definition || id:finn-b-I9_IHD","Free cholesterol to esterified cholesterol ratio || id:met-c-853","Inverse variance weighted","15",0.387424532930735,0.070664941647673,4.19223122489387e-08
"met-c-855","finn-b-I9_IHD","Ischaemic heart disease, wide definition || id:finn-b-I9_IHD","Omega-3 fatty acids || id:met-c-855","Inverse variance weighted","5",0.261537811753636,0.0977871557439858,0.00748269368140928
"met-c-856","finn-b-I9_IHD","Ischaemic heart disease, wide definition || id:finn-b-I9_IHD","Omega-6 fatty acids || id:met-c-856","Inverse variance weighted","11",0.391226383352443,0.104958084024113,0.000193424191546949
"met-c-857","finn-b-I9_IHD","Ischaemic heart disease, wide definition || id:finn-b-I9_IHD","Omega-7, omega-9 and saturated fatty acids || id:met-c-857","Inverse variance weighted","7",0.289465934856057,0.101715003870446,0.00442926558087772
"met-c-858","finn-b-I9_IHD","Ischaemic heart disease, wide definition || id:finn-b-I9_IHD","Free cholesterol || id:met-c-858","Inverse variance weighted","14",0.324513812184297,0.0837544164779965,0.000106805478086746
"met-c-862","finn-b-I9_IHD","Ischaemic heart disease, wide definition || id:finn-b-I9_IHD","Glycoproteins || id:met-c-862","Inverse variance weighted","12",-0.0697776513713152,0.020895006025861,0.000839470138909861
"met-c-867","finn-b-I9_IHD","Ischaemic heart disease, wide definition || id:finn-b-I9_IHD","Total cholesterol in IDL || id:met-c-867","Inverse variance weighted","20",0.360679723836403,0.04915315074471,2.17010120823475e-13
"met-c-868","finn-b-I9_IHD","Ischaemic heart disease, wide definition || id:finn-b-I9_IHD","Free cholesterol in IDL || id:met-c-868","Inverse variance weighted","18",0.377846164686689,0.0526244731789603,6.9687710723422e-13
"met-c-869","finn-b-I9_IHD","Ischaemic heart disease, wide definition || id:finn-b-I9_IHD","Total lipids in IDL || id:met-c-869","Inverse variance weighted","21",0.371641064029259,0.0540038690048149,5.91221775582596e-12
"met-c-870","finn-b-I9_IHD","Ischaemic heart disease, wide definition || id:finn-b-I9_IHD","Concentration of IDL particles || id:met-c-870","Inverse variance weighted","19",0.380700279028012,0.0589313228938046,1.04656813625961e-10
"met-c-871","finn-b-I9_IHD","Ischaemic heart disease, wide definition || id:finn-b-I9_IHD","Phospholipids in IDL || id:met-c-871","Inverse variance weighted","21",0.384032522403017,0.0551607719970081,3.35336152559278e-12
"met-c-872","finn-b-I9_IHD","Ischaemic heart disease, wide definition || id:finn-b-I9_IHD","Triglycerides in IDL || id:met-c-872","Inverse variance weighted","21",0.261846609640945,0.0755094825552761,0.000524871474107196
"met-c-880","finn-b-I9_IHD","Ischaemic heart disease, wide definition || id:finn-b-I9_IHD","Total cholesterol in large LDL || id:met-c-880","Inverse variance weighted","22",0.374312632701787,0.0503392617130402,1.03937767904158e-13
"met-c-881","finn-b-I9_IHD","Ischaemic heart disease, wide definition || id:finn-b-I9_IHD","Cholesterol esters in large VLDL || id:met-c-881","Inverse variance weighted","23",0.377796753183349,0.0474503265358489,1.69359708213201e-15
"met-c-882","finn-b-I9_IHD","Ischaemic heart disease, wide definition || id:finn-b-I9_IHD","Free cholesterol in large LDL || id:met-c-882","Inverse variance weighted","18",0.379058497818244,0.0473855902841296,1.24979663644862e-15
"met-c-883","finn-b-I9_IHD","Ischaemic heart disease, wide definition || id:finn-b-I9_IHD","Total lipids in large LDL || id:met-c-883","Inverse variance weighted","24",0.371583699405279,0.0465604442661196,1.45537079002584e-15
"met-c-884","finn-b-I9_IHD","Ischaemic heart disease, wide definition || id:finn-b-I9_IHD","Concentration of large LDL particles || id:met-c-884","Inverse variance weighted","23",0.371610089028886,0.0486530791363987,2.20696851258897e-14
"met-c-885","finn-b-I9_IHD","Ischaemic heart disease, wide definition || id:finn-b-I9_IHD","Phospholipids in large LDL || id:met-c-885","Inverse variance weighted","22",0.390965361760978,0.0509856832929988,1.74508243549765e-14
"met-c-886","finn-b-I9_IHD","Ischaemic heart disease, wide definition || id:finn-b-I9_IHD","Total cholesterol in large VLDL || id:met-c-886","Inverse variance weighted","9",0.316106546072762,0.0578788756196073,4.72079219933701e-08
"met-c-887","finn-b-I9_IHD","Ischaemic heart disease, wide definition || id:finn-b-I9_IHD","Cholesterol esters in large VLDL || id:met-c-887","Inverse variance weighted","11",0.315607530980802,0.0574328926165138,3.90179326490749e-08
"met-c-891","finn-b-I9_IHD","Ischaemic heart disease, wide definition || id:finn-b-I9_IHD","Phospholipids in large VLDL || id:met-c-891","Inverse variance weighted","7",0.333438524943882,0.0712193231417106,2.84290923730765e-06
"met-c-893","finn-b-I9_IHD","Ischaemic heart disease, wide definition || id:finn-b-I9_IHD","18:2, linoleic acid (LA) || id:met-c-893","Inverse variance weighted","14",0.307361690983985,0.0902781633859015,0.000662592717701115
"met-c-894","finn-b-I9_IHD","Ischaemic heart disease, wide definition || id:finn-b-I9_IHD","Lactate || id:met-c-894","Inverse variance weighted","2",0.376041695000837,0.147704114886789,0.0108992626029015
"met-c-895","finn-b-I9_IHD","Ischaemic heart disease, wide definition || id:finn-b-I9_IHD","Total cholesterol in LDL || id:met-c-895","Inverse variance weighted","23",0.365410654354205,0.0504629671263257,4.44847904369766e-13
"met-c-897","finn-b-I9_IHD","Ischaemic heart disease, wide definition || id:finn-b-I9_IHD","Leucine || id:met-c-897","Inverse variance weighted","3",0.201003284760307,0.0784454597202791,0.010397197861524
"met-c-904","finn-b-I9_IHD","Ischaemic heart disease, wide definition || id:finn-b-I9_IHD","Total cholesterol in medium LDL || id:met-c-904","Inverse variance weighted","21",0.374620411822828,0.0548549334136676,8.53341396859961e-12
"met-c-905","finn-b-I9_IHD","Ischaemic heart disease, wide definition || id:finn-b-I9_IHD","Cholesterol esters in medium LDL || id:met-c-905","Inverse variance weighted","22",0.37281518397675,0.0518014134242459,6.15481779429413e-13
"met-c-906","finn-b-I9_IHD","Ischaemic heart disease, wide definition || id:finn-b-I9_IHD","Total lipids in medium LDL || id:met-c-906","Inverse variance weighted","21",0.378293732069496,0.0535022620199758,1.54251957172009e-12
"met-c-907","finn-b-I9_IHD","Ischaemic heart disease, wide definition || id:finn-b-I9_IHD","Concentration of medium LDL particles || id:met-c-907","Inverse variance weighted","21",0.381028224540369,0.0544943074555315,2.70852146751845e-12
"met-c-908","finn-b-I9_IHD","Ischaemic heart disease, wide definition || id:finn-b-I9_IHD","Phospholipids in medium LDL || id:met-c-908","Inverse variance weighted","18",0.413972396437103,0.0628846570183168,4.60916002089235e-11
"met-c-909","finn-b-I9_IHD","Ischaemic heart disease, wide definition || id:finn-b-I9_IHD","Total cholesterol in medium VLDL || id:met-c-909","Inverse variance weighted","14",0.389288487313073,0.0674879029062003,8.00891277723624e-09
"met-c-910","finn-b-I9_IHD","Ischaemic heart disease, wide definition || id:finn-b-I9_IHD","Cholesterol esters in medium VLDL || id:met-c-910","Inverse variance weighted","14",0.426657206629046,0.0628340406914594,1.11959628184742e-11
"met-c-911","finn-b-I9_IHD","Ischaemic heart disease, wide definition || id:finn-b-I9_IHD","Free cholesterol in medium VLDL || id:met-c-911","Inverse variance weighted","10",0.384815404078512,0.0698696076422535,3.63712869994267e-08
"met-c-912","finn-b-I9_IHD","Ischaemic heart disease, wide definition || id:finn-b-I9_IHD","Total lipids in medium VLDL || id:met-c-912","Inverse variance weighted","11",0.334370394172132,0.0502368682831227,2.81616537541484e-11
"met-c-913","finn-b-I9_IHD","Ischaemic heart disease, wide definition || id:finn-b-I9_IHD","Concentration of medium VLDL particles || id:met-c-913","Inverse variance weighted","13",0.321565590420372,0.0525942533991155,9.71142194436929e-10
"met-c-914","finn-b-I9_IHD","Ischaemic heart disease, wide definition || id:finn-b-I9_IHD","Phospholipids in medium VLDL || id:met-c-914","Inverse variance weighted","13",0.354197603711594,0.0648035009082685,4.61039105075981e-08
"met-c-915","finn-b-I9_IHD","Ischaemic heart disease, wide definition || id:finn-b-I9_IHD","Triglycerides in medium VLDL || id:met-c-915","Inverse variance weighted","12",0.294782692361304,0.0530871702800261,2.8112198969114e-08
"met-c-916","finn-b-I9_IHD","Ischaemic heart disease, wide definition || id:finn-b-I9_IHD","Mono-unsaturated fatty acids || id:met-c-916","Inverse variance weighted","7",0.294021447079055,0.103662467355519,0.00456346028583282
"met-c-917","finn-b-I9_IHD","Ischaemic heart disease, wide definition || id:finn-b-I9_IHD","Other polyunsaturated fatty acids than 18:2 || id:met-c-917","Inverse variance weighted","9",0.0972537561632884,0.0495036839051773,0.0494633159717218
"met-c-923","finn-b-I9_IHD","Ischaemic heart disease, wide definition || id:finn-b-I9_IHD","Triglycerides in small HDL || id:met-c-923","Inverse variance weighted","11",0.311369607284145,0.090437092254942,0.000575424025300133
"met-c-924","finn-b-I9_IHD","Ischaemic heart disease, wide definition || id:finn-b-I9_IHD","Total cholesterol in small LDL || id:met-c-924","Inverse variance weighted","17",0.405411828343747,0.0640468547210099,2.45279363398283e-10
"met-c-925","finn-b-I9_IHD","Ischaemic heart disease, wide definition || id:finn-b-I9_IHD","Total lipids in small LDL || id:met-c-925","Inverse variance weighted","20",0.413244860361209,0.0618299631370316,2.33191070455272e-11
"met-c-926","finn-b-I9_IHD","Ischaemic heart disease, wide definition || id:finn-b-I9_IHD","Concentration of small LDL particles || id:met-c-926","Inverse variance weighted","16",0.434207743862909,0.069293394182251,3.69914486902815e-10
"met-c-927","finn-b-I9_IHD","Ischaemic heart disease, wide definition || id:finn-b-I9_IHD","Total cholesterol in small VLDL || id:met-c-927","Inverse variance weighted","16",0.463141060144014,0.072145002091391,1.36645260975002e-10
"met-c-928","finn-b-I9_IHD","Ischaemic heart disease, wide definition || id:finn-b-I9_IHD","Free cholesterol in small VLDL || id:met-c-928","Inverse variance weighted","14",0.413924986010301,0.0654400504103277,2.52815235786305e-10
"met-c-929","finn-b-I9_IHD","Ischaemic heart disease, wide definition || id:finn-b-I9_IHD","Total lipids in small VLDL || id:met-c-929","Inverse variance weighted","13",0.42606056306306,0.0667117026542266,1.69621132608821e-10
"met-c-930","finn-b-I9_IHD","Ischaemic heart disease, wide definition || id:finn-b-I9_IHD","Concentration of small VLDL particles || id:met-c-930","Inverse variance weighted","15",0.405508701217436,0.0656582113617017,6.57232478396414e-10
"met-c-931","finn-b-I9_IHD","Ischaemic heart disease, wide definition || id:finn-b-I9_IHD","Phospholipids in small VLDL || id:met-c-931","Inverse variance weighted","14",0.408989252315473,0.072159157634314,1.44577426774774e-08
"met-c-932","finn-b-I9_IHD","Ischaemic heart disease, wide definition || id:finn-b-I9_IHD","Triglycerides in small VLDL || id:met-c-932","Inverse variance weighted","13",0.299841627027753,0.0501084783416248,2.1792378205347e-09
"met-c-933","finn-b-I9_IHD","Ischaemic heart disease, wide definition || id:finn-b-I9_IHD","Serum total cholesterol || id:met-c-933","Inverse variance weighted","23",0.414816095254507,0.0591318071174929,2.29769118201058e-12
"met-c-934","finn-b-I9_IHD","Ischaemic heart disease, wide definition || id:finn-b-I9_IHD","Serum total triglycerides || id:met-c-934","Inverse variance weighted","11",0.355106157677715,0.049442768958253,6.86157035457178e-13
"met-c-935","finn-b-I9_IHD","Ischaemic heart disease, wide definition || id:finn-b-I9_IHD","Sphingomyelins || id:met-c-935","Inverse variance weighted","9",0.3375003440908,0.12963614128567,0.00922925309334003
"met-c-936","finn-b-I9_IHD","Ischaemic heart disease, wide definition || id:finn-b-I9_IHD","Total fatty acids || id:met-c-936","Inverse variance weighted","12",0.390840992773879,0.0924999095221367,2.38609783310475e-05
"met-c-937","finn-b-I9_IHD","Ischaemic heart disease, wide definition || id:finn-b-I9_IHD","Total phosphoglycerides || id:met-c-937","Inverse variance weighted","8",0.275210166079264,0.132264027363878,0.0374555547285565
"met-c-953","finn-b-I9_IHD","Ischaemic heart disease, wide definition || id:finn-b-I9_IHD","Total lipids in very small VLDL || id:met-c-953","Inverse variance weighted","21",0.33410817802948,0.0644380064865625,2.16066775158227e-07
"met-c-954","finn-b-I9_IHD","Ischaemic heart disease, wide definition || id:finn-b-I9_IHD","Concentration of very small VLDL particles || id:met-c-954","Inverse variance weighted","21",0.342339250817859,0.0618444120830173,3.10355829708759e-08
"met-c-955","finn-b-I9_IHD","Ischaemic heart disease, wide definition || id:finn-b-I9_IHD","Phospholipids in very small VLDL || id:met-c-955","Inverse variance weighted","21",0.375913990522702,0.0623607948721926,1.65949699592882e-09
"met-c-956","finn-b-I9_IHD","Ischaemic heart disease, wide definition || id:finn-b-I9_IHD","Triglycerides in very small VLDL || id:met-c-956","Inverse variance weighted","19",0.346093596089459,0.0668858636806089,2.28655820678029e-07
"met-d-ApoB","finn-b-I9_IHD","Ischaemic heart disease, wide definition || id:finn-b-I9_IHD","Apolipoprotein B || id:met-d-ApoB","Inverse variance weighted","48",0.543294979777621,0.0710978673018045,2.14690824018755e-14
"met-d-ApoB_by_ApoA1","finn-b-I9_IHD","Ischaemic heart disease, wide definition || id:finn-b-I9_IHD","Ratio of apolipoprotein B to apolipoprotein A1 || id:met-d-ApoB_by_ApoA1","Inverse variance weighted","66",0.55512099954287,0.0642237827139822,5.44964066603596e-18
"met-d-Clinical_LDL_C","finn-b-I9_IHD","Ischaemic heart disease, wide definition || id:finn-b-I9_IHD","Clinical LDL cholesterol || id:met-d-Clinical_LDL_C","Inverse variance weighted","44",0.592916620379707,0.0563134574997503,6.35987065151051e-26
"met-d-Gly","finn-b-I9_IHD","Ischaemic heart disease, wide definition || id:finn-b-I9_IHD","Glycine || id:met-d-Gly","Inverse variance weighted","39",-0.0732101407511772,0.0265918951939739,0.00590339011692175
"met-d-HDL_C","finn-b-I9_IHD","Ischaemic heart disease, wide definition || id:finn-b-I9_IHD","HDL cholesterol || id:met-d-HDL_C","Inverse variance weighted","86",-0.158162630801206,0.0533811482165221,0.00304762481066281
"met-d-HDL_CE","finn-b-I9_IHD","Ischaemic heart disease, wide definition || id:finn-b-I9_IHD","Cholesteryl esters in HDL || id:met-d-HDL_CE","Inverse variance weighted","84",-0.169928404409724,0.0538159920663654,0.0015908352286152
"met-d-HDL_FC","finn-b-I9_IHD","Ischaemic heart disease, wide definition || id:finn-b-I9_IHD","Free cholesterol in HDL || id:met-d-HDL_FC","Inverse variance weighted","77",-0.104230554841674,0.0526661721479729,0.0478070279334194
"met-d-HDL_L","finn-b-I9_IHD","Ischaemic heart disease, wide definition || id:finn-b-I9_IHD","Total lipids in HDL || id:met-d-HDL_L","Inverse variance weighted","77",-0.142983514688684,0.0601897778787977,0.0175230644204507
"met-d-HDL_PL","finn-b-I9_IHD","Ischaemic heart disease, wide definition || id:finn-b-I9_IHD","Phospholipids in HDL || id:met-d-HDL_PL","Inverse variance weighted","68",-0.121622651600476,0.0565629318814681,0.0315379507723519
"met-d-HDL_TG","finn-b-I9_IHD","Ischaemic heart disease, wide definition || id:finn-b-I9_IHD","Triglycerides in HDL || id:met-d-HDL_TG","Inverse variance weighted","60",0.16576832467538,0.0675594926880656,0.0141408869507721
"met-d-HDL_size","finn-b-I9_IHD","Ischaemic heart disease, wide definition || id:finn-b-I9_IHD","Average diameter for HDL particles || id:met-d-HDL_size","Inverse variance weighted","92",-0.146432743267259,0.0528319147666897,0.00557691859450861
"met-d-IDL_C","finn-b-I9_IHD","Ischaemic heart disease, wide definition || id:finn-b-I9_IHD","Cholesterol in IDL || id:met-d-IDL_C","Inverse variance weighted","61",0.450793940477304,0.0865501406539141,1.9040259450355e-07
"met-d-IDL_CE","finn-b-I9_IHD","Ischaemic heart disease, wide definition || id:finn-b-I9_IHD","Cholesteryl esters in IDL || id:met-d-IDL_CE","Inverse variance weighted","59",0.450731192999972,0.0891466098863382,4.27992016734929e-07
"met-d-IDL_FC","finn-b-I9_IHD","Ischaemic heart disease, wide definition || id:finn-b-I9_IHD","Free cholesterol in IDL || id:met-d-IDL_FC","Inverse variance weighted","61",0.400882498098196,0.0815628900646279,8.87774956589009e-07
"met-d-IDL_L","finn-b-I9_IHD","Ischaemic heart disease, wide definition || id:finn-b-I9_IHD","Total lipids in IDL || id:met-d-IDL_L","Inverse variance weighted","56",0.438207830280908,0.0751278657789396,5.44961228483691e-09
"met-d-IDL_P","finn-b-I9_IHD","Ischaemic heart disease, wide definition || id:finn-b-I9_IHD","Concentration of IDL particles || id:met-d-IDL_P","Inverse variance weighted","44",0.533459417146315,0.0710735628458954,6.10842964129567e-14
"met-d-IDL_PL","finn-b-I9_IHD","Ischaemic heart disease, wide definition || id:finn-b-I9_IHD","Phospholipids in IDL || id:met-d-IDL_PL","Inverse variance weighted","57",0.43046995329588,0.0656684845864187,5.55679017675536e-11
"met-d-IDL_TG","finn-b-I9_IHD","Ischaemic heart disease, wide definition || id:finn-b-I9_IHD","Triglycerides in IDL || id:met-d-IDL_TG","Inverse variance weighted","57",0.198366685338768,0.0540392616380879,0.000241803627755536
"met-d-LA","finn-b-I9_IHD","Ischaemic heart disease, wide definition || id:finn-b-I9_IHD","Linoleic acid || id:met-d-LA","Inverse variance weighted","46",0.245390521299378,0.0981607357124402,0.0124233732777174
"met-d-LA_pct","finn-b-I9_IHD","Ischaemic heart disease, wide definition || id:finn-b-I9_IHD","Ratio of linoleic acid to total fatty acids || id:met-d-LA_pct","Inverse variance weighted","32",-0.231347681871934,0.0942518656660083,0.0141053699026739
"met-d-LDL_C","finn-b-I9_IHD","Ischaemic heart disease, wide definition || id:finn-b-I9_IHD","LDL cholesterol || id:met-d-LDL_C","Inverse variance weighted","46",0.583703698197626,0.0619003024034052,4.11110499583773e-21
"met-d-LDL_CE","finn-b-I9_IHD","Ischaemic heart disease, wide definition || id:finn-b-I9_IHD","Cholesteryl esters in LDL || id:met-d-LDL_CE","Inverse variance weighted","44",0.593593413342144,0.0669059630684686,7.18080171297432e-19
"met-d-LDL_FC","finn-b-I9_IHD","Ischaemic heart disease, wide definition || id:finn-b-I9_IHD","Free cholesterol in LDL || id:met-d-LDL_FC","Inverse variance weighted","52",0.530764608849127,0.0588896539937109,2.00738971904009e-19
"met-d-LDL_L","finn-b-I9_IHD","Ischaemic heart disease, wide definition || id:finn-b-I9_IHD","Total lipids in LDL || id:met-d-LDL_L","Inverse variance weighted","45",0.574785430772206,0.0627436805693592,5.14902417536039e-20
"met-d-LDL_P","finn-b-I9_IHD","Ischaemic heart disease, wide definition || id:finn-b-I9_IHD","Concentration of LDL particles || id:met-d-LDL_P","Inverse variance weighted","50",0.565151402106373,0.0579534095552241,1.81184647972025e-22
"met-d-LDL_PL","finn-b-I9_IHD","Ischaemic heart disease, wide definition || id:finn-b-I9_IHD","Phospholipids in LDL || id:met-d-LDL_PL","Inverse variance weighted","48",0.581388432658227,0.059629921103473,1.84568800859853e-22
"met-d-LDL_TG","finn-b-I9_IHD","Ischaemic heart disease, wide definition || id:finn-b-I9_IHD","Triglycerides in LDL || id:met-d-LDL_TG","Inverse variance weighted","63",0.262346957561772,0.0592471100002579,9.51052877959427e-06
"met-d-LDL_size","finn-b-I9_IHD","Ischaemic heart disease, wide definition || id:finn-b-I9_IHD","Average diameter for LDL particles || id:met-d-LDL_size","Inverse variance weighted","34",0.402344615801003,0.194446642872027,0.0385294345323176
"met-d-L_HDL_C","finn-b-I9_IHD","Ischaemic heart disease, wide definition || id:finn-b-I9_IHD","Cholesterol in large HDL || id:met-d-L_HDL_C","Inverse variance weighted","96",-0.169985919096858,0.0448454144533645,0.000150352760994423
"met-d-L_HDL_CE","finn-b-I9_IHD","Ischaemic heart disease, wide definition || id:finn-b-I9_IHD","Cholesteryl esters in large HDL || id:met-d-L_HDL_CE","Inverse variance weighted","98",-0.173841518037593,0.0444715469922163,9.26596373697401e-05
"met-d-L_HDL_CE_pct","finn-b-I9_IHD","Ischaemic heart disease, wide definition || id:finn-b-I9_IHD","Cholesteryl esters to total lipids ratio in large HDL || id:met-d-L_HDL_CE_pct","Inverse variance weighted","62",-0.290583309516826,0.0609218682015902,1.84436229020652e-06
"met-d-L_HDL_C_pct","finn-b-I9_IHD","Ischaemic heart disease, wide definition || id:finn-b-I9_IHD","Cholesterol to total lipids ratio in large HDL || id:met-d-L_HDL_C_pct","Inverse variance weighted","75",-0.214324997970898,0.0640660700477607,0.000821715326597939
"met-d-L_HDL_FC","finn-b-I9_IHD","Ischaemic heart disease, wide definition || id:finn-b-I9_IHD","Free cholesterol in large HDL || id:met-d-L_HDL_FC","Inverse variance weighted","92",-0.14185710869903,0.0465846221185603,0.00232565174203391
"met-d-L_HDL_L","finn-b-I9_IHD","Ischaemic heart disease, wide definition || id:finn-b-I9_IHD","Total lipids in large HDL || id:met-d-L_HDL_L","Inverse variance weighted","95",-0.148115082026016,0.0481809267340708,0.00211107872375197
"met-d-L_HDL_P","finn-b-I9_IHD","Ischaemic heart disease, wide definition || id:finn-b-I9_IHD","Concentration of large HDL particles || id:met-d-L_HDL_P","Inverse variance weighted","90",-0.132241471404436,0.0471583326941704,0.00504413565590651
"met-d-L_HDL_PL","finn-b-I9_IHD","Ischaemic heart disease, wide definition || id:finn-b-I9_IHD","Phospholipids in large HDL || id:met-d-L_HDL_PL","Inverse variance weighted","82",-0.131052075970858,0.0498369018314496,0.00854805483381382
"met-d-L_HDL_TG_pct","finn-b-I9_IHD","Ischaemic heart disease, wide definition || id:finn-b-I9_IHD","Triglycerides to total lipids ratio in large HDL || id:met-d-L_HDL_TG_pct","Inverse variance weighted","68",0.299894911193918,0.0566161181831328,1.17728285604707e-07
"met-d-L_LDL_C","finn-b-I9_IHD","Ischaemic heart disease, wide definition || id:finn-b-I9_IHD","Cholesterol in large LDL || id:met-d-L_LDL_C","Inverse variance weighted","48",0.578642790418577,0.0578461449611448,1.4764757179061e-23
"met-d-L_LDL_CE","finn-b-I9_IHD","Ischaemic heart disease, wide definition || id:finn-b-I9_IHD","Cholesteryl esters in large LDL || id:met-d-L_LDL_CE","Inverse variance weighted","47",0.58920814894992,0.0595242266529128,4.22026713157011e-23
"met-d-L_LDL_FC","finn-b-I9_IHD","Ischaemic heart disease, wide definition || id:finn-b-I9_IHD","Free cholesterol in large LDL || id:met-d-L_LDL_FC","Inverse variance weighted","55",0.488340114072832,0.0724750292425566,1.60530246721074e-11
"met-d-L_LDL_FC_pct","finn-b-I9_IHD","Ischaemic heart disease, wide definition || id:finn-b-I9_IHD","Free cholesterol to total lipids ratio in large LDL || id:met-d-L_LDL_FC_pct","Inverse variance weighted","77",-0.170678406293262,0.0788571799083733,0.0304337356980256
"met-d-L_LDL_L","finn-b-I9_IHD","Ischaemic heart disease, wide definition || id:finn-b-I9_IHD","Total lipids in large LDL || id:met-d-L_LDL_L","Inverse variance weighted","46",0.579540692041651,0.0590695109480538,1.00798474820141e-22
"met-d-L_LDL_P","finn-b-I9_IHD","Ischaemic heart disease, wide definition || id:finn-b-I9_IHD","Concentration of large LDL particles || id:met-d-L_LDL_P","Inverse variance weighted","55",0.553115998580079,0.0581585512138628,1.89776613639215e-21
"met-d-L_LDL_PL","finn-b-I9_IHD","Ischaemic heart disease, wide definition || id:finn-b-I9_IHD","Phospholipids in large LDL || id:met-d-L_LDL_PL","Inverse variance weighted","46",0.577986722862819,0.0713039496576191,5.23321150150254e-16
"met-d-L_LDL_TG","finn-b-I9_IHD","Ischaemic heart disease, wide definition || id:finn-b-I9_IHD","Triglycerides in large LDL || id:met-d-L_LDL_TG","Inverse variance weighted","61",0.238119610486691,0.0588310447631986,5.17639863240183e-05
"met-d-L_VLDL_C","finn-b-I9_IHD","Ischaemic heart disease, wide definition || id:finn-b-I9_IHD","Cholesterol in large VLDL || id:met-d-L_VLDL_C","Inverse variance weighted","61",0.323869258274898,0.0631246297773178,2.88770663376641e-07
"met-d-L_VLDL_CE","finn-b-I9_IHD","Ischaemic heart disease, wide definition || id:finn-b-I9_IHD","Cholesteryl esters in large VLDL || id:met-d-L_VLDL_CE","Inverse variance weighted","57",0.395188553869756,0.0697021165218002,1.43066177923018e-08
"met-d-L_VLDL_CE_pct","finn-b-I9_IHD","Ischaemic heart disease, wide definition || id:finn-b-I9_IHD","Cholesteryl esters to total lipids ratio in large VLDL || id:met-d-L_VLDL_CE_pct","Inverse variance weighted","61",0.222357666821507,0.0924107795247257,0.0161199868089401
"met-d-L_VLDL_C_pct","finn-b-I9_IHD","Ischaemic heart disease, wide definition || id:finn-b-I9_IHD","Cholesterol to total lipids ratio in large VLDL || id:met-d-L_VLDL_C_pct","Inverse variance weighted","54",0.317216492561576,0.0941666145913719,0.000755310949152377
"met-d-L_VLDL_FC","finn-b-I9_IHD","Ischaemic heart disease, wide definition || id:finn-b-I9_IHD","Free cholesterol in large VLDL || id:met-d-L_VLDL_FC","Inverse variance weighted","57",0.232882066128866,0.0877148803846265,0.00793109315522751
"met-d-L_VLDL_FC_pct","finn-b-I9_IHD","Ischaemic heart disease, wide definition || id:finn-b-I9_IHD","Free cholesterol to total lipids ratio in large VLDL || id:met-d-L_VLDL_FC_pct","Inverse variance weighted","43",0.549374663768183,0.120489807433895,5.12727469417324e-06
"met-d-L_VLDL_L","finn-b-I9_IHD","Ischaemic heart disease, wide definition || id:finn-b-I9_IHD","Total lipids in large VLDL || id:met-d-L_VLDL_L","Inverse variance weighted","57",0.203622740958041,0.0869520368098856,0.0191919056855357
"met-d-L_VLDL_P","finn-b-I9_IHD","Ischaemic heart disease, wide definition || id:finn-b-I9_IHD","Concentration of large VLDL particles || id:met-d-L_VLDL_P","Inverse variance weighted","55",0.229424297774481,0.0887273050380294,0.00971747854105627
"met-d-L_VLDL_PL","finn-b-I9_IHD","Ischaemic heart disease, wide definition || id:finn-b-I9_IHD","Phospholipids in large VLDL || id:met-d-L_VLDL_PL","Inverse variance weighted","56",0.219423722630751,0.0865402829653036,0.0112283834575667
"met-d-L_VLDL_PL_pct","finn-b-I9_IHD","Ischaemic heart disease, wide definition || id:finn-b-I9_IHD","Phospholipids to total lipids ratio in large VLDL || id:met-d-L_VLDL_PL_pct","Inverse variance weighted","68",0.182481964239505,0.0678059336156006,0.00711872035021921
"met-d-L_VLDL_TG_pct","finn-b-I9_IHD","Ischaemic heart disease, wide definition || id:finn-b-I9_IHD","Triglycerides to total lipids ratio in large VLDL || id:met-d-L_VLDL_TG_pct","Inverse variance weighted","48",-0.387866859715959,0.0881851448877002,1.09089922856366e-05
"met-d-Lactate","finn-b-I9_IHD","Ischaemic heart disease, wide definition || id:finn-b-I9_IHD","Lactate || id:met-d-Lactate","Inverse variance weighted","10",0.391642492719539,0.195109119782649,0.0447177528464218
"met-d-MUFA","finn-b-I9_IHD","Ischaemic heart disease, wide definition || id:finn-b-I9_IHD","Monounsaturated fatty acids || id:met-d-MUFA","Inverse variance weighted","59",0.183267873473361,0.0855442162513833,0.0321632397901093
"met-d-M_HDL_C","finn-b-I9_IHD","Ischaemic heart disease, wide definition || id:finn-b-I9_IHD","Cholesterol in medium HDL || id:met-d-M_HDL_C","Inverse variance weighted","78",-0.187203100584776,0.0588493369079673,0.00146738708050094
"met-d-M_HDL_CE","finn-b-I9_IHD","Ischaemic heart disease, wide definition || id:finn-b-I9_IHD","Cholesteryl esters in medium HDL || id:met-d-M_HDL_CE","Inverse variance weighted","80",-0.233964454347717,0.0638763628481489,0.000249502107080958
"met-d-M_HDL_CE_pct","finn-b-I9_IHD","Ischaemic heart disease, wide definition || id:finn-b-I9_IHD","Cholesteryl esters to total lipids ratio in medium HDL || id:met-d-M_HDL_CE_pct","Inverse variance weighted","68",-0.243246257004886,0.0666499897122047,0.000262642006264446
"met-d-M_HDL_C_pct","finn-b-I9_IHD","Ischaemic heart disease, wide definition || id:finn-b-I9_IHD","Cholesterol to total lipids ratio in medium HDL || id:met-d-M_HDL_C_pct","Inverse variance weighted","80",-0.292982431128627,0.0522766943998995,2.08910106736335e-08
"met-d-M_HDL_FC","finn-b-I9_IHD","Ischaemic heart disease, wide definition || id:finn-b-I9_IHD","Free cholesterol in medium HDL || id:met-d-M_HDL_FC","Inverse variance weighted","77",-0.1505079436838,0.0628243104041406,0.0165888463613746
"met-d-M_HDL_FC_pct","finn-b-I9_IHD","Ischaemic heart disease, wide definition || id:finn-b-I9_IHD","Free cholesterol to total lipids ratio in medium HDL || id:met-d-M_HDL_FC_pct","Inverse variance weighted","82",-0.125877525194928,0.0616232802680834,0.041082706472598
"met-d-M_HDL_L","finn-b-I9_IHD","Ischaemic heart disease, wide definition || id:finn-b-I9_IHD","Total lipids in medium HDL || id:met-d-M_HDL_L","Inverse variance weighted","64",-0.153901512712631,0.0664648291148853,0.0205837745211417
"met-d-M_HDL_P","finn-b-I9_IHD","Ischaemic heart disease, wide definition || id:finn-b-I9_IHD","Concentration of medium HDL particles || id:met-d-M_HDL_P","Inverse variance weighted","70",-0.130980096546629,0.0604128024992918,0.030152212802038
"met-d-M_HDL_PL","finn-b-I9_IHD","Ischaemic heart disease, wide definition || id:finn-b-I9_IHD","Phospholipids in medium HDL || id:met-d-M_HDL_PL","Inverse variance weighted","61",-0.140285342899485,0.0643411596465876,0.0292325687245118
"met-d-M_HDL_PL_pct","finn-b-I9_IHD","Ischaemic heart disease, wide definition || id:finn-b-I9_IHD","Phospholipids to total lipids ratio in medium HDL || id:met-d-M_HDL_PL_pct","Inverse variance weighted","75",0.264493900362187,0.0651688743127166,4.93693911478529e-05
"met-d-M_HDL_TG_pct","finn-b-I9_IHD","Ischaemic heart disease, wide definition || id:finn-b-I9_IHD","Triglycerides to total lipids ratio in medium HDL || id:met-d-M_HDL_TG_pct","Inverse variance weighted","68",0.266582163227066,0.0479431614824027,2.69188950533458e-08
"met-d-M_LDL_C","finn-b-I9_IHD","Ischaemic heart disease, wide definition || id:finn-b-I9_IHD","Cholesterol in medium LDL || id:met-d-M_LDL_C","Inverse variance weighted","46",0.579122506160372,0.0687371388857834,3.60207797097165e-17
"met-d-M_LDL_CE","finn-b-I9_IHD","Ischaemic heart disease, wide definition || id:finn-b-I9_IHD","Cholesteryl esters in medium LDL || id:met-d-M_LDL_CE","Inverse variance weighted","49",0.533308917390049,0.0809791628562459,4.52579947337832e-11
"met-d-M_LDL_FC","finn-b-I9_IHD","Ischaemic heart disease, wide definition || id:finn-b-I9_IHD","Free cholesterol in medium LDL || id:met-d-M_LDL_FC","Inverse variance weighted","48",0.551735215409472,0.0645392566815019,1.24341136922817e-17
"met-d-M_LDL_FC_pct","finn-b-I9_IHD","Ischaemic heart disease, wide definition || id:finn-b-I9_IHD","Free cholesterol to total lipids ratio in medium LDL || id:met-d-M_LDL_FC_pct","Inverse variance weighted","72",-0.171962611167933,0.073391346450221,0.0191247124027708
"met-d-M_LDL_L","finn-b-I9_IHD","Ischaemic heart disease, wide definition || id:finn-b-I9_IHD","Total lipids in medium LDL || id:met-d-M_LDL_L","Inverse variance weighted","46",0.572493601290973,0.0694728411431781,1.71437718000912e-16
"met-d-M_LDL_P","finn-b-I9_IHD","Ischaemic heart disease, wide definition || id:finn-b-I9_IHD","Concentration of medium LDL particles || id:met-d-M_LDL_P","Inverse variance weighted","42",0.575622828574039,0.08595368025705,2.12893506927861e-11
"met-d-M_LDL_PL","finn-b-I9_IHD","Ischaemic heart disease, wide definition || id:finn-b-I9_IHD","Phospholipids in medium LDL || id:met-d-M_LDL_PL","Inverse variance weighted","46",0.555311924356685,0.0738987067382975,5.71283021340536e-14
"met-d-M_LDL_TG","finn-b-I9_IHD","Ischaemic heart disease, wide definition || id:finn-b-I9_IHD","Triglycerides in medium LDL || id:met-d-M_LDL_TG","Inverse variance weighted","59",0.266677869782466,0.0619288755657082,1.66085988338663e-05
"met-d-M_VLDL_C","finn-b-I9_IHD","Ischaemic heart disease, wide definition || id:finn-b-I9_IHD","Cholesterol in medium VLDL || id:met-d-M_VLDL_C","Inverse variance weighted","44",0.533925115543592,0.0779698788730067,7.49742878841906e-12
"met-d-M_VLDL_CE","finn-b-I9_IHD","Ischaemic heart disease, wide definition || id:finn-b-I9_IHD","Cholesteryl esters in medium VLDL || id:met-d-M_VLDL_CE","Inverse variance weighted","46",0.516200393785327,0.0734615764774759,2.11311812019623e-12
"met-d-M_VLDL_FC","finn-b-I9_IHD","Ischaemic heart disease, wide definition || id:finn-b-I9_IHD","Free cholesterol in medium VLDL || id:met-d-M_VLDL_FC","Inverse variance weighted","56",0.493325454968489,0.0789818935116319,4.20942040255561e-10
"met-d-M_VLDL_L","finn-b-I9_IHD","Ischaemic heart disease, wide definition || id:finn-b-I9_IHD","Total lipids in medium VLDL || id:met-d-M_VLDL_L","Inverse variance weighted","54",0.395833290558507,0.0684425072839062,7.31873061018121e-09
"met-d-M_VLDL_P","finn-b-I9_IHD","Ischaemic heart disease, wide definition || id:finn-b-I9_IHD","Concentration of medium VLDL particles || id:met-d-M_VLDL_P","Inverse variance weighted","58",0.458252112030248,0.0739983447141514,5.91292337660026e-10
"met-d-M_VLDL_PL","finn-b-I9_IHD","Ischaemic heart disease, wide definition || id:finn-b-I9_IHD","Phospholipids in medium VLDL || id:met-d-M_VLDL_PL","Inverse variance weighted","60",0.481511276194537,0.0728936690912569,3.95732555155136e-11
"met-d-M_VLDL_PL_pct","finn-b-I9_IHD","Ischaemic heart disease, wide definition || id:finn-b-I9_IHD","Phospholipids to total lipids ratio in medium VLDL || id:met-d-M_VLDL_PL_pct","Inverse variance weighted","59",0.258801502698327,0.0976154371240138,0.00801979239683533
"met-d-M_VLDL_TG","finn-b-I9_IHD","Ischaemic heart disease, wide definition || id:finn-b-I9_IHD","Triglycerides in medium VLDL || id:met-d-M_VLDL_TG","Inverse variance weighted","60",0.239328465516589,0.0780010328798014,0.00215299809634946
"met-d-Omega_6","finn-b-I9_IHD","Ischaemic heart disease, wide definition || id:finn-b-I9_IHD","Omega-6 fatty acids || id:met-d-Omega_6","Inverse variance weighted","52",0.310421708343144,0.0809068169989742,0.000124657730732228
"met-d-Omega_6_by_Omega_3","finn-b-I9_IHD","Ischaemic heart disease, wide definition || id:finn-b-I9_IHD","Ratio of omega-6 fatty acids to omega-3 fatty acids || id:met-d-Omega_6_by_Omega_3","Inverse variance weighted","35",-0.107554466644958,0.0480469013554668,0.025186463758381
"met-d-Omega_6_pct","finn-b-I9_IHD","Ischaemic heart disease, wide definition || id:finn-b-I9_IHD","Ratio of omega-6 fatty acids to total fatty acids || id:met-d-Omega_6_pct","Inverse variance weighted","46",-0.225877340518511,0.110719299935447,0.0413413590196371
"met-d-PUFA","finn-b-I9_IHD","Ischaemic heart disease, wide definition || id:finn-b-I9_IHD","Polyunsaturated fatty acids || id:met-d-PUFA","Inverse variance weighted","51",0.286235564245358,0.0743755439875585,0.000118834928824353
"met-d-Remnant_C","finn-b-I9_IHD","Ischaemic heart disease, wide definition || id:finn-b-I9_IHD","Remnant cholesterol (non-HDL, non-LDL -cholesterol) || id:met-d-Remnant_C","Inverse variance weighted","48",0.526754552865753,0.0780621034725805,1.50009735064437e-11
"met-d-S_HDL_FC","finn-b-I9_IHD","Ischaemic heart disease, wide definition || id:finn-b-I9_IHD","Free cholesterol in small HDL || id:met-d-S_HDL_FC","Inverse variance weighted","43",0.170282744821073,0.0647326459253652,0.00852457320670831
"met-d-S_HDL_FC_pct","finn-b-I9_IHD","Ischaemic heart disease, wide definition || id:finn-b-I9_IHD","Free cholesterol to total lipids ratio in small HDL || id:met-d-S_HDL_FC_pct","Inverse variance weighted","66",0.181459309825561,0.0553699534151771,0.00104836051771219
"met-d-S_HDL_PL_pct","finn-b-I9_IHD","Ischaemic heart disease, wide definition || id:finn-b-I9_IHD","Phospholipids to total lipids ratio in small HDL || id:met-d-S_HDL_PL_pct","Inverse variance weighted","55",-0.236734070109845,0.0853433569257469,0.00553884371956653
"met-d-S_HDL_TG","finn-b-I9_IHD","Ischaemic heart disease, wide definition || id:finn-b-I9_IHD","Triglycerides in small HDL || id:met-d-S_HDL_TG","Inverse variance weighted","67",0.226654197091591,0.0682902878701488,0.000903464382606447
"met-d-S_HDL_TG_pct","finn-b-I9_IHD","Ischaemic heart disease, wide definition || id:finn-b-I9_IHD","Triglycerides to total lipids ratio in small HDL || id:met-d-S_HDL_TG_pct","Inverse variance weighted","79",0.224214561681974,0.0590785457881776,0.000147527858900656
"met-d-S_LDL_C","finn-b-I9_IHD","Ischaemic heart disease, wide definition || id:finn-b-I9_IHD","Cholesterol in small LDL || id:met-d-S_LDL_C","Inverse variance weighted","48",0.5501192954244,0.075118630785863,2.41873416801211e-13
"met-d-S_LDL_CE","finn-b-I9_IHD","Ischaemic heart disease, wide definition || id:finn-b-I9_IHD","Cholesteryl esters in small LDL || id:met-d-S_LDL_CE","Inverse variance weighted","48",0.538603892776756,0.0783937045727785,6.39775756608829e-12
"met-d-S_LDL_C_pct","finn-b-I9_IHD","Ischaemic heart disease, wide definition || id:finn-b-I9_IHD","Cholesterol to total lipids ratio in small LDL || id:met-d-S_LDL_C_pct","Inverse variance weighted","26",0.365940753931926,0.143386078180719,0.0107064756420922
"met-d-S_LDL_FC","finn-b-I9_IHD","Ischaemic heart disease, wide definition || id:finn-b-I9_IHD","Free cholesterol in small LDL || id:met-d-S_LDL_FC","Inverse variance weighted","49",0.480626058294942,0.0647829403370651,1.17988332893472e-13
"met-d-S_LDL_L","finn-b-I9_IHD","Ischaemic heart disease, wide definition || id:finn-b-I9_IHD","Total lipids in small LDL || id:met-d-S_LDL_L","Inverse variance weighted","46",0.535642815297929,0.0738996517859872,4.22204976346526e-13
"met-d-S_LDL_P","finn-b-I9_IHD","Ischaemic heart disease, wide definition || id:finn-b-I9_IHD","Concentration of small LDL particles || id:met-d-S_LDL_P","Inverse variance weighted","49",0.535104434672047,0.0734567069790863,3.22570490067628e-13
"met-d-S_LDL_PL","finn-b-I9_IHD","Ischaemic heart disease, wide definition || id:finn-b-I9_IHD","Phospholipids in small LDL || id:met-d-S_LDL_PL","Inverse variance weighted","48",0.515080607177646,0.0557581748268296,2.51712601728758e-20
"met-d-S_LDL_TG","finn-b-I9_IHD","Ischaemic heart disease, wide definition || id:finn-b-I9_IHD","Triglycerides in small LDL || id:met-d-S_LDL_TG","Inverse variance weighted","63",0.191980576303327,0.0759358251026835,0.0114650641144338
"met-d-S_VLDL_C","finn-b-I9_IHD","Ischaemic heart disease, wide definition || id:finn-b-I9_IHD","Cholesterol in small VLDL || id:met-d-S_VLDL_C","Inverse variance weighted","60",0.473743884767185,0.072055087250868,4.87363460089887e-11
"met-d-S_VLDL_CE","finn-b-I9_IHD","Ischaemic heart disease, wide definition || id:finn-b-I9_IHD","Cholesteryl esters in small VLDL || id:met-d-S_VLDL_CE","Inverse variance weighted","68",0.457104146795192,0.0672990199014973,1.10484736799939e-11
"met-d-S_VLDL_CE_pct","finn-b-I9_IHD","Ischaemic heart disease, wide definition || id:finn-b-I9_IHD","Cholesteryl esters to total lipids ratio in small VLDL || id:met-d-S_VLDL_CE_pct","Inverse variance weighted","61",0.281401609474991,0.0916220284765494,0.00213106506215267
"met-d-S_VLDL_C_pct","finn-b-I9_IHD","Ischaemic heart disease, wide definition || id:finn-b-I9_IHD","Cholesterol to total lipids ratio in small VLDL || id:met-d-S_VLDL_C_pct","Inverse variance weighted","58",0.245060597889463,0.098851319507173,0.0131720754638465
"met-d-S_VLDL_FC","finn-b-I9_IHD","Ischaemic heart disease, wide definition || id:finn-b-I9_IHD","Free cholesterol in small VLDL || id:met-d-S_VLDL_FC","Inverse variance weighted","53",0.492189613111758,0.0780993585647888,2.93648205567546e-10
"met-d-S_VLDL_L","finn-b-I9_IHD","Ischaemic heart disease, wide definition || id:finn-b-I9_IHD","Total lipids in small VLDL || id:met-d-S_VLDL_L","Inverse variance weighted","66",0.35105449190074,0.0596303839674262,3.92853227612699e-09
"met-d-S_VLDL_P","finn-b-I9_IHD","Ischaemic heart disease, wide definition || id:finn-b-I9_IHD","Concentration of small VLDL particles || id:met-d-S_VLDL_P","Inverse variance weighted","64",0.340195342466197,0.0595113504841163,1.08754363447194e-08
"met-d-S_VLDL_PL","finn-b-I9_IHD","Ischaemic heart disease, wide definition || id:finn-b-I9_IHD","Phospholipids in small VLDL || id:met-d-S_VLDL_PL","Inverse variance weighted","62",0.464149788097641,0.0714243436517044,8.1134677719735e-11
"met-d-S_VLDL_TG","finn-b-I9_IHD","Ischaemic heart disease, wide definition || id:finn-b-I9_IHD","Triglycerides in small VLDL || id:met-d-S_VLDL_TG","Inverse variance weighted","66",0.200275343339387,0.0664545728564594,0.00258067547801104
"met-d-S_VLDL_TG_pct","finn-b-I9_IHD","Ischaemic heart disease, wide definition || id:finn-b-I9_IHD","Triglycerides to total lipids ratio in small VLDL || id:met-d-S_VLDL_TG_pct","Inverse variance weighted","60",-0.221662331836315,0.0981449971891971,0.0239133271386397
"met-d-Sphingomyelins","finn-b-I9_IHD","Ischaemic heart disease, wide definition || id:finn-b-I9_IHD","Sphingomyelins || id:met-d-Sphingomyelins","Inverse variance weighted","59",0.2790345446021,0.0874678023900174,0.00142203834040611
"met-d-TG_by_PG","finn-b-I9_IHD","Ischaemic heart disease, wide definition || id:finn-b-I9_IHD","Ratio of triglycerides to phosphoglycerides || id:met-d-TG_by_PG","Inverse variance weighted","79",0.173198020179787,0.0642226474173599,0.00700014988090391
"met-d-Total_C","finn-b-I9_IHD","Ischaemic heart disease, wide definition || id:finn-b-I9_IHD","Total cholesterol || id:met-d-Total_C","Inverse variance weighted","57",0.465153641044099,0.079216955008575,4.30841639060909e-09
"met-d-Total_CE","finn-b-I9_IHD","Ischaemic heart disease, wide definition || id:finn-b-I9_IHD","Total esterified cholesterol || id:met-d-Total_CE","Inverse variance weighted","60",0.443308915140554,0.079590024239113,2.54877512082234e-08
"met-d-Total_FA","finn-b-I9_IHD","Ischaemic heart disease, wide definition || id:finn-b-I9_IHD","Total fatty acids || id:met-d-Total_FA","Inverse variance weighted","57",0.203826798873984,0.0889181775164202,0.0218885579714066
"met-d-Total_FC","finn-b-I9_IHD","Ischaemic heart disease, wide definition || id:finn-b-I9_IHD","Total free cholesterol || id:met-d-Total_FC","Inverse variance weighted","55",0.490216391947061,0.0770421665992817,1.97899439807449e-10
"met-d-Total_L","finn-b-I9_IHD","Ischaemic heart disease, wide definition || id:finn-b-I9_IHD","Total lipids in lipoprotein particles || id:met-d-Total_L","Inverse variance weighted","60",0.358490553296012,0.0777618955392499,4.0246440528594e-06
"met-d-Total_PL","finn-b-I9_IHD","Ischaemic heart disease, wide definition || id:finn-b-I9_IHD","Total phospholipids in lipoprotein particles || id:met-d-Total_PL","Inverse variance weighted","56",0.254011071856363,0.0785780205597285,0.00122670490672516
"met-d-Total_TG","finn-b-I9_IHD","Ischaemic heart disease, wide definition || id:finn-b-I9_IHD","Total triglycerides || id:met-d-Total_TG","Inverse variance weighted","64",0.173606331063098,0.0715420782507664,0.0152396849760913
"met-d-VLDL_C","finn-b-I9_IHD","Ischaemic heart disease, wide definition || id:finn-b-I9_IHD","VLDL cholesterol || id:met-d-VLDL_C","Inverse variance weighted","56",0.442763552080801,0.0750827253454191,3.70148336094687e-09
"met-d-VLDL_CE","finn-b-I9_IHD","Ischaemic heart disease, wide definition || id:finn-b-I9_IHD","Cholesteryl esters in VLDL || id:met-d-VLDL_CE","Inverse variance weighted","52",0.506176971290462,0.0750288758740631,1.51528339502381e-11
"met-d-VLDL_FC","finn-b-I9_IHD","Ischaemic heart disease, wide definition || id:finn-b-I9_IHD","Free cholesterol in VLDL || id:met-d-VLDL_FC","Inverse variance weighted","61",0.401148498075841,0.0670547602058043,2.19871475509227e-09
"met-d-VLDL_L","finn-b-I9_IHD","Ischaemic heart disease, wide definition || id:finn-b-I9_IHD","Total lipids in VLDL || id:met-d-VLDL_L","Inverse variance weighted","59",0.232161307688152,0.0871781269901298,0.00774316924973643
"met-d-VLDL_P","finn-b-I9_IHD","Ischaemic heart disease, wide definition || id:finn-b-I9_IHD","Concentration of VLDL particles || id:met-d-VLDL_P","Inverse variance weighted","64",0.403647271126419,0.0683325938494661,3.48188416302446e-09
"met-d-VLDL_PL","finn-b-I9_IHD","Ischaemic heart disease, wide definition || id:finn-b-I9_IHD","Phospholipids in VLDL || id:met-d-VLDL_PL","Inverse variance weighted","58",0.358984829738141,0.0659158912776291,5.14849066881429e-08
"met-d-VLDL_TG","finn-b-I9_IHD","Ischaemic heart disease, wide definition || id:finn-b-I9_IHD","Triglycerides in VLDL || id:met-d-VLDL_TG","Inverse variance weighted","65",0.15539338588447,0.074554760864616,0.0371342312703427
"met-d-XL_HDL_PL","finn-b-I9_IHD","Ischaemic heart disease, wide definition || id:finn-b-I9_IHD","Phospholipids in very large HDL || id:met-d-XL_HDL_PL","Inverse variance weighted","71",-0.110578568614779,0.0558530868909057,0.047724744115344
"met-d-XL_HDL_PL_pct","finn-b-I9_IHD","Ischaemic heart disease, wide definition || id:finn-b-I9_IHD","Phospholipids to total lipids ratio in very large HDL || id:met-d-XL_HDL_PL_pct","Inverse variance weighted","64",-0.12991208573098,0.0632666445224988,0.0400332511676164
"met-d-XL_HDL_TG_pct","finn-b-I9_IHD","Ischaemic heart disease, wide definition || id:finn-b-I9_IHD","Triglycerides to total lipids ratio in very large HDL || id:met-d-XL_HDL_TG_pct","Inverse variance weighted","64",0.251071885956394,0.0727662992987474,0.00055978366485954
"met-d-XL_VLDL_C","finn-b-I9_IHD","Ischaemic heart disease, wide definition || id:finn-b-I9_IHD","Cholesterol in very large VLDL || id:met-d-XL_VLDL_C","Inverse variance weighted","59",0.238531440849275,0.0891257232267209,0.00744293437353742
"met-d-XL_VLDL_CE","finn-b-I9_IHD","Ischaemic heart disease, wide definition || id:finn-b-I9_IHD","Cholesteryl esters in very large VLDL || id:met-d-XL_VLDL_CE","Inverse variance weighted","63",0.384618644267829,0.0708126407504388,5.58832623741701e-08
"met-d-XL_VLDL_FC","finn-b-I9_IHD","Ischaemic heart disease, wide definition || id:finn-b-I9_IHD","Free cholesterol in very large VLDL || id:met-d-XL_VLDL_FC","Inverse variance weighted","53",0.215642406977566,0.0921502590735938,0.0192776889034426
"met-d-XL_VLDL_L","finn-b-I9_IHD","Ischaemic heart disease, wide definition || id:finn-b-I9_IHD","Total lipids in very large VLDL || id:met-d-XL_VLDL_L","Inverse variance weighted","60",0.169829873518716,0.0813880216586202,0.0369180522808758
"met-d-XL_VLDL_P","finn-b-I9_IHD","Ischaemic heart disease, wide definition || id:finn-b-I9_IHD","Concentration of very large VLDL particles || id:met-d-XL_VLDL_P","Inverse variance weighted","59",0.187346240488697,0.0785904891462973,0.0171335893680206
"met-d-XL_VLDL_PL","finn-b-I9_IHD","Ischaemic heart disease, wide definition || id:finn-b-I9_IHD","Phospholipids in very large VLDL || id:met-d-XL_VLDL_PL","Inverse variance weighted","56",0.18612371991646,0.0859463067215703,0.0303431919367595
"met-d-XL_VLDL_PL_pct","finn-b-I9_IHD","Ischaemic heart disease, wide definition || id:finn-b-I9_IHD","Phospholipids to total lipids ratio in very large VLDL || id:met-d-XL_VLDL_PL_pct","Inverse variance weighted","47",0.573169533336589,0.0952470870091474,1.76899617790506e-09
"met-d-XL_VLDL_TG","finn-b-I9_IHD","Ischaemic heart disease, wide definition || id:finn-b-I9_IHD","Triglycerides in very large VLDL || id:met-d-XL_VLDL_TG","Inverse variance weighted","67",0.166088996132327,0.0783061983118778,0.0339201372393299
"met-d-XL_VLDL_TG_pct","finn-b-I9_IHD","Ischaemic heart disease, wide definition || id:finn-b-I9_IHD","Triglycerides to total lipids ratio in very large VLDL || id:met-d-XL_VLDL_TG_pct","Inverse variance weighted","52",-0.293006173510717,0.109070908064838,0.00722303584449783
"met-d-XS_VLDL_C","finn-b-I9_IHD","Ischaemic heart disease, wide definition || id:finn-b-I9_IHD","Cholesterol in very small VLDL || id:met-d-XS_VLDL_C","Inverse variance weighted","55",0.375976757951237,0.0664043991397631,1.49683849220817e-08
"met-d-XS_VLDL_CE","finn-b-I9_IHD","Ischaemic heart disease, wide definition || id:finn-b-I9_IHD","Cholesteryl esters in very small VLDL || id:met-d-XS_VLDL_CE","Inverse variance weighted","52",0.381185298443034,0.0707143772711303,7.02649693697309e-08
"met-d-XS_VLDL_FC","finn-b-I9_IHD","Ischaemic heart disease, wide definition || id:finn-b-I9_IHD","Free cholesterol in very small VLDL || id:met-d-XS_VLDL_FC","Inverse variance weighted","58",0.364890656799632,0.059583517336035,9.12433881818226e-10
"met-d-XS_VLDL_L","finn-b-I9_IHD","Ischaemic heart disease, wide definition || id:finn-b-I9_IHD","Total lipids in very small VLDL || id:met-d-XS_VLDL_L","Inverse variance weighted","62",0.324837955170982,0.0672913353597497,1.38370837019868e-06
"met-d-XS_VLDL_P","finn-b-I9_IHD","Ischaemic heart disease, wide definition || id:finn-b-I9_IHD","Concentration of very small VLDL particles || id:met-d-XS_VLDL_P","Inverse variance weighted","58",0.369722855182973,0.05936476565548,4.72473044106411e-10
"met-d-XS_VLDL_PL","finn-b-I9_IHD","Ischaemic heart disease, wide definition || id:finn-b-I9_IHD","Phospholipids in very small VLDL || id:met-d-XS_VLDL_PL","Inverse variance weighted","63",0.322464799464417,0.0611205678667187,1.32120315790681e-07
"met-d-XS_VLDL_PL_pct","finn-b-I9_IHD","Ischaemic heart disease, wide definition || id:finn-b-I9_IHD","Phospholipids to total lipids ratio in very small VLDL || id:met-d-XS_VLDL_PL_pct","Inverse variance weighted","53",0.263071980070484,0.069203598038088,0.000143868869442942
"met-d-XS_VLDL_TG","finn-b-I9_IHD","Ischaemic heart disease, wide definition || id:finn-b-I9_IHD","Triglycerides in very small VLDL || id:met-d-XS_VLDL_TG","Inverse variance weighted","71",0.218806921429485,0.0505736982105653,1.51499819409637e-05
"met-d-XXL_VLDL_CE_pct","finn-b-I9_IHD","Ischaemic heart disease, wide definition || id:finn-b-I9_IHD","Cholesteryl esters to total lipids ratio in chylomicrons and extremely large VLDL || id:met-d-XXL_VLDL_CE_pct","Inverse variance weighted","21",0.707429965657506,0.148837408803492,2.0038196340287e-06
"met-d-XXL_VLDL_C_pct","finn-b-I9_IHD","Ischaemic heart disease, wide definition || id:finn-b-I9_IHD","Cholesterol to total lipids ratio in chylomicrons and extremely large VLDL || id:met-d-XXL_VLDL_C_pct","Inverse variance weighted","24",0.56912348100906,0.148024649201561,0.000120656418478898
"met-d-XXL_VLDL_FC_pct","finn-b-I9_IHD","Ischaemic heart disease, wide definition || id:finn-b-I9_IHD","Free cholesterol to total lipids ratio in chylomicrons and extremely large VLDL || id:met-d-XXL_VLDL_FC_pct","Inverse variance weighted","26",0.331644729616894,0.15087564737283,0.0279396341028988
"met-d-XXL_VLDL_PL_pct","finn-b-I9_IHD","Ischaemic heart disease, wide definition || id:finn-b-I9_IHD","Phospholipids to total lipids ratio in chylomicrons and extremely large VLDL || id:met-d-XXL_VLDL_PL_pct","Inverse variance weighted","37",0.290987710458592,0.0673168664390901,1.54161446111285e-05
"met-d-XXL_VLDL_TG_pct","finn-b-I9_IHD","Ischaemic heart disease, wide definition || id:finn-b-I9_IHD","Triglycerides to total lipids ratio in chylomicrons and extremely large VLDL || id:met-d-XXL_VLDL_TG_pct","Inverse variance weighted","19",-0.418528392841951,0.144940944180006,0.00388219390711769
"met-d-bOHbutyrate","finn-b-I9_IHD","Ischaemic heart disease, wide definition || id:finn-b-I9_IHD","3-Hydroxybutyrate || id:met-d-bOHbutyrate","Inverse variance weighted","15",0.465366170754281,0.164976880733567,0.0047904614597472
"met-d-non_HDL_C","finn-b-I9_IHD","Ischaemic heart disease, wide definition || id:finn-b-I9_IHD","Total cholesterol minus HDL-C || id:met-d-non_HDL_C","Inverse variance weighted","49",0.554767215822434,0.0757562332052856,2.42384735724332e-13
"prot-a-1046","finn-b-I9_IHD","Ischaemic heart disease, wide definition || id:finn-b-I9_IHD","Glycosaminoglycan xylosylkinase || id:prot-a-1046","Inverse variance weighted","3",0.118231503992375,0.0379674902258821,0.00184557307345025
"prot-a-1107","finn-b-I9_IHD","Ischaemic heart disease, wide definition || id:finn-b-I9_IHD","Bis(5'-adenosyl)-triphosphatase || id:prot-a-1107","Inverse variance weighted","2",-0.0615023727802761,0.0271961587864616,0.0237322710779476
"prot-a-1195","finn-b-I9_IHD","Ischaemic heart disease, wide definition || id:finn-b-I9_IHD","Growth/differentiation factor 15 || id:prot-a-1195","Inverse variance weighted","2",0.0587598714230859,0.0215527865873108,0.00640441689050515
"prot-a-1223","finn-b-I9_IHD","Ischaemic heart disease, wide definition || id:finn-b-I9_IHD","Glycolipid transfer protein domain-containing protein 2 || id:prot-a-1223","Inverse variance weighted","3",0.0940189490349467,0.0455699280320319,0.0390955610340758
"prot-a-1226","finn-b-I9_IHD","Ischaemic heart disease, wide definition || id:finn-b-I9_IHD","Guanine nucleotide-binding protein G(k) subunit alpha || id:prot-a-1226","Inverse variance weighted","2",-0.224419161530913,0.0401008486473577,2.18887091152891e-08
"prot-a-1231","finn-b-I9_IHD","Ischaemic heart disease, wide definition || id:finn-b-I9_IHD","Glucosamine 6-phosphate N-acetyltransferase || id:prot-a-1231","Inverse variance weighted","2",-0.0819101887118669,0.0370177456074482,0.0269164289177961
"prot-a-1277","finn-b-I9_IHD","Ischaemic heart disease, wide definition || id:finn-b-I9_IHD","Granulins || id:prot-a-1277","Inverse variance weighted","4",0.09900091986167,0.0157254943183601,3.06276124928933e-10
"prot-a-1291","finn-b-I9_IHD","Ischaemic heart disease, wide definition || id:finn-b-I9_IHD","Glutathione S-transferase theta-2B || id:prot-a-1291","Inverse variance weighted","2",0.204556407667078,0.0752164189133723,0.00653666180288756
"prot-a-1403","finn-b-I9_IHD","Ischaemic heart disease, wide definition || id:finn-b-I9_IHD","Inducible T-cell costimulator || id:prot-a-1403","Inverse variance weighted","3",0.0415078130019253,0.0179292738160085,0.0206082193282228
"prot-a-1440","finn-b-I9_IHD","Ischaemic heart disease, wide definition || id:finn-b-I9_IHD","Immunoglobulin superfamily DCC subclass member 3 || id:prot-a-1440","Inverse variance weighted","2",-0.0547434731264273,0.0232423366332716,0.0185060475703692
"prot-a-145","finn-b-I9_IHD","Ischaemic heart disease, wide definition || id:finn-b-I9_IHD","Arfaptin-1 || id:prot-a-145","Inverse variance weighted","2",-0.0584040903982185,0.0283905197379179,0.0396699950502288
"prot-a-1530","finn-b-I9_IHD","Ischaemic heart disease, wide definition || id:finn-b-I9_IHD","Interleukin-3 receptor subunit alpha || id:prot-a-1530","Inverse variance weighted","3",-0.0336678471080602,0.0135809948654944,0.0131736053079069
"prot-a-1540","finn-b-I9_IHD","Ischaemic heart disease, wide definition || id:finn-b-I9_IHD","Interleukin-6 receptor subunit alpha || id:prot-a-1540","Inverse variance weighted","2",-0.0384620488178785,0.0107057450185886,0.000327325780503528
"prot-a-1541","finn-b-I9_IHD","Ischaemic heart disease, wide definition || id:finn-b-I9_IHD","Interleukin-6 receptor subunit alpha || id:prot-a-1541","Inverse variance weighted","2",-0.0384510395476551,0.0107570746977394,0.000350913266537597
"prot-a-1544","finn-b-I9_IHD","Ischaemic heart disease, wide definition || id:finn-b-I9_IHD","Interleukin-7 receptor subunit alpha || id:prot-a-1544","Inverse variance weighted","2",0.0726752634330881,0.0316556307179037,0.0216868379989747
"prot-a-1576","finn-b-I9_IHD","Ischaemic heart disease, wide definition || id:finn-b-I9_IHD","Immunoglobulin superfamily containing leucine-rich repeat protein 2 || id:prot-a-1576","Inverse variance weighted","4",-0.0595993523983205,0.0199920441177481,0.00287164808518382
"prot-a-1695","finn-b-I9_IHD","Ischaemic heart disease, wide definition || id:finn-b-I9_IHD","Laminin || id:prot-a-1695","Inverse variance weighted","3",-0.10252648030871,0.0265748335500877,0.000114305056368739
"prot-a-1697","finn-b-I9_IHD","Ischaemic heart disease, wide definition || id:finn-b-I9_IHD","Laminin subunit gamma-2 || id:prot-a-1697","Inverse variance weighted","2",0.0372765882253431,0.0181491843639864,0.0399854862305758
"prot-a-1699","finn-b-I9_IHD","Ischaemic heart disease, wide definition || id:finn-b-I9_IHD","Ragulator complex protein LAMTOR3 || id:prot-a-1699","Inverse variance weighted","2",-0.0710469802585103,0.0346043305750116,0.0400605566403913
"prot-a-1719","finn-b-I9_IHD","Ischaemic heart disease, wide definition || id:finn-b-I9_IHD","Leukocyte cell-derived chemotaxin 1 || id:prot-a-1719","Inverse variance weighted","2",-0.132871953315639,0.0492246873352456,0.00694865472821244
"prot-a-178","finn-b-I9_IHD","Ischaemic heart disease, wide definition || id:finn-b-I9_IHD","Acid ceramidase || id:prot-a-178","Inverse variance weighted","2",-0.0708704993409601,0.0328341358413497,0.0308936689426638
"prot-a-1791","finn-b-I9_IHD","Ischaemic heart disease, wide definition || id:finn-b-I9_IHD","Leucine-rich repeat serine/threonine-protein kinase 2 || id:prot-a-1791","Inverse variance weighted","4",-0.050837100644854,0.0242849629127755,0.0363172849093917
"prot-a-1833","finn-b-I9_IHD","Ischaemic heart disease, wide definition || id:finn-b-I9_IHD","Mannosyl-oligosaccharide 1,2-alpha-mannosidase IB || id:prot-a-1833","Inverse variance weighted","2",0.099183085775245,0.048344949778638,0.0402113954579889
"prot-a-1842","finn-b-I9_IHD","Ischaemic heart disease, wide definition || id:finn-b-I9_IHD","Dual specificity mitogen-activated protein kinase kinase 4 || id:prot-a-1842","Inverse variance weighted","2",0.0377744204734881,0.017270895618517,0.0287299651978103
"prot-a-1848","finn-b-I9_IHD","Ischaemic heart disease, wide definition || id:finn-b-I9_IHD","Mitogen-activated protein kinase 3 || id:prot-a-1848","Inverse variance weighted","2",-0.0516728635045912,0.0215853719900107,0.0166710479763173
"prot-a-1920","finn-b-I9_IHD","Ischaemic heart disease, wide definition || id:finn-b-I9_IHD","Neutrophil collagenase || id:prot-a-1920","Inverse variance weighted","4",-0.0376936141587791,0.0179495206304296,0.0357306993831129
"prot-a-1962","finn-b-I9_IHD","Ischaemic heart disease, wide definition || id:finn-b-I9_IHD","5-formyltetrahydrofolate cyclo-ligase || id:prot-a-1962","Inverse variance weighted","2",-0.0488061166630731,0.0202460108456185,0.015923969423401
"prot-a-2000","finn-b-I9_IHD","Ischaemic heart disease, wide definition || id:finn-b-I9_IHD","Beta-soluble NSF attachment protein || id:prot-a-2000","Inverse variance weighted","2",0.151226413275996,0.0722369325797129,0.036306525535062
"prot-a-2099","finn-b-I9_IHD","Ischaemic heart disease, wide definition || id:finn-b-I9_IHD","Neuropilin-1 || id:prot-a-2099","Inverse variance weighted","2",-0.0833733921636883,0.0366611017424634,0.022956071496388
"prot-a-2302","finn-b-I9_IHD","Ischaemic heart disease, wide definition || id:finn-b-I9_IHD","Plasmin || id:prot-a-2302","Inverse variance weighted","2",0.125339014213709,0.0629700565898271,0.0465409233829758
"prot-a-2318","finn-b-I9_IHD","Ischaemic heart disease, wide definition || id:finn-b-I9_IHD","GDP-fucose protein O-fucosyltransferase 1 || id:prot-a-2318","Inverse variance weighted","2",0.0527839720339974,0.02569753726367,0.0399710574449267
"prot-a-2357","finn-b-I9_IHD","Ischaemic heart disease, wide definition || id:finn-b-I9_IHD","PR domain zinc finger protein 1 || id:prot-a-2357","Inverse variance weighted","3",0.0302286026637806,0.0146417803906619,0.0389661484115866
"finn-b-CHIRBIL_PRIM","finn-b-I9_IHD","Ischaemic heart disease, wide definition || id:finn-b-I9_IHD","Biliary chirrosis, primary || id:finn-b-CHIRBIL_PRIM","Inverse variance weighted","2",0.0353398941418976,0.0116121047987345,0.00233946989543954
"finn-b-CHOLELITH_BROAD","finn-b-I9_IHD","Ischaemic heart disease, wide definition || id:finn-b-I9_IHD","Cholelithiasis, broad definition with cholecystitis || id:finn-b-CHOLELITH_BROAD","Inverse variance weighted","31",-0.0862359359483752,0.0198196350504398,1.3549610256573e-05
"prot-a-2532","finn-b-I9_IHD","Ischaemic heart disease, wide definition || id:finn-b-I9_IHD","Repulsive guidance molecule A || id:prot-a-2532","Inverse variance weighted","2",0.0756216731825002,0.0366116015231517,0.0388746564355094
"prot-a-2549","finn-b-I9_IHD","Ischaemic heart disease, wide definition || id:finn-b-I9_IHD","Regulator of microtubule dynamics protein 1 || id:prot-a-2549","Inverse variance weighted","2",-0.0375657602864877,0.0179535374298614,0.0364038511907207
"prot-a-2568","finn-b-I9_IHD","Ischaemic heart disease, wide definition || id:finn-b-I9_IHD","RING finger protein 165 || id:prot-a-2568","Inverse variance weighted","2",0.0452668811579984,0.019490769139425,0.0202072154649241
"finn-b-COX_ARTHROSIS","finn-b-I9_IHD","Ischaemic heart disease, wide definition || id:finn-b-I9_IHD","Coxarthrosis [arthrosis of hip](FG) || id:finn-b-COX_ARTHROSIS","Inverse variance weighted","6",-0.138413035721405,0.0656797188075375,0.0350834539491698
"prot-a-2720","finn-b-I9_IHD","Ischaemic heart disease, wide definition || id:finn-b-I9_IHD","Protein shisa-3 homolog || id:prot-a-2720","Inverse variance weighted","3",0.0413892354896641,0.0159218375901769,0.00933525259996054
"finn-b-C_STROKE","finn-b-I9_IHD","Ischaemic heart disease, wide definition || id:finn-b-I9_IHD","STROKE || id:finn-b-C_STROKE","Inverse variance weighted","4",0.982245864102615,0.370304787036555,0.00798901925749708
"prot-a-2752","finn-b-I9_IHD","Ischaemic heart disease, wide definition || id:finn-b-I9_IHD","Very long-chain acyl-CoA synthetase || id:prot-a-2752","Inverse variance weighted","2",-0.0951831995509037,0.043673871892269,0.0293013489829461
"finn-b-D3_ANAEMIA","finn-b-I9_IHD","Ischaemic heart disease, wide definition || id:finn-b-I9_IHD","Anaemias || id:finn-b-D3_ANAEMIA","Inverse variance weighted","5",0.203140414010175,0.0654110638449328,0.00189895224475134
"prot-a-2808","finn-b-I9_IHD","Ischaemic heart disease, wide definition || id:finn-b-I9_IHD","SPARC || id:prot-a-2808","Inverse variance weighted","2",-0.125703141818015,0.0603874712402906,0.0373781408475287
"finn-b-D3_ANAEMIA_IRONDEF","finn-b-I9_IHD","Ischaemic heart disease, wide definition || id:finn-b-I9_IHD","Iron deficiency anaemia || id:finn-b-D3_ANAEMIA_IRONDEF","Inverse variance weighted","2",0.09356929581742,0.0454144838804994,0.0393660104160872
"finn-b-D3_ANAEMIA_IRONDEF_NAS","finn-b-I9_IHD","Ischaemic heart disease, wide definition || id:finn-b-I9_IHD","Other and unspecified iron deficiency || id:finn-b-D3_ANAEMIA_IRONDEF_NAS","Inverse variance weighted","2",0.084583535279703,0.0407724612749496,0.0380304769044668
"prot-a-2869","finn-b-I9_IHD","Ischaemic heart disease, wide definition || id:finn-b-I9_IHD","Signal transducer and activator of transcription 3 || id:prot-a-2869","Inverse variance weighted","2",-0.0784928316776774,0.0307775261054387,0.0107621161539769
"prot-a-2908","finn-b-I9_IHD","Ischaemic heart disease, wide definition || id:finn-b-I9_IHD","Switch-associated protein 70 || id:prot-a-2908","Inverse variance weighted","2",-0.0492746019170859,0.0209346517081657,0.0185859047262322
"prot-a-2965","finn-b-I9_IHD","Ischaemic heart disease, wide definition || id:finn-b-I9_IHD","Transforming growth factor beta-3 || id:prot-a-2965","Inverse variance weighted","2",0.106414524982191,0.0511346307229549,0.0374278948118523
"prot-a-2966","finn-b-I9_IHD","Ischaemic heart disease, wide definition || id:finn-b-I9_IHD","Transforming growth factor-beta-induced protein ig-h3 || id:prot-a-2966","Inverse variance weighted","2",0.0676967336731068,0.0237573328621632,0.00437867676821497
"prot-a-2975","finn-b-I9_IHD","Ischaemic heart disease, wide definition || id:finn-b-I9_IHD","Thrombospondin type-1 domain-containing protein 1 || id:prot-a-2975","Inverse variance weighted","2",-0.0947998663950403,0.0356416061930938,0.00781849657097344
"prot-a-2979","finn-b-I9_IHD","Ischaemic heart disease, wide definition || id:finn-b-I9_IHD","Fructose-2,6-bisphosphatase TIGAR || id:prot-a-2979","Inverse variance weighted","2",-0.0516757948081309,0.0233963588873394,0.0271947500983397
"prot-a-2982","finn-b-I9_IHD","Ischaemic heart disease, wide definition || id:finn-b-I9_IHD","Toll/interleukin-1 receptor domain-containing adapter protein || id:prot-a-2982","Inverse variance weighted","2",-0.0506807922859843,0.0217565875081039,0.01983545898119
"prot-a-3014","finn-b-I9_IHD","Ischaemic heart disease, wide definition || id:finn-b-I9_IHD","Transmembrane protein 59-like || id:prot-a-3014","Inverse variance weighted","2",0.0852721815450648,0.0424198079213088,0.0444103155732035
"prot-a-303","finn-b-I9_IHD","Ischaemic heart disease, wide definition || id:finn-b-I9_IHD","Complement C1q tumor necrosis factor-related protein 1 || id:prot-a-303","Inverse variance weighted","5",0.11535877818673,0.0216278835831619,9.61791222360226e-08
"prot-a-3093","finn-b-I9_IHD","Ischaemic heart disease, wide definition || id:finn-b-I9_IHD","Protein-tyrosine sulfotransferase 2 || id:prot-a-3093","Inverse variance weighted","4",0.0676051028791265,0.0271710758844214,0.0128417661781623
"finn-b-D3_NUTRIANAEMIA","finn-b-I9_IHD","Ischaemic heart disease, wide definition || id:finn-b-I9_IHD","Nutritional anaemias || id:finn-b-D3_NUTRIANAEMIA","Inverse variance weighted","2",0.121506986156927,0.0582981087481748,0.0371387537143946
"prot-a-3102","finn-b-I9_IHD","Ischaemic heart disease, wide definition || id:finn-b-I9_IHD","Thyrotropin-releasing hormone || id:prot-a-3102","Inverse variance weighted","2",-0.12513137313753,0.0615303242999486,0.0419865210358791
"prot-a-315","finn-b-I9_IHD","Ischaemic heart disease, wide definition || id:finn-b-I9_IHD","Complement C4 || id:prot-a-315","Inverse variance weighted","3",-0.136946299279218,0.0456501084896388,0.00270057791565001
"prot-a-316","finn-b-I9_IHD","Ischaemic heart disease, wide definition || id:finn-b-I9_IHD","Protein CEI || id:prot-a-316","Inverse variance weighted","3",0.0873136377422924,0.0313264097537035,0.00531621543440164
"prot-a-3189","finn-b-I9_IHD","Ischaemic heart disease, wide definition || id:finn-b-I9_IHD","Vesicle-associated membrane protein-associated protein A || id:prot-a-3189","Inverse variance weighted","2",-0.0833199648139989,0.0322276366899128,0.00972780520591174
"prot-a-3200","finn-b-I9_IHD","Ischaemic heart disease, wide definition || id:finn-b-I9_IHD","Selenoprotein S || id:prot-a-3200","Inverse variance weighted","2",0.204947034551356,0.0231846701986402,9.59202005761396e-19
"prot-a-3203","finn-b-I9_IHD","Ischaemic heart disease, wide definition || id:finn-b-I9_IHD","Vacuolar protein sorting-associated protein 29 || id:prot-a-3203","Inverse variance weighted","3",-0.118603469136674,0.0141506984490652,5.22765456223121e-17
"finn-b-DIABETES_FG","finn-b-I9_IHD","Ischaemic heart disease, wide definition || id:finn-b-I9_IHD","Diabetes, varying definitions || id:finn-b-DIABETES_FG","Inverse variance weighted","59",0.126844235891098,0.0233735743919079,5.73661742571028e-08
"finn-b-DM_BCKGRND_RETINA","finn-b-I9_IHD","Ischaemic heart disease, wide definition || id:finn-b-I9_IHD","Background diabetic retinopathy || id:finn-b-DM_BCKGRND_RETINA","Inverse variance weighted","8",0.0393768383836668,0.008450489699257,3.16653913672475e-06
"finn-b-DM_BCKGRND_RETINA_NONPROLIF","finn-b-I9_IHD","Ischaemic heart disease, wide definition || id:finn-b-I9_IHD","Severe non-proliferative background diabetic retinopathy || id:finn-b-DM_BCKGRND_RETINA_NONPROLIF","Inverse variance weighted","4",0.0297205552869935,0.00838680665960983,0.000394513153048085
"finn-b-DM_COMORB_EXMORE","finn-b-I9_IHD","Ischaemic heart disease, wide definition || id:finn-b-I9_IHD","Diabetes-related co-morbidities/complications (more controls excluded) || id:finn-b-DM_COMORB_EXMORE","Inverse variance weighted","12",0.457556009200062,0.173553223361017,0.0083790479158474
"finn-b-DM_HYPOGLYC","finn-b-I9_IHD","Ischaemic heart disease, wide definition || id:finn-b-I9_IHD","Diabetic hypoglycemia || id:finn-b-DM_HYPOGLYC","Inverse variance weighted","8",0.0634637866918142,0.0143087800994476,9.19425375793133e-06
"prot-a-371","finn-b-I9_IHD","Ischaemic heart disease, wide definition || id:finn-b-I9_IHD","Cerebellin-1 || id:prot-a-371","Inverse variance weighted","2",0.0302839213793741,0.0148922604753764,0.0419985793458683
"finn-b-DM_KETOACIDOSIS","finn-b-I9_IHD","Ischaemic heart disease, wide definition || id:finn-b-I9_IHD","Diabetic ketoacidosis || id:finn-b-DM_KETOACIDOSIS","Inverse variance weighted","10",0.0402044009970048,0.00823479334414046,1.04876921072463e-06
"prot-a-381","finn-b-I9_IHD","Ischaemic heart disease, wide definition || id:finn-b-I9_IHD","Coiled-coil domain-containing protein 134 || id:prot-a-381","Inverse variance weighted","2",0.104429092296125,0.0529981212299615,0.0487891009209844
"finn-b-DM_MACULOPATHY","finn-b-I9_IHD","Ischaemic heart disease, wide definition || id:finn-b-I9_IHD","Diabetic maculopathy (DM_MACULOPATHY) || id:finn-b-DM_MACULOPATHY","Inverse variance weighted","7",0.0493085074241242,0.0101412641941768,1.16108333703415e-06
"finn-b-DM_MACULOPATHY_EXMORE","finn-b-I9_IHD","Ischaemic heart disease, wide definition || id:finn-b-I9_IHD","Diabetic maculopathy (more controls excluded) || id:finn-b-DM_MACULOPATHY_EXMORE","Inverse variance weighted","7",0.0451721621601525,0.00943938188884174,1.70562174538882e-06
"prot-a-409","finn-b-I9_IHD","Ischaemic heart disease, wide definition || id:finn-b-I9_IHD","C-C motif chemokine 5 || id:prot-a-409","Inverse variance weighted","2",-0.10376435701572,0.0510632001225138,0.0421458564475726
"finn-b-DM_NEPHROPATHY","finn-b-I9_IHD","Ischaemic heart disease, wide definition || id:finn-b-I9_IHD","Diabetic nephropathy || id:finn-b-DM_NEPHROPATHY","Inverse variance weighted","2",0.0835780089887681,0.0217594899974068,0.000122538521845362
"finn-b-DM_NEPHROPATHY_EXMORE","finn-b-I9_IHD","Ischaemic heart disease, wide definition || id:finn-b-I9_IHD","Diabetic nephropathy (more controls excluded) || id:finn-b-DM_NEPHROPATHY_EXMORE","Inverse variance weighted","3",0.0618430727392198,0.0191424507727658,0.00123497473919209
"prot-a-424","finn-b-I9_IHD","Ischaemic heart disease, wide definition || id:finn-b-I9_IHD","Cell surface glycoprotein CD200 receptor 2 || id:prot-a-424","Inverse variance weighted","2",-0.271526307963574,0.0513136375167231,1.21314668691769e-07
"finn-b-DM_NEUROPATHY","finn-b-I9_IHD","Ischaemic heart disease, wide definition || id:finn-b-I9_IHD","Diabetic neuropathy || id:finn-b-DM_NEUROPATHY","Inverse variance weighted","4",0.0442871625142808,0.0185577133205174,0.0170116523441285
"finn-b-DM_OTHER_WIDE","finn-b-I9_IHD","Ischaemic heart disease, wide definition || id:finn-b-I9_IHD","Other diabetes, wide definition || id:finn-b-DM_OTHER_WIDE","Inverse variance weighted","55",0.113224620951789,0.0232676596719939,1.13775882766562e-06
"finn-b-DM_PERIPHATHERO","finn-b-I9_IHD","Ischaemic heart disease, wide definition || id:finn-b-I9_IHD","Peripheral atherosclerosis || id:finn-b-DM_PERIPHATHERO","Inverse variance weighted","6",0.52313181512901,0.139946916561449,0.000185435978422831
"prot-a-46","finn-b-I9_IHD","Ischaemic heart disease, wide definition || id:finn-b-I9_IHD","Alcohol dehydrogenase 1B || id:prot-a-46","Inverse variance weighted","2",0.0555556830822528,0.0253990914218437,0.0287199114839045
"finn-b-DM_RETINA_NOS","finn-b-I9_IHD","Ischaemic heart disease, wide definition || id:finn-b-I9_IHD","Unspecified diabetic retinopathy || id:finn-b-DM_RETINA_NOS","Inverse variance weighted","7",0.040385281974259,0.00919427287179688,1.12086127167388e-05
"finn-b-DM_RETINA_PROLIF","finn-b-I9_IHD","Ischaemic heart disease, wide definition || id:finn-b-I9_IHD","Proliferative diabetic retinopathy (DM_RETINA_PROLIF) || id:finn-b-DM_RETINA_PROLIF","Inverse variance weighted","10",0.0682777657651671,0.0139848407187305,1.04871622749556e-06
"finn-b-DM_RETINOPATHY","finn-b-I9_IHD","Ischaemic heart disease, wide definition || id:finn-b-I9_IHD","Diabetic retinopathy (DM_RETINOPATHY) || id:finn-b-DM_RETINOPATHY","Inverse variance weighted","12",0.0645176928125053,0.025554914830987,0.0115807416855261
"prot-a-502","finn-b-I9_IHD","Ischaemic heart disease, wide definition || id:finn-b-I9_IHD","Carcinoembryonic antigen-related cell adhesion molecule 1 || id:prot-a-502","Inverse variance weighted","2",-0.0341376640572731,0.0173504543943261,0.0491213142954491
"finn-b-DM_RETINOPATHY_EXMORE","finn-b-I9_IHD","Ischaemic heart disease, wide definition || id:finn-b-I9_IHD","Diabetic retinopathy (more controls excluded) || id:finn-b-DM_RETINOPATHY_EXMORE","Inverse variance weighted","11",0.0722311722693939,0.0267019451624843,0.00682858285897156
"finn-b-DM_SEVERAL_COMPLICATIONS","finn-b-I9_IHD","Ischaemic heart disease, wide definition || id:finn-b-I9_IHD","Diabetes, several complications || id:finn-b-DM_SEVERAL_COMPLICATIONS","Inverse variance weighted","8",0.0751358307838842,0.0153785799266311,1.03038119771016e-06
"prot-a-543","finn-b-I9_IHD","Ischaemic heart disease, wide definition || id:finn-b-I9_IHD","Chitotriosidase-1 || id:prot-a-543","Inverse variance weighted","3",0.0253143251883406,0.0126468721072998,0.0453248244946775
"finn-b-DM_VITREOUS_BLEEDING","finn-b-I9_IHD","Ischaemic heart disease, wide definition || id:finn-b-I9_IHD","Vitreous bleeding (caused by prolif. dmrp when together with H36.03*) || id:finn-b-DM_VITREOUS_BLEEDING","Inverse variance weighted","3",0.0551986696866037,0.0134240307511968,3.92365917978026e-05
"prot-a-670","finn-b-I9_IHD","Ischaemic heart disease, wide definition || id:finn-b-I9_IHD","C-reactive protein || id:prot-a-670","Inverse variance weighted","3",-0.0852640711563233,0.0370232751741999,0.0212796509337163
"prot-a-708","finn-b-I9_IHD","Ischaemic heart disease, wide definition || id:finn-b-I9_IHD","Di-N-acetylchitobiase || id:prot-a-708","Inverse variance weighted","2",0.0554545919372664,0.0216342546178842,0.010368922190368
"finn-b-E4_DIABETES","finn-b-I9_IHD","Ischaemic heart disease, wide definition || id:finn-b-I9_IHD","Diabetes mellitus || id:finn-b-E4_DIABETES","Inverse variance weighted","56",0.120159161323454,0.0238602355168308,4.75463003638443e-07
"prot-a-74","finn-b-I9_IHD","Ischaemic heart disease, wide definition || id:finn-b-I9_IHD","CD166 antigen || id:prot-a-74","Inverse variance weighted","2",0.132082873024725,0.0454277151916095,0.00364284419341131
"finn-b-E4_DM1","finn-b-I9_IHD","Ischaemic heart disease, wide definition || id:finn-b-I9_IHD","Type 1 diabetes || id:finn-b-E4_DM1","Inverse variance weighted","14",0.0337807921840928,0.0133257290175487,0.0112445660941102
"prot-a-748","finn-b-I9_IHD","Ischaemic heart disease, wide definition || id:finn-b-I9_IHD","C-X-C motif chemokine 5 || id:prot-a-748","Inverse variance weighted","2",0.121551721302704,0.0503823282878799,0.015839781621922
"finn-b-E4_DM1COMA","finn-b-I9_IHD","Ischaemic heart disease, wide definition || id:finn-b-I9_IHD","Type 1 diabetes with coma || id:finn-b-E4_DM1COMA","Inverse variance weighted","8",0.026802667424983,0.00586394580928612,4.85967090630111e-06
"finn-b-E4_DM1KETO","finn-b-I9_IHD","Ischaemic heart disease, wide definition || id:finn-b-I9_IHD","Type 1 diabetes with ketoacidosis || id:finn-b-E4_DM1KETO","Inverse variance weighted","9",0.0233036795048833,0.00560968056732983,3.2644169765789e-05
"prot-a-767","finn-b-I9_IHD","Ischaemic heart disease, wide definition || id:finn-b-I9_IHD","Deoxycytidine kinase || id:prot-a-767","Inverse variance weighted","2",0.168581231930582,0.0800729553512895,0.0352612488211649
"finn-b-E4_DM1NASCOMP","finn-b-I9_IHD","Ischaemic heart disease, wide definition || id:finn-b-I9_IHD","Type 1 diabetes with other specified/multiple/unspecified complications || id:finn-b-E4_DM1NASCOMP","Inverse variance weighted","13",0.0307371585699546,0.0115476190424126,0.00777299196703102
"finn-b-E4_DM1NEU","finn-b-I9_IHD","Ischaemic heart disease, wide definition || id:finn-b-I9_IHD","Type 1 diabetes with neurological complications || id:finn-b-E4_DM1NEU","Inverse variance weighted","4",0.0242458735607603,0.00745563185829208,0.00114587436983428
"finn-b-E4_DM1NOCOMP","finn-b-I9_IHD","Ischaemic heart disease, wide definition || id:finn-b-I9_IHD","Type 1 diabetes without complications || id:finn-b-E4_DM1NOCOMP","Inverse variance weighted","14",0.044914586134745,0.0151420658249351,0.00301492017835085
"finn-b-E4_DM1OPTH","finn-b-I9_IHD","Ischaemic heart disease, wide definition || id:finn-b-I9_IHD","Type 1 diabetes with ophthalmic complications || id:finn-b-E4_DM1OPTH","Inverse variance weighted","15",0.0310998415119517,0.00990385881415923,0.0016884742407859
"finn-b-E4_DM1PERIPH","finn-b-I9_IHD","Ischaemic heart disease, wide definition || id:finn-b-I9_IHD","Type 1 diabetes with peripheral circulatory complications || id:finn-b-E4_DM1PERIPH","Inverse variance weighted","3",0.03107575940799,0.0155475134007869,0.0456342473999256
"finn-b-E4_DM1REN","finn-b-I9_IHD","Ischaemic heart disease, wide definition || id:finn-b-I9_IHD","Type 1 diabetes with renal complications || id:finn-b-E4_DM1REN","Inverse variance weighted","7",0.0264690227133825,0.00618202206162821,1.85543908745621e-05
"finn-b-E4_DM1_STRICT","finn-b-I9_IHD","Ischaemic heart disease, wide definition || id:finn-b-I9_IHD","Type 1 diabetes, strict (exclude DM2) || id:finn-b-E4_DM1_STRICT","Inverse variance weighted","9",0.0215557416035308,0.00639405872994047,0.000748376441319502
"finn-b-E4_DM2","finn-b-I9_IHD","Ischaemic heart disease, wide definition || id:finn-b-I9_IHD","Type 2 diabetes || id:finn-b-E4_DM2","Inverse variance weighted","61",0.124246049519415,0.0233525675692388,1.03513785204362e-07
"finn-b-E4_DM2COMA","finn-b-I9_IHD","Ischaemic heart disease, wide definition || id:finn-b-I9_IHD","Type 2 diabetes with coma || id:finn-b-E4_DM2COMA","Inverse variance weighted","3",0.0943134731030448,0.0363250722173058,0.00942134527457287
"finn-b-E4_DM2KETO","finn-b-I9_IHD","Ischaemic heart disease, wide definition || id:finn-b-I9_IHD","Type 2 diabetes with ketoacidosis || id:finn-b-E4_DM2KETO","Inverse variance weighted","2",0.0350102544380512,0.0122833124940457,0.00436877514564036
"finn-b-E4_DM2NASCOMP","finn-b-I9_IHD","Ischaemic heart disease, wide definition || id:finn-b-I9_IHD","Type 2 diabetes with other specified/multiple/unspecified complications || id:finn-b-E4_DM2NASCOMP","Inverse variance weighted","57",0.0961775086125056,0.0230092751257075,2.91579380504924e-05
"prot-a-878","finn-b-I9_IHD","Ischaemic heart disease, wide definition || id:finn-b-I9_IHD","Segment polarity protein dishevelled homolog DVL-2 || id:prot-a-878","Inverse variance weighted","3",0.0549454956993257,0.0253699355227632,0.0303286148788213
"finn-b-E4_DM2NOCOMP","finn-b-I9_IHD","Ischaemic heart disease, wide definition || id:finn-b-I9_IHD","Type 2 diabetes without complications || id:finn-b-E4_DM2NOCOMP","Inverse variance weighted","23",0.162373290913043,0.0252073706197855,1.18298045168489e-10
"finn-b-E4_DM2OPTH","finn-b-I9_IHD","Ischaemic heart disease, wide definition || id:finn-b-I9_IHD","Type 2 diabetes with ophthalmic complications || id:finn-b-E4_DM2OPTH","Inverse variance weighted","3",0.0591994732251616,0.0168425842522697,0.00043997136026747
"finn-b-E4_DM2PERIPH","finn-b-I9_IHD","Ischaemic heart disease, wide definition || id:finn-b-I9_IHD","Type 2 diabetes with peripheral circulatory complications || id:finn-b-E4_DM2PERIPH","Inverse variance weighted","4",0.0653681007056357,0.0170377506423821,0.000124717630785283
"finn-b-E4_DM2_STRICT","finn-b-I9_IHD","Ischaemic heart disease, wide definition || id:finn-b-I9_IHD","Type 2 diabetes, strict (exclude DM1) || id:finn-b-E4_DM2_STRICT","Inverse variance weighted","58",0.116647176159356,0.0246940128950344,2.31588868413757e-06
"finn-b-E4_DMNAS","finn-b-I9_IHD","Ischaemic heart disease, wide definition || id:finn-b-I9_IHD","Unspecified diabetes || id:finn-b-E4_DMNAS","Inverse variance weighted","10",0.0500687647708108,0.0103231176037054,1.2336236358938e-06
"finn-b-E4_DMNASKETO","finn-b-I9_IHD","Ischaemic heart disease, wide definition || id:finn-b-I9_IHD","Unspecified diabetes with ketoacidosis || id:finn-b-E4_DMNASKETO","Inverse variance weighted","2",0.0307556381532155,0.00988546387447993,0.00186329782872033
"finn-b-E4_DMNASNOCOMP","finn-b-I9_IHD","Ischaemic heart disease, wide definition || id:finn-b-I9_IHD","Unspecified diabetes without complications || id:finn-b-E4_DMNASNOCOMP","Inverse variance weighted","2",0.0889330619272729,0.0193747920838754,4.42942917758828e-06
"finn-b-E4_ENDONUTRMET","finn-b-I9_IHD","Ischaemic heart disease, wide definition || id:finn-b-I9_IHD","Endocrine, nutritional and metabolic diseases || id:finn-b-E4_ENDONUTRMET","Inverse variance weighted","19",0.328457698144888,0.0564498454074476,5.93511834163686e-09
"prot-b-23","finn-b-I9_IHD","Ischaemic heart disease, wide definition || id:finn-b-I9_IHD","interleukin 6 receptor || id:prot-b-23","Inverse variance weighted","2",-0.0533778657585112,0.0143326329058701,0.000195920692057595
"finn-b-E4_GLUCOPANCREAS","finn-b-I9_IHD","Ischaemic heart disease, wide definition || id:finn-b-I9_IHD","Other disorders of glucose regulation and pancreatic internal secretion || id:finn-b-E4_GLUCOPANCREAS","Inverse variance weighted","2",0.0467693694065283,0.014644015181255,0.00140436153518415
"prot-b-79","finn-b-I9_IHD","Ischaemic heart disease, wide definition || id:finn-b-I9_IHD","platelet and endothelial cell adhesion molecule 1 || id:prot-b-79","Inverse variance weighted","2",-0.0621347365655545,0.0283734902034382,0.0285324350007158
"finn-b-E4_HYPERCHOL","finn-b-I9_IHD","Ischaemic heart disease, wide definition || id:finn-b-I9_IHD","Pure hypercholesterolaemia || id:finn-b-E4_HYPERCHOL","Inverse variance weighted","16",0.457281669485843,0.0975176799310362,2.74250965766281e-06
"finn-b-E4_HYPERLIPMIX","finn-b-I9_IHD","Ischaemic heart disease, wide definition || id:finn-b-I9_IHD","Mixed hyperlipidaemia || id:finn-b-E4_HYPERLIPMIX","Inverse variance weighted","2",0.100670840796211,0.049627992518613,0.0425083024393901
"finn-b-E4_HYPERLIPNAS","finn-b-I9_IHD","Ischaemic heart disease, wide definition || id:finn-b-I9_IHD","Hyperlipidaemia, other/unspecified || id:finn-b-E4_HYPERLIPNAS","Inverse variance weighted","5",0.480712722953219,0.0402643230922997,7.41758886900363e-33
"finn-b-E4_HYPOGLYC","finn-b-I9_IHD","Ischaemic heart disease, wide definition || id:finn-b-I9_IHD","Hypoglycaemia, other or unspecified || id:finn-b-E4_HYPOGLYC","Inverse variance weighted","2",0.0535091150438576,0.0139697038750374,0.00012795144725764
"finn-b-E4_HYTHYNAS","finn-b-I9_IHD","Ischaemic heart disease, wide definition || id:finn-b-I9_IHD","Hypothyroidism,  other/unspecified || id:finn-b-E4_HYTHYNAS","Inverse variance weighted","51",0.06440202798974,0.0222486711475477,0.0037958628422682
"prot-c-2837_3_2","finn-b-I9_IHD","Ischaemic heart disease, wide definition || id:finn-b-I9_IHD","Met || id:prot-c-2837_3_2","Inverse variance weighted","2",-0.057864038948601,0.0242795903073585,0.0171611017019796
"finn-b-E4_HYTHY_AI_STRICT","finn-b-I9_IHD","Ischaemic heart disease, wide definition || id:finn-b-I9_IHD","Hypothyroidism, strict autoimmune || id:finn-b-E4_HYTHY_AI_STRICT","Inverse variance weighted","52",0.050920880444249,0.018823640840804,0.00682723686263056
"finn-b-E4_HYTHY_AI_STRICT_PURCH","finn-b-I9_IHD","Ischaemic heart disease, wide definition || id:finn-b-I9_IHD","Hypothyroidism, strict autoimmune, 3 medication purchases required || id:finn-b-E4_HYTHY_AI_STRICT_PURCH","Inverse variance weighted","54",0.067939486269613,0.0209930606160244,0.00121097238901
"prot-c-2954_56_2","finn-b-I9_IHD","Ischaemic heart disease, wide definition || id:finn-b-I9_IHD","MMP-8 || id:prot-c-2954_56_2","Inverse variance weighted","3",-0.0634818166233354,0.0210122539158312,0.00251791021552435
"finn-b-E4_LIPOPROT","finn-b-I9_IHD","Ischaemic heart disease, wide definition || id:finn-b-I9_IHD","Disorders of lipoprotein metabolism and other lipidaemias || id:finn-b-E4_LIPOPROT","Inverse variance weighted","22",0.494989530398676,0.0861379507375939,9.11234094476192e-09
"finn-b-E4_LIPOPROTNAS","finn-b-I9_IHD","Ischaemic heart disease, wide definition || id:finn-b-I9_IHD","Disorder of lipoprotein metabolism, unspecified || id:finn-b-E4_LIPOPROTNAS","Inverse variance weighted","2",0.13173444861665,0.0369325944926251,0.000361245018085271
"finn-b-E4_METABOLIA","finn-b-I9_IHD","Ischaemic heart disease, wide definition || id:finn-b-I9_IHD","Metabolic disorders || id:finn-b-E4_METABOLIA","Inverse variance weighted","14",0.727423107392049,0.156960306630795,3.57905196695006e-06
"finn-b-E4_NUTRIDEF","finn-b-I9_IHD","Ischaemic heart disease, wide definition || id:finn-b-I9_IHD","Other nutritional deficiencies || id:finn-b-E4_NUTRIDEF","Inverse variance weighted","4",0.126527234726631,0.0406269305014369,0.00184339073117175
"finn-b-E4_OBESITY","finn-b-I9_IHD","Ischaemic heart disease, wide definition || id:finn-b-I9_IHD","Obesity || id:finn-b-E4_OBESITY","Inverse variance weighted","8",0.125178438234441,0.031252052292041,6.19003196501062e-05
"finn-b-E4_OBESITYCAL","finn-b-I9_IHD","Ischaemic heart disease, wide definition || id:finn-b-I9_IHD","Obesity due to excess calories || id:finn-b-E4_OBESITYCAL","Inverse variance weighted","4",0.124590502960304,0.0380822444261701,0.00106934483866129
"finn-b-E4_OBESITYNAS","finn-b-I9_IHD","Ischaemic heart disease, wide definition || id:finn-b-I9_IHD","Obesity, other/unspecified || id:finn-b-E4_OBESITYNAS","Inverse variance weighted","4",0.118679446366738,0.0432256809044746,0.00604045435185992
"finn-b-E4_OBESITY_HYPER","finn-b-I9_IHD","Ischaemic heart disease, wide definition || id:finn-b-I9_IHD","Obesity and other hyperalimentation || id:finn-b-E4_OBESITY_HYPER","Inverse variance weighted","9",0.141325641207576,0.0361778976178521,9.36781524404634e-05
"finn-b-E4_THYROID","finn-b-I9_IHD","Ischaemic heart disease, wide definition || id:finn-b-I9_IHD","Disorders of the thyroid gland || id:finn-b-E4_THYROID","Inverse variance weighted","41",0.0689134270643668,0.029882082933471,0.0211006419681117
"finn-b-E4_THYTOXGOITDIF","finn-b-I9_IHD","Ischaemic heart disease, wide definition || id:finn-b-I9_IHD","Thyrotoxicosis with diffuse goitre || id:finn-b-E4_THYTOXGOITDIF","Inverse variance weighted","12",0.0437633092627916,0.011390224808569,0.00012194568142554
"finn-b-E4_THYTOXNAS","finn-b-I9_IHD","Ischaemic heart disease, wide definition || id:finn-b-I9_IHD","Thyrotoxicosis, other and/or unspecified || id:finn-b-E4_THYTOXNAS","Inverse variance weighted","8",0.0503005224211026,0.0181380396794299,0.00555069525272001
"prot-c-4131_72_2","finn-b-I9_IHD","Ischaemic heart disease, wide definition || id:finn-b-I9_IHD","Fibronectin || id:prot-c-4131_72_2","Inverse variance weighted","2",-0.0443773265012963,0.0175223731356779,0.0113217041909667
"finn-b-F5_ALZHDEMENT","finn-b-I9_IHD","Ischaemic heart disease, wide definition || id:finn-b-I9_IHD","Dementia in Alzheimer disease || id:finn-b-F5_ALZHDEMENT","Inverse variance weighted","3",0.0418138301720805,0.00920061200604132,5.50189783769849e-06
"prot-c-4815_25_3","finn-b-I9_IHD","Ischaemic heart disease, wide definition || id:finn-b-I9_IHD","TXD12 || id:prot-c-4815_25_3","Inverse variance weighted","2",0.027866815153181,0.013337597383426,0.0366768621376
"finn-b-F5_DEMENTIA","finn-b-I9_IHD","Ischaemic heart disease, wide definition || id:finn-b-I9_IHD","Dementia || id:finn-b-F5_DEMENTIA","Inverse variance weighted","6",0.0598699419377546,0.0132609875290722,6.33937914807331e-06
"finn-b-F5_DEMENTIA_INCLAVO","finn-b-I9_IHD","Ischaemic heart disease, wide definition || id:finn-b-I9_IHD","Dementia, including avohilmo || id:finn-b-F5_DEMENTIA_INCLAVO","Inverse variance weighted","5",0.06023849556954,0.0133999998439112,6.94359678734436e-06
"prot-c-5102_55_3","finn-b-I9_IHD","Ischaemic heart disease, wide definition || id:finn-b-I9_IHD","MICB || id:prot-c-5102_55_3","Inverse variance weighted","2",-0.0482424234225142,0.0194275052303428,0.0130207160660205
"finn-b-AB1_VIRAL_WARTS","finn-b-I9_IHD","Ischaemic heart disease, wide definition || id:finn-b-I9_IHD","Viral warts || id:finn-b-AB1_VIRAL_WARTS","Inverse variance weighted","2",0.0629649378581613,0.0255148819307142,0.0135956489150882
"ukb-b-10008","finn-b-I9_IHD","Ischaemic heart disease, wide definition || id:finn-b-I9_IHD","Treatment/medication code: atorvastatin || id:ukb-b-10008","Inverse variance weighted","22",16.6697092399688,2.51425008835614,3.35477853349853e-11
"ukb-b-10011","finn-b-I9_IHD","Ischaemic heart disease, wide definition || id:finn-b-I9_IHD","Townsend deprivation index at recruitment || id:ukb-b-10011","Inverse variance weighted","17",0.658726496483824,0.271757555063839,0.0153527547523404
"ukb-b-10093","finn-b-I9_IHD","Ischaemic heart disease, wide definition || id:finn-b-I9_IHD","Tense / 'highly strung' || id:ukb-b-10093","Inverse variance weighted","38",0.770136046960888,0.381883435225825,0.0437290931742112
"ukb-b-10181","finn-b-I9_IHD","Ischaemic heart disease, wide definition || id:finn-b-I9_IHD","Eye problems/disorders: Diabetes related eye disease || id:ukb-b-10181","Inverse variance weighted","2",3.9830416683712,1.81137978317684,0.0278850861147359
"ukb-b-10444","finn-b-I9_IHD","Ischaemic heart disease, wide definition || id:finn-b-I9_IHD","Operative procedures - main OPCS: X50.1 Direct current cardioversion || id:ukb-b-10444","Inverse variance weighted","7",5.79902731898401,2.89697017528138,0.0453109844264681
"ukb-b-10454","finn-b-I9_IHD","Ischaemic heart disease, wide definition || id:finn-b-I9_IHD","Illnesses of mother: None of the above (group 1) || id:ukb-b-10454","Inverse variance weighted","5",-3.51298784452557,0.729849712243368,1.48455903931983e-06
"ukb-b-10505","finn-b-I9_IHD","Ischaemic heart disease, wide definition || id:finn-b-I9_IHD","Qualifications: CSEs or equivalent || id:ukb-b-10505","Inverse variance weighted","6",2.06042081301991,0.987533289871113,0.0369395312224993
"ukb-b-1061","finn-b-I9_IHD","Ischaemic heart disease, wide definition || id:finn-b-I9_IHD","Age high blood pressure diagnosed || id:ukb-b-1061","Inverse variance weighted","10",-1.27529266370561,0.220284658630911,7.06828634157935e-09
"ukb-b-10753","finn-b-I9_IHD","Ischaemic heart disease, wide definition || id:finn-b-I9_IHD","Diabetes diagnosed by doctor || id:ukb-b-10753","Inverse variance weighted","64",2.25259826997827,0.854502584073424,0.00838522839866873
"ukb-b-10787","finn-b-I9_IHD","Ischaemic heart disease, wide definition || id:finn-b-I9_IHD","Standing height || id:ukb-b-10787","Inverse variance weighted","713",-0.147889760840371,0.0320182936775702,3.8575276157442e-06
"finn-b-F5_ORGANIC","finn-b-I9_IHD","Ischaemic heart disease, wide definition || id:finn-b-I9_IHD","Organic, including symptomatic, mental disorders || id:finn-b-F5_ORGANIC","Inverse variance weighted","4",0.0905680235909025,0.0175820860655712,2.58889226755221e-07
"ukb-b-10912","finn-b-I9_IHD","Ischaemic heart disease, wide definition || id:finn-b-I9_IHD","Non-cancer illness code, self-reported: high cholesterol || id:ukb-b-10912","Inverse variance weighted","76",3.95974592652333,0.361174673085003,5.72288980567571e-28
"ukb-b-11020","finn-b-I9_IHD","Ischaemic heart disease, wide definition || id:finn-b-I9_IHD","Diagnoses - main ICD10: K80.2 Calculus of gallbladder without cholecystitis || id:ukb-b-11020","Inverse variance weighted","6",-8.08920564546396,1.6661991171123,1.20456428489203e-06
"ukb-b-11064","finn-b-I9_IHD","Ischaemic heart disease, wide definition || id:finn-b-I9_IHD","Diagnoses - secondary ICD10: Z95.1 Presence of aortocoronary bypass graft || id:ukb-b-11064","Inverse variance weighted","4",65.4295914935267,12.5720981381623,1.94677416833667e-07
"ukb-b-11141","finn-b-I9_IHD","Ischaemic heart disease, wide definition || id:finn-b-I9_IHD","Forced expiratory volume in 1-second (FEV1), Best measure || id:ukb-b-11141","Inverse variance weighted","209",-0.150312821396397,0.0681025971069892,0.0273034029573494
"ukb-b-11268","finn-b-I9_IHD","Ischaemic heart disease, wide definition || id:finn-b-I9_IHD","Treatment/medication code: simvastatin || id:ukb-b-11268","Inverse variance weighted","37",6.9297183148622,0.726731642187893,1.49226864512613e-21
"ukb-b-11303","finn-b-I9_IHD","Ischaemic heart disease, wide definition || id:finn-b-I9_IHD","Father's age at death || id:ukb-b-11303","Inverse variance weighted","9",-1.600913014435,0.643642341888381,0.0128727251951208
"ukb-b-11590","finn-b-I9_IHD","Ischaemic heart disease, wide definition || id:finn-b-I9_IHD","Vascular/heart problems diagnosed by doctor: Heart attack || id:ukb-b-11590","Inverse variance weighted","14",33.2359089208939,2.88674235443114,1.13077256347924e-30
"ukb-b-11615","finn-b-I9_IHD","Ischaemic heart disease, wide definition || id:finn-b-I9_IHD","Qualifications: A levels/AS levels or equivalent || id:ukb-b-11615","Inverse variance weighted","81",-1.01407480597603,0.249400768124608,4.78176573524694e-05
"ukb-b-11632","finn-b-I9_IHD","Ischaemic heart disease, wide definition || id:finn-b-I9_IHD","Treatment/medication code: atenolol || id:ukb-b-11632","Inverse variance weighted","11",15.1067462797182,5.82315097728566,0.00947957826073993
"ukb-b-11740","finn-b-I9_IHD","Ischaemic heart disease, wide definition || id:finn-b-I9_IHD","Medication for cholesterol, blood pressure or diabetes: Cholesterol lowering medication || id:ukb-b-11740","Inverse variance weighted","47",3.44541119398538,0.338265209299019,2.30097286212531e-24
"finn-b-F5_PSYCH","finn-b-I9_IHD","Ischaemic heart disease, wide definition || id:finn-b-I9_IHD","Psychiatric diseases || id:finn-b-F5_PSYCH","Inverse variance weighted","2",0.38362124990478,0.130425579382361,0.00326833835175566
"ukb-b-11895","finn-b-I9_IHD","Ischaemic heart disease, wide definition || id:finn-b-I9_IHD","Treatment/medication code: ramipril || id:ukb-b-11895","Inverse variance weighted","11",12.7232864890256,3.83312321943909,0.000902433729545077
"ukb-b-12014","finn-b-I9_IHD","Ischaemic heart disease, wide definition || id:finn-b-I9_IHD","Medication for cholesterol, blood pressure or diabetes: None of the above || id:ukb-b-12014","Inverse variance weighted","56",-3.2540016894829,0.410227422600622,2.15315396867873e-15
"ukb-b-12019","finn-b-I9_IHD","Ischaemic heart disease, wide definition || id:finn-b-I9_IHD","Peak expiratory flow (PEF) || id:ukb-b-12019","Inverse variance weighted","130",-0.211153495548322,0.104853162732324,0.0440303389630002
"ukb-b-12047","finn-b-I9_IHD","Ischaemic heart disease, wide definition || id:finn-b-I9_IHD","Diagnoses - main ICD10: I20.0 Unstable angina || id:ukb-b-12047","Inverse variance weighted","4",56.6909807467187,27.5598983949568,0.0396852843848254
"ukb-b-12095","finn-b-I9_IHD","Ischaemic heart disease, wide definition || id:finn-b-I9_IHD","Treatment/medication code: lisinopril || id:ukb-b-12095","Inverse variance weighted","9",7.93255389929949,1.73947322806751,5.10758186359808e-06
"ukb-b-12181","finn-b-I9_IHD","Ischaemic heart disease, wide definition || id:finn-b-I9_IHD","Pain type(s) experienced in last month: Headache || id:ukb-b-12181","Inverse variance weighted","45",-1.20928219275598,0.593904746359749,0.0417347808374323
"ukb-b-12209","finn-b-I9_IHD","Ischaemic heart disease, wide definition || id:finn-b-I9_IHD","Treatment/medication code: methotrexate || id:ukb-b-12209","Inverse variance weighted","3",10.7694678699453,3.06848858172967,0.000448616111848854
"ukb-b-12332","finn-b-I9_IHD","Ischaemic heart disease, wide definition || id:finn-b-I9_IHD","Methods of admission to hospital (recoded): Emergency admission: GP || id:ukb-b-12332","Inverse variance weighted","2",-5.97056087661096,2.56366231715932,0.0198633779204819
"ukb-b-12405","finn-b-I9_IHD","Ischaemic heart disease, wide definition || id:finn-b-I9_IHD","Age at first live birth || id:ukb-b-12405","Inverse variance weighted","32",-0.410552318947397,0.0968894130238485,2.26194577402982e-05
"ukb-b-12465","finn-b-I9_IHD","Ischaemic heart disease, wide definition || id:finn-b-I9_IHD","Operation code: coronary artery bypass grafts (cabg) || id:ukb-b-12465","Inverse variance weighted","8",64.144219278526,4.84659420081378,5.51656200493159e-40
"ukb-b-12477","finn-b-I9_IHD","Ischaemic heart disease, wide definition || id:finn-b-I9_IHD","Illnesses of mother: Heart disease || id:ukb-b-12477","Inverse variance weighted","8",11.2880032492022,2.1348247352652,1.2396208068709e-07
"ukb-b-12493","finn-b-I9_IHD","Ischaemic heart disease, wide definition || id:finn-b-I9_IHD","Diagnoses - secondary ICD10: I10 Essential (primary) hypertension || id:ukb-b-12493","Inverse variance weighted","61",4.18173696873732,0.561977336959501,9.98403589071926e-14
"ukb-b-1252","finn-b-I9_IHD","Ischaemic heart disease, wide definition || id:finn-b-I9_IHD","Other fish intake || id:ukb-b-1252","Inverse variance weighted","2",-1.35093807833246,0.60315272101326,0.0251042745264881
"ukb-b-1260","finn-b-I9_IHD","Ischaemic heart disease, wide definition || id:finn-b-I9_IHD","Spells in hospital || id:ukb-b-1260","Inverse variance weighted","4",1.35702662562713,0.572663007586395,0.0178036085950352
"ukb-b-12651","finn-b-I9_IHD","Ischaemic heart disease, wide definition || id:finn-b-I9_IHD","Diagnoses - secondary ICD10: E78.0 Pure hypercholesterolaemia || id:ukb-b-12651","Inverse variance weighted","18",13.9960612961801,1.36579090974706,1.2133463269631e-24
"ukb-b-12722","finn-b-I9_IHD","Ischaemic heart disease, wide definition || id:finn-b-I9_IHD","Non-cancer illness code, self-reported: uterine fibroids || id:ukb-b-12722","Inverse variance weighted","4",6.35361390254498,3.00395691974868,0.0344229961571655
"ukb-b-12839","finn-b-I9_IHD","Ischaemic heart disease, wide definition || id:finn-b-I9_IHD","Operation code: umbilical hernia repair || id:ukb-b-12839","Inverse variance weighted","8",-6.89626704073301,3.45859575374581,0.0461575177812671
"ukb-b-12854","finn-b-I9_IHD","Ischaemic heart disease, wide definition || id:finn-b-I9_IHD","Arm fat percentage (right) || id:ukb-b-12854","Inverse variance weighted","361",0.288570335821714,0.0654926893207085,1.0522616547756e-05
"ukb-b-12948","finn-b-I9_IHD","Ischaemic heart disease, wide definition || id:finn-b-I9_IHD","Non-cancer illness code, self-reported: diabetes || id:ukb-b-12948","Inverse variance weighted","61",2.4529511240499,0.597858025718908,4.08005306975163e-05
"ukb-b-13092","finn-b-I9_IHD","Ischaemic heart disease, wide definition || id:finn-b-I9_IHD","Headaches for 3+ months || id:ukb-b-13092","Inverse variance weighted","5",-1.09376171785245,0.498782021409757,0.0283170954503048
"ukb-b-13248","finn-b-I9_IHD","Ischaemic heart disease, wide definition || id:finn-b-I9_IHD","Treatment/medication code: warfarin || id:ukb-b-13248","Inverse variance weighted","8",5.8213466431342,2.11318488367152,0.00587327003692755
"ukb-b-13251","finn-b-I9_IHD","Ischaemic heart disease, wide definition || id:finn-b-I9_IHD","Non-cancer illness code, self-reported: gout || id:ukb-b-13251","Inverse variance weighted","21",4.20860723453153,1.50986889158251,0.00531329927728042
"ukb-b-13352","finn-b-I9_IHD","Ischaemic heart disease, wide definition || id:finn-b-I9_IHD","Vascular/heart problems diagnosed by doctor: None of the above || id:ukb-b-13352","Inverse variance weighted","204",-1.95600236881649,0.204917497379099,1.3569263113975e-21
"ukb-b-13664","finn-b-I9_IHD","Ischaemic heart disease, wide definition || id:finn-b-I9_IHD","Treatment/medication code: rosuvastatin || id:ukb-b-13664","Inverse variance weighted","6",43.1759685124854,7.46179427194863,7.19658098458084e-09
"ukb-b-13686","finn-b-I9_IHD","Ischaemic heart disease, wide definition || id:finn-b-I9_IHD","Mother's age || id:ukb-b-13686","Inverse variance weighted","2",-1.2747750427749,0.243878914807196,1.72206304438255e-07
"ukb-b-13704","finn-b-I9_IHD","Ischaemic heart disease, wide definition || id:finn-b-I9_IHD","Blood clot, DVT, bronchitis, emphysema, asthma, rhinitis, eczema, allergy diagnosed by doctor: Blood clot in the lung || id:ukb-b-13704","Inverse variance weighted","6",6.90689815405721,2.51898185523063,0.00610774199692612
"ukb-b-13764","finn-b-I9_IHD","Ischaemic heart disease, wide definition || id:finn-b-I9_IHD","Long-standing illness, disability or infirmity || id:ukb-b-13764","Inverse variance weighted","28",2.50719740314507,1.04160053824613,0.0160814255936465
"ukb-b-13803","finn-b-I9_IHD","Ischaemic heart disease, wide definition || id:finn-b-I9_IHD","Operative procedures - main OPCS: J18.3 Total cholecystectomy NEC || id:ukb-b-13803","Inverse variance weighted","17",-3.99400893137641,1.15864771069028,0.000566576519177806
"ukb-b-1392","finn-b-I9_IHD","Ischaemic heart disease, wide definition || id:finn-b-I9_IHD","Type of cancer: ICD10: C61 Malignant neoplasm of prostate || id:ukb-b-1392","Inverse variance weighted","30",2.36378010011523,1.11672281071786,0.0342843338212268
"ukb-b-14057","finn-b-I9_IHD","Ischaemic heart disease, wide definition || id:finn-b-I9_IHD","Non-cancer illness code, self-reported: hypertension || id:ukb-b-14057","Inverse variance weighted","202",1.62152183533004,0.156268867763805,3.17235390249455e-25
"finn-b-FG_CARDMYO","finn-b-I9_IHD","Ischaemic heart disease, wide definition || id:finn-b-I9_IHD","Cardiomyopathy (excluding other) || id:finn-b-FG_CARDMYO","Inverse variance weighted","2",0.0705159301149758,0.0305650334966393,0.0210504470615159
"ukb-b-14177","finn-b-I9_IHD","Ischaemic heart disease, wide definition || id:finn-b-I9_IHD","Vascular/heart problems diagnosed by doctor: High blood pressure || id:ukb-b-14177","Inverse variance weighted","213",1.68428494084517,0.152881595543353,3.16696564819678e-28
"ukb-b-14180","finn-b-I9_IHD","Ischaemic heart disease, wide definition || id:finn-b-I9_IHD","Mood swings || id:ukb-b-14180","Inverse variance weighted","54",1.19157099697057,0.261051749344299,5.0068357675172e-06
"ukb-b-1419","finn-b-I9_IHD","Ischaemic heart disease, wide definition || id:finn-b-I9_IHD","Frequency of unenthusiasm / disinterest in last 2 weeks || id:ukb-b-1419","Inverse variance weighted","13",1.02619775110153,0.401314297113169,0.0105551167202566
"finn-b-FG_CVD","finn-b-I9_IHD","Ischaemic heart disease, wide definition || id:finn-b-I9_IHD","Cardiovascular diseases (excluding rheumatic etc) || id:finn-b-FG_CVD","Inverse variance weighted","14",0.632324026004208,0.0855749727390001,1.47800051940352e-13
"ukb-b-14342","finn-b-I9_IHD","Ischaemic heart disease, wide definition || id:finn-b-I9_IHD","Sources of admission to hospital (recoded): Usual Place of residence: Living alone || id:ukb-b-14342","Inverse variance weighted","2",28.3381070923257,12.2120740596318,0.0203138925430331
"ukb-b-14371","finn-b-I9_IHD","Ischaemic heart disease, wide definition || id:finn-b-I9_IHD","Illnesses of siblings: Heart disease || id:ukb-b-14371","Inverse variance weighted","7",16.0448664871599,2.89716532681212,3.05725368362831e-08
"ukb-b-14395","finn-b-I9_IHD","Ischaemic heart disease, wide definition || id:finn-b-I9_IHD","Medication for cholesterol, blood pressure or diabetes: Blood pressure medication || id:ukb-b-14395","Inverse variance weighted","71",1.72806440618009,0.254164362379938,1.05345210458084e-11
"finn-b-FG_HYPERTENSION","finn-b-I9_IHD","Ischaemic heart disease, wide definition || id:finn-b-I9_IHD","Hypertensive diseases (excluding secondary) || id:finn-b-FG_HYPERTENSION","Inverse variance weighted","63",0.3169938838182,0.0501177299546819,2.53257391884292e-10
"ukb-b-14486","finn-b-I9_IHD","Ischaemic heart disease, wide definition || id:finn-b-I9_IHD","Non-cancer illness code, self-reported: osteoarthritis || id:ukb-b-14486","Inverse variance weighted","6",-4.48199630061577,1.71685364358099,0.0090386901340395
"finn-b-FG_OTHHEART","finn-b-I9_IHD","Ischaemic heart disease, wide definition || id:finn-b-I9_IHD","Other heart diseases (FG_OTHHEART) || id:finn-b-FG_OTHHEART","Inverse variance weighted","4",0.254259403514863,0.0758239003334555,0.000798574562742731
"ukb-b-14609","finn-b-I9_IHD","Ischaemic heart disease, wide definition || id:finn-b-I9_IHD","Treatment/medication code: metformin || id:ukb-b-14609","Inverse variance weighted","44",2.93933879562651,0.834382444615727,0.000427059188262392
"ukb-b-14699","finn-b-I9_IHD","Ischaemic heart disease, wide definition || id:finn-b-I9_IHD","Illnesses of mother: Alzheimer's disease/dementia || id:ukb-b-14699","Inverse variance weighted","8",1.57083170382378,0.373198795866974,2.56387921386962e-05
"ukb-b-14713","finn-b-I9_IHD","Ischaemic heart disease, wide definition || id:finn-b-I9_IHD","Forced vital capacity (FVC), Best measure || id:ukb-b-14713","Inverse variance weighted","272",-0.181626673354235,0.0563713631299999,0.00127313785056177
"finn-b-G6_AD_WIDE_EXMORE","finn-b-I9_IHD","Ischaemic heart disease, wide definition || id:finn-b-I9_IHD","\Alzheimer<c3><95>s disease, wide definition\ (more controls excluded) || id:finn-b-G6_AD_WIDE_EXMORE","Inverse variance weighted","5",0.0550059351335585,0.0119854536218654,4.44540671999066e-06
"ukb-b-14961","finn-b-I9_IHD","Ischaemic heart disease, wide definition || id:finn-b-I9_IHD","Other serious medical condition/disability diagnosed by doctor || id:ukb-b-14961","Inverse variance weighted","7",2.48320466928055,0.755418590519993,0.00101192423286155
"ukb-b-15169","finn-b-I9_IHD","Ischaemic heart disease, wide definition || id:finn-b-I9_IHD","Illnesses of father: None of the above (group 1) || id:ukb-b-15169","Inverse variance weighted","6",-9.91649658713284,1.88414375080557,1.4162209968373e-07
"finn-b-G6_ALZHEIMER","finn-b-I9_IHD","Ischaemic heart disease, wide definition || id:finn-b-I9_IHD","Alzheimer disease || id:finn-b-G6_ALZHEIMER","Inverse variance weighted","3",0.0482994518432188,0.0108756372271916,8.95132183759047e-06
"ukb-b-15272","finn-b-I9_IHD","Ischaemic heart disease, wide definition || id:finn-b-I9_IHD","Ever manic/hyper for 2 days || id:ukb-b-15272","Inverse variance weighted","2",-3.70007452998582,1.52605565145934,0.0153252620355051
"finn-b-G6_ALZHEIMER_EXMORE","finn-b-I9_IHD","Ischaemic heart disease, wide definition || id:finn-b-I9_IHD","Alzheimer disease (more controls excluded) || id:finn-b-G6_ALZHEIMER_EXMORE","Inverse variance weighted","4",0.0477135108988704,0.0103819306222783,4.31045419176279e-06
"finn-b-G6_ALZHEIMER_INCLAVO","finn-b-I9_IHD","Ischaemic heart disease, wide definition || id:finn-b-I9_IHD","Alzheimer disease, including avohilmo || id:finn-b-G6_ALZHEIMER_INCLAVO","Inverse variance weighted","4",0.0480259569151247,0.0103880146755783,3.77849733515565e-06
"ukb-b-15491","finn-b-I9_IHD","Ischaemic heart disease, wide definition || id:finn-b-I9_IHD","Operative procedures - main OPCS: K45.3 Anastomosis of mammary artery to left anterior descending coronary artery || id:ukb-b-15491","Inverse variance weighted","3",76.0374265686242,22.0853895226562,0.000575546863861485
"ukb-b-15541","finn-b-I9_IHD","Ischaemic heart disease, wide definition || id:finn-b-I9_IHD","Diagnoses - secondary ICD10: E66.9 Obesity, unspecified || id:ukb-b-15541","Inverse variance weighted","2",18.1582003606068,5.40166181957865,0.000774936424545846
"ukb-b-15686","finn-b-I9_IHD","Ischaemic heart disease, wide definition || id:finn-b-I9_IHD","Diagnoses - secondary ICD10: I20.9 Angina pectoris, unspecified || id:ukb-b-15686","Inverse variance weighted","11",35.5718964671542,4.71922171519623,4.78473400535982e-14
"ukb-b-15748","finn-b-I9_IHD","Ischaemic heart disease, wide definition || id:finn-b-I9_IHD","Diagnoses - secondary ICD10: Z95.5 Presence of coronary angioplasty implant and graft || id:ukb-b-15748","Inverse variance weighted","6",73.6231791263852,8.7681535467353,4.59368826733073e-17
"ukb-b-15829","finn-b-I9_IHD","Ischaemic heart disease, wide definition || id:finn-b-I9_IHD","Non-cancer illness code, self-reported: heart attack/myocardial infarction || id:ukb-b-15829","Inverse variance weighted","15",32.31687247836,2.89652226848449,6.60915861699331e-29
"ukb-b-15895","finn-b-I9_IHD","Ischaemic heart disease, wide definition || id:finn-b-I9_IHD","Treatment/medication code: allopurinol || id:ukb-b-15895","Inverse variance weighted","13",5.26299929001935,2.33327260186239,0.0240938232296068
"ukb-b-16048","finn-b-I9_IHD","Ischaemic heart disease, wide definition || id:finn-b-I9_IHD","Non-cancer illness code, self-reported: pulmonary embolism +/- dvt || id:ukb-b-16048","Inverse variance weighted","6",6.95074128042578,2.50900530636163,0.00560016755302301
"finn-b-AD_AM_EXMORE","finn-b-I9_IHD","Ischaemic heart disease, wide definition || id:finn-b-I9_IHD","Alzheimer<c3><95>s disease (Atypical or mixed) (more controls excluded) || id:finn-b-AD_AM_EXMORE","Inverse variance weighted","2",0.0500833699930862,0.0211735871163516,0.0180120605764084
"ukb-b-16376","finn-b-I9_IHD","Ischaemic heart disease, wide definition || id:finn-b-I9_IHD","Main speciality of consultant (recoded): Cardiology || id:ukb-b-16376","Inverse variance weighted","6",19.9411398810801,5.82952787747121,0.000624572808073924
"ukb-b-16489","finn-b-I9_IHD","Ischaemic heart disease, wide definition || id:finn-b-I9_IHD","Qualifications: College or University degree || id:ukb-b-16489","Inverse variance weighted","238",-0.793934897145857,0.121340430105172,6.02819966898774e-11
"ukb-b-16606","finn-b-I9_IHD","Ischaemic heart disease, wide definition || id:finn-b-I9_IHD","Diagnoses - secondary ICD10: I25.8 Other forms of chronic ischaemic heart disease || id:ukb-b-16606","Inverse variance weighted","5",61.8968984439022,8.36752728244517,1.39007729109153e-13
"ukb-b-16662","finn-b-I9_IHD","Ischaemic heart disease, wide definition || id:finn-b-I9_IHD","Diagnoses - secondary ICD10: I25.2 Old myocardial infarction || id:ukb-b-16662","Inverse variance weighted","2",51.4665463451104,7.92943889959029,8.5514505589072e-11
"ukb-b-1668","finn-b-I9_IHD","Ischaemic heart disease, wide definition || id:finn-b-I9_IHD","Diagnoses - main ICD10: I25.1 Atherosclerotic heart disease || id:ukb-b-1668","Inverse variance weighted","29",24.2521496494556,1.53115774103608,1.67215682708891e-56
"finn-b-G6_DIABETNEUR","finn-b-I9_IHD","Ischaemic heart disease, wide definition || id:finn-b-I9_IHD","Diabethic neuropathy || id:finn-b-G6_DIABETNEUR","Inverse variance weighted","4",0.0478988634658128,0.0199651608814283,0.0164344229002701
"ukb-b-1712","finn-b-I9_IHD","Ischaemic heart disease, wide definition || id:finn-b-I9_IHD","Job involves shift work || id:ukb-b-1712","Inverse variance weighted","2",1.47198557828154,0.616229880006346,0.0169083069642591
"ukb-b-17360","finn-b-I9_IHD","Ischaemic heart disease, wide definition || id:finn-b-I9_IHD","Illnesses of siblings: None of the above (group 1) || id:ukb-b-17360","Inverse variance weighted","11",-5.74532722823861,1.45792443401551,8.12245720922288e-05
"ukb-b-1744","finn-b-I9_IHD","Ischaemic heart disease, wide definition || id:finn-b-I9_IHD","Operative procedures - secondary OPCS: Y02.2 Insertion of prosthesis into organ NOC || id:ukb-b-1744","Inverse variance weighted","3",107.90839175243,22.7955278831908,2.20406246117913e-06
"ukb-b-17462","finn-b-I9_IHD","Ischaemic heart disease, wide definition || id:finn-b-I9_IHD","Diagnoses - secondary ICD10: E78.5 Hyperlipidaemia, unspecified || id:ukb-b-17462","Inverse variance weighted","2",51.6228360789446,6.38653384800157,6.31534326633249e-16
"ukb-b-1765","finn-b-I9_IHD","Ischaemic heart disease, wide definition || id:finn-b-I9_IHD","Operative procedures - secondary OPCS: L87.1 Stripping of long saphenous vein || id:ukb-b-1765","Inverse variance weighted","6",7.33913202122404,3.16466975148348,0.0203905329245209
"ukb-b-17681","finn-b-I9_IHD","Ischaemic heart disease, wide definition || id:finn-b-I9_IHD","Treatment/medication code: beclometasone || id:ukb-b-17681","Inverse variance weighted","2",27.4883494442886,5.83345769732419,2.45071107905569e-06
"ukb-b-17729","finn-b-I9_IHD","Ischaemic heart disease, wide definition || id:finn-b-I9_IHD","Qualifications: None of the above || id:ukb-b-17729","Inverse variance weighted","86",0.951437223226775,0.250493227222649,0.000145718202388253
"ukb-b-17805","finn-b-I9_IHD","Ischaemic heart disease, wide definition || id:finn-b-I9_IHD","Medication for cholesterol, blood pressure, diabetes, or take exogenous hormones: Cholesterol lowering medication || id:ukb-b-17805","Inverse variance weighted","36",4.90256431263892,0.622604689728085,3.42707775539198e-15
"ukb-b-17918","finn-b-I9_IHD","Ischaemic heart disease, wide definition || id:finn-b-I9_IHD","Treatment/medication code: levothyroxine sodium || id:ukb-b-17918","Inverse variance weighted","71",1.00344434224853,0.493951382420273,0.0422079702062712
"ukb-b-18009","finn-b-I9_IHD","Ischaemic heart disease, wide definition || id:finn-b-I9_IHD","Medication for cholesterol, blood pressure, diabetes, or take exogenous hormones: Blood pressure medication || id:ukb-b-18009","Inverse variance weighted","89",1.63540451680953,0.217990238649434,6.27595892779053e-14
"ukb-b-18018","finn-b-I9_IHD","Ischaemic heart disease, wide definition || id:finn-b-I9_IHD","Operative procedures - main OPCS: K49.1 Percutaneous transluminal balloon angioplasty of one coronary artery || id:ukb-b-18018","Inverse variance weighted","3",111.804555481705,22.8482105855839,9.91280499752929e-07
"ukb-b-18042","finn-b-I9_IHD","Ischaemic heart disease, wide definition || id:finn-b-I9_IHD","Illnesses of siblings: Diabetes || id:ukb-b-18042","Inverse variance weighted","15",2.62774320270133,0.637861292674428,3.79505324052603e-05
"ukb-b-18062","finn-b-I9_IHD","Ischaemic heart disease, wide definition || id:finn-b-I9_IHD","Treatment/medication code: lipitor 10mg tablet || id:ukb-b-18062","Inverse variance weighted","6",41.2751591426459,9.3899455430037,1.10428498814147e-05
"ukb-b-18096","finn-b-I9_IHD","Ischaemic heart disease, wide definition || id:finn-b-I9_IHD","Leg fat mass (right) || id:ukb-b-18096","Inverse variance weighted","385",0.231314808937086,0.0569763898534865,4.91071575046377e-05
"ukb-b-18167","finn-b-I9_IHD","Ischaemic heart disease, wide definition || id:finn-b-I9_IHD","Illnesses of mother: High blood pressure || id:ukb-b-18167","Inverse variance weighted","28",1.98909629855449,0.617481317590373,0.00127607803618411
"ukb-b-18189","finn-b-I9_IHD","Ischaemic heart disease, wide definition || id:finn-b-I9_IHD","Reason for glasses/contact lenses: For long-sightedness, i.e. for distance and near, but particularly for near tasks like reading (called 'hypermetropia') || id:ukb-b-18189","Inverse variance weighted","5",5.87529521565232,1.99725218118426,0.00326427343087528
"ukb-b-18366","finn-b-I9_IHD","Ischaemic heart disease, wide definition || id:finn-b-I9_IHD","Diagnoses - main ICD10: I26.9 Pulmonary embolism without mention of acute cor pulmonale || id:ukb-b-18366","Inverse variance weighted","4",9.62221427372346,4.17005701843036,0.021029530145637
"ukb-b-18377","finn-b-I9_IHD","Ischaemic heart disease, wide definition || id:finn-b-I9_IHD","Leg fat percentage (left) || id:ukb-b-18377","Inverse variance weighted","351",0.47231418268696,0.0797683394475358,3.19847304171636e-09
"ukb-b-18408","finn-b-I9_IHD","Ischaemic heart disease, wide definition || id:finn-b-I9_IHD","Illnesses of father: Heart disease || id:ukb-b-18408","Inverse variance weighted","28",8.10323716733716,0.597113128037329,5.97568228226811e-42
"finn-b-AD_LO","finn-b-I9_IHD","Ischaemic heart disease, wide definition || id:finn-b-I9_IHD","Alzheimer<c3><95>s disease (Late onset) || id:finn-b-AD_LO","Inverse variance weighted","5",0.0521074423028523,0.0109047794094497,1.76692027658455e-06
"ukb-b-18700","finn-b-I9_IHD","Ischaemic heart disease, wide definition || id:finn-b-I9_IHD","Non-cancer illness code, self-reported: cholelithiasis/gall stones || id:ukb-b-18700","Inverse variance weighted","13",-4.47949569999158,1.20808161349093,0.000208951080524344
"ukb-b-18799","finn-b-I9_IHD","Ischaemic heart disease, wide definition || id:finn-b-I9_IHD","Treatment/medication code: bendroflumethiazide || id:ukb-b-18799","Inverse variance weighted","38",3.80790785411624,0.853808710467288,8.19950412780114e-06
"ukb-b-18953","finn-b-I9_IHD","Ischaemic heart disease, wide definition || id:finn-b-I9_IHD","Operative procedures - secondary OPCS: T86.2 Sampling of axillary lymph nodes || id:ukb-b-18953","Inverse variance weighted","3",12.9847408276297,5.7109742650293,0.0229872052350423
"ukb-b-18994","finn-b-I9_IHD","Ischaemic heart disease, wide definition || id:finn-b-I9_IHD","Miserableness || id:ukb-b-18994","Inverse variance weighted","43",1.15876833873796,0.310560318607139,0.000190556021759453
"finn-b-AD_LO_EXMORE","finn-b-I9_IHD","Ischaemic heart disease, wide definition || id:finn-b-I9_IHD","Alzheimer<c3><95>s disease (Late onset) (more controls excluded) || id:finn-b-AD_LO_EXMORE","Inverse variance weighted","4",0.0510532093721981,0.00927026209254656,3.64581071095525e-08
"ukb-b-19379","finn-b-I9_IHD","Ischaemic heart disease, wide definition || id:finn-b-I9_IHD","Impedance of arm (left) || id:ukb-b-19379","Inverse variance weighted","446",-0.193863220251457,0.0610695644242751,0.00150112778111638
"ukb-b-19393","finn-b-I9_IHD","Ischaemic heart disease, wide definition || id:finn-b-I9_IHD","Whole body fat mass || id:ukb-b-19393","Inverse variance weighted","404",0.176297865819266,0.0458540977151898,0.000120671929644025
"ukb-b-19456","finn-b-I9_IHD","Ischaemic heart disease, wide definition || id:finn-b-I9_IHD","Illnesses of father: High blood pressure || id:ukb-b-19456","Inverse variance weighted","12",1.72673015201981,0.824677516317751,0.0362755991412441
"ukb-b-19732","finn-b-I9_IHD","Ischaemic heart disease, wide definition || id:finn-b-I9_IHD","Non-cancer illness code, self-reported: hypothyroidism/myxoedema || id:ukb-b-19732","Inverse variance weighted","111",0.748215860492616,0.338721784383593,0.0271788633640327
"ukb-b-19809","finn-b-I9_IHD","Ischaemic heart disease, wide definition || id:finn-b-I9_IHD","Fed-up feelings || id:ukb-b-19809","Inverse variance weighted","53",0.82910613476299,0.247906540890757,0.000824517592054929
"ukb-b-19921","finn-b-I9_IHD","Ischaemic heart disease, wide definition || id:finn-b-I9_IHD","Impedance of whole body || id:ukb-b-19921","Inverse variance weighted","490",-0.132614853276021,0.0497229923506736,0.00765150368603022
"ukb-b-19953","finn-b-I9_IHD","Ischaemic heart disease, wide definition || id:finn-b-I9_IHD","Body mass index (BMI) || id:ukb-b-19953","Inverse variance weighted","419",0.249408035232593,0.0409215984710966,1.09589811291245e-09
"ukb-b-20044","finn-b-I9_IHD","Ischaemic heart disease, wide definition || id:finn-b-I9_IHD","Trunk fat mass || id:ukb-b-20044","Inverse variance weighted","383",0.102049260664659,0.0455025996142974,0.0249153434161158
