"id.exposure","id.outcome","outcome","exposure","method","nsnp","b","se","pval"
"finn-b-G6_MUSDYST","finn-b-F5_DEPRESSIO","Depression || id:finn-b-F5_DEPRESSIO","Muscular dystrophy || id:finn-b-G6_MUSDYST","Inverse variance weighted","28",-0.0043247693159726,0.00203536393869277,0.0336021556951031
"ukb-b-20172","finn-b-F5_DEPRESSIO","Depression || id:finn-b-F5_DEPRESSIO","Sources of admission to hospital (recoded): Usual Place of residence || id:ukb-b-20172","Inverse variance weighted","92",0.629828537001509,0.261814988333712,0.0161448520120438
"ukb-b-20188","finn-b-F5_DEPRESSIO","Depression || id:finn-b-F5_DEPRESSIO","Arm fat percentage (left) || id:ukb-b-20188","Inverse variance weighted","590",0.130647171083812,0.0484659889585965,0.00702521881602941
"ukb-b-20214","finn-b-F5_DEPRESSIO","Depression || id:finn-b-F5_DEPRESSIO","Attendance/disability/mobility allowance: Disability living allowance || id:ukb-b-20214","Inverse variance weighted","57",4.41799978483651,0.768503190052423,8.98592480347276e-09
"ukb-b-20261","finn-b-F5_DEPRESSIO","Depression || id:finn-b-F5_DEPRESSIO","Ever smoked || id:ukb-b-20261","Inverse variance weighted","206",0.724371189816382,0.154454348804932,2.73375452082955e-06
"ukb-b-20292","finn-b-F5_DEPRESSIO","Depression || id:finn-b-F5_DEPRESSIO","Taking other prescription medications || id:ukb-b-20292","Inverse variance weighted","85",0.895607421141811,0.239630753445601,0.000185897702699981
"ukb-b-20379","finn-b-F5_DEPRESSIO","Depression || id:finn-b-F5_DEPRESSIO","Medication for cholesterol, blood pressure, diabetes, or take exogenous hormones: None of the above || id:ukb-b-20379","Inverse variance weighted","128",-0.376053491337476,0.139568107981495,0.00705136921314951
"ukb-b-20486","finn-b-F5_DEPRESSIO","Depression || id:finn-b-F5_DEPRESSIO","6mm asymmetry index (right) || id:ukb-b-20486","Inverse variance weighted","57",0.0866741232321267,0.0438307274574388,0.0479880784457741
"ukb-b-20498","finn-b-F5_DEPRESSIO","Depression || id:finn-b-F5_DEPRESSIO","Number of incorrect matches in round || id:ukb-b-20498","Inverse variance weighted","147",0.230720346402909,0.0974308648662873,0.0178825224535892
"ukb-b-2053","finn-b-F5_DEPRESSIO","Depression || id:finn-b-F5_DEPRESSIO","Health satisfaction || id:ukb-b-2053","Inverse variance weighted","47",0.284681697174625,0.125903156380306,0.0237520473985973
"ukb-b-20531","finn-b-F5_DEPRESSIO","Depression || id:finn-b-F5_DEPRESSIO","Leg fat percentage (right) || id:ukb-b-20531","Inverse variance weighted","563",0.229510390054415,0.0626565106023931,0.00024928488258774
"ukb-b-20544","finn-b-F5_DEPRESSIO","Depression || id:finn-b-F5_DEPRESSIO","Nervous feelings || id:ukb-b-20544","Inverse variance weighted","158",0.835100155152048,0.237644175013853,0.000441283299348092
"finn-b-G6_NERPLEX","finn-b-F5_DEPRESSIO","Depression || id:finn-b-F5_DEPRESSIO","Nerve, nerve root and plexus disorders || id:finn-b-G6_NERPLEX","Inverse variance weighted","33",0.169500989014741,0.0372615698875826,5.39144516046912e-06
"ukb-b-2083","finn-b-F5_DEPRESSIO","Depression || id:finn-b-F5_DEPRESSIO","Diagnoses - main ICD10: M25.56 Pain in joint (Lower leg) || id:ukb-b-2083","Inverse variance weighted","2",-30.918364413032,13.8381493433021,0.0254643508639271
"ukb-b-2134","finn-b-F5_DEPRESSIO","Depression || id:finn-b-F5_DEPRESSIO","Past tobacco smoking || id:ukb-b-2134","Inverse variance weighted","237",-0.198280458199345,0.0552855449898855,0.000335172761764775
"ukb-b-2219","finn-b-F5_DEPRESSIO","Depression || id:finn-b-F5_DEPRESSIO","PCT where patients GP was registered: CROYDON PCT || id:ukb-b-2219","Inverse variance weighted","8",-9.63879248147598,4.53672744388826,0.0336188744702732
"ukb-b-223","finn-b-F5_DEPRESSIO","Depression || id:finn-b-F5_DEPRESSIO","Current tobacco smoking || id:ukb-b-223","Inverse variance weighted","138",0.664629226348208,0.181158149817534,0.000243711579365881
"finn-b-G6_NEURO","finn-b-F5_DEPRESSIO","Depression || id:finn-b-F5_DEPRESSIO","Neurological diseases || id:finn-b-G6_NEURO","Inverse variance weighted","33",0.266678873546396,0.0653569418343187,4.49688993107174e-05
"ukb-b-2303","finn-b-F5_DEPRESSIO","Depression || id:finn-b-F5_DEPRESSIO","Body mass index (BMI) || id:ukb-b-2303","Inverse variance weighted","638",0.113927878623504,0.0361653344771929,0.00163161168152999
"ukb-b-2393","finn-b-F5_DEPRESSIO","Depression || id:finn-b-F5_DEPRESSIO","Never eat eggs, dairy, wheat, sugar: I eat all of the above || id:ukb-b-2393","Inverse variance weighted","102",-0.976081331519559,0.283464250715822,0.000574445015135158
"ukb-b-2415","finn-b-F5_DEPRESSIO","Depression || id:finn-b-F5_DEPRESSIO","Treatment/medication code: adcal 600mg chewable tablet || id:ukb-b-2415","Inverse variance weighted","8",17.439593072838,7.00070785219406,0.0127341628705248
"ukb-b-2525","finn-b-F5_DEPRESSIO","Depression || id:finn-b-F5_DEPRESSIO","Operative procedures - secondary OPCS: Z47.2 Skin of temple || id:ukb-b-2525","Inverse variance weighted","2",-36.1657543406729,11.4192680736473,0.0015397708071129
"ukb-b-2535","finn-b-F5_DEPRESSIO","Depression || id:finn-b-F5_DEPRESSIO","Falls in the last year || id:ukb-b-2535","Inverse variance weighted","57",0.902875652956984,0.295383954046047,0.00223850004782579
"ukb-b-2772","finn-b-F5_DEPRESSIO","Depression || id:finn-b-F5_DEPRESSIO","Getting up in morning || id:ukb-b-2772","Inverse variance weighted","223",-0.351093629082616,0.095537666883347,0.000237920576052798
"ukb-b-2862","finn-b-F5_DEPRESSIO","Depression || id:finn-b-F5_DEPRESSIO","Beef intake || id:ukb-b-2862","Inverse variance weighted","96",-0.411066244029362,0.152954171872135,0.00719864146532199
"ukb-b-288","finn-b-F5_DEPRESSIO","Depression || id:finn-b-F5_DEPRESSIO","Treatment/medication code: folic acid product || id:ukb-b-288","Inverse variance weighted","7",7.1961327701556,3.01325030229187,0.0169328315595469
"ukb-b-3132","finn-b-F5_DEPRESSIO","Depression || id:finn-b-F5_DEPRESSIO","Operation code: eye surgery || id:ukb-b-3132","Inverse variance weighted","5",-10.4210572820531,4.81607412260164,0.0304791267011684
"ukb-b-3169","finn-b-F5_DEPRESSIO","Depression || id:finn-b-F5_DEPRESSIO","Number of vehicles in household || id:ukb-b-3169","Inverse variance weighted","90",-0.402511752353078,0.146731104927295,0.00608448967355473
"ukb-b-3196","finn-b-F5_DEPRESSIO","Depression || id:finn-b-F5_DEPRESSIO","Leg pain when walking uphill or hurrying || id:ukb-b-3196","Inverse variance weighted","9",0.448655867446183,0.199995550513896,0.0248755907995254
"ukb-b-3241","finn-b-F5_DEPRESSIO","Depression || id:finn-b-F5_DEPRESSIO","Main speciality of consultant (recoded): Endocrinology || id:ukb-b-3241","Inverse variance weighted","4",22.327898589062,8.44665528160695,0.00820777192079105
"ukb-b-3454","finn-b-F5_DEPRESSIO","Depression || id:finn-b-F5_DEPRESSIO","Operative procedures - secondary OPCS: C71.2 Phacoemulsification of lens || id:ukb-b-3454","Inverse variance weighted","26",3.43795614978139,1.07133276727032,0.00133176175680852
"ukb-b-3656","finn-b-F5_DEPRESSIO","Depression || id:finn-b-F5_DEPRESSIO","Number of treatments/medications taken || id:ukb-b-3656","Inverse variance weighted","156",0.496209438219024,0.109061562476887,5.36942579051918e-06
"ukb-b-3666","finn-b-F5_DEPRESSIO","Depression || id:finn-b-F5_DEPRESSIO","Family relationship satisfaction || id:ukb-b-3666","Inverse variance weighted","39",0.255391733144399,0.12400927889514,0.0394505144192829
"ukb-b-3683","finn-b-F5_DEPRESSIO","Depression || id:finn-b-F5_DEPRESSIO","Diagnoses - main ICD10: B34.9 Viral infection, unspecified || id:ukb-b-3683","Inverse variance weighted","2",-52.3547914774531,19.5425443884695,0.00738388386183078
"finn-b-G6_SLEEPAPNO","finn-b-F5_DEPRESSIO","Depression || id:finn-b-F5_DEPRESSIO","Sleep apnoea || id:finn-b-G6_SLEEPAPNO","Inverse variance weighted","31",0.141548953028712,0.0310740766154289,5.23332014500891e-06
"ukb-b-3822","finn-b-F5_DEPRESSIO","Depression || id:finn-b-F5_DEPRESSIO","Frequency of depressed mood in last 2 weeks || id:ukb-b-3822","Inverse variance weighted","104",1.56640365306908,0.204800373010163,2.03429870705948e-14
"ukb-b-3823","finn-b-F5_DEPRESSIO","Depression || id:finn-b-F5_DEPRESSIO","Operative procedures - secondary OPCS: Y84.2 Sedation NEC || id:ukb-b-3823","Inverse variance weighted","9",18.2554468088313,7.01916320137288,0.00930063825245538
"finn-b-G6_SLEEPAPNO_INCLAVO","finn-b-F5_DEPRESSIO","Depression || id:finn-b-F5_DEPRESSIO","Sleep apnoea, including avohilmo || id:finn-b-G6_SLEEPAPNO_INCLAVO","Inverse variance weighted","29",0.151291869744171,0.0319164425643038,2.13456235025131e-06
"ukb-b-3855","finn-b-F5_DEPRESSIO","Depression || id:finn-b-F5_DEPRESSIO","Attendance/disability/mobility allowance: None of the above || id:ukb-b-3855","Inverse variance weighted","55",-3.15638948140655,0.706427845440766,7.89178188787907e-06
"ukb-b-3957","finn-b-F5_DEPRESSIO","Depression || id:finn-b-F5_DEPRESSIO","Sleeplessness / insomnia || id:ukb-b-3957","Inverse variance weighted","157",0.675118649736019,0.130089030425062,2.10671346280719e-07
"ukb-b-4000","finn-b-F5_DEPRESSIO","Depression || id:finn-b-F5_DEPRESSIO","Leisure/social activities: Sports club or gym || id:ukb-b-4000","Inverse variance weighted","69",-0.701248364729801,0.33395759851443,0.0357453316604395
"ukb-b-4058","finn-b-F5_DEPRESSIO","Depression || id:finn-b-F5_DEPRESSIO","Baked bean intake || id:ukb-b-4058","Inverse variance weighted","11",-0.466892057254405,0.205652653844942,0.0231897298868064
"ukb-b-4062","finn-b-F5_DEPRESSIO","Depression || id:finn-b-F5_DEPRESSIO","Happiness || id:ukb-b-4062","Inverse variance weighted","45",0.423842559161093,0.141662698086934,0.00277234673906266
"ukb-b-4063","finn-b-F5_DEPRESSIO","Depression || id:finn-b-F5_DEPRESSIO","Number of self-reported non-cancer illnesses || id:ukb-b-4063","Inverse variance weighted","166",0.603180815029583,0.103918214737324,6.46045805676809e-09
"ukb-b-4141","finn-b-F5_DEPRESSIO","Depression || id:finn-b-F5_DEPRESSIO","Diagnoses - main ICD10: C44.3 Skin of other and unspecified parts of face || id:ukb-b-4141","Inverse variance weighted","28",-5.54301785278882,2.14388774679982,0.00972383881118824
"ukb-b-4206","finn-b-F5_DEPRESSIO","Depression || id:finn-b-F5_DEPRESSIO","Age when last used oral contraceptive pill || id:ukb-b-4206","Inverse variance weighted","21",-0.407017953576073,0.147216077536627,0.00569637044726212
"ukb-b-4256","finn-b-F5_DEPRESSIO","Depression || id:finn-b-F5_DEPRESSIO","Lifetime number of sexual partners || id:ukb-b-4256","Inverse variance weighted","173",0.439973838357438,0.106561107502735,3.64596877364009e-05
"ukb-b-4394","finn-b-F5_DEPRESSIO","Depression || id:finn-b-F5_DEPRESSIO","Main speciality of consultant (recoded): Neurology || id:ukb-b-4394","Inverse variance weighted","4",-9.99676817915779,4.81912700298285,0.0380427333533753
"ukb-b-4414","finn-b-F5_DEPRESSIO","Depression || id:finn-b-F5_DEPRESSIO","Bacon intake || id:ukb-b-4414","Inverse variance weighted","12",0.389023351725474,0.163997223045476,0.0176856861291392
"finn-b-G6_TRINEU","finn-b-F5_DEPRESSIO","Depression || id:finn-b-F5_DEPRESSIO","Trigeminal neuralgia || id:finn-b-G6_TRINEU","Inverse variance weighted","7",0.0359090751050427,0.0158129833765585,0.0231554403080736
"ukb-b-4439","finn-b-F5_DEPRESSIO","Depression || id:finn-b-F5_DEPRESSIO","Ever had eye surgery || id:ukb-b-4439","Inverse variance weighted","12",-0.505736949205865,0.252153984384137,0.0448917782124459
"finn-b-ALCOHOLACUTE10","finn-b-F5_DEPRESSIO","Depression || id:finn-b-F5_DEPRESSIO","Acute alcohol intoxication (ALCOHOLACUTE10) || id:finn-b-ALCOHOLACUTE10","Inverse variance weighted","15",0.078823939689328,0.0249638690924797,0.00159116802020257
"ukb-b-4531","finn-b-F5_DEPRESSIO","Depression || id:finn-b-F5_DEPRESSIO","Destinations on discharge from hospital (recoded): Temporary place of residence || id:ukb-b-4531","Inverse variance weighted","2",26.0210958406687,13.1638234974172,0.048074125153224
"ukb-b-4540","finn-b-F5_DEPRESSIO","Depression || id:finn-b-F5_DEPRESSIO","Methods of admission to hospital (recoded): Emergency admission: Non-injury || id:ukb-b-4540","Inverse variance weighted","96",1.55812197977361,0.78976217388546,0.0485069296653654
"ukb-b-4616","finn-b-F5_DEPRESSIO","Depression || id:finn-b-F5_DEPRESSIO","Nap during day || id:ukb-b-4616","Inverse variance weighted","214",0.455170629108484,0.130092070215825,0.000467296459411859
"ukb-b-4630","finn-b-F5_DEPRESSIO","Depression || id:finn-b-F5_DEPRESSIO","Neuroticism score || id:ukb-b-4630","Inverse variance weighted","265",0.177753871979534,0.0191044492821127,1.34854949542131e-20
"ukb-b-4655","finn-b-F5_DEPRESSIO","Depression || id:finn-b-F5_DEPRESSIO","Frequency of walking for pleasure in last 4 weeks || id:ukb-b-4655","Inverse variance weighted","46",0.277206958811188,0.101919540782689,0.00653094123424264
"finn-b-G6_XTRAPYROTH","finn-b-F5_DEPRESSIO","Depression || id:finn-b-F5_DEPRESSIO","Other extrapyramidal and movement disorders+ in other diseases || id:finn-b-G6_XTRAPYROTH","Inverse variance weighted","14",0.0562635107576466,0.0194132647238749,0.00375311978731374
"ukb-b-4711","finn-b-F5_DEPRESSIO","Depression || id:finn-b-F5_DEPRESSIO","Usual walking pace || id:ukb-b-4711","Inverse variance weighted","202",-0.454199354540561,0.129730641871062,0.000463349931461497
"ukb-b-4733","finn-b-F5_DEPRESSIO","Depression || id:finn-b-F5_DEPRESSIO","Number of operations, self-reported || id:ukb-b-4733","Inverse variance weighted","92",0.52004770842433,0.144988041316793,0.000334720154602294
"finn-b-GEST_DIABETES","finn-b-F5_DEPRESSIO","Depression || id:finn-b-F5_DEPRESSIO","Gestational diabetes (for exclusion) || id:finn-b-GEST_DIABETES","Inverse variance weighted","19",0.048259591196585,0.0190547621333501,0.0113194638840515
"ukb-b-4982","finn-b-F5_DEPRESSIO","Depression || id:finn-b-F5_DEPRESSIO","Able to confide || id:ukb-b-4982","Inverse variance weighted","89",-0.220745330074402,0.0772798003572361,0.00428417177138499
"ukb-b-5045","finn-b-F5_DEPRESSIO","Depression || id:finn-b-F5_DEPRESSIO","Diagnoses - secondary ICD10: Z53.2 Procedure not carried out because of patient's decision for other and unspecified reasons || id:ukb-b-5045","Inverse variance weighted","4",33.9469181261813,16.5296207511266,0.0400045257008547
"finn-b-ALCOHOLMENTAL","finn-b-F5_DEPRESSIO","Depression || id:finn-b-F5_DEPRESSIO","Mental and behavioural disorders due to alcohol, excluding acute intoxication || id:finn-b-ALCOHOLMENTAL","Inverse variance weighted","28",0.178408161696022,0.025747416789579,4.23324567435633e-12
"ukb-b-5076","finn-b-F5_DEPRESSIO","Depression || id:finn-b-F5_DEPRESSIO","Leisure/social activities: None of the above || id:ukb-b-5076","Inverse variance weighted","78",1.25780110092033,0.333511824528162,0.000162344735814165
"ukb-b-5079","finn-b-F5_DEPRESSIO","Depression || id:finn-b-F5_DEPRESSIO","Vitamin and/or mineral supplement use: Vitamin D || id:ukb-b-5079","Inverse variance weighted","5",-2.41479981733679,1.03004092797261,0.0190591161795889
"ukb-b-5164","finn-b-F5_DEPRESSIO","Depression || id:finn-b-F5_DEPRESSIO","Diagnoses - secondary ICD10: T81.0 Haemorrhage and haematoma complicating a procedure, not elsewhere classified || id:ukb-b-5164","Inverse variance weighted","2",29.3866339227754,11.1428477911916,0.00835777013814629
"finn-b-GLOMER_NEPHRITIS","finn-b-F5_DEPRESSIO","Depression || id:finn-b-F5_DEPRESSIO","Glomerulonephritis || id:finn-b-GLOMER_NEPHRITIS","Inverse variance weighted","18",0.0642115147343,0.0240517564803409,0.00759139644794284
"ukb-b-5253","finn-b-F5_DEPRESSIO","Depression || id:finn-b-F5_DEPRESSIO","Diagnoses - main ICD10: N83.2 Other and unspecified ovarian cysts || id:ukb-b-5253","Inverse variance weighted","2",-21.5070228820194,10.8383107861656,0.0472166212903525
"ukb-b-5605","finn-b-F5_DEPRESSIO","Depression || id:finn-b-F5_DEPRESSIO","Yorkshire pudding intake || id:ukb-b-5605","Inverse variance weighted","15",0.499106626093858,0.253729241299814,0.0491735751288952
"ukb-b-5664","finn-b-F5_DEPRESSIO","Depression || id:finn-b-F5_DEPRESSIO","Frequency of tenseness / restlessness in last 2 weeks || id:ukb-b-5664","Inverse variance weighted","103",1.37452595082043,0.183515519784092,6.88887489285382e-14
"ukb-b-5811","finn-b-F5_DEPRESSIO","Depression || id:finn-b-F5_DEPRESSIO","Portion size || id:ukb-b-5811","Inverse variance weighted","20",0.0775357911788916,0.0382513035155255,0.0426613460504212
"finn-b-ALCOHOL_RELATED","finn-b-F5_DEPRESSIO","Depression || id:finn-b-F5_DEPRESSIO","Alcohol related diseases and deaths, all endoints || id:finn-b-ALCOHOL_RELATED","Inverse variance weighted","31",0.194753916741739,0.0282493693922659,5.42077040717252e-12
"ukb-b-5968","finn-b-F5_DEPRESSIO","Depression || id:finn-b-F5_DEPRESSIO","Operative procedures - secondary OPCS: Z28.8 Specified large intestine NEC || id:ukb-b-5968","Inverse variance weighted","3",-18.028902620422,7.8705928376535,0.0219827149225342
"ukb-b-5981","finn-b-F5_DEPRESSIO","Depression || id:finn-b-F5_DEPRESSIO","Operation code: removal of rodent ulcer / basal cell carcinoma (bcc) || id:ukb-b-5981","Inverse variance weighted","4",-29.8421610251095,14.7326263692251,0.0428075106664138
"ukb-b-602","finn-b-F5_DEPRESSIO","Depression || id:finn-b-F5_DEPRESSIO","Garlic bread intake || id:ukb-b-602","Inverse variance weighted","23",0.389684262266754,0.187866933091743,0.0380554681817143
"ukb-b-6066","finn-b-F5_DEPRESSIO","Depression || id:finn-b-F5_DEPRESSIO","Tea intake || id:ukb-b-6066","Inverse variance weighted","136",-0.180490846962035,0.080881749881926,0.0256453917652462
"ukb-b-6077","finn-b-F5_DEPRESSIO","Depression || id:finn-b-F5_DEPRESSIO","Diagnoses - secondary ICD10: N39.0 Urinary tract infection, site not specified || id:ukb-b-6077","Inverse variance weighted","8",8.96111347658158,3.9835162239366,0.0244776123184327
"ukb-b-6134","finn-b-F5_DEPRESSIO","Depression || id:finn-b-F5_DEPRESSIO","Age completed full time education || id:ukb-b-6134","Inverse variance weighted","157",-0.416313220600831,0.0996208386871031,2.92822945558795e-05
"ukb-b-6217","finn-b-F5_DEPRESSIO","Depression || id:finn-b-F5_DEPRESSIO","Diagnoses - secondary ICD10: I48 Atrial fibrillation and flutter || id:ukb-b-6217","Inverse variance weighted","35",3.3896259893332,0.983886424216875,0.000570764733008986
"ukb-b-6306","finn-b-F5_DEPRESSIO","Depression || id:finn-b-F5_DEPRESSIO","Overall health rating || id:ukb-b-6306","Inverse variance weighted","294",0.925664289670123,0.0893031910756462,3.56223302775179e-25
"ukb-b-6324","finn-b-F5_DEPRESSIO","Depression || id:finn-b-F5_DEPRESSIO","Processed meat intake || id:ukb-b-6324","Inverse variance weighted","124",-0.254504333054118,0.110762066939291,0.0215756139107139
"ukb-b-6354","finn-b-F5_DEPRESSIO","Depression || id:finn-b-F5_DEPRESSIO","Operation code: endoscopy / gastroscopy || id:ukb-b-6354","Inverse variance weighted","9",6.85821824978048,2.83721472851452,0.0156388637310618
"ukb-b-6392","finn-b-F5_DEPRESSIO","Depression || id:finn-b-F5_DEPRESSIO","Longest period of unenthusiasm / disinterest || id:ukb-b-6392","Inverse variance weighted","6",0.308292974994986,0.140272605389815,0.0279624248320908
"ukb-b-6500","finn-b-F5_DEPRESSIO","Depression || id:finn-b-F5_DEPRESSIO","Pancake intake || id:ukb-b-6500","Inverse variance weighted","44",-0.615214892803875,0.249077251194061,0.0135122025895149
"ukb-b-6514","finn-b-F5_DEPRESSIO","Depression || id:finn-b-F5_DEPRESSIO","Non-cancer illness code, self-reported: hiatus hernia || id:ukb-b-6514","Inverse variance weighted","21",3.57611939024127,1.46011318541834,0.0143171152995915
"ukb-b-6519","finn-b-F5_DEPRESSIO","Depression || id:finn-b-F5_DEPRESSIO","Worrier / anxious feelings || id:ukb-b-6519","Inverse variance weighted","192",0.814669189985497,0.16694751707521,1.06197680090875e-06
"ukb-b-6591","finn-b-F5_DEPRESSIO","Depression || id:finn-b-F5_DEPRESSIO","Age first had sexual intercourse || id:ukb-b-6591","Inverse variance weighted","386",-0.463629157011026,0.0555167725492581,6.75988023940141e-17
"ukb-b-6704","finn-b-F5_DEPRESSIO","Depression || id:finn-b-F5_DEPRESSIO","Arm fat mass (right) || id:ukb-b-6704","Inverse variance weighted","611",0.120997762805143,0.0373408202118977,0.00119378175484372
"ukb-b-6762","finn-b-F5_DEPRESSIO","Depression || id:finn-b-F5_DEPRESSIO","PCT where patients GP was registered: NOTTINGHAM CITY PCT || id:ukb-b-6762","Inverse variance weighted","11",8.4933680208747,3.60013664193734,0.0183154015595666
"finn-b-H7_CATARACTSENILE","finn-b-F5_DEPRESSIO","Depression || id:finn-b-F5_DEPRESSIO","Senile cataract || id:finn-b-H7_CATARACTSENILE","Inverse variance weighted","48",0.08570772301898,0.024626514582503,0.000500847729435274
"ukb-b-6848","finn-b-F5_DEPRESSIO","Depression || id:finn-b-F5_DEPRESSIO","Ever depressed for a whole week || id:ukb-b-6848","Inverse variance weighted","31",0.662045822736262,0.334765624050264,0.0479693556694388
"ukb-b-7137","finn-b-F5_DEPRESSIO","Depression || id:finn-b-F5_DEPRESSIO","Medication for pain relief, constipation, heartburn: Aspirin || id:ukb-b-7137","Inverse variance weighted","56",1.23233066916275,0.411102065825106,0.00272090427613303
"ukb-b-7212","finn-b-F5_DEPRESSIO","Depression || id:finn-b-F5_DEPRESSIO","Leg fat mass (left) || id:ukb-b-7212","Inverse variance weighted","611",0.15558605535828,0.0450143201214752,0.000547507302426997
"finn-b-H7_CHOROIDRETINA","finn-b-F5_DEPRESSIO","Depression || id:finn-b-F5_DEPRESSIO","Disorders of choroid and retina || id:finn-b-H7_CHOROIDRETINA","Inverse variance weighted","24",0.0777145699374031,0.0241114189492415,0.00126791894434173
"ukb-b-7244","finn-b-F5_DEPRESSIO","Depression || id:finn-b-F5_DEPRESSIO","Carbohydrate || id:ukb-b-7244","Inverse variance weighted","19",-0.296699630542519,0.122601707946899,0.0155192896214708
"ukb-b-7289","finn-b-F5_DEPRESSIO","Depression || id:finn-b-F5_DEPRESSIO","Pain type(s) experienced in last month: Hip pain || id:ukb-b-7289","Inverse variance weighted","48",1.52080538988657,0.584430574949621,0.00926277480470219
"ukb-b-7337","finn-b-F5_DEPRESSIO","Depression || id:finn-b-F5_DEPRESSIO","Types of physical activity in last 4 weeks: Walking for pleasure (not as a means of transport) || id:ukb-b-7337","Inverse variance weighted","90",-1.09366905858397,0.256161714098984,1.95957529714271e-05
"finn-b-H7_CONJUNAS","finn-b-F5_DEPRESSIO","Depression || id:finn-b-F5_DEPRESSIO","Other specified and unspecified disorders of conjunctiva || id:finn-b-H7_CONJUNAS","Inverse variance weighted","4",-0.0112495908669032,0.00549488776295955,0.0406302960168395
"ukb-b-7408","finn-b-F5_DEPRESSIO","Depression || id:finn-b-F5_DEPRESSIO","Average total household income before tax || id:ukb-b-7408","Inverse variance weighted","178",-0.305813365193817,0.0683036978167551,7.56074020971929e-06
"ukb-b-7414","finn-b-F5_DEPRESSIO","Depression || id:finn-b-F5_DEPRESSIO","PCT where patients GP was registered: BRADFORD SOUTH AND WEST PCT || id:ukb-b-7414","Inverse variance weighted","3",-26.8154898588784,12.259168407523,0.0287146160672844
"ukb-b-7420","finn-b-F5_DEPRESSIO","Depression || id:finn-b-F5_DEPRESSIO","Courgette intake || id:ukb-b-7420","Inverse variance weighted","20",-0.463210301733599,0.171743488147467,0.00699451123924751
"ukb-b-7421","finn-b-F5_DEPRESSIO","Depression || id:finn-b-F5_DEPRESSIO","Diagnoses - secondary ICD10: K51.9 Ulcerative colitis, unspecified || id:ukb-b-7421","Inverse variance weighted","12",-14.3424236922014,6.3854982764132,0.0246980444877441
"ukb-b-7435","finn-b-F5_DEPRESSIO","Depression || id:finn-b-F5_DEPRESSIO","Age diabetes diagnosed || id:ukb-b-7435","Inverse variance weighted","15",-0.10828881561122,0.0497978494738801,0.0296624959502404
"ukb-b-7460","finn-b-F5_DEPRESSIO","Depression || id:finn-b-F5_DEPRESSIO","Pack years adult smoking as proportion of life span exposed to smoking || id:ukb-b-7460","Inverse variance weighted","85",0.20311610598303,0.0682689621969112,0.00292765571227282
"ukb-b-7478","finn-b-F5_DEPRESSIO","Depression || id:finn-b-F5_DEPRESSIO","Hand grip strength (left) || id:ukb-b-7478","Inverse variance weighted","316",-0.280922204146227,0.0801504219720769,0.000456714817590154
"ukb-b-752","finn-b-F5_DEPRESSIO","Depression || id:finn-b-F5_DEPRESSIO","Operative procedures - main OPCS: H20.2 Fibreoptic endoscopic cauterisation of lesion of colon || id:ukb-b-752","Inverse variance weighted","5",-17.3468183477682,7.38697602766601,0.0188594441500121
"ukb-b-7534","finn-b-F5_DEPRESSIO","Depression || id:finn-b-F5_DEPRESSIO","Diagnoses - main ICD10: K01.1 Impacted teeth || id:ukb-b-7534","Inverse variance weighted","4",25.7736883717455,9.57444516619605,0.00710409175951221
"ukb-b-779","finn-b-F5_DEPRESSIO","Depression || id:finn-b-F5_DEPRESSIO","PCT responsible for patient data: SOUTH BIRMINGHAM PCT || id:ukb-b-779","Inverse variance weighted","4",18.0681500365109,7.78650040093321,0.0203167884018216
"finn-b-H7_CONVERGINSUFF","finn-b-F5_DEPRESSIO","Depression || id:finn-b-F5_DEPRESSIO","Convergence insufficiency and excess || id:finn-b-H7_CONVERGINSUFF","Inverse variance weighted","5",0.014874839005085,0.00703550425863338,0.0344936276681822
"ukb-b-8089","finn-b-F5_DEPRESSIO","Depression || id:finn-b-F5_DEPRESSIO","Cooked vegetable intake || id:ukb-b-8089","Inverse variance weighted","92",0.350585324768758,0.162481139804531,0.0309512743717405
"ukb-b-8121","finn-b-F5_DEPRESSIO","Depression || id:finn-b-F5_DEPRESSIO","Salt added to food || id:ukb-b-8121","Inverse variance weighted","234",0.176266328471168,0.081195493131712,0.0299396333402448
"ukb-b-8147","finn-b-F5_DEPRESSIO","Depression || id:finn-b-F5_DEPRESSIO","Treatment/medication code: paracetamol || id:ukb-b-8147","Inverse variance weighted","71",0.978074426823081,0.358952790851275,0.00643405232013811
"ukb-b-8210","finn-b-F5_DEPRESSIO","Depression || id:finn-b-F5_DEPRESSIO","Non-cancer illness code, self-reported: crohns disease || id:ukb-b-8210","Inverse variance weighted","15",9.58595104644076,4.59957203028534,0.0371514086231051
"ukb-b-8338","finn-b-F5_DEPRESSIO","Depression || id:finn-b-F5_DEPRESSIO","Arm fat mass (left) || id:ukb-b-8338","Inverse variance weighted","608",0.118912774331494,0.0369984027815989,0.00130900809467838
"finn-b-H7_CORNEALSCAR","finn-b-F5_DEPRESSIO","Depression || id:finn-b-F5_DEPRESSIO","Corneal scars and opacities || id:finn-b-H7_CORNEALSCAR","Inverse variance weighted","5",-0.0284723785370267,0.0105390604968214,0.00690056878853231
"ukb-b-8476","finn-b-F5_DEPRESSIO","Depression || id:finn-b-F5_DEPRESSIO","Loneliness, isolation || id:ukb-b-8476","Inverse variance weighted","81",2.52392098470298,0.373665159690802,1.43329558149165e-11
"ukb-b-8746","finn-b-F5_DEPRESSIO","Depression || id:finn-b-F5_DEPRESSIO","Illnesses of siblings: High blood pressure || id:ukb-b-8746","Inverse variance weighted","84",0.695623199906908,0.254621811396264,0.00629538341040202
"ukb-b-8755","finn-b-F5_DEPRESSIO","Depression || id:finn-b-F5_DEPRESSIO","Treatment/medication code: aspirin || id:ukb-b-8755","Inverse variance weighted","54",1.23677337069529,0.403343949940242,0.0021672607315957
"ukb-b-8764","finn-b-F5_DEPRESSIO","Depression || id:finn-b-F5_DEPRESSIO","Types of physical activity in last 4 weeks: Other exercises (eg: swimming, cycling, keep fit, bowling) || id:ukb-b-8764","Inverse variance weighted","102",-0.574661653913839,0.227938684095892,0.0116980669006492
"ukb-b-8837","finn-b-F5_DEPRESSIO","Depression || id:finn-b-F5_DEPRESSIO","Cancer code, self-reported: basal cell carcinoma || id:ukb-b-8837","Inverse variance weighted","31",-4.15989568118263,1.63818861723123,0.0111066135201247
"ukb-b-8846","finn-b-F5_DEPRESSIO","Depression || id:finn-b-F5_DEPRESSIO","Methods of admission to hospital (recoded): Elective admission: Booked || id:ukb-b-8846","Inverse variance weighted","64",0.607260554292065,0.287659957434909,0.034769209181296
"ukb-b-8909","finn-b-F5_DEPRESSIO","Depression || id:finn-b-F5_DEPRESSIO","Body fat percentage || id:ukb-b-8909","Inverse variance weighted","591",0.16409684692367,0.0478372080275738,0.000602873738539271
"ukb-b-9050","finn-b-F5_DEPRESSIO","Depression || id:finn-b-F5_DEPRESSIO","Eye problems/disorders: Injury or trauma resulting in loss of vision || id:ukb-b-9050","Inverse variance weighted","6",4.1930997708022,1.86761418502257,0.024757618730635
"ukb-b-9125","finn-b-F5_DEPRESSIO","Depression || id:finn-b-F5_DEPRESSIO","Non-cancer illness code, self-reported: rheumatoid arthritis || id:ukb-b-9125","Inverse variance weighted","15",3.47639704246166,1.45308876369202,0.0167377260636108
"ukb-b-9130","finn-b-F5_DEPRESSIO","Depression || id:finn-b-F5_DEPRESSIO","Pain type(s) experienced in last month: None of the above || id:ukb-b-9130","Inverse variance weighted","140",-0.974919995322991,0.196328532448311,6.84332212670764e-07
"finn-b-H7_EYE","finn-b-F5_DEPRESSIO","Depression || id:finn-b-F5_DEPRESSIO","Diseases of the eye and adnexa || id:finn-b-H7_EYE","Inverse variance weighted","28",0.23572101678689,0.0571154154756779,3.67367072907359e-05
"ukb-b-929","finn-b-F5_DEPRESSIO","Depression || id:finn-b-F5_DEPRESSIO","Frequency of tiredness / lethargy in last 2 weeks || id:ukb-b-929","Inverse variance weighted","161",0.941793256452313,0.102176627858794,3.04657822194592e-20
"ukb-b-9405","finn-b-F5_DEPRESSIO","Depression || id:finn-b-F5_DEPRESSIO","Waist circumference || id:ukb-b-9405","Inverse variance weighted","549",0.114542952946778,0.0439028611662444,0.00908048961681351
"ukb-b-9473","finn-b-F5_DEPRESSIO","Depression || id:finn-b-F5_DEPRESSIO","Operative procedures - main OPCS: G45.1 Fibreoptic endoscopic examination of upper gastrointestinal tract and biopsy of lesion of upper gastrointestinal tract || id:ukb-b-9473","Inverse variance weighted","32",2.08574493626219,0.898495308129975,0.0202665901734928
"ukb-b-9524","finn-b-F5_DEPRESSIO","Depression || id:finn-b-F5_DEPRESSIO","Fortified wine intake || id:ukb-b-9524","Inverse variance weighted","19",0.696988905569168,0.347854945114514,0.0451046861705614
"ukb-b-9536","finn-b-F5_DEPRESSIO","Depression || id:finn-b-F5_DEPRESSIO","Diagnoses - main ICD10: D25.9 Leiomyoma of uterus, unspecified || id:ukb-b-9536","Inverse variance weighted","22",4.1484132349595,1.99416200014062,0.0374999542509473
"ukb-b-9543","finn-b-F5_DEPRESSIO","Depression || id:finn-b-F5_DEPRESSIO","Shortness of breath walking on level ground || id:ukb-b-9543","Inverse variance weighted","24",0.996609902530836,0.416164963302582,0.0166318255753255
"ukb-b-9597","finn-b-F5_DEPRESSIO","Depression || id:finn-b-F5_DEPRESSIO","Diagnoses - main ICD10: O70.0 First degree perineal laceration during delivery || id:ukb-b-9597","Inverse variance weighted","2",33.0054024064683,12.9994518205673,0.0111174853085381
"ukb-b-964","finn-b-F5_DEPRESSIO","Depression || id:finn-b-F5_DEPRESSIO","Diagnoses - main ICD10: I48 Atrial fibrillation and flutter || id:ukb-b-964","Inverse variance weighted","47",2.77667839130222,0.959959190676826,0.00382193703887284
"ukb-b-9667","finn-b-F5_DEPRESSIO","Depression || id:finn-b-F5_DEPRESSIO","Illness, injury, bereavement, stress in last 2 years: Financial difficulties || id:ukb-b-9667","Inverse variance weighted","85",1.62485958589761,0.452995698778443,0.000334606205544074
"ukb-b-9787","finn-b-F5_DEPRESSIO","Depression || id:finn-b-F5_DEPRESSIO","Total errors traversing numeric path (trail #1) || id:ukb-b-9787","Inverse variance weighted","10",-0.260158471043699,0.0990923897098079,0.00865438637314409
"ukb-b-9816","finn-b-F5_DEPRESSIO","Depression || id:finn-b-F5_DEPRESSIO","Operative procedures - secondary OPCS: Y80.4 Intravenous anaesthetic NEC || id:ukb-b-9816","Inverse variance weighted","5",-18.2150032363427,8.00740580920325,0.0229197553347781
"ukb-b-9838","finn-b-F5_DEPRESSIO","Depression || id:finn-b-F5_DEPRESSIO","Pain type(s) experienced in last month: Back pain || id:ukb-b-9838","Inverse variance weighted","88",1.26522891998677,0.282180113442052,7.33379090515782e-06
"ukb-b-9981","finn-b-F5_DEPRESSIO","Depression || id:finn-b-F5_DEPRESSIO","Sensitivity / hurt feelings || id:ukb-b-9981","Inverse variance weighted","142",1.27533098599947,0.212522673600089,1.96205924634278e-09
"ukb-d-1538_0","finn-b-F5_DEPRESSIO","Depression || id:finn-b-F5_DEPRESSIO","Major dietary changes in the last 5 years: No || id:ukb-d-1538_0","Inverse variance weighted","60",-0.955560872921072,0.334774199473205,0.00431257470635016
"ukb-d-1538_2","finn-b-F5_DEPRESSIO","Depression || id:finn-b-F5_DEPRESSIO","Major dietary changes in the last 5 years: Yes, because of other reasons || id:ukb-d-1538_2","Inverse variance weighted","26",1.05419979739612,0.445872894350996,0.0180617158767733
"ukb-d-1707_1","finn-b-F5_DEPRESSIO","Depression || id:finn-b-F5_DEPRESSIO","Handedness (chirality/laterality): Right-handed || id:ukb-d-1707_1","Inverse variance weighted","21",-1.60658234001925,0.605266986305304,0.00794645053609191
"finn-b-H7_GLAUCOMA_XFG","finn-b-F5_DEPRESSIO","Depression || id:finn-b-F5_DEPRESSIO","Glaucoma, exfoliation || id:finn-b-H7_GLAUCOMA_XFG","Inverse variance weighted","19",0.0185460983986825,0.00815111590790919,0.0228889369347828
"finn-b-ALCO_PRESCRIPTION","finn-b-F5_DEPRESSIO","Depression || id:finn-b-F5_DEPRESSIO","Use of disulfiram, acamprosate or naltrexone || id:finn-b-ALCO_PRESCRIPTION","Inverse variance weighted","9",0.0802937258951689,0.0198428719050478,5.19942182469049e-05
"ukb-d-20116_0","finn-b-F5_DEPRESSIO","Depression || id:finn-b-F5_DEPRESSIO","Smoking status: Never || id:ukb-d-20116_0","Inverse variance weighted","209",-0.839992788556998,0.13993497681348,1.9401939041133e-09
"ukb-d-20405_1","finn-b-F5_DEPRESSIO","Depression || id:finn-b-F5_DEPRESSIO","Ever had known person concerned about, or recommend reduction of, alcohol consumption: Yes, but not in the last year || id:ukb-d-20405_1","Inverse variance weighted","9",1.86204347683291,0.698672921791025,0.00769620671747914
"ukb-d-20405_2","finn-b-F5_DEPRESSIO","Depression || id:finn-b-F5_DEPRESSIO","Ever had known person concerned about, or recommend reduction of, alcohol consumption: Yes, during the last year || id:ukb-d-20405_2","Inverse variance weighted","16",2.09104727342113,0.646619226265675,0.00122148339287784
"ukb-d-20434_irnt","finn-b-F5_DEPRESSIO","Depression || id:finn-b-F5_DEPRESSIO","Age at last episode of depression || id:ukb-d-20434_irnt","Inverse variance weighted","13",0.345960668370683,0.130849399103356,0.00819421704509231
"finn-b-H7_GLOBE","finn-b-F5_DEPRESSIO","Depression || id:finn-b-F5_DEPRESSIO","Disorders of globe || id:finn-b-H7_GLOBE","Inverse variance weighted","8",-0.0260784558160655,0.00956120363332459,0.00638107367053744
"ukb-d-20499","finn-b-F5_DEPRESSIO","Depression || id:finn-b-F5_DEPRESSIO","Ever sought or received professional help for mental distress || id:ukb-d-20499","Inverse variance weighted","28",0.679059208565514,0.320173024628691,0.0339291038557642
"ukb-d-20500","finn-b-F5_DEPRESSIO","Depression || id:finn-b-F5_DEPRESSIO","Ever suffered mental distress preventing usual activities || id:ukb-d-20500","Inverse variance weighted","28",0.600996482623115,0.248680882963327,0.0156602945357978
"ukb-d-20531","finn-b-F5_DEPRESSIO","Depression || id:finn-b-F5_DEPRESSIO","Victim of sexual assault || id:ukb-d-20531","Inverse variance weighted","19",0.717980357243904,0.349785775884032,0.040108592217153
"ukb-d-20543","finn-b-F5_DEPRESSIO","Depression || id:finn-b-F5_DEPRESSIO","Number of things worried about during worst period of anxiety || id:ukb-d-20543","Inverse variance weighted","12",0.328920598215745,0.166643633721474,0.0484049025334006
"ukb-d-20547_3","finn-b-F5_DEPRESSIO","Depression || id:finn-b-F5_DEPRESSIO","Activities undertaken to treat depression: Other therapeutic activities such as mindfulness, yoga or art classes || id:ukb-d-20547_3","Inverse variance weighted","20",1.5142872629785,0.527304000875463,0.00408200863559577
"ukb-d-20549_3","finn-b-F5_DEPRESSIO","Depression || id:finn-b-F5_DEPRESSIO","Substances taken for anxiety: Medication prescribed to you (for at least two weeks) || id:ukb-d-20549_3","Inverse variance weighted","14",1.4576959973151,0.543855416174814,0.00735560736177115
"ukb-d-20550_1","finn-b-F5_DEPRESSIO","Depression || id:finn-b-F5_DEPRESSIO","Activities undertaken to treat anxiety: Talking therapies, such as psychotherapy, counselling, group therapy or CBT || id:ukb-d-20550_1","Inverse variance weighted","9",1.2898844806579,0.526177641914831,0.0142292245700661
"ukb-d-22601_21223040","finn-b-F5_DEPRESSIO","Depression || id:finn-b-F5_DEPRESSIO","Job coding: mechanical engineer, automobile engineer, aeronautical engineer, locomotive or marine engineer, welding engineer || id:ukb-d-22601_21223040","Inverse variance weighted","7",-3.62394425258947,1.77291218708475,0.0409473210678757
"ukb-d-22601_92193312","finn-b-F5_DEPRESSIO","Depression || id:finn-b-F5_DEPRESSIO","Job coding: other general office clerical tasks including: office junior, office worker, photocopy/print room operator, office machinist || id:ukb-d-22601_92193312","Inverse variance weighted","16",-1.78452207707252,0.645395684453454,0.00569219820851598
"finn-b-ALLERG_ASTHMA","finn-b-F5_DEPRESSIO","Depression || id:finn-b-F5_DEPRESSIO","Allergic asthma (mode) || id:finn-b-ALLERG_ASTHMA","Inverse variance weighted","31",0.0465113550777827,0.0179603165054794,0.00960670087932326
"ukb-d-22617_4132","finn-b-F5_DEPRESSIO","Depression || id:finn-b-F5_DEPRESSIO","Job SOC coding: Pensions and insurance clerks || id:ukb-d-22617_4132","Inverse variance weighted","23",-2.00745640555286,0.872169837165068,0.0213531902882561
"finn-b-H7_LENS","finn-b-F5_DEPRESSIO","Depression || id:finn-b-F5_DEPRESSIO","Disorders of lens || id:finn-b-H7_LENS","Inverse variance weighted","42",0.0704902978187003,0.0277874335660373,0.0111880777058919
"ukb-d-22617_9219","finn-b-F5_DEPRESSIO","Depression || id:finn-b-F5_DEPRESSIO","Job SOC coding: Elementary office occupations n.e.c. || id:ukb-d-22617_9219","Inverse variance weighted","13",-1.79970916094898,0.734058955039751,0.0142174094255537
"ukb-d-22641_irnt","finn-b-F5_DEPRESSIO","Depression || id:finn-b-F5_DEPRESSIO","Period spent working mix of day and night shifts || id:ukb-d-22641_irnt","Inverse variance weighted","14",-0.0826689908354453,0.0378887284546573,0.0291177434174892
"ukb-d-22643_irnt","finn-b-F5_DEPRESSIO","Depression || id:finn-b-F5_DEPRESSIO","Number of night shifts worked monthly during mixed shift periods || id:ukb-d-22643_irnt","Inverse variance weighted","14",0.163251065756371,0.0658120129283058,0.0131173842434922
"finn-b-ALLERG_ASTHMA_EXMORE","finn-b-F5_DEPRESSIO","Depression || id:finn-b-F5_DEPRESSIO","Allergic asthma (mode) (more controls excluded) || id:finn-b-ALLERG_ASTHMA_EXMORE","Inverse variance weighted","31",0.0458550336517328,0.0179369411501622,0.0105743887250824
"ukb-d-2664_2","finn-b-F5_DEPRESSIO","Depression || id:finn-b-F5_DEPRESSIO","Reason for reducing amount of alcohol drunk: Doctor's advice || id:ukb-d-2664_2","Inverse variance weighted","11",3.12623177584962,1.29600954261978,0.015856662727556
"finn-b-H7_MACULOPATHYDIAB","finn-b-F5_DEPRESSIO","Depression || id:finn-b-F5_DEPRESSIO","Diabetic maculopathy (H7_MACULOPATHYDIAB) || id:finn-b-H7_MACULOPATHYDIAB","Inverse variance weighted","13",0.0258644493470403,0.0099939809519944,0.00965342335554735
"ukb-d-2664_5","finn-b-F5_DEPRESSIO","Depression || id:finn-b-F5_DEPRESSIO","Reason for reducing amount of alcohol drunk: Other reason || id:ukb-d-2664_5","Inverse variance weighted","19",-0.518344112578294,0.259241093127643,0.0455578064925727
"finn-b-H7_MODVISIMPBINOC","finn-b-F5_DEPRESSIO","Depression || id:finn-b-F5_DEPRESSIO","Moderate visual impairment, binocular || id:finn-b-H7_MODVISIMPBINOC","Inverse variance weighted","9",0.0290721673049548,0.0117875590327699,0.0136500437041211
"ukb-d-30110_irnt","finn-b-F5_DEPRESSIO","Depression || id:finn-b-F5_DEPRESSIO","Platelet distribution width || id:ukb-d-30110_irnt","Inverse variance weighted","430",0.0528402900109605,0.0232421723349351,0.0229981090472359
"ukb-d-30190_irnt","finn-b-F5_DEPRESSIO","Depression || id:finn-b-F5_DEPRESSIO","Monocyte percentage || id:ukb-d-30190_irnt","Inverse variance weighted","377",-0.0507759520312006,0.0235039406041178,0.0307481721268804
"finn-b-H7_OCUPAIN","finn-b-F5_DEPRESSIO","Depression || id:finn-b-F5_DEPRESSIO","Ocular pain || id:finn-b-H7_OCUPAIN","Inverse variance weighted","11",0.0299945299210558,0.0134638917200189,0.0258954804252424
"finn-b-ALLERG_RHINITIS","finn-b-F5_DEPRESSIO","Depression || id:finn-b-F5_DEPRESSIO","Allergic rhinitis || id:finn-b-ALLERG_RHINITIS","Inverse variance weighted","21",0.0549835889854361,0.0241519110739756,0.0228117359049359
"ukb-d-3942","finn-b-F5_DEPRESSIO","Depression || id:finn-b-F5_DEPRESSIO","Adopted mother still alive || id:ukb-d-3942","Inverse variance weighted","7",-0.176051173260662,0.0881129421162889,0.0457147962001838
"ukb-d-4067","finn-b-F5_DEPRESSIO","Depression || id:finn-b-F5_DEPRESSIO","Facial pains for 3+ months || id:ukb-d-4067","Inverse variance weighted","8",0.261827644989411,0.0976989743120858,0.00736347816882979
"ukb-d-4294_0","finn-b-F5_DEPRESSIO","Depression || id:finn-b-F5_DEPRESSIO","Final attempt correct: no || id:ukb-d-4294_0","Inverse variance weighted","12",-1.65189737205596,0.787486254620076,0.035933062967014
"ukb-d-4990","finn-b-F5_DEPRESSIO","Depression || id:finn-b-F5_DEPRESSIO","FI6 : conditional arithmetic || id:ukb-d-4990","Inverse variance weighted","25",-0.60724287170567,0.299431950430535,0.0425619944666503
"ukb-d-5610_3","finn-b-F5_DEPRESSIO","Depression || id:finn-b-F5_DEPRESSIO","Which eye(s) affected by presbyopia: Both eyes || id:ukb-d-5610_3","Inverse variance weighted","8",0.859933107362254,0.284310882279849,0.00248943588975047
"ukb-d-5855_2","finn-b-F5_DEPRESSIO","Depression || id:finn-b-F5_DEPRESSIO","Which eye(s) affected by astigmatism: Left eye || id:ukb-d-5855_2","Inverse variance weighted","7",0.33447103054045,0.159993691091334,0.0365705419699379
"ukb-d-670_1","finn-b-F5_DEPRESSIO","Depression || id:finn-b-F5_DEPRESSIO","Type of accommodation lived in: A house or bungalow || id:ukb-d-670_1","Inverse variance weighted","18",-2.01910272620208,0.781695024146694,0.00979509600919906
"ukb-d-C3_RESPIRATORY_INTRATHORACIC","finn-b-F5_DEPRESSIO","Depression || id:finn-b-F5_DEPRESSIO","Malignant neoplasm of respiratory system and intrathoracic organs || id:ukb-d-C3_RESPIRATORY_INTRATHORACIC","Inverse variance weighted","20",7.71441285809017,3.15650053181169,0.0145263760775488
"ukb-d-C3_SKIN","finn-b-F5_DEPRESSIO","Depression || id:finn-b-F5_DEPRESSIO","Malignant neoplasm of skin || id:ukb-d-C3_SKIN","Inverse variance weighted","82",-1.10815630134901,0.34497688899908,0.00131694015293134
"ukb-d-CARDIAC_ARRHYTM","finn-b-F5_DEPRESSIO","Depression || id:finn-b-F5_DEPRESSIO","Cardiac arrhytmias, COPD co-morbidities || id:ukb-d-CARDIAC_ARRHYTM","Inverse variance weighted","53",1.77667809951682,0.707081391454724,0.0119813722976978
"ukb-d-C_OTHER_SKIN","finn-b-F5_DEPRESSIO","Depression || id:finn-b-F5_DEPRESSIO","Other malignant neoplasms of skin || id:ukb-d-C_OTHER_SKIN","Inverse variance weighted","77",-1.22581791323237,0.363114968120911,0.00073590790924828
"ukb-d-C_RESPIRATORY_INTRATHORACIC","finn-b-F5_DEPRESSIO","Depression || id:finn-b-F5_DEPRESSIO","Cancer of respiratory intrathoracic || id:ukb-d-C_RESPIRATORY_INTRATHORACIC","Inverse variance weighted","20",7.71441285809017,3.15650053181169,0.0145263760775488
"ukb-d-C_SKIN","finn-b-F5_DEPRESSIO","Depression || id:finn-b-F5_DEPRESSIO","Cancer of skin || id:ukb-d-C_SKIN","Inverse variance weighted","82",-1.10815630134901,0.34497688899908,0.00131694015293134
"ukb-d-H04","finn-b-F5_DEPRESSIO","Depression || id:finn-b-F5_DEPRESSIO","Diagnoses - main ICD10: H04 Disorders of lachrymal system || id:ukb-d-H04","Inverse variance weighted","23",-7.37990669072737,2.8773682425596,0.0103231918874995
"ukb-d-H7_LACRIMALSYSTEM","finn-b-F5_DEPRESSIO","Depression || id:finn-b-F5_DEPRESSIO","Disorders of lacrimal system || id:ukb-d-H7_LACRIMALSYSTEM","Inverse variance weighted","23",-7.37990669072737,2.8773682425596,0.0103231918874995
"ukb-d-H7_LENS","finn-b-F5_DEPRESSIO","Depression || id:finn-b-F5_DEPRESSIO","Disorders of lens || id:ukb-d-H7_LENS","Inverse variance weighted","38",1.40318713357486,0.699874913224331,0.044972528704247
"ukb-d-I9_HYPTENS","finn-b-F5_DEPRESSIO","Depression || id:finn-b-F5_DEPRESSIO","Hypertension || id:ukb-d-I9_HYPTENS","Inverse variance weighted","12",-9.17757439839382,4.54842308090865,0.0436174483173857
"ukb-d-ICDMAIN_ANY_ENTRY","finn-b-F5_DEPRESSIO","Depression || id:finn-b-F5_DEPRESSIO","Any ICDMAIN event in hilmo or causes of death || id:ukb-d-ICDMAIN_ANY_ENTRY","Inverse variance weighted","36",1.11211374773987,0.405802798545498,0.00613406399450958
"ukb-d-II_NEOPLASM","finn-b-F5_DEPRESSIO","Depression || id:finn-b-F5_DEPRESSIO","Neoplasms || id:ukb-d-II_NEOPLASM","Inverse variance weighted","37",-0.886510154255633,0.451780935703746,0.0497326091857532
"ukb-d-K11_ILEUS","finn-b-F5_DEPRESSIO","Depression || id:finn-b-F5_DEPRESSIO","Paralytic ileus and intestinal obstruction || id:ukb-d-K11_ILEUS","Inverse variance weighted","23",5.62471628510777,2.41921403008845,0.0200709950944059
"finn-b-H7_RETINALDETACHBREAK","finn-b-F5_DEPRESSIO","Depression || id:finn-b-F5_DEPRESSIO","Retinal detachment with retinal break || id:finn-b-H7_RETINALDETACHBREAK","Inverse variance weighted","11",0.0428282994633282,0.0201176887426525,0.0332635553473939
"ukb-d-K56","finn-b-F5_DEPRESSIO","Depression || id:finn-b-F5_DEPRESSIO","Diagnoses - main ICD10: K56 Paralytic ileus and intestinal obstruction without hernia || id:ukb-d-K56","Inverse variance weighted","21",6.66216339005632,2.78569034449145,0.0167766496601209
"finn-b-H7_RETINALDETACHOTH","finn-b-F5_DEPRESSIO","Depression || id:finn-b-F5_DEPRESSIO","Other, unspecified and serous retinal detachments || id:finn-b-H7_RETINALDETACHOTH","Inverse variance weighted","10",0.0188375497352039,0.00911784431204082,0.0388276160557928
"finn-b-H7_RETINALDISOTH","finn-b-F5_DEPRESSIO","Depression || id:finn-b-F5_DEPRESSIO","Other retinal disorders || id:finn-b-H7_RETINALDISOTH","Inverse variance weighted","21",0.051928403668942,0.0196330684471733,0.00817039815359526
"finn-b-H7_RETINOPATHYDIAB","finn-b-F5_DEPRESSIO","Depression || id:finn-b-F5_DEPRESSIO","Diabetic retinopathy (H7_RETINOPATHYDIAB) || id:finn-b-H7_RETINOPATHYDIAB","Inverse variance weighted","21",0.025919299427215,0.0097177592002846,0.00764839838388414
"ukb-d-N83","finn-b-F5_DEPRESSIO","Depression || id:finn-b-F5_DEPRESSIO","Diagnoses - main ICD10: N83 Noninflammatory disorders of ovary, Fallopian tube and broad ligament || id:ukb-d-N83","Inverse variance weighted","15",-9.55738967687553,3.25094868094971,0.00328342423038983
"finn-b-H7_RETINOPATHYDIAB_BKG","finn-b-F5_DEPRESSIO","Depression || id:finn-b-F5_DEPRESSIO","Diabetic background retinopathy || id:finn-b-H7_RETINOPATHYDIAB_BKG","Inverse variance weighted","14",0.0303753255514818,0.0092226795028907,0.000989319090715066
"finn-b-H7_RETINOPATHYDIAB_NAS","finn-b-F5_DEPRESSIO","Depression || id:finn-b-F5_DEPRESSIO","Other diabetic retinopathy || id:finn-b-H7_RETINOPATHYDIAB_NAS","Inverse variance weighted","21",0.0225237224655781,0.00746471858275663,0.00254989136765049
"ukb-d-R59","finn-b-F5_DEPRESSIO","Depression || id:finn-b-F5_DEPRESSIO","Diagnoses - main ICD10: R59 Enlarged lymph nodes || id:ukb-d-R59","Inverse variance weighted","13",8.3126520170311,4.1955420284381,0.0475569833518673
"ukb-d-SLEEP","finn-b-F5_DEPRESSIO","Depression || id:finn-b-F5_DEPRESSIO","Sleep disorders (combined) || id:ukb-d-SLEEP","Inverse variance weighted","16",-6.36282717364226,2.68279056098453,0.0177055178428012
"ukb-d-T81","finn-b-F5_DEPRESSIO","Depression || id:finn-b-F5_DEPRESSIO","Diagnoses - main ICD10: T81 Complications of procedures, not elsewhere classified || id:ukb-d-T81","Inverse variance weighted","14",-5.45536364548596,2.0352071595717,0.0073513251504009
"ukb-d-VII_EYE_ADNEXA","finn-b-F5_DEPRESSIO","Depression || id:finn-b-F5_DEPRESSIO","Diseases of the eye and adnexa || id:ukb-d-VII_EYE_ADNEXA","Inverse variance weighted","27",1.51819543229704,0.729084686593315,0.0373122727708096
"ukb-d-XIII_MUSCULOSKELET","finn-b-F5_DEPRESSIO","Depression || id:finn-b-F5_DEPRESSIO","Diseases of the musculoskeletal system and connective tissue || id:ukb-d-XIII_MUSCULOSKELET","Inverse variance weighted","64",1.18428876881194,0.387267350473995,0.00222771175082567
"ukb-d-XVIII_MISCFINDINGS","finn-b-F5_DEPRESSIO","Depression || id:finn-b-F5_DEPRESSIO","Symptoms, signs and abnormal clinical and laboratory findings, not elsewhere classified || id:ukb-d-XVIII_MISCFINDINGS","Inverse variance weighted","39",1.76502455742077,0.421456001776689,2.81521125841792e-05
"finn-b-ANTIDEPRESSANTS","finn-b-F5_DEPRESSIO","Depression || id:finn-b-F5_DEPRESSIO","Depression medications || id:finn-b-ANTIDEPRESSANTS","Inverse variance weighted","49",0.513244823129365,0.0347229785484028,1.9388881971325e-49
"finn-b-H7_VITREOUS","finn-b-F5_DEPRESSIO","Depression || id:finn-b-F5_DEPRESSIO","Disorders of vitreous body and globe || id:finn-b-H7_VITREOUS","Inverse variance weighted","8",0.118378216430321,0.0548309629207165,0.0308527598786755
"finn-b-H8_HL_IDIOP","finn-b-F5_DEPRESSIO","Depression || id:finn-b-F5_DEPRESSIO","Sudden idiopathic hearing loss || id:finn-b-H8_HL_IDIOP","Inverse variance weighted","14",0.0364022686722916,0.0167589151296916,0.0298470900201111
"finn-b-H8_HL_SEN_NAS","finn-b-F5_DEPRESSIO","Depression || id:finn-b-F5_DEPRESSIO","Sensorineural hearing loss || id:finn-b-H8_HL_SEN_NAS","Inverse variance weighted","32",0.0702744221851262,0.0294703709615638,0.0170986850774452
"finn-b-ASTHMA_ACUTE_RESPIRATORY_INFECTIONS","finn-b-F5_DEPRESSIO","Depression || id:finn-b-F5_DEPRESSIO","Asthma-related acute respiratory infections || id:finn-b-ASTHMA_ACUTE_RESPIRATORY_INFECTIONS","Inverse variance weighted","26",0.062484065505991,0.0227532571243587,0.00602975031787001
"finn-b-H8_PERCHRONDR","finn-b-F5_DEPRESSIO","Depression || id:finn-b-F5_DEPRESSIO","Perichondritis of external ear || id:finn-b-H8_PERCHRONDR","Inverse variance weighted","7",-0.0238572345927853,0.0086266651449039,0.00568317240147523
"finn-b-ASTHMA_ALLERG","finn-b-F5_DEPRESSIO","Depression || id:finn-b-F5_DEPRESSIO","Asthma and allergy || id:finn-b-ASTHMA_ALLERG","Inverse variance weighted","19",0.0587929359615277,0.0202978327072648,0.00377335028768032
"finn-b-HERING_UNILATERAL","finn-b-F5_DEPRESSIO","Depression || id:finn-b-F5_DEPRESSIO","Inguinal hernia, unilateralk || id:finn-b-HERING_UNILATERAL","Inverse variance weighted","9",0.0256107497535351,0.0102535053902775,0.0124982353682399
"finn-b-HYPOTHYROIDISM","finn-b-F5_DEPRESSIO","Depression || id:finn-b-F5_DEPRESSIO","Hypothyroidism (congenital or acquired) || id:finn-b-HYPOTHYROIDISM","Inverse variance weighted","60",0.0497611114669176,0.0164308654964666,0.00245759428501768
"finn-b-HYPOTHY_LEVOTHY","finn-b-F5_DEPRESSIO","Depression || id:finn-b-F5_DEPRESSIO","Hypothyroidism, levothyroxin purchases || id:finn-b-HYPOTHY_LEVOTHY","Inverse variance weighted","62",0.0449203365787937,0.0152342683697894,0.00319178011776964
"finn-b-HYPOTHY_PURCHASE","finn-b-F5_DEPRESSIO","Depression || id:finn-b-F5_DEPRESSIO","Hypothyroidism and >3 levothyroxin purchases || id:finn-b-HYPOTHY_PURCHASE","Inverse variance weighted","62",0.0449203365787937,0.0152342683697894,0.00319178011776964
"finn-b-ASTHMA_ALLERG_EXMORE","finn-b-F5_DEPRESSIO","Depression || id:finn-b-F5_DEPRESSIO","Asthma and allergy (more controls excluded) || id:finn-b-ASTHMA_ALLERG_EXMORE","Inverse variance weighted","19",0.0619469079952084,0.020237805302276,0.00220636013751435
"finn-b-I9_AF","finn-b-F5_DEPRESSIO","Depression || id:finn-b-F5_DEPRESSIO","Atrial fibrillation and flutter || id:finn-b-I9_AF","Inverse variance weighted","70",0.0284891698456129,0.0142187025761625,0.0451085728180077
"finn-b-ASTHMA_HOSPITAL_MAIN","finn-b-F5_DEPRESSIO","Depression || id:finn-b-F5_DEPRESSIO","Asthma, hospital admissions , main diagnosis only || id:finn-b-ASTHMA_HOSPITAL_MAIN","Inverse variance weighted","51",0.0672796849856402,0.023148440572157,0.00365560369103957
"finn-b-ASTHMA_INFECTIONS","finn-b-F5_DEPRESSIO","Depression || id:finn-b-F5_DEPRESSIO","Asthma-related infections || id:finn-b-ASTHMA_INFECTIONS","Inverse variance weighted","29",0.0516630209293183,0.024226604763221,0.0329664889652219
"finn-b-I9_CVD","finn-b-F5_DEPRESSIO","Depression || id:finn-b-F5_DEPRESSIO","Cardiovascular diseases || id:finn-b-I9_CVD","Inverse variance weighted","68",0.176499223507932,0.0376551127268845,2.76889990638664e-06
"finn-b-I9_HEARTFAIL_ALLCAUSE","finn-b-F5_DEPRESSIO","Depression || id:finn-b-F5_DEPRESSIO","All-cause Heart Failure || id:finn-b-I9_HEARTFAIL_ALLCAUSE","Inverse variance weighted","24",0.132556061448765,0.040969200843663,0.00121427683218826
"finn-b-I9_HEARTFAIL_AND_ANTIHYPERT","finn-b-F5_DEPRESSIO","Depression || id:finn-b-F5_DEPRESSIO","Heart failure and antihypertensive medication || id:finn-b-I9_HEARTFAIL_AND_ANTIHYPERT","Inverse variance weighted","46",0.0895734037698448,0.0215123876992721,3.12986409540048e-05
"finn-b-I9_HEARTFAIL_AND_OVERWEIGHT","finn-b-F5_DEPRESSIO","Depression || id:finn-b-F5_DEPRESSIO","Heart failure and bmi 25plus || id:finn-b-I9_HEARTFAIL_AND_OVERWEIGHT","Inverse variance weighted","24",0.133451922567653,0.0409101250474777,0.00110599625864409
"finn-b-I9_HEARTFAIL_NS","finn-b-F5_DEPRESSIO","Depression || id:finn-b-F5_DEPRESSIO","Heart failure, not strict || id:finn-b-I9_HEARTFAIL_NS","Inverse variance weighted","24",0.133451922567653,0.0409101250474777,0.00110599625864409
"finn-b-I9_HYPERTENSION","finn-b-F5_DEPRESSIO","Depression || id:finn-b-F5_DEPRESSIO","Hypertensive diseases || id:finn-b-I9_HYPERTENSION","Inverse variance weighted","195",0.0697271799870738,0.0162377611974651,1.75373731473128e-05
"finn-b-I9_HYPTENS","finn-b-F5_DEPRESSIO","Depression || id:finn-b-F5_DEPRESSIO","Hypertension || id:finn-b-I9_HYPTENS","Inverse variance weighted","196",0.07008632811179,0.0163462254668677,1.80601434161851e-05
"finn-b-I9_HYPTENSESS","finn-b-F5_DEPRESSIO","Depression || id:finn-b-F5_DEPRESSIO","Hypertension, essential || id:finn-b-I9_HYPTENSESS","Inverse variance weighted","140",0.0838333726275593,0.0168043687114246,6.07604086246845e-07
"finn-b-I9_HYPTENSESS_EXNONE","finn-b-F5_DEPRESSIO","Depression || id:finn-b-F5_DEPRESSIO","\Hypertension, essential\ (no controls excluded) || id:finn-b-I9_HYPTENSESS_EXNONE","Inverse variance weighted","116",0.104083982024001,0.0199887557696602,1.91787242310846e-07
"finn-b-ASTHMA_MODE","finn-b-F5_DEPRESSIO","Depression || id:finn-b-F5_DEPRESSIO","Asthma (mode) || id:finn-b-ASTHMA_MODE","Inverse variance weighted","56",0.0888085223383434,0.0225684969682544,8.31738786606362e-05
"finn-b-I9_HYPTENS_EXNONE","finn-b-F5_DEPRESSIO","Depression || id:finn-b-F5_DEPRESSIO","Hypertension (no controls excluded) || id:finn-b-I9_HYPTENS_EXNONE","Inverse variance weighted","199",0.0726143954958006,0.0163974871056009,9.49410611488238e-06
"finn-b-ASTHMA_NAS","finn-b-F5_DEPRESSIO","Depression || id:finn-b-F5_DEPRESSIO","Asthma, unspecified (mode) || id:finn-b-ASTHMA_NAS","Inverse variance weighted","27",0.0915333066786843,0.0324554502574902,0.00479824557134267
"finn-b-ASTHMA_NAS_EXMORE","finn-b-F5_DEPRESSIO","Depression || id:finn-b-F5_DEPRESSIO","\Asthma, unspecified (mode)\ (more controls excluded) || id:finn-b-ASTHMA_NAS_EXMORE","Inverse variance weighted","27",0.0842677489814159,0.0340909181223808,0.0134414655952513
"finn-b-I9_MI_STRICT_EXNONE","finn-b-F5_DEPRESSIO","Depression || id:finn-b-F5_DEPRESSIO","\Myocardial infarction, strict\ (no controls excluded) || id:finn-b-I9_MI_STRICT_EXNONE","Inverse variance weighted","35",0.0509254899906183,0.0242208782166575,0.0355055490453272
"finn-b-ASTHMA_NOS_EXMORE","finn-b-F5_DEPRESSIO","Depression || id:finn-b-F5_DEPRESSIO","Undetermined asthma (more controls excluded) || id:finn-b-ASTHMA_NOS_EXMORE","Inverse variance weighted","17",0.0493763913023949,0.024624361136708,0.0449433090140501
"finn-b-ASTHMA_OBESITY","finn-b-F5_DEPRESSIO","Depression || id:finn-b-F5_DEPRESSIO","Obesity related asthma || id:finn-b-ASTHMA_OBESITY","Inverse variance weighted","19",0.0499155058666272,0.0218376624126077,0.0222687033397546
"finn-b-I9_PULMHEART","finn-b-F5_DEPRESSIO","Depression || id:finn-b-F5_DEPRESSIO","Pulmonary heart disease, diseases of pulmonary circulation || id:finn-b-I9_PULMHEART","Inverse variance weighted","20",0.0460645536515797,0.0185569000079117,0.0130522304583061
"finn-b-ASTHMA_PNEUMONIA","finn-b-F5_DEPRESSIO","Depression || id:finn-b-F5_DEPRESSIO","Asthma-related pneumonia || id:finn-b-ASTHMA_PNEUMONIA","Inverse variance weighted","22",0.061097478473689,0.0239325578353092,0.0106829502261811
"finn-b-ASTHMA_PNEUMONIA_AND_SEPSIS","finn-b-F5_DEPRESSIO","Depression || id:finn-b-F5_DEPRESSIO","Asthma-related pneumonia or sepsis || id:finn-b-ASTHMA_PNEUMONIA_AND_SEPSIS","Inverse variance weighted","22",0.0659736042560371,0.0243661347488092,0.00677728415576481
"finn-b-ATOPIC_STRICT","finn-b-F5_DEPRESSIO","Depression || id:finn-b-F5_DEPRESSIO","Atopic  dermatitis, strict definition || id:finn-b-ATOPIC_STRICT","Inverse variance weighted","41",0.034323155674225,0.0170457020510533,0.0440519777964744
"finn-b-AUD","finn-b-F5_DEPRESSIO","Depression || id:finn-b-F5_DEPRESSIO","Alcohol use disorder, ICD-based || id:finn-b-AUD","Inverse variance weighted","20",0.164437055184796,0.0314123844847519,1.65177700966383e-07
"finn-b-ILD_INSUFFICIENCY","finn-b-F5_DEPRESSIO","Depression || id:finn-b-F5_DEPRESSIO","ILD-related respiratory insufficiency || id:finn-b-ILD_INSUFFICIENCY","Inverse variance weighted","12",0.034182728748168,0.013418338077315,0.0108509151244953
"finn-b-IPF","finn-b-F5_DEPRESSIO","Depression || id:finn-b-F5_DEPRESSIO","Idiopathic pulmonary fibrosis || id:finn-b-IPF","Inverse variance weighted","21",0.0181328952052125,0.00735125631834882,0.0136387798807725
"finn-b-AUD_SWEDISH","finn-b-F5_DEPRESSIO","Depression || id:finn-b-F5_DEPRESSIO","Alcohol use disorder, Swedish definition || id:finn-b-AUD_SWEDISH","Inverse variance weighted","33",0.179164935102112,0.0266059525034063,1.65041940066161e-11
"finn-b-J10_ACUTELOWERNAS","finn-b-F5_DEPRESSIO","Depression || id:finn-b-F5_DEPRESSIO","Unspecified acute lower respiratory infection || id:finn-b-J10_ACUTELOWERNAS","Inverse variance weighted","8",0.0519297955920099,0.0261535168956863,0.0470804229961893
"finn-b-J10_ASTHMA","finn-b-F5_DEPRESSIO","Depression || id:finn-b-F5_DEPRESSIO","Asthma || id:finn-b-J10_ASTHMA","Inverse variance weighted","64",0.0880007106964027,0.0224975148563388,9.16962718940042e-05
"finn-b-J10_ASTHMACOPDKELA","finn-b-F5_DEPRESSIO","Depression || id:finn-b-F5_DEPRESSIO","Asthma/COPD (KELA code 203) || id:finn-b-J10_ASTHMACOPDKELA","Inverse variance weighted","71",0.0475488373105098,0.020082505833129,0.0179002756676971
"finn-b-J10_ASTHMA_EXMORE","finn-b-F5_DEPRESSIO","Depression || id:finn-b-F5_DEPRESSIO","Asthma (more controls excluded) || id:finn-b-J10_ASTHMA_EXMORE","Inverse variance weighted","64",0.0783881174197147,0.022980262174469,0.000646998587798621
"finn-b-J10_ASTHMA_INCLAVO","finn-b-F5_DEPRESSIO","Depression || id:finn-b-F5_DEPRESSIO","Asthma, including avohilmo || id:finn-b-J10_ASTHMA_INCLAVO","Inverse variance weighted","68",0.0937093060146959,0.024641934348364,0.000143047394410155
"finn-b-J10_ASTHMA_MAIN","finn-b-F5_DEPRESSIO","Depression || id:finn-b-F5_DEPRESSIO","Asthma (only as main-diagnosis) || id:finn-b-J10_ASTHMA_MAIN","Inverse variance weighted","49",0.0842432987414823,0.0244069104809405,0.000557238812014738
"finn-b-AUTOIMMUNE","finn-b-F5_DEPRESSIO","Depression || id:finn-b-F5_DEPRESSIO","Autoimmune diseases || id:finn-b-AUTOIMMUNE","Inverse variance weighted","124",0.0364393717546597,0.0173121962266117,0.0353053956614329
"finn-b-J10_ASTHMA_MAIN_EXMORE","finn-b-F5_DEPRESSIO","Depression || id:finn-b-F5_DEPRESSIO","Asthma (only as main-diagnosis) (more controls excluded) || id:finn-b-J10_ASTHMA_MAIN_EXMORE","Inverse variance weighted","50",0.0819427980781131,0.0256380991858938,0.00139282455171659
"finn-b-J10_CHRONLARYNGITIS","finn-b-F5_DEPRESSIO","Depression || id:finn-b-F5_DEPRESSIO","Chronic laryngitis and laryngotracheitis || id:finn-b-J10_CHRONLARYNGITIS","Inverse variance weighted","13",0.0812444285794803,0.028755513220767,0.00472287939980525
"finn-b-AUTOIMMUNE_HYPERTHYROIDISM","finn-b-F5_DEPRESSIO","Depression || id:finn-b-F5_DEPRESSIO","Autoimmune hyperthyroidism || id:finn-b-AUTOIMMUNE_HYPERTHYROIDISM","Inverse variance weighted","16",-0.0230832274100672,0.00974891904979788,0.0178955114288768
"finn-b-J10_CHRONTONSADEN","finn-b-F5_DEPRESSIO","Depression || id:finn-b-F5_DEPRESSIO","Chronic diseases of tonsils and adenoids || id:finn-b-J10_CHRONTONSADEN","Inverse variance weighted","63",0.0489710170864824,0.0245846317312756,0.0463780621392265
"finn-b-J10_COLD","finn-b-F5_DEPRESSIO","Depression || id:finn-b-F5_DEPRESSIO","Acute nasopharyngitis(common cold) || id:finn-b-J10_COLD","Inverse variance weighted","9",0.0610148374682973,0.0305992889471523,0.0461525712803166
"finn-b-J10_COPD","finn-b-F5_DEPRESSIO","Depression || id:finn-b-F5_DEPRESSIO","COPD || id:finn-b-J10_COPD","Inverse variance weighted","29",0.0679905455506637,0.0293520853643003,0.0205376002999985
"finn-b-J10_COPDNAS","finn-b-F5_DEPRESSIO","Depression || id:finn-b-F5_DEPRESSIO","Other chronic obstructive pulmonary disease (J10_COPDNAS) || id:finn-b-J10_COPDNAS","Inverse variance weighted","28",0.068167793487115,0.029689140637666,0.0216729415585174
"finn-b-J10_LOWCHRON","finn-b-F5_DEPRESSIO","Depression || id:finn-b-F5_DEPRESSIO","Chronic lower respiratory diseases || id:finn-b-J10_LOWCHRON","Inverse variance weighted","68",0.0971073363432979,0.0262889045226941,0.000220881935161072
"finn-b-BRONCHITIS","finn-b-F5_DEPRESSIO","Depression || id:finn-b-F5_DEPRESSIO","Bronchitis || id:finn-b-BRONCHITIS","Inverse variance weighted","12",0.167185836049278,0.0716321095842058,0.0195982861698833
"finn-b-J10_PLEUROTH","finn-b-F5_DEPRESSIO","Depression || id:finn-b-F5_DEPRESSIO","Other pleural conditions || id:finn-b-J10_PLEUROTH","Inverse variance weighted","3",-0.0849144473501414,0.032895249824597,0.00984121992110861
"finn-b-J10_PNEUMOPROBBAC","finn-b-F5_DEPRESSIO","Depression || id:finn-b-F5_DEPRESSIO","Pneumonia (excl. viral and due to other infectious organisms not elsewhere classified) || id:finn-b-J10_PNEUMOPROBBAC","Inverse variance weighted","12",0.134053584624182,0.0648250406398996,0.0386466953893652
"finn-b-J10_RESPIRATORY","finn-b-F5_DEPRESSIO","Depression || id:finn-b-F5_DEPRESSIO","Diseases of the respiratory system || id:finn-b-J10_RESPIRATORY","Inverse variance weighted","60",0.128785980379488,0.0505407444212817,0.0108292317186412
"finn-b-J10_SINUSITIS","finn-b-F5_DEPRESSIO","Depression || id:finn-b-F5_DEPRESSIO","Acute sinusitis || id:finn-b-J10_SINUSITIS","Inverse variance weighted","19",0.0775999386456008,0.0379037839906625,0.0406298761965296
"finn-b-J10_UPPERDIS","finn-b-F5_DEPRESSIO","Depression || id:finn-b-F5_DEPRESSIO","Other diseases of upper respiratory tract || id:finn-b-J10_UPPERDIS","Inverse variance weighted","56",0.155055891231344,0.0413883229146668,0.000179413294889448
"finn-b-J10_VOCALLARYNX","finn-b-F5_DEPRESSIO","Depression || id:finn-b-F5_DEPRESSIO","Diseases of vocal cords and larynx+other diseases of upper respiratory tract, no elsewhere classified || id:finn-b-J10_VOCALLARYNX","Inverse variance weighted","16",0.0848905497810216,0.0380615008812144,0.0257240745204451
"finn-b-JOINTPAIN","finn-b-F5_DEPRESSIO","Depression || id:finn-b-F5_DEPRESSIO","Pain in joint || id:finn-b-JOINTPAIN","Inverse variance weighted","18",0.175867367376743,0.0476107023830271,0.000220873644753676
"finn-b-K11_ACUTPANC","finn-b-F5_DEPRESSIO","Depression || id:finn-b-F5_DEPRESSIO","Acute pancreatitis || id:finn-b-K11_ACUTPANC","Inverse variance weighted","11",0.046788239525434,0.0236067858289621,0.0474811844711708
"finn-b-K11_APPENDACUT","finn-b-F5_DEPRESSIO","Depression || id:finn-b-F5_DEPRESSIO","Acute appendicitis || id:finn-b-K11_APPENDACUT","Inverse variance weighted","28",0.0925836692233453,0.0304327553064542,0.00234826538914401
"finn-b-K11_COELIAC","finn-b-F5_DEPRESSIO","Depression || id:finn-b-F5_DEPRESSIO","Coeliac disease || id:finn-b-K11_COELIAC","Inverse variance weighted","21",-0.0176857530062622,0.00706434053688589,0.0122962999622399
"finn-b-K11_CONSTIPATION","finn-b-F5_DEPRESSIO","Depression || id:finn-b-F5_DEPRESSIO","Constipation || id:finn-b-K11_CONSTIPATION","Inverse variance weighted","19",0.145278179462466,0.0500221679047621,0.00368103555353451
"finn-b-K11_EMBIMPACT_TEETH","finn-b-F5_DEPRESSIO","Depression || id:finn-b-F5_DEPRESSIO","Embedded and impacted teeth || id:finn-b-K11_EMBIMPACT_TEETH","Inverse variance weighted","9",-0.0398512057383017,0.0202979682798049,0.0496101548435496
"finn-b-K11_FUNCDYSP","finn-b-F5_DEPRESSIO","Depression || id:finn-b-F5_DEPRESSIO","Functional dyspepsia || id:finn-b-K11_FUNCDYSP","Inverse variance weighted","10",0.0681365474363283,0.0308571105567463,0.0272351311883185
"finn-b-K11_IBD_STRICT_PSC","finn-b-F5_DEPRESSIO","Depression || id:finn-b-F5_DEPRESSIO","IBD (strict) with PSC || id:finn-b-K11_IBD_STRICT_PSC","Inverse variance weighted","11",-0.0118298413876805,0.00536291083357129,0.0273936613739584
"finn-b-K11_IBS","finn-b-F5_DEPRESSIO","Depression || id:finn-b-F5_DEPRESSIO","Irritable bowel syndrome || id:finn-b-K11_IBS","Inverse variance weighted","12",0.0673675955729506,0.0312651596233468,0.0311839249951673
"finn-b-K11_INTESTOTH","finn-b-F5_DEPRESSIO","Depression || id:finn-b-F5_DEPRESSIO","Other diseases of intestines || id:finn-b-K11_INTESTOTH","Inverse variance weighted","31",0.160770570527281,0.045821902386862,0.000450477622273963
"finn-b-K11_MALABSORB","finn-b-F5_DEPRESSIO","Depression || id:finn-b-F5_DEPRESSIO","Intestinal malabsorbtion || id:finn-b-K11_MALABSORB","Inverse variance weighted","12",-0.0223302936964644,0.00942507400347537,0.0178245222889462
"finn-b-K11_OESSTODUO","finn-b-F5_DEPRESSIO","Depression || id:finn-b-F5_DEPRESSIO","Diseases of oesophagus, stomach and duodenum || id:finn-b-K11_OESSTODUO","Inverse variance weighted","22",0.200814048425417,0.0557163874452309,0.000313093278689665
"finn-b-K11_OTHAPPEND","finn-b-F5_DEPRESSIO","Depression || id:finn-b-F5_DEPRESSIO","Other diseases of appendix || id:finn-b-K11_OTHAPPEND","Inverse variance weighted","8",0.0118407766754856,0.0059203422509463,0.0454985827557476
"finn-b-K11_OTHPERITON","finn-b-F5_DEPRESSIO","Depression || id:finn-b-F5_DEPRESSIO","Other diseases of peritoneum || id:finn-b-K11_OTHPERITON","Inverse variance weighted","8",0.0393853541124489,0.0145799912328819,0.00690629701676233
"finn-b-K11_REFLUX","finn-b-F5_DEPRESSIO","Depression || id:finn-b-F5_DEPRESSIO","Gastro-oesophageal reflux disease || id:finn-b-K11_REFLUX","Inverse variance weighted","29",0.117562911391491,0.0378198545026598,0.00188041435037481
"finn-b-K11_REIMB_202","finn-b-F5_DEPRESSIO","Depression || id:finn-b-F5_DEPRESSIO","KELA_REIMBURSEMENT_202 || id:finn-b-K11_REIMB_202","Inverse variance weighted","37",0.028188512453458,0.0123345671749279,0.0222936938897284
"finn-b-AB1_ERYSIPELAS","finn-b-F5_DEPRESSIO","Depression || id:finn-b-F5_DEPRESSIO","Erysipelas || id:finn-b-AB1_ERYSIPELAS","Inverse variance weighted","23",0.0711734932122283,0.0309262762866971,0.021369468408697
"finn-b-KELA_DIAB_INSUL","finn-b-F5_DEPRESSIO","Depression || id:finn-b-F5_DEPRESSIO","Diabetes, insuline treatment (Kela reimbursement) || id:finn-b-KELA_DIAB_INSUL","Inverse variance weighted","123",0.0488279779892182,0.0140301882561388,0.000501024031872281
"finn-b-KELA_DIAB_INSUL_EXMORE","finn-b-F5_DEPRESSIO","Depression || id:finn-b-F5_DEPRESSIO","\Diabetes, insuline treatment (Kela reimbursement)\ (more controls excluded) || id:finn-b-KELA_DIAB_INSUL_EXMORE","Inverse variance weighted","131",0.0383338967459738,0.0132886591287976,0.00391777283628979
"finn-b-KNEE_ARTHROSIS","finn-b-F5_DEPRESSIO","Depression || id:finn-b-F5_DEPRESSIO","Gonarthrosis [arthrosis of knee](FG) || id:finn-b-KNEE_ARTHROSIS","Inverse variance weighted","57",0.0879804937619763,0.0296032368810944,0.00295877304490128
"finn-b-KRA_PSY_ANXIETY","finn-b-F5_DEPRESSIO","Depression || id:finn-b-F5_DEPRESSIO","Anxiety disorders || id:finn-b-KRA_PSY_ANXIETY","Inverse variance weighted","22",0.472569387439961,0.0461349971121134,1.26983605877763e-24
"finn-b-KRA_PSY_ANXIETY_EXMORE","finn-b-F5_DEPRESSIO","Depression || id:finn-b-F5_DEPRESSIO","Anxiety disorders (more controls excluded) || id:finn-b-KRA_PSY_ANXIETY_EXMORE","Inverse variance weighted","26",0.460538902748133,0.0376046774093321,1.74645234274482e-34
"finn-b-KRA_PSY_ANYMENTAL","finn-b-F5_DEPRESSIO","Depression || id:finn-b-F5_DEPRESSIO","Any mental disorder || id:finn-b-KRA_PSY_ANYMENTAL","Inverse variance weighted","45",0.763401838779985,0.0521123885778704,1.36425341681782e-48
"finn-b-KRA_PSY_ANYMENTAL_SUICID_PREG_NERV","finn-b-F5_DEPRESSIO","Depression || id:finn-b-F5_DEPRESSIO","Any mental disorder, or suicide (or attempt), or psychic disorders complicating pregnancy, partum or puerperum or nerve system disorders || id:finn-b-KRA_PSY_ANYMENTAL_SUICID_PREG_NERV","Inverse variance weighted","43",0.768115000291871,0.0542131066835416,1.43661994847012e-45
"finn-b-KRA_PSY_AUTISM_EXMORE","finn-b-F5_DEPRESSIO","Depression || id:finn-b-F5_DEPRESSIO","Autism spe (more controls excluded) || id:finn-b-KRA_PSY_AUTISM_EXMORE","Inverse variance weighted","7",0.0224802315781782,0.00743269764328517,0.00249040311685891
"finn-b-KRA_PSY_BEHAV_EXMORE","finn-b-F5_DEPRESSIO","Depression || id:finn-b-F5_DEPRESSIO","Behavioural disorders (more controls excluded) || id:finn-b-KRA_PSY_BEHAV_EXMORE","Inverse variance weighted","6",0.0213034721091251,0.0101646311519068,0.0360961112041977
"finn-b-KRA_PSY_CHILDEMOT","finn-b-F5_DEPRESSIO","Depression || id:finn-b-F5_DEPRESSIO","Emotional disorders starting during childhood or adolecense || id:finn-b-KRA_PSY_CHILDEMOT","Inverse variance weighted","10",0.0282122222296499,0.0135740960800038,0.0376737467269659
"finn-b-KRA_PSY_CHILDEMOT_EXMORE","finn-b-F5_DEPRESSIO","Depression || id:finn-b-F5_DEPRESSIO","Emotional disorders starting during childhood or adolecense (more controls excluded) || id:finn-b-KRA_PSY_CHILDEMOT_EXMORE","Inverse variance weighted","9",0.025174349955292,0.0114653090254948,0.0281136047861954
"finn-b-KRA_PSY_CODUCTEMOT_EXMORE","finn-b-F5_DEPRESSIO","Depression || id:finn-b-F5_DEPRESSIO","Mixed disorders of conduct and emotions (more controls excluded) || id:finn-b-KRA_PSY_CODUCTEMOT_EXMORE","Inverse variance weighted","11",0.0192094744830445,0.00712656728356891,0.00702886323025747
"finn-b-KRA_PSY_DEVWIDE_EXMORE","finn-b-F5_DEPRESSIO","Depression || id:finn-b-F5_DEPRESSIO","Wide developmental disorders (more controls excluded) || id:finn-b-KRA_PSY_DEVWIDE_EXMORE","Inverse variance weighted","7",0.0247737016894682,0.0115810490101958,0.0324228181172554
"finn-b-KRA_PSY_EATING_EXMORE","finn-b-F5_DEPRESSIO","Depression || id:finn-b-F5_DEPRESSIO","KRA_PSY_EATING (more controls excluded) || id:finn-b-KRA_PSY_EATING_EXMORE","Inverse variance weighted","9",0.0630081643432972,0.0253374659958102,0.012891279893932
"finn-b-KRA_PSY_HYPERKIN","finn-b-F5_DEPRESSIO","Depression || id:finn-b-F5_DEPRESSIO","Hyperkinetic disorders || id:finn-b-KRA_PSY_HYPERKIN","Inverse variance weighted","9",0.0499764364131607,0.0149668601461561,0.000840382996927021
"finn-b-KRA_PSY_HYPERKIN_EXMORE","finn-b-F5_DEPRESSIO","Depression || id:finn-b-F5_DEPRESSIO","Hyperkinetic disorders (more controls excluded) || id:finn-b-KRA_PSY_HYPERKIN_EXMORE","Inverse variance weighted","10",0.0352069823801919,0.0124878372887402,0.00481282404329175
"finn-b-KRA_PSY_MENTALRET_EXMORE","finn-b-F5_DEPRESSIO","Depression || id:finn-b-F5_DEPRESSIO","Mental retardation (more controls excluded) || id:finn-b-KRA_PSY_MENTALRET_EXMORE","Inverse variance weighted","13",0.0306337909358141,0.00902162275254005,0.000684792214504063
"finn-b-KRA_PSY_MOOD","finn-b-F5_DEPRESSIO","Depression || id:finn-b-F5_DEPRESSIO","Mood disorders || id:finn-b-KRA_PSY_MOOD","Inverse variance weighted","35",0.991979728701965,0.0365531649326573,3.50864187622209e-162
"finn-b-KRA_PSY_MOOD_EXMORE","finn-b-F5_DEPRESSIO","Depression || id:finn-b-F5_DEPRESSIO","Mood disorders (more controls excluded) || id:finn-b-KRA_PSY_MOOD_EXMORE","Inverse variance weighted","27",0.901052127489932,0.0389437809237523,1.95364890421759e-118
"finn-b-KRA_PSY_PERSON","finn-b-F5_DEPRESSIO","Depression || id:finn-b-F5_DEPRESSIO","Personality disorders || id:finn-b-KRA_PSY_PERSON","Inverse variance weighted","10",0.22630798002935,0.0433783753721919,1.81776499862403e-07
"finn-b-KRA_PSY_PERSON_EXMORE","finn-b-F5_DEPRESSIO","Depression || id:finn-b-F5_DEPRESSIO","Personality disorders (more controls excluded) || id:finn-b-KRA_PSY_PERSON_EXMORE","Inverse variance weighted","17",0.221090435952858,0.0235848823785165,6.96734448725545e-21
"finn-b-KRA_PSY_SCHIZODEL_EXMORE","finn-b-F5_DEPRESSIO","Depression || id:finn-b-F5_DEPRESSIO","Schizophrenia or delusion (more controls excluded) || id:finn-b-KRA_PSY_SCHIZODEL_EXMORE","Inverse variance weighted","12",0.0928117082658788,0.0259625092188597,0.000350447720751768
"finn-b-KRA_PSY_SLEEP_NONORG","finn-b-F5_DEPRESSIO","Depression || id:finn-b-F5_DEPRESSIO","Nonorganic sleeping disorders || id:finn-b-KRA_PSY_SLEEP_NONORG","Inverse variance weighted","8",0.056928163380289,0.0258723684917013,0.0277823535960404
"finn-b-KRA_PSY_SLEEP_NONORG_EXMORE","finn-b-F5_DEPRESSIO","Depression || id:finn-b-F5_DEPRESSIO","Nonorganic sleeping disorders (more controls excluded) || id:finn-b-KRA_PSY_SLEEP_NONORG_EXMORE","Inverse variance weighted","9",0.0896753387932758,0.0223124822061171,5.84293012468072e-05
"finn-b-KRA_PSY_SUBSTANCE","finn-b-F5_DEPRESSIO","Depression || id:finn-b-F5_DEPRESSIO","Substance abuse || id:finn-b-KRA_PSY_SUBSTANCE","Inverse variance weighted","30",0.171169874725668,0.0291694239602237,4.40746482948424e-09
"finn-b-KRA_PSY_SUBSTANCE_EXMORE","finn-b-F5_DEPRESSIO","Depression || id:finn-b-F5_DEPRESSIO","Substance abuse (more controls excluded) || id:finn-b-KRA_PSY_SUBSTANCE_EXMORE","Inverse variance weighted","15",0.171909851935931,0.0366699502511968,2.75846667035025e-06
"finn-b-L12_ATOPIC","finn-b-F5_DEPRESSIO","Depression || id:finn-b-F5_DEPRESSIO","Atopic dermatitis || id:finn-b-L12_ATOPIC","Inverse variance weighted","62",0.0408056100598854,0.0164631641437933,0.0131898875470744
"finn-b-C3_CANCER","finn-b-F5_DEPRESSIO","Depression || id:finn-b-F5_DEPRESSIO","Malignant neoplasm || id:finn-b-C3_CANCER","Inverse variance weighted","40",-0.0948813274806886,0.0398674182947015,0.0173163246749737
"finn-b-L12_DERMATITISECZEMA","finn-b-F5_DEPRESSIO","Depression || id:finn-b-F5_DEPRESSIO","Dermatitis and eczema || id:finn-b-L12_DERMATITISECZEMA","Inverse variance weighted","52",0.0608627549540897,0.0276266924260309,0.0275918109303405
"finn-b-L12_FOLICULAROTH","finn-b-F5_DEPRESSIO","Depression || id:finn-b-F5_DEPRESSIO","Other follicular disorders || id:finn-b-L12_FOLICULAROTH","Inverse variance weighted","15",0.0334008381733593,0.0115946134478,0.00396767582751313
"finn-b-C3_CLL","finn-b-F5_DEPRESSIO","Depression || id:finn-b-F5_DEPRESSIO","Chronic lymphocytic leukaemia || id:finn-b-C3_CLL","Inverse variance weighted","9",-0.0199472345104503,0.00961463267102692,0.0380166999059861
"finn-b-L12_HIDRADENITISSUP","finn-b-F5_DEPRESSIO","Depression || id:finn-b-F5_DEPRESSIO","Hidradenitis suppurativa || id:finn-b-L12_HIDRADENITISSUP","Inverse variance weighted","9",0.0230835892054918,0.0117099569476002,0.0486920014668393
"finn-b-L12_LOCALSCLERODERMA","finn-b-F5_DEPRESSIO","Depression || id:finn-b-F5_DEPRESSIO","Localized scleroderma [morphea] || id:finn-b-L12_LOCALSCLERODERMA","Inverse variance weighted","4",-0.0270245524954572,0.0131985565617638,0.040605242291915
"finn-b-L12_PERIORALDERM","finn-b-F5_DEPRESSIO","Depression || id:finn-b-F5_DEPRESSIO","Perioral dermatitis || id:finn-b-L12_PERIORALDERM","Inverse variance weighted","12",0.0139455029545666,0.00628774310888974,0.026562546204206
"finn-b-L12_RADIATIONRELATEDSKIN","finn-b-F5_DEPRESSIO","Depression || id:finn-b-F5_DEPRESSIO","Radiation-related disorders of the skin and subcutaneous tissue || id:finn-b-L12_RADIATIONRELATEDSKIN","Inverse variance weighted","30",-0.0336608725002817,0.0152584137907252,0.0273802753126777
"finn-b-L12_SEBORRHOEIC","finn-b-F5_DEPRESSIO","Depression || id:finn-b-F5_DEPRESSIO","Seborrhoeic dermatitis || id:finn-b-L12_SEBORRHOEIC","Inverse variance weighted","14",0.031277196164201,0.0141943170994968,0.027559435531603
"finn-b-L12_SKIN","finn-b-F5_DEPRESSIO","Depression || id:finn-b-F5_DEPRESSIO","Diseases of the skin and subcutaneous tissue || id:finn-b-L12_SKIN","Inverse variance weighted","42",0.113098515664223,0.0567639842769204,0.046323414750384
"finn-b-M13_ARTHRITISNAS","finn-b-F5_DEPRESSIO","Depression || id:finn-b-F5_DEPRESSIO","Ohter specific/unspecified arthritis || id:finn-b-M13_ARTHRITISNAS","Inverse variance weighted","11",0.0416275347085923,0.0190900616901024,0.0292139994059402
"finn-b-M13_ARTHROPATHIES","finn-b-F5_DEPRESSIO","Depression || id:finn-b-F5_DEPRESSIO","Arthropathies || id:finn-b-M13_ARTHROPATHIES","Inverse variance weighted","71",0.15074277305162,0.0349494288217316,1.60931420611977e-05
"finn-b-M13_ARTHROSIS","finn-b-F5_DEPRESSIO","Depression || id:finn-b-F5_DEPRESSIO","Arthrosis || id:finn-b-M13_ARTHROSIS","Inverse variance weighted","67",0.081096743834072,0.0274169167374851,0.00309733580710339
"finn-b-M13_ARTHROSIS_INCLAVO","finn-b-F5_DEPRESSIO","Depression || id:finn-b-F5_DEPRESSIO","Artrosis, including avohilmo || id:finn-b-M13_ARTHROSIS_INCLAVO","Inverse variance weighted","72",0.0792881982522978,0.0300128502679027,0.00824647056976798
"finn-b-M13_ARTHROSIS_KNEE","finn-b-F5_DEPRESSIO","Depression || id:finn-b-F5_DEPRESSIO","Gonarthrosis || id:finn-b-M13_ARTHROSIS_KNEE","Inverse variance weighted","60",0.0892781853020516,0.0249355862443022,0.000343131167043244
"finn-b-C3_CORPUS_UTERI","finn-b-F5_DEPRESSIO","Depression || id:finn-b-F5_DEPRESSIO","Malignant neoplasm of corpus uteri || id:finn-b-C3_CORPUS_UTERI","Inverse variance weighted","12",-0.0443797542476149,0.0172451926148805,0.0100688282667761
"finn-b-C3_CORPUS_UTERI_EXALLC","finn-b-F5_DEPRESSIO","Depression || id:finn-b-F5_DEPRESSIO","Malignant neoplasm of corpus uteri (all cancers excluded) || id:finn-b-C3_CORPUS_UTERI_EXALLC","Inverse variance weighted","10",-0.0521339313763909,0.0191428146613906,0.00646097891680319
"finn-b-M13_CALCTENDINITIS","finn-b-F5_DEPRESSIO","Depression || id:finn-b-F5_DEPRESSIO","Calcific tendinitis || id:finn-b-M13_CALCTENDINITIS","Inverse variance weighted","9",0.012200336182551,0.00466083777088216,0.00885434552618148
"finn-b-M13_CERVICALGIA","finn-b-F5_DEPRESSIO","Depression || id:finn-b-F5_DEPRESSIO","Cervicalgia || id:finn-b-M13_CERVICALGIA","Inverse variance weighted","10",0.0743272574346342,0.0333114756846194,0.0256625320448589
"finn-b-M13_CERVICDISC","finn-b-F5_DEPRESSIO","Depression || id:finn-b-F5_DEPRESSIO","Cervical disc disorders || id:finn-b-M13_CERVICDISC","Inverse variance weighted","21",0.0893634024284413,0.0367954150920699,0.0151549074869048
"finn-b-M13_DORSALGIA","finn-b-F5_DEPRESSIO","Depression || id:finn-b-F5_DEPRESSIO","Dorsalgia || id:finn-b-M13_DORSALGIA","Inverse variance weighted","39",0.159189670845356,0.0369136258018143,1.61425617706351e-05
"finn-b-M13_DORSALGIANAS","finn-b-F5_DEPRESSIO","Depression || id:finn-b-F5_DEPRESSIO","Other/unspecified dorsalgia || id:finn-b-M13_DORSALGIANAS","Inverse variance weighted","19",0.0835822833716496,0.0281297231317464,0.00296526948047272
"finn-b-M13_DORSOPATHY","finn-b-F5_DEPRESSIO","Depression || id:finn-b-F5_DEPRESSIO","Dorsopathies || id:finn-b-M13_DORSOPATHY","Inverse variance weighted","53",0.214315345041967,0.0423318562043612,4.1326493263959e-07
"finn-b-M13_DORSOPATHYOTH","finn-b-F5_DEPRESSIO","Depression || id:finn-b-F5_DEPRESSIO","Other dorsopathies, not elsewhere classified || id:finn-b-M13_DORSOPATHYOTH","Inverse variance weighted","43",0.244926232911594,0.0469161080078193,1.78426514381755e-07
"finn-b-M13_GIANTCELL","finn-b-F5_DEPRESSIO","Depression || id:finn-b-F5_DEPRESSIO","Giant cell arteritis || id:finn-b-M13_GIANTCELL","Inverse variance weighted","7",0.0211321268797734,0.010438866386706,0.0429321066239456
"finn-b-C3_ENDOCRINE","finn-b-F5_DEPRESSIO","Depression || id:finn-b-F5_DEPRESSIO","Malignant neoplasm of endocrine gland || id:finn-b-C3_ENDOCRINE","Inverse variance weighted","13",0.0250942650979035,0.0121512762494525,0.0389083664162322
"finn-b-C3_ENDOCRINE_EXALLC","finn-b-F5_DEPRESSIO","Depression || id:finn-b-F5_DEPRESSIO","Malignant neoplasm of endocrine gland (all cancers excluded) || id:finn-b-C3_ENDOCRINE_EXALLC","Inverse variance weighted","12",0.0253028482113188,0.0123937577723992,0.0411932091136322
"finn-b-M13_INTERVERTEB","finn-b-F5_DEPRESSIO","Depression || id:finn-b-F5_DEPRESSIO","Other intervertebral disc disorders || id:finn-b-M13_INTERVERTEB","Inverse variance weighted","45",0.0812238255999801,0.0351040232624927,0.0206784818680936
"finn-b-M13_JOINTOTH","finn-b-F5_DEPRESSIO","Depression || id:finn-b-F5_DEPRESSIO","Other specific joint derangements/joint disorders || id:finn-b-M13_JOINTOTH","Inverse variance weighted","24",0.0830162081621076,0.0371517836746696,0.0254492239197584
"finn-b-M13_LIMBPAIN","finn-b-F5_DEPRESSIO","Depression || id:finn-b-F5_DEPRESSIO","Pain in limb || id:finn-b-M13_LIMBPAIN","Inverse variance weighted","21",0.09346345125612,0.0360828060568066,0.00959065409280459
"finn-b-M13_LOWBACKPAIN","finn-b-F5_DEPRESSIO","Depression || id:finn-b-F5_DEPRESSIO","Low back pain || id:finn-b-M13_LOWBACKPAIN","Inverse variance weighted","20",0.145639442823366,0.050870237319524,0.00419703851795963
"finn-b-M13_LOWBACKPAINORANDSCIATICA","finn-b-F5_DEPRESSIO","Depression || id:finn-b-F5_DEPRESSIO","Lower back pain or/and sciatica || id:finn-b-M13_LOWBACKPAINORANDSCIATICA","Inverse variance weighted","29",0.135415514806812,0.0451653424996773,0.00271563899295471
"finn-b-M13_MONOARTHRITIS","finn-b-F5_DEPRESSIO","Depression || id:finn-b-F5_DEPRESSIO","Monoarthritis, not elsewhere classified || id:finn-b-M13_MONOARTHRITIS","Inverse variance weighted","12",0.0265896819182244,0.0112680443225694,0.0182876291014258
"finn-b-M13_MUSCULOSKELETAL","finn-b-F5_DEPRESSIO","Depression || id:finn-b-F5_DEPRESSIO","Diseases of the musculoskeletal system and connective tissue || id:finn-b-M13_MUSCULOSKELETAL","Inverse variance weighted","62",0.191511812460796,0.0434811134135679,1.06036594770879e-05
"finn-b-M13_OSTEOMALACIA","finn-b-F5_DEPRESSIO","Depression || id:finn-b-F5_DEPRESSIO","Osteomalacia || id:finn-b-M13_OSTEOMALACIA","Inverse variance weighted","2",0.0228069895923371,0.0114791181463322,0.0469418831705492
"finn-b-M13_POLYARTHROPATHIES","finn-b-F5_DEPRESSIO","Depression || id:finn-b-F5_DEPRESSIO","Polyarthropathies || id:finn-b-M13_POLYARTHROPATHIES","Inverse variance weighted","30",0.0456709295857821,0.0199280301427401,0.0219175629910424
"finn-b-M13_RHEUMA","finn-b-F5_DEPRESSIO","Depression || id:finn-b-F5_DEPRESSIO","Rheumatoid arthritis (M13_RHEUMA) || id:finn-b-M13_RHEUMA","Inverse variance weighted","30",0.0226591984896324,0.0112114560817748,0.0432719567118711
"finn-b-M13_RHEUMATISM","finn-b-F5_DEPRESSIO","Depression || id:finn-b-F5_DEPRESSIO","Rheumatism, unspecified || id:finn-b-M13_RHEUMATISM","Inverse variance weighted","12",0.0535910873895231,0.0220783554596387,0.0152111107722724
"finn-b-M13_SCIATICA","finn-b-F5_DEPRESSIO","Depression || id:finn-b-F5_DEPRESSIO","Siatica+with lumbago || id:finn-b-M13_SCIATICA","Inverse variance weighted","24",0.082726804726333,0.0288726648942729,0.00416707412287113
"finn-b-M13_SHOULDER","finn-b-F5_DEPRESSIO","Depression || id:finn-b-F5_DEPRESSIO","Shoulder lesions || id:finn-b-M13_SHOULDER","Inverse variance weighted","27",0.101329591082544,0.0440511458998809,0.0214328488845334
"finn-b-M13_SOFTTISSUE","finn-b-F5_DEPRESSIO","Depression || id:finn-b-F5_DEPRESSIO","Soft tissue disorders || id:finn-b-M13_SOFTTISSUE","Inverse variance weighted","38",0.201031657589983,0.0493221433607183,4.58385787651889e-05
"finn-b-M13_SOFTTISSUEOTH","finn-b-F5_DEPRESSIO","Depression || id:finn-b-F5_DEPRESSIO","Other soft tissue disorders, not elsewhere classified || id:finn-b-M13_SOFTTISSUEOTH","Inverse variance weighted","29",0.133900336252304,0.0369343297240167,0.000288556328573205
"finn-b-M13_SPINSTENOSIS","finn-b-F5_DEPRESSIO","Depression || id:finn-b-F5_DEPRESSIO","Spinal stenosis || id:finn-b-M13_SPINSTENOSIS","Inverse variance weighted","28",0.063621009076079,0.0268204247672294,0.0176868040757906
"finn-b-M13_SPONDYLOPATHY","finn-b-F5_DEPRESSIO","Depression || id:finn-b-F5_DEPRESSIO","Spondylopathies || id:finn-b-M13_SPONDYLOPATHY","Inverse variance weighted","39",0.128432467128394,0.0285577398687802,6.8824753305649e-06
"finn-b-M13_SPONDYLOSIS","finn-b-F5_DEPRESSIO","Depression || id:finn-b-F5_DEPRESSIO","Spondylosis || id:finn-b-M13_SPONDYLOSIS","Inverse variance weighted","21",0.0854078386130478,0.0310033815522188,0.00587296254027347
"finn-b-M13_THORACISPINEPAIN","finn-b-F5_DEPRESSIO","Depression || id:finn-b-F5_DEPRESSIO","Pain in thoracic spine || id:finn-b-M13_THORACISPINEPAIN","Inverse variance weighted","10",0.0775320585253367,0.027300332461826,0.004511812200021
"finn-b-MACULAR_CYST","finn-b-F5_DEPRESSIO","Depression || id:finn-b-F5_DEPRESSIO","Macular cyst || id:finn-b-MACULAR_CYST","Inverse variance weighted","14",-0.0113612037482563,0.00504261206830658,0.0242566638365897
"finn-b-MIGRAINE_TRIPTAN","finn-b-F5_DEPRESSIO","Depression || id:finn-b-F5_DEPRESSIO","Migraine, single triptan purchase ok & required. ICD-code if available is included || id:finn-b-MIGRAINE_TRIPTAN","Inverse variance weighted","41",0.0676657465780172,0.03150808816806,0.0317481284515882
"finn-b-MUCOPROCT","finn-b-F5_DEPRESSIO","Depression || id:finn-b-F5_DEPRESSIO","Mucosal proctocolitis || id:finn-b-MUCOPROCT","Inverse variance weighted","36",-0.0293503968844491,0.0127365081687162,0.0211984939540537
"finn-b-N14_ACUTERENFAIL","finn-b-F5_DEPRESSIO","Depression || id:finn-b-F5_DEPRESSIO","Acute renal failure || id:finn-b-N14_ACUTERENFAIL","Inverse variance weighted","9",0.0569214415433991,0.0252381511405896,0.0241099337467488
"finn-b-N14_COMPLICARTFERT","finn-b-F5_DEPRESSIO","Depression || id:finn-b-F5_DEPRESSIO","Complications associated with artificial fertilization || id:finn-b-N14_COMPLICARTFERT","Inverse variance weighted","7",-0.0161617415504196,0.00782571139501536,0.0389030849527933
"finn-b-N14_FEMALEGENINF","finn-b-F5_DEPRESSIO","Depression || id:finn-b-F5_DEPRESSIO","Inflammatory diseases of female pelvic organs || id:finn-b-N14_FEMALEGENINF","Inverse variance weighted","13",0.128731951461466,0.0443807606611391,0.00372419064813133
"finn-b-N14_FEMALEGENNONINF","finn-b-F5_DEPRESSIO","Depression || id:finn-b-F5_DEPRESSIO","Noninflammatory disorders of female genital tract || id:finn-b-N14_FEMALEGENNONINF","Inverse variance weighted","31",0.113181925304295,0.0483266959687978,0.0191798606405935
"finn-b-N14_MALEGEN","finn-b-F5_DEPRESSIO","Depression || id:finn-b-F5_DEPRESSIO","Diseases of male genital organs || id:finn-b-N14_MALEGEN","Inverse variance weighted","20",0.144426186996465,0.0434082188258007,0.000877352737220498
"finn-b-N14_MESNRUIRREG","finn-b-F5_DEPRESSIO","Depression || id:finn-b-F5_DEPRESSIO","Excessive, freguent and irrelgular menstruation || id:finn-b-N14_MESNRUIRREG","Inverse variance weighted","32",0.0718644732158138,0.0315728230660781,0.0228370485087792
"finn-b-N14_NEPHRITICNAS_ADVERSE","finn-b-F5_DEPRESSIO","Depression || id:finn-b-F5_DEPRESSIO","Unspesified nephritic syndrome, drug-induced || id:finn-b-N14_NEPHRITICNAS_ADVERSE","Inverse variance weighted","9",0.0354302198630501,0.0137864246684897,0.0101717500699697
"finn-b-N14_OTHINFVAGVULV","finn-b-F5_DEPRESSIO","Depression || id:finn-b-F5_DEPRESSIO","Other inflammation of vagina/vulva || id:finn-b-N14_OTHINFVAGVULV","Inverse variance weighted","6",0.028386007287078,0.0138890658367433,0.0409766214347057
"finn-b-N14_OTHNONINFUTER","finn-b-F5_DEPRESSIO","Depression || id:finn-b-F5_DEPRESSIO","Other noninflammatory disorders of uterus, except cervix || id:finn-b-N14_OTHNONINFUTER","Inverse variance weighted","14",0.0541659934349593,0.0248958453734465,0.0295773916830672
"finn-b-N14_OVARYCYST","finn-b-F5_DEPRESSIO","Depression || id:finn-b-F5_DEPRESSIO","Ovarian cyst || id:finn-b-N14_OVARYCYST","Inverse variance weighted","17",0.0794752232350148,0.0349343783442499,0.0229067669647674
"finn-b-N14_TORSIOTEST","finn-b-F5_DEPRESSIO","Depression || id:finn-b-F5_DEPRESSIO","Torsion of testis || id:finn-b-N14_TORSIOTEST","Inverse variance weighted","3",0.0307028517326094,0.0154877216882565,0.0474345455081871
"finn-b-N14_URINOTH","finn-b-F5_DEPRESSIO","Depression || id:finn-b-F5_DEPRESSIO","Other diseases of urinary system || id:finn-b-N14_URINOTH","Inverse variance weighted","15",0.123014095099155,0.0564271015919406,0.0292535029099143
"finn-b-NONALLERG_ASTHMA_EXMORE","finn-b-F5_DEPRESSIO","Depression || id:finn-b-F5_DEPRESSIO","Non-allergic asthma (mode) (more controls excluded) || id:finn-b-NONALLERG_ASTHMA_EXMORE","Inverse variance weighted","19",0.0475742589535676,0.0210973874932041,0.0241343696469631
"finn-b-O15_CONCEPT_ABNORM","finn-b-F5_DEPRESSIO","Depression || id:finn-b-F5_DEPRESSIO","Other abnormal products of conception || id:finn-b-O15_CONCEPT_ABNORM","Inverse variance weighted","12",0.0835944155105897,0.0338013168145993,0.0133942455219549
"finn-b-O15_ECLAMPSIA","finn-b-F5_DEPRESSIO","Depression || id:finn-b-F5_DEPRESSIO","Eclampsia || id:finn-b-O15_ECLAMPSIA","Inverse variance weighted","3",-0.0319496908696304,0.0150336184907868,0.0335685696277261
"finn-b-O15_ICP","finn-b-F5_DEPRESSIO","Depression || id:finn-b-F5_DEPRESSIO","Intrahepatic Cholestasis of Pregnancy (ICP)<c3><8a> || id:finn-b-O15_ICP","Inverse variance weighted","21",-0.0234350863330703,0.00806646463293588,0.00366961327833681
"finn-b-O15_ICP_EXMORE","finn-b-F5_DEPRESSIO","Depression || id:finn-b-F5_DEPRESSIO","Intrahepatic Cholestasis of Pregnancy (ICP)<c3><8a> (more controls excluded) || id:finn-b-O15_ICP_EXMORE","Inverse variance weighted","23",-0.021280088338841,0.00781393889057719,0.00646236078480977
"finn-b-O15_MATERN_CARE_DISPROP","finn-b-F5_DEPRESSIO","Depression || id:finn-b-F5_DEPRESSIO","Maternal care for known or suspected disproportion || id:finn-b-O15_MATERN_CARE_DISPROP","Inverse variance weighted","7",0.0380007150809168,0.0186344473677916,0.0414228439418666
"finn-b-O15_MATERN_CARE_OTHER","finn-b-F5_DEPRESSIO","Depression || id:finn-b-F5_DEPRESSIO","Maternal care for other known or suspected fetal problems || id:finn-b-O15_MATERN_CARE_OTHER","Inverse variance weighted","15",0.0584341751014824,0.0290408079834682,0.0442051676405024
"finn-b-O15_POSTPART_DEPR","finn-b-F5_DEPRESSIO","Depression || id:finn-b-F5_DEPRESSIO","Postpartum depression || id:finn-b-O15_POSTPART_DEPR","Inverse variance weighted","12",0.328508319176285,0.0389915602572824,3.60400842378527e-17
"finn-b-O15_PREECLAMPS","finn-b-F5_DEPRESSIO","Depression || id:finn-b-F5_DEPRESSIO","Pre-eclampsia || id:finn-b-O15_PREECLAMPS","Inverse variance weighted","10",0.0596193221201076,0.0290862836050204,0.0403897988042544
"finn-b-O15_PREG_ABORT","finn-b-F5_DEPRESSIO","Depression || id:finn-b-F5_DEPRESSIO","Pregnancy with abortive outcome || id:finn-b-O15_PREG_ABORT","Inverse variance weighted","19",0.129817407505044,0.057107014275033,0.023012292278933
"finn-b-O15_PREG_DM","finn-b-F5_DEPRESSIO","Depression || id:finn-b-F5_DEPRESSIO","Diabetes mellitus in pregnancy || id:finn-b-O15_PREG_DM","Inverse variance weighted","26",0.0437399325504608,0.0165188214188535,0.00809971732144375
"finn-b-OFFICIAL_TILASTOKESKUS","finn-b-F5_DEPRESSIO","Depression || id:finn-b-F5_DEPRESSIO","Alcohol related diseases, tilastokeskus definition || id:finn-b-OFFICIAL_TILASTOKESKUS","Inverse variance weighted","30",0.227782756943298,0.0281959777902729,6.55387217893909e-16
"finn-b-PAIN","finn-b-F5_DEPRESSIO","Depression || id:finn-b-F5_DEPRESSIO","Pain (limb, back, neck, head abdominally) || id:finn-b-PAIN","Inverse variance weighted","72",0.380328120467019,0.041131289724113,2.31560821811651e-20
"finn-b-PULM_PNEUMONIA_SEPSIS","finn-b-F5_DEPRESSIO","Depression || id:finn-b-F5_DEPRESSIO","COPD/asthma/ILD related pneumonia or pneumonia derived septichaemia || id:finn-b-PULM_PNEUMONIA_SEPSIS","Inverse variance weighted","15",0.138468521466365,0.0589172776291483,0.0187623545096074
"finn-b-Q17_CHEFT_HARD_PALATE_NOS","finn-b-F5_DEPRESSIO","Depression || id:finn-b-F5_DEPRESSIO","Cheft hard palate NOS || id:finn-b-Q17_CHEFT_HARD_PALATE_NOS","Inverse variance weighted","16",0.00913549259490075,0.00396359117452278,0.0211748417589909
"finn-b-Q17_CLEFT_HARD_PALATE_W_CLEFT_LIP_UNILA","finn-b-F5_DEPRESSIO","Depression || id:finn-b-F5_DEPRESSIO","Cleft hard palate with cleft lip, unilateral || id:finn-b-Q17_CLEFT_HARD_PALATE_W_CLEFT_LIP_UNILA","Inverse variance weighted","12",0.00952094611798544,0.00371605776069225,0.010403857336533
"finn-b-Q17_CONGEN_MALFO_GALLB_BILE_DUCTS_LIVER","finn-b-F5_DEPRESSIO","Depression || id:finn-b-F5_DEPRESSIO","Congenital malformations of gallbladder, bile ducts and liver || id:finn-b-Q17_CONGEN_MALFO_GALLB_BILE_DUCTS_LIVER","Inverse variance weighted","17",0.00444130158375914,0.00224915898248999,0.0483078908746917
"finn-b-Q17_CONGEN_MALFO_TRACHEA_BRONCHUS","finn-b-F5_DEPRESSIO","Depression || id:finn-b-F5_DEPRESSIO","Congenital malformations of trachea and bronchus || id:finn-b-Q17_CONGEN_MALFO_TRACHEA_BRONCHUS","Inverse variance weighted","3",0.0176688561059038,0.00765497198628169,0.0209905588559124
"finn-b-C3_OTHER_SKIN","finn-b-F5_DEPRESSIO","Depression || id:finn-b-F5_DEPRESSIO","Other malignant neoplasms of skin (=non-melanoma skin cancer) || id:finn-b-C3_OTHER_SKIN","Inverse variance weighted","61",-0.0416694540098658,0.0148272406083471,0.00494905719111208
"finn-b-Q17_OTHER_CONGEN_MALFO_LIMBS","finn-b-F5_DEPRESSIO","Depression || id:finn-b-F5_DEPRESSIO","Other congenital malformations of limb(s) || id:finn-b-Q17_OTHER_CONGEN_MALFO_LIMBS","Inverse variance weighted","6",0.0118697040988893,0.0055541373036397,0.0325904846175795
"finn-b-Q17_OTHER_OSTEOCHONDROD","finn-b-F5_DEPRESSIO","Depression || id:finn-b-F5_DEPRESSIO","Other osteochondrodysplasias || id:finn-b-Q17_OTHER_OSTEOCHONDROD","Inverse variance weighted","17",0.00750381969127968,0.00359908373903965,0.0370761082969464
"finn-b-C3_OTHER_SKIN_EXALLC","finn-b-F5_DEPRESSIO","Depression || id:finn-b-F5_DEPRESSIO","Other malignant neoplasms of skin (=non-melanoma skin cancer) (all cancers excluded) || id:finn-b-C3_OTHER_SKIN_EXALLC","Inverse variance weighted","59",-0.0441379892985208,0.0146307365762466,0.00255459265905226
"finn-b-R18_ABDOMI_PELVIC_PAIN","finn-b-F5_DEPRESSIO","Depression || id:finn-b-F5_DEPRESSIO","Abdominal and pelvic pain || id:finn-b-R18_ABDOMI_PELVIC_PAIN","Inverse variance weighted","51",0.311753754311164,0.047446022002423,5.00780094207698e-11
"finn-b-R18_ABNORMALITI_BREAT","finn-b-F5_DEPRESSIO","Depression || id:finn-b-F5_DEPRESSIO","Abnormalities of breathing || id:finn-b-R18_ABNORMALITI_BREAT","Inverse variance weighted","25",0.105908356900061,0.0530037316071725,0.0457025462600591
"finn-b-R18_ANOREXIA","finn-b-F5_DEPRESSIO","Depression || id:finn-b-F5_DEPRESSIO","Anorexia || id:finn-b-R18_ANOREXIA","Inverse variance weighted","7",0.0184152750868898,0.00919857849300567,0.0452879943758351
"finn-b-R18_CONVU_NOT_ELSEW_CLASSIFIED","finn-b-F5_DEPRESSIO","Depression || id:finn-b-F5_DEPRESSIO","Convulsions, not elsewhere classified || id:finn-b-R18_CONVU_NOT_ELSEW_CLASSIFIED","Inverse variance weighted","7",0.163671412998828,0.0482002420880886,0.000684644932058879
"finn-b-R18_CRAMP_SPASM","finn-b-F5_DEPRESSIO","Depression || id:finn-b-F5_DEPRESSIO","Cramp and spasm || id:finn-b-R18_CRAMP_SPASM","Inverse variance weighted","11",0.026486557461978,0.0106535407136288,0.0129124762044095
"finn-b-R18_DYSPNOEA","finn-b-F5_DEPRESSIO","Depression || id:finn-b-F5_DEPRESSIO","Dyspnoea || id:finn-b-R18_DYSPNOEA","Inverse variance weighted","12",0.171258586474373,0.0771728560606423,0.0264761310270822
"finn-b-R18_FEVER_OTHER_UNKNO_ORIGIN","finn-b-F5_DEPRESSIO","Depression || id:finn-b-F5_DEPRESSIO","Fever of other and unknown origin || id:finn-b-R18_FEVER_OTHER_UNKNO_ORIGIN","Inverse variance weighted","17",0.110287849160187,0.0465458549764582,0.0178147984964418
"finn-b-R18_GENERAL_SYMPTOMS_SIGNS","finn-b-F5_DEPRESSIO","Depression || id:finn-b-F5_DEPRESSIO","General symptoms and signs || id:finn-b-R18_GENERAL_SYMPTOMS_SIGNS","Inverse variance weighted","28",0.265937971852632,0.054323490111071,9.80806407128856e-07
"finn-b-R18_MALAI_FATIG","finn-b-F5_DEPRESSIO","Depression || id:finn-b-F5_DEPRESSIO","Malaise and fatigue || id:finn-b-R18_MALAI_FATIG","Inverse variance weighted","13",0.130909296704629,0.0462669969376404,0.00466307868747131
"finn-b-R18_OTHER_SYMPTOMS_SIGNS_INVOLVI_NERVOUS_MUSCULOS_SYSTEMS","finn-b-F5_DEPRESSIO","Depression || id:finn-b-F5_DEPRESSIO","Other symptoms and signs involving the nervous and musculoskeletal systems || id:finn-b-R18_OTHER_SYMPTOMS_SIGNS_INVOLVI_NERVOUS_MUSCULOS_SYSTEMS","Inverse variance weighted","17",0.101217121247546,0.0303990711410121,0.000869669852785914
"finn-b-R18_PAIN_THROAT_CHEST","finn-b-F5_DEPRESSIO","Depression || id:finn-b-F5_DEPRESSIO","Pain in throat and chest || id:finn-b-R18_PAIN_THROAT_CHEST","Inverse variance weighted","30",0.149899907756443,0.0452758103385935,0.000930241305014866
"finn-b-R18_SYMPTOMS_SIGNS_CONCERNI_FOOD_FLUID_INTAKE","finn-b-F5_DEPRESSIO","Depression || id:finn-b-F5_DEPRESSIO","Symptoms and signs concerning food and fluid intake || id:finn-b-R18_SYMPTOMS_SIGNS_CONCERNI_FOOD_FLUID_INTAKE","Inverse variance weighted","8",0.0656459392459884,0.0254507679397571,0.0098992057036038
"finn-b-R18_SYMPTOMS_SIGNS_INVOLVI_CIRCULATO_RESPI_SYSTEMS","finn-b-F5_DEPRESSIO","Depression || id:finn-b-F5_DEPRESSIO","Symptoms and signs involving the circulatory and respiratory systems || id:finn-b-R18_SYMPTOMS_SIGNS_INVOLVI_CIRCULATO_RESPI_SYSTEMS","Inverse variance weighted","26",0.164109103044465,0.0697051306896951,0.0185559698050861
"finn-b-R18_SYMPTOMS_SIGNS_INVOLVI_COGNITION_PERCEP_EMOTIONAL_STATE_BEHVI","finn-b-F5_DEPRESSIO","Depression || id:finn-b-F5_DEPRESSIO","Symptoms and signs involving cognition, perception, emotional state and behaviour || id:finn-b-R18_SYMPTOMS_SIGNS_INVOLVI_COGNITION_PERCEP_EMOTIONAL_STATE_BEHVI","Inverse variance weighted","20",0.161982177696359,0.0467111023458164,0.000524845649793629
"finn-b-R18_SYMPTOMS_SIGNS_INVOLVI_DIGES_SYSTEM_ABDOMEN","finn-b-F5_DEPRESSIO","Depression || id:finn-b-F5_DEPRESSIO","Symptoms and signs involving the digestive system and abdomen || id:finn-b-R18_SYMPTOMS_SIGNS_INVOLVI_DIGES_SYSTEM_ABDOMEN","Inverse variance weighted","48",0.364778843693521,0.0566160329186101,1.17110919674774e-10
"finn-b-R18_SYMPTOMS_SIGNS_INVOLVI_NERVOUS_MUSCULOS_SYSTEMS","finn-b-F5_DEPRESSIO","Depression || id:finn-b-F5_DEPRESSIO","Symptoms and signs involving the nervous and musculoskeletal systems || id:finn-b-R18_SYMPTOMS_SIGNS_INVOLVI_NERVOUS_MUSCULOS_SYSTEMS","Inverse variance weighted","20",0.135330234838143,0.0328139064037842,3.72068775395108e-05
"finn-b-R18_SYMPTOMS_SIGNS_INVOLVI_URINARY_SYSTEM","finn-b-F5_DEPRESSIO","Depression || id:finn-b-F5_DEPRESSIO","Symptoms and signs involving the urinary system || id:finn-b-R18_SYMPTOMS_SIGNS_INVOLVI_URINARY_SYSTEM","Inverse variance weighted","16",0.1520868229599,0.0469748212813971,0.0012052941993104
"finn-b-RHEUMA_ENDPOINTS","finn-b-F5_DEPRESSIO","Depression || id:finn-b-F5_DEPRESSIO","Finngen Rheumatological endpoints || id:finn-b-RHEUMA_ENDPOINTS","Inverse variance weighted","56",0.0776877302671955,0.0380447703407973,0.0411507250756758
"finn-b-RHEUMA_SERONEG","finn-b-F5_DEPRESSIO","Depression || id:finn-b-F5_DEPRESSIO","Seronegative rheumatoid arthritis || id:finn-b-RHEUMA_SERONEG","Inverse variance weighted","22",0.0290906224972063,0.0129595021784593,0.024785276758965
"finn-b-RHEUMA_SEROPOS","finn-b-F5_DEPRESSIO","Depression || id:finn-b-F5_DEPRESSIO","Seropositive rheumatoid arthritis || id:finn-b-RHEUMA_SEROPOS","Inverse variance weighted","28",0.0207209260073037,0.0094468524205243,0.0282770490599902
"finn-b-RHEUMA_SEROPOS_WIDE","finn-b-F5_DEPRESSIO","Depression || id:finn-b-F5_DEPRESSIO","Seropositive rheumatoid arthritis, wide || id:finn-b-RHEUMA_SEROPOS_WIDE","Inverse variance weighted","33",0.0258844348401925,0.00964911153743178,0.00730584596311117
"finn-b-RHEU_ARTHRITIS_OTH","finn-b-F5_DEPRESSIO","Depression || id:finn-b-F5_DEPRESSIO","Other arthritis (FG) || id:finn-b-RHEU_ARTHRITIS_OTH","Inverse variance weighted","10",0.0405470757573258,0.0191208956928932,0.0339585424968901
"finn-b-RX_ANTIHYP","finn-b-F5_DEPRESSIO","Depression || id:finn-b-F5_DEPRESSIO","Antihypertensive medication - note that there are other indications || id:finn-b-RX_ANTIHYP","Inverse variance weighted","185",0.133202031838803,0.0186133875517419,8.2914617870248e-13
"finn-b-RX_CODEINE_TRAMADOL","finn-b-F5_DEPRESSIO","Depression || id:finn-b-F5_DEPRESSIO","Codeine or tramadol medication || id:finn-b-RX_CODEINE_TRAMADOL","Inverse variance weighted","38",0.118916163345462,0.0377609251582589,0.00163726151952833
"finn-b-RX_CROHN_1STLINE","finn-b-F5_DEPRESSIO","Depression || id:finn-b-F5_DEPRESSIO","First line medication for Crohns disease || id:finn-b-RX_CROHN_1STLINE","Inverse variance weighted","49",0.0716550820845349,0.0311684357052798,0.0215070374571771
"finn-b-RX_PARACETAMOL_NSAID","finn-b-F5_DEPRESSIO","Depression || id:finn-b-F5_DEPRESSIO","Paracetamol of NSAID medication || id:finn-b-RX_PARACETAMOL_NSAID","Inverse variance weighted","56",0.173228654273812,0.043139935687806,5.9318484769728e-05
"finn-b-RX_RHEUMA_BIOLOGICAL","finn-b-F5_DEPRESSIO","Depression || id:finn-b-F5_DEPRESSIO","Biological medication for rheuma || id:finn-b-RX_RHEUMA_BIOLOGICAL","Inverse variance weighted","24",0.0168551480139744,0.00844472543803898,0.0459406768080918
"finn-b-SCND_OTH_COXARTHROSIS","finn-b-F5_DEPRESSIO","Depression || id:finn-b-F5_DEPRESSIO","Other secondary coxarthrosis || id:finn-b-SCND_OTH_COXARTHROSIS","Inverse variance weighted","8",-0.0253944555052417,0.0112717217746241,0.0242632531908674
"finn-b-SLEEP","finn-b-F5_DEPRESSIO","Depression || id:finn-b-F5_DEPRESSIO","Sleep disorders (combined) || id:finn-b-SLEEP","Inverse variance weighted","25",0.152514405698013,0.0377905694406606,5.44213078163396e-05
"finn-b-SMOKING","finn-b-F5_DEPRESSIO","Depression || id:finn-b-F5_DEPRESSIO","Smoking || id:finn-b-SMOKING","Inverse variance weighted","13",0.0431442844880492,0.0154336615673696,0.00518248663130795
"finn-b-SMOKING_DEPEND","finn-b-F5_DEPRESSIO","Depression || id:finn-b-F5_DEPRESSIO","Smoking dependancy || id:finn-b-SMOKING_DEPEND","Inverse variance weighted","13",0.033789852639546,0.0129082733074989,0.00885272954988958
"finn-b-SPONDYLOARTHRITIS","finn-b-F5_DEPRESSIO","Depression || id:finn-b-F5_DEPRESSIO","Spondyloarthritis || id:finn-b-SPONDYLOARTHRITIS","Inverse variance weighted","22",0.0146257559658096,0.00693447222926533,0.0349327080294964
"finn-b-SPONDYLOPATHY_FG","finn-b-F5_DEPRESSIO","Depression || id:finn-b-F5_DEPRESSIO","Spondylopathies (FG) || id:finn-b-SPONDYLOPATHY_FG","Inverse variance weighted","14",0.0143048806440002,0.00649370091797363,0.0276028084609309
"finn-b-ST19_COMPLICATIO_PROCED_NOT_ELSEW_CLASSIFIED","finn-b-F5_DEPRESSIO","Depression || id:finn-b-F5_DEPRESSIO","Complications of procedures, not elsewhere classified || id:finn-b-ST19_COMPLICATIO_PROCED_NOT_ELSEW_CLASSIFIED","Inverse variance weighted","17",0.103958254261593,0.0462920392023237,0.0247229230495539
"finn-b-ST19_DISLO_SPRAIN_STRAIN_JOINTS_LIGAM_SHOUL_GIRDLE","finn-b-F5_DEPRESSIO","Depression || id:finn-b-F5_DEPRESSIO","Dislocation, sprain and strain of joints and ligaments of shoulder girdle || id:finn-b-ST19_DISLO_SPRAIN_STRAIN_JOINTS_LIGAM_SHOUL_GIRDLE","Inverse variance weighted","18",0.084705653561383,0.028689772264589,0.00315244065635533
"finn-b-C3_SKIN","finn-b-F5_DEPRESSIO","Depression || id:finn-b-F5_DEPRESSIO","Malignant neoplasm of skin || id:finn-b-C3_SKIN","Inverse variance weighted","60",-0.0437417416033609,0.0148069668137148,0.00313549371505795
"finn-b-C3_SKIN_EXALLC","finn-b-F5_DEPRESSIO","Depression || id:finn-b-F5_DEPRESSIO","Malignant neoplasm of skin (all cancers excluded) || id:finn-b-C3_SKIN_EXALLC","Inverse variance weighted","59",-0.0447893054939669,0.0143524551180978,0.00180438860461962
"finn-b-ST19_INJURI_ANKLE_FOOT","finn-b-F5_DEPRESSIO","Depression || id:finn-b-F5_DEPRESSIO","Injuries to the ankle and foot || id:finn-b-ST19_INJURI_ANKLE_FOOT","Inverse variance weighted","11",0.139511194529756,0.0494276228495409,0.00476456238635083
"finn-b-ST19_INJURI_HEAD","finn-b-F5_DEPRESSIO","Depression || id:finn-b-F5_DEPRESSIO","Injuries to the head || id:finn-b-ST19_INJURI_HEAD","Inverse variance weighted","13",0.19701692665277,0.0626048637202844,0.00164960183753926
"finn-b-AB1_INFECTIONS","finn-b-F5_DEPRESSIO","Depression || id:finn-b-F5_DEPRESSIO","Certain infectious and parasitic diseases || id:finn-b-AB1_INFECTIONS","Inverse variance weighted","17",0.190235481602455,0.0718983629080399,0.00814752270958263
"finn-b-ST19_INTRACR_INJURY","finn-b-F5_DEPRESSIO","Depression || id:finn-b-F5_DEPRESSIO","Intracranial injury || id:finn-b-ST19_INTRACR_INJURY","Inverse variance weighted","18",0.119552683544653,0.0363256320796013,0.000997827995653934
"finn-b-ST19_OPEN_WOUND_ANKLE_FOOT","finn-b-F5_DEPRESSIO","Depression || id:finn-b-F5_DEPRESSIO","Open wound of ankle and foot || id:finn-b-ST19_OPEN_WOUND_ANKLE_FOOT","Inverse variance weighted","8",0.0511546936009356,0.0219319874568392,0.0196783975002095
"finn-b-ST19_OPEN_WOUND_WRIST_HAND","finn-b-F5_DEPRESSIO","Depression || id:finn-b-F5_DEPRESSIO","Open wound of wrist and hand || id:finn-b-ST19_OPEN_WOUND_WRIST_HAND","Inverse variance weighted","12",0.0941187144882954,0.0459883266480261,0.0406995006183252
"finn-b-ST19_POISO_DRUGS_MEDICAM_BIOLO_SUBST","finn-b-F5_DEPRESSIO","Depression || id:finn-b-F5_DEPRESSIO","Poisoning by drugs, medicaments and biological substances || id:finn-b-ST19_POISO_DRUGS_MEDICAM_BIOLO_SUBST","Inverse variance weighted","8",0.144023377460134,0.0382202491066471,0.000164397329774222
"finn-b-ST19_POISO_MEDICI","finn-b-F5_DEPRESSIO","Depression || id:finn-b-F5_DEPRESSIO","Poisoning by medicine || id:finn-b-ST19_POISO_MEDICI","Inverse variance weighted","10",0.103086629909489,0.0320416238618201,0.00129415693134906
"finn-b-ST19_SUPERF_INJURY_HEAD","finn-b-F5_DEPRESSIO","Depression || id:finn-b-F5_DEPRESSIO","Superficial injury of head || id:finn-b-ST19_SUPERF_INJURY_HEAD","Inverse variance weighted","13",0.0715090171958534,0.0351691102124493,0.0420231838103578
"finn-b-ST19_SUPERF_INJURY_THORAX","finn-b-F5_DEPRESSIO","Depression || id:finn-b-F5_DEPRESSIO","Superficial injury of thorax || id:finn-b-ST19_SUPERF_INJURY_THORAX","Inverse variance weighted","3",0.118395340649266,0.042366550217847,0.00519723911572042
"finn-b-ST19_TOXIC_EFFECT_OTHER_UNSPE_SUBST","finn-b-F5_DEPRESSIO","Depression || id:finn-b-F5_DEPRESSIO","Toxic effect of other and unspecified substances || id:finn-b-ST19_TOXIC_EFFECT_OTHER_UNSPE_SUBST","Inverse variance weighted","2",-0.0437312747714008,0.0154670515497189,0.00469301976498549
"finn-b-T1D_STRICT1","finn-b-F5_DEPRESSIO","Depression || id:finn-b-F5_DEPRESSIO","Type 1 diabetes, strict definition, subgroup 1 || id:finn-b-T1D_STRICT1","Inverse variance weighted","27",0.0116849013978155,0.00549487322410831,0.033460839629878
"finn-b-T1D_WIDE1","finn-b-F5_DEPRESSIO","Depression || id:finn-b-F5_DEPRESSIO","Type 1 diabetes, wide definition, subgroup 1 || id:finn-b-T1D_WIDE1","Inverse variance weighted","41",0.0202447961347873,0.0075623563731627,0.00742738430180046
"finn-b-T1D_WIDE2","finn-b-F5_DEPRESSIO","Depression || id:finn-b-F5_DEPRESSIO","Type 1 diabetes, wide definition, subgroup 2 || id:finn-b-T1D_WIDE2","Inverse variance weighted","17",0.0129052883606075,0.00570711036318978,0.0237428582061047
"finn-b-T2D","finn-b-F5_DEPRESSIO","Depression || id:finn-b-F5_DEPRESSIO","Type 2 diabetes, definitions combined || id:finn-b-T2D","Inverse variance weighted","149",0.031744170164552,0.0131770501557144,0.015994114957663
"finn-b-T2D_INCLAVO","finn-b-F5_DEPRESSIO","Depression || id:finn-b-F5_DEPRESSIO","Type 2 diabetes, definitions combined, including avohilmo || id:finn-b-T2D_INCLAVO","Inverse variance weighted","159",0.0350984281257802,0.0131792518936166,0.00774110915840824
"finn-b-T2D_WIDE","finn-b-F5_DEPRESSIO","Depression || id:finn-b-F5_DEPRESSIO","Type 2 diabetes, wide definition || id:finn-b-T2D_WIDE","Inverse variance weighted","84",0.0538779524293568,0.0164108766552181,0.0010268548185169
"finn-b-ULCERENTER","finn-b-F5_DEPRESSIO","Depression || id:finn-b-F5_DEPRESSIO","Ulcerative enterocolitis || id:finn-b-ULCERENTER","Inverse variance weighted","11",-0.0244107017197941,0.0098439925867755,0.0131472239314438
"finn-b-ULCERPROCT","finn-b-F5_DEPRESSIO","Depression || id:finn-b-F5_DEPRESSIO","Ulcerative proctitis || id:finn-b-ULCERPROCT","Inverse variance weighted","14",-0.0320813143091677,0.0119572771587391,0.00729660907390148
"finn-b-VIRALPNEUMOKNOWN","finn-b-F5_DEPRESSIO","Depression || id:finn-b-F5_DEPRESSIO","Viral pneumonia (known virus, not influenza) || id:finn-b-VIRALPNEUMOKNOWN","Inverse variance weighted","11",0.0261987399264126,0.0129860225627244,0.0436478616805072
"finn-b-VWXY20_SUICI_OTHER_INTENTI_SELF_H","finn-b-F5_DEPRESSIO","Depression || id:finn-b-F5_DEPRESSIO","Suicide or other Intentional self-harm || id:finn-b-VWXY20_SUICI_OTHER_INTENTI_SELF_H","Inverse variance weighted","45",0.763401838779985,0.0521123885778704,1.36425341681782e-48
"finn-b-WEIGHTLOSS","finn-b-F5_DEPRESSIO","Depression || id:finn-b-F5_DEPRESSIO","Weight loss || id:finn-b-WEIGHTLOSS","Inverse variance weighted","10",0.0355787131575623,0.016453864502054,0.030592616298811
"finn-b-Z21_CARE_INVOLVI_USE_REHAB_PROCED","finn-b-F5_DEPRESSIO","Depression || id:finn-b-F5_DEPRESSIO","Care involving use of rehabilitation procedures || id:finn-b-Z21_CARE_INVOLVI_USE_REHAB_PROCED","Inverse variance weighted","23",0.0724345267336604,0.0346065124427751,0.0363411686631559
"finn-b-Z21_EXAM_OBSER_OTH_REASO","finn-b-F5_DEPRESSIO","Depression || id:finn-b-F5_DEPRESSIO","Examination and observation for other reasons || id:finn-b-Z21_EXAM_OBSER_OTH_REASO","Inverse variance weighted","24",0.101138048722417,0.0341151313823625,0.00303067186924032
"finn-b-Z21_GENERAL_EXAM_INVES_PERSONS_WO_COMPLA_REPOR_DIAGNOSIS","finn-b-F5_DEPRESSIO","Depression || id:finn-b-F5_DEPRESSIO","General examination and investigation of persons without complaint and reported diagnosis || id:finn-b-Z21_GENERAL_EXAM_INVES_PERSONS_WO_COMPLA_REPOR_DIAGNOSIS","Inverse variance weighted","33",0.240827880528829,0.033633511581721,8.04684439870185e-13
"finn-b-Z21_MEDICAL_OBSER_EVALU_SUSPECTED_DISEA_CONDI","finn-b-F5_DEPRESSIO","Depression || id:finn-b-F5_DEPRESSIO","Medical observation and evaluation for suspected diseases and conditions || id:finn-b-Z21_MEDICAL_OBSER_EVALU_SUSPECTED_DISEA_CONDI","Inverse variance weighted","15",0.264090615912749,0.0614969332103023,1.75189701840068e-05
"finn-b-Z21_OTHER_SPECIAL_EXAM_INVES_PERSONS_WO_COMPLA_REPOR_DIAGNOSIS","finn-b-F5_DEPRESSIO","Depression || id:finn-b-F5_DEPRESSIO","Other special examinations and investigations of persons without complaint or reported diagnosis || id:finn-b-Z21_OTHER_SPECIAL_EXAM_INVES_PERSONS_WO_COMPLA_REPOR_DIAGNOSIS","Inverse variance weighted","29",0.212423115225098,0.0507433419041111,2.8363050665616e-05
"finn-b-CARDIAC_ARRHYTM","finn-b-F5_DEPRESSIO","Depression || id:finn-b-F5_DEPRESSIO","Cardiac arrhytmias || id:finn-b-CARDIAC_ARRHYTM","Inverse variance weighted","61",0.072669653107967,0.0231432158102208,0.00168948944492882
"finn-b-Z21_PERSONS_ENCOUNTERI_HEALTH_SERVI_EXAM_INVES","finn-b-F5_DEPRESSIO","Depression || id:finn-b-F5_DEPRESSIO","Persons encountering health services for examination and investigation || id:finn-b-Z21_PERSONS_ENCOUNTERI_HEALTH_SERVI_EXAM_INVES","Inverse variance weighted","32",0.237294163221936,0.0761716259100203,0.00183784932544711
"finn-b-Z21_PERSONS_ENCOUNTERI_HEALTH_SERVI_OTH_CIRCUMSTANC1","finn-b-F5_DEPRESSIO","Depression || id:finn-b-F5_DEPRESSIO","Persons encountering health services in other circumstances (Z21_PERSONS_ENCOUNTERI_HEALTH_SERVI_OTH_CIRCUMSTANC1) || id:finn-b-Z21_PERSONS_ENCOUNTERI_HEALTH_SERVI_OTH_CIRCUMSTANC1","Inverse variance weighted","27",0.161097271382427,0.0475205455940483,0.000698785585663495
"finn-b-Z21_PERSONS_ENCOUNTERI_HEALTH_SERVI_OTH_COUNSELLI_MEDICAL_ADVICE_NOT_ELSEW_CLASSIFIED","finn-b-F5_DEPRESSIO","Depression || id:finn-b-F5_DEPRESSIO","Persons encountering health services for other counselling and medical advice, not elsewhere classified || id:finn-b-Z21_PERSONS_ENCOUNTERI_HEALTH_SERVI_OTH_COUNSELLI_MEDICAL_ADVICE_NOT_ELSEW_CLASSIFIED","Inverse variance weighted","18",0.137426456760065,0.0458000112036537,0.00269468680234317
"finn-b-CD2_BENIGN","finn-b-F5_DEPRESSIO","Depression || id:finn-b-F5_DEPRESSIO","Benign neoplasms || id:finn-b-CD2_BENIGN","Inverse variance weighted","47",0.0717309601317488,0.0338806876893234,0.0342459619447468
"finn-b-Z21_PERSONS_W_POTEN_HEALTH_HAZARDS_RELATED_SOCIO_PSYCHOSO_CIRCUMSTANC","finn-b-F5_DEPRESSIO","Depression || id:finn-b-F5_DEPRESSIO","Persons with potential health hazards related to socioeconomic and psychosocial circumstances || id:finn-b-Z21_PERSONS_W_POTEN_HEALTH_HAZARDS_RELATED_SOCIO_PSYCHOSO_CIRCUMSTANC","Inverse variance weighted","12",0.0960875261371589,0.0312008411349568,0.00207247198583102
"finn-b-Z21_PROBL_RELATED_LIFESTYLE","finn-b-F5_DEPRESSIO","Depression || id:finn-b-F5_DEPRESSIO","Problems related to lifestyle || id:finn-b-Z21_PROBL_RELATED_LIFESTYLE","Inverse variance weighted","7",0.0493366457779979,0.0213018460349324,0.0205542439427696
"finn-b-Z21_PROBL_RELATED_PHYSIC_ENVIRONMENT","finn-b-F5_DEPRESSIO","Depression || id:finn-b-F5_DEPRESSIO","Problems related to physical environment || id:finn-b-Z21_PROBL_RELATED_PHYSIC_ENVIRONMENT","Inverse variance weighted","4",-0.015185228291714,0.0070086401353429,0.0302620075328805
"finn-b-Z21_SHOUL_REGION","finn-b-F5_DEPRESSIO","Depression || id:finn-b-F5_DEPRESSIO","Shoulder region || id:finn-b-Z21_SHOUL_REGION","Inverse variance weighted","9",0.0187494650467732,0.00542776518204515,0.000551596711626134
"finn-b-Z21_SPECIAL_SCREEN_EXAM_OTH_DISEA_DISORD","finn-b-F5_DEPRESSIO","Depression || id:finn-b-F5_DEPRESSIO","Special screening examination for other diseases and disorders || id:finn-b-Z21_SPECIAL_SCREEN_EXAM_OTH_DISEA_DISORD","Inverse variance weighted","16",0.029045413684005,0.011770597710175,0.0136012965756313
"finn-b-Z21_SUPERV_NORMAL_PREGNAC1","finn-b-F5_DEPRESSIO","Depression || id:finn-b-F5_DEPRESSIO","Supervision of normal pregnancy || id:finn-b-Z21_SUPERV_NORMAL_PREGNAC1","Inverse variance weighted","22",0.0718224966968231,0.0348209653129007,0.0391485351654265
"ieu-a-1000","finn-b-F5_DEPRESSIO","Depression || id:finn-b-F5_DEPRESSIO","Depressive symptoms || id:ieu-a-1000","Inverse variance weighted","23",0.537911078896186,0.170732369770796,0.00162929996962703
"ieu-a-1001","finn-b-F5_DEPRESSIO","Depression || id:finn-b-F5_DEPRESSIO","Years of schooling || id:ieu-a-1001","Inverse variance weighted","189",-0.172448072130706,0.0720627169023393,0.0167099829941581
"ieu-a-1007","finn-b-F5_DEPRESSIO","Depression || id:finn-b-F5_DEPRESSIO","Neuroticism || id:ieu-a-1007","Inverse variance weighted","61",0.451148521553459,0.100210105949285,6.73086847577669e-06
"ieu-a-1009","finn-b-F5_DEPRESSIO","Depression || id:finn-b-F5_DEPRESSIO","Subjective well being || id:ieu-a-1009","Inverse variance weighted","16",-0.762529264764875,0.215528692817259,0.000403249768846899
"ieu-a-1010","finn-b-F5_DEPRESSIO","Depression || id:finn-b-F5_DEPRESSIO","Years of schooling || id:ieu-a-1010","Inverse variance weighted","67",-0.19838662300438,0.0851119409310402,0.0197591291100239
"ieu-a-1011","finn-b-F5_DEPRESSIO","Depression || id:finn-b-F5_DEPRESSIO","Years of schooling || id:ieu-a-1011","Inverse variance weighted","88",-0.174669975827621,0.0849847021749735,0.0398489952793883
"ieu-a-1018","finn-b-F5_DEPRESSIO","Depression || id:finn-b-F5_DEPRESSIO","Subjective well being || id:ieu-a-1018","Inverse variance weighted","19",-0.498008617993149,0.213923968882978,0.0199136877407753
"ieu-a-1046","finn-b-F5_DEPRESSIO","Depression || id:finn-b-F5_DEPRESSIO","Pallidum volume || id:ieu-a-1046","Inverse variance weighted","7",0.00110099664482305,0.00039406612074155,0.00520703236896394
"finn-b-CD2_BENIGN_ASCENDING_COLON","finn-b-F5_DEPRESSIO","Depression || id:finn-b-F5_DEPRESSIO","Benign neoplasm: Ascending colon || id:finn-b-CD2_BENIGN_ASCENDING_COLON","Inverse variance weighted","12",0.0310899479195733,0.0157947921687636,0.0490258242463118
"ieu-a-106","finn-b-F5_DEPRESSIO","Depression || id:finn-b-F5_DEPRESSIO","Weight || id:ieu-a-106","Inverse variance weighted","33",-0.127251431180692,0.0522118800471119,0.0148009907972588
"finn-b-CD2_BENIGN_ASCENDING_COLON_EXALLC","finn-b-F5_DEPRESSIO","Depression || id:finn-b-F5_DEPRESSIO","Benign neoplasm: Ascending colon (all cancers excluded) || id:finn-b-CD2_BENIGN_ASCENDING_COLON_EXALLC","Inverse variance weighted","12",0.0337549636701523,0.0156149104178925,0.0306402613797134
"ieu-a-1073","finn-b-F5_DEPRESSIO","Depression || id:finn-b-F5_DEPRESSIO","Copper || id:ieu-a-1073","Inverse variance weighted","6",0.0316685565782919,0.0154536114155444,0.040436135895762
"ieu-a-1085","finn-b-F5_DEPRESSIO","Depression || id:finn-b-F5_DEPRESSIO","Amyotrophic lateral sclerosis || id:ieu-a-1085","Inverse variance weighted","30",0.235500289203272,0.105849432594325,0.0260905614915479
"ieu-a-1101","finn-b-F5_DEPRESSIO","Depression || id:finn-b-F5_DEPRESSIO","Urinary albumin-to-creatinine ratio || id:ieu-a-1101","Inverse variance weighted","6",0.388651268495399,0.1380896685423,0.00488554931450189
"ieu-a-1107","finn-b-F5_DEPRESSIO","Depression || id:finn-b-F5_DEPRESSIO","Urinary albumin-to-creatinine ratio || id:ieu-a-1107","Inverse variance weighted","7",0.273728524378079,0.122961930951967,0.0260058665414316
"ieu-a-1183","finn-b-F5_DEPRESSIO","Depression || id:finn-b-F5_DEPRESSIO","ADHD || id:ieu-a-1183","Inverse variance weighted","43",0.0607301861987883,0.0248356574852342,0.0144738920861831
"ieu-a-1188","finn-b-F5_DEPRESSIO","Depression || id:finn-b-F5_DEPRESSIO","Major Depressive Disorder || id:ieu-a-1188","Inverse variance weighted","42",0.144104410846607,0.0392092377225988,0.000237600956520199
"ieu-a-1239","finn-b-F5_DEPRESSIO","Depression || id:finn-b-F5_DEPRESSIO","Years of schooling || id:ieu-a-1239","Inverse variance weighted","509",-0.326163185699945,0.0558296766358387,5.15433437430487e-09
"finn-b-CD2_BENIGN_BONE_LONG_LOWER","finn-b-F5_DEPRESSIO","Depression || id:finn-b-F5_DEPRESSIO","Benign neoplasm: Long bones of lower limb || id:finn-b-CD2_BENIGN_BONE_LONG_LOWER","Inverse variance weighted","8",0.0230680098482755,0.0111834215503945,0.0391414271141954
"ieu-a-30","finn-b-F5_DEPRESSIO","Depression || id:finn-b-F5_DEPRESSIO","Crohn's disease || id:ieu-a-30","Inverse variance weighted","99",0.0174729258437465,0.00843999791944799,0.038428715726718
"ieu-a-755","finn-b-F5_DEPRESSIO","Depression || id:finn-b-F5_DEPRESSIO","Years of schooling || id:ieu-a-755","Inverse variance weighted","38",-0.21684574233674,0.0937531016713913,0.0207256781664624
"ieu-a-792","finn-b-F5_DEPRESSIO","Depression || id:finn-b-F5_DEPRESSIO","Urate || id:ieu-a-792","Inverse variance weighted","9",-0.0109154546204888,0.00477684584066802,0.0223083861063887
"ieu-a-803","finn-b-F5_DEPRESSIO","Depression || id:finn-b-F5_DEPRESSIO","PGC cross-disorder traits || id:ieu-a-803","Inverse variance weighted","28",0.0963513895694868,0.0407096823682677,0.0179429673077273
"ieu-a-835","finn-b-F5_DEPRESSIO","Depression || id:finn-b-F5_DEPRESSIO","Body mass index || id:ieu-a-835","Inverse variance weighted","148",0.103451096918366,0.0479384615258409,0.0309279989367686
"ieu-a-837","finn-b-F5_DEPRESSIO","Depression || id:finn-b-F5_DEPRESSIO","Years of schooling || id:ieu-a-837","Inverse variance weighted","36",-0.286865868443318,0.112168663800065,0.0105442393026568
"ieu-a-95","finn-b-F5_DEPRESSIO","Depression || id:finn-b-F5_DEPRESSIO","Body mass index || id:ieu-a-95","Inverse variance weighted","27",0.0653802819963124,0.0312587526089498,0.0364758161259964
"ieu-b-102","finn-b-F5_DEPRESSIO","Depression || id:finn-b-F5_DEPRESSIO","Major depression || id:ieu-b-102","Inverse variance weighted","164",0.49414988890024,0.0463424713503797,1.51621941074633e-26
"ieu-b-18","finn-b-F5_DEPRESSIO","Depression || id:finn-b-F5_DEPRESSIO","multiple sclerosis || id:ieu-b-18","Inverse variance weighted","116",-0.0193195264605653,0.00806155968376464,0.0165525008901796
"ieu-b-31","finn-b-F5_DEPRESSIO","Depression || id:finn-b-F5_DEPRESSIO","monocyte cell count || id:ieu-b-31","Inverse variance weighted","612",-0.0565933470021038,0.0217520663776233,0.00927505766849012
"ieu-b-38","finn-b-F5_DEPRESSIO","Depression || id:finn-b-F5_DEPRESSIO","systolic blood pressure || id:ieu-b-38","Inverse variance weighted","598",0.00420355815688003,0.0020091562999912,0.0364205686030261
"ieu-b-39","finn-b-F5_DEPRESSIO","Depression || id:finn-b-F5_DEPRESSIO","diastolic blood pressure || id:ieu-b-39","Inverse variance weighted","599",0.00886139329607671,0.00349977253659715,0.0113416834719046
"ieu-b-41","finn-b-F5_DEPRESSIO","Depression || id:finn-b-F5_DEPRESSIO","bipolar disorder || id:ieu-b-41","Inverse variance weighted","101",0.0673869133770678,0.0183890800698635,0.000247815423787951
"ieu-b-42","finn-b-F5_DEPRESSIO","Depression || id:finn-b-F5_DEPRESSIO","schizophrenia || id:ieu-b-42","Inverse variance weighted","215",0.0910896998185678,0.0142354247550117,1.56598203460442e-10
"ieu-b-4877","finn-b-F5_DEPRESSIO","Depression || id:finn-b-F5_DEPRESSIO","smoking initiation || id:ieu-b-4877","Inverse variance weighted","216",0.246049367287891,0.0437686210157804,1.89204752916056e-08
"ieu-b-4879","finn-b-F5_DEPRESSIO","Depression || id:finn-b-F5_DEPRESSIO","telomere length || id:ieu-b-4879","Inverse variance weighted","215",-0.104877503499557,0.0439916054904948,0.0171239987273396
"ieu-b-4959","finn-b-F5_DEPRESSIO","Depression || id:finn-b-F5_DEPRESSIO","Malignant non-melanoma skin cancer || id:ieu-b-4959","Inverse variance weighted","117",-0.741986697250406,0.262472058485015,0.00469985228374915
"ieu-b-5065","finn-b-F5_DEPRESSIO","Depression || id:finn-b-F5_DEPRESSIO","UTI || id:ieu-b-5065","Inverse variance weighted","17",0.150608208336699,0.0571025501148122,0.00835186233100824
"ieu-b-5102","finn-b-F5_DEPRESSIO","Depression || id:finn-b-F5_DEPRESSIO","Schizophrenia || id:ieu-b-5102","Inverse variance weighted","328",0.11250142541391,0.0148084077905943,3.02766187894851e-14
"ieu-b-5110","finn-b-F5_DEPRESSIO","Depression || id:finn-b-F5_DEPRESSIO","Bipolar disorder bip2021 || id:ieu-b-5110","Inverse variance weighted","159",0.124671799103126,0.0221991476422299,1.9535809840826e-08
"ieu-b-96","finn-b-F5_DEPRESSIO","Depression || id:finn-b-F5_DEPRESSIO","Oropharyngeal cancer || id:ieu-b-96","Inverse variance weighted","13",0.0218985474006637,0.0105045978331927,0.0370998930935216
"met-a-319","finn-b-F5_DEPRESSIO","Depression || id:finn-b-F5_DEPRESSIO","Arachidonate (20:4n6) || id:met-a-319","Inverse variance weighted","11",-0.48921961017848,0.184985854784055,0.008177967328218
"met-a-331","finn-b-F5_DEPRESSIO","Depression || id:finn-b-F5_DEPRESSIO","Stearate (18:0) || id:met-a-331","Inverse variance weighted","26",-0.569767603176938,0.248578899454996,0.0218998948208605
"met-a-343","finn-b-F5_DEPRESSIO","Depression || id:finn-b-F5_DEPRESSIO","Guanosine || id:met-a-343","Inverse variance weighted","8",0.246915053673434,0.0947559822688211,0.00916602053129028
"met-a-345","finn-b-F5_DEPRESSIO","Depression || id:finn-b-F5_DEPRESSIO","Urate || id:met-a-345","Inverse variance weighted","9",-0.761410947407461,0.32387072123042,0.0187244505473819
"met-a-370","finn-b-F5_DEPRESSIO","Depression || id:finn-b-F5_DEPRESSIO","X-02973 || id:met-a-370","Inverse variance weighted","16",1.05637723084608,0.505375257764151,0.0365923995069716
"finn-b-CD2_BENIGN_COLON_NOS_EXALLC","finn-b-F5_DEPRESSIO","Depression || id:finn-b-F5_DEPRESSIO","\Benign neoplasm: Colon, unspecified\ (all cancers excluded) || id:finn-b-CD2_BENIGN_COLON_NOS_EXALLC","Inverse variance weighted","10",-0.0601838188541448,0.0267361402420901,0.0243837200501727
"met-a-412","finn-b-F5_DEPRESSIO","Depression || id:finn-b-F5_DEPRESSIO","X-06246 || id:met-a-412","Inverse variance weighted","13",0.467823878975783,0.219274575344976,0.0328831440075488
"met-a-433","finn-b-F5_DEPRESSIO","Depression || id:finn-b-F5_DEPRESSIO","Levulinate (4-oxovalerate) || id:met-a-433","Inverse variance weighted","22",-0.909223238893839,0.256052018336869,0.000383869962428112
"met-a-439","finn-b-F5_DEPRESSIO","Depression || id:finn-b-F5_DEPRESSIO","X-09706 || id:met-a-439","Inverse variance weighted","10",0.650270793564103,0.261777816130609,0.0129895325192181
"met-a-449","finn-b-F5_DEPRESSIO","Depression || id:finn-b-F5_DEPRESSIO","N-acetylglycine || id:met-a-449","Inverse variance weighted","7",0.228045316692458,0.0975954748192163,0.0194580033164526
"met-a-462","finn-b-F5_DEPRESSIO","Depression || id:finn-b-F5_DEPRESSIO","3-(4-hydroxyphenyl)lactate || id:met-a-462","Inverse variance weighted","13",0.667201238081639,0.234175874749846,0.00438367699464752
"met-a-470","finn-b-F5_DEPRESSIO","Depression || id:finn-b-F5_DEPRESSIO","Glycochenodeoxycholate || id:met-a-470","Inverse variance weighted","9",0.179581328623292,0.0757972818338719,0.0178250790831608
"met-a-497","finn-b-F5_DEPRESSIO","Depression || id:finn-b-F5_DEPRESSIO","1-linoleoylglycerophosphoethanolamine* || id:met-a-497","Inverse variance weighted","8",0.687265330036623,0.172151291081633,6.54583988765748e-05
"met-a-511","finn-b-F5_DEPRESSIO","Depression || id:finn-b-F5_DEPRESSIO","X-11437 || id:met-a-511","Inverse variance weighted","7",-0.122859679775271,0.0603501778066974,0.0417724602701754
"met-a-525","finn-b-F5_DEPRESSIO","Depression || id:finn-b-F5_DEPRESSIO","X-11497 || id:met-a-525","Inverse variance weighted","5",-0.928867632626142,0.472927872604763,0.0495209484107132
"met-a-552","finn-b-F5_DEPRESSIO","Depression || id:finn-b-F5_DEPRESSIO","X-11849 || id:met-a-552","Inverse variance weighted","7",-0.121436691478128,0.0607763464512808,0.0457067585212436
"met-a-567","finn-b-F5_DEPRESSIO","Depression || id:finn-b-F5_DEPRESSIO","X-12039 || id:met-a-567","Inverse variance weighted","12",0.175362644212955,0.0698607946121909,0.0120672203879577
"met-a-582","finn-b-F5_DEPRESSIO","Depression || id:finn-b-F5_DEPRESSIO","X-12094 || id:met-a-582","Inverse variance weighted","5",0.608405839049276,0.24179696814588,0.011863298439853
"finn-b-AB1_OTHER_BACTERIAL","finn-b-F5_DEPRESSIO","Depression || id:finn-b-F5_DEPRESSIO","Other bacterial diseases || id:finn-b-AB1_OTHER_BACTERIAL","Inverse variance weighted","14",0.153323333734309,0.0539844223264179,0.00450936954438339
"met-a-588","finn-b-F5_DEPRESSIO","Depression || id:finn-b-F5_DEPRESSIO","X-12189 || id:met-a-588","Inverse variance weighted","20",-0.0472753947951844,0.023233300667007,0.0418698113702412
"met-a-600","finn-b-F5_DEPRESSIO","Depression || id:finn-b-F5_DEPRESSIO","X-10346 || id:met-a-600","Inverse variance weighted","9",0.111287902850509,0.0504002117787941,0.0272384158896321
"met-a-606","finn-b-F5_DEPRESSIO","Depression || id:finn-b-F5_DEPRESSIO","X-12428 || id:met-a-606","Inverse variance weighted","2",-0.384528381215481,0.195047457057045,0.0486712127567165
"met-a-633","finn-b-F5_DEPRESSIO","Depression || id:finn-b-F5_DEPRESSIO","X-12556 || id:met-a-633","Inverse variance weighted","13",-0.541115240226067,0.220076352500938,0.0139417241205574
"met-a-643","finn-b-F5_DEPRESSIO","Depression || id:finn-b-F5_DEPRESSIO","X-12717 || id:met-a-643","Inverse variance weighted","4",-0.212489530770446,0.0935251495007783,0.0230862577547478
"met-a-671","finn-b-F5_DEPRESSIO","Depression || id:finn-b-F5_DEPRESSIO","X-12990--docosapentaenoic acid (n6-DPA) || id:met-a-671","Inverse variance weighted","6",-0.368776612282521,0.159097504954975,0.0204532170557415
"met-a-702","finn-b-F5_DEPRESSIO","Depression || id:finn-b-F5_DEPRESSIO","2-tetradecenoyl carnitine || id:met-a-702","Inverse variance weighted","11",0.240692827062329,0.114009700406802,0.0347584803078497
"met-a-731","finn-b-F5_DEPRESSIO","Depression || id:finn-b-F5_DEPRESSIO","X-14658 || id:met-a-731","Inverse variance weighted","7",-0.286659267911926,0.128905553574579,0.0261623744791118
"met-b-128","finn-b-F5_DEPRESSIO","Depression || id:finn-b-F5_DEPRESSIO","B:%Mature || id:met-b-128","Inverse variance weighted","2",0.233992715726276,0.0625373489811017,0.00018281782353854
"met-b-152","finn-b-F5_DEPRESSIO","Depression || id:finn-b-F5_DEPRESSIO","CD56 on NK eff || id:met-b-152","Inverse variance weighted","4",0.193517625125887,0.0787470648387017,0.0139924068892303
"met-b-156","finn-b-F5_DEPRESSIO","Depression || id:finn-b-F5_DEPRESSIO","CD39 on CD4 T || id:met-b-156","Inverse variance weighted","12",-0.0765557378374734,0.0332769464015085,0.0214162999066584
"met-b-159","finn-b-F5_DEPRESSIO","Depression || id:finn-b-F5_DEPRESSIO","CD123 on 11c+123+DC || id:met-b-159","Inverse variance weighted","49",0.0360327407622185,0.0171455526118658,0.0355901329272874
"finn-b-CD2_BENIGN_LEIOMYOMA_UTERI","finn-b-F5_DEPRESSIO","Depression || id:finn-b-F5_DEPRESSIO","Leiomyoma of uterus || id:finn-b-CD2_BENIGN_LEIOMYOMA_UTERI","Inverse variance weighted","81",0.0400311788029073,0.0181145836101676,0.0271130211190937
"met-b-211","finn-b-F5_DEPRESSIO","Depression || id:finn-b-F5_DEPRESSIO","CD4mem:%cFTH (1) || id:met-b-211","Inverse variance weighted","10",-0.0949551278125296,0.0397684786558582,0.016954254718672
"met-b-247","finn-b-F5_DEPRESSIO","Depression || id:finn-b-F5_DEPRESSIO","NKeff:%314-R7- || id:met-b-247","Inverse variance weighted","11",-0.0574172961934598,0.0270565846327534,0.0338277342462874
"met-c-842","finn-b-F5_DEPRESSIO","Depression || id:finn-b-F5_DEPRESSIO","Apolipoprotein A-I || id:met-c-842","Inverse variance weighted","27",-0.0640655585056709,0.0294237484122939,0.0294550716171166
"met-c-845","finn-b-F5_DEPRESSIO","Depression || id:finn-b-F5_DEPRESSIO","Ratio of bisallylic groups to total fatty acids || id:met-c-845","Inverse variance weighted","20",-0.0513623882431626,0.0254266316300218,0.0433809711166234
"met-c-847","finn-b-F5_DEPRESSIO","Depression || id:finn-b-F5_DEPRESSIO","Average number of methylene groups per double bond || id:met-c-847","Inverse variance weighted","17",0.0616885949378593,0.0264920096676938,0.0198816647578614
"met-c-848","finn-b-F5_DEPRESSIO","Depression || id:finn-b-F5_DEPRESSIO","Average number of methylene groups in a fatty acid chain || id:met-c-848","Inverse variance weighted","14",0.0687411205241768,0.0328637342032523,0.0364652306232369
"met-c-898","finn-b-F5_DEPRESSIO","Depression || id:finn-b-F5_DEPRESSIO","Total cholesterol in medium HDL || id:met-c-898","Inverse variance weighted","18",-0.0967997283245322,0.0398588934882554,0.015158902004425
"met-c-899","finn-b-F5_DEPRESSIO","Depression || id:finn-b-F5_DEPRESSIO","Cholesterol esters in medium HDL || id:met-c-899","Inverse variance weighted","22",-0.0746446856408872,0.0350345295862914,0.0331218344405001
"met-c-900","finn-b-F5_DEPRESSIO","Depression || id:finn-b-F5_DEPRESSIO","Free cholesterol in medium HDL || id:met-c-900","Inverse variance weighted","21",-0.0938316492520532,0.0380850559236368,0.0137496075828178
"met-c-901","finn-b-F5_DEPRESSIO","Depression || id:finn-b-F5_DEPRESSIO","Total lipids in medium HDL || id:met-c-901","Inverse variance weighted","14",-0.0981036901362291,0.0448659888367615,0.0287721950616224
"met-c-903","finn-b-F5_DEPRESSIO","Depression || id:finn-b-F5_DEPRESSIO","Phospholipids in medium HDL || id:met-c-903","Inverse variance weighted","22",-0.0927712266393508,0.0382115353948297,0.0151893355710775
"finn-b-CD2_BENIGN_LIVER","finn-b-F5_DEPRESSIO","Depression || id:finn-b-F5_DEPRESSIO","Benign neoplasm: Liver || id:finn-b-CD2_BENIGN_LIVER","Inverse variance weighted","6",0.0192632100955163,0.0089668971258399,0.0316932511630201
"finn-b-CD2_BENIGN_LIVER_EXALLC","finn-b-F5_DEPRESSIO","Depression || id:finn-b-F5_DEPRESSIO","Benign neoplasm: Liver (all cancers excluded) || id:finn-b-CD2_BENIGN_LIVER_EXALLC","Inverse variance weighted","6",0.0192317413119099,0.00901493887609962,0.0328985582319398
"met-d-DHA","finn-b-F5_DEPRESSIO","Depression || id:finn-b-F5_DEPRESSIO","Docosahexaenoic acid || id:met-d-DHA","Inverse variance weighted","80",-0.0644063158524096,0.0296764347699316,0.0299852759739477
"met-d-DHA_pct","finn-b-F5_DEPRESSIO","Depression || id:finn-b-F5_DEPRESSIO","Ratio of docosahexaenoic acid to total fatty acids || id:met-d-DHA_pct","Inverse variance weighted","69",-0.0749289667365506,0.0357031143110953,0.0358462188514721
"met-d-IDL_FC_pct","finn-b-F5_DEPRESSIO","Depression || id:finn-b-F5_DEPRESSIO","Free cholesterol to total lipids ratio in IDL || id:met-d-IDL_FC_pct","Inverse variance weighted","88",-0.0849293488185834,0.0369470697523014,0.0215233346404966
"met-d-M_LDL_C_pct","finn-b-F5_DEPRESSIO","Depression || id:finn-b-F5_DEPRESSIO","Cholesterol to total lipids ratio in medium LDL || id:met-d-M_LDL_C_pct","Inverse variance weighted","56",-0.10817508112606,0.0432021078911414,0.0122822113710533
"met-d-Omega_3","finn-b-F5_DEPRESSIO","Depression || id:finn-b-F5_DEPRESSIO","Omega-3 fatty acids || id:met-d-Omega_3","Inverse variance weighted","87",-0.0647883572014689,0.0253107369236797,0.0104757031277031
"met-d-Omega_3_pct","finn-b-F5_DEPRESSIO","Depression || id:finn-b-F5_DEPRESSIO","Ratio of omega-3 fatty acids to total fatty acids || id:met-d-Omega_3_pct","Inverse variance weighted","71",-0.0821787634235728,0.0351919616179233,0.0195352088020995
"met-d-Omega_6_by_Omega_3","finn-b-F5_DEPRESSIO","Depression || id:finn-b-F5_DEPRESSIO","Ratio of omega-6 fatty acids to omega-3 fatty acids || id:met-d-Omega_6_by_Omega_3","Inverse variance weighted","71",0.060328532232331,0.0255512058762186,0.0182216241554647
"met-d-Pyruvate","finn-b-F5_DEPRESSIO","Depression || id:finn-b-F5_DEPRESSIO","Pyruvate || id:met-d-Pyruvate","Inverse variance weighted","42",0.11990359953969,0.0557102790317035,0.0313760425139813
"met-d-XL_VLDL_TG_pct","finn-b-F5_DEPRESSIO","Depression || id:finn-b-F5_DEPRESSIO","Triglycerides to total lipids ratio in very large VLDL || id:met-d-XL_VLDL_TG_pct","Inverse variance weighted","114",0.0749074980756988,0.0342338029201621,0.028661225699722
"prot-a-1003","finn-b-F5_DEPRESSIO","Depression || id:finn-b-F5_DEPRESSIO","Exostosin-like 2 || id:prot-a-1003","Inverse variance weighted","10",0.0540532199766324,0.0239175321456778,0.0238222957564829
"prot-a-1033","finn-b-F5_DEPRESSIO","Depression || id:finn-b-F5_DEPRESSIO","Protein FAM173A || id:prot-a-1033","Inverse variance weighted","17",0.047299187863948,0.0206149884694868,0.0217670924416661
"prot-a-1036","finn-b-F5_DEPRESSIO","Depression || id:finn-b-F5_DEPRESSIO","BRISC complex subunit Abro1 || id:prot-a-1036","Inverse variance weighted","14",-0.0557760217547048,0.0253392197986999,0.0277237362331825
"prot-a-1050","finn-b-F5_DEPRESSIO","Depression || id:finn-b-F5_DEPRESSIO","Protein FAM3B || id:prot-a-1050","Inverse variance weighted","20",-0.038252503754312,0.0157012622670074,0.0148396306409884
"prot-a-106","finn-b-F5_DEPRESSIO","Depression || id:finn-b-F5_DEPRESSIO","Annexin A10 || id:prot-a-106","Inverse variance weighted","15",0.050393994281273,0.020776916655156,0.0152881611940707
"prot-a-1067","finn-b-F5_DEPRESSIO","Depression || id:finn-b-F5_DEPRESSIO","F-box/LRR-repeat protein 4 || id:prot-a-1067","Inverse variance weighted","13",0.0577540216037096,0.0271742745680972,0.0335599439296405
"finn-b-CD2_BENIGN_NASOPHARYNX","finn-b-F5_DEPRESSIO","Depression || id:finn-b-F5_DEPRESSIO","Benign neoplasm: Nasopharynx || id:finn-b-CD2_BENIGN_NASOPHARYNX","Inverse variance weighted","9",-0.00976780720302367,0.00496932472786213,0.0493424492301972
"prot-a-1087","finn-b-F5_DEPRESSIO","Depression || id:finn-b-F5_DEPRESSIO","Fibroblast growth factor 10 || id:prot-a-1087","Inverse variance weighted","8",-0.122475872887441,0.0400230515361275,0.00221238497199277
"prot-a-1096","finn-b-F5_DEPRESSIO","Depression || id:finn-b-F5_DEPRESSIO","Fibroblast growth factor 6 || id:prot-a-1096","Inverse variance weighted","9",-0.0780299331080412,0.031358044630457,0.0128335719422666
"prot-a-1109","finn-b-F5_DEPRESSIO","Depression || id:finn-b-F5_DEPRESSIO","Polyphosphoinositide phosphatase || id:prot-a-1109","Inverse variance weighted","9",0.0710566241377229,0.0336850240296908,0.0349063970382115
"prot-a-1117","finn-b-F5_DEPRESSIO","Depression || id:finn-b-F5_DEPRESSIO","Filamin-A || id:prot-a-1117","Inverse variance weighted","9",0.0787445418934726,0.0255301046972527,0.00203976943645611
"prot-a-1124","finn-b-F5_DEPRESSIO","Depression || id:finn-b-F5_DEPRESSIO","Leucine-rich repeat transmembrane protein FLRT3 || id:prot-a-1124","Inverse variance weighted","18",0.0411602633852257,0.0187876742211034,0.0284653950676053
"prot-a-1128","finn-b-F5_DEPRESSIO","Depression || id:finn-b-F5_DEPRESSIO","Fms-related tyrosine kinase 3 ligand || id:prot-a-1128","Inverse variance weighted","11",0.0637534965282176,0.0257948305270006,0.0134524607374988
"prot-a-1139","finn-b-F5_DEPRESSIO","Depression || id:finn-b-F5_DEPRESSIO","Tyrosine-protein kinase FRK || id:prot-a-1139","Inverse variance weighted","15",0.0645009662125207,0.0232188272310545,0.00547014030259935
"prot-a-1144","finn-b-F5_DEPRESSIO","Depression || id:finn-b-F5_DEPRESSIO","Follistatin-related protein 1 || id:prot-a-1144","Inverse variance weighted","12",-0.0531545181109348,0.0254042118926323,0.0364071639890702
"finn-b-CD2_BENIGN_OTHER_NOS","finn-b-F5_DEPRESSIO","Depression || id:finn-b-F5_DEPRESSIO","Benign neoplasm of other and unspecified sites || id:finn-b-CD2_BENIGN_OTHER_NOS","Inverse variance weighted","15",0.0222271337200319,0.00813469727009991,0.00628774086253186
"prot-a-1179","finn-b-F5_DEPRESSIO","Depression || id:finn-b-F5_DEPRESSIO","Vitamin D-binding protein || id:prot-a-1179","Inverse variance weighted","11",0.031820830011107,0.0139162374254966,0.0222193428175095
"finn-b-CD2_BENIGN_OTHER_NOS_EXALLC","finn-b-F5_DEPRESSIO","Depression || id:finn-b-F5_DEPRESSIO","Benign neoplasm of other and unspecified sites (all cancers excluded) || id:finn-b-CD2_BENIGN_OTHER_NOS_EXALLC","Inverse variance weighted","16",0.0222894282700538,0.00763617801386215,0.00351241108427745
"prot-a-1188","finn-b-F5_DEPRESSIO","Depression || id:finn-b-F5_DEPRESSIO","Beta-1,3-galactosyl-O-glycosyl-glycoprotein beta-1,6-N-acetylglucosaminyltransferase 4 || id:prot-a-1188","Inverse variance weighted","14",0.0515661999874473,0.0252310786597553,0.0409775341597539
"prot-a-1248","finn-b-F5_DEPRESSIO","Depression || id:finn-b-F5_DEPRESSIO","Glypican-6 || id:prot-a-1248","Inverse variance weighted","15",-0.0654301303800896,0.029411026514976,0.0261027097602083
"prot-a-1263","finn-b-F5_DEPRESSIO","Depression || id:finn-b-F5_DEPRESSIO","G-protein coupled receptor 26 || id:prot-a-1263","Inverse variance weighted","12",0.0556408608547994,0.0217560681152753,0.0105431505940672
"prot-a-1272","finn-b-F5_DEPRESSIO","Depression || id:finn-b-F5_DEPRESSIO","Growth factor receptor-bound protein 7 || id:prot-a-1272","Inverse variance weighted","15",0.0516293527636274,0.0209954137857015,0.0139294486893663
"prot-a-1320","finn-b-F5_DEPRESSIO","Depression || id:finn-b-F5_DEPRESSIO","Histone deacetylase 8 || id:prot-a-1320","Inverse variance weighted","11",0.0649868689109665,0.0261590230377953,0.0129806289750416
"prot-a-1354","finn-b-F5_DEPRESSIO","Depression || id:finn-b-F5_DEPRESSIO","3-hydroxy-3-methylglutaryl-coenzyme A reductase || id:prot-a-1354","Inverse variance weighted","11",0.0636838085945962,0.0283496385119943,0.0246802479814133
"prot-a-1373","finn-b-F5_DEPRESSIO","Depression || id:finn-b-F5_DEPRESSIO","Activator of apoptosis harakiri || id:prot-a-1373","Inverse variance weighted","8",-0.0700798776995257,0.0321132897864695,0.0290895915311721
"prot-a-1376","finn-b-F5_DEPRESSIO","Depression || id:finn-b-F5_DEPRESSIO","Heparan sulfate glucosamine 3-O-sulfotransferase 3B1 || id:prot-a-1376","Inverse variance weighted","10",0.0620167509353372,0.030944154351156,0.0450539117062025
"prot-a-1402","finn-b-F5_DEPRESSIO","Depression || id:finn-b-F5_DEPRESSIO","Intercellular adhesion molecule 5 || id:prot-a-1402","Inverse variance weighted","16",0.0250585013606924,0.0121725664054714,0.0395321304458818
"prot-a-1418","finn-b-F5_DEPRESSIO","Depression || id:finn-b-F5_DEPRESSIO","Interferon alpha-10 || id:prot-a-1418","Inverse variance weighted","11",-0.0677078547153682,0.0302539866604279,0.0252222782381796
"prot-a-1429","finn-b-F5_DEPRESSIO","Depression || id:finn-b-F5_DEPRESSIO","Interferon gamma || id:prot-a-1429","Inverse variance weighted","15",-0.0538459867380649,0.0233658663195817,0.0211961574476371
"prot-a-1438","finn-b-F5_DEPRESSIO","Depression || id:finn-b-F5_DEPRESSIO","Interferon omega-1 || id:prot-a-1438","Inverse variance weighted","12",-0.0520049384484999,0.0216746813584446,0.0164246385047885
"prot-a-1453","finn-b-F5_DEPRESSIO","Depression || id:finn-b-F5_DEPRESSIO","Insulin growth factor-like family member 3 || id:prot-a-1453","Inverse variance weighted","19",0.0468910093799494,0.0198815360712399,0.0183479488752283
"prot-a-1487","finn-b-F5_DEPRESSIO","Depression || id:finn-b-F5_DEPRESSIO","Interleukin-17 receptor B || id:prot-a-1487","Inverse variance weighted","16",-0.0624391647263135,0.0295618422990357,0.0346732388904128
"finn-b-CD2_BENIGN_SKIN_EXALLC","finn-b-F5_DEPRESSIO","Depression || id:finn-b-F5_DEPRESSIO","Other benign neoplasms of skin (all cancers excluded) || id:finn-b-CD2_BENIGN_SKIN_EXALLC","Inverse variance weighted","12",-0.0908131926127949,0.0422889830549292,0.0317580079369799
"prot-a-1518","finn-b-F5_DEPRESSIO","Depression || id:finn-b-F5_DEPRESSIO","Interleukin-2 receptor subunit alpha || id:prot-a-1518","Inverse variance weighted","8",0.0992453476930351,0.0348864940824429,0.00444383192561111
"prot-a-156","finn-b-F5_DEPRESSIO","Depression || id:finn-b-F5_DEPRESSIO","Rho guanine nucleotide exchange factor 2 || id:prot-a-156","Inverse variance weighted","10",0.0679245473591469,0.0306593234774907,0.0267284117603714
"prot-a-1589","finn-b-F5_DEPRESSIO","Depression || id:finn-b-F5_DEPRESSIO","Integral membrane protein 2A || id:prot-a-1589","Inverse variance weighted","10",0.0855180135216591,0.0246628824680711,0.000525365861424448
"prot-a-160","finn-b-F5_DEPRESSIO","Depression || id:finn-b-F5_DEPRESSIO","ADP-ribosylation factor-like protein 11 || id:prot-a-160","Inverse variance weighted","7",0.0778191792978252,0.0257258270758864,0.00248679389424106
"prot-a-1620","finn-b-F5_DEPRESSIO","Depression || id:finn-b-F5_DEPRESSIO","BTB/POZ domain-containing protein KCTD5 || id:prot-a-1620","Inverse variance weighted","12",0.0602559838569977,0.024659276860918,0.0145438682032868
"finn-b-CD2_BENIGN_SMALL_INTESTINE_EXALLC","finn-b-F5_DEPRESSIO","Depression || id:finn-b-F5_DEPRESSIO","Benign neoplasm: Small intestine (all cancers excluded) || id:finn-b-CD2_BENIGN_SMALL_INTESTINE_EXALLC","Inverse variance weighted","8",0.0309533600331106,0.0117322172914101,0.00833175732910523
"prot-a-1660","finn-b-F5_DEPRESSIO","Depression || id:finn-b-F5_DEPRESSIO","Kallikrein-15 || id:prot-a-1660","Inverse variance weighted","9",-0.0671937804482835,0.0316416186988318,0.0337045604505921
"prot-a-168","finn-b-F5_DEPRESSIO","Depression || id:finn-b-F5_DEPRESSIO","cAMP-regulated phosphoprotein 21 || id:prot-a-168","Inverse variance weighted","16",0.0513364691479269,0.0214693855415133,0.0167958003276538
"prot-a-1686","finn-b-F5_DEPRESSIO","Depression || id:finn-b-F5_DEPRESSIO","Keratin, type II cytoskeletal 7 || id:prot-a-1686","Inverse variance weighted","8",0.0710161861718566,0.0313582759708203,0.0235328607527996
"prot-a-1697","finn-b-F5_DEPRESSIO","Depression || id:finn-b-F5_DEPRESSIO","Laminin subunit gamma-2 || id:prot-a-1697","Inverse variance weighted","12",0.0349830497066736,0.0145308456151914,0.0160620444806128
"prot-a-170","finn-b-F5_DEPRESSIO","Depression || id:finn-b-F5_DEPRESSIO","Arrestin domain-containing protein 3 || id:prot-a-170","Inverse variance weighted","9",-0.0613693683935261,0.028178390632269,0.0294144036683013
"prot-a-1702","finn-b-F5_DEPRESSIO","Depression || id:finn-b-F5_DEPRESSIO","Linker for activation of T-cells family member 2 || id:prot-a-1702","Inverse variance weighted","8",0.104268754641424,0.0374747419938442,0.00539627839995476
"prot-a-1707","finn-b-F5_DEPRESSIO","Depression || id:finn-b-F5_DEPRESSIO","Epididymal-specific lipocalin-10 || id:prot-a-1707","Inverse variance weighted","17",0.0416270019148141,0.0185696840057516,0.0249830621457544
"prot-a-171","finn-b-F5_DEPRESSIO","Depression || id:finn-b-F5_DEPRESSIO","Arylsulfatase A || id:prot-a-171","Inverse variance weighted","15",-0.0579172898497682,0.0284111098117991,0.0414955858072613
"prot-a-1766","finn-b-F5_DEPRESSIO","Depression || id:finn-b-F5_DEPRESSIO","Leucine-rich repeat and calponin homology domain-containing protein 4 || id:prot-a-1766","Inverse variance weighted","14",0.0825038407723173,0.0221252617541998,0.000192284607786776
"prot-a-1768","finn-b-F5_DEPRESSIO","Depression || id:finn-b-F5_DEPRESSIO","Leucine-rich repeat and fibronectin type III domain-containing protein 1 || id:prot-a-1768","Inverse variance weighted","15",0.0441995512916964,0.0213389894229153,0.0383303206847164
"prot-a-1790","finn-b-F5_DEPRESSIO","Depression || id:finn-b-F5_DEPRESSIO","Leucine-rich repeat-containing protein 74A || id:prot-a-1790","Inverse variance weighted","12",0.0564183559512171,0.0239836463746707,0.0186543225706361
"prot-a-1791","finn-b-F5_DEPRESSIO","Depression || id:finn-b-F5_DEPRESSIO","Leucine-rich repeat serine/threonine-protein kinase 2 || id:prot-a-1791","Inverse variance weighted","21",0.0561652575600426,0.0170865956048432,0.00101226792552916
"prot-a-1807","finn-b-F5_DEPRESSIO","Depression || id:finn-b-F5_DEPRESSIO","Tumor necrosis factor receptor superfamily member 3 || id:prot-a-1807","Inverse variance weighted","10",0.0535936595324565,0.0247023761558887,0.030039051501418
"prot-a-1820","finn-b-F5_DEPRESSIO","Depression || id:finn-b-F5_DEPRESSIO","LysM and putative peptidoglycan-binding domain-containing protein 4 || id:prot-a-1820","Inverse variance weighted","14",0.0504553261351527,0.0243457328090608,0.0382234479741807
"prot-a-1823","finn-b-F5_DEPRESSIO","Depression || id:finn-b-F5_DEPRESSIO","Cation-dependent mannose-6-phosphate receptor || id:prot-a-1823","Inverse variance weighted","14",0.0472183404854173,0.0184631528684549,0.0105446817284251
"prot-a-1866","finn-b-F5_DEPRESSIO","Depression || id:finn-b-F5_DEPRESSIO","Guanine nucleotide exchange factor DBS || id:prot-a-1866","Inverse variance weighted","10",-0.0555964337669953,0.0268046537343734,0.0380669019924772
"prot-a-1871","finn-b-F5_DEPRESSIO","Depression || id:finn-b-F5_DEPRESSIO","Midkine || id:prot-a-1871","Inverse variance weighted","13",-0.0707809437156283,0.027096658925139,0.00899708230921858
"prot-a-1922","finn-b-F5_DEPRESSIO","Depression || id:finn-b-F5_DEPRESSIO","Multimerin-2 || id:prot-a-1922","Inverse variance weighted","15",0.0284158296888733,0.0120467419653564,0.0183342374636018
"prot-a-1926","finn-b-F5_DEPRESSIO","Depression || id:finn-b-F5_DEPRESSIO","Adenylyltransferase and sulfurtransferase MOCS3 || id:prot-a-1926","Inverse variance weighted","14",0.0544189121480883,0.0269602759662275,0.04354077668983
"prot-a-1937","finn-b-F5_DEPRESSIO","Depression || id:finn-b-F5_DEPRESSIO","Macrophage mannose receptor 1 || id:prot-a-1937","Inverse variance weighted","13",0.0347972264437817,0.0167737199451585,0.0380320999859354
"prot-a-1948","finn-b-F5_DEPRESSIO","Depression || id:finn-b-F5_DEPRESSIO","Mesothelin || id:prot-a-1948","Inverse variance weighted","11",0.0695516792494728,0.0269486065126994,0.00985429026828528
"prot-a-1957","finn-b-F5_DEPRESSIO","Depression || id:finn-b-F5_DEPRESSIO","Growth/differentiation factor 8 || id:prot-a-1957","Inverse variance weighted","11",-0.0974958596022997,0.032283401694477,0.0025277503492253
"prot-a-1961","finn-b-F5_DEPRESSIO","Depression || id:finn-b-F5_DEPRESSIO","Mitochondrial fission regulator 1 || id:prot-a-1961","Inverse variance weighted","9",-0.0585558005835472,0.0290079192123267,0.0435273233851753
"prot-a-1969","finn-b-F5_DEPRESSIO","Depression || id:finn-b-F5_DEPRESSIO","Mitochondrial ubiquitin ligase activator of NFKB 1 || id:prot-a-1969","Inverse variance weighted","11",-0.0562532250669804,0.0275789255843091,0.0413784422660428
"prot-a-1978","finn-b-F5_DEPRESSIO","Depression || id:finn-b-F5_DEPRESSIO","Myc proto-oncogene protein || id:prot-a-1978","Inverse variance weighted","12",0.0790810039325072,0.0302363548938005,0.00891157531738451
"finn-b-CD2_INSITU_BREAST_NOS","finn-b-F5_DEPRESSIO","Depression || id:finn-b-F5_DEPRESSIO","Carcinoma in situ of breast, other/unspecified || id:finn-b-CD2_INSITU_BREAST_NOS","Inverse variance weighted","9",0.0113374604786586,0.00559294179338825,0.0426520375383326
"prot-a-2010","finn-b-F5_DEPRESSIO","Depression || id:finn-b-F5_DEPRESSIO","Nucleolin || id:prot-a-2010","Inverse variance weighted","13",-0.0653302475405736,0.0268201613150591,0.0148562963308557
"prot-a-2018","finn-b-F5_DEPRESSIO","Depression || id:finn-b-F5_DEPRESSIO","Kinetochore protein NDC80 homolog || id:prot-a-2018","Inverse variance weighted","17",0.0543996720582261,0.022626827027113,0.0162074045116579
"prot-a-2021","finn-b-F5_DEPRESSIO","Depression || id:finn-b-F5_DEPRESSIO","Bifunctional heparan sulfate N-deacetylase/N-sulfotransferase 1 || id:prot-a-2021","Inverse variance weighted","15",0.0664566720548836,0.0221105411506458,0.00265008958794523
"prot-a-2034","finn-b-F5_DEPRESSIO","Depression || id:finn-b-F5_DEPRESSIO","Neuroepithelial cell-transforming gene 1 protein || id:prot-a-2034","Inverse variance weighted","15",0.0538874379711767,0.0229264685674731,0.0187509026384029
"prot-a-2049","finn-b-F5_DEPRESSIO","Depression || id:finn-b-F5_DEPRESSIO","Nidogen-1 || id:prot-a-2049","Inverse variance weighted","12",-0.069374428987007,0.0322767817985851,0.0316058607679784
"prot-a-206","finn-b-F5_DEPRESSIO","Depression || id:finn-b-F5_DEPRESSIO","Axin-2 || id:prot-a-206","Inverse variance weighted","13",0.0642402437784305,0.0222873887179974,0.00394710401572875
"prot-a-2062","finn-b-F5_DEPRESSIO","Depression || id:finn-b-F5_DEPRESSIO","NmrA-like family domain-containing protein 1 || id:prot-a-2062","Inverse variance weighted","12",-0.046996734993765,0.022795364599085,0.0392382632914762
"prot-a-2071","finn-b-F5_DEPRESSIO","Depression || id:finn-b-F5_DEPRESSIO","Epididymal secretory protein E1 || id:prot-a-2071","Inverse variance weighted","15",-0.0388937693294964,0.0137090477998413,0.00455271210223798
"prot-a-2087","finn-b-F5_DEPRESSIO","Depression || id:finn-b-F5_DEPRESSIO","Oxysterols receptor LXR-beta || id:prot-a-2087","Inverse variance weighted","17",0.0538040955764133,0.0174974654791141,0.00210527191613629
"prot-a-212","finn-b-F5_DEPRESSIO","Depression || id:finn-b-F5_DEPRESSIO","Beta-1,4-glucuronyltransferase 1 || id:prot-a-212","Inverse variance weighted","24",0.0251076638874687,0.0126686471236645,0.0474933309875172
"finn-b-CD2_INSITU_MELANOMA_FACE_EXALLC","finn-b-F5_DEPRESSIO","Depression || id:finn-b-F5_DEPRESSIO","Melanoma in situ of other and unspecified parts of face (all cancers excluded) || id:finn-b-CD2_INSITU_MELANOMA_FACE_EXALLC","Inverse variance weighted","7",-0.012022053143602,0.0060984470884607,0.0486861149617143
"prot-a-214","finn-b-F5_DEPRESSIO","Depression || id:finn-b-F5_DEPRESSIO","UDP-GlcNAc:betaGal beta-1,3-N-acetylglucosaminyltransferase 6 || id:prot-a-214","Inverse variance weighted","9",0.0754509727240366,0.0283060424898365,0.00768641067696004
"prot-a-2142","finn-b-F5_DEPRESSIO","Depression || id:finn-b-F5_DEPRESSIO","Ornithine decarboxylase || id:prot-a-2142","Inverse variance weighted","13",-0.0674819264912739,0.0262700349148085,0.0102057380893346
"prot-a-2165","finn-b-F5_DEPRESSIO","Depression || id:finn-b-F5_DEPRESSIO","Marginal zone B- and B1-cell-specific protein || id:prot-a-2165","Inverse variance weighted","8",0.0693899293020515,0.0339535734086249,0.040986071677002
"prot-a-2245","finn-b-F5_DEPRESSIO","Depression || id:finn-b-F5_DEPRESSIO","Platelet endothelial cell adhesion molecule || id:prot-a-2245","Inverse variance weighted","16",0.0455867323374454,0.0187251881107421,0.0149118035858925
"prot-a-2246","finn-b-F5_DEPRESSIO","Depression || id:finn-b-F5_DEPRESSIO","E3 ubiquitin-protein ligase pellino homolog 2 || id:prot-a-2246","Inverse variance weighted","11",0.0770090637730785,0.0308141888267005,0.0124494069706683
"prot-a-2254","finn-b-F5_DEPRESSIO","Depression || id:finn-b-F5_DEPRESSIO","Placenta growth factor || id:prot-a-2254","Inverse variance weighted","12",-0.0669588467488341,0.030757570129777,0.0294814975639816
"prot-a-2257","finn-b-F5_DEPRESSIO","Depression || id:finn-b-F5_DEPRESSIO","Peptidoglycan recognition protein 1 || id:prot-a-2257","Inverse variance weighted","19",0.067703887156467,0.0246229694680007,0.0059663836295631
"prot-a-2270","finn-b-F5_DEPRESSIO","Depression || id:finn-b-F5_DEPRESSIO","PIK3CA/PIK3R1 || id:prot-a-2270","Inverse variance weighted","10",-0.0671349098611603,0.0310047945364426,0.0303641549704907
"prot-a-2274","finn-b-F5_DEPRESSIO","Depression || id:finn-b-F5_DEPRESSIO","Serine/threonine-protein kinase pim-1 || id:prot-a-2274","Inverse variance weighted","13",-0.0682379717265079,0.0202331877755562,0.00074468421436641
"prot-a-2293","finn-b-F5_DEPRESSIO","Depression || id:finn-b-F5_DEPRESSIO","Urokinase plasminogen activator surface receptor || id:prot-a-2293","Inverse variance weighted","10",0.0637406312844047,0.0309110167227027,0.0392012228451983
"prot-a-2299","finn-b-F5_DEPRESSIO","Depression || id:finn-b-F5_DEPRESSIO","Pleckstrin homology domain-containing family A member 1 || id:prot-a-2299","Inverse variance weighted","10",-0.09042651891862,0.0374059842148973,0.0156303443139088
"finn-b-CD2_LEUKAEMIA_NAS","finn-b-F5_DEPRESSIO","Depression || id:finn-b-F5_DEPRESSIO","Leukaemia of unspecified cell type || id:finn-b-CD2_LEUKAEMIA_NAS","Inverse variance weighted","10",-0.00819914016843603,0.00393913047191499,0.0373918761102705
"prot-a-2324","finn-b-F5_DEPRESSIO","Depression || id:finn-b-F5_DEPRESSIO","DNA-directed RNA polymerases I and III subunit RPAC1 || id:prot-a-2324","Inverse variance weighted","17",0.0450328005637589,0.0193479753800527,0.0199376032923932
"prot-a-2330","finn-b-F5_DEPRESSIO","Depression || id:finn-b-F5_DEPRESSIO","NADPH--cytochrome P450 reductase || id:prot-a-2330","Inverse variance weighted","12",-0.0675690934752346,0.0240034074799051,0.00487803866585452
"prot-a-2335","finn-b-F5_DEPRESSIO","Depression || id:finn-b-F5_DEPRESSIO","Phosphatidate phosphatase PPAPDC1A || id:prot-a-2335","Inverse variance weighted","13",0.0553996138354229,0.0277862564266727,0.0461763717153963
"prot-a-2352","finn-b-F5_DEPRESSIO","Depression || id:finn-b-F5_DEPRESSIO","Pancreatic hormone || id:prot-a-2352","Inverse variance weighted","17",-0.0530169304141201,0.0210894012661683,0.0119399717367148
"prot-a-2356","finn-b-F5_DEPRESSIO","Depression || id:finn-b-F5_DEPRESSIO","Lysosomal Pro-X carboxypeptidase || id:prot-a-2356","Inverse variance weighted","19",0.0396350677806595,0.0189098606508942,0.0360821916184512
"prot-a-2402","finn-b-F5_DEPRESSIO","Depression || id:finn-b-F5_DEPRESSIO","Pregnancy-specific beta-1-glycoprotein 3 || id:prot-a-2402","Inverse variance weighted","12",0.0317894915973608,0.0146772825710644,0.0303190101414976
"prot-a-2415","finn-b-F5_DEPRESSIO","Depression || id:finn-b-F5_DEPRESSIO","26S proteasome non-ATPase regulatory subunit 11 || id:prot-a-2415","Inverse variance weighted","10",0.0664696998938867,0.0315252752051165,0.0349914436200951
"prot-a-2426","finn-b-F5_DEPRESSIO","Depression || id:finn-b-F5_DEPRESSIO","Prostaglandin-H2 D-isomerase || id:prot-a-2426","Inverse variance weighted","17",0.0421511993804522,0.0207684966038898,0.0423998665697693
"prot-a-243","finn-b-F5_DEPRESSIO","Depression || id:finn-b-F5_DEPRESSIO","Transcription factor TFIIIB component B'' homolog || id:prot-a-243","Inverse variance weighted","13",0.065885504336328,0.0243721017278727,0.00686513457077643
"prot-a-2438","finn-b-F5_DEPRESSIO","Depression || id:finn-b-F5_DEPRESSIO","Tyrosine-protein phosphatase non-receptor type 1 || id:prot-a-2438","Inverse variance weighted","12",0.0713410208110193,0.0284515015666683,0.012160211798969
"prot-a-2460","finn-b-F5_DEPRESSIO","Depression || id:finn-b-F5_DEPRESSIO","Peroxidasin-like protein || id:prot-a-2460","Inverse variance weighted","10",-0.0732231203455457,0.0316250006188448,0.0205934826185327
"prot-a-2477","finn-b-F5_DEPRESSIO","Depression || id:finn-b-F5_DEPRESSIO","Ras-related protein Rab-39B || id:prot-a-2477","Inverse variance weighted","11",0.0564961798649256,0.0262387371414232,0.0313061641980675
"prot-a-2478","finn-b-F5_DEPRESSIO","Depression || id:finn-b-F5_DEPRESSIO","Ras-related protein Rab-7b || id:prot-a-2478","Inverse variance weighted","11",0.0783443687399785,0.0296499505488268,0.00823425859715396
"finn-b-CHILDHOOD_ALLERGY","finn-b-F5_DEPRESSIO","Depression || id:finn-b-F5_DEPRESSIO","Childhood allergy (age < 16) || id:finn-b-CHILDHOOD_ALLERGY","Inverse variance weighted","17",0.0421773337931568,0.0180636290010802,0.0195470068954087
"prot-a-2485","finn-b-F5_DEPRESSIO","Depression || id:finn-b-F5_DEPRESSIO","DNA repair protein RAD51 homolog 1 || id:prot-a-2485","Inverse variance weighted","16",0.0539785497584738,0.0193488399127552,0.00527477140460502
"prot-a-2487","finn-b-F5_DEPRESSIO","Depression || id:finn-b-F5_DEPRESSIO","NKG2D ligand 4 || id:prot-a-2487","Inverse variance weighted","13",0.0788732931030507,0.0218716250706103,0.000310722517210435
"prot-a-252","finn-b-F5_DEPRESSIO","Depression || id:finn-b-F5_DEPRESSIO","Baculoviral IAP repeat-containing protein 5 || id:prot-a-252","Inverse variance weighted","11",0.0603283631989547,0.025854284963972,0.0196272126618201
"prot-a-2527","finn-b-F5_DEPRESSIO","Depression || id:finn-b-F5_DEPRESSIO","Rieske domain-containing protein || id:prot-a-2527","Inverse variance weighted","11",-0.0663139880206198,0.0280849706003965,0.0182163314209873
"prot-a-2536","finn-b-F5_DEPRESSIO","Depression || id:finn-b-F5_DEPRESSIO","Regulator of G-protein signaling 19 || id:prot-a-2536","Inverse variance weighted","13",0.058208912881547,0.0217756829488522,0.00751503992248558
"prot-a-2557","finn-b-F5_DEPRESSIO","Depression || id:finn-b-F5_DEPRESSIO","Ribonuclease K6 || id:prot-a-2557","Inverse variance weighted","16",-0.0273662944843001,0.012909303735755,0.0340153844209645
"finn-b-COPD_ASTHMA_PNEUMONIA_SEPSIS","finn-b-F5_DEPRESSIO","Depression || id:finn-b-F5_DEPRESSIO","COPD/asthma related pneumonia or pneumonia derived septichaemia || id:finn-b-COPD_ASTHMA_PNEUMONIA_SEPSIS","Inverse variance weighted","15",0.138468521466365,0.0589172776291483,0.0187623545096074
"finn-b-COPD_EARLY","finn-b-F5_DEPRESSIO","Depression || id:finn-b-F5_DEPRESSIO","Early onset COPD || id:finn-b-COPD_EARLY","Inverse variance weighted","20",0.0609305102106765,0.0184026742360997,0.000929766438069595
"finn-b-COPD_HOSPITAL","finn-b-F5_DEPRESSIO","Depression || id:finn-b-F5_DEPRESSIO","COPD, hospital admissions || id:finn-b-COPD_HOSPITAL","Inverse variance weighted","29",0.063863563608385,0.0286745216809465,0.0259346814643452
"prot-a-2659","finn-b-F5_DEPRESSIO","Depression || id:finn-b-F5_DEPRESSIO","Protein SEC13 homolog || id:prot-a-2659","Inverse variance weighted","9",-0.0926366562414796,0.0320607026624739,0.00385960061108685
"prot-a-267","finn-b-F5_DEPRESSIO","Depression || id:finn-b-F5_DEPRESSIO","BPI fold-containing family A member 1 || id:prot-a-267","Inverse variance weighted","12",0.0559418440641742,0.0202984530323369,0.00585191002624885
"finn-b-COPD_MODE","finn-b-F5_DEPRESSIO","Depression || id:finn-b-F5_DEPRESSIO","COPD (mode) || id:finn-b-COPD_MODE","Inverse variance weighted","19",0.068632133580252,0.0327861988572352,0.0363202507665442
"prot-a-2704","finn-b-F5_DEPRESSIO","Depression || id:finn-b-F5_DEPRESSIO","Histone-lysine N-methyltransferase SETMAR || id:prot-a-2704","Inverse variance weighted","11",0.0587979198297193,0.0284453704771826,0.0387297184223
"prot-a-2731","finn-b-F5_DEPRESSIO","Depression || id:finn-b-F5_DEPRESSIO","Sialic acid-binding Ig-like lectin 9 || id:prot-a-2731","Inverse variance weighted","15",-0.0352644317974078,0.0119759783375777,0.00323375396432613
"finn-b-C_STROKE","finn-b-F5_DEPRESSIO","Depression || id:finn-b-F5_DEPRESSIO","STROKE || id:finn-b-C_STROKE","Inverse variance weighted","16",0.0971357155514555,0.0435304372610986,0.0256517596403641
"prot-a-2744","finn-b-F5_DEPRESSIO","Depression || id:finn-b-F5_DEPRESSIO","SLAM family member 7 || id:prot-a-2744","Inverse variance weighted","17",0.0417426379186839,0.0169813123298118,0.0139654256875838
"prot-a-2746","finn-b-F5_DEPRESSIO","Depression || id:finn-b-F5_DEPRESSIO","Urea transporter 1 || id:prot-a-2746","Inverse variance weighted","14",0.0554398531727499,0.0234908268155516,0.0182717856940775
"prot-a-2747","finn-b-F5_DEPRESSIO","Depression || id:finn-b-F5_DEPRESSIO","Urea transporter 2 || id:prot-a-2747","Inverse variance weighted","16",-0.06552141246414,0.0255341293613016,0.0102869111817565
"prot-a-2748","finn-b-F5_DEPRESSIO","Depression || id:finn-b-F5_DEPRESSIO","Solute carrier family 22 member 16 || id:prot-a-2748","Inverse variance weighted","11",-0.0573912666858369,0.0239079136454231,0.0163720920295791
"prot-a-2786","finn-b-F5_DEPRESSIO","Depression || id:finn-b-F5_DEPRESSIO","Synaptosomal-associated protein 25 || id:prot-a-2786","Inverse variance weighted","19",-0.0679051177347013,0.0225084595229461,0.00255398513271092
"prot-a-2792","finn-b-F5_DEPRESSIO","Depression || id:finn-b-F5_DEPRESSIO","Sorting nexin-17 || id:prot-a-2792","Inverse variance weighted","14",0.0541136215615447,0.0218878062059446,0.0134239973203761
"finn-b-D3_ANAEMIA","finn-b-F5_DEPRESSIO","Depression || id:finn-b-F5_DEPRESSIO","Anaemias || id:finn-b-D3_ANAEMIA","Inverse variance weighted","16",0.0756019181029985,0.0336594804576435,0.0246988228177097
"prot-a-2805","finn-b-F5_DEPRESSIO","Depression || id:finn-b-F5_DEPRESSIO","Protein SPACA7 || id:prot-a-2805","Inverse variance weighted","11",0.0507948720892231,0.0236003688673811,0.0313744069429474
"finn-b-D3_ANAEMIANAS","finn-b-F5_DEPRESSIO","Depression || id:finn-b-F5_DEPRESSIO","Other and unspecified anaemias || id:finn-b-D3_ANAEMIANAS","Inverse variance weighted","10",0.0812658924542712,0.0358344898388828,0.0233406568349145
"prot-a-2835","finn-b-F5_DEPRESSIO","Depression || id:finn-b-F5_DEPRESSIO","Spectrin alpha chain, non-erythrocytic 1 || id:prot-a-2835","Inverse variance weighted","9",0.0665382930235354,0.0288741012533132,0.0211986188196113
"prot-a-2843","finn-b-F5_DEPRESSIO","Depression || id:finn-b-F5_DEPRESSIO","Serine-rich single-pass membrane protein 1 || id:prot-a-2843","Inverse variance weighted","10",-0.0602832113903553,0.0280556186224608,0.0316578956350127
"prot-a-285","finn-b-F5_DEPRESSIO","Depression || id:finn-b-F5_DEPRESSIO","Transmembrane protein C16orf54 || id:prot-a-285","Inverse variance weighted","12",0.0570369869674333,0.0273991004990779,0.0373689484296258
"prot-a-2852","finn-b-F5_DEPRESSIO","Depression || id:finn-b-F5_DEPRESSIO","Alpha-N-acetylgalactosaminide alpha-2,6-sialyltransferase 1 || id:prot-a-2852","Inverse variance weighted","18",0.031717826235498,0.015733497762944,0.0438059926338721
"prot-a-2893","finn-b-F5_DEPRESSIO","Depression || id:finn-b-F5_DEPRESSIO","Bile salt sulfotransferase || id:prot-a-2893","Inverse variance weighted","11",0.0585290540806014,0.0279223697923102,0.0360702250052901
"prot-a-2894","finn-b-F5_DEPRESSIO","Depression || id:finn-b-F5_DEPRESSIO","Sulfotransferase 4A1 || id:prot-a-2894","Inverse variance weighted","15",-0.0683850861083073,0.0247183945202774,0.00566500022225682
"prot-a-2904","finn-b-F5_DEPRESSIO","Depression || id:finn-b-F5_DEPRESSIO","Histone-lysine N-methyltransferase SUV420H2 || id:prot-a-2904","Inverse variance weighted","13",0.0519669252049326,0.0263245837215004,0.0483722542108228
"prot-a-2914","finn-b-F5_DEPRESSIO","Depression || id:finn-b-F5_DEPRESSIO","Synaptotagmin-3 || id:prot-a-2914","Inverse variance weighted","14",0.056429838218326,0.0225431776811339,0.0123079739061245
"prot-a-2915","finn-b-F5_DEPRESSIO","Depression || id:finn-b-F5_DEPRESSIO","Synaptotagmin-5 || id:prot-a-2915","Inverse variance weighted","16",0.0645414507209095,0.0220353615233066,0.0034006053810806
"prot-a-2946","finn-b-F5_DEPRESSIO","Depression || id:finn-b-F5_DEPRESSIO","Teneurin-4 || id:prot-a-2946","Inverse variance weighted","12",0.0648390692062246,0.0268491838493612,0.0157379609615948
"finn-b-D3_DEF_IGG","finn-b-F5_DEPRESSIO","Depression || id:finn-b-F5_DEPRESSIO","Selective deficiency of immunoglobulin G [IgG] subclasses || id:finn-b-D3_DEF_IGG","Inverse variance weighted","10",0.00823118374554877,0.00418944051176612,0.0494437187885892
"prot-a-2968","finn-b-F5_DEPRESSIO","Depression || id:finn-b-F5_DEPRESSIO","Transforming growth factor beta receptor type 3 || id:prot-a-2968","Inverse variance weighted","10",-0.0731105318937846,0.0292575501978004,0.0124593401475155
"prot-a-2970","finn-b-F5_DEPRESSIO","Depression || id:finn-b-F5_DEPRESSIO","Thrombospondin-2 || id:prot-a-2970","Inverse variance weighted","12",0.0336652468819909,0.0165810210517313,0.0423211541343162
"prot-a-3000","finn-b-F5_DEPRESSIO","Depression || id:finn-b-F5_DEPRESSIO","Transmembrane protein 132C || id:prot-a-3000","Inverse variance weighted","21",0.0514576359279198,0.0183411634495669,0.00502258179707247
"prot-a-3019","finn-b-F5_DEPRESSIO","Depression || id:finn-b-F5_DEPRESSIO","Transmembrane inner ear expressed protein || id:prot-a-3019","Inverse variance weighted","11",0.0672078007141098,0.020466407369384,0.00102413808029693
"finn-b-D3_IMMUDEFANTIBODYNAS","finn-b-F5_DEPRESSIO","Depression || id:finn-b-F5_DEPRESSIO","Other and unspecified immunodeficiencies with predominantly antibody defects || id:finn-b-D3_IMMUDEFANTIBODYNAS","Inverse variance weighted","2",-0.033734774978654,0.0142266826721759,0.0177288658384115
"prot-a-3022","finn-b-F5_DEPRESSIO","Depression || id:finn-b-F5_DEPRESSIO","Transmembrane protease serine 11A || id:prot-a-3022","Inverse variance weighted","11",-0.0580234965878807,0.0277060205866276,0.0362371921106893
"prot-a-3024","finn-b-F5_DEPRESSIO","Depression || id:finn-b-F5_DEPRESSIO","Transmembrane protease serine 11D || id:prot-a-3024","Inverse variance weighted","13",0.0539195138511349,0.0196050408059659,0.00595428566213592
"prot-a-3030","finn-b-F5_DEPRESSIO","Depression || id:finn-b-F5_DEPRESSIO","Tumor necrosis factor alpha-induced protein 3 || id:prot-a-3030","Inverse variance weighted","14",0.051107116816162,0.0216351711218344,0.0181656705548598
"prot-a-3078","finn-b-F5_DEPRESSIO","Depression || id:finn-b-F5_DEPRESSIO","Torsin-1A-interacting protein 2 || id:prot-a-3078","Inverse variance weighted","11",-0.0638770712082175,0.0279165200492808,0.0221290253475681
"prot-a-3079","finn-b-F5_DEPRESSIO","Depression || id:finn-b-F5_DEPRESSIO","TOX high mobility group box family member 3 || id:prot-a-3079","Inverse variance weighted","13",-0.0483964643649341,0.0239065167695678,0.0429285309096031
"prot-a-3080","finn-b-F5_DEPRESSIO","Depression || id:finn-b-F5_DEPRESSIO","Cellular tumor antigen p53 || id:prot-a-3080","Inverse variance weighted","13",0.0525020443861002,0.0262775229344473,0.0457185020409394
"finn-b-D3_OTHERANAEMIA","finn-b-F5_DEPRESSIO","Depression || id:finn-b-F5_DEPRESSIO","Other anaemias || id:finn-b-D3_OTHERANAEMIA","Inverse variance weighted","9",0.0851288196127931,0.0401483509168473,0.0339759863806611
"prot-a-3118","finn-b-F5_DEPRESSIO","Depression || id:finn-b-F5_DEPRESSIO","Twinfilin-1 || id:prot-a-3118","Inverse variance weighted","13",-0.078250887872008,0.0288382287128755,0.00665880363862225
"prot-a-3125","finn-b-F5_DEPRESSIO","Depression || id:finn-b-F5_DEPRESSIO","Thioredoxin-interacting protein || id:prot-a-3125","Inverse variance weighted","7",0.0662034663681619,0.0310959706485277,0.0332538749911213
"prot-a-3132","finn-b-F5_DEPRESSIO","Depression || id:finn-b-F5_DEPRESSIO","PolyUbiquitin K48-linked || id:prot-a-3132","Inverse variance weighted","13",0.0713302724712662,0.0235816641354082,0.00248781726965937
"prot-a-3142","finn-b-F5_DEPRESSIO","Depression || id:finn-b-F5_DEPRESSIO","Ubiquitin-conjugating enzyme E2 L3 || id:prot-a-3142","Inverse variance weighted","6",-0.110915539480177,0.0400057710836744,0.00556294883195069
"prot-a-3151","finn-b-F5_DEPRESSIO","Depression || id:finn-b-F5_DEPRESSIO","Uridine-cytidine kinase 2 || id:prot-a-3151","Inverse variance weighted","11",-0.0781672431142295,0.033675558002409,0.0202767924881336
"prot-a-3168","finn-b-F5_DEPRESSIO","Depression || id:finn-b-F5_DEPRESSIO","Netrin receptor UNC5C || id:prot-a-3168","Inverse variance weighted","14",-0.0795679611517336,0.0256008826566821,0.00188347665765637
"prot-a-3182","finn-b-F5_DEPRESSIO","Depression || id:finn-b-F5_DEPRESSIO","Uronyl 2-sulfotransferase || id:prot-a-3182","Inverse variance weighted","6",-0.0747751235364304,0.0336993075784737,0.0264940738275777
"prot-a-3196","finn-b-F5_DEPRESSIO","Depression || id:finn-b-F5_DEPRESSIO","Testis-specific basic protein Y 1 || id:prot-a-3196","Inverse variance weighted","11",0.0439900015393709,0.0183919922205076,0.0167658899352975
"prot-a-3197","finn-b-F5_DEPRESSIO","Depression || id:finn-b-F5_DEPRESSIO","Vascular endothelial growth factor A, isoform 121 || id:prot-a-3197","Inverse variance weighted","13",0.0321172935374682,0.0125565913177843,0.0105335587546578
"prot-a-3205","finn-b-F5_DEPRESSIO","Depression || id:finn-b-F5_DEPRESSIO","Vacuolar protein sorting-associated protein 4B || id:prot-a-3205","Inverse variance weighted","14",0.0360751442426847,0.0178762271244535,0.0435859138878062
"prot-a-3211","finn-b-F5_DEPRESSIO","Depression || id:finn-b-F5_DEPRESSIO","Vacuolar protein sorting-associated protein VTA1 homolog || id:prot-a-3211","Inverse variance weighted","15",-0.0652910734613154,0.0238581458058478,0.00620708311951618
"finn-b-DIABETES_FG","finn-b-F5_DEPRESSIO","Depression || id:finn-b-F5_DEPRESSIO","Diabetes, varying definitions || id:finn-b-DIABETES_FG","Inverse variance weighted","159",0.0378250501076302,0.0139388819914961,0.00665492722589645
"prot-a-3267","finn-b-F5_DEPRESSIO","Depression || id:finn-b-F5_DEPRESSIO","Zinc finger protein 276 || id:prot-a-3267","Inverse variance weighted","16",0.048909569640864,0.0179773382344285,0.00651589188845214
"prot-a-3273","finn-b-F5_DEPRESSIO","Depression || id:finn-b-F5_DEPRESSIO","Zinc finger protein 415 || id:prot-a-3273","Inverse variance weighted","18",0.0635706577116957,0.0300775188894398,0.034552817304155
"finn-b-DIS_THYROID_OTH","finn-b-F5_DEPRESSIO","Depression || id:finn-b-F5_DEPRESSIO","Other disorders of thyroid || id:finn-b-DIS_THYROID_OTH","Inverse variance weighted","10",0.0126957239143684,0.0054246534934929,0.0192643812493762
"prot-a-333","finn-b-F5_DEPRESSIO","Depression || id:finn-b-F5_DEPRESSIO","Carbonic anhydrase 6 || id:prot-a-333","Inverse variance weighted","8",0.0310598165025263,0.0144147083051205,0.0311829031698122
"finn-b-DM_BCKGRND_RETINA","finn-b-F5_DEPRESSIO","Depression || id:finn-b-F5_DEPRESSIO","Background diabetic retinopathy || id:finn-b-DM_BCKGRND_RETINA","Inverse variance weighted","14",0.0294549314021383,0.0089921506520654,0.00105427703385758
"prot-a-340","finn-b-F5_DEPRESSIO","Depression || id:finn-b-F5_DEPRESSIO","Calbindin || id:prot-a-340","Inverse variance weighted","10",-0.0318104632559727,0.01613978970737,0.0487314044738811
"prot-a-347","finn-b-F5_DEPRESSIO","Depression || id:finn-b-F5_DEPRESSIO","Calcium/calmodulin-dependent protein kinase type 1D || id:prot-a-347","Inverse variance weighted","17",0.038832631369786,0.0164653688672081,0.0183517856365211
"prot-a-350","finn-b-F5_DEPRESSIO","Depression || id:finn-b-F5_DEPRESSIO","Calcium/calmodulin-dependent protein kinase kinase 1 || id:prot-a-350","Inverse variance weighted","8",-0.0711598821189797,0.0352286624435988,0.0433893238322283
"finn-b-DM_COMORB_EXMORE","finn-b-F5_DEPRESSIO","Depression || id:finn-b-F5_DEPRESSIO","Diabetes-related co-morbidities/complications (more controls excluded) || id:finn-b-DM_COMORB_EXMORE","Inverse variance weighted","43",0.0847858572066114,0.0280972757006269,0.00254799383035117
"finn-b-DM_MACULOPATHY","finn-b-F5_DEPRESSIO","Depression || id:finn-b-F5_DEPRESSIO","Diabetic maculopathy (DM_MACULOPATHY) || id:finn-b-DM_MACULOPATHY","Inverse variance weighted","15",0.023862335030759,0.00979682788953729,0.0148621612257024
"prot-a-388","finn-b-F5_DEPRESSIO","Depression || id:finn-b-F5_DEPRESSIO","C-C motif chemokine 1 || id:prot-a-388","Inverse variance weighted","13",0.0598397032311506,0.0198699032545245,0.00259896219425925
"finn-b-DM_MACULOPATHY_EXMORE","finn-b-F5_DEPRESSIO","Depression || id:finn-b-F5_DEPRESSIO","Diabetic maculopathy (more controls excluded) || id:finn-b-DM_MACULOPATHY_EXMORE","Inverse variance weighted","19",0.0197140892606389,0.00889586129338745,0.0266848770981293
"prot-a-405","finn-b-F5_DEPRESSIO","Depression || id:finn-b-F5_DEPRESSIO","C-C motif chemokine 27 || id:prot-a-405","Inverse variance weighted","11",0.0530595865076388,0.0223341415120789,0.0175149182698075
"prot-a-427","finn-b-F5_DEPRESSIO","Depression || id:finn-b-F5_DEPRESSIO","B-cell receptor CD22 || id:prot-a-427","Inverse variance weighted","7",0.0626224682270091,0.0270201418475133,0.0204698874988761
"finn-b-DM_NEUROPATHY","finn-b-F5_DEPRESSIO","Depression || id:finn-b-F5_DEPRESSIO","Diabetic neuropathy || id:finn-b-DM_NEUROPATHY","Inverse variance weighted","7",0.024742449152377,0.0124306675293522,0.0465429186932035
"finn-b-DM_OPTHALMIC_COMORB","finn-b-F5_DEPRESSIO","Depression || id:finn-b-F5_DEPRESSIO","Diabetes, opthalmic co-morbidities || id:finn-b-DM_OPTHALMIC_COMORB","Inverse variance weighted","12",0.0277079621773586,0.010323917529141,0.00727773033275997
"prot-a-441","finn-b-F5_DEPRESSIO","Depression || id:finn-b-F5_DEPRESSIO","Hematopoietic progenitor cell antigen CD34 || id:prot-a-441","Inverse variance weighted","13",-0.0398542262783972,0.0194030860426031,0.0399742573924157
"finn-b-DM_OTHER_WIDE","finn-b-F5_DEPRESSIO","Depression || id:finn-b-F5_DEPRESSIO","Other diabetes, wide definition || id:finn-b-DM_OTHER_WIDE","Inverse variance weighted","143",0.0433830494355802,0.0135343853330236,0.00134877303475801
"prot-a-449","finn-b-F5_DEPRESSIO","Depression || id:finn-b-F5_DEPRESSIO","CD44 antigen || id:prot-a-449","Inverse variance weighted","18",-0.047929126589825,0.0244176385914022,0.0496590142226524
"prot-a-46","finn-b-F5_DEPRESSIO","Depression || id:finn-b-F5_DEPRESSIO","Alcohol dehydrogenase 1B || id:prot-a-46","Inverse variance weighted","18",0.0800902479290377,0.0178570942702318,7.28913388051069e-06
"prot-a-471","finn-b-F5_DEPRESSIO","Depression || id:finn-b-F5_DEPRESSIO","CD97 antigen || id:prot-a-471","Inverse variance weighted","12",0.0431843571549351,0.0203779741591801,0.0340762450227902
"prot-a-475","finn-b-F5_DEPRESSIO","Depression || id:finn-b-F5_DEPRESSIO","Serine/threonine-protein kinase MRCK alpha || id:prot-a-475","Inverse variance weighted","11",-0.0639596777338972,0.0303188208087388,0.0348954023566054
"finn-b-DM_RETINA_PROLIF","finn-b-F5_DEPRESSIO","Depression || id:finn-b-F5_DEPRESSIO","Proliferative diabetic retinopathy (DM_RETINA_PROLIF) || id:finn-b-DM_RETINA_PROLIF","Inverse variance weighted","18",0.039120524754183,0.01578504534546,0.0131999622298849
"prot-a-493","finn-b-F5_DEPRESSIO","Depression || id:finn-b-F5_DEPRESSIO","Cyclin-dependent kinase 5:Cyclin-dependent kinase 5 activator 1 complex || id:prot-a-493","Inverse variance weighted","12",0.0500720975449457,0.0213778039108139,0.0191680236534897
"finn-b-DM_RETINOPATHY","finn-b-F5_DEPRESSIO","Depression || id:finn-b-F5_DEPRESSIO","Diabetic retinopathy (DM_RETINOPATHY) || id:finn-b-DM_RETINOPATHY","Inverse variance weighted","22",0.0700035749304184,0.0209937395232141,0.000854536250663704
"prot-a-500","finn-b-F5_DEPRESSIO","Depression || id:finn-b-F5_DEPRESSIO","Corneodesmosin || id:prot-a-500","Inverse variance weighted","13",-0.053823163209082,0.021726796908793,0.0132391348045646
"finn-b-DM_RETINOPATHY_EXMORE","finn-b-F5_DEPRESSIO","Depression || id:finn-b-F5_DEPRESSIO","Diabetic retinopathy (more controls excluded) || id:finn-b-DM_RETINOPATHY_EXMORE","Inverse variance weighted","29",0.0676973149593652,0.0214126657540208,0.00156929318512479
"finn-b-DRUGADVERS_CATAR","finn-b-F5_DEPRESSIO","Depression || id:finn-b-F5_DEPRESSIO","Drug-induced cataract || id:finn-b-DRUGADVERS_CATAR","Inverse variance weighted","6",0.0199505074011455,0.0101017568010799,0.0482733414941201
"prot-a-564","finn-b-F5_DEPRESSIO","Depression || id:finn-b-F5_DEPRESSIO","Cytoskeleton-associated protein 2 || id:prot-a-564","Inverse variance weighted","18",0.0583871528019338,0.0234601530026578,0.0128182361852524
"prot-a-586","finn-b-F5_DEPRESSIO","Depression || id:finn-b-F5_DEPRESSIO","Dual specificity protein kinase CLK2 || id:prot-a-586","Inverse variance weighted","15",0.0468661138972629,0.0176893063103206,0.00806339444102922
"prot-a-587","finn-b-F5_DEPRESSIO","Depression || id:finn-b-F5_DEPRESSIO","CXADR-like membrane protein || id:prot-a-587","Inverse variance weighted","15",0.0516461312152619,0.0257565022956509,0.0449450192057205
"prot-a-593","finn-b-F5_DEPRESSIO","Depression || id:finn-b-F5_DEPRESSIO","Colipase-like protein 2 || id:prot-a-593","Inverse variance weighted","16",0.0484172707452114,0.0218230256322185,0.0265117465142193
"prot-a-598","finn-b-F5_DEPRESSIO","Depression || id:finn-b-F5_DEPRESSIO","UMP-CMP kinase || id:prot-a-598","Inverse variance weighted","16",0.0556155942615343,0.0236822383051952,0.0188537784918781
"prot-a-60","finn-b-F5_DEPRESSIO","Depression || id:finn-b-F5_DEPRESSIO","Activator of 90 kDa heat shock protein ATPase homolog 1 || id:prot-a-60","Inverse variance weighted","13",-0.0649805582485195,0.0251085993151453,0.00965405255976731
"finn-b-DRY_AMD","finn-b-F5_DEPRESSIO","Depression || id:finn-b-F5_DEPRESSIO","Dry age-related macular degeneration (includes geographic atrophy) || id:finn-b-DRY_AMD","Inverse variance weighted","22",0.0253522028884888,0.00963348374949095,0.00849649790411673
"prot-a-625","finn-b-F5_DEPRESSIO","Depression || id:finn-b-F5_DEPRESSIO","Collagen alpha-1(VIII) chain || id:prot-a-625","Inverse variance weighted","13",-0.0494823188796416,0.022706057126907,0.029312630892742
"prot-a-626","finn-b-F5_DEPRESSIO","Depression || id:finn-b-F5_DEPRESSIO","Collagen alpha-2(IX) chain || id:prot-a-626","Inverse variance weighted","10",0.0729130897815371,0.0207246740993394,0.000434521007588243
"prot-a-657","finn-b-F5_DEPRESSIO","Depression || id:finn-b-F5_DEPRESSIO","Cysteine-rich with EGF-like domain protein 1 || id:prot-a-657","Inverse variance weighted","15",-0.031419064251,0.0154641487123013,0.0421804116046651
"finn-b-AB1_BACTINF_NOS","finn-b-F5_DEPRESSIO","Depression || id:finn-b-F5_DEPRESSIO","Bacterial infection, other or unspecified || id:finn-b-AB1_BACTINF_NOS","Inverse variance weighted","13",0.147820677652698,0.0559784780254089,0.00827423129010604
"finn-b-E4_CONGEIOD","finn-b-F5_DEPRESSIO","Depression || id:finn-b-F5_DEPRESSIO","Congenital iodine-deficiency syndrome/hypothyroidism || id:finn-b-E4_CONGEIOD","Inverse variance weighted","6",0.0274966728173678,0.0114493130016813,0.0163235362282047
"prot-a-70","finn-b-F5_DEPRESSIO","Depression || id:finn-b-F5_DEPRESSIO","RAC-alpha/beta/gamma serine/threonine-protein kinase || id:prot-a-70","Inverse variance weighted","9",0.0543268295374328,0.0268571288412207,0.0430928910308962
"finn-b-E4_DIABETES","finn-b-F5_DEPRESSIO","Depression || id:finn-b-F5_DEPRESSIO","Diabetes mellitus || id:finn-b-E4_DIABETES","Inverse variance weighted","152",0.0377768778517628,0.013855835780577,0.00640247700934032
"prot-a-716","finn-b-F5_DEPRESSIO","Depression || id:finn-b-F5_DEPRESSIO","Chymotrypsin-like protease CTRL-1 || id:prot-a-716","Inverse variance weighted","12",0.0350580903806898,0.0174369508702614,0.0443716226114953
"prot-a-742","finn-b-F5_DEPRESSIO","Depression || id:finn-b-F5_DEPRESSIO","Growth-regulated alpha protein || id:prot-a-742","Inverse variance weighted","12",-0.0353403118813019,0.0146664059758698,0.0159696009447877
"finn-b-E4_DM1","finn-b-F5_DEPRESSIO","Depression || id:finn-b-F5_DEPRESSIO","Type 1 diabetes || id:finn-b-E4_DM1","Inverse variance weighted","37",0.0291081195782236,0.00775180318002573,0.000173332672121286
"finn-b-E4_DM1KETO","finn-b-F5_DEPRESSIO","Depression || id:finn-b-F5_DEPRESSIO","Type 1 diabetes with ketoacidosis || id:finn-b-E4_DM1KETO","Inverse variance weighted","19",0.0186978059893981,0.00617447114277995,0.00245979284186933
"finn-b-E4_DM1NOCOMP","finn-b-F5_DEPRESSIO","Depression || id:finn-b-F5_DEPRESSIO","Type 1 diabetes without complications || id:finn-b-E4_DM1NOCOMP","Inverse variance weighted","42",0.0204544757703158,0.00692317236463628,0.00313181575020049
"finn-b-E4_DM1OPTH","finn-b-F5_DEPRESSIO","Depression || id:finn-b-F5_DEPRESSIO","Type 1 diabetes with ophthalmic complications || id:finn-b-E4_DM1OPTH","Inverse variance weighted","27",0.015085461788565,0.00619760493880929,0.014929724520777
"prot-a-798","finn-b-F5_DEPRESSIO","Depression || id:finn-b-F5_DEPRESSIO","Beta-defensin 123 || id:prot-a-798","Inverse variance weighted","7",0.0700358472820306,0.03371134262451,0.0377539775721563
"prot-a-80","finn-b-F5_DEPRESSIO","Depression || id:finn-b-F5_DEPRESSIO","Arachidonate 15-lipoxygenase B || id:prot-a-80","Inverse variance weighted","12",0.0593200357904305,0.0230302684936135,0.010002517571724
"prot-a-807","finn-b-F5_DEPRESSIO","Depression || id:finn-b-F5_DEPRESSIO","Desmin || id:prot-a-807","Inverse variance weighted","7",0.0856975401270228,0.0307590602358968,0.0053347897114524
"finn-b-E4_DM1REN","finn-b-F5_DEPRESSIO","Depression || id:finn-b-F5_DEPRESSIO","Type 1 diabetes with renal complications || id:finn-b-E4_DM1REN","Inverse variance weighted","17",0.0135838491036761,0.00667712079804939,0.0419125711077709
"prot-a-821","finn-b-F5_DEPRESSIO","Depression || id:finn-b-F5_DEPRESSIO","Dickkopf-related protein 1 || id:prot-a-821","Inverse variance weighted","16",0.0484564724378561,0.0189783568274788,0.0106723139609698
"prot-a-825","finn-b-F5_DEPRESSIO","Depression || id:finn-b-F5_DEPRESSIO","Dihydrolipoyl dehydrogenase, mitochondrial || id:prot-a-825","Inverse variance weighted","20",0.0401486548169987,0.0186206256781584,0.0310728231012167
"finn-b-E4_DM2","finn-b-F5_DEPRESSIO","Depression || id:finn-b-F5_DEPRESSIO","Type 2 diabetes || id:finn-b-E4_DM2","Inverse variance weighted","159",0.0498585762037004,0.01341626104538,0.000202177904438144
"finn-b-E4_DM2KETO","finn-b-F5_DEPRESSIO","Depression || id:finn-b-F5_DEPRESSIO","Type 2 diabetes with ketoacidosis || id:finn-b-E4_DM2KETO","Inverse variance weighted","14",0.0143654844818113,0.00653172230337873,0.0278536864112659
"prot-a-853","finn-b-F5_DEPRESSIO","Depression || id:finn-b-F5_DEPRESSIO","Delta and Notch-like epidermal growth factor-related receptor || id:prot-a-853","Inverse variance weighted","14",0.0461949988320229,0.0235202536684094,0.0495240738311369
"prot-a-854","finn-b-F5_DEPRESSIO","Depression || id:finn-b-F5_DEPRESSIO","Dedicator of cytokinesis protein 9 || id:prot-a-854","Inverse variance weighted","12",0.0658276602085234,0.0319194515270912,0.0391786604250966
"finn-b-E4_DM2NASCOMP","finn-b-F5_DEPRESSIO","Depression || id:finn-b-F5_DEPRESSIO","Type 2 diabetes with other specified/multiple/unspecified complications || id:finn-b-E4_DM2NASCOMP","Inverse variance weighted","143",0.0334327692153593,0.0128208075643989,0.00911538555748216
"prot-a-863","finn-b-F5_DEPRESSIO","Depression || id:finn-b-F5_DEPRESSIO","Dihydropyrimidinase-related protein 3 || id:prot-a-863","Inverse variance weighted","10",-0.0735590105965182,0.0260212228186697,0.00470031698517379
"prot-a-869","finn-b-F5_DEPRESSIO","Depression || id:finn-b-F5_DEPRESSIO","Desmoglein-1 || id:prot-a-869","Inverse variance weighted","12",0.0404988830149403,0.0184907973706883,0.0285084077635711
"finn-b-E4_DM2NOCOMP","finn-b-F5_DEPRESSIO","Depression || id:finn-b-F5_DEPRESSIO","Type 2 diabetes without complications || id:finn-b-E4_DM2NOCOMP","Inverse variance weighted","72",0.041466674558422,0.0174480875063333,0.0174742466366612
"finn-b-E4_DM2_STRICT","finn-b-F5_DEPRESSIO","Depression || id:finn-b-F5_DEPRESSIO","Type 2 diabetes, strict (exclude DM1) || id:finn-b-E4_DM2_STRICT","Inverse variance weighted","152",0.0368794371220173,0.0130931431372193,0.00485200442521854
"finn-b-E4_DMNAS","finn-b-F5_DEPRESSIO","Depression || id:finn-b-F5_DEPRESSIO","Unspecified diabetes || id:finn-b-E4_DMNAS","Inverse variance weighted","19",0.0269975278657446,0.0123337754767548,0.028603362143172
"finn-b-E4_DMNASNOCOMP","finn-b-F5_DEPRESSIO","Depression || id:finn-b-F5_DEPRESSIO","Unspecified diabetes without complications || id:finn-b-E4_DMNASNOCOMP","Inverse variance weighted","10",0.0468581792637499,0.0143941943524133,0.00113251631563058
"prot-a-952","finn-b-F5_DEPRESSIO","Depression || id:finn-b-F5_DEPRESSIO","Ectonucleoside triphosphate diphosphohydrolase 3 || id:prot-a-952","Inverse variance weighted","11",0.0547222169322756,0.0240384245406201,0.0228192258139709
"prot-a-982","finn-b-F5_DEPRESSIO","Depression || id:finn-b-F5_DEPRESSIO","ERO1-like protein alpha || id:prot-a-982","Inverse variance weighted","16",0.0398875612712571,0.0184186316362457,0.0303410496959515
"finn-b-E4_ENDONUTRMET","finn-b-F5_DEPRESSIO","Depression || id:finn-b-F5_DEPRESSIO","Endocrine, nutritional and metabolic diseases || id:finn-b-E4_ENDONUTRMET","Inverse variance weighted","80",0.11333283749734,0.029974005233853,0.000156176151380102
"prot-b-17","finn-b-F5_DEPRESSIO","Depression || id:finn-b-F5_DEPRESSIO","oxidized low density lipoprotein receptor 1 || id:prot-b-17","Inverse variance weighted","7",0.0222521604463886,0.00957552166744943,0.0201330621819317
"finn-b-AB1_VARICELLA","finn-b-F5_DEPRESSIO","Depression || id:finn-b-F5_DEPRESSIO","Varicella [chickenpox] || id:finn-b-AB1_VARICELLA","Inverse variance weighted","6",-0.0394184123178138,0.0168359470100733,0.0192154665303821
"prot-b-51","finn-b-F5_DEPRESSIO","Depression || id:finn-b-F5_DEPRESSIO","cathepsin D || id:prot-b-51","Inverse variance weighted","8",0.0479097408338806,0.0208289947985946,0.0214399179504666
"prot-b-6","finn-b-F5_DEPRESSIO","Depression || id:finn-b-F5_DEPRESSIO","galectin 3 || id:prot-b-6","Inverse variance weighted","7",0.0476850826228707,0.0191387045648542,0.0127186254725918
"prot-c-2190_55_1","finn-b-F5_DEPRESSIO","Depression || id:finn-b-F5_DEPRESSIO","Coagulation Factor XI || id:prot-c-2190_55_1","Inverse variance weighted","4",-0.0309468228338675,0.0157245478624082,0.0490613601099781
"prot-c-2424_69_4","finn-b-F5_DEPRESSIO","Depression || id:finn-b-F5_DEPRESSIO","bFGF-R || id:prot-c-2424_69_4","Inverse variance weighted","2",0.0843069680806991,0.0388842258712003,0.0301470139952558
"prot-c-2474_54_5","finn-b-F5_DEPRESSIO","Depression || id:finn-b-F5_DEPRESSIO","SAP || id:prot-c-2474_54_5","Inverse variance weighted","3",0.0596227903826404,0.027762081291619,0.0317428402445976
"prot-c-2475_1_3","finn-b-F5_DEPRESSIO","Depression || id:finn-b-F5_DEPRESSIO","SCF sR || id:prot-c-2475_1_3","Inverse variance weighted","2",-0.0910322154941243,0.0402831550228388,0.0238331396154835
"prot-c-2636_10_2","finn-b-F5_DEPRESSIO","Depression || id:finn-b-F5_DEPRESSIO","Lymphotoxin b R || id:prot-c-2636_10_2","Inverse variance weighted","2",-0.0891924683421706,0.0361383206276589,0.0135837836215599
"prot-c-2654_19_1","finn-b-F5_DEPRESSIO","Depression || id:finn-b-F5_DEPRESSIO","TNF sR-I || id:prot-c-2654_19_1","Inverse variance weighted","4",-0.076711494143989,0.0325682108270848,0.0185022712757589
"finn-b-E4_HYPOGLYC","finn-b-F5_DEPRESSIO","Depression || id:finn-b-F5_DEPRESSIO","Hypoglycaemia, other or unspecified || id:finn-b-E4_HYPOGLYC","Inverse variance weighted","6",0.0309646889556321,0.0143838049816135,0.0313385897554052
"prot-c-2855_49_2","finn-b-F5_DEPRESSIO","Depression || id:finn-b-F5_DEPRESSIO","ERK-1 || id:prot-c-2855_49_2","Inverse variance weighted","2",0.085467479586117,0.0424470560606268,0.0440612324539667
"finn-b-E4_HYTHY_AI_STRICT","finn-b-F5_DEPRESSIO","Depression || id:finn-b-F5_DEPRESSIO","Hypothyroidism, strict autoimmune || id:finn-b-E4_HYTHY_AI_STRICT","Inverse variance weighted","123",0.0364510288552412,0.012378567014922,0.0032327953999638
"prot-c-2985_35_1","finn-b-F5_DEPRESSIO","Depression || id:finn-b-F5_DEPRESSIO","Gro-a || id:prot-c-2985_35_1","Inverse variance weighted","2",-0.0224837389882559,0.011236808612078,0.045403084739602
"prot-c-3031_66_1","finn-b-F5_DEPRESSIO","Depression || id:finn-b-F5_DEPRESSIO","Ferritin || id:prot-c-3031_66_1","Inverse variance weighted","2",-0.0599830146492196,0.0268221381077214,0.0253304981780232
"prot-c-3067_67_1","finn-b-F5_DEPRESSIO","Depression || id:finn-b-F5_DEPRESSIO","GDF-9 || id:prot-c-3067_67_1","Inverse variance weighted","3",-0.0573373798435802,0.0289591402947616,0.047710194967804
"prot-c-3079_62_2","finn-b-F5_DEPRESSIO","Depression || id:finn-b-F5_DEPRESSIO","TIG2 || id:prot-c-3079_62_2","Inverse variance weighted","2",-0.0638072873102403,0.0277379610058443,0.0214278507099066
"finn-b-E4_NUTRIDEF","finn-b-F5_DEPRESSIO","Depression || id:finn-b-F5_DEPRESSIO","Other nutritional deficiencies || id:finn-b-E4_NUTRIDEF","Inverse variance weighted","37",0.0773287105094773,0.0219852261863764,0.000435955187876086
"prot-c-3170_6_1","finn-b-F5_DEPRESSIO","Depression || id:finn-b-F5_DEPRESSIO","AMPM2 || id:prot-c-3170_6_1","Inverse variance weighted","4",0.0556258411257019,0.025650531393291,0.0301127726625541
"prot-c-3184_25_2","finn-b-F5_DEPRESSIO","Depression || id:finn-b-F5_DEPRESSIO","Coagulation Factor VII || id:prot-c-3184_25_2","Inverse variance weighted","3",0.0354110902707737,0.0173315311870196,0.0410366076301317
"finn-b-E4_OBESITY","finn-b-F5_DEPRESSIO","Depression || id:finn-b-F5_DEPRESSIO","Obesity || id:finn-b-E4_OBESITY","Inverse variance weighted","36",0.0605457918861672,0.0237012876264881,0.0106329441479589
"prot-c-3284_75_1","finn-b-F5_DEPRESSIO","Depression || id:finn-b-F5_DEPRESSIO","BGN || id:prot-c-3284_75_1","Inverse variance weighted","3",-0.0778140148903142,0.0380401820687783,0.040798282288049
"finn-b-E4_OBESITY_HYPER","finn-b-F5_DEPRESSIO","Depression || id:finn-b-F5_DEPRESSIO","Obesity and other hyperalimentation || id:finn-b-E4_OBESITY_HYPER","Inverse variance weighted","35",0.0628608500899309,0.0235254675926192,0.00753930012618525
"finn-b-E4_PLASMAPROT","finn-b-F5_DEPRESSIO","Depression || id:finn-b-F5_DEPRESSIO","Disorders of plasma-protein metabolism, not elsewhere classified || id:finn-b-E4_PLASMAPROT","Inverse variance weighted","22",-0.00311893194395006,0.00121478669207804,0.0102442788594335
"prot-c-3452_17_2","finn-b-F5_DEPRESSIO","Depression || id:finn-b-F5_DEPRESSIO","LCK || id:prot-c-3452_17_2","Inverse variance weighted","2",-0.0818951221886309,0.0396732588111467,0.0389949800183793
"finn-b-E4_SHORT","finn-b-F5_DEPRESSIO","Depression || id:finn-b-F5_DEPRESSIO","Short stature, not elsewhere classified || id:finn-b-E4_SHORT","Inverse variance weighted","8",-0.0183365300276983,0.00856954997685907,0.0323765284381299
"prot-c-3488_64_2","finn-b-F5_DEPRESSIO","Depression || id:finn-b-F5_DEPRESSIO","Catalase || id:prot-c-3488_64_2","Inverse variance weighted","5",0.0434651847421175,0.0179727981987658,0.0155894790719247
"prot-c-3518_54_2","finn-b-F5_DEPRESSIO","Depression || id:finn-b-F5_DEPRESSIO","TAFI || id:prot-c-3518_54_2","Inverse variance weighted","5",-0.0252500071639703,0.0121748612808121,0.0380843086237513
"finn-b-E4_THYROID","finn-b-F5_DEPRESSIO","Depression || id:finn-b-F5_DEPRESSIO","Disorders of the thyroid gland || id:finn-b-E4_THYROID","Inverse variance weighted","101",0.0397039152218154,0.0192790947680247,0.0394532178204936
"prot-c-3613_62_5","finn-b-F5_DEPRESSIO","Depression || id:finn-b-F5_DEPRESSIO","FCN1 || id:prot-c-3613_62_5","Inverse variance weighted","3",0.0618854556025728,0.0258070237193375,0.0164844942805451
"prot-c-3620_67_5","finn-b-F5_DEPRESSIO","Depression || id:finn-b-F5_DEPRESSIO","IL22RA1 || id:prot-c-3620_67_5","Inverse variance weighted","3",-0.0714845236339534,0.0353943509958415,0.0434187586666277
"finn-b-E4_THYROIDNASOTH","finn-b-F5_DEPRESSIO","Depression || id:finn-b-F5_DEPRESSIO","Disorder of thyroid, unspecified || id:finn-b-E4_THYROIDNASOTH","Inverse variance weighted","11",0.0126757541116511,0.00527962346711986,0.0163555998418903
"finn-b-F5_ADHD","finn-b-F5_DEPRESSIO","Depression || id:finn-b-F5_DEPRESSIO","Disturbance of activity and attention || id:finn-b-F5_ADHD","Inverse variance weighted","9",0.0399014168894069,0.0143013047358643,0.00526992010802776
"finn-b-F5_ALCOHOL","finn-b-F5_DEPRESSIO","Depression || id:finn-b-F5_DEPRESSIO","Mental and behavioural disorders due to alcohol || id:finn-b-F5_ALCOHOL","Inverse variance weighted","28",0.194291135497105,0.0289178261836236,1.83312208307714e-11
"prot-c-4152_58_2","finn-b-F5_DEPRESSIO","Depression || id:finn-b-F5_DEPRESSIO","Prekallikrein || id:prot-c-4152_58_2","Inverse variance weighted","5",-0.0303199193848314,0.0142077757034831,0.0328397501995639
"prot-c-4157_2_1","finn-b-F5_DEPRESSIO","Depression || id:finn-b-F5_DEPRESSIO","Thrombin || id:prot-c-4157_2_1","Inverse variance weighted","3",-0.063966022294567,0.0306693151154957,0.037008668071044
"prot-c-4159_130_1","finn-b-F5_DEPRESSIO","Depression || id:finn-b-F5_DEPRESSIO","Factor H || id:prot-c-4159_130_1","Inverse variance weighted","4",-0.0510720791394156,0.0179737373901687,0.00449041684182441
"finn-b-F5_ALCOHOLAC","finn-b-F5_DEPRESSIO","Depression || id:finn-b-F5_DEPRESSIO","Acute alcohol intoxication (F5_ALCOHOLAC) || id:finn-b-F5_ALCOHOLAC","Inverse variance weighted","11",0.131976551828435,0.0311758448838952,2.30291986583165e-05
"finn-b-F5_ALCOHOL_DEPENDENCE","finn-b-F5_DEPRESSIO","Depression || id:finn-b-F5_DEPRESSIO","Alcohol dependence || id:finn-b-F5_ALCOHOL_DEPENDENCE","Inverse variance weighted","10",0.176890805256263,0.0346050106191375,3.19254371894202e-07
"prot-c-4237_70_3","finn-b-F5_DEPRESSIO","Depression || id:finn-b-F5_DEPRESSIO","LCMT1 || id:prot-c-4237_70_3","Inverse variance weighted","3",0.0502029827230652,0.0239425349550842,0.0360102648430757
"finn-b-F5_ALLANXIOUS","finn-b-F5_DEPRESSIO","Depression || id:finn-b-F5_DEPRESSIO","All anxiety disorders || id:finn-b-F5_ALLANXIOUS","Inverse variance weighted","17",0.346031994446151,0.0390904385675431,8.58970811814248e-19
"prot-c-4282_3_2","finn-b-F5_DEPRESSIO","Depression || id:finn-b-F5_DEPRESSIO","RAN || id:prot-c-4282_3_2","Inverse variance weighted","3",0.109698385936368,0.03092673445255,0.000389584395247546
"finn-b-F5_ANXIETY","finn-b-F5_DEPRESSIO","Depression || id:finn-b-F5_DEPRESSIO","Other anxiety disorders || id:finn-b-F5_ANXIETY","Inverse variance weighted","18",0.238442744145522,0.0309638338904745,1.35338299366998e-14
"prot-c-4407_10_1","finn-b-F5_DEPRESSIO","Depression || id:finn-b-F5_DEPRESSIO","MSP || id:prot-c-4407_10_1","Inverse variance weighted","2",0.0324934111529225,0.00842683660963958,0.000115283818174571
"finn-b-F5_ANXPER","finn-b-F5_DEPRESSIO","Depression || id:finn-b-F5_DEPRESSIO","Anxious personality disorder || id:finn-b-F5_ANXPER","Inverse variance weighted","5",0.0241592952576264,0.0109910998152022,0.0279435443685329
"prot-c-4449_67_3","finn-b-F5_DEPRESSIO","Depression || id:finn-b-F5_DEPRESSIO","GREM1 || id:prot-c-4449_67_3","Inverse variance weighted","2",-0.0728545638887343,0.0368910816682122,0.0482845229068785
"prot-c-4471_50_2","finn-b-F5_DEPRESSIO","Depression || id:finn-b-F5_DEPRESSIO","TGM3 || id:prot-c-4471_50_2","Inverse variance weighted","2",0.0931213136586463,0.0453161020201957,0.0398859877515827
"finn-b-F5_BEHAVE","finn-b-F5_DEPRESSIO","Depression || id:finn-b-F5_DEPRESSIO","Behavioural syndromes associated with physiological disturbances and physical factors || id:finn-b-F5_BEHAVE","Inverse variance weighted","15",0.0767934945726337,0.0321556952911335,0.016932180983859
"finn-b-F5_BEHEMOCHILD","finn-b-F5_DEPRESSIO","Depression || id:finn-b-F5_DEPRESSIO","Behauvioural and emotional disorders with onset usually occuring in childhood and adolescence || id:finn-b-F5_BEHEMOCHILD","Inverse variance weighted","14",0.0850168804935664,0.0287966669146487,0.00315399269213138
"prot-c-4496_60_2","finn-b-F5_DEPRESSIO","Depression || id:finn-b-F5_DEPRESSIO","MMP-12 || id:prot-c-4496_60_2","Inverse variance weighted","3",-0.0348923673430459,0.0173275359183477,0.0440415962113728
"finn-b-F5_BIPO","finn-b-F5_DEPRESSIO","Depression || id:finn-b-F5_DEPRESSIO","Bipolar affective disorders || id:finn-b-F5_BIPO","Inverse variance weighted","10",0.195373713072183,0.0288684863967043,1.30831376838266e-11
"finn-b-F5_CANNABIS","finn-b-F5_DEPRESSIO","Depression || id:finn-b-F5_DEPRESSIO","Mental and behavioural disorders due to cannabinoids || id:finn-b-F5_CANNABIS","Inverse variance weighted","11",0.0274534099702959,0.0131650376048214,0.0370396171863864
"prot-c-4786_58_3","finn-b-F5_DEPRESSIO","Depression || id:finn-b-F5_DEPRESSIO","Cytidylate kinase || id:prot-c-4786_58_3","Inverse variance weighted","4",-0.0528053917244094,0.025603069098092,0.0391636431581147
"prot-c-4876_32_1","finn-b-F5_DEPRESSIO","Depression || id:finn-b-F5_DEPRESSIO","Coagulation Factor IX || id:prot-c-4876_32_1","Inverse variance weighted","3",0.0708132276953935,0.0341534001428555,0.0381362455904398
"prot-c-4913_78_1","finn-b-F5_DEPRESSIO","Depression || id:finn-b-F5_DEPRESSIO","HCC-4 || id:prot-c-4913_78_1","Inverse variance weighted","4",0.0395323325401748,0.0156802463971539,0.0116970295107811
"prot-c-5007_1_1","finn-b-F5_DEPRESSIO","Depression || id:finn-b-F5_DEPRESSIO","MAPK14 || id:prot-c-5007_1_1","Inverse variance weighted","2",0.0796524592964754,0.0393544448711215,0.0429726018987066
"finn-b-F5_DISSOCIATIVE","finn-b-F5_DEPRESSIO","Depression || id:finn-b-F5_DEPRESSIO","Dissociative [conversion] disorders || id:finn-b-F5_DISSOCIATIVE","Inverse variance weighted","6",0.0381397376246401,0.0143301297816628,0.00777917733746475
"finn-b-F5_EATING","finn-b-F5_DEPRESSIO","Depression || id:finn-b-F5_DEPRESSIO","Eating disorders || id:finn-b-F5_EATING","Inverse variance weighted","8",0.0534649533165328,0.0235246522264556,0.0230430439989546
"prot-c-5078_82_3","finn-b-F5_DEPRESSIO","Depression || id:finn-b-F5_DEPRESSIO","EphB6 || id:prot-c-5078_82_3","Inverse variance weighted","2",0.07022978835555,0.0332614626331329,0.0347339789469471
"finn-b-F5_EMOCHILD","finn-b-F5_DEPRESSIO","Depression || id:finn-b-F5_DEPRESSIO","Emotional disorders and disorders of social functioning with onset specific to childhood || id:finn-b-F5_EMOCHILD","Inverse variance weighted","14",0.0247267483541913,0.0117822288559401,0.0358479617182673
"prot-c-5099_14_3","finn-b-F5_DEPRESSIO","Depression || id:finn-b-F5_DEPRESSIO","LAG-3 || id:prot-c-5099_14_3","Inverse variance weighted","3",0.0888315430013611,0.0394678922329938,0.0244026853427678
"finn-b-F5_EMOPER","finn-b-F5_DEPRESSIO","Depression || id:finn-b-F5_DEPRESSIO","Emotionally unstable personality disorder || id:finn-b-F5_EMOPER","Inverse variance weighted","16",0.0830983340800878,0.0213860481593469,0.000102063604263531
"finn-b-F5_GAD","finn-b-F5_DEPRESSIO","Depression || id:finn-b-F5_DEPRESSIO","Generalized anxiety disorder || id:finn-b-F5_GAD","Inverse variance weighted","9",0.0957302093272051,0.0233202824379112,4.04281138379829e-05
"finn-b-F5_HABIT","finn-b-F5_DEPRESSIO","Depression || id:finn-b-F5_DEPRESSIO","Habit and impulse disorders || id:finn-b-F5_HABIT","Inverse variance weighted","8",0.0159660376772185,0.00746111352790874,0.03236284003197
"prot-c-5238_26_3","finn-b-F5_DEPRESSIO","Depression || id:finn-b-F5_DEPRESSIO","PPIE || id:prot-c-5238_26_3","Inverse variance weighted","5",-0.0437947594316208,0.0182985696255308,0.0166956102655131
"finn-b-F5_INSOMNIA","finn-b-F5_DEPRESSIO","Depression || id:finn-b-F5_DEPRESSIO","Insomnia || id:finn-b-F5_INSOMNIA","Inverse variance weighted","7",0.065932793913562,0.023975017879753,0.00595839267449918
"prot-c-5356_2_3","finn-b-F5_DEPRESSIO","Depression || id:finn-b-F5_DEPRESSIO","MIF || id:prot-c-5356_2_3","Inverse variance weighted","3",0.0658954594260315,0.0312563940016443,0.0350116751240374
"finn-b-F5_KELAMENT","finn-b-F5_DEPRESSIO","Depression || id:finn-b-F5_DEPRESSIO","Kela-cod for severe mental illness || id:finn-b-F5_KELAMENT","Inverse variance weighted","18",0.133847935533777,0.0330402626704161,5.0987125821526e-05
"finn-b-F5_MENTALUNSPE","finn-b-F5_DEPRESSIO","Depression || id:finn-b-F5_DEPRESSIO","Mental disorders, not otherwise specified || id:finn-b-F5_MENTALUNSPE","Inverse variance weighted","6",0.0675595903678005,0.0236914411858212,0.00434935833635181
"ubm-a-2669","finn-b-F5_DEPRESSIO","Depression || id:finn-b-F5_DEPRESSIO","volume CSF || id:ubm-a-2669","Inverse variance weighted","16",-0.0955438911435487,0.0424263716582764,0.0243227156391532
"ukb-b-10011","finn-b-F5_DEPRESSIO","Depression || id:finn-b-F5_DEPRESSIO","Townsend deprivation index at recruitment || id:ukb-b-10011","Inverse variance weighted","111",0.508581045642348,0.12337927620332,3.75442985334437e-05
"ukb-b-10093","finn-b-F5_DEPRESSIO","Depression || id:finn-b-F5_DEPRESSIO","Tense / 'highly strung' || id:ukb-b-10093","Inverse variance weighted","141",1.5256174851341,0.242772997737825,3.29691183844837e-10
"finn-b-F5_MIXPER","finn-b-F5_DEPRESSIO","Depression || id:finn-b-F5_DEPRESSIO","Mixed and other personality disorders || id:finn-b-F5_MIXPER","Inverse variance weighted","8",0.0512964877279251,0.0220957194624692,0.0202567636235758
"ukb-b-10144","finn-b-F5_DEPRESSIO","Depression || id:finn-b-F5_DEPRESSIO","Diagnoses - secondary ICD10: K21.0 Gastro-oesophageal reflux disease with oesophagitis || id:ukb-b-10144","Inverse variance weighted","6",13.5278780137816,6.78738695793032,0.0462515131076695
"ukb-b-10169","finn-b-F5_DEPRESSIO","Depression || id:finn-b-F5_DEPRESSIO","Guilty feelings || id:ukb-b-10169","Inverse variance weighted","112",1.10282399954048,0.237188117858258,3.32619331899941e-06
"ukb-b-10215","finn-b-F5_DEPRESSIO","Depression || id:finn-b-F5_DEPRESSIO","Hand grip strength (right) || id:ukb-b-10215","Inverse variance weighted","319",-0.185329026758391,0.0782242278087842,0.017826495927323
"finn-b-F5_MOOD","finn-b-F5_DEPRESSIO","Depression || id:finn-b-F5_DEPRESSIO","Mood [affective] disorders || id:finn-b-F5_MOOD","Inverse variance weighted","38",0.990887482152752,0.0352745390870515,1.27153855852727e-173
"ukb-b-10248","finn-b-F5_DEPRESSIO","Depression || id:finn-b-F5_DEPRESSIO","Type of cancer: ICD10: C44.3 Skin of other and unspecified parts of face || id:ukb-b-10248","Inverse variance weighted","43",-2.81318568013841,1.25334542406012,0.0247975889684583
"finn-b-F5_MOODOTH","finn-b-F5_DEPRESSIO","Depression || id:finn-b-F5_DEPRESSIO","Other and unspecidied mood [affective] disorders || id:finn-b-F5_MOODOTH","Inverse variance weighted","11",0.04184469750159,0.0160799400998595,0.00926030025202364
"ukb-b-10387","finn-b-F5_DEPRESSIO","Depression || id:finn-b-F5_DEPRESSIO","Leg pain on walking || id:ukb-b-10387","Inverse variance weighted","24",0.839260638324135,0.349378424404413,0.0162988632580426
"ukb-b-10444","finn-b-F5_DEPRESSIO","Depression || id:finn-b-F5_DEPRESSIO","Operative procedures - main OPCS: X50.1 Direct current cardioversion || id:ukb-b-10444","Inverse variance weighted","18",7.33161585824062,2.45943582154645,0.00287294421703798
"finn-b-F5_NEUROTIC","finn-b-F5_DEPRESSIO","Depression || id:finn-b-F5_DEPRESSIO","Neurotic, stress-related and somatoform disorders || id:finn-b-F5_NEUROTIC","Inverse variance weighted","21",0.430548155434253,0.0488287037608436,1.17020912751258e-18
"ukb-b-10591","finn-b-F5_DEPRESSIO","Depression || id:finn-b-F5_DEPRESSIO","Chest pain or discomfort || id:ukb-b-10591","Inverse variance weighted","63",1.62282597390017,0.439378606135712,0.000221225961600611
"ukb-b-10640","finn-b-F5_DEPRESSIO","Depression || id:finn-b-F5_DEPRESSIO","Sweetened cereal intake || id:ukb-b-10640","Inverse variance weighted","16",0.690813611358034,0.312086517317654,0.0268609634319174
"finn-b-F5_OCD","finn-b-F5_DEPRESSIO","Depression || id:finn-b-F5_DEPRESSIO","Obsessive-compulsive disorder || id:finn-b-F5_OCD","Inverse variance weighted","12",0.050726879095376,0.0141991514801353,0.000353550444051647
"ukb-b-10733","finn-b-F5_DEPRESSIO","Depression || id:finn-b-F5_DEPRESSIO","Operation code: fertility treatment procedures || id:ukb-b-10733","Inverse variance weighted","3",-40.48581441974,12.7430850643325,0.00148765440805218
"ukb-b-10753","finn-b-F5_DEPRESSIO","Depression || id:finn-b-F5_DEPRESSIO","Diabetes diagnosed by doctor || id:ukb-b-10753","Inverse variance weighted","152",0.670794186290846,0.315450070707311,0.0334643886891773
"ukb-b-10787","finn-b-F5_DEPRESSIO","Depression || id:finn-b-F5_DEPRESSIO","Standing height || id:ukb-b-10787","Inverse variance weighted","871",-0.0865346080862478,0.0296872489711063,0.00355831482812242
"ukb-b-10807","finn-b-F5_DEPRESSIO","Depression || id:finn-b-F5_DEPRESSIO","Illnesses of mother: Severe depression || id:ukb-b-10807","Inverse variance weighted","20",2.25988399818997,1.00759676075053,0.0249067704262433
"ukb-b-10831","finn-b-F5_DEPRESSIO","Depression || id:finn-b-F5_DEPRESSIO","Pack years of smoking || id:ukb-b-10831","Inverse variance weighted","61",0.186887625426521,0.0716748978077268,0.00912234319959888
"finn-b-F5_OTHERSUB","finn-b-F5_DEPRESSIO","Depression || id:finn-b-F5_DEPRESSIO","Mental and behavioural disorders due to multiple drug use and use of multiple drugs and use of other psycoactive substances || id:finn-b-F5_OTHERSUB","Inverse variance weighted","12",0.0383399773197811,0.01661778291873,0.0210455892792871
"finn-b-F5_OTHPER","finn-b-F5_DEPRESSIO","Depression || id:finn-b-F5_DEPRESSIO","Other specified and unspecified personality disorders || id:finn-b-F5_OTHPER","Inverse variance weighted","13",0.0941952122247191,0.0200215506161451,2.54250539902757e-06
"finn-b-F5_PANIC","finn-b-F5_DEPRESSIO","Depression || id:finn-b-F5_DEPRESSIO","Panic disorder || id:finn-b-F5_PANIC","Inverse variance weighted","10",0.0812516788770462,0.0294316113457539,0.00576786541224439
"ukb-b-11085","finn-b-F5_DEPRESSIO","Depression || id:finn-b-F5_DEPRESSIO","Medication for pain relief, constipation, heartburn: None of the above || id:ukb-b-11085","Inverse variance weighted","129",-0.645004198913772,0.215195088767221,0.00272382689005734
"finn-b-F5_PERSMOOD","finn-b-F5_DEPRESSIO","Depression || id:finn-b-F5_DEPRESSIO","Persistent mood disorders || id:finn-b-F5_PERSMOOD","Inverse variance weighted","11",0.181108619579042,0.0282192326084118,1.38153887035672e-10
"finn-b-F5_PERSOBEH","finn-b-F5_DEPRESSIO","Depression || id:finn-b-F5_DEPRESSIO","Disorders of adult personality and behaviour || id:finn-b-F5_PERSOBEH","Inverse variance weighted","17",0.222012848489931,0.0287050128799147,1.03983061485323e-14
"ukb-b-11413","finn-b-F5_DEPRESSIO","Depression || id:finn-b-F5_DEPRESSIO","Pain type(s) experienced in last month: Stomach or abdominal pain || id:ukb-b-11413","Inverse variance weighted","29",3.41947549897373,0.733338770684908,3.11804646423443e-06
"finn-b-F5_PERSONALITY","finn-b-F5_DEPRESSIO","Depression || id:finn-b-F5_DEPRESSIO","Specific personality disorders || id:finn-b-F5_PERSONALITY","Inverse variance weighted","16",0.156103853140233,0.0284125821242112,3.92528981351748e-08
"ukb-b-11461","finn-b-F5_DEPRESSIO","Depression || id:finn-b-F5_DEPRESSIO","Medication for pain relief, constipation, heartburn: Laxatives (e.g. Dulcolax, Senokot) || id:ukb-b-11461","Inverse variance weighted","24",4.61486065575167,1.66501542808615,0.00557708449768794
"ukb-b-11605","finn-b-F5_DEPRESSIO","Depression || id:finn-b-F5_DEPRESSIO","Medication for pain relief, constipation, heartburn: Omeprazole (e.g. Zanprol) || id:ukb-b-11605","Inverse variance weighted","33",1.82792866083295,0.88765428599502,0.0394674294440677
"finn-b-F5_PHOBANX","finn-b-F5_DEPRESSIO","Depression || id:finn-b-F5_DEPRESSIO","Phobic anxiety disorders || id:finn-b-F5_PHOBANX","Inverse variance weighted","7",0.0802309996042748,0.0309031654382508,0.0094259391238862
"ukb-b-11615","finn-b-F5_DEPRESSIO","Depression || id:finn-b-F5_DEPRESSIO","Qualifications: A levels/AS levels or equivalent || id:ukb-b-11615","Inverse variance weighted","243",-0.729090157683982,0.159946825007838,5.15623645205868e-06
"ukb-b-11697","finn-b-F5_DEPRESSIO","Depression || id:finn-b-F5_DEPRESSIO","Intake of sugar added to cereal || id:ukb-b-11697","Inverse variance weighted","13",0.394259167088601,0.157834020905393,0.0124919002700756
"finn-b-F5_PSYCH","finn-b-F5_DEPRESSIO","Depression || id:finn-b-F5_DEPRESSIO","Psychiatric diseases || id:finn-b-F5_PSYCH","Inverse variance weighted","36",0.683292856200541,0.0664372805605093,8.25297935045351e-25
"ukb-b-11765","finn-b-F5_DEPRESSIO","Depression || id:finn-b-F5_DEPRESSIO","Treatment speciality of consultant (recoded): Clinical oncology || id:ukb-b-11765","Inverse variance weighted","7",7.77036286332037,3.91519774222557,0.0471815580699567
"ukb-b-11800","finn-b-F5_DEPRESSIO","Depression || id:finn-b-F5_DEPRESSIO","PCT where patients GP was registered: CITY AND HACKNEY TEACHING PCT || id:ukb-b-11800","Inverse variance weighted","2",41.4583164857984,14.9360777698245,0.00550802253862829
"ukb-b-12014","finn-b-F5_DEPRESSIO","Depression || id:finn-b-F5_DEPRESSIO","Medication for cholesterol, blood pressure or diabetes: None of the above || id:ukb-b-12014","Inverse variance weighted","149",-0.224016482661866,0.111013699514562,0.0435998582175758
"ukb-b-12018","finn-b-F5_DEPRESSIO","Depression || id:finn-b-F5_DEPRESSIO","Illnesses of mother: Chronic bronchitis/emphysema || id:ukb-b-12018","Inverse variance weighted","31",1.64902974402297,0.797206714081978,0.0385921285048294
"ukb-b-12019","finn-b-F5_DEPRESSIO","Depression || id:finn-b-F5_DEPRESSIO","Peak expiratory flow (PEF) || id:ukb-b-12019","Inverse variance weighted","273",-0.212911671566191,0.0652706401407691,0.00110636059028307
"ukb-b-12064","finn-b-F5_DEPRESSIO","Depression || id:finn-b-F5_DEPRESSIO","Non-cancer illness code, self-reported: depression || id:ukb-b-12064","Inverse variance weighted","30",3.48470551623203,1.02133996389529,0.000645127725876051
"finn-b-F5_PSYTRANS","finn-b-F5_DEPRESSIO","Depression || id:finn-b-F5_DEPRESSIO","Acute and transient psychotic disorders || id:finn-b-F5_PSYTRANS","Inverse variance weighted","10",0.0680123235757782,0.0220187419734441,0.00200941079052204
"finn-b-F5_PTSD","finn-b-F5_DEPRESSIO","Depression || id:finn-b-F5_DEPRESSIO","Post-traumatic stress disorder || id:finn-b-F5_PTSD","Inverse variance weighted","10",0.0371640837089863,0.015813405325764,0.0187651799999749
"ukb-b-12181","finn-b-F5_DEPRESSIO","Depression || id:finn-b-F5_DEPRESSIO","Pain type(s) experienced in last month: Headache || id:ukb-b-12181","Inverse variance weighted","112",0.576532735794724,0.241443793923506,0.0169470332665936
"finn-b-F5_SCHIZOAFF","finn-b-F5_DEPRESSIO","Depression || id:finn-b-F5_DEPRESSIO","Schizoaffective disorder || id:finn-b-F5_SCHIZOAFF","Inverse variance weighted","6",0.057848421451538,0.0239259993895048,0.0156144052696402
"ukb-b-12332","finn-b-F5_DEPRESSIO","Depression || id:finn-b-F5_DEPRESSIO","Methods of admission to hospital (recoded): Emergency admission: GP || id:ukb-b-12332","Inverse variance weighted","37",1.49350773616919,0.681591997287178,0.0284369669164355
"ukb-b-12405","finn-b-F5_DEPRESSIO","Depression || id:finn-b-F5_DEPRESSIO","Age at first live birth || id:ukb-b-12405","Inverse variance weighted","151",-0.36783688166956,0.0600683076525115,9.14595997997471e-10
"ukb-b-12493","finn-b-F5_DEPRESSIO","Depression || id:finn-b-F5_DEPRESSIO","Diagnoses - secondary ICD10: I10 Essential (primary) hypertension || id:ukb-b-12493","Inverse variance weighted","167",0.97061112689079,0.229269758555325,2.30092879296759e-05
"ukb-b-1260","finn-b-F5_DEPRESSIO","Depression || id:finn-b-F5_DEPRESSIO","Spells in hospital || id:ukb-b-1260","Inverse variance weighted","35",0.583546555379467,0.186574971535312,0.00176192704292586
"finn-b-F5_SLEEP","finn-b-F5_DEPRESSIO","Depression || id:finn-b-F5_DEPRESSIO","Sleep disorders || id:finn-b-F5_SLEEP","Inverse variance weighted","4",0.106620463158642,0.0393061059892112,0.00667641951178991
"finn-b-F5_SOMATOFORM","finn-b-F5_DEPRESSIO","Depression || id:finn-b-F5_DEPRESSIO","Somatoform disorder || id:finn-b-F5_SOMATOFORM","Inverse variance weighted","17",0.0530601811103197,0.0205656831919495,0.0098790320446077
"ukb-b-1306","finn-b-F5_DEPRESSIO","Depression || id:finn-b-F5_DEPRESSIO","Diagnoses - main ICD10: K29.6 Other gastritis || id:ukb-b-1306","Inverse variance weighted","2",-31.4244254271084,14.0351628495635,0.0251573264107391
"finn-b-F5_STRESSOTH","finn-b-F5_DEPRESSIO","Depression || id:finn-b-F5_DEPRESSIO","Other reactioin to severe stress, and adjustment disorders || id:finn-b-F5_STRESSOTH","Inverse variance weighted","20",0.247379965630461,0.0287894379377116,8.49244089598608e-18
"ukb-b-1310","finn-b-F5_DEPRESSIO","Depression || id:finn-b-F5_DEPRESSIO","Other drink intake || id:ukb-b-1310","Inverse variance weighted","19",0.4761479262866,0.2390111314661,0.0463537300576207
"finn-b-F5_SUBSNOALCO","finn-b-F5_DEPRESSIO","Depression || id:finn-b-F5_DEPRESSIO","Substance use, excluding alcohol || id:finn-b-F5_SUBSNOALCO","Inverse variance weighted","12",0.0935872507391191,0.0287830469272115,0.00114809370051841
"ukb-b-13184","finn-b-F5_DEPRESSIO","Depression || id:finn-b-F5_DEPRESSIO","Types of physical activity in last 4 weeks: Heavy DIY (eg: weeding, lawn mowing, carpentry, digging) || id:ukb-b-13184","Inverse variance weighted","89",-0.826579347211354,0.264130793678122,0.00175144629387863
"finn-b-F5_SUBSTANCE","finn-b-F5_DEPRESSIO","Depression || id:finn-b-F5_DEPRESSIO","Mental and behavioural disorders due to psychoctive substance use || id:finn-b-F5_SUBSTANCE","Inverse variance weighted","26",0.196392122572407,0.0311164316765607,2.76299951861954e-10
"ukb-b-1331","finn-b-F5_DEPRESSIO","Depression || id:finn-b-F5_DEPRESSIO","PCT where patients GP was registered: CHESTERFIELD PCT || id:ukb-b-1331","Inverse variance weighted","5",-21.1980652670917,10.1715958562306,0.0371560582662128
"finn-b-F5_TIC","finn-b-F5_DEPRESSIO","Depression || id:finn-b-F5_DEPRESSIO","Tic disorders (F5_TIC) || id:finn-b-F5_TIC","Inverse variance weighted","7",0.0143139268926801,0.0065901625524457,0.029854589019264
"ukb-b-13352","finn-b-F5_DEPRESSIO","Depression || id:finn-b-F5_DEPRESSIO","Vascular/heart problems diagnosed by doctor: None of the above || id:ukb-b-13352","Inverse variance weighted","367",-0.378123299991119,0.100040814273405,0.000157023515365651
"ukb-b-13378","finn-b-F5_DEPRESSIO","Depression || id:finn-b-F5_DEPRESSIO","Birth weight || id:ukb-b-13378","Inverse variance weighted","259",-0.138413341777088,0.0432890815534715,0.00138663238485392
"finn-b-F5_TOBAC","finn-b-F5_DEPRESSIO","Depression || id:finn-b-F5_DEPRESSIO","Mental and behavioural disorders due to tobacco || id:finn-b-F5_TOBAC","Inverse variance weighted","12",0.0294287563560636,0.0140266630400326,0.0358999984987521
"ukb-b-13423","finn-b-F5_DEPRESSIO","Depression || id:finn-b-F5_DEPRESSIO","Breastfed as a baby || id:ukb-b-13423","Inverse variance weighted","59",-0.643894346076876,0.321333306937899,0.045089265928075
"finn-b-F5_UNSMENDIS","finn-b-F5_DEPRESSIO","Depression || id:finn-b-F5_DEPRESSIO","Unspecified mental disorder || id:finn-b-F5_UNSMENDIS","Inverse variance weighted","16",0.182894457188555,0.0297031395319294,7.39434724927904e-10
"ukb-b-13464","finn-b-F5_DEPRESSIO","Depression || id:finn-b-F5_DEPRESSIO","Diagnoses - main ICD10: K62.8 Other specified diseases of anus and rectum || id:ukb-b-13464","Inverse variance weighted","4",-24.6092397932227,12.3656397113085,0.0465765345944595
"ukb-b-13488","finn-b-F5_DEPRESSIO","Depression || id:finn-b-F5_DEPRESSIO","Treatment/medication code: perindopril || id:ukb-b-13488","Inverse variance weighted","9",6.38250763629074,3.22409436190823,0.0477453386589892
"finn-b-FE","finn-b-F5_DEPRESSIO","Depression || id:finn-b-F5_DEPRESSIO","Focal epilepsy || id:finn-b-FE","Inverse variance weighted","6",0.0422190716038074,0.0168636317210531,0.0122951701428124
"ukb-b-13653","finn-b-F5_DEPRESSIO","Depression || id:finn-b-F5_DEPRESSIO","Worry too long after embarrassment || id:ukb-b-13653","Inverse variance weighted","162",0.490391026850223,0.182740641689095,0.00728482078118523
"finn-b-FEMHER_UNILATERAL","finn-b-F5_DEPRESSIO","Depression || id:finn-b-F5_DEPRESSIO","Femoral hernia, unilateral || id:finn-b-FEMHER_UNILATERAL","Inverse variance weighted","9",0.0256107497535351,0.0102535053902775,0.0124982353682399
"ukb-b-13702","finn-b-F5_DEPRESSIO","Depression || id:finn-b-F5_DEPRESSIO","Time spent doing vigorous physical activity || id:ukb-b-13702","Inverse variance weighted","15",-0.194471585630828,0.0719711548058882,0.00689078495857277
"ukb-b-13745","finn-b-F5_DEPRESSIO","Depression || id:finn-b-F5_DEPRESSIO","Irritability || id:ukb-b-13745","Inverse variance weighted","167",0.613868029820612,0.206272618701776,0.00292031553964447
"ukb-b-13764","finn-b-F5_DEPRESSIO","Depression || id:finn-b-F5_DEPRESSIO","Long-standing illness, disability or infirmity || id:ukb-b-13764","Inverse variance weighted","128",1.20899285077441,0.215126361757387,1.91046375617653e-08
"finn-b-FEMNINGHER_UNILATERAL","finn-b-F5_DEPRESSIO","Depression || id:finn-b-F5_DEPRESSIO","Inguinal of femoral hernia, unilateral || id:finn-b-FEMNINGHER_UNILATERAL","Inverse variance weighted","9",0.0256116119945002,0.0102536449271199,0.0124964692494151
"ukb-b-13952","finn-b-F5_DEPRESSIO","Depression || id:finn-b-F5_DEPRESSIO","Illnesses of siblings: Chronic bronchitis/emphysema || id:ukb-b-13952","Inverse variance weighted","16",4.13584399982834,2.05761823585747,0.0444295765405895
"ukb-b-13979","finn-b-F5_DEPRESSIO","Depression || id:finn-b-F5_DEPRESSIO","Non-cancer illness code, self-reported: fracture lower leg / ankle || id:ukb-b-13979","Inverse variance weighted","4",-22.238680237892,11.0717528196538,0.0445799785081987
"ukb-b-14050","finn-b-F5_DEPRESSIO","Depression || id:finn-b-F5_DEPRESSIO","Why reduced smoking: Financial reasons || id:ukb-b-14050","Inverse variance weighted","4",0.521210774269186,0.225395839046645,0.0207543225532319
"ukb-b-14057","finn-b-F5_DEPRESSIO","Depression || id:finn-b-F5_DEPRESSIO","Non-cancer illness code, self-reported: hypertension || id:ukb-b-14057","Inverse variance weighted","368",0.421389618841007,0.0961763212863736,1.17904052556814e-05
"ukb-b-14080","finn-b-F5_DEPRESSIO","Depression || id:finn-b-F5_DEPRESSIO","Current employment status: Unable to work because of sickness or disability || id:ukb-b-14080","Inverse variance weighted","38",3.17923731409464,1.02621393519629,0.00194814425097672
"ukb-b-14145","finn-b-F5_DEPRESSIO","Depression || id:finn-b-F5_DEPRESSIO","Celery intake || id:ukb-b-14145","Inverse variance weighted","15",-0.395878190235349,0.142893252744805,0.00559794015337928
"ukb-b-14147","finn-b-F5_DEPRESSIO","Depression || id:finn-b-F5_DEPRESSIO","Risk taking || id:ukb-b-14147","Inverse variance weighted","148",0.663216642596353,0.210347043399361,0.00161621770872853
"ukb-b-14171","finn-b-F5_DEPRESSIO","Depression || id:finn-b-F5_DEPRESSIO","Cottage cheese intake || id:ukb-b-14171","Inverse variance weighted","24",0.998527801397608,0.337753432636541,0.00311272408675973
"ukb-b-14177","finn-b-F5_DEPRESSIO","Depression || id:finn-b-F5_DEPRESSIO","Vascular/heart problems diagnosed by doctor: High blood pressure || id:ukb-b-14177","Inverse variance weighted","378",0.417662473104548,0.0986438542367775,2.29525447534031e-05
"ukb-b-14179","finn-b-F5_DEPRESSIO","Depression || id:finn-b-F5_DEPRESSIO","Lamb/mutton intake || id:ukb-b-14179","Inverse variance weighted","123",-0.387930327618387,0.145398089016028,0.00762914099300866
"ukb-b-14180","finn-b-F5_DEPRESSIO","Depression || id:finn-b-F5_DEPRESSIO","Mood swings || id:ukb-b-14180","Inverse variance weighted","181",1.24453544876633,0.16419923565833,3.47095362669686e-14
"finn-b-FG_CVD","finn-b-F5_DEPRESSIO","Depression || id:finn-b-F5_DEPRESSIO","Cardiovascular diseases (excluding rheumatic etc) || id:finn-b-FG_CVD","Inverse variance weighted","76",0.160271303138792,0.0316895903517323,4.24704118703501e-07
"ukb-b-1419","finn-b-F5_DEPRESSIO","Depression || id:finn-b-F5_DEPRESSIO","Frequency of unenthusiasm / disinterest in last 2 weeks || id:ukb-b-1419","Inverse variance weighted","87",1.00728198870094,0.237556291149262,2.23338297771271e-05
"ukb-b-14322","finn-b-F5_DEPRESSIO","Depression || id:finn-b-F5_DEPRESSIO","PCT where patients GP was registered: BARNSLEY PCT || id:ukb-b-14322","Inverse variance weighted","20",8.23708295060513,3.41824886131614,0.0159639956853322
"ukb-b-14371","finn-b-F5_DEPRESSIO","Depression || id:finn-b-F5_DEPRESSIO","Illnesses of siblings: Heart disease || id:ukb-b-14371","Inverse variance weighted","42",0.984651824736376,0.442523057995034,0.0260754709052224
"finn-b-FG_HYPERTENSION","finn-b-F5_DEPRESSIO","Depression || id:finn-b-F5_DEPRESSIO","Hypertensive diseases (excluding secondary) || id:finn-b-FG_HYPERTENSION","Inverse variance weighted","195",0.0697271799870738,0.0162377611974651,1.75373731473128e-05
"ukb-b-14395","finn-b-F5_DEPRESSIO","Depression || id:finn-b-F5_DEPRESSIO","Medication for cholesterol, blood pressure or diabetes: Blood pressure medication || id:ukb-b-14395","Inverse variance weighted","158",0.309569516902478,0.116487190456368,0.00787129506922597
"ukb-b-14449","finn-b-F5_DEPRESSIO","Depression || id:finn-b-F5_DEPRESSIO","Index of best refractometry result (left) || id:ukb-b-14449","Inverse variance weighted","10",0.636862744835493,0.223368006335717,0.00435570880608699
"finn-b-FG_OTHHEART","finn-b-F5_DEPRESSIO","Depression || id:finn-b-F5_DEPRESSIO","Other heart diseases (FG_OTHHEART) || id:finn-b-FG_OTHHEART","Inverse variance weighted","26",0.118858424630782,0.0475880203194554,0.0125018036529562
"ukb-b-14521","finn-b-F5_DEPRESSIO","Depression || id:finn-b-F5_DEPRESSIO","Illnesses of father: Lung cancer || id:ukb-b-14521","Inverse variance weighted","29",2.12113351858268,0.731617474650056,0.00374070283300916
"ukb-b-14598","finn-b-F5_DEPRESSIO","Depression || id:finn-b-F5_DEPRESSIO","Intended management of patient (recoded): No overnight hospital stay || id:ukb-b-14598","Inverse variance weighted","109",0.469265741777688,0.202007529847912,0.0201785541096568
"ukb-b-14624","finn-b-F5_DEPRESSIO","Depression || id:finn-b-F5_DEPRESSIO","Illness, injury, bereavement, stress in last 2 years: Marital separation/divorce || id:ukb-b-14624","Inverse variance weighted","8",5.50324852527774,2.5105315410935,0.0283748077082331
"ukb-b-14905","finn-b-F5_DEPRESSIO","Depression || id:finn-b-F5_DEPRESSIO","Age at bilateral oophorectomy (both ovaries removed) || id:ukb-b-14905","Inverse variance weighted","11",-0.20379572063082,0.073069050435277,0.00528573509494381
"ukb-b-14918","finn-b-F5_DEPRESSIO","Depression || id:finn-b-F5_DEPRESSIO","Illnesses of siblings: Severe depression || id:ukb-b-14918","Inverse variance weighted","23",2.3004843953951,0.826590612247999,0.00538421956343102
"ukb-b-14961","finn-b-F5_DEPRESSIO","Depression || id:finn-b-F5_DEPRESSIO","Other serious medical condition/disability diagnosed by doctor || id:ukb-b-14961","Inverse variance weighted","40",1.19383217808928,0.466275207757818,0.0104563921346581
"ukb-b-15418","finn-b-F5_DEPRESSIO","Depression || id:finn-b-F5_DEPRESSIO","Duration screen displayed || id:ukb-b-15418","Inverse variance weighted","65",0.225774870357511,0.0937911604260524,0.0160749933198233
"ukb-b-15625","finn-b-F5_DEPRESSIO","Depression || id:finn-b-F5_DEPRESSIO","Number of symbol digit matches made correctly || id:ukb-b-15625","Inverse variance weighted","53",-0.353272765568928,0.0889878133275544,7.19026487556248e-05
"ukb-b-15695","finn-b-F5_DEPRESSIO","Depression || id:finn-b-F5_DEPRESSIO","Ever had prostate specific antigen (PSA) test || id:ukb-b-15695","Inverse variance weighted","23",0.926986997545444,0.342337906306059,0.00677281935118073
"ukb-b-15784","finn-b-F5_DEPRESSIO","Depression || id:finn-b-F5_DEPRESSIO","Main speciality of consultant (recoded): General medicine || id:ukb-b-15784","Inverse variance weighted","59",1.43339553269736,0.426594522772851,0.000779173878680819
"ukb-b-15869","finn-b-F5_DEPRESSIO","Depression || id:finn-b-F5_DEPRESSIO","Types of physical activity in last 4 weeks: None of the above || id:ukb-b-15869","Inverse variance weighted","53",1.59598333061242,0.808833708450452,0.0484738144039743
"finn-b-G6_BRACHPLE","finn-b-F5_DEPRESSIO","Depression || id:finn-b-F5_DEPRESSIO","Brachial plexus disorders || id:finn-b-G6_BRACHPLE","Inverse variance weighted","11",0.0451242437610848,0.0175864137630684,0.010292089655221
"ukb-b-15926","finn-b-F5_DEPRESSIO","Depression || id:finn-b-F5_DEPRESSIO","Cereal intake || id:ukb-b-15926","Inverse variance weighted","171",-0.274424416428343,0.106257191836169,0.00980466567844472
"finn-b-G6_CERCYST","finn-b-F5_DEPRESSIO","Depression || id:finn-b-F5_DEPRESSIO","Cerebral cysts || id:finn-b-G6_CERCYST","Inverse variance weighted","6",-0.0351869749053326,0.0172110692434689,0.0409102338705262
"ukb-b-16202","finn-b-F5_DEPRESSIO","Depression || id:finn-b-F5_DEPRESSIO","Carotene || id:ukb-b-16202","Inverse variance weighted","17",0.263278821898346,0.0992324596316443,0.00797438966527962
"finn-b-G6_CERVROOT","finn-b-F5_DEPRESSIO","Depression || id:finn-b-F5_DEPRESSIO","Cervical root disorders || id:finn-b-G6_CERVROOT","Inverse variance weighted","6",0.0121827806313447,0.00617557742943148,0.0485257087758481
"ukb-b-16254","finn-b-F5_DEPRESSIO","Depression || id:finn-b-F5_DEPRESSIO","Pain type(s) experienced in last month: Knee pain || id:ukb-b-16254","Inverse variance weighted","89",0.819256177185819,0.290540569095965,0.00480588051935307
"ukb-b-16309","finn-b-F5_DEPRESSIO","Depression || id:finn-b-F5_DEPRESSIO","Non-cancer illness code, self-reported: epilepsy || id:ukb-b-16309","Inverse variance weighted","7",-11.8048815024809,4.53770544046224,0.00928146321339657
"ukb-b-16311","finn-b-F5_DEPRESSIO","Depression || id:finn-b-F5_DEPRESSIO","Interval between previous point and current one in alphanumeric path (trail #2) || id:ukb-b-16311","Inverse variance weighted","50",0.277972393470691,0.0783434882080914,0.000387985841299346
"ukb-b-16407","finn-b-F5_DEPRESSIO","Depression || id:finn-b-F5_DEPRESSIO","Trunk fat percentage || id:ukb-b-16407","Inverse variance weighted","574",0.112867105237102,0.0412597100179815,0.00622802269344642
"ukb-b-1645","finn-b-F5_DEPRESSIO","Depression || id:finn-b-F5_DEPRESSIO","Operative procedures - main OPCS: C75.1 Insertion of prosthetic replacement for lens NEC || id:ukb-b-1645","Inverse variance weighted","28",2.60884353126356,1.12221515634333,0.0200865789217075
"ukb-b-16489","finn-b-F5_DEPRESSIO","Depression || id:finn-b-F5_DEPRESSIO","Qualifications: College or University degree || id:ukb-b-16489","Inverse variance weighted","472",-0.37962858493602,0.101870475150819,0.000194094657368241
"ukb-b-16652","finn-b-F5_DEPRESSIO","Depression || id:finn-b-F5_DEPRESSIO","Non-cancer illness code, self-reported: pleurisy || id:ukb-b-16652","Inverse variance weighted","7",20.5150023784655,7.08842633736624,0.00380180807009665
"finn-b-G6_DIABETNEUR","finn-b-F5_DEPRESSIO","Depression || id:finn-b-F5_DEPRESSIO","Diabethic neuropathy || id:finn-b-G6_DIABETNEUR","Inverse variance weighted","11",0.0239074710308198,0.0120896119151332,0.0479826796270196
"ukb-b-16781","finn-b-F5_DEPRESSIO","Depression || id:finn-b-F5_DEPRESSIO","Diagnoses - main ICD10: G47.3 Sleep apnoea || id:ukb-b-16781","Inverse variance weighted","3",27.4749369100505,9.40403484203846,0.00348225539296218
"ukb-b-16862","finn-b-F5_DEPRESSIO","Depression || id:finn-b-F5_DEPRESSIO","Main speciality of consultant (recoded): Respiratory medicine || id:ukb-b-16862","Inverse variance weighted","6",-9.83652211456427,4.93997077779613,0.0464577403768353
"ukb-b-16878","finn-b-F5_DEPRESSIO","Depression || id:finn-b-F5_DEPRESSIO","Alcohol usually taken with meals || id:ukb-b-16878","Inverse variance weighted","148",-0.651568052070775,0.152036582582536,1.82246247897637e-05
"ukb-b-16886","finn-b-F5_DEPRESSIO","Depression || id:finn-b-F5_DEPRESSIO","Types of transport used (excluding work): Car/motor vehicle || id:ukb-b-16886","Inverse variance weighted","71",-0.955689584042098,0.348270527941442,0.00606768237586354
"ukb-b-17194","finn-b-F5_DEPRESSIO","Depression || id:finn-b-F5_DEPRESSIO","Eye problems/disorders: Macular degeneration || id:ukb-b-17194","Inverse variance weighted","7",2.91906674268457,1.23937458915969,0.0185090522561302
"ukb-b-17360","finn-b-F5_DEPRESSIO","Depression || id:finn-b-F5_DEPRESSIO","Illnesses of siblings: None of the above (group 1) || id:ukb-b-17360","Inverse variance weighted","73",-0.961245721847032,0.243150015861983,7.70796821555736e-05
"finn-b-G6_EPIPAROX","finn-b-F5_DEPRESSIO","Depression || id:finn-b-F5_DEPRESSIO","Episodal and paroxysmal disorders || id:finn-b-G6_EPIPAROX","Inverse variance weighted","34",0.168106984189928,0.0475104699749064,0.000402690134269121
"ukb-b-17595","finn-b-F5_DEPRESSIO","Depression || id:finn-b-F5_DEPRESSIO","Medication for pain relief, constipation, heartburn: Paracetamol || id:ukb-b-17595","Inverse variance weighted","107",0.762360342743143,0.273577150310763,0.00532580205079725
"ukb-b-17601","finn-b-F5_DEPRESSIO","Depression || id:finn-b-F5_DEPRESSIO","Mouth/teeth dental problems: None of the above || id:ukb-b-17601","Inverse variance weighted","107",-0.482538552368828,0.221335271544388,0.0292481992653611
"ukb-b-17670","finn-b-F5_DEPRESSIO","Depression || id:finn-b-F5_DEPRESSIO","Non-cancer illness code, self-reported: multiple sclerosis || id:ukb-b-17670","Inverse variance weighted","11",-12.0906587027616,4.46021639743227,0.0067125451384619
"ukb-b-17685","finn-b-F5_DEPRESSIO","Depression || id:finn-b-F5_DEPRESSIO","Maternal smoking around birth || id:ukb-b-17685","Inverse variance weighted","109",0.513994128185901,0.231906415912906,0.0266650792568032
"ukb-b-17729","finn-b-F5_DEPRESSIO","Depression || id:finn-b-F5_DEPRESSIO","Qualifications: None of the above || id:ukb-b-17729","Inverse variance weighted","266",0.780210325333374,0.182614460118155,1.93340831509644e-05
"ukb-b-1795","finn-b-F5_DEPRESSIO","Depression || id:finn-b-F5_DEPRESSIO","Low calorie hot chocolate intake || id:ukb-b-1795","Inverse variance weighted","24",0.615205177490737,0.29363461024662,0.0361586821731165
"ukb-b-17999","finn-b-F5_DEPRESSIO","Depression || id:finn-b-F5_DEPRESSIO","Weekly usage of mobile phone in last 3 months || id:ukb-b-17999","Inverse variance weighted","80",0.324589669999694,0.0961728881905369,0.000737984781713411
"ukb-b-18","finn-b-F5_DEPRESSIO","Depression || id:finn-b-F5_DEPRESSIO","Pairs matching completion status || id:ukb-b-18","Inverse variance weighted","20",-0.780124263646222,0.372686002970301,0.0363270139451294
"ukb-b-18009","finn-b-F5_DEPRESSIO","Depression || id:finn-b-F5_DEPRESSIO","Medication for cholesterol, blood pressure, diabetes, or take exogenous hormones: Blood pressure medication || id:ukb-b-18009","Inverse variance weighted","195",0.452656132563079,0.121789684707972,0.000201839175505331
"ukb-b-1806","finn-b-F5_DEPRESSIO","Depression || id:finn-b-F5_DEPRESSIO","Number of symbol digit matches attempted || id:ukb-b-1806","Inverse variance weighted","55",-0.279830360668363,0.0762258313616282,0.000241537197008483
"ukb-b-18096","finn-b-F5_DEPRESSIO","Depression || id:finn-b-F5_DEPRESSIO","Leg fat mass (right) || id:ukb-b-18096","Inverse variance weighted","602",0.157342315862042,0.0455714772084914,0.000555110776095118
"ukb-b-1822","finn-b-F5_DEPRESSIO","Depression || id:finn-b-F5_DEPRESSIO","Operation code: endometrial ablation || id:ukb-b-1822","Inverse variance weighted","4",17.8663030647152,7.51344603905265,0.017411046047989
"ukb-b-18275","finn-b-F5_DEPRESSIO","Depression || id:finn-b-F5_DEPRESSIO","Hearing difficulty/problems with background noise || id:ukb-b-18275","Inverse variance weighted","124",0.744353126365323,0.214051035963081,0.000506195532782151
"ukb-b-18335","finn-b-F5_DEPRESSIO","Depression || id:finn-b-F5_DEPRESSIO","Wheeze or whistling in the chest in last year || id:ukb-b-18335","Inverse variance weighted","163",1.08820882213432,0.224490101501704,1.25046524726094e-06
"ukb-b-18336","finn-b-F5_DEPRESSIO","Depression || id:finn-b-F5_DEPRESSIO","Seen a psychiatrist for nerves, anxiety, tension or depression || id:ukb-b-18336","Inverse variance weighted","62",2.73583313490157,0.579257154828816,2.32387706597076e-06
"ukb-b-18377","finn-b-F5_DEPRESSIO","Depression || id:finn-b-F5_DEPRESSIO","Leg fat percentage (left) || id:ukb-b-18377","Inverse variance weighted","569",0.209403401851125,0.0626837638706945,0.000835878663898052
"ukb-b-18596","finn-b-F5_DEPRESSIO","Depression || id:finn-b-F5_DEPRESSIO","Pain type(s) experienced in last month: Neck or shoulder pain || id:ukb-b-18596","Inverse variance weighted","60",0.893248166944252,0.390219058270731,0.0220738821419674
"ukb-b-18611","finn-b-F5_DEPRESSIO","Depression || id:finn-b-F5_DEPRESSIO","Type of sliced bread eaten: seeded || id:ukb-b-18611","Inverse variance weighted","7",-0.991037683755526,0.501062181256149,0.0479429625768823
"ukb-b-18674","finn-b-F5_DEPRESSIO","Depression || id:finn-b-F5_DEPRESSIO","Ever unenthusiastic/disinterested for a whole week || id:ukb-b-18674","Inverse variance weighted","29",1.02757853818208,0.282074880346568,0.000269554038329913
"ukb-b-18799","finn-b-F5_DEPRESSIO","Depression || id:finn-b-F5_DEPRESSIO","Treatment/medication code: bendroflumethiazide || id:ukb-b-18799","Inverse variance weighted","98",1.00883613617486,0.429239477472617,0.0187589204501706
"ukb-b-18994","finn-b-F5_DEPRESSIO","Depression || id:finn-b-F5_DEPRESSIO","Miserableness || id:ukb-b-18994","Inverse variance weighted","145",1.7534365317918,0.195522236095152,3.02043526237e-19
"ukb-b-19158","finn-b-F5_DEPRESSIO","Depression || id:finn-b-F5_DEPRESSIO","Mineral and other dietary supplements: Selenium || id:ukb-b-19158","Inverse variance weighted","8",5.97811820091503,2.67618912636624,0.0254950812128768
"finn-b-G6_MIGRAINE","finn-b-F5_DEPRESSIO","Depression || id:finn-b-F5_DEPRESSIO","Migraine || id:finn-b-G6_MIGRAINE","Inverse variance weighted","13",0.128516826306103,0.0432205535736879,0.00294413080622993
"ukb-b-19207","finn-b-F5_DEPRESSIO","Depression || id:finn-b-F5_DEPRESSIO","Diagnoses - secondary ICD10: R33 Retention of urine || id:ukb-b-19207","Inverse variance weighted","5",12.5888533662109,5.98642141329365,0.0354743982721391
"ukb-b-19277","finn-b-F5_DEPRESSIO","Depression || id:finn-b-F5_DEPRESSIO","Intra-ocular pressure, corneal-compensated (right) || id:ukb-b-19277","Inverse variance weighted","124",0.113160640564312,0.0426014574874655,0.00790121579093264
"ukb-b-19393","finn-b-F5_DEPRESSIO","Depression || id:finn-b-F5_DEPRESSIO","Whole body fat mass || id:ukb-b-19393","Inverse variance weighted","620",0.0751129025166664,0.0365804455993687,0.0400374670892445
"finn-b-G6_MIGRAINE_NO_AURA_TRIPTAN","finn-b-F5_DEPRESSIO","Depression || id:finn-b-F5_DEPRESSIO","Migraine without aura and triptan purchases || id:finn-b-G6_MIGRAINE_NO_AURA_TRIPTAN","Inverse variance weighted","13",0.0539175137457122,0.0237791801360142,0.0233642597401479
"ukb-b-19431","finn-b-F5_DEPRESSIO","Depression || id:finn-b-F5_DEPRESSIO","PCT where patients GP was registered: GREATER DERBY PCT || id:ukb-b-19431","Inverse variance weighted","2",31.4156985300435,15.445155432013,0.0419499479510436
"ukb-b-19456","finn-b-F5_DEPRESSIO","Depression || id:finn-b-F5_DEPRESSIO","Illnesses of father: High blood pressure || id:ukb-b-19456","Inverse variance weighted","52",0.650599044648838,0.309068741964349,0.03528867680062
"ukb-b-19520","finn-b-F5_DEPRESSIO","Depression || id:finn-b-F5_DEPRESSIO","Arm fat-free mass (right) || id:ukb-b-19520","Inverse variance weighted","688",-0.0967417266746082,0.0473015312819808,0.0408338217762083
"ukb-b-19585","finn-b-F5_DEPRESSIO","Depression || id:finn-b-F5_DEPRESSIO","Duration to entering value || id:ukb-b-19585","Inverse variance weighted","61",0.249470344306405,0.0798687191958539,0.00178710824592881
"finn-b-G6_MIGRAINE_WITH_AURA_TRIPTAN","finn-b-F5_DEPRESSIO","Depression || id:finn-b-F5_DEPRESSIO","Migraine with aura and triptan purchases || id:finn-b-G6_MIGRAINE_WITH_AURA_TRIPTAN","Inverse variance weighted","12",0.0603401938313272,0.0258511404807544,0.0195883665053484
"ukb-b-1974","finn-b-F5_DEPRESSIO","Depression || id:finn-b-F5_DEPRESSIO","Treatment/medication code: felodipine || id:ukb-b-1974","Inverse variance weighted","10",13.2876263633553,4.03252186676806,0.000983811429942577
"ukb-b-19756","finn-b-F5_DEPRESSIO","Depression || id:finn-b-F5_DEPRESSIO","Time employed in main current job || id:ukb-b-19756","Inverse variance weighted","12",0.317757840032387,0.14742901863022,0.0311362036881776
"ukb-b-19809","finn-b-F5_DEPRESSIO","Depression || id:finn-b-F5_DEPRESSIO","Fed-up feelings || id:ukb-b-19809","Inverse variance weighted","180",1.18886818533813,0.167659934718507,1.33194630501275e-12
"ukb-b-19950","finn-b-F5_DEPRESSIO","Depression || id:finn-b-F5_DEPRESSIO","Operative procedures - main OPCS: X99.8 No procedure performed || id:ukb-b-19950","Inverse variance weighted","71",1.34723427312504,0.312218474905005,1.59576169388461e-05
"ukb-b-19953","finn-b-F5_DEPRESSIO","Depression || id:finn-b-F5_DEPRESSIO","Body mass index (BMI) || id:ukb-b-19953","Inverse variance weighted","643",0.121063751762063,0.0362054377689538,0.000826392165568617
"ukb-b-19957","finn-b-F5_DEPRESSIO","Depression || id:finn-b-F5_DEPRESSIO","Suffer from 'nerves' || id:ukb-b-19957","Inverse variance weighted","91",1.39891416430277,0.286061123800628,1.00701276621505e-06
"ukb-b-2002","finn-b-F5_DEPRESSIO","Depression || id:finn-b-F5_DEPRESSIO","Job involves heavy manual or physical work || id:ukb-b-2002","Inverse variance weighted","112",0.330927832517949,0.105860402538917,0.00177154801722499
