location_name,n_years_levels,n_annual_changes,selected_lag_BIC,lag_selection_warning,lag_selection_error,adf_IHD_level_p,adf_DD_level_p,adf_IHD_log_change_p,adf_DD_log_change_p,IHD_to_DD_status,IHD_to_DD_n,IHD_to_DD_residual_df,IHD_to_DD_F,IHD_to_DD_df_num,IHD_to_DD_df_den,IHD_to_DD_p,IHD_to_DD_p_HC3,IHD_to_DD_beta_lag1,IHD_to_DD_HAC_SE_lag1,IHD_to_DD_HC3_SE_lag1,IHD_to_DD_BG_p,IHD_to_DD_BP_p,IHD_to_DD_Shapiro_p,IHD_to_DD_max_CooksD,IHD_to_DD_condition_number,IHD_to_DD_error,DD_to_IHD_status,DD_to_IHD_n,DD_to_IHD_residual_df,DD_to_IHD_F,DD_to_IHD_df_num,DD_to_IHD_df_den,DD_to_IHD_p,DD_to_IHD_p_HC3,DD_to_IHD_beta_lag1,DD_to_IHD_HAC_SE_lag1,DD_to_IHD_HC3_SE_lag1,DD_to_IHD_BG_p,DD_to_IHD_BP_p,DD_to_IHD_Shapiro_p,DD_to_IHD_max_CooksD,DD_to_IHD_condition_number,DD_to_IHD_error,IHD_to_DD_q,DD_to_IHD_q,IHD_to_DD_q_HC3,DD_to_IHD_q_HC3,direction,direction_HC3,diagnostics,ISO3,small_island_excluded
American Samoa,30,29,3,,,0.450013211501421,0.99,0.285164121295425,0.99,fit_ok,26,18,5.27009231417447,3,18,0.00872897024030117,0.644637974246274,-2.94248510946841,1.03444725494594,2.6819269125675,0.137003473813557,0.00622791547410674,0.710143099813273,5.04790520672514,4798.24844535329,,fit_ok,26,18,11.447957691319,3,18,0.00019686388110524,0.681025196043847,0.468456623243308,0.120770861375452,0.433318741016223,0.0738060629789123,0.0465995158778311,0.500007704245991,18.1086597366481,4798.24844535328,,0.356141985804288,0.000257437382983775,0.916769859708321,0.965817692352022,DD_to_IHD,Neither,Influence flag,ASM,TRUE
Antigua and Barbuda,30,29,3,,,0.119978210991092,0.99,0.140378291540126,0.99,fit_ok,26,18,1.64808177980459,3,18,0.213660455375053,0.834232592024013,-10.2661263883199,5.59739786430828,11.2006594418865,0.727393611629378,0.0153928734258992,0.0232729117460535,2.94893333129742,2421.02322788439,,fit_ok,26,18,4.62724508620895,3,18,0.0143873249008988,0.874076196261479,0.145990848650694,0.0642937751872069,0.184474933420988,0.901443241825774,0.0161962365657218,0.151972929209596,12.9524566741634,2421.02322788439,,0.718816670460909,0.0165887345851649,0.916769859708321,0.996153877303585,DD_to_IHD,Neither,Influence flag,ATG,TRUE
Arab Republic of Egypt,30,29,3,,,0.724810240731614,0.99,0.975455933804746,0.588147388935102,fit_ok,26,18,0.540158873199232,3,18,0.660874258786947,0.679059975689265,1.55492502749779,2.11564841600236,2.21460983982989,0.812596083304292,0.994013549720804,0.00000000315525279224463,1.31314087412384,1390.96720843871,,fit_ok,26,18,71.7981034084844,3,18,0.000000000328129181439224,0.644734742274889,-0.116077003568683,0.00940258382267262,0.121426361992867,0.461042664332448,0.977475172083529,0.00907484651834311,11.4637110517271,1390.96720843871,,0.761685586398515,0.000000000625592084239267,0.916769859708321,0.965817692352022,DD_to_IHD,Neither,Influence flag,EGY,FALSE
Argentine Republic,30,29,3,,,0.99,0.978701937892503,0.557589470395029,0.99,fit_ok,26,18,1.30795215614525,3,18,0.302507446562462,0.776201599154158,-1.3318952828875,2.81463042599536,3.70045963046337,0.386908466181176,0.0589631356406641,0.00609981737804636,173.200636928985,1160.62951187034,,fit_ok,26,18,57.8620069876781,3,18,0.00000000192317033748256,0.670502887043939,0.0826370084631719,0.00804600656291038,1.00279727790099,0.154537843760329,0.783817509274063,0.0789191128490164,859.504770950084,1160.62951187034,,0.718816670460909,0.00000000332480295632578,0.916769859708321,0.965817692352022,DD_to_IHD,Neither,Influence flag,ARG,FALSE
Australia,30,29,3,,,0.511358104139277,0.636122484732315,0.0240795412618055,0.848477197443176,fit_ok,26,18,2.34694442822968,3,18,0.106878953418238,0.801615058678381,-0.994083713350544,0.663590231147785,1.2346433216176,0.0329479165784603,0.00684329297296608,0.0342263311409524,174.345178131072,2231.28748149741,,fit_ok,26,18,621.671088013896,3,18,0.0000000000000000023384305414675,0.0205063534308544,0.259899479657103,0.0560877793110242,0.129223644089644,0.176979912450151,0.259927242664956,0.016780433985241,0.868597388607672,2231.28748149741,,0.718816670460909,0.00000000000000000836911983262054,0.916769859708321,0.209164804994715,DD_to_IHD,Neither,Residual serial correlation flag,AUS,FALSE
Barbados,30,29,3,,,0.657962745631203,0.99,0.191941402164823,0.97984780885905,fit_ok,26,18,0.75112882462361,3,18,0.535864187047451,0.81689018215253,-6.59472655534106,5.11448739275763,7.059553946091,0.0805359769249485,0.135921864340301,0.0000351005083215248,8.33411399957904,2496.35495363143,,fit_ok,26,18,68.9764850617947,3,18,0.000000000456908899522205,0.953134936340034,0.131533644398478,0.0264219951641722,0.398447984682745,0.258361244190749,0.0776844051325551,0.00397973830389207,133.838453039914,2496.35495363142,,0.718816670460909,0.000000000855132252316788,0.916769859708321,0.998138144554251,DD_to_IHD,Neither,Influence flag,BRB,TRUE
Belize,30,29,3,,,0.0686567338120426,0.986726530931492,0.01,0.99,fit_ok,26,18,1.16354468903582,3,18,0.3510335850599,0.816832519542359,-11.8711732573621,10.1792474714533,14.74185761814,0.445449237801452,0.0618929171238691,0.00077159878113349,57.5376655700317,2592.20172795235,,fit_ok,26,18,6.46900409458971,3,18,0.00366743510478352,0.870740552496958,0.0247090411229393,0.0186018017602099,0.175407153439124,0.60704151547425,0.106502934293118,0.110801118083196,91.3615434296755,2592.20172795236,,0.718816670460909,0.00437518573903999,0.916769859708321,0.996153877303585,DD_to_IHD,Neither,Influence flag,BLZ,TRUE
Bermuda,30,29,2,,,0.01,0.99,0.01,0.99,fit_ok,27,21,0.542617385353164,2,21,0.58915746110204,0.694350650646357,-2.25889958451938,2.78561420761518,2.77195127216104,0.944382874012028,0.317565635688939,0.000000377887196663399,3.62399280599048,1077.95300080173,,fit_ok,27,21,5.46842532466874,2,21,0.0122528093914768,0.858989898624911,0.0485571337359171,0.0192632716449294,0.149987735586942,0.0750893761331438,0.393059794011255,0.0516834544446844,22.4629072571361,1077.95300080173,,0.729734302009361,0.0142832749477786,0.916769859708321,0.995669705266119,DD_to_IHD,Neither,Influence flag,BMU,FALSE
Bolivarian Republic of Venezuela,30,29,3,,,0.99,0.99,0.625688042966205,0.99,fit_ok,26,18,0.472601120145387,3,18,0.705171171956598,0.809922937579137,-0.221821291522994,2.04569676277851,4.61582356202332,0.489137953176605,0.258596864856581,0.0000175865162257296,883.525199449744,4040.93692414718,,fit_ok,26,18,248.609531670405,3,18,0.00000000000000781380741206889,0.0741605437492889,0.432518911623775,0.0181654534104053,0.435223692318717,0.418005264189543,0.627879955879326,0.827015104143868,130.480862400562,4040.93692414718,,0.777594157184573,0.0000000000000207015157410656,0.916769859708321,0.498177122702285,DD_to_IHD,Neither,Influence flag,VEN,FALSE
Bosnia and Herzegovina,30,29,2,,,0.494222942089711,0.99,0.01,0.99,fit_ok,27,21,1.29041105758576,2,21,0.296096792036179,0.610677232141938,-2.15499666017558,3.58425539138181,4.48021396730871,0.188545930034566,0.154474774771155,0.000000717359469293801,39.3716956044242,774.37017080885,,fit_ok,27,21,16.6596850728513,2,21,0.0000463743651257369,0.316649928827731,0.0040319579174143,0.00559202562177127,0.0888608350272652,0.00857412941223875,0.610504930055121,0.0095178009534698,22.8236548687502,774.370170808851,,0.718816670460909,0.0000622392795108574,0.916769859708321,0.827630372655187,DD_to_IHD,Neither,Residual serial correlation flag,BIH,FALSE
Brunei Darussalam,30,29,2,,,0.402175070662581,0.99,0.778383448194242,0.99,fit_ok,27,21,1.26254783559127,2,21,0.30354488063193,0.557385709844541,2.59226914971591,1.87289697719071,2.38988921845004,0.0772280950952905,0.00822628931843161,0.0000384000168995853,18.6873168467454,1002.14737157709,,fit_ok,27,21,363.708277999406,2,21,0.0000000000000000506753830794945,0.655169601709607,-0.200396292115505,0.00763037702869636,0.317237300612095,0.586015059629215,0.931662351035134,0.520120610729511,74.091473022917,1002.14737157709,,0.718816670460909,0.000000000000000164091716638363,0.916769859708321,0.965817692352022,DD_to_IHD,Neither,Influence flag,BRN,FALSE
Burkina Faso,30,29,3,,,0.01,0.0925286865735542,0.01,0.15887700335654,fit_ok,26,18,1.48315690254148,3,18,0.252739684683083,0.910542252438218,-0.695538866010844,1.99671420993907,7.48938419245506,0.0608742845990854,0.0866353731470127,0.00023208239656471,19.6038827647103,4528.23836617043,,fit_ok,26,18,22.0044785731531,3,18,0.00000301158552197816,0.319038419522561,-0.0513144544281174,0.0130194155078275,0.0893463183286104,0.779469991802421,0.510630001865248,0.98751911988739,8.20773054932506,4528.23836617044,,0.718816670460909,0.00000445190903248946,0.92413243531043,0.827630372655187,DD_to_IHD,Neither,Influence flag,BFA,FALSE
Canada,30,29,2,,,0.474545049115649,0.99,0.01,0.99,fit_ok,27,21,0.758527120044955,2,21,0.480763034844684,0.618920765726806,0.875975682696544,0.711206105579158,0.905466466228582,0.152651669177094,0.0408255578707292,0.000571678706368455,7.25041598386602,1708.84766993706,,fit_ok,27,21,4.53778534446081,2,21,0.0230174329785636,0.0757033862929944,-0.0531848757384401,0.0193820987007235,0.148845504735652,0.0160973974362388,0.482798757882999,0.397822387314859,4.57200374371682,1708.84766993706,,0.718816670460909,0.0259423001526352,0.916769859708321,0.498177122702285,DD_to_IHD,Neither,Residual serial correlation flag,CAN,FALSE
Central African Republic,30,29,2,,,0.964505062732707,0.99,0.920143742988421,0.99,fit_ok,27,21,0.988651987673428,2,21,0.388742803715453,0.63047426728723,-3.34934413699303,4.07434512894533,4.06847472874486,0.885472802658058,0.185131577942667,0.00000142534111291361,133.248335979115,1551.08597137992,,fit_ok,27,21,676.859865830403,2,21,0.0000000000000000000855172741194249,0.583538211125255,0.165773674424443,0.00456532146918333,0.31410314613514,0.229182461274979,0.40127485194901,0.492658176444019,625.850703656978,1551.08597137992,,0.718816670460909,0.000000000000000000371181360007717,0.916769859708321,0.952675610449615,DD_to_IHD,Neither,Influence flag,CAF,FALSE
Commonwealth of Dominica,30,29,3,,,0.0966498827227324,0.99,0.196785517359313,0.99,fit_ok,26,18,1.00095825075031,3,18,0.415077055793256,0.836194687459427,-11.2150985867083,7.90465758170816,12.224571264157,0.186099109084975,0.139096991583532,0.000316760225258531,6.26478774650727,2089.89342510209,,fit_ok,26,18,0.19193825578268,3,18,0.900507394568964,0.993245310512318,0.0121663246022136,0.0317904637317164,0.0944221559589615,0.861081890905368,0.150584550362413,0.0838148772143919,6.98044435716972,2089.89342510209,,0.718816670460909,0.904943391586545,0.916769859708321,0.998138144554251,Neither,Neither,Influence flag,DMA,TRUE
Commonwealth of the Bahamas,30,29,3,,,0.01,0.99,0.0172852910887538,0.99,fit_ok,26,18,1.48880186348582,3,18,0.251285264869039,0.83313604058499,-15.726297709039,8.69204787462637,16.9498182769936,0.439272287332673,0.00901731044082113,0.00858546972507855,190.881124907406,2466.37487005907,,fit_ok,26,18,20.5064847635388,3,18,0.00000490588420268486,0.931926071053444,0.0642020752668793,0.0205872639889772,0.27236601288132,0.884573905405328,0.0445589821311893,0.0312538270181777,183.567064861069,2466.37487005907,,0.718816670460909,0.00000704788998132192,0.916769859708321,0.998138144554251,DD_to_IHD,Neither,Influence flag,BHS,TRUE
Cook Islands,30,29,3,,,0.176016856130803,0.99,0.92301648071214,0.99,fit_ok,26,18,0.955779478655034,3,18,0.434820689202426,0.811779548812426,-5.66246391752249,3.56338914248588,6.37503037956032,0.14506194321007,0.0392832652610115,0.000786230848803186,30.0786315711484,5337.79405016813,,fit_ok,26,18,10.7547690526298,3,18,0.000280894796154602,0.859009157484494,0.183601026476777,0.0821430705523843,0.365501255063096,0.105949160137714,0.0576805313096786,0.0668343929346706,24.8213800731966,5337.79405016814,,0.718816670460909,0.000364984321118082,0.916769859708321,0.995669705266119,DD_to_IHD,Neither,Influence flag,COK,TRUE
Czech Republic,30,29,3,,,0.633345178226825,0.99,0.274256223720701,0.99,fit_ok,26,18,1.24345651287462,3,18,0.32327688798614,0.81321028589877,-1.46924991204935,0.90177995865588,1.82193918225909,0.245261826176984,0.0775488059918311,0.0019148927520555,264.341362774196,1080.82497598179,,fit_ok,26,18,6.93968181316514,3,18,0.00266393490257585,0.314552210853704,0.056677630264512,0.0271337576886588,0.32579162865395,0.124666429645864,0.541201108886657,0.113272474449495,16.8403444108377,1080.82497598179,,0.718816670460909,0.00319672188309102,0.916769859708321,0.827630372655187,DD_to_IHD,Neither,Influence flag,CZE,FALSE
Democratic People's Republic of Korea,30,29,2,,,0.99,0.99,0.434996428562331,0.99,fit_ok,27,21,1.49101270392531,2,21,0.248028209270584,0.377036449972928,0.755641801273042,0.714060903729402,0.741963096704352,0.777377465520653,0.521008474196935,0.0000000744797968104101,1.00561088556567,1060.36354458475,,fit_ok,27,21,155.143181866201,2,21,0.000000000000263733449183184,0.489099070408621,-0.809545442651652,0.0470662691120177,0.777350438344963,0.0365663273204601,0.788271001987089,0.0791429793715726,46.1041271689468,1060.36354458475,,0.718816670460909,0.000000000000591226633333731,0.916769859708321,0.945467922761366,DD_to_IHD,Neither,Residual serial correlation flag,PRK,FALSE
Democratic Republic of Sao Tome and Principe,30,29,2,,,0.745369525544883,0.99,0.519052434361053,0.99,fit_ok,27,21,1.98406514490297,2,21,0.162461090691404,0.508186226667756,2.09281889155595,2.02100119048311,7.95184812916357,0.105235044803045,0.0974149011812389,0.0000015324954545984,149.57140645367,2752.64111487166,,fit_ok,27,21,290.04864513917,2,21,0.000000000000000506270366620478,0.0636384668430449,-0.0762604322373945,0.00337368715354809,0.0382623307945076,0.241444390218011,0.462384743409975,0.0299977776126475,9.9300452733097,2752.64111487165,,0.718816670460909,0.00000000000000143443270542469,0.916769859708321,0.447663697792454,DD_to_IHD,Neither,Influence flag,STP,TRUE
Democratic Republic of Timor-Leste,30,29,3,,,0.937586275358122,0.99,0.99,0.99,fit_ok,26,18,0.390865777113531,3,18,0.761010257551835,0.866148000547689,-0.0090610896608378,1.25564356781697,1.89810491223565,0.389850585698977,0.227679705898914,0.00000866170087586805,0.978025887305758,2653.41586506458,,fit_ok,26,18,1127.80637249323,3,18,0.0000000000000000000114420317981227,0.197163794304832,-0.356585475182731,0.0112463101550736,0.970408715826693,0.740364035657139,0.408174351184942,0.566510377480178,354.720171758333,2653.41586506458,,0.807147069527652,0.0000000000000000000569310850443177,0.916769859708321,0.772969673482262,DD_to_IHD,Neither,Influence flag,TLS,FALSE
Democratic Republic of the Congo,30,29,3,,,0.99,0.99,0.978522337898762,0.99,fit_ok,26,18,0.994775331530087,3,18,0.41772691743452,0.812619670359418,-0.455674740796375,2.10917907789029,6.20322337401011,0.0767493201919484,0.050058408757783,0.000204391074596058,1143.71651816776,2929.43441315534,,fit_ok,26,18,210.756691361275,3,18,0.0000000000000332015726465569,0.403129999256912,0.2054425681055,0.0124550272702691,0.147793236154669,0.442776926829229,0.682356461888454,0.0163693908788552,37.179004784483,2929.43441315535,,0.718816670460909,0.000000000000077851963447099,0.916769859708321,0.891657103762154,DD_to_IHD,Neither,Influence flag,COD,FALSE
Democratic Socialist Republic of Sri Lanka,30,29,3,,,0.989917908270714,0.99,0.592030949048778,0.964563738826583,fit_ok,26,18,2.3192145922361,3,18,0.109783661476448,0.611196590715143,2.36880050505475,1.90116862356362,3.50136059741203,0.391152033112343,0.0037871147729035,0.00705238176691347,2.78770083677273,1579.84107122175,,fit_ok,26,18,908.755636787402,3,18,0.0000000000000000000789511305267458,0.520584711179043,-0.736225985178945,0.0188037409304851,0.651157603032416,0.00770686894701218,0.308668782214511,0.888515604798661,108.316848794226,1579.84107122175,,0.718816670460909,0.000000000000000000350131100596873,0.916769859708321,0.952675610449615,DD_to_IHD,Neither,Residual serial correlation flag,LKA,FALSE
Dominican Republic,30,29,2,,,0.924954272877422,0.77084315720374,0.977399086103079,0.99,fit_ok,27,21,0.84164950029486,2,21,0.445027973965701,0.734654144122665,0.433361774961468,2.38265800328425,2.13226957118583,0.00841906917499326,0.0358178128926469,0.000117550132223713,18.7116780641292,1266.57747551723,,fit_ok,27,21,191.780376845547,2,21,0.0000000000000323573705765976,0.00325530740204846,-0.090845367553828,0.00536136132871658,0.0528666262654849,0.0488069389546289,0.293995338175021,0.0892283647712619,5.37426901396077,1266.57747551723,,0.718816670460909,0.0000000000000767546929956501,0.916769859708321,0.0553402258348237,DD_to_IHD,Neither,Residual serial correlation flag,DOM,TRUE
Eastern Republic of Uruguay,30,29,2,,,0.907371843992088,0.352099354098332,0.01,0.441263290090279,fit_ok,27,21,0.596911267794391,2,21,0.559584207953355,0.701310763881794,0.236965882032161,0.406303952169518,0.427211709564454,0.0658549532987888,0.440751811714679,0.0000000604025322614254,0.731116805055155,536.126947843938,,fit_ok,27,21,222.246960399288,2,21,0.00000000000000741661016131774,0.188155514229969,0.145075454493584,0.0116696032408736,0.0781578661444715,0.0557599872185002,0.709172946308676,0.000703458163497196,1.06987550129221,536.126947843938,,0.72710304727697,0.0000000000000199077430645897,0.916769859708321,0.752622056919876,DD_to_IHD,Neither,Influence flag,URY,FALSE
Federal Democratic Republic of Ethiopia,30,29,2,,,0.99,0.972246909744213,0.986587512673806,0.99,fit_ok,27,21,1.14809907122534,2,21,0.336364035452612,0.505570364549097,-0.301301484438041,1.07499993832788,1.26098575863826,0.753419946172979,0.214540339439383,0.0000012706008682353,8.60678919692513,656.410308215708,,fit_ok,27,21,2032.12424514292,2,21,0.000000000000000000000000923652423150125,0.00141958571448505,0.54716337703379,0.00877409620459732,0.150286485957503,0.0211707674976839,0.447722347807668,0.445158828600862,17.7038452063467,656.410308215709,,0.718816670460909,0.0000000000000000000000099171102275066,0.916769859708321,0.0263268623413591,DD_to_IHD,DD_to_IHD,Residual serial correlation flag,ETH,FALSE
Federal Democratic Republic of Nepal,30,29,2,,,0.505245910044657,0.636270303691018,0.811674604132068,0.99,fit_ok,27,21,0.723539089046606,2,21,0.496734694017139,0.786023428749602,1.5657270446054,2.2326242300998,5.39790451036419,0.0135462122527017,0.00391549975433862,0.0127748115069794,30.2196433298472,1686.76389590561,,fit_ok,27,21,1296.05766006701,2,21,0.000000000000000000000100725062470002,0.254909792148005,0.15011265138345,0.0030232366497094,0.0945585264261667,0.15016278701172,0.706307095396339,0.0149817875167675,80.3428159289823,1686.76389590561,,0.718816670460909,0.000000000000000000000662835894963886,0.916769859708321,0.816846289062876,DD_to_IHD,Neither,Residual serial correlation flag,NPL,FALSE
Federal Republic of Germany,30,29,2,,,0.01,0.407632826501947,0.01,0.56059132274962,fit_ok,27,21,1.22862867121907,2,21,0.312889979367046,0.43318537938682,1.00000860751801,0.723731984977329,0.843677622626869,0.771079041186744,0.0894820457261565,0.0000293979769896557,1.51793046271595,2424.00832982532,,fit_ok,27,21,59.1847644278422,2,21,0.00000000234174908828434,0.637618244793296,-0.140962909470613,0.0193801477648957,0.150223390932342,0.0923147693982803,0.311352772012716,0.661453836099611,3.43093692187777,2424.00832982532,,0.718816670460909,0.00000000401442700848744,0.916769859708321,0.965817692352022,DD_to_IHD,Neither,Influence flag,DEU,FALSE
Federal Republic of Nigeria,30,29,3,,,0.933712580095406,0.682280568095344,0.944848940866489,0.99,fit_ok,26,18,1.688348805596,3,18,0.205120582516119,0.840596564375738,7.43208341071177,3.8135970108935,14.2268019668335,0.293255067383834,0.688923823027547,0.00000673723636118939,27.3790704205397,4047.633177272,,fit_ok,26,18,128.848486132273,3,18,0.00000000000235993319324517,0.711175394718815,0.379194013085783,0.0232238491436152,0.353258156069775,0.0250254808200886,0.445823434312059,0.7403780688006,82.9687549145474,4047.63317727201,,0.718816670460909,0.0000000000049631584682682,0.916769859708321,0.967016766223358,DD_to_IHD,Neither,Residual serial correlation flag,NGA,FALSE
Federal Republic of Somalia,30,29,3,,,0.958402190407035,0.99,0.99,0.98960226071355,fit_ok,26,18,0.871387379177532,3,18,0.474130162046664,0.80963067067242,3.72723285657652,3.2907683503329,4.57251109616742,0.302778526700774,0.131108161223101,0.000044960653886832,85.2838945075992,5298.1855932507,,fit_ok,26,18,325.498219849033,3,18,0.000000000000000728605667823662,0.502106131749182,0.278509706044081,0.0108270336914669,0.403318842662452,0.266404701117015,0.988897602267335,0.0271050520441217,240.226411891158,5298.18559325071,,0.718816670460909,0.00000000000000203610351008256,0.916769859708321,0.94842269330401,DD_to_IHD,Neither,Influence flag,SOM,FALSE
Federated States of Micronesia,30,29,3,,,0.95917933322927,0.99,0.99,0.99,fit_ok,26,18,0.751682102903183,3,18,0.535564357666056,0.671891492316707,2.02683927099141,1.36676708795239,1.76659963493677,0.269107776207464,0.454228395371303,0.00000496177748965453,0.882313391623743,4235.39407488345,,fit_ok,26,18,213.400275666385,3,18,0.0000000000000297744398777462,0.809339244681646,-0.452863400211913,0.0200212030340657,0.494115206292869,0.695243726532315,0.580155323399046,0.131399560677906,50.0317462161048,4235.39407488345,,0.718816670460909,0.0000000000000723093539888122,0.916769859708321,0.982769082827713,DD_to_IHD,Neither,Influence flag,FSM,TRUE
Federative Republic of Brazil,30,29,2,,,0.169975364318853,0.676674590051055,0.724713508418945,0.98768019792418,fit_ok,27,21,0.0736689919216139,2,21,0.929218136296343,0.947338586019986,0.0966705729249368,0.887322200504968,0.790745048958463,0.43011150183791,0.376544111522873,0.00000174546934778269,2.50901230736956,1472.00226311122,,fit_ok,27,21,131.622797777201,2,21,0.00000000000131679534765033,0.10653419182917,-0.109247163346695,0.00824545488586089,0.0633323902543503,0.124417790618873,0.314599871519679,0.00244223362923582,4.65274072739263,1472.00226311122,,0.929218136296343,0.00000000000282764474653334,0.947338586019986,0.580725411543761,DD_to_IHD,Neither,Influence flag,BRA,FALSE
French Republic,30,29,3,,,0.935904001401083,0.845868725469923,0.99,0.983775866508313,fit_ok,26,18,0.239860872623876,3,18,0.867387605372189,0.888039909621229,1.36930780623382,1.69580184131333,1.91327318887378,0.0469082463236492,0.568737212689851,0.000000463358117192909,7.85413678826052,2625.69304040839,,fit_ok,26,18,7506.30236761545,3,18,0.000000000000000000000000000465882290751559,0.119081677657932,-0.829221718019747,0.00795862039990061,0.46290168558449,0.0475690447599947,0.787001360777758,0.798078364791673,108.812113869702,2625.69304040838,,0.87166045071885,0.0000000000000000000000000346826049909825,0.916769859708321,0.588827216520287,DD_to_IHD,Neither,Residual serial correlation flag,FRA,FALSE
Gabonese Republic,30,29,2,,,0.949970869669779,0.986775620124832,0.809104279302023,0.99,fit_ok,27,21,1.23185088545527,2,21,0.311988818515287,0.619068185834891,-12.1452301959703,13.6929439185721,15.0835100572074,0.248214080901806,0.109936097806787,0.00000624775387879819,1.44872665849443,3206.44777135526,,fit_ok,27,21,3391.33775792478,2,21,0.00000000000000000000000000436008413462131,0.000620545738715475,0.0691416213441978,0.00137528586288313,0.0272657794935544,0.0581037504701105,0.494503473114966,0.27281118814497,16.2721920115585,3206.44777135526,,0.718816670460909,0.000000000000000000000000127065309066107,0.916769859708321,0.0164604470780552,DD_to_IHD,DD_to_IHD,Influence flag,GAB,FALSE
Georgia,30,29,2,,,0.99,0.99,0.99,0.953765163853794,fit_ok,27,21,0.559478096102943,2,21,0.57979437237034,0.78996320425003,0.582526333458104,0.560054639206899,0.897091919036676,0.889038332341027,0.589050865665726,0.00000001541458457853,628.7170539628,697.932664621884,,fit_ok,27,21,2236.27286004929,2,21,0.000000000000000000000000339716283309186,0.00123613622099915,0.509344808710863,0.00765097323802149,0.123440962693025,0.0224775048749351,0.595071046899682,0.0161239190521904,4.04419679472964,697.932664621884,,0.72919300389818,0.00000000000000000000000533093244577492,0.916769859708321,0.0252171789083827,DD_to_IHD,DD_to_IHD,Residual serial correlation flag,GEO,FALSE
Grand Duchy of Luxembourg,30,29,3,,,0.0642090530450883,0.99,0.01,0.99,fit_ok,26,18,0.989368836521743,3,18,0.420057466607262,0.793082993891032,-0.668391520513695,0.474478289346236,1.00273860268935,0.637017446110262,0.0208490799373995,0.0488474306497425,3.07274495238373,2603.93875922758,,fit_ok,26,18,0.901393186899457,3,18,0.459783649481229,0.84458468288595,0.042114097899136,0.0351505806871142,0.736220012366529,0.149291121045701,0.71030002254449,0.00730411351230678,24.5070070062222,2603.93875922759,,0.718816670460909,0.469559436259623,0.916769859708321,0.995669705266119,Neither,Neither,Influence flag,LUX,FALSE
Greenland,30,29,2,,,0.084396001967634,0.314920242487247,0.272135451304754,0.823420843984822,fit_ok,27,21,0.471599548954912,2,21,0.630453683721514,0.824583666740706,-1.18990844837271,2.61269608853569,7.65284478782731,0.00165005390949962,0.104502983727454,0.000000361785927764535,1868.38626241825,822.782458747703,,fit_ok,27,21,10.2132125818619,2,21,0.00079779127976687,0.345214331085113,-0.00860098831675736,0.00191906432138269,0.19357097894846,0.701706569442766,0.597257434102677,0.263710085892233,192.112511394359,822.782458747703,,0.749405188578252,0.00100462605600273,0.916769859708321,0.839434577770991,DD_to_IHD,Neither,Residual serial correlation flag,GRL,FALSE
Grenada,30,29,2,,,0.0672763239626295,0.99,0.52360394966973,0.99,fit_ok,27,21,0.688230594236412,2,21,0.513443721956264,0.59410511359158,-1.67466698448447,2.15951959373582,2.23476588849028,0.359698118770241,0.460601901722692,0.0000000924866143320649,0.807743277112232,769.943979903019,,fit_ok,27,21,0.160534368504763,2,21,0.852723843473201,0.873170524141622,0.0134203138592904,0.0236844696685062,0.0264525842154614,0.0767269646306044,0.452400227928367,0.000409160520788522,0.524520721383612,769.943979903019,,0.718816670460909,0.861166653804618,0.916769859708321,0.996153877303585,Neither,Neither,Influence flag,GRD,TRUE
Guam,30,29,2,,,0.950508028028047,0.99,0.948616414807509,0.623722921699054,fit_ok,27,21,0.801712579984318,2,21,0.461820203004317,0.616781436161404,-2.01341915900855,2.46541151188201,4.17187565835072,0.176494071687312,0.212619537716404,0.00000122195219236208,182.656423567428,1351.82620877217,,fit_ok,27,21,15.3582453012018,2,21,0.0000776600390358372,0.960548489159107,-0.0488411570628257,0.0151228200211192,0.462570807012141,0.0572957364216918,0.171398866764025,0.05727093021486,532.806562993498,1351.82620877217,,0.718816670460909,0.000102874337424096,0.916769859708321,0.998138144554251,DD_to_IHD,Neither,Influence flag,GUM,TRUE
Hashemite Kingdom of Jordan,30,29,3,,,0.977033008555483,0.99,0.99,0.99,fit_ok,26,18,0.366247639073969,3,18,0.778202533216255,0.847233541987806,-3.2289195198874,3.73619040692192,3.7432627939652,0.326849877291846,0.605106908598202,0.000000359814116840858,8.92186163701354,4123.2851501939,,fit_ok,26,18,2673.5956275863,3,18,0.0000000000000000000000049811371249808,0.5661273650126,0.679038607146227,0.0123757497108224,0.717114936038565,0.626989795520842,0.98006225149708,0.776390196823755,246.705073557725,4123.28515019391,,0.814119573210851,0.0000000000000000000000433196487770884,0.916769859708321,0.952675610449615,DD_to_IHD,Neither,Influence flag,JOR,FALSE
Hellenic Republic,30,29,3,,,0.127091004355122,0.161300210443386,0.093212097004418,0.663552750442888,fit_ok,26,18,2.87061891733251,3,18,0.0651347624112152,0.420701979037732,3.26455132911314,1.70872680270695,2.56983317445077,0.00157329824650684,0.152437752578309,0.0015407752689602,3.85285620004982,847.026274525833,,fit_ok,26,18,15.0195083950264,3,18,0.0000382160067841672,0.113867727753679,-0.444017675344523,0.071880216697698,0.472596380454642,0.21510220144709,0.357369060952732,0.349701680996155,15.6722426795864,847.026274525833,,0.531499661275516,0.0000516295720792723,0.916769859708321,0.580725411543761,DD_to_IHD,Neither,Residual serial correlation flag,GRC,FALSE
Hungary,30,29,2,,,0.156471992225291,0.99,0.432396328019721,0.959945051542024,fit_ok,27,21,0.806439533271636,2,21,0.4597969257955,0.584830832397725,1.32453824230928,1.07874945236414,1.73178940757357,0.957757682916572,0.363564739280652,0.000000218131942243479,43.1451868622308,710.489347861668,,fit_ok,27,21,536.836240207313,2,21,0.000000000000000000935014814811145,0.410861606635502,-0.622481575025799,0.0215709481727057,0.571832650405017,0.12067198557268,0.0544889823769363,0.246165727844576,54.3212237338139,710.489347861668,,0.718816670460909,0.00000000000000000346805494948134,0.916769859708321,0.891657103762154,DD_to_IHD,Neither,Influence flag,HUN,FALSE
Independent State of Papua New Guinea,30,29,3,,,0.53920264378113,0.99,0.847965290678014,0.99,fit_ok,26,18,1.04219714504834,3,18,0.397817339813157,0.806330560475568,-6.53532322837869,4.50125622880973,6.87394881819465,0.0172090479573908,0.101230690280124,0.00036628775667956,1.59169494626249,4221.88018361242,,fit_ok,26,18,1.33182783128007,3,18,0.295169582525804,0.721896409495097,0.698027742394573,1.35597360825949,1.93344037147193,0.0254027356524007,0.0728354593421914,0.000343644836114042,1.55602684231771,4221.88018361242,,0.718816670460909,0.307217320588082,0.916769859708321,0.967016766223358,Neither,Neither,Residual serial correlation flag,PNG,TRUE
Independent State of Samoa,30,29,3,,,0.630991831996528,0.99,0.827715402604244,0.99,fit_ok,26,18,0.497598314096911,3,18,0.688563951127304,0.780478225940453,-9.65417850701778,10.2862894847288,11.9281232303033,0.989100605647836,0.440790711011158,0.00000612304565106655,0.893462328213677,16940.5595911402,,fit_ok,26,18,0.900187022815623,3,18,0.460352388489827,0.643302311392373,0.487745351141765,0.331713848802732,0.460732317537525,0.895737143560717,0.65637022204233,0.000016004774076418,15.389739627037,16940.5595911402,,0.772661502849497,0.469559436259623,0.916769859708321,0.965817692352022,Neither,Neither,Influence flag,WSM,TRUE
Ireland,30,29,2,,,0.0198629094520689,0.99,0.01,0.99,fit_ok,27,21,1.6206247606312,2,21,0.221551693922069,0.517844001214668,0.143796667546658,0.289070947736669,0.348849799220134,0.336345011430465,0.00472731052666392,0.00264358332008885,3.06708091359455,687.414188302392,,fit_ok,27,21,2.0465329178131,2,21,0.154165952746587,0.965640353105749,-0.0567951323218706,0.0379819270030413,0.40693931780204,0.0850917988099694,0.419969830555668,0.0852245302303561,12.7087755966937,687.414188302392,,0.718816670460909,0.161281304411814,0.916769859708321,0.998138144554251,Neither,Neither,Influence flag,IRL,FALSE
Islamic Republic of Afghanistan,30,29,3,,,0.0959155452959812,0.641692150527009,0.0673144972572699,0.913957996751701,fit_ok,26,18,0.478706039389595,3,18,0.701092876169135,0.822518014018217,5.97598092442644,5.42017760798806,6.31087387473373,0.681603982000033,0.433561251074592,0.00000174726943004329,65.2578570788893,2667.13632790393,,fit_ok,26,18,20.9426971294729,3,18,0.00000424439619326878,0.324308923628388,-0.0176732556446338,0.00827816984380623,0.902912793732148,0.597989841048567,0.611400491351318,0.444305870835827,889.889608275841,2667.13632790392,,0.777594157184573,0.00000618469159590593,0.916769859708321,0.827630372655187,DD_to_IHD,Neither,Influence flag,AFG,FALSE
Islamic Republic of Iran,30,29,3,,,0.976016683432901,0.603534727299627,0.188115182512377,0.361606134063934,fit_ok,26,18,1.04522506672637,3,18,0.396578111880222,0.584755522897025,-0.386627704592381,0.98907365041797,1.04558522418806,0.804381339440413,0.0770119282036035,0.000270369728708168,1.65762618488647,738.0856592873,,fit_ok,26,18,484.10579039986,3,18,0.0000000000000000216458928424378,0.645453423083102,0.281567848628314,0.0132134228095888,0.774707335049162,0.30748451624329,0.386985498281992,0.326403254873417,103.792914657648,738.0856592873,,0.718816670460909,0.0000000000000000735960356642885,0.916769859708321,0.965817692352022,DD_to_IHD,Neither,Influence flag,IRN,FALSE
Islamic Republic of Mauritania,30,29,3,,,0.99,0.99,0.722735234593407,0.901492390616902,fit_ok,26,18,3.37798315983681,3,18,0.0411383254156904,0.776213583320759,-3.44883169927054,3.04992092979683,8.14785430768158,0.209862555590316,0.0101109194231242,0.578863861232178,138.474754203421,2998.21671191912,,fit_ok,26,18,54.5898097864977,3,18,0.00000000307976817432421,0.35739510470565,0.367729921778027,0.0333632370595097,0.338035097908865,0.379469106161543,0.366527885569063,0.481376702672771,95.7199044066199,2998.21671191912,,0.486773875656861,0.00000000519233642613337,0.916769859708321,0.839434577770991,DD_to_IHD,Neither,Influence flag,MRT,FALSE
Islamic Republic of Pakistan,30,29,3,,,0.126624285387596,0.99,0.292742991824842,0.99,fit_ok,26,18,1.15140315753159,3,18,0.355456272546219,0.805988384171359,1.34241931967634,0.964008971645676,2.33879018107635,0.0428848173411135,0.0454676209364309,0.00807374432967525,28.1120714733002,5306.52914287768,,fit_ok,26,18,36.6556372432195,3,18,0.0000000709901931319717,0.200820552424313,0.0658570644115724,0.00944510783682063,0.361628362275449,0.80673322558922,0.332065255654842,0.495633175836383,124.541988592976,5306.52914287767,,0.718816670460909,0.000000111399995376325,0.916769859708321,0.772969673482262,DD_to_IHD,Neither,Residual serial correlation flag,PAK,FALSE
Jamaica,30,29,3,,,0.451716492291154,0.99,0.657073585449489,0.99,fit_ok,26,18,0.976269243003723,3,18,0.425756561182057,0.838158959099726,0.154848927291838,3.56739664699181,8.15953203548805,0.289904886750571,0.191036036545064,0.0000198486730522725,20.5648925542912,3173.16228200295,,fit_ok,26,18,379.702938608786,3,18,0.000000000000000186660151506633,0.363874916848622,0.392078047376681,0.0168773585237617,0.564679683602216,0.15160734673509,0.198413782682549,0.240036794415608,305.674755742865,3173.16228200294,,0.718816670460909,0.000000000000000568338371751539,0.916769859708321,0.843528216330897,DD_to_IHD,Neither,Influence flag,JAM,TRUE
Japan,30,29,2,,,0.01,0.537373648697566,0.01,0.948909009211502,fit_ok,27,21,0.715724168825911,2,21,0.500380964419804,0.696751130146649,-0.359677857189949,0.300635355774988,0.718848987015908,0.03837485888827,0.522451543727324,0.000000117070376102427,12.1821374300822,2572.45949241084,,fit_ok,27,21,198.712734549414,2,21,0.0000000000000227149833042704,0.000817140370626103,-0.145448548533327,0.00759522323059203,0.0323014788035944,0.245750191531197,0.166939130212142,0.0128372760785732,0.347369510565766,2572.45949241084,,0.718816670460909,0.0000000000000558295975189296,0.916769859708321,0.0185218484008583,DD_to_IHD,DD_to_IHD,Residual serial correlation flag,JPN,FALSE
Kingdom of Bahrain,30,29,2,,,0.99,0.981365159654317,0.907286048240031,0.99,fit_ok,27,21,1.48999995058672,2,21,0.248248273335927,0.627681393972149,-2.88045183872082,3.31360694405615,3.60558957113418,0.318467935229519,0.0595120532576091,0.00000857758345597645,15.8744963881303,761.745055032615,,fit_ok,27,21,2014.44474658227,2,21,0.00000000000000000000000101192721871041,0.321196453205648,0.189551620941197,0.00404067444692526,0.310381429195142,0.0246806062452452,0.199696036340901,0.204268485284085,199.337700856523,761.745055032615,,0.718816670460909,0.0000000000000000000000103216576308462,0.916769859708321,0.827630372655187,DD_to_IHD,Neither,Residual serial correlation flag,BHR,TRUE
Kingdom of Belgium,30,29,3,,,0.398548818576215,0.562461744624727,0.01,0.977713256541394,fit_ok,26,18,0.562668010015688,3,18,0.646545652891041,0.938638375363462,0.667818619511629,0.962724191676854,1.44155257192888,0.194968042058141,0.0535241020719836,0.00537244364841036,158.122316229812,2239.16331356525,,fit_ok,26,18,8.91669998766931,3,18,0.000775482241490331,0.669290028642532,0.0649795715386132,0.0197954258837018,0.109336961396262,0.721253846406632,0.607969341543986,0.330352937529443,0.904605676862949,2239.16331356525,,0.749405188578252,0.000982598616546755,0.943262209724858,0.965817692352022,DD_to_IHD,Neither,Influence flag,BEL,FALSE
Kingdom of Bhutan,30,29,3,,,0.951880010933667,0.99,0.98873215003387,0.99,fit_ok,26,18,1.76013895448565,3,18,0.190778368415406,0.811702394693566,-10.6878827565121,6.21693027731109,14.4540978925323,0.249149577938818,0.0164517952347186,0.555037559356574,8.32137087931458,6920.53063995711,,fit_ok,26,18,697.271599163566,3,18,0.000000000000000000840636733039872,0.613784450085389,0.150039303566207,0.00461062927133311,0.398819932515404,0.270473016253366,0.431508293541364,0.736077711842865,733.53751827731,6920.53063995715,,0.718816670460909,0.00000000000000000317573876926174,0.916769859708321,0.96316944474938,DD_to_IHD,Neither,Influence flag,BTN,FALSE
Kingdom of Cambodia,30,29,3,,,0.564142228612887,0.99,0.978105522388909,0.99,fit_ok,26,18,0.285398015348785,3,18,0.835290650259899,0.873775677246583,0.876120846578753,1.03627225622826,1.59123250825979,0.793438199472798,0.941136192140535,0.00000000910939486669,24.2797124572893,1965.54364527116,,fit_ok,26,18,1258.77765882319,3,18,0.00000000000000000000427890955153371,0.0890370085170482,-0.483285301495118,0.0124911844513404,0.748830605467087,0.423848398705846,0.57385401852346,0.350379210623655,170.842840728392,1965.54364527115,,0.856277852527736,0.0000000000000000000229709881187599,0.916769859708321,0.534222051102289,DD_to_IHD,Neither,Influence flag,KHM,FALSE
Kingdom of Denmark,30,29,2,,,0.99,0.99,0.434070149015483,0.941509173625392,fit_ok,27,21,1.32733134095186,2,21,0.28653430287625,0.50034474510454,-0.014447665286212,0.450642420945391,1.05353479953033,0.24065020723381,0.747572732372875,0.00000000743287271499093,57.501025775312,1337.2065864913,,fit_ok,27,21,3808.79712782613,2,21,0.00000000000000000000000000129318737019239,0.0448597554883387,0.813014070437364,0.0146735343069148,0.610173559755888,0.185749729799819,0.0382422166486921,0.380655457929781,54.8111942829004,1337.2065864913,,0.718816670460909,0.0000000000000000000000000534500929075645,0.916769859708321,0.365616623123299,DD_to_IHD,Neither,Influence flag,DNK,FALSE
Kingdom of Eswatini,30,29,3,,,0.470509254693452,0.222586587554438,0.62116917768596,0.76008260426068,fit_ok,26,18,0.246233046935463,3,18,0.862919793223636,0.907338900351611,2.31824353723035,6.53877177433262,76.1064309625898,0.719398649458357,0.129017634529946,0.000125348171845742,11838.653496509,6554.52270782752,,fit_ok,26,18,230.898962145398,3,18,0.0000000000000149387449120942,0.998726251865621,0.045054869065321,0.00190410669808039,0.43762898565747,0.557232406867421,0.0859641907567179,0.802060033194536,5506.68742302713,6554.52270782752,,0.871463553552582,0.0000000000000380937995258401,0.92413243531043,0.998726251865621,DD_to_IHD,Neither,Influence flag,SWZ,FALSE
Kingdom of Lesotho,30,29,2,,,0.0483832067592244,0.99,0.388621186040007,0.968782556757727,fit_ok,27,21,0.849718685559687,2,21,0.441717005522321,0.639151591214443,-4.49228067064129,3.58653463817818,5.58101087030398,0.22563831404684,0.0696154692807197,0.00000458012871623948,59.7457799045846,1973.89039873134,,fit_ok,27,21,52.4399005946554,2,21,0.00000000681968142130978,0.955543277926687,0.0678506602046497,0.00680025323639615,0.228888590244636,0.046170246648821,0.202985177903488,0.120715791885352,174.304807783477,1973.89039873134,,0.718816670460909,0.0000000113106911377821,0.916769859708321,0.998138144554251,DD_to_IHD,Neither,Residual serial correlation flag,LSO,FALSE
Kingdom of Morocco,30,29,2,,,0.01,0.99,0.602872351822644,0.605032404313888,fit_ok,27,21,1.93681191855519,2,21,0.169060613782816,0.624157409643628,-19.4777610805919,11.6591763094938,20.0604375954333,0.219102448131799,0.00156395546749265,0.00138673747929426,930.465861778634,2801.91560694648,,fit_ok,27,21,3.42958633814952,2,21,0.0514205047202478,0.389579221960986,0.00541822270488134,0.00842140042981168,0.0808032433818575,0.973647480100339,0.179669307770115,0.315730825787004,65.3612308887255,2801.91560694648,,0.718816670460909,0.0567015295293544,0.916769859708321,0.883046236444902,Neither,Neither,Influence flag,MAR,FALSE
Kingdom of Norway,30,29,3,,,0.0287359462401662,0.979941864414411,0.01,0.975734301764747,fit_ok,26,18,0.523963184102918,3,18,0.671320979852505,0.79028283008314,0.763475889969229,0.68459268151322,0.750487589098768,0.750029452983917,0.70570629646735,0.000000260094362351095,5.22971501709273,1479.40927820508,,fit_ok,26,18,20.2059388339257,3,18,0.00000542812583123413,0.000329202041801127,-0.0203233657607035,0.0202862396551548,0.578436375769234,0.031125449532466,0.403896166153179,0.0966912940301218,21.6192183064246,1479.40927820507,,0.769379100505118,0.0000077436200669354,0.916769859708321,0.0111928694212383,DD_to_IHD,DD_to_IHD,Residual serial correlation flag,NOR,FALSE
Kingdom of Saudi Arabia,30,29,3,,,0.317073689608476,0.940568116339679,0.231109090400271,0.851923349692283,fit_ok,26,18,0.432808944717546,3,18,0.732086135993311,0.845575823795835,7.9150402601265,7.75154915125905,9.24706430028471,0.913124609363177,0.116736225975607,0.0000469098758427262,4.67503760099293,2965.54072050156,,fit_ok,26,18,71.1530991490133,3,18,0.000000000353549363384011,0.0123749895965801,-0.0400952631056133,0.00437617628168798,0.515155072839025,0.156311163490402,0.303157855195835,0.689098776028401,1118.74292881152,2965.54072050157,,0.787561682026455,0.000000000667815464169799,0.916769859708321,0.157781117356396,DD_to_IHD,Neither,Influence flag,SAU,FALSE
Kingdom of Spain,30,29,2,,,0.01,0.783694124581272,0.0120511559989322,0.653437636681394,fit_ok,27,21,3.97039440335421,2,21,0.0344701975570623,0.461464260862337,-0.509266504755125,0.186144649346409,0.408309584108151,0.415667144182889,0.713121845434147,0.0000000249633121601082,7.53797530683619,1352.65340964484,,fit_ok,27,21,9.32286575427055,2,21,0.00126543552418745,0.95005945150864,0.0650896006134762,0.0151924414367927,0.205709885958324,0.0402029614708192,0.485758803472254,0.140520241719784,4.07777917143721,1352.65340964484,,0.486773875656861,0.00157407833496487,0.916769859708321,0.998138144554251,DD_to_IHD,Neither,Residual serial correlation flag,ESP,FALSE
Kingdom of Sweden,30,29,2,,,0.99,0.605113695328785,0.99,0.99,fit_ok,27,21,1.73497704258374,2,21,0.200749500315152,0.570274939328737,1.21819236374999,1.20184995682317,2.19450631153151,0.00261086451409813,0.0209170871145256,0.000204307349212904,49.7758480348291,1313.15321180189,,fit_ok,27,21,5.2254462785021,2,21,0.0143931667724225,0.678344760808375,0.105622154784047,0.172624654436252,0.550832691265748,0.054531874759105,0.0501055076128716,0.00100741796957742,18.1215919258163,1313.15321180189,,0.718816670460909,0.0165887345851649,0.916769859708321,0.965817692352022,DD_to_IHD,Neither,Residual serial correlation flag,SWE,FALSE
Kingdom of Thailand,30,29,3,,,0.681565541210327,0.845966189304268,0.674927439558843,0.99,fit_ok,26,18,0.685839441646276,3,18,0.572283861761704,0.815375315709608,0.83327192102108,0.596855105422425,1.11172042728528,0.872310544139311,0.338312902685093,0.0000023812917742452,34.0373514976097,2366.20315451434,,fit_ok,26,18,117.578302508024,3,18,0.00000000000516661949787659,0.180354941936698,0.210382422433775,0.0139568863974995,0.684188578418254,0.550651597195969,0.54760087432818,0.619111098639926,44.3883902936871,2366.20315451434,,0.72919300389818,0.0000000000107550038527227,0.916769859708321,0.735848163101728,DD_to_IHD,Neither,Influence flag,THA,FALSE
Kingdom of Tonga,30,29,3,,,0.0188219601025027,0.99,0.350759998382299,0.99,fit_ok,26,18,0.496429062907825,3,18,0.68933526234612,0.743829716724665,-4.50920350628808,4.15507581185315,4.88535978776084,0.595957056602987,0.365974316742707,0.00000647612438234158,0.844186708780062,5866.74493537534,,fit_ok,26,18,29.5331285163209,3,18,0.000000362140310493236,0.746769853808915,0.263814470207444,0.0778808632772612,0.23756241927209,0.269775941575419,0.25041654096264,0.000502659989545559,9.53958931773621,5866.74493537534,,0.772661502849497,0.000000555463333388122,0.916769859708321,0.97409477517071,DD_to_IHD,Neither,Influence flag,TON,TRUE
Kingdom of the Netherlands,30,29,3,,,0.972042269604025,0.99,0.94663764782957,0.99,fit_ok,26,18,3.42453548998622,3,18,0.0394788141551611,0.771012119873445,3.6339963479339,1.16919495773237,3.87260392441488,0.0755013830759414,0.0501605151786941,0.115447889828826,208.670674960086,2825.57349785147,,fit_ok,26,18,227.917831172704,3,18,0.0000000000000167397129353962,0.0483904354133778,0.232514786722608,0.013625372964534,0.860778949009211,0.203282080660608,0.293718478096731,0.0109886785991017,331.539827298665,2825.57349785147,,0.486773875656861,0.0000000000000416451394978149,0.916769859708321,0.365616623123299,DD_to_IHD,Neither,Influence flag,NLD,FALSE
Kyrgyz Republic,30,29,3,,,0.99,0.99,0.38238472478603,0.99,fit_ok,26,18,0.359649260546121,3,18,0.782832481262443,0.882676500330498,-10.6968781981021,10.6948443237467,15.9306957299225,0.000343581934722761,0.845537520036865,0.0000000116142501238253,582.164957561697,3180.02928487821,,fit_ok,26,18,596.779227438246,3,18,0.00000000000000000336520297330085,0.594207811254331,-0.103815623303272,0.00433808715395335,0.36827694691181,0.0383615915796786,0.580668022343153,0.204447114519189,932.410543531748,3180.02928487821,,0.814784827436421,0.0000000000000000116356170602267,0.916769859708321,0.952675610449615,DD_to_IHD,Neither,Residual serial correlation flag,KGZ,FALSE
Lao People's Democratic Republic,30,29,3,,,0.394636079052065,0.99,0.840145080763313,0.555224993400361,fit_ok,26,18,1.50695630613801,3,18,0.246666703444048,0.748891317861061,2.22954006358725,1.45312754851102,2.26325077168035,0.620311708987034,0.139954825794662,0.00191252802092722,2.79909112146367,1737.3101757068,,fit_ok,26,18,140.20981557804,3,18,0.00000000000114137542930716,0.851886246094445,-0.77519696537305,0.0572855881103369,1.51435923621913,0.0747583390372288,0.501177291122433,0.107877426551437,100.603542051551,1737.3101757068,,0.718816670460909,0.00000000000247702752743255,0.916769859708321,0.995669705266119,DD_to_IHD,Neither,Influence flag,LAO,FALSE
Lebanese Republic,30,29,3,,,0.01,0.161221962389978,0.01,0.0578967637918404,fit_ok,26,18,1.52132274402633,3,18,0.243074702843195,0.877140598393154,-6.40139677901812,3.332792167391,11.776962863453,0.000911743059164081,0.00497050722390944,0.272068948470003,150.615442991045,1976.3219821542,,fit_ok,26,18,9.63139269863808,3,18,0.000515503830508677,0.80023528637913,-0.0249589229149316,0.00786755940605489,0.0828166458190347,0.100677468946676,0.226587987046539,0.243729803861709,15.5493257250755,1976.3219821542,,0.718816670460909,0.00066140114103,0.916769859708321,0.982769082827713,DD_to_IHD,Neither,Residual serial correlation flag,LBN,FALSE
Malaysia,30,29,3,,,0.428310249690903,0.272038693346806,0.184813238497609,0.503146269301301,fit_ok,26,18,1.12777051862735,3,18,0.364225471785729,0.775482419236766,-5.39810914567447,5.16590336544784,6.49817973621062,0.737523760479009,0.471201118183411,0.000790255200619903,15.5064993408073,1541.68041695003,,fit_ok,26,18,36.4435817103143,3,18,0.000000074219939555724,0.241033909551429,0.323547289726288,0.0341498350433131,0.330407815398537,0.110123621364861,0.0514018001758961,0.638797527016959,21.1174867105806,1541.68041695003,,0.718816670460909,0.000000115579142514257,0.916769859708321,0.816846289062876,DD_to_IHD,Neither,Influence flag,MYS,FALSE
Mongolia,30,29,2,,,0.963603949245134,0.99,0.99,0.99,fit_ok,27,21,4.07946290454112,2,21,0.0318567615919979,0.612834454546909,-0.862383032464999,0.346569308181415,0.866967727358459,0.101043603631422,0.00111924536575876,0.124726534568737,6.80151434832364,2504.36939947636,,fit_ok,27,21,3.79476823305871,2,21,0.0391857260064648,0.579266682516574,8.90719722549279,3.27627276827669,8.8532058546057,0.107680673694294,0.00229899320055515,0.186259827615541,5.8638571492467,2504.36939947636,,0.486773875656861,0.0436824486629443,0.916769859708321,0.952675610449615,DD_to_IHD,Neither,Influence flag,MNG,FALSE
Montenegro,30,29,2,,,0.984287455209343,0.985434498336632,0.948917416462628,0.99,fit_ok,27,21,0.446657938438037,2,21,0.645700900450724,0.650411704139159,2.36474293187352,2.90711170457343,9.83510467541643,0.756368290516084,0.856254006986306,0.00000000263951185059049,3633.71014819724,1287.55446077172,,fit_ok,27,21,3804.08727847095,2,21,0.00000000000000000000000000131005129675403,0.108367744605292,-0.124956550188063,0.00151363181849252,0.33693974019822,0.157223993488243,0.522689075268382,0.0994565500127801,931.631416873684,1287.55446077173,,0.749405188578252,0.0000000000000000000000000534500929075645,0.916769859708321,0.580725411543761,DD_to_IHD,Neither,Influence flag,MNE,FALSE
New Zealand,30,29,2,,,0.337479294539805,0.909397429043233,0.0460309875377658,0.859964837830827,fit_ok,27,21,3.46845344890913,2,21,0.0499378947515102,0.087699668997277,0.814384359079777,0.495445822973906,0.592661388761944,0.0941999150711085,0.137959211452138,0.0000140869640781898,1.16364140600259,1519.31410216129,,fit_ok,27,21,8.77289597773716,2,21,0.00170037369505958,0.440839433345875,-0.456901103006662,0.147753378569831,0.354864575607515,0.00946131798199817,0.401678299302834,0.984089324419011,0.926188485917166,1519.31410216128,,0.486773875656861,0.00206473948685806,0.916769859708321,0.899312444025585,DD_to_IHD,Neither,Residual serial correlation flag,NZL,FALSE
North Macedonia,30,29,2,,,0.0384747888988505,0.99,0.385462407066726,0.99,fit_ok,27,21,0.9735219452865,2,21,0.394159282235172,0.67817410091146,1.71392608889394,2.52902431524432,2.73852469599002,0.888589509593377,0.0884654099828594,0.00000553326520635493,2515.21856833267,1156.06846602782,,fit_ok,27,21,2112.41792272489,2,21,0.000000000000000000000000616153617425257,0.792393348752423,-0.128279697810995,0.00200037584817647,0.194745726055406,0.40287289008475,0.464419340343831,0.635090608841145,356.100753880543,1156.06846602782,,0.718816670460909,0.00000000000000000000000785595862217202,0.916769859708321,0.982769082827713,DD_to_IHD,Neither,Influence flag,MKD,FALSE
Northern Mariana Islands,30,29,3,,,0.99,0.99,0.0130383207212088,0.99,fit_ok,26,18,0.980458631498336,3,18,0.423925847162418,0.818019590604889,-6.62233066150962,4.01982185349918,7.20769118820926,0.168529520678354,0.0167374659541411,0.000301973986175596,17.3709233973423,2020.27277211862,,fit_ok,26,18,2.1286968554582,3,18,0.132198981715582,0.650344900279701,0.00264416682298842,0.00562777571463087,0.064764738422075,0.0931038163097643,0.393484955113105,0.370030099089792,7.31395325902256,2020.27277211862,,0.718816670460909,0.139013362216385,0.916769859708321,0.965817692352022,Neither,Neither,Influence flag,MNP,TRUE
Palestine,30,29,3,,,0.973937115258965,0.540665986234569,0.99,0.917818936582977,fit_ok,26,18,2.20759115146085,3,18,0.122368889721457,0.65625965224477,-11.6114498192668,10.7425065278544,13.8206720143701,0.0247462826212472,0.00866817371315847,0.0142266907030946,10.0098197848148,5028.80316492862,,fit_ok,26,18,59.3452846177555,3,18,0.00000000156576855629327,0.350019367461962,0.0726026138198954,0.00737804948454027,0.0444925523503602,0.0571881909498422,0.66253833873719,0.286293616787899,11.0044557332505,5028.80316492861,,0.718816670460909,0.00000000275359297830885,0.916769859708321,0.839434577770991,DD_to_IHD,Neither,Residual serial correlation flag,PSE,FALSE
People's Democratic Republic of Algeria,30,29,3,,,0.26502567870968,0.99,0.143695551093177,0.99,fit_ok,26,18,0.820756649336109,3,18,0.499285727646197,0.838946007696442,2.26158405414401,1.88909516863156,5.74516516251358,0.0213277508732934,0.184523579950034,0.0000173683948038458,2751.82710896052,3109.4278260473,,fit_ok,26,18,16.9191304559342,3,18,0.0000177915124933694,0.591290058043074,-0.00964469361573153,0.0194699879829237,0.294860991426207,0.469657621137922,0.769128183295991,0.045938465846214,38.8026550833909,3109.4278260473,,0.718816670460909,0.0000248593736208723,0.916769859708321,0.952675610449615,DD_to_IHD,Neither,Residual serial correlation flag,DZA,FALSE
People's Republic of Bangladesh,30,29,3,,,0.01,0.99,0.01,0.99,fit_ok,26,18,0.858090785251898,3,18,0.480620457196009,0.845303776285592,-3.77330972910982,2.82260796612053,4.82916699608031,0.535828798024704,0.0109885099604737,0.137943710306244,2614.31804083412,5799.74689026805,,fit_ok,26,18,82.3434547634607,3,18,0.000000000104983738852744,0.79449558257389,0.0692752428429942,0.0129797975461623,1.11044686290622,0.086103141796608,0.948594043308852,0.388613949443362,1829.75956109641,5799.74689026803,,0.718816670460909,0.000000000209967477705488,0.916769859708321,0.982769082827713,DD_to_IHD,Neither,Influence flag,BGD,FALSE
People's Republic of China,30,29,3,,,0.205313819229571,0.661366315862188,0.01,0.302667944907807,fit_ok,26,18,48.1004532611969,3,18,0.00000000848674426270947,0.302768304570072,-2.96067189751039,0.296957199549359,2.12454325002611,0.349496678070282,0.781272309835094,0.00000514794176033023,18.4176027020605,1087.89684452427,,fit_ok,26,18,6.32939720186768,3,18,0.00404085423815004,0.165814287066,0.185311168001937,0.0425306303379235,1.32691021286317,0.404637951416053,0.350110982212605,0.512700490634797,53.2221551382849,1087.89684452427,,0.00000173129582959273,0.00476493794556421,0.916769859708321,0.690328868601305,Bidirectional,Neither,Influence flag,CHN,FALSE
Plurinational State of Bolivia,30,29,3,,,0.107113283259175,0.99,0.0144839434860963,0.984128676423371,fit_ok,26,18,1.8272543421913,3,18,0.178329876420201,0.815885422961546,-17.2675100202826,8.3120733517352,19.5953411539478,0.0241055704869537,0.00609512280876568,0.323317631502009,9412.43985632727,3483.87777141235,,fit_ok,26,18,16.4567464928048,3,18,0.0000213053794417457,0.958332717867034,0.0370519204754458,0.010003126107021,0.608646160339943,0.526729502087225,0.469485053995761,0.109362148631,2434.07906653429,3483.87777141235,,0.718816670460909,0.0000295666490211981,0.916769859708321,0.998138144554251,DD_to_IHD,Neither,Residual serial correlation flag,BOL,FALSE
Portuguese Republic,30,29,2,,,0.01,0.720292069556539,0.0242655168165121,0.99,fit_ok,27,21,1.76856415776445,2,21,0.195053338193063,0.452220436823868,-0.000509709175815382,0.329866438332405,0.490089999319118,0.107860653392844,0.190524681353622,0.0000136554533079719,6.4752260597299,1229.12233290838,,fit_ok,27,21,61.1742780138818,2,21,0.00000000174249968204091,0.0177057850670754,-0.325331338093398,0.0383567574838218,0.103770237507027,0.0618810618618265,0.495232044033259,0.0214013219157628,0.607360355233272,1229.12233290838,,0.718816670460909,0.00000000303820457381492,0.916769859708321,0.200665564093521,DD_to_IHD,Neither,Influence flag,PRT,FALSE
Principality of Andorra,30,29,2,,,0.99,0.99,0.58067672206831,0.99,fit_ok,27,21,1.49282548191206,2,21,0.247634838863379,0.680129544320487,-5.28974239120891,5.45905002611516,7.51290832726618,0.0374523509895395,0.0217491988405351,0.000019158075738112,337.463723365266,629.24241732156,,fit_ok,27,21,55.9240811792947,2,21,0.0000000038731944918849,0.825195869131822,0.0796736905054113,0.0356305756888882,0.831538648076744,0.322555115965063,0.334402125899548,0.00156392779607588,463.196721081778,629.24241732156,,0.718816670460909,0.00000000647648915036492,0.916769859708321,0.984444194753752,DD_to_IHD,Neither,Residual serial correlation flag,AND,FALSE
Principality of Monaco,30,29,2,,,0.99,0.99,0.435965015002036,0.861842528362713,fit_ok,27,21,0.664422872802807,2,21,0.525057326786545,0.674499339529635,-6.4103408424386,6.23612017272271,7.18771754518604,0.331929061969348,0.22497548998702,0.000000925504376482474,16727.230854429,9488.88963374924,,fit_ok,27,21,11.8315194198198,2,21,0.000362114380557818,0.719839448939295,0.195232884860609,0.0435946625401748,3.48083912261453,0.149636556103526,0.249939038964737,0.000198622386708077,9186.79773323091,9488.88963374924,,0.718816670460909,0.000467540086289841,0.916769859708321,0.967016766223358,DD_to_IHD,Neither,Influence flag,MCO,FALSE
Puerto Rico,30,29,3,,,0.99,0.99,0.528046668263001,0.986145947820193,fit_ok,26,18,3.69743952073931,3,18,0.0311134231712235,0.789989033069315,-0.641346177594154,3.63910191481624,5.70302285016741,0.0330662854542495,0.00236694449181668,0.0290775060001249,234.198407589356,1846.68072314369,,fit_ok,26,18,343.88615578953,3,18,0.000000000000000448406016064315,0.597154240816244,0.345862730118727,0.0133491879325642,0.582145168347034,0.022696635199612,0.681704043278785,0.969080207299155,432.454601553694,1846.68072314368,,0.486773875656861,0.00000000000000128837784897353,0.916769859708321,0.952675610449615,DD_to_IHD,Neither,Residual serial correlation flag,PRI,TRUE
Republic of Albania,30,29,3,,,0.252831424781981,0.967668895684592,0.958741451380086,0.99,fit_ok,26,18,0.87671520766094,3,18,0.471552551681138,0.870583309440315,10.1591471802142,7.07889563506805,16.6184519657284,0.116043606958616,0.00980556208738537,0.0051303836849643,24.3308782725522,2461.04755352816,,fit_ok,26,18,31.7935433706289,3,18,0.000000208995409977456,0.982026515370124,-0.0266328683371494,0.00899004793257535,0.14971527330672,0.122928992784355,0.0878957404847011,0.284739327121292,133.961291647909,2461.04755352816,,0.718816670460909,0.000000322992906328796,0.916769859708321,0.998138144554251,DD_to_IHD,Neither,Influence flag,ALB,FALSE
Republic of Angola,30,29,2,,,0.99,0.99,0.99,0.99,fit_ok,27,21,1.08323711682858,2,21,0.356675434894303,0.63888333002408,-2.29143608215504,2.95235846113108,3.34784149537393,0.0696093891758017,0.125213050588333,0.00000172958615253053,2.31828817039255,1135.53137627695,,fit_ok,27,21,1620.26790037153,2,21,0.00000000000000000000000982584750903016,0.235592298958418,0.235970299121492,0.00429943270079795,0.276805783981846,0.00896288405250727,0.64162541859602,0.00156940850095068,171.780538327959,1135.53137627695,,0.718816670460909,0.0000000000000000000000770951112246982,0.916769859708321,0.816846289062876,DD_to_IHD,Neither,Residual serial correlation flag,AGO,FALSE
Republic of Armenia,30,29,3,,,0.976495169494555,0.99,0.99,0.986941276392888,fit_ok,26,18,0.259561997051666,3,18,0.853543679412185,0.861549187564662,-3.5219803715025,5.71705218015563,7.29422390404086,0.0393945236934301,0.451094575156599,0.0000015744509972539,1312.97100855607,2265.24210563086,,fit_ok,26,18,4323.01992645605,3,18,0.0000000000000000000000000664679959414249,0.020084895337775,0.137326578834082,0.00231998334384568,0.0496880667949589,0.828875412916506,0.348141356302214,0.240708551401069,19.1281410843866,2265.24210563086,,0.866283137313859,0.00000000000000000000000135594711720507,0.916769859708321,0.209164804994715,DD_to_IHD,Neither,Residual serial correlation flag,ARM,FALSE
Republic of Austria,30,29,2,,,0.01,0.99,0.0425339970983437,0.984363748716708,fit_ok,27,21,5.41678038002566,2,21,0.012676746015033,0.599148758892323,0.933719669349698,0.305589133840504,12.7557942749731,0.820591336027915,0.465470635226956,0.0000000400124563132234,1614.22409259618,1768.23330557747,,fit_ok,27,21,355.657963505927,2,21,0.0000000000000000636749420723667,0.145847719871867,-0.11539112423231,0.00538689579734613,0.0820202909502699,0.0272435195928532,0.0426223891308301,0.620824268503315,5.3899603355028,1768.23330557747,,0.369436598152389,0.000000000000000202963877855669,0.916769859708321,0.651575337390311,DD_to_IHD,Neither,Residual serial correlation flag,AUT,FALSE
Republic of Azerbaijan,30,29,3,,,0.99,0.99,0.97641533536585,0.99,fit_ok,26,18,1.1533360696973,3,18,0.354748463666819,0.802192312788299,-0.420598414645601,1.23444940958027,1.83117695123496,0.277865776355471,0.0313951794380392,0.0288643322123275,96.5533691677827,1339.65653004388,,fit_ok,26,18,4594.46525828136,3,18,0.0000000000000000000000000384520104904002,0.113183652982965,-0.372959471176395,0.0207976851798007,0.147281068586071,0.196274030726732,0.335911271642337,0.154349401996436,8.11206875808905,1339.65653004388,,0.718816670460909,0.000000000000000000000000871578904449072,0.916769859708321,0.580725411543761,DD_to_IHD,Neither,Influence flag,AZE,FALSE
Republic of Belarus,30,29,3,,,0.99,0.903107549148374,0.0317305307599011,0.99,fit_ok,26,18,1.32492244737668,3,18,0.297272880033946,0.807430750996149,1.08223113266124,1.49175000048403,2.14581398998942,0.927619304217715,0.0453185166186554,0.0269305453229521,2050.69508999161,2374.25258482847,,fit_ok,26,18,78.7877793745081,3,18,0.000000000151739346486374,0.725262574667519,-0.168916223236076,0.0178426185376964,1.30298387237066,0.132600136721919,0.829258995676087,0.00032626883770538,1078.00321931235,2374.25258482847,,0.718816670460909,0.000000000300532297895343,0.916769859708321,0.967016766223358,DD_to_IHD,Neither,Influence flag,BLR,FALSE
Republic of Benin,30,29,2,,,0.99,0.854649977489613,0.965642892865774,0.99,fit_ok,27,21,0.954170719546293,2,21,0.401207734089128,0.622678845057624,-1.89668882472653,1.8747521438651,2.1947584588793,0.704050923808821,0.101936576919864,0.00000711300964410382,30.9300741396905,1581.01770247438,,fit_ok,27,21,2418.37235807749,2,21,0.000000000000000000000000149878165980772,0.314115271568449,0.423058315285207,0.00608612267651628,0.34347089766523,0.0909935589496491,0.399430833590787,0.219298937805966,122.047475654785,1581.01770247438,,0.718816670460909,0.00000000000000000000000277955871455249,0.916769859708321,0.827630372655187,DD_to_IHD,Neither,Influence flag,BEN,FALSE
Republic of Botswana,30,29,2,,,0.740904470602978,0.99,0.983197554743169,0.99,fit_ok,27,21,0.973429603611713,2,21,0.394192592811908,0.393043382758779,-3.70428256145311,2.6798179304093,2.67725955477611,0.821697900827713,0.0829091809861562,0.0000108606151490957,1.54843172465303,2148.49810832895,,fit_ok,27,21,242.154508497672,2,21,0.00000000000000313295090880846,0.256265502451098,0.205401054600957,0.00997012644015802,0.177202910718011,0.012069856973257,0.515665465312428,0.775215037611696,46.1079180782124,2148.49810832895,,0.718816670460909,0.00000000000000863678358644495,0.916769859708321,0.816846289062876,DD_to_IHD,Neither,Residual serial correlation flag,BWA,FALSE
Republic of Bulgaria,30,29,3,,,0.0668883278759018,0.99,0.154704776597845,0.99,fit_ok,26,18,0.745296749523221,3,18,0.539033652889162,0.800337667018469,-0.612157981414029,0.800987400048079,1.52866208808118,0.332887737471832,0.349175882204724,0.0000103036812349098,146.210576150636,1407.52735055032,,fit_ok,26,18,158.72242544952,3,18,0.000000000000391180135995224,0.0879040965404598,-0.184671811081209,0.0316832524127409,0.0856326628972183,0.726859809488457,0.487685496149177,0.110853088758137,0.945927971221144,1407.52735055032,,0.718816670460909,0.00000000000086739943198941,0.916769859708321,0.534222051102289,DD_to_IHD,Neither,Influence flag,BGR,FALSE
Republic of Burundi,30,29,3,,,0.99,0.99,0.99,0.99,fit_ok,26,18,1.61348699435852,3,18,0.221296869896495,0.837101240513676,6.59484492607236,3.52902953433357,28.1740277705566,0.0124472909027711,0.00711455460550708,0.00100473964384286,1133.56833670301,6721.47293153792,,fit_ok,26,18,1040.47770391695,3,18,0.0000000000000000000235340481257088,0.0331984419695657,0.211098870887417,0.00388702972518712,0.373918460980056,0.803646244124952,0.113567450077533,0.415403164495337,670.978914841105,6721.47293153791,,0.718816670460909,0.000000000000000000114308233753443,0.916769859708321,0.307840098263245,DD_to_IHD,Neither,Residual serial correlation flag,BDI,FALSE
Republic of Cabo Verde,30,29,3,,,0.01,0.66652546298384,0.01,0.99,fit_ok,26,18,0.795102756757451,3,18,0.512493148824737,0.839768066798119,-5.93453479940745,5.10509411311299,8.89461571104441,0.208056793154262,0.0105671166812844,0.00582069586061857,394.365252742485,3530.74565270185,,fit_ok,26,18,21.476238277628,3,18,0.00000356636732453701,0.404008163133797,0.0242652810322067,0.00342462337942296,0.224486246107061,0.133188069714141,0.727870064260413,0.0829372293084089,299.7719986216,3530.74565270185,,0.718816670460909,0.00000523409305183848,0.916769859708321,0.891657103762154,DD_to_IHD,Neither,Influence flag,CPV,TRUE
Republic of Cameroon,30,29,3,,,0.127913625011378,0.850919864747044,0.885045004608587,0.99,fit_ok,26,18,1.10886292233899,3,18,0.371396723848586,0.790042672377012,1.66803615908634,1.27012082676062,2.03782730964801,0.160035025142824,0.410051736419626,0.000000929746988779264,72.7876455231673,3047.55237393877,,fit_ok,26,18,27.1628452521739,3,18,0.000000669744971576222,0.521643924381507,0.0284401110547123,0.00510337438847482,0.506928998378498,0.621380433861177,0.755669416522041,0.378008062456223,101.976160241931,3047.55237393877,,0.718816670460909,0.00000101961174777276,0.916769859708321,0.952675610449615,DD_to_IHD,Neither,Influence flag,CMR,FALSE
Republic of Chad,30,29,2,,,0.538030084235234,0.680220784050812,0.944657572277812,0.99,fit_ok,27,21,4.94820767365682,2,21,0.0173487264564618,0.598090772822055,2.23210899224616,0.920127206042551,3.84077201876334,0.204377522621424,0.62671975890591,0.000000101874149484742,30.3545283110978,1063.62618170446,,fit_ok,27,21,2825.6905081681,2,21,0.0000000000000000000000000294283524117484,0.208209592360243,0.222464310932474,0.00349740190929834,0.153489890542928,0.0129921791180796,0.143250098574503,0.842276246213241,46.6799282935014,1063.62618170446,,0.393237799679801,0.000000000000000000000000750422986499584,0.916769859708321,0.786569571138696,DD_to_IHD,Neither,Residual serial correlation flag,TCD,FALSE
Republic of Chile,30,29,2,,,0.362583979790146,0.99,0.976631105977174,0.978892038971694,fit_ok,27,21,1.06227060851281,2,21,0.363525415629369,0.832576871353078,0.874474488423124,0.616299439044536,1.65652602389953,0.072796208187607,0.747148563411361,0.0000000075444401231625,100.757941447543,711.549584894555,,fit_ok,27,21,1019.35598299956,2,21,0.00000000000000000000122555957714019,0.026416143242943,-0.542102172333436,0.0123631303962913,0.419384716713394,0.0248511867415936,0.174776690945071,0.625841475424204,47.6038954839586,711.549584894555,,0.718816670460909,0.00000000000000000000714326153533138,0.916769859708321,0.256613962931446,DD_to_IHD,Neither,Residual serial correlation flag,CHL,FALSE
Republic of Colombia,30,29,3,,,0.99,0.803469820246903,0.657296671669326,0.99,fit_ok,26,18,1.67171565938965,3,18,0.208603629968013,0.875730146723547,2.60762297523015,6.08252889620847,5.94945188157458,0.376046278024104,0.0137941551254958,0.27757191508175,21.6358947639381,2690.6114968293,,fit_ok,26,18,63.5171081977448,3,18,0.000000000899501423416464,0.80187313151809,0.182205073932764,0.0132714638542404,0.199802050045241,0.276982555399902,0.514118484379875,0.122191271419615,54.2168652852093,2690.61149682931,,0.718816670460909,0.00000000163837759265142,0.916769859708321,0.982769082827713,DD_to_IHD,Neither,Influence flag,COL,FALSE
Republic of Costa Rica,30,29,3,,,0.99,0.770340473550418,0.808850730900043,0.987652777836569,fit_ok,26,18,2.77679109890746,3,18,0.0710669286369857,0.803008975930963,14.7779768923936,6.99673813401618,15.7521032551815,0.855242895161376,0.0230487059165416,0.21624655272805,5.4679037361092,3399.76492572611,,fit_ok,26,18,1763.39158586547,3,18,0.000000000000000000000208598191206345,0.0000291301342173739,0.26638168189149,0.0039225376486373,0.0448519691901186,0.00275755574131507,0.479199027277665,0.0366666347960674,16.4259560457353,3399.76492572611,,0.557602055459426,0.00000000000000000000129914456425708,0.916769859708321,0.00198084912678142,DD_to_IHD,DD_to_IHD,Residual serial correlation flag,CRI,FALSE
Republic of Croatia,30,29,3,,,0.0496546491953621,0.99,0.636332881241207,0.99,fit_ok,26,18,0.750378909408298,3,18,0.536270812422005,0.765802012305631,0.702107422453443,0.550978921052645,0.812349641517425,0.335917961675916,0.682048358730125,0.0000000874764788928411,15.5892917085215,1850.84405166402,,fit_ok,26,18,61.9665618121457,3,18,0.00000000110090948338883,0.919155053716736,-0.281580470036223,0.0215361353727729,1.22526172164577,0.232563035188981,0.189948536427871,0.239674399892885,82.56463556726,1850.84405166402,,0.718816670460909,0.00000000197004854922211,0.916769859708321,0.998138144554251,DD_to_IHD,Neither,Influence flag,HRV,FALSE
Republic of Cuba,30,29,2,,,0.578442808237925,0.99,0.373240212584328,0.99,fit_ok,27,21,0.327485136456683,2,21,0.724349025073367,0.771998000796005,-0.0987635481525439,0.48149646004445,1.0704934913027,0.425222874213478,0.509333425532961,0.0000000568502403112275,27.68473282634,406.091447808384,,fit_ok,27,21,110.181693734931,2,21,0.00000000000733251524081795,0.936360654219302,0.191370362972485,0.0222393088541854,0.654327551693566,0.0141606389389039,0.378748042284182,0.146975731012498,73.6268239134848,406.091447808384,,0.785995750611525,0.0000000000151094253447158,0.916769859708321,0.998138144554251,DD_to_IHD,Neither,Residual serial correlation flag,CUB,TRUE
Republic of Cyprus,30,29,2,,,0.01,0.99,0.515880537573087,0.99,fit_ok,27,21,0.636369739603012,2,21,0.539112502845682,0.697399912793491,-0.356346401197124,0.36195683798948,0.425184840982807,0.845770374152513,0.11424207041636,0.0000106846421498735,20.4957894664605,592.969758507016,,fit_ok,27,21,64.5749415348503,2,21,0.00000000107100158188517,0.328617942083677,-0.651993582815347,0.0623773207118418,0.585549352522596,0.0555923481999238,0.278111577129346,0.0114975193212959,4.36579701593482,592.969758507016,,0.718816670460909,0.00000000193348958145641,0.916769859708321,0.827630372655187,DD_to_IHD,Neither,Influence flag,CYP,FALSE
Republic of Côte d'Ivoire,30,29,3,,,0.647630677621084,0.99,0.843527626137968,0.976429896601591,fit_ok,26,18,0.892098220468975,3,18,0.464183637220418,0.713744860280781,-2.43426714592633,2.51914737562424,3.43819736918415,0.000595066972471444,0.306907524559644,0.00000173154724977745,35.8542404611007,2704.63315513298,,fit_ok,26,18,23.7592674295776,3,18,0.00000175502871723091,0.714153026122063,0.194445442911922,0.0382111970612322,0.402063611741262,0.756329626270882,0.751080054173262,0.000613576667330415,49.9519783112741,2704.63315513297,,0.718816670460909,0.00000263254307584636,0.916769859708321,0.967016766223358,DD_to_IHD,Neither,Residual serial correlation flag,CIV,FALSE
Republic of Djibouti,30,29,1,,,0.290347244626883,0.99,0.195274868258936,0.99,fit_ok,28,24,0.696944787807511,1,24,0.412045667456438,0.372973376926632,-2.87211079128505,3.44034504281442,3.16357109678584,0.485963927055762,0.613257104132313,0.00000000206759012237522,14.3931271602459,1445.37907331159,,fit_ok,28,24,251.74165190385,1,24,0.0000000000000317696630072746,0.32303582196575,0.0469771372309296,0.00296079956766651,0.0465577249794625,0.00502723580965345,0.660697725936519,0.475020412725133,19.3237458297604,1445.37907331159,,0.718816670460909,0.0000000000000762471912174591,0.916769859708321,0.827630372655187,DD_to_IHD,Neither,Residual serial correlation flag,DJI,FALSE
Republic of Ecuador,30,29,2,,,0.888144651201218,0.743068693174537,0.306029305555955,0.99,fit_ok,27,21,1.1009439558448,2,21,0.351000462452056,0.642199282049353,-11.2748072731741,9.3424434423189,12.4628161995919,0.0510817890099789,0.0490583142947623,0.0000700941247407133,10.8199333742839,809.965523829326,,fit_ok,27,21,315.262751289933,2,21,0.00000000000000021728146740079,0.473583791932952,0.0986459512105704,0.00630922670032041,0.202604177197264,0.0568684262552082,0.0597326758610133,0.761146410562299,560.721447898095,809.965523829326,,0.718816670460909,0.000000000000000651844402202371,0.916769859708321,0.932481236828444,DD_to_IHD,Neither,Influence flag,ECU,FALSE
Republic of El Salvador,30,29,2,,,0.504466348710095,0.99,0.15809578797291,0.99,fit_ok,27,21,1.7286706659353,2,21,0.20183920426537,0.620400399102759,-6.96147666970147,6.03402774785293,7.60688591497904,0.178134791278266,0.0138009135973235,0.0000563193564701412,661.882592303123,754.72279274187,,fit_ok,27,21,374.737736562903,2,21,0.0000000000000000373538184514728,0.467082370789556,0.102826537534356,0.004374203497443,0.385622379610857,0.606574269542744,0.265183317532143,0.903867587648619,1660.95951121775,754.722792741871,,0.718816670460909,0.000000000000000124920966624598,0.916769859708321,0.932481236828444,DD_to_IHD,Neither,Influence flag,SLV,FALSE
Republic of Equatorial Guinea,30,29,2,,,0.99,0.99,0.044811079015717,0.95726159449831,fit_ok,27,21,2.3773125689276,2,21,0.117306654099268,0.65062326595571,-9.13824995484204,6.30894142959933,10.0913358582104,0.319081497589231,0.00218115461881179,0.00241407168744835,5.89512153635198,1540.49840769465,,fit_ok,27,21,219.949454347826,2,21,0.00000000000000823081720373018,0.0795123792390406,0.102774794851331,0.00491202481745722,0.358138951907866,0.0845323609886409,0.494328932125579,0.702069343669984,697.924941964461,1540.49840769465,,0.718816670460909,0.0000000000000215267526866789,0.916769859708321,0.506891417648884,DD_to_IHD,Neither,Influence flag,GNQ,FALSE
Republic of Estonia,30,29,2,,,0.99,0.99,0.640054327225232,0.99,fit_ok,27,21,1.14651725907321,2,21,0.336844031745782,0.576880567119671,-1.32279230684893,1.20271280861739,1.30689583806123,0.769045708685592,0.196157365389508,0.00000125216978383094,4.57390731644866,1542.58522733671,,fit_ok,27,21,871.89671101714,2,21,0.00000000000000000000620893185180451,0.249618791582668,0.851715019069556,0.020532931075745,0.601856823374238,0.017445191355982,0.724706128433148,0.529489422970831,57.4509284747288,1542.58522733671,,0.718816670460909,0.000000000000000000032477489686362,0.916769859708321,0.816846289062876,DD_to_IHD,Neither,Residual serial correlation flag,EST,FALSE
Republic of Fiji,30,29,3,,,0.884438487751242,0.99,0.932411476686533,0.99,fit_ok,26,18,0.368743650024503,3,18,0.77645335641786,0.847560560204827,-0.505979435271113,1.49569766408955,2.99087549870906,0.431555935152754,0.579136171052106,0.000000406634260005188,47.007624495808,2416.37262051294,,fit_ok,26,18,3675.40354569777,3,18,0.000000000000000000000000285726352441905,0.241048790922256,-0.649386507861783,0.00892188117558292,0.527938753061903,0.00839204274228919,0.606471133259043,0.18616479360362,132.248026290559,2416.37262051294,,0.814119573210851,0.00000000000000000000000485734799151239,0.916769859708321,0.816846289062876,DD_to_IHD,Neither,Residual serial correlation flag,FJI,TRUE
Republic of Finland,30,29,3,,,0.180724669384812,0.884203760663245,0.01,0.99,fit_ok,26,18,1.76366068658023,3,18,0.190102728609939,0.795549260548834,-1.21917111875596,0.591279793449226,1.25583499912772,0.974921494144783,0.0391523020237602,0.0138062415873687,62.5427702685819,4837.86762858448,,fit_ok,26,18,3.27426736071722,3,18,0.0451174129232862,0.464508600123478,0.00813330365189068,0.0418960244172567,0.198079223155938,0.121608673467804,0.33820700246513,0.0230551022624182,1.70509431785732,4837.86762858448,,0.718816670460909,0.0500214795453826,0.916769859708321,0.932481236828444,Neither,Neither,Influence flag,FIN,FALSE
Republic of Ghana,30,29,3,,,0.27074064625239,0.98131742444294,0.219099244452302,0.99,fit_ok,26,18,0.950329951193384,3,18,0.43726246738431,0.806003386945123,7.90178255436569,5.30081855316851,8.05138680702405,0.0574034033122265,0.105354608266832,0.000164991397732301,201.567820177076,4634.99576863706,,fit_ok,26,18,2.57780075180476,3,18,0.085691270191633,0.731797315741204,0.00585216920672548,0.0286517101242806,0.260011595585705,0.592407113472873,0.308634517832517,0.636957588762408,34.1183539032919,4634.99576863706,,0.718816670460909,0.0929841442504954,0.916769859708321,0.96939384682601,Neither,Neither,Influence flag,GHA,FALSE
Republic of Guatemala,30,29,3,,,0.600669747151841,0.699518530879811,0.449224406393997,0.99,fit_ok,26,18,1.63059359400013,3,18,0.217485466741021,0.804121983056078,-12.0140901370136,6.49355648251075,12.4263292320446,0.0487699157333133,0.154327009338835,0.0000295733024100023,67.0642611416222,1831.12293906509,,fit_ok,26,18,244.656432749756,3,18,0.00000000000000899395490869835,0.410846972839419,0.173295873912849,0.00742598999287241,0.158031690737968,0.339205281282552,0.874768475710068,0.770211858847345,52.3731410405768,1831.12293906509,,0.718816670460909,0.0000000000000232248962199299,0.916769859708321,0.891657103762154,DD_to_IHD,Neither,Residual serial correlation flag,GTM,FALSE
Republic of Guinea,30,29,3,,,0.102030382850039,0.99,0.0445254393091903,0.99,fit_ok,26,18,0.430721119014944,3,18,0.733513331299149,0.856073663007388,-8.68407289113967,9.09763894412474,10.136528257356,0.0518779983899345,0.325902585853048,0.00000301813511629054,107.818503256725,4070.72643195771,,fit_ok,26,18,150.612325814186,3,18,0.000000000000615653515317763,0.301561642343191,0.0135383656133635,0.00472937937174411,0.287464413298157,0.00923955916004887,0.0300854370829074,0.834171190115486,460.19846484448,4070.72643195771,,0.787561682026455,0.00000000000135046577553574,0.916769859708321,0.827630372655187,DD_to_IHD,Neither,Residual serial correlation flag,GIN,FALSE
Republic of Guinea-Bissau,30,29,3,,,0.01,0.829305873506372,0.01,0.99,fit_ok,26,18,0.413419700657223,3,18,0.745393036688121,0.860751931696598,-13.3320150367164,18.06908551031,24.9147581691161,0.0092579463201509,0.762885637980352,0.000000056489899626759,506.670367869815,13273.3170774819,,fit_ok,26,18,76.092446447772,3,18,0.000000000202713696964468,0.313142311901131,0.0168372325390666,0.00425098921044756,0.198952216464904,0.564511242922153,0.578190425020744,0.00169296669822881,507.40215496804,13273.3170774819,,0.79612659415904,0.000000000393843754102396,0.916769859708321,0.827630372655187,DD_to_IHD,Neither,Residual serial correlation flag,GNB,TRUE
Republic of Guyana,30,29,2,,,0.0499900061505342,0.341311757241285,0.0670126463234836,0.546406179927848,fit_ok,27,21,0.492537055186196,2,21,0.617958468732405,0.733454015724477,1.97222229574083,3.18451396287362,6.00277560493914,0.0472726153855812,0.0524482962308544,0.0000170911684429219,533.083828255134,1016.39116118031,,fit_ok,27,21,19.4150832583928,2,21,0.0000168128126444883,0.642485445435613,-0.0201860239474987,0.00572875593552435,0.33882979304652,0.458143936745607,0.131140289542995,0.335125184699289,565.522732804124,1016.39116118031,,0.745938033262784,0.0000236538881343146,0.916769859708321,0.965817692352022,DD_to_IHD,Neither,Residual serial correlation flag,GUY,TRUE
Republic of Haiti,30,29,2,,,0.01,0.99,0.0134929269106706,0.97850977929668,fit_ok,27,21,0.465553342068388,2,21,0.634113275721905,0.644747620550745,-0.88167222983587,1.92802407944288,1.6992602139432,0.276942076181619,0.227597284348267,0.00000104773613582707,20.4231117803956,1396.35952532628,,fit_ok,27,21,4.68010835833897,2,21,0.0208497805370269,0.580183464336571,0.0265406381823061,0.00947621659314546,0.22012204961884,0.00888351903335713,0.914126012188033,0.00426106301130379,67.3707505232651,1396.35952532628,,0.749405188578252,0.023761761058958,0.916769859708321,0.952675610449615,DD_to_IHD,Neither,Residual serial correlation flag,HTI,TRUE
Republic of Honduras,30,29,3,,,0.99,0.288130141242736,0.99,0.620376787080964,fit_ok,26,18,0.328736682903509,3,18,0.804617040278139,0.889806040305136,4.6914660430336,5.66097668206586,7.70385529668153,0.147441435746878,0.113972750160946,0.00036474069763128,1280.77533623218,4692.72549778906,,fit_ok,26,18,1547.98782429136,3,18,0.00000000000000000000067081920731553,0.0122832323248747,-0.142075135849747,0.0029281076462252,0.142368130464475,0.0154833711299415,0.16322063919909,0.776018723560006,114.454947414797,4692.72549778906,,0.828999374832022,0.00000000000000000000402491524389318,0.916769859708321,0.157781117356396,DD_to_IHD,Neither,Residual serial correlation flag,HND,FALSE
Republic of Iceland,30,29,2,,,0.220171638123671,0.99,0.0352498613870093,0.99,fit_ok,27,21,1.35872808941862,2,21,0.278668238853324,0.596587848264448,-0.73716092950953,0.655840617737835,0.873062174469385,0.964266050812267,0.0652165662754481,0.0000790569309353329,2.03563202623677,1379.70963077215,,fit_ok,27,21,23.200272448827,2,21,0.00000481212405752135,0.665871611330544,0.244045668930763,0.0373950028899073,0.383666331124558,0.0114283821174547,0.456268297048351,0.201511569422436,5.03905217352265,1379.70963077215,,0.718816670460909,0.00000696222204066918,0.916769859708321,0.965817692352022,DD_to_IHD,Neither,Residual serial correlation flag,ISL,FALSE
Republic of India,30,29,3,,,0.153071164395482,0.778108452409986,0.802871587629021,0.90602330595287,fit_ok,26,18,0.270558051753175,3,18,0.845784576121006,0.906975830150325,-2.97643755547246,8.83321108797045,10.4386074570666,0.405540527090594,0.955856624752969,0.000000375222232748693,13.9337413904475,2274.47273865224,,fit_ok,26,18,55.1204014260501,3,18,0.00000000284854451612754,0.558028666619193,0.122303458401516,0.011152200442873,0.126946333346884,0.717463453795212,0.904852201723511,0.666521942065783,25.2595574108371,2274.47273865224,,0.862700267643426,0.00000000484252567741681,0.92413243531043,0.952675610449615,DD_to_IHD,Neither,Influence flag,IND,FALSE
Republic of Indonesia,30,29,3,,,0.99,0.99,0.97757180340638,0.99,fit_ok,26,18,1.00234085366551,3,18,0.414486740670234,0.765178245689967,0.136117141248619,1.7188593673812,2.89203051145536,0.579624296866282,0.040448049216744,0.00727230547519786,92.2017396090121,1355.4513134585,,fit_ok,26,18,2309.71057519181,3,18,0.0000000000000000000000185235583159212,0.15664376399093,-0.295505199990262,0.00604530671722856,0.392353963773212,0.699250806365524,0.2878343024896,0.742413460208216,126.346870690572,1355.4513134585,,0.718816670460909,0.000000000000000000000134957353444569,0.916769859708321,0.665735996961453,DD_to_IHD,Neither,Influence flag,IDN,FALSE
Republic of Iraq,30,29,3,,,0.99,0.977634805683262,0.750579116105246,0.319490240735649,fit_ok,26,18,0.612755183195294,3,18,0.615485881063635,0.742207278906037,11.1506264704882,10.3785683638066,12.4026158877132,0.511494887862481,0.986203815818979,0.000000274408484272049,9.39792068337522,3047.95160044581,,fit_ok,26,18,178.238527177121,3,18,0.000000000000143055851026009,0.714642015655175,0.0869285110535742,0.00377011647995072,0.116268747839205,0.274026399855003,0.675260752082081,0.308905735386955,60.0427382331624,3047.95160044581,,0.745938033262784,0.000000000000331629472833021,0.916769859708321,0.967016766223358,DD_to_IHD,Neither,Influence flag,IRQ,FALSE
Republic of Italy,30,29,3,,,0.0885214772542351,0.99,0.395846890169621,0.99,fit_ok,26,18,3.76986225536233,3,18,0.0292350993379892,0.763678857266394,11.4399179374219,3.45740811877101,10.9184917285058,0.535749673340852,0.0031202501247859,0.0970163405416407,4.42774527824417,2260.90983392085,,fit_ok,26,18,44.3095566257695,3,18,0.0000000162506881676277,0.249095169975046,-0.04091301319282,0.00477698410678367,0.247504669322737,0.274379057441087,0.950616103697707,0.169547610134053,135.548270877641,2260.90983392085,,0.486773875656861,0.0000000258995342671566,0.916769859708321,0.816846289062876,DD_to_IHD,Neither,Influence flag,ITA,FALSE
Republic of Kazakhstan,30,29,3,,,0.146468447003363,0.962966409883982,0.397729548183109,0.97646477853079,fit_ok,26,18,0.963664144270699,3,18,0.431310954075752,0.832655951096428,2.3739056664363,1.78889964282576,2.58412120877645,0.0817760705742383,0.257488167300402,0.0000133760339111575,188.455603892318,1465.32754386526,,fit_ok,26,18,3.51596486615283,3,18,0.0364291256358496,0.789854698758472,-0.0353325090714401,0.0132440575564787,1.03921011532629,0.521198147502548,0.879897445516889,0.157599022267399,158.060163927412,1465.32754386526,,0.718816670460909,0.0408326463171061,0.916769859708321,0.982769082827713,DD_to_IHD,Neither,Influence flag,KAZ,FALSE
Republic of Kenya,30,29,3,,,0.728073074655382,0.893988099649735,0.971583406928144,0.99,fit_ok,26,18,1.06522786553879,3,18,0.388486469870177,0.859702896923634,9.87340746282771,6.00003583411285,13.0959490115036,0.0920018526452066,0.325159853882663,0.0000040133563099474,32.4866637400929,4554.75150439203,,fit_ok,26,18,3542.40481220784,3,18,0.000000000000000000000000397887908142984,0.0000471712151619567,0.170684591626899,0.00197532875578564,0.0286856035011725,0.611063197820135,0.328411809665025,0.196287228046392,6.58659969344293,4554.75150439205,,0.718816670460909,0.00000000000000000000000579779523294062,0.916769859708321,0.00224269370696615,DD_to_IHD,DD_to_IHD,Influence flag,KEN,FALSE
Republic of Kiribati,30,29,3,,,0.0792716944859373,0.99,0.7299458821964,0.99,fit_ok,26,18,0.667920498728714,3,18,0.582639508016683,0.815851164192915,-1.26702131654271,1.5382601275757,2.25058026108349,0.0872788192980251,0.0325515661184717,0.000548807257053153,1.62465397318012,5056.7254553707,,fit_ok,26,18,5.75627085598579,3,18,0.00608211767426657,0.602427224254904,0.141018313375879,0.0425181117426228,0.171976111518323,0.0464555454215331,0.307647811247091,0.54224248302345,6.7242003966921,5056.7254553707,,0.72919300389818,0.00713075865258839,0.916769859708321,0.952675610449615,DD_to_IHD,Neither,Residual serial correlation flag,KIR,TRUE
Republic of Korea,30,29,3,,,0.01,0.190670341712022,0.0401288978076804,0.264057459491039,fit_ok,26,18,2.92429772165594,3,18,0.0619855064105493,0.734106230062394,0.224569149579441,0.184009576372084,0.367145134094216,0.679782250354303,0.0970584502069648,0.210834850565493,33.7375324540596,900.019662637946,,fit_ok,26,18,107.275412979065,3,18,0.0000000000112865455512453,0.566430821508908,-0.809580591923325,0.112803505126717,0.895375898568069,0.0105976557994773,0.365546925277981,0.832619317946075,7.3921606281535,900.019662637947,,0.526876804489669,0.0000000000230245529245404,0.916769859708321,0.952675610449615,DD_to_IHD,Neither,Residual serial correlation flag,KOR,FALSE
Republic of Latvia,30,29,2,,,0.156142062871196,0.99,0.01,0.99,fit_ok,27,21,0.555326998231496,2,21,0.582084340264678,0.682456286046588,-0.463167618326918,0.444345685689684,0.607078100059465,0.845452494087583,0.250207610995709,0.000000901976108228069,18.9426539607938,507.856245989794,,fit_ok,27,21,3.10129221649397,2,21,0.0660535010523815,0.993064158324938,0.0897128571745602,0.0390730607089124,1.37551860175925,0.0177211837569106,0.669587622090267,0.0817992704878968,55.0447166521795,507.856245989794,,0.72919300389818,0.0724457753477732,0.916769859708321,0.998138144554251,Neither,Neither,Residual serial correlation flag,LVA,FALSE
Republic of Liberia,30,29,3,,,0.901561473287335,0.809115761765428,0.83805136798117,0.183104847180107,fit_ok,26,18,3.51190831800689,3,18,0.0365588147836729,0.650630720859256,4.35681267503341,5.64170143907872,11.9749967110363,0.828506657842776,0.322737015564658,0.0000653446292367663,21.6287188130423,4807.85736053153,,fit_ok,26,18,61.543263493254,3,18,0.00000000116426921637566,0.754445953318491,0.314827896061732,0.0407833485642866,0.302892832152698,0.0952916351099526,0.699796585196787,0.064912400853876,34.2584436606032,4807.85736053153,,0.486773875656861,0.00000000206531234904899,0.916769859708321,0.97409477517071,DD_to_IHD,Neither,Influence flag,LBR,FALSE
Republic of Lithuania,30,29,3,,,0.0328267284291523,0.99,0.812012223139062,0.99,fit_ok,26,18,0.474764220480666,3,18,0.703724523880754,0.808072475590237,1.4232890411547,1.60341257327334,1.70605461602045,0.388407112177286,0.609853109273585,0.000000160529193866844,0.573024752594159,1725.16260344938,,fit_ok,26,18,130.434800929497,3,18,0.00000000000212467863297272,0.744602801223257,-0.159048935275105,0.0246547144415843,0.492639241313689,0.221955978434387,0.225588946072768,0.722850415317994,60.7985199659916,1725.16260344938,,0.777594157184573,0.00000000000451494209506704,0.916769859708321,0.97409477517071,DD_to_IHD,Neither,Influence flag,LTU,FALSE
Republic of Madagascar,30,29,3,,,0.442587498808913,0.99,0.0960113849545333,0.99,fit_ok,26,18,0.812522018695011,3,18,0.503491093278179,0.80813957363465,27.498625541096,19.3306077869678,28.7955155637852,0.0811859792960032,0.172077788677995,0.000019889538004133,164.934003973384,5495.61979326554,,fit_ok,26,18,48.2206921437005,3,18,0.00000000831988176776806,0.81762554436181,-0.137562949983583,0.0200824032260354,0.146202895093046,0.246040036107599,0.2323841653065,0.0409156538679442,61.4766933575606,5495.61979326555,,0.718816670460909,0.0000000136875474243926,0.916769859708321,0.984444194753752,DD_to_IHD,Neither,Influence flag,MDG,FALSE
Republic of Malawi,30,29,2,,,0.939955463366198,0.99,0.98100511063828,0.972566392077624,fit_ok,27,21,1.23002684336469,2,21,0.31249860108933,0.566035245988613,-1.41181808571792,1.1192392375318,1.33724235112321,0.390492900246324,0.113631833636613,0.00000463137896169489,3.16767557461607,520.179825763669,,fit_ok,27,21,1725.4808018137,2,21,0.00000000000000000000000509642926789275,0.153246780716517,0.650246784632133,0.0111004216762084,0.808888042542558,0.0330259019709907,0.435535656346907,0.729411048438825,182.046549801417,520.179825763669,,0.718816670460909,0.0000000000000000000000433196487770884,0.916769859708321,0.665156239705732,DD_to_IHD,Neither,Residual serial correlation flag,MWI,FALSE
Republic of Maldives,30,29,2,,,0.0317102124445899,0.99,0.297426793515771,0.99,fit_ok,27,21,1.7584169923831,2,21,0.196755344989542,0.589948910333683,0.0613491139156103,0.359347419950307,2.15414541958341,0.109095597849115,0.0423098010147594,0.00000256537543349931,232.288573430935,483.811243781888,,fit_ok,27,21,306.637362146858,2,21,0.000000000000000287998244200528,0.927116621438772,-0.137034632401809,0.00624345745057929,0.417570839585547,0.0252810609690372,0.0166212419477701,0.136529887371723,123.211449466702,483.811243781889,,0.718816670460909,0.000000000000000851473069810257,0.916769859708321,0.998138144554251,DD_to_IHD,Neither,Residual serial correlation flag,MDV,TRUE
Republic of Mali,30,29,3,,,0.924751168870083,0.99,0.99,0.704388271180096,fit_ok,26,18,0.840989227837822,3,18,0.489089170781871,0.842252700907908,-8.31692117481073,7.85411316194847,9.6304028516014,0.298585677237603,0.111395064902589,0.000365409029800146,4.97588647665821,3694.02745286839,,fit_ok,26,18,3237.74477419184,3,18,0.000000000000000000000000892499559039063,0.0153215954849642,0.236265559841337,0.00391552887236056,0.185046885969878,0.375718932767841,0.824821990044657,0.506320134477285,93.2128682930676,3694.02745286839,,0.718816670460909,0.0000000000000000000000099171102275066,0.916769859708321,0.183859145819571,DD_to_IHD,Neither,Influence flag,MLI,FALSE
Republic of Malta,30,29,2,,,0.0208807879228559,0.99,0.01,0.99,fit_ok,27,21,1.78112341279517,2,21,0.192969040043522,0.656550373040772,-0.379967766851758,0.246679257707824,0.51703729015567,0.80495714688803,0.00244758839963997,0.0148850275590647,21.9663976648584,2164.93820421887,,fit_ok,27,21,10.0455612348193,2,21,0.000868857478487835,0.769264479372047,-0.180279362458018,0.04022119761723,1.47428231695633,0.0671531758237448,0.442674787218869,0.00384870879858442,22.0906212145742,2164.93820421887,,0.718816670460909,0.00108740445160441,0.916769859708321,0.982769082827713,DD_to_IHD,Neither,Influence flag,MLT,FALSE
Republic of Mauritius,30,29,2,,,0.01,0.761483629170117,0.01,0.99,fit_ok,27,21,1.41820220633727,2,21,0.264408109386867,0.323194388848784,-0.0209145308358446,0.428196052412682,0.529123581678082,0.0653304204358751,0.201918803812669,0.00000171476044884704,1.42795724122796,1107.41985228745,,fit_ok,27,21,2.24094846014222,2,21,0.131180466738972,0.961721774896705,-0.0674852898264228,0.0319668557128294,0.241958033547845,0.100829783525738,0.919961422764596,0.0401375759448648,7.06065530204314,1107.41985228745,,0.718816670460909,0.138657073651556,0.916769859708321,0.998138144554251,Neither,Neither,Influence flag,MUS,TRUE
Republic of Moldova,30,29,3,,,0.609138056425978,0.99,0.214866323218121,0.99,fit_ok,26,18,0.819809300789543,3,18,0.499767896226702,0.826064442444901,6.81814406447957,4.60555493178725,7.46427394023227,0.0206080789601079,0.14220475312182,0.0000203332287633726,229.775629247952,2014.48765978514,,fit_ok,26,18,1136.9490345772,3,18,0.0000000000000000000106443640358805,0.325324125092434,-0.253237993354262,0.00608366052889856,0.863759168232316,0.160278832992028,0.833226866391757,0.233959187168768,773.345811086523,2014.48765978514,,0.718816670460909,0.0000000000000000000542862565829904,0.916769859708321,0.827630372655187,DD_to_IHD,Neither,Residual serial correlation flag,MDA,FALSE
Republic of Mozambique,30,29,2,,,0.968949871124681,0.930017442782496,0.951987546833541,0.99,fit_ok,27,21,0.60714927496987,2,21,0.554191996698137,0.663468116495984,-0.236503294412466,0.413584906868422,0.486973214277263,0.0843599112889876,0.239913391993732,0.000000321177839196483,268.075691760186,1509.34478728296,,fit_ok,27,21,4178.95299435802,2,21,0.000000000000000000000000000489593630623089,0.0526662646837535,0.869292521062141,0.00959959764776779,0.3790691170493,0.119580055750052,0.643284952392095,0.238686634409619,32.2590434375969,1509.34478728296,,0.724712611066795,0.0000000000000000000000000346826049909825,0.916769859708321,0.383711356981633,DD_to_IHD,Neither,Influence flag,MOZ,FALSE
Republic of Namibia,30,29,3,,,0.984875444401771,0.99,0.99,0.985298077864231,fit_ok,26,18,0.570091021128885,3,18,0.641869995434433,0.840135365906214,11.2901230270808,8.92885388926367,14.5392777063935,0.458133959325207,0.118399081581037,0.0000765846807547119,1.31357896040199,4710.08418946179,,fit_ok,26,18,755.842039799401,3,18,0.000000000000000000409317971652858,0.347026618243769,0.10550978839173,0.00247533062595737,0.0931999296835981,0.856467713794158,0.843623109495063,0.411368339479915,58.3114033303979,4710.08418946178,,0.749405188578252,0.00000000000000000160578588879198,0.916769859708321,0.839434577770991,DD_to_IHD,Neither,Influence flag,NAM,FALSE
Republic of Nauru,30,29,3,,,0.0219637354190147,0.970118741094189,0.01,0.984883398567234,fit_ok,26,18,3.10278347517908,3,18,0.0526531667091997,0.776912738887216,-0.702364164576378,0.892864566596038,1.45101139881002,0.464561970316334,0.0116509004307835,0.0980959403469645,5.23623226165778,4077.50341317319,,fit_ok,26,18,9.28158934807328,3,18,0.000628122549513826,0.99284836942812,0.106442530740139,0.0392978032742032,0.477400497647755,0.973245562853508,0.808788103152438,0.48592537339936,45.9456591571636,4077.50341317318,,0.486773875656861,0.000800856250630129,0.916769859708321,0.998138144554251,DD_to_IHD,Neither,Influence flag,NRU,TRUE
Republic of Nicaragua,30,29,2,,,0.01,0.929878798665755,0.01,0.99,fit_ok,27,21,0.882154153910927,2,21,0.428677586543605,0.665883117653283,-7.70128217353688,6.83830283989066,8.85800350903815,0.363045031078754,0.0036725887972551,0.00235830220316738,133.109945639907,2172.39190099553,,fit_ok,27,21,2.24478155683566,2,21,0.130766795333784,0.820803357027685,0.0282624516049765,0.0155515294760135,0.133584758546179,0.80772014529665,0.0164948988912074,0.018648982428026,99.4962086047494,2172.39190099553,,0.718816670460909,0.138657073651556,0.916769859708321,0.984444194753752,Neither,Neither,Influence flag,NIC,FALSE
Republic of Niue,30,29,2,,,0.680427581962169,0.99,0.270690589549995,0.99,fit_ok,27,21,0.397085866771865,2,21,0.677218359039995,0.756595424331925,-2.5048315616958,3.10108223975193,3.8698005672285,0.280608478701772,0.78827964620273,0.0000000049290063371725,175.079378195406,2993.19321542772,,fit_ok,27,21,2.88243982682525,2,21,0.0783189754922613,0.386038839438034,0.053927864092421,0.0306241877028572,0.319959540515539,0.113932372175884,0.820758055335458,0.0000373507210515072,42.0050695474744,2993.19321542772,,0.771801928738319,0.0854388823551942,0.916769859708321,0.883046236444902,Neither,Neither,Influence flag,NIU,TRUE
Republic of Palau,30,29,2,,,0.99,0.99,0.98861396180887,0.99,fit_ok,27,21,1.31434055873882,2,21,0.289859835368419,0.653370332151827,2.2814824550054,2.38988634460009,2.68955921187755,0.0147766055464172,0.0371088479836712,0.0000343983536973743,21.6438480291266,2797.55205650639,,fit_ok,27,21,487.23638114628,2,21,0.00000000000000000253509412327729,0.475382591324305,-0.379285833705773,0.0122731624213213,0.311533177783065,0.0173280991120691,0.684980907789039,0.111205023911119,48.9764902576516,2797.55205650639,,0.718816670460909,0.00000000000000000891653795083737,0.916769859708321,0.932481236828444,DD_to_IHD,Neither,Residual serial correlation flag,PLW,TRUE
Republic of Panama,30,29,3,,,0.99,0.99,0.615717352642461,0.99,fit_ok,26,18,3.17407573511142,3,18,0.049364828662046,0.805889335042057,31.9166992597427,22.6087432072655,36.6972495632741,0.323817983797751,0.0152882168460259,0.145140724976898,187.334733145994,5553.11808062874,,fit_ok,26,18,908.958261567906,3,18,0.0000000000000000000787939624607992,0.663368090585757,0.139117440865041,0.00310254387007562,0.25165336097096,0.0022079453580762,0.0111644450963255,0.878428088692931,1164.38633674307,5553.11808062872,,0.486773875656861,0.000000000000000000350131100596873,0.916769859708321,0.965817692352022,DD_to_IHD,Neither,Residual serial correlation flag,PAN,FALSE
Republic of Paraguay,30,29,2,,,0.01,0.618628346964426,0.01,0.99,fit_ok,27,21,0.642257740214521,2,21,0.536128676819384,0.630009949789063,-3.01280211821828,2.70546270579596,3.14759045284951,0.0943603492723963,0.2879342871224,0.000000445205121346055,11.8671699018086,2710.27541153176,,fit_ok,27,21,1.19028275476076,2,21,0.323835887804522,0.857035254252204,-0.0051209639913053,0.00332399176649097,0.0487483432895025,0.145028416552959,0.936058474161925,0.0096317365829027,11.1926958484259,2710.27541153176,,0.718816670460909,0.333649096525871,0.916769859708321,0.995669705266119,Neither,Neither,Influence flag,PRY,FALSE
Republic of Peru,30,29,3,,,0.99,0.99,0.210326479044841,0.99,fit_ok,26,18,6.18926861951997,3,18,0.00445844985071478,0.754678449711501,-1.22180605503141,4.97038429719284,10.2012168889312,0.594216336756545,0.0183420685312298,0.83447595527346,949.180650318238,2583.0100264139,,fit_ok,26,18,945.500758810419,3,18,0.0000000000000000000553951502059313,0.0970568139001583,0.16669947213837,0.00335102840265418,0.077037439009274,0.0155000723969274,0.864188506818289,0.00893545611604751,54.9964690175294,2583.01002641389,,0.227380942386454,0.000000000000000000262804898651395,0.916769859708321,0.565702572446637,DD_to_IHD,Neither,Residual serial correlation flag,PER,FALSE
Republic of Poland,30,29,2,,,0.0185653395479499,0.99,0.01,0.99,fit_ok,27,21,4.74230215618817,2,21,0.0199736157482778,0.270603506483544,-0.255189016165499,0.127141355017774,0.177339194767666,0.0697703347249304,0.0031964190434533,0.0117753428152874,2.06266420648159,729.08791042923,,fit_ok,27,21,2.5986413905039,2,21,0.0980871216627911,0.270615583822054,-0.0384425341899751,0.022359370107524,0.0350457082126353,0.0227021819621599,0.0206617495621314,0.556056054661156,0.629716210445686,729.087910429229,,0.407461761264867,0.105314593785313,0.916769859708321,0.827630372655187,Neither,Neither,Residual serial correlation flag,POL,FALSE
Republic of Rwanda,30,29,3,,,0.99,0.99,0.99,0.99,fit_ok,26,18,1.4678610363763,3,18,0.256724920064466,0.746343173817489,0.0851663115431594,1.96708792319396,2.23977133436434,0.239110257207626,0.0154715004657506,0.00127327793287378,1.76862285360931,2411.77457222243,,fit_ok,26,18,382.936386712983,3,18,0.000000000000000173159610437974,0.317824226253688,0.349161933767676,0.0114621026799738,0.18607259254548,0.409706153965958,0.611610796422747,0.828166499876509,16.0118295911439,2411.77457222243,,0.718816670460909,0.000000000000000535220614081012,0.916769859708321,0.827630372655187,DD_to_IHD,Neither,Influence flag,RWA,FALSE
Republic of San Marino,30,29,2,,,0.99,0.99,0.547592350584944,0.689550715022368,fit_ok,27,21,3.45473632321335,2,21,0.0504557277211762,0.628377769732047,-15.5143630004823,7.59661388851351,15.9286212891962,0.505327866619677,0.00134784883986921,0.0211087311485043,677.790333357503,2658.20432919512,,fit_ok,27,21,45.9481442481888,2,21,0.0000000213878001128554,0.421988757555666,0.189297124338776,0.0229503111862665,0.700707045448334,0.314976021626403,0.187391959620601,0.774884272902907,1428.94724731965,2658.20432919512,,0.486773875656861,0.0000000338225676203294,0.916769859708321,0.897107372940375,DD_to_IHD,Neither,Influence flag,SMR,FALSE
Republic of Senegal,30,29,3,,,0.882375225273075,0.99,0.99,0.99,fit_ok,26,18,3.14011466388757,3,18,0.0509023579929521,0.811603232793189,-4.40853731695319,4.00994353559225,6.16072024717604,0.194328181387781,0.00446584575082528,0.284104115395948,4.84643147635472,3522.52750934321,,fit_ok,26,18,2637.35073343218,3,18,0.00000000000000000000000563057446754124,0.318239032868895,0.2145880531454,0.00580620957921884,0.33160266344436,0.0233021368610329,0.493471897363813,0.657412425780127,264.306965319739,3522.52750934321,,0.486773875656861,0.0000000000000000000000459454876551365,0.916769859708321,0.827630372655187,DD_to_IHD,Neither,Residual serial correlation flag,SEN,FALSE
Republic of Serbia,30,29,2,,,0.102850627656938,0.99,0.122871741650745,0.99,fit_ok,27,21,1.86876508171043,2,21,0.179085761793439,0.614236728771599,-1.23256906132351,1.1046131613374,1.34478397790999,0.108138766741034,0.0258070833373804,0.0000305701038397236,2.1502102190839,888.4843583876,,fit_ok,27,21,18.6844513230222,2,21,0.0000217969910226199,0.939299998213333,0.108671320741669,0.0186894465394858,0.906582486173399,0.00709266041192681,0.849224032274308,0.0694690288079682,99.8293355035006,888.4843583876,,0.718816670460909,0.0000300445011392869,0.916769859708321,0.998138144554251,DD_to_IHD,Neither,Residual serial correlation flag,SRB,FALSE
Republic of Seychelles,30,29,3,,,0.0800289535308598,0.99,0.0350727191292445,0.99,fit_ok,26,18,1.03413223302768,3,18,0.40113660614438,0.809781387499216,-12.3876981072897,8.55294039970491,17.5911837349939,0.0892211878266648,0.0336714318533664,0.00750689670731489,303.782643745832,5431.19276853869,,fit_ok,26,18,7.91931832778242,3,18,0.00141582719485394,0.919217613275274,0.00531594816495671,0.0045114881831576,0.0217094013635287,0.256798949411099,0.960700046014849,0.542564518434475,5.24964974555349,5431.19276853869,,0.718816670460909,0.00175047725909215,0.916769859708321,0.998138144554251,DD_to_IHD,Neither,Influence flag,SYC,TRUE
Republic of Sierra Leone,30,29,2,,,0.830226656848319,0.73375589429423,0.984820143356114,0.99,fit_ok,27,21,1.30212056781492,2,21,0.293026668117192,0.571224121928532,-1.64337143330794,2.5069999576357,3.26358827549463,0.0170766021868608,0.156086140295072,0.000000492097449002592,139.377086635313,2113.88640658023,,fit_ok,27,21,8.68008528980488,2,21,0.00178878042087588,0.546276611672478,0.0245576877458146,0.00697763187420792,0.042841821058968,0.345667951142356,0.892370870964663,0.0597544928272681,3.09460856400436,2113.88640658024,,0.718816670460909,0.00215923790448922,0.916769859708321,0.952675610449615,DD_to_IHD,Neither,Residual serial correlation flag,SLE,FALSE
Republic of Singapore,30,29,3,,,0.633318582096047,0.99,0.99,0.872671217654734,fit_ok,26,18,8.27419348321218,3,18,0.0011376776854897,0.122314417193899,0.331368606250976,0.42186396610359,0.826001866357262,0.0761702728265323,0.893749151019668,0.000000368440271985998,2.72779950286232,918.291555194052,,fit_ok,26,18,84.3567247953033,3,18,0.0000000000857752511360144,0.753947867382323,-2.27985787782847,0.144367971081887,2.45219882884913,0.108436476497616,0.307026600634966,0.631517521841212,42.5901214834066,918.291555194052,,0.116043123919949,0.000000000173249022096504,0.916769859708321,0.97409477517071,DD_to_IHD,Neither,Influence flag,SGP,TRUE
Republic of Slovenia,30,29,2,,,0.218946753144961,0.99,0.0120317574067832,0.99,fit_ok,27,21,1.36126416377088,2,21,0.278043257949818,0.666995308360882,-0.992105526897595,0.852398281000883,1.11080094755976,0.975421414453174,0.0701402328736581,0.0000269820264363356,149.367563846891,1577.40487585656,,fit_ok,27,21,75.563860187379,2,21,0.000000000255193151561445,0.121229132813,0.125074473954976,0.0564013545568332,0.403437500610881,0.0678156865106748,0.306296506127089,0.16633153778433,8.57364749539256,1577.40487585656,,0.718816670460909,0.000000000491126442627687,0.916769859708321,0.588827216520287,DD_to_IHD,Neither,Influence flag,SVN,FALSE
Republic of South Africa,30,29,2,,,0.952005956751062,0.99,0.988463997525544,0.621001014196596,fit_ok,27,21,0.462330293795315,2,21,0.636073594358878,0.743192133079106,0.919720398735277,2.00344418023806,2.55835835350159,0.367791939887554,0.441358271242581,0.0000000806313792129313,296.492650279232,1499.16660895471,,fit_ok,27,21,1956.71203441183,2,21,0.00000000000000000000000137104064131678,0.691726105865231,0.252452309934305,0.00495409714195648,0.446022224047862,0.0262746043596884,0.230431226269615,0.896959097467105,416.967651572601,1499.16660895471,,0.749405188578252,0.0000000000000000000000133186805156487,0.916769859708321,0.966521408195254,DD_to_IHD,Neither,Residual serial correlation flag,ZAF,FALSE
Republic of South Sudan,30,29,2,,,0.98173421561732,0.99,0.89240275220699,0.99,fit_ok,27,21,0.638157888645187,2,21,0.538204414946153,0.73774838464459,-1.44917385218829,2.099703718203,6.69345912703632,0.0086121246352644,0.00583182285525865,0.0000645435894679811,1216.41749482573,1046.22094501295,,fit_ok,27,21,3701.5479762459,2,21,0.00000000000000000000000000174399423044298,0.570900535675672,0.330725862621442,0.00395649661583482,0.399491289961657,0.0504388027053142,0.0928822707803613,0.804961272913322,314.799767169616,1046.22094501295,,0.718816670460909,0.0000000000000000000000000592958038350614,0.916769859708321,0.952675610449615,DD_to_IHD,Neither,Residual serial correlation flag,SSD,FALSE
Republic of Sudan,30,29,2,,,0.0175722404416769,0.99,0.01,0.99,fit_ok,27,21,0.577102337315497,2,21,0.570181176856611,0.640548780310654,0.830453284569622,1.5034606327929,1.53050826667159,0.237056877050553,0.552943846362706,0.000000016058009007019,128.596044730887,1180.42328323633,,fit_ok,27,21,2.53843625629255,2,21,0.102948448292901,0.340037291631156,-0.00376140938583822,0.00175505257859994,0.509189957214637,0.215102706199088,0.687069453626093,0.0416551250963997,732.691783274413,1180.42328323633,,0.72919300389818,0.109955410742156,0.916769859708321,0.839434577770991,Neither,Neither,Influence flag,SDN,FALSE
Republic of Suriname,30,29,3,,,0.277036412197245,0.470851752141078,0.102863069325012,0.935835395510353,fit_ok,26,18,0.816838483460008,3,18,0.501282698414942,0.843404151880398,9.04846032455224,14.1342594979587,19.5196094157197,0.855786840246712,0.0473943082359016,0.0000730656455432527,393.873588788594,5910.427656442,,fit_ok,26,18,16.1845781153864,3,18,0.0000237303117090968,0.241495893232442,0.0582528268461969,0.0109440221737431,0.231898191697349,0.622463003351297,0.041844540598978,0.000699475373703892,206.965523011998,5910.427656442,,0.718816670460909,0.0000324898227426561,0.916769859708321,0.816846289062876,DD_to_IHD,Neither,Influence flag,SUR,TRUE
Republic of Tajikistan,30,29,2,,,0.99,0.99,0.711227124531191,0.99,fit_ok,27,21,1.45011240311455,2,21,0.257087962393031,0.649383832979654,-1.69851367624671,1.48445100060644,2.04172259628672,0.01406628338025,0.00499738404327105,0.0000290730682260768,305.744497967743,508.765865619087,,fit_ok,27,21,238.901567914092,2,21,0.00000000000000358960165033658,0.00372292283735174,-0.113286883523867,0.0065976930230433,0.217315623058815,0.187525671382941,0.446981417675849,0.0111889438599648,33.0495661634546,508.765865619086,,0.718816670460909,0.00000000000000976371648891548,0.916769859708321,0.0584212506784426,DD_to_IHD,Neither,Residual serial correlation flag,TJK,FALSE
Republic of Trinidad and Tobago,30,29,3,,,0.99,0.99,0.638309768127263,0.925943528424185,fit_ok,26,18,0.878314515541108,3,18,0.470781363096679,0.854377221311284,0.146752536914121,5.17368375254465,6.86573134656061,0.655466901992489,0.0245328142680828,0.0000852827779644306,316.488551384543,3426.91377867414,,fit_ok,26,18,173.112159591649,3,18,0.000000000000184338606534173,0.048324887575225,0.280447583576056,0.0157402347478104,0.803969149750546,0.839047522561084,0.0421817666901476,0.0773684264863147,851.471236615794,3426.91377867414,,0.718816670460909,0.000000000000417834174810792,0.916769859708321,0.365616623123299,DD_to_IHD,Neither,Influence flag,TTO,TRUE
Republic of Tunisia,30,29,2,,,0.609579740437918,0.99,0.958165504447554,0.99,fit_ok,27,21,1.33281863542711,2,21,0.285142173671035,0.644391596317497,-9.08353747893301,7.07331566332426,10.1896563562055,0.719385210104907,0.0126971372652092,0.000205759252611445,911.095769713015,1840.60594967498,,fit_ok,27,21,205.996518777322,2,21,0.0000000000000158581677589853,0.798500878035027,0.0571977703445736,0.00282937404150654,0.188054659954947,0.00743561384172525,0.491788591031646,0.901816336015709,167.037009001394,1840.60594967498,,0.718816670460909,0.0000000000000399390891707779,0.916769859708321,0.982769082827713,DD_to_IHD,Neither,Residual serial correlation flag,TUN,FALSE
Republic of Turkey,30,29,3,,,0.105804143433055,0.536314452217053,0.0293398040098791,0.851176200279796,fit_ok,26,18,0.506808812412854,3,18,0.682507510740181,0.790658983280923,4.88830998292025,4.33627488070421,6.04745224207539,0.164794842280717,0.435056911450676,0.00000164167333219523,14.2279570757128,1595.55509040447,,fit_ok,26,18,45.3523285402063,3,18,0.0000000135274145386721,0.0414587855995904,-0.0470989418170254,0.00454945173482122,0.257225557434343,0.86669496554448,0.966686816470131,0.131034938175559,150.367500811813,1595.55509040447,,0.772661502849497,0.0000000217290753219614,0.916769859708321,0.365616623123299,DD_to_IHD,Neither,Influence flag,TUR,FALSE
Republic of Uganda,30,29,3,,,0.930719194382378,0.77123281469136,0.99,0.99,fit_ok,26,18,1.58372392079859,3,18,0.228096621038614,0.695982524574233,3.36219518279397,1.62652006211422,3.05925483307095,0.683112648259777,0.903507876371373,0.0000000266476440790667,3.63775247017882,2009.12535251485,,fit_ok,26,18,1761.9294418748,3,18,0.000000000000000000000210155738335705,0.566884990091189,0.378553724663418,0.00801706061927374,0.294060353644501,0.0566935605876624,0.702289244820348,0.755270898700243,55.6322879200663,2009.12535251485,,0.718816670460909,0.00000000000000000000129914456425708,0.916769859708321,0.952675610449615,DD_to_IHD,Neither,Influence flag,UGA,FALSE
Republic of Uzbekistan,30,29,2,,,0.99,0.99,0.904413608763188,0.99,fit_ok,27,21,1.27464272891258,2,21,0.30028689992336,0.700633673808238,-0.635249053764381,0.419416721017238,1.28266144670036,0.572592334527912,0.249107474534639,0.000000447327380650664,489.785003353873,804.475582252041,,fit_ok,27,21,1749.18332579377,2,21,0.00000000000000000000000442002975181433,0.600470172311412,-0.588696299900375,0.0130914512484307,1.18711349297436,0.0096959408844604,0.447158704378811,0.00192305315221269,222.868390297092,804.47558225204,,0.718816670460909,0.0000000000000000000000409857304259147,0.916769859708321,0.952675610449615,DD_to_IHD,Neither,Residual serial correlation flag,UZB,FALSE
Republic of Vanuatu,30,29,3,,,0.99,0.99,0.99,0.99,fit_ok,26,18,0.823853064983716,3,18,0.497712718105554,0.855833310941848,-1.26901398340273,1.66109088632928,3.89431135670773,0.0803065198175709,0.172468811011478,0.00000676066382148832,18.0893540939005,4091.80239135041,,fit_ok,26,18,67.3760225183984,3,18,0.000000000554370026417866,0.146119355872428,-0.3465121630898,0.0307927883679343,0.254509101454818,0.911789563202662,0.502057654204107,0.444899219531926,10.3843444942792,4091.80239135042,,0.718816670460909,0.00000000101884221071392,0.916769859708321,0.651575337390311,DD_to_IHD,Neither,Influence flag,VUT,TRUE
Republic of Yemen,30,29,2,,,0.561827358346953,0.99,0.0739192516818471,0.99,fit_ok,27,21,0.759874728233573,2,21,0.480159220299377,0.660017271344686,-0.207182266800108,0.466123671339031,0.513441603408331,0.0385497183619593,0.138678187415632,0.000000107285204774947,37.8988375497812,1514.96574716361,,fit_ok,27,21,0.0958500263966155,2,21,0.908995456019359,0.96480242824476,0.000455955283929287,0.00377851901986419,1.9968557923746,0.681615676820672,0.172022419516855,0.142267019183553,2071.36297584645,1514.96574716361,,0.718816670460909,0.908995456019359,0.916769859708321,0.998138144554251,Neither,Neither,Residual serial correlation flag,YEM,FALSE
Republic of Zambia,30,29,3,,,0.99,0.99,0.99,0.776792560162629,fit_ok,26,18,0.983980152864184,3,18,0.422392870738136,0.743170475243695,-0.00163213807769253,1.33325977066872,1.72958113790742,0.310324521181976,0.217818082439827,0.0000274856329265527,3.82471026719566,2809.933518185,,fit_ok,26,18,627.739494771295,3,18,0.00000000000000000214454260916922,0.132971379558172,0.632550395167759,0.0153820388992164,0.596261321260803,0.0874243842891045,0.344003756192408,0.13510488704171,84.8801720386542,2809.93351818501,,0.718816670460909,0.00000000000000000781226236197359,0.916769859708321,0.630840963485279,DD_to_IHD,Neither,Influence flag,ZMB,FALSE
Republic of Zimbabwe,30,29,3,,,0.118111766202624,0.99,0.389895638448755,0.465687827989157,fit_ok,26,18,0.591961743144887,3,18,0.628239731635609,0.749446227673702,-2.20294410604295,1.9014430999042,2.21738839289512,0.565996288692957,0.323618291832844,0.00000289906201328678,0.869923012602541,2031.79441647364,,fit_ok,26,18,77.6356115799614,3,18,0.000000000171542911607562,0.274979968241703,0.059655681358046,0.00452797535595829,0.0346236688977467,0.692085443142057,0.587667548140027,0.0205244328208989,0.939780686513724,2031.79441647364,,0.749405188578252,0.000000000336488018922525,0.916769859708321,0.827630372655187,DD_to_IHD,Neither,Influence flag,ZWE,FALSE
Republic of the Congo,30,29,2,,,0.99,0.909649637519674,0.639285937943063,0.99,fit_ok,27,21,1.41317106310039,2,21,0.26558293861081,0.52566832484528,-8.5956436567372,7.73209646177511,7.92270273492923,0.399665944259475,0.0564528527166269,0.00000315085557892843,1.4146750013803,2045.72446736801,,fit_ok,27,21,1014.90288684797,2,21,0.00000000000000000000128261116017779,0.0000549679830138763,0.104242107831414,0.00256271158975194,0.0183131019196099,0.443577520065744,0.837781030211612,0.565881408453142,4.33736307017462,2045.72446736802,,0.718816670460909,0.00000000000000000000726812990767413,0.916769859708321,0.00224269370696615,DD_to_IHD,DD_to_IHD,Influence flag,COG,FALSE
Republic of the Gambia,30,29,3,,,0.873279538338443,0.974627199060393,0.840007943885172,0.99,fit_ok,26,18,0.958695499878818,3,18,0.43351948239549,0.811004921434543,-6.36413631703755,7.83921329224082,14.499832304532,0.830297688915848,0.165231836338387,0.0000812076946448004,69.9208607427573,4217.81998346057,,fit_ok,26,18,67.9545319740889,3,18,0.00000000051670070748979,0.494190625356676,0.163391784956801,0.0121380071052491,0.222902262124306,0.516925796137202,0.210071346605274,0.450352056458586,117.286683173122,4217.81998346058,,0.718816670460909,0.000000000958244948435611,0.916769859708321,0.945467922761366,DD_to_IHD,Neither,Influence flag,GMB,FALSE
Republic of the Marshall Islands,30,29,3,,,0.99,0.99,0.941344327046783,0.99,fit_ok,26,18,6.70234760106108,3,18,0.00312562745772493,0.220559206316798,2.8685716830355,0.837379551042788,1.5092821206665,0.0147149323563345,0.214157944822632,0.00000398911459778364,1.15326350224274,6080.46475826826,,fit_ok,26,18,450.858330529978,3,18,0.0000000000000000407168277071757,0.000000000000461442058642921,-0.213432975306877,0.00710745405897914,0.0108675877125521,0.30532668593152,0.932472477220026,0.904731857508031,0.222362122299597,6080.46475826826,,0.212542667125295,0.000000000000000133971497617159,0.916769859708321,0.0000000000941341799631559,DD_to_IHD,DD_to_IHD,Residual serial correlation flag,MHL,TRUE
Republic of the Niger,30,29,2,,,0.99,0.99,0.936264363565627,0.99,fit_ok,27,21,1.03866527150105,2,21,0.37141043655582,0.613796538204085,-1.70162044633665,1.64319307655598,2.9176550798293,0.0458458710672538,0.00732465776079453,0.000184348654591447,395.674648223014,2662.64110783412,,fit_ok,27,21,1510.72053329905,2,21,0.0000000000000000000000203924667254448,0.0121139277032091,0.577202301571375,0.015708503417143,0.203287096074237,0.302287877350846,0.432974624446306,0.245798566995515,12.9299440748925,2662.64110783412,,0.718816670460909,0.000000000000000000000143450455585887,0.916769859708321,0.157781117356396,DD_to_IHD,Neither,Residual serial correlation flag,NER,FALSE
Republic of the Philippines,30,29,2,,,0.485147614041618,0.99,0.493088934274203,0.975691078858367,fit_ok,27,21,0.334502921887475,2,21,0.719437770140401,0.699564690110444,0.489195672784051,0.709215414571519,0.694999945692574,0.347066317093967,0.556320344378239,0.0000000438263110720958,1.57983866844148,982.006529992587,,fit_ok,27,21,1300.44469689775,2,21,0.0000000000000000000000972415211833396,0.0438408596815622,-0.601151695222217,0.0169449518914096,0.400771707313325,0.0802037470973057,0.25018132672518,0.100137265487993,22.921489189717,982.006529992587,,0.784841203789528,0.00000000000000000000066124234404671,0.916769859708321,0.365616623123299,DD_to_IHD,Neither,Influence flag,PHL,FALSE
Republic of the Union of Myanmar,30,29,2,,,0.967256223736927,0.99,0.516150965927978,0.711753168877116,fit_ok,27,21,1.2466461509207,2,21,0.307887340184415,0.499928227001407,1.77133474245763,1.54829437297635,1.90439189040877,0.357577341065915,0.311166602807122,0.000000518428001400693,19.9611529438806,746.181400113216,,fit_ok,27,21,682.460174597938,2,21,0.0000000000000000000785327389175809,0.426038572488919,-0.394130282084692,0.0112139284347059,0.383053266369682,0.0041814730161662,0.113285858489271,0.960378126429428,73.7772514094406,746.181400113216,,0.718816670460909,0.000000000000000000350131100596873,0.916769859708321,0.897107372940375,DD_to_IHD,Neither,Residual serial correlation flag,MMR,FALSE
Romania,30,29,2,,,0.0164509478889367,0.99,0.270826308461878,0.99,fit_ok,27,21,1.6381328581598,2,21,0.218219134661923,0.625441047161794,-1.88754360494322,1.32293732058999,1.98404274413087,0.361542491236829,0.0179709666076469,0.000504882562138953,8.30497786648274,1311.33791628917,,fit_ok,27,21,4.5591381537047,2,21,0.0226770420741012,0.982761707332483,0.0364102083721151,0.0120591268042465,0.327345486546817,0.00153154165203609,0.517524363851933,0.240766114249496,14.8886321661967,1311.33791628917,,0.718816670460909,0.0257006476839814,0.916769859708321,0.998138144554251,DD_to_IHD,Neither,Residual serial correlation flag,ROU,FALSE
Russian Federation,30,29,2,,,0.01,0.99,0.291889316486407,0.955874714526753,fit_ok,27,21,1.02610402764168,2,21,0.375682550226612,0.52681656415276,0.322335893216366,0.640590839151158,0.625529187893029,0.776166582695563,0.231551045073767,0.000000677164871688339,6.00481051711212,920.228371424239,,fit_ok,27,21,4.81539597225668,2,21,0.0189950844057779,0.970528181646901,-0.0365850589819427,0.0118141628935291,0.222137286071443,0.00584929429962454,0.505923348245195,0.0635431986692159,7.21980500670229,920.22837142424,,0.718816670460909,0.0217696472965095,0.916769859708321,0.998138144554251,DD_to_IHD,Neither,Residual serial correlation flag,RUS,FALSE
Saint Kitts and Nevis,30,29,2,,,0.01,0.99,0.01,0.955246707834134,fit_ok,27,21,2.47349111589758,2,21,0.108490228328662,0.634721020118049,-3.68150320085712,2.70161667924559,3.95728861059814,0.264627220265007,0.00294268031508391,0.00237505405857913,52.9408186350784,717.920104943653,,fit_ok,27,21,26.3008811124585,2,21,0.00000190974931066612,0.35799415816704,0.113232107329421,0.0172289012980083,0.786742693554599,0.959150794045779,0.628086704724891,0.490016690803533,761.660303692023,717.920104943652,,0.718816670460909,0.00000284371430201378,0.916769859708321,0.839434577770991,DD_to_IHD,Neither,Influence flag,KNA,TRUE
Saint Lucia,30,29,3,,,0.167421802491576,0.99,0.308895005261505,0.975748678822936,fit_ok,26,18,0.651764310298858,3,18,0.592108827689608,0.815673078791398,-17.9631430371416,14.3757903234193,18.751530379003,0.0745800650723747,0.294695314081472,0.0000116568871292869,363.220725054041,2857.93520556629,,fit_ok,26,18,13.7824634333776,3,18,0.0000652480689943209,0.807893393817814,0.15165297932598,0.076397461340328,0.354783154994537,0.0164232161562186,0.281205342604382,0.000258379862754762,76.5732212803392,2857.93520556629,,0.729734302009361,0.0000869974253257612,0.916769859708321,0.982769082827713,DD_to_IHD,Neither,Residual serial correlation flag,LCA,TRUE
Saint Vincent and the Grenadines,30,29,3,,,0.0228612052986212,0.99,0.0258554724396628,0.99,fit_ok,26,18,0.90114846355506,3,18,0.459898989551174,0.843532242014408,-13.8546000390574,11.2286469393336,17.1474260425595,0.0541494459491213,0.115050652908615,0.0000655026254625316,439.576571153097,3279.07974571117,,fit_ok,26,18,1.25629563213469,3,18,0.31902939270855,0.946329457966827,0.0274877321113384,0.0592175493201371,1.00323377445622,0.995980074918646,0.0908972277573238,0.00296931393185866,727.909231687157,3279.07974571116,,0.718816670460909,0.330365462500225,0.916769859708321,0.998138144554251,Neither,Neither,Influence flag,VCT,TRUE
Slovak Republic,30,29,2,,,0.0212507318411274,0.99,0.236894561585366,0.99,fit_ok,27,21,0.523705599952965,2,21,0.599857057615173,0.677253164829248,-0.273309540916388,0.308470804082493,0.312176501381299,0.334060205835919,0.450715358463897,0.0000000501337038772433,1.72474035379987,848.754793257023,,fit_ok,27,21,163.464776537248,2,21,0.000000000000157631766678678,0.248294729040452,-0.168349166460558,0.0157489283424153,0.492638739152431,0.0443160181124056,0.188126862130651,0.00213401216402839,15.4861550655425,848.754793257024,,0.732759519482008,0.00000000000036131326294888,0.916769859708321,0.816846289062876,DD_to_IHD,Neither,Residual serial correlation flag,SVK,FALSE
Socialist Republic of Viet Nam,30,29,2,,,0.680307219525411,0.99,0.934016706611497,0.99,fit_ok,27,21,5.52460373276873,2,21,0.0118092142761879,0.514883993069605,0.477323138793128,0.240374670710509,0.565543074061477,0.16817686912506,0.275652710048708,0.000000529602361719867,17.4623093890922,851.589938242215,,fit_ok,27,21,354.527832035701,2,21,0.000000000000000065775606283097,0.686488065642369,-0.589558783288006,0.0334414203774632,1.17421646585717,0.0463288082533111,0.718683822386837,0.663623099123998,133.268278031281,851.589938242215,,0.369436598152389,0.000000000000000206434210488489,0.916769859708321,0.965817692352022,DD_to_IHD,Neither,Residual serial correlation flag,VNM,FALSE
Solomon Islands,30,29,3,,,0.909070828158473,0.99,0.99,0.99,fit_ok,26,18,1.18382883221501,3,18,0.343767897759116,0.746059563443859,0.63682628061063,0.460822177866731,0.840995392012211,0.00430674125057083,0.024923652991334,0.00335126589830459,2.1024090062757,1901.58718801699,,fit_ok,26,18,855.944941135368,3,18,0.000000000000000000134806071944747,0.432635658933061,-1.52894807662588,0.0635082686284151,1.78177543708322,0.344260519825395,0.51287889724751,0.82162130991008,120.396204191311,1901.58718801699,,0.718816670460909,0.000000000000000000572925805765175,0.916769859708321,0.897107372940375,DD_to_IHD,Neither,Residual serial correlation flag,SLB,TRUE
State of Eritrea,30,29,3,,,0.99,0.99,0.952957543379449,0.99,fit_ok,26,18,3.05719002645633,3,18,0.0548813683338618,0.721193876030661,2.01559152904277,2.1767902084905,2.6652826434408,0.0391375755621574,0.00349874270629374,0.0197313535787311,5.16328849121951,5420.85431866255,,fit_ok,26,18,825.263674528557,3,18,0.000000000000000000186777870901226,0.776142395898784,0.53539597101391,0.0125424755878147,0.706275754249876,0.234429069540254,0.9737394235428,0.859517413449707,482.720234839069,5420.85431866254,,0.486773875656861,0.000000000000000000777605829874492,0.916769859708321,0.982769082827713,DD_to_IHD,Neither,Residual serial correlation flag,ERI,FALSE
State of Israel,30,29,2,,,0.124794556077276,0.803419429563142,0.01,0.99,fit_ok,27,21,0.615905513942437,2,21,0.549625344828604,0.562641807853066,0.247960590024436,0.545021225591751,0.557212173174701,0.552104996650093,0.781087773594366,0.0000000180666417762447,15.2616556194248,1591.03109711745,,fit_ok,27,21,19.702698686747,2,21,0.0000152057296727037,0.112897590697586,0.0785171726628402,0.013972573519501,0.0433668290066363,0.125728892224956,0.117692869565839,0.775316839670094,0.290937370195733,1591.03109711745,,0.723377873193775,0.0000215414503696636,0.916769859708321,0.580725411543761,DD_to_IHD,Neither,Influence flag,ISR,FALSE
State of Kuwait,30,29,2,,,0.79975197551626,0.99,0.99,0.99,fit_ok,27,21,0.583453328991426,2,21,0.566759910716297,0.697484679264898,0.720470549560229,1.21147706534354,1.19796603920882,0.31712092757572,0.304194083002667,0.000000370074423619564,1.09879213883056,1050.47197922123,,fit_ok,27,21,569.634892964012,2,21,0.000000000000000000507496757661896,0.222796269468833,0.376112866728701,0.0112352538474737,0.544212955579572,0.10113961982366,0.743242351006687,0.415894160760351,121.317979533724,1050.47197922123,,0.72919300389818,0.0000000000000000019533837464722,0.916769859708321,0.816846289062876,DD_to_IHD,Neither,Influence flag,KWT,FALSE
State of Libya,30,29,3,,,0.954910738819853,0.99,0.979931012455765,0.99,fit_ok,26,18,1.82536656654464,3,18,0.178667957527507,0.819937357142728,0.545133449693894,2.55739380459095,2.9175065156686,0.272377519297356,0.0274058448640497,0.00478974796870072,127.432442825236,4824.86920740897,,fit_ok,26,18,3479.19541594233,3,18,0.000000000000000000000000467744799027234,0.714234293687062,0.263115012238578,0.00712630296172303,0.999491967006369,0.143901616349882,0.995249762212199,0.000157270480402021,834.993345621776,4824.86920740897,,0.718816670460909,0.00000000000000000000000636132926677038,0.916769859708321,0.967016766223358,DD_to_IHD,Neither,Influence flag,LBY,FALSE
State of Qatar,30,29,2,,,0.470656522999808,0.99,0.0274912846559677,0.99,fit_ok,27,21,0.979041254579786,2,21,0.392173879955446,0.619488884754742,-9.28944479686564,6.65348570459337,9.49896818847987,0.554181464609965,0.023426105478574,0.000181695781034698,3.46022032022756,2013.42901568266,,fit_ok,27,21,8.95839480493623,2,21,0.00153767313333969,0.574121702106551,0.0434200394254234,0.0373566534100907,0.0667806640643446,0.500934744553045,0.145439873133273,0.284828296488629,1.8019047215386,2013.42901568266,,0.718816670460909,0.00187835520479819,0.916769859708321,0.952675610449615,DD_to_IHD,Neither,Influence flag,QAT,FALSE
Sultanate of Oman,30,29,2,,,0.252260235590436,0.99,0.01,0.936842698622767,fit_ok,27,21,0.53435974654635,2,21,0.593803402615461,0.664470788821619,1.57002274576453,1.60487454689459,1.74109842651993,0.558682236257594,0.676925039287047,0.0000000142926428676594,204.808834602698,574.450306486151,,fit_ok,27,21,26.7299430070653,2,21,0.00000169089928575554,0.987757053664732,-0.0250179578421768,0.00624724585254339,0.656036948035953,0.406099061087457,0.461751913214472,0.0249985413085862,667.220895532797,574.45030648615,,0.729734302009361,0.00000255513669847504,0.916769859708321,0.998138144554251,DD_to_IHD,Neither,Influence flag,OMN,FALSE
Swiss Confederation,30,29,3,,,0.0402652339298851,0.714989931523426,0.0121112996916155,0.334986733442481,fit_ok,26,18,2.5566477493689,3,18,0.0874287671410662,0.666240480605423,3.29191806466895,2.57891782088569,4.53813607152359,0.506531470607147,0.0983808955923672,0.00590632978848616,8.10270786421093,2913.51843141287,,fit_ok,26,18,2.53628749009944,3,18,0.0891373397154609,0.290559535619793,0.0113348296015396,0.0227635316094697,0.154941941898663,0.211187859957105,0.209035353813643,0.130976467884797,3.62871187430384,2913.51843141287,,0.660572907288055,0.0962117317563705,0.916769859708321,0.827630372655187,Neither,Neither,Influence flag,CHE,FALSE
Syrian Arab Republic,30,29,3,,,0.258381253647087,0.99,0.895851387951799,0.99,fit_ok,26,18,0.387109377873266,3,18,0.76362443342567,0.836898916788735,-3.20650638299022,7.98293783324399,16.4262613371492,0.0116426174299381,0.156180205350463,0.0000258863584049973,1020.56334271977,3273.18516880702,,fit_ok,26,18,46.6610317074521,3,18,0.0000000108015339385801,0.576777163594266,-0.048609515227369,0.0197005893148789,0.545605393694948,0.319371280252224,0.111196067371272,0.0130794578821116,788.777635620767,3273.18516880704,,0.807147069527652,0.0000000176281033877627,0.916769859708321,0.952675610449615,DD_to_IHD,Neither,Residual serial correlation flag,SYR,FALSE
Taiwan (Province of China),30,29,3,,,0.99,0.104954616689795,0.97942931685867,0.362862321790743,fit_ok,26,18,2.24096742579185,3,18,0.118450019489734,0.607120523515563,0.410648740907068,0.643448294616553,0.762670062435698,0.356715016076199,0.0260947405435275,0.0021423324473332,4.52414834800972,2408.82720702836,,fit_ok,26,18,1405.04752499577,3,18,0.00000000000000000000159838907486739,0.495907194781697,2.48434397637897,0.0412104986040848,1.84214127968566,0.0112163942030622,0.573579300558337,0.0130228836393274,86.5451225180737,2408.82720702835,,0.718816670460909,0.00000000000000000000881273976413374,0.916769859708321,0.945467922761366,DD_to_IHD,Neither,Residual serial correlation flag,TWN,FALSE
Togolese Republic,30,29,3,,,0.948036826140168,0.941016096868817,0.99,0.99,fit_ok,26,18,0.989961130595113,3,18,0.419801536071511,0.828522046462784,8.52718728681061,6.73589396347929,9.12759364136237,0.158701175395819,0.0201526120704893,0.00311325483671906,16.7137743152319,3982.52739531014,,fit_ok,26,18,6.40047993324977,3,18,0.00384571821574358,0.521485847372605,0.0287061169539455,0.0174158232951004,0.360821357328663,0.61587802438699,0.0253715772915237,0.100130177203008,377.010713476896,3982.52739531013,,0.718816670460909,0.00456120067448657,0.916769859708321,0.952675610449615,DD_to_IHD,Neither,Influence flag,TGO,FALSE
Tokelau,30,29,3,,,0.232176747637571,0.984768612668881,0.0125399512406746,0.99,fit_ok,26,18,4.42666933158796,3,18,0.016906497389431,0.825522244104858,-3.14722558450157,2.04264901465805,3.83930323895284,0.169012303295147,0.264285286049023,0.105989684579687,557.727741000922,4710.40284604225,,fit_ok,26,18,12.5915926470718,3,18,0.000112704561325628,0.971975423125107,0.327698188091287,0.0797423742418249,0.973344223575329,0.0987763859355746,0.591929169476097,0.85974853774148,152.558964268907,4710.40284604225,,0.393237799679801,0.000148333745228568,0.916769859708321,0.998138144554251,DD_to_IHD,Neither,Influence flag,TKL,TRUE
Turkmenistan,30,29,2,,,0.525460192471947,0.99,0.901503944858209,0.99,fit_ok,27,21,1.12851112244795,2,21,0.342361135314176,0.510884491999513,1.9288316577883,1.46405444107906,1.79371811450345,0.207727889350861,0.594763881927863,0.0000000232350459907684,4.11925421694413,1170.71975762403,,fit_ok,27,21,302.260788551527,2,21,0.000000000000000333241051553539,0.426929856826262,0.129287110253386,0.00679259205174941,0.696432305709928,0.0394909572802437,0.227948642982668,0.235001258545426,383.030462324002,1170.71975762403,,0.718816670460909,0.000000000000000971159635956029,0.916769859708321,0.897107372940375,DD_to_IHD,Neither,Residual serial correlation flag,TKM,FALSE
Tuvalu,30,29,3,,,0.526072835055932,0.99,0.142876756438479,0.99,fit_ok,26,18,0.730384800242197,3,18,0.547212285252566,0.805108936423558,-1.37166550115618,1.65439779851062,2.22026317359394,0.537078476653928,0.105074133215108,0.000131517694110111,27.7700164787451,4221.83812122305,,fit_ok,26,18,7.83396285589379,3,18,0.00149347303290774,0.551079103369594,0.204062747568402,0.138746895304583,0.540201091491505,0.118254599192833,0.103251018720494,0.00144964837047091,17.045825081031,4221.83812122305,,0.723377873193775,0.00183535240188662,0.916769859708321,0.952675610449615,DD_to_IHD,Neither,Influence flag,TUV,TRUE
Ukraine,30,29,2,,,0.619836758396516,0.99,0.599237072467306,0.99,fit_ok,27,21,1.62217710628108,2,21,0.221253973913875,0.584790590506565,2.0119001310071,1.31153364893653,1.94115471350504,0.214337505953174,0.0134164202350012,0.0000926151470866084,17.6019166646404,982.586485996148,,fit_ok,27,21,1576.04739839726,2,21,0.0000000000000000000000131138617838665,0.000645507728551186,-0.507392686652046,0.00933853927811158,0.155630838647479,0.0121106529111318,0.179707034667831,0.92564079204992,13.6881812590487,982.586485996149,,0.718816670460909,0.0000000000000000000000990825112558805,0.916769859708321,0.0164604470780552,DD_to_IHD,DD_to_IHD,Residual serial correlation flag,UKR,FALSE
Union of the Comoros,30,29,2,,,0.0401419168343968,0.99,0.37667760742276,0.99,fit_ok,27,21,1.1290203009785,2,21,0.342203769501416,0.603846883430765,-4.15794951150939,3.81784726046578,4.57109420161805,0.689681089122754,0.0638804425378128,0.0000158263767835587,124.86221979582,1649.39221618901,,fit_ok,27,21,48.6780028418039,2,21,0.0000000130258011624428,0.43536093098577,0.0258374510380073,0.00426121605101894,0.180045616219152,0.177759843763137,0.0753821437379647,0.00352662694634633,255.364124693,1649.39221618901,,0.718816670460909,0.0000000210893923582407,0.916769859708321,0.897107372940375,DD_to_IHD,Neither,Influence flag,COM,TRUE
United Arab Emirates,30,29,3,,,0.961904556544687,0.99,0.987863850664654,0.99,fit_ok,26,18,0.346972285121624,3,18,0.791749398011471,0.867491217337351,4.32892835484138,5.28480693384478,8.93499923285082,0.946390784840261,0.623126746602852,0.000000237054877483909,214.353663901406,4741.21870208054,,fit_ok,26,18,790.696527192917,3,18,0.000000000000000000273701206971481,0.265911518264863,0.156712981840258,0.00339781992648105,0.402061811962329,0.409436783322896,0.644583530427804,0.112902598011965,856.381107269982,4741.21870208053,,0.81988262535198,0.00000000000000000111670092444364,0.916769859708321,0.827630372655187,DD_to_IHD,Neither,Influence flag,ARE,FALSE
United Kingdom of Great Britain and Northern Ireland,30,29,3,,,0.719077935873036,0.99,0.027197523022367,0.657762120673095,fit_ok,26,18,1.15742192991998,3,18,0.353256921047629,0.747997415648867,0.561055779954424,0.611238299608992,1.36156910925189,0.114116455326318,0.541722875055166,0.000000542874535676856,35.2627464454489,1581.49430588332,,fit_ok,26,18,15.4710490651281,3,18,0.0000316771063317472,0.146923850588011,-0.0390858483410383,0.0061788288729288,0.301936426695795,0.583030765642218,0.944645090609036,0.327890982175214,51.954579075108,1581.49430588332,,0.718816670460909,0.0000430808646111761,0.916769859708321,0.651575337390311,DD_to_IHD,Neither,Influence flag,GBR,FALSE
United Mexican States,30,29,2,,,0.99,0.6921927651352,0.58759806684807,0.89656663073329,fit_ok,27,21,2.41424961139062,2,21,0.113831193271763,0.65901938511282,-5.16014455540819,4.01473064788704,5.9445764979017,0.302073382804116,0.00287409425699355,0.00154748279150983,3.58700506505084,1132.16605181333,,fit_ok,27,21,4162.66179863259,2,21,0.000000000000000000000000000510038308690919,0.00000035929013800316,0.190261612800099,0.00282920693846925,0.0240453427842506,0.0183956342022883,0.62438732529548,0.413779257971677,7.80607907838457,1132.16605181333,,0.718816670460909,0.0000000000000000000000000346826049909825,0.916769859708321,0.0000366475940763223,DD_to_IHD,DD_to_IHD,Residual serial correlation flag,MEX,FALSE
United Republic of Tanzania,30,29,2,,,0.865785399071367,0.99,0.715445791728586,0.99,fit_ok,27,21,0.699987127998079,2,21,0.507812799400355,0.620984860277013,-1.01846561680571,1.15024952167614,1.11998334749918,0.636273211777573,0.254346387381742,0.000000443785312178911,19.5727610680897,678.863937328413,,fit_ok,27,21,2045.03107509971,2,21,0.0000000000000000000000008645401148761,0.544943159076196,0.540755773077027,0.0107563228314259,0.511205272028898,0.172713059580657,0.250379882371049,0.174707128719148,144.892922965306,678.863937328413,,0.718816670460909,0.0000000000000000000000099171102275066,0.916769859708321,0.952675610449615,DD_to_IHD,Neither,Influence flag,TZA,FALSE
United States Virgin Islands,30,29,3,,,0.759074125489682,0.99,0.741925459000261,0.975488345677328,fit_ok,26,18,0.453686995920005,3,18,0.717894621176234,0.855803514027616,-4.71859279053622,6.13877902920151,7.074113918078,0.170857838878623,0.73752664128469,0.000000125409810562035,106.508473524137,1927.44055185626,,fit_ok,26,18,0.576930707504443,3,18,0.637583856636404,0.930760493050366,-0.0301910561922098,0.0290798173573147,0.214546385211913,0.313532867514654,0.712824732101408,0.000228227424364766,31.5602661027927,1927.44055185627,,0.784841203789528,0.647100033601127,0.916769859708321,0.998138144554251,Neither,Neither,Influence flag,VIR,TRUE
United States of America,30,29,2,,,0.691537177287469,0.554020330369975,0.0375989069488837,0.99,fit_ok,27,21,1.75560504875754,2,21,0.197229872128126,0.937296388068283,-0.354160056638896,0.192698041403025,1.18520057469097,0.0911336914407988,0.925355673743869,0.00000000191018953587419,59.8055959895045,1009.44762216557,,fit_ok,27,21,599.456263625181,2,21,0.00000000000000000029981360625045,0.683647856856154,0.304271266048722,0.0090908486384613,0.731836504023334,0.0263503141097039,0.0591206665305031,0.269624441909643,75.8889377911091,1009.44762216557,,0.718816670460909,0.0000000000000000011992544250018,0.943262209724858,0.965817692352022,DD_to_IHD,Neither,Residual serial correlation flag,USA,FALSE
