location_name,location_id,sex_name,age_name,rows,population_missing,population_location_names
American Samoa,298,Female,10-14 years,30,0,1
American Samoa,298,Female,15-19 years,30,0,1
American Samoa,298,Female,20-24 years,30,0,1
American Samoa,298,Female,25-29 years,30,0,1
American Samoa,298,Female,30-34 years,30,0,1
American Samoa,298,Female,35-39 years,30,0,1
American Samoa,298,Female,40-44 years,30,0,1
American Samoa,298,Female,45-49 years,30,0,1
American Samoa,298,Female,5-9 years,30,0,1
American Samoa,298,Female,50-54 years,30,0,1
American Samoa,298,Female,55-59 years,30,0,1
American Samoa,298,Female,60-64 years,30,0,1
American Samoa,298,Female,65-69 years,30,0,1
American Samoa,298,Female,70-74 years,30,0,1
American Samoa,298,Female,75-79 years,30,0,1
American Samoa,298,Female,80-84 years,30,0,1
American Samoa,298,Female,85-89 years,30,0,1
American Samoa,298,Female,90-94 years,30,0,1
American Samoa,298,Female,95+ years,30,0,1
American Samoa,298,Female,<5 years,30,0,1
Antigua and Barbuda,105,Female,10-14 years,30,0,1
Antigua and Barbuda,105,Female,15-19 years,30,0,1
Antigua and Barbuda,105,Female,20-24 years,30,0,1
Antigua and Barbuda,105,Female,25-29 years,30,0,1
Antigua and Barbuda,105,Female,30-34 years,30,0,1
Antigua and Barbuda,105,Female,35-39 years,30,0,1
Antigua and Barbuda,105,Female,40-44 years,30,0,1
Antigua and Barbuda,105,Female,45-49 years,30,0,1
Antigua and Barbuda,105,Female,5-9 years,30,0,1
Antigua and Barbuda,105,Female,50-54 years,30,0,1
Antigua and Barbuda,105,Female,55-59 years,30,0,1
Antigua and Barbuda,105,Female,60-64 years,30,0,1
Antigua and Barbuda,105,Female,65-69 years,30,0,1
Antigua and Barbuda,105,Female,70-74 years,30,0,1
Antigua and Barbuda,105,Female,75-79 years,30,0,1
Antigua and Barbuda,105,Female,80-84 years,30,0,1
Antigua and Barbuda,105,Female,85-89 years,30,0,1
Antigua and Barbuda,105,Female,90-94 years,30,0,1
Antigua and Barbuda,105,Female,95+ years,30,0,1
Antigua and Barbuda,105,Female,<5 years,30,0,1
Arab Republic of Egypt,141,Female,10-14 years,30,0,1
Arab Republic of Egypt,141,Female,15-19 years,30,0,1
Arab Republic of Egypt,141,Female,20-24 years,30,0,1
Arab Republic of Egypt,141,Female,25-29 years,30,0,1
Arab Republic of Egypt,141,Female,30-34 years,30,0,1
Arab Republic of Egypt,141,Female,35-39 years,30,0,1
Arab Republic of Egypt,141,Female,40-44 years,30,0,1
Arab Republic of Egypt,141,Female,45-49 years,30,0,1
Arab Republic of Egypt,141,Female,5-9 years,30,0,1
Arab Republic of Egypt,141,Female,50-54 years,30,0,1
Arab Republic of Egypt,141,Female,55-59 years,30,0,1
Arab Republic of Egypt,141,Female,60-64 years,30,0,1
Arab Republic of Egypt,141,Female,65-69 years,30,0,1
Arab Republic of Egypt,141,Female,70-74 years,30,0,1
Arab Republic of Egypt,141,Female,75-79 years,30,0,1
Arab Republic of Egypt,141,Female,80-84 years,30,0,1
Arab Republic of Egypt,141,Female,85-89 years,30,0,1
Arab Republic of Egypt,141,Female,90-94 years,30,0,1
Arab Republic of Egypt,141,Female,95+ years,30,0,1
Arab Republic of Egypt,141,Female,<5 years,30,0,1
Argentine Republic,97,Female,10-14 years,30,0,1
Argentine Republic,97,Female,15-19 years,30,0,1
Argentine Republic,97,Female,20-24 years,30,0,1
Argentine Republic,97,Female,25-29 years,30,0,1
Argentine Republic,97,Female,30-34 years,30,0,1
Argentine Republic,97,Female,35-39 years,30,0,1
Argentine Republic,97,Female,40-44 years,30,0,1
Argentine Republic,97,Female,45-49 years,30,0,1
Argentine Republic,97,Female,5-9 years,30,0,1
Argentine Republic,97,Female,50-54 years,30,0,1
Argentine Republic,97,Female,55-59 years,30,0,1
Argentine Republic,97,Female,60-64 years,30,0,1
Argentine Republic,97,Female,65-69 years,30,0,1
Argentine Republic,97,Female,70-74 years,30,0,1
Argentine Republic,97,Female,75-79 years,30,0,1
Argentine Republic,97,Female,80-84 years,30,0,1
Argentine Republic,97,Female,85-89 years,30,0,1
Argentine Republic,97,Female,90-94 years,30,0,1
Argentine Republic,97,Female,95+ years,30,0,1
Argentine Republic,97,Female,<5 years,30,0,1
Australia,71,Female,10-14 years,30,0,1
Australia,71,Female,15-19 years,30,0,1
Australia,71,Female,20-24 years,30,0,1
Australia,71,Female,25-29 years,30,0,1
Australia,71,Female,30-34 years,30,0,1
Australia,71,Female,35-39 years,30,0,1
Australia,71,Female,40-44 years,30,0,1
Australia,71,Female,45-49 years,30,0,1
Australia,71,Female,5-9 years,30,0,1
Australia,71,Female,50-54 years,30,0,1
Australia,71,Female,55-59 years,30,0,1
Australia,71,Female,60-64 years,30,0,1
Australia,71,Female,65-69 years,30,0,1
Australia,71,Female,70-74 years,30,0,1
Australia,71,Female,75-79 years,30,0,1
Australia,71,Female,80-84 years,30,0,1
Australia,71,Female,85-89 years,30,0,1
Australia,71,Female,90-94 years,30,0,1
Australia,71,Female,95+ years,30,0,1
Australia,71,Female,<5 years,30,0,1
Barbados,107,Female,10-14 years,30,0,1
Barbados,107,Female,15-19 years,30,0,1
Barbados,107,Female,20-24 years,30,0,1
Barbados,107,Female,25-29 years,30,0,1
Barbados,107,Female,30-34 years,30,0,1
Barbados,107,Female,35-39 years,30,0,1
Barbados,107,Female,40-44 years,30,0,1
Barbados,107,Female,45-49 years,30,0,1
Barbados,107,Female,5-9 years,30,0,1
Barbados,107,Female,50-54 years,30,0,1
Barbados,107,Female,55-59 years,30,0,1
Barbados,107,Female,60-64 years,30,0,1
Barbados,107,Female,65-69 years,30,0,1
Barbados,107,Female,70-74 years,30,0,1
Barbados,107,Female,75-79 years,30,0,1
Barbados,107,Female,80-84 years,30,0,1
Barbados,107,Female,85-89 years,30,0,1
Barbados,107,Female,90-94 years,30,0,1
Barbados,107,Female,95+ years,30,0,1
Barbados,107,Female,<5 years,30,0,1
Belize,108,Female,10-14 years,30,0,1
Belize,108,Female,15-19 years,30,0,1
Belize,108,Female,20-24 years,30,0,1
Belize,108,Female,25-29 years,30,0,1
Belize,108,Female,30-34 years,30,0,1
Belize,108,Female,35-39 years,30,0,1
Belize,108,Female,40-44 years,30,0,1
Belize,108,Female,45-49 years,30,0,1
Belize,108,Female,5-9 years,30,0,1
Belize,108,Female,50-54 years,30,0,1
Belize,108,Female,55-59 years,30,0,1
Belize,108,Female,60-64 years,30,0,1
Belize,108,Female,65-69 years,30,0,1
Belize,108,Female,70-74 years,30,0,1
Belize,108,Female,75-79 years,30,0,1
Belize,108,Female,80-84 years,30,0,1
Belize,108,Female,85-89 years,30,0,1
Belize,108,Female,90-94 years,30,0,1
Belize,108,Female,95+ years,30,0,1
Belize,108,Female,<5 years,30,0,1
Bermuda,305,Female,10-14 years,30,0,1
Bermuda,305,Female,15-19 years,30,0,1
Bermuda,305,Female,20-24 years,30,0,1
Bermuda,305,Female,25-29 years,30,0,1
Bermuda,305,Female,30-34 years,30,0,1
Bermuda,305,Female,35-39 years,30,0,1
Bermuda,305,Female,40-44 years,30,0,1
Bermuda,305,Female,45-49 years,30,0,1
Bermuda,305,Female,5-9 years,30,0,1
Bermuda,305,Female,50-54 years,30,0,1
Bermuda,305,Female,55-59 years,30,0,1
Bermuda,305,Female,60-64 years,30,0,1
Bermuda,305,Female,65-69 years,30,0,1
Bermuda,305,Female,70-74 years,30,0,1
Bermuda,305,Female,75-79 years,30,0,1
Bermuda,305,Female,80-84 years,30,0,1
Bermuda,305,Female,85-89 years,30,0,1
Bermuda,305,Female,90-94 years,30,0,1
Bermuda,305,Female,95+ years,30,0,1
Bermuda,305,Female,<5 years,30,0,1
Bolivarian Republic of Venezuela,133,Female,10-14 years,30,0,1
Bolivarian Republic of Venezuela,133,Female,15-19 years,30,0,1
Bolivarian Republic of Venezuela,133,Female,20-24 years,30,0,1
Bolivarian Republic of Venezuela,133,Female,25-29 years,30,0,1
Bolivarian Republic of Venezuela,133,Female,30-34 years,30,0,1
Bolivarian Republic of Venezuela,133,Female,35-39 years,30,0,1
Bolivarian Republic of Venezuela,133,Female,40-44 years,30,0,1
Bolivarian Republic of Venezuela,133,Female,45-49 years,30,0,1
Bolivarian Republic of Venezuela,133,Female,5-9 years,30,0,1
Bolivarian Republic of Venezuela,133,Female,50-54 years,30,0,1
Bolivarian Republic of Venezuela,133,Female,55-59 years,30,0,1
Bolivarian Republic of Venezuela,133,Female,60-64 years,30,0,1
Bolivarian Republic of Venezuela,133,Female,65-69 years,30,0,1
Bolivarian Republic of Venezuela,133,Female,70-74 years,30,0,1
Bolivarian Republic of Venezuela,133,Female,75-79 years,30,0,1
Bolivarian Republic of Venezuela,133,Female,80-84 years,30,0,1
Bolivarian Republic of Venezuela,133,Female,85-89 years,30,0,1
Bolivarian Republic of Venezuela,133,Female,90-94 years,30,0,1
Bolivarian Republic of Venezuela,133,Female,95+ years,30,0,1
Bolivarian Republic of Venezuela,133,Female,<5 years,30,0,1
Bosnia and Herzegovina,44,Female,10-14 years,30,0,1
Bosnia and Herzegovina,44,Female,15-19 years,30,0,1
Bosnia and Herzegovina,44,Female,20-24 years,30,0,1
Bosnia and Herzegovina,44,Female,25-29 years,30,0,1
Bosnia and Herzegovina,44,Female,30-34 years,30,0,1
Bosnia and Herzegovina,44,Female,35-39 years,30,0,1
Bosnia and Herzegovina,44,Female,40-44 years,30,0,1
Bosnia and Herzegovina,44,Female,45-49 years,30,0,1
Bosnia and Herzegovina,44,Female,5-9 years,30,0,1
Bosnia and Herzegovina,44,Female,50-54 years,30,0,1
Bosnia and Herzegovina,44,Female,55-59 years,30,0,1
Bosnia and Herzegovina,44,Female,60-64 years,30,0,1
Bosnia and Herzegovina,44,Female,65-69 years,30,0,1
Bosnia and Herzegovina,44,Female,70-74 years,30,0,1
Bosnia and Herzegovina,44,Female,75-79 years,30,0,1
Bosnia and Herzegovina,44,Female,80-84 years,30,0,1
Bosnia and Herzegovina,44,Female,85-89 years,30,0,1
Bosnia and Herzegovina,44,Female,90-94 years,30,0,1
Bosnia and Herzegovina,44,Female,95+ years,30,0,1
Bosnia and Herzegovina,44,Female,<5 years,30,0,1
Brunei Darussalam,66,Female,10-14 years,30,0,1
Brunei Darussalam,66,Female,15-19 years,30,0,1
Brunei Darussalam,66,Female,20-24 years,30,0,1
Brunei Darussalam,66,Female,25-29 years,30,0,1
Brunei Darussalam,66,Female,30-34 years,30,0,1
Brunei Darussalam,66,Female,35-39 years,30,0,1
Brunei Darussalam,66,Female,40-44 years,30,0,1
Brunei Darussalam,66,Female,45-49 years,30,0,1
Brunei Darussalam,66,Female,5-9 years,30,0,1
Brunei Darussalam,66,Female,50-54 years,30,0,1
Brunei Darussalam,66,Female,55-59 years,30,0,1
Brunei Darussalam,66,Female,60-64 years,30,0,1
Brunei Darussalam,66,Female,65-69 years,30,0,1
Brunei Darussalam,66,Female,70-74 years,30,0,1
Brunei Darussalam,66,Female,75-79 years,30,0,1
Brunei Darussalam,66,Female,80-84 years,30,0,1
Brunei Darussalam,66,Female,85-89 years,30,0,1
Brunei Darussalam,66,Female,90-94 years,30,0,1
Brunei Darussalam,66,Female,95+ years,30,0,1
Brunei Darussalam,66,Female,<5 years,30,0,1
Burkina Faso,201,Female,10-14 years,30,0,1
Burkina Faso,201,Female,15-19 years,30,0,1
Burkina Faso,201,Female,20-24 years,30,0,1
Burkina Faso,201,Female,25-29 years,30,0,1
Burkina Faso,201,Female,30-34 years,30,0,1
Burkina Faso,201,Female,35-39 years,30,0,1
Burkina Faso,201,Female,40-44 years,30,0,1
Burkina Faso,201,Female,45-49 years,30,0,1
Burkina Faso,201,Female,5-9 years,30,0,1
Burkina Faso,201,Female,50-54 years,30,0,1
Burkina Faso,201,Female,55-59 years,30,0,1
Burkina Faso,201,Female,60-64 years,30,0,1
Burkina Faso,201,Female,65-69 years,30,0,1
Burkina Faso,201,Female,70-74 years,30,0,1
Burkina Faso,201,Female,75-79 years,30,0,1
Burkina Faso,201,Female,80-84 years,30,0,1
Burkina Faso,201,Female,85-89 years,30,0,1
Burkina Faso,201,Female,90-94 years,30,0,1
Burkina Faso,201,Female,95+ years,30,0,1
Burkina Faso,201,Female,<5 years,30,0,1
Canada,101,Female,10-14 years,30,0,1
Canada,101,Female,15-19 years,30,0,1
Canada,101,Female,20-24 years,30,0,1
Canada,101,Female,25-29 years,30,0,1
Canada,101,Female,30-34 years,30,0,1
Canada,101,Female,35-39 years,30,0,1
Canada,101,Female,40-44 years,30,0,1
Canada,101,Female,45-49 years,30,0,1
Canada,101,Female,5-9 years,30,0,1
Canada,101,Female,50-54 years,30,0,1
Canada,101,Female,55-59 years,30,0,1
Canada,101,Female,60-64 years,30,0,1
Canada,101,Female,65-69 years,30,0,1
Canada,101,Female,70-74 years,30,0,1
Canada,101,Female,75-79 years,30,0,1
Canada,101,Female,80-84 years,30,0,1
Canada,101,Female,85-89 years,30,0,1
Canada,101,Female,90-94 years,30,0,1
Canada,101,Female,95+ years,30,0,1
Canada,101,Female,<5 years,30,0,1
Central African Republic,169,Female,10-14 years,30,0,1
Central African Republic,169,Female,15-19 years,30,0,1
Central African Republic,169,Female,20-24 years,30,0,1
Central African Republic,169,Female,25-29 years,30,0,1
Central African Republic,169,Female,30-34 years,30,0,1
Central African Republic,169,Female,35-39 years,30,0,1
Central African Republic,169,Female,40-44 years,30,0,1
Central African Republic,169,Female,45-49 years,30,0,1
Central African Republic,169,Female,5-9 years,30,0,1
Central African Republic,169,Female,50-54 years,30,0,1
Central African Republic,169,Female,55-59 years,30,0,1
Central African Republic,169,Female,60-64 years,30,0,1
Central African Republic,169,Female,65-69 years,30,0,1
Central African Republic,169,Female,70-74 years,30,0,1
Central African Republic,169,Female,75-79 years,30,0,1
Central African Republic,169,Female,80-84 years,30,0,1
Central African Republic,169,Female,85-89 years,30,0,1
Central African Republic,169,Female,90-94 years,30,0,1
Central African Republic,169,Female,95+ years,30,0,1
Central African Republic,169,Female,<5 years,30,0,1
Commonwealth of Dominica,110,Female,10-14 years,30,0,1
Commonwealth of Dominica,110,Female,15-19 years,30,0,1
Commonwealth of Dominica,110,Female,20-24 years,30,0,1
Commonwealth of Dominica,110,Female,25-29 years,30,0,1
Commonwealth of Dominica,110,Female,30-34 years,30,0,1
Commonwealth of Dominica,110,Female,35-39 years,30,0,1
Commonwealth of Dominica,110,Female,40-44 years,30,0,1
Commonwealth of Dominica,110,Female,45-49 years,30,0,1
Commonwealth of Dominica,110,Female,5-9 years,30,0,1
Commonwealth of Dominica,110,Female,50-54 years,30,0,1
Commonwealth of Dominica,110,Female,55-59 years,30,0,1
Commonwealth of Dominica,110,Female,60-64 years,30,0,1
Commonwealth of Dominica,110,Female,65-69 years,30,0,1
Commonwealth of Dominica,110,Female,70-74 years,30,0,1
Commonwealth of Dominica,110,Female,75-79 years,30,0,1
Commonwealth of Dominica,110,Female,80-84 years,30,0,1
Commonwealth of Dominica,110,Female,85-89 years,30,0,1
Commonwealth of Dominica,110,Female,90-94 years,30,0,1
Commonwealth of Dominica,110,Female,95+ years,30,0,1
Commonwealth of Dominica,110,Female,<5 years,30,0,1
Commonwealth of the Bahamas,106,Female,10-14 years,30,0,1
Commonwealth of the Bahamas,106,Female,15-19 years,30,0,1
Commonwealth of the Bahamas,106,Female,20-24 years,30,0,1
Commonwealth of the Bahamas,106,Female,25-29 years,30,0,1
Commonwealth of the Bahamas,106,Female,30-34 years,30,0,1
Commonwealth of the Bahamas,106,Female,35-39 years,30,0,1
Commonwealth of the Bahamas,106,Female,40-44 years,30,0,1
Commonwealth of the Bahamas,106,Female,45-49 years,30,0,1
Commonwealth of the Bahamas,106,Female,5-9 years,30,0,1
Commonwealth of the Bahamas,106,Female,50-54 years,30,0,1
Commonwealth of the Bahamas,106,Female,55-59 years,30,0,1
Commonwealth of the Bahamas,106,Female,60-64 years,30,0,1
Commonwealth of the Bahamas,106,Female,65-69 years,30,0,1
Commonwealth of the Bahamas,106,Female,70-74 years,30,0,1
Commonwealth of the Bahamas,106,Female,75-79 years,30,0,1
Commonwealth of the Bahamas,106,Female,80-84 years,30,0,1
Commonwealth of the Bahamas,106,Female,85-89 years,30,0,1
Commonwealth of the Bahamas,106,Female,90-94 years,30,0,1
Commonwealth of the Bahamas,106,Female,95+ years,30,0,1
Commonwealth of the Bahamas,106,Female,<5 years,30,0,1
Cook Islands,320,Female,10-14 years,30,0,1
Cook Islands,320,Female,15-19 years,30,0,1
Cook Islands,320,Female,20-24 years,30,0,1
Cook Islands,320,Female,25-29 years,30,0,1
Cook Islands,320,Female,30-34 years,30,0,1
Cook Islands,320,Female,35-39 years,30,0,1
Cook Islands,320,Female,40-44 years,30,0,1
Cook Islands,320,Female,45-49 years,30,0,1
Cook Islands,320,Female,5-9 years,30,0,1
Cook Islands,320,Female,50-54 years,30,0,1
Cook Islands,320,Female,55-59 years,30,0,1
Cook Islands,320,Female,60-64 years,30,0,1
Cook Islands,320,Female,65-69 years,30,0,1
Cook Islands,320,Female,70-74 years,30,0,1
Cook Islands,320,Female,75-79 years,30,0,1
Cook Islands,320,Female,80-84 years,30,0,1
Cook Islands,320,Female,85-89 years,30,0,1
Cook Islands,320,Female,90-94 years,30,0,1
Cook Islands,320,Female,95+ years,30,0,1
Cook Islands,320,Female,<5 years,30,0,1
Czech Republic,47,Female,10-14 years,30,0,1
Czech Republic,47,Female,15-19 years,30,0,1
Czech Republic,47,Female,20-24 years,30,0,1
Czech Republic,47,Female,25-29 years,30,0,1
Czech Republic,47,Female,30-34 years,30,0,1
Czech Republic,47,Female,35-39 years,30,0,1
Czech Republic,47,Female,40-44 years,30,0,1
Czech Republic,47,Female,45-49 years,30,0,1
Czech Republic,47,Female,5-9 years,30,0,1
Czech Republic,47,Female,50-54 years,30,0,1
Czech Republic,47,Female,55-59 years,30,0,1
Czech Republic,47,Female,60-64 years,30,0,1
Czech Republic,47,Female,65-69 years,30,0,1
Czech Republic,47,Female,70-74 years,30,0,1
Czech Republic,47,Female,75-79 years,30,0,1
Czech Republic,47,Female,80-84 years,30,0,1
Czech Republic,47,Female,85-89 years,30,0,1
Czech Republic,47,Female,90-94 years,30,0,1
Czech Republic,47,Female,95+ years,30,0,1
Czech Republic,47,Female,<5 years,30,0,1
Democratic People's Republic of Korea,7,Female,10-14 years,30,0,1
Democratic People's Republic of Korea,7,Female,15-19 years,30,0,1
Democratic People's Republic of Korea,7,Female,20-24 years,30,0,1
Democratic People's Republic of Korea,7,Female,25-29 years,30,0,1
Democratic People's Republic of Korea,7,Female,30-34 years,30,0,1
Democratic People's Republic of Korea,7,Female,35-39 years,30,0,1
Democratic People's Republic of Korea,7,Female,40-44 years,30,0,1
Democratic People's Republic of Korea,7,Female,45-49 years,30,0,1
Democratic People's Republic of Korea,7,Female,5-9 years,30,0,1
Democratic People's Republic of Korea,7,Female,50-54 years,30,0,1
Democratic People's Republic of Korea,7,Female,55-59 years,30,0,1
Democratic People's Republic of Korea,7,Female,60-64 years,30,0,1
Democratic People's Republic of Korea,7,Female,65-69 years,30,0,1
Democratic People's Republic of Korea,7,Female,70-74 years,30,0,1
Democratic People's Republic of Korea,7,Female,75-79 years,30,0,1
Democratic People's Republic of Korea,7,Female,80-84 years,30,0,1
Democratic People's Republic of Korea,7,Female,85-89 years,30,0,1
Democratic People's Republic of Korea,7,Female,90-94 years,30,0,1
Democratic People's Republic of Korea,7,Female,95+ years,30,0,1
Democratic People's Republic of Korea,7,Female,<5 years,30,0,1
Democratic Republic of Sao Tome and Principe,215,Female,10-14 years,30,0,1
Democratic Republic of Sao Tome and Principe,215,Female,15-19 years,30,0,1
Democratic Republic of Sao Tome and Principe,215,Female,20-24 years,30,0,1
Democratic Republic of Sao Tome and Principe,215,Female,25-29 years,30,0,1
Democratic Republic of Sao Tome and Principe,215,Female,30-34 years,30,0,1
Democratic Republic of Sao Tome and Principe,215,Female,35-39 years,30,0,1
Democratic Republic of Sao Tome and Principe,215,Female,40-44 years,30,0,1
Democratic Republic of Sao Tome and Principe,215,Female,45-49 years,30,0,1
Democratic Republic of Sao Tome and Principe,215,Female,5-9 years,30,0,1
Democratic Republic of Sao Tome and Principe,215,Female,50-54 years,30,0,1
Democratic Republic of Sao Tome and Principe,215,Female,55-59 years,30,0,1
Democratic Republic of Sao Tome and Principe,215,Female,60-64 years,30,0,1
Democratic Republic of Sao Tome and Principe,215,Female,65-69 years,30,0,1
Democratic Republic of Sao Tome and Principe,215,Female,70-74 years,30,0,1
Democratic Republic of Sao Tome and Principe,215,Female,75-79 years,30,0,1
Democratic Republic of Sao Tome and Principe,215,Female,80-84 years,30,0,1
Democratic Republic of Sao Tome and Principe,215,Female,85-89 years,30,0,1
Democratic Republic of Sao Tome and Principe,215,Female,90-94 years,30,0,1
Democratic Republic of Sao Tome and Principe,215,Female,95+ years,30,0,1
Democratic Republic of Sao Tome and Principe,215,Female,<5 years,30,0,1
Democratic Republic of Timor-Leste,19,Female,10-14 years,30,0,1
Democratic Republic of Timor-Leste,19,Female,15-19 years,30,0,1
Democratic Republic of Timor-Leste,19,Female,20-24 years,30,0,1
Democratic Republic of Timor-Leste,19,Female,25-29 years,30,0,1
Democratic Republic of Timor-Leste,19,Female,30-34 years,30,0,1
Democratic Republic of Timor-Leste,19,Female,35-39 years,30,0,1
Democratic Republic of Timor-Leste,19,Female,40-44 years,30,0,1
Democratic Republic of Timor-Leste,19,Female,45-49 years,30,0,1
Democratic Republic of Timor-Leste,19,Female,5-9 years,30,0,1
Democratic Republic of Timor-Leste,19,Female,50-54 years,30,0,1
Democratic Republic of Timor-Leste,19,Female,55-59 years,30,0,1
Democratic Republic of Timor-Leste,19,Female,60-64 years,30,0,1
Democratic Republic of Timor-Leste,19,Female,65-69 years,30,0,1
Democratic Republic of Timor-Leste,19,Female,70-74 years,30,0,1
Democratic Republic of Timor-Leste,19,Female,75-79 years,30,0,1
Democratic Republic of Timor-Leste,19,Female,80-84 years,30,0,1
Democratic Republic of Timor-Leste,19,Female,85-89 years,30,0,1
Democratic Republic of Timor-Leste,19,Female,90-94 years,30,0,1
Democratic Republic of Timor-Leste,19,Female,95+ years,30,0,1
Democratic Republic of Timor-Leste,19,Female,<5 years,30,0,1
Democratic Republic of the Congo,171,Female,10-14 years,30,0,1
Democratic Republic of the Congo,171,Female,15-19 years,30,0,1
Democratic Republic of the Congo,171,Female,20-24 years,30,0,1
Democratic Republic of the Congo,171,Female,25-29 years,30,0,1
Democratic Republic of the Congo,171,Female,30-34 years,30,0,1
Democratic Republic of the Congo,171,Female,35-39 years,30,0,1
Democratic Republic of the Congo,171,Female,40-44 years,30,0,1
Democratic Republic of the Congo,171,Female,45-49 years,30,0,1
Democratic Republic of the Congo,171,Female,5-9 years,30,0,1
Democratic Republic of the Congo,171,Female,50-54 years,30,0,1
Democratic Republic of the Congo,171,Female,55-59 years,30,0,1
Democratic Republic of the Congo,171,Female,60-64 years,30,0,1
Democratic Republic of the Congo,171,Female,65-69 years,30,0,1
Democratic Republic of the Congo,171,Female,70-74 years,30,0,1
Democratic Republic of the Congo,171,Female,75-79 years,30,0,1
Democratic Republic of the Congo,171,Female,80-84 years,30,0,1
Democratic Republic of the Congo,171,Female,85-89 years,30,0,1
Democratic Republic of the Congo,171,Female,90-94 years,30,0,1
Democratic Republic of the Congo,171,Female,95+ years,30,0,1
Democratic Republic of the Congo,171,Female,<5 years,30,0,1
Democratic Socialist Republic of Sri Lanka,17,Female,10-14 years,30,0,1
Democratic Socialist Republic of Sri Lanka,17,Female,15-19 years,30,0,1
Democratic Socialist Republic of Sri Lanka,17,Female,20-24 years,30,0,1
Democratic Socialist Republic of Sri Lanka,17,Female,25-29 years,30,0,1
Democratic Socialist Republic of Sri Lanka,17,Female,30-34 years,30,0,1
Democratic Socialist Republic of Sri Lanka,17,Female,35-39 years,30,0,1
Democratic Socialist Republic of Sri Lanka,17,Female,40-44 years,30,0,1
Democratic Socialist Republic of Sri Lanka,17,Female,45-49 years,30,0,1
Democratic Socialist Republic of Sri Lanka,17,Female,5-9 years,30,0,1
Democratic Socialist Republic of Sri Lanka,17,Female,50-54 years,30,0,1
Democratic Socialist Republic of Sri Lanka,17,Female,55-59 years,30,0,1
Democratic Socialist Republic of Sri Lanka,17,Female,60-64 years,30,0,1
Democratic Socialist Republic of Sri Lanka,17,Female,65-69 years,30,0,1
Democratic Socialist Republic of Sri Lanka,17,Female,70-74 years,30,0,1
Democratic Socialist Republic of Sri Lanka,17,Female,75-79 years,30,0,1
Democratic Socialist Republic of Sri Lanka,17,Female,80-84 years,30,0,1
Democratic Socialist Republic of Sri Lanka,17,Female,85-89 years,30,0,1
Democratic Socialist Republic of Sri Lanka,17,Female,90-94 years,30,0,1
Democratic Socialist Republic of Sri Lanka,17,Female,95+ years,30,0,1
Democratic Socialist Republic of Sri Lanka,17,Female,<5 years,30,0,1
Dominican Republic,111,Female,10-14 years,30,0,1
Dominican Republic,111,Female,15-19 years,30,0,1
Dominican Republic,111,Female,20-24 years,30,0,1
Dominican Republic,111,Female,25-29 years,30,0,1
Dominican Republic,111,Female,30-34 years,30,0,1
Dominican Republic,111,Female,35-39 years,30,0,1
Dominican Republic,111,Female,40-44 years,30,0,1
Dominican Republic,111,Female,45-49 years,30,0,1
Dominican Republic,111,Female,5-9 years,30,0,1
Dominican Republic,111,Female,50-54 years,30,0,1
Dominican Republic,111,Female,55-59 years,30,0,1
Dominican Republic,111,Female,60-64 years,30,0,1
Dominican Republic,111,Female,65-69 years,30,0,1
Dominican Republic,111,Female,70-74 years,30,0,1
Dominican Republic,111,Female,75-79 years,30,0,1
Dominican Republic,111,Female,80-84 years,30,0,1
Dominican Republic,111,Female,85-89 years,30,0,1
Dominican Republic,111,Female,90-94 years,30,0,1
Dominican Republic,111,Female,95+ years,30,0,1
Dominican Republic,111,Female,<5 years,30,0,1
Eastern Republic of Uruguay,99,Female,10-14 years,30,0,1
Eastern Republic of Uruguay,99,Female,15-19 years,30,0,1
Eastern Republic of Uruguay,99,Female,20-24 years,30,0,1
Eastern Republic of Uruguay,99,Female,25-29 years,30,0,1
Eastern Republic of Uruguay,99,Female,30-34 years,30,0,1
Eastern Republic of Uruguay,99,Female,35-39 years,30,0,1
Eastern Republic of Uruguay,99,Female,40-44 years,30,0,1
Eastern Republic of Uruguay,99,Female,45-49 years,30,0,1
Eastern Republic of Uruguay,99,Female,5-9 years,30,0,1
Eastern Republic of Uruguay,99,Female,50-54 years,30,0,1
Eastern Republic of Uruguay,99,Female,55-59 years,30,0,1
Eastern Republic of Uruguay,99,Female,60-64 years,30,0,1
Eastern Republic of Uruguay,99,Female,65-69 years,30,0,1
Eastern Republic of Uruguay,99,Female,70-74 years,30,0,1
Eastern Republic of Uruguay,99,Female,75-79 years,30,0,1
Eastern Republic of Uruguay,99,Female,80-84 years,30,0,1
Eastern Republic of Uruguay,99,Female,85-89 years,30,0,1
Eastern Republic of Uruguay,99,Female,90-94 years,30,0,1
Eastern Republic of Uruguay,99,Female,95+ years,30,0,1
Eastern Republic of Uruguay,99,Female,<5 years,30,0,1
Federal Democratic Republic of Ethiopia,179,Female,10-14 years,30,0,1
Federal Democratic Republic of Ethiopia,179,Female,15-19 years,30,0,1
Federal Democratic Republic of Ethiopia,179,Female,20-24 years,30,0,1
Federal Democratic Republic of Ethiopia,179,Female,25-29 years,30,0,1
Federal Democratic Republic of Ethiopia,179,Female,30-34 years,30,0,1
Federal Democratic Republic of Ethiopia,179,Female,35-39 years,30,0,1
Federal Democratic Republic of Ethiopia,179,Female,40-44 years,30,0,1
Federal Democratic Republic of Ethiopia,179,Female,45-49 years,30,0,1
Federal Democratic Republic of Ethiopia,179,Female,5-9 years,30,0,1
Federal Democratic Republic of Ethiopia,179,Female,50-54 years,30,0,1
Federal Democratic Republic of Ethiopia,179,Female,55-59 years,30,0,1
Federal Democratic Republic of Ethiopia,179,Female,60-64 years,30,0,1
Federal Democratic Republic of Ethiopia,179,Female,65-69 years,30,0,1
Federal Democratic Republic of Ethiopia,179,Female,70-74 years,30,0,1
Federal Democratic Republic of Ethiopia,179,Female,75-79 years,30,0,1
Federal Democratic Republic of Ethiopia,179,Female,80-84 years,30,0,1
Federal Democratic Republic of Ethiopia,179,Female,85-89 years,30,0,1
Federal Democratic Republic of Ethiopia,179,Female,90-94 years,30,0,1
Federal Democratic Republic of Ethiopia,179,Female,95+ years,30,0,1
Federal Democratic Republic of Ethiopia,179,Female,<5 years,30,0,1
Federal Democratic Republic of Nepal,164,Female,10-14 years,30,0,1
Federal Democratic Republic of Nepal,164,Female,15-19 years,30,0,1
Federal Democratic Republic of Nepal,164,Female,20-24 years,30,0,1
Federal Democratic Republic of Nepal,164,Female,25-29 years,30,0,1
Federal Democratic Republic of Nepal,164,Female,30-34 years,30,0,1
Federal Democratic Republic of Nepal,164,Female,35-39 years,30,0,1
Federal Democratic Republic of Nepal,164,Female,40-44 years,30,0,1
Federal Democratic Republic of Nepal,164,Female,45-49 years,30,0,1
Federal Democratic Republic of Nepal,164,Female,5-9 years,30,0,1
Federal Democratic Republic of Nepal,164,Female,50-54 years,30,0,1
Federal Democratic Republic of Nepal,164,Female,55-59 years,30,0,1
Federal Democratic Republic of Nepal,164,Female,60-64 years,30,0,1
Federal Democratic Republic of Nepal,164,Female,65-69 years,30,0,1
Federal Democratic Republic of Nepal,164,Female,70-74 years,30,0,1
Federal Democratic Republic of Nepal,164,Female,75-79 years,30,0,1
Federal Democratic Republic of Nepal,164,Female,80-84 years,30,0,1
Federal Democratic Republic of Nepal,164,Female,85-89 years,30,0,1
Federal Democratic Republic of Nepal,164,Female,90-94 years,30,0,1
Federal Democratic Republic of Nepal,164,Female,95+ years,30,0,1
Federal Democratic Republic of Nepal,164,Female,<5 years,30,0,1
Federal Republic of Germany,81,Female,10-14 years,30,0,1
Federal Republic of Germany,81,Female,15-19 years,30,0,1
Federal Republic of Germany,81,Female,20-24 years,30,0,1
Federal Republic of Germany,81,Female,25-29 years,30,0,1
Federal Republic of Germany,81,Female,30-34 years,30,0,1
Federal Republic of Germany,81,Female,35-39 years,30,0,1
Federal Republic of Germany,81,Female,40-44 years,30,0,1
Federal Republic of Germany,81,Female,45-49 years,30,0,1
Federal Republic of Germany,81,Female,5-9 years,30,0,1
Federal Republic of Germany,81,Female,50-54 years,30,0,1
Federal Republic of Germany,81,Female,55-59 years,30,0,1
Federal Republic of Germany,81,Female,60-64 years,30,0,1
Federal Republic of Germany,81,Female,65-69 years,30,0,1
Federal Republic of Germany,81,Female,70-74 years,30,0,1
Federal Republic of Germany,81,Female,75-79 years,30,0,1
Federal Republic of Germany,81,Female,80-84 years,30,0,1
Federal Republic of Germany,81,Female,85-89 years,30,0,1
Federal Republic of Germany,81,Female,90-94 years,30,0,1
Federal Republic of Germany,81,Female,95+ years,30,0,1
Federal Republic of Germany,81,Female,<5 years,30,0,1
Federal Republic of Nigeria,214,Female,10-14 years,30,0,1
Federal Republic of Nigeria,214,Female,15-19 years,30,0,1
Federal Republic of Nigeria,214,Female,20-24 years,30,0,1
Federal Republic of Nigeria,214,Female,25-29 years,30,0,1
Federal Republic of Nigeria,214,Female,30-34 years,30,0,1
Federal Republic of Nigeria,214,Female,35-39 years,30,0,1
Federal Republic of Nigeria,214,Female,40-44 years,30,0,1
Federal Republic of Nigeria,214,Female,45-49 years,30,0,1
Federal Republic of Nigeria,214,Female,5-9 years,30,0,1
Federal Republic of Nigeria,214,Female,50-54 years,30,0,1
Federal Republic of Nigeria,214,Female,55-59 years,30,0,1
Federal Republic of Nigeria,214,Female,60-64 years,30,0,1
Federal Republic of Nigeria,214,Female,65-69 years,30,0,1
Federal Republic of Nigeria,214,Female,70-74 years,30,0,1
Federal Republic of Nigeria,214,Female,75-79 years,30,0,1
Federal Republic of Nigeria,214,Female,80-84 years,30,0,1
Federal Republic of Nigeria,214,Female,85-89 years,30,0,1
Federal Republic of Nigeria,214,Female,90-94 years,30,0,1
Federal Republic of Nigeria,214,Female,95+ years,30,0,1
Federal Republic of Nigeria,214,Female,<5 years,30,0,1
Federal Republic of Somalia,187,Female,10-14 years,30,0,1
Federal Republic of Somalia,187,Female,15-19 years,30,0,1
Federal Republic of Somalia,187,Female,20-24 years,30,0,1
Federal Republic of Somalia,187,Female,25-29 years,30,0,1
Federal Republic of Somalia,187,Female,30-34 years,30,0,1
Federal Republic of Somalia,187,Female,35-39 years,30,0,1
Federal Republic of Somalia,187,Female,40-44 years,30,0,1
Federal Republic of Somalia,187,Female,45-49 years,30,0,1
Federal Republic of Somalia,187,Female,5-9 years,30,0,1
Federal Republic of Somalia,187,Female,50-54 years,30,0,1
Federal Republic of Somalia,187,Female,55-59 years,30,0,1
Federal Republic of Somalia,187,Female,60-64 years,30,0,1
Federal Republic of Somalia,187,Female,65-69 years,30,0,1
Federal Republic of Somalia,187,Female,70-74 years,30,0,1
Federal Republic of Somalia,187,Female,75-79 years,30,0,1
Federal Republic of Somalia,187,Female,80-84 years,30,0,1
Federal Republic of Somalia,187,Female,85-89 years,30,0,1
Federal Republic of Somalia,187,Female,90-94 years,30,0,1
Federal Republic of Somalia,187,Female,95+ years,30,0,1
Federal Republic of Somalia,187,Female,<5 years,30,0,1
Federated States of Micronesia,25,Female,10-14 years,30,0,1
Federated States of Micronesia,25,Female,15-19 years,30,0,1
Federated States of Micronesia,25,Female,20-24 years,30,0,1
Federated States of Micronesia,25,Female,25-29 years,30,0,1
Federated States of Micronesia,25,Female,30-34 years,30,0,1
Federated States of Micronesia,25,Female,35-39 years,30,0,1
Federated States of Micronesia,25,Female,40-44 years,30,0,1
Federated States of Micronesia,25,Female,45-49 years,30,0,1
Federated States of Micronesia,25,Female,5-9 years,30,0,1
Federated States of Micronesia,25,Female,50-54 years,30,0,1
Federated States of Micronesia,25,Female,55-59 years,30,0,1
Federated States of Micronesia,25,Female,60-64 years,30,0,1
Federated States of Micronesia,25,Female,65-69 years,30,0,1
Federated States of Micronesia,25,Female,70-74 years,30,0,1
Federated States of Micronesia,25,Female,75-79 years,30,0,1
Federated States of Micronesia,25,Female,80-84 years,30,0,1
Federated States of Micronesia,25,Female,85-89 years,30,0,1
Federated States of Micronesia,25,Female,90-94 years,30,0,1
Federated States of Micronesia,25,Female,95+ years,30,0,1
Federated States of Micronesia,25,Female,<5 years,30,0,1
Federative Republic of Brazil,135,Female,10-14 years,30,0,1
Federative Republic of Brazil,135,Female,15-19 years,30,0,1
Federative Republic of Brazil,135,Female,20-24 years,30,0,1
Federative Republic of Brazil,135,Female,25-29 years,30,0,1
Federative Republic of Brazil,135,Female,30-34 years,30,0,1
Federative Republic of Brazil,135,Female,35-39 years,30,0,1
Federative Republic of Brazil,135,Female,40-44 years,30,0,1
Federative Republic of Brazil,135,Female,45-49 years,30,0,1
Federative Republic of Brazil,135,Female,5-9 years,30,0,1
Federative Republic of Brazil,135,Female,50-54 years,30,0,1
Federative Republic of Brazil,135,Female,55-59 years,30,0,1
Federative Republic of Brazil,135,Female,60-64 years,30,0,1
Federative Republic of Brazil,135,Female,65-69 years,30,0,1
Federative Republic of Brazil,135,Female,70-74 years,30,0,1
Federative Republic of Brazil,135,Female,75-79 years,30,0,1
Federative Republic of Brazil,135,Female,80-84 years,30,0,1
Federative Republic of Brazil,135,Female,85-89 years,30,0,1
Federative Republic of Brazil,135,Female,90-94 years,30,0,1
Federative Republic of Brazil,135,Female,95+ years,30,0,1
Federative Republic of Brazil,135,Female,<5 years,30,0,1
French Republic,80,Female,10-14 years,30,0,1
French Republic,80,Female,15-19 years,30,0,1
French Republic,80,Female,20-24 years,30,0,1
French Republic,80,Female,25-29 years,30,0,1
French Republic,80,Female,30-34 years,30,0,1
French Republic,80,Female,35-39 years,30,0,1
French Republic,80,Female,40-44 years,30,0,1
French Republic,80,Female,45-49 years,30,0,1
French Republic,80,Female,5-9 years,30,0,1
French Republic,80,Female,50-54 years,30,0,1
French Republic,80,Female,55-59 years,30,0,1
French Republic,80,Female,60-64 years,30,0,1
French Republic,80,Female,65-69 years,30,0,1
French Republic,80,Female,70-74 years,30,0,1
French Republic,80,Female,75-79 years,30,0,1
French Republic,80,Female,80-84 years,30,0,1
French Republic,80,Female,85-89 years,30,0,1
French Republic,80,Female,90-94 years,30,0,1
French Republic,80,Female,95+ years,30,0,1
French Republic,80,Female,<5 years,30,0,1
Gabonese Republic,173,Female,10-14 years,30,0,1
Gabonese Republic,173,Female,15-19 years,30,0,1
Gabonese Republic,173,Female,20-24 years,30,0,1
Gabonese Republic,173,Female,25-29 years,30,0,1
Gabonese Republic,173,Female,30-34 years,30,0,1
Gabonese Republic,173,Female,35-39 years,30,0,1
Gabonese Republic,173,Female,40-44 years,30,0,1
Gabonese Republic,173,Female,45-49 years,30,0,1
Gabonese Republic,173,Female,5-9 years,30,0,1
Gabonese Republic,173,Female,50-54 years,30,0,1
Gabonese Republic,173,Female,55-59 years,30,0,1
Gabonese Republic,173,Female,60-64 years,30,0,1
Gabonese Republic,173,Female,65-69 years,30,0,1
Gabonese Republic,173,Female,70-74 years,30,0,1
Gabonese Republic,173,Female,75-79 years,30,0,1
Gabonese Republic,173,Female,80-84 years,30,0,1
Gabonese Republic,173,Female,85-89 years,30,0,1
Gabonese Republic,173,Female,90-94 years,30,0,1
Gabonese Republic,173,Female,95+ years,30,0,1
Gabonese Republic,173,Female,<5 years,30,0,1
Georgia,35,Female,10-14 years,30,0,1
Georgia,35,Female,15-19 years,30,0,1
Georgia,35,Female,20-24 years,30,0,1
Georgia,35,Female,25-29 years,30,0,1
Georgia,35,Female,30-34 years,30,0,1
Georgia,35,Female,35-39 years,30,0,1
Georgia,35,Female,40-44 years,30,0,1
Georgia,35,Female,45-49 years,30,0,1
Georgia,35,Female,5-9 years,30,0,1
Georgia,35,Female,50-54 years,30,0,1
Georgia,35,Female,55-59 years,30,0,1
Georgia,35,Female,60-64 years,30,0,1
Georgia,35,Female,65-69 years,30,0,1
Georgia,35,Female,70-74 years,30,0,1
Georgia,35,Female,75-79 years,30,0,1
Georgia,35,Female,80-84 years,30,0,1
Georgia,35,Female,85-89 years,30,0,1
Georgia,35,Female,90-94 years,30,0,1
Georgia,35,Female,95+ years,30,0,1
Georgia,35,Female,<5 years,30,0,1
Grand Duchy of Luxembourg,87,Female,10-14 years,30,0,1
Grand Duchy of Luxembourg,87,Female,15-19 years,30,0,1
Grand Duchy of Luxembourg,87,Female,20-24 years,30,0,1
Grand Duchy of Luxembourg,87,Female,25-29 years,30,0,1
Grand Duchy of Luxembourg,87,Female,30-34 years,30,0,1
Grand Duchy of Luxembourg,87,Female,35-39 years,30,0,1
Grand Duchy of Luxembourg,87,Female,40-44 years,30,0,1
Grand Duchy of Luxembourg,87,Female,45-49 years,30,0,1
Grand Duchy of Luxembourg,87,Female,5-9 years,30,0,1
Grand Duchy of Luxembourg,87,Female,50-54 years,30,0,1
Grand Duchy of Luxembourg,87,Female,55-59 years,30,0,1
Grand Duchy of Luxembourg,87,Female,60-64 years,30,0,1
Grand Duchy of Luxembourg,87,Female,65-69 years,30,0,1
Grand Duchy of Luxembourg,87,Female,70-74 years,30,0,1
Grand Duchy of Luxembourg,87,Female,75-79 years,30,0,1
Grand Duchy of Luxembourg,87,Female,80-84 years,30,0,1
Grand Duchy of Luxembourg,87,Female,85-89 years,30,0,1
Grand Duchy of Luxembourg,87,Female,90-94 years,30,0,1
Grand Duchy of Luxembourg,87,Female,95+ years,30,0,1
Grand Duchy of Luxembourg,87,Female,<5 years,30,0,1
Greenland,349,Female,10-14 years,30,0,1
Greenland,349,Female,15-19 years,30,0,1
Greenland,349,Female,20-24 years,30,0,1
Greenland,349,Female,25-29 years,30,0,1
Greenland,349,Female,30-34 years,30,0,1
Greenland,349,Female,35-39 years,30,0,1
Greenland,349,Female,40-44 years,30,0,1
Greenland,349,Female,45-49 years,30,0,1
Greenland,349,Female,5-9 years,30,0,1
Greenland,349,Female,50-54 years,30,0,1
Greenland,349,Female,55-59 years,30,0,1
Greenland,349,Female,60-64 years,30,0,1
Greenland,349,Female,65-69 years,30,0,1
Greenland,349,Female,70-74 years,30,0,1
Greenland,349,Female,75-79 years,30,0,1
Greenland,349,Female,80-84 years,30,0,1
Greenland,349,Female,85-89 years,30,0,1
Greenland,349,Female,90-94 years,30,0,1
Greenland,349,Female,95+ years,30,0,1
Greenland,349,Female,<5 years,30,0,1
Grenada,112,Female,10-14 years,30,0,1
Grenada,112,Female,15-19 years,30,0,1
Grenada,112,Female,20-24 years,30,0,1
Grenada,112,Female,25-29 years,30,0,1
Grenada,112,Female,30-34 years,30,0,1
Grenada,112,Female,35-39 years,30,0,1
Grenada,112,Female,40-44 years,30,0,1
Grenada,112,Female,45-49 years,30,0,1
Grenada,112,Female,5-9 years,30,0,1
Grenada,112,Female,50-54 years,30,0,1
Grenada,112,Female,55-59 years,30,0,1
Grenada,112,Female,60-64 years,30,0,1
Grenada,112,Female,65-69 years,30,0,1
Grenada,112,Female,70-74 years,30,0,1
Grenada,112,Female,75-79 years,30,0,1
Grenada,112,Female,80-84 years,30,0,1
Grenada,112,Female,85-89 years,30,0,1
Grenada,112,Female,90-94 years,30,0,1
Grenada,112,Female,95+ years,30,0,1
Grenada,112,Female,<5 years,30,0,1
Guam,351,Female,10-14 years,30,0,1
Guam,351,Female,15-19 years,30,0,1
Guam,351,Female,20-24 years,30,0,1
Guam,351,Female,25-29 years,30,0,1
Guam,351,Female,30-34 years,30,0,1
Guam,351,Female,35-39 years,30,0,1
Guam,351,Female,40-44 years,30,0,1
Guam,351,Female,45-49 years,30,0,1
Guam,351,Female,5-9 years,30,0,1
Guam,351,Female,50-54 years,30,0,1
Guam,351,Female,55-59 years,30,0,1
Guam,351,Female,60-64 years,30,0,1
Guam,351,Female,65-69 years,30,0,1
Guam,351,Female,70-74 years,30,0,1
Guam,351,Female,75-79 years,30,0,1
Guam,351,Female,80-84 years,30,0,1
Guam,351,Female,85-89 years,30,0,1
Guam,351,Female,90-94 years,30,0,1
Guam,351,Female,95+ years,30,0,1
Guam,351,Female,<5 years,30,0,1
Hashemite Kingdom of Jordan,144,Female,10-14 years,30,0,1
Hashemite Kingdom of Jordan,144,Female,15-19 years,30,0,1
Hashemite Kingdom of Jordan,144,Female,20-24 years,30,0,1
Hashemite Kingdom of Jordan,144,Female,25-29 years,30,0,1
Hashemite Kingdom of Jordan,144,Female,30-34 years,30,0,1
Hashemite Kingdom of Jordan,144,Female,35-39 years,30,0,1
Hashemite Kingdom of Jordan,144,Female,40-44 years,30,0,1
Hashemite Kingdom of Jordan,144,Female,45-49 years,30,0,1
Hashemite Kingdom of Jordan,144,Female,5-9 years,30,0,1
Hashemite Kingdom of Jordan,144,Female,50-54 years,30,0,1
Hashemite Kingdom of Jordan,144,Female,55-59 years,30,0,1
Hashemite Kingdom of Jordan,144,Female,60-64 years,30,0,1
Hashemite Kingdom of Jordan,144,Female,65-69 years,30,0,1
Hashemite Kingdom of Jordan,144,Female,70-74 years,30,0,1
Hashemite Kingdom of Jordan,144,Female,75-79 years,30,0,1
Hashemite Kingdom of Jordan,144,Female,80-84 years,30,0,1
Hashemite Kingdom of Jordan,144,Female,85-89 years,30,0,1
Hashemite Kingdom of Jordan,144,Female,90-94 years,30,0,1
Hashemite Kingdom of Jordan,144,Female,95+ years,30,0,1
Hashemite Kingdom of Jordan,144,Female,<5 years,30,0,1
Hellenic Republic,82,Female,10-14 years,30,0,1
Hellenic Republic,82,Female,15-19 years,30,0,1
Hellenic Republic,82,Female,20-24 years,30,0,1
Hellenic Republic,82,Female,25-29 years,30,0,1
Hellenic Republic,82,Female,30-34 years,30,0,1
Hellenic Republic,82,Female,35-39 years,30,0,1
Hellenic Republic,82,Female,40-44 years,30,0,1
Hellenic Republic,82,Female,45-49 years,30,0,1
Hellenic Republic,82,Female,5-9 years,30,0,1
Hellenic Republic,82,Female,50-54 years,30,0,1
Hellenic Republic,82,Female,55-59 years,30,0,1
Hellenic Republic,82,Female,60-64 years,30,0,1
Hellenic Republic,82,Female,65-69 years,30,0,1
Hellenic Republic,82,Female,70-74 years,30,0,1
Hellenic Republic,82,Female,75-79 years,30,0,1
Hellenic Republic,82,Female,80-84 years,30,0,1
Hellenic Republic,82,Female,85-89 years,30,0,1
Hellenic Republic,82,Female,90-94 years,30,0,1
Hellenic Republic,82,Female,95+ years,30,0,1
Hellenic Republic,82,Female,<5 years,30,0,1
Hungary,48,Female,10-14 years,30,0,1
Hungary,48,Female,15-19 years,30,0,1
Hungary,48,Female,20-24 years,30,0,1
Hungary,48,Female,25-29 years,30,0,1
Hungary,48,Female,30-34 years,30,0,1
Hungary,48,Female,35-39 years,30,0,1
Hungary,48,Female,40-44 years,30,0,1
Hungary,48,Female,45-49 years,30,0,1
Hungary,48,Female,5-9 years,30,0,1
Hungary,48,Female,50-54 years,30,0,1
Hungary,48,Female,55-59 years,30,0,1
Hungary,48,Female,60-64 years,30,0,1
Hungary,48,Female,65-69 years,30,0,1
Hungary,48,Female,70-74 years,30,0,1
Hungary,48,Female,75-79 years,30,0,1
Hungary,48,Female,80-84 years,30,0,1
Hungary,48,Female,85-89 years,30,0,1
Hungary,48,Female,90-94 years,30,0,1
Hungary,48,Female,95+ years,30,0,1
Hungary,48,Female,<5 years,30,0,1
Independent State of Papua New Guinea,26,Female,10-14 years,30,0,1
Independent State of Papua New Guinea,26,Female,15-19 years,30,0,1
Independent State of Papua New Guinea,26,Female,20-24 years,30,0,1
Independent State of Papua New Guinea,26,Female,25-29 years,30,0,1
Independent State of Papua New Guinea,26,Female,30-34 years,30,0,1
Independent State of Papua New Guinea,26,Female,35-39 years,30,0,1
Independent State of Papua New Guinea,26,Female,40-44 years,30,0,1
Independent State of Papua New Guinea,26,Female,45-49 years,30,0,1
Independent State of Papua New Guinea,26,Female,5-9 years,30,0,1
Independent State of Papua New Guinea,26,Female,50-54 years,30,0,1
Independent State of Papua New Guinea,26,Female,55-59 years,30,0,1
Independent State of Papua New Guinea,26,Female,60-64 years,30,0,1
Independent State of Papua New Guinea,26,Female,65-69 years,30,0,1
Independent State of Papua New Guinea,26,Female,70-74 years,30,0,1
Independent State of Papua New Guinea,26,Female,75-79 years,30,0,1
Independent State of Papua New Guinea,26,Female,80-84 years,30,0,1
Independent State of Papua New Guinea,26,Female,85-89 years,30,0,1
Independent State of Papua New Guinea,26,Female,90-94 years,30,0,1
Independent State of Papua New Guinea,26,Female,95+ years,30,0,1
Independent State of Papua New Guinea,26,Female,<5 years,30,0,1
Independent State of Samoa,27,Female,10-14 years,30,0,1
Independent State of Samoa,27,Female,15-19 years,30,0,1
Independent State of Samoa,27,Female,20-24 years,30,0,1
Independent State of Samoa,27,Female,25-29 years,30,0,1
Independent State of Samoa,27,Female,30-34 years,30,0,1
Independent State of Samoa,27,Female,35-39 years,30,0,1
Independent State of Samoa,27,Female,40-44 years,30,0,1
Independent State of Samoa,27,Female,45-49 years,30,0,1
Independent State of Samoa,27,Female,5-9 years,30,0,1
Independent State of Samoa,27,Female,50-54 years,30,0,1
Independent State of Samoa,27,Female,55-59 years,30,0,1
Independent State of Samoa,27,Female,60-64 years,30,0,1
Independent State of Samoa,27,Female,65-69 years,30,0,1
Independent State of Samoa,27,Female,70-74 years,30,0,1
Independent State of Samoa,27,Female,75-79 years,30,0,1
Independent State of Samoa,27,Female,80-84 years,30,0,1
Independent State of Samoa,27,Female,85-89 years,30,0,1
Independent State of Samoa,27,Female,90-94 years,30,0,1
Independent State of Samoa,27,Female,95+ years,30,0,1
Independent State of Samoa,27,Female,<5 years,30,0,1
Ireland,84,Female,10-14 years,30,0,1
Ireland,84,Female,15-19 years,30,0,1
Ireland,84,Female,20-24 years,30,0,1
Ireland,84,Female,25-29 years,30,0,1
Ireland,84,Female,30-34 years,30,0,1
Ireland,84,Female,35-39 years,30,0,1
Ireland,84,Female,40-44 years,30,0,1
Ireland,84,Female,45-49 years,30,0,1
Ireland,84,Female,5-9 years,30,0,1
Ireland,84,Female,50-54 years,30,0,1
Ireland,84,Female,55-59 years,30,0,1
Ireland,84,Female,60-64 years,30,0,1
Ireland,84,Female,65-69 years,30,0,1
Ireland,84,Female,70-74 years,30,0,1
Ireland,84,Female,75-79 years,30,0,1
Ireland,84,Female,80-84 years,30,0,1
Ireland,84,Female,85-89 years,30,0,1
Ireland,84,Female,90-94 years,30,0,1
Ireland,84,Female,95+ years,30,0,1
Ireland,84,Female,<5 years,30,0,1
Islamic Republic of Afghanistan,160,Female,10-14 years,30,0,1
Islamic Republic of Afghanistan,160,Female,15-19 years,30,0,1
Islamic Republic of Afghanistan,160,Female,20-24 years,30,0,1
Islamic Republic of Afghanistan,160,Female,25-29 years,30,0,1
Islamic Republic of Afghanistan,160,Female,30-34 years,30,0,1
Islamic Republic of Afghanistan,160,Female,35-39 years,30,0,1
Islamic Republic of Afghanistan,160,Female,40-44 years,30,0,1
Islamic Republic of Afghanistan,160,Female,45-49 years,30,0,1
Islamic Republic of Afghanistan,160,Female,5-9 years,30,0,1
Islamic Republic of Afghanistan,160,Female,50-54 years,30,0,1
Islamic Republic of Afghanistan,160,Female,55-59 years,30,0,1
Islamic Republic of Afghanistan,160,Female,60-64 years,30,0,1
Islamic Republic of Afghanistan,160,Female,65-69 years,30,0,1
Islamic Republic of Afghanistan,160,Female,70-74 years,30,0,1
Islamic Republic of Afghanistan,160,Female,75-79 years,30,0,1
Islamic Republic of Afghanistan,160,Female,80-84 years,30,0,1
Islamic Republic of Afghanistan,160,Female,85-89 years,30,0,1
Islamic Republic of Afghanistan,160,Female,90-94 years,30,0,1
Islamic Republic of Afghanistan,160,Female,95+ years,30,0,1
Islamic Republic of Afghanistan,160,Female,<5 years,30,0,1
Islamic Republic of Iran,142,Female,10-14 years,30,0,1
Islamic Republic of Iran,142,Female,15-19 years,30,0,1
Islamic Republic of Iran,142,Female,20-24 years,30,0,1
Islamic Republic of Iran,142,Female,25-29 years,30,0,1
Islamic Republic of Iran,142,Female,30-34 years,30,0,1
Islamic Republic of Iran,142,Female,35-39 years,30,0,1
Islamic Republic of Iran,142,Female,40-44 years,30,0,1
Islamic Republic of Iran,142,Female,45-49 years,30,0,1
Islamic Republic of Iran,142,Female,5-9 years,30,0,1
Islamic Republic of Iran,142,Female,50-54 years,30,0,1
Islamic Republic of Iran,142,Female,55-59 years,30,0,1
Islamic Republic of Iran,142,Female,60-64 years,30,0,1
Islamic Republic of Iran,142,Female,65-69 years,30,0,1
Islamic Republic of Iran,142,Female,70-74 years,30,0,1
Islamic Republic of Iran,142,Female,75-79 years,30,0,1
Islamic Republic of Iran,142,Female,80-84 years,30,0,1
Islamic Republic of Iran,142,Female,85-89 years,30,0,1
Islamic Republic of Iran,142,Female,90-94 years,30,0,1
Islamic Republic of Iran,142,Female,95+ years,30,0,1
Islamic Republic of Iran,142,Female,<5 years,30,0,1
Islamic Republic of Mauritania,212,Female,10-14 years,30,0,1
Islamic Republic of Mauritania,212,Female,15-19 years,30,0,1
Islamic Republic of Mauritania,212,Female,20-24 years,30,0,1
Islamic Republic of Mauritania,212,Female,25-29 years,30,0,1
Islamic Republic of Mauritania,212,Female,30-34 years,30,0,1
Islamic Republic of Mauritania,212,Female,35-39 years,30,0,1
Islamic Republic of Mauritania,212,Female,40-44 years,30,0,1
Islamic Republic of Mauritania,212,Female,45-49 years,30,0,1
Islamic Republic of Mauritania,212,Female,5-9 years,30,0,1
Islamic Republic of Mauritania,212,Female,50-54 years,30,0,1
Islamic Republic of Mauritania,212,Female,55-59 years,30,0,1
Islamic Republic of Mauritania,212,Female,60-64 years,30,0,1
Islamic Republic of Mauritania,212,Female,65-69 years,30,0,1
Islamic Republic of Mauritania,212,Female,70-74 years,30,0,1
Islamic Republic of Mauritania,212,Female,75-79 years,30,0,1
Islamic Republic of Mauritania,212,Female,80-84 years,30,0,1
Islamic Republic of Mauritania,212,Female,85-89 years,30,0,1
Islamic Republic of Mauritania,212,Female,90-94 years,30,0,1
Islamic Republic of Mauritania,212,Female,95+ years,30,0,1
Islamic Republic of Mauritania,212,Female,<5 years,30,0,1
Islamic Republic of Pakistan,165,Female,10-14 years,30,0,1
Islamic Republic of Pakistan,165,Female,15-19 years,30,0,1
Islamic Republic of Pakistan,165,Female,20-24 years,30,0,1
Islamic Republic of Pakistan,165,Female,25-29 years,30,0,1
Islamic Republic of Pakistan,165,Female,30-34 years,30,0,1
Islamic Republic of Pakistan,165,Female,35-39 years,30,0,1
Islamic Republic of Pakistan,165,Female,40-44 years,30,0,1
Islamic Republic of Pakistan,165,Female,45-49 years,30,0,1
Islamic Republic of Pakistan,165,Female,5-9 years,30,0,1
Islamic Republic of Pakistan,165,Female,50-54 years,30,0,1
Islamic Republic of Pakistan,165,Female,55-59 years,30,0,1
Islamic Republic of Pakistan,165,Female,60-64 years,30,0,1
Islamic Republic of Pakistan,165,Female,65-69 years,30,0,1
Islamic Republic of Pakistan,165,Female,70-74 years,30,0,1
Islamic Republic of Pakistan,165,Female,75-79 years,30,0,1
Islamic Republic of Pakistan,165,Female,80-84 years,30,0,1
Islamic Republic of Pakistan,165,Female,85-89 years,30,0,1
Islamic Republic of Pakistan,165,Female,90-94 years,30,0,1
Islamic Republic of Pakistan,165,Female,95+ years,30,0,1
Islamic Republic of Pakistan,165,Female,<5 years,30,0,1
Jamaica,115,Female,10-14 years,30,0,1
Jamaica,115,Female,15-19 years,30,0,1
Jamaica,115,Female,20-24 years,30,0,1
Jamaica,115,Female,25-29 years,30,0,1
Jamaica,115,Female,30-34 years,30,0,1
Jamaica,115,Female,35-39 years,30,0,1
Jamaica,115,Female,40-44 years,30,0,1
Jamaica,115,Female,45-49 years,30,0,1
Jamaica,115,Female,5-9 years,30,0,1
Jamaica,115,Female,50-54 years,30,0,1
Jamaica,115,Female,55-59 years,30,0,1
Jamaica,115,Female,60-64 years,30,0,1
Jamaica,115,Female,65-69 years,30,0,1
Jamaica,115,Female,70-74 years,30,0,1
Jamaica,115,Female,75-79 years,30,0,1
Jamaica,115,Female,80-84 years,30,0,1
Jamaica,115,Female,85-89 years,30,0,1
Jamaica,115,Female,90-94 years,30,0,1
Jamaica,115,Female,95+ years,30,0,1
Jamaica,115,Female,<5 years,30,0,1
Japan,67,Female,10-14 years,30,0,1
Japan,67,Female,15-19 years,30,0,1
Japan,67,Female,20-24 years,30,0,1
Japan,67,Female,25-29 years,30,0,1
Japan,67,Female,30-34 years,30,0,1
Japan,67,Female,35-39 years,30,0,1
Japan,67,Female,40-44 years,30,0,1
Japan,67,Female,45-49 years,30,0,1
Japan,67,Female,5-9 years,30,0,1
Japan,67,Female,50-54 years,30,0,1
Japan,67,Female,55-59 years,30,0,1
Japan,67,Female,60-64 years,30,0,1
Japan,67,Female,65-69 years,30,0,1
Japan,67,Female,70-74 years,30,0,1
Japan,67,Female,75-79 years,30,0,1
Japan,67,Female,80-84 years,30,0,1
Japan,67,Female,85-89 years,30,0,1
Japan,67,Female,90-94 years,30,0,1
Japan,67,Female,95+ years,30,0,1
Japan,67,Female,<5 years,30,0,1
Kingdom of Bahrain,140,Female,10-14 years,30,0,1
Kingdom of Bahrain,140,Female,15-19 years,30,0,1
Kingdom of Bahrain,140,Female,20-24 years,30,0,1
Kingdom of Bahrain,140,Female,25-29 years,30,0,1
Kingdom of Bahrain,140,Female,30-34 years,30,0,1
Kingdom of Bahrain,140,Female,35-39 years,30,0,1
Kingdom of Bahrain,140,Female,40-44 years,30,0,1
Kingdom of Bahrain,140,Female,45-49 years,30,0,1
Kingdom of Bahrain,140,Female,5-9 years,30,0,1
Kingdom of Bahrain,140,Female,50-54 years,30,0,1
Kingdom of Bahrain,140,Female,55-59 years,30,0,1
Kingdom of Bahrain,140,Female,60-64 years,30,0,1
Kingdom of Bahrain,140,Female,65-69 years,30,0,1
Kingdom of Bahrain,140,Female,70-74 years,30,0,1
Kingdom of Bahrain,140,Female,75-79 years,30,0,1
Kingdom of Bahrain,140,Female,80-84 years,30,0,1
Kingdom of Bahrain,140,Female,85-89 years,30,0,1
Kingdom of Bahrain,140,Female,90-94 years,30,0,1
Kingdom of Bahrain,140,Female,95+ years,30,0,1
Kingdom of Bahrain,140,Female,<5 years,30,0,1
Kingdom of Belgium,76,Female,10-14 years,30,0,1
Kingdom of Belgium,76,Female,15-19 years,30,0,1
Kingdom of Belgium,76,Female,20-24 years,30,0,1
Kingdom of Belgium,76,Female,25-29 years,30,0,1
Kingdom of Belgium,76,Female,30-34 years,30,0,1
Kingdom of Belgium,76,Female,35-39 years,30,0,1
Kingdom of Belgium,76,Female,40-44 years,30,0,1
Kingdom of Belgium,76,Female,45-49 years,30,0,1
Kingdom of Belgium,76,Female,5-9 years,30,0,1
Kingdom of Belgium,76,Female,50-54 years,30,0,1
Kingdom of Belgium,76,Female,55-59 years,30,0,1
Kingdom of Belgium,76,Female,60-64 years,30,0,1
Kingdom of Belgium,76,Female,65-69 years,30,0,1
Kingdom of Belgium,76,Female,70-74 years,30,0,1
Kingdom of Belgium,76,Female,75-79 years,30,0,1
Kingdom of Belgium,76,Female,80-84 years,30,0,1
Kingdom of Belgium,76,Female,85-89 years,30,0,1
Kingdom of Belgium,76,Female,90-94 years,30,0,1
Kingdom of Belgium,76,Female,95+ years,30,0,1
Kingdom of Belgium,76,Female,<5 years,30,0,1
Kingdom of Bhutan,162,Female,10-14 years,30,0,1
Kingdom of Bhutan,162,Female,15-19 years,30,0,1
Kingdom of Bhutan,162,Female,20-24 years,30,0,1
Kingdom of Bhutan,162,Female,25-29 years,30,0,1
Kingdom of Bhutan,162,Female,30-34 years,30,0,1
Kingdom of Bhutan,162,Female,35-39 years,30,0,1
Kingdom of Bhutan,162,Female,40-44 years,30,0,1
Kingdom of Bhutan,162,Female,45-49 years,30,0,1
Kingdom of Bhutan,162,Female,5-9 years,30,0,1
Kingdom of Bhutan,162,Female,50-54 years,30,0,1
Kingdom of Bhutan,162,Female,55-59 years,30,0,1
Kingdom of Bhutan,162,Female,60-64 years,30,0,1
Kingdom of Bhutan,162,Female,65-69 years,30,0,1
Kingdom of Bhutan,162,Female,70-74 years,30,0,1
Kingdom of Bhutan,162,Female,75-79 years,30,0,1
Kingdom of Bhutan,162,Female,80-84 years,30,0,1
Kingdom of Bhutan,162,Female,85-89 years,30,0,1
Kingdom of Bhutan,162,Female,90-94 years,30,0,1
Kingdom of Bhutan,162,Female,95+ years,30,0,1
Kingdom of Bhutan,162,Female,<5 years,30,0,1
Kingdom of Cambodia,10,Female,10-14 years,30,0,1
Kingdom of Cambodia,10,Female,15-19 years,30,0,1
Kingdom of Cambodia,10,Female,20-24 years,30,0,1
Kingdom of Cambodia,10,Female,25-29 years,30,0,1
Kingdom of Cambodia,10,Female,30-34 years,30,0,1
Kingdom of Cambodia,10,Female,35-39 years,30,0,1
Kingdom of Cambodia,10,Female,40-44 years,30,0,1
Kingdom of Cambodia,10,Female,45-49 years,30,0,1
Kingdom of Cambodia,10,Female,5-9 years,30,0,1
Kingdom of Cambodia,10,Female,50-54 years,30,0,1
Kingdom of Cambodia,10,Female,55-59 years,30,0,1
Kingdom of Cambodia,10,Female,60-64 years,30,0,1
Kingdom of Cambodia,10,Female,65-69 years,30,0,1
Kingdom of Cambodia,10,Female,70-74 years,30,0,1
Kingdom of Cambodia,10,Female,75-79 years,30,0,1
Kingdom of Cambodia,10,Female,80-84 years,30,0,1
Kingdom of Cambodia,10,Female,85-89 years,30,0,1
Kingdom of Cambodia,10,Female,90-94 years,30,0,1
Kingdom of Cambodia,10,Female,95+ years,30,0,1
Kingdom of Cambodia,10,Female,<5 years,30,0,1
Kingdom of Denmark,78,Female,10-14 years,30,0,1
Kingdom of Denmark,78,Female,15-19 years,30,0,1
Kingdom of Denmark,78,Female,20-24 years,30,0,1
Kingdom of Denmark,78,Female,25-29 years,30,0,1
Kingdom of Denmark,78,Female,30-34 years,30,0,1
Kingdom of Denmark,78,Female,35-39 years,30,0,1
Kingdom of Denmark,78,Female,40-44 years,30,0,1
Kingdom of Denmark,78,Female,45-49 years,30,0,1
Kingdom of Denmark,78,Female,5-9 years,30,0,1
Kingdom of Denmark,78,Female,50-54 years,30,0,1
Kingdom of Denmark,78,Female,55-59 years,30,0,1
Kingdom of Denmark,78,Female,60-64 years,30,0,1
Kingdom of Denmark,78,Female,65-69 years,30,0,1
Kingdom of Denmark,78,Female,70-74 years,30,0,1
Kingdom of Denmark,78,Female,75-79 years,30,0,1
Kingdom of Denmark,78,Female,80-84 years,30,0,1
Kingdom of Denmark,78,Female,85-89 years,30,0,1
Kingdom of Denmark,78,Female,90-94 years,30,0,1
Kingdom of Denmark,78,Female,95+ years,30,0,1
Kingdom of Denmark,78,Female,<5 years,30,0,1
Kingdom of Eswatini,197,Female,10-14 years,30,0,1
Kingdom of Eswatini,197,Female,15-19 years,30,0,1
Kingdom of Eswatini,197,Female,20-24 years,30,0,1
Kingdom of Eswatini,197,Female,25-29 years,30,0,1
Kingdom of Eswatini,197,Female,30-34 years,30,0,1
Kingdom of Eswatini,197,Female,35-39 years,30,0,1
Kingdom of Eswatini,197,Female,40-44 years,30,0,1
Kingdom of Eswatini,197,Female,45-49 years,30,0,1
Kingdom of Eswatini,197,Female,5-9 years,30,0,1
Kingdom of Eswatini,197,Female,50-54 years,30,0,1
Kingdom of Eswatini,197,Female,55-59 years,30,0,1
Kingdom of Eswatini,197,Female,60-64 years,30,0,1
Kingdom of Eswatini,197,Female,65-69 years,30,0,1
Kingdom of Eswatini,197,Female,70-74 years,30,0,1
Kingdom of Eswatini,197,Female,75-79 years,30,0,1
Kingdom of Eswatini,197,Female,80-84 years,30,0,1
Kingdom of Eswatini,197,Female,85-89 years,30,0,1
Kingdom of Eswatini,197,Female,90-94 years,30,0,1
Kingdom of Eswatini,197,Female,95+ years,30,0,1
Kingdom of Eswatini,197,Female,<5 years,30,0,1
Kingdom of Lesotho,194,Female,10-14 years,30,0,1
Kingdom of Lesotho,194,Female,15-19 years,30,0,1
Kingdom of Lesotho,194,Female,20-24 years,30,0,1
Kingdom of Lesotho,194,Female,25-29 years,30,0,1
Kingdom of Lesotho,194,Female,30-34 years,30,0,1
Kingdom of Lesotho,194,Female,35-39 years,30,0,1
Kingdom of Lesotho,194,Female,40-44 years,30,0,1
Kingdom of Lesotho,194,Female,45-49 years,30,0,1
Kingdom of Lesotho,194,Female,5-9 years,30,0,1
Kingdom of Lesotho,194,Female,50-54 years,30,0,1
Kingdom of Lesotho,194,Female,55-59 years,30,0,1
Kingdom of Lesotho,194,Female,60-64 years,30,0,1
Kingdom of Lesotho,194,Female,65-69 years,30,0,1
Kingdom of Lesotho,194,Female,70-74 years,30,0,1
Kingdom of Lesotho,194,Female,75-79 years,30,0,1
Kingdom of Lesotho,194,Female,80-84 years,30,0,1
Kingdom of Lesotho,194,Female,85-89 years,30,0,1
Kingdom of Lesotho,194,Female,90-94 years,30,0,1
Kingdom of Lesotho,194,Female,95+ years,30,0,1
Kingdom of Lesotho,194,Female,<5 years,30,0,1
Kingdom of Morocco,148,Female,10-14 years,30,0,1
Kingdom of Morocco,148,Female,15-19 years,30,0,1
Kingdom of Morocco,148,Female,20-24 years,30,0,1
Kingdom of Morocco,148,Female,25-29 years,30,0,1
Kingdom of Morocco,148,Female,30-34 years,30,0,1
Kingdom of Morocco,148,Female,35-39 years,30,0,1
Kingdom of Morocco,148,Female,40-44 years,30,0,1
Kingdom of Morocco,148,Female,45-49 years,30,0,1
Kingdom of Morocco,148,Female,5-9 years,30,0,1
Kingdom of Morocco,148,Female,50-54 years,30,0,1
Kingdom of Morocco,148,Female,55-59 years,30,0,1
Kingdom of Morocco,148,Female,60-64 years,30,0,1
Kingdom of Morocco,148,Female,65-69 years,30,0,1
Kingdom of Morocco,148,Female,70-74 years,30,0,1
Kingdom of Morocco,148,Female,75-79 years,30,0,1
Kingdom of Morocco,148,Female,80-84 years,30,0,1
Kingdom of Morocco,148,Female,85-89 years,30,0,1
Kingdom of Morocco,148,Female,90-94 years,30,0,1
Kingdom of Morocco,148,Female,95+ years,30,0,1
Kingdom of Morocco,148,Female,<5 years,30,0,1
Kingdom of Norway,90,Female,10-14 years,30,0,1
Kingdom of Norway,90,Female,15-19 years,30,0,1
Kingdom of Norway,90,Female,20-24 years,30,0,1
Kingdom of Norway,90,Female,25-29 years,30,0,1
Kingdom of Norway,90,Female,30-34 years,30,0,1
Kingdom of Norway,90,Female,35-39 years,30,0,1
Kingdom of Norway,90,Female,40-44 years,30,0,1
Kingdom of Norway,90,Female,45-49 years,30,0,1
Kingdom of Norway,90,Female,5-9 years,30,0,1
Kingdom of Norway,90,Female,50-54 years,30,0,1
Kingdom of Norway,90,Female,55-59 years,30,0,1
Kingdom of Norway,90,Female,60-64 years,30,0,1
Kingdom of Norway,90,Female,65-69 years,30,0,1
Kingdom of Norway,90,Female,70-74 years,30,0,1
Kingdom of Norway,90,Female,75-79 years,30,0,1
Kingdom of Norway,90,Female,80-84 years,30,0,1
Kingdom of Norway,90,Female,85-89 years,30,0,1
Kingdom of Norway,90,Female,90-94 years,30,0,1
Kingdom of Norway,90,Female,95+ years,30,0,1
Kingdom of Norway,90,Female,<5 years,30,0,1
Kingdom of Saudi Arabia,152,Female,10-14 years,30,0,1
Kingdom of Saudi Arabia,152,Female,15-19 years,30,0,1
Kingdom of Saudi Arabia,152,Female,20-24 years,30,0,1
Kingdom of Saudi Arabia,152,Female,25-29 years,30,0,1
Kingdom of Saudi Arabia,152,Female,30-34 years,30,0,1
Kingdom of Saudi Arabia,152,Female,35-39 years,30,0,1
Kingdom of Saudi Arabia,152,Female,40-44 years,30,0,1
Kingdom of Saudi Arabia,152,Female,45-49 years,30,0,1
Kingdom of Saudi Arabia,152,Female,5-9 years,30,0,1
Kingdom of Saudi Arabia,152,Female,50-54 years,30,0,1
Kingdom of Saudi Arabia,152,Female,55-59 years,30,0,1
Kingdom of Saudi Arabia,152,Female,60-64 years,30,0,1
Kingdom of Saudi Arabia,152,Female,65-69 years,30,0,1
Kingdom of Saudi Arabia,152,Female,70-74 years,30,0,1
Kingdom of Saudi Arabia,152,Female,75-79 years,30,0,1
Kingdom of Saudi Arabia,152,Female,80-84 years,30,0,1
Kingdom of Saudi Arabia,152,Female,85-89 years,30,0,1
Kingdom of Saudi Arabia,152,Female,90-94 years,30,0,1
Kingdom of Saudi Arabia,152,Female,95+ years,30,0,1
Kingdom of Saudi Arabia,152,Female,<5 years,30,0,1
Kingdom of Spain,92,Female,10-14 years,30,0,1
Kingdom of Spain,92,Female,15-19 years,30,0,1
Kingdom of Spain,92,Female,20-24 years,30,0,1
Kingdom of Spain,92,Female,25-29 years,30,0,1
Kingdom of Spain,92,Female,30-34 years,30,0,1
Kingdom of Spain,92,Female,35-39 years,30,0,1
Kingdom of Spain,92,Female,40-44 years,30,0,1
Kingdom of Spain,92,Female,45-49 years,30,0,1
Kingdom of Spain,92,Female,5-9 years,30,0,1
Kingdom of Spain,92,Female,50-54 years,30,0,1
Kingdom of Spain,92,Female,55-59 years,30,0,1
Kingdom of Spain,92,Female,60-64 years,30,0,1
Kingdom of Spain,92,Female,65-69 years,30,0,1
Kingdom of Spain,92,Female,70-74 years,30,0,1
Kingdom of Spain,92,Female,75-79 years,30,0,1
Kingdom of Spain,92,Female,80-84 years,30,0,1
Kingdom of Spain,92,Female,85-89 years,30,0,1
Kingdom of Spain,92,Female,90-94 years,30,0,1
Kingdom of Spain,92,Female,95+ years,30,0,1
Kingdom of Spain,92,Female,<5 years,30,0,1
Kingdom of Sweden,93,Female,10-14 years,30,0,1
Kingdom of Sweden,93,Female,15-19 years,30,0,1
Kingdom of Sweden,93,Female,20-24 years,30,0,1
Kingdom of Sweden,93,Female,25-29 years,30,0,1
Kingdom of Sweden,93,Female,30-34 years,30,0,1
Kingdom of Sweden,93,Female,35-39 years,30,0,1
Kingdom of Sweden,93,Female,40-44 years,30,0,1
Kingdom of Sweden,93,Female,45-49 years,30,0,1
Kingdom of Sweden,93,Female,5-9 years,30,0,1
Kingdom of Sweden,93,Female,50-54 years,30,0,1
Kingdom of Sweden,93,Female,55-59 years,30,0,1
Kingdom of Sweden,93,Female,60-64 years,30,0,1
Kingdom of Sweden,93,Female,65-69 years,30,0,1
Kingdom of Sweden,93,Female,70-74 years,30,0,1
Kingdom of Sweden,93,Female,75-79 years,30,0,1
Kingdom of Sweden,93,Female,80-84 years,30,0,1
Kingdom of Sweden,93,Female,85-89 years,30,0,1
Kingdom of Sweden,93,Female,90-94 years,30,0,1
Kingdom of Sweden,93,Female,95+ years,30,0,1
Kingdom of Sweden,93,Female,<5 years,30,0,1
Kingdom of Thailand,18,Female,10-14 years,30,0,1
Kingdom of Thailand,18,Female,15-19 years,30,0,1
Kingdom of Thailand,18,Female,20-24 years,30,0,1
Kingdom of Thailand,18,Female,25-29 years,30,0,1
Kingdom of Thailand,18,Female,30-34 years,30,0,1
Kingdom of Thailand,18,Female,35-39 years,30,0,1
Kingdom of Thailand,18,Female,40-44 years,30,0,1
Kingdom of Thailand,18,Female,45-49 years,30,0,1
Kingdom of Thailand,18,Female,5-9 years,30,0,1
Kingdom of Thailand,18,Female,50-54 years,30,0,1
Kingdom of Thailand,18,Female,55-59 years,30,0,1
Kingdom of Thailand,18,Female,60-64 years,30,0,1
Kingdom of Thailand,18,Female,65-69 years,30,0,1
Kingdom of Thailand,18,Female,70-74 years,30,0,1
Kingdom of Thailand,18,Female,75-79 years,30,0,1
Kingdom of Thailand,18,Female,80-84 years,30,0,1
Kingdom of Thailand,18,Female,85-89 years,30,0,1
Kingdom of Thailand,18,Female,90-94 years,30,0,1
Kingdom of Thailand,18,Female,95+ years,30,0,1
Kingdom of Thailand,18,Female,<5 years,30,0,1
Kingdom of Tonga,29,Female,10-14 years,30,0,1
Kingdom of Tonga,29,Female,15-19 years,30,0,1
Kingdom of Tonga,29,Female,20-24 years,30,0,1
Kingdom of Tonga,29,Female,25-29 years,30,0,1
Kingdom of Tonga,29,Female,30-34 years,30,0,1
Kingdom of Tonga,29,Female,35-39 years,30,0,1
Kingdom of Tonga,29,Female,40-44 years,30,0,1
Kingdom of Tonga,29,Female,45-49 years,30,0,1
Kingdom of Tonga,29,Female,5-9 years,30,0,1
Kingdom of Tonga,29,Female,50-54 years,30,0,1
Kingdom of Tonga,29,Female,55-59 years,30,0,1
Kingdom of Tonga,29,Female,60-64 years,30,0,1
Kingdom of Tonga,29,Female,65-69 years,30,0,1
Kingdom of Tonga,29,Female,70-74 years,30,0,1
Kingdom of Tonga,29,Female,75-79 years,30,0,1
Kingdom of Tonga,29,Female,80-84 years,30,0,1
Kingdom of Tonga,29,Female,85-89 years,30,0,1
Kingdom of Tonga,29,Female,90-94 years,30,0,1
Kingdom of Tonga,29,Female,95+ years,30,0,1
Kingdom of Tonga,29,Female,<5 years,30,0,1
Kingdom of the Netherlands,89,Female,10-14 years,30,0,1
Kingdom of the Netherlands,89,Female,15-19 years,30,0,1
Kingdom of the Netherlands,89,Female,20-24 years,30,0,1
Kingdom of the Netherlands,89,Female,25-29 years,30,0,1
Kingdom of the Netherlands,89,Female,30-34 years,30,0,1
Kingdom of the Netherlands,89,Female,35-39 years,30,0,1
Kingdom of the Netherlands,89,Female,40-44 years,30,0,1
Kingdom of the Netherlands,89,Female,45-49 years,30,0,1
Kingdom of the Netherlands,89,Female,5-9 years,30,0,1
Kingdom of the Netherlands,89,Female,50-54 years,30,0,1
Kingdom of the Netherlands,89,Female,55-59 years,30,0,1
Kingdom of the Netherlands,89,Female,60-64 years,30,0,1
Kingdom of the Netherlands,89,Female,65-69 years,30,0,1
Kingdom of the Netherlands,89,Female,70-74 years,30,0,1
Kingdom of the Netherlands,89,Female,75-79 years,30,0,1
Kingdom of the Netherlands,89,Female,80-84 years,30,0,1
Kingdom of the Netherlands,89,Female,85-89 years,30,0,1
Kingdom of the Netherlands,89,Female,90-94 years,30,0,1
Kingdom of the Netherlands,89,Female,95+ years,30,0,1
Kingdom of the Netherlands,89,Female,<5 years,30,0,1
Kyrgyz Republic,37,Female,10-14 years,30,0,1
Kyrgyz Republic,37,Female,15-19 years,30,0,1
Kyrgyz Republic,37,Female,20-24 years,30,0,1
Kyrgyz Republic,37,Female,25-29 years,30,0,1
Kyrgyz Republic,37,Female,30-34 years,30,0,1
Kyrgyz Republic,37,Female,35-39 years,30,0,1
Kyrgyz Republic,37,Female,40-44 years,30,0,1
Kyrgyz Republic,37,Female,45-49 years,30,0,1
Kyrgyz Republic,37,Female,5-9 years,30,0,1
Kyrgyz Republic,37,Female,50-54 years,30,0,1
Kyrgyz Republic,37,Female,55-59 years,30,0,1
Kyrgyz Republic,37,Female,60-64 years,30,0,1
Kyrgyz Republic,37,Female,65-69 years,30,0,1
Kyrgyz Republic,37,Female,70-74 years,30,0,1
Kyrgyz Republic,37,Female,75-79 years,30,0,1
Kyrgyz Republic,37,Female,80-84 years,30,0,1
Kyrgyz Republic,37,Female,85-89 years,30,0,1
Kyrgyz Republic,37,Female,90-94 years,30,0,1
Kyrgyz Republic,37,Female,95+ years,30,0,1
Kyrgyz Republic,37,Female,<5 years,30,0,1
Lao People's Democratic Republic,12,Female,10-14 years,30,0,1
Lao People's Democratic Republic,12,Female,15-19 years,30,0,1
Lao People's Democratic Republic,12,Female,20-24 years,30,0,1
Lao People's Democratic Republic,12,Female,25-29 years,30,0,1
Lao People's Democratic Republic,12,Female,30-34 years,30,0,1
Lao People's Democratic Republic,12,Female,35-39 years,30,0,1
Lao People's Democratic Republic,12,Female,40-44 years,30,0,1
Lao People's Democratic Republic,12,Female,45-49 years,30,0,1
Lao People's Democratic Republic,12,Female,5-9 years,30,0,1
Lao People's Democratic Republic,12,Female,50-54 years,30,0,1
Lao People's Democratic Republic,12,Female,55-59 years,30,0,1
Lao People's Democratic Republic,12,Female,60-64 years,30,0,1
Lao People's Democratic Republic,12,Female,65-69 years,30,0,1
Lao People's Democratic Republic,12,Female,70-74 years,30,0,1
Lao People's Democratic Republic,12,Female,75-79 years,30,0,1
Lao People's Democratic Republic,12,Female,80-84 years,30,0,1
Lao People's Democratic Republic,12,Female,85-89 years,30,0,1
Lao People's Democratic Republic,12,Female,90-94 years,30,0,1
Lao People's Democratic Republic,12,Female,95+ years,30,0,1
Lao People's Democratic Republic,12,Female,<5 years,30,0,1
Lebanese Republic,146,Female,10-14 years,30,0,1
Lebanese Republic,146,Female,15-19 years,30,0,1
Lebanese Republic,146,Female,20-24 years,30,0,1
Lebanese Republic,146,Female,25-29 years,30,0,1
Lebanese Republic,146,Female,30-34 years,30,0,1
Lebanese Republic,146,Female,35-39 years,30,0,1
Lebanese Republic,146,Female,40-44 years,30,0,1
Lebanese Republic,146,Female,45-49 years,30,0,1
Lebanese Republic,146,Female,5-9 years,30,0,1
Lebanese Republic,146,Female,50-54 years,30,0,1
Lebanese Republic,146,Female,55-59 years,30,0,1
Lebanese Republic,146,Female,60-64 years,30,0,1
Lebanese Republic,146,Female,65-69 years,30,0,1
Lebanese Republic,146,Female,70-74 years,30,0,1
Lebanese Republic,146,Female,75-79 years,30,0,1
Lebanese Republic,146,Female,80-84 years,30,0,1
Lebanese Republic,146,Female,85-89 years,30,0,1
Lebanese Republic,146,Female,90-94 years,30,0,1
Lebanese Republic,146,Female,95+ years,30,0,1
Lebanese Republic,146,Female,<5 years,30,0,1
Malaysia,13,Female,10-14 years,30,0,1
Malaysia,13,Female,15-19 years,30,0,1
Malaysia,13,Female,20-24 years,30,0,1
Malaysia,13,Female,25-29 years,30,0,1
Malaysia,13,Female,30-34 years,30,0,1
Malaysia,13,Female,35-39 years,30,0,1
Malaysia,13,Female,40-44 years,30,0,1
Malaysia,13,Female,45-49 years,30,0,1
Malaysia,13,Female,5-9 years,30,0,1
Malaysia,13,Female,50-54 years,30,0,1
Malaysia,13,Female,55-59 years,30,0,1
Malaysia,13,Female,60-64 years,30,0,1
Malaysia,13,Female,65-69 years,30,0,1
Malaysia,13,Female,70-74 years,30,0,1
Malaysia,13,Female,75-79 years,30,0,1
Malaysia,13,Female,80-84 years,30,0,1
Malaysia,13,Female,85-89 years,30,0,1
Malaysia,13,Female,90-94 years,30,0,1
Malaysia,13,Female,95+ years,30,0,1
Malaysia,13,Female,<5 years,30,0,1
Mongolia,38,Female,10-14 years,30,0,1
Mongolia,38,Female,15-19 years,30,0,1
Mongolia,38,Female,20-24 years,30,0,1
Mongolia,38,Female,25-29 years,30,0,1
Mongolia,38,Female,30-34 years,30,0,1
Mongolia,38,Female,35-39 years,30,0,1
Mongolia,38,Female,40-44 years,30,0,1
Mongolia,38,Female,45-49 years,30,0,1
Mongolia,38,Female,5-9 years,30,0,1
Mongolia,38,Female,50-54 years,30,0,1
Mongolia,38,Female,55-59 years,30,0,1
Mongolia,38,Female,60-64 years,30,0,1
Mongolia,38,Female,65-69 years,30,0,1
Mongolia,38,Female,70-74 years,30,0,1
Mongolia,38,Female,75-79 years,30,0,1
Mongolia,38,Female,80-84 years,30,0,1
Mongolia,38,Female,85-89 years,30,0,1
Mongolia,38,Female,90-94 years,30,0,1
Mongolia,38,Female,95+ years,30,0,1
Mongolia,38,Female,<5 years,30,0,1
Montenegro,50,Female,10-14 years,30,0,1
Montenegro,50,Female,15-19 years,30,0,1
Montenegro,50,Female,20-24 years,30,0,1
Montenegro,50,Female,25-29 years,30,0,1
Montenegro,50,Female,30-34 years,30,0,1
Montenegro,50,Female,35-39 years,30,0,1
Montenegro,50,Female,40-44 years,30,0,1
Montenegro,50,Female,45-49 years,30,0,1
Montenegro,50,Female,5-9 years,30,0,1
Montenegro,50,Female,50-54 years,30,0,1
Montenegro,50,Female,55-59 years,30,0,1
Montenegro,50,Female,60-64 years,30,0,1
Montenegro,50,Female,65-69 years,30,0,1
Montenegro,50,Female,70-74 years,30,0,1
Montenegro,50,Female,75-79 years,30,0,1
Montenegro,50,Female,80-84 years,30,0,1
Montenegro,50,Female,85-89 years,30,0,1
Montenegro,50,Female,90-94 years,30,0,1
Montenegro,50,Female,95+ years,30,0,1
Montenegro,50,Female,<5 years,30,0,1
New Zealand,72,Female,10-14 years,30,0,1
New Zealand,72,Female,15-19 years,30,0,1
New Zealand,72,Female,20-24 years,30,0,1
New Zealand,72,Female,25-29 years,30,0,1
New Zealand,72,Female,30-34 years,30,0,1
New Zealand,72,Female,35-39 years,30,0,1
New Zealand,72,Female,40-44 years,30,0,1
New Zealand,72,Female,45-49 years,30,0,1
New Zealand,72,Female,5-9 years,30,0,1
New Zealand,72,Female,50-54 years,30,0,1
New Zealand,72,Female,55-59 years,30,0,1
New Zealand,72,Female,60-64 years,30,0,1
New Zealand,72,Female,65-69 years,30,0,1
New Zealand,72,Female,70-74 years,30,0,1
New Zealand,72,Female,75-79 years,30,0,1
New Zealand,72,Female,80-84 years,30,0,1
New Zealand,72,Female,85-89 years,30,0,1
New Zealand,72,Female,90-94 years,30,0,1
New Zealand,72,Female,95+ years,30,0,1
New Zealand,72,Female,<5 years,30,0,1
North Macedonia,49,Female,10-14 years,30,0,1
North Macedonia,49,Female,15-19 years,30,0,1
North Macedonia,49,Female,20-24 years,30,0,1
North Macedonia,49,Female,25-29 years,30,0,1
North Macedonia,49,Female,30-34 years,30,0,1
North Macedonia,49,Female,35-39 years,30,0,1
North Macedonia,49,Female,40-44 years,30,0,1
North Macedonia,49,Female,45-49 years,30,0,1
North Macedonia,49,Female,5-9 years,30,0,1
North Macedonia,49,Female,50-54 years,30,0,1
North Macedonia,49,Female,55-59 years,30,0,1
North Macedonia,49,Female,60-64 years,30,0,1
North Macedonia,49,Female,65-69 years,30,0,1
North Macedonia,49,Female,70-74 years,30,0,1
North Macedonia,49,Female,75-79 years,30,0,1
North Macedonia,49,Female,80-84 years,30,0,1
North Macedonia,49,Female,85-89 years,30,0,1
North Macedonia,49,Female,90-94 years,30,0,1
North Macedonia,49,Female,95+ years,30,0,1
North Macedonia,49,Female,<5 years,30,0,1
Northern Mariana Islands,376,Female,10-14 years,30,0,1
Northern Mariana Islands,376,Female,15-19 years,30,0,1
Northern Mariana Islands,376,Female,20-24 years,30,0,1
Northern Mariana Islands,376,Female,25-29 years,30,0,1
Northern Mariana Islands,376,Female,30-34 years,30,0,1
Northern Mariana Islands,376,Female,35-39 years,30,0,1
Northern Mariana Islands,376,Female,40-44 years,30,0,1
Northern Mariana Islands,376,Female,45-49 years,30,0,1
Northern Mariana Islands,376,Female,5-9 years,30,0,1
Northern Mariana Islands,376,Female,50-54 years,30,0,1
Northern Mariana Islands,376,Female,55-59 years,30,0,1
Northern Mariana Islands,376,Female,60-64 years,30,0,1
Northern Mariana Islands,376,Female,65-69 years,30,0,1
Northern Mariana Islands,376,Female,70-74 years,30,0,1
Northern Mariana Islands,376,Female,75-79 years,30,0,1
Northern Mariana Islands,376,Female,80-84 years,30,0,1
Northern Mariana Islands,376,Female,85-89 years,30,0,1
Northern Mariana Islands,376,Female,90-94 years,30,0,1
Northern Mariana Islands,376,Female,95+ years,30,0,1
Northern Mariana Islands,376,Female,<5 years,30,0,1
Palestine,149,Female,10-14 years,30,0,1
Palestine,149,Female,15-19 years,30,0,1
Palestine,149,Female,20-24 years,30,0,1
Palestine,149,Female,25-29 years,30,0,1
Palestine,149,Female,30-34 years,30,0,1
Palestine,149,Female,35-39 years,30,0,1
Palestine,149,Female,40-44 years,30,0,1
Palestine,149,Female,45-49 years,30,0,1
Palestine,149,Female,5-9 years,30,0,1
Palestine,149,Female,50-54 years,30,0,1
Palestine,149,Female,55-59 years,30,0,1
Palestine,149,Female,60-64 years,30,0,1
Palestine,149,Female,65-69 years,30,0,1
Palestine,149,Female,70-74 years,30,0,1
Palestine,149,Female,75-79 years,30,0,1
Palestine,149,Female,80-84 years,30,0,1
Palestine,149,Female,85-89 years,30,0,1
Palestine,149,Female,90-94 years,30,0,1
Palestine,149,Female,95+ years,30,0,1
Palestine,149,Female,<5 years,30,0,1
People's Democratic Republic of Algeria,139,Female,10-14 years,30,0,1
People's Democratic Republic of Algeria,139,Female,15-19 years,30,0,1
People's Democratic Republic of Algeria,139,Female,20-24 years,30,0,1
People's Democratic Republic of Algeria,139,Female,25-29 years,30,0,1
People's Democratic Republic of Algeria,139,Female,30-34 years,30,0,1
People's Democratic Republic of Algeria,139,Female,35-39 years,30,0,1
People's Democratic Republic of Algeria,139,Female,40-44 years,30,0,1
People's Democratic Republic of Algeria,139,Female,45-49 years,30,0,1
People's Democratic Republic of Algeria,139,Female,5-9 years,30,0,1
People's Democratic Republic of Algeria,139,Female,50-54 years,30,0,1
People's Democratic Republic of Algeria,139,Female,55-59 years,30,0,1
People's Democratic Republic of Algeria,139,Female,60-64 years,30,0,1
People's Democratic Republic of Algeria,139,Female,65-69 years,30,0,1
People's Democratic Republic of Algeria,139,Female,70-74 years,30,0,1
People's Democratic Republic of Algeria,139,Female,75-79 years,30,0,1
People's Democratic Republic of Algeria,139,Female,80-84 years,30,0,1
People's Democratic Republic of Algeria,139,Female,85-89 years,30,0,1
People's Democratic Republic of Algeria,139,Female,90-94 years,30,0,1
People's Democratic Republic of Algeria,139,Female,95+ years,30,0,1
People's Democratic Republic of Algeria,139,Female,<5 years,30,0,1
People's Republic of Bangladesh,161,Female,10-14 years,30,0,1
People's Republic of Bangladesh,161,Female,15-19 years,30,0,1
People's Republic of Bangladesh,161,Female,20-24 years,30,0,1
People's Republic of Bangladesh,161,Female,25-29 years,30,0,1
People's Republic of Bangladesh,161,Female,30-34 years,30,0,1
People's Republic of Bangladesh,161,Female,35-39 years,30,0,1
People's Republic of Bangladesh,161,Female,40-44 years,30,0,1
People's Republic of Bangladesh,161,Female,45-49 years,30,0,1
People's Republic of Bangladesh,161,Female,5-9 years,30,0,1
People's Republic of Bangladesh,161,Female,50-54 years,30,0,1
People's Republic of Bangladesh,161,Female,55-59 years,30,0,1
People's Republic of Bangladesh,161,Female,60-64 years,30,0,1
People's Republic of Bangladesh,161,Female,65-69 years,30,0,1
People's Republic of Bangladesh,161,Female,70-74 years,30,0,1
People's Republic of Bangladesh,161,Female,75-79 years,30,0,1
People's Republic of Bangladesh,161,Female,80-84 years,30,0,1
People's Republic of Bangladesh,161,Female,85-89 years,30,0,1
People's Republic of Bangladesh,161,Female,90-94 years,30,0,1
People's Republic of Bangladesh,161,Female,95+ years,30,0,1
People's Republic of Bangladesh,161,Female,<5 years,30,0,1
People's Republic of China,6,Female,10-14 years,30,0,1
People's Republic of China,6,Female,15-19 years,30,0,1
People's Republic of China,6,Female,20-24 years,30,0,1
People's Republic of China,6,Female,25-29 years,30,0,1
People's Republic of China,6,Female,30-34 years,30,0,1
People's Republic of China,6,Female,35-39 years,30,0,1
People's Republic of China,6,Female,40-44 years,30,0,1
People's Republic of China,6,Female,45-49 years,30,0,1
People's Republic of China,6,Female,5-9 years,30,0,1
People's Republic of China,6,Female,50-54 years,30,0,1
People's Republic of China,6,Female,55-59 years,30,0,1
People's Republic of China,6,Female,60-64 years,30,0,1
People's Republic of China,6,Female,65-69 years,30,0,1
People's Republic of China,6,Female,70-74 years,30,0,1
People's Republic of China,6,Female,75-79 years,30,0,1
People's Republic of China,6,Female,80-84 years,30,0,1
People's Republic of China,6,Female,85-89 years,30,0,1
People's Republic of China,6,Female,90-94 years,30,0,1
People's Republic of China,6,Female,95+ years,30,0,1
People's Republic of China,6,Female,<5 years,30,0,1
Plurinational State of Bolivia,121,Female,10-14 years,30,0,1
Plurinational State of Bolivia,121,Female,15-19 years,30,0,1
Plurinational State of Bolivia,121,Female,20-24 years,30,0,1
Plurinational State of Bolivia,121,Female,25-29 years,30,0,1
Plurinational State of Bolivia,121,Female,30-34 years,30,0,1
Plurinational State of Bolivia,121,Female,35-39 years,30,0,1
Plurinational State of Bolivia,121,Female,40-44 years,30,0,1
Plurinational State of Bolivia,121,Female,45-49 years,30,0,1
Plurinational State of Bolivia,121,Female,5-9 years,30,0,1
Plurinational State of Bolivia,121,Female,50-54 years,30,0,1
Plurinational State of Bolivia,121,Female,55-59 years,30,0,1
Plurinational State of Bolivia,121,Female,60-64 years,30,0,1
Plurinational State of Bolivia,121,Female,65-69 years,30,0,1
Plurinational State of Bolivia,121,Female,70-74 years,30,0,1
Plurinational State of Bolivia,121,Female,75-79 years,30,0,1
Plurinational State of Bolivia,121,Female,80-84 years,30,0,1
Plurinational State of Bolivia,121,Female,85-89 years,30,0,1
Plurinational State of Bolivia,121,Female,90-94 years,30,0,1
Plurinational State of Bolivia,121,Female,95+ years,30,0,1
Plurinational State of Bolivia,121,Female,<5 years,30,0,1
Portuguese Republic,91,Female,10-14 years,30,0,1
Portuguese Republic,91,Female,15-19 years,30,0,1
Portuguese Republic,91,Female,20-24 years,30,0,1
Portuguese Republic,91,Female,25-29 years,30,0,1
Portuguese Republic,91,Female,30-34 years,30,0,1
Portuguese Republic,91,Female,35-39 years,30,0,1
Portuguese Republic,91,Female,40-44 years,30,0,1
Portuguese Republic,91,Female,45-49 years,30,0,1
Portuguese Republic,91,Female,5-9 years,30,0,1
Portuguese Republic,91,Female,50-54 years,30,0,1
Portuguese Republic,91,Female,55-59 years,30,0,1
Portuguese Republic,91,Female,60-64 years,30,0,1
Portuguese Republic,91,Female,65-69 years,30,0,1
Portuguese Republic,91,Female,70-74 years,30,0,1
Portuguese Republic,91,Female,75-79 years,30,0,1
Portuguese Republic,91,Female,80-84 years,30,0,1
Portuguese Republic,91,Female,85-89 years,30,0,1
Portuguese Republic,91,Female,90-94 years,30,0,1
Portuguese Republic,91,Female,95+ years,30,0,1
Portuguese Republic,91,Female,<5 years,30,0,1
Principality of Andorra,74,Female,10-14 years,30,0,1
Principality of Andorra,74,Female,15-19 years,30,0,1
Principality of Andorra,74,Female,20-24 years,30,0,1
Principality of Andorra,74,Female,25-29 years,30,0,1
Principality of Andorra,74,Female,30-34 years,30,0,1
Principality of Andorra,74,Female,35-39 years,30,0,1
Principality of Andorra,74,Female,40-44 years,30,0,1
Principality of Andorra,74,Female,45-49 years,30,0,1
Principality of Andorra,74,Female,5-9 years,30,0,1
Principality of Andorra,74,Female,50-54 years,30,0,1
Principality of Andorra,74,Female,55-59 years,30,0,1
Principality of Andorra,74,Female,60-64 years,30,0,1
Principality of Andorra,74,Female,65-69 years,30,0,1
Principality of Andorra,74,Female,70-74 years,30,0,1
Principality of Andorra,74,Female,75-79 years,30,0,1
Principality of Andorra,74,Female,80-84 years,30,0,1
Principality of Andorra,74,Female,85-89 years,30,0,1
Principality of Andorra,74,Female,90-94 years,30,0,1
Principality of Andorra,74,Female,95+ years,30,0,1
Principality of Andorra,74,Female,<5 years,30,0,1
Principality of Monaco,367,Female,10-14 years,30,0,1
Principality of Monaco,367,Female,15-19 years,30,0,1
Principality of Monaco,367,Female,20-24 years,30,0,1
Principality of Monaco,367,Female,25-29 years,30,0,1
Principality of Monaco,367,Female,30-34 years,30,0,1
Principality of Monaco,367,Female,35-39 years,30,0,1
Principality of Monaco,367,Female,40-44 years,30,0,1
Principality of Monaco,367,Female,45-49 years,30,0,1
Principality of Monaco,367,Female,5-9 years,30,0,1
Principality of Monaco,367,Female,50-54 years,30,0,1
Principality of Monaco,367,Female,55-59 years,30,0,1
Principality of Monaco,367,Female,60-64 years,30,0,1
Principality of Monaco,367,Female,65-69 years,30,0,1
Principality of Monaco,367,Female,70-74 years,30,0,1
Principality of Monaco,367,Female,75-79 years,30,0,1
Principality of Monaco,367,Female,80-84 years,30,0,1
Principality of Monaco,367,Female,85-89 years,30,0,1
Principality of Monaco,367,Female,90-94 years,30,0,1
Principality of Monaco,367,Female,95+ years,30,0,1
Principality of Monaco,367,Female,<5 years,30,0,1
Puerto Rico,385,Female,10-14 years,30,0,1
Puerto Rico,385,Female,15-19 years,30,0,1
Puerto Rico,385,Female,20-24 years,30,0,1
Puerto Rico,385,Female,25-29 years,30,0,1
Puerto Rico,385,Female,30-34 years,30,0,1
Puerto Rico,385,Female,35-39 years,30,0,1
Puerto Rico,385,Female,40-44 years,30,0,1
Puerto Rico,385,Female,45-49 years,30,0,1
Puerto Rico,385,Female,5-9 years,30,0,1
Puerto Rico,385,Female,50-54 years,30,0,1
Puerto Rico,385,Female,55-59 years,30,0,1
Puerto Rico,385,Female,60-64 years,30,0,1
Puerto Rico,385,Female,65-69 years,30,0,1
Puerto Rico,385,Female,70-74 years,30,0,1
Puerto Rico,385,Female,75-79 years,30,0,1
Puerto Rico,385,Female,80-84 years,30,0,1
Puerto Rico,385,Female,85-89 years,30,0,1
Puerto Rico,385,Female,90-94 years,30,0,1
Puerto Rico,385,Female,95+ years,30,0,1
Puerto Rico,385,Female,<5 years,30,0,1
Republic of Albania,43,Female,10-14 years,30,0,1
Republic of Albania,43,Female,15-19 years,30,0,1
Republic of Albania,43,Female,20-24 years,30,0,1
Republic of Albania,43,Female,25-29 years,30,0,1
Republic of Albania,43,Female,30-34 years,30,0,1
Republic of Albania,43,Female,35-39 years,30,0,1
Republic of Albania,43,Female,40-44 years,30,0,1
Republic of Albania,43,Female,45-49 years,30,0,1
Republic of Albania,43,Female,5-9 years,30,0,1
Republic of Albania,43,Female,50-54 years,30,0,1
Republic of Albania,43,Female,55-59 years,30,0,1
Republic of Albania,43,Female,60-64 years,30,0,1
Republic of Albania,43,Female,65-69 years,30,0,1
Republic of Albania,43,Female,70-74 years,30,0,1
Republic of Albania,43,Female,75-79 years,30,0,1
Republic of Albania,43,Female,80-84 years,30,0,1
Republic of Albania,43,Female,85-89 years,30,0,1
Republic of Albania,43,Female,90-94 years,30,0,1
Republic of Albania,43,Female,95+ years,30,0,1
Republic of Albania,43,Female,<5 years,30,0,1
Republic of Angola,168,Female,10-14 years,30,0,1
Republic of Angola,168,Female,15-19 years,30,0,1
Republic of Angola,168,Female,20-24 years,30,0,1
Republic of Angola,168,Female,25-29 years,30,0,1
Republic of Angola,168,Female,30-34 years,30,0,1
Republic of Angola,168,Female,35-39 years,30,0,1
Republic of Angola,168,Female,40-44 years,30,0,1
Republic of Angola,168,Female,45-49 years,30,0,1
Republic of Angola,168,Female,5-9 years,30,0,1
Republic of Angola,168,Female,50-54 years,30,0,1
Republic of Angola,168,Female,55-59 years,30,0,1
Republic of Angola,168,Female,60-64 years,30,0,1
Republic of Angola,168,Female,65-69 years,30,0,1
Republic of Angola,168,Female,70-74 years,30,0,1
Republic of Angola,168,Female,75-79 years,30,0,1
Republic of Angola,168,Female,80-84 years,30,0,1
Republic of Angola,168,Female,85-89 years,30,0,1
Republic of Angola,168,Female,90-94 years,30,0,1
Republic of Angola,168,Female,95+ years,30,0,1
Republic of Angola,168,Female,<5 years,30,0,1
Republic of Armenia,33,Female,10-14 years,30,0,1
Republic of Armenia,33,Female,15-19 years,30,0,1
Republic of Armenia,33,Female,20-24 years,30,0,1
Republic of Armenia,33,Female,25-29 years,30,0,1
Republic of Armenia,33,Female,30-34 years,30,0,1
Republic of Armenia,33,Female,35-39 years,30,0,1
Republic of Armenia,33,Female,40-44 years,30,0,1
Republic of Armenia,33,Female,45-49 years,30,0,1
Republic of Armenia,33,Female,5-9 years,30,0,1
Republic of Armenia,33,Female,50-54 years,30,0,1
Republic of Armenia,33,Female,55-59 years,30,0,1
Republic of Armenia,33,Female,60-64 years,30,0,1
Republic of Armenia,33,Female,65-69 years,30,0,1
Republic of Armenia,33,Female,70-74 years,30,0,1
Republic of Armenia,33,Female,75-79 years,30,0,1
Republic of Armenia,33,Female,80-84 years,30,0,1
Republic of Armenia,33,Female,85-89 years,30,0,1
Republic of Armenia,33,Female,90-94 years,30,0,1
Republic of Armenia,33,Female,95+ years,30,0,1
Republic of Armenia,33,Female,<5 years,30,0,1
Republic of Austria,75,Female,10-14 years,30,0,1
Republic of Austria,75,Female,15-19 years,30,0,1
Republic of Austria,75,Female,20-24 years,30,0,1
Republic of Austria,75,Female,25-29 years,30,0,1
Republic of Austria,75,Female,30-34 years,30,0,1
Republic of Austria,75,Female,35-39 years,30,0,1
Republic of Austria,75,Female,40-44 years,30,0,1
Republic of Austria,75,Female,45-49 years,30,0,1
Republic of Austria,75,Female,5-9 years,30,0,1
Republic of Austria,75,Female,50-54 years,30,0,1
Republic of Austria,75,Female,55-59 years,30,0,1
Republic of Austria,75,Female,60-64 years,30,0,1
Republic of Austria,75,Female,65-69 years,30,0,1
Republic of Austria,75,Female,70-74 years,30,0,1
Republic of Austria,75,Female,75-79 years,30,0,1
Republic of Austria,75,Female,80-84 years,30,0,1
Republic of Austria,75,Female,85-89 years,30,0,1
Republic of Austria,75,Female,90-94 years,30,0,1
Republic of Austria,75,Female,95+ years,30,0,1
Republic of Austria,75,Female,<5 years,30,0,1
Republic of Azerbaijan,34,Female,10-14 years,30,0,1
Republic of Azerbaijan,34,Female,15-19 years,30,0,1
Republic of Azerbaijan,34,Female,20-24 years,30,0,1
Republic of Azerbaijan,34,Female,25-29 years,30,0,1
Republic of Azerbaijan,34,Female,30-34 years,30,0,1
Republic of Azerbaijan,34,Female,35-39 years,30,0,1
Republic of Azerbaijan,34,Female,40-44 years,30,0,1
Republic of Azerbaijan,34,Female,45-49 years,30,0,1
Republic of Azerbaijan,34,Female,5-9 years,30,0,1
Republic of Azerbaijan,34,Female,50-54 years,30,0,1
Republic of Azerbaijan,34,Female,55-59 years,30,0,1
Republic of Azerbaijan,34,Female,60-64 years,30,0,1
Republic of Azerbaijan,34,Female,65-69 years,30,0,1
Republic of Azerbaijan,34,Female,70-74 years,30,0,1
Republic of Azerbaijan,34,Female,75-79 years,30,0,1
Republic of Azerbaijan,34,Female,80-84 years,30,0,1
Republic of Azerbaijan,34,Female,85-89 years,30,0,1
Republic of Azerbaijan,34,Female,90-94 years,30,0,1
Republic of Azerbaijan,34,Female,95+ years,30,0,1
Republic of Azerbaijan,34,Female,<5 years,30,0,1
Republic of Belarus,57,Female,10-14 years,30,0,1
Republic of Belarus,57,Female,15-19 years,30,0,1
Republic of Belarus,57,Female,20-24 years,30,0,1
Republic of Belarus,57,Female,25-29 years,30,0,1
Republic of Belarus,57,Female,30-34 years,30,0,1
Republic of Belarus,57,Female,35-39 years,30,0,1
Republic of Belarus,57,Female,40-44 years,30,0,1
Republic of Belarus,57,Female,45-49 years,30,0,1
Republic of Belarus,57,Female,5-9 years,30,0,1
Republic of Belarus,57,Female,50-54 years,30,0,1
Republic of Belarus,57,Female,55-59 years,30,0,1
Republic of Belarus,57,Female,60-64 years,30,0,1
Republic of Belarus,57,Female,65-69 years,30,0,1
Republic of Belarus,57,Female,70-74 years,30,0,1
Republic of Belarus,57,Female,75-79 years,30,0,1
Republic of Belarus,57,Female,80-84 years,30,0,1
Republic of Belarus,57,Female,85-89 years,30,0,1
Republic of Belarus,57,Female,90-94 years,30,0,1
Republic of Belarus,57,Female,95+ years,30,0,1
Republic of Belarus,57,Female,<5 years,30,0,1
Republic of Benin,200,Female,10-14 years,30,0,1
Republic of Benin,200,Female,15-19 years,30,0,1
Republic of Benin,200,Female,20-24 years,30,0,1
Republic of Benin,200,Female,25-29 years,30,0,1
Republic of Benin,200,Female,30-34 years,30,0,1
Republic of Benin,200,Female,35-39 years,30,0,1
Republic of Benin,200,Female,40-44 years,30,0,1
Republic of Benin,200,Female,45-49 years,30,0,1
Republic of Benin,200,Female,5-9 years,30,0,1
Republic of Benin,200,Female,50-54 years,30,0,1
Republic of Benin,200,Female,55-59 years,30,0,1
Republic of Benin,200,Female,60-64 years,30,0,1
Republic of Benin,200,Female,65-69 years,30,0,1
Republic of Benin,200,Female,70-74 years,30,0,1
Republic of Benin,200,Female,75-79 years,30,0,1
Republic of Benin,200,Female,80-84 years,30,0,1
Republic of Benin,200,Female,85-89 years,30,0,1
Republic of Benin,200,Female,90-94 years,30,0,1
Republic of Benin,200,Female,95+ years,30,0,1
Republic of Benin,200,Female,<5 years,30,0,1
Republic of Botswana,193,Female,10-14 years,30,0,1
Republic of Botswana,193,Female,15-19 years,30,0,1
Republic of Botswana,193,Female,20-24 years,30,0,1
Republic of Botswana,193,Female,25-29 years,30,0,1
Republic of Botswana,193,Female,30-34 years,30,0,1
Republic of Botswana,193,Female,35-39 years,30,0,1
Republic of Botswana,193,Female,40-44 years,30,0,1
Republic of Botswana,193,Female,45-49 years,30,0,1
Republic of Botswana,193,Female,5-9 years,30,0,1
Republic of Botswana,193,Female,50-54 years,30,0,1
Republic of Botswana,193,Female,55-59 years,30,0,1
Republic of Botswana,193,Female,60-64 years,30,0,1
Republic of Botswana,193,Female,65-69 years,30,0,1
Republic of Botswana,193,Female,70-74 years,30,0,1
Republic of Botswana,193,Female,75-79 years,30,0,1
Republic of Botswana,193,Female,80-84 years,30,0,1
Republic of Botswana,193,Female,85-89 years,30,0,1
Republic of Botswana,193,Female,90-94 years,30,0,1
Republic of Botswana,193,Female,95+ years,30,0,1
Republic of Botswana,193,Female,<5 years,30,0,1
Republic of Bulgaria,45,Female,10-14 years,30,0,1
Republic of Bulgaria,45,Female,15-19 years,30,0,1
Republic of Bulgaria,45,Female,20-24 years,30,0,1
Republic of Bulgaria,45,Female,25-29 years,30,0,1
Republic of Bulgaria,45,Female,30-34 years,30,0,1
Republic of Bulgaria,45,Female,35-39 years,30,0,1
Republic of Bulgaria,45,Female,40-44 years,30,0,1
Republic of Bulgaria,45,Female,45-49 years,30,0,1
Republic of Bulgaria,45,Female,5-9 years,30,0,1
Republic of Bulgaria,45,Female,50-54 years,30,0,1
Republic of Bulgaria,45,Female,55-59 years,30,0,1
Republic of Bulgaria,45,Female,60-64 years,30,0,1
Republic of Bulgaria,45,Female,65-69 years,30,0,1
Republic of Bulgaria,45,Female,70-74 years,30,0,1
Republic of Bulgaria,45,Female,75-79 years,30,0,1
Republic of Bulgaria,45,Female,80-84 years,30,0,1
Republic of Bulgaria,45,Female,85-89 years,30,0,1
Republic of Bulgaria,45,Female,90-94 years,30,0,1
Republic of Bulgaria,45,Female,95+ years,30,0,1
Republic of Bulgaria,45,Female,<5 years,30,0,1
Republic of Burundi,175,Female,10-14 years,30,0,1
Republic of Burundi,175,Female,15-19 years,30,0,1
Republic of Burundi,175,Female,20-24 years,30,0,1
Republic of Burundi,175,Female,25-29 years,30,0,1
Republic of Burundi,175,Female,30-34 years,30,0,1
Republic of Burundi,175,Female,35-39 years,30,0,1
Republic of Burundi,175,Female,40-44 years,30,0,1
Republic of Burundi,175,Female,45-49 years,30,0,1
Republic of Burundi,175,Female,5-9 years,30,0,1
Republic of Burundi,175,Female,50-54 years,30,0,1
Republic of Burundi,175,Female,55-59 years,30,0,1
Republic of Burundi,175,Female,60-64 years,30,0,1
Republic of Burundi,175,Female,65-69 years,30,0,1
Republic of Burundi,175,Female,70-74 years,30,0,1
Republic of Burundi,175,Female,75-79 years,30,0,1
Republic of Burundi,175,Female,80-84 years,30,0,1
Republic of Burundi,175,Female,85-89 years,30,0,1
Republic of Burundi,175,Female,90-94 years,30,0,1
Republic of Burundi,175,Female,95+ years,30,0,1
Republic of Burundi,175,Female,<5 years,30,0,1
Republic of Côte d'Ivoire,205,Female,10-14 years,30,0,1
Republic of Côte d'Ivoire,205,Female,15-19 years,30,0,1
Republic of Côte d'Ivoire,205,Female,20-24 years,30,0,1
Republic of Côte d'Ivoire,205,Female,25-29 years,30,0,1
Republic of Côte d'Ivoire,205,Female,30-34 years,30,0,1
Republic of Côte d'Ivoire,205,Female,35-39 years,30,0,1
Republic of Côte d'Ivoire,205,Female,40-44 years,30,0,1
Republic of Côte d'Ivoire,205,Female,45-49 years,30,0,1
Republic of Côte d'Ivoire,205,Female,5-9 years,30,0,1
Republic of Côte d'Ivoire,205,Female,50-54 years,30,0,1
Republic of Côte d'Ivoire,205,Female,55-59 years,30,0,1
Republic of Côte d'Ivoire,205,Female,60-64 years,30,0,1
Republic of Côte d'Ivoire,205,Female,65-69 years,30,0,1
Republic of Côte d'Ivoire,205,Female,70-74 years,30,0,1
Republic of Côte d'Ivoire,205,Female,75-79 years,30,0,1
Republic of Côte d'Ivoire,205,Female,80-84 years,30,0,1
Republic of Côte d'Ivoire,205,Female,85-89 years,30,0,1
Republic of Côte d'Ivoire,205,Female,90-94 years,30,0,1
Republic of Côte d'Ivoire,205,Female,95+ years,30,0,1
Republic of Côte d'Ivoire,205,Female,<5 years,30,0,1
Republic of Cabo Verde,203,Female,10-14 years,30,0,1
Republic of Cabo Verde,203,Female,15-19 years,30,0,1
Republic of Cabo Verde,203,Female,20-24 years,30,0,1
Republic of Cabo Verde,203,Female,25-29 years,30,0,1
Republic of Cabo Verde,203,Female,30-34 years,30,0,1
Republic of Cabo Verde,203,Female,35-39 years,30,0,1
Republic of Cabo Verde,203,Female,40-44 years,30,0,1
Republic of Cabo Verde,203,Female,45-49 years,30,0,1
Republic of Cabo Verde,203,Female,5-9 years,30,0,1
Republic of Cabo Verde,203,Female,50-54 years,30,0,1
Republic of Cabo Verde,203,Female,55-59 years,30,0,1
Republic of Cabo Verde,203,Female,60-64 years,30,0,1
Republic of Cabo Verde,203,Female,65-69 years,30,0,1
Republic of Cabo Verde,203,Female,70-74 years,30,0,1
Republic of Cabo Verde,203,Female,75-79 years,30,0,1
Republic of Cabo Verde,203,Female,80-84 years,30,0,1
Republic of Cabo Verde,203,Female,85-89 years,30,0,1
Republic of Cabo Verde,203,Female,90-94 years,30,0,1
Republic of Cabo Verde,203,Female,95+ years,30,0,1
Republic of Cabo Verde,203,Female,<5 years,30,0,1
Republic of Cameroon,202,Female,10-14 years,30,0,1
Republic of Cameroon,202,Female,15-19 years,30,0,1
Republic of Cameroon,202,Female,20-24 years,30,0,1
Republic of Cameroon,202,Female,25-29 years,30,0,1
Republic of Cameroon,202,Female,30-34 years,30,0,1
Republic of Cameroon,202,Female,35-39 years,30,0,1
Republic of Cameroon,202,Female,40-44 years,30,0,1
Republic of Cameroon,202,Female,45-49 years,30,0,1
Republic of Cameroon,202,Female,5-9 years,30,0,1
Republic of Cameroon,202,Female,50-54 years,30,0,1
Republic of Cameroon,202,Female,55-59 years,30,0,1
Republic of Cameroon,202,Female,60-64 years,30,0,1
Republic of Cameroon,202,Female,65-69 years,30,0,1
Republic of Cameroon,202,Female,70-74 years,30,0,1
Republic of Cameroon,202,Female,75-79 years,30,0,1
Republic of Cameroon,202,Female,80-84 years,30,0,1
Republic of Cameroon,202,Female,85-89 years,30,0,1
Republic of Cameroon,202,Female,90-94 years,30,0,1
Republic of Cameroon,202,Female,95+ years,30,0,1
Republic of Cameroon,202,Female,<5 years,30,0,1
Republic of Chad,204,Female,10-14 years,30,0,1
Republic of Chad,204,Female,15-19 years,30,0,1
Republic of Chad,204,Female,20-24 years,30,0,1
Republic of Chad,204,Female,25-29 years,30,0,1
Republic of Chad,204,Female,30-34 years,30,0,1
Republic of Chad,204,Female,35-39 years,30,0,1
Republic of Chad,204,Female,40-44 years,30,0,1
Republic of Chad,204,Female,45-49 years,30,0,1
Republic of Chad,204,Female,5-9 years,30,0,1
Republic of Chad,204,Female,50-54 years,30,0,1
Republic of Chad,204,Female,55-59 years,30,0,1
Republic of Chad,204,Female,60-64 years,30,0,1
Republic of Chad,204,Female,65-69 years,30,0,1
Republic of Chad,204,Female,70-74 years,30,0,1
Republic of Chad,204,Female,75-79 years,30,0,1
Republic of Chad,204,Female,80-84 years,30,0,1
Republic of Chad,204,Female,85-89 years,30,0,1
Republic of Chad,204,Female,90-94 years,30,0,1
Republic of Chad,204,Female,95+ years,30,0,1
Republic of Chad,204,Female,<5 years,30,0,1
Republic of Chile,98,Female,10-14 years,30,0,1
Republic of Chile,98,Female,15-19 years,30,0,1
Republic of Chile,98,Female,20-24 years,30,0,1
Republic of Chile,98,Female,25-29 years,30,0,1
Republic of Chile,98,Female,30-34 years,30,0,1
Republic of Chile,98,Female,35-39 years,30,0,1
Republic of Chile,98,Female,40-44 years,30,0,1
Republic of Chile,98,Female,45-49 years,30,0,1
Republic of Chile,98,Female,5-9 years,30,0,1
Republic of Chile,98,Female,50-54 years,30,0,1
Republic of Chile,98,Female,55-59 years,30,0,1
Republic of Chile,98,Female,60-64 years,30,0,1
Republic of Chile,98,Female,65-69 years,30,0,1
Republic of Chile,98,Female,70-74 years,30,0,1
Republic of Chile,98,Female,75-79 years,30,0,1
Republic of Chile,98,Female,80-84 years,30,0,1
Republic of Chile,98,Female,85-89 years,30,0,1
Republic of Chile,98,Female,90-94 years,30,0,1
Republic of Chile,98,Female,95+ years,30,0,1
Republic of Chile,98,Female,<5 years,30,0,1
Republic of Colombia,125,Female,10-14 years,30,0,1
Republic of Colombia,125,Female,15-19 years,30,0,1
Republic of Colombia,125,Female,20-24 years,30,0,1
Republic of Colombia,125,Female,25-29 years,30,0,1
Republic of Colombia,125,Female,30-34 years,30,0,1
Republic of Colombia,125,Female,35-39 years,30,0,1
Republic of Colombia,125,Female,40-44 years,30,0,1
Republic of Colombia,125,Female,45-49 years,30,0,1
Republic of Colombia,125,Female,5-9 years,30,0,1
Republic of Colombia,125,Female,50-54 years,30,0,1
Republic of Colombia,125,Female,55-59 years,30,0,1
Republic of Colombia,125,Female,60-64 years,30,0,1
Republic of Colombia,125,Female,65-69 years,30,0,1
Republic of Colombia,125,Female,70-74 years,30,0,1
Republic of Colombia,125,Female,75-79 years,30,0,1
Republic of Colombia,125,Female,80-84 years,30,0,1
Republic of Colombia,125,Female,85-89 years,30,0,1
Republic of Colombia,125,Female,90-94 years,30,0,1
Republic of Colombia,125,Female,95+ years,30,0,1
Republic of Colombia,125,Female,<5 years,30,0,1
Republic of Costa Rica,126,Female,10-14 years,30,0,1
Republic of Costa Rica,126,Female,15-19 years,30,0,1
Republic of Costa Rica,126,Female,20-24 years,30,0,1
Republic of Costa Rica,126,Female,25-29 years,30,0,1
Republic of Costa Rica,126,Female,30-34 years,30,0,1
Republic of Costa Rica,126,Female,35-39 years,30,0,1
Republic of Costa Rica,126,Female,40-44 years,30,0,1
Republic of Costa Rica,126,Female,45-49 years,30,0,1
Republic of Costa Rica,126,Female,5-9 years,30,0,1
Republic of Costa Rica,126,Female,50-54 years,30,0,1
Republic of Costa Rica,126,Female,55-59 years,30,0,1
Republic of Costa Rica,126,Female,60-64 years,30,0,1
Republic of Costa Rica,126,Female,65-69 years,30,0,1
Republic of Costa Rica,126,Female,70-74 years,30,0,1
Republic of Costa Rica,126,Female,75-79 years,30,0,1
Republic of Costa Rica,126,Female,80-84 years,30,0,1
Republic of Costa Rica,126,Female,85-89 years,30,0,1
Republic of Costa Rica,126,Female,90-94 years,30,0,1
Republic of Costa Rica,126,Female,95+ years,30,0,1
Republic of Costa Rica,126,Female,<5 years,30,0,1
Republic of Croatia,46,Female,10-14 years,30,0,1
Republic of Croatia,46,Female,15-19 years,30,0,1
Republic of Croatia,46,Female,20-24 years,30,0,1
Republic of Croatia,46,Female,25-29 years,30,0,1
Republic of Croatia,46,Female,30-34 years,30,0,1
Republic of Croatia,46,Female,35-39 years,30,0,1
Republic of Croatia,46,Female,40-44 years,30,0,1
Republic of Croatia,46,Female,45-49 years,30,0,1
Republic of Croatia,46,Female,5-9 years,30,0,1
Republic of Croatia,46,Female,50-54 years,30,0,1
Republic of Croatia,46,Female,55-59 years,30,0,1
Republic of Croatia,46,Female,60-64 years,30,0,1
Republic of Croatia,46,Female,65-69 years,30,0,1
Republic of Croatia,46,Female,70-74 years,30,0,1
Republic of Croatia,46,Female,75-79 years,30,0,1
Republic of Croatia,46,Female,80-84 years,30,0,1
Republic of Croatia,46,Female,85-89 years,30,0,1
Republic of Croatia,46,Female,90-94 years,30,0,1
Republic of Croatia,46,Female,95+ years,30,0,1
Republic of Croatia,46,Female,<5 years,30,0,1
Republic of Cuba,109,Female,10-14 years,30,0,1
Republic of Cuba,109,Female,15-19 years,30,0,1
Republic of Cuba,109,Female,20-24 years,30,0,1
Republic of Cuba,109,Female,25-29 years,30,0,1
Republic of Cuba,109,Female,30-34 years,30,0,1
Republic of Cuba,109,Female,35-39 years,30,0,1
Republic of Cuba,109,Female,40-44 years,30,0,1
Republic of Cuba,109,Female,45-49 years,30,0,1
Republic of Cuba,109,Female,5-9 years,30,0,1
Republic of Cuba,109,Female,50-54 years,30,0,1
Republic of Cuba,109,Female,55-59 years,30,0,1
Republic of Cuba,109,Female,60-64 years,30,0,1
Republic of Cuba,109,Female,65-69 years,30,0,1
Republic of Cuba,109,Female,70-74 years,30,0,1
Republic of Cuba,109,Female,75-79 years,30,0,1
Republic of Cuba,109,Female,80-84 years,30,0,1
Republic of Cuba,109,Female,85-89 years,30,0,1
Republic of Cuba,109,Female,90-94 years,30,0,1
Republic of Cuba,109,Female,95+ years,30,0,1
Republic of Cuba,109,Female,<5 years,30,0,1
Republic of Cyprus,77,Female,10-14 years,30,0,1
Republic of Cyprus,77,Female,15-19 years,30,0,1
Republic of Cyprus,77,Female,20-24 years,30,0,1
Republic of Cyprus,77,Female,25-29 years,30,0,1
Republic of Cyprus,77,Female,30-34 years,30,0,1
Republic of Cyprus,77,Female,35-39 years,30,0,1
Republic of Cyprus,77,Female,40-44 years,30,0,1
Republic of Cyprus,77,Female,45-49 years,30,0,1
Republic of Cyprus,77,Female,5-9 years,30,0,1
Republic of Cyprus,77,Female,50-54 years,30,0,1
Republic of Cyprus,77,Female,55-59 years,30,0,1
Republic of Cyprus,77,Female,60-64 years,30,0,1
Republic of Cyprus,77,Female,65-69 years,30,0,1
Republic of Cyprus,77,Female,70-74 years,30,0,1
Republic of Cyprus,77,Female,75-79 years,30,0,1
Republic of Cyprus,77,Female,80-84 years,30,0,1
Republic of Cyprus,77,Female,85-89 years,30,0,1
Republic of Cyprus,77,Female,90-94 years,30,0,1
Republic of Cyprus,77,Female,95+ years,30,0,1
Republic of Cyprus,77,Female,<5 years,30,0,1
Republic of Djibouti,177,Female,10-14 years,30,0,1
Republic of Djibouti,177,Female,15-19 years,30,0,1
Republic of Djibouti,177,Female,20-24 years,30,0,1
Republic of Djibouti,177,Female,25-29 years,30,0,1
Republic of Djibouti,177,Female,30-34 years,30,0,1
Republic of Djibouti,177,Female,35-39 years,30,0,1
Republic of Djibouti,177,Female,40-44 years,30,0,1
Republic of Djibouti,177,Female,45-49 years,30,0,1
Republic of Djibouti,177,Female,5-9 years,30,0,1
Republic of Djibouti,177,Female,50-54 years,30,0,1
Republic of Djibouti,177,Female,55-59 years,30,0,1
Republic of Djibouti,177,Female,60-64 years,30,0,1
Republic of Djibouti,177,Female,65-69 years,30,0,1
Republic of Djibouti,177,Female,70-74 years,30,0,1
Republic of Djibouti,177,Female,75-79 years,30,0,1
Republic of Djibouti,177,Female,80-84 years,30,0,1
Republic of Djibouti,177,Female,85-89 years,30,0,1
Republic of Djibouti,177,Female,90-94 years,30,0,1
Republic of Djibouti,177,Female,95+ years,30,0,1
Republic of Djibouti,177,Female,<5 years,30,0,1
Republic of Ecuador,122,Female,10-14 years,30,0,1
Republic of Ecuador,122,Female,15-19 years,30,0,1
Republic of Ecuador,122,Female,20-24 years,30,0,1
Republic of Ecuador,122,Female,25-29 years,30,0,1
Republic of Ecuador,122,Female,30-34 years,30,0,1
Republic of Ecuador,122,Female,35-39 years,30,0,1
Republic of Ecuador,122,Female,40-44 years,30,0,1
Republic of Ecuador,122,Female,45-49 years,30,0,1
Republic of Ecuador,122,Female,5-9 years,30,0,1
Republic of Ecuador,122,Female,50-54 years,30,0,1
Republic of Ecuador,122,Female,55-59 years,30,0,1
Republic of Ecuador,122,Female,60-64 years,30,0,1
Republic of Ecuador,122,Female,65-69 years,30,0,1
Republic of Ecuador,122,Female,70-74 years,30,0,1
Republic of Ecuador,122,Female,75-79 years,30,0,1
Republic of Ecuador,122,Female,80-84 years,30,0,1
Republic of Ecuador,122,Female,85-89 years,30,0,1
Republic of Ecuador,122,Female,90-94 years,30,0,1
Republic of Ecuador,122,Female,95+ years,30,0,1
Republic of Ecuador,122,Female,<5 years,30,0,1
Republic of El Salvador,127,Female,10-14 years,30,0,1
Republic of El Salvador,127,Female,15-19 years,30,0,1
Republic of El Salvador,127,Female,20-24 years,30,0,1
Republic of El Salvador,127,Female,25-29 years,30,0,1
Republic of El Salvador,127,Female,30-34 years,30,0,1
Republic of El Salvador,127,Female,35-39 years,30,0,1
Republic of El Salvador,127,Female,40-44 years,30,0,1
Republic of El Salvador,127,Female,45-49 years,30,0,1
Republic of El Salvador,127,Female,5-9 years,30,0,1
Republic of El Salvador,127,Female,50-54 years,30,0,1
Republic of El Salvador,127,Female,55-59 years,30,0,1
Republic of El Salvador,127,Female,60-64 years,30,0,1
Republic of El Salvador,127,Female,65-69 years,30,0,1
Republic of El Salvador,127,Female,70-74 years,30,0,1
Republic of El Salvador,127,Female,75-79 years,30,0,1
Republic of El Salvador,127,Female,80-84 years,30,0,1
Republic of El Salvador,127,Female,85-89 years,30,0,1
Republic of El Salvador,127,Female,90-94 years,30,0,1
Republic of El Salvador,127,Female,95+ years,30,0,1
Republic of El Salvador,127,Female,<5 years,30,0,1
Republic of Equatorial Guinea,172,Female,10-14 years,30,0,1
Republic of Equatorial Guinea,172,Female,15-19 years,30,0,1
Republic of Equatorial Guinea,172,Female,20-24 years,30,0,1
Republic of Equatorial Guinea,172,Female,25-29 years,30,0,1
Republic of Equatorial Guinea,172,Female,30-34 years,30,0,1
Republic of Equatorial Guinea,172,Female,35-39 years,30,0,1
Republic of Equatorial Guinea,172,Female,40-44 years,30,0,1
Republic of Equatorial Guinea,172,Female,45-49 years,30,0,1
Republic of Equatorial Guinea,172,Female,5-9 years,30,0,1
Republic of Equatorial Guinea,172,Female,50-54 years,30,0,1
Republic of Equatorial Guinea,172,Female,55-59 years,30,0,1
Republic of Equatorial Guinea,172,Female,60-64 years,30,0,1
Republic of Equatorial Guinea,172,Female,65-69 years,30,0,1
Republic of Equatorial Guinea,172,Female,70-74 years,30,0,1
Republic of Equatorial Guinea,172,Female,75-79 years,30,0,1
Republic of Equatorial Guinea,172,Female,80-84 years,30,0,1
Republic of Equatorial Guinea,172,Female,85-89 years,30,0,1
Republic of Equatorial Guinea,172,Female,90-94 years,30,0,1
Republic of Equatorial Guinea,172,Female,95+ years,30,0,1
Republic of Equatorial Guinea,172,Female,<5 years,30,0,1
Republic of Estonia,58,Female,10-14 years,30,0,1
Republic of Estonia,58,Female,15-19 years,30,0,1
Republic of Estonia,58,Female,20-24 years,30,0,1
Republic of Estonia,58,Female,25-29 years,30,0,1
Republic of Estonia,58,Female,30-34 years,30,0,1
Republic of Estonia,58,Female,35-39 years,30,0,1
Republic of Estonia,58,Female,40-44 years,30,0,1
Republic of Estonia,58,Female,45-49 years,30,0,1
Republic of Estonia,58,Female,5-9 years,30,0,1
Republic of Estonia,58,Female,50-54 years,30,0,1
Republic of Estonia,58,Female,55-59 years,30,0,1
Republic of Estonia,58,Female,60-64 years,30,0,1
Republic of Estonia,58,Female,65-69 years,30,0,1
Republic of Estonia,58,Female,70-74 years,30,0,1
Republic of Estonia,58,Female,75-79 years,30,0,1
Republic of Estonia,58,Female,80-84 years,30,0,1
Republic of Estonia,58,Female,85-89 years,30,0,1
Republic of Estonia,58,Female,90-94 years,30,0,1
Republic of Estonia,58,Female,95+ years,30,0,1
Republic of Estonia,58,Female,<5 years,30,0,1
Republic of Fiji,22,Female,10-14 years,30,0,1
Republic of Fiji,22,Female,15-19 years,30,0,1
Republic of Fiji,22,Female,20-24 years,30,0,1
Republic of Fiji,22,Female,25-29 years,30,0,1
Republic of Fiji,22,Female,30-34 years,30,0,1
Republic of Fiji,22,Female,35-39 years,30,0,1
Republic of Fiji,22,Female,40-44 years,30,0,1
Republic of Fiji,22,Female,45-49 years,30,0,1
Republic of Fiji,22,Female,5-9 years,30,0,1
Republic of Fiji,22,Female,50-54 years,30,0,1
Republic of Fiji,22,Female,55-59 years,30,0,1
Republic of Fiji,22,Female,60-64 years,30,0,1
Republic of Fiji,22,Female,65-69 years,30,0,1
Republic of Fiji,22,Female,70-74 years,30,0,1
Republic of Fiji,22,Female,75-79 years,30,0,1
Republic of Fiji,22,Female,80-84 years,30,0,1
Republic of Fiji,22,Female,85-89 years,30,0,1
Republic of Fiji,22,Female,90-94 years,30,0,1
Republic of Fiji,22,Female,95+ years,30,0,1
Republic of Fiji,22,Female,<5 years,30,0,1
Republic of Finland,79,Female,10-14 years,30,0,1
Republic of Finland,79,Female,15-19 years,30,0,1
Republic of Finland,79,Female,20-24 years,30,0,1
Republic of Finland,79,Female,25-29 years,30,0,1
Republic of Finland,79,Female,30-34 years,30,0,1
Republic of Finland,79,Female,35-39 years,30,0,1
Republic of Finland,79,Female,40-44 years,30,0,1
Republic of Finland,79,Female,45-49 years,30,0,1
Republic of Finland,79,Female,5-9 years,30,0,1
Republic of Finland,79,Female,50-54 years,30,0,1
Republic of Finland,79,Female,55-59 years,30,0,1
Republic of Finland,79,Female,60-64 years,30,0,1
Republic of Finland,79,Female,65-69 years,30,0,1
Republic of Finland,79,Female,70-74 years,30,0,1
Republic of Finland,79,Female,75-79 years,30,0,1
Republic of Finland,79,Female,80-84 years,30,0,1
Republic of Finland,79,Female,85-89 years,30,0,1
Republic of Finland,79,Female,90-94 years,30,0,1
Republic of Finland,79,Female,95+ years,30,0,1
Republic of Finland,79,Female,<5 years,30,0,1
Republic of Ghana,207,Female,10-14 years,30,0,1
Republic of Ghana,207,Female,15-19 years,30,0,1
Republic of Ghana,207,Female,20-24 years,30,0,1
Republic of Ghana,207,Female,25-29 years,30,0,1
Republic of Ghana,207,Female,30-34 years,30,0,1
Republic of Ghana,207,Female,35-39 years,30,0,1
Republic of Ghana,207,Female,40-44 years,30,0,1
Republic of Ghana,207,Female,45-49 years,30,0,1
Republic of Ghana,207,Female,5-9 years,30,0,1
Republic of Ghana,207,Female,50-54 years,30,0,1
Republic of Ghana,207,Female,55-59 years,30,0,1
Republic of Ghana,207,Female,60-64 years,30,0,1
Republic of Ghana,207,Female,65-69 years,30,0,1
Republic of Ghana,207,Female,70-74 years,30,0,1
Republic of Ghana,207,Female,75-79 years,30,0,1
Republic of Ghana,207,Female,80-84 years,30,0,1
Republic of Ghana,207,Female,85-89 years,30,0,1
Republic of Ghana,207,Female,90-94 years,30,0,1
Republic of Ghana,207,Female,95+ years,30,0,1
Republic of Ghana,207,Female,<5 years,30,0,1
Republic of Guatemala,128,Female,10-14 years,30,0,1
Republic of Guatemala,128,Female,15-19 years,30,0,1
Republic of Guatemala,128,Female,20-24 years,30,0,1
Republic of Guatemala,128,Female,25-29 years,30,0,1
Republic of Guatemala,128,Female,30-34 years,30,0,1
Republic of Guatemala,128,Female,35-39 years,30,0,1
Republic of Guatemala,128,Female,40-44 years,30,0,1
Republic of Guatemala,128,Female,45-49 years,30,0,1
Republic of Guatemala,128,Female,5-9 years,30,0,1
Republic of Guatemala,128,Female,50-54 years,30,0,1
Republic of Guatemala,128,Female,55-59 years,30,0,1
Republic of Guatemala,128,Female,60-64 years,30,0,1
Republic of Guatemala,128,Female,65-69 years,30,0,1
Republic of Guatemala,128,Female,70-74 years,30,0,1
Republic of Guatemala,128,Female,75-79 years,30,0,1
Republic of Guatemala,128,Female,80-84 years,30,0,1
Republic of Guatemala,128,Female,85-89 years,30,0,1
Republic of Guatemala,128,Female,90-94 years,30,0,1
Republic of Guatemala,128,Female,95+ years,30,0,1
Republic of Guatemala,128,Female,<5 years,30,0,1
Republic of Guinea,208,Female,10-14 years,30,0,1
Republic of Guinea,208,Female,15-19 years,30,0,1
Republic of Guinea,208,Female,20-24 years,30,0,1
Republic of Guinea,208,Female,25-29 years,30,0,1
Republic of Guinea,208,Female,30-34 years,30,0,1
Republic of Guinea,208,Female,35-39 years,30,0,1
Republic of Guinea,208,Female,40-44 years,30,0,1
Republic of Guinea,208,Female,45-49 years,30,0,1
Republic of Guinea,208,Female,5-9 years,30,0,1
Republic of Guinea,208,Female,50-54 years,30,0,1
Republic of Guinea,208,Female,55-59 years,30,0,1
Republic of Guinea,208,Female,60-64 years,30,0,1
Republic of Guinea,208,Female,65-69 years,30,0,1
Republic of Guinea,208,Female,70-74 years,30,0,1
Republic of Guinea,208,Female,75-79 years,30,0,1
Republic of Guinea,208,Female,80-84 years,30,0,1
Republic of Guinea,208,Female,85-89 years,30,0,1
Republic of Guinea,208,Female,90-94 years,30,0,1
Republic of Guinea,208,Female,95+ years,30,0,1
Republic of Guinea,208,Female,<5 years,30,0,1
Republic of Guinea-Bissau,209,Female,10-14 years,30,0,1
Republic of Guinea-Bissau,209,Female,15-19 years,30,0,1
Republic of Guinea-Bissau,209,Female,20-24 years,30,0,1
Republic of Guinea-Bissau,209,Female,25-29 years,30,0,1
Republic of Guinea-Bissau,209,Female,30-34 years,30,0,1
Republic of Guinea-Bissau,209,Female,35-39 years,30,0,1
Republic of Guinea-Bissau,209,Female,40-44 years,30,0,1
Republic of Guinea-Bissau,209,Female,45-49 years,30,0,1
Republic of Guinea-Bissau,209,Female,5-9 years,30,0,1
Republic of Guinea-Bissau,209,Female,50-54 years,30,0,1
Republic of Guinea-Bissau,209,Female,55-59 years,30,0,1
Republic of Guinea-Bissau,209,Female,60-64 years,30,0,1
Republic of Guinea-Bissau,209,Female,65-69 years,30,0,1
Republic of Guinea-Bissau,209,Female,70-74 years,30,0,1
Republic of Guinea-Bissau,209,Female,75-79 years,30,0,1
Republic of Guinea-Bissau,209,Female,80-84 years,30,0,1
Republic of Guinea-Bissau,209,Female,85-89 years,30,0,1
Republic of Guinea-Bissau,209,Female,90-94 years,30,0,1
Republic of Guinea-Bissau,209,Female,95+ years,30,0,1
Republic of Guinea-Bissau,209,Female,<5 years,30,0,1
Republic of Guyana,113,Female,10-14 years,30,0,1
Republic of Guyana,113,Female,15-19 years,30,0,1
Republic of Guyana,113,Female,20-24 years,30,0,1
Republic of Guyana,113,Female,25-29 years,30,0,1
Republic of Guyana,113,Female,30-34 years,30,0,1
Republic of Guyana,113,Female,35-39 years,30,0,1
Republic of Guyana,113,Female,40-44 years,30,0,1
Republic of Guyana,113,Female,45-49 years,30,0,1
Republic of Guyana,113,Female,5-9 years,30,0,1
Republic of Guyana,113,Female,50-54 years,30,0,1
Republic of Guyana,113,Female,55-59 years,30,0,1
Republic of Guyana,113,Female,60-64 years,30,0,1
Republic of Guyana,113,Female,65-69 years,30,0,1
Republic of Guyana,113,Female,70-74 years,30,0,1
Republic of Guyana,113,Female,75-79 years,30,0,1
Republic of Guyana,113,Female,80-84 years,30,0,1
Republic of Guyana,113,Female,85-89 years,30,0,1
Republic of Guyana,113,Female,90-94 years,30,0,1
Republic of Guyana,113,Female,95+ years,30,0,1
Republic of Guyana,113,Female,<5 years,30,0,1
Republic of Haiti,114,Female,10-14 years,30,0,1
Republic of Haiti,114,Female,15-19 years,30,0,1
Republic of Haiti,114,Female,20-24 years,30,0,1
Republic of Haiti,114,Female,25-29 years,30,0,1
Republic of Haiti,114,Female,30-34 years,30,0,1
Republic of Haiti,114,Female,35-39 years,30,0,1
Republic of Haiti,114,Female,40-44 years,30,0,1
Republic of Haiti,114,Female,45-49 years,30,0,1
Republic of Haiti,114,Female,5-9 years,30,0,1
Republic of Haiti,114,Female,50-54 years,30,0,1
Republic of Haiti,114,Female,55-59 years,30,0,1
Republic of Haiti,114,Female,60-64 years,30,0,1
Republic of Haiti,114,Female,65-69 years,30,0,1
Republic of Haiti,114,Female,70-74 years,30,0,1
Republic of Haiti,114,Female,75-79 years,30,0,1
Republic of Haiti,114,Female,80-84 years,30,0,1
Republic of Haiti,114,Female,85-89 years,30,0,1
Republic of Haiti,114,Female,90-94 years,30,0,1
Republic of Haiti,114,Female,95+ years,30,0,1
Republic of Haiti,114,Female,<5 years,30,0,1
Republic of Honduras,129,Female,10-14 years,30,0,1
Republic of Honduras,129,Female,15-19 years,30,0,1
Republic of Honduras,129,Female,20-24 years,30,0,1
Republic of Honduras,129,Female,25-29 years,30,0,1
Republic of Honduras,129,Female,30-34 years,30,0,1
Republic of Honduras,129,Female,35-39 years,30,0,1
Republic of Honduras,129,Female,40-44 years,30,0,1
Republic of Honduras,129,Female,45-49 years,30,0,1
Republic of Honduras,129,Female,5-9 years,30,0,1
Republic of Honduras,129,Female,50-54 years,30,0,1
Republic of Honduras,129,Female,55-59 years,30,0,1
Republic of Honduras,129,Female,60-64 years,30,0,1
Republic of Honduras,129,Female,65-69 years,30,0,1
Republic of Honduras,129,Female,70-74 years,30,0,1
Republic of Honduras,129,Female,75-79 years,30,0,1
Republic of Honduras,129,Female,80-84 years,30,0,1
Republic of Honduras,129,Female,85-89 years,30,0,1
Republic of Honduras,129,Female,90-94 years,30,0,1
Republic of Honduras,129,Female,95+ years,30,0,1
Republic of Honduras,129,Female,<5 years,30,0,1
Republic of Iceland,83,Female,10-14 years,30,0,1
Republic of Iceland,83,Female,15-19 years,30,0,1
Republic of Iceland,83,Female,20-24 years,30,0,1
Republic of Iceland,83,Female,25-29 years,30,0,1
Republic of Iceland,83,Female,30-34 years,30,0,1
Republic of Iceland,83,Female,35-39 years,30,0,1
Republic of Iceland,83,Female,40-44 years,30,0,1
Republic of Iceland,83,Female,45-49 years,30,0,1
Republic of Iceland,83,Female,5-9 years,30,0,1
Republic of Iceland,83,Female,50-54 years,30,0,1
Republic of Iceland,83,Female,55-59 years,30,0,1
Republic of Iceland,83,Female,60-64 years,30,0,1
Republic of Iceland,83,Female,65-69 years,30,0,1
Republic of Iceland,83,Female,70-74 years,30,0,1
Republic of Iceland,83,Female,75-79 years,30,0,1
Republic of Iceland,83,Female,80-84 years,30,0,1
Republic of Iceland,83,Female,85-89 years,30,0,1
Republic of Iceland,83,Female,90-94 years,30,0,1
Republic of Iceland,83,Female,95+ years,30,0,1
Republic of Iceland,83,Female,<5 years,30,0,1
Republic of India,163,Female,10-14 years,30,0,1
Republic of India,163,Female,15-19 years,30,0,1
Republic of India,163,Female,20-24 years,30,0,1
Republic of India,163,Female,25-29 years,30,0,1
Republic of India,163,Female,30-34 years,30,0,1
Republic of India,163,Female,35-39 years,30,0,1
Republic of India,163,Female,40-44 years,30,0,1
Republic of India,163,Female,45-49 years,30,0,1
Republic of India,163,Female,5-9 years,30,0,1
Republic of India,163,Female,50-54 years,30,0,1
Republic of India,163,Female,55-59 years,30,0,1
Republic of India,163,Female,60-64 years,30,0,1
Republic of India,163,Female,65-69 years,30,0,1
Republic of India,163,Female,70-74 years,30,0,1
Republic of India,163,Female,75-79 years,30,0,1
Republic of India,163,Female,80-84 years,30,0,1
Republic of India,163,Female,85-89 years,30,0,1
Republic of India,163,Female,90-94 years,30,0,1
Republic of India,163,Female,95+ years,30,0,1
Republic of India,163,Female,<5 years,30,0,1
Republic of Indonesia,11,Female,10-14 years,30,0,1
Republic of Indonesia,11,Female,15-19 years,30,0,1
Republic of Indonesia,11,Female,20-24 years,30,0,1
Republic of Indonesia,11,Female,25-29 years,30,0,1
Republic of Indonesia,11,Female,30-34 years,30,0,1
Republic of Indonesia,11,Female,35-39 years,30,0,1
Republic of Indonesia,11,Female,40-44 years,30,0,1
Republic of Indonesia,11,Female,45-49 years,30,0,1
Republic of Indonesia,11,Female,5-9 years,30,0,1
Republic of Indonesia,11,Female,50-54 years,30,0,1
Republic of Indonesia,11,Female,55-59 years,30,0,1
Republic of Indonesia,11,Female,60-64 years,30,0,1
Republic of Indonesia,11,Female,65-69 years,30,0,1
Republic of Indonesia,11,Female,70-74 years,30,0,1
Republic of Indonesia,11,Female,75-79 years,30,0,1
Republic of Indonesia,11,Female,80-84 years,30,0,1
Republic of Indonesia,11,Female,85-89 years,30,0,1
Republic of Indonesia,11,Female,90-94 years,30,0,1
Republic of Indonesia,11,Female,95+ years,30,0,1
Republic of Indonesia,11,Female,<5 years,30,0,1
Republic of Iraq,143,Female,10-14 years,30,0,1
Republic of Iraq,143,Female,15-19 years,30,0,1
Republic of Iraq,143,Female,20-24 years,30,0,1
Republic of Iraq,143,Female,25-29 years,30,0,1
Republic of Iraq,143,Female,30-34 years,30,0,1
Republic of Iraq,143,Female,35-39 years,30,0,1
Republic of Iraq,143,Female,40-44 years,30,0,1
Republic of Iraq,143,Female,45-49 years,30,0,1
Republic of Iraq,143,Female,5-9 years,30,0,1
Republic of Iraq,143,Female,50-54 years,30,0,1
Republic of Iraq,143,Female,55-59 years,30,0,1
Republic of Iraq,143,Female,60-64 years,30,0,1
Republic of Iraq,143,Female,65-69 years,30,0,1
Republic of Iraq,143,Female,70-74 years,30,0,1
Republic of Iraq,143,Female,75-79 years,30,0,1
Republic of Iraq,143,Female,80-84 years,30,0,1
Republic of Iraq,143,Female,85-89 years,30,0,1
Republic of Iraq,143,Female,90-94 years,30,0,1
Republic of Iraq,143,Female,95+ years,30,0,1
Republic of Iraq,143,Female,<5 years,30,0,1
Republic of Italy,86,Female,10-14 years,30,0,1
Republic of Italy,86,Female,15-19 years,30,0,1
Republic of Italy,86,Female,20-24 years,30,0,1
Republic of Italy,86,Female,25-29 years,30,0,1
Republic of Italy,86,Female,30-34 years,30,0,1
Republic of Italy,86,Female,35-39 years,30,0,1
Republic of Italy,86,Female,40-44 years,30,0,1
Republic of Italy,86,Female,45-49 years,30,0,1
Republic of Italy,86,Female,5-9 years,30,0,1
Republic of Italy,86,Female,50-54 years,30,0,1
Republic of Italy,86,Female,55-59 years,30,0,1
Republic of Italy,86,Female,60-64 years,30,0,1
Republic of Italy,86,Female,65-69 years,30,0,1
Republic of Italy,86,Female,70-74 years,30,0,1
Republic of Italy,86,Female,75-79 years,30,0,1
Republic of Italy,86,Female,80-84 years,30,0,1
Republic of Italy,86,Female,85-89 years,30,0,1
Republic of Italy,86,Female,90-94 years,30,0,1
Republic of Italy,86,Female,95+ years,30,0,1
Republic of Italy,86,Female,<5 years,30,0,1
Republic of Kazakhstan,36,Female,10-14 years,30,0,1
Republic of Kazakhstan,36,Female,15-19 years,30,0,1
Republic of Kazakhstan,36,Female,20-24 years,30,0,1
Republic of Kazakhstan,36,Female,25-29 years,30,0,1
Republic of Kazakhstan,36,Female,30-34 years,30,0,1
Republic of Kazakhstan,36,Female,35-39 years,30,0,1
Republic of Kazakhstan,36,Female,40-44 years,30,0,1
Republic of Kazakhstan,36,Female,45-49 years,30,0,1
Republic of Kazakhstan,36,Female,5-9 years,30,0,1
Republic of Kazakhstan,36,Female,50-54 years,30,0,1
Republic of Kazakhstan,36,Female,55-59 years,30,0,1
Republic of Kazakhstan,36,Female,60-64 years,30,0,1
Republic of Kazakhstan,36,Female,65-69 years,30,0,1
Republic of Kazakhstan,36,Female,70-74 years,30,0,1
Republic of Kazakhstan,36,Female,75-79 years,30,0,1
Republic of Kazakhstan,36,Female,80-84 years,30,0,1
Republic of Kazakhstan,36,Female,85-89 years,30,0,1
Republic of Kazakhstan,36,Female,90-94 years,30,0,1
Republic of Kazakhstan,36,Female,95+ years,30,0,1
Republic of Kazakhstan,36,Female,<5 years,30,0,1
Republic of Kenya,180,Female,10-14 years,30,0,1
Republic of Kenya,180,Female,15-19 years,30,0,1
Republic of Kenya,180,Female,20-24 years,30,0,1
Republic of Kenya,180,Female,25-29 years,30,0,1
Republic of Kenya,180,Female,30-34 years,30,0,1
Republic of Kenya,180,Female,35-39 years,30,0,1
Republic of Kenya,180,Female,40-44 years,30,0,1
Republic of Kenya,180,Female,45-49 years,30,0,1
Republic of Kenya,180,Female,5-9 years,30,0,1
Republic of Kenya,180,Female,50-54 years,30,0,1
Republic of Kenya,180,Female,55-59 years,30,0,1
Republic of Kenya,180,Female,60-64 years,30,0,1
Republic of Kenya,180,Female,65-69 years,30,0,1
Republic of Kenya,180,Female,70-74 years,30,0,1
Republic of Kenya,180,Female,75-79 years,30,0,1
Republic of Kenya,180,Female,80-84 years,30,0,1
Republic of Kenya,180,Female,85-89 years,30,0,1
Republic of Kenya,180,Female,90-94 years,30,0,1
Republic of Kenya,180,Female,95+ years,30,0,1
Republic of Kenya,180,Female,<5 years,30,0,1
Republic of Kiribati,23,Female,10-14 years,30,0,1
Republic of Kiribati,23,Female,15-19 years,30,0,1
Republic of Kiribati,23,Female,20-24 years,30,0,1
Republic of Kiribati,23,Female,25-29 years,30,0,1
Republic of Kiribati,23,Female,30-34 years,30,0,1
Republic of Kiribati,23,Female,35-39 years,30,0,1
Republic of Kiribati,23,Female,40-44 years,30,0,1
Republic of Kiribati,23,Female,45-49 years,30,0,1
Republic of Kiribati,23,Female,5-9 years,30,0,1
Republic of Kiribati,23,Female,50-54 years,30,0,1
Republic of Kiribati,23,Female,55-59 years,30,0,1
Republic of Kiribati,23,Female,60-64 years,30,0,1
Republic of Kiribati,23,Female,65-69 years,30,0,1
Republic of Kiribati,23,Female,70-74 years,30,0,1
Republic of Kiribati,23,Female,75-79 years,30,0,1
Republic of Kiribati,23,Female,80-84 years,30,0,1
Republic of Kiribati,23,Female,85-89 years,30,0,1
Republic of Kiribati,23,Female,90-94 years,30,0,1
Republic of Kiribati,23,Female,95+ years,30,0,1
Republic of Kiribati,23,Female,<5 years,30,0,1
Republic of Korea,68,Female,10-14 years,30,0,1
Republic of Korea,68,Female,15-19 years,30,0,1
Republic of Korea,68,Female,20-24 years,30,0,1
Republic of Korea,68,Female,25-29 years,30,0,1
Republic of Korea,68,Female,30-34 years,30,0,1
Republic of Korea,68,Female,35-39 years,30,0,1
Republic of Korea,68,Female,40-44 years,30,0,1
Republic of Korea,68,Female,45-49 years,30,0,1
Republic of Korea,68,Female,5-9 years,30,0,1
Republic of Korea,68,Female,50-54 years,30,0,1
Republic of Korea,68,Female,55-59 years,30,0,1
Republic of Korea,68,Female,60-64 years,30,0,1
Republic of Korea,68,Female,65-69 years,30,0,1
Republic of Korea,68,Female,70-74 years,30,0,1
Republic of Korea,68,Female,75-79 years,30,0,1
Republic of Korea,68,Female,80-84 years,30,0,1
Republic of Korea,68,Female,85-89 years,30,0,1
Republic of Korea,68,Female,90-94 years,30,0,1
Republic of Korea,68,Female,95+ years,30,0,1
Republic of Korea,68,Female,<5 years,30,0,1
Republic of Latvia,59,Female,10-14 years,30,0,1
Republic of Latvia,59,Female,15-19 years,30,0,1
Republic of Latvia,59,Female,20-24 years,30,0,1
Republic of Latvia,59,Female,25-29 years,30,0,1
Republic of Latvia,59,Female,30-34 years,30,0,1
Republic of Latvia,59,Female,35-39 years,30,0,1
Republic of Latvia,59,Female,40-44 years,30,0,1
Republic of Latvia,59,Female,45-49 years,30,0,1
Republic of Latvia,59,Female,5-9 years,30,0,1
Republic of Latvia,59,Female,50-54 years,30,0,1
Republic of Latvia,59,Female,55-59 years,30,0,1
Republic of Latvia,59,Female,60-64 years,30,0,1
Republic of Latvia,59,Female,65-69 years,30,0,1
Republic of Latvia,59,Female,70-74 years,30,0,1
Republic of Latvia,59,Female,75-79 years,30,0,1
Republic of Latvia,59,Female,80-84 years,30,0,1
Republic of Latvia,59,Female,85-89 years,30,0,1
Republic of Latvia,59,Female,90-94 years,30,0,1
Republic of Latvia,59,Female,95+ years,30,0,1
Republic of Latvia,59,Female,<5 years,30,0,1
Republic of Liberia,210,Female,10-14 years,30,0,1
Republic of Liberia,210,Female,15-19 years,30,0,1
Republic of Liberia,210,Female,20-24 years,30,0,1
Republic of Liberia,210,Female,25-29 years,30,0,1
Republic of Liberia,210,Female,30-34 years,30,0,1
Republic of Liberia,210,Female,35-39 years,30,0,1
Republic of Liberia,210,Female,40-44 years,30,0,1
Republic of Liberia,210,Female,45-49 years,30,0,1
Republic of Liberia,210,Female,5-9 years,30,0,1
Republic of Liberia,210,Female,50-54 years,30,0,1
Republic of Liberia,210,Female,55-59 years,30,0,1
Republic of Liberia,210,Female,60-64 years,30,0,1
Republic of Liberia,210,Female,65-69 years,30,0,1
Republic of Liberia,210,Female,70-74 years,30,0,1
Republic of Liberia,210,Female,75-79 years,30,0,1
Republic of Liberia,210,Female,80-84 years,30,0,1
Republic of Liberia,210,Female,85-89 years,30,0,1
Republic of Liberia,210,Female,90-94 years,30,0,1
Republic of Liberia,210,Female,95+ years,30,0,1
Republic of Liberia,210,Female,<5 years,30,0,1
Republic of Lithuania,60,Female,10-14 years,30,0,1
Republic of Lithuania,60,Female,15-19 years,30,0,1
Republic of Lithuania,60,Female,20-24 years,30,0,1
Republic of Lithuania,60,Female,25-29 years,30,0,1
Republic of Lithuania,60,Female,30-34 years,30,0,1
Republic of Lithuania,60,Female,35-39 years,30,0,1
Republic of Lithuania,60,Female,40-44 years,30,0,1
Republic of Lithuania,60,Female,45-49 years,30,0,1
Republic of Lithuania,60,Female,5-9 years,30,0,1
Republic of Lithuania,60,Female,50-54 years,30,0,1
Republic of Lithuania,60,Female,55-59 years,30,0,1
Republic of Lithuania,60,Female,60-64 years,30,0,1
Republic of Lithuania,60,Female,65-69 years,30,0,1
Republic of Lithuania,60,Female,70-74 years,30,0,1
Republic of Lithuania,60,Female,75-79 years,30,0,1
Republic of Lithuania,60,Female,80-84 years,30,0,1
Republic of Lithuania,60,Female,85-89 years,30,0,1
Republic of Lithuania,60,Female,90-94 years,30,0,1
Republic of Lithuania,60,Female,95+ years,30,0,1
Republic of Lithuania,60,Female,<5 years,30,0,1
Republic of Madagascar,181,Female,10-14 years,30,0,1
Republic of Madagascar,181,Female,15-19 years,30,0,1
Republic of Madagascar,181,Female,20-24 years,30,0,1
Republic of Madagascar,181,Female,25-29 years,30,0,1
Republic of Madagascar,181,Female,30-34 years,30,0,1
Republic of Madagascar,181,Female,35-39 years,30,0,1
Republic of Madagascar,181,Female,40-44 years,30,0,1
Republic of Madagascar,181,Female,45-49 years,30,0,1
Republic of Madagascar,181,Female,5-9 years,30,0,1
Republic of Madagascar,181,Female,50-54 years,30,0,1
Republic of Madagascar,181,Female,55-59 years,30,0,1
Republic of Madagascar,181,Female,60-64 years,30,0,1
Republic of Madagascar,181,Female,65-69 years,30,0,1
Republic of Madagascar,181,Female,70-74 years,30,0,1
Republic of Madagascar,181,Female,75-79 years,30,0,1
Republic of Madagascar,181,Female,80-84 years,30,0,1
Republic of Madagascar,181,Female,85-89 years,30,0,1
Republic of Madagascar,181,Female,90-94 years,30,0,1
Republic of Madagascar,181,Female,95+ years,30,0,1
Republic of Madagascar,181,Female,<5 years,30,0,1
Republic of Malawi,182,Female,10-14 years,30,0,1
Republic of Malawi,182,Female,15-19 years,30,0,1
Republic of Malawi,182,Female,20-24 years,30,0,1
Republic of Malawi,182,Female,25-29 years,30,0,1
Republic of Malawi,182,Female,30-34 years,30,0,1
Republic of Malawi,182,Female,35-39 years,30,0,1
Republic of Malawi,182,Female,40-44 years,30,0,1
Republic of Malawi,182,Female,45-49 years,30,0,1
Republic of Malawi,182,Female,5-9 years,30,0,1
Republic of Malawi,182,Female,50-54 years,30,0,1
Republic of Malawi,182,Female,55-59 years,30,0,1
Republic of Malawi,182,Female,60-64 years,30,0,1
Republic of Malawi,182,Female,65-69 years,30,0,1
Republic of Malawi,182,Female,70-74 years,30,0,1
Republic of Malawi,182,Female,75-79 years,30,0,1
Republic of Malawi,182,Female,80-84 years,30,0,1
Republic of Malawi,182,Female,85-89 years,30,0,1
Republic of Malawi,182,Female,90-94 years,30,0,1
Republic of Malawi,182,Female,95+ years,30,0,1
Republic of Malawi,182,Female,<5 years,30,0,1
Republic of Maldives,14,Female,10-14 years,30,0,1
Republic of Maldives,14,Female,15-19 years,30,0,1
Republic of Maldives,14,Female,20-24 years,30,0,1
Republic of Maldives,14,Female,25-29 years,30,0,1
Republic of Maldives,14,Female,30-34 years,30,0,1
Republic of Maldives,14,Female,35-39 years,30,0,1
Republic of Maldives,14,Female,40-44 years,30,0,1
Republic of Maldives,14,Female,45-49 years,30,0,1
Republic of Maldives,14,Female,5-9 years,30,0,1
Republic of Maldives,14,Female,50-54 years,30,0,1
Republic of Maldives,14,Female,55-59 years,30,0,1
Republic of Maldives,14,Female,60-64 years,30,0,1
Republic of Maldives,14,Female,65-69 years,30,0,1
Republic of Maldives,14,Female,70-74 years,30,0,1
Republic of Maldives,14,Female,75-79 years,30,0,1
Republic of Maldives,14,Female,80-84 years,30,0,1
Republic of Maldives,14,Female,85-89 years,30,0,1
Republic of Maldives,14,Female,90-94 years,30,0,1
Republic of Maldives,14,Female,95+ years,30,0,1
Republic of Maldives,14,Female,<5 years,30,0,1
Republic of Mali,211,Female,10-14 years,30,0,1
Republic of Mali,211,Female,15-19 years,30,0,1
Republic of Mali,211,Female,20-24 years,30,0,1
Republic of Mali,211,Female,25-29 years,30,0,1
Republic of Mali,211,Female,30-34 years,30,0,1
Republic of Mali,211,Female,35-39 years,30,0,1
Republic of Mali,211,Female,40-44 years,30,0,1
Republic of Mali,211,Female,45-49 years,30,0,1
Republic of Mali,211,Female,5-9 years,30,0,1
Republic of Mali,211,Female,50-54 years,30,0,1
Republic of Mali,211,Female,55-59 years,30,0,1
Republic of Mali,211,Female,60-64 years,30,0,1
Republic of Mali,211,Female,65-69 years,30,0,1
Republic of Mali,211,Female,70-74 years,30,0,1
Republic of Mali,211,Female,75-79 years,30,0,1
Republic of Mali,211,Female,80-84 years,30,0,1
Republic of Mali,211,Female,85-89 years,30,0,1
Republic of Mali,211,Female,90-94 years,30,0,1
Republic of Mali,211,Female,95+ years,30,0,1
Republic of Mali,211,Female,<5 years,30,0,1
Republic of Malta,88,Female,10-14 years,30,0,1
Republic of Malta,88,Female,15-19 years,30,0,1
Republic of Malta,88,Female,20-24 years,30,0,1
Republic of Malta,88,Female,25-29 years,30,0,1
Republic of Malta,88,Female,30-34 years,30,0,1
Republic of Malta,88,Female,35-39 years,30,0,1
Republic of Malta,88,Female,40-44 years,30,0,1
Republic of Malta,88,Female,45-49 years,30,0,1
Republic of Malta,88,Female,5-9 years,30,0,1
Republic of Malta,88,Female,50-54 years,30,0,1
Republic of Malta,88,Female,55-59 years,30,0,1
Republic of Malta,88,Female,60-64 years,30,0,1
Republic of Malta,88,Female,65-69 years,30,0,1
Republic of Malta,88,Female,70-74 years,30,0,1
Republic of Malta,88,Female,75-79 years,30,0,1
Republic of Malta,88,Female,80-84 years,30,0,1
Republic of Malta,88,Female,85-89 years,30,0,1
Republic of Malta,88,Female,90-94 years,30,0,1
Republic of Malta,88,Female,95+ years,30,0,1
Republic of Malta,88,Female,<5 years,30,0,1
Republic of Mauritius,183,Female,10-14 years,30,0,1
Republic of Mauritius,183,Female,15-19 years,30,0,1
Republic of Mauritius,183,Female,20-24 years,30,0,1
Republic of Mauritius,183,Female,25-29 years,30,0,1
Republic of Mauritius,183,Female,30-34 years,30,0,1
Republic of Mauritius,183,Female,35-39 years,30,0,1
Republic of Mauritius,183,Female,40-44 years,30,0,1
Republic of Mauritius,183,Female,45-49 years,30,0,1
Republic of Mauritius,183,Female,5-9 years,30,0,1
Republic of Mauritius,183,Female,50-54 years,30,0,1
Republic of Mauritius,183,Female,55-59 years,30,0,1
Republic of Mauritius,183,Female,60-64 years,30,0,1
Republic of Mauritius,183,Female,65-69 years,30,0,1
Republic of Mauritius,183,Female,70-74 years,30,0,1
Republic of Mauritius,183,Female,75-79 years,30,0,1
Republic of Mauritius,183,Female,80-84 years,30,0,1
Republic of Mauritius,183,Female,85-89 years,30,0,1
Republic of Mauritius,183,Female,90-94 years,30,0,1
Republic of Mauritius,183,Female,95+ years,30,0,1
Republic of Mauritius,183,Female,<5 years,30,0,1
Republic of Moldova,61,Female,10-14 years,30,0,1
Republic of Moldova,61,Female,15-19 years,30,0,1
Republic of Moldova,61,Female,20-24 years,30,0,1
Republic of Moldova,61,Female,25-29 years,30,0,1
Republic of Moldova,61,Female,30-34 years,30,0,1
Republic of Moldova,61,Female,35-39 years,30,0,1
Republic of Moldova,61,Female,40-44 years,30,0,1
Republic of Moldova,61,Female,45-49 years,30,0,1
Republic of Moldova,61,Female,5-9 years,30,0,1
Republic of Moldova,61,Female,50-54 years,30,0,1
Republic of Moldova,61,Female,55-59 years,30,0,1
Republic of Moldova,61,Female,60-64 years,30,0,1
Republic of Moldova,61,Female,65-69 years,30,0,1
Republic of Moldova,61,Female,70-74 years,30,0,1
Republic of Moldova,61,Female,75-79 years,30,0,1
Republic of Moldova,61,Female,80-84 years,30,0,1
Republic of Moldova,61,Female,85-89 years,30,0,1
Republic of Moldova,61,Female,90-94 years,30,0,1
Republic of Moldova,61,Female,95+ years,30,0,1
Republic of Moldova,61,Female,<5 years,30,0,1
Republic of Mozambique,184,Female,10-14 years,30,0,1
Republic of Mozambique,184,Female,15-19 years,30,0,1
Republic of Mozambique,184,Female,20-24 years,30,0,1
Republic of Mozambique,184,Female,25-29 years,30,0,1
Republic of Mozambique,184,Female,30-34 years,30,0,1
Republic of Mozambique,184,Female,35-39 years,30,0,1
Republic of Mozambique,184,Female,40-44 years,30,0,1
Republic of Mozambique,184,Female,45-49 years,30,0,1
Republic of Mozambique,184,Female,5-9 years,30,0,1
Republic of Mozambique,184,Female,50-54 years,30,0,1
Republic of Mozambique,184,Female,55-59 years,30,0,1
Republic of Mozambique,184,Female,60-64 years,30,0,1
Republic of Mozambique,184,Female,65-69 years,30,0,1
Republic of Mozambique,184,Female,70-74 years,30,0,1
Republic of Mozambique,184,Female,75-79 years,30,0,1
Republic of Mozambique,184,Female,80-84 years,30,0,1
Republic of Mozambique,184,Female,85-89 years,30,0,1
Republic of Mozambique,184,Female,90-94 years,30,0,1
Republic of Mozambique,184,Female,95+ years,30,0,1
Republic of Mozambique,184,Female,<5 years,30,0,1
Republic of Namibia,195,Female,10-14 years,30,0,1
Republic of Namibia,195,Female,15-19 years,30,0,1
Republic of Namibia,195,Female,20-24 years,30,0,1
Republic of Namibia,195,Female,25-29 years,30,0,1
Republic of Namibia,195,Female,30-34 years,30,0,1
Republic of Namibia,195,Female,35-39 years,30,0,1
Republic of Namibia,195,Female,40-44 years,30,0,1
Republic of Namibia,195,Female,45-49 years,30,0,1
Republic of Namibia,195,Female,5-9 years,30,0,1
Republic of Namibia,195,Female,50-54 years,30,0,1
Republic of Namibia,195,Female,55-59 years,30,0,1
Republic of Namibia,195,Female,60-64 years,30,0,1
Republic of Namibia,195,Female,65-69 years,30,0,1
Republic of Namibia,195,Female,70-74 years,30,0,1
Republic of Namibia,195,Female,75-79 years,30,0,1
Republic of Namibia,195,Female,80-84 years,30,0,1
Republic of Namibia,195,Female,85-89 years,30,0,1
Republic of Namibia,195,Female,90-94 years,30,0,1
Republic of Namibia,195,Female,95+ years,30,0,1
Republic of Namibia,195,Female,<5 years,30,0,1
Republic of Nauru,369,Female,10-14 years,30,0,1
Republic of Nauru,369,Female,15-19 years,30,0,1
Republic of Nauru,369,Female,20-24 years,30,0,1
Republic of Nauru,369,Female,25-29 years,30,0,1
Republic of Nauru,369,Female,30-34 years,30,0,1
Republic of Nauru,369,Female,35-39 years,30,0,1
Republic of Nauru,369,Female,40-44 years,30,0,1
Republic of Nauru,369,Female,45-49 years,30,0,1
Republic of Nauru,369,Female,5-9 years,30,0,1
Republic of Nauru,369,Female,50-54 years,30,0,1
Republic of Nauru,369,Female,55-59 years,30,0,1
Republic of Nauru,369,Female,60-64 years,30,0,1
Republic of Nauru,369,Female,65-69 years,30,0,1
Republic of Nauru,369,Female,70-74 years,30,0,1
Republic of Nauru,369,Female,75-79 years,30,0,1
Republic of Nauru,369,Female,80-84 years,30,0,1
Republic of Nauru,369,Female,85-89 years,30,0,1
Republic of Nauru,369,Female,90-94 years,30,0,1
Republic of Nauru,369,Female,95+ years,30,0,1
Republic of Nauru,369,Female,<5 years,30,0,1
Republic of Nicaragua,131,Female,10-14 years,30,0,1
Republic of Nicaragua,131,Female,15-19 years,30,0,1
Republic of Nicaragua,131,Female,20-24 years,30,0,1
Republic of Nicaragua,131,Female,25-29 years,30,0,1
Republic of Nicaragua,131,Female,30-34 years,30,0,1
Republic of Nicaragua,131,Female,35-39 years,30,0,1
Republic of Nicaragua,131,Female,40-44 years,30,0,1
Republic of Nicaragua,131,Female,45-49 years,30,0,1
Republic of Nicaragua,131,Female,5-9 years,30,0,1
Republic of Nicaragua,131,Female,50-54 years,30,0,1
Republic of Nicaragua,131,Female,55-59 years,30,0,1
Republic of Nicaragua,131,Female,60-64 years,30,0,1
Republic of Nicaragua,131,Female,65-69 years,30,0,1
Republic of Nicaragua,131,Female,70-74 years,30,0,1
Republic of Nicaragua,131,Female,75-79 years,30,0,1
Republic of Nicaragua,131,Female,80-84 years,30,0,1
Republic of Nicaragua,131,Female,85-89 years,30,0,1
Republic of Nicaragua,131,Female,90-94 years,30,0,1
Republic of Nicaragua,131,Female,95+ years,30,0,1
Republic of Nicaragua,131,Female,<5 years,30,0,1
Republic of Niue,374,Female,10-14 years,30,0,1
Republic of Niue,374,Female,15-19 years,30,0,1
Republic of Niue,374,Female,20-24 years,30,0,1
Republic of Niue,374,Female,25-29 years,30,0,1
Republic of Niue,374,Female,30-34 years,30,0,1
Republic of Niue,374,Female,35-39 years,30,0,1
Republic of Niue,374,Female,40-44 years,30,0,1
Republic of Niue,374,Female,45-49 years,30,0,1
Republic of Niue,374,Female,5-9 years,30,0,1
Republic of Niue,374,Female,50-54 years,30,0,1
Republic of Niue,374,Female,55-59 years,30,0,1
Republic of Niue,374,Female,60-64 years,30,0,1
Republic of Niue,374,Female,65-69 years,30,0,1
Republic of Niue,374,Female,70-74 years,30,0,1
Republic of Niue,374,Female,75-79 years,30,0,1
Republic of Niue,374,Female,80-84 years,30,0,1
Republic of Niue,374,Female,85-89 years,30,0,1
Republic of Niue,374,Female,90-94 years,30,0,1
Republic of Niue,374,Female,95+ years,30,0,1
Republic of Niue,374,Female,<5 years,30,0,1
Republic of Palau,380,Female,10-14 years,30,0,1
Republic of Palau,380,Female,15-19 years,30,0,1
Republic of Palau,380,Female,20-24 years,30,0,1
Republic of Palau,380,Female,25-29 years,30,0,1
Republic of Palau,380,Female,30-34 years,30,0,1
Republic of Palau,380,Female,35-39 years,30,0,1
Republic of Palau,380,Female,40-44 years,30,0,1
Republic of Palau,380,Female,45-49 years,30,0,1
Republic of Palau,380,Female,5-9 years,30,0,1
Republic of Palau,380,Female,50-54 years,30,0,1
Republic of Palau,380,Female,55-59 years,30,0,1
Republic of Palau,380,Female,60-64 years,30,0,1
Republic of Palau,380,Female,65-69 years,30,0,1
Republic of Palau,380,Female,70-74 years,30,0,1
Republic of Palau,380,Female,75-79 years,30,0,1
Republic of Palau,380,Female,80-84 years,30,0,1
Republic of Palau,380,Female,85-89 years,30,0,1
Republic of Palau,380,Female,90-94 years,30,0,1
Republic of Palau,380,Female,95+ years,30,0,1
Republic of Palau,380,Female,<5 years,30,0,1
Republic of Panama,132,Female,10-14 years,30,0,1
Republic of Panama,132,Female,15-19 years,30,0,1
Republic of Panama,132,Female,20-24 years,30,0,1
Republic of Panama,132,Female,25-29 years,30,0,1
Republic of Panama,132,Female,30-34 years,30,0,1
Republic of Panama,132,Female,35-39 years,30,0,1
Republic of Panama,132,Female,40-44 years,30,0,1
Republic of Panama,132,Female,45-49 years,30,0,1
Republic of Panama,132,Female,5-9 years,30,0,1
Republic of Panama,132,Female,50-54 years,30,0,1
Republic of Panama,132,Female,55-59 years,30,0,1
Republic of Panama,132,Female,60-64 years,30,0,1
Republic of Panama,132,Female,65-69 years,30,0,1
Republic of Panama,132,Female,70-74 years,30,0,1
Republic of Panama,132,Female,75-79 years,30,0,1
Republic of Panama,132,Female,80-84 years,30,0,1
Republic of Panama,132,Female,85-89 years,30,0,1
Republic of Panama,132,Female,90-94 years,30,0,1
Republic of Panama,132,Female,95+ years,30,0,1
Republic of Panama,132,Female,<5 years,30,0,1
Republic of Paraguay,136,Female,10-14 years,30,0,1
Republic of Paraguay,136,Female,15-19 years,30,0,1
Republic of Paraguay,136,Female,20-24 years,30,0,1
Republic of Paraguay,136,Female,25-29 years,30,0,1
Republic of Paraguay,136,Female,30-34 years,30,0,1
Republic of Paraguay,136,Female,35-39 years,30,0,1
Republic of Paraguay,136,Female,40-44 years,30,0,1
Republic of Paraguay,136,Female,45-49 years,30,0,1
Republic of Paraguay,136,Female,5-9 years,30,0,1
Republic of Paraguay,136,Female,50-54 years,30,0,1
Republic of Paraguay,136,Female,55-59 years,30,0,1
Republic of Paraguay,136,Female,60-64 years,30,0,1
Republic of Paraguay,136,Female,65-69 years,30,0,1
Republic of Paraguay,136,Female,70-74 years,30,0,1
Republic of Paraguay,136,Female,75-79 years,30,0,1
Republic of Paraguay,136,Female,80-84 years,30,0,1
Republic of Paraguay,136,Female,85-89 years,30,0,1
Republic of Paraguay,136,Female,90-94 years,30,0,1
Republic of Paraguay,136,Female,95+ years,30,0,1
Republic of Paraguay,136,Female,<5 years,30,0,1
Republic of Peru,123,Female,10-14 years,30,0,1
Republic of Peru,123,Female,15-19 years,30,0,1
Republic of Peru,123,Female,20-24 years,30,0,1
Republic of Peru,123,Female,25-29 years,30,0,1
Republic of Peru,123,Female,30-34 years,30,0,1
Republic of Peru,123,Female,35-39 years,30,0,1
Republic of Peru,123,Female,40-44 years,30,0,1
Republic of Peru,123,Female,45-49 years,30,0,1
Republic of Peru,123,Female,5-9 years,30,0,1
Republic of Peru,123,Female,50-54 years,30,0,1
Republic of Peru,123,Female,55-59 years,30,0,1
Republic of Peru,123,Female,60-64 years,30,0,1
Republic of Peru,123,Female,65-69 years,30,0,1
Republic of Peru,123,Female,70-74 years,30,0,1
Republic of Peru,123,Female,75-79 years,30,0,1
Republic of Peru,123,Female,80-84 years,30,0,1
Republic of Peru,123,Female,85-89 years,30,0,1
Republic of Peru,123,Female,90-94 years,30,0,1
Republic of Peru,123,Female,95+ years,30,0,1
Republic of Peru,123,Female,<5 years,30,0,1
Republic of Poland,51,Female,10-14 years,30,0,1
Republic of Poland,51,Female,15-19 years,30,0,1
Republic of Poland,51,Female,20-24 years,30,0,1
Republic of Poland,51,Female,25-29 years,30,0,1
Republic of Poland,51,Female,30-34 years,30,0,1
Republic of Poland,51,Female,35-39 years,30,0,1
Republic of Poland,51,Female,40-44 years,30,0,1
Republic of Poland,51,Female,45-49 years,30,0,1
Republic of Poland,51,Female,5-9 years,30,0,1
Republic of Poland,51,Female,50-54 years,30,0,1
Republic of Poland,51,Female,55-59 years,30,0,1
Republic of Poland,51,Female,60-64 years,30,0,1
Republic of Poland,51,Female,65-69 years,30,0,1
Republic of Poland,51,Female,70-74 years,30,0,1
Republic of Poland,51,Female,75-79 years,30,0,1
Republic of Poland,51,Female,80-84 years,30,0,1
Republic of Poland,51,Female,85-89 years,30,0,1
Republic of Poland,51,Female,90-94 years,30,0,1
Republic of Poland,51,Female,95+ years,30,0,1
Republic of Poland,51,Female,<5 years,30,0,1
Republic of Rwanda,185,Female,10-14 years,30,0,1
Republic of Rwanda,185,Female,15-19 years,30,0,1
Republic of Rwanda,185,Female,20-24 years,30,0,1
Republic of Rwanda,185,Female,25-29 years,30,0,1
Republic of Rwanda,185,Female,30-34 years,30,0,1
Republic of Rwanda,185,Female,35-39 years,30,0,1
Republic of Rwanda,185,Female,40-44 years,30,0,1
Republic of Rwanda,185,Female,45-49 years,30,0,1
Republic of Rwanda,185,Female,5-9 years,30,0,1
Republic of Rwanda,185,Female,50-54 years,30,0,1
Republic of Rwanda,185,Female,55-59 years,30,0,1
Republic of Rwanda,185,Female,60-64 years,30,0,1
Republic of Rwanda,185,Female,65-69 years,30,0,1
Republic of Rwanda,185,Female,70-74 years,30,0,1
Republic of Rwanda,185,Female,75-79 years,30,0,1
Republic of Rwanda,185,Female,80-84 years,30,0,1
Republic of Rwanda,185,Female,85-89 years,30,0,1
Republic of Rwanda,185,Female,90-94 years,30,0,1
Republic of Rwanda,185,Female,95+ years,30,0,1
Republic of Rwanda,185,Female,<5 years,30,0,1
Republic of San Marino,396,Female,10-14 years,30,0,1
Republic of San Marino,396,Female,15-19 years,30,0,1
Republic of San Marino,396,Female,20-24 years,30,0,1
Republic of San Marino,396,Female,25-29 years,30,0,1
Republic of San Marino,396,Female,30-34 years,30,0,1
Republic of San Marino,396,Female,35-39 years,30,0,1
Republic of San Marino,396,Female,40-44 years,30,0,1
Republic of San Marino,396,Female,45-49 years,30,0,1
Republic of San Marino,396,Female,5-9 years,30,0,1
Republic of San Marino,396,Female,50-54 years,30,0,1
Republic of San Marino,396,Female,55-59 years,30,0,1
Republic of San Marino,396,Female,60-64 years,30,0,1
Republic of San Marino,396,Female,65-69 years,30,0,1
Republic of San Marino,396,Female,70-74 years,30,0,1
Republic of San Marino,396,Female,75-79 years,30,0,1
Republic of San Marino,396,Female,80-84 years,30,0,1
Republic of San Marino,396,Female,85-89 years,30,0,1
Republic of San Marino,396,Female,90-94 years,30,0,1
Republic of San Marino,396,Female,95+ years,30,0,1
Republic of San Marino,396,Female,<5 years,30,0,1
Republic of Senegal,216,Female,10-14 years,30,0,1
Republic of Senegal,216,Female,15-19 years,30,0,1
Republic of Senegal,216,Female,20-24 years,30,0,1
Republic of Senegal,216,Female,25-29 years,30,0,1
Republic of Senegal,216,Female,30-34 years,30,0,1
Republic of Senegal,216,Female,35-39 years,30,0,1
Republic of Senegal,216,Female,40-44 years,30,0,1
Republic of Senegal,216,Female,45-49 years,30,0,1
Republic of Senegal,216,Female,5-9 years,30,0,1
Republic of Senegal,216,Female,50-54 years,30,0,1
Republic of Senegal,216,Female,55-59 years,30,0,1
Republic of Senegal,216,Female,60-64 years,30,0,1
Republic of Senegal,216,Female,65-69 years,30,0,1
Republic of Senegal,216,Female,70-74 years,30,0,1
Republic of Senegal,216,Female,75-79 years,30,0,1
Republic of Senegal,216,Female,80-84 years,30,0,1
Republic of Senegal,216,Female,85-89 years,30,0,1
Republic of Senegal,216,Female,90-94 years,30,0,1
Republic of Senegal,216,Female,95+ years,30,0,1
Republic of Senegal,216,Female,<5 years,30,0,1
Republic of Serbia,53,Female,10-14 years,30,0,1
Republic of Serbia,53,Female,15-19 years,30,0,1
Republic of Serbia,53,Female,20-24 years,30,0,1
Republic of Serbia,53,Female,25-29 years,30,0,1
Republic of Serbia,53,Female,30-34 years,30,0,1
Republic of Serbia,53,Female,35-39 years,30,0,1
Republic of Serbia,53,Female,40-44 years,30,0,1
Republic of Serbia,53,Female,45-49 years,30,0,1
Republic of Serbia,53,Female,5-9 years,30,0,1
Republic of Serbia,53,Female,50-54 years,30,0,1
Republic of Serbia,53,Female,55-59 years,30,0,1
Republic of Serbia,53,Female,60-64 years,30,0,1
Republic of Serbia,53,Female,65-69 years,30,0,1
Republic of Serbia,53,Female,70-74 years,30,0,1
Republic of Serbia,53,Female,75-79 years,30,0,1
Republic of Serbia,53,Female,80-84 years,30,0,1
Republic of Serbia,53,Female,85-89 years,30,0,1
Republic of Serbia,53,Female,90-94 years,30,0,1
Republic of Serbia,53,Female,95+ years,30,0,1
Republic of Serbia,53,Female,<5 years,30,0,1
Republic of Seychelles,186,Female,10-14 years,30,0,1
Republic of Seychelles,186,Female,15-19 years,30,0,1
Republic of Seychelles,186,Female,20-24 years,30,0,1
Republic of Seychelles,186,Female,25-29 years,30,0,1
Republic of Seychelles,186,Female,30-34 years,30,0,1
Republic of Seychelles,186,Female,35-39 years,30,0,1
Republic of Seychelles,186,Female,40-44 years,30,0,1
Republic of Seychelles,186,Female,45-49 years,30,0,1
Republic of Seychelles,186,Female,5-9 years,30,0,1
Republic of Seychelles,186,Female,50-54 years,30,0,1
Republic of Seychelles,186,Female,55-59 years,30,0,1
Republic of Seychelles,186,Female,60-64 years,30,0,1
Republic of Seychelles,186,Female,65-69 years,30,0,1
Republic of Seychelles,186,Female,70-74 years,30,0,1
Republic of Seychelles,186,Female,75-79 years,30,0,1
Republic of Seychelles,186,Female,80-84 years,30,0,1
Republic of Seychelles,186,Female,85-89 years,30,0,1
Republic of Seychelles,186,Female,90-94 years,30,0,1
Republic of Seychelles,186,Female,95+ years,30,0,1
Republic of Seychelles,186,Female,<5 years,30,0,1
Republic of Sierra Leone,217,Female,10-14 years,30,0,1
Republic of Sierra Leone,217,Female,15-19 years,30,0,1
Republic of Sierra Leone,217,Female,20-24 years,30,0,1
Republic of Sierra Leone,217,Female,25-29 years,30,0,1
Republic of Sierra Leone,217,Female,30-34 years,30,0,1
Republic of Sierra Leone,217,Female,35-39 years,30,0,1
Republic of Sierra Leone,217,Female,40-44 years,30,0,1
Republic of Sierra Leone,217,Female,45-49 years,30,0,1
Republic of Sierra Leone,217,Female,5-9 years,30,0,1
Republic of Sierra Leone,217,Female,50-54 years,30,0,1
Republic of Sierra Leone,217,Female,55-59 years,30,0,1
Republic of Sierra Leone,217,Female,60-64 years,30,0,1
Republic of Sierra Leone,217,Female,65-69 years,30,0,1
Republic of Sierra Leone,217,Female,70-74 years,30,0,1
Republic of Sierra Leone,217,Female,75-79 years,30,0,1
Republic of Sierra Leone,217,Female,80-84 years,30,0,1
Republic of Sierra Leone,217,Female,85-89 years,30,0,1
Republic of Sierra Leone,217,Female,90-94 years,30,0,1
Republic of Sierra Leone,217,Female,95+ years,30,0,1
Republic of Sierra Leone,217,Female,<5 years,30,0,1
Republic of Singapore,69,Female,10-14 years,30,0,1
Republic of Singapore,69,Female,15-19 years,30,0,1
Republic of Singapore,69,Female,20-24 years,30,0,1
Republic of Singapore,69,Female,25-29 years,30,0,1
Republic of Singapore,69,Female,30-34 years,30,0,1
Republic of Singapore,69,Female,35-39 years,30,0,1
Republic of Singapore,69,Female,40-44 years,30,0,1
Republic of Singapore,69,Female,45-49 years,30,0,1
Republic of Singapore,69,Female,5-9 years,30,0,1
Republic of Singapore,69,Female,50-54 years,30,0,1
Republic of Singapore,69,Female,55-59 years,30,0,1
Republic of Singapore,69,Female,60-64 years,30,0,1
Republic of Singapore,69,Female,65-69 years,30,0,1
Republic of Singapore,69,Female,70-74 years,30,0,1
Republic of Singapore,69,Female,75-79 years,30,0,1
Republic of Singapore,69,Female,80-84 years,30,0,1
Republic of Singapore,69,Female,85-89 years,30,0,1
Republic of Singapore,69,Female,90-94 years,30,0,1
Republic of Singapore,69,Female,95+ years,30,0,1
Republic of Singapore,69,Female,<5 years,30,0,1
Republic of Slovenia,55,Female,10-14 years,30,0,1
Republic of Slovenia,55,Female,15-19 years,30,0,1
Republic of Slovenia,55,Female,20-24 years,30,0,1
Republic of Slovenia,55,Female,25-29 years,30,0,1
Republic of Slovenia,55,Female,30-34 years,30,0,1
Republic of Slovenia,55,Female,35-39 years,30,0,1
Republic of Slovenia,55,Female,40-44 years,30,0,1
Republic of Slovenia,55,Female,45-49 years,30,0,1
Republic of Slovenia,55,Female,5-9 years,30,0,1
Republic of Slovenia,55,Female,50-54 years,30,0,1
Republic of Slovenia,55,Female,55-59 years,30,0,1
Republic of Slovenia,55,Female,60-64 years,30,0,1
Republic of Slovenia,55,Female,65-69 years,30,0,1
Republic of Slovenia,55,Female,70-74 years,30,0,1
Republic of Slovenia,55,Female,75-79 years,30,0,1
Republic of Slovenia,55,Female,80-84 years,30,0,1
Republic of Slovenia,55,Female,85-89 years,30,0,1
Republic of Slovenia,55,Female,90-94 years,30,0,1
Republic of Slovenia,55,Female,95+ years,30,0,1
Republic of Slovenia,55,Female,<5 years,30,0,1
Republic of South Africa,196,Female,10-14 years,30,0,1
Republic of South Africa,196,Female,15-19 years,30,0,1
Republic of South Africa,196,Female,20-24 years,30,0,1
Republic of South Africa,196,Female,25-29 years,30,0,1
Republic of South Africa,196,Female,30-34 years,30,0,1
Republic of South Africa,196,Female,35-39 years,30,0,1
Republic of South Africa,196,Female,40-44 years,30,0,1
Republic of South Africa,196,Female,45-49 years,30,0,1
Republic of South Africa,196,Female,5-9 years,30,0,1
Republic of South Africa,196,Female,50-54 years,30,0,1
Republic of South Africa,196,Female,55-59 years,30,0,1
Republic of South Africa,196,Female,60-64 years,30,0,1
Republic of South Africa,196,Female,65-69 years,30,0,1
Republic of South Africa,196,Female,70-74 years,30,0,1
Republic of South Africa,196,Female,75-79 years,30,0,1
Republic of South Africa,196,Female,80-84 years,30,0,1
Republic of South Africa,196,Female,85-89 years,30,0,1
Republic of South Africa,196,Female,90-94 years,30,0,1
Republic of South Africa,196,Female,95+ years,30,0,1
Republic of South Africa,196,Female,<5 years,30,0,1
Republic of South Sudan,435,Female,10-14 years,30,0,1
Republic of South Sudan,435,Female,15-19 years,30,0,1
Republic of South Sudan,435,Female,20-24 years,30,0,1
Republic of South Sudan,435,Female,25-29 years,30,0,1
Republic of South Sudan,435,Female,30-34 years,30,0,1
Republic of South Sudan,435,Female,35-39 years,30,0,1
Republic of South Sudan,435,Female,40-44 years,30,0,1
Republic of South Sudan,435,Female,45-49 years,30,0,1
Republic of South Sudan,435,Female,5-9 years,30,0,1
Republic of South Sudan,435,Female,50-54 years,30,0,1
Republic of South Sudan,435,Female,55-59 years,30,0,1
Republic of South Sudan,435,Female,60-64 years,30,0,1
Republic of South Sudan,435,Female,65-69 years,30,0,1
Republic of South Sudan,435,Female,70-74 years,30,0,1
Republic of South Sudan,435,Female,75-79 years,30,0,1
Republic of South Sudan,435,Female,80-84 years,30,0,1
Republic of South Sudan,435,Female,85-89 years,30,0,1
Republic of South Sudan,435,Female,90-94 years,30,0,1
Republic of South Sudan,435,Female,95+ years,30,0,1
Republic of South Sudan,435,Female,<5 years,30,0,1
Republic of Sudan,522,Female,10-14 years,30,0,1
Republic of Sudan,522,Female,15-19 years,30,0,1
Republic of Sudan,522,Female,20-24 years,30,0,1
Republic of Sudan,522,Female,25-29 years,30,0,1
Republic of Sudan,522,Female,30-34 years,30,0,1
Republic of Sudan,522,Female,35-39 years,30,0,1
Republic of Sudan,522,Female,40-44 years,30,0,1
Republic of Sudan,522,Female,45-49 years,30,0,1
Republic of Sudan,522,Female,5-9 years,30,0,1
Republic of Sudan,522,Female,50-54 years,30,0,1
Republic of Sudan,522,Female,55-59 years,30,0,1
Republic of Sudan,522,Female,60-64 years,30,0,1
Republic of Sudan,522,Female,65-69 years,30,0,1
Republic of Sudan,522,Female,70-74 years,30,0,1
Republic of Sudan,522,Female,75-79 years,30,0,1
Republic of Sudan,522,Female,80-84 years,30,0,1
Republic of Sudan,522,Female,85-89 years,30,0,1
Republic of Sudan,522,Female,90-94 years,30,0,1
Republic of Sudan,522,Female,95+ years,30,0,1
Republic of Sudan,522,Female,<5 years,30,0,1
Republic of Suriname,118,Female,10-14 years,30,0,1
Republic of Suriname,118,Female,15-19 years,30,0,1
Republic of Suriname,118,Female,20-24 years,30,0,1
Republic of Suriname,118,Female,25-29 years,30,0,1
Republic of Suriname,118,Female,30-34 years,30,0,1
Republic of Suriname,118,Female,35-39 years,30,0,1
Republic of Suriname,118,Female,40-44 years,30,0,1
Republic of Suriname,118,Female,45-49 years,30,0,1
Republic of Suriname,118,Female,5-9 years,30,0,1
Republic of Suriname,118,Female,50-54 years,30,0,1
Republic of Suriname,118,Female,55-59 years,30,0,1
Republic of Suriname,118,Female,60-64 years,30,0,1
Republic of Suriname,118,Female,65-69 years,30,0,1
Republic of Suriname,118,Female,70-74 years,30,0,1
Republic of Suriname,118,Female,75-79 years,30,0,1
Republic of Suriname,118,Female,80-84 years,30,0,1
Republic of Suriname,118,Female,85-89 years,30,0,1
Republic of Suriname,118,Female,90-94 years,30,0,1
Republic of Suriname,118,Female,95+ years,30,0,1
Republic of Suriname,118,Female,<5 years,30,0,1
Republic of Tajikistan,39,Female,10-14 years,30,0,1
Republic of Tajikistan,39,Female,15-19 years,30,0,1
Republic of Tajikistan,39,Female,20-24 years,30,0,1
Republic of Tajikistan,39,Female,25-29 years,30,0,1
Republic of Tajikistan,39,Female,30-34 years,30,0,1
Republic of Tajikistan,39,Female,35-39 years,30,0,1
Republic of Tajikistan,39,Female,40-44 years,30,0,1
Republic of Tajikistan,39,Female,45-49 years,30,0,1
Republic of Tajikistan,39,Female,5-9 years,30,0,1
Republic of Tajikistan,39,Female,50-54 years,30,0,1
Republic of Tajikistan,39,Female,55-59 years,30,0,1
Republic of Tajikistan,39,Female,60-64 years,30,0,1
Republic of Tajikistan,39,Female,65-69 years,30,0,1
Republic of Tajikistan,39,Female,70-74 years,30,0,1
Republic of Tajikistan,39,Female,75-79 years,30,0,1
Republic of Tajikistan,39,Female,80-84 years,30,0,1
Republic of Tajikistan,39,Female,85-89 years,30,0,1
Republic of Tajikistan,39,Female,90-94 years,30,0,1
Republic of Tajikistan,39,Female,95+ years,30,0,1
Republic of Tajikistan,39,Female,<5 years,30,0,1
Republic of Trinidad and Tobago,119,Female,10-14 years,30,0,1
Republic of Trinidad and Tobago,119,Female,15-19 years,30,0,1
Republic of Trinidad and Tobago,119,Female,20-24 years,30,0,1
Republic of Trinidad and Tobago,119,Female,25-29 years,30,0,1
Republic of Trinidad and Tobago,119,Female,30-34 years,30,0,1
Republic of Trinidad and Tobago,119,Female,35-39 years,30,0,1
Republic of Trinidad and Tobago,119,Female,40-44 years,30,0,1
Republic of Trinidad and Tobago,119,Female,45-49 years,30,0,1
Republic of Trinidad and Tobago,119,Female,5-9 years,30,0,1
Republic of Trinidad and Tobago,119,Female,50-54 years,30,0,1
Republic of Trinidad and Tobago,119,Female,55-59 years,30,0,1
Republic of Trinidad and Tobago,119,Female,60-64 years,30,0,1
Republic of Trinidad and Tobago,119,Female,65-69 years,30,0,1
Republic of Trinidad and Tobago,119,Female,70-74 years,30,0,1
Republic of Trinidad and Tobago,119,Female,75-79 years,30,0,1
Republic of Trinidad and Tobago,119,Female,80-84 years,30,0,1
Republic of Trinidad and Tobago,119,Female,85-89 years,30,0,1
Republic of Trinidad and Tobago,119,Female,90-94 years,30,0,1
Republic of Trinidad and Tobago,119,Female,95+ years,30,0,1
Republic of Trinidad and Tobago,119,Female,<5 years,30,0,1
Republic of Tunisia,154,Female,10-14 years,30,0,1
Republic of Tunisia,154,Female,15-19 years,30,0,1
Republic of Tunisia,154,Female,20-24 years,30,0,1
Republic of Tunisia,154,Female,25-29 years,30,0,1
Republic of Tunisia,154,Female,30-34 years,30,0,1
Republic of Tunisia,154,Female,35-39 years,30,0,1
Republic of Tunisia,154,Female,40-44 years,30,0,1
Republic of Tunisia,154,Female,45-49 years,30,0,1
Republic of Tunisia,154,Female,5-9 years,30,0,1
Republic of Tunisia,154,Female,50-54 years,30,0,1
Republic of Tunisia,154,Female,55-59 years,30,0,1
Republic of Tunisia,154,Female,60-64 years,30,0,1
Republic of Tunisia,154,Female,65-69 years,30,0,1
Republic of Tunisia,154,Female,70-74 years,30,0,1
Republic of Tunisia,154,Female,75-79 years,30,0,1
Republic of Tunisia,154,Female,80-84 years,30,0,1
Republic of Tunisia,154,Female,85-89 years,30,0,1
Republic of Tunisia,154,Female,90-94 years,30,0,1
Republic of Tunisia,154,Female,95+ years,30,0,1
Republic of Tunisia,154,Female,<5 years,30,0,1
Republic of Turkey,155,Female,10-14 years,30,0,1
Republic of Turkey,155,Female,15-19 years,30,0,1
Republic of Turkey,155,Female,20-24 years,30,0,1
Republic of Turkey,155,Female,25-29 years,30,0,1
Republic of Turkey,155,Female,30-34 years,30,0,1
Republic of Turkey,155,Female,35-39 years,30,0,1
Republic of Turkey,155,Female,40-44 years,30,0,1
Republic of Turkey,155,Female,45-49 years,30,0,1
Republic of Turkey,155,Female,5-9 years,30,0,1
Republic of Turkey,155,Female,50-54 years,30,0,1
Republic of Turkey,155,Female,55-59 years,30,0,1
Republic of Turkey,155,Female,60-64 years,30,0,1
Republic of Turkey,155,Female,65-69 years,30,0,1
Republic of Turkey,155,Female,70-74 years,30,0,1
Republic of Turkey,155,Female,75-79 years,30,0,1
Republic of Turkey,155,Female,80-84 years,30,0,1
Republic of Turkey,155,Female,85-89 years,30,0,1
Republic of Turkey,155,Female,90-94 years,30,0,1
Republic of Turkey,155,Female,95+ years,30,0,1
Republic of Turkey,155,Female,<5 years,30,0,1
Republic of Uganda,190,Female,10-14 years,30,0,1
Republic of Uganda,190,Female,15-19 years,30,0,1
Republic of Uganda,190,Female,20-24 years,30,0,1
Republic of Uganda,190,Female,25-29 years,30,0,1
Republic of Uganda,190,Female,30-34 years,30,0,1
Republic of Uganda,190,Female,35-39 years,30,0,1
Republic of Uganda,190,Female,40-44 years,30,0,1
Republic of Uganda,190,Female,45-49 years,30,0,1
Republic of Uganda,190,Female,5-9 years,30,0,1
Republic of Uganda,190,Female,50-54 years,30,0,1
Republic of Uganda,190,Female,55-59 years,30,0,1
Republic of Uganda,190,Female,60-64 years,30,0,1
Republic of Uganda,190,Female,65-69 years,30,0,1
Republic of Uganda,190,Female,70-74 years,30,0,1
Republic of Uganda,190,Female,75-79 years,30,0,1
Republic of Uganda,190,Female,80-84 years,30,0,1
Republic of Uganda,190,Female,85-89 years,30,0,1
Republic of Uganda,190,Female,90-94 years,30,0,1
Republic of Uganda,190,Female,95+ years,30,0,1
Republic of Uganda,190,Female,<5 years,30,0,1
Republic of Uzbekistan,41,Female,10-14 years,30,0,1
Republic of Uzbekistan,41,Female,15-19 years,30,0,1
Republic of Uzbekistan,41,Female,20-24 years,30,0,1
Republic of Uzbekistan,41,Female,25-29 years,30,0,1
Republic of Uzbekistan,41,Female,30-34 years,30,0,1
Republic of Uzbekistan,41,Female,35-39 years,30,0,1
Republic of Uzbekistan,41,Female,40-44 years,30,0,1
Republic of Uzbekistan,41,Female,45-49 years,30,0,1
Republic of Uzbekistan,41,Female,5-9 years,30,0,1
Republic of Uzbekistan,41,Female,50-54 years,30,0,1
Republic of Uzbekistan,41,Female,55-59 years,30,0,1
Republic of Uzbekistan,41,Female,60-64 years,30,0,1
Republic of Uzbekistan,41,Female,65-69 years,30,0,1
Republic of Uzbekistan,41,Female,70-74 years,30,0,1
Republic of Uzbekistan,41,Female,75-79 years,30,0,1
Republic of Uzbekistan,41,Female,80-84 years,30,0,1
Republic of Uzbekistan,41,Female,85-89 years,30,0,1
Republic of Uzbekistan,41,Female,90-94 years,30,0,1
Republic of Uzbekistan,41,Female,95+ years,30,0,1
Republic of Uzbekistan,41,Female,<5 years,30,0,1
Republic of Vanuatu,30,Female,10-14 years,30,0,1
Republic of Vanuatu,30,Female,15-19 years,30,0,1
Republic of Vanuatu,30,Female,20-24 years,30,0,1
Republic of Vanuatu,30,Female,25-29 years,30,0,1
Republic of Vanuatu,30,Female,30-34 years,30,0,1
Republic of Vanuatu,30,Female,35-39 years,30,0,1
Republic of Vanuatu,30,Female,40-44 years,30,0,1
Republic of Vanuatu,30,Female,45-49 years,30,0,1
Republic of Vanuatu,30,Female,5-9 years,30,0,1
Republic of Vanuatu,30,Female,50-54 years,30,0,1
Republic of Vanuatu,30,Female,55-59 years,30,0,1
Republic of Vanuatu,30,Female,60-64 years,30,0,1
Republic of Vanuatu,30,Female,65-69 years,30,0,1
Republic of Vanuatu,30,Female,70-74 years,30,0,1
Republic of Vanuatu,30,Female,75-79 years,30,0,1
Republic of Vanuatu,30,Female,80-84 years,30,0,1
Republic of Vanuatu,30,Female,85-89 years,30,0,1
Republic of Vanuatu,30,Female,90-94 years,30,0,1
Republic of Vanuatu,30,Female,95+ years,30,0,1
Republic of Vanuatu,30,Female,<5 years,30,0,1
Republic of Yemen,157,Female,10-14 years,30,0,1
Republic of Yemen,157,Female,15-19 years,30,0,1
Republic of Yemen,157,Female,20-24 years,30,0,1
Republic of Yemen,157,Female,25-29 years,30,0,1
Republic of Yemen,157,Female,30-34 years,30,0,1
Republic of Yemen,157,Female,35-39 years,30,0,1
Republic of Yemen,157,Female,40-44 years,30,0,1
Republic of Yemen,157,Female,45-49 years,30,0,1
Republic of Yemen,157,Female,5-9 years,30,0,1
Republic of Yemen,157,Female,50-54 years,30,0,1
Republic of Yemen,157,Female,55-59 years,30,0,1
Republic of Yemen,157,Female,60-64 years,30,0,1
Republic of Yemen,157,Female,65-69 years,30,0,1
Republic of Yemen,157,Female,70-74 years,30,0,1
Republic of Yemen,157,Female,75-79 years,30,0,1
Republic of Yemen,157,Female,80-84 years,30,0,1
Republic of Yemen,157,Female,85-89 years,30,0,1
Republic of Yemen,157,Female,90-94 years,30,0,1
Republic of Yemen,157,Female,95+ years,30,0,1
Republic of Yemen,157,Female,<5 years,30,0,1
Republic of Zambia,191,Female,10-14 years,30,0,1
Republic of Zambia,191,Female,15-19 years,30,0,1
Republic of Zambia,191,Female,20-24 years,30,0,1
Republic of Zambia,191,Female,25-29 years,30,0,1
Republic of Zambia,191,Female,30-34 years,30,0,1
Republic of Zambia,191,Female,35-39 years,30,0,1
Republic of Zambia,191,Female,40-44 years,30,0,1
Republic of Zambia,191,Female,45-49 years,30,0,1
Republic of Zambia,191,Female,5-9 years,30,0,1
Republic of Zambia,191,Female,50-54 years,30,0,1
Republic of Zambia,191,Female,55-59 years,30,0,1
Republic of Zambia,191,Female,60-64 years,30,0,1
Republic of Zambia,191,Female,65-69 years,30,0,1
Republic of Zambia,191,Female,70-74 years,30,0,1
Republic of Zambia,191,Female,75-79 years,30,0,1
Republic of Zambia,191,Female,80-84 years,30,0,1
Republic of Zambia,191,Female,85-89 years,30,0,1
Republic of Zambia,191,Female,90-94 years,30,0,1
Republic of Zambia,191,Female,95+ years,30,0,1
Republic of Zambia,191,Female,<5 years,30,0,1
Republic of Zimbabwe,198,Female,10-14 years,30,0,1
Republic of Zimbabwe,198,Female,15-19 years,30,0,1
Republic of Zimbabwe,198,Female,20-24 years,30,0,1
Republic of Zimbabwe,198,Female,25-29 years,30,0,1
Republic of Zimbabwe,198,Female,30-34 years,30,0,1
Republic of Zimbabwe,198,Female,35-39 years,30,0,1
Republic of Zimbabwe,198,Female,40-44 years,30,0,1
Republic of Zimbabwe,198,Female,45-49 years,30,0,1
Republic of Zimbabwe,198,Female,5-9 years,30,0,1
Republic of Zimbabwe,198,Female,50-54 years,30,0,1
Republic of Zimbabwe,198,Female,55-59 years,30,0,1
Republic of Zimbabwe,198,Female,60-64 years,30,0,1
Republic of Zimbabwe,198,Female,65-69 years,30,0,1
Republic of Zimbabwe,198,Female,70-74 years,30,0,1
Republic of Zimbabwe,198,Female,75-79 years,30,0,1
Republic of Zimbabwe,198,Female,80-84 years,30,0,1
Republic of Zimbabwe,198,Female,85-89 years,30,0,1
Republic of Zimbabwe,198,Female,90-94 years,30,0,1
Republic of Zimbabwe,198,Female,95+ years,30,0,1
Republic of Zimbabwe,198,Female,<5 years,30,0,1
Republic of the Congo,170,Female,10-14 years,30,0,1
Republic of the Congo,170,Female,15-19 years,30,0,1
Republic of the Congo,170,Female,20-24 years,30,0,1
Republic of the Congo,170,Female,25-29 years,30,0,1
Republic of the Congo,170,Female,30-34 years,30,0,1
Republic of the Congo,170,Female,35-39 years,30,0,1
Republic of the Congo,170,Female,40-44 years,30,0,1
Republic of the Congo,170,Female,45-49 years,30,0,1
Republic of the Congo,170,Female,5-9 years,30,0,1
Republic of the Congo,170,Female,50-54 years,30,0,1
Republic of the Congo,170,Female,55-59 years,30,0,1
Republic of the Congo,170,Female,60-64 years,30,0,1
Republic of the Congo,170,Female,65-69 years,30,0,1
Republic of the Congo,170,Female,70-74 years,30,0,1
Republic of the Congo,170,Female,75-79 years,30,0,1
Republic of the Congo,170,Female,80-84 years,30,0,1
Republic of the Congo,170,Female,85-89 years,30,0,1
Republic of the Congo,170,Female,90-94 years,30,0,1
Republic of the Congo,170,Female,95+ years,30,0,1
Republic of the Congo,170,Female,<5 years,30,0,1
Republic of the Gambia,206,Female,10-14 years,30,0,1
Republic of the Gambia,206,Female,15-19 years,30,0,1
Republic of the Gambia,206,Female,20-24 years,30,0,1
Republic of the Gambia,206,Female,25-29 years,30,0,1
Republic of the Gambia,206,Female,30-34 years,30,0,1
Republic of the Gambia,206,Female,35-39 years,30,0,1
Republic of the Gambia,206,Female,40-44 years,30,0,1
Republic of the Gambia,206,Female,45-49 years,30,0,1
Republic of the Gambia,206,Female,5-9 years,30,0,1
Republic of the Gambia,206,Female,50-54 years,30,0,1
Republic of the Gambia,206,Female,55-59 years,30,0,1
Republic of the Gambia,206,Female,60-64 years,30,0,1
Republic of the Gambia,206,Female,65-69 years,30,0,1
Republic of the Gambia,206,Female,70-74 years,30,0,1
Republic of the Gambia,206,Female,75-79 years,30,0,1
Republic of the Gambia,206,Female,80-84 years,30,0,1
Republic of the Gambia,206,Female,85-89 years,30,0,1
Republic of the Gambia,206,Female,90-94 years,30,0,1
Republic of the Gambia,206,Female,95+ years,30,0,1
Republic of the Gambia,206,Female,<5 years,30,0,1
Republic of the Marshall Islands,24,Female,10-14 years,30,0,1
Republic of the Marshall Islands,24,Female,15-19 years,30,0,1
Republic of the Marshall Islands,24,Female,20-24 years,30,0,1
Republic of the Marshall Islands,24,Female,25-29 years,30,0,1
Republic of the Marshall Islands,24,Female,30-34 years,30,0,1
Republic of the Marshall Islands,24,Female,35-39 years,30,0,1
Republic of the Marshall Islands,24,Female,40-44 years,30,0,1
Republic of the Marshall Islands,24,Female,45-49 years,30,0,1
Republic of the Marshall Islands,24,Female,5-9 years,30,0,1
Republic of the Marshall Islands,24,Female,50-54 years,30,0,1
Republic of the Marshall Islands,24,Female,55-59 years,30,0,1
Republic of the Marshall Islands,24,Female,60-64 years,30,0,1
Republic of the Marshall Islands,24,Female,65-69 years,30,0,1
Republic of the Marshall Islands,24,Female,70-74 years,30,0,1
Republic of the Marshall Islands,24,Female,75-79 years,30,0,1
Republic of the Marshall Islands,24,Female,80-84 years,30,0,1
Republic of the Marshall Islands,24,Female,85-89 years,30,0,1
Republic of the Marshall Islands,24,Female,90-94 years,30,0,1
Republic of the Marshall Islands,24,Female,95+ years,30,0,1
Republic of the Marshall Islands,24,Female,<5 years,30,0,1
Republic of the Niger,213,Female,10-14 years,30,0,1
Republic of the Niger,213,Female,15-19 years,30,0,1
Republic of the Niger,213,Female,20-24 years,30,0,1
Republic of the Niger,213,Female,25-29 years,30,0,1
Republic of the Niger,213,Female,30-34 years,30,0,1
Republic of the Niger,213,Female,35-39 years,30,0,1
Republic of the Niger,213,Female,40-44 years,30,0,1
Republic of the Niger,213,Female,45-49 years,30,0,1
Republic of the Niger,213,Female,5-9 years,30,0,1
Republic of the Niger,213,Female,50-54 years,30,0,1
Republic of the Niger,213,Female,55-59 years,30,0,1
Republic of the Niger,213,Female,60-64 years,30,0,1
Republic of the Niger,213,Female,65-69 years,30,0,1
Republic of the Niger,213,Female,70-74 years,30,0,1
Republic of the Niger,213,Female,75-79 years,30,0,1
Republic of the Niger,213,Female,80-84 years,30,0,1
Republic of the Niger,213,Female,85-89 years,30,0,1
Republic of the Niger,213,Female,90-94 years,30,0,1
Republic of the Niger,213,Female,95+ years,30,0,1
Republic of the Niger,213,Female,<5 years,30,0,1
Republic of the Philippines,16,Female,10-14 years,30,0,1
Republic of the Philippines,16,Female,15-19 years,30,0,1
Republic of the Philippines,16,Female,20-24 years,30,0,1
Republic of the Philippines,16,Female,25-29 years,30,0,1
Republic of the Philippines,16,Female,30-34 years,30,0,1
Republic of the Philippines,16,Female,35-39 years,30,0,1
Republic of the Philippines,16,Female,40-44 years,30,0,1
Republic of the Philippines,16,Female,45-49 years,30,0,1
Republic of the Philippines,16,Female,5-9 years,30,0,1
Republic of the Philippines,16,Female,50-54 years,30,0,1
Republic of the Philippines,16,Female,55-59 years,30,0,1
Republic of the Philippines,16,Female,60-64 years,30,0,1
Republic of the Philippines,16,Female,65-69 years,30,0,1
Republic of the Philippines,16,Female,70-74 years,30,0,1
Republic of the Philippines,16,Female,75-79 years,30,0,1
Republic of the Philippines,16,Female,80-84 years,30,0,1
Republic of the Philippines,16,Female,85-89 years,30,0,1
Republic of the Philippines,16,Female,90-94 years,30,0,1
Republic of the Philippines,16,Female,95+ years,30,0,1
Republic of the Philippines,16,Female,<5 years,30,0,1
Republic of the Union of Myanmar,15,Female,10-14 years,30,0,1
Republic of the Union of Myanmar,15,Female,15-19 years,30,0,1
Republic of the Union of Myanmar,15,Female,20-24 years,30,0,1
Republic of the Union of Myanmar,15,Female,25-29 years,30,0,1
Republic of the Union of Myanmar,15,Female,30-34 years,30,0,1
Republic of the Union of Myanmar,15,Female,35-39 years,30,0,1
Republic of the Union of Myanmar,15,Female,40-44 years,30,0,1
Republic of the Union of Myanmar,15,Female,45-49 years,30,0,1
Republic of the Union of Myanmar,15,Female,5-9 years,30,0,1
Republic of the Union of Myanmar,15,Female,50-54 years,30,0,1
Republic of the Union of Myanmar,15,Female,55-59 years,30,0,1
Republic of the Union of Myanmar,15,Female,60-64 years,30,0,1
Republic of the Union of Myanmar,15,Female,65-69 years,30,0,1
Republic of the Union of Myanmar,15,Female,70-74 years,30,0,1
Republic of the Union of Myanmar,15,Female,75-79 years,30,0,1
Republic of the Union of Myanmar,15,Female,80-84 years,30,0,1
Republic of the Union of Myanmar,15,Female,85-89 years,30,0,1
Republic of the Union of Myanmar,15,Female,90-94 years,30,0,1
Republic of the Union of Myanmar,15,Female,95+ years,30,0,1
Republic of the Union of Myanmar,15,Female,<5 years,30,0,1
Romania,52,Female,10-14 years,30,0,1
Romania,52,Female,15-19 years,30,0,1
Romania,52,Female,20-24 years,30,0,1
Romania,52,Female,25-29 years,30,0,1
Romania,52,Female,30-34 years,30,0,1
Romania,52,Female,35-39 years,30,0,1
Romania,52,Female,40-44 years,30,0,1
Romania,52,Female,45-49 years,30,0,1
Romania,52,Female,5-9 years,30,0,1
Romania,52,Female,50-54 years,30,0,1
Romania,52,Female,55-59 years,30,0,1
Romania,52,Female,60-64 years,30,0,1
Romania,52,Female,65-69 years,30,0,1
Romania,52,Female,70-74 years,30,0,1
Romania,52,Female,75-79 years,30,0,1
Romania,52,Female,80-84 years,30,0,1
Romania,52,Female,85-89 years,30,0,1
Romania,52,Female,90-94 years,30,0,1
Romania,52,Female,95+ years,30,0,1
Romania,52,Female,<5 years,30,0,1
Russian Federation,62,Female,10-14 years,30,0,1
Russian Federation,62,Female,15-19 years,30,0,1
Russian Federation,62,Female,20-24 years,30,0,1
Russian Federation,62,Female,25-29 years,30,0,1
Russian Federation,62,Female,30-34 years,30,0,1
Russian Federation,62,Female,35-39 years,30,0,1
Russian Federation,62,Female,40-44 years,30,0,1
Russian Federation,62,Female,45-49 years,30,0,1
Russian Federation,62,Female,5-9 years,30,0,1
Russian Federation,62,Female,50-54 years,30,0,1
Russian Federation,62,Female,55-59 years,30,0,1
Russian Federation,62,Female,60-64 years,30,0,1
Russian Federation,62,Female,65-69 years,30,0,1
Russian Federation,62,Female,70-74 years,30,0,1
Russian Federation,62,Female,75-79 years,30,0,1
Russian Federation,62,Female,80-84 years,30,0,1
Russian Federation,62,Female,85-89 years,30,0,1
Russian Federation,62,Female,90-94 years,30,0,1
Russian Federation,62,Female,95+ years,30,0,1
Russian Federation,62,Female,<5 years,30,0,1
Saint Kitts and Nevis,393,Female,10-14 years,30,0,1
Saint Kitts and Nevis,393,Female,15-19 years,30,0,1
Saint Kitts and Nevis,393,Female,20-24 years,30,0,1
Saint Kitts and Nevis,393,Female,25-29 years,30,0,1
Saint Kitts and Nevis,393,Female,30-34 years,30,0,1
Saint Kitts and Nevis,393,Female,35-39 years,30,0,1
Saint Kitts and Nevis,393,Female,40-44 years,30,0,1
Saint Kitts and Nevis,393,Female,45-49 years,30,0,1
Saint Kitts and Nevis,393,Female,5-9 years,30,0,1
Saint Kitts and Nevis,393,Female,50-54 years,30,0,1
Saint Kitts and Nevis,393,Female,55-59 years,30,0,1
Saint Kitts and Nevis,393,Female,60-64 years,30,0,1
Saint Kitts and Nevis,393,Female,65-69 years,30,0,1
Saint Kitts and Nevis,393,Female,70-74 years,30,0,1
Saint Kitts and Nevis,393,Female,75-79 years,30,0,1
Saint Kitts and Nevis,393,Female,80-84 years,30,0,1
Saint Kitts and Nevis,393,Female,85-89 years,30,0,1
Saint Kitts and Nevis,393,Female,90-94 years,30,0,1
Saint Kitts and Nevis,393,Female,95+ years,30,0,1
Saint Kitts and Nevis,393,Female,<5 years,30,0,1
Saint Lucia,116,Female,10-14 years,30,0,1
Saint Lucia,116,Female,15-19 years,30,0,1
Saint Lucia,116,Female,20-24 years,30,0,1
Saint Lucia,116,Female,25-29 years,30,0,1
Saint Lucia,116,Female,30-34 years,30,0,1
Saint Lucia,116,Female,35-39 years,30,0,1
Saint Lucia,116,Female,40-44 years,30,0,1
Saint Lucia,116,Female,45-49 years,30,0,1
Saint Lucia,116,Female,5-9 years,30,0,1
Saint Lucia,116,Female,50-54 years,30,0,1
Saint Lucia,116,Female,55-59 years,30,0,1
Saint Lucia,116,Female,60-64 years,30,0,1
Saint Lucia,116,Female,65-69 years,30,0,1
Saint Lucia,116,Female,70-74 years,30,0,1
Saint Lucia,116,Female,75-79 years,30,0,1
Saint Lucia,116,Female,80-84 years,30,0,1
Saint Lucia,116,Female,85-89 years,30,0,1
Saint Lucia,116,Female,90-94 years,30,0,1
Saint Lucia,116,Female,95+ years,30,0,1
Saint Lucia,116,Female,<5 years,30,0,1
Saint Vincent and the Grenadines,117,Female,10-14 years,30,0,1
Saint Vincent and the Grenadines,117,Female,15-19 years,30,0,1
Saint Vincent and the Grenadines,117,Female,20-24 years,30,0,1
Saint Vincent and the Grenadines,117,Female,25-29 years,30,0,1
Saint Vincent and the Grenadines,117,Female,30-34 years,30,0,1
Saint Vincent and the Grenadines,117,Female,35-39 years,30,0,1
Saint Vincent and the Grenadines,117,Female,40-44 years,30,0,1
Saint Vincent and the Grenadines,117,Female,45-49 years,30,0,1
Saint Vincent and the Grenadines,117,Female,5-9 years,30,0,1
Saint Vincent and the Grenadines,117,Female,50-54 years,30,0,1
Saint Vincent and the Grenadines,117,Female,55-59 years,30,0,1
Saint Vincent and the Grenadines,117,Female,60-64 years,30,0,1
Saint Vincent and the Grenadines,117,Female,65-69 years,30,0,1
Saint Vincent and the Grenadines,117,Female,70-74 years,30,0,1
Saint Vincent and the Grenadines,117,Female,75-79 years,30,0,1
Saint Vincent and the Grenadines,117,Female,80-84 years,30,0,1
Saint Vincent and the Grenadines,117,Female,85-89 years,30,0,1
Saint Vincent and the Grenadines,117,Female,90-94 years,30,0,1
Saint Vincent and the Grenadines,117,Female,95+ years,30,0,1
Saint Vincent and the Grenadines,117,Female,<5 years,30,0,1
Slovak Republic,54,Female,10-14 years,30,0,1
Slovak Republic,54,Female,15-19 years,30,0,1
Slovak Republic,54,Female,20-24 years,30,0,1
Slovak Republic,54,Female,25-29 years,30,0,1
Slovak Republic,54,Female,30-34 years,30,0,1
Slovak Republic,54,Female,35-39 years,30,0,1
Slovak Republic,54,Female,40-44 years,30,0,1
Slovak Republic,54,Female,45-49 years,30,0,1
Slovak Republic,54,Female,5-9 years,30,0,1
Slovak Republic,54,Female,50-54 years,30,0,1
Slovak Republic,54,Female,55-59 years,30,0,1
Slovak Republic,54,Female,60-64 years,30,0,1
Slovak Republic,54,Female,65-69 years,30,0,1
Slovak Republic,54,Female,70-74 years,30,0,1
Slovak Republic,54,Female,75-79 years,30,0,1
Slovak Republic,54,Female,80-84 years,30,0,1
Slovak Republic,54,Female,85-89 years,30,0,1
Slovak Republic,54,Female,90-94 years,30,0,1
Slovak Republic,54,Female,95+ years,30,0,1
Slovak Republic,54,Female,<5 years,30,0,1
Socialist Republic of Viet Nam,20,Female,10-14 years,30,0,1
Socialist Republic of Viet Nam,20,Female,15-19 years,30,0,1
Socialist Republic of Viet Nam,20,Female,20-24 years,30,0,1
Socialist Republic of Viet Nam,20,Female,25-29 years,30,0,1
Socialist Republic of Viet Nam,20,Female,30-34 years,30,0,1
Socialist Republic of Viet Nam,20,Female,35-39 years,30,0,1
Socialist Republic of Viet Nam,20,Female,40-44 years,30,0,1
Socialist Republic of Viet Nam,20,Female,45-49 years,30,0,1
Socialist Republic of Viet Nam,20,Female,5-9 years,30,0,1
Socialist Republic of Viet Nam,20,Female,50-54 years,30,0,1
Socialist Republic of Viet Nam,20,Female,55-59 years,30,0,1
Socialist Republic of Viet Nam,20,Female,60-64 years,30,0,1
Socialist Republic of Viet Nam,20,Female,65-69 years,30,0,1
Socialist Republic of Viet Nam,20,Female,70-74 years,30,0,1
Socialist Republic of Viet Nam,20,Female,75-79 years,30,0,1
Socialist Republic of Viet Nam,20,Female,80-84 years,30,0,1
Socialist Republic of Viet Nam,20,Female,85-89 years,30,0,1
Socialist Republic of Viet Nam,20,Female,90-94 years,30,0,1
Socialist Republic of Viet Nam,20,Female,95+ years,30,0,1
Socialist Republic of Viet Nam,20,Female,<5 years,30,0,1
Solomon Islands,28,Female,10-14 years,30,0,1
Solomon Islands,28,Female,15-19 years,30,0,1
Solomon Islands,28,Female,20-24 years,30,0,1
Solomon Islands,28,Female,25-29 years,30,0,1
Solomon Islands,28,Female,30-34 years,30,0,1
Solomon Islands,28,Female,35-39 years,30,0,1
Solomon Islands,28,Female,40-44 years,30,0,1
Solomon Islands,28,Female,45-49 years,30,0,1
Solomon Islands,28,Female,5-9 years,30,0,1
Solomon Islands,28,Female,50-54 years,30,0,1
Solomon Islands,28,Female,55-59 years,30,0,1
Solomon Islands,28,Female,60-64 years,30,0,1
Solomon Islands,28,Female,65-69 years,30,0,1
Solomon Islands,28,Female,70-74 years,30,0,1
Solomon Islands,28,Female,75-79 years,30,0,1
Solomon Islands,28,Female,80-84 years,30,0,1
Solomon Islands,28,Female,85-89 years,30,0,1
Solomon Islands,28,Female,90-94 years,30,0,1
Solomon Islands,28,Female,95+ years,30,0,1
Solomon Islands,28,Female,<5 years,30,0,1
State of Eritrea,178,Female,10-14 years,30,0,1
State of Eritrea,178,Female,15-19 years,30,0,1
State of Eritrea,178,Female,20-24 years,30,0,1
State of Eritrea,178,Female,25-29 years,30,0,1
State of Eritrea,178,Female,30-34 years,30,0,1
State of Eritrea,178,Female,35-39 years,30,0,1
State of Eritrea,178,Female,40-44 years,30,0,1
State of Eritrea,178,Female,45-49 years,30,0,1
State of Eritrea,178,Female,5-9 years,30,0,1
State of Eritrea,178,Female,50-54 years,30,0,1
State of Eritrea,178,Female,55-59 years,30,0,1
State of Eritrea,178,Female,60-64 years,30,0,1
State of Eritrea,178,Female,65-69 years,30,0,1
State of Eritrea,178,Female,70-74 years,30,0,1
State of Eritrea,178,Female,75-79 years,30,0,1
State of Eritrea,178,Female,80-84 years,30,0,1
State of Eritrea,178,Female,85-89 years,30,0,1
State of Eritrea,178,Female,90-94 years,30,0,1
State of Eritrea,178,Female,95+ years,30,0,1
State of Eritrea,178,Female,<5 years,30,0,1
State of Israel,85,Female,10-14 years,30,0,1
State of Israel,85,Female,15-19 years,30,0,1
State of Israel,85,Female,20-24 years,30,0,1
State of Israel,85,Female,25-29 years,30,0,1
State of Israel,85,Female,30-34 years,30,0,1
State of Israel,85,Female,35-39 years,30,0,1
State of Israel,85,Female,40-44 years,30,0,1
State of Israel,85,Female,45-49 years,30,0,1
State of Israel,85,Female,5-9 years,30,0,1
State of Israel,85,Female,50-54 years,30,0,1
State of Israel,85,Female,55-59 years,30,0,1
State of Israel,85,Female,60-64 years,30,0,1
State of Israel,85,Female,65-69 years,30,0,1
State of Israel,85,Female,70-74 years,30,0,1
State of Israel,85,Female,75-79 years,30,0,1
State of Israel,85,Female,80-84 years,30,0,1
State of Israel,85,Female,85-89 years,30,0,1
State of Israel,85,Female,90-94 years,30,0,1
State of Israel,85,Female,95+ years,30,0,1
State of Israel,85,Female,<5 years,30,0,1
State of Kuwait,145,Female,10-14 years,30,0,1
State of Kuwait,145,Female,15-19 years,30,0,1
State of Kuwait,145,Female,20-24 years,30,0,1
State of Kuwait,145,Female,25-29 years,30,0,1
State of Kuwait,145,Female,30-34 years,30,0,1
State of Kuwait,145,Female,35-39 years,30,0,1
State of Kuwait,145,Female,40-44 years,30,0,1
State of Kuwait,145,Female,45-49 years,30,0,1
State of Kuwait,145,Female,5-9 years,30,0,1
State of Kuwait,145,Female,50-54 years,30,0,1
State of Kuwait,145,Female,55-59 years,30,0,1
State of Kuwait,145,Female,60-64 years,30,0,1
State of Kuwait,145,Female,65-69 years,30,0,1
State of Kuwait,145,Female,70-74 years,30,0,1
State of Kuwait,145,Female,75-79 years,30,0,1
State of Kuwait,145,Female,80-84 years,30,0,1
State of Kuwait,145,Female,85-89 years,30,0,1
State of Kuwait,145,Female,90-94 years,30,0,1
State of Kuwait,145,Female,95+ years,30,0,1
State of Kuwait,145,Female,<5 years,30,0,1
State of Libya,147,Female,10-14 years,30,0,1
State of Libya,147,Female,15-19 years,30,0,1
State of Libya,147,Female,20-24 years,30,0,1
State of Libya,147,Female,25-29 years,30,0,1
State of Libya,147,Female,30-34 years,30,0,1
State of Libya,147,Female,35-39 years,30,0,1
State of Libya,147,Female,40-44 years,30,0,1
State of Libya,147,Female,45-49 years,30,0,1
State of Libya,147,Female,5-9 years,30,0,1
State of Libya,147,Female,50-54 years,30,0,1
State of Libya,147,Female,55-59 years,30,0,1
State of Libya,147,Female,60-64 years,30,0,1
State of Libya,147,Female,65-69 years,30,0,1
State of Libya,147,Female,70-74 years,30,0,1
State of Libya,147,Female,75-79 years,30,0,1
State of Libya,147,Female,80-84 years,30,0,1
State of Libya,147,Female,85-89 years,30,0,1
State of Libya,147,Female,90-94 years,30,0,1
State of Libya,147,Female,95+ years,30,0,1
State of Libya,147,Female,<5 years,30,0,1
State of Qatar,151,Female,10-14 years,30,0,1
State of Qatar,151,Female,15-19 years,30,0,1
State of Qatar,151,Female,20-24 years,30,0,1
State of Qatar,151,Female,25-29 years,30,0,1
State of Qatar,151,Female,30-34 years,30,0,1
State of Qatar,151,Female,35-39 years,30,0,1
State of Qatar,151,Female,40-44 years,30,0,1
State of Qatar,151,Female,45-49 years,30,0,1
State of Qatar,151,Female,5-9 years,30,0,1
State of Qatar,151,Female,50-54 years,30,0,1
State of Qatar,151,Female,55-59 years,30,0,1
State of Qatar,151,Female,60-64 years,30,0,1
State of Qatar,151,Female,65-69 years,30,0,1
State of Qatar,151,Female,70-74 years,30,0,1
State of Qatar,151,Female,75-79 years,30,0,1
State of Qatar,151,Female,80-84 years,30,0,1
State of Qatar,151,Female,85-89 years,30,0,1
State of Qatar,151,Female,90-94 years,30,0,1
State of Qatar,151,Female,95+ years,30,0,1
State of Qatar,151,Female,<5 years,30,0,1
Sultanate of Oman,150,Female,10-14 years,30,0,1
Sultanate of Oman,150,Female,15-19 years,30,0,1
Sultanate of Oman,150,Female,20-24 years,30,0,1
Sultanate of Oman,150,Female,25-29 years,30,0,1
Sultanate of Oman,150,Female,30-34 years,30,0,1
Sultanate of Oman,150,Female,35-39 years,30,0,1
Sultanate of Oman,150,Female,40-44 years,30,0,1
Sultanate of Oman,150,Female,45-49 years,30,0,1
Sultanate of Oman,150,Female,5-9 years,30,0,1
Sultanate of Oman,150,Female,50-54 years,30,0,1
Sultanate of Oman,150,Female,55-59 years,30,0,1
Sultanate of Oman,150,Female,60-64 years,30,0,1
Sultanate of Oman,150,Female,65-69 years,30,0,1
Sultanate of Oman,150,Female,70-74 years,30,0,1
Sultanate of Oman,150,Female,75-79 years,30,0,1
Sultanate of Oman,150,Female,80-84 years,30,0,1
Sultanate of Oman,150,Female,85-89 years,30,0,1
Sultanate of Oman,150,Female,90-94 years,30,0,1
Sultanate of Oman,150,Female,95+ years,30,0,1
Sultanate of Oman,150,Female,<5 years,30,0,1
Swiss Confederation,94,Female,10-14 years,30,0,1
Swiss Confederation,94,Female,15-19 years,30,0,1
Swiss Confederation,94,Female,20-24 years,30,0,1
Swiss Confederation,94,Female,25-29 years,30,0,1
Swiss Confederation,94,Female,30-34 years,30,0,1
Swiss Confederation,94,Female,35-39 years,30,0,1
Swiss Confederation,94,Female,40-44 years,30,0,1
Swiss Confederation,94,Female,45-49 years,30,0,1
Swiss Confederation,94,Female,5-9 years,30,0,1
Swiss Confederation,94,Female,50-54 years,30,0,1
Swiss Confederation,94,Female,55-59 years,30,0,1
Swiss Confederation,94,Female,60-64 years,30,0,1
Swiss Confederation,94,Female,65-69 years,30,0,1
Swiss Confederation,94,Female,70-74 years,30,0,1
Swiss Confederation,94,Female,75-79 years,30,0,1
Swiss Confederation,94,Female,80-84 years,30,0,1
Swiss Confederation,94,Female,85-89 years,30,0,1
Swiss Confederation,94,Female,90-94 years,30,0,1
Swiss Confederation,94,Female,95+ years,30,0,1
Swiss Confederation,94,Female,<5 years,30,0,1
Syrian Arab Republic,153,Female,10-14 years,30,0,1
Syrian Arab Republic,153,Female,15-19 years,30,0,1
Syrian Arab Republic,153,Female,20-24 years,30,0,1
Syrian Arab Republic,153,Female,25-29 years,30,0,1
Syrian Arab Republic,153,Female,30-34 years,30,0,1
Syrian Arab Republic,153,Female,35-39 years,30,0,1
Syrian Arab Republic,153,Female,40-44 years,30,0,1
Syrian Arab Republic,153,Female,45-49 years,30,0,1
Syrian Arab Republic,153,Female,5-9 years,30,0,1
Syrian Arab Republic,153,Female,50-54 years,30,0,1
Syrian Arab Republic,153,Female,55-59 years,30,0,1
Syrian Arab Republic,153,Female,60-64 years,30,0,1
Syrian Arab Republic,153,Female,65-69 years,30,0,1
Syrian Arab Republic,153,Female,70-74 years,30,0,1
Syrian Arab Republic,153,Female,75-79 years,30,0,1
Syrian Arab Republic,153,Female,80-84 years,30,0,1
Syrian Arab Republic,153,Female,85-89 years,30,0,1
Syrian Arab Republic,153,Female,90-94 years,30,0,1
Syrian Arab Republic,153,Female,95+ years,30,0,1
Syrian Arab Republic,153,Female,<5 years,30,0,1
Taiwan (Province of China),8,Female,10-14 years,30,0,1
Taiwan (Province of China),8,Female,15-19 years,30,0,1
Taiwan (Province of China),8,Female,20-24 years,30,0,1
Taiwan (Province of China),8,Female,25-29 years,30,0,1
Taiwan (Province of China),8,Female,30-34 years,30,0,1
Taiwan (Province of China),8,Female,35-39 years,30,0,1
Taiwan (Province of China),8,Female,40-44 years,30,0,1
Taiwan (Province of China),8,Female,45-49 years,30,0,1
Taiwan (Province of China),8,Female,5-9 years,30,0,1
Taiwan (Province of China),8,Female,50-54 years,30,0,1
Taiwan (Province of China),8,Female,55-59 years,30,0,1
Taiwan (Province of China),8,Female,60-64 years,30,0,1
Taiwan (Province of China),8,Female,65-69 years,30,0,1
Taiwan (Province of China),8,Female,70-74 years,30,0,1
Taiwan (Province of China),8,Female,75-79 years,30,0,1
Taiwan (Province of China),8,Female,80-84 years,30,0,1
Taiwan (Province of China),8,Female,85-89 years,30,0,1
Taiwan (Province of China),8,Female,90-94 years,30,0,1
Taiwan (Province of China),8,Female,95+ years,30,0,1
Taiwan (Province of China),8,Female,<5 years,30,0,1
Togolese Republic,218,Female,10-14 years,30,0,1
Togolese Republic,218,Female,15-19 years,30,0,1
Togolese Republic,218,Female,20-24 years,30,0,1
Togolese Republic,218,Female,25-29 years,30,0,1
Togolese Republic,218,Female,30-34 years,30,0,1
Togolese Republic,218,Female,35-39 years,30,0,1
Togolese Republic,218,Female,40-44 years,30,0,1
Togolese Republic,218,Female,45-49 years,30,0,1
Togolese Republic,218,Female,5-9 years,30,0,1
Togolese Republic,218,Female,50-54 years,30,0,1
Togolese Republic,218,Female,55-59 years,30,0,1
Togolese Republic,218,Female,60-64 years,30,0,1
Togolese Republic,218,Female,65-69 years,30,0,1
Togolese Republic,218,Female,70-74 years,30,0,1
Togolese Republic,218,Female,75-79 years,30,0,1
Togolese Republic,218,Female,80-84 years,30,0,1
Togolese Republic,218,Female,85-89 years,30,0,1
Togolese Republic,218,Female,90-94 years,30,0,1
Togolese Republic,218,Female,95+ years,30,0,1
Togolese Republic,218,Female,<5 years,30,0,1
Tokelau,413,Female,10-14 years,30,0,1
Tokelau,413,Female,15-19 years,30,0,1
Tokelau,413,Female,20-24 years,30,0,1
Tokelau,413,Female,25-29 years,30,0,1
Tokelau,413,Female,30-34 years,30,0,1
Tokelau,413,Female,35-39 years,30,0,1
Tokelau,413,Female,40-44 years,30,0,1
Tokelau,413,Female,45-49 years,30,0,1
Tokelau,413,Female,5-9 years,30,0,1
Tokelau,413,Female,50-54 years,30,0,1
Tokelau,413,Female,55-59 years,30,0,1
Tokelau,413,Female,60-64 years,30,0,1
Tokelau,413,Female,65-69 years,30,0,1
Tokelau,413,Female,70-74 years,30,0,1
Tokelau,413,Female,75-79 years,30,0,1
Tokelau,413,Female,80-84 years,30,0,1
Tokelau,413,Female,85-89 years,30,0,1
Tokelau,413,Female,90-94 years,30,0,1
Tokelau,413,Female,95+ years,30,0,1
Tokelau,413,Female,<5 years,30,0,1
Turkmenistan,40,Female,10-14 years,30,0,1
Turkmenistan,40,Female,15-19 years,30,0,1
Turkmenistan,40,Female,20-24 years,30,0,1
Turkmenistan,40,Female,25-29 years,30,0,1
Turkmenistan,40,Female,30-34 years,30,0,1
Turkmenistan,40,Female,35-39 years,30,0,1
Turkmenistan,40,Female,40-44 years,30,0,1
Turkmenistan,40,Female,45-49 years,30,0,1
Turkmenistan,40,Female,5-9 years,30,0,1
Turkmenistan,40,Female,50-54 years,30,0,1
Turkmenistan,40,Female,55-59 years,30,0,1
Turkmenistan,40,Female,60-64 years,30,0,1
Turkmenistan,40,Female,65-69 years,30,0,1
Turkmenistan,40,Female,70-74 years,30,0,1
Turkmenistan,40,Female,75-79 years,30,0,1
Turkmenistan,40,Female,80-84 years,30,0,1
Turkmenistan,40,Female,85-89 years,30,0,1
Turkmenistan,40,Female,90-94 years,30,0,1
Turkmenistan,40,Female,95+ years,30,0,1
Turkmenistan,40,Female,<5 years,30,0,1
Tuvalu,416,Female,10-14 years,30,0,1
Tuvalu,416,Female,15-19 years,30,0,1
Tuvalu,416,Female,20-24 years,30,0,1
Tuvalu,416,Female,25-29 years,30,0,1
Tuvalu,416,Female,30-34 years,30,0,1
Tuvalu,416,Female,35-39 years,30,0,1
Tuvalu,416,Female,40-44 years,30,0,1
Tuvalu,416,Female,45-49 years,30,0,1
Tuvalu,416,Female,5-9 years,30,0,1
Tuvalu,416,Female,50-54 years,30,0,1
Tuvalu,416,Female,55-59 years,30,0,1
Tuvalu,416,Female,60-64 years,30,0,1
Tuvalu,416,Female,65-69 years,30,0,1
Tuvalu,416,Female,70-74 years,30,0,1
Tuvalu,416,Female,75-79 years,30,0,1
Tuvalu,416,Female,80-84 years,30,0,1
Tuvalu,416,Female,85-89 years,30,0,1
Tuvalu,416,Female,90-94 years,30,0,1
Tuvalu,416,Female,95+ years,30,0,1
Tuvalu,416,Female,<5 years,30,0,1
Ukraine,63,Female,10-14 years,30,0,1
Ukraine,63,Female,15-19 years,30,0,1
Ukraine,63,Female,20-24 years,30,0,1
Ukraine,63,Female,25-29 years,30,0,1
Ukraine,63,Female,30-34 years,30,0,1
Ukraine,63,Female,35-39 years,30,0,1
Ukraine,63,Female,40-44 years,30,0,1
Ukraine,63,Female,45-49 years,30,0,1
Ukraine,63,Female,5-9 years,30,0,1
Ukraine,63,Female,50-54 years,30,0,1
Ukraine,63,Female,55-59 years,30,0,1
Ukraine,63,Female,60-64 years,30,0,1
Ukraine,63,Female,65-69 years,30,0,1
Ukraine,63,Female,70-74 years,30,0,1
Ukraine,63,Female,75-79 years,30,0,1
Ukraine,63,Female,80-84 years,30,0,1
Ukraine,63,Female,85-89 years,30,0,1
Ukraine,63,Female,90-94 years,30,0,1
Ukraine,63,Female,95+ years,30,0,1
Ukraine,63,Female,<5 years,30,0,1
Union of the Comoros,176,Female,10-14 years,30,0,1
Union of the Comoros,176,Female,15-19 years,30,0,1
Union of the Comoros,176,Female,20-24 years,30,0,1
Union of the Comoros,176,Female,25-29 years,30,0,1
Union of the Comoros,176,Female,30-34 years,30,0,1
Union of the Comoros,176,Female,35-39 years,30,0,1
Union of the Comoros,176,Female,40-44 years,30,0,1
Union of the Comoros,176,Female,45-49 years,30,0,1
Union of the Comoros,176,Female,5-9 years,30,0,1
Union of the Comoros,176,Female,50-54 years,30,0,1
Union of the Comoros,176,Female,55-59 years,30,0,1
Union of the Comoros,176,Female,60-64 years,30,0,1
Union of the Comoros,176,Female,65-69 years,30,0,1
Union of the Comoros,176,Female,70-74 years,30,0,1
Union of the Comoros,176,Female,75-79 years,30,0,1
Union of the Comoros,176,Female,80-84 years,30,0,1
Union of the Comoros,176,Female,85-89 years,30,0,1
Union of the Comoros,176,Female,90-94 years,30,0,1
Union of the Comoros,176,Female,95+ years,30,0,1
Union of the Comoros,176,Female,<5 years,30,0,1
United Arab Emirates,156,Female,10-14 years,30,0,1
United Arab Emirates,156,Female,15-19 years,30,0,1
United Arab Emirates,156,Female,20-24 years,30,0,1
United Arab Emirates,156,Female,25-29 years,30,0,1
United Arab Emirates,156,Female,30-34 years,30,0,1
United Arab Emirates,156,Female,35-39 years,30,0,1
United Arab Emirates,156,Female,40-44 years,30,0,1
United Arab Emirates,156,Female,45-49 years,30,0,1
United Arab Emirates,156,Female,5-9 years,30,0,1
United Arab Emirates,156,Female,50-54 years,30,0,1
United Arab Emirates,156,Female,55-59 years,30,0,1
United Arab Emirates,156,Female,60-64 years,30,0,1
United Arab Emirates,156,Female,65-69 years,30,0,1
United Arab Emirates,156,Female,70-74 years,30,0,1
United Arab Emirates,156,Female,75-79 years,30,0,1
United Arab Emirates,156,Female,80-84 years,30,0,1
United Arab Emirates,156,Female,85-89 years,30,0,1
United Arab Emirates,156,Female,90-94 years,30,0,1
United Arab Emirates,156,Female,95+ years,30,0,1
United Arab Emirates,156,Female,<5 years,30,0,1
United Kingdom of Great Britain and Northern Ireland,95,Female,10-14 years,30,0,1
United Kingdom of Great Britain and Northern Ireland,95,Female,15-19 years,30,0,1
United Kingdom of Great Britain and Northern Ireland,95,Female,20-24 years,30,0,1
United Kingdom of Great Britain and Northern Ireland,95,Female,25-29 years,30,0,1
United Kingdom of Great Britain and Northern Ireland,95,Female,30-34 years,30,0,1
United Kingdom of Great Britain and Northern Ireland,95,Female,35-39 years,30,0,1
United Kingdom of Great Britain and Northern Ireland,95,Female,40-44 years,30,0,1
United Kingdom of Great Britain and Northern Ireland,95,Female,45-49 years,30,0,1
United Kingdom of Great Britain and Northern Ireland,95,Female,5-9 years,30,0,1
United Kingdom of Great Britain and Northern Ireland,95,Female,50-54 years,30,0,1
United Kingdom of Great Britain and Northern Ireland,95,Female,55-59 years,30,0,1
United Kingdom of Great Britain and Northern Ireland,95,Female,60-64 years,30,0,1
United Kingdom of Great Britain and Northern Ireland,95,Female,65-69 years,30,0,1
United Kingdom of Great Britain and Northern Ireland,95,Female,70-74 years,30,0,1
United Kingdom of Great Britain and Northern Ireland,95,Female,75-79 years,30,0,1
United Kingdom of Great Britain and Northern Ireland,95,Female,80-84 years,30,0,1
United Kingdom of Great Britain and Northern Ireland,95,Female,85-89 years,30,0,1
United Kingdom of Great Britain and Northern Ireland,95,Female,90-94 years,30,0,1
United Kingdom of Great Britain and Northern Ireland,95,Female,95+ years,30,0,1
United Kingdom of Great Britain and Northern Ireland,95,Female,<5 years,30,0,1
United Mexican States,130,Female,10-14 years,30,0,1
United Mexican States,130,Female,15-19 years,30,0,1
United Mexican States,130,Female,20-24 years,30,0,1
United Mexican States,130,Female,25-29 years,30,0,1
United Mexican States,130,Female,30-34 years,30,0,1
United Mexican States,130,Female,35-39 years,30,0,1
United Mexican States,130,Female,40-44 years,30,0,1
United Mexican States,130,Female,45-49 years,30,0,1
United Mexican States,130,Female,5-9 years,30,0,1
United Mexican States,130,Female,50-54 years,30,0,1
United Mexican States,130,Female,55-59 years,30,0,1
United Mexican States,130,Female,60-64 years,30,0,1
United Mexican States,130,Female,65-69 years,30,0,1
United Mexican States,130,Female,70-74 years,30,0,1
United Mexican States,130,Female,75-79 years,30,0,1
United Mexican States,130,Female,80-84 years,30,0,1
United Mexican States,130,Female,85-89 years,30,0,1
United Mexican States,130,Female,90-94 years,30,0,1
United Mexican States,130,Female,95+ years,30,0,1
United Mexican States,130,Female,<5 years,30,0,1
United Republic of Tanzania,189,Female,10-14 years,30,0,1
United Republic of Tanzania,189,Female,15-19 years,30,0,1
United Republic of Tanzania,189,Female,20-24 years,30,0,1
United Republic of Tanzania,189,Female,25-29 years,30,0,1
United Republic of Tanzania,189,Female,30-34 years,30,0,1
United Republic of Tanzania,189,Female,35-39 years,30,0,1
United Republic of Tanzania,189,Female,40-44 years,30,0,1
United Republic of Tanzania,189,Female,45-49 years,30,0,1
United Republic of Tanzania,189,Female,5-9 years,30,0,1
United Republic of Tanzania,189,Female,50-54 years,30,0,1
United Republic of Tanzania,189,Female,55-59 years,30,0,1
United Republic of Tanzania,189,Female,60-64 years,30,0,1
United Republic of Tanzania,189,Female,65-69 years,30,0,1
United Republic of Tanzania,189,Female,70-74 years,30,0,1
United Republic of Tanzania,189,Female,75-79 years,30,0,1
United Republic of Tanzania,189,Female,80-84 years,30,0,1
United Republic of Tanzania,189,Female,85-89 years,30,0,1
United Republic of Tanzania,189,Female,90-94 years,30,0,1
United Republic of Tanzania,189,Female,95+ years,30,0,1
United Republic of Tanzania,189,Female,<5 years,30,0,1
United States Virgin Islands,422,Female,10-14 years,30,0,1
United States Virgin Islands,422,Female,15-19 years,30,0,1
United States Virgin Islands,422,Female,20-24 years,30,0,1
United States Virgin Islands,422,Female,25-29 years,30,0,1
United States Virgin Islands,422,Female,30-34 years,30,0,1
United States Virgin Islands,422,Female,35-39 years,30,0,1
United States Virgin Islands,422,Female,40-44 years,30,0,1
United States Virgin Islands,422,Female,45-49 years,30,0,1
United States Virgin Islands,422,Female,5-9 years,30,0,1
United States Virgin Islands,422,Female,50-54 years,30,0,1
United States Virgin Islands,422,Female,55-59 years,30,0,1
United States Virgin Islands,422,Female,60-64 years,30,0,1
United States Virgin Islands,422,Female,65-69 years,30,0,1
United States Virgin Islands,422,Female,70-74 years,30,0,1
United States Virgin Islands,422,Female,75-79 years,30,0,1
United States Virgin Islands,422,Female,80-84 years,30,0,1
United States Virgin Islands,422,Female,85-89 years,30,0,1
United States Virgin Islands,422,Female,90-94 years,30,0,1
United States Virgin Islands,422,Female,95+ years,30,0,1
United States Virgin Islands,422,Female,<5 years,30,0,1
United States of America,102,Female,10-14 years,30,0,1
United States of America,102,Female,15-19 years,30,0,1
United States of America,102,Female,20-24 years,30,0,1
United States of America,102,Female,25-29 years,30,0,1
United States of America,102,Female,30-34 years,30,0,1
United States of America,102,Female,35-39 years,30,0,1
United States of America,102,Female,40-44 years,30,0,1
United States of America,102,Female,45-49 years,30,0,1
United States of America,102,Female,5-9 years,30,0,1
United States of America,102,Female,50-54 years,30,0,1
United States of America,102,Female,55-59 years,30,0,1
United States of America,102,Female,60-64 years,30,0,1
United States of America,102,Female,65-69 years,30,0,1
United States of America,102,Female,70-74 years,30,0,1
United States of America,102,Female,75-79 years,30,0,1
United States of America,102,Female,80-84 years,30,0,1
United States of America,102,Female,85-89 years,30,0,1
United States of America,102,Female,90-94 years,30,0,1
United States of America,102,Female,95+ years,30,0,1
United States of America,102,Female,<5 years,30,0,1
American Samoa,298,Male,10-14 years,30,0,1
American Samoa,298,Male,15-19 years,30,0,1
American Samoa,298,Male,20-24 years,30,0,1
American Samoa,298,Male,25-29 years,30,0,1
American Samoa,298,Male,30-34 years,30,0,1
American Samoa,298,Male,35-39 years,30,0,1
American Samoa,298,Male,40-44 years,30,0,1
American Samoa,298,Male,45-49 years,30,0,1
American Samoa,298,Male,5-9 years,30,0,1
American Samoa,298,Male,50-54 years,30,0,1
American Samoa,298,Male,55-59 years,30,0,1
American Samoa,298,Male,60-64 years,30,0,1
American Samoa,298,Male,65-69 years,30,0,1
American Samoa,298,Male,70-74 years,30,0,1
American Samoa,298,Male,75-79 years,30,0,1
American Samoa,298,Male,80-84 years,30,0,1
American Samoa,298,Male,85-89 years,30,0,1
American Samoa,298,Male,90-94 years,30,0,1
American Samoa,298,Male,95+ years,30,0,1
American Samoa,298,Male,<5 years,30,0,1
Antigua and Barbuda,105,Male,10-14 years,30,0,1
Antigua and Barbuda,105,Male,15-19 years,30,0,1
Antigua and Barbuda,105,Male,20-24 years,30,0,1
Antigua and Barbuda,105,Male,25-29 years,30,0,1
Antigua and Barbuda,105,Male,30-34 years,30,0,1
Antigua and Barbuda,105,Male,35-39 years,30,0,1
Antigua and Barbuda,105,Male,40-44 years,30,0,1
Antigua and Barbuda,105,Male,45-49 years,30,0,1
Antigua and Barbuda,105,Male,5-9 years,30,0,1
Antigua and Barbuda,105,Male,50-54 years,30,0,1
Antigua and Barbuda,105,Male,55-59 years,30,0,1
Antigua and Barbuda,105,Male,60-64 years,30,0,1
Antigua and Barbuda,105,Male,65-69 years,30,0,1
Antigua and Barbuda,105,Male,70-74 years,30,0,1
Antigua and Barbuda,105,Male,75-79 years,30,0,1
Antigua and Barbuda,105,Male,80-84 years,30,0,1
Antigua and Barbuda,105,Male,85-89 years,30,0,1
Antigua and Barbuda,105,Male,90-94 years,30,0,1
Antigua and Barbuda,105,Male,95+ years,30,0,1
Antigua and Barbuda,105,Male,<5 years,30,0,1
Arab Republic of Egypt,141,Male,10-14 years,30,0,1
Arab Republic of Egypt,141,Male,15-19 years,30,0,1
Arab Republic of Egypt,141,Male,20-24 years,30,0,1
Arab Republic of Egypt,141,Male,25-29 years,30,0,1
Arab Republic of Egypt,141,Male,30-34 years,30,0,1
Arab Republic of Egypt,141,Male,35-39 years,30,0,1
Arab Republic of Egypt,141,Male,40-44 years,30,0,1
Arab Republic of Egypt,141,Male,45-49 years,30,0,1
Arab Republic of Egypt,141,Male,5-9 years,30,0,1
Arab Republic of Egypt,141,Male,50-54 years,30,0,1
Arab Republic of Egypt,141,Male,55-59 years,30,0,1
Arab Republic of Egypt,141,Male,60-64 years,30,0,1
Arab Republic of Egypt,141,Male,65-69 years,30,0,1
Arab Republic of Egypt,141,Male,70-74 years,30,0,1
Arab Republic of Egypt,141,Male,75-79 years,30,0,1
Arab Republic of Egypt,141,Male,80-84 years,30,0,1
Arab Republic of Egypt,141,Male,85-89 years,30,0,1
Arab Republic of Egypt,141,Male,90-94 years,30,0,1
Arab Republic of Egypt,141,Male,95+ years,30,0,1
Arab Republic of Egypt,141,Male,<5 years,30,0,1
Argentine Republic,97,Male,10-14 years,30,0,1
Argentine Republic,97,Male,15-19 years,30,0,1
Argentine Republic,97,Male,20-24 years,30,0,1
Argentine Republic,97,Male,25-29 years,30,0,1
Argentine Republic,97,Male,30-34 years,30,0,1
Argentine Republic,97,Male,35-39 years,30,0,1
Argentine Republic,97,Male,40-44 years,30,0,1
Argentine Republic,97,Male,45-49 years,30,0,1
Argentine Republic,97,Male,5-9 years,30,0,1
Argentine Republic,97,Male,50-54 years,30,0,1
Argentine Republic,97,Male,55-59 years,30,0,1
Argentine Republic,97,Male,60-64 years,30,0,1
Argentine Republic,97,Male,65-69 years,30,0,1
Argentine Republic,97,Male,70-74 years,30,0,1
Argentine Republic,97,Male,75-79 years,30,0,1
Argentine Republic,97,Male,80-84 years,30,0,1
Argentine Republic,97,Male,85-89 years,30,0,1
Argentine Republic,97,Male,90-94 years,30,0,1
Argentine Republic,97,Male,95+ years,30,0,1
Argentine Republic,97,Male,<5 years,30,0,1
Australia,71,Male,10-14 years,30,0,1
Australia,71,Male,15-19 years,30,0,1
Australia,71,Male,20-24 years,30,0,1
Australia,71,Male,25-29 years,30,0,1
Australia,71,Male,30-34 years,30,0,1
Australia,71,Male,35-39 years,30,0,1
Australia,71,Male,40-44 years,30,0,1
Australia,71,Male,45-49 years,30,0,1
Australia,71,Male,5-9 years,30,0,1
Australia,71,Male,50-54 years,30,0,1
Australia,71,Male,55-59 years,30,0,1
Australia,71,Male,60-64 years,30,0,1
Australia,71,Male,65-69 years,30,0,1
Australia,71,Male,70-74 years,30,0,1
Australia,71,Male,75-79 years,30,0,1
Australia,71,Male,80-84 years,30,0,1
Australia,71,Male,85-89 years,30,0,1
Australia,71,Male,90-94 years,30,0,1
Australia,71,Male,95+ years,30,0,1
Australia,71,Male,<5 years,30,0,1
Barbados,107,Male,10-14 years,30,0,1
Barbados,107,Male,15-19 years,30,0,1
Barbados,107,Male,20-24 years,30,0,1
Barbados,107,Male,25-29 years,30,0,1
Barbados,107,Male,30-34 years,30,0,1
Barbados,107,Male,35-39 years,30,0,1
Barbados,107,Male,40-44 years,30,0,1
Barbados,107,Male,45-49 years,30,0,1
Barbados,107,Male,5-9 years,30,0,1
Barbados,107,Male,50-54 years,30,0,1
Barbados,107,Male,55-59 years,30,0,1
Barbados,107,Male,60-64 years,30,0,1
Barbados,107,Male,65-69 years,30,0,1
Barbados,107,Male,70-74 years,30,0,1
Barbados,107,Male,75-79 years,30,0,1
Barbados,107,Male,80-84 years,30,0,1
Barbados,107,Male,85-89 years,30,0,1
Barbados,107,Male,90-94 years,30,0,1
Barbados,107,Male,95+ years,30,0,1
Barbados,107,Male,<5 years,30,0,1
Belize,108,Male,10-14 years,30,0,1
Belize,108,Male,15-19 years,30,0,1
Belize,108,Male,20-24 years,30,0,1
Belize,108,Male,25-29 years,30,0,1
Belize,108,Male,30-34 years,30,0,1
Belize,108,Male,35-39 years,30,0,1
Belize,108,Male,40-44 years,30,0,1
Belize,108,Male,45-49 years,30,0,1
Belize,108,Male,5-9 years,30,0,1
Belize,108,Male,50-54 years,30,0,1
Belize,108,Male,55-59 years,30,0,1
Belize,108,Male,60-64 years,30,0,1
Belize,108,Male,65-69 years,30,0,1
Belize,108,Male,70-74 years,30,0,1
Belize,108,Male,75-79 years,30,0,1
Belize,108,Male,80-84 years,30,0,1
Belize,108,Male,85-89 years,30,0,1
Belize,108,Male,90-94 years,30,0,1
Belize,108,Male,95+ years,30,0,1
Belize,108,Male,<5 years,30,0,1
Bermuda,305,Male,10-14 years,30,0,1
Bermuda,305,Male,15-19 years,30,0,1
Bermuda,305,Male,20-24 years,30,0,1
Bermuda,305,Male,25-29 years,30,0,1
Bermuda,305,Male,30-34 years,30,0,1
Bermuda,305,Male,35-39 years,30,0,1
Bermuda,305,Male,40-44 years,30,0,1
Bermuda,305,Male,45-49 years,30,0,1
Bermuda,305,Male,5-9 years,30,0,1
Bermuda,305,Male,50-54 years,30,0,1
Bermuda,305,Male,55-59 years,30,0,1
Bermuda,305,Male,60-64 years,30,0,1
Bermuda,305,Male,65-69 years,30,0,1
Bermuda,305,Male,70-74 years,30,0,1
Bermuda,305,Male,75-79 years,30,0,1
Bermuda,305,Male,80-84 years,30,0,1
Bermuda,305,Male,85-89 years,30,0,1
Bermuda,305,Male,90-94 years,30,0,1
Bermuda,305,Male,95+ years,30,0,1
Bermuda,305,Male,<5 years,30,0,1
Bolivarian Republic of Venezuela,133,Male,10-14 years,30,0,1
Bolivarian Republic of Venezuela,133,Male,15-19 years,30,0,1
Bolivarian Republic of Venezuela,133,Male,20-24 years,30,0,1
Bolivarian Republic of Venezuela,133,Male,25-29 years,30,0,1
Bolivarian Republic of Venezuela,133,Male,30-34 years,30,0,1
Bolivarian Republic of Venezuela,133,Male,35-39 years,30,0,1
Bolivarian Republic of Venezuela,133,Male,40-44 years,30,0,1
Bolivarian Republic of Venezuela,133,Male,45-49 years,30,0,1
Bolivarian Republic of Venezuela,133,Male,5-9 years,30,0,1
Bolivarian Republic of Venezuela,133,Male,50-54 years,30,0,1
Bolivarian Republic of Venezuela,133,Male,55-59 years,30,0,1
Bolivarian Republic of Venezuela,133,Male,60-64 years,30,0,1
Bolivarian Republic of Venezuela,133,Male,65-69 years,30,0,1
Bolivarian Republic of Venezuela,133,Male,70-74 years,30,0,1
Bolivarian Republic of Venezuela,133,Male,75-79 years,30,0,1
Bolivarian Republic of Venezuela,133,Male,80-84 years,30,0,1
Bolivarian Republic of Venezuela,133,Male,85-89 years,30,0,1
Bolivarian Republic of Venezuela,133,Male,90-94 years,30,0,1
Bolivarian Republic of Venezuela,133,Male,95+ years,30,0,1
Bolivarian Republic of Venezuela,133,Male,<5 years,30,0,1
Bosnia and Herzegovina,44,Male,10-14 years,30,0,1
Bosnia and Herzegovina,44,Male,15-19 years,30,0,1
Bosnia and Herzegovina,44,Male,20-24 years,30,0,1
Bosnia and Herzegovina,44,Male,25-29 years,30,0,1
Bosnia and Herzegovina,44,Male,30-34 years,30,0,1
Bosnia and Herzegovina,44,Male,35-39 years,30,0,1
Bosnia and Herzegovina,44,Male,40-44 years,30,0,1
Bosnia and Herzegovina,44,Male,45-49 years,30,0,1
Bosnia and Herzegovina,44,Male,5-9 years,30,0,1
Bosnia and Herzegovina,44,Male,50-54 years,30,0,1
Bosnia and Herzegovina,44,Male,55-59 years,30,0,1
Bosnia and Herzegovina,44,Male,60-64 years,30,0,1
Bosnia and Herzegovina,44,Male,65-69 years,30,0,1
Bosnia and Herzegovina,44,Male,70-74 years,30,0,1
Bosnia and Herzegovina,44,Male,75-79 years,30,0,1
Bosnia and Herzegovina,44,Male,80-84 years,30,0,1
Bosnia and Herzegovina,44,Male,85-89 years,30,0,1
Bosnia and Herzegovina,44,Male,90-94 years,30,0,1
Bosnia and Herzegovina,44,Male,95+ years,30,0,1
Bosnia and Herzegovina,44,Male,<5 years,30,0,1
Brunei Darussalam,66,Male,10-14 years,30,0,1
Brunei Darussalam,66,Male,15-19 years,30,0,1
Brunei Darussalam,66,Male,20-24 years,30,0,1
Brunei Darussalam,66,Male,25-29 years,30,0,1
Brunei Darussalam,66,Male,30-34 years,30,0,1
Brunei Darussalam,66,Male,35-39 years,30,0,1
Brunei Darussalam,66,Male,40-44 years,30,0,1
Brunei Darussalam,66,Male,45-49 years,30,0,1
Brunei Darussalam,66,Male,5-9 years,30,0,1
Brunei Darussalam,66,Male,50-54 years,30,0,1
Brunei Darussalam,66,Male,55-59 years,30,0,1
Brunei Darussalam,66,Male,60-64 years,30,0,1
Brunei Darussalam,66,Male,65-69 years,30,0,1
Brunei Darussalam,66,Male,70-74 years,30,0,1
Brunei Darussalam,66,Male,75-79 years,30,0,1
Brunei Darussalam,66,Male,80-84 years,30,0,1
Brunei Darussalam,66,Male,85-89 years,30,0,1
Brunei Darussalam,66,Male,90-94 years,30,0,1
Brunei Darussalam,66,Male,95+ years,30,0,1
Brunei Darussalam,66,Male,<5 years,30,0,1
Burkina Faso,201,Male,10-14 years,30,0,1
Burkina Faso,201,Male,15-19 years,30,0,1
Burkina Faso,201,Male,20-24 years,30,0,1
Burkina Faso,201,Male,25-29 years,30,0,1
Burkina Faso,201,Male,30-34 years,30,0,1
Burkina Faso,201,Male,35-39 years,30,0,1
Burkina Faso,201,Male,40-44 years,30,0,1
Burkina Faso,201,Male,45-49 years,30,0,1
Burkina Faso,201,Male,5-9 years,30,0,1
Burkina Faso,201,Male,50-54 years,30,0,1
Burkina Faso,201,Male,55-59 years,30,0,1
Burkina Faso,201,Male,60-64 years,30,0,1
Burkina Faso,201,Male,65-69 years,30,0,1
Burkina Faso,201,Male,70-74 years,30,0,1
Burkina Faso,201,Male,75-79 years,30,0,1
Burkina Faso,201,Male,80-84 years,30,0,1
Burkina Faso,201,Male,85-89 years,30,0,1
Burkina Faso,201,Male,90-94 years,30,0,1
Burkina Faso,201,Male,95+ years,30,0,1
Burkina Faso,201,Male,<5 years,30,0,1
Canada,101,Male,10-14 years,30,0,1
Canada,101,Male,15-19 years,30,0,1
Canada,101,Male,20-24 years,30,0,1
Canada,101,Male,25-29 years,30,0,1
Canada,101,Male,30-34 years,30,0,1
Canada,101,Male,35-39 years,30,0,1
Canada,101,Male,40-44 years,30,0,1
Canada,101,Male,45-49 years,30,0,1
Canada,101,Male,5-9 years,30,0,1
Canada,101,Male,50-54 years,30,0,1
Canada,101,Male,55-59 years,30,0,1
Canada,101,Male,60-64 years,30,0,1
Canada,101,Male,65-69 years,30,0,1
Canada,101,Male,70-74 years,30,0,1
Canada,101,Male,75-79 years,30,0,1
Canada,101,Male,80-84 years,30,0,1
Canada,101,Male,85-89 years,30,0,1
Canada,101,Male,90-94 years,30,0,1
Canada,101,Male,95+ years,30,0,1
Canada,101,Male,<5 years,30,0,1
Central African Republic,169,Male,10-14 years,30,0,1
Central African Republic,169,Male,15-19 years,30,0,1
Central African Republic,169,Male,20-24 years,30,0,1
Central African Republic,169,Male,25-29 years,30,0,1
Central African Republic,169,Male,30-34 years,30,0,1
Central African Republic,169,Male,35-39 years,30,0,1
Central African Republic,169,Male,40-44 years,30,0,1
Central African Republic,169,Male,45-49 years,30,0,1
Central African Republic,169,Male,5-9 years,30,0,1
Central African Republic,169,Male,50-54 years,30,0,1
Central African Republic,169,Male,55-59 years,30,0,1
Central African Republic,169,Male,60-64 years,30,0,1
Central African Republic,169,Male,65-69 years,30,0,1
Central African Republic,169,Male,70-74 years,30,0,1
Central African Republic,169,Male,75-79 years,30,0,1
Central African Republic,169,Male,80-84 years,30,0,1
Central African Republic,169,Male,85-89 years,30,0,1
Central African Republic,169,Male,90-94 years,30,0,1
Central African Republic,169,Male,95+ years,30,0,1
Central African Republic,169,Male,<5 years,30,0,1
Commonwealth of Dominica,110,Male,10-14 years,30,0,1
Commonwealth of Dominica,110,Male,15-19 years,30,0,1
Commonwealth of Dominica,110,Male,20-24 years,30,0,1
Commonwealth of Dominica,110,Male,25-29 years,30,0,1
Commonwealth of Dominica,110,Male,30-34 years,30,0,1
Commonwealth of Dominica,110,Male,35-39 years,30,0,1
Commonwealth of Dominica,110,Male,40-44 years,30,0,1
Commonwealth of Dominica,110,Male,45-49 years,30,0,1
Commonwealth of Dominica,110,Male,5-9 years,30,0,1
Commonwealth of Dominica,110,Male,50-54 years,30,0,1
Commonwealth of Dominica,110,Male,55-59 years,30,0,1
Commonwealth of Dominica,110,Male,60-64 years,30,0,1
Commonwealth of Dominica,110,Male,65-69 years,30,0,1
Commonwealth of Dominica,110,Male,70-74 years,30,0,1
Commonwealth of Dominica,110,Male,75-79 years,30,0,1
Commonwealth of Dominica,110,Male,80-84 years,30,0,1
Commonwealth of Dominica,110,Male,85-89 years,30,0,1
Commonwealth of Dominica,110,Male,90-94 years,30,0,1
Commonwealth of Dominica,110,Male,95+ years,30,0,1
Commonwealth of Dominica,110,Male,<5 years,30,0,1
Commonwealth of the Bahamas,106,Male,10-14 years,30,0,1
Commonwealth of the Bahamas,106,Male,15-19 years,30,0,1
Commonwealth of the Bahamas,106,Male,20-24 years,30,0,1
Commonwealth of the Bahamas,106,Male,25-29 years,30,0,1
Commonwealth of the Bahamas,106,Male,30-34 years,30,0,1
Commonwealth of the Bahamas,106,Male,35-39 years,30,0,1
Commonwealth of the Bahamas,106,Male,40-44 years,30,0,1
Commonwealth of the Bahamas,106,Male,45-49 years,30,0,1
Commonwealth of the Bahamas,106,Male,5-9 years,30,0,1
Commonwealth of the Bahamas,106,Male,50-54 years,30,0,1
Commonwealth of the Bahamas,106,Male,55-59 years,30,0,1
Commonwealth of the Bahamas,106,Male,60-64 years,30,0,1
Commonwealth of the Bahamas,106,Male,65-69 years,30,0,1
Commonwealth of the Bahamas,106,Male,70-74 years,30,0,1
Commonwealth of the Bahamas,106,Male,75-79 years,30,0,1
Commonwealth of the Bahamas,106,Male,80-84 years,30,0,1
Commonwealth of the Bahamas,106,Male,85-89 years,30,0,1
Commonwealth of the Bahamas,106,Male,90-94 years,30,0,1
Commonwealth of the Bahamas,106,Male,95+ years,30,0,1
Commonwealth of the Bahamas,106,Male,<5 years,30,0,1
Cook Islands,320,Male,10-14 years,30,0,1
Cook Islands,320,Male,15-19 years,30,0,1
Cook Islands,320,Male,20-24 years,30,0,1
Cook Islands,320,Male,25-29 years,30,0,1
Cook Islands,320,Male,30-34 years,30,0,1
Cook Islands,320,Male,35-39 years,30,0,1
Cook Islands,320,Male,40-44 years,30,0,1
Cook Islands,320,Male,45-49 years,30,0,1
Cook Islands,320,Male,5-9 years,30,0,1
Cook Islands,320,Male,50-54 years,30,0,1
Cook Islands,320,Male,55-59 years,30,0,1
Cook Islands,320,Male,60-64 years,30,0,1
Cook Islands,320,Male,65-69 years,30,0,1
Cook Islands,320,Male,70-74 years,30,0,1
Cook Islands,320,Male,75-79 years,30,0,1
Cook Islands,320,Male,80-84 years,30,0,1
Cook Islands,320,Male,85-89 years,30,0,1
Cook Islands,320,Male,90-94 years,30,0,1
Cook Islands,320,Male,95+ years,30,0,1
Cook Islands,320,Male,<5 years,30,0,1
Czech Republic,47,Male,10-14 years,30,0,1
Czech Republic,47,Male,15-19 years,30,0,1
Czech Republic,47,Male,20-24 years,30,0,1
Czech Republic,47,Male,25-29 years,30,0,1
Czech Republic,47,Male,30-34 years,30,0,1
Czech Republic,47,Male,35-39 years,30,0,1
Czech Republic,47,Male,40-44 years,30,0,1
Czech Republic,47,Male,45-49 years,30,0,1
Czech Republic,47,Male,5-9 years,30,0,1
Czech Republic,47,Male,50-54 years,30,0,1
Czech Republic,47,Male,55-59 years,30,0,1
Czech Republic,47,Male,60-64 years,30,0,1
Czech Republic,47,Male,65-69 years,30,0,1
Czech Republic,47,Male,70-74 years,30,0,1
Czech Republic,47,Male,75-79 years,30,0,1
Czech Republic,47,Male,80-84 years,30,0,1
Czech Republic,47,Male,85-89 years,30,0,1
Czech Republic,47,Male,90-94 years,30,0,1
Czech Republic,47,Male,95+ years,30,0,1
Czech Republic,47,Male,<5 years,30,0,1
Democratic People's Republic of Korea,7,Male,10-14 years,30,0,1
Democratic People's Republic of Korea,7,Male,15-19 years,30,0,1
Democratic People's Republic of Korea,7,Male,20-24 years,30,0,1
Democratic People's Republic of Korea,7,Male,25-29 years,30,0,1
Democratic People's Republic of Korea,7,Male,30-34 years,30,0,1
Democratic People's Republic of Korea,7,Male,35-39 years,30,0,1
Democratic People's Republic of Korea,7,Male,40-44 years,30,0,1
Democratic People's Republic of Korea,7,Male,45-49 years,30,0,1
Democratic People's Republic of Korea,7,Male,5-9 years,30,0,1
Democratic People's Republic of Korea,7,Male,50-54 years,30,0,1
Democratic People's Republic of Korea,7,Male,55-59 years,30,0,1
Democratic People's Republic of Korea,7,Male,60-64 years,30,0,1
Democratic People's Republic of Korea,7,Male,65-69 years,30,0,1
Democratic People's Republic of Korea,7,Male,70-74 years,30,0,1
Democratic People's Republic of Korea,7,Male,75-79 years,30,0,1
Democratic People's Republic of Korea,7,Male,80-84 years,30,0,1
Democratic People's Republic of Korea,7,Male,85-89 years,30,0,1
Democratic People's Republic of Korea,7,Male,90-94 years,30,0,1
Democratic People's Republic of Korea,7,Male,95+ years,30,0,1
Democratic People's Republic of Korea,7,Male,<5 years,30,0,1
Democratic Republic of Sao Tome and Principe,215,Male,10-14 years,30,0,1
Democratic Republic of Sao Tome and Principe,215,Male,15-19 years,30,0,1
Democratic Republic of Sao Tome and Principe,215,Male,20-24 years,30,0,1
Democratic Republic of Sao Tome and Principe,215,Male,25-29 years,30,0,1
Democratic Republic of Sao Tome and Principe,215,Male,30-34 years,30,0,1
Democratic Republic of Sao Tome and Principe,215,Male,35-39 years,30,0,1
Democratic Republic of Sao Tome and Principe,215,Male,40-44 years,30,0,1
Democratic Republic of Sao Tome and Principe,215,Male,45-49 years,30,0,1
Democratic Republic of Sao Tome and Principe,215,Male,5-9 years,30,0,1
Democratic Republic of Sao Tome and Principe,215,Male,50-54 years,30,0,1
Democratic Republic of Sao Tome and Principe,215,Male,55-59 years,30,0,1
Democratic Republic of Sao Tome and Principe,215,Male,60-64 years,30,0,1
Democratic Republic of Sao Tome and Principe,215,Male,65-69 years,30,0,1
Democratic Republic of Sao Tome and Principe,215,Male,70-74 years,30,0,1
Democratic Republic of Sao Tome and Principe,215,Male,75-79 years,30,0,1
Democratic Republic of Sao Tome and Principe,215,Male,80-84 years,30,0,1
Democratic Republic of Sao Tome and Principe,215,Male,85-89 years,30,0,1
Democratic Republic of Sao Tome and Principe,215,Male,90-94 years,30,0,1
Democratic Republic of Sao Tome and Principe,215,Male,95+ years,30,0,1
Democratic Republic of Sao Tome and Principe,215,Male,<5 years,30,0,1
Democratic Republic of Timor-Leste,19,Male,10-14 years,30,0,1
Democratic Republic of Timor-Leste,19,Male,15-19 years,30,0,1
Democratic Republic of Timor-Leste,19,Male,20-24 years,30,0,1
Democratic Republic of Timor-Leste,19,Male,25-29 years,30,0,1
Democratic Republic of Timor-Leste,19,Male,30-34 years,30,0,1
Democratic Republic of Timor-Leste,19,Male,35-39 years,30,0,1
Democratic Republic of Timor-Leste,19,Male,40-44 years,30,0,1
Democratic Republic of Timor-Leste,19,Male,45-49 years,30,0,1
Democratic Republic of Timor-Leste,19,Male,5-9 years,30,0,1
Democratic Republic of Timor-Leste,19,Male,50-54 years,30,0,1
Democratic Republic of Timor-Leste,19,Male,55-59 years,30,0,1
Democratic Republic of Timor-Leste,19,Male,60-64 years,30,0,1
Democratic Republic of Timor-Leste,19,Male,65-69 years,30,0,1
Democratic Republic of Timor-Leste,19,Male,70-74 years,30,0,1
Democratic Republic of Timor-Leste,19,Male,75-79 years,30,0,1
Democratic Republic of Timor-Leste,19,Male,80-84 years,30,0,1
Democratic Republic of Timor-Leste,19,Male,85-89 years,30,0,1
Democratic Republic of Timor-Leste,19,Male,90-94 years,30,0,1
Democratic Republic of Timor-Leste,19,Male,95+ years,30,0,1
Democratic Republic of Timor-Leste,19,Male,<5 years,30,0,1
Democratic Republic of the Congo,171,Male,10-14 years,30,0,1
Democratic Republic of the Congo,171,Male,15-19 years,30,0,1
Democratic Republic of the Congo,171,Male,20-24 years,30,0,1
Democratic Republic of the Congo,171,Male,25-29 years,30,0,1
Democratic Republic of the Congo,171,Male,30-34 years,30,0,1
Democratic Republic of the Congo,171,Male,35-39 years,30,0,1
Democratic Republic of the Congo,171,Male,40-44 years,30,0,1
Democratic Republic of the Congo,171,Male,45-49 years,30,0,1
Democratic Republic of the Congo,171,Male,5-9 years,30,0,1
Democratic Republic of the Congo,171,Male,50-54 years,30,0,1
Democratic Republic of the Congo,171,Male,55-59 years,30,0,1
Democratic Republic of the Congo,171,Male,60-64 years,30,0,1
Democratic Republic of the Congo,171,Male,65-69 years,30,0,1
Democratic Republic of the Congo,171,Male,70-74 years,30,0,1
Democratic Republic of the Congo,171,Male,75-79 years,30,0,1
Democratic Republic of the Congo,171,Male,80-84 years,30,0,1
Democratic Republic of the Congo,171,Male,85-89 years,30,0,1
Democratic Republic of the Congo,171,Male,90-94 years,30,0,1
Democratic Republic of the Congo,171,Male,95+ years,30,0,1
Democratic Republic of the Congo,171,Male,<5 years,30,0,1
Democratic Socialist Republic of Sri Lanka,17,Male,10-14 years,30,0,1
Democratic Socialist Republic of Sri Lanka,17,Male,15-19 years,30,0,1
Democratic Socialist Republic of Sri Lanka,17,Male,20-24 years,30,0,1
Democratic Socialist Republic of Sri Lanka,17,Male,25-29 years,30,0,1
Democratic Socialist Republic of Sri Lanka,17,Male,30-34 years,30,0,1
Democratic Socialist Republic of Sri Lanka,17,Male,35-39 years,30,0,1
Democratic Socialist Republic of Sri Lanka,17,Male,40-44 years,30,0,1
Democratic Socialist Republic of Sri Lanka,17,Male,45-49 years,30,0,1
Democratic Socialist Republic of Sri Lanka,17,Male,5-9 years,30,0,1
Democratic Socialist Republic of Sri Lanka,17,Male,50-54 years,30,0,1
Democratic Socialist Republic of Sri Lanka,17,Male,55-59 years,30,0,1
Democratic Socialist Republic of Sri Lanka,17,Male,60-64 years,30,0,1
Democratic Socialist Republic of Sri Lanka,17,Male,65-69 years,30,0,1
Democratic Socialist Republic of Sri Lanka,17,Male,70-74 years,30,0,1
Democratic Socialist Republic of Sri Lanka,17,Male,75-79 years,30,0,1
Democratic Socialist Republic of Sri Lanka,17,Male,80-84 years,30,0,1
Democratic Socialist Republic of Sri Lanka,17,Male,85-89 years,30,0,1
Democratic Socialist Republic of Sri Lanka,17,Male,90-94 years,30,0,1
Democratic Socialist Republic of Sri Lanka,17,Male,95+ years,30,0,1
Democratic Socialist Republic of Sri Lanka,17,Male,<5 years,30,0,1
Dominican Republic,111,Male,10-14 years,30,0,1
Dominican Republic,111,Male,15-19 years,30,0,1
Dominican Republic,111,Male,20-24 years,30,0,1
Dominican Republic,111,Male,25-29 years,30,0,1
Dominican Republic,111,Male,30-34 years,30,0,1
Dominican Republic,111,Male,35-39 years,30,0,1
Dominican Republic,111,Male,40-44 years,30,0,1
Dominican Republic,111,Male,45-49 years,30,0,1
Dominican Republic,111,Male,5-9 years,30,0,1
Dominican Republic,111,Male,50-54 years,30,0,1
Dominican Republic,111,Male,55-59 years,30,0,1
Dominican Republic,111,Male,60-64 years,30,0,1
Dominican Republic,111,Male,65-69 years,30,0,1
Dominican Republic,111,Male,70-74 years,30,0,1
Dominican Republic,111,Male,75-79 years,30,0,1
Dominican Republic,111,Male,80-84 years,30,0,1
Dominican Republic,111,Male,85-89 years,30,0,1
Dominican Republic,111,Male,90-94 years,30,0,1
Dominican Republic,111,Male,95+ years,30,0,1
Dominican Republic,111,Male,<5 years,30,0,1
Eastern Republic of Uruguay,99,Male,10-14 years,30,0,1
Eastern Republic of Uruguay,99,Male,15-19 years,30,0,1
Eastern Republic of Uruguay,99,Male,20-24 years,30,0,1
Eastern Republic of Uruguay,99,Male,25-29 years,30,0,1
Eastern Republic of Uruguay,99,Male,30-34 years,30,0,1
Eastern Republic of Uruguay,99,Male,35-39 years,30,0,1
Eastern Republic of Uruguay,99,Male,40-44 years,30,0,1
Eastern Republic of Uruguay,99,Male,45-49 years,30,0,1
Eastern Republic of Uruguay,99,Male,5-9 years,30,0,1
Eastern Republic of Uruguay,99,Male,50-54 years,30,0,1
Eastern Republic of Uruguay,99,Male,55-59 years,30,0,1
Eastern Republic of Uruguay,99,Male,60-64 years,30,0,1
Eastern Republic of Uruguay,99,Male,65-69 years,30,0,1
Eastern Republic of Uruguay,99,Male,70-74 years,30,0,1
Eastern Republic of Uruguay,99,Male,75-79 years,30,0,1
Eastern Republic of Uruguay,99,Male,80-84 years,30,0,1
Eastern Republic of Uruguay,99,Male,85-89 years,30,0,1
Eastern Republic of Uruguay,99,Male,90-94 years,30,0,1
Eastern Republic of Uruguay,99,Male,95+ years,30,0,1
Eastern Republic of Uruguay,99,Male,<5 years,30,0,1
Federal Democratic Republic of Ethiopia,179,Male,10-14 years,30,0,1
Federal Democratic Republic of Ethiopia,179,Male,15-19 years,30,0,1
Federal Democratic Republic of Ethiopia,179,Male,20-24 years,30,0,1
Federal Democratic Republic of Ethiopia,179,Male,25-29 years,30,0,1
Federal Democratic Republic of Ethiopia,179,Male,30-34 years,30,0,1
Federal Democratic Republic of Ethiopia,179,Male,35-39 years,30,0,1
Federal Democratic Republic of Ethiopia,179,Male,40-44 years,30,0,1
Federal Democratic Republic of Ethiopia,179,Male,45-49 years,30,0,1
Federal Democratic Republic of Ethiopia,179,Male,5-9 years,30,0,1
Federal Democratic Republic of Ethiopia,179,Male,50-54 years,30,0,1
Federal Democratic Republic of Ethiopia,179,Male,55-59 years,30,0,1
Federal Democratic Republic of Ethiopia,179,Male,60-64 years,30,0,1
Federal Democratic Republic of Ethiopia,179,Male,65-69 years,30,0,1
Federal Democratic Republic of Ethiopia,179,Male,70-74 years,30,0,1
Federal Democratic Republic of Ethiopia,179,Male,75-79 years,30,0,1
Federal Democratic Republic of Ethiopia,179,Male,80-84 years,30,0,1
Federal Democratic Republic of Ethiopia,179,Male,85-89 years,30,0,1
Federal Democratic Republic of Ethiopia,179,Male,90-94 years,30,0,1
Federal Democratic Republic of Ethiopia,179,Male,95+ years,30,0,1
Federal Democratic Republic of Ethiopia,179,Male,<5 years,30,0,1
Federal Democratic Republic of Nepal,164,Male,10-14 years,30,0,1
Federal Democratic Republic of Nepal,164,Male,15-19 years,30,0,1
Federal Democratic Republic of Nepal,164,Male,20-24 years,30,0,1
Federal Democratic Republic of Nepal,164,Male,25-29 years,30,0,1
Federal Democratic Republic of Nepal,164,Male,30-34 years,30,0,1
Federal Democratic Republic of Nepal,164,Male,35-39 years,30,0,1
Federal Democratic Republic of Nepal,164,Male,40-44 years,30,0,1
Federal Democratic Republic of Nepal,164,Male,45-49 years,30,0,1
Federal Democratic Republic of Nepal,164,Male,5-9 years,30,0,1
Federal Democratic Republic of Nepal,164,Male,50-54 years,30,0,1
Federal Democratic Republic of Nepal,164,Male,55-59 years,30,0,1
Federal Democratic Republic of Nepal,164,Male,60-64 years,30,0,1
Federal Democratic Republic of Nepal,164,Male,65-69 years,30,0,1
Federal Democratic Republic of Nepal,164,Male,70-74 years,30,0,1
Federal Democratic Republic of Nepal,164,Male,75-79 years,30,0,1
Federal Democratic Republic of Nepal,164,Male,80-84 years,30,0,1
Federal Democratic Republic of Nepal,164,Male,85-89 years,30,0,1
Federal Democratic Republic of Nepal,164,Male,90-94 years,30,0,1
Federal Democratic Republic of Nepal,164,Male,95+ years,30,0,1
Federal Democratic Republic of Nepal,164,Male,<5 years,30,0,1
Federal Republic of Germany,81,Male,10-14 years,30,0,1
Federal Republic of Germany,81,Male,15-19 years,30,0,1
Federal Republic of Germany,81,Male,20-24 years,30,0,1
Federal Republic of Germany,81,Male,25-29 years,30,0,1
Federal Republic of Germany,81,Male,30-34 years,30,0,1
Federal Republic of Germany,81,Male,35-39 years,30,0,1
Federal Republic of Germany,81,Male,40-44 years,30,0,1
Federal Republic of Germany,81,Male,45-49 years,30,0,1
Federal Republic of Germany,81,Male,5-9 years,30,0,1
Federal Republic of Germany,81,Male,50-54 years,30,0,1
Federal Republic of Germany,81,Male,55-59 years,30,0,1
Federal Republic of Germany,81,Male,60-64 years,30,0,1
Federal Republic of Germany,81,Male,65-69 years,30,0,1
Federal Republic of Germany,81,Male,70-74 years,30,0,1
Federal Republic of Germany,81,Male,75-79 years,30,0,1
Federal Republic of Germany,81,Male,80-84 years,30,0,1
Federal Republic of Germany,81,Male,85-89 years,30,0,1
Federal Republic of Germany,81,Male,90-94 years,30,0,1
Federal Republic of Germany,81,Male,95+ years,30,0,1
Federal Republic of Germany,81,Male,<5 years,30,0,1
Federal Republic of Nigeria,214,Male,10-14 years,30,0,1
Federal Republic of Nigeria,214,Male,15-19 years,30,0,1
Federal Republic of Nigeria,214,Male,20-24 years,30,0,1
Federal Republic of Nigeria,214,Male,25-29 years,30,0,1
Federal Republic of Nigeria,214,Male,30-34 years,30,0,1
Federal Republic of Nigeria,214,Male,35-39 years,30,0,1
Federal Republic of Nigeria,214,Male,40-44 years,30,0,1
Federal Republic of Nigeria,214,Male,45-49 years,30,0,1
Federal Republic of Nigeria,214,Male,5-9 years,30,0,1
Federal Republic of Nigeria,214,Male,50-54 years,30,0,1
Federal Republic of Nigeria,214,Male,55-59 years,30,0,1
Federal Republic of Nigeria,214,Male,60-64 years,30,0,1
Federal Republic of Nigeria,214,Male,65-69 years,30,0,1
Federal Republic of Nigeria,214,Male,70-74 years,30,0,1
Federal Republic of Nigeria,214,Male,75-79 years,30,0,1
Federal Republic of Nigeria,214,Male,80-84 years,30,0,1
Federal Republic of Nigeria,214,Male,85-89 years,30,0,1
Federal Republic of Nigeria,214,Male,90-94 years,30,0,1
Federal Republic of Nigeria,214,Male,95+ years,30,0,1
Federal Republic of Nigeria,214,Male,<5 years,30,0,1
Federal Republic of Somalia,187,Male,10-14 years,30,0,1
Federal Republic of Somalia,187,Male,15-19 years,30,0,1
Federal Republic of Somalia,187,Male,20-24 years,30,0,1
Federal Republic of Somalia,187,Male,25-29 years,30,0,1
Federal Republic of Somalia,187,Male,30-34 years,30,0,1
Federal Republic of Somalia,187,Male,35-39 years,30,0,1
Federal Republic of Somalia,187,Male,40-44 years,30,0,1
Federal Republic of Somalia,187,Male,45-49 years,30,0,1
Federal Republic of Somalia,187,Male,5-9 years,30,0,1
Federal Republic of Somalia,187,Male,50-54 years,30,0,1
Federal Republic of Somalia,187,Male,55-59 years,30,0,1
Federal Republic of Somalia,187,Male,60-64 years,30,0,1
Federal Republic of Somalia,187,Male,65-69 years,30,0,1
Federal Republic of Somalia,187,Male,70-74 years,30,0,1
Federal Republic of Somalia,187,Male,75-79 years,30,0,1
Federal Republic of Somalia,187,Male,80-84 years,30,0,1
Federal Republic of Somalia,187,Male,85-89 years,30,0,1
Federal Republic of Somalia,187,Male,90-94 years,30,0,1
Federal Republic of Somalia,187,Male,95+ years,30,0,1
Federal Republic of Somalia,187,Male,<5 years,30,0,1
Federated States of Micronesia,25,Male,10-14 years,30,0,1
Federated States of Micronesia,25,Male,15-19 years,30,0,1
Federated States of Micronesia,25,Male,20-24 years,30,0,1
Federated States of Micronesia,25,Male,25-29 years,30,0,1
Federated States of Micronesia,25,Male,30-34 years,30,0,1
Federated States of Micronesia,25,Male,35-39 years,30,0,1
Federated States of Micronesia,25,Male,40-44 years,30,0,1
Federated States of Micronesia,25,Male,45-49 years,30,0,1
Federated States of Micronesia,25,Male,5-9 years,30,0,1
Federated States of Micronesia,25,Male,50-54 years,30,0,1
Federated States of Micronesia,25,Male,55-59 years,30,0,1
Federated States of Micronesia,25,Male,60-64 years,30,0,1
Federated States of Micronesia,25,Male,65-69 years,30,0,1
Federated States of Micronesia,25,Male,70-74 years,30,0,1
Federated States of Micronesia,25,Male,75-79 years,30,0,1
Federated States of Micronesia,25,Male,80-84 years,30,0,1
Federated States of Micronesia,25,Male,85-89 years,30,0,1
Federated States of Micronesia,25,Male,90-94 years,30,0,1
Federated States of Micronesia,25,Male,95+ years,30,0,1
Federated States of Micronesia,25,Male,<5 years,30,0,1
Federative Republic of Brazil,135,Male,10-14 years,30,0,1
Federative Republic of Brazil,135,Male,15-19 years,30,0,1
Federative Republic of Brazil,135,Male,20-24 years,30,0,1
Federative Republic of Brazil,135,Male,25-29 years,30,0,1
Federative Republic of Brazil,135,Male,30-34 years,30,0,1
Federative Republic of Brazil,135,Male,35-39 years,30,0,1
Federative Republic of Brazil,135,Male,40-44 years,30,0,1
Federative Republic of Brazil,135,Male,45-49 years,30,0,1
Federative Republic of Brazil,135,Male,5-9 years,30,0,1
Federative Republic of Brazil,135,Male,50-54 years,30,0,1
Federative Republic of Brazil,135,Male,55-59 years,30,0,1
Federative Republic of Brazil,135,Male,60-64 years,30,0,1
Federative Republic of Brazil,135,Male,65-69 years,30,0,1
Federative Republic of Brazil,135,Male,70-74 years,30,0,1
Federative Republic of Brazil,135,Male,75-79 years,30,0,1
Federative Republic of Brazil,135,Male,80-84 years,30,0,1
Federative Republic of Brazil,135,Male,85-89 years,30,0,1
Federative Republic of Brazil,135,Male,90-94 years,30,0,1
Federative Republic of Brazil,135,Male,95+ years,30,0,1
Federative Republic of Brazil,135,Male,<5 years,30,0,1
French Republic,80,Male,10-14 years,30,0,1
French Republic,80,Male,15-19 years,30,0,1
French Republic,80,Male,20-24 years,30,0,1
French Republic,80,Male,25-29 years,30,0,1
French Republic,80,Male,30-34 years,30,0,1
French Republic,80,Male,35-39 years,30,0,1
French Republic,80,Male,40-44 years,30,0,1
French Republic,80,Male,45-49 years,30,0,1
French Republic,80,Male,5-9 years,30,0,1
French Republic,80,Male,50-54 years,30,0,1
French Republic,80,Male,55-59 years,30,0,1
French Republic,80,Male,60-64 years,30,0,1
French Republic,80,Male,65-69 years,30,0,1
French Republic,80,Male,70-74 years,30,0,1
French Republic,80,Male,75-79 years,30,0,1
French Republic,80,Male,80-84 years,30,0,1
French Republic,80,Male,85-89 years,30,0,1
French Republic,80,Male,90-94 years,30,0,1
French Republic,80,Male,95+ years,30,0,1
French Republic,80,Male,<5 years,30,0,1
Gabonese Republic,173,Male,10-14 years,30,0,1
Gabonese Republic,173,Male,15-19 years,30,0,1
Gabonese Republic,173,Male,20-24 years,30,0,1
Gabonese Republic,173,Male,25-29 years,30,0,1
Gabonese Republic,173,Male,30-34 years,30,0,1
Gabonese Republic,173,Male,35-39 years,30,0,1
Gabonese Republic,173,Male,40-44 years,30,0,1
Gabonese Republic,173,Male,45-49 years,30,0,1
Gabonese Republic,173,Male,5-9 years,30,0,1
Gabonese Republic,173,Male,50-54 years,30,0,1
Gabonese Republic,173,Male,55-59 years,30,0,1
Gabonese Republic,173,Male,60-64 years,30,0,1
Gabonese Republic,173,Male,65-69 years,30,0,1
Gabonese Republic,173,Male,70-74 years,30,0,1
Gabonese Republic,173,Male,75-79 years,30,0,1
Gabonese Republic,173,Male,80-84 years,30,0,1
Gabonese Republic,173,Male,85-89 years,30,0,1
Gabonese Republic,173,Male,90-94 years,30,0,1
Gabonese Republic,173,Male,95+ years,30,0,1
Gabonese Republic,173,Male,<5 years,30,0,1
Georgia,35,Male,10-14 years,30,0,1
Georgia,35,Male,15-19 years,30,0,1
Georgia,35,Male,20-24 years,30,0,1
Georgia,35,Male,25-29 years,30,0,1
Georgia,35,Male,30-34 years,30,0,1
Georgia,35,Male,35-39 years,30,0,1
Georgia,35,Male,40-44 years,30,0,1
Georgia,35,Male,45-49 years,30,0,1
Georgia,35,Male,5-9 years,30,0,1
Georgia,35,Male,50-54 years,30,0,1
Georgia,35,Male,55-59 years,30,0,1
Georgia,35,Male,60-64 years,30,0,1
Georgia,35,Male,65-69 years,30,0,1
Georgia,35,Male,70-74 years,30,0,1
Georgia,35,Male,75-79 years,30,0,1
Georgia,35,Male,80-84 years,30,0,1
Georgia,35,Male,85-89 years,30,0,1
Georgia,35,Male,90-94 years,30,0,1
Georgia,35,Male,95+ years,30,0,1
Georgia,35,Male,<5 years,30,0,1
Grand Duchy of Luxembourg,87,Male,10-14 years,30,0,1
Grand Duchy of Luxembourg,87,Male,15-19 years,30,0,1
Grand Duchy of Luxembourg,87,Male,20-24 years,30,0,1
Grand Duchy of Luxembourg,87,Male,25-29 years,30,0,1
Grand Duchy of Luxembourg,87,Male,30-34 years,30,0,1
Grand Duchy of Luxembourg,87,Male,35-39 years,30,0,1
Grand Duchy of Luxembourg,87,Male,40-44 years,30,0,1
Grand Duchy of Luxembourg,87,Male,45-49 years,30,0,1
Grand Duchy of Luxembourg,87,Male,5-9 years,30,0,1
Grand Duchy of Luxembourg,87,Male,50-54 years,30,0,1
Grand Duchy of Luxembourg,87,Male,55-59 years,30,0,1
Grand Duchy of Luxembourg,87,Male,60-64 years,30,0,1
Grand Duchy of Luxembourg,87,Male,65-69 years,30,0,1
Grand Duchy of Luxembourg,87,Male,70-74 years,30,0,1
Grand Duchy of Luxembourg,87,Male,75-79 years,30,0,1
Grand Duchy of Luxembourg,87,Male,80-84 years,30,0,1
Grand Duchy of Luxembourg,87,Male,85-89 years,30,0,1
Grand Duchy of Luxembourg,87,Male,90-94 years,30,0,1
Grand Duchy of Luxembourg,87,Male,95+ years,30,0,1
Grand Duchy of Luxembourg,87,Male,<5 years,30,0,1
Greenland,349,Male,10-14 years,30,0,1
Greenland,349,Male,15-19 years,30,0,1
Greenland,349,Male,20-24 years,30,0,1
Greenland,349,Male,25-29 years,30,0,1
Greenland,349,Male,30-34 years,30,0,1
Greenland,349,Male,35-39 years,30,0,1
Greenland,349,Male,40-44 years,30,0,1
Greenland,349,Male,45-49 years,30,0,1
Greenland,349,Male,5-9 years,30,0,1
Greenland,349,Male,50-54 years,30,0,1
Greenland,349,Male,55-59 years,30,0,1
Greenland,349,Male,60-64 years,30,0,1
Greenland,349,Male,65-69 years,30,0,1
Greenland,349,Male,70-74 years,30,0,1
Greenland,349,Male,75-79 years,30,0,1
Greenland,349,Male,80-84 years,30,0,1
Greenland,349,Male,85-89 years,30,0,1
Greenland,349,Male,90-94 years,30,0,1
Greenland,349,Male,95+ years,30,0,1
Greenland,349,Male,<5 years,30,0,1
Grenada,112,Male,10-14 years,30,0,1
Grenada,112,Male,15-19 years,30,0,1
Grenada,112,Male,20-24 years,30,0,1
Grenada,112,Male,25-29 years,30,0,1
Grenada,112,Male,30-34 years,30,0,1
Grenada,112,Male,35-39 years,30,0,1
Grenada,112,Male,40-44 years,30,0,1
Grenada,112,Male,45-49 years,30,0,1
Grenada,112,Male,5-9 years,30,0,1
Grenada,112,Male,50-54 years,30,0,1
Grenada,112,Male,55-59 years,30,0,1
Grenada,112,Male,60-64 years,30,0,1
Grenada,112,Male,65-69 years,30,0,1
Grenada,112,Male,70-74 years,30,0,1
Grenada,112,Male,75-79 years,30,0,1
Grenada,112,Male,80-84 years,30,0,1
Grenada,112,Male,85-89 years,30,0,1
Grenada,112,Male,90-94 years,30,0,1
Grenada,112,Male,95+ years,30,0,1
Grenada,112,Male,<5 years,30,0,1
Guam,351,Male,10-14 years,30,0,1
Guam,351,Male,15-19 years,30,0,1
Guam,351,Male,20-24 years,30,0,1
Guam,351,Male,25-29 years,30,0,1
Guam,351,Male,30-34 years,30,0,1
Guam,351,Male,35-39 years,30,0,1
Guam,351,Male,40-44 years,30,0,1
Guam,351,Male,45-49 years,30,0,1
Guam,351,Male,5-9 years,30,0,1
Guam,351,Male,50-54 years,30,0,1
Guam,351,Male,55-59 years,30,0,1
Guam,351,Male,60-64 years,30,0,1
Guam,351,Male,65-69 years,30,0,1
Guam,351,Male,70-74 years,30,0,1
Guam,351,Male,75-79 years,30,0,1
Guam,351,Male,80-84 years,30,0,1
Guam,351,Male,85-89 years,30,0,1
Guam,351,Male,90-94 years,30,0,1
Guam,351,Male,95+ years,30,0,1
Guam,351,Male,<5 years,30,0,1
Hashemite Kingdom of Jordan,144,Male,10-14 years,30,0,1
Hashemite Kingdom of Jordan,144,Male,15-19 years,30,0,1
Hashemite Kingdom of Jordan,144,Male,20-24 years,30,0,1
Hashemite Kingdom of Jordan,144,Male,25-29 years,30,0,1
Hashemite Kingdom of Jordan,144,Male,30-34 years,30,0,1
Hashemite Kingdom of Jordan,144,Male,35-39 years,30,0,1
Hashemite Kingdom of Jordan,144,Male,40-44 years,30,0,1
Hashemite Kingdom of Jordan,144,Male,45-49 years,30,0,1
Hashemite Kingdom of Jordan,144,Male,5-9 years,30,0,1
Hashemite Kingdom of Jordan,144,Male,50-54 years,30,0,1
Hashemite Kingdom of Jordan,144,Male,55-59 years,30,0,1
Hashemite Kingdom of Jordan,144,Male,60-64 years,30,0,1
Hashemite Kingdom of Jordan,144,Male,65-69 years,30,0,1
Hashemite Kingdom of Jordan,144,Male,70-74 years,30,0,1
Hashemite Kingdom of Jordan,144,Male,75-79 years,30,0,1
Hashemite Kingdom of Jordan,144,Male,80-84 years,30,0,1
Hashemite Kingdom of Jordan,144,Male,85-89 years,30,0,1
Hashemite Kingdom of Jordan,144,Male,90-94 years,30,0,1
Hashemite Kingdom of Jordan,144,Male,95+ years,30,0,1
Hashemite Kingdom of Jordan,144,Male,<5 years,30,0,1
Hellenic Republic,82,Male,10-14 years,30,0,1
Hellenic Republic,82,Male,15-19 years,30,0,1
Hellenic Republic,82,Male,20-24 years,30,0,1
Hellenic Republic,82,Male,25-29 years,30,0,1
Hellenic Republic,82,Male,30-34 years,30,0,1
Hellenic Republic,82,Male,35-39 years,30,0,1
Hellenic Republic,82,Male,40-44 years,30,0,1
Hellenic Republic,82,Male,45-49 years,30,0,1
Hellenic Republic,82,Male,5-9 years,30,0,1
Hellenic Republic,82,Male,50-54 years,30,0,1
Hellenic Republic,82,Male,55-59 years,30,0,1
Hellenic Republic,82,Male,60-64 years,30,0,1
Hellenic Republic,82,Male,65-69 years,30,0,1
Hellenic Republic,82,Male,70-74 years,30,0,1
Hellenic Republic,82,Male,75-79 years,30,0,1
Hellenic Republic,82,Male,80-84 years,30,0,1
Hellenic Republic,82,Male,85-89 years,30,0,1
Hellenic Republic,82,Male,90-94 years,30,0,1
Hellenic Republic,82,Male,95+ years,30,0,1
Hellenic Republic,82,Male,<5 years,30,0,1
Hungary,48,Male,10-14 years,30,0,1
Hungary,48,Male,15-19 years,30,0,1
Hungary,48,Male,20-24 years,30,0,1
Hungary,48,Male,25-29 years,30,0,1
Hungary,48,Male,30-34 years,30,0,1
Hungary,48,Male,35-39 years,30,0,1
Hungary,48,Male,40-44 years,30,0,1
Hungary,48,Male,45-49 years,30,0,1
Hungary,48,Male,5-9 years,30,0,1
Hungary,48,Male,50-54 years,30,0,1
Hungary,48,Male,55-59 years,30,0,1
Hungary,48,Male,60-64 years,30,0,1
Hungary,48,Male,65-69 years,30,0,1
Hungary,48,Male,70-74 years,30,0,1
Hungary,48,Male,75-79 years,30,0,1
Hungary,48,Male,80-84 years,30,0,1
Hungary,48,Male,85-89 years,30,0,1
Hungary,48,Male,90-94 years,30,0,1
Hungary,48,Male,95+ years,30,0,1
Hungary,48,Male,<5 years,30,0,1
Independent State of Papua New Guinea,26,Male,10-14 years,30,0,1
Independent State of Papua New Guinea,26,Male,15-19 years,30,0,1
Independent State of Papua New Guinea,26,Male,20-24 years,30,0,1
Independent State of Papua New Guinea,26,Male,25-29 years,30,0,1
Independent State of Papua New Guinea,26,Male,30-34 years,30,0,1
Independent State of Papua New Guinea,26,Male,35-39 years,30,0,1
Independent State of Papua New Guinea,26,Male,40-44 years,30,0,1
Independent State of Papua New Guinea,26,Male,45-49 years,30,0,1
Independent State of Papua New Guinea,26,Male,5-9 years,30,0,1
Independent State of Papua New Guinea,26,Male,50-54 years,30,0,1
Independent State of Papua New Guinea,26,Male,55-59 years,30,0,1
Independent State of Papua New Guinea,26,Male,60-64 years,30,0,1
Independent State of Papua New Guinea,26,Male,65-69 years,30,0,1
Independent State of Papua New Guinea,26,Male,70-74 years,30,0,1
Independent State of Papua New Guinea,26,Male,75-79 years,30,0,1
Independent State of Papua New Guinea,26,Male,80-84 years,30,0,1
Independent State of Papua New Guinea,26,Male,85-89 years,30,0,1
Independent State of Papua New Guinea,26,Male,90-94 years,30,0,1
Independent State of Papua New Guinea,26,Male,95+ years,30,0,1
Independent State of Papua New Guinea,26,Male,<5 years,30,0,1
Independent State of Samoa,27,Male,10-14 years,30,0,1
Independent State of Samoa,27,Male,15-19 years,30,0,1
Independent State of Samoa,27,Male,20-24 years,30,0,1
Independent State of Samoa,27,Male,25-29 years,30,0,1
Independent State of Samoa,27,Male,30-34 years,30,0,1
Independent State of Samoa,27,Male,35-39 years,30,0,1
Independent State of Samoa,27,Male,40-44 years,30,0,1
Independent State of Samoa,27,Male,45-49 years,30,0,1
Independent State of Samoa,27,Male,5-9 years,30,0,1
Independent State of Samoa,27,Male,50-54 years,30,0,1
Independent State of Samoa,27,Male,55-59 years,30,0,1
Independent State of Samoa,27,Male,60-64 years,30,0,1
Independent State of Samoa,27,Male,65-69 years,30,0,1
Independent State of Samoa,27,Male,70-74 years,30,0,1
Independent State of Samoa,27,Male,75-79 years,30,0,1
Independent State of Samoa,27,Male,80-84 years,30,0,1
Independent State of Samoa,27,Male,85-89 years,30,0,1
Independent State of Samoa,27,Male,90-94 years,30,0,1
Independent State of Samoa,27,Male,95+ years,30,0,1
Independent State of Samoa,27,Male,<5 years,30,0,1
Ireland,84,Male,10-14 years,30,0,1
Ireland,84,Male,15-19 years,30,0,1
Ireland,84,Male,20-24 years,30,0,1
Ireland,84,Male,25-29 years,30,0,1
Ireland,84,Male,30-34 years,30,0,1
Ireland,84,Male,35-39 years,30,0,1
Ireland,84,Male,40-44 years,30,0,1
Ireland,84,Male,45-49 years,30,0,1
Ireland,84,Male,5-9 years,30,0,1
Ireland,84,Male,50-54 years,30,0,1
Ireland,84,Male,55-59 years,30,0,1
Ireland,84,Male,60-64 years,30,0,1
Ireland,84,Male,65-69 years,30,0,1
Ireland,84,Male,70-74 years,30,0,1
Ireland,84,Male,75-79 years,30,0,1
Ireland,84,Male,80-84 years,30,0,1
Ireland,84,Male,85-89 years,30,0,1
Ireland,84,Male,90-94 years,30,0,1
Ireland,84,Male,95+ years,30,0,1
Ireland,84,Male,<5 years,30,0,1
Islamic Republic of Afghanistan,160,Male,10-14 years,30,0,1
Islamic Republic of Afghanistan,160,Male,15-19 years,30,0,1
Islamic Republic of Afghanistan,160,Male,20-24 years,30,0,1
Islamic Republic of Afghanistan,160,Male,25-29 years,30,0,1
Islamic Republic of Afghanistan,160,Male,30-34 years,30,0,1
Islamic Republic of Afghanistan,160,Male,35-39 years,30,0,1
Islamic Republic of Afghanistan,160,Male,40-44 years,30,0,1
Islamic Republic of Afghanistan,160,Male,45-49 years,30,0,1
Islamic Republic of Afghanistan,160,Male,5-9 years,30,0,1
Islamic Republic of Afghanistan,160,Male,50-54 years,30,0,1
Islamic Republic of Afghanistan,160,Male,55-59 years,30,0,1
Islamic Republic of Afghanistan,160,Male,60-64 years,30,0,1
Islamic Republic of Afghanistan,160,Male,65-69 years,30,0,1
Islamic Republic of Afghanistan,160,Male,70-74 years,30,0,1
Islamic Republic of Afghanistan,160,Male,75-79 years,30,0,1
Islamic Republic of Afghanistan,160,Male,80-84 years,30,0,1
Islamic Republic of Afghanistan,160,Male,85-89 years,30,0,1
Islamic Republic of Afghanistan,160,Male,90-94 years,30,0,1
Islamic Republic of Afghanistan,160,Male,95+ years,30,0,1
Islamic Republic of Afghanistan,160,Male,<5 years,30,0,1
Islamic Republic of Iran,142,Male,10-14 years,30,0,1
Islamic Republic of Iran,142,Male,15-19 years,30,0,1
Islamic Republic of Iran,142,Male,20-24 years,30,0,1
Islamic Republic of Iran,142,Male,25-29 years,30,0,1
Islamic Republic of Iran,142,Male,30-34 years,30,0,1
Islamic Republic of Iran,142,Male,35-39 years,30,0,1
Islamic Republic of Iran,142,Male,40-44 years,30,0,1
Islamic Republic of Iran,142,Male,45-49 years,30,0,1
Islamic Republic of Iran,142,Male,5-9 years,30,0,1
Islamic Republic of Iran,142,Male,50-54 years,30,0,1
Islamic Republic of Iran,142,Male,55-59 years,30,0,1
Islamic Republic of Iran,142,Male,60-64 years,30,0,1
Islamic Republic of Iran,142,Male,65-69 years,30,0,1
Islamic Republic of Iran,142,Male,70-74 years,30,0,1
Islamic Republic of Iran,142,Male,75-79 years,30,0,1
Islamic Republic of Iran,142,Male,80-84 years,30,0,1
Islamic Republic of Iran,142,Male,85-89 years,30,0,1
Islamic Republic of Iran,142,Male,90-94 years,30,0,1
Islamic Republic of Iran,142,Male,95+ years,30,0,1
Islamic Republic of Iran,142,Male,<5 years,30,0,1
Islamic Republic of Mauritania,212,Male,10-14 years,30,0,1
Islamic Republic of Mauritania,212,Male,15-19 years,30,0,1
Islamic Republic of Mauritania,212,Male,20-24 years,30,0,1
Islamic Republic of Mauritania,212,Male,25-29 years,30,0,1
Islamic Republic of Mauritania,212,Male,30-34 years,30,0,1
Islamic Republic of Mauritania,212,Male,35-39 years,30,0,1
Islamic Republic of Mauritania,212,Male,40-44 years,30,0,1
Islamic Republic of Mauritania,212,Male,45-49 years,30,0,1
Islamic Republic of Mauritania,212,Male,5-9 years,30,0,1
Islamic Republic of Mauritania,212,Male,50-54 years,30,0,1
Islamic Republic of Mauritania,212,Male,55-59 years,30,0,1
Islamic Republic of Mauritania,212,Male,60-64 years,30,0,1
Islamic Republic of Mauritania,212,Male,65-69 years,30,0,1
Islamic Republic of Mauritania,212,Male,70-74 years,30,0,1
Islamic Republic of Mauritania,212,Male,75-79 years,30,0,1
Islamic Republic of Mauritania,212,Male,80-84 years,30,0,1
Islamic Republic of Mauritania,212,Male,85-89 years,30,0,1
Islamic Republic of Mauritania,212,Male,90-94 years,30,0,1
Islamic Republic of Mauritania,212,Male,95+ years,30,0,1
Islamic Republic of Mauritania,212,Male,<5 years,30,0,1
Islamic Republic of Pakistan,165,Male,10-14 years,30,0,1
Islamic Republic of Pakistan,165,Male,15-19 years,30,0,1
Islamic Republic of Pakistan,165,Male,20-24 years,30,0,1
Islamic Republic of Pakistan,165,Male,25-29 years,30,0,1
Islamic Republic of Pakistan,165,Male,30-34 years,30,0,1
Islamic Republic of Pakistan,165,Male,35-39 years,30,0,1
Islamic Republic of Pakistan,165,Male,40-44 years,30,0,1
Islamic Republic of Pakistan,165,Male,45-49 years,30,0,1
Islamic Republic of Pakistan,165,Male,5-9 years,30,0,1
Islamic Republic of Pakistan,165,Male,50-54 years,30,0,1
Islamic Republic of Pakistan,165,Male,55-59 years,30,0,1
Islamic Republic of Pakistan,165,Male,60-64 years,30,0,1
Islamic Republic of Pakistan,165,Male,65-69 years,30,0,1
Islamic Republic of Pakistan,165,Male,70-74 years,30,0,1
Islamic Republic of Pakistan,165,Male,75-79 years,30,0,1
Islamic Republic of Pakistan,165,Male,80-84 years,30,0,1
Islamic Republic of Pakistan,165,Male,85-89 years,30,0,1
Islamic Republic of Pakistan,165,Male,90-94 years,30,0,1
Islamic Republic of Pakistan,165,Male,95+ years,30,0,1
Islamic Republic of Pakistan,165,Male,<5 years,30,0,1
Jamaica,115,Male,10-14 years,30,0,1
Jamaica,115,Male,15-19 years,30,0,1
Jamaica,115,Male,20-24 years,30,0,1
Jamaica,115,Male,25-29 years,30,0,1
Jamaica,115,Male,30-34 years,30,0,1
Jamaica,115,Male,35-39 years,30,0,1
Jamaica,115,Male,40-44 years,30,0,1
Jamaica,115,Male,45-49 years,30,0,1
Jamaica,115,Male,5-9 years,30,0,1
Jamaica,115,Male,50-54 years,30,0,1
Jamaica,115,Male,55-59 years,30,0,1
Jamaica,115,Male,60-64 years,30,0,1
Jamaica,115,Male,65-69 years,30,0,1
Jamaica,115,Male,70-74 years,30,0,1
Jamaica,115,Male,75-79 years,30,0,1
Jamaica,115,Male,80-84 years,30,0,1
Jamaica,115,Male,85-89 years,30,0,1
Jamaica,115,Male,90-94 years,30,0,1
Jamaica,115,Male,95+ years,30,0,1
Jamaica,115,Male,<5 years,30,0,1
Japan,67,Male,10-14 years,30,0,1
Japan,67,Male,15-19 years,30,0,1
Japan,67,Male,20-24 years,30,0,1
Japan,67,Male,25-29 years,30,0,1
Japan,67,Male,30-34 years,30,0,1
Japan,67,Male,35-39 years,30,0,1
Japan,67,Male,40-44 years,30,0,1
Japan,67,Male,45-49 years,30,0,1
Japan,67,Male,5-9 years,30,0,1
Japan,67,Male,50-54 years,30,0,1
Japan,67,Male,55-59 years,30,0,1
Japan,67,Male,60-64 years,30,0,1
Japan,67,Male,65-69 years,30,0,1
Japan,67,Male,70-74 years,30,0,1
Japan,67,Male,75-79 years,30,0,1
Japan,67,Male,80-84 years,30,0,1
Japan,67,Male,85-89 years,30,0,1
Japan,67,Male,90-94 years,30,0,1
Japan,67,Male,95+ years,30,0,1
Japan,67,Male,<5 years,30,0,1
Kingdom of Bahrain,140,Male,10-14 years,30,0,1
Kingdom of Bahrain,140,Male,15-19 years,30,0,1
Kingdom of Bahrain,140,Male,20-24 years,30,0,1
Kingdom of Bahrain,140,Male,25-29 years,30,0,1
Kingdom of Bahrain,140,Male,30-34 years,30,0,1
Kingdom of Bahrain,140,Male,35-39 years,30,0,1
Kingdom of Bahrain,140,Male,40-44 years,30,0,1
Kingdom of Bahrain,140,Male,45-49 years,30,0,1
Kingdom of Bahrain,140,Male,5-9 years,30,0,1
Kingdom of Bahrain,140,Male,50-54 years,30,0,1
Kingdom of Bahrain,140,Male,55-59 years,30,0,1
Kingdom of Bahrain,140,Male,60-64 years,30,0,1
Kingdom of Bahrain,140,Male,65-69 years,30,0,1
Kingdom of Bahrain,140,Male,70-74 years,30,0,1
Kingdom of Bahrain,140,Male,75-79 years,30,0,1
Kingdom of Bahrain,140,Male,80-84 years,30,0,1
Kingdom of Bahrain,140,Male,85-89 years,30,0,1
Kingdom of Bahrain,140,Male,90-94 years,30,0,1
Kingdom of Bahrain,140,Male,95+ years,30,0,1
Kingdom of Bahrain,140,Male,<5 years,30,0,1
Kingdom of Belgium,76,Male,10-14 years,30,0,1
Kingdom of Belgium,76,Male,15-19 years,30,0,1
Kingdom of Belgium,76,Male,20-24 years,30,0,1
Kingdom of Belgium,76,Male,25-29 years,30,0,1
Kingdom of Belgium,76,Male,30-34 years,30,0,1
Kingdom of Belgium,76,Male,35-39 years,30,0,1
Kingdom of Belgium,76,Male,40-44 years,30,0,1
Kingdom of Belgium,76,Male,45-49 years,30,0,1
Kingdom of Belgium,76,Male,5-9 years,30,0,1
Kingdom of Belgium,76,Male,50-54 years,30,0,1
Kingdom of Belgium,76,Male,55-59 years,30,0,1
Kingdom of Belgium,76,Male,60-64 years,30,0,1
Kingdom of Belgium,76,Male,65-69 years,30,0,1
Kingdom of Belgium,76,Male,70-74 years,30,0,1
Kingdom of Belgium,76,Male,75-79 years,30,0,1
Kingdom of Belgium,76,Male,80-84 years,30,0,1
Kingdom of Belgium,76,Male,85-89 years,30,0,1
Kingdom of Belgium,76,Male,90-94 years,30,0,1
Kingdom of Belgium,76,Male,95+ years,30,0,1
Kingdom of Belgium,76,Male,<5 years,30,0,1
Kingdom of Bhutan,162,Male,10-14 years,30,0,1
Kingdom of Bhutan,162,Male,15-19 years,30,0,1
Kingdom of Bhutan,162,Male,20-24 years,30,0,1
Kingdom of Bhutan,162,Male,25-29 years,30,0,1
Kingdom of Bhutan,162,Male,30-34 years,30,0,1
Kingdom of Bhutan,162,Male,35-39 years,30,0,1
Kingdom of Bhutan,162,Male,40-44 years,30,0,1
Kingdom of Bhutan,162,Male,45-49 years,30,0,1
Kingdom of Bhutan,162,Male,5-9 years,30,0,1
Kingdom of Bhutan,162,Male,50-54 years,30,0,1
Kingdom of Bhutan,162,Male,55-59 years,30,0,1
Kingdom of Bhutan,162,Male,60-64 years,30,0,1
Kingdom of Bhutan,162,Male,65-69 years,30,0,1
Kingdom of Bhutan,162,Male,70-74 years,30,0,1
Kingdom of Bhutan,162,Male,75-79 years,30,0,1
Kingdom of Bhutan,162,Male,80-84 years,30,0,1
Kingdom of Bhutan,162,Male,85-89 years,30,0,1
Kingdom of Bhutan,162,Male,90-94 years,30,0,1
Kingdom of Bhutan,162,Male,95+ years,30,0,1
Kingdom of Bhutan,162,Male,<5 years,30,0,1
Kingdom of Cambodia,10,Male,10-14 years,30,0,1
Kingdom of Cambodia,10,Male,15-19 years,30,0,1
Kingdom of Cambodia,10,Male,20-24 years,30,0,1
Kingdom of Cambodia,10,Male,25-29 years,30,0,1
Kingdom of Cambodia,10,Male,30-34 years,30,0,1
Kingdom of Cambodia,10,Male,35-39 years,30,0,1
Kingdom of Cambodia,10,Male,40-44 years,30,0,1
Kingdom of Cambodia,10,Male,45-49 years,30,0,1
Kingdom of Cambodia,10,Male,5-9 years,30,0,1
Kingdom of Cambodia,10,Male,50-54 years,30,0,1
Kingdom of Cambodia,10,Male,55-59 years,30,0,1
Kingdom of Cambodia,10,Male,60-64 years,30,0,1
Kingdom of Cambodia,10,Male,65-69 years,30,0,1
Kingdom of Cambodia,10,Male,70-74 years,30,0,1
Kingdom of Cambodia,10,Male,75-79 years,30,0,1
Kingdom of Cambodia,10,Male,80-84 years,30,0,1
Kingdom of Cambodia,10,Male,85-89 years,30,0,1
Kingdom of Cambodia,10,Male,90-94 years,30,0,1
Kingdom of Cambodia,10,Male,95+ years,30,0,1
Kingdom of Cambodia,10,Male,<5 years,30,0,1
Kingdom of Denmark,78,Male,10-14 years,30,0,1
Kingdom of Denmark,78,Male,15-19 years,30,0,1
Kingdom of Denmark,78,Male,20-24 years,30,0,1
Kingdom of Denmark,78,Male,25-29 years,30,0,1
Kingdom of Denmark,78,Male,30-34 years,30,0,1
Kingdom of Denmark,78,Male,35-39 years,30,0,1
Kingdom of Denmark,78,Male,40-44 years,30,0,1
Kingdom of Denmark,78,Male,45-49 years,30,0,1
Kingdom of Denmark,78,Male,5-9 years,30,0,1
Kingdom of Denmark,78,Male,50-54 years,30,0,1
Kingdom of Denmark,78,Male,55-59 years,30,0,1
Kingdom of Denmark,78,Male,60-64 years,30,0,1
Kingdom of Denmark,78,Male,65-69 years,30,0,1
Kingdom of Denmark,78,Male,70-74 years,30,0,1
Kingdom of Denmark,78,Male,75-79 years,30,0,1
Kingdom of Denmark,78,Male,80-84 years,30,0,1
Kingdom of Denmark,78,Male,85-89 years,30,0,1
Kingdom of Denmark,78,Male,90-94 years,30,0,1
Kingdom of Denmark,78,Male,95+ years,30,0,1
Kingdom of Denmark,78,Male,<5 years,30,0,1
Kingdom of Eswatini,197,Male,10-14 years,30,0,1
Kingdom of Eswatini,197,Male,15-19 years,30,0,1
Kingdom of Eswatini,197,Male,20-24 years,30,0,1
Kingdom of Eswatini,197,Male,25-29 years,30,0,1
Kingdom of Eswatini,197,Male,30-34 years,30,0,1
Kingdom of Eswatini,197,Male,35-39 years,30,0,1
Kingdom of Eswatini,197,Male,40-44 years,30,0,1
Kingdom of Eswatini,197,Male,45-49 years,30,0,1
Kingdom of Eswatini,197,Male,5-9 years,30,0,1
Kingdom of Eswatini,197,Male,50-54 years,30,0,1
Kingdom of Eswatini,197,Male,55-59 years,30,0,1
Kingdom of Eswatini,197,Male,60-64 years,30,0,1
Kingdom of Eswatini,197,Male,65-69 years,30,0,1
Kingdom of Eswatini,197,Male,70-74 years,30,0,1
Kingdom of Eswatini,197,Male,75-79 years,30,0,1
Kingdom of Eswatini,197,Male,80-84 years,30,0,1
Kingdom of Eswatini,197,Male,85-89 years,30,0,1
Kingdom of Eswatini,197,Male,90-94 years,30,0,1
Kingdom of Eswatini,197,Male,95+ years,30,0,1
Kingdom of Eswatini,197,Male,<5 years,30,0,1
Kingdom of Lesotho,194,Male,10-14 years,30,0,1
Kingdom of Lesotho,194,Male,15-19 years,30,0,1
Kingdom of Lesotho,194,Male,20-24 years,30,0,1
Kingdom of Lesotho,194,Male,25-29 years,30,0,1
Kingdom of Lesotho,194,Male,30-34 years,30,0,1
Kingdom of Lesotho,194,Male,35-39 years,30,0,1
Kingdom of Lesotho,194,Male,40-44 years,30,0,1
Kingdom of Lesotho,194,Male,45-49 years,30,0,1
Kingdom of Lesotho,194,Male,5-9 years,30,0,1
Kingdom of Lesotho,194,Male,50-54 years,30,0,1
Kingdom of Lesotho,194,Male,55-59 years,30,0,1
Kingdom of Lesotho,194,Male,60-64 years,30,0,1
Kingdom of Lesotho,194,Male,65-69 years,30,0,1
Kingdom of Lesotho,194,Male,70-74 years,30,0,1
Kingdom of Lesotho,194,Male,75-79 years,30,0,1
Kingdom of Lesotho,194,Male,80-84 years,30,0,1
Kingdom of Lesotho,194,Male,85-89 years,30,0,1
Kingdom of Lesotho,194,Male,90-94 years,30,0,1
Kingdom of Lesotho,194,Male,95+ years,30,0,1
Kingdom of Lesotho,194,Male,<5 years,30,0,1
Kingdom of Morocco,148,Male,10-14 years,30,0,1
Kingdom of Morocco,148,Male,15-19 years,30,0,1
Kingdom of Morocco,148,Male,20-24 years,30,0,1
Kingdom of Morocco,148,Male,25-29 years,30,0,1
Kingdom of Morocco,148,Male,30-34 years,30,0,1
Kingdom of Morocco,148,Male,35-39 years,30,0,1
Kingdom of Morocco,148,Male,40-44 years,30,0,1
Kingdom of Morocco,148,Male,45-49 years,30,0,1
Kingdom of Morocco,148,Male,5-9 years,30,0,1
Kingdom of Morocco,148,Male,50-54 years,30,0,1
Kingdom of Morocco,148,Male,55-59 years,30,0,1
Kingdom of Morocco,148,Male,60-64 years,30,0,1
Kingdom of Morocco,148,Male,65-69 years,30,0,1
Kingdom of Morocco,148,Male,70-74 years,30,0,1
Kingdom of Morocco,148,Male,75-79 years,30,0,1
Kingdom of Morocco,148,Male,80-84 years,30,0,1
Kingdom of Morocco,148,Male,85-89 years,30,0,1
Kingdom of Morocco,148,Male,90-94 years,30,0,1
Kingdom of Morocco,148,Male,95+ years,30,0,1
Kingdom of Morocco,148,Male,<5 years,30,0,1
Kingdom of Norway,90,Male,10-14 years,30,0,1
Kingdom of Norway,90,Male,15-19 years,30,0,1
Kingdom of Norway,90,Male,20-24 years,30,0,1
Kingdom of Norway,90,Male,25-29 years,30,0,1
Kingdom of Norway,90,Male,30-34 years,30,0,1
Kingdom of Norway,90,Male,35-39 years,30,0,1
Kingdom of Norway,90,Male,40-44 years,30,0,1
Kingdom of Norway,90,Male,45-49 years,30,0,1
Kingdom of Norway,90,Male,5-9 years,30,0,1
Kingdom of Norway,90,Male,50-54 years,30,0,1
Kingdom of Norway,90,Male,55-59 years,30,0,1
Kingdom of Norway,90,Male,60-64 years,30,0,1
Kingdom of Norway,90,Male,65-69 years,30,0,1
Kingdom of Norway,90,Male,70-74 years,30,0,1
Kingdom of Norway,90,Male,75-79 years,30,0,1
Kingdom of Norway,90,Male,80-84 years,30,0,1
Kingdom of Norway,90,Male,85-89 years,30,0,1
Kingdom of Norway,90,Male,90-94 years,30,0,1
Kingdom of Norway,90,Male,95+ years,30,0,1
Kingdom of Norway,90,Male,<5 years,30,0,1
Kingdom of Saudi Arabia,152,Male,10-14 years,30,0,1
Kingdom of Saudi Arabia,152,Male,15-19 years,30,0,1
Kingdom of Saudi Arabia,152,Male,20-24 years,30,0,1
Kingdom of Saudi Arabia,152,Male,25-29 years,30,0,1
Kingdom of Saudi Arabia,152,Male,30-34 years,30,0,1
Kingdom of Saudi Arabia,152,Male,35-39 years,30,0,1
Kingdom of Saudi Arabia,152,Male,40-44 years,30,0,1
Kingdom of Saudi Arabia,152,Male,45-49 years,30,0,1
Kingdom of Saudi Arabia,152,Male,5-9 years,30,0,1
Kingdom of Saudi Arabia,152,Male,50-54 years,30,0,1
Kingdom of Saudi Arabia,152,Male,55-59 years,30,0,1
Kingdom of Saudi Arabia,152,Male,60-64 years,30,0,1
Kingdom of Saudi Arabia,152,Male,65-69 years,30,0,1
Kingdom of Saudi Arabia,152,Male,70-74 years,30,0,1
Kingdom of Saudi Arabia,152,Male,75-79 years,30,0,1
Kingdom of Saudi Arabia,152,Male,80-84 years,30,0,1
Kingdom of Saudi Arabia,152,Male,85-89 years,30,0,1
Kingdom of Saudi Arabia,152,Male,90-94 years,30,0,1
Kingdom of Saudi Arabia,152,Male,95+ years,30,0,1
Kingdom of Saudi Arabia,152,Male,<5 years,30,0,1
Kingdom of Spain,92,Male,10-14 years,30,0,1
Kingdom of Spain,92,Male,15-19 years,30,0,1
Kingdom of Spain,92,Male,20-24 years,30,0,1
Kingdom of Spain,92,Male,25-29 years,30,0,1
Kingdom of Spain,92,Male,30-34 years,30,0,1
Kingdom of Spain,92,Male,35-39 years,30,0,1
Kingdom of Spain,92,Male,40-44 years,30,0,1
Kingdom of Spain,92,Male,45-49 years,30,0,1
Kingdom of Spain,92,Male,5-9 years,30,0,1
Kingdom of Spain,92,Male,50-54 years,30,0,1
Kingdom of Spain,92,Male,55-59 years,30,0,1
Kingdom of Spain,92,Male,60-64 years,30,0,1
Kingdom of Spain,92,Male,65-69 years,30,0,1
Kingdom of Spain,92,Male,70-74 years,30,0,1
Kingdom of Spain,92,Male,75-79 years,30,0,1
Kingdom of Spain,92,Male,80-84 years,30,0,1
Kingdom of Spain,92,Male,85-89 years,30,0,1
Kingdom of Spain,92,Male,90-94 years,30,0,1
Kingdom of Spain,92,Male,95+ years,30,0,1
Kingdom of Spain,92,Male,<5 years,30,0,1
Kingdom of Sweden,93,Male,10-14 years,30,0,1
Kingdom of Sweden,93,Male,15-19 years,30,0,1
Kingdom of Sweden,93,Male,20-24 years,30,0,1
Kingdom of Sweden,93,Male,25-29 years,30,0,1
Kingdom of Sweden,93,Male,30-34 years,30,0,1
Kingdom of Sweden,93,Male,35-39 years,30,0,1
Kingdom of Sweden,93,Male,40-44 years,30,0,1
Kingdom of Sweden,93,Male,45-49 years,30,0,1
Kingdom of Sweden,93,Male,5-9 years,30,0,1
Kingdom of Sweden,93,Male,50-54 years,30,0,1
Kingdom of Sweden,93,Male,55-59 years,30,0,1
Kingdom of Sweden,93,Male,60-64 years,30,0,1
Kingdom of Sweden,93,Male,65-69 years,30,0,1
Kingdom of Sweden,93,Male,70-74 years,30,0,1
Kingdom of Sweden,93,Male,75-79 years,30,0,1
Kingdom of Sweden,93,Male,80-84 years,30,0,1
Kingdom of Sweden,93,Male,85-89 years,30,0,1
Kingdom of Sweden,93,Male,90-94 years,30,0,1
Kingdom of Sweden,93,Male,95+ years,30,0,1
Kingdom of Sweden,93,Male,<5 years,30,0,1
Kingdom of Thailand,18,Male,10-14 years,30,0,1
Kingdom of Thailand,18,Male,15-19 years,30,0,1
Kingdom of Thailand,18,Male,20-24 years,30,0,1
Kingdom of Thailand,18,Male,25-29 years,30,0,1
Kingdom of Thailand,18,Male,30-34 years,30,0,1
Kingdom of Thailand,18,Male,35-39 years,30,0,1
Kingdom of Thailand,18,Male,40-44 years,30,0,1
Kingdom of Thailand,18,Male,45-49 years,30,0,1
Kingdom of Thailand,18,Male,5-9 years,30,0,1
Kingdom of Thailand,18,Male,50-54 years,30,0,1
Kingdom of Thailand,18,Male,55-59 years,30,0,1
Kingdom of Thailand,18,Male,60-64 years,30,0,1
Kingdom of Thailand,18,Male,65-69 years,30,0,1
Kingdom of Thailand,18,Male,70-74 years,30,0,1
Kingdom of Thailand,18,Male,75-79 years,30,0,1
Kingdom of Thailand,18,Male,80-84 years,30,0,1
Kingdom of Thailand,18,Male,85-89 years,30,0,1
Kingdom of Thailand,18,Male,90-94 years,30,0,1
Kingdom of Thailand,18,Male,95+ years,30,0,1
Kingdom of Thailand,18,Male,<5 years,30,0,1
Kingdom of Tonga,29,Male,10-14 years,30,0,1
Kingdom of Tonga,29,Male,15-19 years,30,0,1
Kingdom of Tonga,29,Male,20-24 years,30,0,1
Kingdom of Tonga,29,Male,25-29 years,30,0,1
Kingdom of Tonga,29,Male,30-34 years,30,0,1
Kingdom of Tonga,29,Male,35-39 years,30,0,1
Kingdom of Tonga,29,Male,40-44 years,30,0,1
Kingdom of Tonga,29,Male,45-49 years,30,0,1
Kingdom of Tonga,29,Male,5-9 years,30,0,1
Kingdom of Tonga,29,Male,50-54 years,30,0,1
Kingdom of Tonga,29,Male,55-59 years,30,0,1
Kingdom of Tonga,29,Male,60-64 years,30,0,1
Kingdom of Tonga,29,Male,65-69 years,30,0,1
Kingdom of Tonga,29,Male,70-74 years,30,0,1
Kingdom of Tonga,29,Male,75-79 years,30,0,1
Kingdom of Tonga,29,Male,80-84 years,30,0,1
Kingdom of Tonga,29,Male,85-89 years,30,0,1
Kingdom of Tonga,29,Male,90-94 years,30,0,1
Kingdom of Tonga,29,Male,95+ years,30,0,1
Kingdom of Tonga,29,Male,<5 years,30,0,1
Kingdom of the Netherlands,89,Male,10-14 years,30,0,1
Kingdom of the Netherlands,89,Male,15-19 years,30,0,1
Kingdom of the Netherlands,89,Male,20-24 years,30,0,1
Kingdom of the Netherlands,89,Male,25-29 years,30,0,1
Kingdom of the Netherlands,89,Male,30-34 years,30,0,1
Kingdom of the Netherlands,89,Male,35-39 years,30,0,1
Kingdom of the Netherlands,89,Male,40-44 years,30,0,1
Kingdom of the Netherlands,89,Male,45-49 years,30,0,1
Kingdom of the Netherlands,89,Male,5-9 years,30,0,1
Kingdom of the Netherlands,89,Male,50-54 years,30,0,1
Kingdom of the Netherlands,89,Male,55-59 years,30,0,1
Kingdom of the Netherlands,89,Male,60-64 years,30,0,1
Kingdom of the Netherlands,89,Male,65-69 years,30,0,1
Kingdom of the Netherlands,89,Male,70-74 years,30,0,1
Kingdom of the Netherlands,89,Male,75-79 years,30,0,1
Kingdom of the Netherlands,89,Male,80-84 years,30,0,1
Kingdom of the Netherlands,89,Male,85-89 years,30,0,1
Kingdom of the Netherlands,89,Male,90-94 years,30,0,1
Kingdom of the Netherlands,89,Male,95+ years,30,0,1
Kingdom of the Netherlands,89,Male,<5 years,30,0,1
Kyrgyz Republic,37,Male,10-14 years,30,0,1
Kyrgyz Republic,37,Male,15-19 years,30,0,1
Kyrgyz Republic,37,Male,20-24 years,30,0,1
Kyrgyz Republic,37,Male,25-29 years,30,0,1
Kyrgyz Republic,37,Male,30-34 years,30,0,1
Kyrgyz Republic,37,Male,35-39 years,30,0,1
Kyrgyz Republic,37,Male,40-44 years,30,0,1
Kyrgyz Republic,37,Male,45-49 years,30,0,1
Kyrgyz Republic,37,Male,5-9 years,30,0,1
Kyrgyz Republic,37,Male,50-54 years,30,0,1
Kyrgyz Republic,37,Male,55-59 years,30,0,1
Kyrgyz Republic,37,Male,60-64 years,30,0,1
Kyrgyz Republic,37,Male,65-69 years,30,0,1
Kyrgyz Republic,37,Male,70-74 years,30,0,1
Kyrgyz Republic,37,Male,75-79 years,30,0,1
Kyrgyz Republic,37,Male,80-84 years,30,0,1
Kyrgyz Republic,37,Male,85-89 years,30,0,1
Kyrgyz Republic,37,Male,90-94 years,30,0,1
Kyrgyz Republic,37,Male,95+ years,30,0,1
Kyrgyz Republic,37,Male,<5 years,30,0,1
Lao People's Democratic Republic,12,Male,10-14 years,30,0,1
Lao People's Democratic Republic,12,Male,15-19 years,30,0,1
Lao People's Democratic Republic,12,Male,20-24 years,30,0,1
Lao People's Democratic Republic,12,Male,25-29 years,30,0,1
Lao People's Democratic Republic,12,Male,30-34 years,30,0,1
Lao People's Democratic Republic,12,Male,35-39 years,30,0,1
Lao People's Democratic Republic,12,Male,40-44 years,30,0,1
Lao People's Democratic Republic,12,Male,45-49 years,30,0,1
Lao People's Democratic Republic,12,Male,5-9 years,30,0,1
Lao People's Democratic Republic,12,Male,50-54 years,30,0,1
Lao People's Democratic Republic,12,Male,55-59 years,30,0,1
Lao People's Democratic Republic,12,Male,60-64 years,30,0,1
Lao People's Democratic Republic,12,Male,65-69 years,30,0,1
Lao People's Democratic Republic,12,Male,70-74 years,30,0,1
Lao People's Democratic Republic,12,Male,75-79 years,30,0,1
Lao People's Democratic Republic,12,Male,80-84 years,30,0,1
Lao People's Democratic Republic,12,Male,85-89 years,30,0,1
Lao People's Democratic Republic,12,Male,90-94 years,30,0,1
Lao People's Democratic Republic,12,Male,95+ years,30,0,1
Lao People's Democratic Republic,12,Male,<5 years,30,0,1
Lebanese Republic,146,Male,10-14 years,30,0,1
Lebanese Republic,146,Male,15-19 years,30,0,1
Lebanese Republic,146,Male,20-24 years,30,0,1
Lebanese Republic,146,Male,25-29 years,30,0,1
Lebanese Republic,146,Male,30-34 years,30,0,1
Lebanese Republic,146,Male,35-39 years,30,0,1
Lebanese Republic,146,Male,40-44 years,30,0,1
Lebanese Republic,146,Male,45-49 years,30,0,1
Lebanese Republic,146,Male,5-9 years,30,0,1
Lebanese Republic,146,Male,50-54 years,30,0,1
Lebanese Republic,146,Male,55-59 years,30,0,1
Lebanese Republic,146,Male,60-64 years,30,0,1
Lebanese Republic,146,Male,65-69 years,30,0,1
Lebanese Republic,146,Male,70-74 years,30,0,1
Lebanese Republic,146,Male,75-79 years,30,0,1
Lebanese Republic,146,Male,80-84 years,30,0,1
Lebanese Republic,146,Male,85-89 years,30,0,1
Lebanese Republic,146,Male,90-94 years,30,0,1
Lebanese Republic,146,Male,95+ years,30,0,1
Lebanese Republic,146,Male,<5 years,30,0,1
Malaysia,13,Male,10-14 years,30,0,1
Malaysia,13,Male,15-19 years,30,0,1
Malaysia,13,Male,20-24 years,30,0,1
Malaysia,13,Male,25-29 years,30,0,1
Malaysia,13,Male,30-34 years,30,0,1
Malaysia,13,Male,35-39 years,30,0,1
Malaysia,13,Male,40-44 years,30,0,1
Malaysia,13,Male,45-49 years,30,0,1
Malaysia,13,Male,5-9 years,30,0,1
Malaysia,13,Male,50-54 years,30,0,1
Malaysia,13,Male,55-59 years,30,0,1
Malaysia,13,Male,60-64 years,30,0,1
Malaysia,13,Male,65-69 years,30,0,1
Malaysia,13,Male,70-74 years,30,0,1
Malaysia,13,Male,75-79 years,30,0,1
Malaysia,13,Male,80-84 years,30,0,1
Malaysia,13,Male,85-89 years,30,0,1
Malaysia,13,Male,90-94 years,30,0,1
Malaysia,13,Male,95+ years,30,0,1
Malaysia,13,Male,<5 years,30,0,1
Mongolia,38,Male,10-14 years,30,0,1
Mongolia,38,Male,15-19 years,30,0,1
Mongolia,38,Male,20-24 years,30,0,1
Mongolia,38,Male,25-29 years,30,0,1
Mongolia,38,Male,30-34 years,30,0,1
Mongolia,38,Male,35-39 years,30,0,1
Mongolia,38,Male,40-44 years,30,0,1
Mongolia,38,Male,45-49 years,30,0,1
Mongolia,38,Male,5-9 years,30,0,1
Mongolia,38,Male,50-54 years,30,0,1
Mongolia,38,Male,55-59 years,30,0,1
Mongolia,38,Male,60-64 years,30,0,1
Mongolia,38,Male,65-69 years,30,0,1
Mongolia,38,Male,70-74 years,30,0,1
Mongolia,38,Male,75-79 years,30,0,1
Mongolia,38,Male,80-84 years,30,0,1
Mongolia,38,Male,85-89 years,30,0,1
Mongolia,38,Male,90-94 years,30,0,1
Mongolia,38,Male,95+ years,30,0,1
Mongolia,38,Male,<5 years,30,0,1
Montenegro,50,Male,10-14 years,30,0,1
Montenegro,50,Male,15-19 years,30,0,1
Montenegro,50,Male,20-24 years,30,0,1
Montenegro,50,Male,25-29 years,30,0,1
Montenegro,50,Male,30-34 years,30,0,1
Montenegro,50,Male,35-39 years,30,0,1
Montenegro,50,Male,40-44 years,30,0,1
Montenegro,50,Male,45-49 years,30,0,1
Montenegro,50,Male,5-9 years,30,0,1
Montenegro,50,Male,50-54 years,30,0,1
Montenegro,50,Male,55-59 years,30,0,1
Montenegro,50,Male,60-64 years,30,0,1
Montenegro,50,Male,65-69 years,30,0,1
Montenegro,50,Male,70-74 years,30,0,1
Montenegro,50,Male,75-79 years,30,0,1
Montenegro,50,Male,80-84 years,30,0,1
Montenegro,50,Male,85-89 years,30,0,1
Montenegro,50,Male,90-94 years,30,0,1
Montenegro,50,Male,95+ years,30,0,1
Montenegro,50,Male,<5 years,30,0,1
New Zealand,72,Male,10-14 years,30,0,1
New Zealand,72,Male,15-19 years,30,0,1
New Zealand,72,Male,20-24 years,30,0,1
New Zealand,72,Male,25-29 years,30,0,1
New Zealand,72,Male,30-34 years,30,0,1
New Zealand,72,Male,35-39 years,30,0,1
New Zealand,72,Male,40-44 years,30,0,1
New Zealand,72,Male,45-49 years,30,0,1
New Zealand,72,Male,5-9 years,30,0,1
New Zealand,72,Male,50-54 years,30,0,1
New Zealand,72,Male,55-59 years,30,0,1
New Zealand,72,Male,60-64 years,30,0,1
New Zealand,72,Male,65-69 years,30,0,1
New Zealand,72,Male,70-74 years,30,0,1
New Zealand,72,Male,75-79 years,30,0,1
New Zealand,72,Male,80-84 years,30,0,1
New Zealand,72,Male,85-89 years,30,0,1
New Zealand,72,Male,90-94 years,30,0,1
New Zealand,72,Male,95+ years,30,0,1
New Zealand,72,Male,<5 years,30,0,1
North Macedonia,49,Male,10-14 years,30,0,1
North Macedonia,49,Male,15-19 years,30,0,1
North Macedonia,49,Male,20-24 years,30,0,1
North Macedonia,49,Male,25-29 years,30,0,1
North Macedonia,49,Male,30-34 years,30,0,1
North Macedonia,49,Male,35-39 years,30,0,1
North Macedonia,49,Male,40-44 years,30,0,1
North Macedonia,49,Male,45-49 years,30,0,1
North Macedonia,49,Male,5-9 years,30,0,1
North Macedonia,49,Male,50-54 years,30,0,1
North Macedonia,49,Male,55-59 years,30,0,1
North Macedonia,49,Male,60-64 years,30,0,1
North Macedonia,49,Male,65-69 years,30,0,1
North Macedonia,49,Male,70-74 years,30,0,1
North Macedonia,49,Male,75-79 years,30,0,1
North Macedonia,49,Male,80-84 years,30,0,1
North Macedonia,49,Male,85-89 years,30,0,1
North Macedonia,49,Male,90-94 years,30,0,1
North Macedonia,49,Male,95+ years,30,0,1
North Macedonia,49,Male,<5 years,30,0,1
Northern Mariana Islands,376,Male,10-14 years,30,0,1
Northern Mariana Islands,376,Male,15-19 years,30,0,1
Northern Mariana Islands,376,Male,20-24 years,30,0,1
Northern Mariana Islands,376,Male,25-29 years,30,0,1
Northern Mariana Islands,376,Male,30-34 years,30,0,1
Northern Mariana Islands,376,Male,35-39 years,30,0,1
Northern Mariana Islands,376,Male,40-44 years,30,0,1
Northern Mariana Islands,376,Male,45-49 years,30,0,1
Northern Mariana Islands,376,Male,5-9 years,30,0,1
Northern Mariana Islands,376,Male,50-54 years,30,0,1
Northern Mariana Islands,376,Male,55-59 years,30,0,1
Northern Mariana Islands,376,Male,60-64 years,30,0,1
Northern Mariana Islands,376,Male,65-69 years,30,0,1
Northern Mariana Islands,376,Male,70-74 years,30,0,1
Northern Mariana Islands,376,Male,75-79 years,30,0,1
Northern Mariana Islands,376,Male,80-84 years,30,0,1
Northern Mariana Islands,376,Male,85-89 years,30,0,1
Northern Mariana Islands,376,Male,90-94 years,30,0,1
Northern Mariana Islands,376,Male,95+ years,30,0,1
Northern Mariana Islands,376,Male,<5 years,30,0,1
Palestine,149,Male,10-14 years,30,0,1
Palestine,149,Male,15-19 years,30,0,1
Palestine,149,Male,20-24 years,30,0,1
Palestine,149,Male,25-29 years,30,0,1
Palestine,149,Male,30-34 years,30,0,1
Palestine,149,Male,35-39 years,30,0,1
Palestine,149,Male,40-44 years,30,0,1
Palestine,149,Male,45-49 years,30,0,1
Palestine,149,Male,5-9 years,30,0,1
Palestine,149,Male,50-54 years,30,0,1
Palestine,149,Male,55-59 years,30,0,1
Palestine,149,Male,60-64 years,30,0,1
Palestine,149,Male,65-69 years,30,0,1
Palestine,149,Male,70-74 years,30,0,1
Palestine,149,Male,75-79 years,30,0,1
Palestine,149,Male,80-84 years,30,0,1
Palestine,149,Male,85-89 years,30,0,1
Palestine,149,Male,90-94 years,30,0,1
Palestine,149,Male,95+ years,30,0,1
Palestine,149,Male,<5 years,30,0,1
People's Democratic Republic of Algeria,139,Male,10-14 years,30,0,1
People's Democratic Republic of Algeria,139,Male,15-19 years,30,0,1
People's Democratic Republic of Algeria,139,Male,20-24 years,30,0,1
People's Democratic Republic of Algeria,139,Male,25-29 years,30,0,1
People's Democratic Republic of Algeria,139,Male,30-34 years,30,0,1
People's Democratic Republic of Algeria,139,Male,35-39 years,30,0,1
People's Democratic Republic of Algeria,139,Male,40-44 years,30,0,1
People's Democratic Republic of Algeria,139,Male,45-49 years,30,0,1
People's Democratic Republic of Algeria,139,Male,5-9 years,30,0,1
People's Democratic Republic of Algeria,139,Male,50-54 years,30,0,1
People's Democratic Republic of Algeria,139,Male,55-59 years,30,0,1
People's Democratic Republic of Algeria,139,Male,60-64 years,30,0,1
People's Democratic Republic of Algeria,139,Male,65-69 years,30,0,1
People's Democratic Republic of Algeria,139,Male,70-74 years,30,0,1
People's Democratic Republic of Algeria,139,Male,75-79 years,30,0,1
People's Democratic Republic of Algeria,139,Male,80-84 years,30,0,1
People's Democratic Republic of Algeria,139,Male,85-89 years,30,0,1
People's Democratic Republic of Algeria,139,Male,90-94 years,30,0,1
People's Democratic Republic of Algeria,139,Male,95+ years,30,0,1
People's Democratic Republic of Algeria,139,Male,<5 years,30,0,1
People's Republic of Bangladesh,161,Male,10-14 years,30,0,1
People's Republic of Bangladesh,161,Male,15-19 years,30,0,1
People's Republic of Bangladesh,161,Male,20-24 years,30,0,1
People's Republic of Bangladesh,161,Male,25-29 years,30,0,1
People's Republic of Bangladesh,161,Male,30-34 years,30,0,1
People's Republic of Bangladesh,161,Male,35-39 years,30,0,1
People's Republic of Bangladesh,161,Male,40-44 years,30,0,1
People's Republic of Bangladesh,161,Male,45-49 years,30,0,1
People's Republic of Bangladesh,161,Male,5-9 years,30,0,1
People's Republic of Bangladesh,161,Male,50-54 years,30,0,1
People's Republic of Bangladesh,161,Male,55-59 years,30,0,1
People's Republic of Bangladesh,161,Male,60-64 years,30,0,1
People's Republic of Bangladesh,161,Male,65-69 years,30,0,1
People's Republic of Bangladesh,161,Male,70-74 years,30,0,1
People's Republic of Bangladesh,161,Male,75-79 years,30,0,1
People's Republic of Bangladesh,161,Male,80-84 years,30,0,1
People's Republic of Bangladesh,161,Male,85-89 years,30,0,1
People's Republic of Bangladesh,161,Male,90-94 years,30,0,1
People's Republic of Bangladesh,161,Male,95+ years,30,0,1
People's Republic of Bangladesh,161,Male,<5 years,30,0,1
People's Republic of China,6,Male,10-14 years,30,0,1
People's Republic of China,6,Male,15-19 years,30,0,1
People's Republic of China,6,Male,20-24 years,30,0,1
People's Republic of China,6,Male,25-29 years,30,0,1
People's Republic of China,6,Male,30-34 years,30,0,1
People's Republic of China,6,Male,35-39 years,30,0,1
People's Republic of China,6,Male,40-44 years,30,0,1
People's Republic of China,6,Male,45-49 years,30,0,1
People's Republic of China,6,Male,5-9 years,30,0,1
People's Republic of China,6,Male,50-54 years,30,0,1
People's Republic of China,6,Male,55-59 years,30,0,1
People's Republic of China,6,Male,60-64 years,30,0,1
People's Republic of China,6,Male,65-69 years,30,0,1
People's Republic of China,6,Male,70-74 years,30,0,1
People's Republic of China,6,Male,75-79 years,30,0,1
People's Republic of China,6,Male,80-84 years,30,0,1
People's Republic of China,6,Male,85-89 years,30,0,1
People's Republic of China,6,Male,90-94 years,30,0,1
People's Republic of China,6,Male,95+ years,30,0,1
People's Republic of China,6,Male,<5 years,30,0,1
Plurinational State of Bolivia,121,Male,10-14 years,30,0,1
Plurinational State of Bolivia,121,Male,15-19 years,30,0,1
Plurinational State of Bolivia,121,Male,20-24 years,30,0,1
Plurinational State of Bolivia,121,Male,25-29 years,30,0,1
Plurinational State of Bolivia,121,Male,30-34 years,30,0,1
Plurinational State of Bolivia,121,Male,35-39 years,30,0,1
Plurinational State of Bolivia,121,Male,40-44 years,30,0,1
Plurinational State of Bolivia,121,Male,45-49 years,30,0,1
Plurinational State of Bolivia,121,Male,5-9 years,30,0,1
Plurinational State of Bolivia,121,Male,50-54 years,30,0,1
Plurinational State of Bolivia,121,Male,55-59 years,30,0,1
Plurinational State of Bolivia,121,Male,60-64 years,30,0,1
Plurinational State of Bolivia,121,Male,65-69 years,30,0,1
Plurinational State of Bolivia,121,Male,70-74 years,30,0,1
Plurinational State of Bolivia,121,Male,75-79 years,30,0,1
Plurinational State of Bolivia,121,Male,80-84 years,30,0,1
Plurinational State of Bolivia,121,Male,85-89 years,30,0,1
Plurinational State of Bolivia,121,Male,90-94 years,30,0,1
Plurinational State of Bolivia,121,Male,95+ years,30,0,1
Plurinational State of Bolivia,121,Male,<5 years,30,0,1
Portuguese Republic,91,Male,10-14 years,30,0,1
Portuguese Republic,91,Male,15-19 years,30,0,1
Portuguese Republic,91,Male,20-24 years,30,0,1
Portuguese Republic,91,Male,25-29 years,30,0,1
Portuguese Republic,91,Male,30-34 years,30,0,1
Portuguese Republic,91,Male,35-39 years,30,0,1
Portuguese Republic,91,Male,40-44 years,30,0,1
Portuguese Republic,91,Male,45-49 years,30,0,1
Portuguese Republic,91,Male,5-9 years,30,0,1
Portuguese Republic,91,Male,50-54 years,30,0,1
Portuguese Republic,91,Male,55-59 years,30,0,1
Portuguese Republic,91,Male,60-64 years,30,0,1
Portuguese Republic,91,Male,65-69 years,30,0,1
Portuguese Republic,91,Male,70-74 years,30,0,1
Portuguese Republic,91,Male,75-79 years,30,0,1
Portuguese Republic,91,Male,80-84 years,30,0,1
Portuguese Republic,91,Male,85-89 years,30,0,1
Portuguese Republic,91,Male,90-94 years,30,0,1
Portuguese Republic,91,Male,95+ years,30,0,1
Portuguese Republic,91,Male,<5 years,30,0,1
Principality of Andorra,74,Male,10-14 years,30,0,1
Principality of Andorra,74,Male,15-19 years,30,0,1
Principality of Andorra,74,Male,20-24 years,30,0,1
Principality of Andorra,74,Male,25-29 years,30,0,1
Principality of Andorra,74,Male,30-34 years,30,0,1
Principality of Andorra,74,Male,35-39 years,30,0,1
Principality of Andorra,74,Male,40-44 years,30,0,1
Principality of Andorra,74,Male,45-49 years,30,0,1
Principality of Andorra,74,Male,5-9 years,30,0,1
Principality of Andorra,74,Male,50-54 years,30,0,1
Principality of Andorra,74,Male,55-59 years,30,0,1
Principality of Andorra,74,Male,60-64 years,30,0,1
Principality of Andorra,74,Male,65-69 years,30,0,1
Principality of Andorra,74,Male,70-74 years,30,0,1
Principality of Andorra,74,Male,75-79 years,30,0,1
Principality of Andorra,74,Male,80-84 years,30,0,1
Principality of Andorra,74,Male,85-89 years,30,0,1
Principality of Andorra,74,Male,90-94 years,30,0,1
Principality of Andorra,74,Male,95+ years,30,0,1
Principality of Andorra,74,Male,<5 years,30,0,1
Principality of Monaco,367,Male,10-14 years,30,0,1
Principality of Monaco,367,Male,15-19 years,30,0,1
Principality of Monaco,367,Male,20-24 years,30,0,1
Principality of Monaco,367,Male,25-29 years,30,0,1
Principality of Monaco,367,Male,30-34 years,30,0,1
Principality of Monaco,367,Male,35-39 years,30,0,1
Principality of Monaco,367,Male,40-44 years,30,0,1
Principality of Monaco,367,Male,45-49 years,30,0,1
Principality of Monaco,367,Male,5-9 years,30,0,1
Principality of Monaco,367,Male,50-54 years,30,0,1
Principality of Monaco,367,Male,55-59 years,30,0,1
Principality of Monaco,367,Male,60-64 years,30,0,1
Principality of Monaco,367,Male,65-69 years,30,0,1
Principality of Monaco,367,Male,70-74 years,30,0,1
Principality of Monaco,367,Male,75-79 years,30,0,1
Principality of Monaco,367,Male,80-84 years,30,0,1
Principality of Monaco,367,Male,85-89 years,30,0,1
Principality of Monaco,367,Male,90-94 years,30,0,1
Principality of Monaco,367,Male,95+ years,30,0,1
Principality of Monaco,367,Male,<5 years,30,0,1
Puerto Rico,385,Male,10-14 years,30,0,1
Puerto Rico,385,Male,15-19 years,30,0,1
Puerto Rico,385,Male,20-24 years,30,0,1
Puerto Rico,385,Male,25-29 years,30,0,1
Puerto Rico,385,Male,30-34 years,30,0,1
Puerto Rico,385,Male,35-39 years,30,0,1
Puerto Rico,385,Male,40-44 years,30,0,1
Puerto Rico,385,Male,45-49 years,30,0,1
Puerto Rico,385,Male,5-9 years,30,0,1
Puerto Rico,385,Male,50-54 years,30,0,1
Puerto Rico,385,Male,55-59 years,30,0,1
Puerto Rico,385,Male,60-64 years,30,0,1
Puerto Rico,385,Male,65-69 years,30,0,1
Puerto Rico,385,Male,70-74 years,30,0,1
Puerto Rico,385,Male,75-79 years,30,0,1
Puerto Rico,385,Male,80-84 years,30,0,1
Puerto Rico,385,Male,85-89 years,30,0,1
Puerto Rico,385,Male,90-94 years,30,0,1
Puerto Rico,385,Male,95+ years,30,0,1
Puerto Rico,385,Male,<5 years,30,0,1
Republic of Albania,43,Male,10-14 years,30,0,1
Republic of Albania,43,Male,15-19 years,30,0,1
Republic of Albania,43,Male,20-24 years,30,0,1
Republic of Albania,43,Male,25-29 years,30,0,1
Republic of Albania,43,Male,30-34 years,30,0,1
Republic of Albania,43,Male,35-39 years,30,0,1
Republic of Albania,43,Male,40-44 years,30,0,1
Republic of Albania,43,Male,45-49 years,30,0,1
Republic of Albania,43,Male,5-9 years,30,0,1
Republic of Albania,43,Male,50-54 years,30,0,1
Republic of Albania,43,Male,55-59 years,30,0,1
Republic of Albania,43,Male,60-64 years,30,0,1
Republic of Albania,43,Male,65-69 years,30,0,1
Republic of Albania,43,Male,70-74 years,30,0,1
Republic of Albania,43,Male,75-79 years,30,0,1
Republic of Albania,43,Male,80-84 years,30,0,1
Republic of Albania,43,Male,85-89 years,30,0,1
Republic of Albania,43,Male,90-94 years,30,0,1
Republic of Albania,43,Male,95+ years,30,0,1
Republic of Albania,43,Male,<5 years,30,0,1
Republic of Angola,168,Male,10-14 years,30,0,1
Republic of Angola,168,Male,15-19 years,30,0,1
Republic of Angola,168,Male,20-24 years,30,0,1
Republic of Angola,168,Male,25-29 years,30,0,1
Republic of Angola,168,Male,30-34 years,30,0,1
Republic of Angola,168,Male,35-39 years,30,0,1
Republic of Angola,168,Male,40-44 years,30,0,1
Republic of Angola,168,Male,45-49 years,30,0,1
Republic of Angola,168,Male,5-9 years,30,0,1
Republic of Angola,168,Male,50-54 years,30,0,1
Republic of Angola,168,Male,55-59 years,30,0,1
Republic of Angola,168,Male,60-64 years,30,0,1
Republic of Angola,168,Male,65-69 years,30,0,1
Republic of Angola,168,Male,70-74 years,30,0,1
Republic of Angola,168,Male,75-79 years,30,0,1
Republic of Angola,168,Male,80-84 years,30,0,1
Republic of Angola,168,Male,85-89 years,30,0,1
Republic of Angola,168,Male,90-94 years,30,0,1
Republic of Angola,168,Male,95+ years,30,0,1
Republic of Angola,168,Male,<5 years,30,0,1
Republic of Armenia,33,Male,10-14 years,30,0,1
Republic of Armenia,33,Male,15-19 years,30,0,1
Republic of Armenia,33,Male,20-24 years,30,0,1
Republic of Armenia,33,Male,25-29 years,30,0,1
Republic of Armenia,33,Male,30-34 years,30,0,1
Republic of Armenia,33,Male,35-39 years,30,0,1
Republic of Armenia,33,Male,40-44 years,30,0,1
Republic of Armenia,33,Male,45-49 years,30,0,1
Republic of Armenia,33,Male,5-9 years,30,0,1
Republic of Armenia,33,Male,50-54 years,30,0,1
Republic of Armenia,33,Male,55-59 years,30,0,1
Republic of Armenia,33,Male,60-64 years,30,0,1
Republic of Armenia,33,Male,65-69 years,30,0,1
Republic of Armenia,33,Male,70-74 years,30,0,1
Republic of Armenia,33,Male,75-79 years,30,0,1
Republic of Armenia,33,Male,80-84 years,30,0,1
Republic of Armenia,33,Male,85-89 years,30,0,1
Republic of Armenia,33,Male,90-94 years,30,0,1
Republic of Armenia,33,Male,95+ years,30,0,1
Republic of Armenia,33,Male,<5 years,30,0,1
Republic of Austria,75,Male,10-14 years,30,0,1
Republic of Austria,75,Male,15-19 years,30,0,1
Republic of Austria,75,Male,20-24 years,30,0,1
Republic of Austria,75,Male,25-29 years,30,0,1
Republic of Austria,75,Male,30-34 years,30,0,1
Republic of Austria,75,Male,35-39 years,30,0,1
Republic of Austria,75,Male,40-44 years,30,0,1
Republic of Austria,75,Male,45-49 years,30,0,1
Republic of Austria,75,Male,5-9 years,30,0,1
Republic of Austria,75,Male,50-54 years,30,0,1
Republic of Austria,75,Male,55-59 years,30,0,1
Republic of Austria,75,Male,60-64 years,30,0,1
Republic of Austria,75,Male,65-69 years,30,0,1
Republic of Austria,75,Male,70-74 years,30,0,1
Republic of Austria,75,Male,75-79 years,30,0,1
Republic of Austria,75,Male,80-84 years,30,0,1
Republic of Austria,75,Male,85-89 years,30,0,1
Republic of Austria,75,Male,90-94 years,30,0,1
Republic of Austria,75,Male,95+ years,30,0,1
Republic of Austria,75,Male,<5 years,30,0,1
Republic of Azerbaijan,34,Male,10-14 years,30,0,1
Republic of Azerbaijan,34,Male,15-19 years,30,0,1
Republic of Azerbaijan,34,Male,20-24 years,30,0,1
Republic of Azerbaijan,34,Male,25-29 years,30,0,1
Republic of Azerbaijan,34,Male,30-34 years,30,0,1
Republic of Azerbaijan,34,Male,35-39 years,30,0,1
Republic of Azerbaijan,34,Male,40-44 years,30,0,1
Republic of Azerbaijan,34,Male,45-49 years,30,0,1
Republic of Azerbaijan,34,Male,5-9 years,30,0,1
Republic of Azerbaijan,34,Male,50-54 years,30,0,1
Republic of Azerbaijan,34,Male,55-59 years,30,0,1
Republic of Azerbaijan,34,Male,60-64 years,30,0,1
Republic of Azerbaijan,34,Male,65-69 years,30,0,1
Republic of Azerbaijan,34,Male,70-74 years,30,0,1
Republic of Azerbaijan,34,Male,75-79 years,30,0,1
Republic of Azerbaijan,34,Male,80-84 years,30,0,1
Republic of Azerbaijan,34,Male,85-89 years,30,0,1
Republic of Azerbaijan,34,Male,90-94 years,30,0,1
Republic of Azerbaijan,34,Male,95+ years,30,0,1
Republic of Azerbaijan,34,Male,<5 years,30,0,1
Republic of Belarus,57,Male,10-14 years,30,0,1
Republic of Belarus,57,Male,15-19 years,30,0,1
Republic of Belarus,57,Male,20-24 years,30,0,1
Republic of Belarus,57,Male,25-29 years,30,0,1
Republic of Belarus,57,Male,30-34 years,30,0,1
Republic of Belarus,57,Male,35-39 years,30,0,1
Republic of Belarus,57,Male,40-44 years,30,0,1
Republic of Belarus,57,Male,45-49 years,30,0,1
Republic of Belarus,57,Male,5-9 years,30,0,1
Republic of Belarus,57,Male,50-54 years,30,0,1
Republic of Belarus,57,Male,55-59 years,30,0,1
Republic of Belarus,57,Male,60-64 years,30,0,1
Republic of Belarus,57,Male,65-69 years,30,0,1
Republic of Belarus,57,Male,70-74 years,30,0,1
Republic of Belarus,57,Male,75-79 years,30,0,1
Republic of Belarus,57,Male,80-84 years,30,0,1
Republic of Belarus,57,Male,85-89 years,30,0,1
Republic of Belarus,57,Male,90-94 years,30,0,1
Republic of Belarus,57,Male,95+ years,30,0,1
Republic of Belarus,57,Male,<5 years,30,0,1
Republic of Benin,200,Male,10-14 years,30,0,1
Republic of Benin,200,Male,15-19 years,30,0,1
Republic of Benin,200,Male,20-24 years,30,0,1
Republic of Benin,200,Male,25-29 years,30,0,1
Republic of Benin,200,Male,30-34 years,30,0,1
Republic of Benin,200,Male,35-39 years,30,0,1
Republic of Benin,200,Male,40-44 years,30,0,1
Republic of Benin,200,Male,45-49 years,30,0,1
Republic of Benin,200,Male,5-9 years,30,0,1
Republic of Benin,200,Male,50-54 years,30,0,1
Republic of Benin,200,Male,55-59 years,30,0,1
Republic of Benin,200,Male,60-64 years,30,0,1
Republic of Benin,200,Male,65-69 years,30,0,1
Republic of Benin,200,Male,70-74 years,30,0,1
Republic of Benin,200,Male,75-79 years,30,0,1
Republic of Benin,200,Male,80-84 years,30,0,1
Republic of Benin,200,Male,85-89 years,30,0,1
Republic of Benin,200,Male,90-94 years,30,0,1
Republic of Benin,200,Male,95+ years,30,0,1
Republic of Benin,200,Male,<5 years,30,0,1
Republic of Botswana,193,Male,10-14 years,30,0,1
Republic of Botswana,193,Male,15-19 years,30,0,1
Republic of Botswana,193,Male,20-24 years,30,0,1
Republic of Botswana,193,Male,25-29 years,30,0,1
Republic of Botswana,193,Male,30-34 years,30,0,1
Republic of Botswana,193,Male,35-39 years,30,0,1
Republic of Botswana,193,Male,40-44 years,30,0,1
Republic of Botswana,193,Male,45-49 years,30,0,1
Republic of Botswana,193,Male,5-9 years,30,0,1
Republic of Botswana,193,Male,50-54 years,30,0,1
Republic of Botswana,193,Male,55-59 years,30,0,1
Republic of Botswana,193,Male,60-64 years,30,0,1
Republic of Botswana,193,Male,65-69 years,30,0,1
Republic of Botswana,193,Male,70-74 years,30,0,1
Republic of Botswana,193,Male,75-79 years,30,0,1
Republic of Botswana,193,Male,80-84 years,30,0,1
Republic of Botswana,193,Male,85-89 years,30,0,1
Republic of Botswana,193,Male,90-94 years,30,0,1
Republic of Botswana,193,Male,95+ years,30,0,1
Republic of Botswana,193,Male,<5 years,30,0,1
Republic of Bulgaria,45,Male,10-14 years,30,0,1
Republic of Bulgaria,45,Male,15-19 years,30,0,1
Republic of Bulgaria,45,Male,20-24 years,30,0,1
Republic of Bulgaria,45,Male,25-29 years,30,0,1
Republic of Bulgaria,45,Male,30-34 years,30,0,1
Republic of Bulgaria,45,Male,35-39 years,30,0,1
Republic of Bulgaria,45,Male,40-44 years,30,0,1
Republic of Bulgaria,45,Male,45-49 years,30,0,1
Republic of Bulgaria,45,Male,5-9 years,30,0,1
Republic of Bulgaria,45,Male,50-54 years,30,0,1
Republic of Bulgaria,45,Male,55-59 years,30,0,1
Republic of Bulgaria,45,Male,60-64 years,30,0,1
Republic of Bulgaria,45,Male,65-69 years,30,0,1
Republic of Bulgaria,45,Male,70-74 years,30,0,1
Republic of Bulgaria,45,Male,75-79 years,30,0,1
Republic of Bulgaria,45,Male,80-84 years,30,0,1
Republic of Bulgaria,45,Male,85-89 years,30,0,1
Republic of Bulgaria,45,Male,90-94 years,30,0,1
Republic of Bulgaria,45,Male,95+ years,30,0,1
Republic of Bulgaria,45,Male,<5 years,30,0,1
Republic of Burundi,175,Male,10-14 years,30,0,1
Republic of Burundi,175,Male,15-19 years,30,0,1
Republic of Burundi,175,Male,20-24 years,30,0,1
Republic of Burundi,175,Male,25-29 years,30,0,1
Republic of Burundi,175,Male,30-34 years,30,0,1
Republic of Burundi,175,Male,35-39 years,30,0,1
Republic of Burundi,175,Male,40-44 years,30,0,1
Republic of Burundi,175,Male,45-49 years,30,0,1
Republic of Burundi,175,Male,5-9 years,30,0,1
Republic of Burundi,175,Male,50-54 years,30,0,1
Republic of Burundi,175,Male,55-59 years,30,0,1
Republic of Burundi,175,Male,60-64 years,30,0,1
Republic of Burundi,175,Male,65-69 years,30,0,1
Republic of Burundi,175,Male,70-74 years,30,0,1
Republic of Burundi,175,Male,75-79 years,30,0,1
Republic of Burundi,175,Male,80-84 years,30,0,1
Republic of Burundi,175,Male,85-89 years,30,0,1
Republic of Burundi,175,Male,90-94 years,30,0,1
Republic of Burundi,175,Male,95+ years,30,0,1
Republic of Burundi,175,Male,<5 years,30,0,1
Republic of Côte d'Ivoire,205,Male,10-14 years,30,0,1
Republic of Côte d'Ivoire,205,Male,15-19 years,30,0,1
Republic of Côte d'Ivoire,205,Male,20-24 years,30,0,1
Republic of Côte d'Ivoire,205,Male,25-29 years,30,0,1
Republic of Côte d'Ivoire,205,Male,30-34 years,30,0,1
Republic of Côte d'Ivoire,205,Male,35-39 years,30,0,1
Republic of Côte d'Ivoire,205,Male,40-44 years,30,0,1
Republic of Côte d'Ivoire,205,Male,45-49 years,30,0,1
Republic of Côte d'Ivoire,205,Male,5-9 years,30,0,1
Republic of Côte d'Ivoire,205,Male,50-54 years,30,0,1
Republic of Côte d'Ivoire,205,Male,55-59 years,30,0,1
Republic of Côte d'Ivoire,205,Male,60-64 years,30,0,1
Republic of Côte d'Ivoire,205,Male,65-69 years,30,0,1
Republic of Côte d'Ivoire,205,Male,70-74 years,30,0,1
Republic of Côte d'Ivoire,205,Male,75-79 years,30,0,1
Republic of Côte d'Ivoire,205,Male,80-84 years,30,0,1
Republic of Côte d'Ivoire,205,Male,85-89 years,30,0,1
Republic of Côte d'Ivoire,205,Male,90-94 years,30,0,1
Republic of Côte d'Ivoire,205,Male,95+ years,30,0,1
Republic of Côte d'Ivoire,205,Male,<5 years,30,0,1
Republic of Cabo Verde,203,Male,10-14 years,30,0,1
Republic of Cabo Verde,203,Male,15-19 years,30,0,1
Republic of Cabo Verde,203,Male,20-24 years,30,0,1
Republic of Cabo Verde,203,Male,25-29 years,30,0,1
Republic of Cabo Verde,203,Male,30-34 years,30,0,1
Republic of Cabo Verde,203,Male,35-39 years,30,0,1
Republic of Cabo Verde,203,Male,40-44 years,30,0,1
Republic of Cabo Verde,203,Male,45-49 years,30,0,1
Republic of Cabo Verde,203,Male,5-9 years,30,0,1
Republic of Cabo Verde,203,Male,50-54 years,30,0,1
Republic of Cabo Verde,203,Male,55-59 years,30,0,1
Republic of Cabo Verde,203,Male,60-64 years,30,0,1
Republic of Cabo Verde,203,Male,65-69 years,30,0,1
Republic of Cabo Verde,203,Male,70-74 years,30,0,1
Republic of Cabo Verde,203,Male,75-79 years,30,0,1
Republic of Cabo Verde,203,Male,80-84 years,30,0,1
Republic of Cabo Verde,203,Male,85-89 years,30,0,1
Republic of Cabo Verde,203,Male,90-94 years,30,0,1
Republic of Cabo Verde,203,Male,95+ years,30,0,1
Republic of Cabo Verde,203,Male,<5 years,30,0,1
Republic of Cameroon,202,Male,10-14 years,30,0,1
Republic of Cameroon,202,Male,15-19 years,30,0,1
Republic of Cameroon,202,Male,20-24 years,30,0,1
Republic of Cameroon,202,Male,25-29 years,30,0,1
Republic of Cameroon,202,Male,30-34 years,30,0,1
Republic of Cameroon,202,Male,35-39 years,30,0,1
Republic of Cameroon,202,Male,40-44 years,30,0,1
Republic of Cameroon,202,Male,45-49 years,30,0,1
Republic of Cameroon,202,Male,5-9 years,30,0,1
Republic of Cameroon,202,Male,50-54 years,30,0,1
Republic of Cameroon,202,Male,55-59 years,30,0,1
Republic of Cameroon,202,Male,60-64 years,30,0,1
Republic of Cameroon,202,Male,65-69 years,30,0,1
Republic of Cameroon,202,Male,70-74 years,30,0,1
Republic of Cameroon,202,Male,75-79 years,30,0,1
Republic of Cameroon,202,Male,80-84 years,30,0,1
Republic of Cameroon,202,Male,85-89 years,30,0,1
Republic of Cameroon,202,Male,90-94 years,30,0,1
Republic of Cameroon,202,Male,95+ years,30,0,1
Republic of Cameroon,202,Male,<5 years,30,0,1
Republic of Chad,204,Male,10-14 years,30,0,1
Republic of Chad,204,Male,15-19 years,30,0,1
Republic of Chad,204,Male,20-24 years,30,0,1
Republic of Chad,204,Male,25-29 years,30,0,1
Republic of Chad,204,Male,30-34 years,30,0,1
Republic of Chad,204,Male,35-39 years,30,0,1
Republic of Chad,204,Male,40-44 years,30,0,1
Republic of Chad,204,Male,45-49 years,30,0,1
Republic of Chad,204,Male,5-9 years,30,0,1
Republic of Chad,204,Male,50-54 years,30,0,1
Republic of Chad,204,Male,55-59 years,30,0,1
Republic of Chad,204,Male,60-64 years,30,0,1
Republic of Chad,204,Male,65-69 years,30,0,1
Republic of Chad,204,Male,70-74 years,30,0,1
Republic of Chad,204,Male,75-79 years,30,0,1
Republic of Chad,204,Male,80-84 years,30,0,1
Republic of Chad,204,Male,85-89 years,30,0,1
Republic of Chad,204,Male,90-94 years,30,0,1
Republic of Chad,204,Male,95+ years,30,0,1
Republic of Chad,204,Male,<5 years,30,0,1
Republic of Chile,98,Male,10-14 years,30,0,1
Republic of Chile,98,Male,15-19 years,30,0,1
Republic of Chile,98,Male,20-24 years,30,0,1
Republic of Chile,98,Male,25-29 years,30,0,1
Republic of Chile,98,Male,30-34 years,30,0,1
Republic of Chile,98,Male,35-39 years,30,0,1
Republic of Chile,98,Male,40-44 years,30,0,1
Republic of Chile,98,Male,45-49 years,30,0,1
Republic of Chile,98,Male,5-9 years,30,0,1
Republic of Chile,98,Male,50-54 years,30,0,1
Republic of Chile,98,Male,55-59 years,30,0,1
Republic of Chile,98,Male,60-64 years,30,0,1
Republic of Chile,98,Male,65-69 years,30,0,1
Republic of Chile,98,Male,70-74 years,30,0,1
Republic of Chile,98,Male,75-79 years,30,0,1
Republic of Chile,98,Male,80-84 years,30,0,1
Republic of Chile,98,Male,85-89 years,30,0,1
Republic of Chile,98,Male,90-94 years,30,0,1
Republic of Chile,98,Male,95+ years,30,0,1
Republic of Chile,98,Male,<5 years,30,0,1
Republic of Colombia,125,Male,10-14 years,30,0,1
Republic of Colombia,125,Male,15-19 years,30,0,1
Republic of Colombia,125,Male,20-24 years,30,0,1
Republic of Colombia,125,Male,25-29 years,30,0,1
Republic of Colombia,125,Male,30-34 years,30,0,1
Republic of Colombia,125,Male,35-39 years,30,0,1
Republic of Colombia,125,Male,40-44 years,30,0,1
Republic of Colombia,125,Male,45-49 years,30,0,1
Republic of Colombia,125,Male,5-9 years,30,0,1
Republic of Colombia,125,Male,50-54 years,30,0,1
Republic of Colombia,125,Male,55-59 years,30,0,1
Republic of Colombia,125,Male,60-64 years,30,0,1
Republic of Colombia,125,Male,65-69 years,30,0,1
Republic of Colombia,125,Male,70-74 years,30,0,1
Republic of Colombia,125,Male,75-79 years,30,0,1
Republic of Colombia,125,Male,80-84 years,30,0,1
Republic of Colombia,125,Male,85-89 years,30,0,1
Republic of Colombia,125,Male,90-94 years,30,0,1
Republic of Colombia,125,Male,95+ years,30,0,1
Republic of Colombia,125,Male,<5 years,30,0,1
Republic of Costa Rica,126,Male,10-14 years,30,0,1
Republic of Costa Rica,126,Male,15-19 years,30,0,1
Republic of Costa Rica,126,Male,20-24 years,30,0,1
Republic of Costa Rica,126,Male,25-29 years,30,0,1
Republic of Costa Rica,126,Male,30-34 years,30,0,1
Republic of Costa Rica,126,Male,35-39 years,30,0,1
Republic of Costa Rica,126,Male,40-44 years,30,0,1
Republic of Costa Rica,126,Male,45-49 years,30,0,1
Republic of Costa Rica,126,Male,5-9 years,30,0,1
Republic of Costa Rica,126,Male,50-54 years,30,0,1
Republic of Costa Rica,126,Male,55-59 years,30,0,1
Republic of Costa Rica,126,Male,60-64 years,30,0,1
Republic of Costa Rica,126,Male,65-69 years,30,0,1
Republic of Costa Rica,126,Male,70-74 years,30,0,1
Republic of Costa Rica,126,Male,75-79 years,30,0,1
Republic of Costa Rica,126,Male,80-84 years,30,0,1
Republic of Costa Rica,126,Male,85-89 years,30,0,1
Republic of Costa Rica,126,Male,90-94 years,30,0,1
Republic of Costa Rica,126,Male,95+ years,30,0,1
Republic of Costa Rica,126,Male,<5 years,30,0,1
Republic of Croatia,46,Male,10-14 years,30,0,1
Republic of Croatia,46,Male,15-19 years,30,0,1
Republic of Croatia,46,Male,20-24 years,30,0,1
Republic of Croatia,46,Male,25-29 years,30,0,1
Republic of Croatia,46,Male,30-34 years,30,0,1
Republic of Croatia,46,Male,35-39 years,30,0,1
Republic of Croatia,46,Male,40-44 years,30,0,1
Republic of Croatia,46,Male,45-49 years,30,0,1
Republic of Croatia,46,Male,5-9 years,30,0,1
Republic of Croatia,46,Male,50-54 years,30,0,1
Republic of Croatia,46,Male,55-59 years,30,0,1
Republic of Croatia,46,Male,60-64 years,30,0,1
Republic of Croatia,46,Male,65-69 years,30,0,1
Republic of Croatia,46,Male,70-74 years,30,0,1
Republic of Croatia,46,Male,75-79 years,30,0,1
Republic of Croatia,46,Male,80-84 years,30,0,1
Republic of Croatia,46,Male,85-89 years,30,0,1
Republic of Croatia,46,Male,90-94 years,30,0,1
Republic of Croatia,46,Male,95+ years,30,0,1
Republic of Croatia,46,Male,<5 years,30,0,1
Republic of Cuba,109,Male,10-14 years,30,0,1
Republic of Cuba,109,Male,15-19 years,30,0,1
Republic of Cuba,109,Male,20-24 years,30,0,1
Republic of Cuba,109,Male,25-29 years,30,0,1
Republic of Cuba,109,Male,30-34 years,30,0,1
Republic of Cuba,109,Male,35-39 years,30,0,1
Republic of Cuba,109,Male,40-44 years,30,0,1
Republic of Cuba,109,Male,45-49 years,30,0,1
Republic of Cuba,109,Male,5-9 years,30,0,1
Republic of Cuba,109,Male,50-54 years,30,0,1
Republic of Cuba,109,Male,55-59 years,30,0,1
Republic of Cuba,109,Male,60-64 years,30,0,1
Republic of Cuba,109,Male,65-69 years,30,0,1
Republic of Cuba,109,Male,70-74 years,30,0,1
Republic of Cuba,109,Male,75-79 years,30,0,1
Republic of Cuba,109,Male,80-84 years,30,0,1
Republic of Cuba,109,Male,85-89 years,30,0,1
Republic of Cuba,109,Male,90-94 years,30,0,1
Republic of Cuba,109,Male,95+ years,30,0,1
Republic of Cuba,109,Male,<5 years,30,0,1
Republic of Cyprus,77,Male,10-14 years,30,0,1
Republic of Cyprus,77,Male,15-19 years,30,0,1
Republic of Cyprus,77,Male,20-24 years,30,0,1
Republic of Cyprus,77,Male,25-29 years,30,0,1
Republic of Cyprus,77,Male,30-34 years,30,0,1
Republic of Cyprus,77,Male,35-39 years,30,0,1
Republic of Cyprus,77,Male,40-44 years,30,0,1
Republic of Cyprus,77,Male,45-49 years,30,0,1
Republic of Cyprus,77,Male,5-9 years,30,0,1
Republic of Cyprus,77,Male,50-54 years,30,0,1
Republic of Cyprus,77,Male,55-59 years,30,0,1
Republic of Cyprus,77,Male,60-64 years,30,0,1
Republic of Cyprus,77,Male,65-69 years,30,0,1
Republic of Cyprus,77,Male,70-74 years,30,0,1
Republic of Cyprus,77,Male,75-79 years,30,0,1
Republic of Cyprus,77,Male,80-84 years,30,0,1
Republic of Cyprus,77,Male,85-89 years,30,0,1
Republic of Cyprus,77,Male,90-94 years,30,0,1
Republic of Cyprus,77,Male,95+ years,30,0,1
Republic of Cyprus,77,Male,<5 years,30,0,1
Republic of Djibouti,177,Male,10-14 years,30,0,1
Republic of Djibouti,177,Male,15-19 years,30,0,1
Republic of Djibouti,177,Male,20-24 years,30,0,1
Republic of Djibouti,177,Male,25-29 years,30,0,1
Republic of Djibouti,177,Male,30-34 years,30,0,1
Republic of Djibouti,177,Male,35-39 years,30,0,1
Republic of Djibouti,177,Male,40-44 years,30,0,1
Republic of Djibouti,177,Male,45-49 years,30,0,1
Republic of Djibouti,177,Male,5-9 years,30,0,1
Republic of Djibouti,177,Male,50-54 years,30,0,1
Republic of Djibouti,177,Male,55-59 years,30,0,1
Republic of Djibouti,177,Male,60-64 years,30,0,1
Republic of Djibouti,177,Male,65-69 years,30,0,1
Republic of Djibouti,177,Male,70-74 years,30,0,1
Republic of Djibouti,177,Male,75-79 years,30,0,1
Republic of Djibouti,177,Male,80-84 years,30,0,1
Republic of Djibouti,177,Male,85-89 years,30,0,1
Republic of Djibouti,177,Male,90-94 years,30,0,1
Republic of Djibouti,177,Male,95+ years,30,0,1
Republic of Djibouti,177,Male,<5 years,30,0,1
Republic of Ecuador,122,Male,10-14 years,30,0,1
Republic of Ecuador,122,Male,15-19 years,30,0,1
Republic of Ecuador,122,Male,20-24 years,30,0,1
Republic of Ecuador,122,Male,25-29 years,30,0,1
Republic of Ecuador,122,Male,30-34 years,30,0,1
Republic of Ecuador,122,Male,35-39 years,30,0,1
Republic of Ecuador,122,Male,40-44 years,30,0,1
Republic of Ecuador,122,Male,45-49 years,30,0,1
Republic of Ecuador,122,Male,5-9 years,30,0,1
Republic of Ecuador,122,Male,50-54 years,30,0,1
Republic of Ecuador,122,Male,55-59 years,30,0,1
Republic of Ecuador,122,Male,60-64 years,30,0,1
Republic of Ecuador,122,Male,65-69 years,30,0,1
Republic of Ecuador,122,Male,70-74 years,30,0,1
Republic of Ecuador,122,Male,75-79 years,30,0,1
Republic of Ecuador,122,Male,80-84 years,30,0,1
Republic of Ecuador,122,Male,85-89 years,30,0,1
Republic of Ecuador,122,Male,90-94 years,30,0,1
Republic of Ecuador,122,Male,95+ years,30,0,1
Republic of Ecuador,122,Male,<5 years,30,0,1
Republic of El Salvador,127,Male,10-14 years,30,0,1
Republic of El Salvador,127,Male,15-19 years,30,0,1
Republic of El Salvador,127,Male,20-24 years,30,0,1
Republic of El Salvador,127,Male,25-29 years,30,0,1
Republic of El Salvador,127,Male,30-34 years,30,0,1
Republic of El Salvador,127,Male,35-39 years,30,0,1
Republic of El Salvador,127,Male,40-44 years,30,0,1
Republic of El Salvador,127,Male,45-49 years,30,0,1
Republic of El Salvador,127,Male,5-9 years,30,0,1
Republic of El Salvador,127,Male,50-54 years,30,0,1
Republic of El Salvador,127,Male,55-59 years,30,0,1
Republic of El Salvador,127,Male,60-64 years,30,0,1
Republic of El Salvador,127,Male,65-69 years,30,0,1
Republic of El Salvador,127,Male,70-74 years,30,0,1
Republic of El Salvador,127,Male,75-79 years,30,0,1
Republic of El Salvador,127,Male,80-84 years,30,0,1
Republic of El Salvador,127,Male,85-89 years,30,0,1
Republic of El Salvador,127,Male,90-94 years,30,0,1
Republic of El Salvador,127,Male,95+ years,30,0,1
Republic of El Salvador,127,Male,<5 years,30,0,1
Republic of Equatorial Guinea,172,Male,10-14 years,30,0,1
Republic of Equatorial Guinea,172,Male,15-19 years,30,0,1
Republic of Equatorial Guinea,172,Male,20-24 years,30,0,1
Republic of Equatorial Guinea,172,Male,25-29 years,30,0,1
Republic of Equatorial Guinea,172,Male,30-34 years,30,0,1
Republic of Equatorial Guinea,172,Male,35-39 years,30,0,1
Republic of Equatorial Guinea,172,Male,40-44 years,30,0,1
Republic of Equatorial Guinea,172,Male,45-49 years,30,0,1
Republic of Equatorial Guinea,172,Male,5-9 years,30,0,1
Republic of Equatorial Guinea,172,Male,50-54 years,30,0,1
Republic of Equatorial Guinea,172,Male,55-59 years,30,0,1
Republic of Equatorial Guinea,172,Male,60-64 years,30,0,1
Republic of Equatorial Guinea,172,Male,65-69 years,30,0,1
Republic of Equatorial Guinea,172,Male,70-74 years,30,0,1
Republic of Equatorial Guinea,172,Male,75-79 years,30,0,1
Republic of Equatorial Guinea,172,Male,80-84 years,30,0,1
Republic of Equatorial Guinea,172,Male,85-89 years,30,0,1
Republic of Equatorial Guinea,172,Male,90-94 years,30,0,1
Republic of Equatorial Guinea,172,Male,95+ years,30,0,1
Republic of Equatorial Guinea,172,Male,<5 years,30,0,1
Republic of Estonia,58,Male,10-14 years,30,0,1
Republic of Estonia,58,Male,15-19 years,30,0,1
Republic of Estonia,58,Male,20-24 years,30,0,1
Republic of Estonia,58,Male,25-29 years,30,0,1
Republic of Estonia,58,Male,30-34 years,30,0,1
Republic of Estonia,58,Male,35-39 years,30,0,1
Republic of Estonia,58,Male,40-44 years,30,0,1
Republic of Estonia,58,Male,45-49 years,30,0,1
Republic of Estonia,58,Male,5-9 years,30,0,1
Republic of Estonia,58,Male,50-54 years,30,0,1
Republic of Estonia,58,Male,55-59 years,30,0,1
Republic of Estonia,58,Male,60-64 years,30,0,1
Republic of Estonia,58,Male,65-69 years,30,0,1
Republic of Estonia,58,Male,70-74 years,30,0,1
Republic of Estonia,58,Male,75-79 years,30,0,1
Republic of Estonia,58,Male,80-84 years,30,0,1
Republic of Estonia,58,Male,85-89 years,30,0,1
Republic of Estonia,58,Male,90-94 years,30,0,1
Republic of Estonia,58,Male,95+ years,30,0,1
Republic of Estonia,58,Male,<5 years,30,0,1
Republic of Fiji,22,Male,10-14 years,30,0,1
Republic of Fiji,22,Male,15-19 years,30,0,1
Republic of Fiji,22,Male,20-24 years,30,0,1
Republic of Fiji,22,Male,25-29 years,30,0,1
Republic of Fiji,22,Male,30-34 years,30,0,1
Republic of Fiji,22,Male,35-39 years,30,0,1
Republic of Fiji,22,Male,40-44 years,30,0,1
Republic of Fiji,22,Male,45-49 years,30,0,1
Republic of Fiji,22,Male,5-9 years,30,0,1
Republic of Fiji,22,Male,50-54 years,30,0,1
Republic of Fiji,22,Male,55-59 years,30,0,1
Republic of Fiji,22,Male,60-64 years,30,0,1
Republic of Fiji,22,Male,65-69 years,30,0,1
Republic of Fiji,22,Male,70-74 years,30,0,1
Republic of Fiji,22,Male,75-79 years,30,0,1
Republic of Fiji,22,Male,80-84 years,30,0,1
Republic of Fiji,22,Male,85-89 years,30,0,1
Republic of Fiji,22,Male,90-94 years,30,0,1
Republic of Fiji,22,Male,95+ years,30,0,1
Republic of Fiji,22,Male,<5 years,30,0,1
Republic of Finland,79,Male,10-14 years,30,0,1
Republic of Finland,79,Male,15-19 years,30,0,1
Republic of Finland,79,Male,20-24 years,30,0,1
Republic of Finland,79,Male,25-29 years,30,0,1
Republic of Finland,79,Male,30-34 years,30,0,1
Republic of Finland,79,Male,35-39 years,30,0,1
Republic of Finland,79,Male,40-44 years,30,0,1
Republic of Finland,79,Male,45-49 years,30,0,1
Republic of Finland,79,Male,5-9 years,30,0,1
Republic of Finland,79,Male,50-54 years,30,0,1
Republic of Finland,79,Male,55-59 years,30,0,1
Republic of Finland,79,Male,60-64 years,30,0,1
Republic of Finland,79,Male,65-69 years,30,0,1
Republic of Finland,79,Male,70-74 years,30,0,1
Republic of Finland,79,Male,75-79 years,30,0,1
Republic of Finland,79,Male,80-84 years,30,0,1
Republic of Finland,79,Male,85-89 years,30,0,1
Republic of Finland,79,Male,90-94 years,30,0,1
Republic of Finland,79,Male,95+ years,30,0,1
Republic of Finland,79,Male,<5 years,30,0,1
Republic of Ghana,207,Male,10-14 years,30,0,1
Republic of Ghana,207,Male,15-19 years,30,0,1
Republic of Ghana,207,Male,20-24 years,30,0,1
Republic of Ghana,207,Male,25-29 years,30,0,1
Republic of Ghana,207,Male,30-34 years,30,0,1
Republic of Ghana,207,Male,35-39 years,30,0,1
Republic of Ghana,207,Male,40-44 years,30,0,1
Republic of Ghana,207,Male,45-49 years,30,0,1
Republic of Ghana,207,Male,5-9 years,30,0,1
Republic of Ghana,207,Male,50-54 years,30,0,1
Republic of Ghana,207,Male,55-59 years,30,0,1
Republic of Ghana,207,Male,60-64 years,30,0,1
Republic of Ghana,207,Male,65-69 years,30,0,1
Republic of Ghana,207,Male,70-74 years,30,0,1
Republic of Ghana,207,Male,75-79 years,30,0,1
Republic of Ghana,207,Male,80-84 years,30,0,1
Republic of Ghana,207,Male,85-89 years,30,0,1
Republic of Ghana,207,Male,90-94 years,30,0,1
Republic of Ghana,207,Male,95+ years,30,0,1
Republic of Ghana,207,Male,<5 years,30,0,1
Republic of Guatemala,128,Male,10-14 years,30,0,1
Republic of Guatemala,128,Male,15-19 years,30,0,1
Republic of Guatemala,128,Male,20-24 years,30,0,1
Republic of Guatemala,128,Male,25-29 years,30,0,1
Republic of Guatemala,128,Male,30-34 years,30,0,1
Republic of Guatemala,128,Male,35-39 years,30,0,1
Republic of Guatemala,128,Male,40-44 years,30,0,1
Republic of Guatemala,128,Male,45-49 years,30,0,1
Republic of Guatemala,128,Male,5-9 years,30,0,1
Republic of Guatemala,128,Male,50-54 years,30,0,1
Republic of Guatemala,128,Male,55-59 years,30,0,1
Republic of Guatemala,128,Male,60-64 years,30,0,1
Republic of Guatemala,128,Male,65-69 years,30,0,1
Republic of Guatemala,128,Male,70-74 years,30,0,1
Republic of Guatemala,128,Male,75-79 years,30,0,1
Republic of Guatemala,128,Male,80-84 years,30,0,1
Republic of Guatemala,128,Male,85-89 years,30,0,1
Republic of Guatemala,128,Male,90-94 years,30,0,1
Republic of Guatemala,128,Male,95+ years,30,0,1
Republic of Guatemala,128,Male,<5 years,30,0,1
Republic of Guinea,208,Male,10-14 years,30,0,1
Republic of Guinea,208,Male,15-19 years,30,0,1
Republic of Guinea,208,Male,20-24 years,30,0,1
Republic of Guinea,208,Male,25-29 years,30,0,1
Republic of Guinea,208,Male,30-34 years,30,0,1
Republic of Guinea,208,Male,35-39 years,30,0,1
Republic of Guinea,208,Male,40-44 years,30,0,1
Republic of Guinea,208,Male,45-49 years,30,0,1
Republic of Guinea,208,Male,5-9 years,30,0,1
Republic of Guinea,208,Male,50-54 years,30,0,1
Republic of Guinea,208,Male,55-59 years,30,0,1
Republic of Guinea,208,Male,60-64 years,30,0,1
Republic of Guinea,208,Male,65-69 years,30,0,1
Republic of Guinea,208,Male,70-74 years,30,0,1
Republic of Guinea,208,Male,75-79 years,30,0,1
Republic of Guinea,208,Male,80-84 years,30,0,1
Republic of Guinea,208,Male,85-89 years,30,0,1
Republic of Guinea,208,Male,90-94 years,30,0,1
Republic of Guinea,208,Male,95+ years,30,0,1
Republic of Guinea,208,Male,<5 years,30,0,1
Republic of Guinea-Bissau,209,Male,10-14 years,30,0,1
Republic of Guinea-Bissau,209,Male,15-19 years,30,0,1
Republic of Guinea-Bissau,209,Male,20-24 years,30,0,1
Republic of Guinea-Bissau,209,Male,25-29 years,30,0,1
Republic of Guinea-Bissau,209,Male,30-34 years,30,0,1
Republic of Guinea-Bissau,209,Male,35-39 years,30,0,1
Republic of Guinea-Bissau,209,Male,40-44 years,30,0,1
Republic of Guinea-Bissau,209,Male,45-49 years,30,0,1
Republic of Guinea-Bissau,209,Male,5-9 years,30,0,1
Republic of Guinea-Bissau,209,Male,50-54 years,30,0,1
Republic of Guinea-Bissau,209,Male,55-59 years,30,0,1
Republic of Guinea-Bissau,209,Male,60-64 years,30,0,1
Republic of Guinea-Bissau,209,Male,65-69 years,30,0,1
Republic of Guinea-Bissau,209,Male,70-74 years,30,0,1
Republic of Guinea-Bissau,209,Male,75-79 years,30,0,1
Republic of Guinea-Bissau,209,Male,80-84 years,30,0,1
Republic of Guinea-Bissau,209,Male,85-89 years,30,0,1
Republic of Guinea-Bissau,209,Male,90-94 years,30,0,1
Republic of Guinea-Bissau,209,Male,95+ years,30,0,1
Republic of Guinea-Bissau,209,Male,<5 years,30,0,1
Republic of Guyana,113,Male,10-14 years,30,0,1
Republic of Guyana,113,Male,15-19 years,30,0,1
Republic of Guyana,113,Male,20-24 years,30,0,1
Republic of Guyana,113,Male,25-29 years,30,0,1
Republic of Guyana,113,Male,30-34 years,30,0,1
Republic of Guyana,113,Male,35-39 years,30,0,1
Republic of Guyana,113,Male,40-44 years,30,0,1
Republic of Guyana,113,Male,45-49 years,30,0,1
Republic of Guyana,113,Male,5-9 years,30,0,1
Republic of Guyana,113,Male,50-54 years,30,0,1
Republic of Guyana,113,Male,55-59 years,30,0,1
Republic of Guyana,113,Male,60-64 years,30,0,1
Republic of Guyana,113,Male,65-69 years,30,0,1
Republic of Guyana,113,Male,70-74 years,30,0,1
Republic of Guyana,113,Male,75-79 years,30,0,1
Republic of Guyana,113,Male,80-84 years,30,0,1
Republic of Guyana,113,Male,85-89 years,30,0,1
Republic of Guyana,113,Male,90-94 years,30,0,1
Republic of Guyana,113,Male,95+ years,30,0,1
Republic of Guyana,113,Male,<5 years,30,0,1
Republic of Haiti,114,Male,10-14 years,30,0,1
Republic of Haiti,114,Male,15-19 years,30,0,1
Republic of Haiti,114,Male,20-24 years,30,0,1
Republic of Haiti,114,Male,25-29 years,30,0,1
Republic of Haiti,114,Male,30-34 years,30,0,1
Republic of Haiti,114,Male,35-39 years,30,0,1
Republic of Haiti,114,Male,40-44 years,30,0,1
Republic of Haiti,114,Male,45-49 years,30,0,1
Republic of Haiti,114,Male,5-9 years,30,0,1
Republic of Haiti,114,Male,50-54 years,30,0,1
Republic of Haiti,114,Male,55-59 years,30,0,1
Republic of Haiti,114,Male,60-64 years,30,0,1
Republic of Haiti,114,Male,65-69 years,30,0,1
Republic of Haiti,114,Male,70-74 years,30,0,1
Republic of Haiti,114,Male,75-79 years,30,0,1
Republic of Haiti,114,Male,80-84 years,30,0,1
Republic of Haiti,114,Male,85-89 years,30,0,1
Republic of Haiti,114,Male,90-94 years,30,0,1
Republic of Haiti,114,Male,95+ years,30,0,1
Republic of Haiti,114,Male,<5 years,30,0,1
Republic of Honduras,129,Male,10-14 years,30,0,1
Republic of Honduras,129,Male,15-19 years,30,0,1
Republic of Honduras,129,Male,20-24 years,30,0,1
Republic of Honduras,129,Male,25-29 years,30,0,1
Republic of Honduras,129,Male,30-34 years,30,0,1
Republic of Honduras,129,Male,35-39 years,30,0,1
Republic of Honduras,129,Male,40-44 years,30,0,1
Republic of Honduras,129,Male,45-49 years,30,0,1
Republic of Honduras,129,Male,5-9 years,30,0,1
Republic of Honduras,129,Male,50-54 years,30,0,1
Republic of Honduras,129,Male,55-59 years,30,0,1
Republic of Honduras,129,Male,60-64 years,30,0,1
Republic of Honduras,129,Male,65-69 years,30,0,1
Republic of Honduras,129,Male,70-74 years,30,0,1
Republic of Honduras,129,Male,75-79 years,30,0,1
Republic of Honduras,129,Male,80-84 years,30,0,1
Republic of Honduras,129,Male,85-89 years,30,0,1
Republic of Honduras,129,Male,90-94 years,30,0,1
Republic of Honduras,129,Male,95+ years,30,0,1
Republic of Honduras,129,Male,<5 years,30,0,1
Republic of Iceland,83,Male,10-14 years,30,0,1
Republic of Iceland,83,Male,15-19 years,30,0,1
Republic of Iceland,83,Male,20-24 years,30,0,1
Republic of Iceland,83,Male,25-29 years,30,0,1
Republic of Iceland,83,Male,30-34 years,30,0,1
Republic of Iceland,83,Male,35-39 years,30,0,1
Republic of Iceland,83,Male,40-44 years,30,0,1
Republic of Iceland,83,Male,45-49 years,30,0,1
Republic of Iceland,83,Male,5-9 years,30,0,1
Republic of Iceland,83,Male,50-54 years,30,0,1
Republic of Iceland,83,Male,55-59 years,30,0,1
Republic of Iceland,83,Male,60-64 years,30,0,1
Republic of Iceland,83,Male,65-69 years,30,0,1
Republic of Iceland,83,Male,70-74 years,30,0,1
Republic of Iceland,83,Male,75-79 years,30,0,1
Republic of Iceland,83,Male,80-84 years,30,0,1
Republic of Iceland,83,Male,85-89 years,30,0,1
Republic of Iceland,83,Male,90-94 years,30,0,1
Republic of Iceland,83,Male,95+ years,30,0,1
Republic of Iceland,83,Male,<5 years,30,0,1
Republic of India,163,Male,10-14 years,30,0,1
Republic of India,163,Male,15-19 years,30,0,1
Republic of India,163,Male,20-24 years,30,0,1
Republic of India,163,Male,25-29 years,30,0,1
Republic of India,163,Male,30-34 years,30,0,1
Republic of India,163,Male,35-39 years,30,0,1
Republic of India,163,Male,40-44 years,30,0,1
Republic of India,163,Male,45-49 years,30,0,1
Republic of India,163,Male,5-9 years,30,0,1
Republic of India,163,Male,50-54 years,30,0,1
Republic of India,163,Male,55-59 years,30,0,1
Republic of India,163,Male,60-64 years,30,0,1
Republic of India,163,Male,65-69 years,30,0,1
Republic of India,163,Male,70-74 years,30,0,1
Republic of India,163,Male,75-79 years,30,0,1
Republic of India,163,Male,80-84 years,30,0,1
Republic of India,163,Male,85-89 years,30,0,1
Republic of India,163,Male,90-94 years,30,0,1
Republic of India,163,Male,95+ years,30,0,1
Republic of India,163,Male,<5 years,30,0,1
Republic of Indonesia,11,Male,10-14 years,30,0,1
Republic of Indonesia,11,Male,15-19 years,30,0,1
Republic of Indonesia,11,Male,20-24 years,30,0,1
Republic of Indonesia,11,Male,25-29 years,30,0,1
Republic of Indonesia,11,Male,30-34 years,30,0,1
Republic of Indonesia,11,Male,35-39 years,30,0,1
Republic of Indonesia,11,Male,40-44 years,30,0,1
Republic of Indonesia,11,Male,45-49 years,30,0,1
Republic of Indonesia,11,Male,5-9 years,30,0,1
Republic of Indonesia,11,Male,50-54 years,30,0,1
Republic of Indonesia,11,Male,55-59 years,30,0,1
Republic of Indonesia,11,Male,60-64 years,30,0,1
Republic of Indonesia,11,Male,65-69 years,30,0,1
Republic of Indonesia,11,Male,70-74 years,30,0,1
Republic of Indonesia,11,Male,75-79 years,30,0,1
Republic of Indonesia,11,Male,80-84 years,30,0,1
Republic of Indonesia,11,Male,85-89 years,30,0,1
Republic of Indonesia,11,Male,90-94 years,30,0,1
Republic of Indonesia,11,Male,95+ years,30,0,1
Republic of Indonesia,11,Male,<5 years,30,0,1
Republic of Iraq,143,Male,10-14 years,30,0,1
Republic of Iraq,143,Male,15-19 years,30,0,1
Republic of Iraq,143,Male,20-24 years,30,0,1
Republic of Iraq,143,Male,25-29 years,30,0,1
Republic of Iraq,143,Male,30-34 years,30,0,1
Republic of Iraq,143,Male,35-39 years,30,0,1
Republic of Iraq,143,Male,40-44 years,30,0,1
Republic of Iraq,143,Male,45-49 years,30,0,1
Republic of Iraq,143,Male,5-9 years,30,0,1
Republic of Iraq,143,Male,50-54 years,30,0,1
Republic of Iraq,143,Male,55-59 years,30,0,1
Republic of Iraq,143,Male,60-64 years,30,0,1
Republic of Iraq,143,Male,65-69 years,30,0,1
Republic of Iraq,143,Male,70-74 years,30,0,1
Republic of Iraq,143,Male,75-79 years,30,0,1
Republic of Iraq,143,Male,80-84 years,30,0,1
Republic of Iraq,143,Male,85-89 years,30,0,1
Republic of Iraq,143,Male,90-94 years,30,0,1
Republic of Iraq,143,Male,95+ years,30,0,1
Republic of Iraq,143,Male,<5 years,30,0,1
Republic of Italy,86,Male,10-14 years,30,0,1
Republic of Italy,86,Male,15-19 years,30,0,1
Republic of Italy,86,Male,20-24 years,30,0,1
Republic of Italy,86,Male,25-29 years,30,0,1
Republic of Italy,86,Male,30-34 years,30,0,1
Republic of Italy,86,Male,35-39 years,30,0,1
Republic of Italy,86,Male,40-44 years,30,0,1
Republic of Italy,86,Male,45-49 years,30,0,1
Republic of Italy,86,Male,5-9 years,30,0,1
Republic of Italy,86,Male,50-54 years,30,0,1
Republic of Italy,86,Male,55-59 years,30,0,1
Republic of Italy,86,Male,60-64 years,30,0,1
Republic of Italy,86,Male,65-69 years,30,0,1
Republic of Italy,86,Male,70-74 years,30,0,1
Republic of Italy,86,Male,75-79 years,30,0,1
Republic of Italy,86,Male,80-84 years,30,0,1
Republic of Italy,86,Male,85-89 years,30,0,1
Republic of Italy,86,Male,90-94 years,30,0,1
Republic of Italy,86,Male,95+ years,30,0,1
Republic of Italy,86,Male,<5 years,30,0,1
Republic of Kazakhstan,36,Male,10-14 years,30,0,1
Republic of Kazakhstan,36,Male,15-19 years,30,0,1
Republic of Kazakhstan,36,Male,20-24 years,30,0,1
Republic of Kazakhstan,36,Male,25-29 years,30,0,1
Republic of Kazakhstan,36,Male,30-34 years,30,0,1
Republic of Kazakhstan,36,Male,35-39 years,30,0,1
Republic of Kazakhstan,36,Male,40-44 years,30,0,1
Republic of Kazakhstan,36,Male,45-49 years,30,0,1
Republic of Kazakhstan,36,Male,5-9 years,30,0,1
Republic of Kazakhstan,36,Male,50-54 years,30,0,1
Republic of Kazakhstan,36,Male,55-59 years,30,0,1
Republic of Kazakhstan,36,Male,60-64 years,30,0,1
Republic of Kazakhstan,36,Male,65-69 years,30,0,1
Republic of Kazakhstan,36,Male,70-74 years,30,0,1
Republic of Kazakhstan,36,Male,75-79 years,30,0,1
Republic of Kazakhstan,36,Male,80-84 years,30,0,1
Republic of Kazakhstan,36,Male,85-89 years,30,0,1
Republic of Kazakhstan,36,Male,90-94 years,30,0,1
Republic of Kazakhstan,36,Male,95+ years,30,0,1
Republic of Kazakhstan,36,Male,<5 years,30,0,1
Republic of Kenya,180,Male,10-14 years,30,0,1
Republic of Kenya,180,Male,15-19 years,30,0,1
Republic of Kenya,180,Male,20-24 years,30,0,1
Republic of Kenya,180,Male,25-29 years,30,0,1
Republic of Kenya,180,Male,30-34 years,30,0,1
Republic of Kenya,180,Male,35-39 years,30,0,1
Republic of Kenya,180,Male,40-44 years,30,0,1
Republic of Kenya,180,Male,45-49 years,30,0,1
Republic of Kenya,180,Male,5-9 years,30,0,1
Republic of Kenya,180,Male,50-54 years,30,0,1
Republic of Kenya,180,Male,55-59 years,30,0,1
Republic of Kenya,180,Male,60-64 years,30,0,1
Republic of Kenya,180,Male,65-69 years,30,0,1
Republic of Kenya,180,Male,70-74 years,30,0,1
Republic of Kenya,180,Male,75-79 years,30,0,1
Republic of Kenya,180,Male,80-84 years,30,0,1
Republic of Kenya,180,Male,85-89 years,30,0,1
Republic of Kenya,180,Male,90-94 years,30,0,1
Republic of Kenya,180,Male,95+ years,30,0,1
Republic of Kenya,180,Male,<5 years,30,0,1
Republic of Kiribati,23,Male,10-14 years,30,0,1
Republic of Kiribati,23,Male,15-19 years,30,0,1
Republic of Kiribati,23,Male,20-24 years,30,0,1
Republic of Kiribati,23,Male,25-29 years,30,0,1
Republic of Kiribati,23,Male,30-34 years,30,0,1
Republic of Kiribati,23,Male,35-39 years,30,0,1
Republic of Kiribati,23,Male,40-44 years,30,0,1
Republic of Kiribati,23,Male,45-49 years,30,0,1
Republic of Kiribati,23,Male,5-9 years,30,0,1
Republic of Kiribati,23,Male,50-54 years,30,0,1
Republic of Kiribati,23,Male,55-59 years,30,0,1
Republic of Kiribati,23,Male,60-64 years,30,0,1
Republic of Kiribati,23,Male,65-69 years,30,0,1
Republic of Kiribati,23,Male,70-74 years,30,0,1
Republic of Kiribati,23,Male,75-79 years,30,0,1
Republic of Kiribati,23,Male,80-84 years,30,0,1
Republic of Kiribati,23,Male,85-89 years,30,0,1
Republic of Kiribati,23,Male,90-94 years,30,0,1
Republic of Kiribati,23,Male,95+ years,30,0,1
Republic of Kiribati,23,Male,<5 years,30,0,1
Republic of Korea,68,Male,10-14 years,30,0,1
Republic of Korea,68,Male,15-19 years,30,0,1
Republic of Korea,68,Male,20-24 years,30,0,1
Republic of Korea,68,Male,25-29 years,30,0,1
Republic of Korea,68,Male,30-34 years,30,0,1
Republic of Korea,68,Male,35-39 years,30,0,1
Republic of Korea,68,Male,40-44 years,30,0,1
Republic of Korea,68,Male,45-49 years,30,0,1
Republic of Korea,68,Male,5-9 years,30,0,1
Republic of Korea,68,Male,50-54 years,30,0,1
Republic of Korea,68,Male,55-59 years,30,0,1
Republic of Korea,68,Male,60-64 years,30,0,1
Republic of Korea,68,Male,65-69 years,30,0,1
Republic of Korea,68,Male,70-74 years,30,0,1
Republic of Korea,68,Male,75-79 years,30,0,1
Republic of Korea,68,Male,80-84 years,30,0,1
Republic of Korea,68,Male,85-89 years,30,0,1
Republic of Korea,68,Male,90-94 years,30,0,1
Republic of Korea,68,Male,95+ years,30,0,1
Republic of Korea,68,Male,<5 years,30,0,1
Republic of Latvia,59,Male,10-14 years,30,0,1
Republic of Latvia,59,Male,15-19 years,30,0,1
Republic of Latvia,59,Male,20-24 years,30,0,1
Republic of Latvia,59,Male,25-29 years,30,0,1
Republic of Latvia,59,Male,30-34 years,30,0,1
Republic of Latvia,59,Male,35-39 years,30,0,1
Republic of Latvia,59,Male,40-44 years,30,0,1
Republic of Latvia,59,Male,45-49 years,30,0,1
Republic of Latvia,59,Male,5-9 years,30,0,1
Republic of Latvia,59,Male,50-54 years,30,0,1
Republic of Latvia,59,Male,55-59 years,30,0,1
Republic of Latvia,59,Male,60-64 years,30,0,1
Republic of Latvia,59,Male,65-69 years,30,0,1
Republic of Latvia,59,Male,70-74 years,30,0,1
Republic of Latvia,59,Male,75-79 years,30,0,1
Republic of Latvia,59,Male,80-84 years,30,0,1
Republic of Latvia,59,Male,85-89 years,30,0,1
Republic of Latvia,59,Male,90-94 years,30,0,1
Republic of Latvia,59,Male,95+ years,30,0,1
Republic of Latvia,59,Male,<5 years,30,0,1
Republic of Liberia,210,Male,10-14 years,30,0,1
Republic of Liberia,210,Male,15-19 years,30,0,1
Republic of Liberia,210,Male,20-24 years,30,0,1
Republic of Liberia,210,Male,25-29 years,30,0,1
Republic of Liberia,210,Male,30-34 years,30,0,1
Republic of Liberia,210,Male,35-39 years,30,0,1
Republic of Liberia,210,Male,40-44 years,30,0,1
Republic of Liberia,210,Male,45-49 years,30,0,1
Republic of Liberia,210,Male,5-9 years,30,0,1
Republic of Liberia,210,Male,50-54 years,30,0,1
Republic of Liberia,210,Male,55-59 years,30,0,1
Republic of Liberia,210,Male,60-64 years,30,0,1
Republic of Liberia,210,Male,65-69 years,30,0,1
Republic of Liberia,210,Male,70-74 years,30,0,1
Republic of Liberia,210,Male,75-79 years,30,0,1
Republic of Liberia,210,Male,80-84 years,30,0,1
Republic of Liberia,210,Male,85-89 years,30,0,1
Republic of Liberia,210,Male,90-94 years,30,0,1
Republic of Liberia,210,Male,95+ years,30,0,1
Republic of Liberia,210,Male,<5 years,30,0,1
Republic of Lithuania,60,Male,10-14 years,30,0,1
Republic of Lithuania,60,Male,15-19 years,30,0,1
Republic of Lithuania,60,Male,20-24 years,30,0,1
Republic of Lithuania,60,Male,25-29 years,30,0,1
Republic of Lithuania,60,Male,30-34 years,30,0,1
Republic of Lithuania,60,Male,35-39 years,30,0,1
Republic of Lithuania,60,Male,40-44 years,30,0,1
Republic of Lithuania,60,Male,45-49 years,30,0,1
Republic of Lithuania,60,Male,5-9 years,30,0,1
Republic of Lithuania,60,Male,50-54 years,30,0,1
Republic of Lithuania,60,Male,55-59 years,30,0,1
Republic of Lithuania,60,Male,60-64 years,30,0,1
Republic of Lithuania,60,Male,65-69 years,30,0,1
Republic of Lithuania,60,Male,70-74 years,30,0,1
Republic of Lithuania,60,Male,75-79 years,30,0,1
Republic of Lithuania,60,Male,80-84 years,30,0,1
Republic of Lithuania,60,Male,85-89 years,30,0,1
Republic of Lithuania,60,Male,90-94 years,30,0,1
Republic of Lithuania,60,Male,95+ years,30,0,1
Republic of Lithuania,60,Male,<5 years,30,0,1
Republic of Madagascar,181,Male,10-14 years,30,0,1
Republic of Madagascar,181,Male,15-19 years,30,0,1
Republic of Madagascar,181,Male,20-24 years,30,0,1
Republic of Madagascar,181,Male,25-29 years,30,0,1
Republic of Madagascar,181,Male,30-34 years,30,0,1
Republic of Madagascar,181,Male,35-39 years,30,0,1
Republic of Madagascar,181,Male,40-44 years,30,0,1
Republic of Madagascar,181,Male,45-49 years,30,0,1
Republic of Madagascar,181,Male,5-9 years,30,0,1
Republic of Madagascar,181,Male,50-54 years,30,0,1
Republic of Madagascar,181,Male,55-59 years,30,0,1
Republic of Madagascar,181,Male,60-64 years,30,0,1
Republic of Madagascar,181,Male,65-69 years,30,0,1
Republic of Madagascar,181,Male,70-74 years,30,0,1
Republic of Madagascar,181,Male,75-79 years,30,0,1
Republic of Madagascar,181,Male,80-84 years,30,0,1
Republic of Madagascar,181,Male,85-89 years,30,0,1
Republic of Madagascar,181,Male,90-94 years,30,0,1
Republic of Madagascar,181,Male,95+ years,30,0,1
Republic of Madagascar,181,Male,<5 years,30,0,1
Republic of Malawi,182,Male,10-14 years,30,0,1
Republic of Malawi,182,Male,15-19 years,30,0,1
Republic of Malawi,182,Male,20-24 years,30,0,1
Republic of Malawi,182,Male,25-29 years,30,0,1
Republic of Malawi,182,Male,30-34 years,30,0,1
Republic of Malawi,182,Male,35-39 years,30,0,1
Republic of Malawi,182,Male,40-44 years,30,0,1
Republic of Malawi,182,Male,45-49 years,30,0,1
Republic of Malawi,182,Male,5-9 years,30,0,1
Republic of Malawi,182,Male,50-54 years,30,0,1
Republic of Malawi,182,Male,55-59 years,30,0,1
Republic of Malawi,182,Male,60-64 years,30,0,1
Republic of Malawi,182,Male,65-69 years,30,0,1
Republic of Malawi,182,Male,70-74 years,30,0,1
Republic of Malawi,182,Male,75-79 years,30,0,1
Republic of Malawi,182,Male,80-84 years,30,0,1
Republic of Malawi,182,Male,85-89 years,30,0,1
Republic of Malawi,182,Male,90-94 years,30,0,1
Republic of Malawi,182,Male,95+ years,30,0,1
Republic of Malawi,182,Male,<5 years,30,0,1
Republic of Maldives,14,Male,10-14 years,30,0,1
Republic of Maldives,14,Male,15-19 years,30,0,1
Republic of Maldives,14,Male,20-24 years,30,0,1
Republic of Maldives,14,Male,25-29 years,30,0,1
Republic of Maldives,14,Male,30-34 years,30,0,1
Republic of Maldives,14,Male,35-39 years,30,0,1
Republic of Maldives,14,Male,40-44 years,30,0,1
Republic of Maldives,14,Male,45-49 years,30,0,1
Republic of Maldives,14,Male,5-9 years,30,0,1
Republic of Maldives,14,Male,50-54 years,30,0,1
Republic of Maldives,14,Male,55-59 years,30,0,1
Republic of Maldives,14,Male,60-64 years,30,0,1
Republic of Maldives,14,Male,65-69 years,30,0,1
Republic of Maldives,14,Male,70-74 years,30,0,1
Republic of Maldives,14,Male,75-79 years,30,0,1
Republic of Maldives,14,Male,80-84 years,30,0,1
Republic of Maldives,14,Male,85-89 years,30,0,1
Republic of Maldives,14,Male,90-94 years,30,0,1
Republic of Maldives,14,Male,95+ years,30,0,1
Republic of Maldives,14,Male,<5 years,30,0,1
Republic of Mali,211,Male,10-14 years,30,0,1
Republic of Mali,211,Male,15-19 years,30,0,1
Republic of Mali,211,Male,20-24 years,30,0,1
Republic of Mali,211,Male,25-29 years,30,0,1
Republic of Mali,211,Male,30-34 years,30,0,1
Republic of Mali,211,Male,35-39 years,30,0,1
Republic of Mali,211,Male,40-44 years,30,0,1
Republic of Mali,211,Male,45-49 years,30,0,1
Republic of Mali,211,Male,5-9 years,30,0,1
Republic of Mali,211,Male,50-54 years,30,0,1
Republic of Mali,211,Male,55-59 years,30,0,1
Republic of Mali,211,Male,60-64 years,30,0,1
Republic of Mali,211,Male,65-69 years,30,0,1
Republic of Mali,211,Male,70-74 years,30,0,1
Republic of Mali,211,Male,75-79 years,30,0,1
Republic of Mali,211,Male,80-84 years,30,0,1
Republic of Mali,211,Male,85-89 years,30,0,1
Republic of Mali,211,Male,90-94 years,30,0,1
Republic of Mali,211,Male,95+ years,30,0,1
Republic of Mali,211,Male,<5 years,30,0,1
Republic of Malta,88,Male,10-14 years,30,0,1
Republic of Malta,88,Male,15-19 years,30,0,1
Republic of Malta,88,Male,20-24 years,30,0,1
Republic of Malta,88,Male,25-29 years,30,0,1
Republic of Malta,88,Male,30-34 years,30,0,1
Republic of Malta,88,Male,35-39 years,30,0,1
Republic of Malta,88,Male,40-44 years,30,0,1
Republic of Malta,88,Male,45-49 years,30,0,1
Republic of Malta,88,Male,5-9 years,30,0,1
Republic of Malta,88,Male,50-54 years,30,0,1
Republic of Malta,88,Male,55-59 years,30,0,1
Republic of Malta,88,Male,60-64 years,30,0,1
Republic of Malta,88,Male,65-69 years,30,0,1
Republic of Malta,88,Male,70-74 years,30,0,1
Republic of Malta,88,Male,75-79 years,30,0,1
Republic of Malta,88,Male,80-84 years,30,0,1
Republic of Malta,88,Male,85-89 years,30,0,1
Republic of Malta,88,Male,90-94 years,30,0,1
Republic of Malta,88,Male,95+ years,30,0,1
Republic of Malta,88,Male,<5 years,30,0,1
Republic of Mauritius,183,Male,10-14 years,30,0,1
Republic of Mauritius,183,Male,15-19 years,30,0,1
Republic of Mauritius,183,Male,20-24 years,30,0,1
Republic of Mauritius,183,Male,25-29 years,30,0,1
Republic of Mauritius,183,Male,30-34 years,30,0,1
Republic of Mauritius,183,Male,35-39 years,30,0,1
Republic of Mauritius,183,Male,40-44 years,30,0,1
Republic of Mauritius,183,Male,45-49 years,30,0,1
Republic of Mauritius,183,Male,5-9 years,30,0,1
Republic of Mauritius,183,Male,50-54 years,30,0,1
Republic of Mauritius,183,Male,55-59 years,30,0,1
Republic of Mauritius,183,Male,60-64 years,30,0,1
Republic of Mauritius,183,Male,65-69 years,30,0,1
Republic of Mauritius,183,Male,70-74 years,30,0,1
Republic of Mauritius,183,Male,75-79 years,30,0,1
Republic of Mauritius,183,Male,80-84 years,30,0,1
Republic of Mauritius,183,Male,85-89 years,30,0,1
Republic of Mauritius,183,Male,90-94 years,30,0,1
Republic of Mauritius,183,Male,95+ years,30,0,1
Republic of Mauritius,183,Male,<5 years,30,0,1
Republic of Moldova,61,Male,10-14 years,30,0,1
Republic of Moldova,61,Male,15-19 years,30,0,1
Republic of Moldova,61,Male,20-24 years,30,0,1
Republic of Moldova,61,Male,25-29 years,30,0,1
Republic of Moldova,61,Male,30-34 years,30,0,1
Republic of Moldova,61,Male,35-39 years,30,0,1
Republic of Moldova,61,Male,40-44 years,30,0,1
Republic of Moldova,61,Male,45-49 years,30,0,1
Republic of Moldova,61,Male,5-9 years,30,0,1
Republic of Moldova,61,Male,50-54 years,30,0,1
Republic of Moldova,61,Male,55-59 years,30,0,1
Republic of Moldova,61,Male,60-64 years,30,0,1
Republic of Moldova,61,Male,65-69 years,30,0,1
Republic of Moldova,61,Male,70-74 years,30,0,1
Republic of Moldova,61,Male,75-79 years,30,0,1
Republic of Moldova,61,Male,80-84 years,30,0,1
Republic of Moldova,61,Male,85-89 years,30,0,1
Republic of Moldova,61,Male,90-94 years,30,0,1
Republic of Moldova,61,Male,95+ years,30,0,1
Republic of Moldova,61,Male,<5 years,30,0,1
Republic of Mozambique,184,Male,10-14 years,30,0,1
Republic of Mozambique,184,Male,15-19 years,30,0,1
Republic of Mozambique,184,Male,20-24 years,30,0,1
Republic of Mozambique,184,Male,25-29 years,30,0,1
Republic of Mozambique,184,Male,30-34 years,30,0,1
Republic of Mozambique,184,Male,35-39 years,30,0,1
Republic of Mozambique,184,Male,40-44 years,30,0,1
Republic of Mozambique,184,Male,45-49 years,30,0,1
Republic of Mozambique,184,Male,5-9 years,30,0,1
Republic of Mozambique,184,Male,50-54 years,30,0,1
Republic of Mozambique,184,Male,55-59 years,30,0,1
Republic of Mozambique,184,Male,60-64 years,30,0,1
Republic of Mozambique,184,Male,65-69 years,30,0,1
Republic of Mozambique,184,Male,70-74 years,30,0,1
Republic of Mozambique,184,Male,75-79 years,30,0,1
Republic of Mozambique,184,Male,80-84 years,30,0,1
Republic of Mozambique,184,Male,85-89 years,30,0,1
Republic of Mozambique,184,Male,90-94 years,30,0,1
Republic of Mozambique,184,Male,95+ years,30,0,1
Republic of Mozambique,184,Male,<5 years,30,0,1
Republic of Namibia,195,Male,10-14 years,30,0,1
Republic of Namibia,195,Male,15-19 years,30,0,1
Republic of Namibia,195,Male,20-24 years,30,0,1
Republic of Namibia,195,Male,25-29 years,30,0,1
Republic of Namibia,195,Male,30-34 years,30,0,1
Republic of Namibia,195,Male,35-39 years,30,0,1
Republic of Namibia,195,Male,40-44 years,30,0,1
Republic of Namibia,195,Male,45-49 years,30,0,1
Republic of Namibia,195,Male,5-9 years,30,0,1
Republic of Namibia,195,Male,50-54 years,30,0,1
Republic of Namibia,195,Male,55-59 years,30,0,1
Republic of Namibia,195,Male,60-64 years,30,0,1
Republic of Namibia,195,Male,65-69 years,30,0,1
Republic of Namibia,195,Male,70-74 years,30,0,1
Republic of Namibia,195,Male,75-79 years,30,0,1
Republic of Namibia,195,Male,80-84 years,30,0,1
Republic of Namibia,195,Male,85-89 years,30,0,1
Republic of Namibia,195,Male,90-94 years,30,0,1
Republic of Namibia,195,Male,95+ years,30,0,1
Republic of Namibia,195,Male,<5 years,30,0,1
Republic of Nauru,369,Male,10-14 years,30,0,1
Republic of Nauru,369,Male,15-19 years,30,0,1
Republic of Nauru,369,Male,20-24 years,30,0,1
Republic of Nauru,369,Male,25-29 years,30,0,1
Republic of Nauru,369,Male,30-34 years,30,0,1
Republic of Nauru,369,Male,35-39 years,30,0,1
Republic of Nauru,369,Male,40-44 years,30,0,1
Republic of Nauru,369,Male,45-49 years,30,0,1
Republic of Nauru,369,Male,5-9 years,30,0,1
Republic of Nauru,369,Male,50-54 years,30,0,1
Republic of Nauru,369,Male,55-59 years,30,0,1
Republic of Nauru,369,Male,60-64 years,30,0,1
Republic of Nauru,369,Male,65-69 years,30,0,1
Republic of Nauru,369,Male,70-74 years,30,0,1
Republic of Nauru,369,Male,75-79 years,30,0,1
Republic of Nauru,369,Male,80-84 years,30,0,1
Republic of Nauru,369,Male,85-89 years,30,0,1
Republic of Nauru,369,Male,90-94 years,30,0,1
Republic of Nauru,369,Male,95+ years,30,0,1
Republic of Nauru,369,Male,<5 years,30,0,1
Republic of Nicaragua,131,Male,10-14 years,30,0,1
Republic of Nicaragua,131,Male,15-19 years,30,0,1
Republic of Nicaragua,131,Male,20-24 years,30,0,1
Republic of Nicaragua,131,Male,25-29 years,30,0,1
Republic of Nicaragua,131,Male,30-34 years,30,0,1
Republic of Nicaragua,131,Male,35-39 years,30,0,1
Republic of Nicaragua,131,Male,40-44 years,30,0,1
Republic of Nicaragua,131,Male,45-49 years,30,0,1
Republic of Nicaragua,131,Male,5-9 years,30,0,1
Republic of Nicaragua,131,Male,50-54 years,30,0,1
Republic of Nicaragua,131,Male,55-59 years,30,0,1
Republic of Nicaragua,131,Male,60-64 years,30,0,1
Republic of Nicaragua,131,Male,65-69 years,30,0,1
Republic of Nicaragua,131,Male,70-74 years,30,0,1
Republic of Nicaragua,131,Male,75-79 years,30,0,1
Republic of Nicaragua,131,Male,80-84 years,30,0,1
Republic of Nicaragua,131,Male,85-89 years,30,0,1
Republic of Nicaragua,131,Male,90-94 years,30,0,1
Republic of Nicaragua,131,Male,95+ years,30,0,1
Republic of Nicaragua,131,Male,<5 years,30,0,1
Republic of Niue,374,Male,10-14 years,30,0,1
Republic of Niue,374,Male,15-19 years,30,0,1
Republic of Niue,374,Male,20-24 years,30,0,1
Republic of Niue,374,Male,25-29 years,30,0,1
Republic of Niue,374,Male,30-34 years,30,0,1
Republic of Niue,374,Male,35-39 years,30,0,1
Republic of Niue,374,Male,40-44 years,30,0,1
Republic of Niue,374,Male,45-49 years,30,0,1
Republic of Niue,374,Male,5-9 years,30,0,1
Republic of Niue,374,Male,50-54 years,30,0,1
Republic of Niue,374,Male,55-59 years,30,0,1
Republic of Niue,374,Male,60-64 years,30,0,1
Republic of Niue,374,Male,65-69 years,30,0,1
Republic of Niue,374,Male,70-74 years,30,0,1
Republic of Niue,374,Male,75-79 years,30,0,1
Republic of Niue,374,Male,80-84 years,30,0,1
Republic of Niue,374,Male,85-89 years,30,0,1
Republic of Niue,374,Male,90-94 years,30,0,1
Republic of Niue,374,Male,95+ years,30,0,1
Republic of Niue,374,Male,<5 years,30,0,1
Republic of Palau,380,Male,10-14 years,30,0,1
Republic of Palau,380,Male,15-19 years,30,0,1
Republic of Palau,380,Male,20-24 years,30,0,1
Republic of Palau,380,Male,25-29 years,30,0,1
Republic of Palau,380,Male,30-34 years,30,0,1
Republic of Palau,380,Male,35-39 years,30,0,1
Republic of Palau,380,Male,40-44 years,30,0,1
Republic of Palau,380,Male,45-49 years,30,0,1
Republic of Palau,380,Male,5-9 years,30,0,1
Republic of Palau,380,Male,50-54 years,30,0,1
Republic of Palau,380,Male,55-59 years,30,0,1
Republic of Palau,380,Male,60-64 years,30,0,1
Republic of Palau,380,Male,65-69 years,30,0,1
Republic of Palau,380,Male,70-74 years,30,0,1
Republic of Palau,380,Male,75-79 years,30,0,1
Republic of Palau,380,Male,80-84 years,30,0,1
Republic of Palau,380,Male,85-89 years,30,0,1
Republic of Palau,380,Male,90-94 years,30,0,1
Republic of Palau,380,Male,95+ years,30,0,1
Republic of Palau,380,Male,<5 years,30,0,1
Republic of Panama,132,Male,10-14 years,30,0,1
Republic of Panama,132,Male,15-19 years,30,0,1
Republic of Panama,132,Male,20-24 years,30,0,1
Republic of Panama,132,Male,25-29 years,30,0,1
Republic of Panama,132,Male,30-34 years,30,0,1
Republic of Panama,132,Male,35-39 years,30,0,1
Republic of Panama,132,Male,40-44 years,30,0,1
Republic of Panama,132,Male,45-49 years,30,0,1
Republic of Panama,132,Male,5-9 years,30,0,1
Republic of Panama,132,Male,50-54 years,30,0,1
Republic of Panama,132,Male,55-59 years,30,0,1
Republic of Panama,132,Male,60-64 years,30,0,1
Republic of Panama,132,Male,65-69 years,30,0,1
Republic of Panama,132,Male,70-74 years,30,0,1
Republic of Panama,132,Male,75-79 years,30,0,1
Republic of Panama,132,Male,80-84 years,30,0,1
Republic of Panama,132,Male,85-89 years,30,0,1
Republic of Panama,132,Male,90-94 years,30,0,1
Republic of Panama,132,Male,95+ years,30,0,1
Republic of Panama,132,Male,<5 years,30,0,1
Republic of Paraguay,136,Male,10-14 years,30,0,1
Republic of Paraguay,136,Male,15-19 years,30,0,1
Republic of Paraguay,136,Male,20-24 years,30,0,1
Republic of Paraguay,136,Male,25-29 years,30,0,1
Republic of Paraguay,136,Male,30-34 years,30,0,1
Republic of Paraguay,136,Male,35-39 years,30,0,1
Republic of Paraguay,136,Male,40-44 years,30,0,1
Republic of Paraguay,136,Male,45-49 years,30,0,1
Republic of Paraguay,136,Male,5-9 years,30,0,1
Republic of Paraguay,136,Male,50-54 years,30,0,1
Republic of Paraguay,136,Male,55-59 years,30,0,1
Republic of Paraguay,136,Male,60-64 years,30,0,1
Republic of Paraguay,136,Male,65-69 years,30,0,1
Republic of Paraguay,136,Male,70-74 years,30,0,1
Republic of Paraguay,136,Male,75-79 years,30,0,1
Republic of Paraguay,136,Male,80-84 years,30,0,1
Republic of Paraguay,136,Male,85-89 years,30,0,1
Republic of Paraguay,136,Male,90-94 years,30,0,1
Republic of Paraguay,136,Male,95+ years,30,0,1
Republic of Paraguay,136,Male,<5 years,30,0,1
Republic of Peru,123,Male,10-14 years,30,0,1
Republic of Peru,123,Male,15-19 years,30,0,1
Republic of Peru,123,Male,20-24 years,30,0,1
Republic of Peru,123,Male,25-29 years,30,0,1
Republic of Peru,123,Male,30-34 years,30,0,1
Republic of Peru,123,Male,35-39 years,30,0,1
Republic of Peru,123,Male,40-44 years,30,0,1
Republic of Peru,123,Male,45-49 years,30,0,1
Republic of Peru,123,Male,5-9 years,30,0,1
Republic of Peru,123,Male,50-54 years,30,0,1
Republic of Peru,123,Male,55-59 years,30,0,1
Republic of Peru,123,Male,60-64 years,30,0,1
Republic of Peru,123,Male,65-69 years,30,0,1
Republic of Peru,123,Male,70-74 years,30,0,1
Republic of Peru,123,Male,75-79 years,30,0,1
Republic of Peru,123,Male,80-84 years,30,0,1
Republic of Peru,123,Male,85-89 years,30,0,1
Republic of Peru,123,Male,90-94 years,30,0,1
Republic of Peru,123,Male,95+ years,30,0,1
Republic of Peru,123,Male,<5 years,30,0,1
Republic of Poland,51,Male,10-14 years,30,0,1
Republic of Poland,51,Male,15-19 years,30,0,1
Republic of Poland,51,Male,20-24 years,30,0,1
Republic of Poland,51,Male,25-29 years,30,0,1
Republic of Poland,51,Male,30-34 years,30,0,1
Republic of Poland,51,Male,35-39 years,30,0,1
Republic of Poland,51,Male,40-44 years,30,0,1
Republic of Poland,51,Male,45-49 years,30,0,1
Republic of Poland,51,Male,5-9 years,30,0,1
Republic of Poland,51,Male,50-54 years,30,0,1
Republic of Poland,51,Male,55-59 years,30,0,1
Republic of Poland,51,Male,60-64 years,30,0,1
Republic of Poland,51,Male,65-69 years,30,0,1
Republic of Poland,51,Male,70-74 years,30,0,1
Republic of Poland,51,Male,75-79 years,30,0,1
Republic of Poland,51,Male,80-84 years,30,0,1
Republic of Poland,51,Male,85-89 years,30,0,1
Republic of Poland,51,Male,90-94 years,30,0,1
Republic of Poland,51,Male,95+ years,30,0,1
Republic of Poland,51,Male,<5 years,30,0,1
Republic of Rwanda,185,Male,10-14 years,30,0,1
Republic of Rwanda,185,Male,15-19 years,30,0,1
Republic of Rwanda,185,Male,20-24 years,30,0,1
Republic of Rwanda,185,Male,25-29 years,30,0,1
Republic of Rwanda,185,Male,30-34 years,30,0,1
Republic of Rwanda,185,Male,35-39 years,30,0,1
Republic of Rwanda,185,Male,40-44 years,30,0,1
Republic of Rwanda,185,Male,45-49 years,30,0,1
Republic of Rwanda,185,Male,5-9 years,30,0,1
Republic of Rwanda,185,Male,50-54 years,30,0,1
Republic of Rwanda,185,Male,55-59 years,30,0,1
Republic of Rwanda,185,Male,60-64 years,30,0,1
Republic of Rwanda,185,Male,65-69 years,30,0,1
Republic of Rwanda,185,Male,70-74 years,30,0,1
Republic of Rwanda,185,Male,75-79 years,30,0,1
Republic of Rwanda,185,Male,80-84 years,30,0,1
Republic of Rwanda,185,Male,85-89 years,30,0,1
Republic of Rwanda,185,Male,90-94 years,30,0,1
Republic of Rwanda,185,Male,95+ years,30,0,1
Republic of Rwanda,185,Male,<5 years,30,0,1
Republic of San Marino,396,Male,10-14 years,30,0,1
Republic of San Marino,396,Male,15-19 years,30,0,1
Republic of San Marino,396,Male,20-24 years,30,0,1
Republic of San Marino,396,Male,25-29 years,30,0,1
Republic of San Marino,396,Male,30-34 years,30,0,1
Republic of San Marino,396,Male,35-39 years,30,0,1
Republic of San Marino,396,Male,40-44 years,30,0,1
Republic of San Marino,396,Male,45-49 years,30,0,1
Republic of San Marino,396,Male,5-9 years,30,0,1
Republic of San Marino,396,Male,50-54 years,30,0,1
Republic of San Marino,396,Male,55-59 years,30,0,1
Republic of San Marino,396,Male,60-64 years,30,0,1
Republic of San Marino,396,Male,65-69 years,30,0,1
Republic of San Marino,396,Male,70-74 years,30,0,1
Republic of San Marino,396,Male,75-79 years,30,0,1
Republic of San Marino,396,Male,80-84 years,30,0,1
Republic of San Marino,396,Male,85-89 years,30,0,1
Republic of San Marino,396,Male,90-94 years,30,0,1
Republic of San Marino,396,Male,95+ years,30,0,1
Republic of San Marino,396,Male,<5 years,30,0,1
Republic of Senegal,216,Male,10-14 years,30,0,1
Republic of Senegal,216,Male,15-19 years,30,0,1
Republic of Senegal,216,Male,20-24 years,30,0,1
Republic of Senegal,216,Male,25-29 years,30,0,1
Republic of Senegal,216,Male,30-34 years,30,0,1
Republic of Senegal,216,Male,35-39 years,30,0,1
Republic of Senegal,216,Male,40-44 years,30,0,1
Republic of Senegal,216,Male,45-49 years,30,0,1
Republic of Senegal,216,Male,5-9 years,30,0,1
Republic of Senegal,216,Male,50-54 years,30,0,1
Republic of Senegal,216,Male,55-59 years,30,0,1
Republic of Senegal,216,Male,60-64 years,30,0,1
Republic of Senegal,216,Male,65-69 years,30,0,1
Republic of Senegal,216,Male,70-74 years,30,0,1
Republic of Senegal,216,Male,75-79 years,30,0,1
Republic of Senegal,216,Male,80-84 years,30,0,1
Republic of Senegal,216,Male,85-89 years,30,0,1
Republic of Senegal,216,Male,90-94 years,30,0,1
Republic of Senegal,216,Male,95+ years,30,0,1
Republic of Senegal,216,Male,<5 years,30,0,1
Republic of Serbia,53,Male,10-14 years,30,0,1
Republic of Serbia,53,Male,15-19 years,30,0,1
Republic of Serbia,53,Male,20-24 years,30,0,1
Republic of Serbia,53,Male,25-29 years,30,0,1
Republic of Serbia,53,Male,30-34 years,30,0,1
Republic of Serbia,53,Male,35-39 years,30,0,1
Republic of Serbia,53,Male,40-44 years,30,0,1
Republic of Serbia,53,Male,45-49 years,30,0,1
Republic of Serbia,53,Male,5-9 years,30,0,1
Republic of Serbia,53,Male,50-54 years,30,0,1
Republic of Serbia,53,Male,55-59 years,30,0,1
Republic of Serbia,53,Male,60-64 years,30,0,1
Republic of Serbia,53,Male,65-69 years,30,0,1
Republic of Serbia,53,Male,70-74 years,30,0,1
Republic of Serbia,53,Male,75-79 years,30,0,1
Republic of Serbia,53,Male,80-84 years,30,0,1
Republic of Serbia,53,Male,85-89 years,30,0,1
Republic of Serbia,53,Male,90-94 years,30,0,1
Republic of Serbia,53,Male,95+ years,30,0,1
Republic of Serbia,53,Male,<5 years,30,0,1
Republic of Seychelles,186,Male,10-14 years,30,0,1
Republic of Seychelles,186,Male,15-19 years,30,0,1
Republic of Seychelles,186,Male,20-24 years,30,0,1
Republic of Seychelles,186,Male,25-29 years,30,0,1
Republic of Seychelles,186,Male,30-34 years,30,0,1
Republic of Seychelles,186,Male,35-39 years,30,0,1
Republic of Seychelles,186,Male,40-44 years,30,0,1
Republic of Seychelles,186,Male,45-49 years,30,0,1
Republic of Seychelles,186,Male,5-9 years,30,0,1
Republic of Seychelles,186,Male,50-54 years,30,0,1
Republic of Seychelles,186,Male,55-59 years,30,0,1
Republic of Seychelles,186,Male,60-64 years,30,0,1
Republic of Seychelles,186,Male,65-69 years,30,0,1
Republic of Seychelles,186,Male,70-74 years,30,0,1
Republic of Seychelles,186,Male,75-79 years,30,0,1
Republic of Seychelles,186,Male,80-84 years,30,0,1
Republic of Seychelles,186,Male,85-89 years,30,0,1
Republic of Seychelles,186,Male,90-94 years,30,0,1
Republic of Seychelles,186,Male,95+ years,30,0,1
Republic of Seychelles,186,Male,<5 years,30,0,1
Republic of Sierra Leone,217,Male,10-14 years,30,0,1
Republic of Sierra Leone,217,Male,15-19 years,30,0,1
Republic of Sierra Leone,217,Male,20-24 years,30,0,1
Republic of Sierra Leone,217,Male,25-29 years,30,0,1
Republic of Sierra Leone,217,Male,30-34 years,30,0,1
Republic of Sierra Leone,217,Male,35-39 years,30,0,1
Republic of Sierra Leone,217,Male,40-44 years,30,0,1
Republic of Sierra Leone,217,Male,45-49 years,30,0,1
Republic of Sierra Leone,217,Male,5-9 years,30,0,1
Republic of Sierra Leone,217,Male,50-54 years,30,0,1
Republic of Sierra Leone,217,Male,55-59 years,30,0,1
Republic of Sierra Leone,217,Male,60-64 years,30,0,1
Republic of Sierra Leone,217,Male,65-69 years,30,0,1
Republic of Sierra Leone,217,Male,70-74 years,30,0,1
Republic of Sierra Leone,217,Male,75-79 years,30,0,1
Republic of Sierra Leone,217,Male,80-84 years,30,0,1
Republic of Sierra Leone,217,Male,85-89 years,30,0,1
Republic of Sierra Leone,217,Male,90-94 years,30,0,1
Republic of Sierra Leone,217,Male,95+ years,30,0,1
Republic of Sierra Leone,217,Male,<5 years,30,0,1
Republic of Singapore,69,Male,10-14 years,30,0,1
Republic of Singapore,69,Male,15-19 years,30,0,1
Republic of Singapore,69,Male,20-24 years,30,0,1
Republic of Singapore,69,Male,25-29 years,30,0,1
Republic of Singapore,69,Male,30-34 years,30,0,1
Republic of Singapore,69,Male,35-39 years,30,0,1
Republic of Singapore,69,Male,40-44 years,30,0,1
Republic of Singapore,69,Male,45-49 years,30,0,1
Republic of Singapore,69,Male,5-9 years,30,0,1
Republic of Singapore,69,Male,50-54 years,30,0,1
Republic of Singapore,69,Male,55-59 years,30,0,1
Republic of Singapore,69,Male,60-64 years,30,0,1
Republic of Singapore,69,Male,65-69 years,30,0,1
Republic of Singapore,69,Male,70-74 years,30,0,1
Republic of Singapore,69,Male,75-79 years,30,0,1
Republic of Singapore,69,Male,80-84 years,30,0,1
Republic of Singapore,69,Male,85-89 years,30,0,1
Republic of Singapore,69,Male,90-94 years,30,0,1
Republic of Singapore,69,Male,95+ years,30,0,1
Republic of Singapore,69,Male,<5 years,30,0,1
Republic of Slovenia,55,Male,10-14 years,30,0,1
Republic of Slovenia,55,Male,15-19 years,30,0,1
Republic of Slovenia,55,Male,20-24 years,30,0,1
Republic of Slovenia,55,Male,25-29 years,30,0,1
Republic of Slovenia,55,Male,30-34 years,30,0,1
Republic of Slovenia,55,Male,35-39 years,30,0,1
Republic of Slovenia,55,Male,40-44 years,30,0,1
Republic of Slovenia,55,Male,45-49 years,30,0,1
Republic of Slovenia,55,Male,5-9 years,30,0,1
Republic of Slovenia,55,Male,50-54 years,30,0,1
Republic of Slovenia,55,Male,55-59 years,30,0,1
Republic of Slovenia,55,Male,60-64 years,30,0,1
Republic of Slovenia,55,Male,65-69 years,30,0,1
Republic of Slovenia,55,Male,70-74 years,30,0,1
Republic of Slovenia,55,Male,75-79 years,30,0,1
Republic of Slovenia,55,Male,80-84 years,30,0,1
Republic of Slovenia,55,Male,85-89 years,30,0,1
Republic of Slovenia,55,Male,90-94 years,30,0,1
Republic of Slovenia,55,Male,95+ years,30,0,1
Republic of Slovenia,55,Male,<5 years,30,0,1
Republic of South Africa,196,Male,10-14 years,30,0,1
Republic of South Africa,196,Male,15-19 years,30,0,1
Republic of South Africa,196,Male,20-24 years,30,0,1
Republic of South Africa,196,Male,25-29 years,30,0,1
Republic of South Africa,196,Male,30-34 years,30,0,1
Republic of South Africa,196,Male,35-39 years,30,0,1
Republic of South Africa,196,Male,40-44 years,30,0,1
Republic of South Africa,196,Male,45-49 years,30,0,1
Republic of South Africa,196,Male,5-9 years,30,0,1
Republic of South Africa,196,Male,50-54 years,30,0,1
Republic of South Africa,196,Male,55-59 years,30,0,1
Republic of South Africa,196,Male,60-64 years,30,0,1
Republic of South Africa,196,Male,65-69 years,30,0,1
Republic of South Africa,196,Male,70-74 years,30,0,1
Republic of South Africa,196,Male,75-79 years,30,0,1
Republic of South Africa,196,Male,80-84 years,30,0,1
Republic of South Africa,196,Male,85-89 years,30,0,1
Republic of South Africa,196,Male,90-94 years,30,0,1
Republic of South Africa,196,Male,95+ years,30,0,1
Republic of South Africa,196,Male,<5 years,30,0,1
Republic of South Sudan,435,Male,10-14 years,30,0,1
Republic of South Sudan,435,Male,15-19 years,30,0,1
Republic of South Sudan,435,Male,20-24 years,30,0,1
Republic of South Sudan,435,Male,25-29 years,30,0,1
Republic of South Sudan,435,Male,30-34 years,30,0,1
Republic of South Sudan,435,Male,35-39 years,30,0,1
Republic of South Sudan,435,Male,40-44 years,30,0,1
Republic of South Sudan,435,Male,45-49 years,30,0,1
Republic of South Sudan,435,Male,5-9 years,30,0,1
Republic of South Sudan,435,Male,50-54 years,30,0,1
Republic of South Sudan,435,Male,55-59 years,30,0,1
Republic of South Sudan,435,Male,60-64 years,30,0,1
Republic of South Sudan,435,Male,65-69 years,30,0,1
Republic of South Sudan,435,Male,70-74 years,30,0,1
Republic of South Sudan,435,Male,75-79 years,30,0,1
Republic of South Sudan,435,Male,80-84 years,30,0,1
Republic of South Sudan,435,Male,85-89 years,30,0,1
Republic of South Sudan,435,Male,90-94 years,30,0,1
Republic of South Sudan,435,Male,95+ years,30,0,1
Republic of South Sudan,435,Male,<5 years,30,0,1
Republic of Sudan,522,Male,10-14 years,30,0,1
Republic of Sudan,522,Male,15-19 years,30,0,1
Republic of Sudan,522,Male,20-24 years,30,0,1
Republic of Sudan,522,Male,25-29 years,30,0,1
Republic of Sudan,522,Male,30-34 years,30,0,1
Republic of Sudan,522,Male,35-39 years,30,0,1
Republic of Sudan,522,Male,40-44 years,30,0,1
Republic of Sudan,522,Male,45-49 years,30,0,1
Republic of Sudan,522,Male,5-9 years,30,0,1
Republic of Sudan,522,Male,50-54 years,30,0,1
Republic of Sudan,522,Male,55-59 years,30,0,1
Republic of Sudan,522,Male,60-64 years,30,0,1
Republic of Sudan,522,Male,65-69 years,30,0,1
Republic of Sudan,522,Male,70-74 years,30,0,1
Republic of Sudan,522,Male,75-79 years,30,0,1
Republic of Sudan,522,Male,80-84 years,30,0,1
Republic of Sudan,522,Male,85-89 years,30,0,1
Republic of Sudan,522,Male,90-94 years,30,0,1
Republic of Sudan,522,Male,95+ years,30,0,1
Republic of Sudan,522,Male,<5 years,30,0,1
Republic of Suriname,118,Male,10-14 years,30,0,1
Republic of Suriname,118,Male,15-19 years,30,0,1
Republic of Suriname,118,Male,20-24 years,30,0,1
Republic of Suriname,118,Male,25-29 years,30,0,1
Republic of Suriname,118,Male,30-34 years,30,0,1
Republic of Suriname,118,Male,35-39 years,30,0,1
Republic of Suriname,118,Male,40-44 years,30,0,1
Republic of Suriname,118,Male,45-49 years,30,0,1
Republic of Suriname,118,Male,5-9 years,30,0,1
Republic of Suriname,118,Male,50-54 years,30,0,1
Republic of Suriname,118,Male,55-59 years,30,0,1
Republic of Suriname,118,Male,60-64 years,30,0,1
Republic of Suriname,118,Male,65-69 years,30,0,1
Republic of Suriname,118,Male,70-74 years,30,0,1
Republic of Suriname,118,Male,75-79 years,30,0,1
Republic of Suriname,118,Male,80-84 years,30,0,1
Republic of Suriname,118,Male,85-89 years,30,0,1
Republic of Suriname,118,Male,90-94 years,30,0,1
Republic of Suriname,118,Male,95+ years,30,0,1
Republic of Suriname,118,Male,<5 years,30,0,1
Republic of Tajikistan,39,Male,10-14 years,30,0,1
Republic of Tajikistan,39,Male,15-19 years,30,0,1
Republic of Tajikistan,39,Male,20-24 years,30,0,1
Republic of Tajikistan,39,Male,25-29 years,30,0,1
Republic of Tajikistan,39,Male,30-34 years,30,0,1
Republic of Tajikistan,39,Male,35-39 years,30,0,1
Republic of Tajikistan,39,Male,40-44 years,30,0,1
Republic of Tajikistan,39,Male,45-49 years,30,0,1
Republic of Tajikistan,39,Male,5-9 years,30,0,1
Republic of Tajikistan,39,Male,50-54 years,30,0,1
Republic of Tajikistan,39,Male,55-59 years,30,0,1
Republic of Tajikistan,39,Male,60-64 years,30,0,1
Republic of Tajikistan,39,Male,65-69 years,30,0,1
Republic of Tajikistan,39,Male,70-74 years,30,0,1
Republic of Tajikistan,39,Male,75-79 years,30,0,1
Republic of Tajikistan,39,Male,80-84 years,30,0,1
Republic of Tajikistan,39,Male,85-89 years,30,0,1
Republic of Tajikistan,39,Male,90-94 years,30,0,1
Republic of Tajikistan,39,Male,95+ years,30,0,1
Republic of Tajikistan,39,Male,<5 years,30,0,1
Republic of Trinidad and Tobago,119,Male,10-14 years,30,0,1
Republic of Trinidad and Tobago,119,Male,15-19 years,30,0,1
Republic of Trinidad and Tobago,119,Male,20-24 years,30,0,1
Republic of Trinidad and Tobago,119,Male,25-29 years,30,0,1
Republic of Trinidad and Tobago,119,Male,30-34 years,30,0,1
Republic of Trinidad and Tobago,119,Male,35-39 years,30,0,1
Republic of Trinidad and Tobago,119,Male,40-44 years,30,0,1
Republic of Trinidad and Tobago,119,Male,45-49 years,30,0,1
Republic of Trinidad and Tobago,119,Male,5-9 years,30,0,1
Republic of Trinidad and Tobago,119,Male,50-54 years,30,0,1
Republic of Trinidad and Tobago,119,Male,55-59 years,30,0,1
Republic of Trinidad and Tobago,119,Male,60-64 years,30,0,1
Republic of Trinidad and Tobago,119,Male,65-69 years,30,0,1
Republic of Trinidad and Tobago,119,Male,70-74 years,30,0,1
Republic of Trinidad and Tobago,119,Male,75-79 years,30,0,1
Republic of Trinidad and Tobago,119,Male,80-84 years,30,0,1
Republic of Trinidad and Tobago,119,Male,85-89 years,30,0,1
Republic of Trinidad and Tobago,119,Male,90-94 years,30,0,1
Republic of Trinidad and Tobago,119,Male,95+ years,30,0,1
Republic of Trinidad and Tobago,119,Male,<5 years,30,0,1
Republic of Tunisia,154,Male,10-14 years,30,0,1
Republic of Tunisia,154,Male,15-19 years,30,0,1
Republic of Tunisia,154,Male,20-24 years,30,0,1
Republic of Tunisia,154,Male,25-29 years,30,0,1
Republic of Tunisia,154,Male,30-34 years,30,0,1
Republic of Tunisia,154,Male,35-39 years,30,0,1
Republic of Tunisia,154,Male,40-44 years,30,0,1
Republic of Tunisia,154,Male,45-49 years,30,0,1
Republic of Tunisia,154,Male,5-9 years,30,0,1
Republic of Tunisia,154,Male,50-54 years,30,0,1
Republic of Tunisia,154,Male,55-59 years,30,0,1
Republic of Tunisia,154,Male,60-64 years,30,0,1
Republic of Tunisia,154,Male,65-69 years,30,0,1
Republic of Tunisia,154,Male,70-74 years,30,0,1
Republic of Tunisia,154,Male,75-79 years,30,0,1
Republic of Tunisia,154,Male,80-84 years,30,0,1
Republic of Tunisia,154,Male,85-89 years,30,0,1
Republic of Tunisia,154,Male,90-94 years,30,0,1
Republic of Tunisia,154,Male,95+ years,30,0,1
Republic of Tunisia,154,Male,<5 years,30,0,1
Republic of Turkey,155,Male,10-14 years,30,0,1
Republic of Turkey,155,Male,15-19 years,30,0,1
Republic of Turkey,155,Male,20-24 years,30,0,1
Republic of Turkey,155,Male,25-29 years,30,0,1
Republic of Turkey,155,Male,30-34 years,30,0,1
Republic of Turkey,155,Male,35-39 years,30,0,1
Republic of Turkey,155,Male,40-44 years,30,0,1
Republic of Turkey,155,Male,45-49 years,30,0,1
Republic of Turkey,155,Male,5-9 years,30,0,1
Republic of Turkey,155,Male,50-54 years,30,0,1
Republic of Turkey,155,Male,55-59 years,30,0,1
Republic of Turkey,155,Male,60-64 years,30,0,1
Republic of Turkey,155,Male,65-69 years,30,0,1
Republic of Turkey,155,Male,70-74 years,30,0,1
Republic of Turkey,155,Male,75-79 years,30,0,1
Republic of Turkey,155,Male,80-84 years,30,0,1
Republic of Turkey,155,Male,85-89 years,30,0,1
Republic of Turkey,155,Male,90-94 years,30,0,1
Republic of Turkey,155,Male,95+ years,30,0,1
Republic of Turkey,155,Male,<5 years,30,0,1
Republic of Uganda,190,Male,10-14 years,30,0,1
Republic of Uganda,190,Male,15-19 years,30,0,1
Republic of Uganda,190,Male,20-24 years,30,0,1
Republic of Uganda,190,Male,25-29 years,30,0,1
Republic of Uganda,190,Male,30-34 years,30,0,1
Republic of Uganda,190,Male,35-39 years,30,0,1
Republic of Uganda,190,Male,40-44 years,30,0,1
Republic of Uganda,190,Male,45-49 years,30,0,1
Republic of Uganda,190,Male,5-9 years,30,0,1
Republic of Uganda,190,Male,50-54 years,30,0,1
Republic of Uganda,190,Male,55-59 years,30,0,1
Republic of Uganda,190,Male,60-64 years,30,0,1
Republic of Uganda,190,Male,65-69 years,30,0,1
Republic of Uganda,190,Male,70-74 years,30,0,1
Republic of Uganda,190,Male,75-79 years,30,0,1
Republic of Uganda,190,Male,80-84 years,30,0,1
Republic of Uganda,190,Male,85-89 years,30,0,1
Republic of Uganda,190,Male,90-94 years,30,0,1
Republic of Uganda,190,Male,95+ years,30,0,1
Republic of Uganda,190,Male,<5 years,30,0,1
Republic of Uzbekistan,41,Male,10-14 years,30,0,1
Republic of Uzbekistan,41,Male,15-19 years,30,0,1
Republic of Uzbekistan,41,Male,20-24 years,30,0,1
Republic of Uzbekistan,41,Male,25-29 years,30,0,1
Republic of Uzbekistan,41,Male,30-34 years,30,0,1
Republic of Uzbekistan,41,Male,35-39 years,30,0,1
Republic of Uzbekistan,41,Male,40-44 years,30,0,1
Republic of Uzbekistan,41,Male,45-49 years,30,0,1
Republic of Uzbekistan,41,Male,5-9 years,30,0,1
Republic of Uzbekistan,41,Male,50-54 years,30,0,1
Republic of Uzbekistan,41,Male,55-59 years,30,0,1
Republic of Uzbekistan,41,Male,60-64 years,30,0,1
Republic of Uzbekistan,41,Male,65-69 years,30,0,1
Republic of Uzbekistan,41,Male,70-74 years,30,0,1
Republic of Uzbekistan,41,Male,75-79 years,30,0,1
Republic of Uzbekistan,41,Male,80-84 years,30,0,1
Republic of Uzbekistan,41,Male,85-89 years,30,0,1
Republic of Uzbekistan,41,Male,90-94 years,30,0,1
Republic of Uzbekistan,41,Male,95+ years,30,0,1
Republic of Uzbekistan,41,Male,<5 years,30,0,1
Republic of Vanuatu,30,Male,10-14 years,30,0,1
Republic of Vanuatu,30,Male,15-19 years,30,0,1
Republic of Vanuatu,30,Male,20-24 years,30,0,1
Republic of Vanuatu,30,Male,25-29 years,30,0,1
Republic of Vanuatu,30,Male,30-34 years,30,0,1
Republic of Vanuatu,30,Male,35-39 years,30,0,1
Republic of Vanuatu,30,Male,40-44 years,30,0,1
Republic of Vanuatu,30,Male,45-49 years,30,0,1
Republic of Vanuatu,30,Male,5-9 years,30,0,1
Republic of Vanuatu,30,Male,50-54 years,30,0,1
Republic of Vanuatu,30,Male,55-59 years,30,0,1
Republic of Vanuatu,30,Male,60-64 years,30,0,1
Republic of Vanuatu,30,Male,65-69 years,30,0,1
Republic of Vanuatu,30,Male,70-74 years,30,0,1
Republic of Vanuatu,30,Male,75-79 years,30,0,1
Republic of Vanuatu,30,Male,80-84 years,30,0,1
Republic of Vanuatu,30,Male,85-89 years,30,0,1
Republic of Vanuatu,30,Male,90-94 years,30,0,1
Republic of Vanuatu,30,Male,95+ years,30,0,1
Republic of Vanuatu,30,Male,<5 years,30,0,1
Republic of Yemen,157,Male,10-14 years,30,0,1
Republic of Yemen,157,Male,15-19 years,30,0,1
Republic of Yemen,157,Male,20-24 years,30,0,1
Republic of Yemen,157,Male,25-29 years,30,0,1
Republic of Yemen,157,Male,30-34 years,30,0,1
Republic of Yemen,157,Male,35-39 years,30,0,1
Republic of Yemen,157,Male,40-44 years,30,0,1
Republic of Yemen,157,Male,45-49 years,30,0,1
Republic of Yemen,157,Male,5-9 years,30,0,1
Republic of Yemen,157,Male,50-54 years,30,0,1
Republic of Yemen,157,Male,55-59 years,30,0,1
Republic of Yemen,157,Male,60-64 years,30,0,1
Republic of Yemen,157,Male,65-69 years,30,0,1
Republic of Yemen,157,Male,70-74 years,30,0,1
Republic of Yemen,157,Male,75-79 years,30,0,1
Republic of Yemen,157,Male,80-84 years,30,0,1
Republic of Yemen,157,Male,85-89 years,30,0,1
Republic of Yemen,157,Male,90-94 years,30,0,1
Republic of Yemen,157,Male,95+ years,30,0,1
Republic of Yemen,157,Male,<5 years,30,0,1
Republic of Zambia,191,Male,10-14 years,30,0,1
Republic of Zambia,191,Male,15-19 years,30,0,1
Republic of Zambia,191,Male,20-24 years,30,0,1
Republic of Zambia,191,Male,25-29 years,30,0,1
Republic of Zambia,191,Male,30-34 years,30,0,1
Republic of Zambia,191,Male,35-39 years,30,0,1
Republic of Zambia,191,Male,40-44 years,30,0,1
Republic of Zambia,191,Male,45-49 years,30,0,1
Republic of Zambia,191,Male,5-9 years,30,0,1
Republic of Zambia,191,Male,50-54 years,30,0,1
Republic of Zambia,191,Male,55-59 years,30,0,1
Republic of Zambia,191,Male,60-64 years,30,0,1
Republic of Zambia,191,Male,65-69 years,30,0,1
Republic of Zambia,191,Male,70-74 years,30,0,1
Republic of Zambia,191,Male,75-79 years,30,0,1
Republic of Zambia,191,Male,80-84 years,30,0,1
Republic of Zambia,191,Male,85-89 years,30,0,1
Republic of Zambia,191,Male,90-94 years,30,0,1
Republic of Zambia,191,Male,95+ years,30,0,1
Republic of Zambia,191,Male,<5 years,30,0,1
Republic of Zimbabwe,198,Male,10-14 years,30,0,1
Republic of Zimbabwe,198,Male,15-19 years,30,0,1
Republic of Zimbabwe,198,Male,20-24 years,30,0,1
Republic of Zimbabwe,198,Male,25-29 years,30,0,1
Republic of Zimbabwe,198,Male,30-34 years,30,0,1
Republic of Zimbabwe,198,Male,35-39 years,30,0,1
Republic of Zimbabwe,198,Male,40-44 years,30,0,1
Republic of Zimbabwe,198,Male,45-49 years,30,0,1
Republic of Zimbabwe,198,Male,5-9 years,30,0,1
Republic of Zimbabwe,198,Male,50-54 years,30,0,1
Republic of Zimbabwe,198,Male,55-59 years,30,0,1
Republic of Zimbabwe,198,Male,60-64 years,30,0,1
Republic of Zimbabwe,198,Male,65-69 years,30,0,1
Republic of Zimbabwe,198,Male,70-74 years,30,0,1
Republic of Zimbabwe,198,Male,75-79 years,30,0,1
Republic of Zimbabwe,198,Male,80-84 years,30,0,1
Republic of Zimbabwe,198,Male,85-89 years,30,0,1
Republic of Zimbabwe,198,Male,90-94 years,30,0,1
Republic of Zimbabwe,198,Male,95+ years,30,0,1
Republic of Zimbabwe,198,Male,<5 years,30,0,1
Republic of the Congo,170,Male,10-14 years,30,0,1
Republic of the Congo,170,Male,15-19 years,30,0,1
Republic of the Congo,170,Male,20-24 years,30,0,1
Republic of the Congo,170,Male,25-29 years,30,0,1
Republic of the Congo,170,Male,30-34 years,30,0,1
Republic of the Congo,170,Male,35-39 years,30,0,1
Republic of the Congo,170,Male,40-44 years,30,0,1
Republic of the Congo,170,Male,45-49 years,30,0,1
Republic of the Congo,170,Male,5-9 years,30,0,1
Republic of the Congo,170,Male,50-54 years,30,0,1
Republic of the Congo,170,Male,55-59 years,30,0,1
Republic of the Congo,170,Male,60-64 years,30,0,1
Republic of the Congo,170,Male,65-69 years,30,0,1
Republic of the Congo,170,Male,70-74 years,30,0,1
Republic of the Congo,170,Male,75-79 years,30,0,1
Republic of the Congo,170,Male,80-84 years,30,0,1
Republic of the Congo,170,Male,85-89 years,30,0,1
Republic of the Congo,170,Male,90-94 years,30,0,1
Republic of the Congo,170,Male,95+ years,30,0,1
Republic of the Congo,170,Male,<5 years,30,0,1
Republic of the Gambia,206,Male,10-14 years,30,0,1
Republic of the Gambia,206,Male,15-19 years,30,0,1
Republic of the Gambia,206,Male,20-24 years,30,0,1
Republic of the Gambia,206,Male,25-29 years,30,0,1
Republic of the Gambia,206,Male,30-34 years,30,0,1
Republic of the Gambia,206,Male,35-39 years,30,0,1
Republic of the Gambia,206,Male,40-44 years,30,0,1
Republic of the Gambia,206,Male,45-49 years,30,0,1
Republic of the Gambia,206,Male,5-9 years,30,0,1
Republic of the Gambia,206,Male,50-54 years,30,0,1
Republic of the Gambia,206,Male,55-59 years,30,0,1
Republic of the Gambia,206,Male,60-64 years,30,0,1
Republic of the Gambia,206,Male,65-69 years,30,0,1
Republic of the Gambia,206,Male,70-74 years,30,0,1
Republic of the Gambia,206,Male,75-79 years,30,0,1
Republic of the Gambia,206,Male,80-84 years,30,0,1
Republic of the Gambia,206,Male,85-89 years,30,0,1
Republic of the Gambia,206,Male,90-94 years,30,0,1
Republic of the Gambia,206,Male,95+ years,30,0,1
Republic of the Gambia,206,Male,<5 years,30,0,1
Republic of the Marshall Islands,24,Male,10-14 years,30,0,1
Republic of the Marshall Islands,24,Male,15-19 years,30,0,1
Republic of the Marshall Islands,24,Male,20-24 years,30,0,1
Republic of the Marshall Islands,24,Male,25-29 years,30,0,1
Republic of the Marshall Islands,24,Male,30-34 years,30,0,1
Republic of the Marshall Islands,24,Male,35-39 years,30,0,1
Republic of the Marshall Islands,24,Male,40-44 years,30,0,1
Republic of the Marshall Islands,24,Male,45-49 years,30,0,1
Republic of the Marshall Islands,24,Male,5-9 years,30,0,1
Republic of the Marshall Islands,24,Male,50-54 years,30,0,1
Republic of the Marshall Islands,24,Male,55-59 years,30,0,1
Republic of the Marshall Islands,24,Male,60-64 years,30,0,1
Republic of the Marshall Islands,24,Male,65-69 years,30,0,1
Republic of the Marshall Islands,24,Male,70-74 years,30,0,1
Republic of the Marshall Islands,24,Male,75-79 years,30,0,1
Republic of the Marshall Islands,24,Male,80-84 years,30,0,1
Republic of the Marshall Islands,24,Male,85-89 years,30,0,1
Republic of the Marshall Islands,24,Male,90-94 years,30,0,1
Republic of the Marshall Islands,24,Male,95+ years,30,0,1
Republic of the Marshall Islands,24,Male,<5 years,30,0,1
Republic of the Niger,213,Male,10-14 years,30,0,1
Republic of the Niger,213,Male,15-19 years,30,0,1
Republic of the Niger,213,Male,20-24 years,30,0,1
Republic of the Niger,213,Male,25-29 years,30,0,1
Republic of the Niger,213,Male,30-34 years,30,0,1
Republic of the Niger,213,Male,35-39 years,30,0,1
Republic of the Niger,213,Male,40-44 years,30,0,1
Republic of the Niger,213,Male,45-49 years,30,0,1
Republic of the Niger,213,Male,5-9 years,30,0,1
Republic of the Niger,213,Male,50-54 years,30,0,1
Republic of the Niger,213,Male,55-59 years,30,0,1
Republic of the Niger,213,Male,60-64 years,30,0,1
Republic of the Niger,213,Male,65-69 years,30,0,1
Republic of the Niger,213,Male,70-74 years,30,0,1
Republic of the Niger,213,Male,75-79 years,30,0,1
Republic of the Niger,213,Male,80-84 years,30,0,1
Republic of the Niger,213,Male,85-89 years,30,0,1
Republic of the Niger,213,Male,90-94 years,30,0,1
Republic of the Niger,213,Male,95+ years,30,0,1
Republic of the Niger,213,Male,<5 years,30,0,1
Republic of the Philippines,16,Male,10-14 years,30,0,1
Republic of the Philippines,16,Male,15-19 years,30,0,1
Republic of the Philippines,16,Male,20-24 years,30,0,1
Republic of the Philippines,16,Male,25-29 years,30,0,1
Republic of the Philippines,16,Male,30-34 years,30,0,1
Republic of the Philippines,16,Male,35-39 years,30,0,1
Republic of the Philippines,16,Male,40-44 years,30,0,1
Republic of the Philippines,16,Male,45-49 years,30,0,1
Republic of the Philippines,16,Male,5-9 years,30,0,1
Republic of the Philippines,16,Male,50-54 years,30,0,1
Republic of the Philippines,16,Male,55-59 years,30,0,1
Republic of the Philippines,16,Male,60-64 years,30,0,1
Republic of the Philippines,16,Male,65-69 years,30,0,1
Republic of the Philippines,16,Male,70-74 years,30,0,1
Republic of the Philippines,16,Male,75-79 years,30,0,1
Republic of the Philippines,16,Male,80-84 years,30,0,1
Republic of the Philippines,16,Male,85-89 years,30,0,1
Republic of the Philippines,16,Male,90-94 years,30,0,1
Republic of the Philippines,16,Male,95+ years,30,0,1
Republic of the Philippines,16,Male,<5 years,30,0,1
Republic of the Union of Myanmar,15,Male,10-14 years,30,0,1
Republic of the Union of Myanmar,15,Male,15-19 years,30,0,1
Republic of the Union of Myanmar,15,Male,20-24 years,30,0,1
Republic of the Union of Myanmar,15,Male,25-29 years,30,0,1
Republic of the Union of Myanmar,15,Male,30-34 years,30,0,1
Republic of the Union of Myanmar,15,Male,35-39 years,30,0,1
Republic of the Union of Myanmar,15,Male,40-44 years,30,0,1
Republic of the Union of Myanmar,15,Male,45-49 years,30,0,1
Republic of the Union of Myanmar,15,Male,5-9 years,30,0,1
Republic of the Union of Myanmar,15,Male,50-54 years,30,0,1
Republic of the Union of Myanmar,15,Male,55-59 years,30,0,1
Republic of the Union of Myanmar,15,Male,60-64 years,30,0,1
Republic of the Union of Myanmar,15,Male,65-69 years,30,0,1
Republic of the Union of Myanmar,15,Male,70-74 years,30,0,1
Republic of the Union of Myanmar,15,Male,75-79 years,30,0,1
Republic of the Union of Myanmar,15,Male,80-84 years,30,0,1
Republic of the Union of Myanmar,15,Male,85-89 years,30,0,1
Republic of the Union of Myanmar,15,Male,90-94 years,30,0,1
Republic of the Union of Myanmar,15,Male,95+ years,30,0,1
Republic of the Union of Myanmar,15,Male,<5 years,30,0,1
Romania,52,Male,10-14 years,30,0,1
Romania,52,Male,15-19 years,30,0,1
Romania,52,Male,20-24 years,30,0,1
Romania,52,Male,25-29 years,30,0,1
Romania,52,Male,30-34 years,30,0,1
Romania,52,Male,35-39 years,30,0,1
Romania,52,Male,40-44 years,30,0,1
Romania,52,Male,45-49 years,30,0,1
Romania,52,Male,5-9 years,30,0,1
Romania,52,Male,50-54 years,30,0,1
Romania,52,Male,55-59 years,30,0,1
Romania,52,Male,60-64 years,30,0,1
Romania,52,Male,65-69 years,30,0,1
Romania,52,Male,70-74 years,30,0,1
Romania,52,Male,75-79 years,30,0,1
Romania,52,Male,80-84 years,30,0,1
Romania,52,Male,85-89 years,30,0,1
Romania,52,Male,90-94 years,30,0,1
Romania,52,Male,95+ years,30,0,1
Romania,52,Male,<5 years,30,0,1
Russian Federation,62,Male,10-14 years,30,0,1
Russian Federation,62,Male,15-19 years,30,0,1
Russian Federation,62,Male,20-24 years,30,0,1
Russian Federation,62,Male,25-29 years,30,0,1
Russian Federation,62,Male,30-34 years,30,0,1
Russian Federation,62,Male,35-39 years,30,0,1
Russian Federation,62,Male,40-44 years,30,0,1
Russian Federation,62,Male,45-49 years,30,0,1
Russian Federation,62,Male,5-9 years,30,0,1
Russian Federation,62,Male,50-54 years,30,0,1
Russian Federation,62,Male,55-59 years,30,0,1
Russian Federation,62,Male,60-64 years,30,0,1
Russian Federation,62,Male,65-69 years,30,0,1
Russian Federation,62,Male,70-74 years,30,0,1
Russian Federation,62,Male,75-79 years,30,0,1
Russian Federation,62,Male,80-84 years,30,0,1
Russian Federation,62,Male,85-89 years,30,0,1
Russian Federation,62,Male,90-94 years,30,0,1
Russian Federation,62,Male,95+ years,30,0,1
Russian Federation,62,Male,<5 years,30,0,1
Saint Kitts and Nevis,393,Male,10-14 years,30,0,1
Saint Kitts and Nevis,393,Male,15-19 years,30,0,1
Saint Kitts and Nevis,393,Male,20-24 years,30,0,1
Saint Kitts and Nevis,393,Male,25-29 years,30,0,1
Saint Kitts and Nevis,393,Male,30-34 years,30,0,1
Saint Kitts and Nevis,393,Male,35-39 years,30,0,1
Saint Kitts and Nevis,393,Male,40-44 years,30,0,1
Saint Kitts and Nevis,393,Male,45-49 years,30,0,1
Saint Kitts and Nevis,393,Male,5-9 years,30,0,1
Saint Kitts and Nevis,393,Male,50-54 years,30,0,1
Saint Kitts and Nevis,393,Male,55-59 years,30,0,1
Saint Kitts and Nevis,393,Male,60-64 years,30,0,1
Saint Kitts and Nevis,393,Male,65-69 years,30,0,1
Saint Kitts and Nevis,393,Male,70-74 years,30,0,1
Saint Kitts and Nevis,393,Male,75-79 years,30,0,1
Saint Kitts and Nevis,393,Male,80-84 years,30,0,1
Saint Kitts and Nevis,393,Male,85-89 years,30,0,1
Saint Kitts and Nevis,393,Male,90-94 years,30,0,1
Saint Kitts and Nevis,393,Male,95+ years,30,0,1
Saint Kitts and Nevis,393,Male,<5 years,30,0,1
Saint Lucia,116,Male,10-14 years,30,0,1
Saint Lucia,116,Male,15-19 years,30,0,1
Saint Lucia,116,Male,20-24 years,30,0,1
Saint Lucia,116,Male,25-29 years,30,0,1
Saint Lucia,116,Male,30-34 years,30,0,1
Saint Lucia,116,Male,35-39 years,30,0,1
Saint Lucia,116,Male,40-44 years,30,0,1
Saint Lucia,116,Male,45-49 years,30,0,1
Saint Lucia,116,Male,5-9 years,30,0,1
Saint Lucia,116,Male,50-54 years,30,0,1
Saint Lucia,116,Male,55-59 years,30,0,1
Saint Lucia,116,Male,60-64 years,30,0,1
Saint Lucia,116,Male,65-69 years,30,0,1
Saint Lucia,116,Male,70-74 years,30,0,1
Saint Lucia,116,Male,75-79 years,30,0,1
Saint Lucia,116,Male,80-84 years,30,0,1
Saint Lucia,116,Male,85-89 years,30,0,1
Saint Lucia,116,Male,90-94 years,30,0,1
Saint Lucia,116,Male,95+ years,30,0,1
Saint Lucia,116,Male,<5 years,30,0,1
Saint Vincent and the Grenadines,117,Male,10-14 years,30,0,1
Saint Vincent and the Grenadines,117,Male,15-19 years,30,0,1
Saint Vincent and the Grenadines,117,Male,20-24 years,30,0,1
Saint Vincent and the Grenadines,117,Male,25-29 years,30,0,1
Saint Vincent and the Grenadines,117,Male,30-34 years,30,0,1
Saint Vincent and the Grenadines,117,Male,35-39 years,30,0,1
Saint Vincent and the Grenadines,117,Male,40-44 years,30,0,1
Saint Vincent and the Grenadines,117,Male,45-49 years,30,0,1
Saint Vincent and the Grenadines,117,Male,5-9 years,30,0,1
Saint Vincent and the Grenadines,117,Male,50-54 years,30,0,1
Saint Vincent and the Grenadines,117,Male,55-59 years,30,0,1
Saint Vincent and the Grenadines,117,Male,60-64 years,30,0,1
Saint Vincent and the Grenadines,117,Male,65-69 years,30,0,1
Saint Vincent and the Grenadines,117,Male,70-74 years,30,0,1
Saint Vincent and the Grenadines,117,Male,75-79 years,30,0,1
Saint Vincent and the Grenadines,117,Male,80-84 years,30,0,1
Saint Vincent and the Grenadines,117,Male,85-89 years,30,0,1
Saint Vincent and the Grenadines,117,Male,90-94 years,30,0,1
Saint Vincent and the Grenadines,117,Male,95+ years,30,0,1
Saint Vincent and the Grenadines,117,Male,<5 years,30,0,1
Slovak Republic,54,Male,10-14 years,30,0,1
Slovak Republic,54,Male,15-19 years,30,0,1
Slovak Republic,54,Male,20-24 years,30,0,1
Slovak Republic,54,Male,25-29 years,30,0,1
Slovak Republic,54,Male,30-34 years,30,0,1
Slovak Republic,54,Male,35-39 years,30,0,1
Slovak Republic,54,Male,40-44 years,30,0,1
Slovak Republic,54,Male,45-49 years,30,0,1
Slovak Republic,54,Male,5-9 years,30,0,1
Slovak Republic,54,Male,50-54 years,30,0,1
Slovak Republic,54,Male,55-59 years,30,0,1
Slovak Republic,54,Male,60-64 years,30,0,1
Slovak Republic,54,Male,65-69 years,30,0,1
Slovak Republic,54,Male,70-74 years,30,0,1
Slovak Republic,54,Male,75-79 years,30,0,1
Slovak Republic,54,Male,80-84 years,30,0,1
Slovak Republic,54,Male,85-89 years,30,0,1
Slovak Republic,54,Male,90-94 years,30,0,1
Slovak Republic,54,Male,95+ years,30,0,1
Slovak Republic,54,Male,<5 years,30,0,1
Socialist Republic of Viet Nam,20,Male,10-14 years,30,0,1
Socialist Republic of Viet Nam,20,Male,15-19 years,30,0,1
Socialist Republic of Viet Nam,20,Male,20-24 years,30,0,1
Socialist Republic of Viet Nam,20,Male,25-29 years,30,0,1
Socialist Republic of Viet Nam,20,Male,30-34 years,30,0,1
Socialist Republic of Viet Nam,20,Male,35-39 years,30,0,1
Socialist Republic of Viet Nam,20,Male,40-44 years,30,0,1
Socialist Republic of Viet Nam,20,Male,45-49 years,30,0,1
Socialist Republic of Viet Nam,20,Male,5-9 years,30,0,1
Socialist Republic of Viet Nam,20,Male,50-54 years,30,0,1
Socialist Republic of Viet Nam,20,Male,55-59 years,30,0,1
Socialist Republic of Viet Nam,20,Male,60-64 years,30,0,1
Socialist Republic of Viet Nam,20,Male,65-69 years,30,0,1
Socialist Republic of Viet Nam,20,Male,70-74 years,30,0,1
Socialist Republic of Viet Nam,20,Male,75-79 years,30,0,1
Socialist Republic of Viet Nam,20,Male,80-84 years,30,0,1
Socialist Republic of Viet Nam,20,Male,85-89 years,30,0,1
Socialist Republic of Viet Nam,20,Male,90-94 years,30,0,1
Socialist Republic of Viet Nam,20,Male,95+ years,30,0,1
Socialist Republic of Viet Nam,20,Male,<5 years,30,0,1
Solomon Islands,28,Male,10-14 years,30,0,1
Solomon Islands,28,Male,15-19 years,30,0,1
Solomon Islands,28,Male,20-24 years,30,0,1
Solomon Islands,28,Male,25-29 years,30,0,1
Solomon Islands,28,Male,30-34 years,30,0,1
Solomon Islands,28,Male,35-39 years,30,0,1
Solomon Islands,28,Male,40-44 years,30,0,1
Solomon Islands,28,Male,45-49 years,30,0,1
Solomon Islands,28,Male,5-9 years,30,0,1
Solomon Islands,28,Male,50-54 years,30,0,1
Solomon Islands,28,Male,55-59 years,30,0,1
Solomon Islands,28,Male,60-64 years,30,0,1
Solomon Islands,28,Male,65-69 years,30,0,1
Solomon Islands,28,Male,70-74 years,30,0,1
Solomon Islands,28,Male,75-79 years,30,0,1
Solomon Islands,28,Male,80-84 years,30,0,1
Solomon Islands,28,Male,85-89 years,30,0,1
Solomon Islands,28,Male,90-94 years,30,0,1
Solomon Islands,28,Male,95+ years,30,0,1
Solomon Islands,28,Male,<5 years,30,0,1
State of Eritrea,178,Male,10-14 years,30,0,1
State of Eritrea,178,Male,15-19 years,30,0,1
State of Eritrea,178,Male,20-24 years,30,0,1
State of Eritrea,178,Male,25-29 years,30,0,1
State of Eritrea,178,Male,30-34 years,30,0,1
State of Eritrea,178,Male,35-39 years,30,0,1
State of Eritrea,178,Male,40-44 years,30,0,1
State of Eritrea,178,Male,45-49 years,30,0,1
State of Eritrea,178,Male,5-9 years,30,0,1
State of Eritrea,178,Male,50-54 years,30,0,1
State of Eritrea,178,Male,55-59 years,30,0,1
State of Eritrea,178,Male,60-64 years,30,0,1
State of Eritrea,178,Male,65-69 years,30,0,1
State of Eritrea,178,Male,70-74 years,30,0,1
State of Eritrea,178,Male,75-79 years,30,0,1
State of Eritrea,178,Male,80-84 years,30,0,1
State of Eritrea,178,Male,85-89 years,30,0,1
State of Eritrea,178,Male,90-94 years,30,0,1
State of Eritrea,178,Male,95+ years,30,0,1
State of Eritrea,178,Male,<5 years,30,0,1
State of Israel,85,Male,10-14 years,30,0,1
State of Israel,85,Male,15-19 years,30,0,1
State of Israel,85,Male,20-24 years,30,0,1
State of Israel,85,Male,25-29 years,30,0,1
State of Israel,85,Male,30-34 years,30,0,1
State of Israel,85,Male,35-39 years,30,0,1
State of Israel,85,Male,40-44 years,30,0,1
State of Israel,85,Male,45-49 years,30,0,1
State of Israel,85,Male,5-9 years,30,0,1
State of Israel,85,Male,50-54 years,30,0,1
State of Israel,85,Male,55-59 years,30,0,1
State of Israel,85,Male,60-64 years,30,0,1
State of Israel,85,Male,65-69 years,30,0,1
State of Israel,85,Male,70-74 years,30,0,1
State of Israel,85,Male,75-79 years,30,0,1
State of Israel,85,Male,80-84 years,30,0,1
State of Israel,85,Male,85-89 years,30,0,1
State of Israel,85,Male,90-94 years,30,0,1
State of Israel,85,Male,95+ years,30,0,1
State of Israel,85,Male,<5 years,30,0,1
State of Kuwait,145,Male,10-14 years,30,0,1
State of Kuwait,145,Male,15-19 years,30,0,1
State of Kuwait,145,Male,20-24 years,30,0,1
State of Kuwait,145,Male,25-29 years,30,0,1
State of Kuwait,145,Male,30-34 years,30,0,1
State of Kuwait,145,Male,35-39 years,30,0,1
State of Kuwait,145,Male,40-44 years,30,0,1
State of Kuwait,145,Male,45-49 years,30,0,1
State of Kuwait,145,Male,5-9 years,30,0,1
State of Kuwait,145,Male,50-54 years,30,0,1
State of Kuwait,145,Male,55-59 years,30,0,1
State of Kuwait,145,Male,60-64 years,30,0,1
State of Kuwait,145,Male,65-69 years,30,0,1
State of Kuwait,145,Male,70-74 years,30,0,1
State of Kuwait,145,Male,75-79 years,30,0,1
State of Kuwait,145,Male,80-84 years,30,0,1
State of Kuwait,145,Male,85-89 years,30,0,1
State of Kuwait,145,Male,90-94 years,30,0,1
State of Kuwait,145,Male,95+ years,30,0,1
State of Kuwait,145,Male,<5 years,30,0,1
State of Libya,147,Male,10-14 years,30,0,1
State of Libya,147,Male,15-19 years,30,0,1
State of Libya,147,Male,20-24 years,30,0,1
State of Libya,147,Male,25-29 years,30,0,1
State of Libya,147,Male,30-34 years,30,0,1
State of Libya,147,Male,35-39 years,30,0,1
State of Libya,147,Male,40-44 years,30,0,1
State of Libya,147,Male,45-49 years,30,0,1
State of Libya,147,Male,5-9 years,30,0,1
State of Libya,147,Male,50-54 years,30,0,1
State of Libya,147,Male,55-59 years,30,0,1
State of Libya,147,Male,60-64 years,30,0,1
State of Libya,147,Male,65-69 years,30,0,1
State of Libya,147,Male,70-74 years,30,0,1
State of Libya,147,Male,75-79 years,30,0,1
State of Libya,147,Male,80-84 years,30,0,1
State of Libya,147,Male,85-89 years,30,0,1
State of Libya,147,Male,90-94 years,30,0,1
State of Libya,147,Male,95+ years,30,0,1
State of Libya,147,Male,<5 years,30,0,1
State of Qatar,151,Male,10-14 years,30,0,1
State of Qatar,151,Male,15-19 years,30,0,1
State of Qatar,151,Male,20-24 years,30,0,1
State of Qatar,151,Male,25-29 years,30,0,1
State of Qatar,151,Male,30-34 years,30,0,1
State of Qatar,151,Male,35-39 years,30,0,1
State of Qatar,151,Male,40-44 years,30,0,1
State of Qatar,151,Male,45-49 years,30,0,1
State of Qatar,151,Male,5-9 years,30,0,1
State of Qatar,151,Male,50-54 years,30,0,1
State of Qatar,151,Male,55-59 years,30,0,1
State of Qatar,151,Male,60-64 years,30,0,1
State of Qatar,151,Male,65-69 years,30,0,1
State of Qatar,151,Male,70-74 years,30,0,1
State of Qatar,151,Male,75-79 years,30,0,1
State of Qatar,151,Male,80-84 years,30,0,1
State of Qatar,151,Male,85-89 years,30,0,1
State of Qatar,151,Male,90-94 years,30,0,1
State of Qatar,151,Male,95+ years,30,0,1
State of Qatar,151,Male,<5 years,30,0,1
Sultanate of Oman,150,Male,10-14 years,30,0,1
Sultanate of Oman,150,Male,15-19 years,30,0,1
Sultanate of Oman,150,Male,20-24 years,30,0,1
Sultanate of Oman,150,Male,25-29 years,30,0,1
Sultanate of Oman,150,Male,30-34 years,30,0,1
Sultanate of Oman,150,Male,35-39 years,30,0,1
Sultanate of Oman,150,Male,40-44 years,30,0,1
Sultanate of Oman,150,Male,45-49 years,30,0,1
Sultanate of Oman,150,Male,5-9 years,30,0,1
Sultanate of Oman,150,Male,50-54 years,30,0,1
Sultanate of Oman,150,Male,55-59 years,30,0,1
Sultanate of Oman,150,Male,60-64 years,30,0,1
Sultanate of Oman,150,Male,65-69 years,30,0,1
Sultanate of Oman,150,Male,70-74 years,30,0,1
Sultanate of Oman,150,Male,75-79 years,30,0,1
Sultanate of Oman,150,Male,80-84 years,30,0,1
Sultanate of Oman,150,Male,85-89 years,30,0,1
Sultanate of Oman,150,Male,90-94 years,30,0,1
Sultanate of Oman,150,Male,95+ years,30,0,1
Sultanate of Oman,150,Male,<5 years,30,0,1
Swiss Confederation,94,Male,10-14 years,30,0,1
Swiss Confederation,94,Male,15-19 years,30,0,1
Swiss Confederation,94,Male,20-24 years,30,0,1
Swiss Confederation,94,Male,25-29 years,30,0,1
Swiss Confederation,94,Male,30-34 years,30,0,1
Swiss Confederation,94,Male,35-39 years,30,0,1
Swiss Confederation,94,Male,40-44 years,30,0,1
Swiss Confederation,94,Male,45-49 years,30,0,1
Swiss Confederation,94,Male,5-9 years,30,0,1
Swiss Confederation,94,Male,50-54 years,30,0,1
Swiss Confederation,94,Male,55-59 years,30,0,1
Swiss Confederation,94,Male,60-64 years,30,0,1
Swiss Confederation,94,Male,65-69 years,30,0,1
Swiss Confederation,94,Male,70-74 years,30,0,1
Swiss Confederation,94,Male,75-79 years,30,0,1
Swiss Confederation,94,Male,80-84 years,30,0,1
Swiss Confederation,94,Male,85-89 years,30,0,1
Swiss Confederation,94,Male,90-94 years,30,0,1
Swiss Confederation,94,Male,95+ years,30,0,1
Swiss Confederation,94,Male,<5 years,30,0,1
Syrian Arab Republic,153,Male,10-14 years,30,0,1
Syrian Arab Republic,153,Male,15-19 years,30,0,1
Syrian Arab Republic,153,Male,20-24 years,30,0,1
Syrian Arab Republic,153,Male,25-29 years,30,0,1
Syrian Arab Republic,153,Male,30-34 years,30,0,1
Syrian Arab Republic,153,Male,35-39 years,30,0,1
Syrian Arab Republic,153,Male,40-44 years,30,0,1
Syrian Arab Republic,153,Male,45-49 years,30,0,1
Syrian Arab Republic,153,Male,5-9 years,30,0,1
Syrian Arab Republic,153,Male,50-54 years,30,0,1
Syrian Arab Republic,153,Male,55-59 years,30,0,1
Syrian Arab Republic,153,Male,60-64 years,30,0,1
Syrian Arab Republic,153,Male,65-69 years,30,0,1
Syrian Arab Republic,153,Male,70-74 years,30,0,1
Syrian Arab Republic,153,Male,75-79 years,30,0,1
Syrian Arab Republic,153,Male,80-84 years,30,0,1
Syrian Arab Republic,153,Male,85-89 years,30,0,1
Syrian Arab Republic,153,Male,90-94 years,30,0,1
Syrian Arab Republic,153,Male,95+ years,30,0,1
Syrian Arab Republic,153,Male,<5 years,30,0,1
Taiwan (Province of China),8,Male,10-14 years,30,0,1
Taiwan (Province of China),8,Male,15-19 years,30,0,1
Taiwan (Province of China),8,Male,20-24 years,30,0,1
Taiwan (Province of China),8,Male,25-29 years,30,0,1
Taiwan (Province of China),8,Male,30-34 years,30,0,1
Taiwan (Province of China),8,Male,35-39 years,30,0,1
Taiwan (Province of China),8,Male,40-44 years,30,0,1
Taiwan (Province of China),8,Male,45-49 years,30,0,1
Taiwan (Province of China),8,Male,5-9 years,30,0,1
Taiwan (Province of China),8,Male,50-54 years,30,0,1
Taiwan (Province of China),8,Male,55-59 years,30,0,1
Taiwan (Province of China),8,Male,60-64 years,30,0,1
Taiwan (Province of China),8,Male,65-69 years,30,0,1
Taiwan (Province of China),8,Male,70-74 years,30,0,1
Taiwan (Province of China),8,Male,75-79 years,30,0,1
Taiwan (Province of China),8,Male,80-84 years,30,0,1
Taiwan (Province of China),8,Male,85-89 years,30,0,1
Taiwan (Province of China),8,Male,90-94 years,30,0,1
Taiwan (Province of China),8,Male,95+ years,30,0,1
Taiwan (Province of China),8,Male,<5 years,30,0,1
Togolese Republic,218,Male,10-14 years,30,0,1
Togolese Republic,218,Male,15-19 years,30,0,1
Togolese Republic,218,Male,20-24 years,30,0,1
Togolese Republic,218,Male,25-29 years,30,0,1
Togolese Republic,218,Male,30-34 years,30,0,1
Togolese Republic,218,Male,35-39 years,30,0,1
Togolese Republic,218,Male,40-44 years,30,0,1
Togolese Republic,218,Male,45-49 years,30,0,1
Togolese Republic,218,Male,5-9 years,30,0,1
Togolese Republic,218,Male,50-54 years,30,0,1
Togolese Republic,218,Male,55-59 years,30,0,1
Togolese Republic,218,Male,60-64 years,30,0,1
Togolese Republic,218,Male,65-69 years,30,0,1
Togolese Republic,218,Male,70-74 years,30,0,1
Togolese Republic,218,Male,75-79 years,30,0,1
Togolese Republic,218,Male,80-84 years,30,0,1
Togolese Republic,218,Male,85-89 years,30,0,1
Togolese Republic,218,Male,90-94 years,30,0,1
Togolese Republic,218,Male,95+ years,30,0,1
Togolese Republic,218,Male,<5 years,30,0,1
Tokelau,413,Male,10-14 years,30,0,1
Tokelau,413,Male,15-19 years,30,0,1
Tokelau,413,Male,20-24 years,30,0,1
Tokelau,413,Male,25-29 years,30,0,1
Tokelau,413,Male,30-34 years,30,0,1
Tokelau,413,Male,35-39 years,30,0,1
Tokelau,413,Male,40-44 years,30,0,1
Tokelau,413,Male,45-49 years,30,0,1
Tokelau,413,Male,5-9 years,30,0,1
Tokelau,413,Male,50-54 years,30,0,1
Tokelau,413,Male,55-59 years,30,0,1
Tokelau,413,Male,60-64 years,30,0,1
Tokelau,413,Male,65-69 years,30,0,1
Tokelau,413,Male,70-74 years,30,0,1
Tokelau,413,Male,75-79 years,30,0,1
Tokelau,413,Male,80-84 years,30,0,1
Tokelau,413,Male,85-89 years,30,0,1
Tokelau,413,Male,90-94 years,30,0,1
Tokelau,413,Male,95+ years,30,0,1
Tokelau,413,Male,<5 years,30,0,1
Turkmenistan,40,Male,10-14 years,30,0,1
Turkmenistan,40,Male,15-19 years,30,0,1
Turkmenistan,40,Male,20-24 years,30,0,1
Turkmenistan,40,Male,25-29 years,30,0,1
Turkmenistan,40,Male,30-34 years,30,0,1
Turkmenistan,40,Male,35-39 years,30,0,1
Turkmenistan,40,Male,40-44 years,30,0,1
Turkmenistan,40,Male,45-49 years,30,0,1
Turkmenistan,40,Male,5-9 years,30,0,1
Turkmenistan,40,Male,50-54 years,30,0,1
Turkmenistan,40,Male,55-59 years,30,0,1
Turkmenistan,40,Male,60-64 years,30,0,1
Turkmenistan,40,Male,65-69 years,30,0,1
Turkmenistan,40,Male,70-74 years,30,0,1
Turkmenistan,40,Male,75-79 years,30,0,1
Turkmenistan,40,Male,80-84 years,30,0,1
Turkmenistan,40,Male,85-89 years,30,0,1
Turkmenistan,40,Male,90-94 years,30,0,1
Turkmenistan,40,Male,95+ years,30,0,1
Turkmenistan,40,Male,<5 years,30,0,1
Tuvalu,416,Male,10-14 years,30,0,1
Tuvalu,416,Male,15-19 years,30,0,1
Tuvalu,416,Male,20-24 years,30,0,1
Tuvalu,416,Male,25-29 years,30,0,1
Tuvalu,416,Male,30-34 years,30,0,1
Tuvalu,416,Male,35-39 years,30,0,1
Tuvalu,416,Male,40-44 years,30,0,1
Tuvalu,416,Male,45-49 years,30,0,1
Tuvalu,416,Male,5-9 years,30,0,1
Tuvalu,416,Male,50-54 years,30,0,1
Tuvalu,416,Male,55-59 years,30,0,1
Tuvalu,416,Male,60-64 years,30,0,1
Tuvalu,416,Male,65-69 years,30,0,1
Tuvalu,416,Male,70-74 years,30,0,1
Tuvalu,416,Male,75-79 years,30,0,1
Tuvalu,416,Male,80-84 years,30,0,1
Tuvalu,416,Male,85-89 years,30,0,1
Tuvalu,416,Male,90-94 years,30,0,1
Tuvalu,416,Male,95+ years,30,0,1
Tuvalu,416,Male,<5 years,30,0,1
Ukraine,63,Male,10-14 years,30,0,1
Ukraine,63,Male,15-19 years,30,0,1
Ukraine,63,Male,20-24 years,30,0,1
Ukraine,63,Male,25-29 years,30,0,1
Ukraine,63,Male,30-34 years,30,0,1
Ukraine,63,Male,35-39 years,30,0,1
Ukraine,63,Male,40-44 years,30,0,1
Ukraine,63,Male,45-49 years,30,0,1
Ukraine,63,Male,5-9 years,30,0,1
Ukraine,63,Male,50-54 years,30,0,1
Ukraine,63,Male,55-59 years,30,0,1
Ukraine,63,Male,60-64 years,30,0,1
Ukraine,63,Male,65-69 years,30,0,1
Ukraine,63,Male,70-74 years,30,0,1
Ukraine,63,Male,75-79 years,30,0,1
Ukraine,63,Male,80-84 years,30,0,1
Ukraine,63,Male,85-89 years,30,0,1
Ukraine,63,Male,90-94 years,30,0,1
Ukraine,63,Male,95+ years,30,0,1
Ukraine,63,Male,<5 years,30,0,1
Union of the Comoros,176,Male,10-14 years,30,0,1
Union of the Comoros,176,Male,15-19 years,30,0,1
Union of the Comoros,176,Male,20-24 years,30,0,1
Union of the Comoros,176,Male,25-29 years,30,0,1
Union of the Comoros,176,Male,30-34 years,30,0,1
Union of the Comoros,176,Male,35-39 years,30,0,1
Union of the Comoros,176,Male,40-44 years,30,0,1
Union of the Comoros,176,Male,45-49 years,30,0,1
Union of the Comoros,176,Male,5-9 years,30,0,1
Union of the Comoros,176,Male,50-54 years,30,0,1
Union of the Comoros,176,Male,55-59 years,30,0,1
Union of the Comoros,176,Male,60-64 years,30,0,1
Union of the Comoros,176,Male,65-69 years,30,0,1
Union of the Comoros,176,Male,70-74 years,30,0,1
Union of the Comoros,176,Male,75-79 years,30,0,1
Union of the Comoros,176,Male,80-84 years,30,0,1
Union of the Comoros,176,Male,85-89 years,30,0,1
Union of the Comoros,176,Male,90-94 years,30,0,1
Union of the Comoros,176,Male,95+ years,30,0,1
Union of the Comoros,176,Male,<5 years,30,0,1
United Arab Emirates,156,Male,10-14 years,30,0,1
United Arab Emirates,156,Male,15-19 years,30,0,1
United Arab Emirates,156,Male,20-24 years,30,0,1
United Arab Emirates,156,Male,25-29 years,30,0,1
United Arab Emirates,156,Male,30-34 years,30,0,1
United Arab Emirates,156,Male,35-39 years,30,0,1
United Arab Emirates,156,Male,40-44 years,30,0,1
United Arab Emirates,156,Male,45-49 years,30,0,1
United Arab Emirates,156,Male,5-9 years,30,0,1
United Arab Emirates,156,Male,50-54 years,30,0,1
United Arab Emirates,156,Male,55-59 years,30,0,1
United Arab Emirates,156,Male,60-64 years,30,0,1
United Arab Emirates,156,Male,65-69 years,30,0,1
United Arab Emirates,156,Male,70-74 years,30,0,1
United Arab Emirates,156,Male,75-79 years,30,0,1
United Arab Emirates,156,Male,80-84 years,30,0,1
United Arab Emirates,156,Male,85-89 years,30,0,1
United Arab Emirates,156,Male,90-94 years,30,0,1
United Arab Emirates,156,Male,95+ years,30,0,1
United Arab Emirates,156,Male,<5 years,30,0,1
United Kingdom of Great Britain and Northern Ireland,95,Male,10-14 years,30,0,1
United Kingdom of Great Britain and Northern Ireland,95,Male,15-19 years,30,0,1
United Kingdom of Great Britain and Northern Ireland,95,Male,20-24 years,30,0,1
United Kingdom of Great Britain and Northern Ireland,95,Male,25-29 years,30,0,1
United Kingdom of Great Britain and Northern Ireland,95,Male,30-34 years,30,0,1
United Kingdom of Great Britain and Northern Ireland,95,Male,35-39 years,30,0,1
United Kingdom of Great Britain and Northern Ireland,95,Male,40-44 years,30,0,1
United Kingdom of Great Britain and Northern Ireland,95,Male,45-49 years,30,0,1
United Kingdom of Great Britain and Northern Ireland,95,Male,5-9 years,30,0,1
United Kingdom of Great Britain and Northern Ireland,95,Male,50-54 years,30,0,1
United Kingdom of Great Britain and Northern Ireland,95,Male,55-59 years,30,0,1
United Kingdom of Great Britain and Northern Ireland,95,Male,60-64 years,30,0,1
United Kingdom of Great Britain and Northern Ireland,95,Male,65-69 years,30,0,1
United Kingdom of Great Britain and Northern Ireland,95,Male,70-74 years,30,0,1
United Kingdom of Great Britain and Northern Ireland,95,Male,75-79 years,30,0,1
United Kingdom of Great Britain and Northern Ireland,95,Male,80-84 years,30,0,1
United Kingdom of Great Britain and Northern Ireland,95,Male,85-89 years,30,0,1
United Kingdom of Great Britain and Northern Ireland,95,Male,90-94 years,30,0,1
United Kingdom of Great Britain and Northern Ireland,95,Male,95+ years,30,0,1
United Kingdom of Great Britain and Northern Ireland,95,Male,<5 years,30,0,1
United Mexican States,130,Male,10-14 years,30,0,1
United Mexican States,130,Male,15-19 years,30,0,1
United Mexican States,130,Male,20-24 years,30,0,1
United Mexican States,130,Male,25-29 years,30,0,1
United Mexican States,130,Male,30-34 years,30,0,1
United Mexican States,130,Male,35-39 years,30,0,1
United Mexican States,130,Male,40-44 years,30,0,1
United Mexican States,130,Male,45-49 years,30,0,1
United Mexican States,130,Male,5-9 years,30,0,1
United Mexican States,130,Male,50-54 years,30,0,1
United Mexican States,130,Male,55-59 years,30,0,1
United Mexican States,130,Male,60-64 years,30,0,1
United Mexican States,130,Male,65-69 years,30,0,1
United Mexican States,130,Male,70-74 years,30,0,1
United Mexican States,130,Male,75-79 years,30,0,1
United Mexican States,130,Male,80-84 years,30,0,1
United Mexican States,130,Male,85-89 years,30,0,1
United Mexican States,130,Male,90-94 years,30,0,1
United Mexican States,130,Male,95+ years,30,0,1
United Mexican States,130,Male,<5 years,30,0,1
United Republic of Tanzania,189,Male,10-14 years,30,0,1
United Republic of Tanzania,189,Male,15-19 years,30,0,1
United Republic of Tanzania,189,Male,20-24 years,30,0,1
United Republic of Tanzania,189,Male,25-29 years,30,0,1
United Republic of Tanzania,189,Male,30-34 years,30,0,1
United Republic of Tanzania,189,Male,35-39 years,30,0,1
United Republic of Tanzania,189,Male,40-44 years,30,0,1
United Republic of Tanzania,189,Male,45-49 years,30,0,1
United Republic of Tanzania,189,Male,5-9 years,30,0,1
United Republic of Tanzania,189,Male,50-54 years,30,0,1
United Republic of Tanzania,189,Male,55-59 years,30,0,1
United Republic of Tanzania,189,Male,60-64 years,30,0,1
United Republic of Tanzania,189,Male,65-69 years,30,0,1
United Republic of Tanzania,189,Male,70-74 years,30,0,1
United Republic of Tanzania,189,Male,75-79 years,30,0,1
United Republic of Tanzania,189,Male,80-84 years,30,0,1
United Republic of Tanzania,189,Male,85-89 years,30,0,1
United Republic of Tanzania,189,Male,90-94 years,30,0,1
United Republic of Tanzania,189,Male,95+ years,30,0,1
United Republic of Tanzania,189,Male,<5 years,30,0,1
United States Virgin Islands,422,Male,10-14 years,30,0,1
United States Virgin Islands,422,Male,15-19 years,30,0,1
United States Virgin Islands,422,Male,20-24 years,30,0,1
United States Virgin Islands,422,Male,25-29 years,30,0,1
United States Virgin Islands,422,Male,30-34 years,30,0,1
United States Virgin Islands,422,Male,35-39 years,30,0,1
United States Virgin Islands,422,Male,40-44 years,30,0,1
United States Virgin Islands,422,Male,45-49 years,30,0,1
United States Virgin Islands,422,Male,5-9 years,30,0,1
United States Virgin Islands,422,Male,50-54 years,30,0,1
United States Virgin Islands,422,Male,55-59 years,30,0,1
United States Virgin Islands,422,Male,60-64 years,30,0,1
United States Virgin Islands,422,Male,65-69 years,30,0,1
United States Virgin Islands,422,Male,70-74 years,30,0,1
United States Virgin Islands,422,Male,75-79 years,30,0,1
United States Virgin Islands,422,Male,80-84 years,30,0,1
United States Virgin Islands,422,Male,85-89 years,30,0,1
United States Virgin Islands,422,Male,90-94 years,30,0,1
United States Virgin Islands,422,Male,95+ years,30,0,1
United States Virgin Islands,422,Male,<5 years,30,0,1
United States of America,102,Male,10-14 years,30,0,1
United States of America,102,Male,15-19 years,30,0,1
United States of America,102,Male,20-24 years,30,0,1
United States of America,102,Male,25-29 years,30,0,1
United States of America,102,Male,30-34 years,30,0,1
United States of America,102,Male,35-39 years,30,0,1
United States of America,102,Male,40-44 years,30,0,1
United States of America,102,Male,45-49 years,30,0,1
United States of America,102,Male,5-9 years,30,0,1
United States of America,102,Male,50-54 years,30,0,1
United States of America,102,Male,55-59 years,30,0,1
United States of America,102,Male,60-64 years,30,0,1
United States of America,102,Male,65-69 years,30,0,1
United States of America,102,Male,70-74 years,30,0,1
United States of America,102,Male,75-79 years,30,0,1
United States of America,102,Male,80-84 years,30,0,1
United States of America,102,Male,85-89 years,30,0,1
United States of America,102,Male,90-94 years,30,0,1
United States of America,102,Male,95+ years,30,0,1
United States of America,102,Male,<5 years,30,0,1
