sum.w,X.Intercept.,DD_z,SDI_z,PM25_z,X.Intercept._se,DD_z_se,SDI_z_se,PM25_z_se,gwr.e,pred,pred.se,localR2,X.Intercept._se_EDF,DD_z_se_EDF,SDI_z_se_EDF,PM25_z_se_EDF,pred.se.1,lng,lat,location_name,analysis,n,bandwidth_km,exposure_local_se,exposure_name,exposure_local_beta,exposure_local_t,IHD_z,IHD_z_se,IHD_z_se_EDF
5.53125151904179,-0.166183512631775,-0.168266212868692,-0.0535538103039226,0.0886472511425426,1.24962062111031,0.816050337713311,0.443417198110428,1.03072086182056,0.00837412960303531,-0.0197359822527476,0.468816528444875,0.523768653835067,1.35654231548657,0.885874317352103,0.48135744760424,1.11891276511749,0.508930029075475,-170.7046,-14.274,American Samoa,Full 204: DD association with IHD,204,942.565312830121,0.816050337713311,DD_z,-0.168266212868692,-0.206195874313585,,,
12.4681822662875,-0.0791863885356629,0.0717777437437628,0.0895194917747911,0.136225502310767,0.152923505269395,0.197355866050892,0.253168220342183,0.366925743512325,0.00906856517578814,-0.107963269927188,0.191283299778773,0.750683501787892,0.166008148734091,0.214242290007713,0.274830134865613,0.398321129875064,0.207650134778707,-61.85,17.1167,Antigua and Barbuda,Full 204: DD association with IHD,204,942.565312830121,0.197355866050892,DD_z,0.0717777437437628,0.363697037134197,,,
11.9931730037548,0.944133269234478,0.381684043087037,-0.642940223855281,0.840662561621465,0.130648789797674,0.114977500612059,0.158775468688946,0.106363456083569,-0.359994390074269,3.11451136075456,0.260752925748728,0.727008955459405,0.141827534560194,0.124815357776792,0.172360825597127,0.115464266963326,0.283063812880094,31.2358,30.0444,Arab Republic of Egypt,Full 204: DD association with IHD,204,942.565312830121,0.114977500612059,DD_z,0.381684043087037,3.31964115635859,,,
3.34139477975195,-0.893452123381582,-0.38220685386724,-0.130434116714661,0.0291696173258983,0.619206627190923,0.638371547329575,0.767547424121725,0.932129495294473,0.00168387057313913,-0.68123831405082,0.476017701688998,0.920834324366219,0.672188004602439,0.692992739016875,0.833221333238483,1.01188559353044,0.516747358640766,-58.3814,-34.6036,Argentine Republic,Full 204: DD association with IHD,204,942.565312830121,0.638371547329575,DD_z,-0.38220685386724,-0.598721630790221,,,
1.0290266346784,-2.1512674010237,0.0548875063271865,-0.862642296187724,-2.30867627119922,2.2510825891838,0.772793872006425,0.964833000365172,3.01572708149792,0.000114758851450131,-0.806063622389757,0.499693539885313,0.99774264597005,2.44369269864451,0.838916684644629,1.04738731920917,3.2737627155799,0.542448980257235,144.9631,-37.8142,Australia,Full 204: DD association with IHD,204,942.565312830121,0.772793872006425,DD_z,0.0548875063271865,0.0710247691078096,,,
12.0231834718692,-0.0948311808296162,0.0644827307582943,0.123645887019891,0.152915650032397,0.158119286546451,0.192011582891057,0.280613706135843,0.376524683035636,-0.0195698509673141,-0.0450746908688181,0.234107093289331,0.817450443770264,0.171648498329215,0.208440732215063,0.304623947659055,0.408741386573132,0.254138074418432,-59.6131,13.0969,Barbados,Full 204: DD association with IHD,204,942.565312830121,0.192011582891057,DD_z,0.0644827307582943,0.335827296392219,,,
8.07582049131848,-0.213740059551337,-0.155795945202174,0.074942266232494,0.296864155973217,0.265011068434667,0.420167153551976,0.291050840850179,0.547176146228546,-0.0308076684921268,-0.084730016280523,0.397366623046276,0.654556680369187,0.287686296409313,0.456118051944729,0.31595411831505,0.593994356242592,0.431366632254613,-88.1886,17.4986,Belize,Full 204: DD association with IHD,204,942.565312830121,0.420167153551976,DD_z,-0.155795945202174,-0.370795155892406,,,
4.01390790734616,-0.131391350597953,-0.363432194427967,-0.140971702409963,0.118630133021643,0.200965197267557,0.274852347136677,0.278717323862326,0.454651047089158,0.101840372817032,-0.236997489957301,0.277446798181772,0.936745044701121,0.218160447601545,0.298369627631803,0.302565304614194,0.493552502045558,0.301186068532883,-64.7819,32.2942,Bermuda,Full 204: DD association with IHD,204,942.565312830121,0.274852347136677,DD_z,-0.363432194427967,-1.32228157486769,,,
11.9497861503629,-0.0982409743068592,0.096490193253007,0.131769099750992,0.201078286513986,0.14773445753202,0.181808758217584,0.241386030226324,0.353824777494705,-0.0507641656163165,-0.292996146954028,0.207343344683455,0.868832117722804,0.160375108822686,0.197364919945928,0.262039821396658,0.384099201654272,0.225084330512815,-66.9036,10.4806,Bolivarian Republic of Venezuela,Full 204: DD association with IHD,204,942.565312830121,0.181808758217584,DD_z,0.096490193253007,0.530723570189783,,,
26.0236288700097,1.1651745828561,0.281914838465313,-1.16645782880319,0.653411012363393,0.197174354193927,0.0915746890115254,0.289965206517035,0.232840444609255,-0.902708629536807,0.5627632065935,0.156058450985475,0.726358071634891,0.214045247392877,0.0994101238192441,0.314775593499458,0.252763047066648,0.169411330826938,18.4131,43.8564,Bosnia and Herzegovina,Full 204: DD association with IHD,204,942.565312830121,0.0915746890115254,DD_z,0.281914838465313,3.0785235692128,,,
3.88012877682087,-0.290734509133061,0.303527844130921,0.000409877479754746,0.27646466188827,0.693703730025233,0.492348646192473,0.21415566337802,0.290087376831788,-0.0710678256428242,-1.1467633520234,0.40379078163564,0.785889060583204,0.753059327201216,0.534475633043875,0.232479533840644,0.314908217112464,0.438340463208303,114.9422,4.8903,Brunei Darussalam,Full 204: DD association with IHD,204,942.565312830121,0.492348646192473,DD_z,0.303527844130921,0.616489649109876,,,
9.58296456061304,0.0396963141102207,0.0181525553231355,0.0789555830412676,-0.0220766746383799,0.360049332054429,0.183892269257415,0.217468728123393,0.171389903353299,-0.11380346814429,-0.176632233375601,0.178662143389282,0.786559434121383,0.390856349794015,0.199626703116411,0.236076075419041,0.186054593224722,0.193949070292827,-1.5275,12.3686,Burkina Faso,Full 204: DD association with IHD,204,942.565312830121,0.183892269257415,DD_z,0.0181525553231355,0.0987129877533094,,,
2.20613707059988,0.0389570608981589,-0.217353724411941,-0.309172061834809,0.400657817055684,0.386241425340289,0.409868360452248,0.507761876820325,0.819606466547567,-0.0892355708940045,-0.756455219747943,0.412747072368833,0.943189690271198,0.419289525650117,0.444938059871767,0.551207670921464,0.889734720390831,0.448063083949454,-79.3733,43.7417,Canada,Full 204: DD association with IHD,204,942.565312830121,0.409868360452248,DD_z,-0.217353724411941,-0.530301300085991,,,
7.14483515593408,-0.0871804737887197,-0.00467658115585928,0.126339628547316,0.1270941802889,0.337852066033571,0.154863579486156,0.185151580183288,0.154353860877309,0.185044221740649,-0.263984119212163,0.261017094397183,0.764501110544669,0.366759811903458,0.168114222150103,0.200993764871349,0.167560890322658,0.28335058467627,18.5628,4.3733,Central African Republic,Full 204: DD association with IHD,204,942.565312830121,0.154863579486156,DD_z,-0.00467658115585928,-0.0301980696260307,,,
12.7542116065048,-0.0854614648189591,0.0708177453696262,0.103536466432683,0.143965870490012,0.153813864812419,0.193109160569915,0.260011611968345,0.370045740882796,0.00360279065084421,-0.0927297010824676,0.185951125749572,0.783649744099448,0.166974690399381,0.209632222288731,0.282259069828359,0.401708084592161,0.201861722214162,-61.3883,15.3014,Commonwealth of Dominica,Full 204: DD association with IHD,204,942.565312830121,0.193109160569915,DD_z,0.0708177453696262,0.366723904555459,,,
7.42845987015971,-0.14548766313058,-0.228808827635799,0.0194947647001368,0.274982665090502,0.214840227654007,0.272196395202848,0.244604158250516,0.38857867329785,0.0623695759233857,-0.0804808486824715,0.277145071217523,0.832733796725029,0.233222671711737,0.295486423621504,0.265533303152418,0.421826756312491,0.300858524806562,-77.3503,25.0442,Commonwealth of the Bahamas,Full 204: DD association with IHD,204,942.565312830121,0.272196395202848,DD_z,-0.228808827635799,-0.840601975883201,,,
2.55656404330049,-0.191285106776785,-0.170539668042248,-0.0446230515184335,0.0710260771669436,1.34141888915895,1.05516887121275,0.734150192245705,1.56028131641146,-0.00346298453294519,-0.098492016292891,0.416572426037568,0.664041766323798,1.45619514850857,1.14545262746423,0.796966523182864,1.6937841725872,0.452215747594464,-159.771,-21.207,Cook Islands,Full 204: DD association with IHD,204,942.565312830121,1.05516887121275,DD_z,-0.170539668042248,-0.161623103841416,,,
26.1689931839464,1.18002237891005,0.266746522602928,-1.31111480155777,0.34645880102328,0.214212633060814,0.100833460088741,0.319839082476593,0.299920708405186,0.441348575778027,-0.594951313092981,0.11285272319533,0.718362289442803,0.232541378038879,0.109461106128168,0.347205577593933,0.325582921223598,0.122508777341025,14.4214,50.0875,Czech Republic,Full 204: DD association with IHD,204,942.565312830121,0.100833460088741,DD_z,0.266746522602928,2.64541673337572,,,
2.82232566422154,0.640406018247475,0.881450464683022,-0.454437878390258,0.757432651388734,0.454975689899582,0.397690047010956,0.359283765677869,0.502018692295673,-0.0182222077628172,-0.232178113605201,0.48634831010313,0.966483488346477,0.49390492237403,0.431717729448848,0.390025279013353,0.544973080437182,0.527961888252192,125.7475,39.0167,Democratic People's Republic of Korea,Full 204: DD association with IHD,204,942.565312830121,0.397690047010956,DD_z,0.881450464683022,2.21642575998071,,,
9.48492198049992,-0.0684807592882487,-0.030974257323992,0.0605325539978007,0.00894030646445572,0.365598767958588,0.179163193737028,0.200803019528348,0.183582008685935,0.0365253158429292,-0.104355919345598,0.384851232068539,0.450117907555712,0.39688061388177,0.194492992173935,0.217984393395852,0.199289895619056,0.417780382820706,6.7306,0.3361,Democratic Republic of Sao Tome and Principe,Full 204: DD association with IHD,204,942.565312830121,0.179163193737028,DD_z,-0.030974257323992,-0.172882926888741,,,
1.42669225499997,0.662875427029793,1.04488685759698,0.0862087964974243,-0.12531002246341,1.00897555658484,0.676200453575494,0.378065946907047,0.783620244918377,-0.0334044901028818,-0.738839194752592,0.471029634662184,0.933312171203258,1.09530685927927,0.734058412233413,0.410414526104906,0.850669398012348,0.511332496017625,125.5795,-8.5594,Democratic Republic of Timor-Leste,Full 204: DD association with IHD,204,942.565312830121,0.676200453575494,DD_z,1.04488685759698,1.54523241159039,,,
7.44657780150636,-0.138264010161727,-0.000419252312624889,0.0831283976288151,0.0626163802921121,0.311636048834839,0.14850219932526,0.207820877758991,0.169688891504869,-0.0385140407973585,-0.254101597652268,0.215746716650155,0.532951323581164,0.338300665124971,0.16120854115591,0.225602722905727,0.184208037147975,0.23420672291978,15.3119,-4.3219,Democratic Republic of the Congo,Full 204: DD association with IHD,204,942.565312830121,0.14850219932526,DD_z,-0.000419252312624889,-0.00282320608401638,,,
2.16938468815492,-0.0707855917011664,0.43527685936219,0.0248339438939428,0.359315826083708,0.321846192175113,0.219488720930654,0.585561345749241,0.52025145342004,-0.0471942975735274,-0.612950322856701,0.371341357895672,0.924279908898643,0.349384422270366,0.238268905525824,0.635663921035746,0.564765897213353,0.403114558903596,79.8333,6.9167,Democratic Socialist Republic of Sri Lanka,Full 204: DD association with IHD,204,942.565312830121,0.219488720930654,DD_z,0.43527685936219,1.98313998786166,,,
11.4470416262261,-0.074967706517875,0.0571117172704913,0.0749279147772293,0.184746866401855,0.151423577908352,0.216099060427299,0.223324345225341,0.328016644255999,0.0283231981400564,-0.122019591751318,0.153356736279942,0.750189406506046,0.164379882601924,0.23458921440177,0.242432718585685,0.356082838743333,0.166478448430062,-70.6889,19.4572,Dominican Republic,Full 204: DD association with IHD,204,942.565312830121,0.216099060427299,DD_z,0.0571117172704913,0.264284893962809,,,
3.21774760971939,-0.909897548525776,-0.373848749332225,-0.0957725756804044,0.0136801346641333,0.663944431287319,0.638022488858234,0.825053258769844,0.968709161688033,0.0592996494595602,-0.905241971285708,0.403289153535918,0.908732773654841,0.720753723936349,0.692613813942373,0.895647558262069,1.05159513778009,0.437795914140838,-56.1842,-34.9056,Eastern Republic of Uruguay,Full 204: DD association with IHD,204,942.565312830121,0.638022488858234,DD_z,-0.373848749332225,-0.585949172420617,,,
7.19568707350763,0.113192585035376,-0.186131989255285,0.290497652639748,1.08331610726083,0.301921655266497,0.197836750465185,0.149327821395197,0.177393639896981,-0.248037150186505,-0.251127512355562,0.174949425873299,0.652752327108221,0.327755075749982,0.214764320491066,0.162104806194714,0.192572029424919,0.189918680324227,38.74,9.03,Federal Democratic Republic of Ethiopia,Full 204: DD association with IHD,204,942.565312830121,0.197836750465185,DD_z,-0.186131989255285,-0.940836264332192,,,
4.6819867101298,0.724629968636451,0.227633586674991,0.180694003417884,-0.0516413901196755,0.283403517011346,0.207435123164276,0.286193510120997,0.376777829323253,-0.35313625311192,0.797087765728696,0.332120600660768,0.668987788041654,0.307652464027056,0.225183961865549,0.310681178221765,0.409016192898635,0.360537943300614,85.32,27.71,Federal Democratic Republic of Nepal,Full 204: DD association with IHD,204,942.565312830121,0.207435123164276,DD_z,0.227633586674991,1.09737243723532,,,
24.1458351469166,1.22778799685946,0.254307115880983,-1.45563731592479,0.158909596643921,0.230403564198203,0.109504315290627,0.340867466515832,0.332052714274381,0.294431286770853,-1.05778753645125,0.142865298358115,0.716859178599186,0.250117659066861,0.118873868525098,0.370033220074885,0.360464248329337,0.155089328203627,13.405,52.52,Federal Republic of Germany,Full 204: DD association with IHD,204,942.565312830121,0.109504315290627,DD_z,0.254307115880983,2.32234789292135,,,
10.6936589935461,-0.0388187463784122,-0.0327772782278463,0.0598940162291149,-0.00496483647497079,0.341628225144633,0.176220261814008,0.209355877916917,0.172807958032277,0.0151427448746064,-0.0844825354824766,0.260588465606531,0.63750905804837,0.370859071740908,0.191298253212581,0.227269062779868,0.187593981375981,0.282885280981426,3.3841,6.455,Federal Republic of Nigeria,Full 204: DD association with IHD,204,942.565312830121,0.176220261814008,DD_z,-0.0327772782278463,-0.186001756497451,,,
5.44124158769152,-0.0604623626419984,-0.23561927819327,0.0903890560897294,0.938790259160539,0.239540813952519,0.202786767983945,0.191014858208138,0.188837807144888,0.150059027557963,-0.436302542674517,0.390959937093785,0.596469713283003,0.260036722284532,0.220137877963758,0.207358724454926,0.204995397665672,0.424411768954689,45.3419,2.0392,Federal Republic of Somalia,Full 204: DD association with IHD,204,942.565312830121,0.202786767983945,DD_z,-0.23561927819327,-1.16190657080705,,,
2.6514935030441,-0.519049126618399,-0.103988664066029,-0.0701039591499456,-0.422283464908494,2.32970954052503,1.66420719609995,0.377112801807413,1.22112056305263,0.0024730027499662,-0.0512710799814828,0.3539399313903,0.814678421382979,2.52904723331705,1.806602296016,0.409379826742067,1.32560369772055,0.384224208499973,151.8583,7.4417,Federated States of Micronesia,Full 204: DD association with IHD,204,942.565312830121,1.66420719609995,DD_z,-0.103988664066029,-0.0624854070513127,,,
2.12206574131104,-0.619121207829356,-0.25264992082599,-0.0398891441342698,0.419023848280069,0.503082799997497,0.808888707700648,0.922065615518638,0.79645716678587,-0.00894515587247792,-0.990473110179856,0.407725822901047,0.831073184654572,0.546128236731319,0.878099914468608,1.00096061474627,0.864604689587783,0.442612199685384,-46.6339,-23.5504,Federative Republic of Brazil,Full 204: DD association with IHD,204,942.565312830121,0.808888707700648,DD_z,-0.25264992082599,-0.312342005050576,,,
19.2741608712362,0.928065868327,0.17122011656671,-0.669912172334465,1.16245064330672,0.205151205870653,0.109817327932807,0.310183324437487,0.31534153439767,-0.175301508819904,-0.787644735523394,0.107999926409842,0.742005839519619,0.222704625016003,0.11921366356947,0.336723640798982,0.342323204350466,0.117240759130729,2.3522,48.8567,French Republic,Full 204: DD association with IHD,204,942.565312830121,0.109817327932807,DD_z,0.17122011656671,1.55913570098403,,,
9.40897233204662,-0.0866164096781236,-0.0224461394322935,0.0589484337782555,0.0159446632987945,0.36678102691987,0.177968317015166,0.201128759160894,0.181684011298176,-0.0330537436586852,-0.131825975081247,0.265781201462555,0.48190338713518,0.398164030849886,0.193195877827699,0.218338004394194,0.197229499265408,0.288522324579172,9.4544,0.3901,Gabonese Republic,Full 204: DD association with IHD,204,942.565312830121,0.177968317015166,DD_z,-0.0224461394322935,-0.126124356339116,,,
11.4214971400458,1.58510213233012,0.299239702228441,-1.09280432398097,0.724837713211513,0.155089744157636,0.112889944817677,0.179728956209042,0.0884219685555703,-0.0961046274089478,0.716044125237834,0.120233514841101,0.700022510099132,0.168359738222699,0.122549183769114,0.195107163163783,0.0959876461206902,0.130521094055503,44.7925,41.7225,Georgia,Full 204: DD association with IHD,204,942.565312830121,0.112889944817677,DD_z,0.299239702228441,2.65072059971089,,,
22.2524833630824,0.963810755643676,0.19169808382938,-0.868708595297454,0.856282592996567,0.208113347642998,0.105762871477127,0.311255395377351,0.307371803323954,-0.0556198531884442,-1.1554619043684,0.128699581343865,0.736329780861028,0.225920217485249,0.114812294341472,0.337887441692277,0.333671556592815,0.139711545351448,6.1319,49.6117,Grand Duchy of Luxembourg,Full 204: DD association with IHD,204,942.565312830121,0.105762871477127,DD_z,0.19169808382938,1.81252722389292,,,
1.35457610336406,-0.228453621182772,-0.0127454292174469,-0.737896443048203,-0.237621294903481,1.27736934036309,0.198883047709116,1.34960822405537,1.93287652425835,0.000193084608309051,-0.765561583762309,0.498957875190039,0.81969326321913,1.38666530740191,0.215900142405327,1.46508519012201,2.09825986501193,0.54165036964511,-51.7361,64.1767,Greenland,Full 204: DD association with IHD,204,942.565312830121,0.198883047709116,DD_z,-0.0127454292174469,-0.0640850457807152,,,
12.6130888201897,-0.0963244179266188,0.0708048345994631,0.127933243461682,0.16528842836075,0.155130353787417,0.18901300321251,0.26932331090442,0.372364372174954,0.0576775820206733,-0.100229301511217,0.203378751282529,0.839473826951816,0.1684038225474,0.205185584091233,0.292367508679692,0.404225105685354,0.220780513321262,-61.75,12.05,Grenada,Full 204: DD association with IHD,204,942.565312830121,0.18901300321251,DD_z,0.0708048345994631,0.374602981784572,,,
3.02950695193507,-0.651186312059341,-0.120800009491708,-0.0946590437011456,-0.550240899127643,2.75156281924681,1.87371937177078,0.466367872515368,0.784549107231188,0.028938458961486,-0.130013100642622,0.459779349281483,0.925029623512926,2.98699568090618,2.03404102990518,0.506271858004729,0.851677736872401,0.499119598821145,144.7332,13.4692,Guam,Full 204: DD association with IHD,204,942.565312830121,1.87371937177078,DD_z,-0.120800009491708,-0.0644707053316871,,,
13.6872976059683,1.20043149364051,0.344800994136453,-0.845377420503348,0.791976670302583,0.141379576244512,0.118988256339298,0.180652227285148,0.0914431313906111,0.964986441064405,1.16237944367659,0.104373853167637,0.71229810980849,0.153476482767092,0.129169287096753,0.196109432382332,0.0992673096909559,0.113304427007997,35.9328,31.9497,Hashemite Kingdom of Jordan,Full 204: DD association with IHD,204,942.565312830121,0.118988256339298,DD_z,0.344800994136453,2.89777331599216,,,
19.5418098531246,1.31627093944173,0.276835163701486,-1.38403748440961,0.694764489170373,0.176880102397446,0.0930897410864938,0.248280136368704,0.169619904475456,-1.42401774224359,0.244000085935478,0.190535527840996,0.747878067742929,0.192014551949804,0.101054808786138,0.269523810178217,0.184133147358996,0.206838380988163,23.7281,37.9842,Hellenic Republic,Full 204: DD association with IHD,204,942.565312830121,0.0930897410864938,DD_z,0.276835163701486,2.97385254777179,,,
26.9102412157445,1.24401997155056,0.303269474318531,-1.33633609382663,0.386393390144288,0.205163549094517,0.0939960480608859,0.306918373872231,0.263866403295266,0.244283530625093,-0.342214032503726,0.124622911612395,0.712785897768152,0.222718024367133,0.102038662398037,0.333179330209896,0.286443689915449,0.135286062205941,19.0408,47.4983,Hungary,Full 204: DD association with IHD,204,942.565312830121,0.0939960480608859,DD_z,0.303269474318531,3.22640664767192,,,
1.66273540178869,-1.40230340122321,-0.20082478227975,-0.320007300716486,-1.31502652941323,2.18988517273447,0.839118240472075,0.615733775775699,2.27932413854918,0.00159649397828905,-0.209026904712098,0.44406277863003,0.986316193243156,2.37725902780911,0.910915986554064,0.66841800447555,2.47435068885517,0.482058266139162,147.1494,-9.4789,Independent State of Papua New Guinea,Full 204: DD association with IHD,204,942.565312830121,0.839118240472075,DD_z,-0.20082478227975,-0.239328348012992,,,
5.63652812242852,-0.158025814160647,-0.167657972146843,-0.0566200079537085,0.0956177650076772,1.24501762097361,0.817678901781048,0.434920216010814,1.02041219579293,-0.011147860760954,0.0285863287021704,0.306496435674897,0.524573626235732,1.35154546735671,0.887642226775208,0.472133435470209,1.10772205535609,0.332721289577776,-171.75,-13.8333,Independent State of Samoa,Full 204: DD association with IHD,204,942.565312830121,0.817678901781048,DD_z,-0.167657972146843,-0.205041333195286,,,
10.7633839542182,0.797085943529847,0.0408807472015717,-0.61542016264819,1.04362478546357,0.234148847116704,0.149696405795951,0.373194232544176,0.42249867791719,0.00859431889200079,-0.997280587751791,0.172516097621074,0.679637496877492,0.254183400842073,0.162504927902058,0.405125971666418,0.458649069285168,0.187277148417783,-6.2603,53.3497,Ireland,Full 204: DD association with IHD,204,942.565312830121,0.149696405795951,DD_z,0.0408807472015717,0.273091040390747,,,
6.92643826848549,1.44857232736769,0.0711978188707831,0.200752144431049,0.41008217474577,0.187679238927322,0.24561943990565,0.189174897969948,0.163038352463352,0.643301511361037,1.69862047350277,0.385725071221472,0.480862140530758,0.203737698500056,0.266635455681001,0.205361331102293,0.176988455878103,0.418728990556411,69.1783,34.5253,Islamic Republic of Afghanistan,Full 204: DD association with IHD,204,942.565312830121,0.24561943990565,DD_z,0.0711978188707831,0.289870455278835,,,
10.7980570827553,1.46324504249694,0.197245672214729,-0.299095763618432,0.553523550156824,0.144877411615021,0.142138594290847,0.149425952446273,0.0932231439288201,0.0680846330098074,1.94873329627518,0.173006273142411,0.640827021705655,0.157273604559533,0.154300444920626,0.16221133366473,0.101199626019116,0.187809264986184,51.3897,35.6889,Islamic Republic of Iran,Full 204: DD association with IHD,204,942.565312830121,0.142138594290847,DD_z,0.197245672214729,1.38769961247204,,,
6.96552800345593,0.229559994367127,0.0955910469565529,0.114479263391466,-0.0657230527455942,0.4737916374201,0.274864012573076,0.27432149720022,0.196131683106387,0.0807258317195714,-0.112126335377237,0.410070463454397,0.743364492967904,0.514330824913057,0.298382291201719,0.297793356410112,0.212913361901002,0.445157455478618,-15.9785,18.0858,Islamic Republic of Mauritania,Full 204: DD association with IHD,204,942.565312830121,0.274864012573076,DD_z,0.0955910469565529,0.347775782146594,,,
5.20221018034644,1.55777837202798,0.543239021907327,0.560594652496943,0.136980138752412,0.206888769255723,0.235813577183533,0.201314398126183,0.149768487512431,-0.20805277404595,1.33017428113064,0.227218572353585,0.713674024795218,0.22459086010037,0.255990570747376,0.218539527246461,0.162583177169816,0.246660148732353,67.01,24.86,Islamic Republic of Pakistan,Full 204: DD association with IHD,204,942.565312830121,0.235813577183533,DD_z,0.543239021907327,2.30368000178602,,,
10.3699698223768,-0.103149034854809,0.0172275681036016,0.0979052748126884,0.272752555633175,0.167408630330589,0.244199817262369,0.210130367170195,0.330689104863816,0.0442438647941621,-0.199775007854652,0.134341805795425,0.768075703277487,0.181732669247497,0.2650943654052,0.228109819908242,0.358983963964645,0.14583653728317,-76.7931,17.9714,Jamaica,Full 204: DD association with IHD,204,942.565312830121,0.244199817262369,DD_z,0.0172275681036016,0.0705470147223423,,,
2.01946240582267,0.477744661595717,0.658262972874692,-0.584770321270757,0.307252217840373,0.771366174846684,0.653647410980267,0.354106342323047,0.697480880417887,-0.0543803124929611,-1.26758477543216,0.440299995433166,0.955055927846831,0.837366828969898,0.709575656342099,0.384404858105315,0.757159663137606,0.477973526703594,139.7495,35.687,Japan,Full 204: DD association with IHD,204,942.565312830121,0.653647410980267,DD_z,0.658262972874692,1.00706124099459,,,
10.1091623431162,1.40221561367433,0.233381383882607,0.299584764661734,0.329233302460006,0.152707290361274,0.151115554881387,0.135934394774405,0.109875452304948,-0.0457844868120153,2.63445856337627,0.218339888282739,0.602399283996775,0.165773433759681,0.16404550410083,0.147565393469334,0.119276761256111,0.237021774937562,50.5875,26.2233,Kingdom of Bahrain,Full 204: DD association with IHD,204,942.565312830121,0.151115554881387,DD_z,0.233381383882607,1.54439021228352,,,
20.3832143323619,0.936847668369306,0.16855466898901,-0.853956295598387,0.839503293438323,0.213641131080986,0.111419942689457,0.323642444509698,0.327792956711582,-0.246541602365339,-0.740635479389249,0.0936028165088671,0.730488107037032,0.231920976449849,0.120953403372169,0.351334367925865,0.355840011749025,0.101611784647233,4.3525,50.8467,Kingdom of Belgium,Full 204: DD association with IHD,204,942.565312830121,0.111419942689457,DD_z,0.16855466898901,1.51278725262672,,,
4.48108492961654,0.661207799951318,0.434556013525326,0.162634347918187,-0.344640609022192,0.32981132425099,0.199857043307222,0.290245589190926,0.412140544545882,0.287198939159138,0.473178803181556,0.372553105111284,0.732191444200747,0.358031077524635,0.216957476304599,0.315079966646985,0.447404659589729,0.40442998723911,89.6361,27.4722,Kingdom of Bhutan,Full 204: DD association with IHD,204,942.565312830121,0.199857043307222,DD_z,0.434556013525326,2.17433424579049,,,
6.25994742901051,-0.291728719485114,0.323797995899058,-0.0416323338020247,0.156430325962206,0.370706923423335,0.264188700701698,0.250751503069734,0.311332829588288,-0.123523155861845,-0.581603624676195,0.289548159550883,0.722785008725306,0.402425840108795,0.286793564159368,0.272206635229595,0.337971501431712,0.314322862608519,104.921,11.5696,Kingdom of Cambodia,Full 204: DD association with IHD,204,942.565312830121,0.264188700701698,DD_z,0.323797995899058,1.22563150898973,,,
20.4282362192004,1.32655370700282,0.232929248882599,-1.70283714093951,-0.121954295875217,0.265728767513739,0.123934374446636,0.380087243875068,0.387365792946833,-0.128496800010203,-1.01810913066331,0.136081280477241,0.713770928170863,0.288465404207393,0.13453861151142,0.412608771960779,0.42051009788674,0.147724847201187,12.5615,55.6805,Kingdom of Denmark,Full 204: DD association with IHD,204,942.565312830121,0.123934374446636,DD_z,0.232929248882599,1.87945636489168,,,
6.60554414954164,-0.128184917965039,-0.0318692707210906,0.102922658907622,-0.0953374086569982,0.335592304661211,0.195756041650387,0.258021784192078,0.696263091919065,0.0169843197058134,-0.18614006857715,0.246347845144308,0.655294315178254,0.364306697836099,0.212505579313307,0.280098985772897,0.755837676606608,0.26742618569327,31.388,-26.495,Kingdom of Eswatini,Full 204: DD association with IHD,204,942.565312830121,0.195756041650387,DD_z,-0.0318692707210906,-0.162800955987902,,,
5.77808910380244,-0.136702010406195,-0.0256266596394634,0.105452087529773,-0.125563065084522,0.359410483495151,0.207013245031659,0.269557300675985,1.04072254081482,0.00265245767235718,-0.290824378534446,0.416240185242746,0.687963531135114,0.390162839228321,0.224725986437483,0.292621519393948,1.12977022101444,0.451855079172791,27.48,-29.31,Kingdom of Lesotho,Full 204: DD association with IHD,204,942.565312830121,0.207013245031659,DD_z,-0.0256266596394634,-0.123792367177009,,,
5.64373866460796,0.156450758198358,0.401405181888866,-1.02903535271526,-0.0242942457302008,0.185126173711214,0.142129114944731,0.282113223701431,0.20926558755701,1.17266982144179,1.29682039567558,0.328543964517437,0.758396927875234,0.200966184537066,0.154290154490146,0.306251768932306,0.227171046876622,0.356655278279276,-7.5833,33.5333,Kingdom of Morocco,Full 204: DD association with IHD,204,942.565312830121,0.142129114944731,DD_z,0.401405181888866,2.82422909651523,,,
14.3464673351655,1.46838627566365,0.179516304914217,-2.03347878693852,-0.462460535722591,0.341476858407278,0.143633866340452,0.460359866155974,0.492353915529152,0.153355388514715,-1.14296393838324,0.177218487543026,0.70493375120966,0.370694753562325,0.155923657417434,0.499749786649194,0.534481353242517,0.192381890453312,10.7389,59.9133,Kingdom of Norway,Full 204: DD association with IHD,204,942.565312830121,0.143633866340452,DD_z,0.179516304914217,1.24981878917548,,,
10.1928201769677,1.16684119828464,0.280837808620892,0.331603643297031,0.407406163025693,0.154573319128672,0.146378734813459,0.130394493217414,0.103242125462094,-0.259404058985425,2.41489951449281,0.181025464247344,0.624187773981429,0.167799126151539,0.158903385961582,0.141551479519186,0.112075864917838,0.196514604739741,46.71,24.65,Kingdom of Saudi Arabia,Full 204: DD association with IHD,204,942.565312830121,0.146378734813459,DD_z,0.280837808620892,1.91856972243122,,,
11.1905204091529,1.02340772365768,0.178771113280877,-0.733891382645547,1.36893546183084,0.207943355915646,0.116930829108332,0.298931161682331,0.291042449577923,-0.56956717869173,-0.530840857817005,0.191601392973648,0.777611231770093,0.225735680700612,0.126935819552531,0.324508705593648,0.315945009057645,0.207995445084753,-3.7033,40.4169,Kingdom of Spain,Full 204: DD association with IHD,204,942.565312830121,0.116930829108332,DD_z,0.178771113280877,1.52886210286983,,,
15.9645781697987,1.67763730056752,0.248687524411958,-2.22683625609675,-0.551015953899212,0.326617032953018,0.149118685417746,0.444738679162077,0.485206357928099,-0.158118272982606,-0.592954870536014,0.163263276458343,0.691362095877921,0.35456347204463,0.161877775847815,0.482791998967584,0.526722226852947,0.177232625117806,18.0547,59.3275,Kingdom of Sweden,Full 204: DD association with IHD,204,942.565312830121,0.149118685417746,DD_z,0.248687524411958,1.66771537527492,,,
6.0528604408752,-0.21741917712524,0.381659231242041,-0.101326528487415,0.0547331142842205,0.28119973623283,0.206264491487074,0.263100900458055,0.34509618457765,-0.294627843501453,-0.696364127880173,0.271225806319085,0.797973829964803,0.305260120439242,0.223913167050589,0.285612688110774,0.37462376131133,0.294432787926379,100.4942,13.7525,Kingdom of Thailand,Full 204: DD association with IHD,204,942.565312830121,0.206264491487074,DD_z,0.381659231242041,1.85033899189555,,,
4.9611972978953,-0.0535467195795996,-0.17679736807254,-0.0981613319469048,0.225929847065842,1.1844510484717,0.693552150502109,0.354092229607224,0.96235894836761,-0.0836577932254082,0.0713736595669617,0.296205188893358,0.684152636993305,1.28579661757395,0.752894778030207,0.384389537858611,1.04470157909836,0.321549489511074,-175.2,-21.1333,Kingdom of Tonga,Full 204: DD association with IHD,204,942.565312830121,0.693552150502109,DD_z,-0.17679736807254,-0.254915752109693,,,
20.5792502886288,0.955980946764142,0.169679544428883,-0.940200383282495,0.712604741270168,0.218271360261255,0.1124052305664,0.329993524707178,0.33417030304068,-0.0397954132543992,-0.913634567953321,0.126951379345075,0.727205893067166,0.236947383430756,0.122022995755193,0.358228867657532,0.362763025029846,0.137813761378206,5.0911,51.5572,Kingdom of the Netherlands,Full 204: DD association with IHD,204,942.565312830121,0.1124052305664,DD_z,0.169679544428883,1.5095342411904,,,
5.35575294359494,1.17219748351798,-0.241742882618999,0.246546467852552,0.991513928800804,0.25651077317687,0.293153321604328,0.284397117282602,0.287997616484573,-0.402938485028089,1.19161348559131,0.229006498771635,0.426582726736168,0.27845868763227,0.318236494311667,0.308731080040483,0.312639649923084,0.24860105607822,74.5667,42.8667,Kyrgyz Republic,Full 204: DD association with IHD,204,942.565312830121,0.293153321604328,DD_z,-0.241742882618999,-0.824629519106327,,,
5.73895097072815,-0.207544689846287,0.358713973730666,-0.0483580196972293,0.168358589809731,0.278846370608959,0.198260950429019,0.243811837972522,0.296971628239365,0.017326594942927,-0.670470264079581,0.287174513442767,0.83699836652396,0.30270539302945,0.215224816413947,0.264673189317579,0.32238150795535,0.311746119448832,102.63,17.98,Lao People's Democratic Republic,Full 204: DD association with IHD,204,942.565312830121,0.198260950429019,DD_z,0.358713973730666,1.80930219972435,,,
14.6304734630636,1.35276553442946,0.320368964082163,-1.12056384837765,0.785302808997213,0.147790215018672,0.112217270662026,0.197907858176116,0.0918404275125335,1.13801597821361,1.06476733992343,0.216490900788724,0.723620521433891,0.160435637105246,0.121818953376578,0.214841512414123,0.099698599789776,0.235014581927088,35.5058,33.8981,Lebanese Republic,Full 204: DD association with IHD,204,942.565312830121,0.112217270662026,DD_z,0.320368964082163,2.8548989134395,,,
4.87872390413896,-0.149859585489903,0.448357135611457,-0.153284720761841,-0.0668589482464938,0.616243330876312,0.43964309355908,0.310728433925428,0.427794634268186,0.157546532423952,-0.546875911198576,0.365137819426816,0.697557320283532,0.668971158804453,0.477260418121465,0.337315391666784,0.464398165266565,0.396380225061317,101.698,3.1686,Malaysia,Full 204: DD association with IHD,204,942.565312830121,0.43964309355908,DD_z,0.448357135611457,1.0198207186239,,,
1.39963225150809,0.979632898301796,0.80134291507514,-0.55760316667425,-0.222314522513052,0.418656729377869,0.36302450253622,0.328392001113638,0.369106236194203,0.055834384531108,1.04708690882629,0.45008511976438,0.960686831692375,0.454478390857278,0.394086085752398,0.356490312381486,0.400688192759276,0.488595898800651,106.9055,47.9214,Mongolia,Full 204: DD association with IHD,204,942.565312830121,0.36302450253622,DD_z,0.80134291507514,2.20740723966749,,,
24.8923883998887,1.17771556965097,0.280338136558185,-1.17478255111244,0.694454124702736,0.194433907622948,0.0915689608170708,0.284141459991418,0.219314824159614,0.106037085259049,-0.279133489349522,0.106305297994847,0.730979466502602,0.211070319103394,0.0994039055014301,0.3084535478616,0.23808012956898,0.115401132675202,19.2628,42.4414,Montenegro,Full 204: DD association with IHD,204,942.565312830121,0.0915689608170708,DD_z,0.280338136558185,3.06149741196935,,,
1.33664666576026,0.311116224500857,-0.231405554705893,-0.10259590923401,0.816897680513427,1.39278274130403,0.450844919098448,0.45365695859895,1.74219183914926,-0.0023512450734672,-0.620566760095123,0.487676056606507,0.977388763539413,1.51195386258876,0.489420709091494,0.492473356039543,1.89125956436398,0.529403241160142,174.7653,-36.8492,New Zealand,Full 204: DD association with IHD,204,942.565312830121,0.450844919098448,DD_z,-0.231405554705893,-0.513270849694023,,,
24.0592416164417,1.24787834946331,0.288803039585977,-1.26877448577972,0.646358641406111,0.191047387348435,0.0909271034426972,0.277208444273789,0.204572714118595,-0.402820738852069,0.342452227147341,0.148769920667599,0.730258085368706,0.2073940368966,0.0987071286764196,0.300927320272189,0.222076635586596,0.161499169626268,21.4317,41.9961,North Macedonia,Full 204: DD association with IHD,204,942.565312830121,0.0909271034426972,DD_z,0.288803039585977,3.17620410912993,,,
2.8874943876051,-0.592136376084039,-0.0514015940970564,-0.141468900934602,-0.597136224760145,2.95062226892452,1.95970607262164,0.490774780723027,0.83695165313305,0.0485851395149058,-0.097508982338522,0.399211051599501,0.945533346002924,3.20308731881894,2.12738503872094,0.532767102412962,0.908564018800064,0.433368876246168,145.7546,15.2137,Northern Mariana Islands,Full 204: DD association with IHD,204,942.565312830121,1.95970607262164,DD_z,-0.0514015940970564,-0.0262292365243798,,,
13.4047637663056,1.14048362514959,0.354479137025144,-0.819063430469851,0.802531413675033,0.139200168106031,0.117638231308938,0.176480593913715,0.0946761530178597,-0.129571892562806,2.37704391775942,0.313046265850876,0.717240022288982,0.151110597223416,0.127703749436993,0.191580860192144,0.102776959395959,0.339831544996794,34.456,31.5069,Palestine,Full 204: DD association with IHD,204,942.565312830121,0.117638231308938,DD_z,0.354479137025144,3.0132987641936,,,
12.6417567717637,0.806944958355757,0.298382187587338,-0.706109871974731,1.06603856869112,0.185654482688182,0.113312446368533,0.276213547800406,0.247341908258129,0.921976809037251,0.98613772680919,0.163189262620302,0.805848767318181,0.201539697386328,0.123007835957157,0.299847297149272,0.26850530415161,0.177152278409743,3.0872,36.7325,People's Democratic Republic of Algeria,Full 204: DD association with IHD,204,942.565312830121,0.113312446368533,DD_z,0.298382187587338,2.63326931109484,,,
4.6784963488998,0.291056752099728,0.456370869951962,-0.0936928119375431,-0.325857899735489,0.3679167759855,0.219989935382507,0.306101390129732,0.418835238168884,-0.214936523663541,0.482313144971741,0.278473545188637,0.807602631568427,0.39939695838107,0.238813005552333,0.332292442622542,0.454672173453858,0.302300667426806,90.3944,23.7289,People's Republic of Bangladesh,Full 204: DD association with IHD,204,942.565312830121,0.219989935382507,DD_z,0.456370869951962,2.07450795036804,,,
3.84352284609574,-0.496202458194478,0.154046713905617,-0.0812512672960883,0.57141725590423,0.357516845832536,0.242593379737302,0.227140642742984,0.315765516832861,0.146672189086017,-0.315618328637187,0.298113982703778,0.841311475982371,0.388107175632395,0.263350475745311,0.246575551205212,0.34278346413223,0.323621606065195,113.26,23.13,People's Republic of China,Full 204: DD association with IHD,204,942.565312830121,0.242593379737302,DD_z,0.154046713905617,0.634999661047758,,,
2.38750186562996,-0.716799777811471,-0.0112965891421772,-0.340404286272579,0.232622526780844,0.344845885840599,0.295059381413892,0.646881902874767,0.594224935919441,0.00955897465693046,-0.656330520460512,0.4455285480985,0.920378599239873,0.374352046182285,0.32030564293473,0.702231268872945,0.645068796780728,0.483649451715918,-63.1975,-17.7892,Plurinational State of Bolivia,Full 204: DD association with IHD,204,942.565312830121,0.295059381413892,DD_z,-0.0112965891421772,-0.0382858158518641,,,
6.95327674340915,0.823017586882756,0.0915806965481815,-1.09322478261747,0.679006764534612,0.219985961158296,0.136151541982449,0.313048602763501,0.261523452987742,-1.08124567217756,-0.314921115086636,0.2518433544276,0.754751953732868,0.238808691280287,0.147801120514347,0.339834081863431,0.283900268991093,0.273391909019211,-9.134,38.7122,Portuguese Republic,Full 204: DD association with IHD,204,942.565312830121,0.136151541982449,DD_z,0.0915806965481815,0.672637968066397,,,
16.6136707814422,1.01943322233604,0.209094689095033,-0.647582904408892,1.43738089537223,0.198334874917934,0.106183547141344,0.283301987154465,0.277501741402627,0.0726926478245508,-1.11122401302002,0.118439930899482,0.783476881805408,0.215305066127875,0.115268964413944,0.307542246938111,0.301245712878359,0.128574045109542,1.5,42.5,Principality of Andorra,Full 204: DD association with IHD,204,942.565312830121,0.106183547141344,DD_z,0.209094689095033,1.96918161734323,,,
22.1898102410095,0.986358327126523,0.229910764025359,-0.75879352099295,1.15822655263775,0.196654491253807,0.0997456483806286,0.279164457254864,0.256054866631275,-0.0517916348870401,-0.999106680198279,0.170989730863258,0.769810496140522,0.213480903251454,0.108280217634166,0.303050696226173,0.277963772207094,0.185620180646164,7.4167,43.7333,Principality of Monaco,Full 204: DD association with IHD,204,942.565312830121,0.0997456483806286,DD_z,0.229910764025359,2.30497036971499,,,
12.5600671540018,-0.0715841508464445,0.0778371857508039,0.0772580759689547,0.148033808628807,0.150315630303341,0.2048998650369,0.236869233443378,0.351998485893203,-0.00687019350800436,-0.221479227378458,0.262449164933287,0.741809557926937,0.163177135316749,0.222431778624998,0.257136552466065,0.38211664647232,0.284905187927984,-66.061,18.3985,Puerto Rico,Full 204: DD association with IHD,204,942.565312830121,0.2048998650369,DD_z,0.0778371857508039,0.379879146024749,,,
23.8094340488843,1.18836638351298,0.278045675533508,-1.18835103840889,0.720560217077803,0.191992955279005,0.0918793929802399,0.279183139951471,0.2098267931189,-0.443231084107637,0.0918409922832176,0.219169286658295,0.735427500612416,0.208420510762601,0.0997408992724299,0.303070977476409,0.227780271051966,0.237922139395247,19.8186,41.3272,Republic of Albania,Full 204: DD association with IHD,204,942.565312830121,0.0918793929802399,DD_z,0.278045675533508,3.02620279166739,,,
5.87065123055866,-0.136060001866296,-0.00118170650017925,0.0898788721791483,0.0643240007642359,0.284339536506232,0.152712382730532,0.228543047070789,0.17695333646425,-0.013133056231772,-0.234290812789877,0.25645784515381,0.480144391452401,0.308668572461474,0.165778961848981,0.248097949909227,0.192094052166811,0.278401230911612,13.2344,-8.8383,Republic of Angola,Full 204: DD association with IHD,204,942.565312830121,0.152712382730532,DD_z,-0.00118170650017925,-0.00773811840958846,,,
12.0433486434344,1.5777862383827,0.289122952992693,-1.09509930369103,0.740591686586956,0.155001928360531,0.115134021206217,0.18538111629467,0.0865999843094837,-0.626851103978395,1.40253032669127,0.144927629262339,0.701974408507233,0.168264408614074,0.124985270793298,0.201242940855452,0.0940097668458025,0.15732811899569,44.5144,40.1814,Republic of Armenia,Full 204: DD association with IHD,204,942.565312830121,0.115134021206217,DD_z,0.289122952992693,2.51118609394215,,,
27.0717456514782,1.18512635490979,0.28237142404207,-1.27161491167232,0.426441783220847,0.206988254509959,0.095839588772349,0.309195146957492,0.277103523568555,-0.0386465993434793,-0.85575739730525,0.114822342732762,0.717203323125124,0.224698857643671,0.104039942581138,0.335650911568863,0.300813422202634,0.124646924073561,16.3725,48.2083,Republic of Austria,Full 204: DD association with IHD,204,942.565312830121,0.095839588772349,DD_z,0.28237142404207,2.94629210808486,,,
10.0074684159622,1.47267879703247,0.213896757113543,-0.601422552579954,0.664772371421811,0.145505929582073,0.13471409902521,0.152875521010465,0.0897017089982187,0.627039095728341,1.05105017216697,0.192363332462997,0.656878454738132,0.157955900613188,0.146240685159286,0.165956058782456,0.097376885409771,0.208822578649677,49.8352,40.3667,Republic of Azerbaijan,Full 204: DD association with IHD,204,942.565312830121,0.13471409902521,DD_z,0.213896757113543,1.58778300609438,,,
19.190174876004,1.67836445070372,0.365989964359449,-1.99353421859783,-0.266463528807198,0.247842625452376,0.123989167847255,0.361599635623154,0.327020229295886,0.269439696052982,0.572014931328259,0.156144901767725,0.677078485973678,0.269048864373499,0.134598093217541,0.392539302489656,0.355001167206913,0.1695051786255,27.5586,53.9006,Republic of Belarus,Full 204: DD association with IHD,204,942.565312830121,0.123989167847255,DD_z,0.365989964359449,2.95178982740105,,,
10.7349618645018,-0.0333682501292866,-0.0340441373730869,0.0604962886688322,-0.00643840256714522,0.342283204355258,0.176688954873267,0.21349595428218,0.172404694808413,-0.0314589485324725,-0.154088249175914,0.130486667587748,0.639897246358536,0.371570093150099,0.191807049208037,0.231763377841535,0.187156213610141,0.141651540635054,2.4333,6.3667,Republic of Benin,Full 204: DD association with IHD,204,942.565312830121,0.176688954873267,DD_z,-0.0340441373730869,-0.192678356140063,,,
6.8207703338294,-0.152094724347811,-0.0225324947089682,0.0999540022351807,-0.155488830032679,0.330290785595738,0.191849836116648,0.251515548180769,0.80452117937401,0.0164674112974254,-0.129322096771939,0.264712313029532,0.582495282964653,0.358551563175883,0.208265145848952,0.273036054580196,0.873358685899647,0.287361978498582,25.9086,-24.6569,Republic of Botswana,Full 204: DD association with IHD,204,942.565312830121,0.191849836116648,DD_z,-0.0225324947089682,-0.117448600244141,,,
23.8940607147543,1.31861619805255,0.303726275861335,-1.35508750673149,0.572384949729413,0.189724630732895,0.0902615118966014,0.27376669661023,0.197656812116564,0.0977477941986638,-0.0677327670474341,0.114255045993546,0.726837956867758,0.205958100827879,0.0979845869050564,0.297191085237354,0.214568986019179,0.12403108753951,23.3217,42.6979,Republic of Bulgaria,Full 204: DD association with IHD,204,942.565312830121,0.0902615118966014,DD_z,0.303726275861335,3.36495887869979,,,
7.57235480108138,-0.0321370294295583,-0.144033994630675,0.181009973833133,0.447374806233151,0.307329734874823,0.170461718228222,0.191705520646407,0.230521638866284,-0.023487263150997,-0.347228807992808,0.21403884105069,0.61524044027214,0.333625888627331,0.185046989494836,0.208108482267337,0.250245836596051,0.232352715806642,29.3667,-3.3833,Republic of Burundi,Full 204: DD association with IHD,204,942.565312830121,0.170461718228222,DD_z,-0.144033994630675,-0.844963878856575,,,
4.230220600907,-0.0449641533743828,0.0629061904290182,0.0303977737875544,0.00539855026909869,0.908780225010897,0.308093487845957,0.392347725424143,0.268771457688691,-0.0765867628929373,0.0176435945653443,0.393951522826597,0.692647256543196,0.986538482062916,0.33445499084157,0.425918301067929,0.291768437068334,0.427659324707539,-24.988,16.886,Republic of Cabo Verde,Full 204: DD association with IHD,204,942.565312830121,0.308093487845957,DD_z,0.0629061904290182,0.204178903192107,,,
9.81337657838978,-0.0849330858219192,-0.018845580514329,0.0523657669147643,0.0102466992198757,0.352833018883257,0.176405429321852,0.197052105972363,0.174133550626239,-0.140495438730825,-0.134303407504618,0.152826682042725,0.589379291809678,0.383022584879188,0.191499264267936,0.213912539207094,0.189032996078866,0.165903040990283,9.7,4.05,Republic of Cameroon,Full 204: DD association with IHD,204,942.565312830121,0.176405429321852,DD_z,-0.018845580514329,-0.10683106856051,,,
5.66427752972512,0.0385834649333133,0.0290296586483034,0.205475562694765,0.112504150108489,0.287881067329426,0.16051560970028,0.188114024565209,0.151068017801985,0.0820498812893991,-0.21150562492113,0.252264510708156,0.837153061045011,0.312513128434786,0.17424985885803,0.204209685842451,0.16399389959089,0.273849100831154,15.0447,12.1053,Republic of Chad,Full 204: DD association with IHD,204,942.565312830121,0.16051560970028,DD_z,0.0290296586483034,0.180852558218535,,,
2.29514729051977,-0.869365513520275,-0.346479709964595,-0.256112819799057,0.00457428104420921,0.401168405266894,0.515824988580318,0.614526244119818,0.656881385673425,-0.0215094991001669,-1.22545737406925,0.489215204765996,0.967478142835725,0.435493707600049,0.559960689327329,0.667107152397072,0.713086340660499,0.531074083952649,-70.6506,-33.4372,Republic of Chile,Full 204: DD association with IHD,204,942.565312830121,0.515824988580318,DD_z,-0.346479709964595,-0.671700126273827,,,
7.04578841515987,-0.156610743642974,0.153580170410493,0.125881629103191,0.26290500542752,0.132864021766403,0.222736659937129,0.205580567945956,0.338776305929664,-0.0759302193711234,-0.531686305425286,0.288462225116504,0.864948710593772,0.144232309140122,0.24179474899061,0.22317072473777,0.367763132837453,0.313144012014032,-74.0722,4.7111,Republic of Colombia,Full 204: DD association with IHD,204,942.565312830121,0.222736659937129,DD_z,0.153580170410493,0.689514561517819,,,
8.3553628843975,-0.180614498193219,0.0236264466308506,0.0816015730104281,0.332551730875278,0.235684983610636,0.316426595431535,0.291936719976461,0.496599591701427,0.0209289243575131,-0.35651447344135,0.20210763829856,0.695747939800016,0.255850974280907,0.343501106813388,0.316915796204248,0.539090303581721,0.219400639684905,-84.08,9.9325,Republic of Costa Rica,Full 204: DD association with IHD,204,942.565312830121,0.316426595431535,DD_z,0.0236264466308506,0.074666437562334,,,
9.9379622521619,-0.00423305072583006,-0.0182391107107247,0.0522793887789058,-0.0193506178134802,0.357587478980058,0.183702290506271,0.237158859573893,0.168748259145077,0.0354882763739982,-0.0993782246575296,0.182974790849521,0.669939744056577,0.38818385238682,0.199420469151785,0.257450959971092,0.183186921156595,0.198630722206022,-4.0267,5.3364,Republic of Cote d'Ivoire,Full 204: DD association with IHD,204,942.565312830121,0.183702290506271,DD_z,-0.0182391107107247,-0.0992862454815287,,,
26.9530168257109,1.12661065470744,0.272926051685618,-1.13272456056888,0.626267215570569,0.200751081814164,0.0931591853589827,0.296647881246127,0.255317057243218,-0.331332810510892,-0.341220681673216,0.1060102279447,0.725537185136927,0.21792801171819,0.10113019494143,0.322030060093159,0.277162833395142,0.115080815450682,15.9772,45.8131,Republic of Croatia,Full 204: DD association with IHD,204,942.565312830121,0.0931591853589827,DD_z,0.272926051685618,2.92967409100794,,,
7.44358343071663,-0.178033410382971,-0.221199075228455,0.0517136153793205,0.306156041204211,0.237661489395687,0.340976782830812,0.24393759723908,0.431178764445844,-0.0386430854975783,-0.27870645273174,0.249955721107921,0.782948071527969,0.257996596471299,0.370151889857168,0.264809708965038,0.46807185287187,0.271342763517761,-82.3589,23.1367,Republic of Cuba,Full 204: DD association with IHD,204,942.565312830121,0.340976782830812,DD_z,-0.221199075228455,-0.648721808540881,,,
15.495733129391,1.4245914004696,0.306772905276671,-1.32527692768206,0.758357925288436,0.153209346512359,0.104822603742231,0.206728708682901,0.0991250205118614,-0.549827290938753,-0.650774000609749,0.15253613107713,0.73631126278936,0.166318447504007,0.113791574173506,0.224417104212859,0.107606486781834,0.165587629518212,33.365,35.1725,Republic of Cyprus,Full 204: DD association with IHD,204,942.565312830121,0.104822603742231,DD_z,0.306772905276671,2.92659115805838,,,
6.77381372449467,0.42136068247161,0.0579637612665417,0.422605298995092,0.748340376758158,0.250035536546688,0.17070334481742,0.123559490061528,0.129374213849015,-0.772015076677625,0.57779005311433,0.161804453107751,0.65647401228745,0.271429408230795,0.18530929045823,0.134131650772117,0.140443901656376,0.175648979991865,43.1481,11.5944,Republic of Djibouti,Full 204: DD association with IHD,204,942.565312830121,0.17070334481742,DD_z,0.0579637612665417,0.339558438814063,,,
3.75959176956226,-0.449567940103935,0.156911969157899,-0.0419044495513326,-0.0424243565743277,0.312147898473803,0.309453254942788,0.324282131012256,0.527167696787195,-0.201791348575681,-0.450639648872406,0.235372489667297,0.665156265233877,0.338856310320553,0.335931104131393,0.352028788132051,0.572273917354227,0.255511742316973,-79.8875,-2.19,Republic of Ecuador,Full 204: DD association with IHD,204,942.565312830121,0.309453254942788,DD_z,0.156911969157899,0.507061944418419,,,
7.91869565003489,-0.222040125729984,-0.116584917478005,0.0673143920247322,0.304679079936943,0.279114124962318,0.418846797161233,0.32574524503289,0.562320127938383,-0.126555919659157,-0.343976109748114,0.184820372996701,0.611552663505931,0.302996057335361,0.454684721472017,0.353617091052026,0.610434107369694,0.200634218496865,-89.1914,13.6989,Republic of El Salvador,Full 204: DD association with IHD,204,942.565312830121,0.418846797161233,DD_z,-0.116584917478005,-0.278347401169517,,,
10.0135727989325,-0.0793455679898105,-0.0220869059393454,0.0528507540659427,0.0077430007162394,0.352864396470318,0.176707677222194,0.1971343402771,0.175526638622613,0.0128649049252463,-0.113981468470415,0.30233257511681,0.558012354564176,0.383056647236905,0.191827373503375,0.214001809752311,0.190545281315163,0.328201155268683,8.7744,3.7456,Republic of Equatorial Guinea,Full 204: DD association with IHD,204,942.565312830121,0.176707677222194,DD_z,-0.0220869059393454,-0.124991207436749,,,
14.6236057857558,1.85555635878575,0.270207331512854,-2.41518121790763,-0.662066247090578,0.327035649306487,0.160777493569986,0.452105159874927,0.503632849339723,0.693887901966509,-0.0508913789192682,0.188949527317473,0.662968092888729,0.355017906604881,0.174534150382192,0.490788780258146,0.54672535012376,0.205116676987607,24.7453,59.4372,Republic of Estonia,Full 204: DD association with IHD,204,942.565312830121,0.160777493569986,DD_z,0.270207331512854,1.68062908254776,,,
4.72623176899463,0.062081794386963,-0.140924649367619,-0.107276436410807,0.289027847336245,1.17372645224581,0.692718373995947,0.32692693959131,0.931763674735815,0.147330843030483,0.00270648084829977,0.220654018191417,0.662389312947986,1.27415438924387,0.751989660834508,0.354899895325097,1.01148847214871,0.239533909493941,178.4333,-18.1333,Republic of Fiji,Full 204: DD association with IHD,204,942.565312830121,0.692718373995947,DD_z,-0.140924649367619,-0.20343714654874,,,
13.6626232151529,1.89639274932509,0.255014245822262,-2.48219449855197,-0.712986439793636,0.340058468100734,0.166409843183584,0.469987481790304,0.532692227383199,-0.672110324292268,-0.0894013633706633,0.208945071556187,0.657889745285406,0.36915500106609,0.18064842255199,0.510201173081664,0.57827114515287,0.226823106461297,24.9375,60.1708,Republic of Finland,Full 204: DD association with IHD,204,942.565312830121,0.166409843183584,DD_z,0.255014245822262,1.53244688501346,,,
10.5888677519181,-0.00990389676575159,-0.0269252801831311,0.0582699897432472,-0.0153398703361905,0.350883081340855,0.180380162721947,0.229856849918487,0.169518140812474,0.00292343134621275,-0.0785095796950561,0.264070543877262,0.682224478077919,0.380905804198606,0.195814089070697,0.249524166095965,0.184022676458723,0.286665297444252,-1.625,6.7,Republic of Ghana,Full 204: DD association with IHD,204,942.565312830121,0.180380162721947,DD_z,-0.0269252801831311,-0.149269630190078,,,
7.47910758170108,-0.22852628290965,-0.138925512558539,0.0702900657229963,0.288773849476668,0.286119887353681,0.453047217138712,0.331988774960336,0.573052266579864,-0.118714348660236,-0.37323975326809,0.261355511153688,0.597008060736192,0.310601256045737,0.491811443073042,0.360394838155033,0.622084523469504,0.283717957495438,-90.5133,14.6417,Republic of Guatemala,Full 204: DD association with IHD,204,942.565312830121,0.453047217138712,DD_z,-0.138925512558539,-0.306646873224262,,,
8.98220188626679,0.0757304521440061,0.0641639428763734,0.0878230529806449,-0.0194293801754374,0.487206757392608,0.254111889076245,0.245621418715654,0.199642107407858,-0.0682527417768613,-0.0860207453626271,0.219752951607489,0.716151532766553,0.528893787145441,0.275854547033539,0.266637603804567,0.216724149775187,0.238555744657734,-13.7122,9.5092,Republic of Guinea,Full 204: DD association with IHD,204,942.565312830121,0.254111889076245,DD_z,0.0641639428763734,0.252502718820532,,,
8.61328236500061,0.102920540018729,0.0662235255198005,0.0985561467947275,-0.0221161176884833,0.541666318943759,0.26891480571269,0.26556490744019,0.208512344470269,0.0707906414422761,-0.0748161678861478,0.173824584579161,0.724679985450392,0.588013089819352,0.291924050425789,0.288287523721241,0.22635335380742,0.188697593869724,-15.5667,11.85,Republic of Guinea-Bissau,Full 204: DD association with IHD,204,942.565312830121,0.26891480571269,DD_z,0.0662235255198005,0.24626210276631,,,
8.73424328666456,-0.117293706230862,0.0595972976434826,0.175776309942437,0.192507286989826,0.16783222717593,0.195766490028766,0.329025270708172,0.389532719406694,-0.0384143116249768,0.00361813698060778,0.332201265540409,0.891174852335521,0.182192510447061,0.212516921689672,0.357177766627666,0.422862433777882,0.360625510135506,-58.155,6.8011,Republic of Guyana,Full 204: DD association with IHD,204,942.565312830121,0.195766490028766,DD_z,0.0595972976434826,0.304430536782498,,,
11.3477038368757,-0.0788517447970561,0.0618617112390211,0.0857829578505475,0.206293318363854,0.150666393842018,0.216254291893055,0.216311561975942,0.319464177578042,0.187158240617971,-0.204640685416556,0.300650038737321,0.763198088081753,0.163557911349816,0.234757727987762,0.23481989828932,0.34679859458599,0.326374655483417,-72.3386,18.5425,Republic of Haiti,Full 204: DD association with IHD,204,942.565312830121,0.216254291893055,DD_z,0.0618617112390211,0.286060039306012,,,
8.59178236717828,-0.206118446203906,-0.0974047051588455,0.0728719970778692,0.319328184951139,0.26208239891929,0.381615572783487,0.301584209363371,0.540943271622416,0.181078862475687,-0.348893111697956,0.239818506942035,0.647238795615635,0.284507040194612,0.414267869771129,0.327388756853635,0.587228176165614,0.260338175609348,-87.21,14.098,Republic of Honduras,Full 204: DD association with IHD,204,942.565312830121,0.381615572783487,DD_z,-0.0974047051588455,-0.255243003969623,,,
2.62303507690706,0.388717802326496,-0.0372930132741158,-0.9437971909561,0.0568421708176851,0.652193467909638,0.190655357807907,0.950593129324877,1.13881000641326,-0.0272674564382358,-0.883192614135275,0.454808300426792,0.58109278624675,0.707997309069097,0.206968464005386,1.03192903746597,1.23625037623538,0.493723210501506,-21.9425,64.1458,Republic of Iceland,Full 204: DD association with IHD,204,942.565312830121,0.190655357807907,DD_z,-0.0372930132741158,-0.195604328684484,,,
5.09642277200807,1.01146126771823,-0.00876264927824531,0.202688524840901,0.318478364596809,0.223952344268333,0.24703770641776,0.204909431365913,0.257738609108284,-0.571231032776788,1.3227213399424,0.23427800795854,0.63171478375393,0.243114451314413,0.26817507379054,0.222442163480922,0.279791581287593,0.254323613114899,77.23,28.61,Republic of India,Full 204: DD association with IHD,204,942.565312830121,0.24703770641776,DD_z,-0.00876264927824531,-0.0354708979665922,,,
2.80131547750176,-0.0348943818648096,0.406086017083608,-0.176247373028313,0.134834969528379,0.817016179396903,0.628107683574362,0.338030078757561,0.526934835038393,0.170663310598961,-0.737951002195262,0.299401646607921,0.727006850402588,0.886922799660829,0.681850664959259,0.366953055987869,0.572021131180111,0.325019446773475,106.8275,-6.175,Republic of Indonesia,Full 204: DD association with IHD,204,942.565312830121,0.628107683574362,DD_z,0.406086017083608,0.646522925452371,,,
12.9813227848654,1.4117672477857,0.268970529739798,-0.687862876889481,0.689190555027031,0.145675081052976,0.125840869478086,0.175437437660578,0.0878979258307252,0.595515810163986,2.06476081016927,0.135417838450182,0.679539396725032,0.158139525246241,0.1366082325954,0.190448448022291,0.0954187645582656,0.147004638868855,44.3661,33.3153,Republic of Iraq,Full 204: DD association with IHD,204,942.565312830121,0.125840869478086,DD_z,0.268970529739798,2.13738613580253,,,
23.5045794747152,1.02182263667332,0.25407029375309,-0.897092920747235,0.983234190057776,0.196691652353323,0.0967444902312584,0.282608851279411,0.239580258541413,-0.689720815252979,-0.314644230755293,0.0860828345520805,0.760090812196497,0.213521243978176,0.105022270416978,0.30678980405344,0.260079541883575,0.093448368036028,12.4828,41.8931,Republic of Italy,Full 204: DD association with IHD,204,942.565312830121,0.0967444902312584,DD_z,0.25407029375309,2.62619910597243,,,
4.86456075297214,1.10963727928771,-0.296190345335871,0.274721131294454,1.06085232965051,0.271473136080224,0.302166462730605,0.329556549599128,0.327136659586977,-0.293330466419272,1.04129933700609,0.343047801498935,0.441483854820433,0.294701280044063,0.328020829754517,0.357754503506628,0.355127559660753,0.37240011176709,76.915,43.24,Republic of Kazakhstan,Full 204: DD association with IHD,204,942.565312830121,0.302166462730605,DD_z,-0.296190345335871,-0.980222433221978,,,
7.59310762089965,-0.0368016822252381,-0.233034973706737,0.138350789907703,0.701699466042281,0.308466987617807,0.202469399914773,0.187277820355135,0.252142859221371,0.046367225833951,-0.28410714426389,0.200894806803046,0.586908509906324,0.334860448495501,0.219793354827581,0.203301933220423,0.273717040438762,0.218084034294896,36.8172,-1.2864,Republic of Kenya,Full 204: DD association with IHD,204,942.565312830121,0.202469399914773,DD_z,-0.233034973706737,-1.15096391753435,,,
3.45267972235335,0.381320780407883,0.273920302553464,-0.111644511192254,0.113919912252529,2.12989932229283,1.5500780953089,0.457325996979,0.969713315827871,0.0536886045842746,0.02508155043777,0.290391834087288,0.745933975423144,2.31214058859655,1.68270792996919,0.49645632954014,1.05268521068617,0.315238724742832,173.0176,1.3382,Republic of Kiribati,Full 204: DD association with IHD,204,942.565312830121,1.5500780953089,DD_z,0.273920302553464,0.176713872276788,,,
2.91567799770797,0.591569820818973,0.844193013882649,-0.44147316322296,0.749202097476925,0.45419109189582,0.402211524010453,0.351993082796967,0.496222421073329,-0.195404781779894,-1.10287445296637,0.345553064525098,0.96110347749605,0.493053191556878,0.436626079050879,0.38211078106921,0.538680860980879,0.375119733425858,126.9833,37.5667,Republic of Korea,Full 204: DD association with IHD,204,942.565312830121,0.402211524010453,DD_z,0.844193013882649,2.0988782356736,,,
17.8736704615249,1.7228518787228,0.312439944373462,-2.1863133914065,-0.476695176331309,0.287206694548481,0.141893018495471,0.402055865487766,0.415539635438739,-0.0628752244550266,-0.0246167332792935,0.124520935953722,0.678217152743364,0.311781054076929,0.154033856843847,0.436457101867545,0.45109458799876,0.135175361170921,24.1069,56.9475,Republic of Latvia,Full 204: DD association with IHD,204,942.565312830121,0.141893018495471,DD_z,0.312439944373462,2.20194022007809,,,
8.83753299986684,0.0330005137870442,0.0474881597518945,0.0640646683773719,-0.0205373358645678,0.42970026515038,0.226953039196759,0.240142958070441,0.184567320801553,0.046567097980626,-0.080566757208361,0.225101606200299,0.694864222479477,0.466466848261806,0.246371895675933,0.260690387854853,0.200359514314696,0.244362047917696,-10.8014,6.3133,Republic of Liberia,Full 204: DD association with IHD,204,942.565312830121,0.226953039196759,DD_z,0.0474881597518945,0.20924222878868,,,
19.8126737466953,1.65409673663229,0.346300639659036,-2.01972240756179,-0.31583459632704,0.257468647930188,0.12754392987812,0.370443918426538,0.352094754598272,0.154948918223782,-0.123005485327019,0.161876077476581,0.682519834758957,0.279498521333685,0.138457012504636,0.402140331530182,0.382221152247816,0.175726732779788,25.28,54.6872,Republic of Lithuania,Full 204: DD association with IHD,204,942.565312830121,0.12754392987812,DD_z,0.346300639659036,2.71514794933759,,,
3.80498041531341,-0.471362388780349,0.0404634788938897,-0.148105451510033,0.0770116208419444,0.358883855454581,0.206736174639925,0.239547974353357,0.475354673113521,0.0281138893543385,-0.278639976314457,0.346739242896527,0.906706347219737,0.389591151141965,0.224425208981984,0.260044495353069,0.516027599136308,0.376407405161883,47.525,-18.91,Republic of Madagascar,Full 204: DD association with IHD,204,942.565312830121,0.206736174639925,DD_z,0.0404634788938897,0.195725198864521,,,
7.22701446472122,-0.188071233487283,-0.0432235114911619,0.0622966965732406,-0.0553411614536945,0.295633577262947,0.18029924608049,0.184275726732467,0.374076853270009,-0.00167336142367834,-0.292912604635517,0.207217779907715,0.386336687691743,0.320928968889392,0.195726248932411,0.200042970487731,0.406084112355594,0.224948021997457,33.7873,-13.9669,Republic of Malawi,Full 204: DD association with IHD,204,942.565312830121,0.18029924608049,DD_z,-0.0432235114911619,-0.239732070049066,,,
1.92309830506154,0.403899653483866,0.890460139391,0.406243042617101,0.394227074890358,0.300898202997194,0.441770510076316,0.343022781252699,0.605593124242429,0.0648793164835644,-0.838506422852139,0.413976944011118,0.956028714766968,0.326644053502321,0.47956986346795,0.372372950705413,0.657409685087173,0.449398187497837,73.5089,4.1753,Republic of Maldives,Full 204: DD association with IHD,204,942.565312830121,0.441770510076316,DD_z,0.890460139391,2.01566224788787,,,
9.70331731833396,0.10240219129854,0.0717948563275938,0.0918895645576921,-0.034086077780082,0.39130900502275,0.223743084181017,0.227001701305809,0.170454066240434,-0.00157152205019862,-0.224723727498629,0.245832922444878,0.764903702252979,0.424790704296041,0.242887286238397,0.246424721476798,0.185038682777536,0.266867204495952,-7.9922,12.6458,Republic of Mali,Full 204: DD association with IHD,204,942.565312830121,0.223743084181017,DD_z,0.0717948563275938,0.320880784272683,,,
16.4449116089045,0.891103443533028,0.282883602966745,-0.791059707100431,1.00973244526328,0.181697928855206,0.100746397422173,0.273008309809869,0.227784583574771,-0.430446372326404,-0.763279733520625,0.131421481181425,0.782827335878618,0.197244607654883,0.109366594090432,0.296367808341297,0.247274589755178,0.142666339987348,14.5125,35.8983,Republic of Malta,Full 204: DD association with IHD,204,942.565312830121,0.100746397422173,DD_z,0.282883602966745,2.80787809991195,,,
2.07069244810483,-0.635771192775204,0.0128186152956485,-0.259858270141422,0.00165721046377174,0.488445190994665,0.435409225056655,0.451570554417424,0.5555880572883,-0.0207743443389424,-0.741408093148521,0.460475834379604,0.977385752346452,0.530238185243335,0.472664285755593,0.490208432180545,0.603126018375797,0.499875677499543,57.5042,-20.1644,Republic of Mauritius,Full 204: DD association with IHD,204,942.565312830121,0.435409225056655,DD_z,0.0128186152956485,0.0294403851778302,,,
21.4006543499826,1.52651434580758,0.379753775969274,-1.56946701149903,0.296716914271975,0.195167185290184,0.0931108473385512,0.281333515832227,0.202508700573505,-0.0450193308718687,0.488803156032512,0.156596884759173,0.710912650776198,0.211866338445427,0.101077720959283,0.305405346665879,0.21983601818132,0.169995834784195,28.8353,47.0228,Republic of Moldova,Full 204: DD association with IHD,204,942.565312830121,0.0931108473385512,DD_z,0.379753775969274,4.07851272782954,,,
6.5784779969099,-0.126297495115462,-0.0331472705111855,0.100822181382243,-0.0739505046391748,0.332724639439128,0.194502593698136,0.254726963726158,0.618929215357783,0.000939094498979159,-0.336189268670549,0.334582092899526,0.654433624531298,0.361193665644818,0.211144882187504,0.276522249515152,0.671886856490674,0.363210048997901,32.5764,-25.9153,Republic of Mozambique,Full 204: DD association with IHD,204,942.565312830121,0.194502593698136,DD_z,-0.0331472705111855,-0.170420712037544,,,
4.22707636769222,-0.174624011986094,-0.000789047883114919,0.089097194856176,-0.0332462369848444,0.319899008015982,0.182485703578352,0.24098775374235,0.662771872794119,-0.0735784382102411,-0.183403615811017,0.274757067666957,0.484550723425599,0.347270630561679,0.19809978700209,0.261607467052751,0.71948083744061,0.298266195733922,17.0836,-22.57,Republic of Namibia,Full 204: DD association with IHD,204,942.565312830121,0.182485703578352,DD_z,-0.000789047883114919,-0.00432388876302375,,,
3.41346399222996,0.540959306425059,0.378532576214925,-0.071918753326513,0.127715729504301,2.77514280612671,2.00117638741333,0.40688239391194,0.981967891503036,0.0214737998593724,0.0209500990457358,0.413113510675533,0.781037083305366,3.01259324984898,2.17240369150332,0.441696604108213,1.06598832859321,0.448460875935802,166.925,-0.5456,Republic of Nauru,Full 204: DD association with IHD,204,942.565312830121,2.00117638741333,DD_z,0.378532576214925,0.189155028310227,,,
8.55773197066321,-0.198426532043234,-0.0515204449958792,0.0736557367960178,0.328837275714643,0.257452820623425,0.35136992880879,0.305145984912939,0.530914007169001,0.000247389288346649,-0.406513201132454,0.263126652077408,0.65708780743536,0.279481339789941,0.381434307954293,0.331255289759407,0.576340774505922,0.285640643124283,-86.2514,12.1364,Republic of Nicaragua,Full 204: DD association with IHD,204,942.565312830121,0.35136992880879,DD_z,-0.0515204449958792,-0.146627359861281,,,
5.17474967976039,-0.139060882174864,-0.164101404892399,-0.0608528539193382,0.112768861351892,1.25176934188039,0.772361893924194,0.437380289909207,1.04320053597964,0.00698983449402948,-0.0736885476677971,0.270898799545352,0.573487364906582,1.35887488794858,0.838447745081685,0.474804001469214,1.132460241683,0.294077801366037,-169.921,-19.056,Republic of Niue,Full 204: DD association with IHD,204,942.565312830121,0.772361893924194,DD_z,-0.164101404892399,-0.212466987539529,,,
2.27762910109784,-0.168809812664026,0.376851561472223,0.0924021211116263,-0.376614945252034,0.955943284686664,0.658287703322779,0.205008856437485,0.474639989664155,0.0438965095784733,-0.11914728301505,0.324973252607861,0.937545111307532,1.03773696990569,0.714612987522863,0.22255009569213,0.515251764995238,0.352779044388827,134.4792,7.3419,Republic of Palau,Full 204: DD association with IHD,204,942.565312830121,0.658287703322779,DD_z,0.376851561472223,0.572472430473824,,,
8.55254276551548,-0.136223105959413,0.104925316016602,0.108726167634801,0.327364693833537,0.165823336634607,0.278212745124763,0.225473620623789,0.399332207408913,-0.0247650195881306,-0.425812202539254,0.228331162732479,0.783720249075125,0.180011732552996,0.302017552442505,0.244765893131923,0.433500398549383,0.247867936042577,-79.5347,8.9711,Republic of Panama,Full 204: DD association with IHD,204,942.565312830121,0.278212745124763,DD_z,0.104925316016602,0.377140579844927,,,
3.40964218989888,-0.714115581856066,-0.319289494155223,-0.25449438764794,0.269592487653617,0.426854316521416,0.493562639068787,0.63792708477505,0.685861572126785,-0.102170016165953,-0.852266089778569,0.348016901127445,0.877522629832071,0.463377390807543,0.535793499186285,0.692510246768687,0.744546168203792,0.377794384078277,-57.6435,-25.2945,Republic of Paraguay,Full 204: DD association with IHD,204,942.565312830121,0.493562639068787,DD_z,-0.319289494155223,-0.646907745605768,,,
2.06059654817956,-0.699915323290637,0.0241468210009669,-0.196139352793775,-0.171590274999183,0.32238798332121,0.283059426653764,0.571846294822745,0.646480473205158,-0.00522887774478442,-0.765002557637087,0.48470004907944,0.535704392662646,0.349972570867965,0.307278932154642,0.620775364759911,0.701795491546358,0.526172596536107,-77.0375,-12.06,Republic of Peru,Full 204: DD association with IHD,204,942.565312830121,0.283059426653764,DD_z,0.0241468210009669,0.0853065424685648,,,
24.0123932030588,1.44617483216542,0.330301459924133,-1.72017292507442,-0.0555879993520299,0.232585582506518,0.110484502875227,0.342493553632832,0.316006686199188,-0.108067394839938,-0.640909655477012,0.187184337890001,0.701602846866273,0.252486378115179,0.119937924217811,0.371798440611113,0.343045268751244,0.203200452084814,21.0111,52.23,Republic of Poland,Full 204: DD association with IHD,204,942.565312830121,0.110484502875227,DD_z,0.330301459924133,2.98957275752195,,,
7.65132246857289,0.0114757061800612,-0.181053450532862,0.21539665579796,0.597916649059101,0.318357605158691,0.178856910485516,0.190541687339399,0.222591602136418,-0.294775998784332,-0.173618015557238,0.145472847425684,0.64551527585997,0.345597340151931,0.194160502309266,0.206845067513725,0.241637279562262,0.157919987837525,30.0606,-1.9536,Republic of Rwanda,Full 204: DD association with IHD,204,942.565312830121,0.178856910485516,DD_z,-0.181053450532862,-1.0122809906611,,,
25.2310688721502,1.03384203502402,0.251033503611179,-0.932208408222648,0.897977601410308,0.198147827489523,0.0954781638699359,0.28616568381483,0.248177129432845,-0.263806128797275,-0.790907075915081,0.153530998943925,0.748169992359136,0.215102014299699,0.103647592962613,0.310650971004341,0.269411989626507,0.166667621586866,12.4817,43.9717,Republic of San Marino,Full 204: DD association with IHD,204,942.565312830121,0.0954781638699359,DD_z,0.251033503611179,2.62922424810292,,,
7.69964191094387,0.131345557655131,0.0674534671928879,0.102886176159271,-0.0303459701643029,0.605469447700708,0.282200314982838,0.293313988255657,0.21648515135335,0.0129442054610074,-0.0780918096655401,0.199654745023648,0.730526279661524,0.657275426369412,0.306346312033262,0.318410908135777,0.235008340550911,0.216737868707394,-17.432,14.6726,Republic of Senegal,Full 204: DD association with IHD,204,942.565312830121,0.282200314982838,DD_z,0.0674534671928879,0.23902690256384,,,
26.0939582173872,1.23829190875179,0.300240066793797,-1.27649838693415,0.53149284463913,0.197664084622101,0.0909465826173219,0.292156481379599,0.232221443499569,0.392496005024474,-0.130569226040612,0.140877167359041,0.718827484762825,0.214576880784465,0.0987282745539786,0.317154361123577,0.252091082164312,0.152931086107254,20.4569,44.8178,Republic of Serbia,Full 204: DD association with IHD,204,942.565312830121,0.0909465826173219,DD_z,0.300240066793797,3.30127925814568,,,
2.54510078482169,-0.172735438972658,0.132947416132143,0.0910372766089406,0.460160551304222,0.225010716566557,0.35985275356484,0.215290970135178,0.273077587546393,-0.0261458603590811,-0.739054951338786,0.444188546438744,0.736552444692272,0.244263381464752,0.390642951395384,0.233711981217972,0.296443013711253,0.482194795059671,55.4525,-4.6231,Republic of Seychelles,Full 204: DD association with IHD,204,942.565312830121,0.35985275356484,DD_z,0.132947416132143,0.369449489590158,,,
8.89727879710696,0.0629137660136076,0.0619590430277862,0.0817339163159335,-0.0185686249358914,0.476368565609099,0.249086070956503,0.242483895625251,0.197655726815262,0.0347953434845985,-0.0886659662641533,0.222823648262164,0.708046431332593,0.517128243644226,0.270398703208466,0.263231623808682,0.214567807855891,0.241889180325904,-13.2331,8.4833,Republic of Sierra Leone,Full 204: DD association with IHD,204,942.565312830121,0.249086070956503,DD_z,0.0619590430277862,0.248745515113954,,,
4.66886343628192,-0.119970078644656,0.459574559967413,-0.163055789676153,-0.0551471771751996,0.707033989815899,0.506036692163065,0.318558326764292,0.426370459151964,-0.12845874614042,-0.945161219250988,0.333593810235029,0.716495733773594,0.767530168332504,0.549334873730008,0.345815236165354,0.462852132993105,0.362137205583345,103.8,1.3,Republic of Singapore,Full 204: DD association with IHD,204,942.565312830121,0.506036692163065,DD_z,0.459574559967413,0.908184262297169,,,
26.8026820046224,1.09468212246481,0.263105190313602,-1.08130831758178,0.675316536192077,0.200955094392081,0.094116118361463,0.295954010164813,0.259736974566986,0.162064679361401,-0.662361232232369,0.108446624961737,0.729705453505239,0.218149480290459,0.102169006312674,0.321276819095536,0.281960933537981,0.117725678695656,14.5061,46.0514,Republic of Slovenia,Full 204: DD association with IHD,204,942.565312830121,0.094116118361463,DD_z,0.263105190313602,2.79553805335573,,,
6.78165787502116,-0.140852184643351,-0.0267194575654735,0.103522610471995,-0.140902646763133,0.336775645785083,0.195618868995923,0.257397047011472,0.825786684319334,0.0402741848275221,-0.148601308986432,0.328357334574757,0.62685326428846,0.365591289560235,0.212356669710532,0.279420794002345,0.896443738139653,0.356452679658299,28.0456,-26.2044,Republic of South Africa,Full 204: DD association with IHD,204,942.565312830121,0.195618868995923,DD_z,-0.0267194575654735,-0.13658936738884,,,
7.22980644200371,0.175611828819148,-0.269636715342719,0.37637503003284,1.11221133040571,0.348892751193265,0.197759036118904,0.180665063619317,0.233689966736545,-0.0999012941084537,-0.230276334515078,0.223907183112507,0.708975717784755,0.37874517478726,0.214679956646976,0.196123367035923,0.253685257131162,0.243065426019967,31.58,4.83,Republic of South Sudan,Full 204: DD association with IHD,204,942.565312830121,0.197759036118904,DD_z,-0.269636715342719,-1.36346090997631,,,
6.07755418242854,0.436411633005804,0.181586978430287,0.632730680662829,0.946913804623074,0.184635490451287,0.137982958987955,0.101195611141364,0.131339641100664,0.876928150668379,1.5022623713211,0.170404689691744,0.700308708435669,0.200433516786274,0.149789239646906,0.109854244028729,0.142577497397221,0.184985081407201,32.5265,15.6031,Republic of Sudan,Full 204: DD association with IHD,204,942.565312830121,0.137982958987955,DD_z,0.181586978430287,1.31601017808394,,,
6.78108381247387,-0.119123015687018,0.0545230281780501,0.183638320465364,0.190987795777395,0.176743828275859,0.201162368163209,0.365078923395793,0.399881851218505,-0.00348621939432453,-0.00439611854061775,0.319585591462046,0.89040950320563,0.191866617761367,0.218374489094472,0.396316289690096,0.43409707171047,0.346930397045519,-55.2039,5.8522,Republic of Suriname,Full 204: DD association with IHD,204,942.565312830121,0.201162368163209,DD_z,0.0545230281780501,0.271039900135863,,,
6.93688839142826,1.3926057661332,-0.0447128943201953,0.130349363463882,0.575263690463572,0.197026066226601,0.255086018489931,0.200135957397386,0.178875475903839,-0.295139542820646,1.84071379850646,0.342507006134489,0.422939074451744,0.213884271414123,0.276912026198096,0.217260255211493,0.194180656246497,0.371813044153531,68.78,38.5367,Republic of Tajikistan,Full 204: DD association with IHD,204,942.565312830121,0.255086018489931,DD_z,-0.0447128943201953,-0.175285554986073,,,
11.9536156336129,-0.10247211094394,0.0689728870236287,0.141033584267532,0.175266520255167,0.156999445306365,0.188988749859444,0.278859630839607,0.375005637158501,0.0165471358018772,0.0542578650538261,0.257448263470668,0.859803934401454,0.170432839750011,0.205159255540654,0.302719787849512,0.407092366081082,0.279476392712045,-61.4,10.5167,Republic of Trinidad and Tobago,Full 204: DD association with IHD,204,942.565312830121,0.188988749859444,DD_z,0.0689728870236287,0.364957634118041,,,
16.2947101181667,0.875593736730962,0.286206998238967,-0.736789344155868,1.08644035135806,0.185068294500644,0.104665621759146,0.276119451935693,0.242755828377522,0.431384580143369,1.41971622061768,0.263331793354137,0.79760497955716,0.200903352988836,0.113621160290103,0.299745150129578,0.263526824031206,0.285863336970587,10.1817,36.8064,Republic of Tunisia,Full 204: DD association with IHD,204,942.565312830121,0.104665621759146,DD_z,0.286206998238967,2.73448906554609,,,
20.0343732127791,1.51186363233677,0.313877178794643,-1.54752509648589,0.585007031380982,0.173904282873777,0.0909182429490213,0.233856038487087,0.14325527767493,0.111397872171655,0.974796597436431,0.117396060039269,0.739083099002795,0.188784111415363,0.0986975100494505,0.253865538532742,0.155512675447171,0.127440857188457,28.955,41.0136,Republic of Turkey,Full 204: DD association with IHD,204,942.565312830121,0.0909182429490213,DD_z,0.313877178794643,3.45230141513664,,,
7.77074131203312,0.0527711763986142,-0.250342071582798,0.246005766440157,0.870415433651047,0.336490737459952,0.196206146552736,0.188597463264199,0.236581939698602,-0.0466214977367344,-0.431624154652678,0.404530684117171,0.658347645653962,0.365282003531702,0.212994196687356,0.204734489163591,0.256824676913453,0.439143674205764,32.5811,0.3136,Republic of Uganda,Full 204: DD association with IHD,204,942.565312830121,0.196206146552736,DD_z,-0.250342071582798,-1.27591350210586,,,
6.40568559411195,1.3321023210485,-0.120689313900026,0.140469098156387,0.736149420927558,0.207592867593984,0.263146117543122,0.213127403453447,0.202357563118718,1.57208544094241,1.78183034168708,0.205431407695929,0.403884078150916,0.225355203433042,0.285661774119951,0.231363292578745,0.219671948903485,0.223008801840906,69.2797,41.3111,Republic of Uzbekistan,Full 204: DD association with IHD,204,942.565312830121,0.263146117543122,DD_z,-0.120689313900026,-0.458639918486536,,,
2.88265237863481,-0.0601202578508996,-0.271285572331397,-0.0635197152050723,0.286404195658547,1.22550884671027,0.57220850292563,0.359394346983151,0.999712559001256,0.0516828652609242,0.159644223834653,0.327612174766575,0.766422329994846,1.33036745751563,0.621168564592144,0.390145322022713,1.08525128883004,0.355643761499841,168.3167,-17.7333,Republic of Vanuatu,Full 204: DD association with IHD,204,942.565312830121,0.57220850292563,DD_z,-0.271285572331397,-0.474102658286879,,,
7.19917590991992,0.776166314273218,0.306565843576341,0.602119663050513,0.479194675577935,0.215691536259135,0.154260765694643,0.109428701851685,0.116685955889159,1.55150919282484,0.722876669081198,0.16412119848236,0.665154070424332,0.234146821111071,0.167459829606692,0.118791785348963,0.12666999416671,0.178163953802133,44.2064,15.3483,Republic of Yemen,Full 204: DD association with IHD,204,942.565312830121,0.154260765694643,DD_z,0.306565843576341,1.98732219560731,,,
7.2021851077944,-0.167205759204089,-0.0256120198448772,0.0815416300555664,-0.114722445450875,0.300344120952635,0.171310859524527,0.200785788164606,0.401720663652696,-0.173343149694137,-0.248852970482653,0.18462446789552,0.390719672118583,0.32604256235613,0.1859687861432,0.217965687659347,0.436093219049177,0.200421551103994,28.2833,-15.4167,Republic of Zambia,Full 204: DD association with IHD,204,942.565312830121,0.171310859524527,DD_z,-0.0256120198448772,-0.149506107878761,,,
7.44272812893889,-0.154738057499116,-0.0346698758751117,0.0889760520539158,-0.109388626108149,0.311330211964311,0.184344688790628,0.212600002224137,0.41732716532564,0.13098140560075,-0.199901977568287,0.286936966210749,0.457056907119914,0.337968659835126,0.200117833168835,0.230790765147049,0.453035064884955,0.311488246885979,31.0522,-17.8292,Republic of Zimbabwe,Full 204: DD association with IHD,204,942.565312830121,0.184344688790628,DD_z,-0.0346698758751117,-0.18807092356476,,,
7.46611830227133,-0.137837438045877,-0.000596515192083515,0.0828342872550423,0.0621541098427816,0.312854955754769,0.14893542878135,0.207804811404907,0.169778492631312,0.089225007909859,-0.149677363342654,0.222511058440245,0.533196850845524,0.339623865772904,0.16167883916442,0.22558528186098,0.184305304844652,0.241549844279699,15.2667,-4.2667,Republic of the Congo,Full 204: DD association with IHD,204,942.565312830121,0.14893542878135,DD_z,-0.000596515192083515,-0.00400519337114376,,,
8.17945405170686,0.121260749226469,0.0669028512594579,0.102779740576369,-0.0265476709359921,0.576879053472168,0.276676023300583,0.280987814348656,0.212790619861894,0.0108260029185038,0.0323105676751718,0.417940465211329,0.729165680942274,0.626238742969457,0.300349343590623,0.30503006581418,0.230997692663551,0.453700840747618,-16.5786,13.4581,Republic of the Gambia,Full 204: DD association with IHD,204,942.565312830121,0.276676023300583,DD_z,0.0669028512594579,0.241809356883715,,,
2.70745066106758,0.797514004070713,0.622627912772119,-0.18606757661833,0.151350016481437,3.50664293635431,2.54417518716518,0.644458156992788,1.2130276789551,-0.0368599394031718,-0.0669396234401331,0.397046250185645,0.772707483562225,3.80668296289804,2.76186327361819,0.699600139236201,1.31681835955697,0.431018847227031,171.3833,7.0833,Republic of the Marshall Islands,Full 204: DD association with IHD,204,942.565312830121,2.54417518716518,DD_z,0.622627912772119,0.244726823810382,,,
8.51337698361872,0.0355207626746703,0.0164199464717395,0.0996061439907586,-0.00675467462958115,0.340549515624983,0.175525070746466,0.204649921859192,0.178094274377382,0.0407083278724588,-0.271195763824624,0.378294660569493,0.815604300249673,0.369688064248871,0.190543579286321,0.222160449478135,0.193332612520537,0.410662809268609,2.1175,13.515,Republic of the Niger,Full 204: DD association with IHD,204,942.565312830121,0.175525070746466,DD_z,0.0164199464717395,0.0935475849797944,,,
3.35285736481612,-0.438039257461812,0.199768646441836,0.114712518395865,0.30969202589554,0.926654387568883,0.619015574112212,0.234700044021291,0.2698809045439,-0.245805485807991,-0.713409712636337,0.327265401546553,0.812164762630699,1.0059420173873,0.671980604387208,0.254781759986126,0.292972811884539,0.355267317210358,120.9772,14.5958,Republic of the Philippines,Full 204: DD association with IHD,204,942.565312830121,0.619015574112212,DD_z,0.199768646441836,0.32271990366049,,,
5.34102150978844,-0.137024289937605,0.422477065505528,-0.192046766732607,-0.0804949062289759,0.283039026733439,0.207730822699459,0.276614630564981,0.356959647747067,0.110745966044797,-0.799439375881754,0.346764564706863,0.866923530423542,0.30725678674932,0.225504962435937,0.300282697888479,0.387502301826475,0.376434893590487,96.16,16.795,Republic of the Union of Myanmar,Full 204: DD association with IHD,204,942.565312830121,0.207730822699459,DD_z,0.422477065505528,2.0337716859513,,,
23.1822987536563,1.42181964667972,0.336461628249375,-1.46340523125136,0.453172523077051,0.189759664424476,0.0900660403277627,0.272169857312636,0.193380702392927,-0.0174739093796769,-0.1572574474081,0.137047786432542,0.721353843746507,0.205996132118573,0.0977723901389942,0.295457615061186,0.20992699813279,0.148774050618918,26.1039,44.4325,Romania,Full 204: DD association with IHD,204,942.565312830121,0.0900660403277627,DD_z,0.336461628249375,3.73572133320111,,,
11.0111398985044,1.94235771639791,0.341517685139004,-2.19996947462183,-0.381733590854957,0.253477505468835,0.144885934780898,0.377652792373574,0.334910761501909,1.23740032453978,0.112482669838233,0.138590284341103,0.603896226435211,0.275165883455838,0.157282856995815,0.409966020696125,0.363566839578477,0.150448529776163,37.6175,55.7506,Russian Federation,Full 204: DD association with IHD,204,942.565312830121,0.144885934780898,DD_z,0.341517685139004,2.35714864700608,,,
12.6562261516817,-0.0774890095133166,0.0740230785804641,0.0869279982421429,0.1378702531473,0.152111201206562,0.198251126116998,0.249069453530667,0.364475783935681,0.0624962214299266,-0.13820813537087,0.285921457624147,0.749529671499978,0.165126341235351,0.215214151501131,0.270380663940435,0.395661543612799,0.310385848008917,-62.7333,17.3,Saint Kitts and Nevis,Full 204: DD association with IHD,204,942.565312830121,0.198251126116998,DD_z,0.0740230785804641,0.373380368779239,,,
12.6820947116281,-0.0902334537661288,0.0690781855761621,0.113988400123754,0.150429214931142,0.155039428517093,0.191453238618076,0.266774573249282,0.372313296529048,0.0186449546035937,-0.0840021681282933,0.165792869112886,0.80586470828664,0.16830511740869,0.207834614150017,0.289600692558174,0.404169659837397,0.179978658128835,-60.9894,14.0108,Saint Lucia,Full 204: DD association with IHD,204,942.565312830121,0.191453238618076,DD_z,0.0690781855761621,0.360809699928681,,,
12.6816955863939,-0.0930097589430479,0.0693236218124551,0.120397855891003,0.156430597112549,0.155291447436319,0.190419069992073,0.268796578041854,0.372711732697335,-0.0270858195275743,-0.111676577919565,0.179028874137844,0.82117281401711,0.168578699904416,0.206711958618553,0.29179570680242,0.404602187528738,0.194347179743335,-61.1928,13.1308,Saint Vincent and the Grenadines,Full 204: DD association with IHD,204,942.565312830121,0.190419069992073,DD_z,0.0693236218124551,0.364058189210466,,,
27.0757405902261,1.20432344629501,0.288767704304871,-1.29819296991851,0.402400187614648,0.207019092400864,0.0955391957387669,0.309530125479577,0.275152277103147,0.262084513737591,-0.465909644164529,0.114250028029804,0.715501520243984,0.224732334127035,0.103713846921025,0.336014551966845,0.298695220603242,0.124025640222108,17.1128,48.1447,Slovak Republic,Full 204: DD association with IHD,204,942.565312830121,0.0955391957387669,DD_z,0.288767704304871,3.02250507838112,,,
6.10934179473695,-0.319074133341192,0.300374574714084,-0.0245631607187454,0.197197468904995,0.437004509914622,0.311297950542406,0.245598617795695,0.297423681945883,0.120166175048489,-0.846463496923383,0.205159835739626,0.714155681354314,0.474396068489111,0.337933638018718,0.266612851962101,0.322872240879731,0.222713993285253,106.7019,10.7756,Socialist Republic of Viet Nam,Full 204: DD association with IHD,204,942.565312830121,0.311297950542406,DD_z,0.300374574714084,0.96491022247564,,,
2.60409384267347,-0.662020372006949,-0.319226143735761,-0.103384905494325,-0.342373042794081,2.06877364776298,1.25278369582972,0.599815556956898,1.24382179543431,0.0298774704316649,0.0575285885812549,0.352451915575175,0.896353560162991,2.24578479815775,1.35997603339378,0.651137769938694,1.35024732300906,0.38260887310519,159.95,-9.4333,Solomon Islands,Full 204: DD association with IHD,204,942.565312830121,1.25278369582972,DD_z,-0.319226143735761,-0.254813456463717,,,
7.33871691092945,0.547526098255308,0.223791471445952,0.553274672342273,0.697804516064136,0.200826733050891,0.145359580494411,0.103177255004049,0.111446812126126,-0.89375250934499,0.495577617259324,0.173190650517054,0.666250822060014,0.218010135926214,0.157797029411087,0.112005443927757,0.12098257184716,0.188009418301916,38.9411,15.3358,State of Eritrea,Full 204: DD association with IHD,204,942.565312830121,0.145359580494411,DD_z,0.223791471445952,1.53957152796376,,,
13.5904389325357,1.17571842510977,0.348978975276758,-0.839808967161194,0.79682666211803,0.140517998902077,0.118253918255827,0.179178796760879,0.092827723055507,-1.40151927862585,0.341817372093524,0.161090072415385,0.714842492295514,0.152541186003152,0.128372116605747,0.194509930244375,0.10077037162141,0.174873474512689,35.2256,31.7789,State of Israel,Full 204: DD association with IHD,204,942.565312830121,0.118253918255827,DD_z,0.348978975276758,2.95109862255717,,,
11.566070698198,1.35024889620234,0.236651589294722,-0.0679980443263818,0.491125593584682,0.139934351953239,0.135750265274237,0.141701931103645,0.0956594089011801,0.546925517814971,2.19971014242704,0.18796952977071,0.635367777350041,0.151907600281191,0.147365509237042,0.153826419379556,0.103844345921231,0.204052827593,47.9783,29.3697,State of Kuwait,Full 204: DD association with IHD,204,942.565312830121,0.135750265274237,DD_z,0.236651589294722,1.74328638560409,,,
11.9628447517761,0.524606379736678,0.353070176879967,-0.335371341940944,1.04331044163852,0.159910760161779,0.105976149895824,0.258177827114531,0.234622652676597,0.524451113122608,1.64102174602472,0.285097388604511,0.801246948575933,0.173593256382352,0.115043821570661,0.280268380246518,0.254697746780713,0.309491268904562,13.1914,32.8872,State of Libya,Full 204: DD association with IHD,204,942.565312830121,0.105976149895824,DD_z,0.353070176879967,3.33160033863316,,,
9.56372239328122,1.43835551629863,0.241601978337825,0.38689648581394,0.280482989408301,0.162356756641978,0.159742763550975,0.138065954207839,0.116441956365063,-0.456293489746881,3.08102036937984,0.358745978320397,0.594977201273366,0.176248540452467,0.173410885423068,0.149879336213699,0.12640511723222,0.389441476781844,51.5333,25.2867,State of Qatar,Full 204: DD association with IHD,204,942.565312830121,0.159742763550975,DD_z,0.241601978337825,1.51244396282607,,,
6.91643096385146,1.64721838400337,0.424435740255128,0.55851784580014,0.114920689697105,0.215051783722467,0.2106126615584,0.180920379881118,0.14981412704149,0.257030448620003,2.3467774208603,0.187275637824881,0.614764702260923,0.233452329220677,0.228633381007562,0.196400529005815,0.162632721768698,0.203299563945625,58.5911,23.614,Sultanate of Oman,Full 204: DD association with IHD,204,942.565312830121,0.2106126615584,DD_z,0.424435740255128,2.01524322951228,,,
24.3028325287529,0.99288944321412,0.220288465714831,-0.876686792053534,0.899326591827783,0.201756047718169,0.0996025748578922,0.295239006613258,0.278558333769979,0.164824823165203,-1.23844478855661,0.175124596034492,0.744020301766867,0.219018965845685,0.108124902265215,0.32050063746327,0.302392710801024,0.190108838626718,8.5411,47.3744,Swiss Confederation,Full 204: DD association with IHD,204,942.565312830121,0.0996025748578922,DD_z,0.220288465714831,2.2116744073045,,,
14.3850308256149,1.3306258132518,0.323763534092776,-1.04663242579481,0.787173757678012,0.146402708318235,0.114815401661266,0.194421102628217,0.090342242006986,1.36155927267341,1.67496607735939,0.162420463923441,0.718389287176826,0.158929410719121,0.124639389100914,0.211056418470747,0.0980722245520514,0.176317698740711,36.2981,33.502,Syrian Arab Republic,Full 204: DD association with IHD,204,942.565312830121,0.114815401661266,DD_z,0.323763534092776,2.81986152910007,,,
3.21322396478839,-0.757172768603215,-0.066847287566261,-0.186919099540428,0.533009746459331,0.695428818188369,0.440706878800702,0.243810205567999,0.285330059867682,0.0213379603507493,-0.452211906382448,0.388004196347276,0.866780934832186,0.754932019642191,0.478415224364633,0.264671417239099,0.309743848294464,0.421203125204329,120.6794,24.1439,Taiwan (Province of China),Full 204: DD association with IHD,204,942.565312830121,0.440706878800702,DD_z,-0.066847287566261,-0.15168196999369,,,
10.7193836244873,-0.0270442120902984,-0.0349024714704113,0.0603688977604786,-0.00849257555685069,0.343594072887759,0.177494404776688,0.218996048568089,0.171786363303634,0.0588987579154883,-0.138677092667669,0.126516140846024,0.641605552785533,0.372993123951878,0.1926814160827,0.237734078478159,0.186484975606334,0.137341282426341,1.2153,6.1308,Togolese Republic,Full 204: DD association with IHD,204,942.565312830121,0.177494404776688,DD_z,-0.0349024714704113,-0.196639840643559,,,
4.66166462524711,-0.215464828961089,-0.199429951479411,-0.0643649954313769,0.0811093150234354,1.31742614231325,0.879155581968615,0.439817292354571,1.02899468131663,-0.0605637589269756,-0.0773182793754633,0.292344259693415,0.564250102534134,1.43014950248519,0.954379056082626,0.477449521944976,1.11703888687141,0.317358206374143,-172.51591,-8.54212,Tokelau,Full 204: DD association with IHD,204,942.565312830121,0.879155581968615,DD_z,-0.199429951479411,-0.22684261531144,,,
8.47675660359699,1.48632867430259,0.104680918179732,0.000913955178536785,0.480428085891681,0.153493530116176,0.177579404613512,0.167603490365791,0.112532398945092,-0.0887405832487148,1.27802091651487,0.199613528545131,0.52747264206486,0.16662694680166,0.192773688788122,0.181944202155071,0.122161045083104,0.216693125609962,58.38,37.9375,Turkmenistan,Full 204: DD association with IHD,204,942.565312830121,0.177579404613512,DD_z,0.104680918179732,0.589487944323063,,,
4.61958877266154,-0.0546458294734641,-0.14561775395814,-0.0846837313214266,0.166271262342242,1.29075948064602,0.836696515360309,0.329839931017417,0.926152837981803,-0.0319679845902221,-0.0528828957099969,0.405213623586441,0.620282408260557,1.40120115259944,0.908287050591349,0.358062131981093,1.00539755355028,0.439885048246278,179.2,-8.5167,Tuvalu,Full 204: DD association with IHD,204,942.565312830121,0.836696515360309,DD_z,-0.14561775395814,-0.174038915287501,,,
19.0908767563883,1.63667829439163,0.404413541274089,-1.75129893948063,0.0458358948769781,0.213784239638451,0.105168716247397,0.314495972122291,0.242066521313411,0.739268290701186,0.7126944425981,0.141670647493296,0.688411855364852,0.232076329851217,0.114167301215174,0.341405292955957,0.26277853756327,0.153792459039512,30.5233,50.45,Ukraine,Full 204: DD association with IHD,204,942.565312830121,0.105168716247397,DD_z,0.404413541274089,3.84537869914428,,,
5.12654050109552,-0.445976766098531,0.0171958680782767,-0.0930341757108995,0.00942992448925206,0.294892643395323,0.19565043706303,0.171912524892101,0.42821950251562,0.0606967600413198,-0.355743866604883,0.290876505128311,0.650921497854822,0.320124638257015,0.212390938846401,0.186621931999701,0.464859386653612,0.315764865849286,44.3939,-12.1675,Union of the Comoros,Full 204: DD association with IHD,204,942.565312830121,0.19565043706303,DD_z,0.0171958680782767,0.0878907726269834,,,
8.51125895097793,1.58090744105838,0.289065223739775,0.449049324750884,0.197169450178127,0.18008411043166,0.180925055068343,0.155919370279616,0.130691087214397,0.466862949036236,2.37686374830708,0.198509339901591,0.58230158831801,0.195492705562304,0.196405604217601,0.169260349913548,0.141873451084499,0.215494458915497,55.2972,25.2631,United Arab Emirates,Full 204: DD association with IHD,204,942.565312830121,0.180925055068343,DD_z,0.289065223739775,1.59770698221196,,,
16.3671782205556,0.875119541113604,0.125571305892826,-0.692820917103704,1.03012523371837,0.21672498172418,0.122584013038087,0.337408360118713,0.35642694593256,-0.331352834791047,-0.776852668427897,0.138600047991766,0.72018198086497,0.235268691605522,0.133072708691835,0.366278141035542,0.386924020273892,0.150459128837233,-0.1275,51.5072,United Kingdom of Great Britain and Northern Ireland,Full 204: DD association with IHD,204,942.565312830121,0.122584013038087,DD_z,0.125571305892826,1.02436935111441,,,
3.43421757835116,-0.231904870845347,-0.189836055046406,0.13550051324529,0.177997434421576,0.330284681180511,0.620249304252299,0.429195252316108,0.650441381182636,0.0522359193478234,-0.373148816019979,0.389421893541835,0.537047976417923,0.358544936446596,0.673319896579291,0.465918624850652,0.706095307977382,0.422742125283615,-99.1333,19.4333,United Mexican States,Full 204: DD association with IHD,204,942.565312830121,0.620249304252299,DD_z,-0.189836055046406,-0.306064116065798,,,
6.79631534681979,-0.247709342281859,-0.0856591884010109,0.00906735413641409,0.17166428157004,0.28903301149826,0.191809985752013,0.182743207284502,0.347195862607011,-0.0576312917268956,-0.296274111939526,0.146997475779191,0.471222048534605,0.313763636776039,0.208221885754645,0.198379323581342,0.376903094772709,0.159575068461183,39.2803,-6.8161,United Republic of Tanzania,Full 204: DD association with IHD,204,942.565312830121,0.191809985752013,DD_z,-0.0856591884010109,-0.446583571054314,,,
12.568084503941,-0.0724155077849383,0.0763828733227635,0.0777453302747004,0.14241754592537,0.150934463478341,0.203671217608091,0.240389730079221,0.356387322481543,0.0704762258432054,-0.159728901866929,0.243867022727889,0.738540268465788,0.163848917915349,0.221098004037865,0.260958274497033,0.386881006508688,0.264733095864063,-64.9331,18.342,United States Virgin Islands,Full 204: DD association with IHD,204,942.565312830121,0.203671217608091,DD_z,0.0763828733227635,0.375030277816384,,,
2.72570826173275,-0.0190739999479928,-0.309008209771331,-0.281119187899408,0.287555462587271,0.337307447373476,0.37256493614139,0.452587641665552,0.751793330086091,0.0239157477412726,-1.0116378137283,0.470473131842318,0.964567550177899,0.366168593860364,0.40444283057148,0.491312544794661,0.81611926654683,0.510728376966545,-73.9249,40.6943,United States of America,Full 204: DD association with IHD,204,942.565312830121,0.37256493614139,DD_z,-0.309008209771331,-0.829407654331864,,,
9.69697123674035,-1.09995874323522,,-0.00468741038201707,0.169995645135354,0.941707922981513,,0.398535913528886,1.1556161517106,-0.301377012334399,-1.27061326920222,0.422147700874752,0.539948704424252,0.968897301658343,,0.410042606426771,1.18898157679319,0.43433612301343,-170.7046,-14.274,American Samoa,Full 204: IHD association with DD,204,1996.26309064423,1.31611726913516,IHD_z,-1.18712410268055,-0.901989610288016,-1.18712410268055,1.31611726913516,1.35411674852823
22.2827560483815,0.0254392691927657,,-0.00498172981802677,0.386181519409552,0.168648992603957,,0.256612615442114,0.281097308599624,-0.582034385951768,-0.0844078998908832,0.18290498963329,0.308034942381381,0.173518295719574,,0.264021640474437,0.289213265768546,0.188185897761657,-61.85,17.1167,Antigua and Barbuda,Full 204: IHD association with DD,204,1996.26309064423,0.409455344541935,IHD_z,0.133882685317506,0.326977500970913,0.133882685317506,0.409455344541935,0.42127730774551
43.8468850426707,0.287614102170568,,-0.329474209049368,-0.13901657113193,0.0849321017827072,,0.0866885730770161,0.103642797539971,-0.282539713522758,0.557847083613785,0.194223775184898,0.253192922142586,0.0873842963759924,,0.0891914812323203,0.106635215040844,0.199831483947532,31.2358,30.0444,Arab Republic of Egypt,Full 204: IHD association with DD,204,1996.26309064423,0.0753913469268935,IHD_z,0.183600361606235,2.43529753864553,0.183600361606235,0.0753913469268935,0.0775680769198425
6.10232669058569,-0.229603601638725,,-0.156382946414377,0.449488740690842,0.440523621639877,,0.662559952544911,0.589327811242047,-0.507455268994653,-0.234929588533235,0.318332569503685,0.326039843837366,0.453242600924806,,0.681689656146438,0.606343126323942,0.327523598448202,-58.3814,-34.6036,Argentine Republic,Full 204: IHD association with DD,204,1996.26309064423,0.691309146919429,IHD_z,-0.447512910615333,-0.647341225860403,-0.447512910615333,0.691309146919429,0.711268909091588
3.17450303837386,-1.40334119782964,,0.259158597361518,-0.539301071646818,0.711743643102576,,0.307430225521984,0.843278293131774,0.390541239536573,0.175917411687187,0.522245704763362,0.894676284126982,0.732293398457584,,0.316306477504612,0.867625771030567,0.537324197661884,144.9631,-37.8142,Australia,Full 204: IHD association with DD,204,1996.26309064423,0.640561200760515,IHD_z,-0.934749598719158,-1.45926665181932,-0.934749598719158,0.640561200760515,0.659055747347764
21.5247650921274,0.0782417836322981,,-0.0493707129064138,0.356146208915443,0.168489175203997,,0.25918037504889,0.263704904494689,-0.442457469407571,0.0398716111574298,0.218605499540215,0.301580919487529,0.173353864005875,,0.266663537493246,0.271318701015103,0.224917167481818,-59.6131,13.0969,Barbados,Full 204: IHD association with DD,204,1996.26309064423,0.392568531668376,IHD_z,0.378064660676311,0.96305391333731,0.378064660676311,0.392568531668376,0.403902931861532
18.3373053993562,-0.146678456444467,,-0.0232412285324256,0.255247751786754,0.214955473117271,,0.265268514996005,0.44603093548495,-0.340894860671779,-0.0426358667407088,0.276635162121088,0.292382825683333,0.22116175599396,,0.272927456722258,0.458908924201541,0.284622286360653,-88.1886,17.4986,Belize,Full 204: IHD association with DD,204,1996.26309064423,0.568098871019408,IHD_z,-0.215525703383648,-0.379380622596388,-0.215525703383648,0.568098871019408,0.584501255403223
16.8370097786136,-0.121443233667117,,0.0516247029978341,0.334267256851673,0.161645086227928,,0.248528946498434,0.290521435130479,-0.105933913919811,-0.325262435753349,0.251201406077864,0.374462870520466,0.166312169676461,,0.255704576514485,0.298909489558745,0.258454196446643,-64.7819,32.2942,Bermuda,Full 204: IHD association with DD,204,1996.26309064423,0.409282708492569,IHD_z,-0.658141304217736,-1.60803593839021,-0.658141304217736,0.409282708492569,0.421099687277085
23.309689397949,0.0802625414674898,,-0.0544606869587841,0.406621468716065,0.181189129473162,,0.259097525572133,0.325937519626412,-0.201733052113251,-0.269667461781072,0.206678296878503,0.293164295311563,0.186420496580889,,0.266578295952302,0.335348121820404,0.212645597716666,-66.9036,10.4806,Bolivarian Republic of Venezuela,Full 204: IHD association with DD,204,1996.26309064423,0.462220271760719,IHD_z,0.422357898777961,0.913758925304353,0.422357898777961,0.462220271760719,0.475565685656378
50.4764026615399,0.211309692227246,,-0.269493841482779,-0.255672082512034,0.0939551357198866,,0.109764271810638,0.111456750187514,-0.789903672194996,-0.0245818473322214,0.0999777582248366,0.18830674740989,0.0966678470620966,,0.112933431035716,0.114674775344765,0.102864357202394,18.4131,43.8564,Bosnia and Herzegovina,Full 204: IHD association with DD,204,1996.26309064423,0.0745056221801403,IHD_z,0.210130888690212,2.82033600339792,0.210130888690212,0.0745056221801403,0.0766567791637143
12.0625920776244,-0.843920774264757,,-0.155709510856026,0.0033343359646222,0.178790383253518,,0.208543629039484,0.26037590277321,-0.0966380727149756,-1.79011085140058,0.328441357977665,0.529696270783814,0.183952492773277,,0.214564786515405,0.267893582985997,0.337924252022894,114.9422,4.8903,Brunei Darussalam,Full 204: IHD association with DD,204,1996.26309064423,0.26489315851046,IHD_z,0.655201288919434,2.47345493029621,0.655201288919434,0.26489315851046,0.2725412627898
27.4866012923341,0.645491753910462,,-0.314537702957888,-0.372112956172332,0.103573499746585,,0.130159648323831,0.128643515572004,-0.0930849084536732,0.316359726785737,0.19562416457068,0.258555028211606,0.10656391645305,,0.133917671252549,0.132357764092004,0.201272305951939,-1.5275,12.3686,Burkina Faso,Full 204: IHD association with DD,204,1996.26309064423,0.0925811344840327,IHD_z,0.233604302827687,2.52323871520473,0.233604302827687,0.0925811344840327,0.0952541750971425
9.79145181631418,-0.275493991265519,,-0.0134740688599636,0.163864595138128,0.203159948032519,,0.261652473974761,0.420669718298234,-0.666655138249073,0.482508405468502,0.343757277192603,0.41384048499691,0.209025665654956,,0.269207011876604,0.432815467515755,0.353682378760098,-79.3733,43.7417,Canada,Full 204: IHD association with DD,204,1996.26309064423,0.544792909241298,IHD_z,-1.12757542188013,-2.0697321913577,-1.12757542188013,0.544792909241298,0.560522394305963
28.735429106796,0.712899902733362,,-0.275463708730585,-0.292896228454736,0.106653565081652,,0.101308858402202,0.103757057090416,0.965312055444443,1.05598884929908,0.163729547101028,0.234708460921259,0.109732910701956,,0.104233889451844,0.106752773540048,0.168456813961671,18.5628,4.3733,Central African Republic,Full 204: IHD association with DD,204,1996.26309064423,0.0880973519546775,IHD_z,0.149737319416496,1.69968013900724,0.149737319416496,0.0880973519546775,0.0906409349534676
22.2551108615443,0.0481217097314618,,-0.0226027822621208,0.379479197360826,0.16955671847264,,0.2579612214949,0.27825900273698,-0.479715080525127,-0.0593141619077606,0.187156409828416,0.304360451822028,0.174452229823078,,0.265409184036148,0.286293011171039,0.192560066710169,-61.3883,15.3014,Commonwealth of Dominica,Full 204: IHD association with DD,204,1996.26309064423,0.408572688838037,IHD_z,0.245052288818605,0.599776479224598,0.245052288818605,0.408572688838037,0.420369167642905
20.7492516004897,-0.150692638715255,,0.0585483843610647,0.409228283468606,0.19184277229199,,0.253605625560005,0.398370822093051,-0.352396325098052,-0.207639886533819,0.252662001309134,0.331117947688872,0.197381735759289,,0.260927831543038,0.409872748403063,0.259956962584483,-77.3503,25.0442,Commonwealth of the Bahamas,Full 204: IHD association with DD,204,1996.26309064423,0.549288356765555,IHD_z,-0.575423369942722,-1.04757976908715,-0.575423369942722,0.549288356765555,0.565147636241072
6.69096658188997,-0.970700508094912,,0.0138272141016356,0.370605822820696,1.07315589805195,,0.496666731912426,1.33843745518953,0.0454570326808399,-1.07256939951937,0.427694303987754,0.5779572036992,1.10414049675749,,0.511006698180732,1.3770813721794,0.440042869934008,-159.771,-21.207,Cook Islands,Full 204: IHD association with DD,204,1996.26309064423,1.54444109566015,IHD_z,-1.40019951183092,-0.906605966239478,-1.40019951183092,1.54444109566015,1.58903283453074
47.5844683735536,0.161423333214209,,-0.237938086856048,-0.310341004247447,0.108084094175214,,0.136510812385852,0.126765215007175,-0.830155129081317,0.0769054497889455,0.100581783378424,0.169297242107857,0.111204742620188,,0.140452208736951,0.130425232460323,0.103485822018779,14.4214,50.0875,Czech Republic,Full 204: IHD association with DD,204,1996.26309064423,0.0796931890260968,IHD_z,0.209769949001867,2.63221928455109,0.209769949001867,0.0796931890260968,0.0819941235743954
8.35362295178976,-0.852305130987461,,-0.151640744264215,-0.135454120758791,0.172810596717408,,0.234734244858922,0.273969608675611,-0.680738698012967,-0.977737788382273,0.245429064646418,0.610432179257734,0.17780005537954,,0.241511588572547,0.281879771959191,0.252515193597998,125.7475,39.0167,Democratic People's Republic of Korea,Full 204: IHD association with DD,204,1996.26309064423,0.203742966580625,IHD_z,0.504581859201327,2.4765608730923,0.504581859201327,0.203742966580625,0.209625517354502
25.1825942817219,0.893324893344994,,-0.20012920533052,-0.383064745351412,0.145216451717529,,0.132934892540483,0.121401429577601,-1.39430986447359,0.98336692615105,0.130066045102128,0.234629081291493,0.149409200869891,,0.136773043462271,0.124906581610562,0.13382136548011,6.7306,0.3361,Democratic Republic of Sao Tome and Principe,Full 204: IHD association with DD,204,1996.26309064423,0.0938533676792422,IHD_z,0.153386120322259,1.63431663791201,0.153386120322259,0.0938533676792422,0.0965631407327039
7.39768241658453,-1.06827667076545,,0.00168427811907725,-0.0669819341876362,0.266575885334768,,0.229800459574103,0.27552192624492,0.0556714601628143,-1.34676996537103,0.39819088492235,0.574906491035053,0.274272573995441,,0.23643535300867,0.283476908680159,0.409687616012323,125.5795,-8.5594,Democratic Republic of Timor-Leste,Full 204: IHD association with DD,204,1996.26309064423,0.411708841390052,IHD_z,0.391928489504106,0.951955484319545,0.391928489504106,0.411708841390052,0.423595868481968
24.9465306992327,0.902367826526396,,-0.142685291115028,-0.29417977849814,0.15196314573554,,0.131191478327903,0.114711549539706,0.505028855806201,1.03888079859326,0.155576925303828,0.186132773506321,0.156350688213939,,0.134979292677109,0.118023548603244,0.160068806313038,15.3119,-4.3219,Democratic Republic of the Congo,Full 204: IHD association with DD,204,1996.26309064423,0.105942444113319,IHD_z,0.0842343910113814,0.795095787305812,0.0842343910113814,0.105942444113319,0.109001257956391
12.383839075234,-0.648270972013976,,-0.520215608638379,0.151345464302115,0.149496027134794,,0.12735641178472,0.169275121925263,0.042321464874915,-1.11640148645883,0.199987096516433,0.706677538870295,0.153812337949702,,0.131033498514513,0.174162502904305,0.20576120626423,79.8333,6.9167,Democratic Socialist Republic of Sri Lanka,Full 204: IHD association with DD,204,1996.26309064423,0.122707054084093,IHD_z,0.417778607567541,3.40468289036774,0.417778607567541,0.122707054084093,0.126249902645086
23.5027579318714,-0.0470249522654024,,0.0307665045580489,0.423623992706064,0.181312300027001,,0.253631118960066,0.354425257045496,0.210621310078133,-0.128323576426331,0.169048971436194,0.308838494791117,0.186547223365644,,0.260954060999037,0.364658368917309,0.173929822905252,-70.6889,19.4572,Dominican Republic,Full 204: IHD association with DD,204,1996.26309064423,0.497632723360676,IHD_z,-0.141982502748937,-0.285315848584239,-0.141982502748937,0.497632723360676,0.512000580131592
5.94666390342041,-0.226521469501383,,-0.174433423276723,0.454366394426739,0.450837280576676,,0.660406717961011,0.576300176062284,0.138363005847919,-0.285097444468468,0.370376184922989,0.32694958321626,0.463854040066627,,0.679474252487549,0.592939351900235,0.381069838548487,-56.1842,-34.9056,Eastern Republic of Uruguay,Full 204: IHD association with DD,204,1996.26309064423,0.707056342958467,IHD_z,-0.460304440669017,-0.651015220007799,-0.460304440669017,0.707056342958467,0.727470764654832
28.2818576255912,0.391609761902077,,-0.323515909866201,-0.00354519053751118,0.0996769430621472,,0.0952477493701424,0.105702259045533,-0.156902279255162,0.885400574691242,0.160022875081556,0.316517335709215,0.102554856780538,,0.0979977815855891,0.108754138166488,0.164643121382312,38.74,9.03,Federal Democratic Republic of Ethiopia,Full 204: IHD association with DD,204,1996.26309064423,0.0924329140295837,IHD_z,0.093824779876556,1.0150581193029,0.093824779876556,0.0924329140295837,0.0951016751607381
17.1733304810882,-0.688342281912024,,-0.459162833975505,0.241093904154581,0.132129793033856,,0.146094937301732,0.161255072933861,1.25318130894183,0.327702093656726,0.265406485331666,0.59745294652638,0.135944698791381,,0.150313050451389,0.165910895758073,0.273069410594227,85.32,27.71,Federal Democratic Republic of Nepal,Full 204: IHD association with DD,204,1996.26309064423,0.112992395123501,IHD_z,0.344195031981361,3.04617874154411,0.344195031981361,0.112992395123501,0.116254758053281
45.5724948462354,0.135650448412125,,-0.223320398075478,-0.334098261945278,0.115741509077132,,0.148333926658616,0.134042875962247,0.00347598685564129,-0.0617229686268452,0.135545520028571,0.163677530620557,0.119083245556276,,0.152616684830357,0.137913017037338,0.139459046061501,13.405,52.52,Federal Republic of Germany,Full 204: IHD association with DD,204,1996.26309064423,0.0829185679948859,IHD_z,0.210237095634519,2.5354646217176,0.210237095634519,0.0829185679948859,0.0853126270120549
26.9436913375611,0.762253592344191,,-0.281431896017794,-0.39104313981564,0.118369698702279,,0.124514355376723,0.12253875340858,-0.605658287136622,0.135561057717742,0.194814536632418,0.257568330447084,0.121787317353813,,0.128109385084364,0.126076742723211,0.200439302102671,3.3841,6.455,Federal Republic of Nigeria,Full 204: IHD association with DD,204,1996.26309064423,0.0879260875459704,IHD_z,0.206253652408025,2.34576174335279,0.206253652408025,0.0879260875459704,0.0904647257282748
22.7724915648887,0.271227366536327,,-0.355247158045638,0.146284388979114,0.131721004034354,,0.114538738084279,0.125881402621313,-0.263643664805502,1.45814954571245,0.317665122658597,0.38667183353288,0.135524107067663,,0.117845747664362,0.129515902279556,0.32683688080314,45.3419,2.0392,Federal Republic of Somalia,Full 204: IHD association with DD,204,1996.26309064423,0.110568549645009,IHD_z,0.0539859230020524,0.488257494336134,0.0539859230020524,0.110568549645009,0.113760930310691
8.71153915931706,-1.34321365167018,,0.0448983666535388,-0.24556719797736,0.273458653954562,,0.236348203180074,0.289570212199661,-0.124129589553717,-1.1839301439463,0.203891165123793,0.3542169329759,0.281354064743171,,0.24317214576251,0.297930802528029,0.209777994746994,151.8583,7.4417,Federated States of Micronesia,Full 204: IHD association with DD,204,1996.26309064423,0.381454253250507,IHD_z,0.0671925820391557,0.176148467258089,0.0671925820391557,0.381454253250507,0.392467757423519
6.66381088969954,0.156781904283236,,-0.0706139546934077,0.24470548345481,0.233726551725111,,0.409290395952579,0.346727444493073,0.390446014115436,-0.134972039525125,0.350788966790599,0.289897605439428,0.240474800907898,,0.421107596692604,0.356738301953128,0.360917090193794,-46.6339,-23.5504,Federative Republic of Brazil,Full 204: IHD association with DD,204,1996.26309064423,0.454331418965506,IHD_z,0.111535987722738,0.245494771144599,0.111535987722738,0.454331418965506,0.4674490626569
42.1558251510783,0.29926548821716,,-0.398487106172012,-0.41438968341656,0.112178040835586,,0.165787928761504,0.143350925952144,0.353139339691246,0.062830103192613,0.122790386178749,0.187531244716027,0.115416891393248,,0.170574626064498,0.147489812876921,0.126335640738271,2.3522,48.8567,French Republic,Full 204: IHD association with DD,204,1996.26309064423,0.0815123011655367,IHD_z,0.184023642633946,2.25761805276761,0.184023642633946,0.0815123011655367,0.0838657578681125
25.8743110175605,0.875065618832014,,-0.208122217990495,-0.369322290580583,0.139970441985313,,0.127201852504247,0.118274257741149,1.25695873591516,0.756120976236813,0.137751518080097,0.228891658582201,0.144011726185889,,0.130874476734892,0.121689120781978,0.141728736596567,9.4544,0.3901,Gabonese Republic,Full 204: IHD association with DD,204,1996.26309064423,0.0937077439857744,IHD_z,0.146591575503124,1.56434857214552,0.146591575503124,0.0937077439857744,0.0964133125320324
41.48654429432,0.114320689197831,,-0.18937256203412,-0.0661394505272534,0.100214481526057,,0.101151777508623,0.119078690055596,-0.242921999928228,0.148102755696814,0.105037980442933,0.195480598841842,0.103107915276181,,0.104072273254065,0.122516778997242,0.108070680238715,44.7925,41.7225,Georgia,Full 204: IHD association with DD,204,1996.26309064423,0.0830266400701446,IHD_z,0.155363109579932,1.871244090435,0.155363109579932,0.0830266400701446,0.0854238193887435
44.2886657098704,0.250794591295537,,-0.343437321636761,-0.381527817184557,0.110740303105189,,0.156553932468751,0.137085946892249,-0.343389761389183,-0.0661695953101361,0.140766176817267,0.180259429351636,0.113937642707452,,0.161074022030877,0.141043948763492,0.144830435801365,6.1319,49.6117,Grand Duchy of Luxembourg,Full 204: IHD association with DD,204,1996.26309064423,0.0802990123801526,IHD_z,0.193266096284197,2.40683030283404,0.193266096284197,0.0802990123801526,0.0826174385096334
8.39506415635517,0.578770471444435,,-1.33977583570945,-1.44057975574165,0.159456150610314,,0.338862962296376,0.3503661164989,2.22433114911498,0.840721496052658,0.21273410551532,0.264599069448869,0.164060034208922,,0.348646753190115,0.360482031194465,0.218876252152485,-51.7361,64.1767,Greenland,Full 204: IHD association with DD,204,1996.26309064423,0.131077734276723,IHD_z,-0.1011674504663,-0.771812627251561,-0.1011674504663,0.131077734276723,0.134862264560877
22.2369980546236,0.0834349837259611,,-0.0515814974891603,0.379312618992785,0.17318118153868,,0.260328951273133,0.28350970558762,-0.511040346971048,0.0863851264898092,0.170980858373308,0.298632731588511,0.178181339878272,,0.267845275882888,0.291695314475111,0.175917488077009,-61.75,12.05,Grenada,Full 204: IHD association with DD,204,1996.26309064423,0.420047884631756,IHD_z,0.404840300494019,0.963795594040262,0.404840300494019,0.420047884631756,0.432175680011767
8.79106131234547,-1.27239466405993,,0.0191503871121093,-0.19118967324976,0.245273604483162,,0.218282990947264,0.267624926572858,0.240332606652406,-1.09803034509056,0.343769776476616,0.270806885676194,0.252355244924934,,0.224585347288056,0.275351903583851,0.353695238928582,144.7332,13.4692,Guam,Full 204: IHD association with DD,204,1996.26309064423,0.365337426711259,IHD_z,0.170743062309774,0.467357160329261,0.170743062309774,0.365337426711259,0.375885599236156
43.6783044680038,0.249501067082405,,-0.304271020170077,-0.0993031127629457,0.0875914864493714,,0.0884390604980232,0.110121142595744,-0.230153557730121,0.440759956824576,0.145484620152449,0.244022925808226,0.0901204638911224,,0.090992509446494,0.113300605540986,0.149685111974219,35.9328,31.9497,Hashemite Kingdom of Jordan,Full 204: IHD association with DD,204,1996.26309064423,0.0779942747270965,IHD_z,0.16830700615803,2.15794052508264,0.16830700615803,0.0779942747270965,0.0802461575226301
49.6191690568679,0.246260545946503,,-0.297665964615437,-0.207055817724124,0.0869931452839886,,0.093581041372158,0.103718019631171,1.8983510649232,-0.115353564668341,0.126174079303293,0.212989074328341,0.0895048471733877,,0.0962829517084159,0.106712608975216,0.129817029243138,23.7281,37.9842,Hellenic Republic,Full 204: IHD association with DD,204,1996.26309064423,0.0729782381638098,IHD_z,0.205916480783785,2.82161485347971,0.205916480783785,0.0729782381638098,0.0750852958875269
49.7543540411013,0.159114802499676,,-0.223546867395787,-0.262537194928737,0.100852038808701,,0.118954198772082,0.11805814706458,-0.951596559653757,0.119161539246727,0.0962488219665857,0.173858892792735,0.103763880375052,,0.12238869335016,0.121466770469022,0.0990277575619908,19.0408,47.4983,Hungary,Full 204: IHD association with DD,204,1996.26309064423,0.0774000614766989,IHD_z,0.21219980639591,2.74159738826296,0.21219980639591,0.0774000614766989,0.0796347879027408
7.73611095425222,-1.40481196136885,,0.0860953485457572,-0.375961780383406,0.326027396939459,,0.22682914453691,0.352550002697831,0.110285292081053,-1.32877664558858,0.351053388721448,0.764204433469953,0.335440594108218,,0.23337824894099,0.362728971454429,0.361189146623444,147.1494,-9.4789,Independent State of Papua New Guinea,Full 204: IHD association with DD,204,1996.26309064423,0.44612118619645,IHD_z,-0.20077050435807,-0.450035798725014,-0.20077050435807,0.44612118619645,0.459001780668723
9.89623328289838,-1.11356660933378,,-0.00418677544385713,0.149437031274051,0.931640991229077,,0.39181118231934,1.14067879500905,-0.165870668062519,-1.2367605754068,0.226505975726113,0.540090784645449,0.958539713309683,,0.403123716010432,1.17361294258205,0.2330457494673,-171.75,-13.8333,Independent State of Samoa,Full 204: IHD association with DD,204,1996.26309064423,1.28784310268368,IHD_z,-1.16348262439811,-0.903435070602609,-1.16348262439811,1.28784310268368,1.3250262387078
33.948235998727,0.3540564778671,,-0.520054675302387,-0.544690912212171,0.130037971049247,,0.21072008302001,0.173114132589216,0.832209297309045,0.0705523389123606,0.13238798023758,0.190932536798613,0.133792480861621,,0.216804079970896,0.178112355063948,0.136210340482298,-6.2603,53.3497,Ireland,Full 204: IHD association with DD,204,1996.26309064423,0.0895382871112107,IHD_z,0.150190928685478,1.67739336468357,0.150190928685478,0.0895382871112107,0.092123473382803
24.1252877732543,-0.123245992762884,,-0.252114597045372,0.109451721673307,0.115612586145393,,0.12671607849212,0.132222737323425,0.654108774721388,0.800059551982683,0.294243091920939,0.345349745661405,0.118950600308598,,0.130374677255584,0.136040326606726,0.302738599555567,69.1783,34.5253,Islamic Republic of Afghanistan,Full 204: IHD association with DD,204,1996.26309064423,0.0983848215967458,IHD_z,0.142803430114988,1.45147826460775,0.142803430114988,0.0983848215967458,0.101225428652463
36.2064454493427,0.128772344007207,,-0.235722548405933,0.00283112448935997,0.0988677823131463,,0.100534168961625,0.122477151098764,0.850066993170805,0.313895088062822,0.130544434551909,0.236607430347978,0.101722333609412,,0.103436832858944,0.126013361806156,0.134313567186948,51.3897,35.6889,Islamic Republic of Iran,Full 204: IHD association with DD,204,1996.26309064423,0.0856311089014808,IHD_z,0.123453476425629,1.4416895683047,0.123453476425629,0.0856311089014808,0.0881034855159493
21.2661722547906,0.578494968140156,,-0.242460654655237,-0.296141702176884,0.11511707763637,,0.184510643708711,0.168152893433544,-0.222109267473208,-0.151458436911359,0.358043678015769,0.221754896904707,0.118440785273994,,0.189837910942291,0.173007872969761,0.368381262426861,-15.9785,18.0858,Islamic Republic of Mauritania,Full 204: IHD association with DD,204,1996.26309064423,0.122264457754082,IHD_z,0.23748561408688,1.94239289528073,0.23748561408688,0.122264457754082,0.125794527491701
22.9667560190867,-0.190580464908356,,-0.344485426036486,0.133859936293155,0.112676467611255,,0.116480035175512,0.134008511164918,-0.269073532280252,0.448469047704475,0.154051333053348,0.433994164271217,0.115929708951893,,0.11984309468408,0.137877660045438,0.158499166535301,67.01,24.86,Islamic Republic of Pakistan,Full 204: IHD association with DD,204,1996.26309064423,0.0974814931625763,IHD_z,0.187744595346057,1.92595116524265,0.187744595346057,0.0974814931625763,0.100296018948011
23.1081081498432,-0.0688962607003373,,0.0123659601186477,0.383551777096732,0.189932578495932,,0.253936455869396,0.386358553467664,-0.352282010334265,-0.198248254341641,0.144325689899558,0.301267582643407,0.195416390061882,,0.261268213721264,0.397513656614727,0.148492720610152,-76.7931,17.9714,Jamaica,Full 204: IHD association with DD,204,1996.26309064423,0.526660404730917,IHD_z,-0.115576801851882,-0.219452233001895,-0.115576801851882,0.526660404730917,0.541866360663607
6.78384075730034,-1.05106318124119,,-0.00344247095223765,-0.173945958377838,0.206545963154473,,0.253477810003386,0.291227167945934,0.270956379275698,-1.46368470175442,0.40192302277686,0.419184309699723,0.212509443198899,,0.260796325643071,0.299635598582466,0.41352750968679,139.7495,35.687,Japan,Full 204: IHD association with DD,204,1996.26309064423,0.297078709109338,IHD_z,0.398909634418703,1.34277422846848,0.398909634418703,0.297078709109338,0.305656087850322
32.9805975288116,0.174941851476724,,-0.304633801434774,0.0282505735647072,0.0956557411034121,,0.0943853537575853,0.124564495233494,0.612192492516277,0.370755110815151,0.252106320832009,0.299416714013099,0.0984175530240755,,0.0971104865320198,0.128160972599712,0.259385238271954,50.5875,26.2233,Kingdom of Bahrain,Full 204: IHD association with DD,204,1996.26309064423,0.087610760450221,IHD_z,0.11900795345881,1.35837142432325,0.11900795345881,0.087610760450221,0.090140294378856
42.6336879088018,0.255743388079363,,-0.360078111258057,-0.406847078968583,0.115014113986823,,0.166630522407145,0.143363371233002,0.0890254508442709,-0.0256284304382453,0.12609381374145,0.179341192039149,0.118334848815588,,0.171441547420613,0.147502617483049,0.129734446220964,4.3525,50.8467,Kingdom of Belgium,Full 204: IHD association with DD,204,1996.26309064423,0.0819656881137615,IHD_z,0.188155577283823,2.29554075142612,0.188155577283823,0.0819656881137615,0.0843322351908809
16.2982652237426,-0.767217994392081,,-0.473528178937561,0.260395517537073,0.133894481408262,,0.151302030042078,0.175458204395282,-0.0627413918382334,-0.00499300677791098,0.228937991994756,0.630934676723892,0.137760337974724,,0.155670484516118,0.180524105875814,0.235547983910456,89.6361,27.4722,Kingdom of Bhutan,Full 204: IHD association with DD,204,1996.26309064423,0.117248670722764,IHD_z,0.3769040037732,3.21456952517948,0.3769040037732,0.117248670722764,0.120633922593156
14.226002754896,-0.784807623438845,,-0.263657842676956,0.0826962174472068,0.148988095492734,,0.204987211504256,0.25710227771456,-0.0709806992496081,-0.971956382404501,0.285023155861327,0.642582476998679,0.153289741096253,,0.210905686629591,0.264525440477516,0.293252461707924,104.921,11.5696,Kingdom of Cambodia,Full 204: IHD association with DD,204,1996.26309064423,0.184299671201254,IHD_z,0.647906234382213,3.5155040166876,0.647906234382213,0.184299671201254,0.189620847149781
42.3849491733048,0.0956499293003953,,-0.201056920431542,-0.367290415615618,0.127614176167394,,0.164085300394494,0.144337485498515,-0.0332645173151978,-0.0895166644533506,0.144937581274436,0.157834887612417,0.131298705176517,,0.168822838710623,0.148504856776496,0.149122278764607,12.5615,55.6805,Kingdom of Denmark,Full 204: IHD association with DD,204,1996.26309064423,0.0883324917433131,IHD_z,0.212097756547636,2.40112955450158,0.212097756547636,0.0883324917433131,0.0908828637948436
15.143405112756,0.764849426826721,,-0.0845028289580105,0.308817193490589,0.232394963030734,,0.19703394776296,0.209164160244966,0.681950970850698,0.738183718603626,0.1954053971838,0.147475821795058,0.239104766036771,,0.202722792984689,0.215203233953209,0.201047222223038,31.388,-26.495,Kingdom of Eswatini,Full 204: IHD association with DD,204,1996.26309064423,0.234717354686809,IHD_z,-0.138249822662886,-0.589005541781762,-0.138249822662886,0.234717354686809,0.241494210740433
13.5505362071664,0.812888709323746,,-0.064574592724981,0.248798396163552,0.25464271447053,,0.21282266610728,0.203713100246627,1.79739090048783,0.909993541670023,0.157176873051933,0.115054675190292,0.261994863711363,,0.2189673697023,0.209594788707419,0.161714948410924,27.48,-29.31,Kingdom of Lesotho,Full 204: IHD association with DD,204,1996.26309064423,0.276826936899225,IHD_z,-0.154781761663659,-0.559128253187314,-0.154781761663659,0.276826936899225,0.284819598139103
31.3866816708708,0.466399765555948,,-0.443194497741206,-0.404029546286694,0.10808176534876,,0.155201755249096,0.148724241499357,0.336018557492112,1.22234458350706,0.320470232582956,0.240756808152717,0.111202346554899,,0.159682804194098,0.153018269001799,0.329722981015573,-7.5833,33.5333,Kingdom of Morocco,Full 204: IHD association with DD,204,1996.26309064423,0.0963188209532346,IHD_z,0.198282271147045,2.05860359569098,0.198282271147045,0.0963188209532346,0.0990997775881876
36.9868407561005,0.0498280696038593,,-0.190308531697203,-0.430410631875138,0.146803626942013,,0.18872222046986,0.161421328162896,-0.00807349896958623,0.0292156895343185,0.152446495390528,0.154869451480725,0.151042201670599,,0.194171086080803,0.166081951176497,0.156847993339069,10.7389,59.9133,Kingdom of Norway,Full 204: IHD association with DD,204,1996.26309064423,0.0975199813049421,IHD_z,0.212220918404752,2.17617882576437,0.212220918404752,0.0975199813049421,0.100335618335862
34.2389126373898,0.224363264405439,,-0.317583513263312,0.00523280379362246,0.0938237516718359,,0.0917227379961331,0.121400615164663,0.0837449894897558,0.196818755428772,0.232959803766647,0.2976051408027,0.0965326696397444,,0.0943709946326035,0.124905743683558,0.239685915086851,46.71,24.65,Kingdom of Saudi Arabia,Full 204: IHD association with DD,204,1996.26309064423,0.0862637886506011,IHD_z,0.123375870372588,1.43021622748688,0.123375870372588,0.0862637886506011,0.0887544322551418
37.1455641729897,0.414897829109168,,-0.468136869116677,-0.424860893948384,0.107589690473925,,0.158715277012183,0.145484473591056,0.787940267095468,0.268510109969535,0.143540114270553,0.221096950221316,0.110696064291782,,0.163297769803387,0.149684961181245,0.147684463518312,-3.7033,40.4169,Kingdom of Spain,Full 204: IHD association with DD,204,1996.26309064423,0.0872705786860425,IHD_z,0.185765519985263,2.1286156546934,0.185765519985263,0.0872705786860425,0.0897902907467931
38.844815816143,-0.0180987053083129,,-0.0936094513665084,-0.35908034922315,0.143330548703048,,0.170049961461935,0.151637691165435,0.526863229797316,0.0932462695482792,0.137677288843262,0.146281703364038,0.147468847287504,,0.174959713926936,0.156015836985557,0.141652364182659,18.0547,59.3275,Kingdom of Sweden,Full 204: IHD association with DD,204,1996.26309064423,0.0975521603125936,IHD_z,0.228391796338641,2.34122745828271,0.228391796338641,0.0975521603125936,0.100368726429065
14.6752591789395,-0.798988220999878,,-0.323600319296595,0.143122782457153,0.145582902073142,,0.193538380160564,0.24545507188758,0.0993118995032957,-1.37053994898875,0.267646303092389,0.668930759698233,0.14978623153097,,0.199126299916007,0.252541951730929,0.275373897295051,100.4942,13.7525,Kingdom of Thailand,Full 204: IHD association with DD,204,1996.26309064423,0.163499112514595,IHD_z,0.581726541866399,3.55797981358749,0.581726541866399,0.163499112514595,0.168219726173032
9.79445013129592,-1.09897334327241,,-0.00506635208580854,0.15928132441085,0.916007809567172,,0.381198001891846,1.1203401599194,-0.339321954524264,-1.19437894093048,0.220800213759728,0.657748772675739,0.942455163993588,,0.39220410747018,1.15268708205049,0.227175248393429,-175.2,-21.1333,Kingdom of Tonga,Full 204: IHD association with DD,204,1996.26309064423,1.15701367918928,IHD_z,-1.30723802863611,-1.12983800636834,-1.30723802863611,1.15701367918928,1.19041945426033
42.6762678251167,0.238849235256501,,-0.344788275277371,-0.404352918884686,0.116357889840601,,0.167043329959752,0.143614664701333,0.205915330901078,-0.0829563569561567,0.137622661571746,0.176515898096495,0.119717422718796,,0.171866273722755,0.147761166399808,0.141596159690081,5.0911,51.5572,Kingdom of the Netherlands,Full 204: IHD association with DD,204,1996.26309064423,0.0824099947207788,IHD_z,0.190036422348459,2.30598755639215,0.190036422348459,0.0824099947207788,0.0847893700010936
20.6020045901413,-0.129479427147025,,-0.199988387813906,0.0858555281007319,0.125523609914018,,0.135122017697397,0.132767770083774,-0.159880844185681,0.0272107598333125,0.137524427325841,0.318226450796001,0.129147779233981,,0.139023316196745,0.136601095777219,0.141495089184602,74.5667,42.8667,Kyrgyz Republic,Full 204: IHD association with DD,204,1996.26309064423,0.103319150076961,IHD_z,0.127233217428344,1.23145822757513,0.127233217428344,0.103319150076961,0.106302223095097
14.9548869120877,-0.819323561541736,,-0.342251084575499,0.152579455342255,0.141580197054504,,0.191862774401718,0.240324308954424,-0.496038599214101,-0.881712881851957,0.261648433314916,0.668661915772678,0.145667958765872,,0.197402315378159,0.247263051298995,0.269202854553165,102.63,17.98,Lao People's Democratic Republic,Full 204: IHD association with DD,204,1996.26309064423,0.155015604470483,IHD_z,0.560191300511924,3.61377360960194,0.560191300511924,0.155015604470483,0.159491278793602
44.9317819955857,0.234025695067648,,-0.291397457321484,-0.106410964211286,0.0880617386417887,,0.0892011413587044,0.110395661931801,1.22618323041279,0.481477015116988,0.181466596121025,0.233622442443994,0.0906042933983537,,0.0917765934193906,0.113583050912282,0.186705974359989,35.5058,33.8981,Lebanese Republic,Full 204: IHD association with DD,204,1996.26309064423,0.0776679676331084,IHD_z,0.172138981594785,2.21634461207925,0.172138981594785,0.0776679676331084,0.0799104291559449
12.1849659965827,-0.740223359783953,,-0.206174238484882,0.064259162285571,0.163442072135184,,0.214025873087828,0.273948654743939,0.381310430539231,-1.15624651643485,0.235786197813748,0.630685584484208,0.168161038900314,,0.220205316169925,0.28185821303698,0.242593913945975,101.698,3.1686,Malaysia,Full 204: IHD association with DD,204,1996.26309064423,0.212852181698805,IHD_z,0.700955522750696,3.29315639217914,0.700955522750696,0.212852181698805,0.21899773748013
8.84487964612308,-0.653030485339642,,-0.331907573007411,-0.0382253676428401,0.158340384626144,,0.178091750860934,0.196803823994758,0.223717320631377,-0.174613192529509,0.181093395024804,0.628844934633833,0.162912053370105,,0.183233689178759,0.202486024988353,0.186321998048142,106.9055,47.9214,Mongolia,Full 204: IHD association with DD,204,1996.26309064423,0.13013845126003,IHD_z,0.390691640207856,3.00212301917758,0.390691640207856,0.13013845126003,0.133895862178399
50.5650276538214,0.222425646440714,,-0.278324668185317,-0.246439266998162,0.0917880221868935,,0.105289416995716,0.108937226415023,-0.746484873409106,0.0443906539538331,0.0933939346430521,0.193800502684275,0.0944381637353848,,0.108329376371119,0.112082506845099,0.0960904427568305,19.2628,42.4414,Montenegro,Full 204: IHD association with DD,204,1996.26309064423,0.0738181959729228,IHD_z,0.209959817444104,2.84428269584262,0.209959817444104,0.0738181959729228,0.0759495053041577
5.84120630950493,-1.02252843580034,,0.00359812987540525,0.230939450500507,0.904827218177581,,0.365444521812189,1.10361514811379,-0.129363696712167,-0.273493936499679,0.480026376484006,0.849455009108792,0.930951761968444,,0.375995786430911,1.13547917882148,0.493885895562669,174.7653,-36.8492,New Zealand,Full 204: IHD association with DD,204,1996.26309064423,0.907445175226382,IHD_z,-1.60707749801011,-1.77099128617792,-1.60707749801011,0.907445175226382,0.93364530575048
50.6970477344192,0.214183807572018,,-0.269583764199956,-0.229207337788395,0.091073103806999,,0.101872445170577,0.108199804021509,-0.93701490856748,0.00529555328704696,0.0946668092032222,0.194726813451668,0.0937026039378282,,0.104813748329318,0.111323793288781,0.0974000682751056,21.4317,41.9961,North Macedonia,Full 204: IHD association with DD,204,1996.26309064423,0.073903602164941,IHD_z,0.208882846590518,2.82642307643306,0.208882846590518,0.073903602164941,0.0760373773788975
8.56434463124037,-1.27777061925525,,0.0236321785757373,-0.196734609634589,0.245174496026213,,0.221449765903223,0.268943323966619,-0.108098732043163,-1.0936228709865,0.326120759099157,0.246611613939195,0.252253274967833,,0.22784355467371,0.276708366289701,0.335536651858611,145.7546,15.2137,Northern Mariana Islands,Full 204: IHD association with DD,204,1996.26309064423,0.372099221318109,IHD_z,0.166092027954874,0.446364889898228,0.166092027954874,0.372099221318109,0.382842623159457
43.9399367236765,0.260258735839752,,-0.311341757916023,-0.111244490025945,0.0867343058736637,,0.0878905960727214,0.108260551535312,2.08437004554494,0.656714491864209,0.16847585111615,0.246059632699525,0.0892385344450923,,0.090428209530605,0.111386294729801,0.173340155219481,34.456,31.5069,Palestine,Full 204: IHD association with DD,204,1996.26309064423,0.0771555528299963,IHD_z,0.173154635296184,2.24422778329009,0.173154635296184,0.0771555528299963,0.0793832197017724
41.3312067687057,0.385223818111491,,-0.421059960254181,-0.369720881466101,0.0957889599538024,,0.127102859204667,0.121798286394328,-0.40647182477178,0.711927685500922,0.180320583390624,0.228046056388203,0.0985546182239355,,0.13077262526003,0.125314896640612,0.185526873478438,3.0872,36.7325,People's Democratic Republic of Algeria,Full 204: IHD association with DD,204,1996.26309064423,0.0804557072202209,IHD_z,0.20842298910455,2.59053081882756,0.20842298910455,0.0804557072202209,0.082778657507606
16.0861543200604,-0.799314837845398,,-0.475903683127517,0.26500268658069,0.135525532078545,,0.153910298454061,0.183963484409542,0.965839373732381,0.0156567042354003,0.234585390059104,0.654821511958319,0.139438481011157,,0.158354059927026,0.189274953834673,0.241358435975693,90.3944,23.7289,People's Republic of Bangladesh,Full 204: IHD association with DD,204,1996.26309064423,0.121788796181859,IHD_z,0.402687446103996,3.30644081170397,0.402687446103996,0.121788796181859,0.125305132422824
13.470085220506,-0.835607540550526,,-0.277623440457128,0.038703387069439,0.140181114206476,,0.2031871060514,0.24461409725141,-0.574453331707726,-1.0180188992155,0.272412209013102,0.634111746210242,0.144228481022115,,0.209053607791335,0.251676696128992,0.280277406412736,113.26,23.13,People's Republic of China,Full 204: IHD association with DD,204,1996.26309064423,0.167956186266591,IHD_z,0.575349257602889,3.42559134255203,0.575349257602889,0.167956186266591,0.172805486392537
10.3090391080163,0.117999590665119,,-0.0710467710747843,0.414630050761965,0.208986789642974,,0.33644695461221,0.384084518083461,0.228227544824618,-0.0253790855460775,0.235302013005783,0.289059068178854,0.215020742234206,,0.346160989537875,0.395173964345117,0.242095749554987,-63.1975,-17.7892,Plurinational State of Bolivia,Full 204: IHD association with DD,204,1996.26309064423,0.419079404726145,IHD_z,0.155951935934904,0.372129802076085,0.155951935934904,0.419079404726145,0.431179237755779
31.7542676964644,0.460157915489424,,-0.489607097968107,-0.443100013724621,0.113359537335577,,0.171351837333866,0.158631496181801,0.950213245598501,0.373441332450912,0.184325141273062,0.23047127288967,0.116632500546388,,0.176299178094779,0.163211570018394,0.189647052603983,-9.134,38.7122,Portuguese Republic,Full 204: IHD association with DD,204,1996.26309064423,0.0955301307903794,IHD_z,0.177560491977478,1.85868574143478,0.177560491977478,0.0955301307903794,0.0982883160383947
41.9704472344052,0.360251018223869,,-0.426496042245839,-0.394018415577735,0.103258494191864,,0.14769866280454,0.134184130405604,0.189239822349471,-0.0135688592413281,0.131697274538461,0.208798942876783,0.106239815928325,,0.151963079376867,0.138058349837111,0.135499692444,1.5,42.5,Principality of Andorra,Full 204: IHD association with DD,204,1996.26309064423,0.0811123072523377,IHD_z,0.192375679464496,2.37171997667409,0.192375679464496,0.0811123072523377,0.0834542151660492
46.2327148685558,0.299100510083446,,-0.364961170069813,-0.346259056822758,0.0989740883497466,,0.13324878059349,0.122875905895774,0.873861521445815,-0.154393566782716,0.144270754221586,0.197978061469967,0.101831708957647,,0.137095994220313,0.126423629615759,0.148436198806679,7.4167,43.7333,Principality of Monaco,Full 204: IHD association with DD,204,1996.26309064423,0.0768675608995796,IHD_z,0.201114442670223,2.61637601501315,0.201114442670223,0.0768675608995796,0.0790869127498284
23.2379102369683,-0.00866683754990976,,0.0176037715244713,0.417261476221305,0.17499035681349,,0.255308526117126,0.318816744756045,-0.523559430094087,-0.425071739848744,0.251356906186381,0.30826157695523,0.180042750406115,,0.26267989894581,0.328021753007692,0.258614186218284,-66.061,18.3985,Puerto Rico,Full 204: IHD association with DD,204,1996.26309064423,0.457418762103609,IHD_z,-0.00803461650128995,-0.0175651223057397,-0.00803461650128995,0.457418762103609,0.470625544836566
50.4837862828995,0.231663442466666,,-0.286025722592692,-0.240566645737268,0.0903176615665879,,0.102283767944711,0.107183261694781,-1.40752695069018,0.182327696991508,0.0993642663913318,0.198446245766287,0.0929253502581781,,0.105236946983851,0.110277900933676,0.102233152380212,19.8186,41.3272,Republic of Albania,Full 204: IHD association with DD,204,1996.26309064423,0.0733719510669611,IHD_z,0.209813259561837,2.85958403055626,0.209813259561837,0.0733719510669611,0.0754903762316356
22.3208104860724,0.96627384740707,,-0.0863019186878975,-0.289460747583027,0.175019758692951,,0.148140017771486,0.119608238108097,1.08555849474585,1.02614464498629,0.141226184864278,0.167401647307663,0.180073001188738,,0.152417177326042,0.123061616379029,0.145303725390008,13.2344,-8.8383,Republic of Angola,Full 204: IHD association with DD,204,1996.26309064423,0.118223523590544,IHD_z,0.0509665788868214,0.431103534549853,0.0509665788868214,0.118223523590544,0.121636921814098
41.6833240136946,0.131478454532072,,-0.207305551645526,-0.0610097167194276,0.098092850755062,,0.0988502946872509,0.118647896438266,-0.655964952788762,0.161963880147282,0.0882194136855533,0.203307927595255,0.100925027908489,,0.101704341073585,0.122073547329315,0.0907665209008672,44.5144,40.1814,Republic of Armenia,Full 204: IHD association with DD,204,1996.26309064423,0.0825759119494135,IHD_z,0.152813448831975,1.85058142531431,0.152813448831975,0.0825759119494135,0.0849600776602305
49.043180795275,0.170519294726188,,-0.238889461222589,-0.285587948836968,0.102827002982466,,0.125880533316012,0.120903687781686,-0.593327794073831,-0.0643373958465175,0.121113457746279,0.173478010312154,0.105795866527165,,0.129515007875315,0.124394468808688,0.124610295338021,16.3725,48.2083,Republic of Austria,Full 204: IHD association with DD,204,1996.26309064423,0.077763834356565,IHD_z,0.210815086517226,2.71096568554723,0.210815086517226,0.077763834356565,0.0800090637828915
37.8499736198589,0.106166972359139,,-0.195098281509086,-0.0265242454337341,0.102361003054778,,0.104115782812912,0.121114857451424,-1.11421542706231,0.284386975606164,0.145221182978796,0.206752360386634,0.1053164120578,,0.107121856539225,0.12461173545603,0.149414068734081,49.8352,40.3667,Republic of Azerbaijan,Full 204: IHD association with DD,204,1996.26309064423,0.0849460214947613,IHD_z,0.1349538468569,1.58870120674484,0.1349538468569,0.0849460214947613,0.0873986179837011
44.3820701989282,0.0000741498311018841,,-0.0735809632230153,-0.244446530608701,0.121139318769791,,0.131743003261048,0.130584118118762,0.553244536038303,0.270300875550069,0.126487167737543,0.148300442329479,0.124636903031647,,0.135546741465084,0.134354396514073,0.130139157295502,27.5586,53.9006,Republic of Belarus,Full 204: IHD association with DD,204,1996.26309064423,0.0887890548189062,IHD_z,0.225365942041016,2.53821760464363,0.225365942041016,0.0887890548189062,0.0913526089474366
26.6197927179646,0.767364033476319,,-0.274338909983068,-0.390547328499154,0.120064094748182,,0.127196254635236,0.123965053770522,-0.0776806600164992,0.457219904624675,0.148551078427596,0.256660170910498,0.123530634699617,,0.130868717241903,0.127544223816144,0.152840106294572,2.4333,6.3667,Republic of Benin,Full 204: IHD association with DD,204,1996.26309064423,0.0890052666262608,IHD_z,0.207230315939344,2.32829273810861,0.207230315939344,0.0890052666262608,0.091575063311067
16.1477552047811,0.806648310586456,,-0.0640022529938707,0.136192223728202,0.229905531900291,,0.192470274204627,0.17011434292034,-0.0712590123181629,0.785303821154533,0.230974316989651,0.11864364979214,0.236543459026298,,0.198027355165371,0.175025954233302,0.237643102518577,25.9086,-24.6569,Republic of Botswana,Full 204: IHD association with DD,204,1996.26309064423,0.209824565215818,IHD_z,-0.120006644136841,-0.571938009324151,-0.120006644136841,0.209824565215818,0.215882706408144
50.7309121031968,0.194582857029215,,-0.251092716936266,-0.216596846819205,0.0920997126706738,,0.101522410094769,0.109497015386333,-0.810614394911656,0.121021823694765,0.0899051755315725,0.190834924803158,0.0947588534750773,,0.104453606896758,0.112658458273949,0.0925009547566165,23.3217,42.6979,Republic of Bulgaria,Full 204: IHD association with DD,204,1996.26309064423,0.0746870535311957,IHD_z,0.207743938694483,2.7815254300762,0.207743938694483,0.0746870535311957,0.0768434488753987
25.831357915974,0.663988163145991,,-0.195540616904391,-0.057921118773517,0.131653167173395,,0.114527349085481,0.106430166395462,-0.238872796486226,1.03485157957267,0.178865760157169,0.206079182698553,0.135454311592939,,0.117834029837704,0.109503061956967,0.184030045989909,29.3667,-3.3833,Republic of Burundi,Full 204: IHD association with DD,204,1996.26309064423,0.108300710500316,IHD_z,0.0326077034855796,0.301084852859616,0.0326077034855796,0.108300710500316,0.111427613180969
16.1727769783498,0.516475773458544,,-0.18950868350643,-0.219619286167957,0.116214634810389,,0.213439274812857,0.185996787741579,0.839987788078897,0.379978465376773,0.125539371636799,0.214035678756522,0.1195700315704,,0.219601781388166,0.191366963537242,0.129163996035707,-24.988,16.886,Republic of Cabo Verde,Full 204: IHD association with DD,204,1996.26309064423,0.141478560821664,IHD_z,0.24234447071299,1.71294130577472,0.24234447071299,0.141478560821664,0.145563388049892
27.4833975857297,0.790397676313303,,-0.269200677369643,-0.374346059852257,0.120708685531579,,0.116215091328818,0.115662511555912,-0.0883264677615443,0.592845134531498,0.116293713814887,0.245964398067271,0.12419383637337,,0.119570501269617,0.119001967186114,0.119651393776458,9.7,4.05,Republic of Cameroon,Full 204: IHD association with DD,204,1996.26309064423,0.0874722332945777,IHD_z,0.177014385426356,2.02366372458138,0.177014385426356,0.0874722332945777,0.0899977676101693
31.5579332037821,0.584266861263067,,-0.372213491097273,-0.335615529945299,0.0875788012035496,,0.0925749235566895,0.10116078963313,0.165551004364842,0.820911143357712,0.176616008484826,0.276264070998951,0.090107412391663,,0.0952477848453492,0.104081545580339,0.181715338561482,15.0447,12.1053,Republic of Chad,Full 204: IHD association with DD,204,1996.26309064423,0.0780466589804168,IHD_z,0.21238727679948,2.72128595348036,0.21238727679948,0.0780466589804168,0.080300054235669
5.94424385921162,-0.328801958868498,,-0.0187839344808005,0.346262892736274,0.411813263265716,,0.635305636159978,0.620998900101678,0.335722591498864,0.169277858157746,0.625099190579254,0.317756322418065,0.423703305268997,,0.65364844192335,0.638928635894175,0.643147311645739,-70.6506,-33.4372,Republic of Chile,Full 204: IHD association with DD,204,1996.26309064423,0.631145319966293,IHD_z,-0.415087943467779,-0.657674120898095,-0.415087943467779,0.631145319966293,0.649368007368499
21.3632032856727,0.0879781306606108,,-0.0944049912581036,0.376059902927699,0.18846490605231,,0.256685657020936,0.360239333106655,-0.929963063116288,-0.477924555180536,0.205372225107525,0.279761980212504,0.193906342375502,,0.264096790939781,0.370640311375071,0.211301816504051,-74.0722,4.7111,Republic of Colombia,Full 204: IHD association with DD,204,1996.26309064423,0.4772769617638,IHD_z,0.540531327878034,1.13253178171533,0.540531327878034,0.4772769617638,0.491057098609243
19.9144822404955,-0.0350422957030805,,-0.079690231154776,0.251317162171135,0.201771243197633,,0.262175708307755,0.404014277791047,0.0969860807926078,-0.300533839816638,0.154360206937289,0.273411283082388,0.207596865562608,,0.269745353246577,0.415679144276324,0.158816958353125,-84.08,9.9325,Republic of Costa Rica,Full 204: IHD association with DD,204,1996.26309064423,0.532814826056125,IHD_z,0.281018655621793,0.527422740282741,0.281018655621793,0.532814826056125,0.548198474973937
23.7963333987053,0.803375255832404,,-0.20850445856568,-0.371451884039385,0.133061437609426,,0.149238488190717,0.134877396982536,-0.698696275212682,0.427828622833842,0.137103332168296,0.243563787870541,0.13690324219252,,0.153547363235251,0.13877163269194,0.141061835994383,-4.0267,5.3364,Republic of Cote d'Ivoire,Full 204: IHD association with DD,204,1996.26309064423,0.100097786034178,IHD_z,0.213639348132201,2.13430642770914,0.213639348132201,0.100097786034178,0.102987850504039
49.7428193169394,0.205217815647642,,-0.268324752698169,-0.279667982321421,0.0978084100487479,,0.119136553100589,0.116204710587927,-0.67324808751441,-0.0333489489200041,0.105745703242485,0.182329359334569,0.100632374713051,,0.122576312687881,0.119559820811704,0.108798836702172,15.9772,45.8131,Republic of Croatia,Full 204: IHD association with DD,204,1996.26309064423,0.0756874441048001,IHD_z,0.209484068953644,2.76775192281013,0.209484068953644,0.0756874441048001,0.0778727231373173
19.981871807874,-0.164071905764546,,0.0371123914503497,0.36345505604052,0.201822734239436,,0.257087620612193,0.422969411751626,0.314979566788943,-0.05663960169339,0.168697946284434,0.320375208292178,0.207649843274959,,0.264510360189257,0.435181558664886,0.173568662810859,-82.3589,23.1367,Republic of Cuba,Full 204: IHD association with DD,204,1996.26309064423,0.563777898683484,IHD_z,-0.510084291726387,-0.904761064450237,-0.510084291726387,0.563777898683484,0.580055526175882
46.3831545914383,0.231328913036816,,-0.287377919083192,-0.126092774255245,0.0876873625218919,,0.089511563637293,0.108864438960998,-0.353248438603731,-0.216238129651028,0.140583759040077,0.226656217446567,0.0902191081370628,,0.0920959783377493,0.112007617841749,0.144642751183046,33.365,35.1725,Republic of Cyprus,Full 204: IHD association with DD,204,1996.26309064423,0.0765356194701337,IHD_z,0.180658303078351,2.36044738814519,0.180658303078351,0.0765356194701337,0.0787453873708335
27.9775050495687,0.310117019541501,,-0.342252290276345,0.0316191630108613,0.100743699836044,,0.0958981327328425,0.114858620385965,-0.168191208499075,0.63073917379679,0.133079143614752,0.346357811964435,0.103652413394994,,0.098666943084378,0.118174865739498,0.136921459412917,43.1481,11.5944,Republic of Djibouti,Full 204: IHD association with DD,204,1996.26309064423,0.0933224264513226,IHD_z,0.0994245443514169,1.06538747578833,0.0994245443514169,0.0933224264513226,0.0960168699511629
16.351610436741,0.069432939337335,,-0.11645152932347,0.316270538202242,0.191432739482171,,0.258102377876403,0.384891919609556,0.335546434996372,-0.457524645287158,0.20781691883773,0.259555071516008,0.196959864313451,,0.265554415942785,0.396004677500329,0.213817094437656,-79.8875,-2.19,Republic of Ecuador,Full 204: IHD association with DD,204,1996.26309064423,0.465948332201424,IHD_z,0.555538061555397,1.19227395649362,0.555538061555397,0.465948332201424,0.47940138419227
17.7321933642177,-0.114737701090741,,-0.0614563516949396,0.206379240575415,0.216971940507074,,0.268725927944939,0.443171402080171,0.0759921439992186,-0.155233741562055,0.232750422152044,0.277939719611343,0.223236443660043,,0.276484693520623,0.455966829171567,0.239470488120107,-89.1914,13.6989,Republic of El Salvador,Full 204: IHD association with DD,204,1996.26309064423,0.56377013407686,IHD_z,0.00903091009112242,0.0160187806080043,0.00903091009112242,0.56377013407686,0.58004753738634
27.1704374940694,0.803106991537014,,-0.262317283516585,-0.378868551522816,0.123696457493247,,0.118851031669662,0.117041151239189,1.41972136168675,0.511751741509927,0.139981275741355,0.245924357471352,0.12726787251662,,0.122282547564704,0.120420411521654,0.144022872738593,8.7744,3.7456,Republic of Equatorial Guinea,Full 204: IHD association with DD,204,1996.26309064423,0.0880058600001925,IHD_z,0.176939215843183,2.01053902368315,0.176939215843183,0.0880058600001925,0.0905468014056226
38.392661162916,-0.0717517455654372,,-0.0259012097402502,-0.311831328154433,0.143192001770811,,0.159388463418076,0.147514560419322,-0.0796183656156501,0.398076187580858,0.187092920950278,0.139632561301907,0.147326300171226,,0.163990392724215,0.151773661511823,0.192494744755015,24.7453,59.4372,Republic of Estonia,Full 204: IHD association with DD,204,1996.26309064423,0.099398807321819,IHD_z,0.236042364329991,2.37470016683166,0.236042364329991,0.099398807321819,0.102268690590658
10.552777211133,-1.18562959772682,,0.00779906487281398,0.0250135577412288,0.87063570319797,,0.354283985804463,1.04666479838086,0.216455165908245,-1.37812084560494,0.353920250157996,0.669471225434209,0.895773055498109,,0.36451301883487,1.07688453515528,0.364138781263137,178.4333,-18.1333,Republic of Fiji,Full 204: IHD association with DD,204,1996.26309064423,0.993000250453005,IHD_z,-1.17140787972919,-1.17966524096524,-1.17140787972919,0.993000250453005,1.02167056231602
37.3777021244383,-0.0836083845826712,,-0.0175588857498687,-0.31842021813323,0.146318244945925,,0.162543369525912,0.149871618024228,0.619933244927239,0.0945995234994627,0.134524327974724,0.138677919098135,0.150542805525779,,0.167236388579479,0.154198773053856,0.138408369730442,24.9375,60.1708,Republic of Finland,Full 204: IHD association with DD,204,1996.26309064423,0.101139558955199,IHD_z,0.23710902260649,2.34437469429267,0.23710902260649,0.101139558955199,0.104059701921538
25.3407679924125,0.768407348263331,,-0.248156103734972,-0.380082671201672,0.123674595350153,,0.138552311604871,0.130354190681648,0.251934774597692,0.121767485037523,0.205343040478161,0.251186071916432,0.127245379160735,,0.142552650961524,0.134117830517378,0.211271789244058,-1.625,6.7,Republic of Ghana,Full 204: IHD association with DD,204,1996.26309064423,0.0947264350867737,IHD_z,0.215405710499302,2.27397674473848,0.215405710499302,0.0947264350867737,0.0974614157017037
17.0042345613415,-0.134445147348609,,-0.0567809286506174,0.197579536918771,0.221929498673642,,0.270942021792254,0.455768882811673,0.363647851560052,-0.11150929695429,0.264004434027949,0.279517827023891,0.228337138486093,,0.278764771341448,0.468928029550768,0.271626878688308,-90.5133,14.6417,Republic of Guatemala,Full 204: IHD association with DD,204,1996.26309064423,0.572469850917106,IHD_z,-0.0651344913301551,-0.113778029053947,-0.0651344913301551,0.572469850917106,0.58899843603124
20.5542372157808,0.698369433560036,,-0.167828765434329,-0.29869712585885,0.124446329244416,,0.182659396409445,0.15929740351618,-0.185292124616521,0.550248171847809,0.202998933196933,0.211516554851626,0.128039394873571,,0.187933213669189,0.163896703703359,0.208860001932777,-13.7122,9.5092,Republic of Guinea,Full 204: IHD association with DD,204,1996.26309064423,0.121491402002521,IHD_z,0.248819977969436,2.04804598406292,0.248819977969436,0.121491402002521,0.124999151756359
20.1871872890795,0.653289634176316,,-0.178400956359936,-0.284835367021403,0.120414003908008,,0.188302790128132,0.165400262646841,-0.012930538227123,0.456009533540953,0.174621924286516,0.208610790149163,0.123890646580699,,0.193739545773648,0.170175767094243,0.179663680343608,-15.5667,11.85,Republic of Guinea-Bissau,Full 204: IHD association with DD,204,1996.26309064423,0.124865754193488,IHD_z,0.251016822568457,2.01029356839897,0.251016822568457,0.124865754193488,0.128470929632372
19.6757234757392,0.139630143498029,,-0.105488658239136,0.333348151468503,0.172145296538568,,0.262062731596022,0.254189054331599,1.55215193711735,0.149010416146233,0.166578504943483,0.294176756444318,0.177115546380158,,0.269629114624732,0.261528105310214,0.171388028087335,-58.155,6.8011,Republic of Guyana,Full 204: IHD association with DD,204,1996.26309064423,0.392921171996008,IHD_z,0.577107042796343,1.46876036194407,0.577107042796343,0.392921171996008,0.40426575376582
23.6690366839797,-0.0460679939996862,,0.0228468882053035,0.415320244790079,0.183864569388072,,0.253661667391649,0.364347193676268,-0.0018072992694072,-0.110115237438332,0.356680528582289,0.305174641597442,0.189173182897999,,0.260985491437508,0.374866775785485,0.366978755581985,-72.3386,18.5425,Republic of Haiti,Full 204: IHD association with DD,204,1996.26309064423,0.506809718417862,IHD_z,-0.101642721641486,-0.200554010603408,-0.101642721641486,0.506809718417862,0.521442537166517
18.9023761590288,-0.10347848725077,,-0.0514241187699383,0.236534082748897,0.210768150465666,,0.264850282365022,0.430607525751489,-0.01409240949571,-0.139362282723337,0.288349574857686,0.281426738627745,0.216853535239623,,0.272497148706646,0.443040203435332,0.296674922442409,-87.21,14.098,Republic of Honduras,Full 204: IHD association with DD,204,1996.26309064423,0.555583618135987,IHD_z,0.0101338417402942,0.0182399937822028,0.0101338417402942,0.555583618135987,0.571624656988369
18.8097993036774,0.450871013005147,,-0.894745799512068,-0.971942358588742,0.177010677431888,,0.299066077330918,0.246982318161481,-1.22489240271931,0.35338355486366,0.150666419365749,0.21727950348337,0.182121402552794,,0.307700836185022,0.254113293287731,0.15501652222678,-21.9425,64.1458,Republic of Iceland,Full 204: IHD association with DD,204,1996.26309064423,0.113709733408929,IHD_z,0.0660204056832119,0.580604700265944,0.0660204056832119,0.113709733408929,0.11699280762488
19.622030456276,-0.457070511420015,,-0.383104560803398,0.184181080542032,0.126242752973036,,0.137176178453383,0.143012827318497,-0.118364813376311,0.133212942896127,0.17530663016569,0.505721312611936,0.129887685687334,,0.141136785527391,0.147141952520392,0.18036815533269,77.23,28.61,Republic of India,Full 204: IHD association with DD,204,1996.26309064423,0.106165550287442,IHD_z,0.26331198004594,2.48020171640449,0.26331198004594,0.106165550287442,0.109230805743783
8.97883405426541,-0.744430629063203,,-0.0885941397124375,0.0303954133488136,0.211614816775377,,0.23461312970269,0.289124453586893,-0.387287677828156,-1.1901504563499,0.195561612241936,0.544319668288322,0.217724646847441,,0.241386976529683,0.297472173789158,0.201207947586617,106.8275,-6.175,Republic of Indonesia,Full 204: IHD association with DD,204,1996.26309064423,0.30212705773103,IHD_z,0.756949241336163,2.50540036705365,0.756949241336163,0.30212705773103,0.310850194470877
40.1340616783157,0.192946774724036,,-0.271829785995812,-0.0370162010464358,0.09283730419837,,0.0926609213820105,0.118422399377153,-0.44007844056612,0.509337152759806,0.16114042521284,0.240986026261434,0.0955177410488892,,0.095336265635272,0.121841539624258,0.165792937880872,44.3661,33.3153,Republic of Iraq,Full 204: IHD association with DD,204,1996.26309064423,0.0825555839918931,IHD_z,0.140885208411021,1.70654971594478,0.140885208411021,0.0825555839918931,0.0849391627855554
48.6358310470013,0.275717054638504,,-0.332317463038873,-0.300027248006597,0.0931475806067469,,0.115510636446475,0.112069093535052,0.305146513890015,-0.0551327453484839,0.118454621357725,0.200532074613363,0.0958369758854113,,0.11884570707602,0.11530479852142,0.121874691931114,12.4828,41.8931,Republic of Italy,Full 204: IHD association with DD,204,1996.26309064423,0.0742372732677965,IHD_z,0.208960237861513,2.81476175866171,0.208960237861513,0.0742372732677965,0.0763806823711444
19.3118220607919,-0.170105572351735,,-0.210968625624578,0.0875001123791064,0.127224521174842,,0.136763726036129,0.134413314219136,-0.0812059359793451,-0.179167496855516,0.125162329906156,0.341435439250829,0.130897799904673,,0.140712424614216,0.13829415074002,0.12877606820106,76.915,43.24,Republic of Kazakhstan,Full 204: IHD association with DD,204,1996.26309064423,0.105142928114015,IHD_z,0.141166074748477,1.34261121770737,0.141166074748477,0.105142928114015,0.108178658002144
24.9329370959493,0.484913663094701,,-0.26478030702135,0.0661938851521264,0.128738974080623,,0.112813891284046,0.11288964666236,0.116561261536598,0.673697893946712,0.116955928550024,0.276164198995749,0.132455978717966,,0.116071100377517,0.116149042996288,0.120332728247938,36.8172,-1.2864,Republic of Kenya,Full 204: IHD association with DD,204,1996.26309064423,0.109534838270657,IHD_z,0.0248525600271727,0.226891831124659,0.0248525600271727,0.109534838270657,0.112697373196154
9.46716454916903,-1.37640187022436,,0.0349420722576549,-0.228575952512426,0.760969810697259,,0.30970566247122,0.913564175656314,-0.0136303295152139,-1.24877738712221,0.24706978545474,0.423675878700767,0.78294084422024,,0.318647611805817,0.93994097647887,0.254203285972675,173.0176,1.3382,Republic of Kiribati,Full 204: IHD association with DD,204,1996.26309064423,0.804927724647502,IHD_z,-0.331830070168947,-0.412248280197162,-0.331830070168947,0.804927724647502,0.828167929151281
8.49737598647078,-0.872940714468541,,-0.138682171853579,-0.138145220476066,0.172280202222541,,0.235001942295618,0.274198190650604,0.314467503616295,-1.73159547061105,0.389548700795152,0.592634380253803,0.177254347116553,,0.241787015079795,0.28211495364703,0.400795911188639,126.9833,37.5667,Republic of Korea,Full 204: IHD association with DD,204,1996.26309064423,0.211275807545676,IHD_z,0.499675780955021,2.36504021335711,0.499675780955021,0.211275807545676,0.217375849603754
41.6544884209383,-0.0289011627434573,,-0.0582628707433433,-0.291540160461331,0.132682079701253,,0.148773644904842,0.139944015578154,0.408147557978776,0.121275578009142,0.111267799331124,0.143906943023226,0.136512931306712,,0.153069098802738,0.143984536784627,0.114480369021494,24.1069,56.9475,Republic of Latvia,Full 204: IHD association with DD,204,1996.26309064423,0.0937267288855246,IHD_z,0.231514924971166,2.47010567555315,0.231514924971166,0.0937267288855246,0.0964328455716206
20.9835050938806,0.771267461714377,,-0.157134352991078,-0.324927911879393,0.133816728443529,,0.173954381623211,0.150117839190188,-0.212603153934299,0.64447143207784,0.1902100875889,0.22016477147363,0.137680340094396,,0.178976864113825,0.154452103218643,0.19570191151158,-10.8014,6.3133,Republic of Liberia,Full 204: IHD association with DD,204,1996.26309064423,0.115696408174137,IHD_z,0.236965555934657,2.04816691956413,0.236965555934657,0.115696408174137,0.11903684248145
44.0517687528349,0.000462725782486895,,-0.0780236387741823,-0.264642535561294,0.123758806457833,,0.137352750324529,0.133104533246476,0.829965972857175,0.162919946687473,0.126948297358233,0.147787133634547,0.12733202164617,,0.141318455454262,0.136947582104537,0.130613600840361,25.28,54.6872,Republic of Lithuania,Full 204: IHD association with DD,204,1996.26309064423,0.0895358202658074,IHD_z,0.227290275529733,2.53854016029529,0.227290275529733,0.0895358202658074,0.092120935313624
14.5401326111364,0.415179113642583,,-0.280022997836089,0.45202584066493,0.181007552298497,,0.164534793744248,0.245034744002569,0.282503635005271,0.534957723463137,0.27539413079561,0.365304642954449,0.186233676835315,,0.169285310017343,0.252109487966252,0.283345423468047,47.525,-18.91,Republic of Madagascar,Full 204: IHD association with DD,204,1996.26309064423,0.199003406910493,IHD_z,-0.112546075814681,-0.565548487646252,-0.112546075814681,0.199003406910493,0.204749115167187
21.1643850131514,0.631842470181518,,-0.156755312279922,0.181242757416375,0.171883801366229,,0.145348185017539,0.151755442131558,-0.67841176422177,0.89460808014218,0.160583806918026,0.204148418986168,0.176846501211594,,0.149544737627949,0.15613698770603,0.165220248673594,33.7873,-13.9669,Republic of Malawi,Full 204: IHD association with DD,204,1996.26309064423,0.14455042162028,IHD_z,-0.0750492511809881,-0.519190814801879,-0.0750492511809881,0.14455042162028,0.148723940877594
11.9940430033906,-0.507147798574844,,-0.563580837149408,0.14722594568273,0.154573895059767,,0.118437188070795,0.153137756880595,-0.16328074371588,-0.902608968794866,0.221623304277227,0.706377231270433,0.15903681616701,,0.121856755303149,0.157559213215341,0.228022103519062,73.5089,4.1753,Republic of Maldives,Full 204: IHD association with DD,204,1996.26309064423,0.115319903663337,IHD_z,0.359360926924676,3.11620904552424,0.359360926924676,0.115319903663337,0.118649467377478
24.5692302942098,0.650128559625132,,-0.255463473072489,-0.338152458397462,0.11149181249293,,0.155052768681174,0.144442554525227,-0.868395020276189,0.309587972675662,0.203198582493821,0.23807900462239,0.114710849983491,,0.159529516024677,0.148612959399385,0.209065415586324,-7.9922,12.6458,Republic of Mali,Full 204: IHD association with DD,204,1996.26309064423,0.106190255005227,IHD_z,0.238988529070029,2.2505693112637,0.238988529070029,0.106190255005227,0.109256223746347
47.0940652491417,0.317190104518909,,-0.360257714805113,-0.284146173456695,0.0865377105546631,,0.0992650602798494,0.10149947072939,-0.564661847201814,-0.0372647687545186,0.126242286686978,0.225969910934835,0.0890362629451401,,0.102131081949054,0.104430005216582,0.129887205938473,14.5125,35.8983,Republic of Malta,Full 204: IHD association with DD,204,1996.26309064423,0.0725736384315497,IHD_z,0.216925899661087,2.98904539374428,0.216925899661087,0.0725736384315497,0.0746690143852991
9.79955730134281,0.228587210175299,,-0.409539186584468,0.406735764237956,0.181971071801417,,0.173053862491475,0.279180091476593,0.294582075141197,-0.312390177951585,0.332281724927068,0.520258060224996,0.187225015469824,,0.178050344823143,0.287240693963781,0.34187549962722,57.5042,-20.1644,Republic of Mauritius,Full 204: IHD association with DD,204,1996.26309064423,0.220466156118159,IHD_z,-0.00220902802441328,-0.0100198055942398,-0.00220902802441328,0.220466156118159,0.226831545702164
48.9203754932646,0.104397465064297,,-0.166250258229946,-0.194523443139973,0.101155818610499,,0.107808166156815,0.117152709264463,-0.512050627729623,0.23411682634648,0.11108392043741,0.170677172021584,0.104076431032297,,0.110920847894494,0.120535190496142,0.114291181100692,28.8353,47.0228,Republic of Moldova,Full 204: IHD association with DD,204,1996.26309064423,0.0797885277047979,IHD_z,0.208402561122053,2.61193641638686,0.208402561122053,0.0797885277047979,0.082092214910661
15.3813291345796,0.748211207165022,,-0.0925427713108462,0.330071984114687,0.22714744286661,,0.193552213911538,0.21281533966898,0.273167129715265,0.893586821579503,0.254464861915181,0.158271358019031,0.233705737311049,,0.199140533080733,0.218959831732059,0.261811876123848,32.5764,-25.9153,Republic of Mozambique,Full 204: IHD association with DD,204,1996.26309064423,0.228713454386218,IHD_z,-0.13775847797869,-0.602319082401088,-0.13775847797869,0.228713454386218,0.235316963359684
15.8066754914208,0.891360391340097,,-0.0444209420625872,-0.100135348665357,0.226498581742268,,0.18826074832523,0.138852076184845,-0.721348813649115,0.945284539274413,0.213368338469113,0.102087351676904,0.233038142001311,,0.193696290122512,0.142861070467808,0.219528796941114,17.0836,-22.57,Republic of Namibia,Full 204: IHD association with DD,204,1996.26309064423,0.194964802045603,IHD_z,-0.0901485712906931,-0.462383826951528,-0.0901485712906931,0.194964802045603,0.200593906040702
9.80208006404467,-1.40886863048286,,0.0395614182336096,-0.287044334375843,0.66345320117304,,0.282823562032995,0.800951666551583,0.0838424690525501,-1.10892887708565,0.322666716401648,0.497436200854685,0.682608695016541,,0.290989360301421,0.82407707266982,0.331982882618958,166.925,-0.5456,Republic of Nauru,Full 204: IHD association with DD,204,1996.26309064423,0.656238711564248,IHD_z,-0.316854778332088,-0.48283463433118,-0.316854778332088,0.656238711564248,0.675185905694913
19.2215591077397,-0.0752336838417564,,-0.0667609604835415,0.234006394989906,0.207555186980733,,0.264261746566431,0.420032716995503,-0.0433274532619433,-0.202431898677654,0.292723438487392,0.276545326026564,0.213547805750779,,0.271891620460289,0.432160074449278,0.301175070062731,-86.2514,12.1364,Republic of Nicaragua,Full 204: IHD association with DD,204,1996.26309064423,0.547008400417755,IHD_z,0.137958408185838,0.252205282552293,0.137958408185838,0.547008400417755,0.562801852055368
9.30538228445207,-1.06353977744995,,-0.00494764376986345,0.220607148949092,0.960025245561984,,0.409434350376273,1.18401012406245,0.0943233351262884,-1.13077487792155,0.324143663296439,0.596648050477813,0.987743489514163,,0.421255707427658,1.21819535159926,0.333502472532278,-169.921,-19.056,Republic of Niue,Full 204: IHD association with DD,204,1996.26309064423,1.31192444976165,IHD_z,-1.30084904833139,-0.991557896925946,-1.30084904833139,1.31192444976165,1.34980287234837
9.740745069786,-1.16168206848335,,-0.0372937147529715,-0.110754735093314,0.236550416899361,,0.198397568757888,0.263659877170231,0.0400653259511891,-1.09205127848931,0.323011402040826,0.385055966918018,0.243380197879515,,0.204125785006129,0.271272373643204,0.332337520163753,134.4792,7.3419,Republic of Palau,Full 204: IHD association with DD,204,1996.26309064423,0.348595642506071,IHD_z,0.298772465341347,0.857074584161343,0.298772465341347,0.348595642506071,0.358660439347943
21.5880397681639,0.011530125375983,,-0.0754216033613467,0.310684449521223,0.193784250952561,,0.25792465321694,0.38337188028404,-0.0651377969900408,-0.442767035624067,0.210300339851294,0.277482514076281,0.19937926959069,,0.265371559943818,0.394440750973892,0.216372217804683,-79.5347,8.9711,Republic of Panama,Full 204: IHD association with DD,204,1996.26309064423,0.513204316842862,IHD_z,0.373600441618671,0.727976030905181,0.373600441618671,0.513204316842862,0.5280217630687
7.92400520948584,0.0624384742732,,-0.0768595932284589,0.402447268466301,0.252883790662132,,0.46902169900974,0.453143300567447,0.0114488835919187,-0.246164289360454,0.385654033741894,0.299751621036513,0.26018515553095,,0.482563486511805,0.466226640415528,0.396788795705516,-57.6435,-25.2945,Republic of Paraguay,Full 204: IHD association with DD,204,1996.26309064423,0.474086057916776,IHD_z,-0.0342220246797039,-0.0721852585795963,-0.0342220246797039,0.474086057916776,0.487774065673251
11.7468298653304,0.0490134256194412,,-0.0616085891769076,0.351571005012587,0.194894642312678,,0.261868745411086,0.402207446555435,-1.10127841328347,-0.185088736909629,0.331381109172904,0.259435834920304,0.200521720627096,,0.269429527590837,0.413820145465744,0.340948880924387,-77.0375,-12.06,Republic of Peru,Full 204: IHD association with DD,204,1996.26309064423,0.420637237423897,IHD_z,0.349044744772524,0.829799917168946,0.349044744772524,0.420637237423897,0.432782048840247
46.8302815718844,0.0715936813802335,,-0.145956769516539,-0.274486253833785,0.114381616300112,,0.132784060606781,0.128102794285849,-1.32762746962573,-0.144843762297835,0.119935753559071,0.157287768786071,0.117684089395385,,0.136617856646911,0.131801430878362,0.123398587990881,21.0111,52.23,Republic of Poland,Full 204: IHD association with DD,204,1996.26309064423,0.0839536204496845,IHD_z,0.220172756699877,2.62255225588314,0.220172756699877,0.0839536204496845,0.0863775639272655
26.217707816013,0.637642685932443,,-0.212530397645536,-0.0585504007514133,0.125744471261601,,0.11069988128842,0.10412654513304,0.27478147299696,0.851817727706046,0.126259841736378,0.21703345883136,0.129375017381278,,0.113896053815356,0.107132929593488,0.129905267844484,30.0606,-1.9536,Republic of Rwanda,Full 204: IHD association with DD,204,1996.26309064423,0.105389324338724,IHD_z,0.0418635398277644,0.397227518920361,0.0418635398277644,0.105389324338724,0.108432168280047
48.8024634528239,0.254396598518983,,-0.316037355671502,-0.303318198009445,0.095998612602795,,0.121061762454522,0.115737294701195,0.956880705206601,-0.149221775470562,0.13687048524096,0.192236845520927,0.0987703240504845,,0.124557107478528,0.119078909501142,0.140822266214742,12.4817,43.9717,Republic of San Marino,Full 204: IHD association with DD,204,1996.26309064423,0.0749995270650912,IHD_z,0.207168550048132,2.76226475226081,0.207168550048132,0.0749995270650912,0.0771649442737515
19.7702416745516,0.609113794689378,,-0.195428139234783,-0.275560476781745,0.117869673820075,,0.193259435616615,0.171328077471297,-0.0377295376994438,0.176259981609268,0.210417059653171,0.209643341381969,0.121272855547443,,0.198839301570396,0.17627473222768,0.216492307588711,-17.432,14.6726,Republic of Senegal,Full 204: IHD association with DD,204,1996.26309064423,0.127643211461223,IHD_z,0.247774395985958,1.94114824556282,0.247774395985958,0.127643211461223,0.131328578789299
50.6014335765628,0.185314096534363,,-0.244475301488476,-0.24284766585101,0.0953781377669052,,0.10936481254102,0.112686444183321,-0.937342207782664,0.0606943424693368,0.0920199711025397,0.183180778011764,0.0981319346097997,,0.112522438413684,0.115939973571653,0.0946768095755733,20.4569,44.8178,Republic of Serbia,Full 204: IHD association with DD,204,1996.26309064423,0.0753931528222228,IHD_z,0.210431152965956,2.79111756291919,0.210431152965956,0.0753931528222228,0.077569934955725
15.3344365967313,0.0348186841921502,,-0.465100705345508,0.264813274969006,0.164774500598578,,0.135618744885484,0.161377879172015,-0.774719708160564,-0.497274252580598,0.288403939804774,0.547595452473593,0.169531937786614,,0.139534385096616,0.166037247708471,0.296730857036621,55.4525,-4.6231,Republic of Seychelles,Full 204: IHD association with DD,204,1996.26309064423,0.13074139580091,IHD_z,0.0799443838810566,0.61146956089404,0.0799443838810566,0.13074139580091,0.134516215182183
20.4848779396924,0.718667765052796,,-0.160605138568898,-0.303048402019585,0.127123163106708,,0.181658469754318,0.157505000541329,-0.430914295075266,0.581705495780146,0.188379085480674,0.212070893246101,0.130793515384685,,0.186903387847782,0.162052549732222,0.193818043957006,-13.2331,8.4833,Republic of Sierra Leone,Full 204: IHD association with DD,204,1996.26309064423,0.120799107784555,IHD_z,0.24746907001435,2.0486001474093,0.24746907001435,0.120799107784555,0.124286869334844
11.6280180033951,-0.737401514908376,,-0.172075328007435,0.0478569075325347,0.170883464493031,,0.219234789904954,0.278473422717977,0.297715116733778,-1.76433083357336,0.337483674009742,0.606301870082905,0.175817282200542,,0.225564626976929,0.286513621973963,0.347227641524476,103.8,1.3,Republic of Singapore,Full 204: IHD association with DD,204,1996.26309064423,0.232289963972962,IHD_z,0.729729766380219,3.14146058615412,0.729729766380219,0.232289963972962,0.238996735402994
49.2860813726431,0.214109528249408,,-0.279038202577472,-0.292125157036652,0.0986904070634169,,0.122750022938509,0.117771234399592,-0.543069496284539,-0.0284862677013753,0.108945402898149,0.182660969175998,0.10153983710848,,0.126294112113949,0.121171573943502,0.112090919403011,14.5061,46.0514,Republic of Slovenia,Full 204: IHD association with DD,204,1996.26309064423,0.0758962480285073,IHD_z,0.208310327211472,2.74467226803133,0.208310327211472,0.0758962480285073,0.0780875557338352
15.364484607447,0.792992228459103,,-0.0697723964152633,0.215973576897078,0.235671366574541,,0.198076309020182,0.188400886717597,-0.0239030072625896,0.803142923389538,0.263422798610768,0.126198531583112,0.242475767251976,,0.203795249725074,0.193840474648212,0.271028450054012,28.0456,-26.2044,Republic of South Africa,Full 204: IHD association with DD,204,1996.26309064423,0.228913395026249,IHD_z,-0.133509600515763,-0.583231927080783,-0.133509600515763,0.228913395026249,0.235522676768152
28.2867631014229,0.540434684630251,,-0.280026307574571,-0.0869163031090571,0.101846887931353,,0.0960960368299959,0.0961061889228927,-0.458883223956364,1.06506425651463,0.178754566803994,0.25984264881145,0.104787453190966,,0.0988705611500644,0.098881006358365,0.183915642216484,31.58,4.83,Republic of South Sudan,Full 204: IHD association with DD,204,1996.26309064423,0.0925988463522448,IHD_z,0.0910698972365202,0.983488464749241,0.0910698972365202,0.0925988463522448,0.0952723983497023
33.2457599497453,0.409595148828642,,-0.344525232021585,-0.114840262485604,0.0865682586844874,,0.0863362875813112,0.0968904590448044,-0.162681908852475,0.816096194414157,0.167984604837753,0.295752739495982,0.0890676930731397,,0.0888290244048136,0.0996879202499734,0.17283472547638,32.5265,15.6031,Republic of Sudan,Full 204: IHD association with DD,204,1996.26309064423,0.080524100911017,IHD_z,0.149656821889233,1.85853452812359,0.149656821889233,0.080524100911017,0.0828490258891877
18.0948375626174,0.150767240468318,,-0.12176200722799,0.281501512373966,0.168556393510348,,0.258801768966736,0.23150506043051,1.34513569212615,0.223734021824352,0.169507378316415,0.292917912445012,0.173423023066829,,0.266274000140486,0.238189169802468,0.174401465097558,-55.2039,5.8522,Republic of Suriname,Full 204: IHD association with DD,204,1996.26309064423,0.367810606368607,IHD_z,0.594493071355953,1.61630214317467,0.594493071355953,0.367810606368607,0.378430185554315
24.4435483664011,-0.0720951466917434,,-0.213205733969346,0.0902082419419088,0.117699440993834,,0.12799657286742,0.130491344078559,-1.14192105282053,0.322123568132734,0.159950560895057,0.301705454730787,0.12109770768899,,0.131692142591427,0.134258943863604,0.164568719310862,68.78,38.5367,Republic of Tajikistan,Full 204: IHD association with DD,204,1996.26309064423,0.0980071469165286,IHD_z,0.119611454048441,1.22043603769338,0.119611454048441,0.0980071469165286,0.100836849593461
21.8767172973101,0.100374430826444,,-0.0664603122212075,0.374950791385072,0.173919073616861,,0.261271482415588,0.280998310350568,0.430220242827926,0.131568820417466,0.274898839799881,0.296888757318371,0.178940536680186,,0.268815020172351,0.289111409201305,0.28283583222687,-61.4,10.5167,Republic of Trinidad and Tobago,Full 204: IHD association with DD,204,1996.26309064423,0.418527641248084,IHD_z,0.468948380220373,1.1204717060549,0.468948380220373,0.418527641248084,0.430611543535521
45.7537205031667,0.336744626254523,,-0.379637963605254,-0.318096220865919,0.0894125111788459,,0.108727395474024,0.10736569523485,1.59809572226354,0.649198416544187,0.15893830984462,0.223753281724945,0.0919940659959606,,0.111866617578824,0.110465601769988,0.163527242131543,10.1817,36.8064,Republic of Tunisia,Full 204: IHD association with DD,204,1996.26309064423,0.0745498802506176,IHD_z,0.21520238935257,2.88668994006582,0.21520238935257,0.0745498802506176,0.0767023150714152
49.6764039436077,0.186419116524621,,-0.243828509055472,-0.171948582450186,0.0909965223259207,,0.0955870190424347,0.109782805081812,0.107132265301199,0.344575585046733,0.110864168553276,0.197157618674799,0.0936238113647139,,0.0983468467914736,0.112952499407122,0.114065084449729,28.955,41.0136,Republic of Turkey,Full 204: IHD association with DD,204,1996.26309064423,0.0757852007701885,IHD_z,0.19834337567865,2.61717820449018,0.19834337567865,0.0757852007701885,0.0779733022733768
26.5331222663251,0.566718314252644,,-0.24597859412154,-0.0313231750566134,0.118033576986449,,0.105938807319637,0.102366855550447,2.07358515892021,0.842306269197676,0.132629582724469,0.244478181137737,0.121441490993485,,0.108997516159705,0.105322433529132,0.136458918615611,32.5811,0.3136,Republic of Uganda,Full 204: IHD association with DD,204,1996.26309064423,0.102150863356654,IHD_z,0.0508270428599795,0.497568411952816,0.0508270428599795,0.102150863356654,0.105100205119837
23.8965909747474,-0.0570538840998844,,-0.190801234819097,0.0786217680521188,0.120431614516365,,0.129852395280987,0.129829930652964,-0.907972285525288,0.336923011240732,0.263203943884895,0.280912955836409,0.123908765649787,,0.133601547073414,0.133578433837405,0.270803276464431,69.2797,41.3111,Republic of Uzbekistan,Full 204: IHD association with DD,204,1996.26309064423,0.098529140790975,IHD_z,0.110173204826123,1.11817888537007,0.110173204826123,0.098529140790975,0.101373914689857
9.87991721238462,-1.29890611730131,,0.0475685821053537,-0.167572198433855,0.830775040092533,,0.331154922793339,0.97806573784885,0.255494301306416,-1.46336790119646,0.318243598771252,0.750897777189452,0.854761518924334,,0.340716163998593,1.00630485431822,0.327432058916169,168.3167,-17.7333,Republic of Vanuatu,Full 204: IHD association with DD,204,1996.26309064423,0.782243686701737,IHD_z,-1.02706550658895,-1.3129738520735,-1.02706550658895,0.782243686701737,0.804828948327183
29.6431648714186,0.284829086092119,,-0.342890482638545,0.0200370343747099,0.0970453116201593,,0.0933120818068748,0.117410398680056,-0.197919349558069,0.946399281383068,0.199841788927386,0.34002026683173,0.0998472437926077,,0.0960062266318837,0.120800320026584,0.205611703294676,44.2064,15.3483,Republic of Yemen,Full 204: IHD association with DD,204,1996.26309064423,0.0903695092855496,IHD_z,0.110691983920001,1.22488198503144,0.110691983920001,0.0903695092855496,0.0929786949458175
21.126585807403,0.746696515349235,,-0.104613141925117,0.0686895983196227,0.182663600036216,,0.152564833585068,0.138934331023425,-0.512163650789499,0.861486461019132,0.13997672689402,0.155706376523789,0.187937538664802,,0.15696974824266,0.142945700201936,0.144018192555066,28.2833,-15.4167,Republic of Zambia,Full 204: IHD association with DD,204,1996.26309064423,0.144476842231224,IHD_z,-0.0597690462905902,-0.413692916923907,-0.0597690462905902,0.144476842231224,0.148648237074139
19.7914604793559,0.708530959056195,,-0.113050772328037,0.171902647540184,0.189815684390357,,0.159976723580593,0.159069967832048,-1.31610352444147,0.78748820440478,0.164849062568734,0.168790974355359,0.195296120941588,,0.164595637376221,0.163662701402563,0.169608652540656,31.0522,-17.8292,Republic of Zimbabwe,Full 204: IHD association with DD,204,1996.26309064423,0.159062501753118,IHD_z,-0.0904307097751785,-0.568523120021943,-0.0904307097751785,0.159062501753118,0.163655019759929
24.9630092160789,0.902198078975528,,-0.143381320536301,-0.295081441061275,0.15179380278346,,0.131095818956146,0.114718316294683,1.03120452202075,0.85296738443209,0.126741947299188,0.186574530423427,0.15617645592246,,0.134880871388605,0.118030510730755,0.130401292957496,15.2667,-4.2667,Republic of the Congo,Full 204: IHD association with DD,204,1996.26309064423,0.10579015603085,IHD_z,0.0848955138559856,0.802489731003222,0.0848955138559856,0.10579015603085,0.108844572949736
20.0000397378179,0.627252451329056,,-0.188196912242736,-0.279305847391531,0.11866922543007,,0.190999491910625,0.168722473916943,1.38785116861932,0.280210229649458,0.17817513359444,0.208921688486962,0.122095492140548,,0.196514107839732,0.173593898615267,0.18331947937286,-16.5786,13.4581,Republic of the Gambia,Full 204: IHD association with DD,204,1996.26309064423,0.126386272591682,IHD_z,0.249698824081481,1.97567994499044,0.249698824081481,0.126386272591682,0.13003534906347
8.21562134084269,-1.39586116755426,,0.0454563278894081,-0.258529664649712,0.638280251322833,,0.29141119297149,0.774784795453409,-0.126865675375907,-1.19049617385879,0.228320437893076,0.335977551505513,0.656708941399278,,0.299824936854288,0.797154700901308,0.234912599532621,171.3833,7.0833,Republic of the Marshall Islands,Full 204: IHD association with DD,204,1996.26309064423,0.665632237516311,IHD_z,-0.117238176500097,-0.176130556623205,-0.117238176500097,0.665632237516311,0.684850645393816
29.2675627824284,0.615181608669702,,-0.352979705177537,-0.380424986347544,0.0966008679065013,,0.117345867250733,0.120713825079345,0.0379757333878013,-0.107680500476299,0.33329104439631,0.268217251843064,0.0993899679171549,,0.120733925419278,0.124199124312275,0.342913960583525,2.1175,13.515,Republic of the Niger,Full 204: IHD association with DD,204,1996.26309064423,0.086339843748333,IHD_z,0.234082021784623,2.71117031977653,0.234082021784623,0.086339843748333,0.088832683246953
12.4368687743791,-0.912938262765521,,-0.179065470058519,-0.0335087534078584,0.170650322599298,,0.200448352481112,0.253737112829674,0.419949201575723,-1.43951981322697,0.209170994561735,0.522742152351952,0.175577408938113,,0.206235779800934,0.261063115167266,0.215210265593184,120.9772,14.5958,Republic of the Philippines,Full 204: IHD association with DD,204,1996.26309064423,0.243537990217335,IHD_z,0.554802439679505,2.27809402214577,0.554802439679505,0.243537990217335,0.250569519289798
15.129276628985,-0.817257735227424,,-0.396407866886257,0.207067138623357,0.141672086365335,,0.176086197255034,0.2232093778978,-0.978500534898858,-0.785307279267698,0.250970589243226,0.680821970266485,0.145762501142699,,0.181170230403839,0.229653970909897,0.258216715373371,96.16,16.795,Republic of the Union of Myanmar,Full 204: IHD association with DD,204,1996.26309064423,0.144075719301993,IHD_z,0.502708337551549,3.48919540354912,0.502708337551549,0.144075719301993,0.148235532758629
50.3043181943009,0.156258321452473,,-0.215101332633703,-0.201893438025529,0.0952528078415713,,0.103089394733796,0.11265478003368,-1.01395415575794,0.0870835128624509,0.094870246079311,0.182269567325496,0.0980029861072867,,0.106065834161117,0.115907395201654,0.0976093788643975,26.1039,44.4325,Romania,Full 204: IHD association with DD,204,1996.26309064423,0.0766274849006186,IHD_z,0.206852645116431,2.69945758215484,0.206852645116431,0.0766274849006186,0.0788399051778311
38.612819308188,-0.0622522307293872,,-0.0107786986989539,-0.200284289656332,0.128692891513727,,0.13259565420151,0.133383271642559,-0.718788024027298,0.38344176198419,0.194124372720428,0.138976617485823,0.132408565636235,,0.136424010494374,0.137234368350297,0.199729211494203,37.6175,55.7506,Russian Federation,Full 204: IHD association with DD,204,1996.26309064423,0.0945044668137634,IHD_z,0.217166709800398,2.29795180188002,0.217166709800398,0.0945044668137634,0.0972330386693723
22.5517098974424,0.0197090989741925,,-0.000360988330224012,0.394640156963492,0.170134814430996,,0.256527015679777,0.289243056393088,0.59499477437623,-0.3638014219327,0.239875073832588,0.307788815269048,0.175047016805837,,0.263933569240537,0.29759420094438,0.246800845675855,-62.7333,17.3,Saint Kitts and Nevis,Full 204: IHD association with DD,204,1996.26309064423,0.42058599764,IHD_z,0.110000566626732,0.261541200239593,0.110000566626732,0.42058599764,0.432729329640225
22.1095294769694,0.064144296301372,,-0.0358740937422495,0.373588455075168,0.170087549008381,,0.258894632606819,0.275513529585451,-0.210470586051079,0.044013932595967,0.160542255710655,0.302214535646027,0.17499838671649,,0.266369544977801,0.283468269588882,0.165177497782665,-60.9894,14.0108,Saint Lucia,Full 204: IHD association with DD,204,1996.26309064423,0.407148770130219,IHD_z,0.319005412407552,0.783510686537316,0.319005412407552,0.407148770130219,0.418904136968196
22.1407982705515,0.0733344914047089,,-0.0433496949606669,0.374706280500711,0.171283645164505,,0.259575622171654,0.277923291802191,-0.262044947836608,0.038256130869307,0.14582272806981,0.300599639351315,0.176229017053042,,0.267070196353587,0.285947607451991,0.150032981882506,-61.1928,13.1308,Saint Vincent and the Grenadines,Full 204: IHD association with DD,204,1996.26309064423,0.411811897018577,IHD_z,0.360673362800643,0.875820648727817,0.360673362800643,0.411811897018577,0.423701899575008
49.2135720997942,0.16526765494475,,-0.232720328727137,-0.279642296854856,0.102556572652736,,0.124288875622122,0.120311828941042,-0.892837687154095,0.0569622428000394,0.0964414037933624,0.173076268122934,0.10551762822167,,0.1278773951855,0.12378552157604,0.0992258996905199,17.1128,48.1447,Slovak Republic,Full 204: IHD association with DD,204,1996.26309064423,0.0777725868119884,IHD_z,0.211445977208205,2.71877258910477,0.211445977208205,0.0777725868119884,0.0800180689428096
14.0052691725729,-0.783696055330124,,-0.243751082892975,0.0616268796981653,0.150625981231379,,0.207485614204727,0.259069905320846,-0.401597054208939,-1.24895472137116,0.184887686918481,0.628591198239623,0.154974916545954,,0.213476224240953,0.266549878237754,0.190225840298771,106.7019,10.7756,Socialist Republic of Viet Nam,Full 204: IHD association with DD,204,1996.26309064423,0.193320258372573,IHD_z,0.666438009079439,3.44732629001074,0.666438009079439,0.193320258372573,0.198901880425993
9.45153902580054,-1.43688142999105,,0.0623192618525106,-0.364764317209002,0.627537386771762,,0.271271273642173,0.74675579798757,0.149143186155632,-1.34341568455313,0.326949916457259,0.716100029039308,0.645655904442066,,0.279103529486269,0.768316438686354,0.336389748989165,159.95,-9.4333,Solomon Islands,Full 204: IHD association with DD,204,1996.26309064423,0.591994990124465,IHD_z,-0.554735244248115,-0.937060707441939,-0.554735244248115,0.591994990124465,0.609087313092631
31.5628751362515,0.351213494462581,,-0.337982749356719,-0.0346599977336005,0.0920392925754209,,0.0899871767325029,0.107909114091405,0.0439665880755288,0.753080764746705,0.151610020906774,0.3141566644112,0.0946966889059706,,0.0925853235299647,0.111024710439393,0.155987367819801,38.9411,15.3358,State of Eritrea,Full 204: IHD association with DD,204,1996.26309064423,0.085983681976764,IHD_z,0.122024642575019,1.41916047056457,0.122024642575019,0.085983681976764,0.0884662382261503
43.8398942819062,0.254314754024173,,-0.307392945096021,-0.105016167416828,0.0871861376262458,,0.0881844450492162,0.109259099805271,0.724360504291675,-0.177438766792226,0.141001419226152,0.244773371740427,0.0897034116699694,,0.0907305426356717,0.112413673496326,0.145072470225885,35.2256,31.7789,State of Israel,Full 204: IHD association with DD,204,1996.26309064423,0.0775900907389724,IHD_z,0.170664329555053,2.19956347427406,0.170664329555053,0.0775900907389724,0.0798303037680742
36.1569179133087,0.190909024579293,,-0.290276668903662,0.000551628482980341,0.0940943198929638,,0.0933004493887033,0.121819951215327,-0.196331085969986,0.205712832737346,0.230035695467966,0.270105310505715,0.0968110498178949,,0.0959942583577478,0.125337186977239,0.236677380730063,47.9783,29.3697,State of Kuwait,Full 204: IHD association with DD,204,1996.26309064423,0.085259766587233,IHD_z,0.125523774258472,1.47225097232753,0.125523774258472,0.085259766587233,0.0877214216535926
44.6980663548097,0.350304504814479,,-0.383409814879767,-0.29970718608109,0.0851052267277356,,0.096537081756887,0.0992868709520311,0.271883964416175,0.362394893160078,0.16391866615169,0.240368753817296,0.0875624198556768,,0.0993243401075801,0.102153522347939,0.168651393335389,13.1914,32.8872,State of Libya,Full 204: IHD association with DD,204,1996.26309064423,0.0729554742505278,IHD_z,0.222124379391967,3.04465678105519,0.222124379391967,0.0729554742505278,0.0750618747251729
31.9227353164587,0.164272434034822,,-0.309255992725002,0.037717616993698,0.0963481165992367,,0.0949712369070708,0.125515348742601,-0.0399899222229417,0.275568734275786,0.447203590495764,0.310435120060324,0.0991299190701366,,0.0977132855408954,0.129139279542623,0.460115436590391,51.5333,25.2867,State of Qatar,Full 204: IHD association with DD,204,1996.26309064423,0.0884419099025084,IHD_z,0.118284460284246,1.33742544020854,0.118284460284246,0.0884419099025084,0.0909954411201581
26.9353187612461,0.0316994773050803,,-0.325038887369536,0.0886584735177043,0.101670758872608,,0.101848735095742,0.130284348909139,0.123321574805089,0.254784674550465,0.178767091458938,0.369208068971682,0.104606238861558,,0.104789353687446,0.134045972244472,0.183928528488419,58.5911,23.614,Sultanate of Oman,Full 204: IHD association with DD,204,1996.26309064423,0.0924007734228806,IHD_z,0.134315587081151,1.45361972747179,0.134315587081151,0.0924007734228806,0.095068606577212
46.4440978190241,0.25193830847238,,-0.329422656930041,-0.34795214146718,0.104250267923414,,0.141633409705581,0.127956037729799,0.412249875954924,-0.174385683542296,0.154981672948368,0.184103477768762,0.107260224559179,,0.145722707794508,0.131650437106633,0.159456367586617,8.5411,47.3744,Swiss Confederation,Full 204: IHD association with DD,204,1996.26309064423,0.0779131225235444,IHD_z,0.199525215053955,2.56086790763213,0.199525215053955,0.0779131225235444,0.0801626622592619
44.4001439348124,0.234029682777194,,-0.292177517360352,-0.0992081923193413,0.0882969049359904,,0.0892120205287776,0.111057394930949,-0.311419712981155,0.786450796406228,0.237156215833879,0.235871395230946,0.0908462495105755,,0.0917877866973391,0.114263889738892,0.244003487690164,36.2981,33.502,Syrian Arab Republic,Full 204: IHD association with DD,204,1996.26309064423,0.0781225142343475,IHD_z,0.168912472038345,2.16214843689811,0.168912472038345,0.0781225142343475,0.0803780996137066
12.0717392041477,-0.880757188598184,,-0.209931767785703,-0.0421492377860842,0.151667297919236,,0.208059844693573,0.251051341272209,-0.364579873858883,-1.42104405768809,0.419692068358183,0.579686184049833,0.156046298557737,,0.214067034148776,0.258299798908166,0.43180959046432,120.6794,24.1439,Taiwan (Province of China),Full 204: IHD association with DD,204,1996.26309064423,0.199402262434287,IHD_z,0.540635146952836,2.71127890101549,0.540635146952836,0.199402262434287,0.205159486611798
26.1294431022012,0.77641204844669,,-0.262774333776555,-0.389064598511033,0.122809318585875,,0.131047690444941,0.125887989668849,-0.0605377372286625,0.418841474601877,0.14375985870703,0.254908758555644,0.126355119769647,,0.134831353291219,0.129522679511039,0.147910552506587,1.2153,6.1308,Togolese Republic,Full 204: IHD association with DD,204,1996.26309064423,0.0906653215283669,IHD_z,0.20782758698236,2.29225004090827,0.20782758698236,0.0906653215283669,0.0932830480014399
9.7058581941378,-1.15684583011998,,-0.000456641787301262,0.0903452743574546,0.91735106179429,,0.382898053578177,1.1155478167172,0.0383075855518857,-1.08060229002379,0.285766596828618,0.478598060450768,0.943837199151772,,0.393953243748391,1.14775637234325,0.294017367608758,-172.51591,-8.54212,Tokelau,Full 204: IHD association with DD,204,1996.26309064423,1.3047314024504,IHD_z,-1.00453238747901,-0.769915084125678,-1.00453238747901,1.3047314024504,1.34240214441512
31.4395471730582,0.0616565356382174,,-0.20665169457591,0.0378078467471706,0.106890737027463,,0.112289406321878,0.125139834961267,-0.76372637993372,0.142015782106072,0.135614199157028,0.241466830381961,0.109976930373785,,0.115531472269688,0.128752923772865,0.139529708122017,58.38,37.9375,Turkmenistan,Full 204: IHD association with DD,204,1996.26309064423,0.0893299441873804,IHD_z,0.110326764569321,1.23504795142262,0.110326764569321,0.0893299441873804,0.09190911509634
10.7436236284791,-1.25108294105764,,0.014126128881985,-0.054328166638986,0.865545046184544,,0.34842757503043,1.03713232074307,0.0686038002465983,-1.12286895644082,0.440054533575035,0.529154953004204,0.890535418940522,,0.358487519358984,1.06707683190039,0.45275996915632,179.2,-8.5167,Tuvalu,Full 204: IHD association with DD,204,1996.26309064423,1.03802576583712,IHD_z,-0.860049821638955,-0.828543808780477,-0.860049821638955,1.03802576583712,1.06799607290886
46.4332471014682,0.0422459367038017,,-0.108120306055803,-0.202976704984914,0.110560353949098,,0.117122533159222,0.123117327988966,0.171059404095669,0.403725443682113,0.163110472069356,0.157379222280282,0.113752497985276,,0.120504143133972,0.126672022146974,0.167819864740927,30.5233,50.45,Ukraine,Full 204: IHD association with DD,204,1996.26309064423,0.0843634236212182,IHD_z,0.214630109672003,2.54411331900975,0.214630109672003,0.0843634236212182,0.0867991991046067
18.3651397022312,0.380504631817147,,-0.288937021510238,0.334033158603477,0.167750134502669,,0.144150288067168,0.184121416119701,-0.131914247179525,0.421885111795214,0.224471700920172,0.346748973549061,0.172593485417295,,0.148312254503877,0.189437445414159,0.230952740242032,44.3939,-12.1675,Union of the Comoros,Full 204: IHD association with DD,204,1996.26309064423,0.154223639241817,IHD_z,-0.074221391129575,-0.481258200717197,-0.074221391129575,0.154223639241817,0.15867644761895
29.6827660531777,0.104977748017275,,-0.308279650338143,0.062370252637847,0.0985062142488588,,0.0984462589801032,0.127964379285935,-0.0917121034640544,0.172830086713914,0.207705035724018,0.329842912652235,0.101350326203183,,0.101288639881235,0.13165901950361,0.213701980988644,55.2972,25.2631,United Arab Emirates,Full 204: IHD association with DD,204,1996.26309064423,0.0901477569062912,IHD_z,0.120943500027908,1.34161408090974,0.120943500027908,0.0901477569062912,0.0927505400406114
39.3404323781915,0.299582566361682,,-0.423872214140676,-0.458557642497928,0.120237947032306,,0.183633655858915,0.154585157963791,0.842471100893655,0.00193303900549716,0.132507436151532,0.184393075582204,0.123709506518431,,0.188935602338404,0.159048404258234,0.136333245376555,-0.1275,51.5072,United Kingdom of Great Britain and Northern Ireland,Full 204: IHD association with DD,204,1996.26309064423,0.0845150560830895,IHD_z,0.174186016338788,2.06100574751486,0.174186016338788,0.0845150560830895,0.0869552095613159
11.646043650591,-0.234584872014495,,-0.0406528408325352,0.14393821730868,0.260614656376125,,0.290351863348166,0.552828750115029,0.439052337528303,-0.177154591115898,0.179214865359318,0.282281610120511,0.268139229981185,,0.298735021830153,0.568790249284248,0.184389230701115,-99.1333,19.4333,United Mexican States,Full 204: IHD association with DD,204,1996.26309064423,0.638775416508514,IHD_z,-0.451745798540844,-0.707205986432671,-0.451745798540844,0.638775416508514,0.657218403197967
22.28102392964,0.455265804565612,,-0.258906595809776,0.185395740023942,0.1506025030446,,0.127933900109565,0.138098687707171,-0.14913277975358,0.78525229502501,0.13265938536585,0.289551658180289,0.154950760487305,,0.131627660319918,0.142085929847978,0.136489581731118,39.2803,-6.8161,United Republic of Tanzania,Full 204: IHD association with DD,204,1996.26309064423,0.126860053913978,IHD_z,-0.0279064822318722,-0.219978483146437,-0.0279064822318722,0.126860053913978,0.130522809595071
23.0014167669396,-0.00246934754386424,,0.0146616950853651,0.411683333758012,0.173152223924013,,0.255584163486232,0.308836268813884,0.00952864952041514,-0.382985173238831,0.26139610312081,0.308869982293253,0.178151546187438,,0.262963494630465,0.31775311665704,0.268943238977857,-64.9331,18.342,United States Virgin Islands,Full 204: IHD association with DD,204,1996.26309064423,0.445243048071173,IHD_z,0.0124064614318519,0.0278644697218691,0.0124064614318519,0.445243048071173,0.458098288578129
12.0027550596561,-0.226093654278384,,0.019699941833424,0.23637105036835,0.184488706723585,,0.254046880655529,0.371468826046555,0.582739702963858,0.565836209415118,0.371413128730155,0.411084108369736,0.189815340583503,,0.261381826737262,0.382194026856207,0.382136721423968,-73.9249,40.6943,United States of America,Full 204: IHD association with DD,204,1996.26309064423,0.502235773567098,IHD_z,-1.01977374938419,-2.0304681646656,-1.01977374938419,0.502235773567098,0.516736531497787
11.5887534771033,0.958024361071098,0.383768668468841,-0.663827552296551,0.849318440617879,,,,,-0.399196051272985,3.15371302195327,,,,,,,,31.2358,30.0444,Arab Republic of Egypt,Cartographic/SIDS-excluded 159: DD association with IHD,159,930.063931607059,,DD_z,0.383768668468841,,,,
3.3064348515534,-0.899195833302133,-0.38226896920493,-0.123306592793613,0.0236094373173162,,,,,0.00133251175443149,-0.680886955232112,,,,,,,,-58.3814,-34.6036,Argentine Republic,Cartographic/SIDS-excluded 159: DD association with IHD,159,930.063931607059,,DD_z,-0.38226896920493,,,,
1.01848852498257,-0.897953349990623,-0.176937457508732,0.110027651266602,-0.0689729550029457,,,,,-0.00000000870596479749042,-0.805948854832342,,,,,,,,144.9631,-37.8142,Australia,Cartographic/SIDS-excluded 159: DD association with IHD,159,930.063931607059,,DD_z,-0.176937457508732,,,,
1.6236180103618,-4.25455223735477,-0.0928582602370173,-2.41087885640276,-6.24525973487839,,,,,0.0477383252304644,-0.182895442370738,,,,,,,,-64.7819,32.2942,Bermuda,Cartographic/SIDS-excluded 159: DD association with IHD,159,930.063931607059,,DD_z,-0.0928582602370173,,,,
2.33251125129538,-0.597508126210129,0.180190653554528,-0.217259083889156,-0.43626933857814,,,,,0.0355959448752708,-0.379356257445615,,,,,,,,-66.9036,10.4806,Bolivarian Republic of Venezuela,Cartographic/SIDS-excluded 159: DD association with IHD,159,930.063931607059,,DD_z,0.180190653554528,,,,
25.666248997511,1.15859736803884,0.280452018184094,-1.16278940523064,0.651799855787619,,,,,-0.898580759210924,0.558635336267618,,,,,,,,18.4131,43.8564,Bosnia and Herzegovina,Cartographic/SIDS-excluded 159: DD association with IHD,159,930.063931607059,,DD_z,0.280452018184094,,,,
3.33963803611555,-0.370774040794363,0.238747922738758,0.0162167875817426,0.333702533387367,,,,,-0.0692136878796694,-1.14861748978655,,,,,,,,114.9422,4.8903,Brunei Darussalam,Cartographic/SIDS-excluded 159: DD association with IHD,159,930.063931607059,,DD_z,0.238747922738758,,,,
8.91055523970494,0.0418997560812095,0.0115828463691077,0.0824150548628382,-0.0216947408490757,,,,,-0.108224989128376,-0.182210712391516,,,,,,,,-1.5275,12.3686,Burkina Faso,Cartographic/SIDS-excluded 159: DD association with IHD,159,930.063931607059,,DD_z,0.0115828463691077,,,,
2.00254401490136,-2.74481793977097,-0.00323195661400845,-2.56566568351225,-4.83252316002904,,,,,-0.0372176494411385,-0.808473141200807,,,,,,,,-79.3733,43.7417,Canada,Cartographic/SIDS-excluded 159: DD association with IHD,159,930.063931607059,,DD_z,-0.00323195661400845,,,,
6.63208892849784,-0.161529606694078,0.026007689905301,0.118596760565844,0.149140501345381,,,,,0.168267472244884,-0.247207369716397,,,,,,,,18.5628,4.3733,Central African Republic,Cartographic/SIDS-excluded 159: DD association with IHD,159,930.063931607059,,DD_z,0.026007689905301,,,,
25.8323180452103,1.17626399776896,0.265721022346089,-1.31553748370768,0.334167496657844,,,,,0.441228082136196,-0.594830819451151,,,,,,,,14.4214,50.0875,Czech Republic,Cartographic/SIDS-excluded 159: DD association with IHD,159,930.063931607059,,DD_z,0.265721022346089,,,,
2.78350137249474,0.638141081039674,0.884742010931861,-0.454387836078467,0.769230592154066,,,,,-0.016423716902506,-0.233976604465513,,,,,,,,125.7475,39.0167,Democratic People's Republic of Korea,Cartographic/SIDS-excluded 159: DD association with IHD,159,930.063931607059,,DD_z,0.884742010931861,,,,
1.24103434572328,-0.546277914824809,-0.10554626540899,0.0287030737959612,0.837232365106702,,,,,-0.00147807283639956,-0.770765612019074,,,,,,,,125.5795,-8.5594,Democratic Republic of Timor-Leste,Cartographic/SIDS-excluded 159: DD association with IHD,159,930.063931607059,,DD_z,-0.10554626540899,,,,
6.7809584876816,-0.258089739720094,0.0533584484092298,0.0742352225624729,0.104869219737598,,,,,-0.0236241972323306,-0.268991441217296,,,,,,,,15.3119,-4.3219,Democratic Republic of the Congo,Cartographic/SIDS-excluded 159: DD association with IHD,159,930.063931607059,,DD_z,0.0533584484092298,,,,
1.39153740486598,-0.120768440417376,0.408337276753379,0.108357634380729,0.492652856925427,,,,,-0.0209775288843674,-0.639167091545861,,,,,,,,79.8333,6.9167,Democratic Socialist Republic of Sri Lanka,Cartographic/SIDS-excluded 159: DD association with IHD,159,930.063931607059,,DD_z,0.408337276753379,,,,
3.18253751753023,-0.916389535366787,-0.373465667916694,-0.0876880737461913,0.00730836038546496,,,,,0.0572790102188811,-0.903221332045028,,,,,,,,-56.1842,-34.9056,Eastern Republic of Uruguay,Cartographic/SIDS-excluded 159: DD association with IHD,159,930.063931607059,,DD_z,-0.373465667916694,,,,
6.92692625826141,0.0538259671482622,-0.185056552471397,0.275700946094472,1.13827374854887,,,,,-0.22728146712862,-0.271883195413448,,,,,,,,38.74,9.03,Federal Democratic Republic of Ethiopia,Cartographic/SIDS-excluded 159: DD association with IHD,159,930.063931607059,,DD_z,-0.185056552471397,,,,
4.58136714955764,0.742533498968515,0.222091661058688,0.176663058660112,-0.0792789603098237,,,,,-0.333861665024727,0.777813177641505,,,,,,,,85.32,27.71,Federal Democratic Republic of Nepal,Cartographic/SIDS-excluded 159: DD association with IHD,159,930.063931607059,,DD_z,0.222091661058688,,,,
23.8089639284967,1.22643257301508,0.253362928691616,-1.46413592202434,0.143470172159478,,,,,0.294767617847904,-1.0581238675283,,,,,,,,13.405,52.52,Federal Republic of Germany,Cartographic/SIDS-excluded 159: DD association with IHD,159,930.063931607059,,DD_z,0.253362928691616,,,,
9.77126149156827,-0.0475666735575467,-0.0297115398435581,0.0621170036055834,-0.000622949732477054,,,,,0.0177749444597594,-0.0871147350676297,,,,,,,,3.3841,6.455,Federal Republic of Nigeria,Cartographic/SIDS-excluded 159: DD association with IHD,159,930.063931607059,,DD_z,-0.0297115398435581,,,,
4.68147144470952,-0.202743459715041,-0.254355060909699,0.0518774869199787,1.10905958051702,,,,,0.150906198289083,-0.437149713405637,,,,,,,,45.3419,2.0392,Federal Republic of Somalia,Cartographic/SIDS-excluded 159: DD association with IHD,159,930.063931607059,,DD_z,-0.254355060909699,,,,
2.08231416186045,-0.631977122885667,-0.266960013218962,-0.0427059216000802,0.402090683596631,,,,,-0.00472773790128992,-0.994690528151045,,,,,,,,-46.6339,-23.5504,Federative Republic of Brazil,Cartographic/SIDS-excluded 159: DD association with IHD,159,930.063931607059,,DD_z,-0.266960013218962,,,,
18.9384012328662,0.921993708995934,0.169139488086651,-0.658885870762759,1.17361001071914,,,,,-0.170281412382499,-0.792664831960799,,,,,,,,2.3522,48.8567,French Republic,Cartographic/SIDS-excluded 159: DD association with IHD,159,930.063931607059,,DD_z,0.169139488086651,,,,
8.31308340008284,-0.206636157471086,0.0316201872216659,0.060817478990366,0.0672451714900738,,,,,-0.0372656846759741,-0.127614034063958,,,,,,,,9.4544,0.3901,Gabonese Republic,Cartographic/SIDS-excluded 159: DD association with IHD,159,930.063931607059,,DD_z,0.0316201872216659,,,,
10.9473750069751,1.59393791392997,0.306120720616037,-1.09514780495487,0.747976288114761,,,,,-0.0931253961853948,0.713064894014281,,,,,,,,44.7925,41.7225,Georgia,Cartographic/SIDS-excluded 159: DD association with IHD,159,930.063931607059,,DD_z,0.306120720616037,,,,
21.9134673498855,0.956549686579949,0.189344236841789,-0.862779249103827,0.857757806451331,,,,,-0.0558931628163608,-1.15518859474049,,,,,,,,6.1319,49.6117,Grand Duchy of Luxembourg,Cartographic/SIDS-excluded 159: DD association with IHD,159,930.063931607059,,DD_z,0.189344236841789,,,,
1.33936267476551,-0.283918829653814,-0.0105749820610716,-0.717773919018389,-0.263827293847807,,,,,0.000157833553808114,-0.765526332707809,,,,,,,,-51.7361,64.1767,Greenland,Cartographic/SIDS-excluded 159: DD association with IHD,159,930.063931607059,,DD_z,-0.0105749820610716,,,,
13.161863301803,1.21180749475765,0.350170869064757,-0.859977082715325,0.810154734701301,,,,,0.952904126549962,1.17446175819103,,,,,,,,35.9328,31.9497,Hashemite Kingdom of Jordan,Cartographic/SIDS-excluded 159: DD association with IHD,159,930.063931607059,,DD_z,0.350170869064757,,,,
19.1402080936243,1.3247208300874,0.27410860692606,-1.40420461138513,0.689726948932482,,,,,-1.414067237677,0.234049581368886,,,,,,,,23.7281,37.9842,Hellenic Republic,Cartographic/SIDS-excluded 159: DD association with IHD,159,930.063931607059,,DD_z,0.27410860692606,,,,
26.5599503884046,1.23878795475354,0.302401875694554,-1.33854215683677,0.374872782771056,,,,,0.243416076421104,-0.341346578299736,,,,,,,,19.0408,47.4983,Hungary,Cartographic/SIDS-excluded 159: DD association with IHD,159,930.063931607059,,DD_z,0.302401875694554,,,,
10.4790545631374,0.784251007985316,0.0362057304043837,-0.6031524355973,1.04800414082527,,,,,0.0140790761767482,-1.00276534503654,,,,,,,,-6.2603,53.3497,Ireland,Cartographic/SIDS-excluded 159: DD association with IHD,159,930.063931607059,,DD_z,0.0362057304043837,,,,
6.68206599148869,1.45303214987728,0.075534194350783,0.201208572483501,0.412810476794965,,,,,0.629979958204183,1.71194202665963,,,,,,,,69.1783,34.5253,Islamic Republic of Afghanistan,Cartographic/SIDS-excluded 159: DD association with IHD,159,930.063931607059,,DD_z,0.075534194350783,,,,
10.0301524994012,1.46940224323013,0.212910138881399,-0.299878054266271,0.572128671096763,,,,,0.0325133258942199,1.98430460339076,,,,,,,,51.3897,35.6889,Islamic Republic of Iran,Cartographic/SIDS-excluded 159: DD association with IHD,159,930.063931607059,,DD_z,0.212910138881399,,,,
5.50928030040614,0.402591934084776,0.119926151198379,0.189915649707826,-0.0886386163775201,,,,,0.0542080176239961,-0.0856085212816618,,,,,,,,-15.9785,18.0858,Islamic Republic of Mauritania,Cartographic/SIDS-excluded 159: DD association with IHD,159,930.063931607059,,DD_z,0.119926151198379,,,,
4.81218784762049,1.62162026330774,0.540795077980562,0.577182192693421,0.105776760314463,,,,,-0.224868362011222,1.34698986909591,,,,,,,,67.01,24.86,Islamic Republic of Pakistan,Cartographic/SIDS-excluded 159: DD association with IHD,159,930.063931607059,,DD_z,0.540795077980562,,,,
1.91409787302289,0.0574878234477224,0.430400713597423,-0.488636899217569,0.39154537277452,,,,,0.0285746042036432,-1.35053969212877,,,,,,,,139.7495,35.687,Japan,Cartographic/SIDS-excluded 159: DD association with IHD,159,930.063931607059,,DD_z,0.430400713597423,,,,
20.0458786901686,0.928435839998821,0.165602688701062,-0.847393733260375,0.840658367980447,,,,,-0.244755413595769,-0.742421668158819,,,,,,,,4.3525,50.8467,Kingdom of Belgium,Cartographic/SIDS-excluded 159: DD association with IHD,159,930.063931607059,,DD_z,0.165602688701062,,,,
4.39008295774753,0.695472107983169,0.44068009933577,0.181583140122446,-0.375971571026744,,,,,0.271992254735713,0.48838548760498,,,,,,,,89.6361,27.4722,Kingdom of Bhutan,Cartographic/SIDS-excluded 159: DD association with IHD,159,930.063931607059,,DD_z,0.44068009933577,,,,
5.69685017359774,-0.269434142760788,0.328341145053181,-0.0112902017748602,0.123372459430785,,,,,-0.10918107109674,-0.5959457094413,,,,,,,,104.921,11.5696,Kingdom of Cambodia,Cartographic/SIDS-excluded 159: DD association with IHD,159,930.063931607059,,DD_z,0.328341145053181,,,,
20.0955765589257,1.32915658264199,0.232037546926093,-1.71630884813775,-0.139830596904383,,,,,-0.128771784124186,-1.01783414654933,,,,,,,,12.5615,55.6805,Kingdom of Denmark,Cartographic/SIDS-excluded 159: DD association with IHD,159,930.063931607059,,DD_z,0.232037546926093,,,,
6.43733248155782,-0.132906267579928,-0.0324056786218171,0.109161828088139,-0.190801056317614,,,,,-0.000288839237419902,-0.168866909633917,,,,,,,,31.388,-26.495,Kingdom of Eswatini,Cartographic/SIDS-excluded 159: DD association with IHD,159,930.063931607059,,DD_z,-0.0324056786218171,,,,
5.69003779653056,-0.139963446171691,-0.0249710503526526,0.107368143575035,-0.162175561047221,,,,,0.00580027201166596,-0.293972192873755,,,,,,,,27.48,-29.31,Kingdom of Lesotho,Cartographic/SIDS-excluded 159: DD association with IHD,159,930.063931607059,,DD_z,-0.0249710503526526,,,,
5.41484933464547,0.221622981168531,0.382894980408321,-1.10439507762262,-0.0170624687848868,,,,,1.09966025366831,1.36982996344906,,,,,,,,-7.5833,33.5333,Kingdom of Morocco,Cartographic/SIDS-excluded 159: DD association with IHD,159,930.063931607059,,DD_z,0.382894980408321,,,,
14.0382337471714,1.47577915503546,0.177920732887175,-2.05129095201504,-0.480669621170286,,,,,0.153025736805949,-1.14263428667447,,,,,,,,10.7389,59.9133,Kingdom of Norway,Cartographic/SIDS-excluded 159: DD association with IHD,159,930.063931607059,,DD_z,0.177920732887175,,,,
9.07320350772718,1.17430558559172,0.288683973858406,0.333840701393058,0.40687943709345,,,,,-0.270113335692519,2.42560879119991,,,,,,,,46.71,24.65,Kingdom of Saudi Arabia,Cartographic/SIDS-excluded 159: DD association with IHD,159,930.063931607059,,DD_z,0.288683973858406,,,,
10.9141026285023,1.06370590994267,0.176123098600635,-0.728221157450167,1.4354750539143,,,,,-0.551032391967803,-0.549375644540934,,,,,,,,-3.7033,40.4169,Kingdom of Spain,Cartographic/SIDS-excluded 159: DD association with IHD,159,930.063931607059,,DD_z,0.176123098600635,,,,
15.6624310404825,1.68896982242157,0.24792199098804,-2.24617865431532,-0.567435979713444,,,,,-0.161241483366119,-0.589831660152499,,,,,,,,18.0547,59.3275,Kingdom of Sweden,Cartographic/SIDS-excluded 159: DD association with IHD,159,930.063931607059,,DD_z,0.24792199098804,,,,
5.64897248095439,-0.189800335625321,0.38848367629998,-0.0753536988988737,0.0213438397234435,,,,,-0.302827621858296,-0.688164349523329,,,,,,,,100.4942,13.7525,Kingdom of Thailand,Cartographic/SIDS-excluded 159: DD association with IHD,159,930.063931607059,,DD_z,0.38848367629998,,,,
20.2416133134005,0.947627565581704,0.166592139938296,-0.935938590556031,0.710158941764028,,,,,-0.0389805133823946,-0.914449467825328,,,,,,,,5.0911,51.5572,Kingdom of the Netherlands,Cartographic/SIDS-excluded 159: DD association with IHD,159,930.063931607059,,DD_z,0.166592139938296,,,,
5.26002493376974,1.16912499484882,-0.224890795454402,0.295789980772838,1.05262802474063,,,,,-0.388014389460287,1.17668939002351,,,,,,,,74.5667,42.8667,Kyrgyz Republic,Cartographic/SIDS-excluded 159: DD association with IHD,159,930.063931607059,,DD_z,-0.224890795454402,,,,
5.50097255835872,-0.185198189513909,0.365848873363905,-0.0309098523007049,0.144000137565462,,,,,0.0189737404104615,-0.672117409547116,,,,,,,,102.63,17.98,Lao People's Democratic Republic,Cartographic/SIDS-excluded 159: DD association with IHD,159,930.063931607059,,DD_z,0.365848873363905,,,,
14.1338837830868,1.36735997958664,0.322856162487513,-1.14070288400481,0.798126761647233,,,,,1.13382780973593,1.06895550840111,,,,,,,,35.5058,33.8981,Lebanese Republic,Cartographic/SIDS-excluded 159: DD association with IHD,159,930.063931607059,,DD_z,0.322856162487513,,,,
3.85034753379299,-0.166105849175201,0.412369459822282,-0.0600592074737724,-0.100382360003763,,,,,0.0789749671435912,-0.468304345918215,,,,,,,,101.698,3.1686,Malaysia,Cartographic/SIDS-excluded 159: DD association with IHD,159,930.063931607059,,DD_z,0.412369459822282,,,,
1.37124985013571,0.984483326085969,0.808032988110736,-0.565923647939085,-0.22446766236901,,,,,0.0498552049530857,1.05306608840432,,,,,,,,106.9055,47.9214,Mongolia,Cartographic/SIDS-excluded 159: DD association with IHD,159,930.063931607059,,DD_z,0.808032988110736,,,,
24.5249225029971,1.17194674234799,0.278688687453459,-1.17140862268977,0.694918440405998,,,,,0.107967385626404,-0.281063789716878,,,,,,,,19.2628,42.4414,Montenegro,Cartographic/SIDS-excluded 159: DD association with IHD,159,930.063931607059,,DD_z,0.278688687453459,,,,
1.01823088173309,-0.852518411873715,-0.184679507672328,0.13421087882309,,,,,,0.00000000000000204786009097216,,,,,,,,,174.7653,-36.8492,New Zealand,Cartographic/SIDS-excluded 159: DD association with IHD,159,930.063931607059,,DD_z,-0.184679507672328,,,,
23.6772682317544,1.24371139579167,0.286978556749886,-1.26878362337688,0.644679179828808,,,,,-0.400068511974495,0.339700000269766,,,,,,,,21.4317,41.9961,North Macedonia,Cartographic/SIDS-excluded 159: DD association with IHD,159,930.063931607059,,DD_z,0.286978556749886,,,,
12.9236230405675,1.15297746226992,0.358365192717795,-0.835929352799133,0.81695817070002,,,,,-0.157701682724358,2.40517370792097,,,,,,,,34.456,31.5069,Palestine,Cartographic/SIDS-excluded 159: DD association with IHD,159,930.063931607059,,DD_z,0.358365192717795,,,,
12.3277498246582,0.841718330939132,0.295143165281434,-0.722161515466075,1.10225722059956,,,,,0.884719084361324,1.02339545148512,,,,,,,,3.0872,36.7325,People's Democratic Republic of Algeria,Cartographic/SIDS-excluded 159: DD association with IHD,159,930.063931607059,,DD_z,0.295143165281434,,,,
4.57302332068869,0.350345340207186,0.471688146463586,-0.0587409373017446,-0.374856441299598,,,,,-0.206378841876675,0.473755463184875,,,,,,,,90.3944,23.7289,People's Republic of Bangladesh,Cartographic/SIDS-excluded 159: DD association with IHD,159,930.063931607059,,DD_z,0.471688146463586,,,,
3.72050290953297,-0.548661572655649,0.128254768742544,-0.103413254771306,0.613631125534935,,,,,0.133367758305137,-0.302313897856306,,,,,,,,113.26,23.13,People's Republic of China,Cartographic/SIDS-excluded 159: DD association with IHD,159,930.063931607059,,DD_z,0.128254768742544,,,,
2.29952976407222,-0.756066502225689,-0.0742634903507877,-0.404224942132966,0.187213608974902,,,,,0.0363080638137265,-0.683079609617308,,,,,,,,-63.1975,-17.7892,Plurinational State of Bolivia,Cartographic/SIDS-excluded 159: DD association with IHD,159,930.063931607059,,DD_z,-0.0742634903507877,,,,
6.74231908795848,0.900416257578599,0.0804258395944919,-1.10597172809559,0.768616754491848,,,,,-1.04991950398846,-0.346247283275742,,,,,,,,-9.134,38.7122,Portuguese Republic,Cartographic/SIDS-excluded 159: DD association with IHD,159,930.063931607059,,DD_z,0.0804258395944919,,,,
16.2825586220183,1.0300478087295,0.20905912132327,-0.639752816983978,1.46717874852353,,,,,0.0799844982471879,-1.11851586344266,,,,,,,,1.5,42.5,Principality of Andorra,Cartographic/SIDS-excluded 159: DD association with IHD,159,930.063931607059,,DD_z,0.20905912132327,,,,
21.8423824649101,0.985213647577428,0.22976087124495,-0.752119603120675,1.17013641362529,,,,,-0.0500743226955874,-1.00082399238973,,,,,,,,7.4167,43.7333,Principality of Monaco,Cartographic/SIDS-excluded 159: DD association with IHD,159,930.063931607059,,DD_z,0.22976087124495,,,,
23.4343073107527,1.18393861919995,0.276249003047043,-1.18642301599843,0.722162015834835,,,,,-0.440850057067366,0.0894599652429459,,,,,,,,19.8186,41.3272,Republic of Albania,Cartographic/SIDS-excluded 159: DD association with IHD,159,930.063931607059,,DD_z,0.276249003047043,,,,
5.3143683173573,-0.221307828350898,0.0406135532746924,0.0872011565526313,0.0932093995612919,,,,,-0.0216269332384801,-0.225796935783169,,,,,,,,13.2344,-8.8383,Republic of Angola,Cartographic/SIDS-excluded 159: DD association with IHD,159,930.063931607059,,DD_z,0.0406135532746924,,,,
11.5240155739145,1.58751081577708,0.29742615486306,-1.10080525758627,0.767753987270328,,,,,-0.641791654205419,1.41747087691829,,,,,,,,44.5144,40.1814,Republic of Armenia,Cartographic/SIDS-excluded 159: DD association with IHD,159,930.063931607059,,DD_z,0.29742615486306,,,,
26.7318723996386,1.18006180742666,0.28137879311112,-1.27354788296175,0.416118156225903,,,,,-0.0404820204052999,-0.85392197624343,,,,,,,,16.3725,48.2083,Republic of Austria,Cartographic/SIDS-excluded 159: DD association with IHD,159,930.063931607059,,DD_z,0.28137879311112,,,,
9.50213294345923,1.47842325234921,0.22371337031927,-0.597133116787518,0.689289253601796,,,,,0.631438818225391,1.04665044966992,,,,,,,,49.8352,40.3667,Republic of Azerbaijan,Cartographic/SIDS-excluded 159: DD association with IHD,159,930.063931607059,,DD_z,0.22371337031927,,,,
18.8412953029204,1.68241739315155,0.364908757615811,-2.01452742098545,-0.295915958822113,,,,,0.26604700687667,0.575407620504571,,,,,,,,27.5586,53.9006,Republic of Belarus,Cartographic/SIDS-excluded 159: DD association with IHD,159,930.063931607059,,DD_z,0.364908757615811,,,,
9.82371384995518,-0.0370842163313315,-0.0334857999595971,0.0626871818996148,-0.00417574252499225,,,,,-0.0285731459124192,-0.156974051795967,,,,,,,,2.4333,6.3667,Republic of Benin,Cartographic/SIDS-excluded 159: DD association with IHD,159,930.063931607059,,DD_z,-0.0334857999595971,,,,
6.7010834776593,-0.156002389044611,-0.0221069190039028,0.100081873498547,-0.193807601841981,,,,,0.00961070779333062,-0.122465393267844,,,,,,,,25.9086,-24.6569,Republic of Botswana,Cartographic/SIDS-excluded 159: DD association with IHD,159,930.063931607059,,DD_z,-0.0221069190039028,,,,
23.5010459667924,1.31567779808743,0.302059836103911,-1.35847437446433,0.566602629808379,,,,,0.099387354653459,-0.0693723275022309,,,,,,,,23.3217,42.6979,Republic of Bulgaria,Cartographic/SIDS-excluded 159: DD association with IHD,159,930.063931607059,,DD_z,0.302059836103911,,,,
7.25369604813701,-0.045899704238512,-0.151145473415306,0.185178421914636,0.506114365094422,,,,,-0.0183981378304177,-0.352317933313387,,,,,,,,29.3667,-3.3833,Republic of Burundi,Cartographic/SIDS-excluded 159: DD association with IHD,159,930.063931607059,,DD_z,-0.151145473415306,,,,
8.80744375172341,-0.168203420035753,0.0190373258472528,0.05632370001849,0.0457018905763653,,,,,-0.111473165543961,-0.163325680691482,,,,,,,,9.7,4.05,Republic of Cameroon,Cartographic/SIDS-excluded 159: DD association with IHD,159,930.063931607059,,DD_z,0.0190373258472528,,,,
5.25412883057583,0.00503342533521571,0.0412462952156381,0.19989639647262,0.118882899268403,,,,,0.0787502013321388,-0.20820594496387,,,,,,,,15.0447,12.1053,Republic of Chad,Cartographic/SIDS-excluded 159: DD association with IHD,159,930.063931607059,,DD_z,0.0412462952156381,,,,
2.25413456247059,-0.869240267065203,-0.350342551257179,-0.254755041554799,0.00652061075132785,,,,,-0.02060867980011,-1.22635819336931,,,,,,,,-70.6506,-33.4372,Republic of Chile,Cartographic/SIDS-excluded 159: DD association with IHD,159,930.063931607059,,DD_z,-0.350342551257179,,,,
3.97080398183588,-0.628389046280175,0.118815842261554,-0.20886073398772,-0.360403274691791,,,,,-0.0283554936271075,-0.579261031169302,,,,,,,,-74.0722,4.7111,Republic of Colombia,Cartographic/SIDS-excluded 159: DD association with IHD,159,930.063931607059,,DD_z,0.118815842261554,,,,
6.01474313196921,-0.540001381599169,0.116272636586295,-0.128172708617374,-0.259072402111484,,,,,0.113938750879584,-0.449524299963421,,,,,,,,-84.08,9.9325,Republic of Costa Rica,Cartographic/SIDS-excluded 159: DD association with IHD,159,930.063931607059,,DD_z,0.116272636586295,,,,
9.10129458120051,0.0082102496419973,-0.0267486298083512,0.0576762431775891,-0.0225019668205791,,,,,0.0330292399575987,-0.0969191882411302,,,,,,,,-4.0267,5.3364,Republic of Cote d'Ivoire,Cartographic/SIDS-excluded 159: DD association with IHD,159,930.063931607059,,DD_z,-0.0267486298083512,,,,
26.6104515335858,1.12019271806609,0.271693252277077,-1.13007580554663,0.622405513077469,,,,,-0.32991186967584,-0.342641622508266,,,,,,,,15.9772,45.8131,Republic of Croatia,Cartographic/SIDS-excluded 159: DD association with IHD,159,930.063931607059,,DD_z,0.271693252277077,,,,
15.04546029764,1.44307250090997,0.305819899992051,-1.35578824882803,0.759726515736864,,,,,-0.535143680647829,-0.665457610900673,,,,,,,,33.365,35.1725,Republic of Cyprus,Cartographic/SIDS-excluded 159: DD association with IHD,159,930.063931607059,,DD_z,0.305819899992051,,,,
6.39259995018802,0.484219552098628,0.0177121414714256,0.431133761304984,0.722614307827886,,,,,-0.790385537624441,0.596160514061146,,,,,,,,43.1481,11.5944,Republic of Djibouti,Cartographic/SIDS-excluded 159: DD association with IHD,159,930.063931607059,,DD_z,0.0177121414714256,,,,
3.3228259512798,-0.679946204733113,0.0508682077403024,-0.202021360493682,-0.32159976926583,,,,,-0.111284656910194,-0.541146340537893,,,,,,,,-79.8875,-2.19,Republic of Ecuador,Cartographic/SIDS-excluded 159: DD association with IHD,159,930.063931607059,,DD_z,0.0508682077403024,,,,
5.74611457520946,-0.527601863684364,0.04205408804733,-0.113960480451085,-0.234346349560542,,,,,-0.0710496225138728,-0.399482406893399,,,,,,,,-89.1914,13.6989,Republic of El Salvador,Cartographic/SIDS-excluded 159: DD association with IHD,159,930.063931607059,,DD_z,0.04205408804733,,,,
8.96532460193134,-0.154072308859625,0.0119000666729285,0.0569725166874721,0.0401291851868045,,,,,-0.000490720144029035,-0.10062584340114,,,,,,,,8.7744,3.7456,Republic of Equatorial Guinea,Cartographic/SIDS-excluded 159: DD association with IHD,159,930.063931607059,,DD_z,0.0119000666729285,,,,
14.3373724364234,1.869092083275,0.267681545651822,-2.43901362442406,-0.682274964733166,,,,,0.685585555763829,-0.0425890327165878,,,,,,,,24.7453,59.4372,Republic of Estonia,Cartographic/SIDS-excluded 159: DD association with IHD,159,930.063931607059,,DD_z,0.267681545651822,,,,
13.3851238466879,1.91136214139893,0.251919857506808,-2.50698893138843,-0.732758575948973,,,,,-0.678314243069505,-0.0831974445934251,,,,,,,,24.9375,60.1708,Republic of Finland,Cartographic/SIDS-excluded 159: DD association with IHD,159,930.063931607059,,DD_z,0.251919857506808,,,,
9.75332789657593,-0.00128700028957218,-0.033528295864174,0.0621229566175319,-0.0174660058446001,,,,,0.00284099009525993,-0.0784271384441032,,,,,,,,-1.625,6.7,Republic of Ghana,Cartographic/SIDS-excluded 159: DD association with IHD,159,930.063931607059,,DD_z,-0.033528295864174,,,,
5.43458840357905,-0.532817285119264,0.0277458607655149,-0.112510577459087,-0.249642754586754,,,,,-0.0934893902439362,-0.39846471168439,,,,,,,,-90.5133,14.6417,Republic of Guatemala,Cartographic/SIDS-excluded 159: DD association with IHD,159,930.063931607059,,DD_z,0.0277458607655149,,,,
7.61665487026869,0.118609186307594,0.0674156930737143,0.114384218354677,-0.022649476844588,,,,,-0.0599826444803928,-0.0942908426590958,,,,,,,,-13.7122,9.5092,Republic of Guinea,Cartographic/SIDS-excluded 159: DD association with IHD,159,930.063931607059,,DD_z,0.0674156930737143,,,,
5.90321636717924,-0.518749338541809,0.0533912756087988,-0.114393115599154,-0.21602800034132,,,,,0.201387839076123,-0.369202088298392,,,,,,,,-87.21,14.098,Republic of Honduras,Cartographic/SIDS-excluded 159: DD association with IHD,159,930.063931607059,,DD_z,0.0533912756087988,,,,
2.52868928567966,0.35321350206957,-0.0358539532871552,-0.928144443636552,0.0442658644347005,,,,,-0.0257426535949772,-0.884717416978536,,,,,,,,-21.9425,64.1458,Republic of Iceland,Cartographic/SIDS-excluded 159: DD association with IHD,159,930.063931607059,,DD_z,-0.0358539532871552,,,,
4.94406436020055,1.0289054442445,-0.0298892919016232,0.165242522996589,0.275422583460742,,,,,-0.550526485141529,1.30201679230715,,,,,,,,77.23,28.61,Republic of India,Cartographic/SIDS-excluded 159: DD association with IHD,159,930.063931607059,,DD_z,-0.0298892919016232,,,,
2.11356063334137,-0.0187327613239126,0.383908929433228,-0.0104575219337466,0.2032946998985,,,,,0.139608029547087,-0.706895721143389,,,,,,,,106.8275,-6.175,Republic of Indonesia,Cartographic/SIDS-excluded 159: DD association with IHD,159,930.063931607059,,DD_z,0.383908929433228,,,,
12.156240778675,1.42236663277124,0.285384993380151,-0.705761212933801,0.719850404588245,,,,,0.55455777755401,2.10571884277925,,,,,,,,44.3661,33.3153,Republic of Iraq,Cartographic/SIDS-excluded 159: DD association with IHD,159,930.063931607059,,DD_z,0.285384993380151,,,,
23.1518982849312,1.01949380977106,0.253728259037087,-0.892371474867306,0.991388284020166,,,,,-0.686695826363842,-0.31766921964443,,,,,,,,12.4828,41.8931,Republic of Italy,Cartographic/SIDS-excluded 159: DD association with IHD,159,930.063931607059,,DD_z,0.253728259037087,,,,
4.77649612499283,1.1066190636747,-0.281401880194654,0.320017716914818,1.11772952714178,,,,,-0.292093911223794,1.04006278181061,,,,,,,,76.915,43.24,Republic of Kazakhstan,Cartographic/SIDS-excluded 159: DD association with IHD,159,930.063931607059,,DD_z,-0.281401880194654,,,,
7.07321427918376,-0.103274766166517,-0.256549152775596,0.133424089640164,0.890183805889357,,,,,0.117987882268344,-0.355727800698283,,,,,,,,36.8172,-1.2864,Republic of Kenya,Cartographic/SIDS-excluded 159: DD association with IHD,159,930.063931607059,,DD_z,-0.256549152775596,,,,
2.8723241547928,0.582932793668911,0.847263140545552,-0.438197637086791,0.772702221398869,,,,,-0.190272148321061,-1.10800708642521,,,,,,,,126.9833,37.5667,Republic of Korea,Cartographic/SIDS-excluded 159: DD association with IHD,159,930.063931607059,,DD_z,0.847263140545552,,,,
17.5594036650028,1.73168495316167,0.311473242223415,-2.20675980925892,-0.498292113867017,,,,,-0.0669162482666738,-0.0205757094676492,,,,,,,,24.1069,56.9475,Republic of Latvia,Cartographic/SIDS-excluded 159: DD association with IHD,159,930.063931607059,,DD_z,0.311473242223415,,,,
7.81194057206987,0.0454389378603545,0.0441411549019772,0.0750980136807859,-0.0208020030275452,,,,,0.0547623128516201,-0.088761972079355,,,,,,,,-10.8014,6.3133,Republic of Liberia,Cartographic/SIDS-excluded 159: DD association with IHD,159,930.063931607059,,DD_z,0.0441411549019772,,,,
19.4751626229447,1.65909527336995,0.345734470165633,-2.03866744730504,-0.340744866015549,,,,,0.149790415307609,-0.117846982410844,,,,,,,,25.28,54.6872,Republic of Lithuania,Cartographic/SIDS-excluded 159: DD association with IHD,159,930.063931607059,,DD_z,0.345734470165633,,,,
2.34775747018357,-0.149094457974343,-0.0540044275342145,0.0774654441457318,-0.094027511368719,,,,,-0.0106639605811091,-0.239862126379009,,,,,,,,47.525,-18.91,Republic of Madagascar,Cartographic/SIDS-excluded 159: DD association with IHD,159,930.063931607059,,DD_z,-0.0540044275342145,,,,
6.57041442436989,-0.173845417299468,-0.0406507367662894,0.0674981960048309,-0.168369131611675,,,,,-0.00754751157951023,-0.287038454479686,,,,,,,,33.7873,-13.9669,Republic of Malawi,Cartographic/SIDS-excluded 159: DD association with IHD,159,930.063931607059,,DD_z,-0.0406507367662894,,,,
8.67815289640481,0.111375246694128,0.0701643267392953,0.102091300548184,-0.0323432014572792,,,,,0.00656373066849779,-0.232858980217325,,,,,,,,-7.9922,12.6458,Republic of Mali,Cartographic/SIDS-excluded 159: DD association with IHD,159,930.063931607059,,DD_z,0.0701643267392953,,,,
16.0809381191164,0.904976075618194,0.281549934397536,-0.805994090929587,1.02068267605837,,,,,-0.423431771246813,-0.770294334600215,,,,,,,,14.5125,35.8983,Republic of Malta,Cartographic/SIDS-excluded 159: DD association with IHD,159,930.063931607059,,DD_z,0.281549934397536,,,,
20.9801853269787,1.52749457415781,0.379821548369804,-1.58445914171013,0.273198035950731,,,,,-0.0529353332563062,0.496719158416948,,,,,,,,28.8353,47.0228,Republic of Moldova,Cartographic/SIDS-excluded 159: DD association with IHD,159,930.063931607059,,DD_z,0.379821548369804,,,,
6.36875328173014,-0.129785146209979,-0.0347820393385086,0.110006490570798,-0.191300575154958,,,,,-0.00252302347540631,-0.332727150696163,,,,,,,,32.5764,-25.9153,Republic of Mozambique,Cartographic/SIDS-excluded 159: DD association with IHD,159,930.063931607059,,DD_z,-0.0347820393385086,,,,
4.10527392059348,-0.179149417323575,0.00172657495469961,0.0893448766684521,-0.0457135415129625,,,,,-0.0723989132978836,-0.184583140723374,,,,,,,,17.0836,-22.57,Republic of Namibia,Cartographic/SIDS-excluded 159: DD association with IHD,159,930.063931607059,,DD_z,0.00172657495469961,,,,
6.08965011408164,-0.526676796605423,0.0825939748700093,-0.118764003871637,-0.233167827417761,,,,,-0.0637963369668267,-0.342469474877281,,,,,,,,-86.2514,12.1364,Republic of Nicaragua,Cartographic/SIDS-excluded 159: DD association with IHD,159,930.063931607059,,DD_z,0.0825939748700093,,,,
5.42916910749918,-0.553696923750569,0.138269017597905,-0.143777050898675,-0.284406483193684,,,,,-0.0149036778548394,-0.435673544272545,,,,,,,,-79.5347,8.9711,Republic of Panama,Cartographic/SIDS-excluded 159: DD association with IHD,159,930.063931607059,,DD_z,0.138269017597905,,,,
3.35906265918263,-0.713650661633647,-0.329735977938937,-0.254014852505531,0.27359265216191,,,,,-0.101599808997594,-0.852836296946929,,,,,,,,-57.6435,-25.2945,Republic of Paraguay,Cartographic/SIDS-excluded 159: DD association with IHD,159,930.063931607059,,DD_z,-0.329735977938937,,,,
1.98270237159649,-0.777963508821158,-0.0481867719148948,-0.333710862321581,-0.272384516206933,,,,,0.00144572066389016,-0.771677156045761,,,,,,,,-77.0375,-12.06,Republic of Peru,Cartographic/SIDS-excluded 159: DD association with IHD,159,930.063931607059,,DD_z,-0.0481867719148948,,,,
23.6654251153237,1.44700276347772,0.330515001923552,-1.73248520078933,-0.0760106138701139,,,,,-0.103380228746988,-0.645596821569964,,,,,,,,21.0111,52.23,Republic of Poland,Cartographic/SIDS-excluded 159: DD association with IHD,159,930.063931607059,,DD_z,0.330515001923552,,,,
7.34681402127922,-0.0136794786869286,-0.188791446887492,0.218107898614961,0.675727411184342,,,,,-0.294525232560917,-0.173868781780652,,,,,,,,30.0606,-1.9536,Republic of Rwanda,Cartographic/SIDS-excluded 159: DD association with IHD,159,930.063931607059,,DD_z,-0.188791446887492,,,,
24.8861602514136,1.02896012581774,0.250271853440883,-0.926727651789239,0.902335852310407,,,,,-0.26226470878898,-0.792448495923375,,,,,,,,12.4817,43.9717,Republic of San Marino,Cartographic/SIDS-excluded 159: DD association with IHD,159,930.063931607059,,DD_z,0.250271853440883,,,,
6.0203685908807,0.337742910644447,0.0817234755787028,0.194974240867784,-0.0609671003700924,,,,,0.00903271760744411,-0.0741803218119768,,,,,,,,-17.432,14.6726,Republic of Senegal,Cartographic/SIDS-excluded 159: DD association with IHD,159,930.063931607059,,DD_z,0.0817234755787028,,,,
25.7286571042252,1.23218589213811,0.298903834321607,-1.27556288636972,0.525158674932511,,,,,0.396068039016274,-0.134141260032414,,,,,,,,20.4569,44.8178,Republic of Serbia,Cartographic/SIDS-excluded 159: DD association with IHD,159,930.063931607059,,DD_z,0.298903834321607,,,,
7.61851441430779,0.0951167205563042,0.0635386433870839,0.103289418538591,-0.020538268685716,,,,,0.041001729616701,-0.0948723523962559,,,,,,,,-13.2331,8.4833,Republic of Sierra Leone,Cartographic/SIDS-excluded 159: DD association with IHD,159,930.063931607059,,DD_z,0.0635386433870839,,,,
26.4630950926269,1.08845637229398,0.261898602621778,-1.07830538530703,0.672530435487164,,,,,0.162599530067002,-0.66289608293797,,,,,,,,14.5061,46.0514,Republic of Slovenia,Cartographic/SIDS-excluded 159: DD association with IHD,159,930.063931607059,,DD_z,0.261898602621778,,,,
6.66186085176845,-0.1451858014798,-0.0264062545987535,0.105197916148425,-0.193670436337719,,,,,0.0460289285066593,-0.154356052665568,,,,,,,,28.0456,-26.2044,Republic of South Africa,Cartographic/SIDS-excluded 159: DD association with IHD,159,930.063931607059,,DD_z,-0.0264062545987535,,,,
7.00795737584943,0.127171145163116,-0.270684185522819,0.369187438083345,1.17617555740465,,,,,-0.0985214244197104,-0.231656204203821,,,,,,,,31.58,4.83,Republic of South Sudan,Cartographic/SIDS-excluded 159: DD association with IHD,159,930.063931607059,,DD_z,-0.270684185522819,,,,
5.82276824912712,0.420838976989971,0.196452056963198,0.650578924051567,0.986378425935671,,,,,0.838050269016474,1.54114025297301,,,,,,,,32.5265,15.6031,Republic of Sudan,Cartographic/SIDS-excluded 159: DD association with IHD,159,930.063931607059,,DD_z,0.196452056963198,,,,
6.74516533100153,1.39354780406752,-0.0380083666969196,0.143699448022156,0.596271439192,,,,,-0.300286224444474,1.84586048013029,,,,,,,,68.78,38.5367,Republic of Tajikistan,Cartographic/SIDS-excluded 159: DD association with IHD,159,930.063931607059,,DD_z,-0.0380083666969196,,,,
15.943088279216,0.8933523757343,0.28575293775567,-0.749932356044912,1.10324985529492,,,,,0.416515641563028,1.43458515919802,,,,,,,,10.1817,36.8064,Republic of Tunisia,Cartographic/SIDS-excluded 159: DD association with IHD,159,930.063931607059,,DD_z,0.28575293775567,,,,
19.6003135468127,1.52117157676934,0.311852143898469,-1.5714615513192,0.572331226498524,,,,,0.109418821085001,0.976775648523086,,,,,,,,28.955,41.0136,Republic of Turkey,Cartographic/SIDS-excluded 159: DD association with IHD,159,930.063931607059,,DD_z,0.311852143898469,,,,
7.46653100032067,-0.0109692821947205,-0.257351425583472,0.239424163468109,0.991152037076285,,,,,-0.0495042716658082,-0.428741380723604,,,,,,,,32.5811,0.3136,Republic of Uganda,Cartographic/SIDS-excluded 159: DD association with IHD,159,930.063931607059,,DD_z,-0.257351425583472,,,,
6.25685860655534,1.33061708975513,-0.109889978350928,0.171771323340821,0.778418733600459,,,,,1.55604208179876,1.79787370083073,,,,,,,,69.2797,41.3111,Republic of Uzbekistan,Cartographic/SIDS-excluded 159: DD association with IHD,159,930.063931607059,,DD_z,-0.109889978350928,,,,
6.65756631618728,0.821573345177591,0.285515324865744,0.611991248128195,0.45995348715051,,,,,1.54950892070544,0.724876941200605,,,,,,,,44.2064,15.3483,Republic of Yemen,Cartographic/SIDS-excluded 159: DD association with IHD,159,930.063931607059,,DD_z,0.285515324865744,,,,
6.8685346407915,-0.174600469364266,-0.0211199908194814,0.0744514224332322,-0.182994362112371,,,,,-0.170136049537381,-0.252060070639409,,,,,,,,28.2833,-15.4167,Republic of Zambia,Cartographic/SIDS-excluded 159: DD association with IHD,159,930.063931607059,,DD_z,-0.0211199908194814,,,,
7.044800358122,-0.157433240618549,-0.0341068813514956,0.0870432816563873,-0.209559536412731,,,,,0.10784215617368,-0.176762728141217,,,,,,,,31.0522,-17.8292,Republic of Zimbabwe,Cartographic/SIDS-excluded 159: DD association with IHD,159,930.063931607059,,DD_z,-0.0341068813514956,,,,
6.79611519387286,-0.259011269500658,0.0537573030605173,0.0739291318524814,0.105053580083031,,,,,0.09026846186363,-0.150720817296425,,,,,,,,15.2667,-4.2667,Republic of the Congo,Cartographic/SIDS-excluded 159: DD association with IHD,159,930.063931607059,,DD_z,0.0537573030605173,,,,
6.53133233196976,0.276560518750415,0.0784999278285149,0.175269405248194,-0.0480230084444507,,,,,-0.0162898346811438,0.0594264052748193,,,,,,,,-16.5786,13.4581,Republic of the Gambia,Cartographic/SIDS-excluded 159: DD association with IHD,159,930.063931607059,,DD_z,0.0784999278285149,,,,
7.96138634305177,0.034583940074331,0.0118314994618838,0.0999515960482004,-0.00693174306852798,,,,,0.0430507021822982,-0.273538138134463,,,,,,,,2.1175,13.515,Republic of the Niger,Cartographic/SIDS-excluded 159: DD association with IHD,159,930.063931607059,,DD_z,0.0118314994618838,,,,
2.99459006577017,-1.05392013352352,-0.237898640593162,-0.121315455243144,0.502902087002303,,,,,-0.0274364830526148,-0.931778715391712,,,,,,,,120.9772,14.5958,Republic of the Philippines,Cartographic/SIDS-excluded 159: DD association with IHD,159,930.063931607059,,DD_z,-0.237898640593162,,,,
5.11051756171371,-0.108090831858549,0.431221127015467,-0.173700982680463,-0.109539507647093,,,,,0.125549002749347,-0.814242412586304,,,,,,,,96.16,16.795,Republic of the Union of Myanmar,Cartographic/SIDS-excluded 159: DD association with IHD,159,930.063931607059,,DD_z,0.431221127015467,,,,
22.7714879801221,1.42091846393194,0.335528622988632,-1.4722788934516,0.439662576437331,,,,,-0.0190317095862826,-0.155699647201492,,,,,,,,26.1039,44.4325,Romania,Cartographic/SIDS-excluded 159: DD association with IHD,159,930.063931607059,,DD_z,0.335528622988632,,,,
10.7072248934351,1.95451451837671,0.332367141001138,-2.25023087628152,-0.441492535739814,,,,,1.21996391611298,0.129919078265037,,,,,,,,37.6175,55.7506,Russian Federation,Cartographic/SIDS-excluded 159: DD association with IHD,159,930.063931607059,,DD_z,0.332367141001138,,,,
26.7338348507933,1.19931861481476,0.287841730044243,-1.30045910810367,0.391423031300017,,,,,0.262470179944273,-0.466295310371211,,,,,,,,17.1128,48.1447,Slovak Republic,Cartographic/SIDS-excluded 159: DD association with IHD,159,930.063931607059,,DD_z,0.287841730044243,,,,
5.5119450268068,-0.297734427413344,0.306289825229948,0.00472794405999901,0.170438600402762,,,,,0.107451481068627,-0.833748802943521,,,,,,,,106.7019,10.7756,Socialist Republic of Viet Nam,Cartographic/SIDS-excluded 159: DD association with IHD,159,930.063931607059,,DD_z,0.306289825229948,,,,
6.96037132358374,0.532828360839338,0.241526248834878,0.561536499497571,0.716355495729559,,,,,-0.896182333721432,0.498007441635766,,,,,,,,38.9411,15.3358,State of Eritrea,Cartographic/SIDS-excluded 159: DD association with IHD,159,930.063931607059,,DD_z,0.241526248834878,,,,
13.087138438281,1.1876733109615,0.353560470464813,-0.855506668964355,0.813128112167366,,,,,-1.39638442206777,0.336682515535445,,,,,,,,35.2256,31.7789,State of Israel,Cartographic/SIDS-excluded 159: DD association with IHD,159,930.063931607059,,DD_z,0.353560470464813,,,,
10.4417079164193,1.35771720617798,0.254183806328283,-0.0758017788270075,0.503673237587472,,,,,0.524564382655199,2.22207127758682,,,,,,,,47.9783,29.3697,State of Kuwait,Cartographic/SIDS-excluded 159: DD association with IHD,159,930.063931607059,,DD_z,0.254183806328283,,,,
11.6240745692888,0.547401180836361,0.351047244294447,-0.360058003198946,1.05584434073848,,,,,0.501369347492641,1.66410351165469,,,,,,,,13.1914,32.8872,State of Libya,Cartographic/SIDS-excluded 159: DD association with IHD,159,930.063931607059,,DD_z,0.351047244294447,,,,
8.37972985028753,1.45631958995185,0.240584499688698,0.391236734622215,0.272165515462822,,,,,-0.445045013705413,3.06977189333837,,,,,,,,51.5333,25.2867,State of Qatar,Cartographic/SIDS-excluded 159: DD association with IHD,159,930.063931607059,,DD_z,0.240584499688698,,,,
6.08413351970486,1.68256792884789,0.430583849683894,0.568071218254396,0.10215777505892,,,,,0.227850680086101,2.3759571893942,,,,,,,,58.5911,23.614,Sultanate of Oman,Cartographic/SIDS-excluded 159: DD association with IHD,159,930.063931607059,,DD_z,0.430583849683894,,,,
23.9630946263011,0.986971230006819,0.218804654503186,-0.87104374525288,0.902016626598855,,,,,0.164382151046085,-1.23800211643749,,,,,,,,8.5411,47.3744,Swiss Confederation,Cartographic/SIDS-excluded 159: DD association with IHD,159,930.063931607059,,DD_z,0.218804654503186,,,,
13.863150451396,1.34384449197305,0.32775455240456,-1.06387549555287,0.803716631221121,,,,,1.3431523072536,1.6933730427792,,,,,,,,36.2981,33.502,Syrian Arab Republic,Cartographic/SIDS-excluded 159: DD association with IHD,159,930.063931607059,,DD_z,0.32775455240456,,,,
3.07537149634134,-0.890225868634665,-0.113485340424216,-0.251549792418597,0.708075462284585,,,,,0.014370858513262,-0.445244804544961,,,,,,,,120.6794,24.1439,Taiwan (Province of China),Cartographic/SIDS-excluded 159: DD association with IHD,159,930.063931607059,,DD_z,-0.113485340424216,,,,
9.82110221905641,-0.0253162736572427,-0.0371017143850852,0.0627357071055734,-0.00840852804239038,,,,,0.0610890676935556,-0.140867402445736,,,,,,,,1.2153,6.1308,Togolese Republic,Cartographic/SIDS-excluded 159: DD association with IHD,159,930.063931607059,,DD_z,-0.0371017143850852,,,,
7.99201802270111,1.49049685483407,0.113194775499455,0.010960915774751,0.491536406159776,,,,,-0.0862234879188882,1.27550382118504,,,,,,,,58.38,37.9375,Turkmenistan,Cartographic/SIDS-excluded 159: DD association with IHD,159,930.063931607059,,DD_z,0.113194775499455,,,,
18.6935494575439,1.63917908473914,0.404022996671702,-1.77328924795014,0.0120644556256917,,,,,0.731279187675451,0.720683545623834,,,,,,,,30.5233,50.45,Ukraine,Cartographic/SIDS-excluded 159: DD association with IHD,159,930.063931607059,,DD_z,0.404022996671702,,,,
7.45467929884692,1.60107570973519,0.294013895301811,0.456037590033966,0.188132269226127,,,,,0.449837800951919,2.39388889639139,,,,,,,,55.2972,25.2631,United Arab Emirates,Cartographic/SIDS-excluded 159: DD association with IHD,159,930.063931607059,,DD_z,0.294013895301811,,,,
16.0417830571925,0.865499874793405,0.122127363372867,-0.681787130206941,1.03684877150141,,,,,-0.326197200447821,-0.782008302771121,,,,,,,,-0.1275,51.5072,United Kingdom of Great Britain and Northern Ireland,Cartographic/SIDS-excluded 159: DD association with IHD,159,930.063931607059,,DD_z,0.122127363372867,,,,
2.64790648016562,-0.629757499042516,0.0149258051186688,-0.130077243459402,-0.499377354654665,,,,,0.0256367063575526,-0.346549603029707,,,,,,,,-99.1333,19.4333,United Mexican States,Cartographic/SIDS-excluded 159: DD association with IHD,159,930.063931607059,,DD_z,0.0149258051186688,,,,
5.78072642102524,-0.167302258621955,-0.123474985327957,0.0471728444608023,0.197671506964437,,,,,-0.0719955356404349,-0.281909868025987,,,,,,,,39.2803,-6.8161,United Republic of Tanzania,Cartographic/SIDS-excluded 159: DD association with IHD,159,930.063931607059,,DD_z,-0.123474985327957,,,,
2.26137143815854,-4.03181208408787,0.0586735187724078,-3.19395102186471,-6.79625900259663,,,,,0.0212690581578338,-1.00899112414486,,,,,,,,-73.9249,40.6943,United States of America,Cartographic/SIDS-excluded 159: DD association with IHD,159,930.063931607059,,DD_z,0.0586735187724078,,,,
41.8829295366502,0.295581949963274,,-0.35722509123431,-0.177202796108853,0.0916257958192169,,0.0946386248774851,0.114387962064733,-0.211723792664389,0.487031162755416,0.216745888715002,0.262464974301947,0.0943997071203072,,0.0975037476163398,0.11785098312603,0.223307729349463,31.2358,30.0444,Arab Republic of Egypt,Cartographic/SIDS-excluded 159: IHD association with DD,159,1962.10778797285,0.0803305385707879,IHD_z,0.184026034173924,2.29086020644264,0.184026034173924,0.0803305385707879,0.0827624933142297
5.58912464004578,-1.44962249431773,,-0.466193585390344,0.186748665458849,1.21878990432537,,0.948655369463174,0.690753092701271,-0.158560307352687,-0.583824550175202,0.536416535416806,0.584227525740711,1.25568797499461,,0.977375293002894,0.711665192759727,0.552656196708482,-58.3814,-34.6036,Argentine Republic,Cartographic/SIDS-excluded 159: IHD association with DD,159,1962.10778797285,1.4947915053128,IHD_z,-1.71579142984907,-1.14784665537019,-1.71579142984907,1.4947915053128,1.54004534471783
1.62785287960466,-2.44038093938092,,0.840015413814566,0.401110127541428,1.62058421126028,,0.707542700392158,1.61763165896685,0.170522025686885,0.395936625536875,0.668102801612345,0.954175068026795,1.66964634292082,,0.72896309488995,1.66660440402942,0.688329178858106,144.9631,-37.8142,Australia,Cartographic/SIDS-excluded 159: IHD association with DD,159,1962.10778797285,3.411791091632,IHD_z,-2.83792051393371,-0.83179785564661,-2.83792051393371,3.411791091632,3.51508084514978
5.87299709980926,-0.155057787666992,,0.328779572288188,0.326916534914796,0.299932187316694,,0.358878769229226,0.237096434850396,-0.33992692307679,-0.0912694265963707,0.469796137810975,0.482295629641787,0.309012438969843,,0.369743590263365,0.244274375016694,0.484018909948787,-64.7819,32.2942,Bermuda,Cartographic/SIDS-excluded 159: IHD association with DD,159,1962.10778797285,0.593376511379378,IHD_z,-0.542841052723822,-0.91483407636396,-0.542841052723822,0.593376511379378,0.611340598850601
7.93439288220751,-0.298352701205752,,0.0165495170841509,0.0765504116045743,0.411995603149489,,0.408628973417774,0.348606730766736,-0.121043328913862,-0.350357184980461,0.268280662590936,0.318683420834817,0.424468501740523,,0.420999949486052,0.359160572525643,0.276402684944699,-66.9036,10.4806,Bolivarian Republic of Venezuela,Cartographic/SIDS-excluded 159: IHD association with DD,159,1962.10778797285,0.696349007028208,IHD_z,0.0155621915891085,0.0223482642066554,0.0155621915891085,0.696349007028208,0.717430519748814
49.4100382387446,0.207845893341708,,-0.293085787287329,-0.295048685545,0.102525089850575,,0.123153603380486,0.124509292920169,-0.76777358688053,-0.0467119326466877,0.108235681877875,0.194140871198861,0.105628970180771,,0.126881998524373,0.128278730682035,0.111512446662921,18.4131,43.8564,Bosnia and Herzegovina,Cartographic/SIDS-excluded 159: IHD association with DD,159,1962.10778797285,0.0794647846900617,IHD_z,0.213059769696666,2.68118476036483,0.213059769696666,0.0794647846900617,0.0818705292985493
9.65461462791717,-0.803555575986109,,-0.212709067697391,-0.0347024315669248,0.261570920091328,,0.256309312286541,0.382131071189391,-0.0207255795386818,-1.86602334457687,0.463934199552447,0.537814951700524,0.269489809360345,,0.264068909805663,0.393699840523318,0.477979505326817,114.9422,4.8903,Brunei Darussalam,Cartographic/SIDS-excluded 159: IHD association with DD,159,1962.10778797285,0.34412152001701,IHD_z,0.739196521582899,2.14806827990984,0.739196521582899,0.34412152001701,0.354539574941269
24.7551439285327,0.701782740260375,,-0.361179375040852,-0.430080318209198,0.113370710513442,,0.143276941447759,0.139628951197222,-0.102684930257042,0.325959748589107,0.212528557954519,0.342788783717744,0.116802934946464,,0.147614557547179,0.143856126767402,0.218962721646561,-1.5275,12.3686,Burkina Faso,Cartographic/SIDS-excluded 159: IHD association with DD,159,1962.10778797285,0.0993587265651306,IHD_z,0.237192029155998,2.38722895668874,0.237192029155998,0.0993587265651306,0.102366747308817
4.94012974060215,-0.385477157325402,,0.0696998453503604,-0.0085191591064042,0.374532023408941,,0.372771475793257,0.502910705865154,-0.751095411548677,0.566948678768107,0.396813666227809,0.417573171802446,0.385870736519866,,0.384056889471597,0.518135999986376,0.408826941565119,-79.3733,43.7417,Canada,Cartographic/SIDS-excluded 159: IHD association with DD,159,1962.10778797285,0.787636947593519,IHD_z,-1.00866949010723,-1.28062744287077,-1.00866949010723,0.787636947593519,0.811482143267418
26.4140486046328,0.813870098904886,,-0.282632227755177,-0.351914491107789,0.119108256133699,,0.111560182507906,0.114859366301241,0.886328825365232,1.13497207937829,0.179256342949759,0.290265893188439,0.122714181024047,,0.11493759438459,0.118336658818817,0.184683211999623,18.5628,4.3733,Central African Republic,Cartographic/SIDS-excluded 159: IHD association with DD,159,1962.10778797285,0.0953238150244581,IHD_z,0.133969908440251,1.40541908027786,0.133969908440251,0.0953238150244581,0.098209681448812
46.7420155616796,0.149459121488355,,-0.255861064400288,-0.35440215906575,0.120229008463062,,0.155470076273983,0.142877451766936,-0.826461937430222,0.0732122581378499,0.106407561348829,0.175542962672732,0.123868863400339,,0.160176831590015,0.147202973576419,0.109628980975343,14.4214,50.0875,Czech Republic,Cartographic/SIDS-excluded 159: IHD association with DD,159,1962.10778797285,0.0856184046565198,IHD_z,0.214475703997336,2.50501869145729,0.214475703997336,0.0856184046565198,0.0882104461022131
7.24012266800563,-0.776374861652581,,-0.145249273542743,-0.29155281855917,0.232226036490442,,0.265411809784671,0.400837818323945,-0.661757826416261,-0.99671865997898,0.270985265829952,0.635015440863962,0.239256528518028,,0.27344697948794,0.412972922245411,0.27918916828552,125.7475,39.0167,Democratic People's Republic of Korea,Cartographic/SIDS-excluded 159: IHD association with DD,159,1962.10778797285,0.238772761032777,IHD_z,0.557668572395129,2.33556193756362,0.557668572395129,0.238772761032777,0.246001450882612
4.60222385130795,-0.76629760898727,,-0.0322457029910697,-0.294294892592893,0.481231470851093,,0.330508161449449,0.419499199124788,-0.0295982202301635,-1.26150028497805,0.523879579349627,0.614009665442834,0.495800440249929,,0.340514080808187,0.432199264197582,0.53973969246052,125.5795,-8.5594,Democratic Republic of Timor-Leste,Cartographic/SIDS-excluded 159: IHD association with DD,159,1962.10778797285,0.672060959629666,IHD_z,0.839273039339974,1.24880492954456,0.839273039339974,0.672060959629666,0.692407167531822
22.8320275840787,1.0487971174452,,-0.125364345677399,-0.360027280835591,0.1723190434881,,0.145173694789278,0.126639274120533,0.392079115233098,1.15183053916636,0.172215521351456,0.241865677217279,0.177535890314379,,0.149568733860934,0.130473195676183,0.177429234112462,15.3119,-4.3219,Democratic Republic of the Congo,Cartographic/SIDS-excluded 159: IHD association with DD,159,1962.10778797285,0.116152031109792,IHD_z,0.0638337061219901,0.549570296034268,0.0638337061219901,0.116152031109792,0.119668458212655
9.87445985524244,-0.758238508287652,,-0.577867943435177,0.219542363291718,0.193191375188415,,0.151976107051419,0.191374637200853,0.188092673649886,-1.2621726952338,0.265696429377475,0.694741453539383,0.199040118264717,,0.156577084724535,0.197168379717654,0.273740215753571,79.8333,6.9167,Democratic Socialist Republic of Sri Lanka,Cartographic/SIDS-excluded 159: IHD association with DD,159,1962.10778797285,0.133589506973527,IHD_z,0.421911050036274,3.15826489366327,0.421911050036274,0.133589506973527,0.137633842302762
5.46034400726305,-1.4186248245981,,-0.478813435079567,0.217030514155139,1.22514957395259,,0.941681684923064,0.670012734677588,0.202347384325786,-0.349081822946334,0.446051522113632,0.588323067071299,1.26224017947834,,0.970190484704642,0.690296933903138,0.459555441473861,-56.1842,-34.9056,Eastern Republic of Uruguay,Cartographic/SIDS-excluded 159: IHD association with DD,159,1962.10778797285,1.51058686839798,IHD_z,-1.70687958744917,-1.1299446745882,-1.70687958744917,1.51058686839798,1.55631890213436
25.4407342964266,0.516284353699268,,-0.294537629422417,-0.0814194826515259,0.112778709991546,,0.103591179934145,0.117422749414357,-0.230638965471363,0.959137260907443,0.17535746851858,0.283857298187881,0.116193011994283,,0.106727335447376,0.12097764668639,0.180666301684013,38.74,9.03,Federal Democratic Republic of Ethiopia,Cartographic/SIDS-excluded 159: IHD association with DD,159,1962.10778797285,0.100270724277746,IHD_z,0.0616269159919209,0.614605274229564,0.0616269159919209,0.100270724277746,0.103306355158282
15.7948734712271,-0.72135184028976,,-0.491209379925924,0.249417312955824,0.153945672494105,,0.161828601110052,0.184379077950742,1.23543796339146,0.345445439207087,0.287443608108084,0.587551749681743,0.158606277478403,,0.166727856624781,0.189961034466801,0.296145776158339,85.32,27.71,Federal Democratic Republic of Nepal,Cartographic/SIDS-excluded 159: IHD association with DD,159,1962.10778797285,0.121823386272505,IHD_z,0.34597797863896,2.83999640155337,0.34597797863896,0.121823386272505,0.125511509959694
44.7765155156336,0.119898068245504,,-0.239325919565752,-0.380981382732773,0.129712349471852,,0.169514852344515,0.151509613025594,0.00616005119087019,-0.0644070329620742,0.144526986632007,0.170530699709133,0.133639306382555,,0.17464680411003,0.156096467895861,0.148902447035342,13.405,52.52,Federal Republic of Germany,Cartographic/SIDS-excluded 159: IHD association with DD,159,1962.10778797285,0.0894592123844898,IHD_z,0.215764273211411,2.41187315940219,0.215764273211411,0.0894592123844898,0.0921675317829875
24.4088335627813,0.85690576091144,,-0.321452310124885,-0.46037320052523,0.129860947328129,,0.136877761821723,0.13268330699368,-0.583211209687614,0.113113980268734,0.211239507526828,0.355093841541171,0.133792402942163,,0.141021646925154,0.136700207708649,0.21763464605661,3.3841,6.455,Federal Republic of Nigeria,Cartographic/SIDS-excluded 159: IHD association with DD,159,1962.10778797285,0.094206863051932,IHD_z,0.209595763182769,2.22484600795197,0.209595763182769,0.094206863051932,0.0970589144826844
19.403192497312,0.543969671881849,,-0.239211317357381,0.00855453361328146,0.149289906198638,,0.126682566863147,0.136254975418251,-0.144228123081205,1.33873400398815,0.345430780994053,0.258036966765657,0.153809560890207,,0.130517799078386,0.140380006068879,0.355888472941792,45.3419,2.0392,Federal Republic of Somalia,Cartographic/SIDS-excluded 159: IHD association with DD,159,1962.10778797285,0.122047439339197,IHD_z,-0.0161444561368553,-0.132280170925883,-0.0161444561368553,0.122047439339197,0.125742346087076
5.16897283271402,-1.01029685755091,,-0.485235136172231,0.231645012724289,0.922353120707553,,0.74083616875962,0.404553596251961,0.185510534670782,0.0699634399195285,0.435601427547242,0.50383177566543,0.950276760794398,,0.763264501331305,0.416801192930458,0.448788977099646,-46.6339,-23.5504,Federative Republic of Brazil,Cartographic/SIDS-excluded 159: IHD association with DD,159,1962.10778797285,1.20153029270051,IHD_z,-1.26147948687166,-1.04989403474498,-1.26147948687166,1.20153029270051,1.23790583986739
41.2084592620491,0.292952940233168,,-0.420699438234922,-0.455869469060367,0.125723415222676,,0.190046974850857,0.161211575128939,0.348006388756198,0.0679630541276609,0.13015864451867,0.196663267473558,0.129529609746606,,0.195800523254594,0.166092150583902,0.134099112721286,2.3522,48.8567,French Republic,Cartographic/SIDS-excluded 159: IHD association with DD,159,1962.10778797285,0.0874214278846634,IHD_z,0.186034052550026,2.1280143444404,0.186034052550026,0.0874214278846634,0.0900680546844479
23.5856547798693,1.00325999961023,,-0.221783570860521,-0.439198426042361,0.1558781896164,,0.140403187859989,0.129145905631733,1.14821804398798,0.86486166816399,0.153370581638524,0.31680088983359,0.160597300298107,,0.144653802940947,0.133055713824049,0.158013776121673,9.4544,0.3901,Gabonese Republic,Cartographic/SIDS-excluded 159: IHD association with DD,159,1962.10778797285,0.101260068642618,IHD_z,0.142977331911014,1.41198138444515,0.142977331911014,0.101260068642618,0.104325651279533
39.828905947192,0.110351054051371,,-0.210380387395359,-0.108651976266505,0.10852886290449,,0.110774567347981,0.131508717050936,-0.249366065984305,0.154546821752891,0.111657613687759,0.192567435879583,0.111814503554195,,0.114128195237296,0.135490057820289,0.115037975229965,44.7925,41.7225,Georgia,Cartographic/SIDS-excluded 159: IHD association with DD,159,1962.10778797285,0.0885685129375838,IHD_z,0.1587462953079,1.79235588408007,0.1587462953079,0.0885685129375838,0.0912498669903559
43.408369543631,0.242240410649488,,-0.364193627347966,-0.424259306166386,0.123892381276798,,0.179414640275767,0.154511024888557,-0.346047372057915,-0.0635119846414033,0.148784475576806,0.188454785447115,0.127643142440399,,0.184846301674092,0.159188745548436,0.153288828685439,6.1319,49.6117,Grand Duchy of Luxembourg,Cartographic/SIDS-excluded 159: IHD association with DD,159,1962.10778797285,0.0861686020888234,IHD_z,0.196202245382721,2.27695750687094,0.196202245382721,0.0861686020888234,0.0887773004034874
7.51513614135056,0.925091184234421,,-1.87874846006462,-1.73807952763037,0.253033956770814,,0.481872058192041,0.43789756282337,2.06089247712896,1.00416016803868,0.253738616168622,0.308859691465403,0.26069439503463,,0.496460420955469,0.451154626376,0.261420387536828,-51.7361,64.1767,Greenland,Cartographic/SIDS-excluded 159: IHD association with DD,159,1962.10778797285,0.150671723400034,IHD_z,-0.162806111048925,-1.08053526816491,-0.162806111048925,0.150671723400034,0.155233211707527
41.7045812628192,0.255179242674089,,-0.329441157633818,-0.138790854700979,0.0946199574768692,,0.0965721276021931,0.12172946217132,-0.213936028737771,0.424542427832225,0.155672849056427,0.248307650078005,0.0974845150723266,,0.0994957858769284,0.125414742367509,0.160385743186401,35.9328,31.9497,Hashemite Kingdom of Jordan,Cartographic/SIDS-excluded 159: IHD association with DD,159,1962.10778797285,0.0831743439979328,IHD_z,0.16935612140615,2.03615818611517,0.16935612140615,0.0831743439979328,0.0856923930987761
48.2024092503598,0.248292281760806,,-0.325369656239054,-0.244870345964006,0.093867808462616,,0.103225082044603,0.114882822541654,1.89830091091261,-0.115303410657747,0.133973444197754,0.219878399985494,0.0967095952364715,,0.106350154182633,0.118360825181633,0.13802940297643,23.7281,37.9842,Hellenic Republic,Cartographic/SIDS-excluded 159: IHD association with DD,159,1962.10778797285,0.0776666445582963,IHD_z,0.207855878724932,2.6762567110636,0.207855878724932,0.0776666445582963,0.0800179516452557
48.81554355891,0.150007399623587,,-0.243037905583371,-0.304732525420222,0.110995333683632,,0.134107988543289,0.132376277988534,-0.952415240259655,0.119980219852625,0.101827789939035,0.179013102431894,0.114355645129993,,0.13816802056441,0.136383883600311,0.104910559968495,19.0408,47.4983,Hungary,Cartographic/SIDS-excluded 159: IHD association with DD,159,1962.10778797285,0.0828864387285815,IHD_z,0.216652478690516,2.61384711436285,0.216652478690516,0.0828864387285815,0.0853957716848811
33.0075076120608,0.345045026447943,,-0.544332436219266,-0.593374200907575,0.148395119563156,,0.241828349133605,0.19389000630224,0.826519521379468,0.0762421148419374,0.14015078876788,0.204571187773158,0.152887685172028,,0.249149544923372,0.19975989998056,0.144393762630688,-6.2603,53.3497,Ireland,Cartographic/SIDS-excluded 159: IHD association with DD,159,1962.10778797285,0.0968160260683632,IHD_z,0.152235457546346,1.57242001896308,0.152235457546346,0.0968160260683632,0.0997470682103335
22.4466937030811,-0.0951911480078096,,-0.270640022260378,0.0733076185206356,0.12917481604376,,0.138060214347054,0.146475207253901,0.671802070359851,0.782366256344222,0.31739357246548,0.323526022822118,0.133085499479973,,0.142239897430668,0.150909648767869,0.327002456183036,69.1783,34.5253,Islamic Republic of Afghanistan,Cartographic/SIDS-excluded 159: IHD association with DD,159,1962.10778797285,0.106187093237758,IHD_z,0.1281446448245,1.20678173700054,0.1281446448245,0.106187093237758,0.109401838335779
34.2111028276977,0.136338177435502,,-0.256623652807537,-0.03876943615286,0.10770082259124,,0.109870749853272,0.135320133374312,0.876977301003151,0.286984780230476,0.140417535001758,0.227540465368183,0.110961394859688,,0.113197015256507,0.139416862290836,0.14466858443309,51.3897,35.6889,Islamic Republic of Iran,Cartographic/SIDS-excluded 159: IHD association with DD,159,1962.10778797285,0.0913700455807121,IHD_z,0.121880606099653,1.33392300862967,0.121880606099653,0.0913700455807121,0.0941362142098779
17.8847948669451,0.602144341100371,,-0.262638480362808,-0.333548167996354,0.132545156461258,,0.205759809889732,0.185481934060157,-0.145401731666983,-0.228165972717584,0.389208285587202,0.273604257394226,0.136557874758822,,0.211989054141967,0.191097278826742,0.400991312978293,-15.9785,18.0858,Islamic Republic of Mauritania,Cartographic/SIDS-excluded 159: IHD association with DD,159,1962.10778797285,0.131786140904562,IHD_z,0.239237520348678,1.81534658126101,0.239237520348678,0.131786140904562,0.135775880500423
20.7117589378657,-0.134976821539067,,-0.345497802164555,0.0877458678595083,0.128233864173774,,0.127454424918483,0.149705729235859,-0.252616568703487,0.432012084127709,0.167552300181898,0.397028455568747,0.132116060904877,,0.131313024633709,0.154237972699093,0.172624836958717,67.01,24.86,Islamic Republic of Pakistan,Cartographic/SIDS-excluded 159: IHD association with DD,159,1962.10778797285,0.104920106627108,IHD_z,0.16586439850413,1.58086380043075,0.16586439850413,0.104920106627108,0.108096494530562
4.89119982449684,-0.809337378839086,,0.0165152809550967,-0.553062262986207,0.316125854233197,,0.326217353736455,0.546781005827575,0.0540535282585135,-1.24678185073724,0.55164881275546,0.46268542206043,0.325696358606817,,0.336093371685884,0.563334444711524,0.568349621324203,139.7495,35.687,Japan,Cartographic/SIDS-excluded 159: IHD association with DD,159,1962.10778797285,0.358256679817514,IHD_z,0.633462884313749,1.76818164182289,0.633462884313749,0.358256679817514,0.369102667499822
41.7689730507981,0.245815084593526,,-0.380469690197825,-0.451060928157396,0.129271015602554,,0.191201374544801,0.161620785476396,0.0902705033019389,-0.0268734828959133,0.13321900078792,0.188207055621275,0.133184611417763,,0.196989871647519,0.166513749508148,0.137252119283662,4.3525,50.8467,Kingdom of Belgium,Cartographic/SIDS-excluded 159: IHD association with DD,159,1962.10778797285,0.0881361939028164,IHD_z,0.191245104669806,2.16988159121873,0.191245104669806,0.0881361939028164,0.09080445977834
15.028740978955,-0.816513706905368,,-0.511821954138362,0.289579588113012,0.156210085434213,,0.168091494754799,0.203389079826261,-0.0540306073028281,-0.0137037913133155,0.250040654133636,0.625709237624123,0.160939244045672,,0.173180355296185,0.20954655176966,0.257610472109371,89.6361,27.4722,Kingdom of Bhutan,Cartographic/SIDS-excluded 159: IHD association with DD,159,1962.10778797285,0.125966958025789,IHD_z,0.379892527545308,3.01581091977733,0.379892527545308,0.125966958025789,0.129780525649487
12.3849076536324,-0.832256964285688,,-0.320896982497013,0.143777920486894,0.194889196180407,,0.234966250781877,0.32809416703828,-0.0810496335841014,-0.961887448070008,0.312280834033713,0.645510562914916,0.200789339681609,,0.24207970101269,0.338027004288229,0.321734932924698,104.921,11.5696,Kingdom of Cambodia,Cartographic/SIDS-excluded 159: IHD association with DD,159,1962.10778797285,0.218371529751726,IHD_z,0.65160768258687,2.98394064156488,0.65160768258687,0.218371529751726,0.224982585609946
41.6223060178842,0.075043953649241,,-0.215327421405573,-0.418542979231791,0.144158918940946,,0.187980590660248,0.163682973032824,-0.0329779393183527,-0.0898032424501956,0.153684418181804,0.165838098883811,0.148523236334622,,0.193671580628258,0.168638368449936,0.158337113861928,12.5615,55.6805,Kingdom of Denmark,Cartographic/SIDS-excluded 159: IHD association with DD,159,1962.10778797285,0.0958514170892869,IHD_z,0.21859952229982,2.28060814266514,0.21859952229982,0.0958514170892869,0.0987532563225755
13.5073959861055,0.917002321404935,,0.0443889990960215,0.187166086458146,0.283352301790087,,0.233969793917394,0.243189648908814,0.500933474802652,0.919201214651672,0.249846065445152,0.0454181663227543,0.291930608205851,,0.241053077065534,0.250552057162788,0.257409992375061,31.388,-26.495,Kingdom of Eswatini,Cartographic/SIDS-excluded 159: IHD association with DD,159,1962.10778797285,0.261522916017987,IHD_z,-0.3993832059149,-1.52714420593043,-0.3993832059149,0.261522916017987,0.269440351994944
12.2654222684828,0.915442148107742,,0.040113170345454,0.148358382933141,0.296358401855438,,0.249710851256177,0.237061873513941,1.68946369570934,1.01792074644851,0.188624357209451,0.0446108280349835,0.305330459481021,,0.257270684664567,0.244238767358284,0.194334836790513,27.48,-29.31,Kingdom of Lesotho,Cartographic/SIDS-excluded 159: IHD association with DD,159,1962.10778797285,0.319178969777797,IHD_z,-0.465065027891974,-1.4570666363631,-0.465065027891974,0.319178969777797,0.328841905236321
29.2626218445296,0.472788002006944,,-0.469573040289621,-0.436215766674151,0.120444722685044,,0.174205514166845,0.164189452102124,0.312100740411531,1.24626240058764,0.347620490668766,0.259710560917659,0.124091108229918,,0.17947947266444,0.169160180843237,0.358144474650954,-7.5833,33.5333,Kingdom of Morocco,Cartographic/SIDS-excluded 159: IHD association with DD,159,1962.10778797285,0.103387336037778,IHD_z,0.198589598548628,1.92083098529653,0.198589598548628,0.103387336037778,0.106517320309791
36.2386488718324,0.0243297326747649,,-0.205268803105826,-0.48872846203421,0.167005806440758,,0.216460145934344,0.183759230860317,-0.0180307571848551,0.0391729477495874,0.16309660407149,0.165514853333655,0.172061798475444,,0.223013335892199,0.189322421909362,0.168034247550146,10.7389,59.9133,Kingdom of Norway,Cartographic/SIDS-excluded 159: IHD association with DD,159,1962.10778797285,0.106510854550594,IHD_z,0.219183326855237,2.05784966968903,0.219183326855237,0.106510854550594,0.109735401311527
31.7196617426455,0.256253843608195,,-0.330836697778107,-0.0420615819804055,0.103935482363595,,0.0998572521163814,0.135121770931884,0.181163983331661,0.0993997615868664,0.263650150532488,0.286490136995008,0.107082061408665,,0.102880365396488,0.139212494554638,0.271631987149102,46.71,24.65,Kingdom of Saudi Arabia,Cartographic/SIDS-excluded 159: IHD association with DD,159,1962.10778797285,0.0922930867713618,IHD_z,0.115132487388983,1.24746599573813,0.115132487388983,0.0922930867713618,0.0950871998714839
35.6391333445185,0.418046394218053,,-0.494226468481605,-0.458914310866564,0.11985823083499,,0.180351631279383,0.162066600706331,0.772170065727651,0.284280311337353,0.157050306770395,0.233186887891118,0.12348686072103,,0.185811659470167,0.166973061503851,0.161804902535649,-3.7033,40.4169,Kingdom of Spain,Cartographic/SIDS-excluded 159: IHD association with DD,159,1962.10778797285,0.093477462135214,IHD_z,0.185732562539651,1.98692346044859,0.185732562539651,0.093477462135214,0.0963074314282035
38.0695288254629,-0.044013631998652,,-0.1059135452139,-0.414721335824342,0.161677941670794,,0.193811419220194,0.17223265455618,0.51173869500783,0.108370804337766,0.147106459250229,0.154516897565789,0.166572636069111,,0.199678933725781,0.177446886013801,0.151560011507311,18.0547,59.3275,Kingdom of Sweden,Cartographic/SIDS-excluded 159: IHD association with DD,159,1962.10778797285,0.106235570775045,IHD_z,0.236134389942855,2.22274317556849,0.236134389942855,0.106235570775045,0.109451783498939
12.9647390785635,-0.868556220553865,,-0.383258037449444,0.227105078231537,0.181303617866889,,0.219763370432195,0.301285979504058,0.137880210018573,-1.40910825950402,0.291071947387205,0.66937190279614,0.186792466831669,,0.22641656336064,0.310407216334081,0.299883961046337,100.4942,13.7525,Kingdom of Thailand,Cartographic/SIDS-excluded 159: IHD association with DD,159,1962.10778797285,0.184996696134814,IHD_z,0.578821991819652,3.12882340016409,0.578821991819652,0.184996696134814,0.190597350639199
41.8351284833497,0.227525856032764,,-0.364461239721132,-0.44960526538723,0.130934759152176,,0.191723490905835,0.162049771479434,0.210196386926954,-0.0872374129820322,0.146227014540702,0.18532226005984,0.134898723719909,,0.197527794741378,0.166955722783069,0.150653942181903,5.0911,51.5572,Kingdom of the Netherlands,Cartographic/SIDS-excluded 159: IHD association with DD,159,1962.10778797285,0.088720240721882,IHD_z,0.193548913268819,2.18156433857693,0.193548913268819,0.088720240721882,0.0914061882345175
19.3883907129359,-0.112482518468918,,-0.22689639038871,0.0538865062338751,0.137963811039873,,0.146634206589955,0.146753342540533,-0.172344914941445,0.0396748305890766,0.148057564392031,0.305616319889756,0.142140575576141,,0.151073461705281,0.151196204419181,0.152539910737915,74.5667,42.8667,Kyrgyz Republic,Cartographic/SIDS-excluded 159: IHD association with DD,159,1962.10778797285,0.111710552254384,IHD_z,0.114729990892471,1.02702912640885,0.114729990892471,0.111710552254384,0.11509251647722
13.3871449787571,-0.88617071879437,,-0.396569384608961,0.235819816322669,0.174899404711689,,0.216445909179539,0.294893603663311,-0.477495444485935,-0.900256036580124,0.288668170271572,0.671342694684307,0.180194370293663,,0.222998668128913,0.303821315477514,0.297407411143884,102.63,17.98,Lao People's Democratic Republic,Cartographic/SIDS-excluded 159: IHD association with DD,159,1962.10778797285,0.174621977984262,IHD_z,0.55284815270416,3.1659711972452,0.55284815270416,0.174621977984262,0.179908544652725
43.0637872073025,0.237473019475842,,-0.316552884136046,-0.145925907947735,0.0950277429714146,,0.0974743301137518,0.122016179061718,1.22189862983564,0.48576161569414,0.192981076223944,0.237261313676086,0.0979046460071668,,0.100425301982004,0.125710139425052,0.198823452636045,35.5058,33.8981,Lebanese Republic,Cartographic/SIDS-excluded 159: IHD association with DD,159,1962.10778797285,0.0828113162093256,IHD_z,0.173895258037127,2.09989728453977,0.173895258037127,0.0828113162093256,0.085318374880275
10.2702520572813,-0.779982912304168,,-0.266665570492737,0.119694450491154,0.218362545100671,,0.2469069020612,0.352053834364824,0.489497233523249,-1.26443331941886,0.333270017114379,0.629372578778546,0.224973328954431,,0.254381847733663,0.362712034940387,0.343359549854833,101.698,3.1686,Malaysia,Cartographic/SIDS-excluded 159: IHD association with DD,159,1962.10778797285,0.256240187226267,IHD_z,0.72226860512487,2.81871712998355,0.72226860512487,0.256240187226267,0.263997692029203
8.27561155917949,-0.649384470948429,,-0.350353536275088,-0.0594635787514321,0.177811104370471,,0.195038543670828,0.229021145358669,0.229391872337581,-0.180287744235714,0.19893646219261,0.639675411692224,0.183194219763496,,0.200943208570047,0.235954611394288,0.204959134036725,106.9055,47.9214,Mongolia,Cartographic/SIDS-excluded 159: IHD association with DD,159,1962.10778797285,0.140684498844064,IHD_z,0.385516072212338,2.74028820076083,0.385516072212338,0.140684498844064,0.144943630431873
49.4283289134391,0.220618586087497,,-0.30319318952259,-0.285169785290938,0.0998238081936641,,0.117690149869646,0.121444595558867,-0.737947200180646,0.0358529807253727,0.0990017538196225,0.199852626859114,0.10284590898079,,0.12125314251633,0.125121251603872,0.101998967445901,19.2628,42.4414,Montenegro,Cartographic/SIDS-excluded 159: IHD association with DD,159,1962.10778797285,0.0786585300472511,IHD_z,0.212544530218439,2.70211673280394,0.212544530218439,0.0786585300472511,0.0810398658214661
1.41970338255955,-3.32071322650806,,1.01871462206172,1.04474327874279,2.35728084976472,,0.762465208982532,1.80988924421854,-0.00463476349979992,-0.398222869712045,0.75326420150452,0.958671952150026,2.42864599241415,,0.785548346661989,1.86468246247517,0.776068784674339,174.7653,-36.8492,New Zealand,Cartographic/SIDS-excluded 159: IHD association with DD,159,1962.10778797285,4.75147191440544,IHD_z,-4.66111094326309,-0.980982530725186,-4.66111094326309,4.75147191440544,4.89531963242349
49.5158151324509,0.212295344875423,,-0.294403552822588,-0.268164106768783,0.0988546421992222,,0.113376757696549,0.120420900148891,-0.913912719218531,-0.0178066360619014,0.10249059202366,0.200362676715939,0.101847402116994,,0.116809165204102,0.124066564481996,0.105593427954611,21.4317,41.9961,North Macedonia,Cartographic/SIDS-excluded 159: IHD association with DD,159,1962.10778797285,0.0787537793888496,IHD_z,0.211668886258577,2.68772988294891,0.211668886258577,0.0787537793888496,0.0811379987748545
41.9774879141912,0.26641221881435,,-0.337269140655503,-0.150304092776861,0.0936412170886096,,0.0959676098554275,0.119629324339226,2.08219879922829,0.658885738180853,0.179298308955033,0.251732798891987,0.0964761439561748,,0.0988729667490455,0.123251024230173,0.184726448498378,34.456,31.5069,Palestine,Cartographic/SIDS-excluded 159: IHD association with DD,159,1962.10778797285,0.0822609933085492,IHD_z,0.174086785796356,2.11627381088606,0.174086785796356,0.0822609933085492,0.0847513913120516
39.7538785730066,0.392011044503607,,-0.451233234461196,-0.404038991928492,0.105320782902433,,0.143808953947002,0.135659655018485,-0.407085487903749,0.712541348632891,0.193488273676186,0.241772593052807,0.1085093010192,,0.148162676378387,0.139766662731687,0.199346005160863,3.0872,36.7325,People's Democratic Republic of Algeria,Cartographic/SIDS-excluded 159: IHD association with DD,159,1962.10778797285,0.0859822688085152,IHD_z,0.20835731615127,2.42325910956464,0.20835731615127,0.0859822688085152,0.0885853260044594
14.6779282528599,-0.867274992817076,,-0.523008507563278,0.314142433822671,0.159823479907181,,0.172180073612313,0.214706765798534,0.938706000547634,0.0427900774201483,0.253953909138462,0.649635288852529,0.164662031683243,,0.1773927132161,0.22120687331459,0.26164219836113,90.3944,23.7289,People's Republic of Bangladesh,Cartographic/SIDS-excluded 159: IHD association with DD,159,1962.10778797285,0.131045532973345,IHD_z,0.406767622333825,3.10401745946244,0.406767622333825,0.131045532973345,0.135012851146378
11.7935199691369,-0.861225937282903,,-0.311390481659699,0.0714749386864581,0.179971506602934,,0.228270591367412,0.317680229256411,-0.562196940597355,-1.03027529032587,0.297297787558159,0.645507922813199,0.185420026766678,,0.235181334869711,0.32729779132164,0.306298284474157,113.26,23.13,People's Republic of China,Cartographic/SIDS-excluded 159: IHD association with DD,159,1962.10778797285,0.19402127476892,IHD_z,0.56862531691254,2.93073693897628,0.56862531691254,0.19402127476892,0.199895142514585
6.91618439177451,-1.12219360899506,,-0.457870249977674,-0.0233272542426696,0.747635992743815,,0.681223135836779,0.558682558541686,0.44309306015213,-0.240244600873589,0.318087054130222,0.427782918686324,0.770270185558531,,0.701846722657134,0.575596309183684,0.327716932553578,-63.1975,-17.7892,Plurinational State of Bolivia,Cartographic/SIDS-excluded 159: IHD association with DD,159,1962.10778797285,0.941137002092433,IHD_z,-1.1541232494258,-1.22630737805425,-1.1541232494258,0.941137002092433,0.969629311956015
29.9570779359708,0.464227432953312,,-0.514793161117354,-0.476637545442628,0.127094962335381,,0.193844183302466,0.17588596505862,0.927641667889432,0.39601291015998,0.204051826384022,0.244499796812508,0.130942679554987,,0.199712689719308,0.181210798112642,0.210229362547872,-9.134,38.7122,Portuguese Republic,Cartographic/SIDS-excluded 159: IHD association with DD,159,1962.10778797285,0.102502899840586,IHD_z,0.177715135516824,1.73375715021926,0.177715135516824,0.102502899840586,0.105606108382679
40.7186260846235,0.361665444864744,,-0.452572396832457,-0.429750627093364,0.11452877064273,,0.168417494508099,0.150216129718894,0.187945333137629,-0.0122743700294858,0.139268101848785,0.218894077042957,0.117996054592031,,0.173516224479723,0.154763825224376,0.14348435293993,1.5,42.5,Principality of Andorra,Cartographic/SIDS-excluded 159: IHD association with DD,159,1962.10778797285,0.086700584861678,IHD_z,0.192725461932293,2.22288537314676,0.192725461932293,0.086700584861678,0.0893253886083595
45.1411014056845,0.298497476413947,,-0.390310406767644,-0.383646609991324,0.109155677581783,,0.151784297277475,0.137886554865309,0.880842149442555,-0.161374194779457,0.15311570505704,0.206370912187723,0.112460294637658,,0.156379468034592,0.142060980521202,0.157751183317661,7.4167,43.7333,Principality of Monaco,Cartographic/SIDS-excluded 159: IHD association with DD,159,1962.10778797285,0.0820204736848672,IHD_z,0.202311513476521,2.46659772112299,0.202311513476521,0.0820204736848672,0.0845035901133906
49.2885474236344,0.231105663737576,,-0.311869403378929,-0.278855799603345,0.0980047234043465,,0.114019785984548,0.11930837380344,-1.41660744159038,0.191408187891707,0.107122506027696,0.204782723461111,0.100971752584076,,0.117471660754776,0.122920357125922,0.110365570138786,19.8186,41.3272,Republic of Albania,Cartographic/SIDS-excluded 159: IHD association with DD,159,1962.10778797285,0.0781375071199193,IHD_z,0.21213210476936,2.7148563166188,0.21213210476936,0.0781375071199193,0.080503069264303
20.390435063519,1.11502028501637,,-0.0663675216883249,-0.354675004455071,0.197640617090602,,0.163478654882161,0.131813834829341,0.961099146027552,1.15060399370459,0.157997251204043,0.222328718857739,0.203624058068117,,0.168427864700315,0.135804412840741,0.16278051509537,13.2344,-8.8383,Republic of Angola,Cartographic/SIDS-excluded 159: IHD association with DD,159,1962.10778797285,0.13036331390329,IHD_z,0.0358769977367487,0.275207776348521,0.0358769977367487,0.13036331390329,0.134309978338242
39.9553298722232,0.129015749542559,,-0.228697880567676,-0.103113559798233,0.106189990290007,,0.108205721757174,0.131036184970891,-0.632142559359563,0.138141486718084,0.0962016992567152,0.200408741881172,0.109404823094399,,0.111481579519076,0.135003220139236,0.0991141430545165,44.5144,40.1814,Republic of Armenia,Cartographic/SIDS-excluded 159: IHD association with DD,159,1962.10778797285,0.0880726814184827,IHD_z,0.15578319014618,1.76880262570826,0.15578319014618,0.0880726814184827,0.0907390244949028
48.1454018562707,0.16106447931204,,-0.258243123814157,-0.327986046371525,0.113605866538415,,0.142652490667406,0.135876283856089,-0.592217900376542,-0.0654472895438071,0.127848091985446,0.179211476577634,0.117045210166958,,0.146971201926097,0.139989849866279,0.131718609714765,16.3725,48.2083,Republic of Austria,Cartographic/SIDS-excluded 159: IHD association with DD,159,1962.10778797285,0.0833237491032715,IHD_z,0.21508759127764,2.58134797812638,0.21508759127764,0.0833237491032715,0.0858463213463854
36.0863560522361,0.106062482467104,,-0.216676793509158,-0.0683046686794308,0.111040101425103,,0.113928596848943,0.133642536953884,-1.11594907269206,0.286120621235913,0.153831628949823,0.200699286562191,0.114401768185685,,0.117377710927474,0.137688477731241,0.158488781340084,49.8352,40.3667,Republic of Azerbaijan,Cartographic/SIDS-excluded 159: IHD association with DD,159,1962.10778797285,0.090593252605818,IHD_z,0.136270492975599,1.50420135115943,0.136270492975599,0.090593252605818,0.0933359043335217
43.4641317005528,-0.0199180670442018,,-0.0861597973428632,-0.293293185803871,0.134344023511157,,0.147756627781434,0.146687289069269,0.54905074994809,0.274494661640281,0.134820145624709,0.152321665408277,0.138411201337223,,0.152229863467404,0.151128151222089,0.138901737737709,27.5586,53.9006,Republic of Belarus,Cartographic/SIDS-excluded 159: IHD association with DD,159,1962.10778797285,0.0958925953988202,IHD_z,0.232996854749525,2.42976899082233,0.232996854749525,0.0958925953988202,0.0987956812786143
24.0681076211651,0.86274322233277,,-0.314924697148747,-0.46059824404186,0.131828160600112,,0.139813772670004,0.134120902632323,-0.109921639451649,0.489460884059825,0.16128099016223,0.355706087309482,0.135819172314892,,0.144046543589916,0.13818132561908,0.166163667112123,2.4333,6.3667,Republic of Benin,Cartographic/SIDS-excluded 159: IHD association with DD,159,1962.10778797285,0.0953776167804181,IHD_z,0.211034375071523,2.21261950335134,0.211034375071523,0.0953776167804181,0.0982651120178976
14.6673506528209,0.939002923849031,,0.0291680817249797,0.0525141932916863,0.272527865478305,,0.223528163409476,0.195135045266315,-0.245227413562706,0.959272222399075,0.282491515841027,0.0584945224678092,0.280778469133676,,0.23029533299365,0.201042631688494,0.291043762522733,25.9086,-24.6569,Republic of Botswana,Cartographic/SIDS-excluded 159: IHD association with DD,159,1962.10778797285,0.243152921572492,IHD_z,-0.316005534164524,-1.29961643940318,-0.316005534164524,0.243152921572492,0.250514217930276
49.5549779795346,0.191211304255502,,-0.274770199037899,-0.256344190475111,0.100017473787396,,0.112780285347527,0.121835830651367,-0.808098974999714,0.118506403782823,0.0952627727766869,0.195728937288211,0.103045437674255,,0.11619463504314,0.125524331084022,0.0981467911867407,23.3217,42.6979,Republic of Bulgaria,Cartographic/SIDS-excluded 159: IHD association with DD,159,1962.10778797285,0.0796536990965363,IHD_z,0.211067397844861,2.64981288049232,0.211067397844861,0.0796536990965363,0.0820651629656577
23.3613125347168,0.866805962100518,,-0.119909813703277,-0.147905767250937,0.157252053213674,,0.12809318187739,0.117416629919912,-0.271385954693746,1.06736473778019,0.194650372300617,0.168111355402053,0.16201275672112,,0.131971119543584,0.120971341928235,0.200543285564382,29.3667,-3.3833,Republic of Burundi,Cartographic/SIDS-excluded 159: IHD association with DD,159,1962.10778797285,0.11978292135677,IHD_z,-0.0261491368480662,-0.218304383896113,-0.0261491368480662,0.11978292135677,0.123409271297399
25.1031144227733,0.896614731328985,,-0.294165728146221,-0.440673976694312,0.133350710868046,,0.128148620076256,0.126294926319869,-0.146747206901727,0.651265873671681,0.126392792988319,0.332961381512077,0.137387816800693,,0.132028236097819,0.130118422970095,0.1302192524882,9.7,4.05,Republic of Cameroon,Cartographic/SIDS-excluded 159: IHD association with DD,159,1962.10778797285,0.0940954209305663,IHD_z,0.174154584065457,1.85082953392564,0.174154584065457,0.0940954209305663,0.0969440985236661
29.1721128735579,0.639275040093114,,-0.407771882803974,-0.387038908868259,0.0951622955497617,,0.101732670466131,0.111225677514679,0.120239977726501,0.866222169996054,0.191225780868654,0.339280657047515,0.0980432720772017,,0.104812560815492,0.114592962470525,0.197015016856934,15.0447,12.1053,Republic of Chad,Cartographic/SIDS-excluded 159: IHD association with DD,159,1962.10778797285,0.0835028190126818,IHD_z,0.209045909598033,2.5034593091556,0.209045909598033,0.0835028190126818,0.0860308124806915
5.37832877975489,-1.57017532103106,,-0.388444232228285,0.00681450180146218,1.13139920728632,,0.934176603680365,0.74303126757101,0.2135225687808,0.291477880875811,0.680405761834698,0.566274716757939,1.16565158151211,,0.96245819201468,0.765526055329747,0.701004603189421,-70.6506,-33.4372,Republic of Chile,Cartographic/SIDS-excluded 159: IHD association with DD,159,1962.10778797285,1.37801181635212,IHD_z,-1.71323988212686,-1.24326936953426,-1.71323988212686,1.37801181635212,1.41973022672159
9.29826850477177,-0.418423778768994,,-0.1803519547128,-0.162556413145921,0.617658821330867,,0.481268218447094,0.637829891302523,-1.03380423131995,-0.374083386976876,0.23022077384456,0.272766383912513,0.636358039923067,,0.495838300355468,0.657139775902578,0.237190557851382,-74.0722,4.7111,Republic of Colombia,Cartographic/SIDS-excluded 159: IHD association with DD,159,1962.10778797285,0.814217190665581,IHD_z,0.0823751763261531,0.101171010966761,0.0823751763261531,0.814217190665581,0.838867085889253
9.93401536677547,-0.329958822173296,,-0.130154702559512,-0.188016973065433,0.909571711814323,,0.582627077755092,0.960646882269853,0.0954094700023923,-0.298957229026423,0.346936177507831,0.312647620583309,0.937108403070265,,0.600265733123443,0.989729841050841,0.357439444354701,-84.08,9.9325,Republic of Costa Rica,Cartographic/SIDS-excluded 159: IHD association with DD,159,1962.10778797285,1.08434034758053,IHD_z,0.121674021514339,0.112210176247548,0.121674021514339,1.08434034758053,1.11716804547378
21.1378015298935,0.902879988889703,,-0.2479430913083,-0.443926605267795,0.148011873846285,,0.164457338587917,0.145881707240508,-0.725679974964389,0.454812322585549,0.149800400957088,0.349970953312218,0.15249283694065,,0.169436177417937,0.150298180928062,0.154335510545032,-4.0267,5.3364,Republic of Cote d'Ivoire,Cartographic/SIDS-excluded 159: IHD association with DD,159,1962.10778797285,0.107517374263839,IHD_z,0.218511454650274,2.03233622608813,0.218511454650274,0.107517374263839,0.110772392753637
48.7692396857078,0.199636722055798,,-0.290352020068043,-0.319947865396201,0.107408723343939,,0.134624385287395,0.130278978066897,-0.665743262509793,-0.040853773924622,0.112017950558697,0.188335892761561,0.110660452497892,,0.138700050883663,0.134223089289322,0.115409221065017,15.9772,45.8131,Republic of Croatia,Cartographic/SIDS-excluded 159: IHD association with DD,159,1962.10778797285,0.0808504177917565,IHD_z,0.212717730837211,2.63100348331038,0.212717730837211,0.0808504177917565,0.0832981115400644
44.6280664398989,0.233639738250611,,-0.313090479948045,-0.165293798694643,0.0945382016261908,,0.0978962791115602,0.120315077577457,-0.349804677096034,-0.219681891158725,0.149500153610259,0.230950976330644,0.0974002841165089,,0.100860025210945,0.123957538201124,0.154026173405301,33.365,35.1725,Republic of Cyprus,Cartographic/SIDS-excluded 159: IHD association with DD,159,1962.10778797285,0.0815770113829007,IHD_z,0.182786457786565,2.2406613663329,0.182786457786565,0.0815770113829007,0.0840467022790178
25.0207549598919,0.429535554921079,,-0.314581028908331,-0.0457637311312155,0.11387673891369,,0.104111094848027,0.128614658321944,-0.214059375536295,0.676607340834011,0.145433863529451,0.306481529245503,0.117324283027001,,0.107262990446704,0.132508383347908,0.149836779040292,43.1481,11.5944,Republic of Djibouti,Cartographic/SIDS-excluded 159: IHD association with DD,159,1962.10778797285,0.100986024738478,IHD_z,0.0678115102544041,0.6714940055321,0.0678115102544041,0.100986024738478,0.104043310874654
8.87762999226739,-0.568343898348475,,-0.308712146636061,-0.300869243333604,0.753212781972936,,0.53805820619407,0.789233431257697,0.280972906343074,-0.40295111663386,0.224411617889282,0.271253707319525,0.776015808449921,,0.55434756799946,0.813126959434888,0.23120553348252,-79.8875,-2.19,Republic of Ecuador,Cartographic/SIDS-excluded 159: IHD association with DD,159,1962.10778797285,0.881709003270552,IHD_z,-0.0583309360741895,-0.0661566751136947,-0.0583309360741895,0.881709003270552,0.908402169169716
9.34098465539199,-0.287882465758618,,-0.0692690029978644,-0.119665655760921,1.01994061666158,,0.63686951513848,1.12236487934019,0.129466803990642,-0.208708401553479,0.287720601428442,0.32925256650368,1.05081865463879,,0.656150324975572,1.15634374517063,0.296431155271091,-89.1914,13.6989,Republic of El Salvador,Cartographic/SIDS-excluded 159: IHD association with DD,159,1962.10778797285,1.16076663076114,IHD_z,-0.0140412665170102,-0.0120965456319183,-0.0140412665170102,1.16076663076114,1.19590808460837
24.7844453012593,0.912074917242675,,-0.288046991688965,-0.446631586230402,0.136672791248142,,0.131031124571694,0.12760786386378,1.3583991051804,0.573073998016275,0.154585278225096,0.335697732205825,0.140810471000935,,0.13499800653975,0.131471108843154,0.159265246856384,8.7744,3.7456,Republic of Equatorial Guinea,Cartographic/SIDS-excluded 159: IHD association with DD,159,1962.10778797285,0.0946402407825431,IHD_z,0.175174469342822,1.85095122216906,0.175174469342822,0.0946402407825431,0.0975054124418712
37.5630394014606,-0.0972812802624881,,-0.0376758373336045,-0.366341178391241,0.160146010321718,,0.179995235767413,0.166935284543882,-0.106617463467544,0.425075285432751,0.203286732299336,0.146345975789229,0.164994326496046,,0.18544447431616,0.171989141574065,0.209441105738007,24.7453,59.4372,Republic of Estonia,Cartographic/SIDS-excluded 159: IHD association with DD,159,1962.10778797285,0.107971291401306,IHD_z,0.244008972838388,2.25994307997539,0.244008972838388,0.107971291401306,0.111240051936847
36.549635961861,-0.109485180872253,,-0.0297043686243385,-0.373727137744827,0.163621745508408,,0.183504238311006,0.169691311607932,0.600555333096784,0.113977435329918,0.143985406738587,0.145730516522668,0.16857528730209,,0.189059709626674,0.174828605562735,0.14834447116333,24.9375,60.1708,Republic of Finland,Cartographic/SIDS-excluded 159: IHD association with DD,159,1962.10778797285,0.109894090192237,IHD_z,0.244984390117202,2.22927720397568,0.244984390117202,0.109894090192237,0.113221062209034
22.6950974538534,0.860048080201689,,-0.290489587498549,-0.450264986357836,0.136424616995959,,0.152419693711798,0.140931235916046,0.278732264958825,0.0949699946763901,0.222917609888167,0.353251855948292,0.14055478343488,,0.15703410068219,0.145197837308033,0.229666295362079,-1.625,6.7,Republic of Ghana,Cartographic/SIDS-excluded 159: IHD association with DD,159,1962.10778797285,0.101637769383101,IHD_z,0.220053925310644,2.16508023194802,0.220053925310644,0.101637769383101,0.104714786663973
9.07933205719801,-0.272548440129718,,-0.0501447249868062,-0.0897698939462463,1.04548386138623,,0.651245811316577,1.1665935729737,0.445183031831433,-0.193044477225671,0.340514958137769,0.330644559593783,1.07713520446355,,0.67096185415852,1.20191143370187,0.350823826749752,-90.5133,14.6417,Republic of Guatemala,Cartographic/SIDS-excluded 159: IHD association with DD,159,1962.10778797285,1.1742679775965,IHD_z,-0.0561369586860224,-0.0478059180332278,-0.0561369586860224,1.1742679775965,1.209818175927
17.4145970102679,0.758789474995693,,-0.193042753615188,-0.351129877059518,0.143948255945857,,0.203428847625636,0.175267743883656,-0.218594851276142,0.583550898507428,0.229700682958748,0.296212729023731,0.148306195654542,,0.209587523513264,0.180573860694196,0.236654721552689,-13.7122,9.5092,Republic of Guinea,Cartographic/SIDS-excluded 159: IHD association with DD,159,1962.10778797285,0.130884955030963,IHD_z,0.250105608876829,1.91088126834487,0.250105608876829,0.130884955030963,0.13484741181136
9.59458139670804,-0.321559573914191,,-0.0688465434451384,-0.129327795982454,0.979259048222158,,0.618085901866312,1.08263513492347,0.0636405144742806,-0.217095206693327,0.403166720854632,0.334482636314261,1.00890547820698,,0.636798050043605,1.11541120861397,0.415372330783617,-87.21,14.098,Republic of Honduras,Cartographic/SIDS-excluded 159: IHD association with DD,159,1962.10778797285,1.11792720386873,IHD_z,-0.0580759714150064,-0.0519496897597869,-0.0580759714150064,1.11792720386873,1.15177172196411
17.9980592745035,0.458697503957076,,-0.969362451895403,-1.06724093310882,0.212061280539761,,0.348289816668208,0.280084749535793,-1.24935527376183,0.377846425906179,0.162336489515911,0.250181700756113,0.218481297712366,,0.358834064059159,0.28856413293491,0.167251121021388,-21.9425,64.1458,Republic of Iceland,Cartographic/SIDS-excluded 159: IHD association with DD,159,1962.10778797285,0.126153592393223,IHD_z,0.0626139052454916,0.496330735079844,0.0626139052454916,0.126153592393223,0.129972810250858
17.9872238593162,-0.446514689606358,,-0.399969139792979,0.159818243369952,0.145792198992992,,0.150785492347219,0.160325233288605,-0.0991019548817868,0.113950084401602,0.192471488992888,0.484956804593861,0.150205962876641,,0.155350424935501,0.165178975321544,0.198298437983415,77.23,28.61,Republic of India,Cartographic/SIDS-excluded 159: IHD association with DD,159,1962.10778797285,0.115197048765601,IHD_z,0.254562745147625,2.20980266313593,0.254562745147625,0.115197048765601,0.118684564399885
7.21067982224376,-0.715555894170526,,-0.149921738111562,0.0154536138859703,0.306921596369086,,0.280331704650379,0.407025588752733,-0.364169675630948,-1.21326845854711,0.279617286832126,0.543381213655166,0.316213447829745,,0.288818564454772,0.419348023394412,0.288082518102305,106.8275,-6.175,Republic of Indonesia,Cartographic/SIDS-excluded 159: IHD association with DD,159,1962.10778797285,0.405565530759083,IHD_z,0.854309869360318,2.10646567463792,0.854309869360318,0.405565530759083,0.417843763095804
38.0652039917843,0.19921411737868,,-0.293565742720906,-0.0785429104496365,0.10076598385495,,0.101203066362733,0.130993843307824,-0.403777503175185,0.473036215368871,0.173915504900566,0.237790386946707,0.10381660839667,,0.104266923292745,0.134959596609894,0.17918068355648,44.3661,33.3153,Republic of Iraq,Cartographic/SIDS-excluded 159: IHD association with DD,159,1962.10778797285,0.0880869253263269,IHD_z,0.141123454948488,1.60209309640087,0.141123454948488,0.0880869253263269,0.0907536996277813
47.4917220718859,0.276411595089821,,-0.358899152988584,-0.337217607541702,0.101785894889993,,0.130496077168668,0.125351984667941,0.307630856813472,-0.0576170882719409,0.125435124056983,0.208470697705669,0.104867396574126,,0.134446760925024,0.129146934373705,0.129232590753609,12.4828,41.8931,Republic of Italy,Cartographic/SIDS-excluded 159: IHD association with DD,159,1962.10778797285,0.079074542046033,IHD_z,0.210352816516459,2.6601838097779,0.210352816516459,0.079074542046033,0.0814684723126013
18.1743478344789,-0.153526220100843,,-0.238284960868346,0.0565673414234715,0.139978984607269,,0.148332260373182,0.148746284856698,-0.0839096125212273,-0.176463820313634,0.136021125655717,0.330136733189475,0.144216757210994,,0.152822922961011,0.153249481766151,0.140139076657069,76.915,43.24,Republic of Kazakhstan,Cartographic/SIDS-excluded 159: IHD association with DD,159,1962.10778797285,0.113775384970261,IHD_z,0.128285449935844,1.12753254993931,0.128285449935844,0.113775384970261,0.117219860658937
22.0273799608541,0.731613344802367,,-0.161656493694767,-0.0525575304520588,0.153043593035778,,0.126153393864303,0.12172552198298,-0.0653228108513521,0.855581966334661,0.13564930735005,0.183299594055374,0.157676888151916,,0.129972605711603,0.125410682892534,0.139756001794328,36.8172,-1.2864,Republic of Kenya,Cartographic/SIDS-excluded 159: IHD association with DD,159,1962.10778797285,0.121079966035762,IHD_z,-0.0419554834616049,-0.346510532132236,-0.0419554834616049,0.121079966035762,0.124745583159404
7.23157825298486,-0.78179331701816,,-0.129821886206065,-0.317300190250258,0.235363308732338,,0.268255045815519,0.410904698237007,0.325894801309205,-1.74302276830396,0.421014010786613,0.618912392477364,0.242488779634035,,0.276376292638088,0.42334457039222,0.433759935796013,126.9833,37.5667,Republic of Korea,Cartographic/SIDS-excluded 159: IHD association with DD,159,1962.10778797285,0.24896226163735,IHD_z,0.568290021140515,2.28263519700955,0.568290021140515,0.24896226163735,0.256499431982516
40.8171658974865,-0.0525258561201745,,-0.0696830497429624,-0.343418187433969,0.14829968942174,,0.168096711913716,0.158065388975544,0.403245539570093,0.126177596417825,0.118247631856972,0.149654277534247,0.152789365945225,,0.173185730401191,0.162850715693531,0.121827501907786,24.1069,56.9475,Republic of Latvia,Cartographic/SIDS-excluded 159: IHD association with DD,159,1962.10778797285,0.101645930603261,IHD_z,0.239488612628232,2.35610625242825,0.239488612628232,0.101645930603261,0.104723194959759
18.0980150657007,0.855603926728837,,-0.18764401340017,-0.388467983792706,0.15322293459864,,0.193145480974474,0.164115946064373,-0.273265879910146,0.705134158053687,0.214176228581422,0.320082526225189,0.157861659163804,,0.198992834633336,0.169084449458061,0.220660274428719,-10.8014,6.3133,Republic of Liberia,Cartographic/SIDS-excluded 159: IHD association with DD,159,1962.10778797285,0.124534502827063,IHD_z,0.239346427893987,1.9219286419472,0.239346427893987,0.124534502827063,0.128304703802444
43.1782504172379,-0.0205850548028795,,-0.0901405169524308,-0.314187333021915,0.137760355762509,,0.154711877021199,0.149875644393107,0.818731795303808,0.174154124240841,0.1359562783433,0.152516768067563,0.141930960822746,,0.159395678348597,0.154413031927078,0.140072266134497,25.28,54.6872,Republic of Lithuania,Cartographic/SIDS-excluded 159: IHD association with DD,159,1962.10778797285,0.0968400967826773,IHD_z,0.234994776190298,2.42662682088865,0.234994776190298,0.0968400967826773,0.0997718676498484
11.4614876161801,0.771882001530615,,-0.0445633395676894,0.248184071854715,0.248437020057843,,0.192015661588595,0.292186097122877,0.0835830993967144,0.733878259071693,0.331875434983737,0.0946754743944129,0.25595828905623,,0.197828810701295,0.301031840939714,0.341922747658347,47.525,-18.91,Republic of Madagascar,Cartographic/SIDS-excluded 159: IHD association with DD,159,1962.10778797285,0.209330222829437,IHD_z,-0.272860714090971,-1.30349411758521,-0.272860714090971,0.209330222829437,0.215667559008344
18.6795765271019,0.894457287625258,,-0.0102921687989874,0.0579062011615012,0.221081053025555,,0.170332830711174,0.169223524173451,-0.750083256111933,0.966279572032344,0.178455019519932,0.0820018171167064,0.22777413793643,,0.175489546239066,0.174346656168301,0.183857629024785,33.7873,-13.9669,Republic of Malawi,Cartographic/SIDS-excluded 159: IHD association with DD,159,1962.10778797285,0.161065970968943,IHD_z,-0.188823679826064,-1.17233751294663,-0.188823679826064,0.161065970968943,0.16594213835278
21.6180710366768,0.696370662710705,,-0.294728245469871,-0.39014902503581,0.124368539716368,,0.171718453813954,0.157794953896783,-0.869948156180076,0.311141108579548,0.222523818468736,0.31924705103451,0.128133716266649,,0.176917118178955,0.16257209336887,0.229260582163865,-7.9922,12.6458,Republic of Mali,Cartographic/SIDS-excluded 159: IHD association with DD,159,1962.10778797285,0.114252622992451,IHD_z,0.24165723344405,2.11511322116445,0.24165723344405,0.114252622992451,0.117711546751468
45.6157703291837,0.324028058106015,,-0.391930443538738,-0.320171819085527,0.0936999887570399,,0.110759871897885,0.112643805888845,-0.571160636338967,-0.0307659796173653,0.134173404193627,0.237713889260325,0.0965366948985944,,0.114113054892017,0.116054023757724,0.138235416630963,14.5125,35.8983,Republic of Malta,Cartographic/SIDS-excluded 159: IHD association with DD,159,1962.10778797285,0.0772036625949068,IHD_z,0.217393557662407,2.81584513422747,0.217393557662407,0.0772036625949068,0.0795409532044215
47.8101858110129,0.0937041329227315,,-0.18451271448934,-0.238144502514976,0.110593286793462,,0.119672176185055,0.13054396107268,-0.521342337664514,0.243408536281371,0.118491538017486,0.173512374546481,0.113941426532039,,0.123295173387729,0.134496094483047,0.122078792168477,28.8353,47.0228,Republic of Moldova,Cartographic/SIDS-excluded 159: IHD association with DD,159,1962.10778797285,0.0854835414292965,IHD_z,0.214043884611115,2.5039192461177,0.214043884611115,0.0854835414292965,0.0880714999786094
13.644676834679,0.914452582535277,,0.0445492581396531,0.201207022331703,0.280678099890988,,0.230630505839022,0.247581603163348,0.248700716609138,0.918053234685629,0.286489877523586,0.0454464816428329,0.289175446585716,,0.237612694215157,0.255076974972308,0.295163172001471,32.5764,-25.9153,Republic of Mozambique,Cartographic/SIDS-excluded 159: IHD association with DD,159,1962.10778797285,0.252717037462105,IHD_z,-0.390634942389792,-1.54574043092907,-0.390634942389792,0.252717037462105,0.260367881200231
14.5056218726416,0.997557782683497,,-0.00331514479879695,-0.152942648009792,0.257505186483091,,0.210866511565994,0.156246897433812,-0.855691416158071,1.07962714178337,0.249133263028031,0.0986105665732728,0.265300988314752,,0.21725035788596,0.160977170504587,0.256675610328943,17.0836,-22.57,Republic of Namibia,Cartographic/SIDS-excluded 159: IHD association with DD,159,1962.10778797285,0.22916126036189,IHD_z,-0.182049181247487,-0.794415168427664,-0.182049181247487,0.22916126036189,0.236098968287987
9.76237575124462,-0.318702155114772,,-0.0983854457893383,-0.161281523072702,0.959401162644535,,0.606109991090142,1.03474819585471,-0.0630461110585187,-0.182713240881078,0.43078762200499,0.324784655640925,0.988446408075087,,0.62445957636748,1.0660745236492,0.443829436729385,-86.2514,12.1364,Republic of Nicaragua,Cartographic/SIDS-excluded 159: IHD association with DD,159,1962.10778797285,1.11795139766709,IHD_z,0.0422761448690414,0.0378157270139491,0.0422761448690414,1.11795139766709,1.15179664821396
9.95434124651781,-0.366460478997981,,-0.134712941270651,-0.183612122229378,0.784150670486976,,0.533306106837289,0.822989620025101,-0.200245882307202,-0.307658950306906,0.294206029393937,0.303086501390754,0.807890321391761,,0.549451601929253,0.847905094834967,0.303112925344886,-79.5347,8.9711,Republic of Panama,Cartographic/SIDS-excluded 159: IHD association with DD,159,1962.10778797285,0.973551422878078,IHD_z,0.107108351542615,0.110018175748719,0.107108351542615,0.973551422878078,1.00302505822246
6.37733745326553,-1.27400189986776,,-0.498186874436608,0.149176013012707,0.969863138128019,,0.836217049140211,0.567079781171774,-0.286218562607697,0.051503156839162,0.510810957857903,0.50651506397591,0.999225113053425,,0.861532975752746,0.584247752260569,0.526275426963509,-57.6435,-25.2945,Republic of Paraguay,Cartographic/SIDS-excluded 159: IHD association with DD,159,1962.10778797285,1.22861287827938,IHD_z,-1.48370880545837,-1.2076292147745,-1.48370880545837,1.22861287827938,1.26580833308829
7.42705879367634,-0.965422672295235,,-0.383326463449762,-0.347178453677117,0.722899460030538,,0.534584773597764,0.715563832981281,-0.788623540069889,-0.497743610123208,0.470261461952848,0.329624885893139,0.744784770425957,,0.550768979493224,0.737227062044792,0.484498321476033,-77.0375,-12.06,Republic of Peru,Cartographic/SIDS-excluded 159: IHD association with DD,159,1962.10778797285,0.827632559923811,IHD_z,-0.69524899076372,-0.840045479636184,-0.69524899076372,0.827632559923811,0.852688596715597
45.9780583104618,0.0543751172059975,,-0.160194036619244,-0.321429958708851,0.127275244303987,,0.150222444934972,0.144251369200787,-1.30671038260347,-0.165760849320102,0.128256011845318,0.162359852754518,0.131128419442792,,0.154770331629508,0.148618485465876,0.132138879082754,21.0111,52.23,Republic of Poland,Cartographic/SIDS-excluded 159: IHD association with DD,159,1962.10778797285,0.0905555432110458,IHD_z,0.22681317205257,2.50468567698795,0.22681317205257,0.0905555432110458,0.0932970533113794
23.7002371397197,0.834127919212225,,-0.142318136381095,-0.148250834402661,0.149181079670623,,0.123269713755201,0.114690252896403,0.181399438656063,0.945199762046943,0.139834663371639,0.180282601232726,0.153697439709925,,0.127001624065071,0.118162425615775,0.144068066743939,30.0606,-1.9536,Republic of Rwanda,Cartographic/SIDS-excluded 159: IHD association with DD,159,1962.10778797285,0.116265070858571,IHD_z,-0.0134844385008021,-0.115980134026711,-0.0134844385008021,0.116265070858571,0.119784920166215
47.7575857439971,0.25241417389401,,-0.340622476404127,-0.341675229155908,0.10531072418242,,0.137164079488564,0.129732523064576,0.963167113416387,-0.155508183680348,0.144818128931903,0.199428361380028,0.108498937777989,,0.141316632672906,0.133660090717661,0.149202403478773,12.4817,43.9717,Republic of San Marino,Cartographic/SIDS-excluded 159: IHD association with DD,159,1962.10778797285,0.0799742864200101,IHD_z,0.209161890201221,2.61536425724065,0.209161890201221,0.0799742864200101,0.082395455861581
16.2654570690036,0.648003831715485,,-0.210444823478303,-0.316728900710185,0.137968022037833,,0.215955767354028,0.189471549928818,0.00544724261963478,0.13308320129019,0.228056341046357,0.269308683457501,0.142144914059321,,0.222493687578819,0.195207677717762,0.234960598259707,-17.432,14.6726,Republic of Senegal,Cartographic/SIDS-excluded 159: IHD association with DD,159,1962.10778797285,0.137707337903769,IHD_z,0.249374507068012,1.81090209762298,0.249374507068012,0.137707337903769,0.141876337882858
49.5540930693291,0.179871854297835,,-0.266595269941176,-0.283270534331918,0.104172289417651,,0.122473525604399,0.12586507586536,-0.918302109809101,0.041654244495774,0.0989746419484653,0.188306558190714,0.107326037642073,,0.126181331836486,0.129675559072997,0.1019710347805,20.4569,44.8178,Republic of Serbia,Cartographic/SIDS-excluded 159: IHD association with DD,159,1962.10778797285,0.0805076621022256,IHD_z,0.214060301881656,2.65888110885459,0.214060301881656,0.0805076621022256,0.0829449791452377
17.407450780911,0.786012658886806,,-0.186486022731352,-0.358315364897649,0.147041597434022,,0.202238441999279,0.173111633911679,-0.469930080297564,0.620721281002443,0.213292512945076,0.301135802683148,0.151493186041856,,0.208361079131769,0.178352475896891,0.219749804876965,-13.2331,8.4833,Republic of Sierra Leone,Cartographic/SIDS-excluded 159: IHD association with DD,159,1962.10778797285,0.130113646753671,IHD_z,0.248851288101961,1.91256869906261,0.248851288101961,0.130113646753671,0.134052752678254
48.325814979843,0.208601384905481,,-0.301132121676667,-0.332340498305311,0.108573585736355,,0.139067147000035,0.132170139275131,-0.535190395774461,-0.0363653682114528,0.115352951125471,0.188966815337006,0.111860580340671,,0.143277314313996,0.136171504171599,0.118845186602175,14.5061,46.0514,Republic of Slovenia,Cartographic/SIDS-excluded 159: IHD association with DD,159,1962.10778797285,0.0810823981729393,IHD_z,0.211375115762666,2.6069174139599,0.211375115762666,0.0810823981729393,0.0835371149762202
13.8755256269039,0.926038115935832,,0.0372895596446589,0.117796073656107,0.281088700434984,,0.232347202269028,0.217675240044494,-0.198086421711349,0.977326337838297,0.317984574067257,0.0503715977215585,0.289598477793794,,0.239381362511657,0.224265216185256,0.327611349973443,28.0456,-26.2044,Republic of South Africa,Cartographic/SIDS-excluded 159: IHD association with DD,159,1962.10778797285,0.262087492946126,IHD_z,-0.372153617240389,-1.41995946871409,-0.372153617240389,0.262087492946126,0.270022021121926
25.7001616355156,0.674188274158614,,-0.250121174317548,-0.161326134266462,0.1163475398989,,0.105023377231075,0.106113999322196,-0.502528484054634,1.1087095166129,0.194234078672881,0.247209189720718,0.119869885903036,,0.108202891584814,0.109326531549523,0.200114388918159,31.58,4.83,Republic of South Sudan,Cartographic/SIDS-excluded 159: IHD association with DD,159,1962.10778797285,0.100792826051486,IHD_z,0.0564465174175203,0.56002514889985,0.0564465174175203,0.100792826051486,0.103844263223227
30.7706868283518,0.455178186497453,,-0.35908964601509,-0.162969561069227,0.0957839109556702,,0.0938193723869053,0.107305678739792,-0.124526228666382,0.777940514228065,0.183136714568392,0.309905006646093,0.098683706484724,,0.0966596927901105,0.110554288285457,0.188681059342086,32.5265,15.6031,Republic of Sudan,Cartographic/SIDS-excluded 159: IHD association with DD,159,1962.10778797285,0.0862847367097426,IHD_z,0.13926145902518,1.61397559215657,0.13926145902518,0.0862847367097426,0.0888969509244273
22.9150476301669,-0.0516189814621319,,-0.236327239337111,0.0552197345268962,0.129967849512614,,0.139309703252407,0.144208907131575,-1.12818465093594,0.308387166248148,0.17254192494104,0.284323374343509,0.133902541520668,,0.143527213798955,0.14857473788517,0.177765519358164,68.78,38.5367,Republic of Tajikistan,Cartographic/SIDS-excluded 159: IHD association with DD,159,1962.10778797285,0.105646830372444,IHD_z,0.107573694069908,1.01823872699892,0.107573694069908,0.105646830372444,0.108845219364041
44.3009180522971,0.343419622120413,,-0.410864321910321,-0.35362119556161,0.0973457290070441,,0.122316771114914,0.119536730306718,1.59839326198449,0.64890087682324,0.169710691148545,0.235820622645879,0.100292807560537,,0.126019831706911,0.123155626973629,0.17484857180632,10.1817,36.8064,Republic of Tunisia,Cartographic/SIDS-excluded 159: IHD association with DD,159,1962.10778797285,0.0794099898176842,IHD_z,0.215453767536112,2.71318215794723,0.215453767536112,0.0794099898176842,0.0818140755470934
48.3148903498647,0.183520411231244,,-0.267611899983181,-0.212121880894999,0.0984405962430861,,0.105240096483192,0.121708239501475,0.107365782165024,0.344342068182907,0.117681660981658,0.200863670765872,0.101420821189165,,0.10842617187116,0.125392877195155,0.121244396632786,28.955,41.0136,Republic of Turkey,Cartographic/SIDS-excluded 159: IHD association with DD,159,1962.10778797285,0.0808270553011415,IHD_z,0.201889091156383,2.49779099837542,0.201889091156383,0.0808270553011415,0.0832740417652598
23.881645205708,0.759363623686534,,-0.17889521459436,-0.124678506518675,0.138497892808277,,0.117240341355606,0.112086334519298,2.00392187285371,0.91196955526417,0.144873818131682,0.199339812081364,0.142690826322285,,0.120789716342446,0.115479675305492,0.149259778632811,32.5811,0.3136,Republic of Uganda,Cartographic/SIDS-excluded 159: IHD association with DD,159,1962.10778797285,0.112327696554984,IHD_z,-0.00155380948506652,-0.0138328260324107,-0.00155380948506652,0.112327696554984,0.115728344419633
22.482105723279,-0.0403352047536232,,-0.216262740772622,0.0441618257077787,0.1322067109541,,0.141220742598545,0.14332198184765,-0.869021839617533,0.297972565332976,0.281798925579164,0.266085967988053,0.136209183034333,,0.145496108616815,0.147660961515846,0.290330204541711,69.2797,41.3111,Republic of Uzbekistan,Cartographic/SIDS-excluded 159: IHD association with DD,159,1962.10778797285,0.106176513476148,IHD_z,0.0993333591271443,0.93554926485186,0.0993333591271443,0.106176513476148,0.109390938278777
26.7857652465903,0.369496454337172,,-0.332516255511557,-0.0447659705853458,0.109636125086753,,0.101308591542451,0.131656343567813,-0.16398173620887,0.912461668033868,0.214772824307013,0.313692650466384,0.11295528737797,,0.104375643178561,0.135642153633829,0.221274931701395,44.2064,15.3483,Republic of Yemen,Cartographic/SIDS-excluded 159: IHD association with DD,159,1962.10778797285,0.0973049355135647,IHD_z,0.087969248803669,0.90405741845855,0.087969248803669,0.0973049355135647,0.100250779070607
19.0508468524047,0.952502019913674,,0.00372442965852061,-0.0242041525348284,0.225561070711201,,0.176342570274642,0.155776164909825,-0.669139603368241,1.01846241359787,0.169075795371052,0.0859785594635274,0.232389785240091,,0.181681226754235,0.16049218685998,0.174194454972612,28.2833,-15.4167,Republic of Zambia,Cartographic/SIDS-excluded 159: IHD association with DD,159,1962.10778797285,0.163236664671067,IHD_z,-0.166222425702144,-1.01829099508431,-0.166222425702144,0.163236664671067,0.168178548393166
17.6654900652204,0.926256550186417,,0.0161911229039978,0.0635081388763901,0.239522499147987,,0.187690320344298,0.17967062904605,-1.43866039400712,0.910045073970431,0.193593980071545,0.0692672998404799,0.246773886831025,,0.193372522567519,0.185110040337693,0.199454911748505,31.0522,-17.8292,Republic of Zimbabwe,Cartographic/SIDS-excluded 159: IHD association with DD,159,1962.10778797285,0.178888664500124,IHD_z,-0.224556116693749,-1.2552842144651,-0.224556116693749,0.178888664500124,0.18430440232436
22.8468026190432,1.04842771037668,,-0.126377465833067,-0.360941697618521,0.172092654583363,,0.145063085724721,0.126635958392901,0.912221595902647,0.971950310550191,0.142842311600448,0.242674994805093,0.177302647632976,,0.149454776178976,0.130469779567055,0.147166769564275,15.2667,-4.2667,Republic of the Congo,Cartographic/SIDS-excluded 159: IHD association with DD,159,1962.10778797285,0.115966886077496,IHD_z,0.0646872600068137,0.557808027746693,0.0646872600068137,0.115966886077496,0.119477708035074
16.5766880862639,0.669289900109697,,-0.20577459415504,-0.322352095626735,0.138472791122431,,0.213266056894703,0.186409558855072,1.41667325980603,0.251388138462745,0.194254027797304,0.274348851872179,0.142664964699247,,0.219722547886895,0.192052986858247,0.200134941989333,-16.5786,13.4581,Republic of the Gambia,Cartographic/SIDS-excluded 159: IHD association with DD,159,1962.10778797285,0.136305311977568,IHD_z,0.251021220294541,1.84160996114262,0.251021220294541,0.136305311977568,0.14043186653475
26.636634567127,0.668384160532861,,-0.400836531854639,-0.43704874605065,0.105022090578844,,0.128973393116785,0.131071789796048,0.0980438508637659,-0.167748617952262,0.359141013318698,0.346766777137634,0.108201565980024,,0.132877978605052,0.135039902877289,0.37001377362187,2.1175,13.515,Republic of the Niger,Cartographic/SIDS-excluded 159: IHD association with DD,159,1962.10778797285,0.0924993413791747,IHD_z,0.237207167302987,2.56442006792917,0.237207167302987,0.0924993413791747,0.095299698703234
9.67161825617312,-0.870929363824126,,-0.220823147693584,-0.0844269595540429,0.226336783953682,,0.242786424532359,0.364238500918537,0.417762243125197,-1.43733285477644,0.23778145129171,0.537018028002885,0.233188982695839,,0.250136625430919,0.375265584339276,0.244980129884681,120.9772,14.5958,Republic of the Philippines,Cartographic/SIDS-excluded 159: IHD association with DD,159,1962.10778797285,0.284552352364932,IHD_z,0.608296146824251,2.13773016377712,0.608296146824251,0.284552352364932,0.293166989530368
13.5227108135995,-0.900803589290669,,-0.456414981255675,0.295320357410855,0.171156969807842,,0.198937527118216,0.267247090412589,-0.985356861888662,-0.778450952277894,0.269043215930792,0.679038254000119,0.176338635610201,,0.20496023120226,0.275337822041722,0.277188324090339,96.16,16.795,Republic of the Union of Myanmar,Cartographic/SIDS-excluded 159: IHD association with DD,159,1962.10778797285,0.157763964094945,IHD_z,0.500471407946023,3.17227961922173,0.500471407946023,0.157763964094945,0.162540165370962
49.1531852684181,0.149760912665519,,-0.236408220974783,-0.243280646323305,0.103693289404538,,0.114384963001236,0.125393490061847,-1.01562834941985,0.0887577065243653,0.10067131150122,0.1860274084914,0.106832536215491,,0.117847893267839,0.129189696316383,0.103719069899082,26.1039,44.4325,Romania,Cartographic/SIDS-excluded 159: IHD association with DD,159,1962.10778797285,0.0818754959621461,IHD_z,0.211218552800238,2.57975295682962,0.211218552800238,0.0818754959621461,0.0843542232845246
37.5712304200467,-0.0811178927921474,,-0.0253535931551832,-0.250256123876076,0.141292686662101,,0.14663900850734,0.149128386432246,-0.736639316442757,0.401293054399649,0.208691458076337,0.141350135531378,0.145570230740046,,0.151078408997588,0.153643151218071,0.215009456068312,37.6175,55.7506,Russian Federation,Cartographic/SIDS-excluded 159: IHD association with DD,159,1962.10778797285,0.101840223785805,IHD_z,0.224276014841655,2.20223411245995,0.224276014841655,0.101840223785805,0.104923370241879
48.3094679529351,0.155692890534468,,-0.251959717093412,-0.322093523106728,0.113224569440604,,0.140681233519966,0.135149213171367,-0.887472696404093,0.0515972520500373,0.101923443052549,0.178645130355492,0.116652369547815,,0.144940266252214,0.139240767590051,0.105009108917731,17.1128,48.1447,Slovak Republic,Cartographic/SIDS-excluded 159: IHD association with DD,159,1962.10778797285,0.0833345514177111,IHD_z,0.215825939048256,2.58987341236694,0.215825939048256,0.0833345514177111,0.0858574506938601
12.0943192024511,-0.820431553615198,,-0.299910287704609,0.109518039609074,0.201696332576922,,0.239302338039403,0.337372169345224,-0.356479640061616,-1.29407213551848,0.215811014976367,0.63261477828913,0.207802557699675,,0.246547060488249,0.347585892073117,0.222344552917187,106.7019,10.7756,Socialist Republic of Viet Nam,Cartographic/SIDS-excluded 159: IHD association with DD,159,1962.10778797285,0.233602542397442,IHD_z,0.675797637528276,2.89293785329829,0.675797637528276,0.233602542397442,0.240674707244972
28.8831667760435,0.414921113593248,,-0.339630619869995,-0.091237092893876,0.103158425794982,,0.0977616758963944,0.120395097305574,0.0163064215593194,0.780740931262915,0.164353724502006,0.306889462317386,0.106281479958462,,0.100721346971095,0.124039980474401,0.16932942648305,38.9411,15.3358,State of Eritrea,Cartographic/SIDS-excluded 159: IHD association with DD,159,1962.10778797285,0.0924234569430386,IHD_z,0.106017021306632,1.1470791594819,0.106017021306632,0.0924234569430386,0.0952215169152104
41.8735747171544,0.260163206613223,,-0.33291877454534,-0.144299454321035,0.0941538889765995,,0.0962923856630367,0.120756935230735,0.730850991196503,-0.183929253697053,0.150734428863558,0.249695761374034,0.0970043366517183,,0.0992075749327338,0.124412772807114,0.155297815538125,35.2256,31.7789,State of Israel,Cartographic/SIDS-excluded 159: IHD association with DD,159,1962.10778797285,0.0827344567200976,IHD_z,0.17167675525283,2.07503333023189,0.17167675525283,0.0827344567200976,0.085239188520062
33.8516703978205,0.208709283087289,,-0.308520555559248,-0.0430695929255114,0.103170784545834,,0.101741405805735,0.13508439053804,-0.0998963615289106,0.109278108296271,0.259154045048641,0.261275015643143,0.106294212862448,,0.104821560611814,0.139173982493713,0.266999764999625,47.9783,29.3697,State of Kuwait,Cartographic/SIDS-excluded 159: IHD association with DD,159,1962.10778797285,0.0910754691902331,IHD_z,0.121411983306321,1.3330920431793,0.121411983306321,0.0910754691902331,0.0938327197110073
43.0281457406309,0.360429479701117,,-0.417739978320625,-0.335881830795313,0.0920983692283753,,0.107450788926967,0.109876484199374,0.31282305375177,0.321455803824482,0.181065023326439,0.25632778927726,0.0948865873816849,,0.110703791589052,0.113202923206202,0.186546648996882,13.1914,32.8872,State of Libya,Cartographic/SIDS-excluded 159: IHD association with DD,159,1962.10778797285,0.077654651981491,IHD_z,0.222235636990725,2.8618457660939,0.222235636990725,0.077654651981491,0.0800055960009973
29.3929921061391,0.204036852043852,,-0.319166390215401,-0.0110099996274403,0.107375608569073,,0.103357748624721,0.139751011337944,0.162106137899262,0.0734726741535829,0.50732383659106,0.290539061226737,0.110626335194781,,0.106486837157072,0.143981882199399,0.522682735371148,51.5333,25.2867,State of Qatar,Cartographic/SIDS-excluded 159: IHD association with DD,159,1962.10778797285,0.0946342691889773,IHD_z,0.10617433841028,1.12194387213218,0.10617433841028,0.0946342691889773,0.097499260062199
24.3664191304391,0.0976452930085962,,-0.324029581122069,0.0354988853156652,0.114613139013914,,0.110814554161588,0.145515211087941,0.180778591159815,0.197327658195739,0.197494069944448,0.332772336528165,0.118082977160711,,0.114169392625644,0.149920589343141,0.203473074302545,58.5911,23.614,Sultanate of Oman,Cartographic/SIDS-excluded 159: IHD association with DD,159,1962.10778797285,0.0989180123351967,IHD_z,0.111200197700738,1.12416530696069,0.111200197700738,0.0989180123351967,0.101912690742568
45.5138267730525,0.24611532754481,,-0.351476974282674,-0.38847354739481,0.11572088154191,,0.161799248204804,0.144016699520112,0.418747931720885,-0.180883739308258,0.165275039041805,0.191639055174514,0.119224255872372,,0.166697615079442,0.148376711313437,0.170278633220575,8.5411,47.3744,Swiss Confederation,Cartographic/SIDS-excluded 159: IHD association with DD,159,1962.10778797285,0.0833535911206019,IHD_z,0.202040199195326,2.42389315780048,0.202040199195326,0.0833535911206019,0.0858770668113572
42.4946469469559,0.237910855984918,,-0.317054175869488,-0.138882403221908,0.095328361785818,,0.0974660958266448,0.122760976489935,-0.322192770453886,0.797223853878958,0.252113746036418,0.239157162170581,0.0982143658604113,,0.100416818407217,0.126477485110391,0.259746325519498,36.2981,33.502,Syrian Arab Republic,Cartographic/SIDS-excluded 159: IHD association with DD,159,1962.10778797285,0.0833065996901052,IHD_z,0.170515185009375,2.04683885362841,0.170515185009375,0.0833065996901052,0.0858286527459033
9.98021525081879,-0.850124706421571,,-0.228798508771795,-0.0956715899875022,0.195186121708794,,0.23748980952855,0.343030978491803,-0.314954088907348,-1.47066984263963,0.462577047445107,0.597736931613105,0.201095254437008,,0.24467965885706,0.353416017981555,0.476581266323213,120.6794,24.1439,Taiwan (Province of China),Cartographic/SIDS-excluded 159: IHD association with DD,159,1962.10778797285,0.227245153724572,IHD_z,0.569887896557762,2.50781100154279,0.569887896557762,0.227245153724572,0.234124852770005
23.5587834500576,0.873357067696162,,-0.303645202682174,-0.460102929722724,0.135061058958747,,0.144057238182404,0.13609117304063,-0.085020371644842,0.443324109018057,0.156108213388547,0.35596025558194,0.139149944566051,,0.14841847725733,0.140211244680944,0.160834287890164,1.2153,6.1308,Togolese Republic,Cartographic/SIDS-excluded 159: IHD association with DD,159,1962.10778797285,0.0971877255543399,IHD_z,0.212123863844415,2.18261990014173,0.212123863844415,0.0971877255543399,0.100130020656195
29.6204393293398,0.0728135230709481,,-0.228729426811954,-0.00194108169764975,0.116890767400274,,0.12267599046366,0.138120681817407,-0.776650101492307,0.15493950366466,0.144630729287168,0.227993881710179,0.120429559263261,,0.126389926187514,0.142302195514309,0.149009330431831,58.38,37.9375,Turkmenistan,Cartographic/SIDS-excluded 159: IHD association with DD,159,1962.10778797285,0.095494482166124,IHD_z,0.105390291877194,1.10362703149544,0.105390291877194,0.095494482166124,0.0983855154270523
45.3913648634277,0.0267555016429966,,-0.123230106066821,-0.249249663036504,0.121556508056724,,0.130310532603551,0.137526610964983,0.159072563098396,0.415712284679386,0.174069290013837,0.160036849223336,0.125236552179723,,0.134255599119025,0.141690139553691,0.17933912441391,30.5233,50.45,Ukraine,Cartographic/SIDS-excluded 159: IHD association with DD,159,1962.10778797285,0.0907049066310062,IHD_z,0.221491566104377,2.44189178216587,0.221491566104377,0.0907049066310062,0.0934509386116127
27.163327333866,0.153892062622945,,-0.314768604629935,0.0125182945541125,0.11035865494809,,0.107125896294209,0.142557876202022,-0.0222887190282698,0.103406702278129,0.230063901721044,0.302685471672419,0.113699691360343,,0.11036906304341,0.146873723069387,0.237028936526483,55.2972,25.2631,United Arab Emirates,Cartographic/SIDS-excluded 159: IHD association with DD,159,1962.10778797285,0.0964781487781772,IHD_z,0.10450950999615,1.08324539099977,0.10450950999615,0.0964781487781772,0.0993989619052151
38.4389817114099,0.290223780039386,,-0.445415188384326,-0.503567248508179,0.135870077904719,,0.210779884813069,0.173834896198114,0.840586125498476,0.0038180144006762,0.140105934364913,0.194816419178512,0.139983456033772,,0.217161108564501,0.179097634478055,0.144347550289881,-0.1275,51.5072,United Kingdom of Great Britain and Northern Ireland,Cartographic/SIDS-excluded 159: IHD association with DD,159,1962.10778797285,0.0910153587587829,IHD_z,0.176707005989994,1.94150754773509,0.176707005989994,0.0910153587587829,0.0937707894753893
6.76815640181312,-0.10656886679816,,0.0893314338374555,0.181017925192802,1.21057502346439,,0.749027815818273,1.46256627736587,0.385667553261209,-0.123769806848805,0.327599334210436,0.304828858785796,1.24722439396515,,0.771704145170204,1.50684451898009,0.33751719071876,-99.1333,19.4333,United Mexican States,Cartographic/SIDS-excluded 159: IHD association with DD,159,1962.10778797285,1.26649023906147,IHD_z,-0.250046204553459,-0.197432397693611,-0.250046204553459,1.26649023906147,1.30483240630206
19.2141834898376,0.770280430331636,,-0.101156952935085,0.0363676838652704,0.189114830183382,,0.147389273208534,0.149125532725493,-0.298027792363653,0.934147307635082,0.151422758086366,0.134604445290685,0.194840158514331,,0.151851387474034,0.153640211117204,0.156006983479909,39.2803,-6.8161,United Republic of Tanzania,Cartographic/SIDS-excluded 159: IHD association with DD,159,1962.10778797285,0.140498522251111,IHD_z,-0.119428090334407,-0.850030935705891,-0.119428090334407,0.140498522251111,0.144752023518678
5.45302075601073,-0.252445224344068,,0.198762308847214,0.199983248807828,0.321404461241521,,0.356528085380592,0.344110047504916,0.497658189322497,0.650917723056479,0.420807333287773,0.440067152816476,0.331134772004855,,0.367321740991994,0.354527755106342,0.433547001270486,-73.9249,40.6943,United States of America,Cartographic/SIDS-excluded 159: IHD association with DD,159,1962.10778797285,0.730924540031344,IHD_z,-0.872005369367314,-1.19301695538902,-0.872005369367314,0.730924540031344,0.7530528044978
