location_name,sex_name,n_age_groups,correlation,p_value,fdr_pvalue,bh_family,small_island_excluded,fdr_pvalue_SID_excluded,significant_full_BH,significant_SID_excluded_BH,bh_family_SID_excluded
Arab Republic of Egypt,Female,20,-0.0442181049007411,0.853145702912698,0.916009070495739,2021 country-level Pearson correlations across 20 age groups within Female (m=204),FALSE,0.922790250089245,FALSE,FALSE,2021 country-level Pearson correlations across 20 age groups within Female after cartographic/SIDS exclusion (m=159)
Arab Republic of Egypt,Male,20,0.253385065796059,0.281068286719125,0.378115627441018,2021 country-level Pearson correlations across 20 age groups within Male (m=204),FALSE,0.367176891835203,FALSE,FALSE,2021 country-level Pearson correlations across 20 age groups within Male after cartographic/SIDS exclusion (m=159)
Argentine Republic,Female,20,-0.0530906585196501,0.824082754716585,0.889486147948059,2021 country-level Pearson correlations across 20 age groups within Female (m=204),FALSE,0.897459986300938,FALSE,FALSE,2021 country-level Pearson correlations across 20 age groups within Female after cartographic/SIDS exclusion (m=159)
Argentine Republic,Male,20,0.0762040400458848,0.749487000311083,0.804712358228741,2021 country-level Pearson correlations across 20 age groups within Male (m=204),FALSE,0.821851262410084,FALSE,FALSE,2021 country-level Pearson correlations across 20 age groups within Male after cartographic/SIDS exclusion (m=159)
Australia,Female,20,-0.170457672757844,0.472442887661039,0.624429872408403,2021 country-level Pearson correlations across 20 age groups within Female (m=204),FALSE,0.660202836965815,FALSE,FALSE,2021 country-level Pearson correlations across 20 age groups within Female after cartographic/SIDS exclusion (m=159)
Australia,Male,20,-0.156170200654538,0.51086146116717,0.592134875443766,2021 country-level Pearson correlations across 20 age groups within Male (m=204),FALSE,0.610729115229925,FALSE,FALSE,2021 country-level Pearson correlations across 20 age groups within Male after cartographic/SIDS exclusion (m=159)
Bermuda,Female,20,0.387143885574587,0.0917228997460411,0.183445799492082,2021 country-level Pearson correlations across 20 age groups within Female (m=204),FALSE,0.189401831943124,FALSE,FALSE,2021 country-level Pearson correlations across 20 age groups within Female after cartographic/SIDS exclusion (m=159)
Bermuda,Male,20,0.619847301341409,0.00355520438513369,0.00971334206974769,2021 country-level Pearson correlations across 20 age groups within Male (m=204),FALSE,0.00835002913651537,TRUE,TRUE,2021 country-level Pearson correlations across 20 age groups within Male after cartographic/SIDS exclusion (m=159)
Bolivarian Republic of Venezuela,Female,20,0.544570539688572,0.0130405930049153,0.0542914484286269,2021 country-level Pearson correlations across 20 age groups within Female (m=204),FALSE,0.0482198671577101,FALSE,TRUE,2021 country-level Pearson correlations across 20 age groups within Female after cartographic/SIDS exclusion (m=159)
Bolivarian Republic of Venezuela,Male,20,0.708553850575569,0.000471030044991076,0.00219913417798761,2021 country-level Pearson correlations across 20 age groups within Male (m=204),FALSE,0.00183944795662378,TRUE,TRUE,2021 country-level Pearson correlations across 20 age groups within Male after cartographic/SIDS exclusion (m=159)
Bosnia and Herzegovina,Female,20,0.5327175738335,0.0155935254888774,0.0572461332549945,2021 country-level Pearson correlations across 20 age groups within Female (m=204),FALSE,0.0527525649517342,FALSE,FALSE,2021 country-level Pearson correlations across 20 age groups within Female after cartographic/SIDS exclusion (m=159)
Bosnia and Herzegovina,Male,20,0.786122749998718,0.0000397072504006582,0.000405013954086714,2021 country-level Pearson correlations across 20 age groups within Male (m=204),FALSE,0.000350747378539147,TRUE,TRUE,2021 country-level Pearson correlations across 20 age groups within Male after cartographic/SIDS exclusion (m=159)
Brunei Darussalam,Female,20,0.400204085091745,0.0803851175854044,0.163985639874225,2021 country-level Pearson correlations across 20 age groups within Female (m=204),FALSE,0.170416449281057,FALSE,FALSE,2021 country-level Pearson correlations across 20 age groups within Female after cartographic/SIDS exclusion (m=159)
Brunei Darussalam,Male,20,0.425192656961391,0.0616359438041256,0.102225467772696,2021 country-level Pearson correlations across 20 age groups within Male (m=204),FALSE,0.0980011506485597,FALSE,FALSE,2021 country-level Pearson correlations across 20 age groups within Male after cartographic/SIDS exclusion (m=159)
Burkina Faso,Female,20,0.754583979088777,0.000120794352258811,0.00321524701537945,2021 country-level Pearson correlations across 20 age groups within Female (m=204),FALSE,0.00278444594469135,TRUE,TRUE,2021 country-level Pearson correlations across 20 age groups within Female after cartographic/SIDS exclusion (m=159)
Burkina Faso,Male,20,0.822954113828684,0.00000837158699242968,0.000229192356478941,2021 country-level Pearson correlations across 20 age groups within Male (m=204),FALSE,0.000204154536023258,TRUE,TRUE,2021 country-level Pearson correlations across 20 age groups within Male after cartographic/SIDS exclusion (m=159)
Canada,Female,20,-0.301567724226078,0.196306678563937,0.325581808349944,2021 country-level Pearson correlations across 20 age groups within Female (m=204),FALSE,0.332050658421979,FALSE,FALSE,2021 country-level Pearson correlations across 20 age groups within Female after cartographic/SIDS exclusion (m=159)
Canada,Male,20,-0.313924083488813,0.177695581795761,0.258927847759537,2021 country-level Pearson correlations across 20 age groups within Male (m=204),FALSE,0.245683456569791,FALSE,FALSE,2021 country-level Pearson correlations across 20 age groups within Male after cartographic/SIDS exclusion (m=159)
Central African Republic,Female,20,0.496353464618073,0.026012232912609,0.0842300875265433,2021 country-level Pearson correlations across 20 age groups within Female (m=204),FALSE,0.0795374044827852,FALSE,FALSE,2021 country-level Pearson correlations across 20 age groups within Female after cartographic/SIDS exclusion (m=159)
Central African Republic,Male,20,0.623808279312292,0.00329037710711293,0.00932273513681998,2021 country-level Pearson correlations across 20 age groups within Male (m=204),FALSE,0.00804876861586086,TRUE,TRUE,2021 country-level Pearson correlations across 20 age groups within Male after cartographic/SIDS exclusion (m=159)
Czech Republic,Female,20,0.352787589197133,0.127092258519396,0.227428252087341,2021 country-level Pearson correlations across 20 age groups within Female (m=204),FALSE,0.23497289656493,FALSE,FALSE,2021 country-level Pearson correlations across 20 age groups within Female after cartographic/SIDS exclusion (m=159)
Czech Republic,Male,20,0.683971024974347,0.000882396561204914,0.00327288906337823,2021 country-level Pearson correlations across 20 age groups within Male (m=204),FALSE,0.0027510010437565,TRUE,TRUE,2021 country-level Pearson correlations across 20 age groups within Male after cartographic/SIDS exclusion (m=159)
Democratic People's Republic of Korea,Female,20,0.655698997814228,0.00169613473473709,0.0129123327378685,2021 country-level Pearson correlations across 20 age groups within Female (m=204),FALSE,0.011725453166226,TRUE,TRUE,2021 country-level Pearson correlations across 20 age groups within Female after cartographic/SIDS exclusion (m=159)
Democratic People's Republic of Korea,Male,20,0.796594665299277,0.0000263369604239599,0.000298485551471546,2021 country-level Pearson correlations across 20 age groups within Male (m=204),FALSE,0.000261723544213102,TRUE,TRUE,2021 country-level Pearson correlations across 20 age groups within Male after cartographic/SIDS exclusion (m=159)
Democratic Republic of Timor-Leste,Female,20,0.419615618286959,0.0655009500645535,0.151843111513283,2021 country-level Pearson correlations across 20 age groups within Female (m=204),FALSE,0.150936971887884,FALSE,FALSE,2021 country-level Pearson correlations across 20 age groups within Female after cartographic/SIDS exclusion (m=159)
Democratic Republic of Timor-Leste,Male,20,0.515746471363818,0.0199318563281205,0.0376490619531165,2021 country-level Pearson correlations across 20 age groups within Male (m=204),FALSE,0.0352129461796796,TRUE,TRUE,2021 country-level Pearson correlations across 20 age groups within Male after cartographic/SIDS exclusion (m=159)
Democratic Republic of the Congo,Female,20,0.575901801128254,0.00787599534736876,0.0377284337831285,2021 country-level Pearson correlations across 20 age groups within Female (m=204),FALSE,0.0332751937274574,TRUE,TRUE,2021 country-level Pearson correlations across 20 age groups within Female after cartographic/SIDS exclusion (m=159)
Democratic Republic of the Congo,Male,20,0.695314184899303,0.000665442640037073,0.00295109344712093,2021 country-level Pearson correlations across 20 age groups within Male (m=204),FALSE,0.00246059022711383,TRUE,TRUE,2021 country-level Pearson correlations across 20 age groups within Male after cartographic/SIDS exclusion (m=159)
Democratic Socialist Republic of Sri Lanka,Female,20,0.169198947027104,0.475767941969387,0.624429872408403,2021 country-level Pearson correlations across 20 age groups within Female (m=204),FALSE,0.660202836965815,FALSE,FALSE,2021 country-level Pearson correlations across 20 age groups within Female after cartographic/SIDS exclusion (m=159)
Democratic Socialist Republic of Sri Lanka,Male,20,0.182875221878269,0.440277291996181,0.522189346321051,2021 country-level Pearson correlations across 20 age groups within Male (m=204),FALSE,0.538492995595329,FALSE,FALSE,2021 country-level Pearson correlations across 20 age groups within Male after cartographic/SIDS exclusion (m=159)
Eastern Republic of Uruguay,Female,20,-0.129415937406689,0.586582543682975,0.716543945576807,2021 country-level Pearson correlations across 20 age groups within Female (m=204),FALSE,0.740211305123754,FALSE,FALSE,2021 country-level Pearson correlations across 20 age groups within Female after cartographic/SIDS exclusion (m=159)
Eastern Republic of Uruguay,Male,20,-0.01176000110532,0.960754058501017,0.975093671314465,2021 country-level Pearson correlations across 20 age groups within Male (m=204),FALSE,0.979230098087575,FALSE,FALSE,2021 country-level Pearson correlations across 20 age groups within Male after cartographic/SIDS exclusion (m=159)
Federal Democratic Republic of Ethiopia,Female,20,0.681458157442363,0.000937787668493321,0.00831776888576684,2021 country-level Pearson correlations across 20 age groups within Female (m=204),FALSE,0.0074554119645219,TRUE,TRUE,2021 country-level Pearson correlations across 20 age groups within Female after cartographic/SIDS exclusion (m=159)
Federal Democratic Republic of Ethiopia,Male,20,0.746131280842043,0.000158370276764023,0.00100961051437064,2021 country-level Pearson correlations across 20 age groups within Male (m=204),FALSE,0.000868306000188954,TRUE,TRUE,2021 country-level Pearson correlations across 20 age groups within Male after cartographic/SIDS exclusion (m=159)
Federal Democratic Republic of Nepal,Female,20,0.277598121626876,0.236022244307077,0.373244479369331,2021 country-level Pearson correlations across 20 age groups within Female (m=204),FALSE,0.382934049436992,FALSE,FALSE,2021 country-level Pearson correlations across 20 age groups within Female after cartographic/SIDS exclusion (m=159)
Federal Democratic Republic of Nepal,Male,20,0.428756713706319,0.059257886556568,0.0990869578486875,2021 country-level Pearson correlations across 20 age groups within Male (m=204),FALSE,0.0951717571969122,FALSE,FALSE,2021 country-level Pearson correlations across 20 age groups within Male after cartographic/SIDS exclusion (m=159)
Federal Republic of Germany,Female,20,0.0920955417882868,0.699373341931456,0.801528998618073,2021 country-level Pearson correlations across 20 age groups within Female (m=204),FALSE,0.81764971593457,FALSE,FALSE,2021 country-level Pearson correlations across 20 age groups within Female after cartographic/SIDS exclusion (m=159)
Federal Republic of Germany,Male,20,0.205684125641984,0.384313870008427,0.480981775961467,2021 country-level Pearson correlations across 20 age groups within Male (m=204),FALSE,0.484967502629682,FALSE,FALSE,2021 country-level Pearson correlations across 20 age groups within Male after cartographic/SIDS exclusion (m=159)
Federal Republic of Nigeria,Female,20,0.835071837139161,0.00000463529746891894,0.000945600683659464,2021 country-level Pearson correlations across 20 age groups within Female (m=204),FALSE,0.000737012297558112,TRUE,TRUE,2021 country-level Pearson correlations across 20 age groups within Female after cartographic/SIDS exclusion (m=159)
Federal Republic of Nigeria,Male,20,0.890956515335011,0.000000138504702528866,0.0000282549593158888,2021 country-level Pearson correlations across 20 age groups within Male (m=204),FALSE,0.0000220222477020897,TRUE,TRUE,2021 country-level Pearson correlations across 20 age groups within Male after cartographic/SIDS exclusion (m=159)
Federal Republic of Somalia,Female,20,0.535026151501593,0.0150671967109536,0.0570868992094841,2021 country-level Pearson correlations across 20 age groups within Female (m=204),FALSE,0.0522323227421814,FALSE,FALSE,2021 country-level Pearson correlations across 20 age groups within Female after cartographic/SIDS exclusion (m=159)
Federal Republic of Somalia,Male,20,0.684243475586707,0.000876560618583547,0.00327288906337823,2021 country-level Pearson correlations across 20 age groups within Male (m=204),FALSE,0.0027510010437565,TRUE,TRUE,2021 country-level Pearson correlations across 20 age groups within Male after cartographic/SIDS exclusion (m=159)
Federative Republic of Brazil,Female,20,0.0312104442751629,0.896074955937563,0.930327416291984,2021 country-level Pearson correlations across 20 age groups within Female (m=204),FALSE,0.932281885653942,FALSE,FALSE,2021 country-level Pearson correlations across 20 age groups within Female after cartographic/SIDS exclusion (m=159)
Federative Republic of Brazil,Male,20,0.559205063740515,0.0103653690917021,0.021799332935126,2021 country-level Pearson correlations across 20 age groups within Male (m=204),FALSE,0.0205347918319748,TRUE,TRUE,2021 country-level Pearson correlations across 20 age groups within Male after cartographic/SIDS exclusion (m=159)
French Republic,Female,20,0.0994384031886618,0.676602046850839,0.78569319405044,2021 country-level Pearson correlations across 20 age groups within Female (m=204),FALSE,0.8028962803254,FALSE,FALSE,2021 country-level Pearson correlations across 20 age groups within Female after cartographic/SIDS exclusion (m=159)
French Republic,Male,20,0.202388250825582,0.392144196418116,0.481912144995756,2021 country-level Pearson correlations across 20 age groups within Male (m=204),FALSE,0.490952182917169,FALSE,FALSE,2021 country-level Pearson correlations across 20 age groups within Male after cartographic/SIDS exclusion (m=159)
Gabonese Republic,Female,20,0.534830515493964,0.0151112380260399,0.0570868992094841,2021 country-level Pearson correlations across 20 age groups within Female (m=204),FALSE,0.0522323227421814,FALSE,FALSE,2021 country-level Pearson correlations across 20 age groups within Female after cartographic/SIDS exclusion (m=159)
Gabonese Republic,Male,20,0.633168264422418,0.00272904333167736,0.00809527348414565,2021 country-level Pearson correlations across 20 age groups within Male (m=204),FALSE,0.00690107183505983,TRUE,TRUE,2021 country-level Pearson correlations across 20 age groups within Male after cartographic/SIDS exclusion (m=159)
Georgia,Female,20,0.467123721711078,0.0378419740123565,0.104321117547577,2021 country-level Pearson correlations across 20 age groups within Female (m=204),FALSE,0.101980913016351,FALSE,FALSE,2021 country-level Pearson correlations across 20 age groups within Female after cartographic/SIDS exclusion (m=159)
Georgia,Male,20,0.669737890868612,0.00123653085729758,0.00434917749808115,2021 country-level Pearson correlations across 20 age groups within Male (m=204),FALSE,0.00364089641315399,TRUE,TRUE,2021 country-level Pearson correlations across 20 age groups within Male after cartographic/SIDS exclusion (m=159)
Grand Duchy of Luxembourg,Female,20,0.261183849318014,0.266015298103892,0.40312028043298,2021 country-level Pearson correlations across 20 age groups within Female (m=204),FALSE,0.415848559183676,FALSE,FALSE,2021 country-level Pearson correlations across 20 age groups within Female after cartographic/SIDS exclusion (m=159)
Grand Duchy of Luxembourg,Male,20,0.40598869241411,0.0757101890371933,0.121613217036121,2021 country-level Pearson correlations across 20 age groups within Male (m=204),FALSE,0.116873010261298,FALSE,FALSE,2021 country-level Pearson correlations across 20 age groups within Male after cartographic/SIDS exclusion (m=159)
Greenland,Female,20,-0.522880482037174,0.0180041533962756,0.0644359174182494,2021 country-level Pearson correlations across 20 age groups within Female (m=204),FALSE,0.0596387581251629,FALSE,FALSE,2021 country-level Pearson correlations across 20 age groups within Female after cartographic/SIDS exclusion (m=159)
Greenland,Male,20,-0.468547389720686,0.037183187765947,0.066538336002221,2021 country-level Pearson correlations across 20 age groups within Male (m=204),FALSE,0.0628949665402721,FALSE,FALSE,2021 country-level Pearson correlations across 20 age groups within Male after cartographic/SIDS exclusion (m=159)
Hashemite Kingdom of Jordan,Female,20,0.0225523499976723,0.924811652266443,0.943307885311772,2021 country-level Pearson correlations across 20 age groups within Female (m=204),FALSE,0.942596491733105,FALSE,FALSE,2021 country-level Pearson correlations across 20 age groups within Female after cartographic/SIDS exclusion (m=159)
Hashemite Kingdom of Jordan,Male,20,0.218154755468446,0.355488509476508,0.447652197118565,2021 country-level Pearson correlations across 20 age groups within Male (m=204),FALSE,0.452181384054118,FALSE,FALSE,2021 country-level Pearson correlations across 20 age groups within Male after cartographic/SIDS exclusion (m=159)
Hellenic Republic,Female,20,0.0977857797648415,0.681704388955528,0.78569319405044,2021 country-level Pearson correlations across 20 age groups within Female (m=204),FALSE,0.8028962803254,FALSE,FALSE,2021 country-level Pearson correlations across 20 age groups within Female after cartographic/SIDS exclusion (m=159)
Hellenic Republic,Male,20,0.330572830479303,0.154572087299611,0.228497868182034,2021 country-level Pearson correlations across 20 age groups within Male (m=204),FALSE,0.217495237881754,FALSE,FALSE,2021 country-level Pearson correlations across 20 age groups within Male after cartographic/SIDS exclusion (m=159)
Hungary,Female,20,0.363942627053438,0.114690066941527,0.210781744649292,2021 country-level Pearson correlations across 20 age groups within Female (m=204),FALSE,0.217091912425033,FALSE,FALSE,2021 country-level Pearson correlations across 20 age groups within Female after cartographic/SIDS exclusion (m=159)
Hungary,Male,20,0.730444426013825,0.000255000431698569,0.00133384841196174,2021 country-level Pearson correlations across 20 age groups within Male (m=204),FALSE,0.00112625190666868,TRUE,TRUE,2021 country-level Pearson correlations across 20 age groups within Male after cartographic/SIDS exclusion (m=159)
Ireland,Female,20,-0.132920425556834,0.576399617767652,0.708346518220488,2021 country-level Pearson correlations across 20 age groups within Female (m=204),FALSE,0.733180313800453,FALSE,FALSE,2021 country-level Pearson correlations across 20 age groups within Female after cartographic/SIDS exclusion (m=159)
Ireland,Male,20,-0.236472263328294,0.315488481586737,0.404777674488643,2021 country-level Pearson correlations across 20 age groups within Male (m=204),FALSE,0.404537649776542,FALSE,FALSE,2021 country-level Pearson correlations across 20 age groups within Male after cartographic/SIDS exclusion (m=159)
Islamic Republic of Afghanistan,Female,20,-0.125982109989658,0.59663332538562,0.720196440110453,2021 country-level Pearson correlations across 20 age groups within Female (m=204),FALSE,0.74113045887745,FALSE,FALSE,2021 country-level Pearson correlations across 20 age groups within Female after cartographic/SIDS exclusion (m=159)
Islamic Republic of Afghanistan,Male,20,-0.0097854468076777,0.967339914998198,0.976917537918973,2021 country-level Pearson correlations across 20 age groups within Male (m=204),FALSE,0.979662716463143,FALSE,FALSE,2021 country-level Pearson correlations across 20 age groups within Male after cartographic/SIDS exclusion (m=159)
Islamic Republic of Iran,Female,20,-0.17372534901083,0.463865884210061,0.621323400429744,2021 country-level Pearson correlations across 20 age groups within Female (m=204),FALSE,0.660202836965815,FALSE,FALSE,2021 country-level Pearson correlations across 20 age groups within Female after cartographic/SIDS exclusion (m=159)
Islamic Republic of Iran,Male,20,-0.0600607666583557,0.801403175957358,0.851490874454692,2021 country-level Pearson correlations across 20 age groups within Male (m=204),FALSE,0.866823843382449,FALSE,FALSE,2021 country-level Pearson correlations across 20 age groups within Male after cartographic/SIDS exclusion (m=159)
Islamic Republic of Mauritania,Female,20,0.762379879869932,0.0000931976018335884,0.00316871846234201,2021 country-level Pearson correlations across 20 age groups within Female (m=204),FALSE,0.00278444594469135,TRUE,TRUE,2021 country-level Pearson correlations across 20 age groups within Female after cartographic/SIDS exclusion (m=159)
Islamic Republic of Mauritania,Male,20,0.817859023845509,0.0000105949450406244,0.000240152087587486,2021 country-level Pearson correlations across 20 age groups within Male (m=204),FALSE,0.00021057453268241,TRUE,TRUE,2021 country-level Pearson correlations across 20 age groups within Male after cartographic/SIDS exclusion (m=159)
Islamic Republic of Pakistan,Female,20,0.409488886945002,0.072981649313843,0.158385707021532,2021 country-level Pearson correlations across 20 age groups within Female (m=204),FALSE,0.16343777804086,FALSE,FALSE,2021 country-level Pearson correlations across 20 age groups within Female after cartographic/SIDS exclusion (m=159)
Islamic Republic of Pakistan,Male,20,0.558192222219051,0.0105348304596569,0.0218223745483308,2021 country-level Pearson correlations across 20 age groups within Male (m=204),FALSE,0.0205347918319748,TRUE,TRUE,2021 country-level Pearson correlations across 20 age groups within Male after cartographic/SIDS exclusion (m=159)
Japan,Female,20,0.195298364998868,0.409284537654179,0.571877025215429,2021 country-level Pearson correlations across 20 age groups within Female (m=204),FALSE,0.608189172775836,FALSE,FALSE,2021 country-level Pearson correlations across 20 age groups within Female after cartographic/SIDS exclusion (m=159)
Japan,Male,20,0.0214489130647358,0.928481200592534,0.951809873974256,2021 country-level Pearson correlations across 20 age groups within Male (m=204),FALSE,0.958626694118266,FALSE,FALSE,2021 country-level Pearson correlations across 20 age groups within Male after cartographic/SIDS exclusion (m=159)
Kingdom of Belgium,Female,20,-0.0358278048868992,0.880798257502581,0.930327416291984,2021 country-level Pearson correlations across 20 age groups within Female (m=204),FALSE,0.932281885653942,FALSE,FALSE,2021 country-level Pearson correlations across 20 age groups within Female after cartographic/SIDS exclusion (m=159)
Kingdom of Belgium,Male,20,0.0767779033000473,0.74765903409459,0.804712358228741,2021 country-level Pearson correlations across 20 age groups within Male (m=204),FALSE,0.821851262410084,FALSE,FALSE,2021 country-level Pearson correlations across 20 age groups within Male after cartographic/SIDS exclusion (m=159)
Kingdom of Bhutan,Female,20,0.422459658150933,0.0635078171774281,0.150646450048783,2021 country-level Pearson correlations across 20 age groups within Female (m=204),FALSE,0.148496219576633,FALSE,FALSE,2021 country-level Pearson correlations across 20 age groups within Female after cartographic/SIDS exclusion (m=159)
Kingdom of Bhutan,Male,20,0.619769232422067,0.00356059646071543,0.00971334206974769,2021 country-level Pearson correlations across 20 age groups within Male (m=204),FALSE,0.00835002913651537,TRUE,TRUE,2021 country-level Pearson correlations across 20 age groups within Male after cartographic/SIDS exclusion (m=159)
Kingdom of Cambodia,Female,20,0.32306625629785,0.164724014732031,0.284777110214698,2021 country-level Pearson correlations across 20 age groups within Female (m=204),FALSE,0.291012426026588,FALSE,FALSE,2021 country-level Pearson correlations across 20 age groups within Female after cartographic/SIDS exclusion (m=159)
Kingdom of Cambodia,Male,20,0.322865697675009,0.165001386490171,0.242160308230179,2021 country-level Pearson correlations across 20 age groups within Male (m=204),FALSE,0.230133512736291,FALSE,FALSE,2021 country-level Pearson correlations across 20 age groups within Male after cartographic/SIDS exclusion (m=159)
Kingdom of Denmark,Female,20,0.0982093864608591,0.6803952583028,0.78569319405044,2021 country-level Pearson correlations across 20 age groups within Female (m=204),FALSE,0.8028962803254,FALSE,FALSE,2021 country-level Pearson correlations across 20 age groups within Female after cartographic/SIDS exclusion (m=159)
Kingdom of Denmark,Male,20,0.197292641237552,0.40442257884792,0.488178734230625,2021 country-level Pearson correlations across 20 age groups within Male (m=204),FALSE,0.502368672162651,FALSE,FALSE,2021 country-level Pearson correlations across 20 age groups within Male after cartographic/SIDS exclusion (m=159)
Kingdom of Eswatini,Female,20,0.477036996903338,0.0334377463298761,0.100296591902772,2021 country-level Pearson correlations across 20 age groups within Female (m=204),FALSE,0.0949393154723268,FALSE,FALSE,2021 country-level Pearson correlations across 20 age groups within Female after cartographic/SIDS exclusion (m=159)
Kingdom of Eswatini,Male,20,0.542021633262925,0.0135588990951932,0.0269906619487907,2021 country-level Pearson correlations across 20 age groups within Male (m=204),FALSE,0.0251952844696389,TRUE,TRUE,2021 country-level Pearson correlations across 20 age groups within Male after cartographic/SIDS exclusion (m=159)
Kingdom of Lesotho,Female,20,0.575327936355464,0.00795256202291434,0.0377284337831285,2021 country-level Pearson correlations across 20 age groups within Female (m=204),FALSE,0.0332751937274574,TRUE,TRUE,2021 country-level Pearson correlations across 20 age groups within Female after cartographic/SIDS exclusion (m=159)
Kingdom of Lesotho,Male,20,0.541689519451223,0.013627638140811,0.0269906619487907,2021 country-level Pearson correlations across 20 age groups within Male (m=204),FALSE,0.0251952844696389,TRUE,TRUE,2021 country-level Pearson correlations across 20 age groups within Male after cartographic/SIDS exclusion (m=159)
Kingdom of Morocco,Female,20,-0.138597942512603,0.560066570742365,0.696145355869523,2021 country-level Pearson correlations across 20 age groups within Female (m=204),FALSE,0.721986614928722,FALSE,FALSE,2021 country-level Pearson correlations across 20 age groups within Female after cartographic/SIDS exclusion (m=159)
Kingdom of Morocco,Male,20,-0.014158964890783,0.952755973669065,0.971811093142446,2021 country-level Pearson correlations across 20 age groups within Male (m=204),FALSE,0.97734322460246,FALSE,FALSE,2021 country-level Pearson correlations across 20 age groups within Male after cartographic/SIDS exclusion (m=159)
Kingdom of Norway,Female,20,-0.126862804004308,0.594048718500143,0.720196440110453,2021 country-level Pearson correlations across 20 age groups within Female (m=204),FALSE,0.74113045887745,FALSE,FALSE,2021 country-level Pearson correlations across 20 age groups within Female after cartographic/SIDS exclusion (m=159)
Kingdom of Norway,Male,20,0.0476996271604528,0.841717789391769,0.88510530430887,2021 country-level Pearson correlations across 20 age groups within Male (m=204),FALSE,0.898208916196586,FALSE,FALSE,2021 country-level Pearson correlations across 20 age groups within Male after cartographic/SIDS exclusion (m=159)
Kingdom of Saudi Arabia,Female,20,-0.0667876760795292,0.779658824123652,0.869127869514891,2021 country-level Pearson correlations across 20 age groups within Female (m=204),FALSE,0.879189737841565,FALSE,FALSE,2021 country-level Pearson correlations across 20 age groups within Female after cartographic/SIDS exclusion (m=159)
Kingdom of Saudi Arabia,Male,20,0.192895261790235,0.415185168902081,0.498222202682497,2021 country-level Pearson correlations across 20 age groups within Male (m=204),FALSE,0.511739859344425,FALSE,FALSE,2021 country-level Pearson correlations across 20 age groups within Male after cartographic/SIDS exclusion (m=159)
Kingdom of Spain,Female,20,-0.0338419999505363,0.887363706194864,0.930327416291984,2021 country-level Pearson correlations across 20 age groups within Female (m=204),FALSE,0.932281885653942,FALSE,FALSE,2021 country-level Pearson correlations across 20 age groups within Female after cartographic/SIDS exclusion (m=159)
Kingdom of Spain,Male,20,0.304643308887149,0.191557162512908,0.273270357710722,2021 country-level Pearson correlations across 20 age groups within Male (m=204),FALSE,0.258115159657224,FALSE,FALSE,2021 country-level Pearson correlations across 20 age groups within Male after cartographic/SIDS exclusion (m=159)
Kingdom of Sweden,Female,20,-0.011968653539499,0.960058262564526,0.964787613611642,2021 country-level Pearson correlations across 20 age groups within Female (m=204),FALSE,0.966134580682023,FALSE,FALSE,2021 country-level Pearson correlations across 20 age groups within Female after cartographic/SIDS exclusion (m=159)
Kingdom of Sweden,Male,20,0.137092448405,0.564377526566093,0.650469013669396,2021 country-level Pearson correlations across 20 age groups within Male (m=204),FALSE,0.669671841223946,FALSE,FALSE,2021 country-level Pearson correlations across 20 age groups within Male after cartographic/SIDS exclusion (m=159)
Kingdom of Thailand,Female,20,0.555433410075371,0.0110078458743643,0.048817403442833,2021 country-level Pearson correlations across 20 age groups within Female (m=204),FALSE,0.0426889632688762,TRUE,TRUE,2021 country-level Pearson correlations across 20 age groups within Female after cartographic/SIDS exclusion (m=159)
Kingdom of Thailand,Male,20,0.55786374018063,0.0105902700013958,0.0218223745483308,2021 country-level Pearson correlations across 20 age groups within Male (m=204),FALSE,0.0205347918319748,TRUE,TRUE,2021 country-level Pearson correlations across 20 age groups within Male after cartographic/SIDS exclusion (m=159)
Kingdom of the Netherlands,Female,20,0.061169217075736,0.797810032455043,0.875017454950693,2021 country-level Pearson correlations across 20 age groups within Female (m=204),FALSE,0.887075490631831,FALSE,FALSE,2021 country-level Pearson correlations across 20 age groups within Female after cartographic/SIDS exclusion (m=159)
Kingdom of the Netherlands,Male,20,0.128563709448726,0.589070307823645,0.663924545834384,2021 country-level Pearson correlations across 20 age groups within Male (m=204),FALSE,0.683665539736931,FALSE,FALSE,2021 country-level Pearson correlations across 20 age groups within Male after cartographic/SIDS exclusion (m=159)
Kyrgyz Republic,Female,20,0.473989341549952,0.034746764136155,0.100296591902772,2021 country-level Pearson correlations across 20 age groups within Female (m=204),FALSE,0.0956937310674774,FALSE,FALSE,2021 country-level Pearson correlations across 20 age groups within Female after cartographic/SIDS exclusion (m=159)
Kyrgyz Republic,Male,20,0.551445974312906,0.0117218023708427,0.023675719640118,2021 country-level Pearson correlations across 20 age groups within Male (m=204),FALSE,0.0221876973448094,TRUE,TRUE,2021 country-level Pearson correlations across 20 age groups within Male after cartographic/SIDS exclusion (m=159)
Lao People's Democratic Republic,Female,20,0.333325315374585,0.150960885002047,0.267791482960153,2021 country-level Pearson correlations across 20 age groups within Female (m=204),FALSE,0.275894031210638,FALSE,FALSE,2021 country-level Pearson correlations across 20 age groups within Female after cartographic/SIDS exclusion (m=159)
Lao People's Democratic Republic,Male,20,0.373382844555444,0.104894527358671,0.159690175978872,2021 country-level Pearson correlations across 20 age groups within Male (m=204),FALSE,0.153011283027786,FALSE,FALSE,2021 country-level Pearson correlations across 20 age groups within Male after cartographic/SIDS exclusion (m=159)
Lebanese Republic,Female,20,-0.260785955321821,0.266770773815943,0.40312028043298,2021 country-level Pearson correlations across 20 age groups within Female (m=204),FALSE,0.415848559183676,FALSE,FALSE,2021 country-level Pearson correlations across 20 age groups within Female after cartographic/SIDS exclusion (m=159)
Lebanese Republic,Male,20,-0.0884405417971695,0.710802265679234,0.779589581712708,2021 country-level Pearson correlations across 20 age groups within Male (m=204),FALSE,0.79589831157041,FALSE,FALSE,2021 country-level Pearson correlations across 20 age groups within Male after cartographic/SIDS exclusion (m=159)
Malaysia,Female,20,0.51788323048081,0.0193380023093733,0.0680164219157267,2021 country-level Pearson correlations across 20 age groups within Female (m=204),FALSE,0.0627498442283746,FALSE,FALSE,2021 country-level Pearson correlations across 20 age groups within Female after cartographic/SIDS exclusion (m=159)
Malaysia,Male,20,0.576024502449489,0.00785970260954398,0.0174280362211627,2021 country-level Pearson correlations across 20 age groups within Male (m=204),FALSE,0.016229775518409,TRUE,TRUE,2021 country-level Pearson correlations across 20 age groups within Male after cartographic/SIDS exclusion (m=159)
Mongolia,Female,20,0.422760556776492,0.0632996518741946,0.150646450048783,2021 country-level Pearson correlations across 20 age groups within Female (m=204),FALSE,0.148496219576633,FALSE,FALSE,2021 country-level Pearson correlations across 20 age groups within Female after cartographic/SIDS exclusion (m=159)
Mongolia,Male,20,0.585323182800818,0.00670264819804071,0.0155379571863671,2021 country-level Pearson correlations across 20 age groups within Male (m=204),FALSE,0.0142096141798463,TRUE,TRUE,2021 country-level Pearson correlations across 20 age groups within Male after cartographic/SIDS exclusion (m=159)
Montenegro,Female,20,0.48720707353468,0.0293461827335704,0.0907063829946722,2021 country-level Pearson correlations across 20 age groups within Female (m=204),FALSE,0.0864082047155129,FALSE,FALSE,2021 country-level Pearson correlations across 20 age groups within Female after cartographic/SIDS exclusion (m=159)
Montenegro,Male,20,0.722192960583391,0.000323488930383459,0.0015712319475768,2021 country-level Pearson correlations across 20 age groups within Male (m=204),FALSE,0.00131883948540949,TRUE,TRUE,2021 country-level Pearson correlations across 20 age groups within Male after cartographic/SIDS exclusion (m=159)
New Zealand,Female,20,-0.295412939889639,0.206046340290201,0.336267627353609,2021 country-level Pearson correlations across 20 age groups within Female (m=204),FALSE,0.344856506380442,FALSE,FALSE,2021 country-level Pearson correlations across 20 age groups within Female after cartographic/SIDS exclusion (m=159)
New Zealand,Male,20,-0.274036550451263,0.242335927101694,0.338606363895518,2021 country-level Pearson correlations across 20 age groups within Male (m=204),FALSE,0.323793381589658,FALSE,FALSE,2021 country-level Pearson correlations across 20 age groups within Male after cartographic/SIDS exclusion (m=159)
North Macedonia,Female,20,0.369135513585565,0.109223658945882,0.204418591054678,2021 country-level Pearson correlations across 20 age groups within Female (m=204),FALSE,0.209235684004762,FALSE,FALSE,2021 country-level Pearson correlations across 20 age groups within Female after cartographic/SIDS exclusion (m=159)
North Macedonia,Male,20,0.723385388808266,0.000312716078612981,0.00155595317163532,2021 country-level Pearson correlations across 20 age groups within Male (m=204),FALSE,0.00130846990788063,TRUE,TRUE,2021 country-level Pearson correlations across 20 age groups within Male after cartographic/SIDS exclusion (m=159)
Palestine,Female,20,-0.0706222074405223,0.767332977287324,0.860087513003374,2021 country-level Pearson correlations across 20 age groups within Female (m=204),FALSE,0.871471024204889,FALSE,FALSE,2021 country-level Pearson correlations across 20 age groups within Female after cartographic/SIDS exclusion (m=159)
Palestine,Male,20,-0.0326537728875638,0.891295618479935,0.922966021167039,2021 country-level Pearson correlations across 20 age groups within Male (m=204),FALSE,0.932342127225721,FALSE,FALSE,2021 country-level Pearson correlations across 20 age groups within Male after cartographic/SIDS exclusion (m=159)
People's Democratic Republic of Algeria,Female,20,-0.00597953136141581,0.980039414394307,0.980039414394307,2021 country-level Pearson correlations across 20 age groups within Female (m=204),FALSE,0.980039414394307,FALSE,FALSE,2021 country-level Pearson correlations across 20 age groups within Female after cartographic/SIDS exclusion (m=159)
People's Democratic Republic of Algeria,Male,20,0.240455294818493,0.307164109007168,0.399117695780014,2021 country-level Pearson correlations across 20 age groups within Male (m=204),FALSE,0.39706579944829,FALSE,FALSE,2021 country-level Pearson correlations across 20 age groups within Male after cartographic/SIDS exclusion (m=159)
People's Republic of Bangladesh,Female,20,0.142556236817503,0.548802253767725,0.686844538457766,2021 country-level Pearson correlations across 20 age groups within Female (m=204),FALSE,0.71524228154974,FALSE,FALSE,2021 country-level Pearson correlations across 20 age groups within Female after cartographic/SIDS exclusion (m=159)
People's Republic of Bangladesh,Male,20,0.582335778948653,0.00705803705938801,0.0161696310395759,2021 country-level Pearson correlations across 20 age groups within Male (m=204),FALSE,0.0147661564795091,TRUE,TRUE,2021 country-level Pearson correlations across 20 age groups within Male after cartographic/SIDS exclusion (m=159)
People's Republic of China,Female,20,0.639366599998887,0.00240315134039656,0.0144771305699882,2021 country-level Pearson correlations across 20 age groups within Female (m=204),FALSE,0.0132291020725754,TRUE,TRUE,2021 country-level Pearson correlations across 20 age groups within Female after cartographic/SIDS exclusion (m=159)
People's Republic of China,Male,20,0.803712636423661,0.0000196546839032533,0.000255941546853589,2021 country-level Pearson correlations across 20 age groups within Male (m=204),FALSE,0.00022798154593681,TRUE,TRUE,2021 country-level Pearson correlations across 20 age groups within Male after cartographic/SIDS exclusion (m=159)
Plurinational State of Bolivia,Female,20,0.115135092448546,0.628841216135507,0.74152374619447,2021 country-level Pearson correlations across 20 age groups within Female (m=204),FALSE,0.757467828526861,FALSE,FALSE,2021 country-level Pearson correlations across 20 age groups within Female after cartographic/SIDS exclusion (m=159)
Plurinational State of Bolivia,Male,20,0.38418312113722,0.0944485395681429,0.147080168487795,2021 country-level Pearson correlations across 20 age groups within Male (m=204),FALSE,0.140348764404997,FALSE,FALSE,2021 country-level Pearson correlations across 20 age groups within Male after cartographic/SIDS exclusion (m=159)
Portuguese Republic,Female,20,0.244006828304613,0.299854798245279,0.436931277443121,2021 country-level Pearson correlations across 20 age groups within Female (m=204),FALSE,0.454065837342851,FALSE,FALSE,2021 country-level Pearson correlations across 20 age groups within Female after cartographic/SIDS exclusion (m=159)
Portuguese Republic,Male,20,0.402376262218329,0.0786051945548189,0.125277028821743,2021 country-level Pearson correlations across 20 age groups within Male (m=204),FALSE,0.120175249367464,FALSE,FALSE,2021 country-level Pearson correlations across 20 age groups within Male after cartographic/SIDS exclusion (m=159)
Principality of Andorra,Female,20,0.0291315612562129,0.902964845224573,0.930327416291984,2021 country-level Pearson correlations across 20 age groups within Female (m=204),FALSE,0.932281885653942,FALSE,FALSE,2021 country-level Pearson correlations across 20 age groups within Female after cartographic/SIDS exclusion (m=159)
Principality of Andorra,Male,20,0.129852979371928,0.585308490381163,0.663349622431985,2021 country-level Pearson correlations across 20 age groups within Male (m=204),FALSE,0.683665539736931,FALSE,FALSE,2021 country-level Pearson correlations across 20 age groups within Male after cartographic/SIDS exclusion (m=159)
Principality of Monaco,Female,20,-0.0239192354180644,0.920268023993727,0.943307885311772,2021 country-level Pearson correlations across 20 age groups within Female (m=204),FALSE,0.942596491733105,FALSE,FALSE,2021 country-level Pearson correlations across 20 age groups within Female after cartographic/SIDS exclusion (m=159)
Principality of Monaco,Male,20,0.097385620223087,0.682941862562319,0.757442675352487,2021 country-level Pearson correlations across 20 age groups within Male (m=204),FALSE,0.775901362398892,FALSE,FALSE,2021 country-level Pearson correlations across 20 age groups within Male after cartographic/SIDS exclusion (m=159)
Republic of Albania,Female,20,0.383006690771063,0.0955478385273337,0.187420760188231,2021 country-level Pearson correlations across 20 age groups within Female (m=204),FALSE,0.194770593921103,FALSE,FALSE,2021 country-level Pearson correlations across 20 age groups within Female after cartographic/SIDS exclusion (m=159)
Republic of Albania,Male,20,0.724124681077242,0.000306191870004472,0.00155595317163532,2021 country-level Pearson correlations across 20 age groups within Male (m=204),FALSE,0.00130846990788063,TRUE,TRUE,2021 country-level Pearson correlations across 20 age groups within Male after cartographic/SIDS exclusion (m=159)
Republic of Angola,Female,20,0.449100107646328,0.046989771018404,0.119239077868731,2021 country-level Pearson correlations across 20 age groups within Female (m=204),FALSE,0.115812977667525,FALSE,FALSE,2021 country-level Pearson correlations across 20 age groups within Female after cartographic/SIDS exclusion (m=159)
Republic of Angola,Male,20,0.636432133779292,0.00255313530145519,0.00777372539547551,2021 country-level Pearson correlations across 20 age groups within Male (m=204),FALSE,0.00665489365461271,TRUE,TRUE,2021 country-level Pearson correlations across 20 age groups within Male after cartographic/SIDS exclusion (m=159)
Republic of Armenia,Female,20,0.413583851980873,0.0698835012422651,0.156940766099688,2021 country-level Pearson correlations across 20 age groups within Female (m=204),FALSE,0.158735381393145,FALSE,FALSE,2021 country-level Pearson correlations across 20 age groups within Female after cartographic/SIDS exclusion (m=159)
Republic of Armenia,Male,20,0.638120850410779,0.00246589883386247,0.00773912864781453,2021 country-level Pearson correlations across 20 age groups within Male (m=204),FALSE,0.00653463190973555,TRUE,TRUE,2021 country-level Pearson correlations across 20 age groups within Male after cartographic/SIDS exclusion (m=159)
Republic of Austria,Female,20,0.120754537541937,0.612070078794406,0.734484094553287,2021 country-level Pearson correlations across 20 age groups within Female (m=204),FALSE,0.754411957583803,FALSE,FALSE,2021 country-level Pearson correlations across 20 age groups within Female after cartographic/SIDS exclusion (m=159)
Republic of Austria,Male,20,0.181444532492278,0.443923568509383,0.523470566334764,2021 country-level Pearson correlations across 20 age groups within Male (m=204),FALSE,0.53880799536635,FALSE,FALSE,2021 country-level Pearson correlations across 20 age groups within Male after cartographic/SIDS exclusion (m=159)
Republic of Azerbaijan,Female,20,0.450609002099026,0.0461644475782696,0.119239077868731,2021 country-level Pearson correlations across 20 age groups within Female (m=204),FALSE,0.115812977667525,FALSE,FALSE,2021 country-level Pearson correlations across 20 age groups within Female after cartographic/SIDS exclusion (m=159)
Republic of Azerbaijan,Male,20,0.685592875209889,0.000848134553318402,0.00327288906337823,2021 country-level Pearson correlations across 20 age groups within Male (m=204),FALSE,0.0027510010437565,TRUE,TRUE,2021 country-level Pearson correlations across 20 age groups within Male after cartographic/SIDS exclusion (m=159)
Republic of Belarus,Female,20,0.172912295391258,0.465992550322308,0.621323400429744,2021 country-level Pearson correlations across 20 age groups within Female (m=204),FALSE,0.660202836965815,FALSE,FALSE,2021 country-level Pearson correlations across 20 age groups within Female after cartographic/SIDS exclusion (m=159)
Republic of Belarus,Male,20,0.414293408558413,0.069356848745261,0.112292040825661,2021 country-level Pearson correlations across 20 age groups within Male (m=204),FALSE,0.108115087749966,FALSE,FALSE,2021 country-level Pearson correlations across 20 age groups within Male after cartographic/SIDS exclusion (m=159)
Republic of Benin,Female,20,0.742520121173512,0.000177243679587178,0.00328706460325312,2021 country-level Pearson correlations across 20 age groups within Female (m=204),FALSE,0.00281817450543613,TRUE,TRUE,2021 country-level Pearson correlations across 20 age groups within Female after cartographic/SIDS exclusion (m=159)
Republic of Benin,Male,20,0.776545722091488,0.0000567058775699936,0.000444923039395334,2021 country-level Pearson correlations across 20 age groups within Male (m=204),FALSE,0.000392010197114304,TRUE,TRUE,2021 country-level Pearson correlations across 20 age groups within Male after cartographic/SIDS exclusion (m=159)
Republic of Botswana,Female,20,0.624362603733122,0.00325465830748336,0.0174723761770159,2021 country-level Pearson correlations across 20 age groups within Female (m=204),FALSE,0.0156815354815107,TRUE,TRUE,2021 country-level Pearson correlations across 20 age groups within Female after cartographic/SIDS exclusion (m=159)
Republic of Botswana,Male,20,0.661600048653597,0.00148802556755207,0.00505928692967705,2021 country-level Pearson correlations across 20 age groups within Male (m=204),FALSE,0.00422492973644249,TRUE,TRUE,2021 country-level Pearson correlations across 20 age groups within Male after cartographic/SIDS exclusion (m=159)
Republic of Bulgaria,Female,20,0.361047880608488,0.117821250685373,0.21434431657095,2021 country-level Pearson correlations across 20 age groups within Female (m=204),FALSE,0.220395045399698,FALSE,FALSE,2021 country-level Pearson correlations across 20 age groups within Female after cartographic/SIDS exclusion (m=159)
Republic of Bulgaria,Male,20,0.693255846768632,0.000701048239918523,0.00297945501965372,2021 country-level Pearson correlations across 20 age groups within Male (m=204),FALSE,0.00247703711437878,TRUE,TRUE,2021 country-level Pearson correlations across 20 age groups within Male after cartographic/SIDS exclusion (m=159)
Republic of Burundi,Female,20,0.635286356108231,0.00261377752071518,0.0152345889778828,2021 country-level Pearson correlations across 20 age groups within Female (m=204),FALSE,0.0138530208597905,TRUE,TRUE,2021 country-level Pearson correlations across 20 age groups within Female after cartographic/SIDS exclusion (m=159)
Republic of Burundi,Male,20,0.740340837498787,0.000189540086188673,0.00107406048840248,2021 country-level Pearson correlations across 20 age groups within Male (m=204),FALSE,0.000913238597090879,TRUE,TRUE,2021 country-level Pearson correlations across 20 age groups within Male after cartographic/SIDS exclusion (m=159)
Republic of Côte d'Ivoire,Female,20,0.763613206504242,0.0000893720483083082,0.00316871846234201,2021 country-level Pearson correlations across 20 age groups within Female (m=204),FALSE,0.00278444594469135,TRUE,TRUE,2021 country-level Pearson correlations across 20 age groups within Female after cartographic/SIDS exclusion (m=159)
Republic of Côte d'Ivoire,Male,20,0.811171200630314,0.0000142796924584745,0.000252108041560689,2021 country-level Pearson correlations across 20 age groups within Male (m=204),FALSE,0.00022798154593681,TRUE,TRUE,2021 country-level Pearson correlations across 20 age groups within Male after cartographic/SIDS exclusion (m=159)
Republic of Cameroon,Female,20,0.725051988004943,0.000298172858541053,0.00405515087615832,2021 country-level Pearson correlations across 20 age groups within Female (m=204),FALSE,0.00338639175057339,TRUE,TRUE,2021 country-level Pearson correlations across 20 age groups within Female after cartographic/SIDS exclusion (m=159)
Republic of Cameroon,Male,20,0.775333251014479,0.0000592502954373803,0.000447668898860207,2021 country-level Pearson correlations across 20 age groups within Male (m=204),FALSE,0.000392533207272645,TRUE,TRUE,2021 country-level Pearson correlations across 20 age groups within Male after cartographic/SIDS exclusion (m=159)
Republic of Chad,Female,20,0.746284300003077,0.000157610147812718,0.00321524701537945,2021 country-level Pearson correlations across 20 age groups within Female (m=204),FALSE,0.00278444594469135,TRUE,TRUE,2021 country-level Pearson correlations across 20 age groups within Female after cartographic/SIDS exclusion (m=159)
Republic of Chad,Male,20,0.803208693936249,0.0000200738468120462,0.000255941546853589,2021 country-level Pearson correlations across 20 age groups within Male (m=204),FALSE,0.00022798154593681,TRUE,TRUE,2021 country-level Pearson correlations across 20 age groups within Male after cartographic/SIDS exclusion (m=159)
Republic of Chile,Female,20,-0.173358709275138,0.464824274513604,0.621323400429744,2021 country-level Pearson correlations across 20 age groups within Female (m=204),FALSE,0.660202836965815,FALSE,FALSE,2021 country-level Pearson correlations across 20 age groups within Female after cartographic/SIDS exclusion (m=159)
Republic of Chile,Male,20,-0.0505843407865575,0.832271800712206,0.879706981063679,2021 country-level Pearson correlations across 20 age groups within Male (m=204),FALSE,0.894129839954329,FALSE,FALSE,2021 country-level Pearson correlations across 20 age groups within Male after cartographic/SIDS exclusion (m=159)
Republic of Colombia,Female,20,0.625295808066525,0.00319525351348995,0.0174723761770159,2021 country-level Pearson correlations across 20 age groups within Female (m=204),FALSE,0.0156815354815107,TRUE,TRUE,2021 country-level Pearson correlations across 20 age groups within Female after cartographic/SIDS exclusion (m=159)
Republic of Colombia,Male,20,0.655766475045082,0.00169362404807115,0.00557256944849216,2021 country-level Pearson correlations across 20 age groups within Male (m=204),FALSE,0.0046428659248847,TRUE,TRUE,2021 country-level Pearson correlations across 20 age groups within Male after cartographic/SIDS exclusion (m=159)
Republic of Costa Rica,Female,20,0.404241880568303,0.0770999933545562,0.162291780346961,2021 country-level Pearson correlations across 20 age groups within Female (m=204),FALSE,0.167516595215046,FALSE,FALSE,2021 country-level Pearson correlations across 20 age groups within Female after cartographic/SIDS exclusion (m=159)
Republic of Costa Rica,Male,20,0.611325183498528,0.00418526584313522,0.0111049046897647,2021 country-level Pearson correlations across 20 age groups within Male (m=204),FALSE,0.00964430824722464,TRUE,TRUE,2021 country-level Pearson correlations across 20 age groups within Male after cartographic/SIDS exclusion (m=159)
Republic of Croatia,Female,20,0.38057686387026,0.0978479278539114,0.189202955243619,2021 country-level Pearson correlations across 20 age groups within Female (m=204),FALSE,0.194802098617749,FALSE,FALSE,2021 country-level Pearson correlations across 20 age groups within Female after cartographic/SIDS exclusion (m=159)
Republic of Croatia,Male,20,0.777814462859008,0.0000541447699811868,0.000441821323046485,2021 country-level Pearson correlations across 20 age groups within Male (m=204),FALSE,0.000391319019409486,TRUE,TRUE,2021 country-level Pearson correlations across 20 age groups within Male after cartographic/SIDS exclusion (m=159)
Republic of Cyprus,Female,20,0.148168416945742,0.533008983903489,0.671196498248838,2021 country-level Pearson correlations across 20 age groups within Female (m=204),FALSE,0.700400235046734,FALSE,FALSE,2021 country-level Pearson correlations across 20 age groups within Female after cartographic/SIDS exclusion (m=159)
Republic of Cyprus,Male,20,0.434190732574473,0.0557667792525627,0.0948035247293567,2021 country-level Pearson correlations across 20 age groups within Male (m=204),FALSE,0.0914115247542007,FALSE,FALSE,2021 country-level Pearson correlations across 20 age groups within Male after cartographic/SIDS exclusion (m=159)
Republic of Djibouti,Female,20,0.686576803567766,0.00082790199546199,0.00767690941246573,2021 country-level Pearson correlations across 20 age groups within Female (m=204),FALSE,0.00692823248833981,TRUE,TRUE,2021 country-level Pearson correlations across 20 age groups within Female after cartographic/SIDS exclusion (m=159)
Republic of Djibouti,Male,20,0.777997486646739,0.0000537836754615404,0.000441821323046485,2021 country-level Pearson correlations across 20 age groups within Male (m=204),FALSE,0.000391319019409486,TRUE,TRUE,2021 country-level Pearson correlations across 20 age groups within Male after cartographic/SIDS exclusion (m=159)
Republic of Ecuador,Female,20,0.168543049729629,0.477505196547602,0.624429872408403,2021 country-level Pearson correlations across 20 age groups within Female (m=204),FALSE,0.660202836965815,FALSE,FALSE,2021 country-level Pearson correlations across 20 age groups within Female after cartographic/SIDS exclusion (m=159)
Republic of Ecuador,Male,20,0.437056422037085,0.0539898959392401,0.0930932371733042,2021 country-level Pearson correlations across 20 age groups within Male (m=204),FALSE,0.0894207651493664,FALSE,FALSE,2021 country-level Pearson correlations across 20 age groups within Male after cartographic/SIDS exclusion (m=159)
Republic of El Salvador,Female,20,0.403168086355249,0.0779636984019713,0.162291780346961,2021 country-level Pearson correlations across 20 age groups within Female (m=204),FALSE,0.167516595215046,FALSE,FALSE,2021 country-level Pearson correlations across 20 age groups within Female after cartographic/SIDS exclusion (m=159)
Republic of El Salvador,Male,20,0.632294877827695,0.00277778992103037,0.00809527348414565,2021 country-level Pearson correlations across 20 age groups within Male (m=204),FALSE,0.00690107183505983,TRUE,TRUE,2021 country-level Pearson correlations across 20 age groups within Male after cartographic/SIDS exclusion (m=159)
Republic of Equatorial Guinea,Female,20,0.49911328181236,0.0250673258984228,0.083721475316636,2021 country-level Pearson correlations across 20 age groups within Female (m=204),FALSE,0.0781510748597887,FALSE,FALSE,2021 country-level Pearson correlations across 20 age groups within Female after cartographic/SIDS exclusion (m=159)
Republic of Equatorial Guinea,Male,20,0.679030939714854,0.000994049646644285,0.00355765136693744,2021 country-level Pearson correlations across 20 age groups within Male (m=204),FALSE,0.00298214893993286,TRUE,TRUE,2021 country-level Pearson correlations across 20 age groups within Male after cartographic/SIDS exclusion (m=159)
Republic of Estonia,Female,20,0.458198222398624,0.0421810681098773,0.113222867031776,2021 country-level Pearson correlations across 20 age groups within Female (m=204),FALSE,0.109947374253615,FALSE,FALSE,2021 country-level Pearson correlations across 20 age groups within Female after cartographic/SIDS exclusion (m=159)
Republic of Estonia,Male,20,0.693964303709633,0.000688615477890864,0.00297945501965372,2021 country-level Pearson correlations across 20 age groups within Male (m=204),FALSE,0.00247703711437878,TRUE,TRUE,2021 country-level Pearson correlations across 20 age groups within Male after cartographic/SIDS exclusion (m=159)
Republic of Finland,Female,20,-0.116063019109577,0.626059456054365,0.74152374619447,2021 country-level Pearson correlations across 20 age groups within Female (m=204),FALSE,0.757467828526861,FALSE,FALSE,2021 country-level Pearson correlations across 20 age groups within Female after cartographic/SIDS exclusion (m=159)
Republic of Finland,Male,20,0.00180274484909359,0.993981641733634,0.994313120577629,2021 country-level Pearson correlations across 20 age groups within Male (m=204),FALSE,0.994313120577629,FALSE,FALSE,2021 country-level Pearson correlations across 20 age groups within Male after cartographic/SIDS exclusion (m=159)
Republic of Ghana,Female,20,0.732432215415567,0.000240493898756887,0.00385942218761546,2021 country-level Pearson correlations across 20 age groups within Female (m=204),FALSE,0.0032394697547632,TRUE,TRUE,2021 country-level Pearson correlations across 20 age groups within Female after cartographic/SIDS exclusion (m=159)
Republic of Ghana,Male,20,0.809772599824818,0.0000151771358613131,0.000252108041560689,2021 country-level Pearson correlations across 20 age groups within Male (m=204),FALSE,0.00022798154593681,TRUE,TRUE,2021 country-level Pearson correlations across 20 age groups within Male after cartographic/SIDS exclusion (m=159)
Republic of Guatemala,Female,20,0.379630708516464,0.098754403730496,0.189202955243619,2021 country-level Pearson correlations across 20 age groups within Female (m=204),FALSE,0.194802098617749,FALSE,FALSE,2021 country-level Pearson correlations across 20 age groups within Female after cartographic/SIDS exclusion (m=159)
Republic of Guatemala,Male,20,0.570474957947475,0.00862469014362611,0.0189186751537605,2021 country-level Pearson correlations across 20 age groups within Male (m=204),FALSE,0.0175810991389301,TRUE,TRUE,2021 country-level Pearson correlations across 20 age groups within Male after cartographic/SIDS exclusion (m=159)
Republic of Guinea,Female,20,0.716495159753148,0.00037944200243151,0.00483462646322347,2021 country-level Pearson correlations across 20 age groups within Female (m=204),FALSE,0.00402208522577401,TRUE,TRUE,2021 country-level Pearson correlations across 20 age groups within Female after cartographic/SIDS exclusion (m=159)
Republic of Guinea,Male,20,0.794033280889774,0.0000291812285773172,0.000313314243672248,2021 country-level Pearson correlations across 20 age groups within Male (m=204),FALSE,0.00027293031434079,TRUE,TRUE,2021 country-level Pearson correlations across 20 age groups within Male after cartographic/SIDS exclusion (m=159)
Republic of Honduras,Female,20,0.504698201549172,0.0232382024636659,0.079009888376464,2021 country-level Pearson correlations across 20 age groups within Female (m=204),FALSE,0.0738974838344576,FALSE,FALSE,2021 country-level Pearson correlations across 20 age groups within Female after cartographic/SIDS exclusion (m=159)
Republic of Honduras,Male,20,0.741960476009183,0.000180334317717731,0.00107406048840248,2021 country-level Pearson correlations across 20 age groups within Male (m=204),FALSE,0.000913238597090879,TRUE,TRUE,2021 country-level Pearson correlations across 20 age groups within Male after cartographic/SIDS exclusion (m=159)
Republic of Iceland,Female,20,0.287799340089367,0.218531158378661,0.351674879764461,2021 country-level Pearson correlations across 20 age groups within Female (m=204),FALSE,0.35887259182756,FALSE,FALSE,2021 country-level Pearson correlations across 20 age groups within Female after cartographic/SIDS exclusion (m=159)
Republic of Iceland,Male,20,0.305017948038499,0.190983945737631,0.273270357710722,2021 country-level Pearson correlations across 20 age groups within Male (m=204),FALSE,0.258115159657224,FALSE,FALSE,2021 country-level Pearson correlations across 20 age groups within Male after cartographic/SIDS exclusion (m=159)
Republic of India,Female,20,0.257708848007515,0.272658724737462,0.408988087106193,2021 country-level Pearson correlations across 20 age groups within Female (m=204),FALSE,0.420900361487927,FALSE,FALSE,2021 country-level Pearson correlations across 20 age groups within Female after cartographic/SIDS exclusion (m=159)
Republic of India,Male,20,0.474460552812017,0.0345418021560792,0.0634822309895509,2021 country-level Pearson correlations across 20 age groups within Male (m=204),FALSE,0.0596972450306151,FALSE,FALSE,2021 country-level Pearson correlations across 20 age groups within Male after cartographic/SIDS exclusion (m=159)
Republic of Indonesia,Female,20,0.261925801569448,0.264610161369962,0.40312028043298,2021 country-level Pearson correlations across 20 age groups within Female (m=204),FALSE,0.415848559183676,FALSE,FALSE,2021 country-level Pearson correlations across 20 age groups within Female after cartographic/SIDS exclusion (m=159)
Republic of Indonesia,Male,20,0.421318174276435,0.0643022075440216,0.105787502733713,2021 country-level Pearson correlations across 20 age groups within Male (m=204),FALSE,0.101228227717816,FALSE,FALSE,2021 country-level Pearson correlations across 20 age groups within Male after cartographic/SIDS exclusion (m=159)
Republic of Iraq,Female,20,-0.162100896548602,0.494735400618023,0.634754853623124,2021 country-level Pearson correlations across 20 age groups within Female (m=204),FALSE,0.666422627340702,FALSE,FALSE,2021 country-level Pearson correlations across 20 age groups within Female after cartographic/SIDS exclusion (m=159)
Republic of Iraq,Male,20,-0.082051266855447,0.73092321995596,0.797370785406502,2021 country-level Pearson correlations across 20 age groups within Male (m=204),FALSE,0.812704838972011,FALSE,FALSE,2021 country-level Pearson correlations across 20 age groups within Male after cartographic/SIDS exclusion (m=159)
Republic of Italy,Female,20,0.159064476434982,0.502960473464681,0.637291531595,2021 country-level Pearson correlations across 20 age groups within Female (m=204),FALSE,0.666422627340702,FALSE,FALSE,2021 country-level Pearson correlations across 20 age groups within Female after cartographic/SIDS exclusion (m=159)
Republic of Italy,Male,20,0.429631726591661,0.0586848273697745,0.098939708954,2021 country-level Pearson correlations across 20 age groups within Male (m=204),FALSE,0.0951717571969122,FALSE,FALSE,2021 country-level Pearson correlations across 20 age groups within Male after cartographic/SIDS exclusion (m=159)
Republic of Kazakhstan,Female,20,0.458847542530072,0.0418530078153851,0.113222867031776,2021 country-level Pearson correlations across 20 age groups within Female (m=204),FALSE,0.109947374253615,FALSE,FALSE,2021 country-level Pearson correlations across 20 age groups within Female after cartographic/SIDS exclusion (m=159)
Republic of Kazakhstan,Male,20,0.556372436768785,0.0108449497662428,0.0221236975231352,2021 country-level Pearson correlations across 20 age groups within Male (m=204),FALSE,0.0207752652148507,TRUE,TRUE,2021 country-level Pearson correlations across 20 age groups within Male after cartographic/SIDS exclusion (m=159)
Republic of Kenya,Female,20,0.70686412377203,0.000492768078233715,0.00502623439798389,2021 country-level Pearson correlations across 20 age groups within Female (m=204),FALSE,0.00460883084936239,TRUE,TRUE,2021 country-level Pearson correlations across 20 age groups within Female after cartographic/SIDS exclusion (m=159)
Republic of Kenya,Male,20,0.808840532503644,0.0000158020159020608,0.000252108041560689,2021 country-level Pearson correlations across 20 age groups within Male (m=204),FALSE,0.00022798154593681,TRUE,TRUE,2021 country-level Pearson correlations across 20 age groups within Male after cartographic/SIDS exclusion (m=159)
Republic of Korea,Female,20,0.552047349071001,0.0116117882776215,0.0504001023113785,2021 country-level Pearson correlations across 20 age groups within Female (m=204),FALSE,0.0439589127652814,FALSE,TRUE,2021 country-level Pearson correlations across 20 age groups within Female after cartographic/SIDS exclusion (m=159)
Republic of Korea,Male,20,0.472208547456386,0.0355299281653136,0.0647152263011069,2021 country-level Pearson correlations across 20 age groups within Male (m=204),FALSE,0.0607447158955362,FALSE,FALSE,2021 country-level Pearson correlations across 20 age groups within Male after cartographic/SIDS exclusion (m=159)
Republic of Latvia,Female,20,0.272169539622389,0.245688558177661,0.382598976093456,2021 country-level Pearson correlations across 20 age groups within Female (m=204),FALSE,0.394590714648971,FALSE,FALSE,2021 country-level Pearson correlations across 20 age groups within Female after cartographic/SIDS exclusion (m=159)
Republic of Latvia,Male,20,0.588821744960068,0.00630524043264922,0.014784701704143,2021 country-level Pearson correlations across 20 age groups within Male (m=204),FALSE,0.0135477463350166,TRUE,TRUE,2021 country-level Pearson correlations across 20 age groups within Male after cartographic/SIDS exclusion (m=159)
Republic of Liberia,Female,20,0.729147536767747,0.000264862306993218,0.00385942218761546,2021 country-level Pearson correlations across 20 age groups within Female (m=204),FALSE,0.0032394697547632,TRUE,TRUE,2021 country-level Pearson correlations across 20 age groups within Female after cartographic/SIDS exclusion (m=159)
Republic of Liberia,Male,20,0.838714844359805,0.00000384487479194701,0.000208186294180673,2021 country-level Pearson correlations across 20 age groups within Male (m=204),FALSE,0.000194715416321923,TRUE,TRUE,2021 country-level Pearson correlations across 20 age groups within Male after cartographic/SIDS exclusion (m=159)
Republic of Lithuania,Female,20,0.163094437413257,0.492058439895139,0.634754853623124,2021 country-level Pearson correlations across 20 age groups within Female (m=204),FALSE,0.666422627340702,FALSE,FALSE,2021 country-level Pearson correlations across 20 age groups within Female after cartographic/SIDS exclusion (m=159)
Republic of Lithuania,Male,20,0.345859962739889,0.135258004268158,0.202887006402236,2021 country-level Pearson correlations across 20 age groups within Male (m=204),FALSE,0.193747952059794,FALSE,FALSE,2021 country-level Pearson correlations across 20 age groups within Male after cartographic/SIDS exclusion (m=159)
Republic of Madagascar,Female,20,0.641324004004613,0.0023072526755852,0.0144771305699882,2021 country-level Pearson correlations across 20 age groups within Female (m=204),FALSE,0.0132291020725754,TRUE,TRUE,2021 country-level Pearson correlations across 20 age groups within Female after cartographic/SIDS exclusion (m=159)
Republic of Madagascar,Male,20,0.740593083831231,0.000188080463720926,0.00107406048840248,2021 country-level Pearson correlations across 20 age groups within Male (m=204),FALSE,0.000913238597090879,TRUE,TRUE,2021 country-level Pearson correlations across 20 age groups within Male after cartographic/SIDS exclusion (m=159)
Republic of Malawi,Female,20,0.642628999221147,0.00224510976260588,0.0144771305699882,2021 country-level Pearson correlations across 20 age groups within Female (m=204),FALSE,0.0132291020725754,TRUE,TRUE,2021 country-level Pearson correlations across 20 age groups within Female after cartographic/SIDS exclusion (m=159)
Republic of Malawi,Male,20,0.744286152695629,0.000167786269798024,0.00103722421329688,2021 country-level Pearson correlations across 20 age groups within Male (m=204),FALSE,0.000889267229929527,TRUE,TRUE,2021 country-level Pearson correlations across 20 age groups within Male after cartographic/SIDS exclusion (m=159)
Republic of Mali,Female,20,0.730490660633225,0.000254654722395236,0.00385942218761546,2021 country-level Pearson correlations across 20 age groups within Female (m=204),FALSE,0.0032394697547632,TRUE,TRUE,2021 country-level Pearson correlations across 20 age groups within Female after cartographic/SIDS exclusion (m=159)
Republic of Mali,Male,20,0.761995647962567,0.0000944178098229464,0.000664180455306244,2021 country-level Pearson correlations across 20 age groups within Male (m=204),FALSE,0.000577401221609557,TRUE,TRUE,2021 country-level Pearson correlations across 20 age groups within Male after cartographic/SIDS exclusion (m=159)
Republic of Malta,Female,20,0.159090811142572,0.502888855255018,0.637291531595,2021 country-level Pearson correlations across 20 age groups within Female (m=204),FALSE,0.666422627340702,FALSE,FALSE,2021 country-level Pearson correlations across 20 age groups within Female after cartographic/SIDS exclusion (m=159)
Republic of Malta,Male,20,0.517435179796996,0.0194613414876461,0.03710386601383,2021 country-level Pearson correlations across 20 age groups within Male (m=204),FALSE,0.0347680145678172,TRUE,TRUE,2021 country-level Pearson correlations across 20 age groups within Male after cartographic/SIDS exclusion (m=159)
Republic of Moldova,Female,20,0.244592054245232,0.298660622380083,0.436931277443121,2021 country-level Pearson correlations across 20 age groups within Female (m=204),FALSE,0.454065837342851,FALSE,FALSE,2021 country-level Pearson correlations across 20 age groups within Female after cartographic/SIDS exclusion (m=159)
Republic of Moldova,Male,20,0.601683464629962,0.00500671575046482,0.01245573186701,2021 country-level Pearson correlations across 20 age groups within Male (m=204),FALSE,0.0110564972822765,TRUE,TRUE,2021 country-level Pearson correlations across 20 age groups within Male after cartographic/SIDS exclusion (m=159)
Republic of Mozambique,Female,20,0.604243296073551,0.00477667059519249,0.0249522973628287,2021 country-level Pearson correlations across 20 age groups within Female (m=204),FALSE,0.022226416138318,TRUE,TRUE,2021 country-level Pearson correlations across 20 age groups within Female after cartographic/SIDS exclusion (m=159)
Republic of Mozambique,Male,20,0.688232008784275,0.00079478636804268,0.00321840999861667,2021 country-level Pearson correlations across 20 age groups within Male (m=204),FALSE,0.00266524578010443,TRUE,TRUE,2021 country-level Pearson correlations across 20 age groups within Male after cartographic/SIDS exclusion (m=159)
Republic of Namibia,Female,20,0.599932133639689,0.00516930629460421,0.0257204508316892,2021 country-level Pearson correlations across 20 age groups within Female (m=204),FALSE,0.0228311028011686,TRUE,TRUE,2021 country-level Pearson correlations across 20 age groups within Female after cartographic/SIDS exclusion (m=159)
Republic of Namibia,Male,20,0.632380937825859,0.00277295465621161,0.00809527348414565,2021 country-level Pearson correlations across 20 age groups within Male (m=204),FALSE,0.00690107183505983,TRUE,TRUE,2021 country-level Pearson correlations across 20 age groups within Male after cartographic/SIDS exclusion (m=159)
Republic of Nicaragua,Female,20,0.403312994438127,0.0778467237820699,0.162291780346961,2021 country-level Pearson correlations across 20 age groups within Female (m=204),FALSE,0.167516595215046,FALSE,FALSE,2021 country-level Pearson correlations across 20 age groups within Female after cartographic/SIDS exclusion (m=159)
Republic of Nicaragua,Male,20,0.654188917269866,0.00175314355848961,0.00567684580844254,2021 country-level Pearson correlations across 20 age groups within Male (m=204),FALSE,0.00472457331864149,TRUE,TRUE,2021 country-level Pearson correlations across 20 age groups within Male after cartographic/SIDS exclusion (m=159)
Republic of Panama,Female,20,0.477482537808572,0.0332496511229098,0.100296591902772,2021 country-level Pearson correlations across 20 age groups within Female (m=204),FALSE,0.0949393154723268,FALSE,FALSE,2021 country-level Pearson correlations across 20 age groups within Female after cartographic/SIDS exclusion (m=159)
Republic of Panama,Male,20,0.705694810221728,0.000508304983400262,0.00230431592474785,2021 country-level Pearson correlations across 20 age groups within Male (m=204),FALSE,0.00192429743715814,TRUE,TRUE,2021 country-level Pearson correlations across 20 age groups within Male after cartographic/SIDS exclusion (m=159)
Republic of Paraguay,Female,20,-0.057334281249021,0.810257541511856,0.883917318012934,2021 country-level Pearson correlations across 20 age groups within Female (m=204),FALSE,0.894659368752674,FALSE,FALSE,2021 country-level Pearson correlations across 20 age groups within Female after cartographic/SIDS exclusion (m=159)
Republic of Paraguay,Male,20,0.459892744039301,0.041329078701907,0.0733141917842525,2021 country-level Pearson correlations across 20 age groups within Male (m=204),FALSE,0.0691718264589812,FALSE,FALSE,2021 country-level Pearson correlations across 20 age groups within Male after cartographic/SIDS exclusion (m=159)
Republic of Peru,Female,20,0.331625445114976,0.153184071321054,0.269392677150818,2021 country-level Pearson correlations across 20 age groups within Female (m=204),FALSE,0.276775765227814,FALSE,FALSE,2021 country-level Pearson correlations across 20 age groups within Female after cartographic/SIDS exclusion (m=159)
Republic of Peru,Male,20,0.568737929627651,0.0088762342268851,0.0192633168328145,2021 country-level Pearson correlations across 20 age groups within Male (m=204),FALSE,0.0178648258490472,TRUE,TRUE,2021 country-level Pearson correlations across 20 age groups within Male after cartographic/SIDS exclusion (m=159)
Republic of Poland,Female,20,0.396332835951362,0.0836311571648829,0.168918376847882,2021 country-level Pearson correlations across 20 age groups within Female (m=204),FALSE,0.174965184068637,FALSE,FALSE,2021 country-level Pearson correlations across 20 age groups within Female after cartographic/SIDS exclusion (m=159)
Republic of Poland,Male,20,0.366946113691401,0.111504942290502,0.168496357238981,2021 country-level Pearson correlations across 20 age groups within Male (m=204),FALSE,0.161175325674453,FALSE,FALSE,2021 country-level Pearson correlations across 20 age groups within Male after cartographic/SIDS exclusion (m=159)
Republic of Rwanda,Female,20,0.64613921762798,0.0020848547323245,0.0141770121798066,2021 country-level Pearson correlations across 20 age groups within Female (m=204),FALSE,0.0132291020725754,TRUE,TRUE,2021 country-level Pearson correlations across 20 age groups within Female after cartographic/SIDS exclusion (m=159)
Republic of Rwanda,Male,20,0.76060765629003,0.0000989407820544423,0.000672797317970208,2021 country-level Pearson correlations across 20 age groups within Male (m=204),FALSE,0.000582651272098383,TRUE,TRUE,2021 country-level Pearson correlations across 20 age groups within Male after cartographic/SIDS exclusion (m=159)
Republic of San Marino,Female,20,-0.0376009890105358,0.874942082170419,0.92962596230607,2021 country-level Pearson correlations across 20 age groups within Female (m=204),FALSE,0.932281885653942,FALSE,FALSE,2021 country-level Pearson correlations across 20 age groups within Female after cartographic/SIDS exclusion (m=159)
Republic of San Marino,Male,20,0.06488535978556,0.785792730372643,0.83927600521476,2021 country-level Pearson correlations across 20 age groups within Male (m=204),FALSE,0.855760576227741,FALSE,FALSE,2021 country-level Pearson correlations across 20 age groups within Male after cartographic/SIDS exclusion (m=159)
Republic of Senegal,Female,20,0.690567392915587,0.000749972206721108,0.0072854442938622,2021 country-level Pearson correlations across 20 age groups within Female (m=204),FALSE,0.00662475449270312,TRUE,TRUE,2021 country-level Pearson correlations across 20 age groups within Female after cartographic/SIDS exclusion (m=159)
Republic of Senegal,Male,20,0.76445497150245,0.0000868392680883359,0.000632686096072162,2021 country-level Pearson correlations across 20 age groups within Male (m=204),FALSE,0.000552297745041816,TRUE,TRUE,2021 country-level Pearson correlations across 20 age groups within Male after cartographic/SIDS exclusion (m=159)
Republic of Serbia,Female,20,0.321117911302595,0.167432169253058,0.287026575862385,2021 country-level Pearson correlations across 20 age groups within Female (m=204),FALSE,0.292546317705893,FALSE,FALSE,2021 country-level Pearson correlations across 20 age groups within Female after cartographic/SIDS exclusion (m=159)
Republic of Serbia,Male,20,0.7783278946462,0.0000531370565608982,0.000441821323046485,2021 country-level Pearson correlations across 20 age groups within Male (m=204),FALSE,0.000391319019409486,TRUE,TRUE,2021 country-level Pearson correlations across 20 age groups within Male after cartographic/SIDS exclusion (m=159)
Republic of Sierra Leone,Female,20,0.7518926372685,0.000131823706031218,0.00321524701537945,2021 country-level Pearson correlations across 20 age groups within Female (m=204),FALSE,0.00278444594469135,TRUE,TRUE,2021 country-level Pearson correlations across 20 age groups within Female after cartographic/SIDS exclusion (m=159)
Republic of Sierra Leone,Male,20,0.829481589050031,0.00000612312629943155,0.000208186294180673,2021 country-level Pearson correlations across 20 age groups within Male (m=204),FALSE,0.000194715416321923,TRUE,TRUE,2021 country-level Pearson correlations across 20 age groups within Male after cartographic/SIDS exclusion (m=159)
Republic of Slovenia,Female,20,0.536200124656152,0.0148050754524236,0.0570868992094841,2021 country-level Pearson correlations across 20 age groups within Female (m=204),FALSE,0.0522323227421814,FALSE,FALSE,2021 country-level Pearson correlations across 20 age groups within Female after cartographic/SIDS exclusion (m=159)
Republic of Slovenia,Male,20,0.805394877722604,0.0000183098445854643,0.000255941546853589,2021 country-level Pearson correlations across 20 age groups within Male (m=204),FALSE,0.00022798154593681,TRUE,TRUE,2021 country-level Pearson correlations across 20 age groups within Male after cartographic/SIDS exclusion (m=159)
Republic of South Africa,Female,20,0.561797979055097,0.00994160533205503,0.0450686108386495,2021 country-level Pearson correlations across 20 age groups within Female (m=204),FALSE,0.0395178811949187,TRUE,TRUE,2021 country-level Pearson correlations across 20 age groups within Female after cartographic/SIDS exclusion (m=159)
Republic of South Africa,Male,20,0.591238274571453,0.00604220420510663,0.014370013567648,2021 country-level Pearson correlations across 20 age groups within Male (m=204),FALSE,0.0131604173782459,TRUE,TRUE,2021 country-level Pearson correlations across 20 age groups within Male after cartographic/SIDS exclusion (m=159)
Republic of South Sudan,Female,20,0.656043054996852,0.00168336562226667,0.0129123327378685,2021 country-level Pearson correlations across 20 age groups within Female (m=204),FALSE,0.011725453166226,TRUE,TRUE,2021 country-level Pearson correlations across 20 age groups within Female after cartographic/SIDS exclusion (m=159)
Republic of South Sudan,Male,20,0.780825774422983,0.0000484617921433306,0.000441821323046485,2021 country-level Pearson correlations across 20 age groups within Male (m=204),FALSE,0.000391319019409486,TRUE,TRUE,2021 country-level Pearson correlations across 20 age groups within Male after cartographic/SIDS exclusion (m=159)
Republic of Sudan,Female,20,-0.162374412776089,0.49399773957774,0.634754853623124,2021 country-level Pearson correlations across 20 age groups within Female (m=204),FALSE,0.666422627340702,FALSE,FALSE,2021 country-level Pearson correlations across 20 age groups within Female after cartographic/SIDS exclusion (m=159)
Republic of Sudan,Male,20,-0.0435642012203027,0.855295322588674,0.894770491323536,2021 country-level Pearson correlations across 20 age groups within Male (m=204),FALSE,0.906613041943995,FALSE,FALSE,2021 country-level Pearson correlations across 20 age groups within Male after cartographic/SIDS exclusion (m=159)
Republic of Tajikistan,Female,20,0.489238136153953,0.0285783473456027,0.0898099716141456,2021 country-level Pearson correlations across 20 age groups within Female (m=204),FALSE,0.0857350420368081,FALSE,FALSE,2021 country-level Pearson correlations across 20 age groups within Female after cartographic/SIDS exclusion (m=159)
Republic of Tajikistan,Male,20,0.662985425772494,0.00144241046542198,0.00498731754145904,2021 country-level Pearson correlations across 20 age groups within Male (m=204),FALSE,0.00416987752731081,TRUE,TRUE,2021 country-level Pearson correlations across 20 age groups within Male after cartographic/SIDS exclusion (m=159)
Republic of Tunisia,Female,20,0.018543119524265,0.938151065195081,0.952153319899485,2021 country-level Pearson correlations across 20 age groups within Female (m=204),FALSE,0.950102034178458,FALSE,FALSE,2021 country-level Pearson correlations across 20 age groups within Female after cartographic/SIDS exclusion (m=159)
Republic of Tunisia,Male,20,0.170440146883338,0.47248910362694,0.550787297942261,2021 country-level Pearson correlations across 20 age groups within Male (m=204),FALSE,0.569134602096087,FALSE,FALSE,2021 country-level Pearson correlations across 20 age groups within Male after cartographic/SIDS exclusion (m=159)
Republic of Turkey,Female,20,-0.177569383493999,0.453878466681166,0.617274714686385,2021 country-level Pearson correlations across 20 age groups within Female (m=204),FALSE,0.660202836965815,FALSE,FALSE,2021 country-level Pearson correlations across 20 age groups within Female after cartographic/SIDS exclusion (m=159)
Republic of Turkey,Male,20,-0.0885930884122835,0.710324053607811,0.779589581712708,2021 country-level Pearson correlations across 20 age groups within Male (m=204),FALSE,0.79589831157041,FALSE,FALSE,2021 country-level Pearson correlations across 20 age groups within Male after cartographic/SIDS exclusion (m=159)
Republic of Uganda,Female,20,0.60294079510713,0.00489260732604485,0.0249522973628287,2021 country-level Pearson correlations across 20 age groups within Female (m=204),FALSE,0.022226416138318,TRUE,TRUE,2021 country-level Pearson correlations across 20 age groups within Female after cartographic/SIDS exclusion (m=159)
Republic of Uganda,Male,20,0.691231452845695,0.000737626998287031,0.00307093689082764,2021 country-level Pearson correlations across 20 age groups within Male (m=204),FALSE,0.00254962375494865,TRUE,TRUE,2021 country-level Pearson correlations across 20 age groups within Male after cartographic/SIDS exclusion (m=159)
Republic of Uzbekistan,Female,20,0.448457053417893,0.0473449279772902,0.119239077868731,2021 country-level Pearson correlations across 20 age groups within Female (m=204),FALSE,0.115812977667525,FALSE,FALSE,2021 country-level Pearson correlations across 20 age groups within Female after cartographic/SIDS exclusion (m=159)
Republic of Uzbekistan,Male,20,0.608709078842445,0.00439624225186616,0.0113523217643126,2021 country-level Pearson correlations across 20 age groups within Male (m=204),FALSE,0.00998575025781028,TRUE,TRUE,2021 country-level Pearson correlations across 20 age groups within Male after cartographic/SIDS exclusion (m=159)
Republic of Yemen,Female,20,-0.0632926721768882,0.790937636793275,0.872169069761233,2021 country-level Pearson correlations across 20 age groups within Female (m=204),FALSE,0.88562735387416,FALSE,FALSE,2021 country-level Pearson correlations across 20 age groups within Female after cartographic/SIDS exclusion (m=159)
Republic of Yemen,Male,20,0.131671072255521,0.580021090978266,0.661029623237801,2021 country-level Pearson correlations across 20 age groups within Male (m=204),FALSE,0.683135951596625,FALSE,FALSE,2021 country-level Pearson correlations across 20 age groups within Male after cartographic/SIDS exclusion (m=159)
Republic of Zambia,Female,20,0.63917218689762,0.00241285509499803,0.0144771305699882,2021 country-level Pearson correlations across 20 age groups within Female (m=204),FALSE,0.0132291020725754,TRUE,TRUE,2021 country-level Pearson correlations across 20 age groups within Female after cartographic/SIDS exclusion (m=159)
Republic of Zambia,Male,20,0.708293676777471,0.000474323057997328,0.00219913417798761,2021 country-level Pearson correlations across 20 age groups within Male (m=204),FALSE,0.00183944795662378,TRUE,TRUE,2021 country-level Pearson correlations across 20 age groups within Male after cartographic/SIDS exclusion (m=159)
Republic of Zimbabwe,Female,20,0.811011025679192,0.0000143800810146941,0.00146676826349879,2021 country-level Pearson correlations across 20 age groups within Female (m=204),FALSE,0.00114321644066818,TRUE,TRUE,2021 country-level Pearson correlations across 20 age groups within Female after cartographic/SIDS exclusion (m=159)
Republic of Zimbabwe,Male,20,0.82143394128951,0.00000898793554819376,0.000229192356478941,2021 country-level Pearson correlations across 20 age groups within Male (m=204),FALSE,0.000204154536023258,TRUE,TRUE,2021 country-level Pearson correlations across 20 age groups within Male after cartographic/SIDS exclusion (m=159)
Republic of the Congo,Female,20,0.473622126948491,0.0349071471818471,0.100296591902772,2021 country-level Pearson correlations across 20 age groups within Female (m=204),FALSE,0.0956937310674774,FALSE,FALSE,2021 country-level Pearson correlations across 20 age groups within Female after cartographic/SIDS exclusion (m=159)
Republic of the Congo,Male,20,0.687735385599564,0.000804602499654168,0.00321840999861667,2021 country-level Pearson correlations across 20 age groups within Male (m=204),FALSE,0.00266524578010443,TRUE,TRUE,2021 country-level Pearson correlations across 20 age groups within Male after cartographic/SIDS exclusion (m=159)
Republic of the Gambia,Female,20,0.710229458177206,0.00045028383726101,0.00483462646322347,2021 country-level Pearson correlations across 20 age groups within Female (m=204),FALSE,0.00447469563278129,TRUE,TRUE,2021 country-level Pearson correlations across 20 age groups within Female after cartographic/SIDS exclusion (m=159)
Republic of the Gambia,Male,20,0.832128222958224,0.0000053737883272872,0.000208186294180673,2021 country-level Pearson correlations across 20 age groups within Male (m=204),FALSE,0.000194715416321923,TRUE,TRUE,2021 country-level Pearson correlations across 20 age groups within Male after cartographic/SIDS exclusion (m=159)
Republic of the Niger,Female,20,0.776340657734102,0.0000571294738720899,0.00291360316747658,2021 country-level Pearson correlations across 20 age groups within Female (m=204),FALSE,0.00278444594469135,TRUE,TRUE,2021 country-level Pearson correlations across 20 age groups within Female after cartographic/SIDS exclusion (m=159)
Republic of the Niger,Male,20,0.833922034613633,0.00000491249812383578,0.000208186294180673,2021 country-level Pearson correlations across 20 age groups within Male (m=204),FALSE,0.000194715416321923,TRUE,TRUE,2021 country-level Pearson correlations across 20 age groups within Male after cartographic/SIDS exclusion (m=159)
Republic of the Philippines,Female,20,0.449335898514137,0.0468600584007023,0.119239077868731,2021 country-level Pearson correlations across 20 age groups within Female (m=204),FALSE,0.115812977667525,FALSE,FALSE,2021 country-level Pearson correlations across 20 age groups within Female after cartographic/SIDS exclusion (m=159)
Republic of the Philippines,Male,20,0.474860815738561,0.0343684420618335,0.0634822309895509,2021 country-level Pearson correlations across 20 age groups within Male (m=204),FALSE,0.0596972450306151,FALSE,FALSE,2021 country-level Pearson correlations across 20 age groups within Male after cartographic/SIDS exclusion (m=159)
Republic of the Union of Myanmar,Female,20,0.199069844365181,0.400116578854756,0.562922635078415,2021 country-level Pearson correlations across 20 age groups within Female (m=204),FALSE,0.600174868282134,FALSE,FALSE,2021 country-level Pearson correlations across 20 age groups within Female after cartographic/SIDS exclusion (m=159)
Republic of the Union of Myanmar,Male,20,0.341599753925031,0.140459647328033,0.209151591641742,2021 country-level Pearson correlations across 20 age groups within Male (m=204),FALSE,0.199402535046047,FALSE,FALSE,2021 country-level Pearson correlations across 20 age groups within Male after cartographic/SIDS exclusion (m=159)
Romania,Female,20,0.287557996191939,0.218934851618071,0.351674879764461,2021 country-level Pearson correlations across 20 age groups within Female (m=204),FALSE,0.35887259182756,FALSE,FALSE,2021 country-level Pearson correlations across 20 age groups within Female after cartographic/SIDS exclusion (m=159)
Romania,Male,20,0.526053387842132,0.0171961524169756,0.0333184960276042,2021 country-level Pearson correlations across 20 age groups within Male (m=204),FALSE,0.0310703208443082,TRUE,TRUE,2021 country-level Pearson correlations across 20 age groups within Male after cartographic/SIDS exclusion (m=159)
Russian Federation,Female,20,0.303723248438925,0.192969803898623,0.322670819633762,2021 country-level Pearson correlations across 20 age groups within Female (m=204),FALSE,0.329916116342807,FALSE,FALSE,2021 country-level Pearson correlations across 20 age groups within Female after cartographic/SIDS exclusion (m=159)
Russian Federation,Male,20,0.53356781687366,0.0153979898842238,0.0302037493882851,2021 country-level Pearson correlations across 20 age groups within Male (m=204),FALSE,0.0281411539263401,TRUE,TRUE,2021 country-level Pearson correlations across 20 age groups within Male after cartographic/SIDS exclusion (m=159)
Slovak Republic,Female,20,0.325128531015723,0.161890487735097,0.282270593999657,2021 country-level Pearson correlations across 20 age groups within Female (m=204),FALSE,0.289220084830117,FALSE,FALSE,2021 country-level Pearson correlations across 20 age groups within Female after cartographic/SIDS exclusion (m=159)
Slovak Republic,Male,20,0.60372332877916,0.00482267835559594,0.0122978298067696,2021 country-level Pearson correlations across 20 age groups within Male (m=204),FALSE,0.0108000825146444,TRUE,TRUE,2021 country-level Pearson correlations across 20 age groups within Male after cartographic/SIDS exclusion (m=159)
Socialist Republic of Viet Nam,Female,20,0.379127697389968,0.099238804956212,0.189202955243619,2021 country-level Pearson correlations across 20 age groups within Female (m=204),FALSE,0.194802098617749,FALSE,FALSE,2021 country-level Pearson correlations across 20 age groups within Female after cartographic/SIDS exclusion (m=159)
Socialist Republic of Viet Nam,Male,20,0.37924016028273,0.0991303528715065,0.153201454437783,2021 country-level Pearson correlations across 20 age groups within Male (m=204),FALSE,0.145941908394162,FALSE,FALSE,2021 country-level Pearson correlations across 20 age groups within Male after cartographic/SIDS exclusion (m=159)
State of Eritrea,Female,20,0.647793644216538,0.0020127085396549,0.014158363520331,2021 country-level Pearson correlations across 20 age groups within Female (m=204),FALSE,0.0132291020725754,TRUE,TRUE,2021 country-level Pearson correlations across 20 age groups within Female after cartographic/SIDS exclusion (m=159)
State of Eritrea,Male,20,0.751776302415268,0.000132319308825475,0.000870746419367641,2021 country-level Pearson correlations across 20 age groups within Male (m=204),FALSE,0.000751384646544662,TRUE,TRUE,2021 country-level Pearson correlations across 20 age groups within Male after cartographic/SIDS exclusion (m=159)
State of Israel,Female,20,0.316255585602273,0.174323511941508,0.296349970300564,2021 country-level Pearson correlations across 20 age groups within Female (m=204),FALSE,0.301276504333693,FALSE,FALSE,2021 country-level Pearson correlations across 20 age groups within Female after cartographic/SIDS exclusion (m=159)
State of Israel,Male,20,0.385349321686262,0.0933679655873478,0.146515884460146,2021 country-level Pearson correlations across 20 age groups within Male (m=204),FALSE,0.140051948381022,FALSE,FALSE,2021 country-level Pearson correlations across 20 age groups within Male after cartographic/SIDS exclusion (m=159)
State of Kuwait,Female,20,0.0844595312286252,0.723318487169556,0.824340622249103,2021 country-level Pearson correlations across 20 age groups within Female (m=204),FALSE,0.839471820875616,FALSE,FALSE,2021 country-level Pearson correlations across 20 age groups within Female after cartographic/SIDS exclusion (m=159)
State of Kuwait,Male,20,0.266235414183014,0.256541041151905,0.353610624290463,2021 country-level Pearson correlations across 20 age groups within Male (m=204),FALSE,0.339916879526274,FALSE,FALSE,2021 country-level Pearson correlations across 20 age groups within Male after cartographic/SIDS exclusion (m=159)
State of Libya,Female,20,-0.0741286161234285,0.756108669909337,0.856923159230582,2021 country-level Pearson correlations across 20 age groups within Female (m=204),FALSE,0.87116868489554,FALSE,FALSE,2021 country-level Pearson correlations across 20 age groups within Female after cartographic/SIDS exclusion (m=159)
State of Libya,Male,20,0.0973074828540985,0.683183589533616,0.757442675352487,2021 country-level Pearson correlations across 20 age groups within Male (m=204),FALSE,0.775901362398892,FALSE,FALSE,2021 country-level Pearson correlations across 20 age groups within Male after cartographic/SIDS exclusion (m=159)
State of Qatar,Female,20,-0.0304092472876118,0.898729482497397,0.930327416291984,2021 country-level Pearson correlations across 20 age groups within Female (m=204),FALSE,0.932281885653942,FALSE,FALSE,2021 country-level Pearson correlations across 20 age groups within Female after cartographic/SIDS exclusion (m=159)
State of Qatar,Male,20,0.253046644295514,0.281733212603112,0.378115627441018,2021 country-level Pearson correlations across 20 age groups within Male (m=204),FALSE,0.367176891835203,FALSE,FALSE,2021 country-level Pearson correlations across 20 age groups within Male after cartographic/SIDS exclusion (m=159)
Sultanate of Oman,Female,20,-0.0305020322567383,0.898422013704795,0.930327416291984,2021 country-level Pearson correlations across 20 age groups within Female (m=204),FALSE,0.932281885653942,FALSE,FALSE,2021 country-level Pearson correlations across 20 age groups within Female after cartographic/SIDS exclusion (m=159)
Sultanate of Oman,Male,20,0.108382619239656,0.649227181246522,0.727705192166431,2021 country-level Pearson correlations across 20 age groups within Male (m=204),FALSE,0.748022621870993,FALSE,FALSE,2021 country-level Pearson correlations across 20 age groups within Male after cartographic/SIDS exclusion (m=159)
Swiss Confederation,Female,20,0.0721256269614425,0.762514800981972,0.859408946963107,2021 country-level Pearson correlations across 20 age groups within Female (m=204),FALSE,0.871471024204889,FALSE,FALSE,2021 country-level Pearson correlations across 20 age groups within Female after cartographic/SIDS exclusion (m=159)
Swiss Confederation,Male,20,0.30529403366237,0.190562259671944,0.273270357710722,2021 country-level Pearson correlations across 20 age groups within Male (m=204),FALSE,0.258115159657224,FALSE,FALSE,2021 country-level Pearson correlations across 20 age groups within Male after cartographic/SIDS exclusion (m=159)
Syrian Arab Republic,Female,20,-0.137552460167571,0.563058743717997,0.696145355869523,2021 country-level Pearson correlations across 20 age groups within Female (m=204),FALSE,0.721986614928722,FALSE,FALSE,2021 country-level Pearson correlations across 20 age groups within Female after cartographic/SIDS exclusion (m=159)
Syrian Arab Republic,Male,20,0.0367002368109147,0.877916172338471,0.913749485495143,2021 country-level Pearson correlations across 20 age groups within Male (m=204),FALSE,0.924428287429251,FALSE,FALSE,2021 country-level Pearson correlations across 20 age groups within Male after cartographic/SIDS exclusion (m=159)
Taiwan (Province of China),Female,20,0.669631393373602,0.00123957449352165,0.010536383194934,2021 country-level Pearson correlations across 20 age groups within Female (m=204),FALSE,0.00938534973666392,TRUE,TRUE,2021 country-level Pearson correlations across 20 age groups within Female after cartographic/SIDS exclusion (m=159)
Taiwan (Province of China),Male,20,0.730853559002736,0.00025195510152882,0.00133384841196174,2021 country-level Pearson correlations across 20 age groups within Male (m=204),FALSE,0.00112625190666868,TRUE,TRUE,2021 country-level Pearson correlations across 20 age groups within Male after cartographic/SIDS exclusion (m=159)
Togolese Republic,Female,20,0.748829931526703,0.000145415469654846,0.00321524701537945,2021 country-level Pearson correlations across 20 age groups within Female (m=204),FALSE,0.00278444594469135,TRUE,TRUE,2021 country-level Pearson correlations across 20 age groups within Female after cartographic/SIDS exclusion (m=159)
Togolese Republic,Male,20,0.797141266486532,0.0000257620763027793,0.000298485551471546,2021 country-level Pearson correlations across 20 age groups within Male (m=204),FALSE,0.000261723544213102,TRUE,TRUE,2021 country-level Pearson correlations across 20 age groups within Male after cartographic/SIDS exclusion (m=159)
Turkmenistan,Female,20,0.569286643799182,0.00879613573844698,0.0407820838782542,2021 country-level Pearson correlations across 20 age groups within Female (m=204),FALSE,0.0358611687798223,TRUE,TRUE,2021 country-level Pearson correlations across 20 age groups within Female after cartographic/SIDS exclusion (m=159)
Turkmenistan,Male,20,0.679122554135007,0.0009918755177446,0.00355765136693744,2021 country-level Pearson correlations across 20 age groups within Male (m=204),FALSE,0.00298214893993286,TRUE,TRUE,2021 country-level Pearson correlations across 20 age groups within Male after cartographic/SIDS exclusion (m=159)
Ukraine,Female,20,0.371213847295356,0.107089469241261,0.202280108566826,2021 country-level Pearson correlations across 20 age groups within Female (m=204),FALSE,0.207649092797079,FALSE,FALSE,2021 country-level Pearson correlations across 20 age groups within Female after cartographic/SIDS exclusion (m=159)
Ukraine,Male,20,0.619617703528593,0.00357108164328959,0.00971334206974769,2021 country-level Pearson correlations across 20 age groups within Male (m=204),FALSE,0.00835002913651537,TRUE,TRUE,2021 country-level Pearson correlations across 20 age groups within Male after cartographic/SIDS exclusion (m=159)
United Arab Emirates,Female,20,-0.193468066873086,0.4137745392845,0.574217727986652,2021 country-level Pearson correlations across 20 age groups within Female (m=204),FALSE,0.609168071724403,FALSE,FALSE,2021 country-level Pearson correlations across 20 age groups within Female after cartographic/SIDS exclusion (m=159)
United Arab Emirates,Male,20,0.00170345177450382,0.994313120577629,0.994313120577629,2021 country-level Pearson correlations across 20 age groups within Male (m=204),FALSE,0.994313120577629,FALSE,FALSE,2021 country-level Pearson correlations across 20 age groups within Male after cartographic/SIDS exclusion (m=159)
United Kingdom of Great Britain and Northern Ireland,Female,20,-0.0532559700151787,0.823543227605336,0.889486147948059,2021 country-level Pearson correlations across 20 age groups within Female (m=204),FALSE,0.897459986300938,FALSE,FALSE,2021 country-level Pearson correlations across 20 age groups within Female after cartographic/SIDS exclusion (m=159)
United Kingdom of Great Britain and Northern Ireland,Male,20,0.02182618832742,0.927226388169989,0.951809873974256,2021 country-level Pearson correlations across 20 age groups within Male (m=204),FALSE,0.958626694118266,FALSE,FALSE,2021 country-level Pearson correlations across 20 age groups within Male after cartographic/SIDS exclusion (m=159)
United Mexican States,Female,20,0.115230770324788,0.628554167222967,0.74152374619447,2021 country-level Pearson correlations across 20 age groups within Female (m=204),FALSE,0.757467828526861,FALSE,FALSE,2021 country-level Pearson correlations across 20 age groups within Female after cartographic/SIDS exclusion (m=159)
United Mexican States,Male,20,0.660526769283911,0.00152419182023147,0.00509729723487245,2021 country-level Pearson correlations across 20 age groups within Male (m=204),FALSE,0.00425169297222463,TRUE,TRUE,2021 country-level Pearson correlations across 20 age groups within Male after cartographic/SIDS exclusion (m=159)
United Republic of Tanzania,Female,20,0.628719127750161,0.00298499307106475,0.0169149607360336,2021 country-level Pearson correlations across 20 age groups within Female (m=204),FALSE,0.0153101257515902,TRUE,TRUE,2021 country-level Pearson correlations across 20 age groups within Female after cartographic/SIDS exclusion (m=159)
United Republic of Tanzania,Male,20,0.735690171435135,0.000218242148680031,0.00120328103596558,2021 country-level Pearson correlations across 20 age groups within Male (m=204),FALSE,0.00102060298941544,TRUE,TRUE,2021 country-level Pearson correlations across 20 age groups within Male after cartographic/SIDS exclusion (m=159)
United States of America,Female,20,-0.440616207625646,0.0518431057632574,0.127421609345837,2021 country-level Pearson correlations across 20 age groups within Female (m=204),FALSE,0.124894754793302,FALSE,FALSE,2021 country-level Pearson correlations across 20 age groups within Female after cartographic/SIDS exclusion (m=159)
United States of America,Male,20,-0.386536302491889,0.0922774673506208,0.145927157670749,2021 country-level Pearson correlations across 20 age groups within Male (m=204),FALSE,0.139734450559512,FALSE,FALSE,2021 country-level Pearson correlations across 20 age groups within Male after cartographic/SIDS exclusion (m=159)
